v -0.168752 0.153233 -0.014817
v -0.163634 0.147992 -0.0164078
v -0.191972 0.0873898 -0.0954221
v -0.181469 0.085729 -0.0946523
v -0.171414 0.0989395 -0.0785755
v -0.165281 0.107453 -0.0659865
v -0.153998 0.12816 -0.0247831
v -0.160005 0.141917 -0.016915
v -0.166018 0.153389 -0.00907937
v -0.162593 0.149751 -0.00731572
v -0.168466 0.1571 -0.000684244
v -0.170102 0.156419 -0.007565
v -0.171433 0.15605 -0.0110086
v -0.17467 0.159278 -0.000683849
v -0.179345 0.154867 -0.0168372
v -0.175819 0.157611 -0.00918878
v -0.17851 0.148188 -0.0280724
v -0.173451 0.145333 -0.0309734
v -0.179884 0.139182 -0.0390013
v -0.17444 0.125685 -0.0532691
v -0.173956 0.157995 -0.00621636
v -0.177915 0.15314 -0.020105
v -0.170002 0.152167 -0.0190504
v -0.171614 0.154296 -0.01549
v -0.165073 0.124851 -0.049264
v -0.164711 0.141563 -0.0293969
v -0.162541 0.140557 -0.0265205
v -0.168758 0.120646 -0.0566951
v -0.160631 0.127002 -0.040831
v -0.187575 0.0910632 -0.0915629
v -0.179212 0.0979717 -0.0828873
v -0.175504 0.117003 -0.0628789
v -0.165832 0.149396 -0.0186829
v -0.172168 0.149773 -0.0252242
v -0.163516 0.152528 -0.000667855
v 0.1655 -0.154979 -0.0101723
v 0.175715 -0.156712 -0.0126319
v 0.165366 -0.157026 -0.000682345
v 0.141151 -0.103957 -0.0378655
v 0.146332 -0.116847 -0.031422
v 0.189726 -0.0887578 -0.0941131
v 0.179404 -0.085744 -0.0950883
v 0.173488 -0.0983315 -0.0824019
v 0.163086 -0.105497 -0.0683526
v 0.154569 -0.108874 -0.0556025
v 0.155558 -0.124548 -0.039874
v 0.172674 -0.159259 -0.000669394
v 0.173067 -0.151873 -0.022252
v 0.174928 -0.15236 -0.0220083
v 0.169065 -0.140077 -0.0371952
v 0.171606 -0.152847 -0.0203254
v 0.170181 -0.156148 -0.011878
v 0.169532 -0.157657 -0.00651288
v 0.16987 -0.152627 -0.0199716
v 0.167645 -0.153485 -0.0168298
v 0.164613 -0.147846 -0.0250174
v 0.164994 -0.124279 -0.0519111
v 0.160623 -0.140627 -0.0286067
v 0.158749 -0.128993 -0.0401542
v 0.16144 -0.150134 -0.0131083
v 0.160249 -0.150026 -0.00993708
v 0.185646 -0.0891888 -0.0933931
v 0.16313 -0.117291 -0.0575993
v 0.16009 -0.122708 -0.0492073
v 0.179332 -0.095037 -0.086439
v 0.176253 -0.0979479 -0.0829085
v 0.16201 -0.149599 -0.0161882
v 0.163083 -0.151921 -0.0140747
v 0.166542 -0.14373 -0.0312471
v 0.179964 -0.103437 -0.0779849
v 0.154331 -0.142545 -0.000745107
v 0.161337 -0.153617 -0.000677409
v -0.160578 -0.117092 -0.0518318
v -0.171057 -0.155481 -0.0124131
v -0.171479 -0.157022 -0.00767646
v -0.175771 -0.0928002 -0.0861869
v -0.178061 -0.0818763 -0.0954907
v -0.189961 -0.0878818 -0.0948584
v -0.184312 -0.0917138 -0.0903354
v -0.193952 -0.0888827 -0.0939923
v -0.176122 -0.159156 -0.000666787
v -0.181215 -0.159289 -0.000666
v -0.170886 -0.158116 -0.000665936
v -0.158506 -0.133307 -0.0281797
v -0.1421 -0.0889825 -0.0532864
v -0.182359 -0.14941 -0.0264881
v -0.177915 -0.15314 -0.020105
v -0.177876 -0.157286 -0.0111456
v -0.175707 -0.152737 -0.0213653
v -0.171356 -0.152704 -0.0196942
v -0.18046 -0.142713 -0.034582
v -0.175071 -0.145381 -0.0313572
v -0.172719 -0.157273 -0.00820101
v -0.174657 -0.158515 -0.003935
v -0.168705 -0.152024 -0.0177323
v -0.168656 -0.124459 -0.052167
v -0.168791 -0.143019 -0.0316193
v -0.167679 -0.14553 -0.0275625
v -0.164088 -0.153558 -0.000681926
v -0.166916 -0.154335 -0.00877845
v -0.162484 -0.14488 -0.0191635
v -0.16542 -0.149413 -0.0180479
v -0.164236 -0.148492 -0.0171844
v -0.162955 -0.13514 -0.0347373
v -0.172953 -0.103282 -0.075244
v -0.164935 -0.122264 -0.051773
v -0.170617 -0.119036 -0.0589552
v -0.16787 -0.112175 -0.0641673
v -0.170438 -0.143249 -0.0323779
v -0.17523 -0.117855 -0.0619725
v -0.142767 0.11691 -0.000666
v -0.142865 0.107619 -0.0294576
v -0.142586 0.11086 -0.0217309
v -0.142106 0.10462 -0.0330851
v -0.1588 0.111883 -0.0543228
v 0.167446 0.0894836 -0.0851841
v 0.144294 0.122369 -0.0124928
v 0.139815 0.11691 -0.000666
v 0.159014 0.140581 -0.0254403
v 0.155928 0.118238 -0.047646
v 0.154087 0.110186 -0.0535749
v 0.137938 0.059892 -0.0805429
v -0.328512 0.113786 -0.0625708
v -0.320006 0.121528 -0.0544844
v -0.336379 0.105895 -0.070666
v -0.344949 0.107008 -0.0695159
v -0.233384 0.088661 -0.093383
v -0.311604 0.154148 -0.0150256
v -0.227499 0.158813 -0.000666
v -0.30921 0.156684 -0.00508247
v -0.302778 0.157464 -0.0010122
v -0.299502 0.157576 -0.000666
v -0.312276 0.13534 -0.0396553
v 0.284388 0.126295 -0.050354
v 0.306931 0.156341 -0.00657893
v 0.178264 0.159289 -0.000666
v 0.212984 0.14152 -0.0356941
v 0.175727 0.154933 -0.0175887
v 0.172968 0.144626 -0.0324316
v 0.184096 0.104753 -0.076569
v 0.270494 0.0922372 -0.0882331
v 0.269138 0.091828 -0.088729
v 0.26848 0.091486 -0.089125
v 0.267928 0.091087 -0.089582
v 0.26733 0.090479 -0.090268
v 0.266886 0.089816 -0.09101
v 0.266659 0.089323 -0.091558
v 0.230432 0.088661 -0.093383
v 0.17874 0.101409 -0.0801592
v 0.266427 0.08844 -0.092533
v 0.309097 0.088388 -0.090862
v 0.30903 0.088504 -0.09074
v 0.333428 0.105896 -0.070666
v 0.308495 0.089232 -0.089973
v 0.307904 0.0898 -0.089384
v 0.307226 0.090272 -0.088902
v 0.307004 0.090395 -0.088778
v 0.306373 0.090677 -0.0885
v 0.281493 0.0951526 -0.0846787
v 0.288031 0.091667 -0.088199
v 0.377212 0.087626 -0.087793
v 0.313248 0.125289 -0.0503991
v 0.334971 0.108303 -0.0679836
v 0.308424 0.144772 -0.0290224
v 0.30855 0.15234 -0.0178132
v 0.258968 0.158319 -0.000665873
v 0.300003 0.157465 -0.000994334
v 0.305332 0.156811 -0.00434459
v 0.308407 0.155148 -0.0104262
v -0.169695 0.155828 -0.000666
v -0.181204 0.15778 -0.000666
v -0.246342 0.157043 -0.000666
v -0.166822 0.153679 -0.000666
v 0.135021 0.110096 -0.000674818
v 0.158711 0.146564 -0.000666
v 0.161068 0.150395 -0.000666
v 0.164363 0.154084 -0.000666
v 0.137855 0.111574 -0.000666
v -0.164275 0.150691 -0.000666
v -0.161663 0.146564 -0.000666
v 0.297225 0.156047 -0.000685
v 0.278843 0.156433 -0.000666
v 0.251902 0.156911 -0.000666
v -0.135146 0.106579 -0.000666
v -0.142754 0.114128 -0.000666
v 0.161804 0.154176 -0.000675875
v 0.167458 0.156141 -0.000666
v 0.173942 0.157572 -0.000666
v 0.130626 0.106832 -0.000665888
v 0.129977 0.105006 -0.000666
v -0.135992 0.108083 -0.000667331
v -0.170483 0.156227 -0.000666
v -0.171348 0.156594 -0.000666
v -0.173949 0.157231 -0.000666
v 0.166336 0.157335 -0.000665997
v 0.123408 0.103698 -0.000666
v 0.119039 0.104934 -0.000666
v -0.001476 0.103434 -0.000666
v -0.001476 0.104934 -0.000666
v -0.121991 0.104934 -0.000666
v -0.12434 0.103504 -0.000666
v -0.12899 0.105294 -0.000665997
v -0.305866 0.155653 -0.0025255
v -0.301393 0.156004 -0.000816
v -0.304198 0.155827 -0.0016535
v -0.308154 0.155268 -0.0043545
v -0.309212 0.154971 -0.005614
v -0.309464 0.15488 -0.005975
v -0.306939 0.155508 -0.003249
v -0.310343 0.154459 -0.007531
v -0.311356 0.153418 -0.010794
v -0.311458 0.153114 -0.01163
v -0.311503 0.152715 -0.012667
v -0.351507 0.104049 -0.069672
v -0.346752 0.104599 -0.069327
v -0.339358 0.106371 -0.067783
v -0.340088 0.10613 -0.068008
v -0.344461 0.104969 -0.069047
v -0.333256 0.109005 -0.0652115
v -0.337809 0.106927 -0.067254
v -0.325783 0.113818 -0.060305
v -0.32644 0.113298 -0.060845
v -0.330445 0.110533 -0.063679
v -0.315824 0.125949 -0.0474425
v -0.320507 0.118926 -0.054948
v -0.322839 0.116439 -0.05757
v -0.312495 0.134521 -0.0381555
v -0.311519 0.141171 -0.030798
v -0.311503 0.148717 -0.020036
v 0.312596 0.126239 -0.0471355
v 0.310324 0.131817 -0.0410988
v 0.318295 0.118093 -0.0558275
v 0.315723 0.121209 -0.052524
v 0.313904 0.12389 -0.04966
v 0.334865 0.106925 -0.067257
v 0.331361 0.10843 -0.065789
v 0.32855 0.109908 -0.064311
v 0.324876 0.112263 -0.061912
v 0.321381 0.115047 -0.059027
v 0.341608 0.104948 -0.069065
v 0.339731 0.105384 -0.068687
v 0.335447 0.106708 -0.067464
v 0.348554 0.104049 -0.069672
v 0.343865 0.10459 -0.0693345
v 0.30743 0.154405 -0.00769425
v 0.305097 0.155276 -0.00430275
v 0.299326 0.155962 -0.000992
v 0.30307 0.155641 -0.002592
v 0.302551 0.155704 -0.002274
v 0.300879 0.155861 -0.0014765
v 0.298634 0.155996 -0.000849
v 0.308397 0.153433 -0.010751
v 0.30816 0.153769 -0.009751
v 0.308694 0.140348 -0.0316892
v 0.126138 0.105399 -0.000677761
v 0.126316 0.104033 -0.0192831
v 0.134401 0.107218 -0.0165412
v 0.130717 0.104788 -0.0195709
v -0.001476 0.103976 -0.016912
v -0.126642 0.10444 -0.0127602
v -0.140551 0.113523 -0.000681405
v -0.136687 0.106996 -0.01521
v -0.137435 0.107909 -0.0136584
v -0.140847 0.111536 -0.0127989
v 0.408113 0.0473875 -0.069672
v 0.375539 0.103752 -0.0696887
v 0.409794 0.0499968 -0.0696771
v 0.41056 0.040381 -0.069672
v 0.409056 -0.040379 -0.069672
v 0.408448 -0.0476765 -0.069672
v 0.372161 0.104744 -0.0697068
v 0.376941 0.100779 -0.069672
v 0.378199 0.102254 -0.069672
v 0.378758 0.101841 -0.069672
v 0.347482 -0.106497 -0.0696936
v 0.348554 -0.104049 -0.069672
v 0.392078 0.0826539 -0.0696775
v 0.382555 0.098083 -0.0696769
v 0.388359 0.0852372 -0.069672
v 0.379637 0.101108 -0.069672
v 0.380412 -0.100597 -0.0696786
v 0.375015 -0.101777 -0.069672
v 0.376509 -0.103295 -0.069672
v 0.38101 -0.0970171 -0.069672
v 0.406531 -0.053703 -0.069672
v 0.409782 -0.0514104 -0.0696785
v 0.394767 -0.0743515 -0.069672
v 0.383348 -0.09689 -0.069672
v -0.142767 -0.11691 -0.000666
v -0.163739 -0.150221 -0.0112802
v -0.142503 -0.109609 -0.0251532
v -0.13887 -0.0811395 -0.0566526
v -0.162386 -0.0898498 -0.0779313
v 0.144374 -0.0676527 -0.0814097
v -0.309521 -0.156493 -0.00587545
v -0.311442 -0.151728 -0.0192962
v -0.311431 -0.155065 -0.010725
v -0.303895 -0.157424 -0.00121952
v -0.253227 -0.158448 -0.000666
v -0.291253 -0.141112 -0.033878
v -0.290038 -0.136132 -0.039428
v -0.233384 -0.088661 -0.093383
v -0.344218 -0.10678 -0.0693435
v -0.326245 -0.114963 -0.0612601
v -0.312115 -0.137461 -0.0371781
v 0.305625 -0.15675 -0.0046344
v 0.299866 -0.157601 -0.00093882
v 0.308815 -0.153608 -0.0153219
v 0.307694 -0.15583 -0.00818912
v 0.179643 -0.147073 -0.0299091
v 0.308811 -0.139236 -0.0353185
v 0.264037 -0.0958755 -0.0844668
v 0.314541 -0.124142 -0.0515907
v 0.333428 -0.105896 -0.070666
v 0.331769 -0.109629 -0.0666906
v 0.371335 -0.104911 -0.069734
v 0.230432 -0.088661 -0.093383
v 0.266427 -0.08844 -0.092533
v 0.201447 -0.159078 -0.000666
v 0.29655 -0.156065 -0.000666
v 0.278843 -0.156433 -0.000666
v 0.181792 -0.157498 -0.000666
v 0.161078 -0.150263 -0.000666
v 0.14885 -0.129724 -0.000666
v -0.246342 -0.157043 -0.000666
v -0.299502 -0.156065 -0.000666
v 0.133938 -0.109463 -0.000738074
v 0.128954 -0.104686 -0.000666
v 0.133891 -0.107312 -0.000666
v 0.167589 -0.156242 -0.000666
v 0.164788 -0.154426 -0.000666
v -0.166472 -0.15331 -0.000666
v -0.132876 -0.10518 -0.000666
v -0.121991 -0.104934 -0.000666
v 0.127341 -0.10559 -0.000667674
v 0.121344 -0.103501 -0.000666
v 0.119039 -0.104934 -0.000666
v -0.001476 -0.104934 -0.000666
v -0.001476 -0.103434 -0.000666
v -0.125909 -0.103636 -0.000666
v -0.16386 -0.150161 -0.000666
v -0.161663 -0.146564 -0.000666
v -0.14148 -0.112209 -0.000666
v -0.169416 -0.155645 -0.000666
v -0.171022 -0.156459 -0.000666
v -0.174562 -0.157191 -0.000666
v 0.389823 0.0825265 -0.0866674
v 0.388218 0.0842659 -0.0866621
v 0.387642 0.08481 -0.086629
v 0.386586 0.085585 -0.086771
v 0.381155 0.0873962 -0.0875885
v 0.309339 0.087592 -0.091619
v 0.377234 0.087087 -0.08832
v 0.309407 0.087272 -0.091878
v 0.377253 0.086502 -0.088808
v 0.309448 0.087041 -0.092051
v 0.37727 0.085876 -0.08925
v 0.309575 0.085985 -0.092715
v 0.377283 0.085213 -0.08964
v 0.309583 0.085894 -0.092763
v 0.309654 0.084566 -0.093336
v 0.377695 0.0824274 -0.0905885
v 0.266337 0.085221 -0.094738
v 0.298339 0.0697089 -0.096479
v 0.194009 0.088395 -0.094477
v 0.23044 0.088232 -0.093845
v 0.194014 0.087919 -0.094938
v 0.23045 0.087529 -0.094499
v 0.194017 0.087691 -0.095134
v 0.194019 0.087383 -0.095372
v 0.230455 0.086985 -0.094898
v 0.189089 0.087061 -0.095612
v 0.194022 0.086795 -0.095746
v 0.230459 0.086425 -0.095216
v 0.230461 0.085804 -0.095478
v 0.194025 0.085963 -0.096118
v 0.230462 0.084995 -0.095713
v 0.194026 0.085151 -0.096354
v 0.184776 0.0845095 -0.096608
v 0.266345 0.085886 -0.094505
v 0.266349 0.08621 -0.094358
v 0.266354 0.086667 -0.094105
v 0.266368 0.087365 -0.093599
v 0.266396 0.088112 -0.092889
v 0.178356 0.0809972 -0.0971992
v 0.17519 0.07655 -0.097991
v 0.180473 0.0817272 -0.0971502
v 0.187427 0.086285 -0.0960319
v 0.18867 0.0882452 -0.0945925
v 0.173544 0.077745 -0.097189
v 0.178075 0.0847998 -0.095196
v 0.181539 0.0841368 -0.0964927
v 0.176356 0.0804666 -0.096952
v 0.174374 0.077161 -0.097702
v 0.174171 0.077307 -0.097599
v 0.173156 0.078004 -0.096864
v 0.183988 0.0865362 -0.0955748
v -0.269348 0.088112 -0.092889
v -0.269323 0.087463 -0.093516
v -0.233396 0.087929 -0.094146
v -0.233404 0.087281 -0.094692
v -0.269313 0.087064 -0.093836
v -0.269295 0.085684 -0.094584
v -0.269301 0.086212 -0.094357
v -0.233409 0.086708 -0.095067
v -0.269304 0.086492 -0.094209
v -0.269308 0.086769 -0.09404
v -0.269286 0.08492 -0.094819
v -0.233414 0.085356 -0.09562
v -0.233412 0.086127 -0.095352
v -0.196977 0.085514 -0.096261
v -0.196976 0.086286 -0.095992
v -0.196974 0.086868 -0.095705
v -0.19697 0.087443 -0.095328
v -0.196965 0.088092 -0.094779
v -0.177325 0.077161 -0.097702
v -0.182812 0.0828848 -0.0967992
v -0.188995 0.0867907 -0.0957406
v -0.172034 0.0666745 -0.0996583
v -0.182604 0.0807469 -0.0973235
v -0.179451 0.0801229 -0.0971367
v -0.176878 0.077481 -0.097456
v -0.176496 0.077745 -0.097189
v -0.176184 0.077954 -0.096932
v -0.175965 0.078097 -0.096732
v -0.187716 0.0844523 -0.0966201
v -0.180977 0.0828113 -0.0963151
v -0.312615 0.084264 -0.093433
v -0.380253 0.083075 -0.090469
v -0.312606 0.084579 -0.093331
v -0.380205 0.086502 -0.088808
v -0.312452 0.086685 -0.092297
v -0.380222 0.085876 -0.08925
v -0.312527 0.085986 -0.092715
v -0.380235 0.085213 -0.08964
v -0.31256 0.08555 -0.092935
v -0.380244 0.08452 -0.089976
v -0.38025 0.083805 -0.090253
v -0.312234 0.08782 -0.09142
v -0.380186 0.087087 -0.08832
v -0.312359 0.087272 -0.091878
v -0.312416 0.086938 -0.092125
v -0.381955 0.101648 -0.069672
v -0.38951 0.085604 -0.086775
v -0.377896 0.103981 -0.0696719
v -0.385692 0.0869806 -0.0875382
v -0.387709 0.0864143 -0.087252
v -0.380573 0.102649 -0.069672
v -0.38892 0.085959 -0.086863
v -0.384715 0.0990736 -0.0696721
v -0.391844 0.0836518 -0.0865468
v -0.393847 0.081357 -0.0862134
v -0.399268 0.0752543 -0.0696791
v -0.351507 -0.104049 -0.069672
v -0.374788 -0.102456 -0.069672
v -0.411203 0.0478462 -0.069672
v -0.383976 -0.0998046 -0.0696721
v -0.384243 -0.096479 -0.069672
v -0.380369 -0.102773 -0.069672
v -0.375332 -0.104889 -0.0696832
v -0.41092 -0.0473669 -0.069672
v -0.404523 -0.0667156 -0.0696805
v -0.412008 0.040379 -0.069672
v -0.413512 -0.040381 -0.069672
v -0.377121 0.101937 -0.069672
v -0.382886 0.098601 -0.069672
v -0.385157 0.095536 -0.069672
v -0.407397 0.057588 -0.069672
v -0.413135 0.0485373 -0.0696721
v 0.152951 0.0423894 -0.102514
v 0.141747 0.038624 -0.101313
v 0.157144 0.058555 -0.099298
v 0.144253 0.036827 -0.102831
v 0.159522 0.056885 -0.100794
v 0.143726 0.037218 -0.102689
v 0.158981 0.057285 -0.100623
v 0.143057 0.037707 -0.102396
v 0.158655 0.057521 -0.100479
v 0.158192 0.05785 -0.100212
v 0.142463 0.03813 -0.101999
v 0.157727 0.058169 -0.099861
v 0.142302 0.038242 -0.101865
v 0.157427 0.058369 -0.099589
v 0.161346 0.0573331 -0.100813
v 0.136051 0.0769238 -0.0614061
v 0.138871 0.0964689 -0.0434829
v 0.131986 0.0315266 -0.101424
v 0.127397 0.031234 -0.101384
v 0.129689 0.0323997 -0.100314
v 0.134816 0.0402581 -0.0945059
v 0.133668 0.0828522 -0.052904
v 0.133031 0.063981 -0.0713873
v 0.126934 0.0696004 -0.0632475
v 0.133888 0.0339087 -0.0998018
v 0.134774 0.0989288 -0.0358351
v 0.12797 0.0879895 -0.0450336
v 0.1285 0.0973894 -0.0351139
v 0.123795 0.10106 -0.02934
v 0.126231 0.101752 -0.027923
v 0.13571 0.106215 -0.0238747
v 0.129719 0.102234 -0.0277022
v 0.133196 0.102211 -0.0298422
v 0.128173 0.103725 -0.0220336
v 0.130021 0.0990666 -0.0334089
v 0.135537 0.101265 -0.0333296
v 0.138844 0.10677 -0.0285517
v 0.138833 0.110743 -0.0197219
v 0.139679 0.103389 -0.0358983
v 0.137091 0.102165 -0.0336799
v 0.136768 0.105294 -0.0276952
v 0.122261 0.103089 -0.023296
v 0.124137 0.099535 -0.032044
v 0.126607 0.100006 -0.0313338
v -0.142946 0.100566 -0.04037
v -0.130972 0.0983142 -0.0339236
v -0.133029 0.0792694 -0.0546658
v -0.130067 0.102815 -0.0252487
v -0.126747 0.10106 -0.02934
v -0.134694 0.105494 -0.0179697
v -0.140153 0.109577 -0.0171519
v -0.132534 0.1003 -0.031333
v -0.134614 0.103983 -0.0241524
v -0.129733 0.104379 -0.0164956
v -0.125213 0.103089 -0.023296
v -0.135074 0.0933995 -0.0408316
v -0.136598 0.0962596 -0.0383701
v -0.139004 0.106366 -0.0237337
v -0.129559 0.100006 -0.0313338
v -0.127079 0.097545 -0.034767
v -0.140952 0.0984089 -0.0398505
v -0.139292 0.095006 -0.041993
v -0.138413 0.0912008 -0.0454295
v -0.136495 0.100516 -0.032881
v -0.135974 0.103072 -0.0275437
v -0.140287 0.100887 -0.03582
v -0.136264 0.0472038 -0.0875447
v -0.139513 0.0340532 -0.100929
v -0.13455 0.0324334 -0.100555
v -0.130349 0.031234 -0.101384
v -0.13886 0.0707015 -0.0674701
v -0.128947 0.0361901 -0.0964366
v -0.130579 0.0650719 -0.0684946
v -0.140949 0.0382008 -0.0985987
v -0.184449 0.0565608 -0.100841
v -0.145413 0.0342658 -0.103062
v -0.162474 0.056885 -0.100794
v -0.146582 0.037289 -0.102656
v -0.161933 0.057285 -0.100623
v -0.14652 0.037334 -0.102633
v -0.161607 0.057521 -0.100479
v -0.145907 0.03778 -0.102339
v -0.161144 0.05785 -0.100212
v -0.160679 0.058169 -0.099861
v -0.145316 0.038199 -0.101918
v -0.145552 0.038033 -0.102104
v -0.153029 0.0548741 -0.096614
v -0.160379 0.058369 -0.099589
v -0.144667 0.038645 -0.101277
v -0.145108 0.038344 -0.101733
v 0.402533 0.0120667 -0.0958962
v 0.386643 0.0304935 -0.0960183
v 0.397166 0.062347 -0.092407
v 0.403451 0.0506583 -0.0933556
v 0.402963 0.0372286 -0.0946926
v 0.385932 0.0803302 -0.0904911
v 0.309821 0.070432 -0.095691
v 0.321072 0.0516317 -0.0975746
v 0.345811 0.0568103 -0.0959868
v 0.203598 0.063681 -0.099461
v 0.136072 0.0275847 -0.103564
v 0.165475 0.0228793 -0.103583
v 0.127449 0.025993 -0.103717
v 0.062974 0.025728 -0.103978
v 0.129095 0.00589977 -0.104586
v -0.001476 0.02569 -0.104015
v 0.286429 0.0148719 -0.101321
v 0.271602 -0.025684 -0.101753
v 0.288747 0.0317023 -0.100586
v -0.385246 0.0824918 -0.0903138
v -0.065926 0.025728 -0.103978
v -0.136595 0.0264159 -0.103654
v -0.146505 0.0281416 -0.103587
v -0.308306 0.0558468 -0.0982455
v -0.257778 0.042384 -0.100653
v -0.407841 0.040362 -0.094176
v -0.406254 0.0521195 -0.0932053
v -0.391383 0.0700363 -0.0923626
v -0.357571 0.038229 -0.097246
v -0.388797 0.033675 -0.0958546
v -0.395318 0.0284355 -0.0957739
v -0.402134 0.0202267 -0.0957578
v -0.407758 0.020074 -0.095383
v -0.406255 0.000556994 -0.0958997
v -0.342752 0.0384201 -0.0979513
v -0.294208 0.0155109 -0.10112
v -0.293334 -0.000150063 -0.101354
v -0.29184 0.000598656 -0.101508
v -0.128482 -0.105288 -0.000677132
v -0.137821 -0.108264 -0.013157
v -0.140942 -0.112236 -0.0108802
v -0.132408 -0.10647 -0.000703793
v -0.128631 -0.104712 -0.0108487
v -0.138216 -0.11049 -0.000688034
v -0.001476 -0.103976 -0.016912
v 0.125422 -0.104647 -0.0116847
v 0.132063 -0.105516 -0.0186715
v 0.136012 -0.110252 -0.00783166
v 0.138594 -0.112468 -0.013089
v 0.138563 -0.109288 -0.0231346
v 0.308369 -0.153491 -0.010586
v 0.307403 -0.154409 -0.0076705
v 0.305838 -0.155104 -0.005068
v 0.305629 -0.155162 -0.004819
v 0.304317 -0.155451 -0.003519
v 0.302551 -0.155705 -0.002274
v 0.300895 -0.15586 -0.00148
v 0.299081 -0.155974 -0.000936
v 0.300655 -0.155878 -0.00139
v 0.298634 -0.155996 -0.000849
v 0.298418 -0.156005 -0.000813
v 0.337191 -0.106113 -0.068024
v 0.341633 -0.104943 -0.069069
v 0.344117 -0.104495 -0.069425
v 0.32234 -0.114246 -0.059859
v 0.328557 -0.109954 -0.0642595
v 0.332897 -0.107726 -0.066481
v 0.334857 -0.106928 -0.067254
v 0.314966 -0.122267 -0.051396
v 0.313575 -0.124444 -0.0490655
v 0.309095 -0.137378 -0.034999
v 0.308551 -0.149745 -0.0184573
v -0.3094 -0.154901 -0.0058905
v -0.308459 -0.155194 -0.00468
v -0.307464 -0.155407 -0.0037155
v -0.306556 -0.155567 -0.002959
v -0.305373 -0.155719 -0.002201
v -0.304951 -0.155763 -0.001975
v -0.303684 -0.155873 -0.001419
v -0.303445 -0.15589 -0.001333
v -0.302411 -0.15595 -0.0010535
v -0.300566 -0.156032 -0.0007415
v -0.311349 -0.153434 -0.010749
v -0.311503 -0.152716 -0.012667
v -0.311026 -0.153909 -0.009339
v -0.310364 -0.154445 -0.007581
v -0.311823 -0.13767 -0.034718
v -0.314652 -0.128011 -0.045227
v -0.313912 -0.129754 -0.043342
v -0.326529 -0.113386 -0.0607418
v -0.320854 -0.118525 -0.055373
v -0.319538 -0.120089 -0.053716
v -0.31682 -0.123949 -0.049597
v -0.334379 -0.108398 -0.065821
v -0.343626 -0.105154 -0.068888
v -0.339358 -0.106371 -0.067783
v -0.338585 -0.10664 -0.067528
v -0.348945 -0.104251 -0.06959
v -0.348021 -0.104361 -0.06952
v -0.344554 -0.104949 -0.069064
v 0.266354 -0.086667 -0.094105
v 0.230455 -0.086985 -0.094898
v 0.230459 -0.086425 -0.095216
v 0.266396 -0.088112 -0.092889
v 0.23044 -0.088232 -0.093845
v 0.23045 -0.087529 -0.094499
v 0.266368 -0.087365 -0.093599
v 0.266349 -0.08621 -0.094358
v 0.230461 -0.085804 -0.095478
v 0.266345 -0.085886 -0.094505
v 0.230462 -0.084995 -0.095713
v 0.266337 -0.085221 -0.094738
v 0.194025 -0.085963 -0.096118
v 0.194026 -0.085151 -0.096354
v 0.194019 -0.087383 -0.095372
v 0.19402 -0.087146 -0.095535
v 0.194022 -0.086796 -0.095746
v 0.194017 -0.087691 -0.095134
v 0.194014 -0.08792 -0.094938
v 0.194009 -0.088395 -0.094477
v 0.18205 -0.0840244 -0.0966473
v 0.182116 -0.0828466 -0.0969296
v 0.193008 -0.0843256 -0.0965331
v 0.186776 -0.0862691 -0.0960378
v 0.188397 -0.0873904 -0.0953476
v 0.173014 -0.078097 -0.096732
v 0.177761 -0.0822265 -0.0965804
v 0.17466 -0.07695 -0.097824
v 0.178269 -0.080943 -0.097165
v 0.176205 -0.0762044 -0.0980898
v 0.173232 -0.077954 -0.096932
v 0.173544 -0.077745 -0.097189
v 0.174171 -0.077307 -0.097599
v 0.174504 -0.077065 -0.097761
v 0.185973 -0.0852705 -0.0964132
v 0.183534 -0.0841984 -0.0966363
v 0.179086 -0.0828285 -0.096631
v 0.309682 -0.08311 -0.093706
v 0.381087 -0.0830268 -0.0902843
v 0.309654 -0.084566 -0.093336
v 0.377298 -0.083805 -0.090253
v 0.309583 -0.085894 -0.092763
v 0.377292 -0.08452 -0.089976
v 0.309575 -0.085985 -0.092715
v 0.377283 -0.085213 -0.08964
v 0.309448 -0.087041 -0.092051
v 0.37727 -0.085876 -0.08925
v 0.309407 -0.087272 -0.091878
v 0.377253 -0.086502 -0.088808
v 0.377234 -0.087088 -0.08832
v 0.309339 -0.087592 -0.091619
v 0.39052 -0.0816605 -0.0867165
v 0.386196 -0.0859413 -0.0866809
v 0.38249 -0.087236 -0.087332
v -0.384688 -0.0871652 -0.0877307
v -0.381374 -0.102303 -0.0697041
v -0.38826 -0.0861864 -0.0871629
v -0.38708 -0.096324 -0.069939
v -0.392543 -0.0828463 -0.0865696
v -0.380205 -0.086502 -0.088808
v -0.312359 -0.087272 -0.091878
v -0.380186 -0.087088 -0.08832
v -0.312234 -0.08782 -0.09142
v -0.380252 -0.082337 -0.090625
v -0.312634 -0.08311 -0.093706
v -0.380253 -0.083075 -0.090469
v -0.312615 -0.084264 -0.093433
v -0.38025 -0.083805 -0.090253
v -0.312606 -0.084579 -0.093331
v -0.380244 -0.08452 -0.089976
v -0.31256 -0.08555 -0.092935
v -0.380235 -0.085213 -0.08964
v -0.312527 -0.085986 -0.092715
v -0.380222 -0.085876 -0.08925
v -0.312452 -0.086685 -0.092297
v -0.312416 -0.086938 -0.092125
v -0.269286 -0.08492 -0.094819
v -0.233414 -0.085356 -0.09562
v -0.233412 -0.086127 -0.095352
v -0.233413 -0.084091 -0.095888
v -0.269277 -0.084106 -0.094988
v -0.269274 -0.083885 -0.095026
v -0.233409 -0.086708 -0.095067
v -0.269301 -0.086212 -0.094357
v -0.269295 -0.085684 -0.094584
v -0.3172 -0.125144 -0.0508446
v -0.269323 -0.087463 -0.093516
v -0.233396 -0.087929 -0.094146
v -0.269313 -0.087064 -0.093836
v -0.233404 -0.087281 -0.094692
v -0.269308 -0.086769 -0.09404
v -0.269304 -0.086492 -0.094209
v -0.196965 -0.088092 -0.094779
v -0.19697 -0.087443 -0.095328
v -0.196974 -0.086868 -0.095705
v -0.196976 -0.086286 -0.095992
v -0.196977 -0.085514 -0.096261
v -0.196977 -0.084245 -0.096529
v -0.182951 -0.0818914 -0.0970986
v -0.175897 -0.078142 -0.096666
v -0.189268 -0.0864196 -0.0959331
v -0.186662 -0.0843378 -0.0966377
v -0.181218 -0.0824441 -0.096642
v -0.179183 -0.0806739 -0.0968051
v -0.176496 -0.077745 -0.097189
v -0.179909 -0.082093 -0.096278
v -0.185528 -0.0850208 -0.0962823
v -0.176914 -0.077455 -0.097478
v -0.176629 -0.0731785 -0.0986248
v -0.177314 -0.077169 -0.097696
v -0.175965 -0.078097 -0.096732
v 0.128375 -0.103055 -0.0242186
v 0.128816 -0.104248 -0.0195896
v 0.121556 -0.10355 -0.0207031
v 0.122954 -0.102442 -0.025801
v 0.130018 -0.102714 -0.0260627
v 0.123642 -0.101413 -0.028575
v 0.124088 -0.099934 -0.031408
v 0.134293 -0.10439 -0.0263968
v 0.131594 -0.101017 -0.0308797
v 0.126616 -0.100766 -0.0300832
v 0.128525 -0.0971575 -0.0354127
v 0.124172 -0.098342 -0.033751
v 0.13658 -0.10679 -0.0237873
v 0.132199 -0.0961253 -0.0377406
v 0.134536 -0.09724 -0.037815
v 0.134303 -0.102382 -0.0303373
v 0.137578 -0.0996153 -0.0376288
v 0.137495 -0.103151 -0.032673
v 0.13815 -0.0351255 -0.101006
v 0.127397 -0.031234 -0.101384
v 0.135543 -0.053378 -0.0833816
v 0.133908 -0.0534768 -0.0818827
v 0.134834 -0.0931521 -0.0429358
v 0.125789 -0.0680075 -0.0647305
v 0.129109 -0.069257 -0.0642449
v 0.131417 -0.0784281 -0.0559218
v 0.156392 -0.0517516 -0.101506
v 0.157144 -0.058555 -0.099298
v 0.159522 -0.056885 -0.100794
v 0.141021 -0.0331604 -0.103105
v 0.158981 -0.057285 -0.100623
v 0.14371 -0.03723 -0.102684
v 0.158655 -0.057521 -0.100479
v 0.143053 -0.037709 -0.102394
v 0.158192 -0.05785 -0.100212
v 0.142657 -0.037993 -0.102145
v 0.1426 -0.038033 -0.102104
v 0.157727 -0.058169 -0.099861
v 0.142397 -0.038176 -0.101945
v 0.141837 -0.038562 -0.101412
v 0.157427 -0.058369 -0.099589
v -0.160096 -0.058555 -0.099298
v -0.145863 -0.037812 -0.102312
v -0.161607 -0.057521 -0.100479
v -0.146187 -0.037578 -0.102489
v -0.161933 -0.057285 -0.100623
v -0.146494 -0.037354 -0.102623
v -0.159988 -0.0523832 -0.101432
v -0.145552 -0.038033 -0.102104
v -0.145238 -0.038253 -0.101851
v -0.161144 -0.05785 -0.100212
v -0.160679 -0.058169 -0.099861
v -0.160379 -0.058369 -0.099589
v -0.144677 -0.038638 -0.101289
v -0.142662 -0.0400571 -0.0985391
v -0.13045 -0.0538779 -0.0789057
v -0.139644 -0.0330665 -0.101784
v -0.139607 -0.0359013 -0.0994952
v -0.137394 -0.032556 -0.101183
v -0.137514 -0.0669476 -0.0697848
v -0.134924 -0.0698197 -0.0650057
v -0.128893 -0.0895615 -0.0431735
v -0.130349 -0.031234 -0.101384
v -0.134387 -0.0990194 -0.0339906
v -0.131787 -0.0951295 -0.0377037
v -0.138179 -0.104247 -0.0276566
v -0.140372 -0.104944 -0.029459
v -0.13962 -0.107272 -0.022669
v -0.139145 -0.106383 -0.0241108
v -0.13553 -0.104356 -0.0250441
v -0.130416 -0.101905 -0.0276531
v -0.133822 -0.103862 -0.0239478
v -0.131773 -0.0991029 -0.0329562
v -0.126594 -0.101413 -0.028575
v -0.12704 -0.099934 -0.031408
v -0.133343 -0.101578 -0.0292495
v -0.137873 -0.0966672 -0.0387926
v -0.138846 -0.0972136 -0.0390581
v -0.139102 -0.100268 -0.03534
v -0.141136 -0.102428 -0.0346628
v -0.130256 -0.10351 -0.0222348
v -0.125393 -0.102944 -0.023943
v -0.125906 -0.102442 -0.025801
v 0.100997 -0.021325 -0.104079
v 0.203598 -0.063681 -0.099461
v 0.062974 -0.025728 -0.103978
v -0.001476 -0.02569 -0.104015
v -0.0769145 -0.000602991 -0.104806
v 0.404806 -0.020074 -0.095383
v 0.402205 -0.0333979 -0.0951036
v 0.384161 -0.034211 -0.09592
v 0.394689 -0.0173179 -0.0961892
v 0.403875 -0.04931 -0.093446
v 0.398788 -0.0598634 -0.0926085
v 0.403194 -0.0529415 -0.0930785
v 0.321969 -0.0518736 -0.0975096
v 0.346934 -0.0547583 -0.0960885
v 0.330791 -0.0592299 -0.096378
v 0.260713 -0.07963 -0.0959818
v 0.294132 -0.0291437 -0.100339
v 0.28428 -0.00391014 -0.101594
v 0.286394 -0.010441 -0.10134
v 0.131802 -0.0263134 -0.103672
v 0.146963 -0.0270141 -0.103607
v 0.392138 -0.0700753 -0.0919656
v -0.31264 -0.082664 -0.093781
v -0.267698 -0.0407606 -0.101131
v -0.292626 -0.00775026 -0.101353
v -0.29739 -0.0412949 -0.0996697
v -0.306926 -0.0325047 -0.0998492
v -0.29919 -0.0257961 -0.100528
v -0.338228 -0.038362 -0.098157
v -0.359282 -0.0398682 -0.0970636
v -0.356432 -0.038238 -0.097302
v -0.395103 -0.029438 -0.0957429
v -0.387925 -0.033952 -0.0958831
v -0.381371 -0.0367125 -0.0960759
v -0.375986 -0.0379855 -0.0962903
v -0.407758 -0.020074 -0.095383
v -0.403221 -0.0180755 -0.0957722
v -0.407766 -0.0455173 -0.0937951
v -0.386187 -0.0820331 -0.0903345
v -0.389422 -0.0798932 -0.0905019
v -0.244617 -0.063696 -0.0987434
v -0.137532 -0.0265277 -0.103643
v -0.146149 -0.0350484 -0.103015
v -0.162302 -0.0161493 -0.104003
v -0.00210344 0.0861608 -0.0466519
v -0.001476 0.097397 -0.034948
v -0.001476 0.100052 -0.031212
v -0.001476 0.101759 -0.027749
v -0.001476 0.102944 -0.023942
v 0.405316 -0.0563035 -0.0891916
v 0.409134 -0.0425698 -0.0896403
v 0.409034 -0.044443 -0.0896206
v 0.409141 0.040001 -0.089957
v 0.409058 0.019896 -0.091152
v 0.409031 0 -0.091538
v 0.409058 -0.019896 -0.091152
v 0.408255 0.0494594 -0.089073
v 0.384988 0.0858547 -0.0878869
v 0.391471 0.0798296 -0.087738
v 0.390681 0.080249 -0.0884628
v 0.389333 0.0797429 -0.0898834
v 0.395844 0.0646834 -0.0922466
v 0.389775 0.0823901 -0.0870827
v 0.392006 0.0794524 -0.0870862
v 0.389551 0.0822509 -0.0876779
v 0.383686 0.084678 -0.089222
v 0.387483 0.0819683 -0.0895706
v 0.388206 0.0823332 -0.0889108
v 0.381472 0.0859168 -0.088852
v 0.390355 0.0800744 -0.0889623
v 0.386739 0.084186 -0.0883558
v 0.385408 0.0843434 -0.0889567
v 0.381642 0.0869823 -0.0879243
v 0.382756 0.0863389 -0.0883069
v 0.385886 0.0855713 -0.0874822
v 0.387123 0.084791 -0.087338
v 0.388094 0.0834872 -0.087945
v 0.388033 0.0841113 -0.0872386
v 0.384227 0.0864338 -0.0875459
v 0.385953 0.0858763 -0.0870155
v 0.381168 0.0837003 -0.0900812
v 0.383658 0.0835096 -0.0898537
v 0.384403 0.0831643 -0.0899323
v 0.385572 0.0836594 -0.0893255
v 0.383762 0.084615 -0.089353
v 0.401298 0.0636868 -0.0879796
v 0.394341 0.07524 -0.088035
v 0.394197 0.075203 -0.088413
v 0.394024 0.075147 -0.088784
v 0.393821 0.075074 -0.089141
v 0.39359 0.074982 -0.089481
v 0.393334 0.074874 -0.089799
v 0.393055 0.07475 -0.090091
v 0.392757 0.074611 -0.090355
v 0.392444 0.074461 -0.090586
v 0.39212 0.0743 -0.090784
v 0.391788 0.074131 -0.090948
v 0.388199 0.0790949 -0.0904934
v -0.382958 0.0867971 -0.0883876
v -0.389196 0.0855649 -0.0871982
v -0.390114 0.0835478 -0.0886861
v -0.385775 0.0832435 -0.0901291
v -0.384946 0.0865513 -0.0882304
v -0.38822 0.0827672 -0.0898696
v -0.388353 0.0837928 -0.0893532
v -0.385386 0.0832479 -0.090108
v -0.387211 0.0841537 -0.0894176
v -0.384777 0.0856999 -0.0889407
v -0.38802 0.0852481 -0.0883478
v -0.389731 0.084513 -0.087984
v -0.391201 0.0836347 -0.0875969
v -0.391533 0.0838221 -0.0869222
v -0.387457 0.0854983 -0.0883509
v -0.390668 0.0838992 -0.0879304
v -0.388809 0.0849901 -0.0881542
v -0.388457 0.0857124 -0.0875991
v -0.385855 0.0868316 -0.0876668
v -0.386054 0.08583 -0.088557
v -0.394208 0.0795842 -0.0884169
v -0.392976 0.0814869 -0.0879459
v -0.394517 0.0802369 -0.0866889
v -0.394888 0.0795153 -0.0872045
v -0.39749 0.075263 -0.087272
v -0.397293 0.07524 -0.088035
v -0.39715 0.075203 -0.088413
v -0.396976 0.075147 -0.088784
v -0.393213 0.0799612 -0.089113
v -0.392827 0.0795962 -0.0896226
v -0.391367 0.0800989 -0.0900842
v -0.39036 0.0797398 -0.0904605
v -0.396773 0.075074 -0.089141
v -0.396542 0.074982 -0.089481
v -0.396286 0.074874 -0.089799
v -0.396007 0.07475 -0.090091
v -0.395709 0.074611 -0.090355
v -0.395396 0.074461 -0.090586
v -0.395072 0.0743 -0.090784
v -0.39474 0.074131 -0.090948
v -0.394406 0.073956 -0.091077
v -0.394073 0.073777 -0.091172
v -0.391069 0.0817928 -0.0893471
v -0.407376 0.057984 -0.088607
v -0.41141 0.0484152 -0.0896505
v -0.412063 0.0436562 -0.0894877
v -0.41201 0.019896 -0.091152
v -0.411983 0 -0.091538
v -0.41201 -0.019896 -0.091152
v -0.412093 -0.040001 -0.089957
v -0.407376 -0.057984 -0.088607
v -0.409133 -0.0547523 -0.0888307
v -0.410849 -0.050531 -0.089155
v -0.412816 -0.0494768 -0.069677
v -0.411473 -0.048137 -0.089331
v 0.1399 0.0368211 -0.101144
v 0.133924 0.0297224 -0.103125
v 0.136345 0.0300488 -0.103266
v 0.127403 0.030733 -0.101874
v 0.139183 0.0335089 -0.102599
v 0.13936 0.0326207 -0.102961
v 0.139573 0.035256 -0.101908
v 0.136572 0.0330644 -0.101734
v 0.127444 0.026695 -0.103672
v 0.127438 0.027424 -0.103582
v 0.127432 0.028165 -0.103415
v 0.127425 0.028882 -0.103155
v 0.127418 0.029557 -0.102795
v 0.127411 0.030178 -0.102356
v 0.062961 0.030974 -0.101645
v -0.065913 0.030974 -0.101645
v -0.135145 0.0281845 -0.103464
v -0.135557 0.0300511 -0.102756
v -0.143097 0.033643 -0.102833
v -0.141235 0.0307759 -0.103251
v -0.142022 0.0344769 -0.102083
v -0.142088 0.0331601 -0.102724
v -0.138736 0.0316528 -0.102384
v -0.130355 0.030733 -0.101874
v -0.130363 0.030178 -0.102356
v -0.13037 0.029557 -0.102795
v -0.130377 0.028882 -0.103155
v -0.130384 0.028165 -0.103415
v -0.13039 0.027424 -0.103582
v -0.130396 0.026695 -0.103672
v -0.139307 0.0307672 -0.102976
v 0.340274 0.054361 -0.096425
v 0.379648 0.038527 -0.0958647
v 0.392383 0.0176167 -0.096193
v 0.396135 -0.000282421 -0.0963338
v 0.393005 0.000210803 -0.0947857
v 0.393833 -0.00489777 -0.095725
v 0.394852 0.00238205 -0.0961794
v 0.392942 0.00831103 -0.0954733
v 0.393821 0.00188658 -0.095646
v 0.395631 0 -0.096315
v 0.376944 0.0367274 -0.0942543
v 0.391829 0.0111769 -0.0942293
v 0.385501 0.0259245 -0.0941988
v 0.345431 0.0514806 -0.0952118
v 0.353014 0.0504819 -0.0951535
v 0.349689 0.0506178 -0.0946964
v 0.390055 0.0197763 -0.095651
v 0.357805 0.0483639 -0.0943523
v 0.36559 0.0455752 -0.0947913
v 0.372467 0.0417846 -0.0951533
v 0.372227 0.0411272 -0.0946098
v 0.38055 0.0334376 -0.0946751
v 0.386046 0.0263282 -0.0950376
v 0.355937 0.0503761 -0.0955408
v 0.362966 0.047464 -0.0952424
v 0.386809 0.0264802 -0.0955862
v 0.353647 0.0518371 -0.095789
v 0.351133 0.0528022 -0.0960252
v 0.3609 0.048654 -0.095451
v 0.367551 0.0470753 -0.0958007
v 0.368433 0.0455244 -0.09559
v 0.380061 0.0356169 -0.095491
v 0.379039 0.0378982 -0.0957822
v 0.372113 0.0427299 -0.0954773
v 0.385841 0.0294724 -0.0958825
v 0.392635 0.0127282 -0.0958426
v 0.292028 0.0245933 -0.100346
v 0.286471 0.00961171 -0.101208
v 0.285683 0.00205743 -0.101347
v 0.301154 0.0376158 -0.0994903
v 0.30885 0.042838 -0.0982999
v 0.316313 0.0467763 -0.0974409
v 0.32461 0.0505466 -0.0970753
v 0.327437 0.0512479 -0.0968281
v 0.337218 0.0530434 -0.0963788
v 0.318639 0.0493555 -0.0978082
v 0.328644 0.0526487 -0.0970799
v 0.308626 0.0438901 -0.0986809
v 0.293587 0.0292688 -0.10041
v 0.309245 0.0452497 -0.0986607
v 0.341397 0.0536785 -0.0963309
v 0.345546 0.0525255 -0.0959029
v 0.291155 0.0201795 -0.0999079
v 0.29576 0.0279074 -0.0986945
v 0.302246 0.0358643 -0.0981873
v 0.308121 0.0409271 -0.0975657
v 0.321363 0.047958 -0.0962068
v 0.316366 0.0455951 -0.0963345
v 0.365641 0.0449019 -0.0942296
v 0.341775 0.0512468 -0.0948278
v 0.334799 0.0509547 -0.0951433
v 0.329796 0.0512413 -0.0963279
v 0.340238 0.0523237 -0.0959008
v 0.287126 2.96493e-05 -0.100214
v 0.287252 0.006855 -0.100489
v 0.288422 0.0123435 -0.100247
v 0.294042 0.0261309 -0.099588
v 0.297377 0.0310489 -0.0991858
v 0.302144 0.0370458 -0.0989728
v 0.315612 0.0462451 -0.097301
v 0.327903 0.0500654 -0.0958398
v 0.335013 0.0515781 -0.0958034
v -0.001476 0.026393 -0.103971
v 0.062972 0.026431 -0.103933
v -0.001476 0.027123 -0.103881
v 0.062971 0.027161 -0.103843
v -0.001476 0.027864 -0.103714
v 0.062969 0.027902 -0.103677
v -0.001476 0.028583 -0.103454
v 0.062968 0.02862 -0.103416
v -0.001476 0.029258 -0.103094
v 0.062966 0.029296 -0.103057
v -0.001476 0.029879 -0.102655
v 0.062964 0.029917 -0.102617
v -0.001476 0.030435 -0.102173
v 0.062962 0.030472 -0.102135
v 0.404298 0.05797 -0.089366
v 0.40419 0.057938 -0.089749
v 0.404052 0.057888 -0.090129
v 0.403883 0.05782 -0.090501
v 0.403684 0.057734 -0.090859
v 0.403458 0.057631 -0.091199
v 0.403205 0.057511 -0.091517
v 0.402928 0.057375 -0.091809
v 0.402632 0.057227 -0.092071
v 0.402321 0.057066 -0.0923
v 0.401998 0.056897 -0.092495
v 0.401668 0.05672 -0.092654
v 0.406075 0.053316 -0.0911807
v 0.405631 0.0475541 -0.0933769
v 0.408051 0.0500286 -0.0896118
v 0.408543 0.0473153 -0.0904013
v 0.407982 0.0483722 -0.0911105
v 0.408356 0.0454822 -0.0915494
v 0.408934 0.0452798 -0.0899424
v 0.407421 0.0494717 -0.0915362
v 0.406618 0.0537011 -0.0896287
v 0.407354 0.051748 -0.089826
v 0.407442 0.050509 -0.0908797
v 0.407069 0.0472658 -0.092641
v 0.402534 0.0542374 -0.0929804
v 0.404568 0.0522019 -0.0928672
v 0.409099 0.040031 -0.090334
v 0.409023 0.040062 -0.090717
v 0.408911 0.040093 -0.091101
v 0.408762 0.040125 -0.091481
v 0.408577 0.040155 -0.091852
v 0.408355 0.040185 -0.09221
v 0.408098 0.040214 -0.092548
v 0.40781 0.04024 -0.092862
v 0.407493 0.040265 -0.093148
v 0.407153 0.040287 -0.093402
v 0.406793 0.040307 -0.093622
v 0.406419 0.040323 -0.093805
v 0.406037 0.040337 -0.093952
v 0.405652 0.040348 -0.094061
v 0.405569 0.020068 -0.095268
v 0.405486 0 -0.095671
v 0.405954 0.020062 -0.095157
v 0.405927 0 -0.095547
v 0.406336 0.020056 -0.09501
v 0.40624 0 -0.09543
v 0.40671 0.020047 -0.094826
v 0.406932 0 -0.095067
v 0.407069 0.020038 -0.094606
v 0.40741 0.020027 -0.094351
v 0.407544 0 -0.0946
v 0.407726 0.020015 -0.094064
v 0.408015 0.020001 -0.093749
v 0.408062 0 -0.094046
v 0.408271 0.019987 -0.09341
v 0.408493 0.019973 -0.093052
v 0.408475 0 -0.093423
v 0.408679 0.019957 -0.092679
v 0.408778 0 -0.09275
v 0.408827 0.019942 -0.092298
v 0.408939 0.019927 -0.091914
v 0.408967 0 -0.092047
v -0.29576 0.00627985 -0.0997228
v -0.295869 0.00317795 -0.0995433
v -0.29506 0.00557571 -0.100522
v -0.295332 0.00219714 -0.10027
v -0.295311 0.000851263 -0.100297
v -0.294668 -0 -0.10081
v -0.293981 0.00815818 -0.101128
v -0.29457 0.00551674 -0.100872
v -0.293372 0.00387241 -0.101326
v -0.294415 0.0194526 -0.101055
v -0.298177 0.021377 -0.100512
v -0.302344 0.0274601 -0.100172
v -0.296784 0.0140748 -0.0996103
v -0.297713 0.0173052 -0.0997591
v -0.3221 0.0352009 -0.0978429
v -0.324951 0.035438 -0.09774
v -0.324964 0.035779 -0.098026
v -0.304576 0.0269431 -0.0987464
v -0.305926 0.029234 -0.099386
v -0.324993 0.03743 -0.098705
v -0.324994 0.037537 -0.098719
v -0.318859 0.036827 -0.098999
v -0.312796 0.0339653 -0.0991107
v -0.324995 0.038102 -0.098744
v -0.324995 0.037963 -0.098746
v -0.318012 0.0353393 -0.098599
v -0.319016 0.035955 -0.098745
v -0.318962 0.036263 -0.098861
v -0.313533 0.032541 -0.0975919
v -0.311453 0.0325512 -0.0987669
v -0.306257 0.0287144 -0.0987891
v -0.315149 0.0338434 -0.0982949
v -0.324933 0.035049 -0.097313
v -0.324947 0.035334 -0.097639
v -0.324967 0.035901 -0.098112
v -0.322002 0.036148 -0.098477
v -0.324977 0.036294 -0.098345
v -0.32498 0.036414 -0.098403
v -0.308711 0.0299192 -0.0978995
v -0.303022 0.0267151 -0.0997146
v -0.303912 0.027091 -0.099394
v -0.297254 0.0174959 -0.100225
v -0.296244 0.0115925 -0.0995858
v -0.300577 0.0221025 -0.0990711
v -0.300517 0.022323 -0.099342
v -0.298218 0.0171943 -0.0990369
v -0.298934 0.018485 -0.09873
v -0.300806 0.0237623 -0.0998145
v -0.295476 0.014983 -0.100826
v -0.295053 0.0152092 -0.100961
v -0.318758 0.037351 -0.099046
v -0.312006 0.034813 -0.0994719
v -0.302451 0.028643 -0.100238
v -0.295643 0.012978 -0.100455
v -0.30642 0.0303728 -0.0996449
v -0.31974 0.0295926 -0.0891892
v -0.318454 0.0345499 -0.0979322
v -0.324989 0.036964 -0.098605
v -0.348924 0.035126 -0.096498
v -0.360913 0.034956 -0.095813
v -0.360933 0.035302 -0.096159
v -0.348999 0.037845 -0.097683
v -0.348915 0.034965 -0.096314
v -0.368447 0.0333396 -0.0934519
v -0.372943 0.035499 -0.09576
v -0.372933 0.035295 -0.095604
v -0.372913 0.034953 -0.095284
v -0.372999 0.03769 -0.096465
v -0.372994 0.037222 -0.096435
v -0.348994 0.03734 -0.097647
v -0.372984 0.03671 -0.096334
v -0.348985 0.036792 -0.097528
v -0.372978 0.036452 -0.096254
v -0.348978 0.036517 -0.097436
v -0.37297 0.036199 -0.096157
v -0.348971 0.036251 -0.097323
v -0.372962 0.035955 -0.09604
v -0.348963 0.035994 -0.097188
v -0.372953 0.03572 -0.095907
v -0.348954 0.03575 -0.097033
v -0.348944 0.035521 -0.096863
v -0.348934 0.035312 -0.096683
v -0.377983 0.0357683 -0.0959005
v -0.377048 0.0347762 -0.0951862
v -0.381702 0.0334097 -0.0946867
v -0.385542 0.032005 -0.0947184
v -0.387996 0.0309584 -0.0949103
v -0.39111 0.028236 -0.094439
v -0.391722 0.0282188 -0.094767
v -0.394641 0.0255174 -0.0948575
v -0.396425 0.0226431 -0.0944316
v -0.399387 0.0183597 -0.0948679
v -0.394226 0.0173659 -0.089175
v -0.40006 0.015789 -0.094531
v -0.4009 0.0130727 -0.0945573
v -0.401972 0.00940964 -0.0949519
v -0.396513 0.0234173 -0.0949491
v -0.402444 0.0112444 -0.0954088
v -0.402405 0.00959588 -0.0952888
v -0.385583 0.033162 -0.0955267
v -0.389118 0.0312358 -0.0954294
v -0.392732 0.0284021 -0.0953646
v -0.398178 0.0226224 -0.0954772
v -0.401087 0.0163983 -0.0954291
v -0.401974 0.0135898 -0.0954546
v -0.380963 0.0352219 -0.0958469
v -0.391873 0.0301919 -0.0956895
v -0.401498 0.0166305 -0.0956221
v -0.388999 0.0324254 -0.0957853
v -0.397649 0.0254448 -0.0957624
v -0.396789 0.0251588 -0.0956277
v -0.401303 0.017806 -0.095689
v -0.404057 0.00917742 -0.0958907
v -0.379414 0.0369538 -0.0961631
v -0.384313 0.0348656 -0.0959107
v -0.401358 0.0193767 -0.0957917
v -0.404098 0.0105165 -0.0958821
v -0.404147 0.011796 -0.0958735
v -0.40208 0.0010263 -0.0949873
v -0.404313 0.0028327 -0.0959526
v -0.403686 0.00569299 -0.0958191
v -0.402613 0.003795 -0.095404
v -0.402493 0.0019129 -0.0953044
v -0.40434 -0.00231455 -0.095958
v -0.403384 -0.00200639 -0.0957568
v -0.411891 0.019926 -0.091914
v -0.411779 0.019942 -0.092298
v -0.411878 0 -0.092244
v -0.411634 0 -0.092997
v -0.411631 0.019957 -0.092679
v -0.411445 0.019972 -0.093052
v -0.411269 0 -0.093688
v -0.411223 0.019987 -0.09341
v -0.410967 0.020001 -0.093749
v -0.410799 0 -0.094298
v -0.410678 0.020014 -0.094064
v -0.410362 0.020026 -0.094351
v -0.410243 0 -0.094814
v -0.410021 0.020037 -0.094606
v -0.409662 0.020047 -0.094826
v -0.409618 0 -0.095225
v -0.409288 0.020055 -0.09501
v -0.408944 0 -0.095525
v -0.408906 0.020062 -0.095157
v -0.408521 0.020068 -0.095268
v -0.40824 0 -0.095711
v -0.412051 0.040031 -0.090334
v -0.411975 0.040062 -0.090717
v -0.411863 0.040093 -0.091101
v -0.411714 0.040125 -0.091481
v -0.411528 0.040155 -0.091852
v -0.411307 0.040185 -0.09221
v -0.41105 0.040214 -0.092548
v -0.410762 0.04024 -0.092862
v -0.410445 0.040265 -0.093148
v -0.410105 0.040287 -0.093402
v -0.409745 0.040307 -0.093622
v -0.409371 0.040323 -0.093805
v -0.408989 0.040337 -0.093952
v -0.408604 0.040348 -0.094061
v -0.409127 0.0541765 -0.0901815
v -0.40725 0.05797 -0.089366
v -0.411845 0.0454065 -0.0901316
v -0.41116 0.046415 -0.0916364
v -0.41079 0.0484009 -0.0913501
v -0.410217 0.0512941 -0.0906169
v -0.407761 0.04881 -0.09337
v -0.407822 0.0511042 -0.0929745
v -0.408778 0.0521941 -0.0921046
v -0.410007 0.0475681 -0.0925675
v -0.409384 0.0472784 -0.0930496
v -0.408639 0.0445624 -0.093684
v -0.409669 0.0535432 -0.0894815
v -0.410301 0.051763 -0.089825
v -0.410589 0.0511781 -0.089577
v -0.411274 0.0482833 -0.0903295
v -0.407142 0.057938 -0.089749
v -0.407004 0.057888 -0.090129
v -0.406835 0.05782 -0.090501
v -0.406637 0.057734 -0.090859
v -0.40641 0.057631 -0.091199
v -0.406156 0.057511 -0.091517
v -0.40588 0.057375 -0.091809
v -0.405584 0.057227 -0.092071
v -0.405273 0.057066 -0.0923
v -0.40495 0.056897 -0.092495
v -0.40462 0.05672 -0.092654
v -0.404286 0.056539 -0.092779
v -0.065914 0.030472 -0.102135
v -0.065916 0.029917 -0.102617
v -0.065918 0.029296 -0.103057
v -0.06592 0.02862 -0.103416
v -0.065921 0.027902 -0.103677
v -0.065923 0.027161 -0.103843
v -0.065924 0.026431 -0.103933
v 0.123592 -0.093586 -0.039033
v -0.001476 -0.097397 -0.034948
v -0.001476 -0.100052 -0.031212
v -0.001476 -0.101759 -0.027749
v -0.001476 -0.102944 -0.023942
v 0.38839 -0.0838544 -0.0871309
v 0.387392 -0.080335 -0.0902896
v 0.380454 -0.0871588 -0.0879613
v 0.38414 -0.0842478 -0.0893942
v 0.385377 -0.0842508 -0.0889942
v 0.388683 -0.0818032 -0.0889873
v 0.390837 -0.0785911 -0.089546
v 0.387497 -0.0827014 -0.0890962
v 0.391121 -0.073777 -0.091172
v 0.388207 -0.0807878 -0.0898991
v 0.393055 -0.07475 -0.090091
v 0.392757 -0.074611 -0.090355
v 0.392444 -0.074461 -0.090586
v 0.39212 -0.0743 -0.090784
v 0.389173 -0.08179 -0.088567
v 0.389188 -0.0820393 -0.0883634
v 0.393334 -0.074874 -0.089799
v 0.389958 -0.0814129 -0.0881106
v 0.390283 -0.0814045 -0.087668
v 0.391039 -0.079854 -0.0884572
v 0.391559 -0.0799795 -0.0873015
v 0.383614 -0.0853548 -0.0888728
v 0.382467 -0.085924 -0.0886969
v 0.383184 -0.0867968 -0.0875857
v 0.387567 -0.0833438 -0.0885538
v 0.385506 -0.0849358 -0.0883968
v 0.385805 -0.0854055 -0.0877571
v 0.386475 -0.0851032 -0.08761
v 0.383667 -0.0865476 -0.087703
v 0.386874 -0.085189 -0.0870649
v 0.39359 -0.074982 -0.089481
v 0.384614 -0.0826523 -0.0900502
v 0.385691 -0.0835828 -0.089331
v 0.383726 -0.0835408 -0.0898294
v 0.382328 -0.0828669 -0.0904161
v 0.391454 -0.073956 -0.091077
v 0.391788 -0.074131 -0.090948
v 0.388921 -0.0793157 -0.0901925
v 0.394538 -0.075263 -0.087272
v 0.392344 -0.0789324 -0.0870713
v 0.394341 -0.07524 -0.088035
v 0.394197 -0.075203 -0.088413
v 0.394024 -0.075147 -0.088784
v 0.393821 -0.075074 -0.089141
v -0.384771 -0.0864856 -0.0883247
v -0.389612 -0.0843629 -0.0882502
v -0.389119 -0.0815351 -0.0901738
v -0.385248 -0.0834768 -0.0900512
v -0.385424 -0.0847608 -0.089421
v -0.387827 -0.0836656 -0.0895261
v -0.388373 -0.0839411 -0.0892304
v -0.388592 -0.0829988 -0.0896814
v -0.388736 -0.0848212 -0.0883598
v -0.389008 -0.0852934 -0.0877034
v -0.388804 -0.0858012 -0.0872076
v -0.390787 -0.0835807 -0.0881411
v -0.391862 -0.0832077 -0.087393
v -0.387208 -0.0864261 -0.0875087
v -0.387356 -0.085951 -0.08795
v -0.38974 -0.0853335 -0.0869467
v -0.385845 -0.0853546 -0.0890489
v -0.387179 -0.0853009 -0.0886774
v -0.387019 -0.0859049 -0.0881775
v -0.382665 -0.0868393 -0.0883435
v -0.393016 -0.0812613 -0.0882285
v -0.39445 -0.0802095 -0.0870942
v -0.394877 -0.0790728 -0.0878784
v -0.393635 -0.0798673 -0.0887974
v -0.391586 -0.081675 -0.0891037
v -0.390652 -0.0823109 -0.0892583
v -0.39278 -0.0794822 -0.0897566
v -0.39749 -0.075263 -0.087272
v -0.397293 -0.07524 -0.088035
v -0.39715 -0.075203 -0.088413
v -0.396976 -0.075147 -0.088784
v -0.396773 -0.075074 -0.089141
v -0.396542 -0.074982 -0.089481
v -0.396286 -0.074874 -0.089799
v -0.396007 -0.07475 -0.090091
v -0.395709 -0.074611 -0.090355
v -0.395396 -0.074461 -0.090586
v -0.395072 -0.0743 -0.090784
v -0.39474 -0.074131 -0.090948
v -0.393154 -0.0762137 -0.0908128
v -0.304717 0.0195031 -0.0891718
v -0.355629 0.0300284 -0.089179
v -0.373008 0.030003 -0.089174
v -0.379733 0.0292046 -0.0891734
v -0.388334 0.0245719 -0.0891744
v -0.301083 0.00873698 -0.0891768
v -0.311408 0.0257794 -0.0891763
v 0.287345 0.00291868 -0.0998048
v 0.294115 -0.004168 -0.089674
v 0.300181 -0.024002 -0.089674
v 0.291784 -0.0210567 -0.0991969
v 0.307939 -0.0338145 -0.089674
v 0.310057 -0.042104 -0.0971233
v 0.329565 -0.0454902 -0.089674
v 0.326159 -0.0493326 -0.0955711
v 0.33742 -0.0512743 -0.0950162
v 0.35009 -0.047275 -0.089674
v 0.361964 -0.043341 -0.089674
v 0.37264 -0.0403837 -0.0941261
v 0.356644 -0.0477699 -0.0921282
v 0.380927 -0.027429 -0.089674
v 0.390184 -0.0164746 -0.0939225
v 0.389393 -0.004168 -0.089674
v 0.386863 -0.016418 -0.089674
v 0.363678 0.042141 -0.089674
v 0.386863 0.016418 -0.089674
v 0.329377 0.046192 -0.089674
v 0.309653 0.0350145 -0.089674
v 0.298413 0.02021 -0.089674
v 0.294479 0.008336 -0.089674
v -0.299809 0.010323 -0.089174
v -0.302927 0.0189702 -0.089174
v -0.307922 0.0251385 -0.089174
v -0.319337 0.030671 -0.089174
v -0.339415 0.031802 -0.089174
v -0.377373 0.0312059 -0.089174
v -0.38567 0.0286295 -0.089174
v -0.394834 0.0194778 -0.089174
v -0.3989 0.00566725 -0.089174
v -0.314133 -0.027685 -0.0891727
v -0.310411 -0.0271685 -0.089174
v -0.300358 -0.0131425 -0.089174
v -0.299381 -0.00339875 -0.089174
v -0.30746 -0.0221941 -0.0891887
v -0.305007 -0.0193629 -0.0892733
v -0.394023 -0.021291 -0.089174
v -0.394483 -0.0181673 -0.089164
v -0.384673 -0.0288116 -0.089174
v -0.304431 -0.0209326 -0.089174
v -0.398253 -0.012237 -0.089174
v -0.32278 -0.0298952 -0.0891742
v -0.316204 -0.0300033 -0.089174
v -0.396888 -0.0161372 -0.089174
v -0.301252 -0.0107869 -0.0891826
v -0.398903 -0.00582813 -0.089174
v -0.373501 -0.031841 -0.089174
v -0.380274 -0.0295635 -0.08919
v -0.357699 -0.0318625 -0.089174
v -0.353758 -0.0300255 -0.0891789
v -0.329427 -0.0317622 -0.089174
v -0.40725 -0.05797 -0.089366
v -0.407142 -0.057938 -0.089749
v -0.407004 -0.057888 -0.090129
v -0.406835 -0.05782 -0.090501
v -0.406637 -0.057734 -0.090859
v -0.40641 -0.057631 -0.091199
v -0.406156 -0.057511 -0.091517
v -0.40588 -0.057375 -0.091809
v -0.405584 -0.057227 -0.092071
v -0.405273 -0.057066 -0.0923
v -0.40495 -0.056897 -0.092495
v -0.40462 -0.05672 -0.092654
v -0.398113 -0.0647195 -0.0923601
v -0.410164 -0.0523488 -0.0895767
v -0.410569 -0.0507058 -0.0903363
v -0.41022 -0.0499664 -0.0915089
v -0.410407 -0.0495809 -0.09143
v -0.406996 -0.0514773 -0.0931477
v -0.408629 -0.0486649 -0.0931925
v -0.408564 -0.0517417 -0.0924421
v -0.411133 -0.049393 -0.089616
v -0.41122 -0.0487366 -0.0901869
v -0.409155 -0.0542076 -0.0901615
v -0.411672 -0.0457428 -0.0906879
v -0.411872 -0.0454587 -0.0898415
v -0.412051 -0.040031 -0.090334
v -0.411975 -0.040062 -0.090717
v -0.411863 -0.040093 -0.091101
v -0.411714 -0.040125 -0.091481
v -0.411528 -0.040155 -0.091852
v -0.411307 -0.040185 -0.09221
v -0.41105 -0.040214 -0.092548
v -0.41111 -0.0454866 -0.0918423
v -0.410762 -0.04024 -0.092862
v -0.410445 -0.040265 -0.093148
v -0.410105 -0.040287 -0.093402
v -0.409923 -0.0473682 -0.0926929
v -0.409745 -0.040307 -0.093622
v -0.409371 -0.040323 -0.093805
v -0.408989 -0.040337 -0.093952
v -0.408604 -0.040348 -0.094061
v -0.408521 -0.020068 -0.095268
v -0.408906 -0.020062 -0.095157
v -0.409288 -0.020055 -0.09501
v -0.409662 -0.020047 -0.094826
v -0.410021 -0.020037 -0.094606
v -0.410362 -0.020026 -0.094351
v -0.410678 -0.020014 -0.094064
v -0.410967 -0.020001 -0.093749
v -0.411223 -0.019987 -0.09341
v -0.411445 -0.019972 -0.093052
v -0.411631 -0.019957 -0.092679
v -0.411779 -0.019942 -0.092298
v -0.411891 -0.019926 -0.091914
v 0.404298 -0.05797 -0.089366
v 0.40419 -0.057938 -0.089749
v 0.405895 -0.0475549 -0.0932929
v 0.407478 -0.046949 -0.0923416
v 0.406595 -0.049181 -0.092433
v 0.408843 -0.0460071 -0.0900212
v 0.408331 -0.0487425 -0.0898219
v 0.408338 -0.0471422 -0.0910952
v 0.406499 -0.0530819 -0.0906536
v 0.407484 -0.050105 -0.0911612
v 0.407773 -0.051113 -0.0890191
v 0.40706 -0.0527871 -0.0893781
v 0.405652 -0.040348 -0.094061
v 0.406037 -0.040337 -0.093952
v 0.406419 -0.040323 -0.093805
v 0.406793 -0.040307 -0.093622
v 0.407153 -0.040287 -0.093402
v 0.407493 -0.040265 -0.093148
v 0.40781 -0.04024 -0.092862
v 0.408098 -0.040214 -0.092548
v 0.408355 -0.040185 -0.09221
v 0.408577 -0.040155 -0.091852
v 0.408762 -0.040125 -0.091481
v 0.408911 -0.040093 -0.091101
v 0.408737 -0.0453196 -0.0907321
v 0.409023 -0.040062 -0.090717
v 0.409099 -0.040031 -0.090334
v 0.404052 -0.057888 -0.090129
v 0.403883 -0.05782 -0.090501
v 0.403684 -0.057734 -0.090859
v 0.403458 -0.057631 -0.091199
v 0.405702 -0.0537249 -0.0913484
v 0.403205 -0.057511 -0.091517
v 0.402928 -0.057375 -0.091809
v 0.402632 -0.057227 -0.092071
v 0.402321 -0.057066 -0.0923
v 0.404719 -0.0518363 -0.0929033
v 0.401998 -0.056897 -0.092495
v 0.401668 -0.05672 -0.092654
v 0.401334 -0.05654 -0.092779
v 0.408939 -0.019927 -0.091914
v 0.408827 -0.019942 -0.092298
v 0.408679 -0.019957 -0.092679
v 0.408493 -0.019973 -0.093052
v 0.408271 -0.019987 -0.09341
v 0.408015 -0.020001 -0.093749
v 0.407726 -0.020015 -0.094064
v 0.40741 -0.020027 -0.094351
v 0.407069 -0.020038 -0.094606
v 0.40671 -0.020047 -0.094826
v 0.406336 -0.020056 -0.09501
v 0.405954 -0.020062 -0.095157
v 0.405569 -0.020068 -0.095268
v 0.062961 -0.030974 -0.101645
v -0.001476 -0.030937 -0.101682
v 0.132315 -0.0304151 -0.102488
v 0.132521 -0.0285427 -0.103401
v 0.134662 -0.0313141 -0.102283
v 0.137164 -0.0313843 -0.102932
v 0.139602 -0.034167 -0.102479
v 0.138797 -0.0344845 -0.101928
v 0.140013 -0.0337915 -0.102758
v 0.127444 -0.026695 -0.103672
v 0.127438 -0.027424 -0.103582
v 0.127432 -0.028165 -0.103415
v 0.127425 -0.028882 -0.103155
v 0.127418 -0.029557 -0.102795
v 0.127411 -0.030178 -0.102356
v 0.127403 -0.030733 -0.101874
v 0.136958 -0.0291065 -0.103455
v -0.001476 -0.030435 -0.102173
v 0.062962 -0.030472 -0.102135
v -0.001476 -0.029879 -0.102655
v 0.062964 -0.029917 -0.102617
v -0.001476 -0.029258 -0.103094
v 0.062966 -0.029296 -0.103057
v -0.001476 -0.028583 -0.103454
v 0.062968 -0.02862 -0.103416
v -0.001476 -0.027864 -0.103714
v 0.062969 -0.027902 -0.103677
v -0.001476 -0.027123 -0.103881
v 0.062971 -0.027161 -0.103843
v -0.001476 -0.026393 -0.103971
v 0.062972 -0.026431 -0.103933
v -0.065913 -0.030974 -0.101645
v -0.136146 -0.0310927 -0.102072
v -0.13579 -0.0297394 -0.102912
v -0.134649 -0.0307443 -0.102112
v -0.130355 -0.030733 -0.101874
v -0.136836 -0.0288051 -0.103373
v -0.140093 -0.029617 -0.103386
v -0.141938 -0.0340644 -0.102287
v -0.14126 -0.0318344 -0.103005
v -0.130396 -0.026695 -0.103672
v -0.13039 -0.027424 -0.103582
v -0.130384 -0.028165 -0.103415
v -0.130377 -0.028882 -0.103155
v -0.13037 -0.029557 -0.102795
v -0.130363 -0.030178 -0.102356
v -0.065924 -0.026431 -0.103933
v -0.065923 -0.027161 -0.103843
v -0.065921 -0.027902 -0.103677
v -0.06592 -0.02862 -0.103416
v -0.065918 -0.029296 -0.103057
v -0.065916 -0.029917 -0.102617
v -0.065914 -0.030472 -0.102135
v -0.295887 6.30062e-15 -0.0995204
v -0.396867 0.00889898 -0.0892014
v -0.401944 -0.0059542 -0.0948182
v -0.401571 -0.008824 -0.094531
v -0.401864 -0.00936628 -0.0948303
v -0.39898 -0.0188424 -0.0946873
v -0.396412 -0.022582 -0.094423
v -0.394636 -0.0254745 -0.09483
v -0.385379 -0.031863 -0.094531
v -0.309805 -0.0309692 -0.0981779
v -0.309138 -0.03005 -0.097764
v -0.301783 -0.0230731 -0.0983049
v -0.295767 -0.00200548 -0.0997289
v -0.296006 -0.0086235 -0.099346
v -0.40466 -0.00358484 -0.0959581
v -0.403056 -0.0105804 -0.0957054
v -0.403717 -0.00326089 -0.09585
v -0.402951 -0.00289782 -0.095573
v -0.401998 -0.00984144 -0.0950278
v -0.402307 -0.003902 -0.095152
v -0.378443 -0.0357038 -0.0958534
v -0.372978 -0.036452 -0.096254
v -0.372984 -0.03671 -0.096334
v -0.403932 -0.0115604 -0.0958793
v -0.400078 -0.0216129 -0.0957744
v -0.398489 -0.0248318 -0.095767
v -0.372999 -0.03769 -0.096465
v -0.372994 -0.037222 -0.096435
v -0.377655 -0.0368375 -0.0962117
v -0.382565 -0.0354403 -0.095993
v -0.37297 -0.0362 -0.096157
v -0.398825 -0.0204686 -0.0951955
v -0.400572 -0.0153341 -0.0948833
v -0.381117 -0.0339965 -0.0951133
v -0.38635 -0.0338707 -0.0958483
v -0.389376 -0.0322146 -0.0958127
v -0.372943 -0.035499 -0.09576
v -0.372953 -0.03572 -0.095907
v -0.372962 -0.035955 -0.09604
v -0.395754 -0.0265436 -0.0956595
v -0.404506 -0.00718957 -0.0959293
v -0.402547 -0.0100257 -0.0954353
v -0.402408 -0.0137572 -0.095648
v -0.399922 -0.0191107 -0.0954048
v -0.403088 -0.0148237 -0.0958355
v -0.40089 -0.0193831 -0.0957363
v -0.394595 -0.0262833 -0.0951894
v -0.392086 -0.027696 -0.0946452
v -0.389477 -0.0306821 -0.0952826
v -0.387984 -0.031004 -0.0949393
v -0.393939 -0.0294032 -0.0957796
v -0.390837 -0.0306333 -0.0956241
v -0.386399 -0.0316482 -0.0947505
v -0.38322 -0.0341532 -0.0956024
v -0.382734 -0.0334605 -0.0950568
v -0.376833 -0.0348033 -0.0951699
v -0.348999 -0.037846 -0.097683
v -0.353063 -0.035122 -0.0963464
v -0.348934 -0.035312 -0.096683
v -0.348944 -0.035521 -0.096863
v -0.348924 -0.035126 -0.096498
v -0.348915 -0.034965 -0.096314
v -0.348994 -0.03734 -0.097647
v -0.324993 -0.03743 -0.098705
v -0.324995 -0.037861 -0.098744
v -0.348985 -0.036792 -0.097528
v -0.348978 -0.036518 -0.097436
v -0.348971 -0.036251 -0.097323
v -0.348963 -0.035994 -0.097188
v -0.348954 -0.03575 -0.097033
v -0.326333 -0.0350305 -0.0971998
v -0.324944 -0.035259 -0.09756
v -0.324947 -0.035334 -0.097639
v -0.324961 -0.035688 -0.097956
v -0.324964 -0.035779 -0.098026
v -0.324975 -0.036176 -0.098282
v -0.324977 -0.036294 -0.098345
v -0.324985 -0.036713 -0.098525
v -0.324987 -0.036856 -0.098573
v -0.324992 -0.037287 -0.09868
v -0.322002 -0.036148 -0.098477
v -0.318964 -0.0359564 -0.0987579
v -0.297289 -0.0155124 -0.0994336
v -0.322061 -0.035193 -0.097766
v -0.323003 -0.0348105 -0.0971221
v -0.303227 -0.0271562 -0.0997988
v -0.302814 -0.0285074 -0.100199
v -0.318332 -0.0373349 -0.0990701
v -0.313297 -0.0342921 -0.0991269
v -0.318962 -0.036263 -0.098861
v -0.319179 -0.0349366 -0.0980865
v -0.317456 -0.033797 -0.0972603
v -0.316573 -0.0339882 -0.0978232
v -0.310456 -0.0313893 -0.0982126
v -0.306181 -0.028024 -0.0981557
v -0.322036 -0.035636 -0.098155
v -0.312656 -0.0337381 -0.0989657
v -0.312346 -0.0330891 -0.0987693
v -0.307908 -0.0313197 -0.0994915
v -0.295262 -0.013256 -0.100761
v -0.29406 -0.00296252 -0.101131
v -0.295086 -0.00582085 -0.100477
v -0.29612 -0.0112176 -0.0997518
v -0.300025 -0.0226691 -0.0999176
v -0.319177 -0.0357945 -0.0986064
v -0.295655 -0.00571134 -0.0998581
v -0.296098 -0.0106287 -0.0995955
v -0.30029 -0.0216603 -0.0991279
v -0.296118 -0.0145368 -0.100345
v -0.298883 -0.0205064 -0.0998418
v -0.304412 -0.0268957 -0.0988502
v -0.293216 -0.00510157 -0.101346
v -0.293694 -0.0126735 -0.10121
v -0.297096 -0.0218253 -0.100777
v -0.294243 -0.00992955 -0.10105
v -0.297183 -0.0213996 -0.100737
v -0.298932 -0.0221877 -0.100355
v -0.297273 -0.018943 -0.100502
v -0.310496 -0.0343505 -0.0995675
v -0.318859 -0.036827 -0.098999
v -0.294544 -0.000183677 -0.100899
v 0.330555 -0.0529897 -0.0969535
v 0.309517 -0.0455358 -0.0986302
v 0.319646 -0.0498646 -0.0977282
v 0.379939 -0.0374921 -0.0958677
v 0.394102 -0.004305 -0.095917
v 0.394719 -0.005479 -0.096156
v 0.286182 -0.00240583 -0.101044
v 0.284816 -0.00443 -0.101539
v 0.285283 -0.00439 -0.101457
v 0.285786 -0.004346 -0.101297
v 0.36957 -0.0428533 -0.0943402
v 0.38054 -0.0331287 -0.094351
v 0.353773 -0.0500674 -0.0949671
v 0.348043 -0.0511082 -0.0950241
v 0.34281 -0.052134 -0.0956535
v 0.340229 -0.051649 -0.095354
v 0.358785 -0.048586 -0.0949135
v 0.365511 -0.0456225 -0.0947043
v 0.376616 -0.0381954 -0.0950832
v 0.375667 -0.0381834 -0.0944803
v 0.383386 -0.0301092 -0.0948528
v 0.387626 -0.024265 -0.095392
v 0.389396 -0.0214799 -0.0956401
v 0.351158 -0.0524924 -0.0960115
v 0.340275 -0.0539409 -0.0964303
v 0.380586 -0.0352784 -0.09557
v 0.368066 -0.0455085 -0.0955112
v 0.372613 -0.0426675 -0.095567
v 0.362919 -0.0475933 -0.0952994
v 0.358413 -0.0499631 -0.0956175
v 0.361378 -0.049846 -0.0958145
v 0.37005 -0.0455254 -0.0957881
v 0.386348 -0.0295505 -0.0960106
v 0.389486 -0.0186992 -0.0946828
v 0.392432 -0.0123314 -0.0956649
v 0.395323 -0.00685475 -0.096308
v 0.37699 -0.039179 -0.0956218
v 0.293004 -0.0249088 -0.0999009
v 0.319624 -0.048666 -0.097394
v 0.343197 -0.0530996 -0.0961207
v 0.329705 -0.0517727 -0.0967185
v 0.311842 -0.0450815 -0.0981714
v 0.302932 -0.0396493 -0.0992885
v 0.287252 -0.006855 -0.100489
v 0.287874 -0.00848454 -0.10001
v 0.289588 -0.0166365 -0.100171
v 0.291574 -0.0215061 -0.0999078
v 0.288965 -0.0170162 -0.100686
v 0.289601 -0.019967 -0.100789
v 0.289712 -0.022528 -0.100911
v 0.300105 -0.0328802 -0.0971727
v 0.297651 -0.0309364 -0.098882
v 0.301636 -0.0365751 -0.0989624
v 0.309655 -0.044743 -0.098601
v 0.316196 -0.045821 -0.0967689
v 0.306835 -0.0404688 -0.0979743
v 0.304063 -0.0382002 -0.098391
v 0.391775 -0.0191235 -0.0961722
v 0.385639 -0.0290555 -0.0957109
v 0.36965 -0.0440691 -0.0952498
v 0.353216 -0.0508253 -0.095402
v 0.343119 -0.0524145 -0.0958198
v 0.328809 -0.0502794 -0.0957104
v 0.333606 -0.0522216 -0.0963825
v 0.324628 -0.0503736 -0.0969569
v 0.314986 -0.0460869 -0.0975667
v 0.332336 -0.0508159 -0.0954613
v 0.321497 -0.048053 -0.0962319
v 0.160136 0.120136 -0.0517409
v 0.166568 0.15553 -0.0101867
v 0.172372 0.153868 -0.0195285
v 0.172958 0.098166 -0.0814161
v 0.159043 0.149199 -0.005401
v 0.172676 0.11564 -0.0642097
v 0.167483 0.138885 -0.0379787
v 0.175034 0.148535 -0.0274959
v 0.168259 0.158555 -0.000728984
v 0.169076 0.155026 -0.0142744
v 0.172129 0.158223 -0.00616282
v 0.165326 0.151586 -0.0180796
v 0.164118 0.129724 -0.0456351
v 0.162446 0.1286 -0.045174
v 0.165196 0.148069 -0.0244367
v 0.16034 0.149208 -0.0126564
v 0.162838 0.152086 -0.0126147
v 0.16136 0.144358 -0.0244976
v 0.159169 0.135142 -0.033264
v 0.160133 0.130861 -0.0401008
v 0.167868 0.107165 -0.0705964
v 0.167664 0.119036 -0.0589552
v 0.159912 0.109846 -0.061136
v 0.163275 0.111448 -0.0633187
v 0.16623 0.142466 -0.0325746
f 153 152 154
f 153 154 155
f 155 156 153
f 153 156 157
f 153 157 158
f 158 159 153
f 159 134 162
f 171 129 172
f 324 71 72
f 182 166 183
f 184 191 185
f 175 118 178
f 171 14 129
f 196 255 197
f 339 337 336
f 274 272 280
f 464 463 469
f 288 287 284
f 307 321 319
f 319 321 322
f 319 322 47
f 82 325 299
f 71 324 327
f 327 324 329
f 340 598 334
f 339 334 338
f 197 198 196
f 111 180 185
f 82 346 325
f 328 327 329
f 200 198 199
f 255 196 190
f 443 465 448
f 1887 188 136
f 455 460 303
f 461 1005 462
f 38 331 72
f 180 35 179
f 336 335 328
f 191 184 202
f 458 457 715
f 176 186 175
f 469 468 453
f 202 201 200
f 136 183 166
f 271 243 272
f 269 268 265
f 1223 1212 1221
f 346 82 81
f 459 458 715
f 450 465 443
f 445 465 126
f 277 265 267
f 283 282 316
f 288 284 281
f 255 190 189
f 458 462 717
f 1516 1517 1526
f 1523 1512 1475
f 1475 1512 1500
f 1511 1523 1518
f 1691 1508 1524
f 1473 1472 1505
f 1505 1472 1471
f 458 717 457
f 1528 1527 1529
f 1528 1529 1520
f 1520 1529 1521
f 1241 1503 1504
f 1241 1504 1471
f 344 99 332
f 1525 1526 1517
f 289 342 99
f 336 337 335
f 643 296 297
f 278 272 279
f 316 276 275
f 189 178 174
f 1518 1509 1510
f 1476 1502 1503
f 278 280 272
f 175 186 118
f 339 338 337
f 459 460 455
f 333 603 601
f 323 324 72
f 1505 1506 1473
f 173 35 11
f 603 333 343
f 1511 1512 1523
f 464 461 463
f 287 288 286
f 450 453 467
f 1525 1527 1528
f 178 118 174
f 187 195 186
f 1509 1521 1510
f 339 340 334
f 197 199 198
f 111 35 180
f 344 83 99
f 11 192 170
f 328 335 327
f 200 201 198
f 453 468 467
f 285 287 286
f 450 467 466
f 1521 1509 1520
f 333 601 598
f 1515 1517 1516
f 266 271 272
f 1524 1519 1516
f 1522 1515 1516
f 283 281 282
f 170 173 11
f 265 268 267
f 272 273 266
f 191 261 185
f 464 1005 461
f 1507 1278 1474
f 1518 1523 1514
f 445 448 465
f 331 323 72
f 330 331 38
f 270 285 286
f 1474 1506 1507
f 458 461 462
f 14 171 194
f 289 603 343
f 187 1887 195
f 1518 1514 1513
f 345 346 83
f 469 456 468
f 1470 1475 1500
f 202 184 201
f 136 188 183
f 346 81 83
f 272 274 273
f 344 345 83
f 269 286 268
f 1502 1476 1470
f 1470 1501 1502
f 1507 1508 1691
f 459 455 458
f 99 341 332
f 277 279 265
f 11 14 194
f 1500 1501 1470
f 1507 1691 1278
f 1524 1516 1691
f 281 284 282
f 1471 1504 1505
f 176 177 186
f 99 342 341
f 1241 1476 1503
f 1474 1473 1506
f 173 179 35
f 177 187 186
f 269 270 286
f 289 343 342
f 598 340 333
f 1525 1528 1526
f 11 194 193
f 469 463 456
f 450 466 465
f 316 282 276
f 189 190 178
f 322 330 38
f 261 111 185
f 1518 1513 1509
f 277 278 279
f 11 193 192
f 1519 1522 1516
f 322 38 47
f 187 188 1887
f 1330 1328 1329
f 1236 1206 1210
f 13 14 11
f 39 58 40
f 11 12 13
f 11 33 1
f 57 69 56
f 56 63 57
f 44 63 64
f 427 425 424
f 88 81 82
f 91 110 92
f 110 109 92
f 69 55 56
f 108 106 98
f 108 76 293
f 99 100 290
f 107 110 76
f 1899 1900 1882
f 445 956 446
f 6 540 556
f 159 140 139
f 10 111 264
f 439 398 441
f 428 408 587
f 434 406 436
f 432 407 434
f 402 442 399
f 441 399 442
f 125 123 439
f 124 19 20
f 128 15 17
f 16 128 14
f 14 128 129
f 130 131 128
f 128 131 132
f 128 132 129
f 135 138 166
f 166 138 136
f 311 310 50
f 141 142 140
f 140 142 143
f 140 143 144
f 144 145 140
f 140 145 146
f 140 146 147
f 147 150 140
f 140 150 148
f 140 148 149
f 151 152 153
f 159 160 141
f 161 151 271
f 271 151 153
f 271 153 163
f 159 162 163
f 159 163 153
f 135 166 167
f 167 168 135
f 172 129 132
f 172 132 204
f 181 167 182
f 182 167 166
f 219 126 220
f 1312 1313 1311
f 131 204 132
f 210 128 211
f 212 128 213
f 1754 1809 1777
f 965 972 975
f 41 677 678
f 395 479 393
f 396 481 483
f 1028 549 551
f 189 258 255
f 604 337 338
f 264 111 261
f 579 438 429
f 191 202 519
f 256 255 258
f 231 162 254
f 254 162 164
f 231 230 162
f 131 203 205
f 85 291 84
f 73 85 84
f 85 73 293
f 39 64 46
f 294 44 45
f 298 295 299
f 299 295 88
f 299 88 82
f 1880 195 1887
f 1236 1207 1206
f 164 165 254
f 1330 1331 1328
f 302 110 745
f 125 126 123
f 307 309 306
f 312 315 313
f 275 315 314
f 152 150 147
f 317 318 312
f 317 70 41
f 317 312 70
f 384 151 352
f 158 143 142
f 157 144 143
f 156 145 144
f 155 146 145
f 154 147 146
f 745 91 301
f 307 319 37
f 37 319 47
f 307 320 321
f 299 325 326
f 299 326 298
f 623 315 275
f 714 460 716
f 917 278 277
f 347 348 278
f 278 348 280
f 280 348 349
f 280 349 274
f 274 349 350
f 274 350 273
f 273 350 933
f 266 933 932
f 316 710 709
f 709 707 708
f 354 355 356
f 700 697 698
f 1603 1587 1602
f 1589 286 1590
f 1597 1586 1596
f 664 678 665
f 367 368 369
f 674 665 677
f 370 371 372
f 676 661 675
f 373 374 388
f 682 670 673
f 1173 1157 1175
f 1617 1397 1618
f 666 664 665
f 389 367 369
f 675 683 676
f 393 394 395
f 365 389 149
f 33 2 27
f 229 128 228
f 228 128 133
f 398 123 127
f 748 747 746
f 405 404 406
f 751 749 750
f 401 407 402
f 740 737 736
f 757 737 739
f 1117 1114 1116
f 754 749 742
f 302 752 80
f 755 760 754
f 754 760 753
f 422 427 423
f 691 686 690
f 425 4 5
f 42 696 680
f 627 315 621
f 1034 1024 1033
f 1383 776 1384
f 1228 1475 1470
f 753 747 749
f 619 307 617
f 131 205 204
f 226 123 221
f 1326 1573 1574
f 1169 1633 1634
f 726 727 725
f 734 719 733
f 732 733 731
f 730 731 729
f 728 729 727
f 720 721 719
f 431 441 442
f 713 283 316
f 283 1414 712
f 443 444 450
f 450 444 965
f 450 965 451
f 452 450 451
f 450 452 453
f 600 289 99
f 126 214 215
f 126 215 218
f 126 218 217
f 126 217 216
f 206 130 207
f 626 315 627
f 133 224 227
f 471 1007 472
f 472 1007 116
f 395 394 478
f 483 472 396
f 121 122 486
f 486 122 485
f 436 404 430
f 502 501 258
f 528 517 518
f 507 119 508
f 501 503 258
f 1728 1710 1727
f 445 446 447
f 523 524 517
f 1184 1182 1183
f 264 520 113
f 519 522 534
f 264 113 7
f 542 541 538
f 832 828 826
f 543 556 540
f 547 548 549
f 592 1331 1330
f 553 559 554
f 1761 1751 1760
f 550 416 421
f 553 423 424
f 1312 1333 1334
f 564 560 561
f 362 565 568
f 568 566 362
f 297 644 642
f 569 379 364
f 569 387 379
f 569 484 387
f 571 570 470
f 570 571 572
f 572 571 573
f 573 571 574
f 573 574 575
f 420 419 544
f 580 575 574
f 582 581 858
f 858 581 580
f 544 426 420
f 746 722 720
f 748 720 735
f 587 983 579
f 585 586 587
f 587 1299 585
f 585 1299 589
f 585 589 590
f 585 590 591
f 585 591 592
f 591 1303 592
f 592 1303 593
f 583 594 587
f 587 594 588
f 584 1195 583
f 580 574 858
f 1680 1685 1686
f 544 583 426
f 601 840 598
f 259 200 199
f 197 259 199
f 606 335 772
f 614 615 307
f 307 619 620
f 293 73 108
f 511 901 902
f 1212 1243 1213
f 1604 1587 1603
f 1169 1166 1168
f 1319 1317 1318
f 667 661 662
f 608 327 607
f 169 253 252
f 976 1347 995
f 54 37 52
f 759 77 765
f 65 42 62
f 638 298 639
f 565 1067 568
f 641 298 326
f 371 381 374
f 148 384 366
f 374 380 375
f 375 363 377
f 376 374 375
f 378 375 377
f 674 675 661
f 582 597 1195
f 662 676 683
f 368 382 371
f 677 665 678
f 148 365 149
f 679 41 678
f 379 376 378
f 684 675 674
f 369 372 389
f 685 690 686
f 688 693 687
f 76 766 762
f 682 673 694
f 77 762 765
f 552 551 550
f 238 163 162
f 303 653 656
f 900 518 901
f 228 133 227
f 62 684 41
f 711 1425 288
f 288 1425 286
f 281 711 288
f 1386 281 712
f 630 311 313
f 630 313 629
f 311 630 308
f 308 630 631
f 296 643 646
f 657 303 658
f 296 646 305
f 305 646 745
f 745 646 648
f 745 648 647
f 715 716 459
f 1442 715 457
f 1442 457 718
f 457 717 718
f 429 587 579
f 719 735 720
f 1711 1710 1720
f 50 310 48
f 494 1014 1008
f 576 577 578
f 613 306 612
f 220 126 216
f 246 168 248
f 430 403 428
f 403 409 408
f 739 740 741
f 738 743 744
f 127 399 398
f 749 748 750
f 400 414 401
f 405 412 410
f 410 411 409
f 377 379 378
f 417 426 418
f 4 417 418
f 411 418 426
f 761 756 757
f 770 759 765
f 426 417 420
f 765 764 770
f 256 503 501
f 772 773 771
f 841 845 844
f 501 513 499
f 786 775 779
f 849 85 848
f 40 608 609
f 783 609 327
f 606 772 771
f 606 771 775
f 517 522 519
f 510 508 509
f 790 1639 794
f 493 490 494
f 791 789 294
f 791 294 792
f 525 536 540
f 485 491 486
f 39 294 45
f 1381 794 781
f 820 828 824
f 793 792 294
f 806 805 807
f 789 798 294
f 822 819 820
f 390 479 481
f 803 693 692
f 808 691 690
f 425 556 557
f 825 76 812
f 813 814 815
f 1681 1686 1687
f 822 820 823
f 812 824 825
f 762 769 814
f 1151 1142 1150
f 818 768 877
f 767 821 763
f 364 377 363
f 848 85 292
f 793 294 39
f 792 794 1639
f 1639 1641 792
f 293 825 830
f 122 491 485
f 1671 833 826
f 847 848 292
f 85 293 292
f 292 293 830
f 853 851 841
f 292 830 831
f 846 842 840
f 1537 1549 1538
f 677 684 674
f 779 780 781
f 1207 1243 1205
f 842 598 840
f 224 124 225
f 24 16 13
f 528 534 517
f 1459 1452 1458
f 779 775 780
f 841 842 846
f 779 787 786
f 689 797 855
f 856 857 858
f 859 862 560
f 560 862 1041
f 860 862 859
f 875 1842 864
f 864 1842 860
f 864 860 865
f 865 860 863
f 867 1420 868
f 1420 867 875
f 26 113 112
f 577 1860 870
f 577 871 872
f 874 1653 873
f 874 873 854
f 854 873 856
f 291 85 850
f 855 682 694
f 694 681 855
f 855 681 689
f 856 858 854
f 1195 544 582
f 855 869 682
f 876 724 723
f 878 1801 597
f 597 1801 596
f 880 879 1808
f 880 881 879
f 879 1777 1808
f 885 886 891
f 891 886 887
f 887 888 891
f 891 888 883
f 883 888 884
f 593 1704 1730
f 593 1730 889
f 1730 1713 889
f 889 1713 890
f 889 890 891
f 891 890 1715
f 891 1715 885
f 264 2 10
f 1542 723 892
f 892 893 1542
f 879 883 882
f 879 894 741
f 894 761 757
f 894 757 739
f 894 768 758
f 894 758 761
f 797 577 855
f 897 895 896
f 897 896 877
f 877 896 818
f 897 858 857
f 577 571 578
f 669 662 668
f 295 632 645
f 1095 1496 1497
f 1823 1839 1871
f 900 529 515
f 683 694 672
f 509 486 495
f 56 53 36
f 390 391 393
f 416 548 417
f 410 404 405
f 756 760 755
f 23 1 33
f 532 530 531
f 959 437 438
f 972 979 978
f 917 347 278
f 169 245 253
f 1325 1341 1342
f 939 917 277
f 487 489 494
f 496 491 492
f 186 1880 1895
f 1385 605 604
f 33 9 2
f 262 527 263
f 1461 1450 1460
f 559 557 558
f 1405 1428 1427
f 513 512 900
f 1577 1561 1578
f 498 901 499
f 901 524 902
f 902 255 256
f 902 256 511
f 523 902 524
f 900 498 513
f 901 518 517
f 436 435 434
f 900 515 528
f 899 496 898
f 795 781 794
f 76 825 293
f 286 1594 1590
f 906 268 907
f 907 268 908
f 908 268 909
f 909 268 286
f 909 286 904
f 565 362 934
f 912 913 918
f 348 347 916
f 304 649 653
f 564 562 563
f 1410 1393 1391
f 877 878 597
f 927 353 926
f 349 348 931
f 349 931 350
f 128 16 15
f 930 924 911
f 1387 875 1394
f 1389 1417 1395
f 698 702 700
f 1420 704 702
f 938 359 357
f 911 927 926
f 926 351 932
f 932 351 266
f 914 951 936
f 914 920 921
f 1520 1760 1528
f 161 271 351
f 358 355 357
f 769 758 768
f 1211 1200 1221
f 599 600 291
f 1720 1756 1711
f 1327 1326 1325
f 691 805 686
f 798 810 811
f 1313 998 1311
f 121 508 120
f 1719 1738 1743
f 1259 1260 1258
f 304 650 649
f 25 5 28
f 933 931 929
f 680 689 681
f 955 959 579
f 955 579 983
f 957 982 958
f 957 958 955
f 959 955 437
f 955 961 435
f 38 72 68
f 30 4 418
f 954 962 958
f 958 962 966
f 958 966 971
f 1439 716 1440
f 953 444 449
f 953 449 447
f 447 970 962
f 961 433 435
f 952 971 956
f 956 970 446
f 446 970 447
f 447 969 953
f 968 962 954
f 1450 1453 1441
f 453 452 976
f 976 452 974
f 1541 1547 1542
f 1464 1456 1463
f 1465 1456 1464
f 742 743 738
f 992 983 993
f 296 300 86
f 904 286 905
f 958 960 955
f 731 1433 729
f 965 452 451
f 973 967 980
f 980 967 954
f 796 792 793
f 982 957 983
f 469 1360 996
f 997 998 469
f 469 998 999
f 469 999 464
f 464 999 1000
f 464 1000 1001
f 1543 1005 1004
f 462 1002 717
f 1528 1747 1526
f 831 834 292
f 487 1008 489
f 489 1008 1010
f 489 1010 488
f 570 1008 1009
f 542 1029 536
f 570 572 1015
f 1035 581 1023
f 1008 1020 1010
f 1012 570 1009
f 482 480 1013
f 1013 480 1011
f 1013 1011 1014
f 493 489 898
f 898 489 1021
f 1021 489 488
f 539 541 1022
f 1022 541 898
f 538 541 1024
f 1024 541 539
f 558 543 1027
f 490 1007 1013
f 1676 1669 827
f 1027 555 554
f 1027 554 559
f 539 1030 1024
f 1024 1030 1031
f 1681 1671 1670
f 1026 581 582
f 545 1026 582
f 1023 581 1026
f 1023 1026 1024
f 1024 1026 1037
f 1029 1037 1027
f 561 560 1040
f 1833 1491 1845
f 1038 568 1065
f 702 699 700
f 507 117 119
f 1040 560 1041
f 1071 1068 1067
f 1071 1067 1070
f 1039 1067 564
f 1078 1085 1083
f 1811 1875 1851
f 1076 871 576
f 576 578 1086
f 1077 578 1087
f 1083 1087 567
f 1083 567 1084
f 1084 567 364
f 1088 1082 1084
f 1727 1758 1728
f 1326 1324 1325
f 1575 1326 1574
f 1313 1582 1583
f 870 1856 1857
f 1867 1852 1863
f 1038 1084 568
f 568 1084 364
f 1086 578 1077
f 1836 1870 1829
f 857 1667 1666
f 1666 1665 1664
f 1664 1663 1662
f 1662 1661 1660
f 1021 1122 898
f 1122 1022 898
f 1654 1637 1638
f 1667 1647 1665
f 1665 1648 1663
f 1661 1650 1659
f 1374 539 1022
f 1177 1175 1176
f 1336 1349 1337
f 477 479 478
f 1763 1748 1762
f 1854 1858 872
f 100 83 74
f 1628 1180 1627
f 1218 1244 1219
f 1726 1759 1727
f 1765 1759 1764
f 1202 1265 1220
f 942 912 941
f 1148 563 562
f 1584 1424 1425
f 1584 1426 1585
f 1613 1416 1614
f 988 1368 987
f 1466 1538 1539
f 1467 1539 1540
f 1468 1540 1541
f 1622 1421 1623
f 993 1373 992
f 915 1148 562
f 915 562 565
f 1142 910 267
f 845 1382 1383
f 371 373 372
f 1144 1125 1124
f 1149 1137 563
f 563 1137 564
f 1142 906 1150
f 1607 1608 1606
f 1328 1571 1572
f 430 437 436
f 1598 1586 1597
f 1137 1163 564
f 1144 910 1138
f 1149 563 1148
f 744 737 738
f 1170 1172 1171
f 1171 1631 1632
f 1173 1175 1174
f 1630 1177 1629
f 1176 1178 1177
f 1181 1183 1182
f 504 513 501
f 906 907 1150
f 1625 1609 1607
f 1626 1607 1606
f 1139 1145 1138
f 1628 1605 1604
f 1629 1604 1603
f 1630 1603 1602
f 1631 1602 1601
f 1110 1379 1112
f 317 679 664
f 1795 1703 1702
f 756 738 737
f 673 668 672
f 1205 1206 1207
f 1405 1403 1401
f 1212 1208 1211
f 1509 1700 1699
f 1200 1219 1201
f 1773 1780 1785
f 1221 1222 1223
f 4 28 5
f 372 397 389
f 1800 1793 1775
f 1198 1231 1229
f 1203 1224 1216
f 1224 1476 1214
f 1186 1475 1228
f 1198 1228 1231
f 1229 1231 1232
f 1236 583 1237
f 1238 1237 583
f 1195 1238 583
f 1237 1212 1213
f 1221 1212 1211
f 1794 1771 1770
f 1235 1234 1196
f 1291 1253 1254
f 1239 1227 1196
f 1196 1227 1233
f 1196 1233 1225
f 1771 1778 1779
f 1240 1215 1208
f 1782 1787 1786
f 1214 1241 1242
f 594 583 1209
f 1170 1169 1168
f 594 1247 588
f 1244 1248 1245
f 1250 1246 1251
f 1253 588 1247
f 1260 1261 1262
f 1250 1265 1266
f 1250 1266 1246
f 1246 1266 1267
f 1255 1206 1205
f 1767 1755 1756
f 1259 1223 1261
f 1533 1552 1534
f 1248 1218 1241
f 1248 1241 1471
f 1258 1260 1268
f 1262 1264 1268
f 1250 1251 1269
f 981 988 987
f 1744 1723 1710
f 1710 1742 1744
f 1215 1217 1208
f 1836 1829 1869
f 1406 1427 1426
f 601 603 599
f 257 507 500
f 527 534 114
f 1302 593 1303
f 1716 1718 1717
f 624 315 625
f 1725 1724 886
f 888 1718 1716
f 1718 887 1719
f 886 885 1725
f 1740 885 1715
f 1677 897 1683
f 1111 575 1110
f 1312 1315 1314
f 1316 1318 1317
f 1319 1321 1320
f 1577 1323 1576
f 1322 1324 1323
f 1327 1329 1328
f 997 1332 998
f 1183 1151 1184
f 1581 1557 1582
f 1179 1153 1181
f 1578 1560 1579
f 899 512 497
f 802 799 801
f 1172 1158 1173
f 1573 1567 1574
f 889 1570 1571
f 1774 1780 1773
f 770 822 823
f 997 1348 1332
f 1354 1349 1350
f 1567 1548 1566
f 1345 1357 585
f 585 1357 586
f 424 557 553
f 687 799 689
f 1532 1552 1533
f 1535 1549 1536
f 1616 1620 1615
f 1539 1548 1540
f 1540 1547 1541
f 997 996 1348
f 1362 1346 1347
f 1352 586 1357
f 1605 1591 1604
f 995 453 976
f 942 1126 1127
f 1461 1533 1534
f 1462 1534 1535
f 1465 1537 1538
f 949 1133 1134
f 983 587 993
f 993 587 586
f 693 801 687
f 1145 1144 1138
f 1469 1541 1542
f 1621 1422 1622
f 1516 1696 1695
f 1587 1588 1586
f 478 475 477
f 1668 1654 1638
f 833 1689 1668
f 1123 1120 1122
f 1119 1116 1118
f 1194 1192 597
f 1685 1664 1662
f 1684 1666 1664
f 1010 1121 1123
f 1655 790 1637
f 1376 1031 1375
f 1017 1113 1115
f 1678 1683 1684
f 1694 1707 1709
f 1382 777 1383
f 1382 843 835
f 1745 1726 1710
f 1384 774 1385
f 1384 841 844
f 1385 602 851
f 1385 851 852
f 1385 852 853
f 773 1385 771
f 771 1385 774
f 775 1384 776
f 844 1383 1384
f 782 1382 781
f 1382 832 1381
f 17 22 34
f 361 359 934
f 45 44 64
f 1769 1779 1809
f 1258 1268 1256
f 1682 1687 1688
f 1222 1261 1223
f 1103 1499 1477
f 907 1185 1184
f 920 914 936
f 97 108 98
f 302 746 747
f 482 1007 471
f 388 372 373
f 360 357 359
f 366 367 365
f 1000 1313 1583
f 43 294 798
f 1160 1137 1147
f 680 687 689
f 327 778 783
f 39 787 793
f 29 112 114
f 1619 1399 1621
f 1633 1600 1599
f 1200 1201 1202
f 527 112 113
f 796 781 795
f 1144 267 910
f 824 823 820
f 219 123 126
f 222 123 223
f 114 115 29
f 23 13 12
f 1012 473 570
f 1040 1072 561
f 1413 1401 1386
f 1197 1195 1196
f 462 1543 1003
f 994 980 954
f 313 311 312
f 1536 1549 1537
f 1103 1477 1102
f 830 828 831
f 685 798 811
f 301 92 300
f 762 767 763
f 297 645 644
f 516 515 542
f 712 1415 1386
f 537 1027 543
f 1413 712 1414
f 914 921 923
f 947 914 946
f 948 914 947
f 923 930 913
f 939 267 1144
f 1386 711 281
f 922 919 938
f 1420 1407 704
f 704 1407 706
f 357 922 938
f 1414 1388 1408
f 1411 1410 1412
f 1414 1412 1413
f 928 932 933
f 1455 1447 1441
f 1413 1415 712
f 902 260 259
f 1410 1413 1412
f 621 315 622
f 929 930 911
f 1016 570 1015
f 1417 1420 875
f 1417 875 1387
f 1420 1417 1419
f 1395 1418 1389
f 1389 1420 1419
f 938 935 934
f 983 992 991
f 950 914 949
f 1772 1792 1798
f 1394 1421 1387
f 1387 1423 1395
f 936 938 920
f 286 1425 1424
f 872 1101 1854
f 941 912 940
f 1403 1405 1404
f 1403 1386 1401
f 355 927 922
f 353 351 926
f 316 1388 713
f 713 1388 1409
f 713 1409 1414
f 1894 117 1883
f 1411 1408 1407
f 1220 1200 1202
f 1393 1395 1391
f 963 954 967
f 1433 1432 893
f 893 892 1433
f 1434 1435 1433
f 1447 1438 1441
f 1436 1446 1447
f 925 922 927
f 1447 1448 1438
f 1902 1901 1879
f 348 918 931
f 953 964 965
f 926 932 911
f 1442 1445 715
f 715 1445 716
f 716 1445 1440
f 79 760 766
f 1430 1447 1446
f 1430 1446 1449
f 731 733 1446
f 714 1430 1449
f 43 70 50
f 1446 719 1449
f 1448 1430 714
f 1443 714 716
f 965 975 974
f 1393 1418 1395
f 994 982 981
f 1432 1456 1469
f 975 978 977
f 972 984 979
f 972 985 984
f 981 989 988
f 471 483 482
f 1432 1469 1542
f 1434 731 1446
f 1441 1445 1442
f 1438 1431 1441
f 919 937 938
f 614 306 613
f 708 705 706
f 304 651 650
f 546 545 419
f 1440 1441 1439
f 578 569 364
f 1191 1189 1810
f 1845 1491 1042
f 606 327 335
f 441 440 439
f 983 957 955
f 873 1647 1646
f 1249 1471 1472
f 1270 1473 1271
f 241 163 242
f 1280 1278 1691
f 303 657 454
f 1703 1523 1702
f 1475 1187 1690
f 1237 1207 1236
f 1470 1232 1231
f 1200 1242 1241
f 130 206 209
f 1865 1483 1878
f 1483 1489 1485
f 250 167 247
f 1487 1488 1489
f 221 123 222
f 1487 1822 1488
f 1490 1491 1831
f 1494 1058 1048
f 1442 1450 1441
f 1494 1096 1058
f 1494 1055 1056
f 1496 1108 1098
f 1496 1094 1108
f 829 826 828
f 1497 1093 1107
f 616 307 615
f 928 929 911
f 1498 1103 1090
f 530 534 533
f 1352 1353 586
f 753 78 752
f 1474 1271 1473
f 366 383 368
f 1563 1566 1562
f 1405 711 1404
f 940 1124 1125
f 1585 1427 1611
f 1711 1755 1712
f 660 665 661
f 1623 1394 864
f 1395 1398 1397
f 1580 1558 1581
f 1531 1552 1532
f 1315 1334 1335
f 1318 1336 1337
f 368 370 369
f 1170 1159 1172
f 859 1596 860
f 1615 1593 1592
f 1408 706 1407
f 406 401 405
f 1466 1456 1465
f 1446 1435 1434
f 555 553 554
f 501 495 504
f 996 1349 1348
f 1319 1337 1338
f 808 807 805
f 1460 1532 1533
f 1316 1314 1315
f 595 1196 1195
f 1253 587 588
f 243 163 244
f 50 69 57
f 508 506 507
f 1100 1051 1097
f 1611 1615 1592
f 945 1129 1130
f 1277 1290 1289
f 1606 1591 1605
f 1321 1338 1339
f 1576 1563 1577
f 592 1345 585
f 84 290 101
f 853 1384 1385
f 307 308 309
f 1680 1670 1673
f 1121 1118 1120
f 1657 1652 1655
f 1116 1376 1118
f 817 814 816
f 921 924 930
f 80 78 79
f 1186 1189 1187
f 551 1027 1028
f 1405 1400 1391
f 1190 1187 1189
f 1688 1658 1656
f 1658 1657 1656
f 1379 1034 1378
f 837 291 850
f 1479 1861 1480
f 1455 1437 1436
f 46 58 39
f 7 27 2
f 1483 1482 1481
f 952 445 126
f 1691 1281 1280
f 312 314 315
f 842 602 598
f 877 879 881
f 1439 1444 1443
f 169 252 254
f 1769 1755 1768
f 1222 1200 1220
f 1764 1794 1765
f 464 1554 1005
f 1694 1709 1692
f 1165 560 1164
f 1200 1241 1218
f 548 419 417
f 422 550 421
f 814 767 762
f 706 703 704
f 1359 1351 1360
f 1825 1826 1824
f 34 20 18
f 816 769 768
f 1620 1586 1588
f 1262 1268 1260
f 1375 1030 1374
f 1456 1441 1453
f 89 87 86
f 685 42 43
f 1250 1268 1264
f 561 1070 1039
f 662 672 668
f 846 843 841
f 1840 1871 1839
f 1390 1410 1407
f 1180 1626 1627
f 982 991 990
f 402 400 401
f 1599 1586 1598
f 693 696 692
f 1166 1161 1168
f 815 1675 813
f 388 397 372
f 474 470 473
f 1636 1167 1635
f 956 966 970
f 1659 1651 1657
f 1086 1077 1074
f 20 123 124
f 1474 1276 1274
f 1220 1263 1222
f 974 975 976
f 1816 1845 1043
f 1736 1735 1721
f 1713 1733 1735
f 1743 1739 1742
f 1721 1697 1736
f 943 913 942
f 1736 1697 1737
f 291 838 599
f 1356 1341 1355
f 1829 1822 1831
f 1180 1178 1179
f 605 772 335
f 1693 1694 1692
f 1317 1578 1579
f 724 725 723
f 1140 1141 1143
f 1559 1562 1553
f 76 108 105
f 105 107 76
f 1600 1586 1599
f 1788 1776 1808
f 1178 1154 1179
f 1833 1868 1869
f 1204 1214 1240
f 317 663 318
f 1569 891 1548
f 542 899 898
f 416 417 421
f 946 923 945
f 257 502 258
f 717 1002 1457
f 977 1347 975
f 978 1362 977
f 1611 1428 1612
f 1458 1530 1531
f 1614 1402 1616
f 1616 1396 1617
f 1762 1750 1761
f 989 1369 988
f 991 1371 990
f 1350 1351 1354
f 104 98 106
f 1167 1164 1166
f 1552 1545 1549
f 1003 1543 1552
f 1006 1554 1553
f 1712 1752 1717
f 1554 1001 1555
f 1201 1266 1202
f 1595 1591 1594
f 1335 1349 1336
f 423 552 422
f 519 534 527
f 1357 1343 1356
f 690 811 808
f 1552 1002 1003
f 891 1542 1547
f 482 481 480
f 1364 1354 1346
f 811 809 808
f 1552 1531 1530
f 1005 1006 1550
f 1550 1006 1553
f 1334 1349 1335
f 1552 1544 1546
f 1545 1546 1562
f 1356 1354 1353
f 1572 1573 1328
f 1575 1576 1323
f 1577 1578 1320
f 1579 1580 1317
f 1581 1582 1314
f 1001 1000 1555
f 1332 1311 998
f 1176 1155 1178
f 1175 1156 1176
f 1322 1339 1340
f 1164 1162 1166
f 560 1163 1164
f 903 1584 1585
f 1263 1262 1261
f 863 860 1620
f 1620 860 1586
f 1885 138 139
f 1593 1587 1591
f 1590 1594 1591
f 1589 1590 1608
f 1608 1590 1591
f 1347 1358 995
f 1140 1144 1139
f 1589 904 905
f 1586 860 1596
f 1156 1147 1141
f 1348 1334 1333
f 1589 1610 904
f 1595 1594 903
f 1138 910 1139
f 1595 903 1592
f 1592 903 1585
f 1125 1136 1126
f 1127 1136 1128
f 1562 1544 1553
f 1148 1135 1149
f 1587 1593 1615
f 1136 1147 1149
f 1620 865 863
f 1394 875 864
f 992 1372 991
f 948 1132 1133
f 947 1131 1132
f 987 1367 986
f 943 1127 1128
f 1459 1531 1532
f 941 1125 1126
f 1424 903 286
f 1314 1580 1581
f 1625 1626 1182
f 1628 1629 1177
f 1630 1631 1174
f 986 1366 985
f 1632 1633 1171
f 1209 1247 594
f 1571 1569 1572
f 1834 1872 1871
f 1582 1556 1583
f 1316 1335 1336
f 1579 1559 1580
f 1324 1340 1341
f 1243 1255 1205
f 904 1610 909
f 1637 790 794
f 1637 794 1638
f 802 1645 800
f 1643 807 1644
f 1644 807 809
f 353 354 352
f 829 827 1669
f 1643 806 807
f 1678 895 1677
f 1035 1023 1034
f 1032 1024 1031
f 1651 1639 1652
f 1652 1639 790
f 1642 1653 800
f 800 1653 874
f 873 1653 1640
f 385 387 386
f 1640 1642 1639
f 475 474 473
f 488 1123 1021
f 1689 1656 1654
f 1656 1655 1654
f 1118 1375 1120
f 1306 1706 1305
f 1672 1688 1689
f 1019 1117 1119
f 1018 1115 1117
f 1380 1035 1379
f 1015 573 1111
f 1638 826 1668
f 1668 826 833
f 1638 832 826
f 825 824 828
f 1671 1672 833
f 810 1644 809
f 895 1673 1674
f 1674 1673 1676
f 789 1641 1644
f 1675 827 828
f 1673 1670 1676
f 1033 1024 1032
f 1674 1676 896
f 1674 896 895
f 820 819 1675
f 575 1380 1110
f 580 1036 1380
f 1113 1110 1112
f 1120 1374 1122
f 1378 1033 1377
f 1377 1032 1376
f 1020 1119 1121
f 535 534 530
f 53 47 38
f 927 924 925
f 1694 1516 1722
f 1722 1516 1695
f 1516 1526 1737
f 1526 1723 1698
f 449 443 448
f 1523 1690 1702
f 840 849 848
f 1467 1456 1466
f 17 19 128
f 1509 1699 1781
f 982 990 989
f 1705 1704 1309
f 1464 1536 1537
f 1543 1544 1552
f 1279 1284 1283
f 515 534 521
f 484 386 387
f 1152 1142 1151
f 1046 1043 1042
f 804 1643 1645
f 1147 1143 1141
f 803 802 801
f 386 476 385
f 72 60 67
f 547 1025 1026
f 1190 1191 1810
f 1219 1267 1201
f 412 3 418
f 951 1135 915
f 1693 1691 1516
f 763 764 765
f 1763 1773 1785
f 843 834 835
f 469 995 1358
f 692 805 803
f 1825 1877 1826
f 950 1134 1135
f 1255 1256 1254
f 1049 1494 1050
f 1903 1881 1885
f 1306 1305 1298
f 1112 1378 1114
f 127 415 400
f 856 1646 1667
f 1660 1659 1658
f 401 413 405
f 1691 1308 1307
f 1711 1712 1718
f 1300 1299 1291
f 1268 1254 1256
f 1082 1081 1084
f 1276 1289 1288
f 1583 1555 1000
f 1270 1268 1269
f 1285 1300 1291
f 1710 1726 1727
f 73 104 106
f 1710 1728 1720
f 1691 1307 1281
f 1283 1306 1298
f 1708 1694 1722
f 1721 1695 1696
f 1730 1732 1713
f 1697 1721 1696
f 1697 1696 1516
f 1732 1721 1733
f 1737 1526 1739
f 1739 1526 1742
f 1742 1526 1698
f 1274 1285 1272
f 1744 1742 1698
f 1744 1698 1723
f 1272 1285 1291
f 1271 1268 1270
f 1269 1252 1249
f 882 883 1746
f 1747 1748 1749
f 1246 1244 1245
f 884 888 1716
f 1751 1750 1747
f 1252 1246 1245
f 1746 1754 882
f 882 1754 879
f 1751 1747 1528
f 883 884 1746
f 1746 884 1716
f 1247 1254 1253
f 1257 1258 1256
f 759 823 812
f 1749 1726 1747
f 1747 1726 1745
f 1528 1760 1751
f 1717 1746 1716
f 1752 1769 1753
f 1199 1229 1230
f 813 821 814
f 881 880 1776
f 879 1754 1777
f 1775 1788 1783
f 1778 1771 1794
f 1794 1786 1778
f 1778 1786 1788
f 1784 1800 1699
f 1762 1761 1773
f 1182 1624 1625
f 1764 1763 1785
f 1804 1789 1798
f 1798 1789 1799
f 1790 1804 1791
f 1791 1804 1798
f 1216 1225 1226
f 1071 1056 1062
f 1761 1774 1773
f 1827 1870 1839
f 1188 1228 1198
f 1703 1795 1796
f 1772 1797 1514
f 1514 1523 1772
f 1772 1703 1796
f 1797 1800 1701
f 1797 1701 1514
f 1801 878 1802
f 881 1803 877
f 877 1803 1802
f 597 1235 595
f 881 1776 1803
f 1805 1806 1807
f 1789 1804 1805
f 1789 1807 1799
f 1799 1807 1793
f 1793 1807 1806
f 1793 1806 1775
f 1238 1240 1237
f 1782 1774 1781
f 1783 1781 1699
f 1699 1700 1784
f 1766 1770 1767
f 1767 1770 1771
f 1233 1227 1199
f 1800 1775 1699
f 1800 1784 1513
f 1800 1513 1701
f 1753 1769 1809
f 1776 1775 1805
f 1686 1662 1660
f 1810 1790 1791
f 1791 1796 1795
f 1683 857 1666
f 596 1193 1194
f 1042 1491 1049
f 1046 1044 1815
f 1855 1101 1477
f 871 1076 1818
f 1044 1047 1846
f 1828 1489 1821
f 1821 1489 1488
f 1821 1488 1830
f 1830 1488 1822
f 972 986 985
f 1089 1065 1064
f 1850 1834 1835
f 1062 1068 1071
f 1841 1834 1840
f 867 1835 1834
f 1841 1842 875
f 1841 875 1834
f 1834 875 867
f 1841 1840 1842
f 1040 1063 1072
f 1073 1044 1045
f 1044 1073 1040
f 1846 862 1868
f 1868 1843 1869
f 1868 862 1843
f 862 860 1843
f 1843 860 861
f 1843 861 1814
f 1814 861 860
f 1838 1847 1814
f 1838 1814 1842
f 1842 1814 860
f 1853 870 1848
f 1077 1104 1074
f 1082 1088 1089
f 1860 577 872
f 161 352 151
f 1812 577 1853
f 1853 577 870
f 1835 1811 1874
f 1835 1874 1850
f 1710 1723 1745
f 1858 870 1859
f 1105 1091 1104
f 1722 1731 1708
f 1085 1106 1077
f 1859 872 1858
f 1286 1295 1292
f 1069 1057 1070
f 1878 1484 1873
f 1873 1484 1877
f 1877 1484 1485
f 1824 1485 1489
f 1824 1489 1823
f 1823 1489 1827
f 1827 1489 1828
f 1862 1861 1866
f 1092 1091 1105
f 1078 1092 1106
f 1853 1852 1864
f 1864 1852 1813
f 1087 1083 1085
f 1645 1642 800
f 1813 1811 866
f 866 1811 868
f 1816 1846 1868
f 1100 1109 1099
f 1109 1108 1099
f 1097 1098 1109
f 866 1812 1813
f 1861 1848 1480
f 1215 1240 1214
f 1818 872 871
f 867 868 1835
f 1835 868 1811
f 1852 1876 1813
f 1372 586 1353
f 1061 1052 1064
f 1846 1041 862
f 1432 1437 1456
f 103 84 101
f 1249 1248 1471
f 1392 1391 1395
f 1853 1848 1863
f 1388 708 1408
f 1602 1587 1601
f 980 987 986
f 1203 1230 1229
f 818 817 816
f 985 1365 984
f 1463 1535 1536
f 946 1130 1131
f 1764 1749 1763
f 1612 1429 1613
f 480 479 1011
f 1534 1549 1535
f 1355 1339 1349
f 1243 1259 1257
f 1080 1107 1079
f 1265 1264 1263
f 564 561 1039
f 1797 1772 1799
f 1149 1130 1136
f 599 840 601
f 1181 1152 1183
f 1627 1606 1605
f 1634 1599 1598
f 1545 1552 1546
f 1331 889 1571
f 1227 1239 1198
f 1728 1757 1720
f 944 1128 1129
f 1615 1588 1587
f 979 1363 978
f 546 547 545
f 1173 1171 1172
f 990 1370 989
f 1575 1564 1576
f 1802 1805 1804
f 69 54 55
f 1108 1094 1107
f 1699 1775 1783
f 1400 1410 1391
f 504 491 497
f 1236 1209 583
f 714 1444 1448
f 718 1451 1442
f 1463 1453 1462
f 1422 1423 1387
f 984 1364 979
f 1632 1601 1600
f 1574 1565 1575
f 1327 1342 1343
f 1329 1343 1344
f 924 921 925
f 225 124 226
f 1516 1694 1693
f 1091 1497 1498
f 755 742 738
f 1687 1660 1658
f 1679 1684 1685
f 46 64 59
f 1790 1193 596
f 1281 1307 1284
f 1115 1112 1114
f 1663 1649 1661
f 1016 1111 1113
f 256 499 511
f 202 260 523
f 1639 1649 1640
f 509 502 500
f 462 1003 1002
f 298 637 636
f 949 914 948
f 1097 1494 1496
f 1601 1587 1600
f 764 821 822
f 1399 1395 1423
f 1323 1321 1322
f 1059 1058 1057
f 1074 1103 1075
f 1520 1781 1774
f 476 394 385
f 558 556 543
f 839 291 837
f 1836 1869 1843
f 1550 1004 1005
f 1273 1272 1474
f 859 1165 1636
f 1181 1180 1179
f 848 847 834
f 600 84 291
f 1556 1554 1555
f 1635 1169 1634
f 1621 865 1620
f 1078 1079 1093
f 1766 1756 1757
f 258 189 257
f 550 549 548
f 385 392 379
f 1357 1353 1352
f 1472 1269 1249
f 28 26 25
f 1448 1431 1438
f 785 779 793
f 1114 1377 1116
f 1307 1310 1306
f 1304 1692 1709
f 1308 1304 1707
f 1407 1410 1411
f 26 29 25
f 671 668 670
f 1468 1456 1467
f 1557 1553 1556
f 1269 1251 1252
f 1743 1718 1719
f 1551 1543 1550
f 1206 1247 1210
f 1287 1296 1295
f 704 701 702
f 1330 1344 1345
f 431 432 433
f 1572 1568 1573
f 1635 1598 1597
f 1810 1791 1190
f 1538 1549 1539
f 438 428 429
f 223 123 219
f 721 714 1449
f 1706 1731 1705
f 433 952 431
f 805 804 803
f 1754 1752 1753
f 1765 1757 1758
f 1618 1398 1619
f 520 527 113
f 1530 1457 1002
f 1275 1287 1274
f 1184 1150 907
f 1106 1105 1077
f 1717 1718 1712
f 1729 1738 1741
f 1289 1298 1293
f 1075 1101 1076
f 1293 1302 1303
f 1715 890 1714
f 1734 890 1713
f 1152 1141 1139
f 1126 1136 1127
f 1609 1589 1608
f 1369 1353 1354
f 1874 1878 1873
f 1849 1876 1875
f 1225 1204 1240
f 1480 1857 1856
f 540 526 525
f 1882 1884 149
f 1080 1083 1084
f 1216 1224 1214
f 334 604 338
f 1779 1808 1809
f 1460 1452 1459
f 582 419 545
f 1168 1160 1170
f 1348 1333 1332
f 1636 1597 1596
f 1782 1788 1787
f 1462 1453 1461
f 1063 1059 1072
f 1297 1303 1301
f 1054 1040 1073
f 533 531 530
f 1040 1041 1044
f 1805 1807 1789
f 846 848 834
f 606 778 327
f 77 812 76
f 1066 1068 1062
f 1185 909 1624
f 1275 1288 1296
f 1873 1872 1874
f 1062 1052 1061
f 1402 1405 1392
f 945 923 944
f 944 913 943
f 777 781 780
f 1056 1055 1062
f 1837 1838 1842
f 298 638 637
f 1729 1714 1736
f 38 36 53
f 1072 1059 1069
f 1610 1624 909
f 1817 1076 1101
f 12 1 23
f 74 83 75
f 149 389 397
f 1889 1887 136
f 94 83 81
f 75 83 93
f 186 1883 117
f 612 306 611
f 119 1897 508
f 1884 1885 139
f 87 88 86
f 1886 138 137
f 1886 137 139
f 310 49 48
f 136 138 1889
f 1889 138 1881
f 1893 1880 1888
f 1892 1902 1879
f 1902 1892 1891
f 1891 1892 1898
f 1891 1898 1893
f 95 98 102
f 38 68 36
f 68 58 56
f 101 100 103
f 58 59 64
f 1898 1879 120
f 120 1879 121
f 120 508 1898
f 1898 508 1897
f 67 40 58
f 295 634 633
f 1899 391 116
f 1899 116 1902
f 1879 1901 121
f 1891 1903 1900
f 64 63 56
f 115 6 25
f 1901 122 121
f 70 65 62
f 20 19 18
f 1411 1414 1408
f 69 51 54
f 107 109 110
f 1779 1767 1771
f 391 149 397
f 96 109 107
f 1900 1885 1882
f 623 275 276
f 63 44 43
f 536 543 540
f 93 74 75
f 447 968 969
f 611 309 308
f 538 1029 542
f 1008 487 494
f 1393 1390 1418
f 1765 1770 1766
f 892 725 1433
f 969 963 967
f 203 130 209
f 1509 1784 1700
f 1722 1705 1731
f 434 433 432
f 1073 1045 1049
f 784 779 781
f 1436 1435 1446
f 1897 119 1896
f 600 99 290
f 1432 1433 1437
f 409 426 583
f 1142 268 906
f 1780 1786 1794
f 842 841 851
f 1392 1397 1396
f 318 275 312
f 663 710 318
f 666 707 663
f 660 705 666
f 667 703 660
f 669 701 667
f 671 699 669
f 869 697 671
f 352 383 384
f 354 382 383
f 356 381 382
f 358 380 381
f 360 363 380
f 735 750 748
f 751 734 732
f 732 743 751
f 744 730 728
f 728 736 744
f 740 726 724
f 741 724 876
f 100 95 102
f 1895 1894 186
f 43 50 57
f 57 63 43
f 236 235 163
f 1203 1229 1470
f 1887 1888 1880
f 391 1882 149
f 1896 119 1895
f 1880 1893 1890
f 570 473 470
f 11 35 9
f 139 138 1886
f 88 90 93
f 34 22 15
f 13 16 21
f 1893 1881 1903
f 1892 1879 1898
f 1898 1896 1893
f 104 102 98
f 95 100 74
f 11 9 33
f 1792 1796 1791
f 5 25 6
f 104 103 102
f 109 90 89
f 1895 1890 1896
f 427 4 425
f 32 20 28
f 139 149 1884
f 110 80 79
f 138 135 165
f 23 34 16
f 13 21 14
f 68 56 36
f 1478 1855 1477
f 68 72 67
f 1898 1897 1896
f 1882 391 1899
f 1012 477 475
f 68 67 58
f 128 229 213
f 139 140 149
f 18 17 34
f 1800 1797 1799
f 24 13 23
f 119 117 1894
f 652 651 745
f 159 141 140
f 10 35 111
f 439 123 398
f 428 403 408
f 434 407 406
f 432 402 407
f 402 432 442
f 441 398 399
f 123 32 127
f 32 30 127
f 439 440 125
f 125 440 952
f 126 125 952
f 308 37 49
f 312 50 70
f 359 938 934
f 1312 1314 1313
f 520 264 263
f 1448 1447 1430
f 389 365 367
f 88 295 296
f 2 8 7
f 115 540 6
f 1754 1753 1809
f 1489 1483 1486
f 1052 1053 1051
f 1893 1903 1891
f 21 16 14
f 1018 1019 1008
f 1038 1088 1084
f 965 973 972
f 41 684 677
f 395 478 479
f 396 390 481
f 1155 1156 1141
f 1059 1050 1494
f 45 64 39
f 1819 1820 872
f 1028 1025 549
f 1124 939 1144
f 614 307 306
f 237 236 163
f 1682 1672 1671
f 73 84 104
f 1491 1493 1492
f 1231 1228 1470
f 604 605 337
f 579 959 438
f 308 631 610
f 448 445 447
f 169 165 135
f 1048 1059 1494
f 131 130 203
f 1007 122 116
f 452 965 974
f 303 304 653
f 249 248 167
f 1890 1893 1896
f 138 164 137
f 139 137 134
f 134 159 139
f 1433 1435 1437
f 745 304 722
f 304 303 722
f 460 721 303
f 721 722 303
f 302 80 110
f 137 164 162
f 162 134 137
f 152 151 150
f 384 150 151
f 141 160 142
f 160 159 158
f 158 142 160
f 158 157 143
f 157 156 144
f 156 155 145
f 155 154 146
f 314 312 275
f 154 152 147
f 745 110 91
f 138 165 164
f 23 33 26
f 335 337 605
f 623 622 315
f 1498 1090 1091
f 1872 1824 1871
f 26 27 7
f 316 275 710
f 709 710 707
f 697 868 698
f 700 699 697
f 297 296 295
f 415 30 3
f 241 240 163
f 1900 1903 1885
f 224 133 124
f 130 208 207
f 912 918 916
f 541 542 898
f 1136 1130 1129
f 26 34 23
f 869 671 670
f 664 679 678
f 674 661 665
f 676 662 661
f 1190 1791 1795
f 682 869 670
f 1173 1158 1157
f 1617 1396 1397
f 666 663 664
f 42 683 684
f 763 765 762
f 694 683 680
f 675 684 683
f 1054 1060 1063
f 413 414 3
f 748 749 747
f 751 742 749
f 740 739 737
f 757 756 737
f 1117 1115 1114
f 754 753 749
f 302 747 752
f 42 680 683
f 444 953 965
f 680 695 694
f 42 686 696
f 1034 1023 1024
f 1617 1618 1620
f 1383 777 776
f 1490 1831 1822
f 752 78 80
f 753 752 747
f 1719 887 886
f 43 44 294
f 1025 1028 1026
f 226 124 123
f 1124 917 939
f 1326 1328 1573
f 1169 1171 1633
f 726 728 727
f 734 735 719
f 732 734 733
f 730 732 731
f 728 730 729
f 720 722 721
f 130 128 210
f 713 1414 283
f 281 283 712
f 454 455 303
f 130 210 208
f 245 135 168
f 72 71 61
f 578 571 470
f 609 608 607
f 53 37 47
f 536 516 542
f 536 537 543
f 792 796 795
f 126 465 214
f 436 406 404
f 936 935 938
f 836 837 850
f 783 39 609
f 778 606 775
f 256 258 503
f 1184 1185 1182
f 506 510 500
f 1414 1409 1388
f 850 840 836
f 500 510 509
f 565 934 936
f 832 831 828
f 491 495 486
f 1690 1523 1475
f 1568 1569 1548
f 831 832 835
f 592 593 1331
f 1349 1338 1337
f 1761 1750 1751
f 1312 1311 1333
f 768 894 877
f 934 362 361
f 362 566 361
f 566 568 364
f 364 567 1087
f 1087 578 364
f 361 566 363
f 566 364 363
f 577 869 855
f 874 574 577
f 574 874 854
f 874 577 797
f 746 745 722
f 587 408 583
f 408 409 583
f 748 746 720
f 1542 891 883
f 897 877 597
f 1680 1679 1685
f 1385 604 602
f 259 260 200
f 902 259 255
f 197 255 259
f 1249 1252 1245
f 559 558 1027
f 5 6 556
f 313 624 628
f 1449 719 721
f 511 499 901
f 1136 1143 1147
f 611 306 309
f 1489 1486 1487
f 1893 1888 1881
f 912 916 917
f 307 618 617
f 647 652 745
f 1212 1223 1243
f 1604 1591 1587
f 1169 1167 1166
f 1319 1320 1317
f 667 660 661
f 608 71 327
f 1186 1187 1475
f 976 975 1347
f 54 51 37
f 1542 893 1432
f 65 66 42
f 388 392 397
f 565 562 1067
f 371 382 381
f 148 150 384
f 1747 1745 1526
f 374 381 380
f 375 380 363
f 376 388 374
f 378 376 375
f 582 897 597
f 368 383 382
f 148 366 365
f 385 379 387
f 379 388 376
f 369 370 372
f 597 595 1195
f 392 388 379
f 76 79 766
f 77 76 762
f 1208 1217 1242
f 1706 1708 1731
f 552 555 551
f 1162 1163 1137
f 568 1064 1065
f 900 528 518
f 1623 864 865
f 891 1547 1548
f 1107 1095 1497
f 62 42 684
f 1829 1831 1869
f 758 766 761
f 1017 1018 1008
f 234 233 162
f 920 937 925
f 30 418 3
f 9 10 2
f 789 791 792
f 233 232 162
f 429 428 587
f 1711 1718 1710
f 1481 1482 1861
f 486 508 121
f 327 609 607
f 300 92 86
f 1149 1132 1131
f 1894 1883 186
f 1099 1108 1107
f 610 611 308
f 576 871 577
f 514 540 115
f 921 920 925
f 542 515 529
f 903 1594 286
f 202 523 519
f 430 404 403
f 403 410 409
f 127 400 399
f 400 415 414
f 405 413 412
f 410 412 411
f 377 364 379
f 1822 1487 1490
f 695 681 694
f 4 427 417
f 391 392 393
f 414 415 3
f 411 412 418
f 534 515 533
f 527 114 112
f 1564 1565 1566
f 250 249 167
f 841 843 845
f 718 717 1451
f 837 836 839
f 1523 1703 1772
f 836 840 839
f 834 847 292
f 181 251 167
f 849 850 85
f 599 838 839
f 517 534 522
f 510 506 508
f 494 489 493
f 493 496 490
f 525 516 536
f 1676 817 896
f 827 829 828
f 820 1675 828
f 1362 1363 1346
f 822 821 819
f 390 393 479
f 425 5 556
f 1681 1680 1686
f 1558 1559 1553
f 1551 1544 1543
f 792 795 794
f 262 263 191
f 540 514 532
f 122 492 491
f 492 122 490
f 796 793 784
f 853 852 851
f 775 786 778
f 1474 1272 1271
f 507 506 500
f 1207 1213 1243
f 787 778 786
f 787 788 778
f 788 39 778
f 533 525 526
f 502 505 495
f 505 509 495
f 1491 1490 1493
f 773 772 605
f 24 23 16
f 525 533 515
f 528 521 534
f 305 745 301
f 26 7 113
f 1420 698 868
f 868 869 1812
f 577 1812 869
f 866 868 1812
f 1737 1697 1516
f 1195 584 544
f 1795 1702 1190
f 264 8 2
f 1542 883 879
f 1542 879 876
f 876 723 1542
f 739 741 894
f 741 876 879
f 584 583 544
f 577 574 571
f 19 17 18
f 669 667 662
f 1457 1451 717
f 469 1358 1360
f 1095 1094 1496
f 1823 1827 1839
f 1064 568 1067
f 174 118 117
f 780 776 777
f 1077 1087 1085
f 900 899 529
f 509 508 486
f 116 396 472
f 56 55 53
f 116 391 396
f 1216 1226 1233
f 390 396 391
f 416 550 548
f 56 58 64
f 933 266 273
f 507 257 174
f 410 403 404
f 756 761 760
f 71 608 61
f 532 514 530
f 40 609 39
f 917 916 347
f 1407 1389 1390
f 1847 1836 1814
f 1325 1324 1341
f 686 692 696
f 1876 1852 1866
f 680 696 688
f 496 497 491
f 1063 1060 1059
f 626 625 315
f 186 195 1880
f 477 1012 1011
f 1407 1420 1389
f 1199 1227 1198
f 1395 1417 1387
f 1385 773 605
f 1066 1062 1061
f 35 10 9
f 530 514 535
f 262 519 527
f 1461 1453 1450
f 559 553 557
f 716 460 459
f 1577 1563 1561
f 901 517 524
f 900 901 498
f 436 437 435
f 899 497 496
f 1474 1274 1273
f 1404 711 1386
f 711 1406 1425
f 564 1067 562
f 877 1802 878
f 1483 1484 1878
f 66 70 43
f 264 7 8
f 303 659 658
f 1389 1419 1417
f 1092 1093 1497
f 435 437 955
f 698 1420 702
f 1425 1406 1426
f 1416 1429 1405
f 1396 1402 1392
f 1051 1053 1097
f 1421 1422 1387
f 1456 1437 1455
f 246 245 168
f 1520 1774 1760
f 1902 116 122
f 358 356 355
f 1014 490 1013
f 624 313 315
f 774 775 771
f 769 762 758
f 599 603 600
f 1045 1044 1046
f 872 1820 1817
f 1720 1757 1756
f 1194 1193 1192
f 1327 1328 1326
f 691 808 805
f 798 789 810
f 1313 999 998
f 1719 1725 1738
f 1259 1261 1260
f 1860 1859 870
f 19 124 133
f 620 320 307
f 933 350 931
f 165 169 254
f 1056 1096 1494
f 1433 727 729
f 1433 725 727
f 30 31 4
f 1441 1431 1439
f 1439 1443 716
f 733 719 1446
f 295 298 634
f 1891 1900 1899
f 1292 1295 590
f 1458 1452 1451
f 1161 1162 1137
f 742 751 743
f 296 305 300
f 731 1434 1433
f 88 89 90
f 831 835 834
f 1653 1642 1640
f 960 958 961
f 1035 1036 581
f 1640 1648 1647
f 1640 1649 1648
f 1639 1651 1650
f 1643 1644 1642
f 1642 1641 1639
f 1216 1233 1203
f 490 122 1007
f 1645 1643 1642
f 1676 1671 1669
f 1675 1676 827
f 1454 1455 1441
f 1681 1682 1671
f 1679 1680 1673
f 1678 1679 1673
f 1824 1872 1825
f 1833 1844 1491
f 1827 1828 1870
f 1356 1343 1342
f 1491 1844 1832
f 1828 1829 1870
f 1491 1832 1869
f 1840 1839 1837
f 1840 1837 1842
f 702 701 699
f 507 174 117
f 1833 1845 1868
f 1845 1042 1043
f 1874 1872 1850
f 1811 1813 1875
f 1851 1874 1811
f 1859 1860 872
f 108 73 106
f 1864 1812 1853
f 1876 1865 1875
f 1785 1780 1794
f 1862 1867 1863
f 1224 1470 1476
f 1866 1865 1876
f 1875 1865 1878
f 1865 1866 1482
f 1727 1759 1758
f 1824 1826 1485
f 1326 1323 1324
f 1575 1323 1326
f 1830 1828 1821
f 1313 1314 1582
f 1429 1428 1405
f 1855 1856 1858
f 870 1858 1856
f 1848 870 1857
f 1867 1866 1852
f 1834 1850 1872
f 1874 1851 1875
f 1836 1847 1870
f 1869 1832 1833
f 857 856 1667
f 1666 1667 1665
f 1664 1665 1663
f 1662 1663 1661
f 1021 1123 1122
f 1122 1374 1022
f 1654 1655 1637
f 1667 1646 1647
f 1665 1647 1648
f 1661 1649 1650
f 1374 1030 539
f 1177 1174 1175
f 958 971 961
f 477 1011 479
f 1763 1749 1748
f 1854 1855 1858
f 1628 1177 1180
f 1218 1248 1244
f 1726 1749 1759
f 996 997 469
f 1765 1758 1759
f 1274 1287 1286
f 1202 1266 1265
f 942 913 912
f 1584 903 1424
f 1584 1425 1426
f 1613 1429 1416
f 988 1369 1368
f 1466 1465 1538
f 1467 1466 1539
f 1468 1467 1540
f 1622 1422 1421
f 993 586 1373
f 1142 1139 910
f 845 843 1382
f 371 374 373
f 1613 1614 1615
f 1614 1616 1615
f 1619 1621 1620
f 1607 1609 1608
f 1328 1331 1571
f 1561 1563 1562
f 430 438 437
f 744 736 737
f 1171 1174 1631
f 1630 1174 1177
f 504 497 513
f 1625 1624 1609
f 1626 1625 1607
f 1139 1144 1145
f 1628 1627 1605
f 1629 1628 1604
f 1630 1629 1603
f 1631 1630 1602
f 1110 1380 1379
f 317 41 679
f 1804 1790 1801
f 756 755 738
f 673 670 668
f 1806 1805 1775
f 1787 1788 1786
f 1149 1133 1132
f 515 521 528
f 4 31 28
f 1800 1799 1793
f 1772 1796 1792
f 1798 1792 1791
f 1799 1772 1798
f 1801 1802 1804
f 1778 1788 1808
f 1808 1777 1809
f 1237 1208 1212
f 1291 1299 1253
f 1781 1783 1782
f 1170 1171 1169
f 298 640 639
f 305 301 300
f 1767 1768 1755
f 1737 1739 1738
f 1738 1736 1737
f 1828 1830 1829
f 1149 1134 1133
f 1710 1743 1742
f 1725 1741 1738
f 1406 1405 1427
f 1302 1298 593
f 1715 1729 1740
f 1715 1714 1729
f 1735 1714 1734
f 888 887 1718
f 885 1740 1725
f 890 1734 1714
f 1706 1705 1309
f 1708 1706 1707
f 1677 895 897
f 1704 593 1309
f 1111 573 575
f 1304 1691 1692
f 1577 1320 1323
f 1183 1152 1151
f 1581 1558 1557
f 1179 1154 1153
f 1578 1561 1560
f 899 900 512
f 802 800 799
f 1172 1159 1158
f 1573 1568 1567
f 889 891 1570
f 1530 1002 1552
f 1595 1592 1593
f 1146 1136 1144
f 1553 1544 1551
f 1774 1782 1780
f 770 764 822
f 1549 1545 1566
f 1560 1561 1562
f 1567 1568 1548
f 424 425 557
f 687 801 799
f 1585 1611 1592
f 1612 1613 1615
f 1136 1129 1128
f 1616 1617 1620
f 1355 1341 1340
f 1539 1549 1548
f 1540 1548 1547
f 1553 1551 1550
f 1562 1566 1545
f 942 941 1126
f 1461 1460 1533
f 1462 1461 1534
f 1465 1464 1537
f 949 948 1133
f 1070 1057 1071
f 693 803 801
f 1557 1558 1553
f 1780 1782 1786
f 1469 1468 1541
f 1621 1399 1422
f 768 818 816
f 1230 1233 1199
f 478 476 475
f 1668 1689 1654
f 833 1672 1689
f 1123 1121 1120
f 1119 1117 1116
f 1685 1684 1664
f 1684 1683 1666
f 1010 1020 1121
f 1655 1652 790
f 1376 1032 1031
f 1017 1016 1113
f 1678 1677 1683
f 1694 1708 1707
f 1382 782 777
f 1384 775 774
f 965 964 973
f 844 845 1383
f 1382 835 832
f 17 15 22
f 361 360 359
f 1005 1554 1006
f 1224 1203 1470
f 1589 905 286
f 1456 1455 1454
f 1769 1768 1779
f 1089 1064 1100
f 1067 1066 1061
f 1682 1681 1687
f 1222 1263 1261
f 1103 1498 1499
f 1016 1017 1008
f 907 908 1185
f 417 427 421
f 97 96 108
f 1549 1566 1548
f 302 745 746
f 482 1013 1007
f 1863 1852 1853
f 385 393 392
f 1388 316 709
f 793 787 785
f 360 358 357
f 366 368 367
f 1000 999 1313
f 1725 1719 1724
f 1381 781 1382
f 930 918 913
f 1160 1161 1137
f 680 688 687
f 787 39 788
f 1418 1390 1389
f 642 643 297
f 29 26 112
f 1619 1398 1399
f 1633 1632 1600
f 796 784 781
f 1076 1820 1819
f 824 812 823
f 1473 1270 1269
f 114 514 115
f 1812 1864 1813
f 1076 1817 1820
f 1012 475 473
f 1413 1410 1401
f 1197 1238 1195
f 462 1005 1543
f 994 981 980
f 1037 1029 1024
f 1082 1099 1081
f 513 498 499
f 1645 802 804
f 257 189 174
f 830 825 828
f 685 43 798
f 301 91 92
f 297 295 645
f 310 308 49
f 516 525 515
f 537 1029 1027
f 118 186 117
f 923 921 930
f 939 277 267
f 918 930 931
f 922 925 919
f 357 355 922
f 1455 1436 1447
f 902 523 260
f 929 931 930
f 1016 1008 570
f 950 951 914
f 935 936 934
f 872 1817 1101
f 1403 1404 1386
f 355 353 927
f 353 161 351
f 963 968 954
f 920 938 937
f 1902 122 1901
f 954 958 994
f 348 916 918
f 953 967 964
f 953 969 967
f 961 971 952
f 79 78 760
f 440 431 952
f 964 967 973
f 973 980 972
f 975 972 978
f 981 982 989
f 471 472 483
f 1049 1492 1495
f 303 655 654
f 1014 494 490
f 775 776 780
f 1053 1055 1494
f 708 707 705
f 304 745 651
f 1405 1391 1392
f 1440 1445 1441
f 128 19 133
f 578 470 569
f 1191 1190 1189
f 441 431 440
f 873 1640 1647
f 303 656 655
f 245 169 135
f 1478 1479 1480
f 310 311 308
f 829 1669 826
f 928 933 929
f 303 654 659
f 753 760 78
f 545 547 1026
f 1477 1499 1478
f 366 384 383
f 1366 1367 1354
f 1563 1564 1566
f 298 641 640
f 248 168 167
f 1405 1406 711
f 940 917 1124
f 1585 1426 1427
f 1711 1756 1755
f 660 666 665
f 1623 1421 1394
f 1580 1559 1558
f 1060 1049 1050
f 799 800 797
f 1355 1349 1354
f 1315 1312 1334
f 1318 1316 1336
f 368 371 370
f 1170 1160 1159
f 859 1636 1596
f 1408 708 706
f 406 407 401
f 1354 1351 1346
f 555 552 553
f 501 502 495
f 996 1361 1349
f 1319 1318 1337
f 808 809 807
f 1460 1459 1532
f 1316 1317 1314
f 595 1235 1196
f 1253 1299 587
f 79 76 110
f 243 271 163
f 898 496 493
f 1101 1102 1477
f 1826 1877 1485
f 1100 1064 1051
f 298 636 635
f 1611 1612 1615
f 945 944 1129
f 1277 1283 1290
f 1606 1608 1591
f 1321 1319 1338
f 1576 1564 1563
f 592 1330 1345
f 235 242 163
f 853 841 1384
f 484 569 470
f 307 37 308
f 1680 1681 1670
f 1121 1119 1118
f 1657 1651 1652
f 1116 1377 1376
f 1702 1690 1187
f 817 815 814
f 1047 1041 1846
f 1186 1188 1189
f 551 555 1027
f 1405 1401 1400
f 1676 815 817
f 1483 1485 1484
f 1190 1702 1187
f 1688 1687 1658
f 1658 1659 1657
f 1379 1035 1034
f 1278 1280 1279
f 590 1295 591
f 240 244 163
f 1479 1481 1861
f 46 59 58
f 128 212 211
f 1483 1865 1482
f 952 956 445
f 313 628 629
f 447 449 448
f 61 608 40
f 832 1638 1381
f 794 1381 1638
f 842 851 602
f 1439 1448 1444
f 936 951 565
f 1769 1752 1755
f 1222 1221 1200
f 1764 1785 1794
f 51 48 49
f 464 1001 1554
f 574 854 858
f 1276 1278 1277
f 548 546 419
f 422 552 550
f 1361 996 1360
f 814 821 767
f 797 800 874
f 706 705 703
f 1359 1358 1351
f 34 28 20
f 816 814 769
f 1046 1815 1043
f 694 673 672
f 1375 1031 1030
f 951 915 565
f 1357 1345 1344
f 1456 1454 1441
f 685 686 42
f 1250 1269 1268
f 1019 1020 1008
f 561 1072 1070
f 662 683 672
f 596 1801 1790
f 846 834 843
f 1390 1393 1410
f 1044 1816 1815
f 1180 1182 1626
f 982 983 991
f 1695 1732 1705
f 402 399 400
f 1818 1819 872
f 1051 1064 1052
f 693 688 696
f 1166 1162 1161
f 815 1676 1675
f 514 114 534
f 474 484 470
f 1636 1165 1167
f 1350 1361 1351
f 956 971 966
f 1659 1650 1651
f 1618 1619 1620
f 1740 1729 1741
f 537 536 1029
f 20 32 123
f 1474 1278 1276
f 1220 1265 1263
f 1043 1815 1816
f 1296 1288 1301
f 1294 590 589
f 533 526 532
f 1816 1868 1845
f 1734 1713 1735
f 1736 1714 1735
f 1713 1732 1733
f 1838 1839 1870
f 1743 1738 1739
f 1280 1281 1284
f 1370 1371 1353
f 778 39 783
f 1356 1342 1341
f 1276 1275 1274
f 1829 1830 1822
f 1180 1177 1178
f 1317 1320 1578
f 724 726 725
f 1559 1560 1562
f 1895 119 1894
f 1863 1848 1862
f 1056 1058 1096
f 1819 1818 1076
f 100 102 103
f 105 108 107
f 1600 1587 1586
f 264 261 191
f 1788 1775 1776
f 1178 1155 1154
f 1204 1216 1214
f 1294 1292 590
f 1084 1081 1080
f 317 664 663
f 1569 1570 891
f 1480 1855 1478
f 1889 1888 1887
f 1064 1067 1061
f 1286 1294 1300
f 542 529 899
f 1509 1513 1784
f 946 914 923
f 1079 1107 1093
f 1069 1059 1057
f 257 500 502
f 1278 1279 1277
f 977 1362 1347
f 978 1363 1362
f 1611 1427 1428
f 1458 1451 1530
f 1614 1416 1402
f 1616 1402 1396
f 1762 1748 1750
f 989 1370 1369
f 991 1372 1371
f 1359 1360 1358
f 1356 1355 1354
f 1167 1165 1164
f 1712 1755 1752
f 1201 1267 1266
f 1595 1593 1591
f 423 553 552
f 1349 1339 1338
f 1277 1279 1283
f 1357 1344 1343
f 690 685 811
f 482 483 481
f 1368 1369 1354
f 1365 1366 1354
f 1364 1365 1354
f 811 810 809
f 1357 1356 1353
f 1332 1333 1311
f 1176 1156 1155
f 1175 1157 1156
f 1322 1321 1339
f 1164 1163 1162
f 560 564 1163
f 1263 1264 1262
f 1885 1881 138
f 1136 1146 1143
f 1347 1346 1358
f 1140 1146 1144
f 1159 1160 1147
f 1158 1159 1147
f 1157 1158 1147
f 1156 1157 1147
f 1154 1155 1141
f 1348 1349 1334
f 1125 1144 1136
f 1363 1364 1346
f 1562 1546 1544
f 1149 1135 1134
f 1148 915 1135
f 1149 1147 1137
f 992 1373 1372
f 948 947 1132
f 947 946 1131
f 987 1368 1367
f 943 942 1127
f 1459 1458 1531
f 941 940 1125
f 1314 1317 1580
f 986 1367 1366
f 1209 1210 1247
f 1571 1570 1569
f 1582 1557 1556
f 1316 1315 1335
f 1579 1560 1559
f 1324 1322 1340
f 1243 1257 1255
f 1676 1670 1671
f 353 355 354
f 1011 1008 1014
f 1678 1673 895
f 296 86 88
f 1026 1028 1037
f 475 476 474
f 488 1010 1123
f 1689 1688 1656
f 1656 1657 1655
f 1118 1376 1375
f 1306 1310 1706
f 1672 1682 1688
f 1019 1018 1117
f 1018 1017 1115
f 1380 1036 1035
f 1015 572 573
f 810 789 1644
f 1028 1027 1037
f 1452 1450 1442
f 789 792 1641
f 1008 1011 1009
f 575 580 1380
f 580 581 1036
f 1113 1111 1110
f 1120 1375 1374
f 1378 1034 1033
f 1377 1033 1032
f 1020 1019 1119
f 535 514 534
f 298 635 634
f 927 911 924
f 449 444 443
f 1622 1623 865
f 1054 1073 1049
f 840 850 849
f 1106 1092 1105
f 1476 1241 1214
f 263 264 191
f 1705 1730 1704
f 1464 1463 1536
f 1279 1280 1284
f 484 474 386
f 1152 1139 1142
f 804 806 1643
f 419 420 417
f 803 804 802
f 386 474 476
f 72 61 60
f 547 549 1025
f 1351 1358 1346
f 1847 1838 1870
f 1219 1244 1267
f 1880 1890 1895
f 412 413 3
f 1745 1723 1526
f 951 950 1135
f 1062 1055 1052
f 1693 1692 1691
f 1675 819 813
f 1763 1762 1773
f 469 453 995
f 692 686 805
f 1825 1873 1877
f 1371 1372 1353
f 950 949 1134
f 1255 1257 1256
f 1049 1495 1494
f 421 427 422
f 1492 1049 1491
f 597 596 1194
f 1112 1379 1378
f 1305 1706 1309
f 1706 1310 1707
f 1283 1284 1306
f 127 30 415
f 856 873 1646
f 1284 1307 1306
f 1660 1661 1659
f 401 414 413
f 1691 1304 1308
f 1299 1300 589
f 1268 1291 1254
f 1276 1277 1289
f 1583 1556 1555
f 1285 1286 1300
f 1671 826 1669
f 1296 1301 1295
f 1300 1294 589
f 1290 1283 1298
f 1730 1705 1732
f 1282 1276 1288
f 1288 1293 1297
f 1732 1695 1721
f 1288 1297 1301
f 1301 1303 591
f 1274 1286 1285
f 1271 1291 1268
f 1286 1292 1294
f 1565 1567 1566
f 1246 1267 1244
f 1252 1251 1246
f 1247 1255 1254
f 1257 1259 1258
f 759 770 823
f 1717 1752 1746
f 1199 1198 1229
f 1193 1188 1198
f 813 819 821
f 1208 1237 1240
f 1182 1185 1624
f 1226 1225 1233
f 1216 1204 1225
f 1071 1057 1056
f 1761 1760 1774
f 1188 1186 1228
f 1875 1813 1849
f 1239 1235 1192
f 1239 1234 1235
f 1238 1197 1240
f 1075 576 1074
f 1039 1070 1067
f 1213 1207 1237
f 1240 1197 1225
f 1242 1211 1208
f 1298 1305 593
f 1686 1685 1662
f 1683 897 857
f 1193 1810 1188
f 1305 1309 593
f 1810 1189 1188
f 1707 1304 1709
f 1307 1308 1707
f 879 877 894
f 1218 1219 1200
f 1076 576 1075
f 1044 1041 1047
f 972 980 986
f 1057 1058 1056
f 1862 1848 1861
f 1060 1054 1049
f 1045 1046 1042
f 1089 1088 1065
f 392 391 397
f 1642 1644 1641
f 52 37 53
f 1072 1069 1070
f 291 839 838
f 1040 1054 1063
f 1839 1838 1837
f 1077 1105 1104
f 1100 1082 1089
f 1074 1104 1090
f 161 353 352
f 1075 1103 1102
f 1889 1881 1888
f 576 1086 1074
f 1085 1078 1106
f 1286 1287 1295
f 1078 1093 1092
f 519 262 191
f 886 1724 1719
f 758 762 766
f 1104 1091 1090
f 1081 1099 1107
f 1100 1097 1109
f 1045 1042 1049
f 1059 1060 1050
f 1058 1059 1048
f 1214 1217 1215
f 1052 1055 1053
f 1372 1373 586
f 633 632 295
f 602 334 598
f 103 104 84
f 1249 1245 1248
f 232 239 162
f 603 289 600
f 961 955 960
f 1388 709 708
f 1891 1899 1902
f 980 981 987
f 1203 1233 1230
f 818 896 817
f 985 1366 1365
f 1463 1462 1535
f 946 945 1130
f 1764 1759 1749
f 1612 1428 1429
f 480 481 479
f 1534 1552 1549
f 1011 1012 1009
f 1355 1340 1339
f 239 238 162
f 1243 1223 1259
f 1367 1368 1354
f 1080 1081 1107
f 1265 1250 1264
f 1149 1131 1130
f 599 839 840
f 689 799 797
f 1181 1153 1152
f 1627 1626 1606
f 1634 1633 1599
f 1141 1140 1139
f 1331 593 889
f 1728 1758 1757
f 944 943 1128
f 1615 1620 1588
f 979 1364 1363
f 546 548 547
f 1173 1174 1171
f 990 1371 1370
f 1575 1565 1564
f 1802 1803 1805
f 1098 1097 1496
f 1855 1854 1101
f 307 616 618
f 1400 1401 1410
f 504 495 491
f 937 919 925
f 1236 1210 1209
f 714 1443 1444
f 1229 1232 1470
f 1463 1456 1453
f 1422 1399 1423
f 1153 1154 1141
f 984 1365 1364
f 1632 1631 1601
f 1574 1567 1565
f 1327 1325 1342
f 1329 1327 1343
f 1415 1413 1386
f 1091 1092 1497
f 755 754 742
f 1687 1686 1660
f 1679 1678 1684
f 932 928 911
f 970 966 962
f 1044 1846 1816
f 1790 1810 1193
f 1115 1113 1112
f 1663 1648 1649
f 1016 1015 1111
f 256 501 499
f 202 200 260
f 1639 1650 1649
f 509 505 502
f 1097 1053 1494
f 251 247 167
f 764 763 821
f 1399 1398 1395
f 1862 1866 1867
f 1323 1320 1321
f 394 393 385
f 1074 1090 1103
f 1520 1509 1781
f 476 478 394
f 558 557 556
f 1360 1351 1361
f 1550 1543 1004
f 1273 1274 1272
f 859 560 1165
f 1181 1182 1180
f 897 582 858
f 760 761 766
f 312 311 50
f 600 290 84
f 1556 1553 1554
f 1635 1167 1169
f 1621 1622 865
f 1078 1083 1079
f 1766 1767 1756
f 1271 1272 1291
f 550 551 549
f 1824 1823 1871
f 1472 1473 1269
f 28 34 26
f 1448 1439 1431
f 785 787 779
f 1114 1378 1377
f 1307 1707 1310
f 671 669 668
f 1468 1469 1456
f 1275 1276 1282
f 1750 1748 1747
f 1743 1710 1718
f 1740 1741 1725
f 1206 1255 1247
f 704 703 701
f 1330 1329 1344
f 431 442 432
f 1572 1569 1568
f 1635 1634 1598
f 523 517 519
f 438 430 428
f 1361 1350 1349
f 512 513 497
f 721 460 714
f 427 424 423
f 958 982 994
f 433 961 952
f 805 806 804
f 1754 1746 1752
f 1765 1766 1757
f 1618 1397 1398
f 1109 1098 1108
f 520 263 527
f 1530 1451 1457
f 1855 1480 1856
f 1275 1296 1287
f 1184 1151 1150
f 1840 1834 1871
f 1288 1289 1293
f 1729 1736 1738
f 1735 1733 1721
f 1289 1290 1298
f 1075 1102 1101
f 1293 1298 1302
f 1295 1301 591
f 1152 1153 1141
f 1609 1610 1589
f 1776 1805 1803
f 1369 1370 1353
f 1874 1875 1878
f 1217 1214 1242
f 1146 1140 1143
f 1211 1242 1200
f 1849 1813 1876
f 1480 1848 1857
f 540 532 526
f 1198 1239 1193
f 1882 1885 1884
f 1080 1079 1083
f 1192 1193 1239
f 334 602 604
f 597 1192 1235
f 1225 1197 1196
f 1779 1778 1808
f 1452 1442 1451
f 1776 880 1808
f 1460 1450 1452
f 1513 1514 1701
f 1239 1196 1234
f 582 544 419
f 1168 1161 1160
f 1636 1635 1597
f 34 15 16
f 1844 1833 1832
f 1861 1482 1866
f 1782 1783 1788
f 940 912 917
f 1297 1293 1303
f 533 532 531
f 846 840 848
f 55 52 53
f 77 759 812
f 1066 1067 1068
f 1082 1100 1099
f 1185 908 909
f 1107 1094 1095
f 1831 1491 1869
f 1275 1282 1288
f 1873 1825 1872
f 1402 1416 1405
f 944 923 913
f 777 782 781
f 1610 1609 1624
f 25 29 115
f 12 11 1
f 70 62 41
f 94 93 83
f 87 89 88
f 51 49 37
f 89 92 109
f 496 492 490
f 94 88 93
f 88 94 81
f 74 90 95
f 90 97 98
f 95 90 98
f 99 83 100
f 101 290 100
f 33 27 26
f 67 61 40
f 61 67 60
f 42 66 43
f 96 107 108
f 681 695 680
f 70 66 65
f 31 30 32
f 1411 1412 1414
f 92 89 86
f 48 51 50
f 69 50 51
f 90 109 97
f 28 31 32
f 1779 1768 1767
f 96 97 109
f 1088 1038 1065
f 93 90 74
f 1814 1836 1843
f 447 962 968
f 230 234 162
f 538 1024 1029
f 238 237 163
f 55 54 52
f 1765 1794 1770
f 892 723 725
f 969 968 963
f 1722 1695 1705
f 434 435 433
f 784 793 779
f 1436 1437 1435
f 351 271 266
f 409 411 426
f 1142 267 268
f 1392 1395 1397
f 318 710 275
f 663 707 710
f 666 705 707
f 660 703 705
f 667 701 703
f 669 699 701
f 671 697 699
f 869 868 697
f 352 354 383
f 354 356 382
f 356 358 381
f 358 360 380
f 360 361 363
f 735 734 750
f 751 750 734
f 732 730 743
f 744 743 730
f 728 726 736
f 740 736 726
f 741 740 724
