# https://github.com/mikedh/trimesh
mtllib material.mtl
usemtl material_0
v 0.08992821 0.03194433 0.00384924
v 0.08978653 0.03571720 0.00784279
v 0.09000024 0.02960030 0.00726736
v 0.09014451 0.02394626 -0.00724730
v 0.09003390 0.02004549 -0.00179607
v 0.09002913 0.02026052 -0.00950103
v 0.09001777 0.01789474 -0.00161202
v 0.09001654 0.01701449 -0.00353476
v 0.09001242 0.00000822 -0.00639846
v 0.09006253 -0.00203830 -0.00946593
v 0.09010167 0.00242218 -0.00938515
v 0.09003614 -0.00200896 -0.00759216
v 0.08998848 -0.01789896 -0.00169525
v 0.09001890 -0.02003211 -0.00168721
v 0.09010326 -0.01992847 -0.00960299
v 0.08955127 -0.02455224 -0.00780968
v 0.08546795 -0.02868516 -0.00728535
v 0.08546795 -0.02400000 -0.01050000
v 0.08898938 -0.02069278 -0.01049676
v 0.09206775 -0.02589950 -0.00535982
v 0.09877350 -0.02500414 -0.00192970
v 0.09442437 -0.02927175 -0.00100739
v 0.08555806 -0.03289071 -0.00352872
v 0.08945849 -0.03298805 -0.00069539
v 0.09966324 -0.02449310 -0.00211475
v 0.09913156 -0.02762908 0.00054572
v 0.08948809 0.02418164 -0.00809574
v 0.08879487 0.02085325 -0.01049149
v 0.08546795 0.02400000 -0.01050000
v 0.08546795 0.02868516 -0.00728535
v 0.09406177 0.02951200 -0.00101224
v 0.09893152 0.02453331 -0.00227007
v 0.08553129 0.03291685 -0.00352063
v 0.09157378 0.02595548 -0.00562759
v 0.08896685 0.03322613 -0.00078507
v 0.09919523 0.02757501 0.00053362
v 0.09551751 -0.01207458 -0.01049386
v 0.10202871 -0.01476393 -0.00613055
v 0.09180999 -0.01721222 -0.01053647
v 0.10304400 0.01474409 -0.00558867
v 0.09552208 0.01210932 -0.01049079
v 0.09196576 0.01714472 -0.01050378
v 0.10795930 0.01123388 -0.00438950
v 0.10783530 -0.01133984 -0.00441950
v 0.09752231 0.00787747 -0.01050000
v 0.09752231 -0.00787747 -0.01050000
v 0.10208600 0.00443339 -0.00878744
v 0.09844498 0.00505614 -0.01050000
v 0.10907390 0.00690741 -0.00496719
v 0.10899580 -0.00687251 -0.00501424
v 0.09844498 -0.00505614 -0.01050000
v 0.10240810 -0.00423389 -0.00865999
v 0.10034050 0.00412752 -0.00942458
v 0.10374000 -0.01544733 -0.00491670
v 0.10416060 0.00242232 -0.00798682
v 0.10412671 -0.00287840 -0.00799494
v 0.10926500 -0.00225774 -0.00549348
v 0.10928670 0.00281389 -0.00546992
v 0.10509730 -0.01722302 -0.00374858
v 0.10507500 0.01675648 -0.00383779
v 0.08050000 0.02400000 -0.01050000
v 0.08241250 0.01482621 -0.01049859
v 0.08049099 0.01168536 -0.01048499
v 0.08052011 -0.01111106 -0.01052468
v 0.08111956 -0.01348823 -0.01050000
v 0.08051744 -0.02415147 -0.01049768
v 0.08329378 -0.01492964 -0.01049875
v 0.08167907 -0.00888021 -0.01050000
v 0.08111956 0.00951177 -0.01050000
v 0.08316945 0.00793486 -0.01050076
v 0.08316240 -0.00810170 -0.01050000
v 0.08921463 0.00273987 -0.01050136
v 0.08483761 -0.00810170 -0.01050000
v 0.08627044 0.00863658 -0.01050208
v 0.08562655 -0.01459910 -0.01050000
v 0.08483761 0.01489830 -0.01050000
v 0.08925528 -0.00308119 -0.01050253
v 0.09185255 0.00497444 -0.01049842
v 0.08722848 -0.01287748 -0.01049647
v 0.08747448 0.01107812 -0.01050000
v 0.08700567 0.01357700 -0.01050594
v 0.09218457 -0.00500567 -0.01049928
v 0.08700941 -0.00969830 -0.01049948
v 0.07998569 0.01791913 -0.00162843
v 0.07999945 0.02013825 -0.00167734
v 0.07999874 0.02404955 -0.00999551
v 0.07999585 0.00913770 -0.00653530
v 0.07998983 0.01666295 -0.00358188
v 0.07999789 -0.02406343 -0.01001466
v 0.07998504 0.00016307 -0.00710071
v 0.07999254 -0.02026282 -0.00157601
v 0.08000122 -0.01797856 -0.00163899
v 0.08000000 -0.01666596 -0.00364814
v 0.07996212 -0.00933385 -0.00645285
v 0.08000904 -0.02936965 -0.00614957
v 0.08000132 -0.02637602 0.00324708
v 0.08001127 0.02936581 0.00032624
v 0.07997892 0.02908069 -0.00652230
v 0.07996544 0.02599596 0.00298008
v 0.08011847 -0.03037054 0.00116552
v 0.08011766 -0.03556461 0.00784099
v 0.07999311 -0.03168218 0.01005167
v 0.07996778 0.03169443 0.01005658
v 0.08429776 -0.03303103 -0.00330145
v 0.08414035 -0.03400775 0.00067767
v 0.08545534 0.03308327 -0.00314894
v 0.08529322 0.03377981 0.00018120
v 0.11123681 0.02447140 -0.00212516
v 0.10249411 0.02371469 -0.00249368
v 0.09955932 0.02570148 -0.00115019
v 0.10431891 0.02132944 -0.00345672
v 0.11331231 0.02079459 -0.00361329
v 0.10442190 0.01835866 -0.00382140
v 0.11435680 0.01804042 -0.00378429
v 0.10050000 -0.00405614 -0.00629313
v 0.09292176 -0.00406404 -0.00889113
v 0.09264505 -0.00824190 -0.00831087
v 0.10260920 -0.00739988 -0.00503175
v 0.09236879 -0.01128391 -0.00764616
v 0.10214511 -0.01102519 -0.00420424
v 0.09287806 -0.01566408 -0.00580297
v 0.10050000 -0.01438385 -0.00352583
v 0.10273131 -0.00330199 -0.00547044
v 0.10281660 -0.01451639 -0.00242640
v 0.10254191 -0.02282374 0.00254163
v 0.10149781 -0.02125152 0.00080867
v 0.09301426 -0.02668053 0.00157254
v 0.09286764 -0.02271921 -0.00173328
v 0.10234630 -0.02439722 0.00386961
v 0.10214511 0.00730403 -0.00520133
v 0.10260701 0.01049343 -0.00423064
v 0.09264505 0.01176774 -0.00736612
v 0.09293766 0.00408055 -0.00887984
v 0.10050000 0.00405614 -0.00629313
v 0.09240490 0.00868371 -0.00832723
v 0.10146411 0.01430291 -0.00322386
v 0.09287355 0.01568877 -0.00578955
v 0.10218960 0.00364433 -0.00575867
v 0.10250741 0.02292146 0.00260463
v 0.10231241 0.02431139 0.00376297
v 0.09230565 0.02702710 0.00157078
v 0.10138930 0.02126571 0.00079618
v 0.09249724 0.02280790 -0.00184674
v 0.10313581 -0.02326816 -0.00274159
v 0.11071621 -0.02560015 -0.00125150
v 0.11306971 -0.02164819 -0.00346818
v 0.10446220 -0.02081923 -0.00360663
v 0.10445611 -0.01793623 -0.00384527
v 0.11433091 -0.01823822 -0.00378546
v 0.10336461 0.02469929 0.00410779
v 0.09924122 0.02761550 0.00120105
v 0.09491742 0.02682203 0.00200269
v 0.09473632 0.02912413 -0.00024846
v 0.11134471 0.02765868 0.00117008
v 0.10403711 0.02310390 0.00569396
v 0.11507611 0.02302447 0.00577952
v 0.11457660 0.02530962 0.00348379
v 0.09458587 -0.02921420 -0.00031317
v 0.09893081 -0.02761895 0.00117403
v 0.09512195 -0.02675288 0.00209659
v 0.10334581 -0.02472377 0.00407055
v 0.11030820 -0.02756861 0.00122497
v 0.11363221 -0.02640769 0.00238531
v 0.10394281 -0.02309358 0.00571838
v 0.11528971 -0.02293984 0.00586044
v 0.11353921 0.01998060 0.00454723
v 0.10650001 0.02053609 0.00495883
v 0.10650220 0.01913902 0.00453023
v 0.11320481 0.01857984 0.00464232
v 0.11317750 0.01712616 0.00380040
v 0.10649180 0.01778056 0.00451047
v 0.10643531 0.01687731 0.00282660
v 0.11334471 0.01636447 0.00200097
v 0.10650551 0.01600058 0.00177772
v 0.11345180 0.01517941 0.00145841
v 0.10650500 0.01451113 0.00164294
v 0.11319491 0.01394476 0.00180198
v 0.11318541 0.01242780 0.00127346
v 0.10649830 0.01271231 0.00155749
v 0.10645851 0.01197517 0.00027402
v 0.11329520 0.01127681 -0.00046196
v 0.10650731 0.01094701 -0.00057927
v 0.11346341 0.01013669 -0.00077569
v 0.10650001 0.01001661 -0.00068340
v 0.11332081 0.00892214 -0.00029852
v 0.10653100 0.00831905 -0.00008864
v 0.11315040 0.00744756 -0.00038184
v 0.10649781 0.00716141 -0.00067770
v 0.11352830 0.00630888 -0.00185326
v 0.10664251 0.00625808 -0.00180613
v 0.11499860 0.00530696 -0.00207434
v 0.10659160 -0.00613696 -0.00186357
v 0.10649650 -0.00773218 -0.00018596
v 0.11332001 -0.00717379 -0.00075275
v 0.11318101 -0.00842682 -0.00007795
v 0.10640661 -0.00962273 -0.00059768
v 0.11503580 -0.01073834 -0.00068944
v 0.11356391 -0.01002110 -0.00082104
v 0.10650410 -0.01095368 -0.00057535
v 0.11345910 -0.01171575 -0.00016502
v 0.10650251 -0.01201155 0.00046756
v 0.11318521 -0.01225698 0.00101386
v 0.10649840 -0.01323372 0.00180085
v 0.11318290 -0.01361949 0.00183747
v 0.10644931 -0.01469045 0.00154147
v 0.10650590 -0.01600599 0.00178036
v 0.11335151 -0.01562746 0.00157239
v 0.11344831 -0.01669554 0.00233527
v 0.10650001 -0.01668327 0.00242531
v 0.11318850 -0.01701740 0.00357828
v 0.10649020 -0.01736107 0.00417068
v 0.11317511 -0.01826481 0.00462741
v 0.10650001 -0.01884310 0.00457595
v 0.11352170 -0.02023765 0.00466871
v 0.10665050 -0.02005865 0.00463197
v 0.11553660 0.00410630 -0.00266072
v 0.11553891 -0.00367819 -0.00281021
v 0.11550110 0.00048734 -0.00464901
v 0.11549721 0.01657468 -0.00272934
v 0.11554150 0.01336402 -0.00026756
v 0.11547471 -0.01731021 -0.00270650
v 0.11550981 -0.01395714 -0.00000243
v 0.11535580 0.02450006 0.00368447
v 0.11550680 0.02230492 0.00565085
v 0.11554461 -0.02221751 0.00582503
v 0.10914940 0.01061495 -0.00423626
v 0.11449311 0.01079323 -0.00423334
v 0.11452201 0.00332288 -0.00536257
v 0.11052661 0.02749543 0.00043297
v 0.08992418 -0.03192166 0.00379334
v 0.09022799 -0.02917043 0.00526470
v 0.08996232 -0.03169581 0.00989449
v 0.08951395 0.02020294 -0.00106032
v 0.08951748 0.02415347 0.00194388
v 0.08049942 0.02352093 0.00141941
v 0.08955466 0.02854781 0.00651380
v 0.08049250 0.02794038 0.00576143
v 0.08950258 0.03110493 0.01019769
v 0.08050000 0.03094124 0.00995008
v 0.08954960 0.01860454 -0.00101880
v 0.08047999 0.01886689 -0.00108426
v 0.08045050 0.02029933 -0.00095508
v 0.08049238 0.01714747 -0.00176944
v 0.08947393 0.01707760 -0.00209454
v 0.08049905 0.01626079 -0.00331033
v 0.08955323 0.01611540 -0.00336505
v 0.08963565 0.00946193 -0.00595545
v 0.08044577 0.01135960 -0.00537082
v 0.08034930 0.00271130 -0.00711768
v 0.08050644 0.00122864 -0.00659129
v 0.08954258 0.00241346 -0.00702531
v 0.08043972 0.00013979 -0.00590300
v 0.08950560 0.00109236 -0.00648071
v 0.08950914 -0.00039320 -0.00602225
v 0.08049315 -0.00116834 -0.00654676
v 0.08952115 -0.00133408 -0.00667344
v 0.08049894 -0.00232196 -0.00704493
v 0.08955150 -0.00247546 -0.00702016
v 0.08050434 -0.00739811 -0.00642241
v 0.08960743 -0.00957061 -0.00590983
v 0.08049998 -0.01294135 -0.00475932
v 0.08954238 -0.01617285 -0.00333838
v 0.08041328 -0.01625179 -0.00330200
v 0.08952720 -0.01699523 -0.00237385
v 0.08040522 -0.01715574 -0.00187961
v 0.08954647 -0.01746743 -0.00138655
v 0.08042456 -0.01875544 -0.00104525
v 0.08947351 -0.01896482 -0.00112137
v 0.08049914 -0.02030204 -0.00097552
v 0.08959311 -0.02037426 -0.00091129
v 0.08951265 -0.02410721 0.00189918
v 0.08957006 -0.02828235 0.00619863
v 0.08043037 -0.02462066 0.00234872
v 0.08957106 -0.03093699 0.00994777
v 0.08042588 -0.02888546 0.00698841
v 0.08086763 -0.03637326 0.00792110
v 0.08550763 -0.03822504 0.00686860
v 0.08037954 -0.03228696 0.01027692
v 0.08935318 -0.03596911 0.00815726
v 0.08954889 -0.03211286 0.01040764
v 0.08047264 0.03211163 0.01041007
v 0.08433200 0.03828839 0.00684018
v 0.08053952 0.03567757 0.00834305
v 0.08905462 0.03629393 0.00796132
v 0.08959237 0.03230617 0.01028703
v 0.10395211 0.00098902 -0.00250077
v 0.10396251 -0.00534945 -0.00214809
v 0.11499981 -0.00427390 -0.00228035
v 0.11499591 0.00133338 -0.00249838
v 0.10394790 0.00481179 -0.00213687
v 0.10400280 0.00929879 -0.00114609
v 0.10650001 -0.00933340 -0.00110862
v 0.10400200 -0.01147749 -0.00040579
v 0.10650001 0.00933340 -0.00110862
v 0.10383330 0.01245283 -0.00002383
v 0.10650001 0.01374451 0.00060210
v 0.10383651 -0.01515015 0.00129072
v 0.10650001 -0.01374451 0.00060210
v 0.10387410 0.01600544 0.00180397
v 0.10650001 0.01785517 0.00294453
v 0.10399251 0.01960518 0.00417631
v 0.10394021 -0.01857546 0.00340769
v 0.10650001 -0.01785517 0.00294453
v 0.10398571 0.02190796 0.00617782
v 0.10398661 -0.02180794 0.00611540
v 0.11507991 0.02176487 0.00604397
v 0.11500400 -0.02170669 0.00598928
v 0.11348571 -0.00631363 -0.00182014
v 0.11499131 0.00920716 -0.00120026
v 0.11500001 0.01374451 0.00060210
v 0.11504670 0.01734019 0.00263673
v 0.11496711 -0.01418791 0.00078040
v 0.11503770 -0.01848027 0.00334473
v 0.11343960 0.01357426 0.00085207
v 0.11342370 -0.01347087 0.00081068
v 0.11342421 0.01795150 0.00338314
v 0.11340410 -0.01802567 0.00347299
v 0.10966401 -0.00834073 -0.00458166
v 0.11450780 -0.00268480 -0.00545945
v 0.11450641 -0.01091144 -0.00421709
v 0.10348591 -0.00180436 -0.00450313
v 0.10350320 0.00089547 -0.00302321
v 0.10345060 0.00242840 -0.00726989
v 0.10349601 -0.00874283 -0.00331385
v 0.10348360 0.01015054 -0.00150329
v 0.10340931 0.00206357 -0.00475699
v 0.10348001 0.00846953 -0.00345397
v 0.10343161 -0.00921419 -0.00172960
v 0.10352160 -0.01744947 0.00189267
v 0.10350741 -0.01571511 -0.00034870
v 0.10348830 -0.01750491 -0.00297706
v 0.10355810 0.01643797 0.00120761
v 0.10345981 0.02092519 -0.00276952
v 0.10349231 0.01681939 -0.00295471
v 0.10348740 -0.02069719 -0.00273614
v 0.10347831 0.02342653 0.00466504
v 0.10323150 0.01945390 0.00092296
v 0.10346200 0.02228356 0.00577298
v 0.10346721 -0.02212112 0.00573989
v 0.10347390 -0.02340018 0.00467087
v 0.10982110 -0.02763233 0.00053861
v 0.11249691 -0.02717526 0.00108263
v 0.11423830 -0.02077635 -0.00312347
v 0.11468690 -0.02572506 0.00256669
v 0.11224991 -0.02399210 -0.00226682
v 0.11549231 -0.02380358 0.00434472
v 0.11285451 0.02302687 -0.00267285
v 0.11376171 0.02648826 0.00173658
v 0.11472481 0.01962010 -0.00336583
v 0.08042598 -0.03110138 0.01021083
v 0.11525680 0.01513088 -0.00353145
v 0.11527360 0.00001972 -0.00540965
v 0.11528541 -0.01655929 -0.00338537
v 0.09884942 -0.00405614 -0.00950000
v 0.09217202 -0.00405897 -0.00951126
v 0.10162581 -0.00387450 -0.00801914
v 0.09257238 0.00405567 -0.00950137
v 0.09222052 0.02459954 -0.00500715
v 0.09961564 0.02287518 -0.00192111
v 0.10194731 0.01517548 -0.00478123
v 0.09212001 0.01764552 -0.00914244
v 0.09924061 -0.02286262 -0.00198903
v 0.09212870 -0.02463824 -0.00509061
v 0.10180140 -0.02273526 -0.00214118
v 0.10099531 -0.01538216 -0.00523947
v 0.08046267 0.02583297 -0.00935816
v 0.08322577 0.03275575 -0.00372798
v 0.08068180 0.03070812 -0.00568269
v 0.08054593 -0.03012555 -0.00616372
v 0.08296458 -0.03271712 -0.00376582
v 0.10298501 -0.01579817 -0.00364264
v 0.09003605 -0.01698805 -0.00347597
v 0.09104516 -0.01631465 -0.00552508
v 0.09218708 -0.01760092 -0.00909819
v 0.09116726 -0.02236853 -0.00212049
v 0.09003107 -0.02363011 -0.00756854
v 0.10324791 -0.01928760 0.00080509
v 0.10192670 0.02261558 -0.00214338
v 0.10310501 0.01492803 -0.00191355
v 0.09122880 0.01617825 -0.00573618
v 0.09099157 0.02212284 -0.00213159
v 0.09001799 0.00188681 -0.00752357
v 0.09123864 0.00387999 -0.00905241
v 0.09092086 -0.00396514 -0.00909146
v 0.10333931 -0.00229328 -0.00727301
v 0.09064380 0.02917378 0.00413138
v 0.09156203 0.03154740 -0.00024855
v 0.09235135 0.02829206 0.00216469
v 0.09149728 -0.03153804 -0.00022390
v 0.09231357 -0.02829363 0.00216593
v 0.08797620 0.03475468 0.00289688
v 0.08508040 0.03592829 0.00312515
v 0.08841900 0.03350017 0.00102478
v 0.08713491 0.03788753 0.00651243
v 0.08385962 0.03809467 0.00637691
v 0.08087799 0.03127945 -0.00458508
v 0.08094773 0.03183361 0.00055640
v 0.08299715 0.03277766 -0.00336559
v 0.08281705 0.03367385 0.00074894
v 0.08001263 0.03468482 0.00832446
v 0.08136078 0.03699400 0.00705112
v 0.08796952 -0.03419075 0.00207256
v 0.08798703 -0.03742439 0.00683453
v 0.08595868 -0.03818246 0.00629216
v 0.08986361 -0.03539497 0.00797071
v 0.08874264 -0.03339042 -0.00065482
v 0.08183236 -0.03307770 0.00093288
v 0.08288729 -0.03788533 0.00651490
v 0.08157251 -0.03179445 -0.00412154
v 0.09002977 -0.02556260 0.00264770
v 0.09028386 -0.02292137 -0.00084243
v 0.09155994 -0.02330304 -0.00151725
v 0.09174051 -0.02777738 0.00220942
v 0.08997181 -0.01080479 -0.00603979
v 0.09079896 -0.01512994 -0.00596984
v 0.09065719 0.00775219 -0.00817573
v 0.08999553 0.01003901 -0.00628602
v 0.09093200 0.01517274 -0.00603343
v 0.09031781 0.02302745 -0.00078762
v 0.09006089 0.02534570 0.00249706
v 0.09054959 0.02875648 0.00423320
v 0.09002710 0.03154236 0.01002178
v 0.08092726 -0.00953894 -0.01255123
v 0.08077858 -0.01296424 -0.01286624
v 0.08366247 -0.01521979 -0.01243369
v 0.08333532 -0.00801658 -0.01248614
v 0.08588836 -0.00847289 -0.01252718
v 0.08688045 -0.01348823 -0.01250000
v 0.08756575 -0.01124448 -0.01276302
v 0.08153859 -0.00965718 -0.01300041
v 0.08509968 -0.01449977 -0.01300745
v 0.08506070 -0.00841467 -0.01300703
v 0.08072744 0.01274112 -0.01250000
v 0.08075937 0.01008854 -0.01286687
v 0.08184397 0.01409584 -0.01295827
v 0.08302777 0.00799634 -0.01248252
v 0.08451526 0.01501382 -0.01251324
v 0.08632644 0.00875757 -0.01252750
v 0.08695717 0.01357174 -0.01250086
v 0.08749708 0.01128723 -0.01283461
v 0.08461325 0.01458603 -0.01301729
v 0.08505654 0.00855818 -0.01300936
v 0.05008466 0.02503751 0.03623926
v 0.05005947 0.02590663 0.03652039
v 0.04842485 0.02312502 0.03692309
v 0.04303046 0.02629159 0.03646011
v 0.04394720 0.02381598 0.03657516
v 0.04527603 0.02278873 0.03702480
v 0.04297613 0.02660871 0.03603986
v 0.04995803 0.02714784 0.03592676
v 0.04821213 0.02935789 0.03577875
v 0.04482653 0.02912835 0.03587346
v 0.04383090 0.02764561 0.02830176
v 0.04285975 0.02783241 0.02826334
v 0.04246726 0.02517459 0.02874742
v 0.04564836 0.01474760 -0.00323202
v 0.04286291 0.01685230 -0.00360259
v 0.04655000 0.01897401 -0.00398291
v 0.04911386 0.02228042 -0.00456610
v 0.05097988 0.01920414 -0.00399869
v 0.04239083 0.01959923 -0.00409364
v 0.04618867 0.02312594 -0.00472004
v 0.04341228 0.02185608 -0.00448148
v 0.04628292 0.01471071 -0.00082107
v 0.04873637 0.01532632 -0.00097447
v 0.04312461 0.01618851 -0.00103270
v 0.04929540 0.01568073 -0.00338918
v 0.05050537 0.01686789 -0.00118936
v 0.04164566 0.01948929 -0.00170188
v 0.05131288 0.01948296 -0.00170838
v 0.05022866 0.02232589 -0.00226501
v 0.04315912 0.02262646 -0.00225982
v 0.04523587 0.02378353 -0.00248812
v 0.04729880 0.02400802 -0.00255893
v 0.04807335 0.01503906 -0.00080602
v 0.04499476 0.01497209 -0.00077777
v 0.05045678 0.01675196 -0.00110143
v 0.04498538 0.01551722 -0.00092087
v 0.04267039 0.01681665 -0.00120337
v 0.04219474 0.01930006 -0.00191300
v 0.05085466 0.01989200 -0.00188788
v 0.04225957 0.02107476 -0.00189739
v 0.05056970 0.02187849 -0.00201413
v 0.04364385 0.02309635 -0.00226171
v 0.04827447 0.02367138 -0.00243338
v 0.04599308 0.02397260 -0.00238260
v 0.04779454 0.01530275 -0.00091350
v 0.04315169 0.01679831 -0.00117833
v 0.05024907 0.01726473 -0.00124119
v 0.04302036 0.02175788 -0.00205562
v 0.04955009 0.02237599 -0.00214318
v 0.04495210 0.02324597 -0.00230099
v 0.04717643 0.02355728 -0.00236099
v 0.04709771 0.01617655 0.00477437
v 0.04741358 0.01758197 0.01434155
v 0.04506694 0.01776932 0.01459785
v 0.04960942 0.01851959 0.01319587
v 0.05100438 0.02279403 0.01252532
v 0.04977653 0.02313189 0.00351612
v 0.05059703 0.02443525 0.01344974
v 0.04826013 0.02647465 0.01314123
v 0.04784964 0.02435541 0.00336301
v 0.04593138 0.02651563 0.01275724
v 0.04419070 0.01684711 0.00446792
v 0.04270023 0.01954619 0.01416347
v 0.04966936 0.01744303 0.00433204
v 0.04261080 0.01875084 0.00406207
v 0.05070272 0.01944472 0.00410986
v 0.04205589 0.02147098 0.01273721
v 0.04237188 0.02134133 0.00366760
v 0.05069294 0.02123073 0.00365893
v 0.04242520 0.02388127 0.01233490
v 0.04361784 0.02335572 0.00319397
v 0.04412176 0.02568283 0.01199978
v 0.04557320 0.02446038 0.00310051
v 0.04619023 0.01761426 0.01527680
v 0.04407380 0.01834989 0.01556443
v 0.04218972 0.02051737 0.01441423
v 0.04939944 0.01836459 0.01378641
v 0.04918535 0.02629032 0.01407563
v 0.04202126 0.02282316 0.01276145
v 0.04556784 0.02664943 0.01324686
v 0.05117126 0.02249289 0.01339163
v 0.05095189 0.02081890 0.01283203
v 0.05080113 0.02047662 0.01305752
v 0.04330091 0.02512587 0.01229229
v 0.04687633 0.02061273 0.02212556
v 0.04431572 0.02143594 0.02197237
v 0.04462659 0.01898309 0.02242269
v 0.04993172 0.02018456 0.02220297
v 0.04937221 0.02221481 0.02184449
v 0.04175322 0.02337327 0.02165075
v 0.05118644 0.02252996 0.02158812
v 0.04383316 0.02495970 0.02134757
v 0.05015040 0.02652038 0.02108955
v 0.04864540 0.02559378 0.02125123
v 0.04382727 0.02732622 0.02094576
v 0.04661502 0.02634911 0.02111499
v 0.04746655 0.02796939 0.02062581
v 0.04518603 0.01894964 0.02177696
v 0.04755019 0.01890553 0.02182494
v 0.04351083 0.01993522 0.02161681
v 0.04962849 0.01986298 0.02162562
v 0.04196091 0.02214177 0.02122256
v 0.04428408 0.01884257 0.02006526
v 0.04622322 0.01781731 0.01648550
v 0.04878244 0.01827355 0.01626808
v 0.04392910 0.01913804 0.02014006
v 0.04226779 0.02532989 0.02068218
v 0.04231674 0.02026885 0.01593227
v 0.04353394 0.01906721 0.01786852
v 0.05076483 0.02033403 0.01605218
v 0.05098289 0.02483007 0.02073087
v 0.04184770 0.02288297 0.01562008
v 0.04451665 0.02763162 0.02023806
v 0.05130570 0.02265608 0.01565441
v 0.04965016 0.02690893 0.02035030
v 0.04268275 0.02514170 0.01512534
v 0.05046725 0.02505070 0.01523830
v 0.04536950 0.02703993 0.01476364
v 0.04848592 0.02668771 0.01493367
v 0.04504067 0.01822596 0.01832611
v 0.04655000 0.02611095 0.03649269
v 0.04637740 0.02180100 0.03437880
v 0.04374589 0.02367160 0.03438290
v 0.04257870 0.02576835 0.03369095
v 0.04510721 0.02919895 0.03309496
v 0.04369184 0.02260750 0.03393524
v 0.04373574 0.02833434 0.03304125
v 0.05047176 0.02575910 0.02863717
v 0.05035802 0.02371553 0.02897885
v 0.04921462 0.02778051 0.02828859
v 0.04644783 0.02881379 0.02809094
v 0.04964011 0.02098475 0.02948801
v 0.04630215 0.02076969 0.02951810
v 0.04530856 0.02017306 0.02962041
v 0.04903025 0.02148948 0.02938159
v 0.04340358 0.02207633 0.02932799
v 0.04210409 0.02271627 0.02917451
v 0.05155106 0.02435677 0.02873241
v 0.05107607 0.02692055 0.02829920
v 0.04726303 0.02953818 0.02797326
v 0.04759335 0.01977889 0.02936327
v 0.04411162 0.02032101 0.02929603
v 0.05055356 0.02162043 0.02906076
v 0.04207207 0.02234288 0.02893495
v 0.04153436 0.02513512 0.02842626
v 0.04240866 0.02755466 0.02801569
v 0.04898033 0.02911539 0.02774843
v 0.04536009 0.02959622 0.02767627
v 0.04667728 0.01871697 0.02402397
v 0.05079566 0.02147114 0.02592805
v 0.04826307 0.01977760 0.02627585
v 0.05104279 0.02132303 0.02353767
v 0.04218906 0.02111323 0.02360126
v 0.04348123 0.02063954 0.02622626
v 0.04202738 0.02607914 0.02275466
v 0.04201395 0.02571474 0.02521429
v 0.04193881 0.02625585 0.02523946
v 0.04661407 0.02920031 0.02455808
v 0.04640307 0.02878472 0.02221897
v 0.04292433 0.02725112 0.02498213
v 0.04212356 0.02169855 0.02584060
v 0.04639182 0.01916926 0.02623804
v 0.05122935 0.02317405 0.02559819
v 0.05089097 0.02639502 0.02269585
v 0.05077013 0.02621123 0.02245789
v 0.04639004 0.02850256 0.02205936
v 0.05088824 0.02674015 0.02495421
v 0.05081131 0.02138597 0.02331864
v 0.04660103 0.01888849 0.02375076
v 0.04224298 0.02603664 0.02249666
v 0.04232408 0.02127910 0.02332555
v 0.04479462 0.02135606 0.02332761
v 0.04809655 0.02116318 0.02335208
v 0.04355362 0.02423182 0.02282873
v 0.04950762 0.02386083 0.02287624
v 0.04852754 0.02598695 0.02249601
v 0.04576494 0.02652529 0.02241818
v 0.04889352 0.01978239 0.02633589
v 0.04411587 0.01982884 0.02633912
v 0.04159101 0.02374342 0.02567110
v 0.05161959 0.02456324 0.02547822
v 0.05025672 0.02757509 0.02495363
v 0.04377770 0.02838881 0.02481637
v 0.04731598 0.02912147 0.02466335
v 0.04887137 -0.02324424 0.03688854
v 0.04546739 -0.02259947 0.03667229
v 0.04505673 -0.02296707 0.03704708
v 0.04335430 -0.02482916 0.03640121
v 0.04298754 -0.02662226 0.03630043
v 0.05081147 -0.02439171 0.02884761
v 0.04978204 -0.02189208 0.02930029
v 0.04910358 -0.02160770 0.02935809
v 0.04655000 -0.01897401 -0.00398291
v 0.04280461 -0.01716809 -0.00366453
v 0.04567843 -0.01477230 -0.00325170
v 0.05068079 -0.01792889 -0.00378235
v 0.04927322 -0.01570249 -0.00338809
v 0.04396846 -0.02229191 -0.00454462
v 0.04229610 -0.01985881 -0.00411321
v 0.05029559 -0.02100190 -0.00434247
v 0.04701271 -0.02323513 -0.00471734
v 0.04852399 -0.01517104 -0.00084940
v 0.04639315 -0.01479233 -0.00087915
v 0.04398925 -0.01541603 -0.00104202
v 0.05074259 -0.01722504 -0.00130276
v 0.05121431 -0.01986601 -0.00180587
v 0.04203229 -0.02134964 -0.00177901
v 0.04215178 -0.01757056 -0.00138458
v 0.04484966 -0.02372424 -0.00245120
v 0.04810906 -0.02386155 -0.00266887
v 0.05062157 -0.02176250 -0.00207155
v 0.04643537 -0.01469107 -0.00069944
v 0.04378861 -0.01603988 -0.00104621
v 0.04925539 -0.01560882 -0.00102053
v 0.04234055 -0.01816767 -0.00153290
v 0.05104770 -0.01793166 -0.00131943
v 0.04190409 -0.01947579 -0.00160662
v 0.05111144 -0.02042000 -0.00176023
v 0.04279360 -0.02219192 -0.00222040
v 0.05007425 -0.02241753 -0.00220249
v 0.04547148 -0.02392834 -0.00240421
v 0.04836051 -0.02319615 -0.00257143
v 0.04573040 -0.02353687 -0.00234442
v 0.04615070 -0.01518200 -0.00088646
v 0.04841345 -0.01565922 -0.00096290
v 0.05000777 -0.01695728 -0.00119055
v 0.05083679 -0.01957659 -0.00166560
v 0.04294840 -0.02185689 -0.00206852
v 0.04999073 -0.02180018 -0.00204557
v 0.04377374 -0.01717401 0.00464186
v 0.04223249 -0.02040788 0.01384326
v 0.04354284 -0.01853196 0.01443850
v 0.04250256 -0.01920330 0.00425663
v 0.04201891 -0.02265982 0.01246589
v 0.04935713 -0.02586131 0.01326080
v 0.04949903 -0.02343213 0.00347852
v 0.05071427 -0.02390299 0.01320231
v 0.04720365 -0.02454417 0.00336582
v 0.04639495 -0.02672630 0.01304559
v 0.04495637 -0.02609922 0.01194168
v 0.04847026 -0.01660550 0.00440273
v 0.04629232 -0.01610866 0.00452341
v 0.04855774 -0.01789825 0.01337324
v 0.04641194 -0.01753407 0.01451659
v 0.05016120 -0.01800723 0.00415318
v 0.05089023 -0.02068350 0.00355278
v 0.05109136 -0.02180056 0.01265267
v 0.04238843 -0.02141023 0.00365555
v 0.04354922 -0.02334657 0.00339375
v 0.04327929 -0.02500194 0.01209387
v 0.04504041 -0.02425625 0.00308182
v 0.04446479 -0.01813463 0.01560170
v 0.04277165 -0.01947873 0.01494779
v 0.04745674 -0.01765290 0.01491582
v 0.04191388 -0.02244706 0.01306653
v 0.04970175 -0.01863714 0.01349818
v 0.05094150 -0.02371916 0.01376199
v 0.04860098 -0.02660970 0.01402060
v 0.05043546 -0.01952459 0.01309544
v 0.04447857 -0.02614310 0.01274768
v 0.05102103 -0.02094075 0.01305911
v 0.04304072 -0.02470931 0.01231118
v 0.04597451 -0.02053330 0.02213173
v 0.04899427 -0.01942399 0.02234711
v 0.04369128 -0.01949322 0.02233274
v 0.04926166 -0.02200223 0.02186918
v 0.04390183 -0.02223509 0.02183949
v 0.05129741 -0.02325197 0.02166414
v 0.04191197 -0.02455865 0.02143170
v 0.04395540 -0.02516921 0.02132348
v 0.04897754 -0.02505972 0.02134238
v 0.04995063 -0.02661455 0.02086478
v 0.04725147 -0.02635383 0.02111709
v 0.04724892 -0.02810290 0.02081050
v 0.04329473 -0.02683427 0.02082907
v 0.04791895 -0.01889214 0.02179556
v 0.04519665 -0.01901575 0.02177894
v 0.04346158 -0.01989019 0.02161112
v 0.05049710 -0.02084151 0.02147360
v 0.04216341 -0.02184357 0.02130688
v 0.05129079 -0.02393691 0.02088953
v 0.04694649 -0.01774440 0.01637728
v 0.04501142 -0.01826114 0.01801048
v 0.04452673 -0.01881230 0.02019766
v 0.04942243 -0.01875157 0.01634854
v 0.04188938 -0.02408403 0.02088134
v 0.04410264 -0.01894149 0.02004792
v 0.05093770 -0.02063942 0.01592041
v 0.04274491 -0.01971446 0.01615092
v 0.04180002 -0.02208184 0.01559653
v 0.05114964 -0.02388814 0.01531951
v 0.04794748 -0.02783761 0.02018655
v 0.04544899 -0.02784837 0.02019866
v 0.04250014 -0.02484176 0.01525736
v 0.04917776 -0.02631037 0.01500020
v 0.04421014 -0.02652613 0.01497208
v 0.04671517 -0.02709713 0.01487745
v 0.04344249 -0.01909765 0.01817248
v 0.04655000 -0.02611095 0.03649269
v 0.05008695 -0.02664812 0.03630038
v 0.04495691 -0.02913325 0.03585852
v 0.04797011 -0.02933591 0.03583759
v 0.04881610 -0.02241405 0.03430246
v 0.04338391 -0.02323490 0.03396040
v 0.05009753 -0.02579000 0.03399908
v 0.04383206 -0.02832096 0.03335910
v 0.04805552 -0.02925828 0.03321654
v 0.05060834 -0.02516302 0.03356590
v 0.04995871 -0.02771095 0.03303482
v 0.04555582 -0.02943249 0.03276332
v 0.04984615 -0.02708402 0.02840407
v 0.04782621 -0.02857742 0.02814787
v 0.04363693 -0.02738301 0.02833203
v 0.04533145 -0.02856226 0.02814285
v 0.04712422 -0.01998531 0.02966321
v 0.04326333 -0.02128857 0.02942372
v 0.04640130 -0.02076246 0.02952340
v 0.04166240 -0.02533598 0.02872072
v 0.04353863 -0.02192681 0.02931063
v 0.04242288 -0.02509380 0.02874578
v 0.05030490 -0.02787260 0.02826334
v 0.04357465 -0.02870719 0.02796528
v 0.04603924 -0.02967658 0.02780637
v 0.04406964 -0.02034394 0.02929199
v 0.04764412 -0.01974166 0.02937898
v 0.04175996 -0.02296052 0.02880225
v 0.05090165 -0.02196822 0.02899547
v 0.04177129 -0.02641045 0.02821615
v 0.05145697 -0.02614299 0.02828568
v 0.04905118 -0.02907837 0.02775420
v 0.04214817 -0.02118553 0.02359224
v 0.04202043 -0.02571286 0.02520879
v 0.04185742 -0.02326804 0.02566054
v 0.04207667 -0.02621240 0.02268084
v 0.04192189 -0.02624322 0.02518884
v 0.04659087 -0.01871613 0.02402868
v 0.04529486 -0.01964451 0.02639623
v 0.05094410 -0.02121111 0.02359792
v 0.05027646 -0.02119576 0.02601530
v 0.05076528 -0.02139807 0.02615309
v 0.05094692 -0.02673779 0.02495339
v 0.05095512 -0.02629084 0.02270279
v 0.05111953 -0.02278267 0.02577101
v 0.04701886 -0.01930909 0.02634340
v 0.04652438 -0.02878832 0.02224598
v 0.04810965 -0.02869187 0.02482741
v 0.04590737 -0.02895078 0.02459676
v 0.04235853 -0.02138850 0.02590578
v 0.04321798 -0.02754197 0.02482623
v 0.05078627 -0.02615622 0.02247032
v 0.04644982 -0.02854548 0.02205203
v 0.04228352 -0.02604174 0.02249741
v 0.04236391 -0.02121072 0.02334162
v 0.05078858 -0.02132067 0.02333033
v 0.04667860 -0.01888963 0.02375007
v 0.04546255 -0.02099428 0.02339082
v 0.04859416 -0.02149906 0.02330963
v 0.04353155 -0.02365560 0.02291280
v 0.04938252 -0.02455985 0.02276386
v 0.04745467 -0.02656873 0.02239417
v 0.04512849 -0.02627085 0.02245100
v 0.04498597 -0.01941387 0.02655547
v 0.04840674 -0.01956246 0.02640677
v 0.04151871 -0.02380482 0.02562660
v 0.05163753 -0.02412011 0.02557296
v 0.05089076 -0.02674388 0.02513616
v 0.04418291 -0.02861184 0.02475926
v 0.04837701 -0.02896250 0.02458961
v 0.10353460 -0.02288361 0.00698746
v 0.10351661 -0.02845911 0.01457921
v 0.11519481 -0.02803940 0.01373728
v 0.11538190 0.03056002 0.01961932
v 0.10360480 0.03142959 0.02279165
v 0.10361380 0.02769328 0.01326821
v 0.11540700 0.02331401 0.00700478
v 0.10357670 -0.03155533 0.02366184
v 0.11518420 -0.03148676 0.02310472
v 0.11513231 0.03215578 0.02893462
v 0.10367450 0.03169863 0.03527807
v 0.10368241 -0.03164216 0.03614983
v 0.11533391 -0.03192518 0.03487795
v 0.11519970 0.02979013 0.04201910
v 0.10380001 0.02763959 0.04562617
v 0.10380001 -0.02763959 0.04562617
v 0.11520000 -0.02763959 0.04562617
v 0.11516080 0.02304354 0.05188874
v 0.10383921 -0.02304356 0.05188873
v 0.11530401 -0.02334626 0.05150789
v 0.11509530 0.01473549 0.05810643
v 0.10380771 0.01538206 0.05773823
v 0.10389791 -0.01506025 0.05790024
v 0.11518220 -0.01569626 0.05752376
v 0.11507040 0.00508790 0.06105866
v 0.10393641 0.00563722 0.06112805
v 0.10426790 -0.00577179 0.06091793
v 0.11502961 -0.00490740 0.06131628
v 0.10589901 -0.02839308 0.00740447
v 0.10385161 -0.02995036 0.01396965
v 0.10399670 -0.02897560 0.00619454
v 0.10966640 -0.02965370 0.01364924
v 0.11543821 -0.02976532 0.01377417
v 0.10887011 -0.02982980 0.00390711
v 0.10893651 -0.02896424 0.00130478
v 0.11400030 -0.02919243 0.00532036
v 0.11291511 -0.02776532 0.00717857
v 0.10904320 -0.02392418 0.00555096
v 0.10734080 -0.02576127 0.00372348
v 0.10363290 -0.02551139 0.00404595
v 0.11551211 -0.02292763 0.00688875
v 0.11098900 -0.02605752 0.00320220
v 0.11502051 -0.02619041 0.00337976
v 0.10871421 0.02672485 0.00263002
v 0.10872741 0.02396747 0.00552805
v 0.10396451 0.02634693 0.00331198
v 0.10350371 0.02291807 0.00691429
v 0.10841140 0.02934065 0.00196399
v 0.11453680 0.02664790 0.00293943
v 0.11153451 0.02489328 0.00451724
v 0.11194281 0.02901491 0.00465059
v 0.10647060 0.02899436 0.00517025
v 0.11324080 0.02987208 0.00407016
v 0.10386151 0.03353234 0.02412929
v 0.11001910 0.02978876 0.01380924
v 0.10338221 0.02853370 0.00861435
v 0.10620070 0.02802094 0.00883941
v 0.11531090 0.03376760 0.02524935
v 0.11567920 0.02912235 0.01180513
v 0.11336451 0.02805175 0.00784767
v 0.11527021 -0.03352249 0.02409759
v 0.10358130 0.03308720 0.03629849
v 0.11539870 0.03294493 0.03714778
v 0.10368610 -0.03379116 0.02522806
v 0.11522800 -0.03297704 0.03701653
v 0.10367080 0.02973846 0.04528350
v 0.11542300 0.02964362 0.04548153
v 0.10385110 -0.03285447 0.03765236
v 0.11539801 -0.02985004 0.04508306
v 0.10363111 0.02414977 0.05339249
v 0.11516781 0.02269378 0.05474124
v 0.10357721 -0.02964436 0.04548079
v 0.11536390 -0.02417484 0.05337005
v 0.10354261 0.01321187 0.06056180
v 0.11533720 0.01241188 0.06091345
v 0.10383610 -0.02268104 0.05475378
v 0.11549121 -0.01322849 0.06055540
v 0.10363681 0.00536671 0.06279274
v 0.11520000 0.00522710 0.06279215
v 0.10363301 -0.01234348 0.06093519
v 0.11532590 -0.00290163 0.06324589
v 0.10359481 -0.00229876 0.06319213
v 0.10369600 0.02334626 0.05150790
v 0.10967110 0.02502439 0.00842612
v 0.10731711 -0.02574253 0.00798975
v 0.11046911 -0.02494666 0.00880908
v 0.03486276 0.01338581 -0.00713892
v 0.03537663 0.01536860 -0.01329896
v 0.03509259 0.01462252 -0.00481307
v 0.03494609 -0.01577120 -0.01125047
v 0.03493394 -0.01341015 -0.00732059
v 0.03500000 -0.01529101 -0.00458961
v 0.03432126 -0.01171139 -0.00590833
v 0.03539606 0.01339994 -0.01310914
v 0.03534997 -0.01338573 -0.01335760
v 0.05167477 -0.01961867 -0.01031541
v 0.03664224 -0.01724249 -0.01180369
v 0.03610737 -0.01716641 -0.00497082
v 0.03629225 -0.01514877 -0.01343264
v 0.05446077 -0.01146460 -0.01443500
v 0.03612680 0.01717370 -0.01184556
v 0.05604855 0.02049065 -0.01103781
v 0.03588315 0.01714191 -0.00490661
v 0.03408304 0.01784082 -0.00339305
v 0.05560700 0.02344757 -0.01031642
v 0.03350361 0.02335581 -0.00334990
v 0.05419799 0.01153457 -0.01925065
v 0.05759776 0.00912464 -0.01933074
v 0.05549441 0.01116036 -0.01461545
v 0.05769471 0.00694698 -0.01563158
v 0.05735525 -0.00927024 -0.01509842
v 0.05490552 -0.01143989 -0.01928361
v 0.05762592 -0.00873081 -0.01935866
v 0.03872046 -0.02325102 -0.01679680
v 0.03761813 -0.01333468 -0.01664682
v 0.03817072 0.02331721 -0.01665938
v 0.05134191 0.02325661 -0.01882331
v 0.03813040 0.01325127 -0.01676162
v 0.03396152 -0.02340980 -0.00343386
v 0.05601222 -0.02182588 -0.01044334
v 0.03419210 -0.01783048 -0.00344388
v 0.05636413 -0.02401280 -0.01065222
v -0.02233115 0.00959373 -0.00503588
v -0.02070611 0.00617548 -0.00541383
v -0.02393546 -0.00187167 -0.00495898
v -0.02157837 -0.00014386 -0.00409784
v -0.01883847 -0.01102458 -0.00588528
v -0.02197425 -0.01026693 -0.00493498
v -0.01642004 0.01455572 -0.00633310
v -0.01694869 -0.01701204 -0.00612384
v -0.01079232 -0.01881826 -0.00735046
v -0.00953144 -0.02224789 -0.00722721
v -0.00309913 0.02390326 -0.00865757
v -0.00048174 0.02137430 -0.00907540
v -0.00826725 0.01995306 -0.00797892
v -0.00228860 -0.02326723 -0.00903530
v -0.00073859 -0.02146312 -0.00900949
v 0.00743294 0.02015247 -0.01080551
v 0.02174153 0.02327950 -0.01352435
v 0.00783852 -0.01997390 -0.01088228
v 0.02179997 -0.02326143 -0.01353185
v 0.01501403 0.01584071 -0.01223540
v 0.01534084 -0.01573341 -0.01228311
v 0.02223122 0.01472290 -0.01366747
v 0.02214950 -0.01474064 -0.01364570
v 0.00762462 0.02006479 -0.00400176
v -0.00226733 0.02129613 -0.00399674
v -0.01256320 0.01735867 -0.00399897
v 0.01487157 0.01558755 -0.00757415
v 0.01629508 0.01397851 -0.00403484
v -0.01874640 0.01012791 -0.00399838
v 0.02069008 0.00621651 -0.00598552
v 0.02137149 0.00301248 -0.00403241
v -0.01877873 -0.01010250 -0.00399987
v 0.02070743 -0.00622455 -0.00599797
v 0.01793999 -0.01241469 -0.00398797
v 0.01684675 -0.01357268 -0.00599564
v -0.01236540 -0.01755814 -0.00400000
v 0.01476662 -0.01557683 -0.00736431
v 0.00753962 -0.02014941 -0.00399919
v -0.00287401 -0.02120289 -0.00399907
v 0.07650000 0.01638592 -0.01294705
v 0.07650051 0.02264054 -0.01029924
v 0.07650000 -0.01638592 -0.01294705
v 0.07650053 -0.02292034 -0.01027556
v 0.05495838 -0.01931590 -0.01169968
v 0.07650000 0.00997582 -0.01489294
v 0.07650000 -0.00997582 -0.01489294
v 0.07650315 0.00047173 -0.01602757
v 0.05755000 -0.00334947 -0.01587655
v 0.05972245 -0.02319127 -0.01952093
v 0.06321593 0.02325000 -0.01950000
v -0.00110126 -0.02401185 -0.00851610
v 0.00956369 -0.02395406 -0.00311225
v -0.00489292 -0.02374697 -0.00036801
v 0.02208706 -0.02400122 -0.01282222
v 0.03380643 -0.02399839 -0.00382118
v 0.02470267 -0.02395236 -0.01682882
v 0.03781490 -0.02399941 -0.01601485
v 0.07650000 -0.02400000 -0.01100000
v 0.08000000 -0.02400000 -0.01050000
v 0.07653817 -0.02387119 -0.00399713
v 0.06949422 -0.02401585 -0.01897495
v 0.08463634 -0.02423792 -0.01050373
v 0.00920062 0.02397657 -0.00300975
v -0.00583143 0.02355043 -0.00046635
v 0.02216993 0.02399968 -0.01284692
v 0.03436610 0.02400165 -0.00386204
v 0.03990085 0.02400263 -0.01646262
v 0.02407563 0.02399176 -0.01623088
v 0.05537700 0.02400096 -0.01072657
v 0.07650000 0.02400000 -0.01100000
v 0.07650257 0.02284432 -0.00218016
v 0.08001661 0.02398559 -0.00494872
v 0.08000000 0.02400000 -0.01050000
v 0.06996543 0.02401599 -0.01865161
v 0.08440484 0.02404668 -0.01049631
v -0.00890991 0.02193534 0.00000046
v 0.02189417 -0.00877302 -0.00000430
v 0.00529597 0.02332668 -0.00001492
v 0.01895147 0.01527050 -0.00000574
v -0.02055309 0.01268051 0.00000441
v -0.02409136 0.00143208 0.00000978
v 0.02403932 0.00302449 -0.00053844
v -0.01227482 -0.02057859 0.00000174
v 0.00488613 -0.02338421 -0.00004245
v -0.02225215 -0.00921316 0.00000851
v 0.01547008 -0.01789799 -0.00003764
v 0.09700341 0.00827887 -0.01050501
v 0.09621545 -0.00987329 -0.01050740
v 0.09885743 -0.00342715 -0.01060831
v 0.06941590 -0.02338862 -0.01950585
v 0.07425566 0.01795685 -0.01948647
v 0.06946978 0.02353646 -0.01951151
v 0.08057555 -0.00481869 -0.01945907
v 0.08038515 0.00391673 -0.01945870
v -0.01368317 0.02019396 -0.00621689
v -0.01542690 0.01838507 -0.00050000
v 0.01782331 0.01660693 -0.00123162
v -0.01609208 -0.01806961 -0.00047521
v 0.00000000 0.00000000 -0.00400000
v 0.09831366 0.00402270 -0.01073835
v 0.08780661 -0.00849070 -0.01521482
v 0.08332840 0.00739819 -0.01756259
v 0.08761931 0.00847862 -0.01528869
v 0.09207110 -0.01619029 -0.01080912
v 0.09179380 0.01643838 -0.01085636
v 0.08312896 -0.01573948 -0.01536270
v 0.08432278 0.01542432 -0.01504066
v 0.07311853 -0.01953547 -0.01936408
v 0.08496437 -0.02368453 -0.01098826
v 0.08496656 0.02377513 -0.01082270
v 0.08094226 0.01452034 -0.01709990
v 0.08313687 -0.00752368 -0.01658976
v 0.07976748 -0.01152929 -0.01862731
v 0.08007769 0.01000679 -0.01869300
v 0.08184005 0.00803718 -0.01499562
v 0.07984958 0.01211975 -0.01492769
v 0.07974868 -0.01058976 -0.01505807
v 0.08000177 -0.02095739 -0.00196770
v 0.07649829 -0.02102132 -0.00194967
v 0.07998282 -0.02384932 -0.00398848
v 0.08001128 -0.00015861 -0.00358744
v 0.07649836 -0.00031937 -0.00356080
v 0.07999874 0.02141000 -0.00196034
v 0.01969669 0.01672354 -0.00300029
v 0.02834678 0.02350000 -0.00300000
v 0.02516098 0.00547930 -0.00299916
v 0.02834678 -0.02350000 -0.00300000
v 0.02471715 -0.00777387 -0.00300070
v 0.01707033 -0.01926557 -0.00300360
v 0.02153820 -0.01061458 -0.00095320
v 0.03396943 0.01144748 -0.00600170
v 0.01705855 0.01393387 -0.00605080
v 0.02456144 0.01456729 -0.01682485
v 0.02461518 -0.01453224 -0.01694257
v 0.02557015 0.02325000 -0.01700000
v 0.08974324 0.03630291 0.02296326
v 0.08102872 0.03636510 0.02465304
v 0.08104446 0.03225038 0.01140663
v 0.08994651 0.03192408 0.01138310
v 0.08969999 0.03634835 0.03378453
v 0.08991784 0.03435959 0.04262756
v 0.08099231 0.03599506 0.03759034
v 0.08103393 0.02860628 0.05290420
v 0.08005896 0.03003040 0.04994657
v 0.08982139 0.02899859 0.05203509
v 0.08968869 0.02071335 0.05987287
v 0.08100730 0.01617473 0.06241819
v 0.08965966 0.01077034 0.06452796
v 0.08071883 0.00300729 0.06627695
v 0.08988378 -0.00119322 0.06593580
v 0.08002450 0.03676948 0.03145857
v 0.07997644 0.03242108 0.01259462
v 0.08003579 0.01846891 0.06111719
v 0.08002878 0.03723069 0.02111112
v 0.08356569 0.03711987 0.01995198
v 0.08169490 0.03833794 0.01132670
v 0.08998340 0.03717138 0.02088845
v 0.08691907 0.03953501 0.00869890
v 0.08062855 0.03759564 0.00874732
v 0.08752755 0.03723274 0.01854694
v 0.08834153 0.03811655 0.01130335
v 0.08994976 0.03806933 0.01326595
v 0.08455925 0.03332215 0.01006947
v 0.08337031 0.03673932 0.00832510
v 0.08708050 0.03605482 0.00870435
v 0.08985939 0.03550359 0.00900323
v 0.08082782 -0.03187519 0.01142819
v 0.08101075 -0.03470013 0.01804347
v 0.08997922 -0.03197537 0.01134945
v 0.08004223 -0.03619263 0.02718010
v 0.08970227 -0.03601083 0.02160547
v 0.08994979 -0.03576369 0.03892565
v 0.08103521 -0.03678350 0.02987897
v 0.08097586 -0.03440785 0.04225914
v 0.08986802 -0.02810768 0.05346465
v 0.08109539 -0.02722290 0.05451289
v 0.08102639 -0.01597418 0.06250961
v 0.08099337 -0.00359103 0.06608474
v 0.08988890 -0.01459502 0.06363282
v 0.08017765 -0.00097410 0.06547265
v 0.08010512 0.03791305 0.03421361
v 0.08987146 0.03786909 0.03029933
v 0.07999422 -0.03722894 0.02072476
v 0.08992612 -0.03711310 0.02121527
v 0.08975966 -0.03791802 0.03423453
v 0.08980668 0.03578300 0.04282269
v 0.08007901 0.03389666 0.04651342
v 0.08018631 -0.03776485 0.03564119
v 0.08969999 -0.03378635 0.04667243
v 0.08007338 0.02933348 0.05370692
v 0.08990271 0.02738894 0.05616691
v 0.08008094 -0.03373488 0.04683224
v 0.08965232 -0.02910085 0.05398293
v 0.08006026 0.01857399 0.06300462
v 0.08008429 -0.02859400 0.05457785
v 0.08969999 -0.02229460 0.06014900
v 0.08013724 -0.02121348 0.06093424
v 0.08960579 -0.01189647 0.06581308
v 0.08983612 0.01456151 0.06460990
v 0.08006279 0.00327918 0.06742971
v 0.08986895 0.00242100 0.06753493
v 0.08007554 -0.00966745 0.06637979
v 0.08154596 -0.03806577 0.01144485
v 0.08188881 -0.03737017 0.01744709
v 0.08006102 -0.03811646 0.01311095
v 0.08537292 -0.03702649 0.02037576
v 0.08516186 -0.04008493 0.00812012
v 0.08653013 -0.03886594 0.01017253
v 0.08973314 -0.03795622 0.01431645
v 0.08000770 -0.03239255 0.01199298
v 0.08005120 -0.03539627 0.00910953
v 0.08517086 -0.03321118 0.01022071
v 0.08292685 -0.03611119 0.00866062
v 0.08640937 -0.03659224 0.00825371
v 0.08963536 -0.03624493 0.00860133
v 0.08005954 -0.03456672 0.04088457
v 0.08003585 -0.02726336 0.05332217
v 0.07999179 -0.01696531 0.06188636
v 0.08311771 -0.03385475 0.01281136
v 0.08740401 -0.03410597 0.01231758
v 0.08234427 0.03436403 0.01241255
v 0.08650403 0.03335711 0.01300572
vt 0.50000000 0.50000000
vt 0.50000000 0.50000000
vt 0.50000000 0.50000000
vt 0.50000000 0.50000000
vt 0.50000000 0.50000000
vt 0.50000000 0.50000000
vt 0.50000000 0.50000000
vt 0.50000000 0.50000000
vt 0.50000000 0.50000000
vt 0.50000000 0.50000000
vt 0.50000000 0.50000000
vt 0.50000000 0.50000000
vt 0.50000000 0.50000000
vt 0.50000000 0.50000000
vt 0.50000000 0.50000000
vt 0.50000000 0.50000000
vt 0.50000000 0.50000000
vt 0.50000000 0.50000000
vt 0.50000000 0.50000000
vt 0.50000000 0.50000000
vt 0.50000000 0.50000000
vt 0.50000000 0.50000000
vt 0.50000000 0.50000000
vt 0.50000000 0.50000000
vt 0.50000000 0.50000000
vt 0.50000000 0.50000000
vt 0.50000000 0.50000000
vt 0.50000000 0.50000000
vt 0.50000000 0.50000000
vt 0.50000000 0.50000000
vt 0.50000000 0.50000000
vt 0.50000000 0.50000000
vt 0.50000000 0.50000000
vt 0.50000000 0.50000000
vt 0.50000000 0.50000000
vt 0.50000000 0.50000000
vt 0.50000000 0.50000000
vt 0.50000000 0.50000000
vt 0.50000000 0.50000000
vt 0.50000000 0.50000000
vt 0.50000000 0.50000000
vt 0.50000000 0.50000000
vt 0.50000000 0.50000000
vt 0.50000000 0.50000000
vt 0.50000000 0.50000000
vt 0.50000000 0.50000000
vt 0.50000000 0.50000000
vt 0.50000000 0.50000000
vt 0.50000000 0.50000000
vt 0.50000000 0.50000000
vt 0.50000000 0.50000000
vt 0.50000000 0.50000000
vt 0.50000000 0.50000000
vt 0.50000000 0.50000000
vt 0.50000000 0.50000000
vt 0.50000000 0.50000000
vt 0.50000000 0.50000000
vt 0.50000000 0.50000000
vt 0.50000000 0.50000000
vt 0.50000000 0.50000000
vt 0.50000000 0.50000000
vt 0.50000000 0.50000000
vt 0.50000000 0.50000000
vt 0.50000000 0.50000000
vt 0.50000000 0.50000000
vt 0.50000000 0.50000000
vt 0.50000000 0.50000000
vt 0.50000000 0.50000000
vt 0.50000000 0.50000000
vt 0.50000000 0.50000000
vt 0.50000000 0.50000000
vt 0.50000000 0.50000000
vt 0.50000000 0.50000000
vt 0.50000000 0.50000000
vt 0.50000000 0.50000000
vt 0.50000000 0.50000000
vt 0.50000000 0.50000000
vt 0.50000000 0.50000000
vt 0.50000000 0.50000000
vt 0.50000000 0.50000000
vt 0.50000000 0.50000000
vt 0.50000000 0.50000000
vt 0.50000000 0.50000000
vt 0.50000000 0.50000000
vt 0.50000000 0.50000000
vt 0.50000000 0.50000000
vt 0.50000000 0.50000000
vt 0.50000000 0.50000000
vt 0.50000000 0.50000000
vt 0.50000000 0.50000000
vt 0.50000000 0.50000000
vt 0.50000000 0.50000000
vt 0.50000000 0.50000000
vt 0.50000000 0.50000000
vt 0.50000000 0.50000000
vt 0.50000000 0.50000000
vt 0.50000000 0.50000000
vt 0.50000000 0.50000000
vt 0.50000000 0.50000000
vt 0.50000000 0.50000000
vt 0.50000000 0.50000000
vt 0.50000000 0.50000000
vt 0.50000000 0.50000000
vt 0.50000000 0.50000000
vt 0.50000000 0.50000000
vt 0.50000000 0.50000000
vt 0.50000000 0.50000000
vt 0.50000000 0.50000000
vt 0.50000000 0.50000000
vt 0.50000000 0.50000000
vt 0.50000000 0.50000000
vt 0.50000000 0.50000000
vt 0.50000000 0.50000000
vt 0.50000000 0.50000000
vt 0.50000000 0.50000000
vt 0.50000000 0.50000000
vt 0.50000000 0.50000000
vt 0.50000000 0.50000000
vt 0.50000000 0.50000000
vt 0.50000000 0.50000000
vt 0.50000000 0.50000000
vt 0.50000000 0.50000000
vt 0.50000000 0.50000000
vt 0.50000000 0.50000000
vt 0.50000000 0.50000000
vt 0.50000000 0.50000000
vt 0.50000000 0.50000000
vt 0.50000000 0.50000000
vt 0.50000000 0.50000000
vt 0.50000000 0.50000000
vt 0.50000000 0.50000000
vt 0.50000000 0.50000000
vt 0.50000000 0.50000000
vt 0.50000000 0.50000000
vt 0.50000000 0.50000000
vt 0.50000000 0.50000000
vt 0.50000000 0.50000000
vt 0.50000000 0.50000000
vt 0.50000000 0.50000000
vt 0.50000000 0.50000000
vt 0.50000000 0.50000000
vt 0.50000000 0.50000000
vt 0.50000000 0.50000000
vt 0.50000000 0.50000000
vt 0.50000000 0.50000000
vt 0.50000000 0.50000000
vt 0.50000000 0.50000000
vt 0.50000000 0.50000000
vt 0.50000000 0.50000000
vt 0.50000000 0.50000000
vt 0.50000000 0.50000000
vt 0.50000000 0.50000000
vt 0.50000000 0.50000000
vt 0.50000000 0.50000000
vt 0.50000000 0.50000000
vt 0.50000000 0.50000000
vt 0.50000000 0.50000000
vt 0.50000000 0.50000000
vt 0.50000000 0.50000000
vt 0.50000000 0.50000000
vt 0.50000000 0.50000000
vt 0.50000000 0.50000000
vt 0.50000000 0.50000000
vt 0.50000000 0.50000000
vt 0.50000000 0.50000000
vt 0.50000000 0.50000000
vt 0.50000000 0.50000000
vt 0.50000000 0.50000000
vt 0.50000000 0.50000000
vt 0.50000000 0.50000000
vt 0.50000000 0.50000000
vt 0.50000000 0.50000000
vt 0.50000000 0.50000000
vt 0.50000000 0.50000000
vt 0.50000000 0.50000000
vt 0.50000000 0.50000000
vt 0.50000000 0.50000000
vt 0.50000000 0.50000000
vt 0.50000000 0.50000000
vt 0.50000000 0.50000000
vt 0.50000000 0.50000000
vt 0.50000000 0.50000000
vt 0.50000000 0.50000000
vt 0.50000000 0.50000000
vt 0.50000000 0.50000000
vt 0.50000000 0.50000000
vt 0.50000000 0.50000000
vt 0.50000000 0.50000000
vt 0.50000000 0.50000000
vt 0.50000000 0.50000000
vt 0.50000000 0.50000000
vt 0.50000000 0.50000000
vt 0.50000000 0.50000000
vt 0.50000000 0.50000000
vt 0.50000000 0.50000000
vt 0.50000000 0.50000000
vt 0.50000000 0.50000000
vt 0.50000000 0.50000000
vt 0.50000000 0.50000000
vt 0.50000000 0.50000000
vt 0.50000000 0.50000000
vt 0.50000000 0.50000000
vt 0.50000000 0.50000000
vt 0.50000000 0.50000000
vt 0.50000000 0.50000000
vt 0.50000000 0.50000000
vt 0.50000000 0.50000000
vt 0.50000000 0.50000000
vt 0.50000000 0.50000000
vt 0.50000000 0.50000000
vt 0.50000000 0.50000000
vt 0.50000000 0.50000000
vt 0.50000000 0.50000000
vt 0.50000000 0.50000000
vt 0.50000000 0.50000000
vt 0.50000000 0.50000000
vt 0.50000000 0.50000000
vt 0.50000000 0.50000000
vt 0.50000000 0.50000000
vt 0.50000000 0.50000000
vt 0.50000000 0.50000000
vt 0.50000000 0.50000000
vt 0.50000000 0.50000000
vt 0.50000000 0.50000000
vt 0.50000000 0.50000000
vt 0.50000000 0.50000000
vt 0.50000000 0.50000000
vt 0.50000000 0.50000000
vt 0.50000000 0.50000000
vt 0.50000000 0.50000000
vt 0.50000000 0.50000000
vt 0.50000000 0.50000000
vt 0.50000000 0.50000000
vt 0.50000000 0.50000000
vt 0.50000000 0.50000000
vt 0.50000000 0.50000000
vt 0.50000000 0.50000000
vt 0.50000000 0.50000000
vt 0.50000000 0.50000000
vt 0.50000000 0.50000000
vt 0.50000000 0.50000000
vt 0.50000000 0.50000000
vt 0.50000000 0.50000000
vt 0.50000000 0.50000000
vt 0.50000000 0.50000000
vt 0.50000000 0.50000000
vt 0.50000000 0.50000000
vt 0.50000000 0.50000000
vt 0.50000000 0.50000000
vt 0.50000000 0.50000000
vt 0.50000000 0.50000000
vt 0.50000000 0.50000000
vt 0.50000000 0.50000000
vt 0.50000000 0.50000000
vt 0.50000000 0.50000000
vt 0.50000000 0.50000000
vt 0.50000000 0.50000000
vt 0.50000000 0.50000000
vt 0.50000000 0.50000000
vt 0.50000000 0.50000000
vt 0.50000000 0.50000000
vt 0.50000000 0.50000000
vt 0.50000000 0.50000000
vt 0.50000000 0.50000000
vt 0.50000000 0.50000000
vt 0.50000000 0.50000000
vt 0.50000000 0.50000000
vt 0.50000000 0.50000000
vt 0.50000000 0.50000000
vt 0.50000000 0.50000000
vt 0.50000000 0.50000000
vt 0.50000000 0.50000000
vt 0.50000000 0.50000000
vt 0.50000000 0.50000000
vt 0.50000000 0.50000000
vt 0.50000000 0.50000000
vt 0.50000000 0.50000000
vt 0.50000000 0.50000000
vt 0.50000000 0.50000000
vt 0.50000000 0.50000000
vt 0.50000000 0.50000000
vt 0.50000000 0.50000000
vt 0.50000000 0.50000000
vt 0.50000000 0.50000000
vt 0.50000000 0.50000000
vt 0.50000000 0.50000000
vt 0.50000000 0.50000000
vt 0.50000000 0.50000000
vt 0.50000000 0.50000000
vt 0.50000000 0.50000000
vt 0.50000000 0.50000000
vt 0.50000000 0.50000000
vt 0.50000000 0.50000000
vt 0.50000000 0.50000000
vt 0.50000000 0.50000000
vt 0.50000000 0.50000000
vt 0.50000000 0.50000000
vt 0.50000000 0.50000000
vt 0.50000000 0.50000000
vt 0.50000000 0.50000000
vt 0.50000000 0.50000000
vt 0.50000000 0.50000000
vt 0.50000000 0.50000000
vt 0.50000000 0.50000000
vt 0.50000000 0.50000000
vt 0.50000000 0.50000000
vt 0.50000000 0.50000000
vt 0.50000000 0.50000000
vt 0.50000000 0.50000000
vt 0.50000000 0.50000000
vt 0.50000000 0.50000000
vt 0.50000000 0.50000000
vt 0.50000000 0.50000000
vt 0.50000000 0.50000000
vt 0.50000000 0.50000000
vt 0.50000000 0.50000000
vt 0.50000000 0.50000000
vt 0.50000000 0.50000000
vt 0.50000000 0.50000000
vt 0.50000000 0.50000000
vt 0.50000000 0.50000000
vt 0.50000000 0.50000000
vt 0.50000000 0.50000000
vt 0.50000000 0.50000000
vt 0.50000000 0.50000000
vt 0.50000000 0.50000000
vt 0.50000000 0.50000000
vt 0.50000000 0.50000000
vt 0.50000000 0.50000000
vt 0.50000000 0.50000000
vt 0.50000000 0.50000000
vt 0.50000000 0.50000000
vt 0.50000000 0.50000000
vt 0.50000000 0.50000000
vt 0.50000000 0.50000000
vt 0.50000000 0.50000000
vt 0.50000000 0.50000000
vt 0.50000000 0.50000000
vt 0.50000000 0.50000000
vt 0.50000000 0.50000000
vt 0.50000000 0.50000000
vt 0.50000000 0.50000000
vt 0.50000000 0.50000000
vt 0.50000000 0.50000000
vt 0.50000000 0.50000000
vt 0.50000000 0.50000000
vt 0.50000000 0.50000000
vt 0.50000000 0.50000000
vt 0.50000000 0.50000000
vt 0.50000000 0.50000000
vt 0.50000000 0.50000000
vt 0.50000000 0.50000000
vt 0.50000000 0.50000000
vt 0.50000000 0.50000000
vt 0.50000000 0.50000000
vt 0.50000000 0.50000000
vt 0.50000000 0.50000000
vt 0.50000000 0.50000000
vt 0.50000000 0.50000000
vt 0.50000000 0.50000000
vt 0.50000000 0.50000000
vt 0.50000000 0.50000000
vt 0.50000000 0.50000000
vt 0.50000000 0.50000000
vt 0.50000000 0.50000000
vt 0.50000000 0.50000000
vt 0.50000000 0.50000000
vt 0.50000000 0.50000000
vt 0.50000000 0.50000000
vt 0.50000000 0.50000000
vt 0.50000000 0.50000000
vt 0.50000000 0.50000000
vt 0.50000000 0.50000000
vt 0.50000000 0.50000000
vt 0.50000000 0.50000000
vt 0.50000000 0.50000000
vt 0.50000000 0.50000000
vt 0.50000000 0.50000000
vt 0.50000000 0.50000000
vt 0.50000000 0.50000000
vt 0.50000000 0.50000000
vt 0.50000000 0.50000000
vt 0.50000000 0.50000000
vt 0.50000000 0.50000000
vt 0.50000000 0.50000000
vt 0.50000000 0.50000000
vt 0.50000000 0.50000000
vt 0.50000000 0.50000000
vt 0.50000000 0.50000000
vt 0.50000000 0.50000000
vt 0.50000000 0.50000000
vt 0.50000000 0.50000000
vt 0.50000000 0.50000000
vt 0.50000000 0.50000000
vt 0.50000000 0.50000000
vt 0.50000000 0.50000000
vt 0.50000000 0.50000000
vt 0.50000000 0.50000000
vt 0.50000000 0.50000000
vt 0.50000000 0.50000000
vt 0.50000000 0.50000000
vt 0.50000000 0.50000000
vt 0.50000000 0.50000000
vt 0.50000000 0.50000000
vt 0.50000000 0.50000000
vt 0.50000000 0.50000000
vt 0.50000000 0.50000000
vt 0.50000000 0.50000000
vt 0.50000000 0.50000000
vt 0.50000000 0.50000000
vt 0.50000000 0.50000000
vt 0.50000000 0.50000000
vt 0.50000000 0.50000000
vt 0.50000000 0.50000000
vt 0.50000000 0.50000000
vt 0.50000000 0.50000000
vt 0.50000000 0.50000000
vt 0.50000000 0.50000000
vt 0.50000000 0.50000000
vt 0.50000000 0.50000000
vt 0.50000000 0.50000000
vt 0.50000000 0.50000000
vt 0.50000000 0.50000000
vt 0.50000000 0.50000000
vt 0.50000000 0.50000000
vt 0.50000000 0.50000000
vt 0.50000000 0.50000000
vt 0.50000000 0.50000000
vt 0.50000000 0.50000000
vt 0.50000000 0.50000000
vt 0.50000000 0.50000000
vt 0.50000000 0.50000000
vt 0.50000000 0.50000000
vt 0.50000000 0.50000000
vt 0.50000000 0.50000000
vt 0.50000000 0.50000000
vt 0.50000000 0.50000000
vt 0.50000000 0.50000000
vt 0.50000000 0.50000000
vt 0.50000000 0.50000000
vt 0.50000000 0.50000000
vt 0.50000000 0.50000000
vt 0.50000000 0.50000000
vt 0.50000000 0.50000000
vt 0.50000000 0.50000000
vt 0.50000000 0.50000000
vt 0.50000000 0.50000000
vt 0.50000000 0.50000000
vt 0.50000000 0.50000000
vt 0.50000000 0.50000000
vt 0.50000000 0.50000000
vt 0.50000000 0.50000000
vt 0.50000000 0.50000000
vt 0.50000000 0.50000000
vt 0.50000000 0.50000000
vt 0.50000000 0.50000000
vt 0.50000000 0.50000000
vt 0.50000000 0.50000000
vt 0.50000000 0.50000000
vt 0.50000000 0.50000000
vt 0.50000000 0.50000000
vt 0.50000000 0.50000000
vt 0.50000000 0.50000000
vt 0.50000000 0.50000000
vt 0.50000000 0.50000000
vt 0.50000000 0.50000000
vt 0.50000000 0.50000000
vt 0.50000000 0.50000000
vt 0.50000000 0.50000000
vt 0.50000000 0.50000000
vt 0.50000000 0.50000000
vt 0.50000000 0.50000000
vt 0.50000000 0.50000000
vt 0.50000000 0.50000000
vt 0.50000000 0.50000000
vt 0.50000000 0.50000000
vt 0.50000000 0.50000000
vt 0.50000000 0.50000000
vt 0.50000000 0.50000000
vt 0.50000000 0.50000000
vt 0.50000000 0.50000000
vt 0.50000000 0.50000000
vt 0.50000000 0.50000000
vt 0.50000000 0.50000000
vt 0.50000000 0.50000000
vt 0.50000000 0.50000000
vt 0.50000000 0.50000000
vt 0.50000000 0.50000000
vt 0.50000000 0.50000000
vt 0.50000000 0.50000000
vt 0.50000000 0.50000000
vt 0.50000000 0.50000000
vt 0.50000000 0.50000000
vt 0.50000000 0.50000000
vt 0.50000000 0.50000000
vt 0.50000000 0.50000000
vt 0.50000000 0.50000000
vt 0.50000000 0.50000000
vt 0.50000000 0.50000000
vt 0.50000000 0.50000000
vt 0.50000000 0.50000000
vt 0.50000000 0.50000000
vt 0.50000000 0.50000000
vt 0.50000000 0.50000000
vt 0.50000000 0.50000000
vt 0.50000000 0.50000000
vt 0.50000000 0.50000000
vt 0.50000000 0.50000000
vt 0.50000000 0.50000000
vt 0.50000000 0.50000000
vt 0.50000000 0.50000000
vt 0.50000000 0.50000000
vt 0.50000000 0.50000000
vt 0.50000000 0.50000000
vt 0.50000000 0.50000000
vt 0.50000000 0.50000000
vt 0.50000000 0.50000000
vt 0.50000000 0.50000000
vt 0.50000000 0.50000000
vt 0.50000000 0.50000000
vt 0.50000000 0.50000000
vt 0.50000000 0.50000000
vt 0.50000000 0.50000000
vt 0.50000000 0.50000000
vt 0.50000000 0.50000000
vt 0.50000000 0.50000000
vt 0.50000000 0.50000000
vt 0.50000000 0.50000000
vt 0.50000000 0.50000000
vt 0.50000000 0.50000000
vt 0.50000000 0.50000000
vt 0.50000000 0.50000000
vt 0.50000000 0.50000000
vt 0.50000000 0.50000000
vt 0.50000000 0.50000000
vt 0.50000000 0.50000000
vt 0.50000000 0.50000000
vt 0.50000000 0.50000000
vt 0.50000000 0.50000000
vt 0.50000000 0.50000000
vt 0.50000000 0.50000000
vt 0.50000000 0.50000000
vt 0.50000000 0.50000000
vt 0.50000000 0.50000000
vt 0.50000000 0.50000000
vt 0.50000000 0.50000000
vt 0.50000000 0.50000000
vt 0.50000000 0.50000000
vt 0.50000000 0.50000000
vt 0.50000000 0.50000000
vt 0.50000000 0.50000000
vt 0.50000000 0.50000000
vt 0.50000000 0.50000000
vt 0.50000000 0.50000000
vt 0.50000000 0.50000000
vt 0.50000000 0.50000000
vt 0.50000000 0.50000000
vt 0.50000000 0.50000000
vt 0.50000000 0.50000000
vt 0.50000000 0.50000000
vt 0.50000000 0.50000000
vt 0.50000000 0.50000000
vt 0.50000000 0.50000000
vt 0.50000000 0.50000000
vt 0.50000000 0.50000000
vt 0.50000000 0.50000000
vt 0.50000000 0.50000000
vt 0.50000000 0.50000000
vt 0.50000000 0.50000000
vt 0.50000000 0.50000000
vt 0.50000000 0.50000000
vt 0.50000000 0.50000000
vt 0.50000000 0.50000000
vt 0.50000000 0.50000000
vt 0.50000000 0.50000000
vt 0.50000000 0.50000000
vt 0.50000000 0.50000000
vt 0.50000000 0.50000000
vt 0.50000000 0.50000000
vt 0.50000000 0.50000000
vt 0.50000000 0.50000000
vt 0.50000000 0.50000000
vt 0.50000000 0.50000000
vt 0.50000000 0.50000000
vt 0.50000000 0.50000000
vt 0.50000000 0.50000000
vt 0.50000000 0.50000000
vt 0.50000000 0.50000000
vt 0.50000000 0.50000000
vt 0.50000000 0.50000000
vt 0.50000000 0.50000000
vt 0.50000000 0.50000000
vt 0.50000000 0.50000000
vt 0.50000000 0.50000000
vt 0.50000000 0.50000000
vt 0.50000000 0.50000000
vt 0.50000000 0.50000000
vt 0.50000000 0.50000000
vt 0.50000000 0.50000000
vt 0.50000000 0.50000000
vt 0.50000000 0.50000000
vt 0.50000000 0.50000000
vt 0.50000000 0.50000000
vt 0.50000000 0.50000000
vt 0.50000000 0.50000000
vt 0.50000000 0.50000000
vt 0.50000000 0.50000000
vt 0.50000000 0.50000000
vt 0.50000000 0.50000000
vt 0.50000000 0.50000000
vt 0.50000000 0.50000000
vt 0.50000000 0.50000000
vt 0.50000000 0.50000000
vt 0.50000000 0.50000000
vt 0.50000000 0.50000000
vt 0.50000000 0.50000000
vt 0.50000000 0.50000000
vt 0.50000000 0.50000000
vt 0.50000000 0.50000000
vt 0.50000000 0.50000000
vt 0.50000000 0.50000000
vt 0.50000000 0.50000000
vt 0.50000000 0.50000000
vt 0.50000000 0.50000000
vt 0.50000000 0.50000000
vt 0.50000000 0.50000000
vt 0.50000000 0.50000000
vt 0.50000000 0.50000000
vt 0.50000000 0.50000000
vt 0.50000000 0.50000000
vt 0.50000000 0.50000000
vt 0.50000000 0.50000000
vt 0.50000000 0.50000000
vt 0.50000000 0.50000000
vt 0.50000000 0.50000000
vt 0.50000000 0.50000000
vt 0.50000000 0.50000000
vt 0.50000000 0.50000000
vt 0.50000000 0.50000000
vt 0.50000000 0.50000000
vt 0.50000000 0.50000000
vt 0.50000000 0.50000000
vt 0.50000000 0.50000000
vt 0.50000000 0.50000000
vt 0.50000000 0.50000000
vt 0.50000000 0.50000000
vt 0.50000000 0.50000000
vt 0.50000000 0.50000000
vt 0.50000000 0.50000000
vt 0.50000000 0.50000000
vt 0.50000000 0.50000000
vt 0.50000000 0.50000000
vt 0.50000000 0.50000000
vt 0.50000000 0.50000000
vt 0.50000000 0.50000000
vt 0.50000000 0.50000000
vt 0.50000000 0.50000000
vt 0.50000000 0.50000000
vt 0.50000000 0.50000000
vt 0.50000000 0.50000000
vt 0.50000000 0.50000000
vt 0.50000000 0.50000000
vt 0.50000000 0.50000000
vt 0.50000000 0.50000000
vt 0.50000000 0.50000000
vt 0.50000000 0.50000000
vt 0.50000000 0.50000000
vt 0.50000000 0.50000000
vt 0.50000000 0.50000000
vt 0.50000000 0.50000000
vt 0.50000000 0.50000000
vt 0.50000000 0.50000000
vt 0.50000000 0.50000000
vt 0.50000000 0.50000000
vt 0.50000000 0.50000000
vt 0.50000000 0.50000000
vt 0.50000000 0.50000000
vt 0.50000000 0.50000000
vt 0.50000000 0.50000000
vt 0.50000000 0.50000000
vt 0.50000000 0.50000000
vt 0.50000000 0.50000000
vt 0.50000000 0.50000000
vt 0.50000000 0.50000000
vt 0.50000000 0.50000000
vt 0.50000000 0.50000000
vt 0.50000000 0.50000000
vt 0.50000000 0.50000000
vt 0.50000000 0.50000000
vt 0.50000000 0.50000000
vt 0.50000000 0.50000000
vt 0.50000000 0.50000000
vt 0.50000000 0.50000000
vt 0.50000000 0.50000000
vt 0.50000000 0.50000000
vt 0.50000000 0.50000000
vt 0.50000000 0.50000000
vt 0.50000000 0.50000000
vt 0.50000000 0.50000000
vt 0.50000000 0.50000000
vt 0.50000000 0.50000000
vt 0.50000000 0.50000000
vt 0.50000000 0.50000000
vt 0.50000000 0.50000000
vt 0.50000000 0.50000000
vt 0.50000000 0.50000000
vt 0.50000000 0.50000000
vt 0.50000000 0.50000000
vt 0.50000000 0.50000000
vt 0.50000000 0.50000000
vt 0.50000000 0.50000000
vt 0.50000000 0.50000000
vt 0.50000000 0.50000000
vt 0.50000000 0.50000000
vt 0.50000000 0.50000000
vt 0.50000000 0.50000000
vt 0.50000000 0.50000000
vt 0.50000000 0.50000000
vt 0.50000000 0.50000000
vt 0.50000000 0.50000000
vt 0.50000000 0.50000000
vt 0.50000000 0.50000000
vt 0.50000000 0.50000000
vt 0.50000000 0.50000000
vt 0.50000000 0.50000000
vt 0.50000000 0.50000000
vt 0.50000000 0.50000000
vt 0.50000000 0.50000000
vt 0.50000000 0.50000000
vt 0.50000000 0.50000000
vt 0.50000000 0.50000000
vt 0.50000000 0.50000000
vt 0.50000000 0.50000000
vt 0.50000000 0.50000000
vt 0.50000000 0.50000000
vt 0.50000000 0.50000000
vt 0.50000000 0.50000000
vt 0.50000000 0.50000000
vt 0.50000000 0.50000000
vt 0.50000000 0.50000000
vt 0.50000000 0.50000000
vt 0.50000000 0.50000000
vt 0.50000000 0.50000000
vt 0.50000000 0.50000000
vt 0.50000000 0.50000000
vt 0.50000000 0.50000000
vt 0.50000000 0.50000000
vt 0.50000000 0.50000000
vt 0.50000000 0.50000000
vt 0.50000000 0.50000000
vt 0.50000000 0.50000000
vt 0.50000000 0.50000000
vt 0.50000000 0.50000000
vt 0.50000000 0.50000000
vt 0.50000000 0.50000000
vt 0.50000000 0.50000000
vt 0.50000000 0.50000000
vt 0.50000000 0.50000000
vt 0.50000000 0.50000000
vt 0.50000000 0.50000000
vt 0.50000000 0.50000000
vt 0.50000000 0.50000000
vt 0.50000000 0.50000000
vt 0.50000000 0.50000000
vt 0.50000000 0.50000000
vt 0.50000000 0.50000000
vt 0.50000000 0.50000000
vt 0.50000000 0.50000000
vt 0.50000000 0.50000000
vt 0.50000000 0.50000000
vt 0.50000000 0.50000000
vt 0.50000000 0.50000000
vt 0.50000000 0.50000000
vt 0.50000000 0.50000000
vt 0.50000000 0.50000000
vt 0.50000000 0.50000000
vt 0.50000000 0.50000000
vt 0.50000000 0.50000000
vt 0.50000000 0.50000000
vt 0.50000000 0.50000000
vt 0.50000000 0.50000000
vt 0.50000000 0.50000000
vt 0.50000000 0.50000000
vt 0.50000000 0.50000000
vt 0.50000000 0.50000000
vt 0.50000000 0.50000000
vt 0.50000000 0.50000000
vt 0.50000000 0.50000000
vt 0.50000000 0.50000000
vt 0.50000000 0.50000000
vt 0.50000000 0.50000000
vt 0.50000000 0.50000000
vt 0.50000000 0.50000000
vt 0.50000000 0.50000000
vt 0.50000000 0.50000000
vt 0.50000000 0.50000000
vt 0.50000000 0.50000000
vt 0.50000000 0.50000000
vt 0.50000000 0.50000000
vt 0.50000000 0.50000000
vt 0.50000000 0.50000000
vt 0.50000000 0.50000000
vt 0.50000000 0.50000000
vt 0.50000000 0.50000000
vt 0.50000000 0.50000000
vt 0.50000000 0.50000000
vt 0.50000000 0.50000000
vt 0.50000000 0.50000000
vt 0.50000000 0.50000000
vt 0.50000000 0.50000000
vt 0.50000000 0.50000000
vt 0.50000000 0.50000000
vt 0.50000000 0.50000000
vt 0.50000000 0.50000000
vt 0.50000000 0.50000000
vt 0.50000000 0.50000000
vt 0.50000000 0.50000000
vt 0.50000000 0.50000000
vt 0.50000000 0.50000000
vt 0.50000000 0.50000000
vt 0.50000000 0.50000000
vt 0.50000000 0.50000000
vt 0.50000000 0.50000000
vt 0.50000000 0.50000000
vt 0.50000000 0.50000000
vt 0.50000000 0.50000000
vt 0.50000000 0.50000000
vt 0.50000000 0.50000000
vt 0.50000000 0.50000000
vt 0.50000000 0.50000000
vt 0.50000000 0.50000000
vt 0.50000000 0.50000000
vt 0.50000000 0.50000000
vt 0.50000000 0.50000000
vt 0.50000000 0.50000000
vt 0.50000000 0.50000000
vt 0.50000000 0.50000000
vt 0.50000000 0.50000000
vt 0.50000000 0.50000000
vt 0.50000000 0.50000000
vt 0.50000000 0.50000000
vt 0.50000000 0.50000000
vt 0.50000000 0.50000000
vt 0.50000000 0.50000000
vt 0.50000000 0.50000000
vt 0.50000000 0.50000000
vt 0.50000000 0.50000000
vt 0.50000000 0.50000000
vt 0.50000000 0.50000000
vt 0.50000000 0.50000000
vt 0.50000000 0.50000000
vt 0.50000000 0.50000000
vt 0.50000000 0.50000000
vt 0.50000000 0.50000000
vt 0.50000000 0.50000000
vt 0.50000000 0.50000000
vt 0.50000000 0.50000000
vt 0.50000000 0.50000000
vt 0.50000000 0.50000000
vt 0.50000000 0.50000000
vt 0.50000000 0.50000000
vt 0.50000000 0.50000000
vt 0.50000000 0.50000000
vt 0.50000000 0.50000000
vt 0.50000000 0.50000000
vt 0.50000000 0.50000000
vt 0.50000000 0.50000000
vt 0.50000000 0.50000000
vt 0.50000000 0.50000000
vt 0.50000000 0.50000000
vt 0.50000000 0.50000000
vt 0.50000000 0.50000000
vt 0.50000000 0.50000000
vt 0.50000000 0.50000000
vt 0.50000000 0.50000000
vt 0.50000000 0.50000000
vt 0.50000000 0.50000000
vt 0.50000000 0.50000000
vt 0.50000000 0.50000000
vt 0.50000000 0.50000000
vt 0.50000000 0.50000000
vt 0.50000000 0.50000000
vt 0.50000000 0.50000000
vt 0.50000000 0.50000000
vt 0.50000000 0.50000000
vt 0.50000000 0.50000000
vt 0.50000000 0.50000000
vt 0.50000000 0.50000000
vt 0.50000000 0.50000000
vt 0.50000000 0.50000000
vt 0.50000000 0.50000000
vt 0.50000000 0.50000000
vt 0.50000000 0.50000000
vt 0.50000000 0.50000000
vt 0.50000000 0.50000000
vt 0.50000000 0.50000000
vt 0.50000000 0.50000000
vt 0.50000000 0.50000000
vt 0.50000000 0.50000000
vt 0.50000000 0.50000000
vt 0.50000000 0.50000000
vt 0.50000000 0.50000000
vt 0.50000000 0.50000000
vt 0.50000000 0.50000000
vt 0.50000000 0.50000000
vt 0.50000000 0.50000000
vt 0.50000000 0.50000000
vt 0.50000000 0.50000000
vt 0.50000000 0.50000000
vt 0.50000000 0.50000000
vt 0.50000000 0.50000000
vt 0.50000000 0.50000000
vt 0.50000000 0.50000000
vt 0.50000000 0.50000000
vt 0.50000000 0.50000000
vt 0.50000000 0.50000000
vt 0.50000000 0.50000000
vt 0.50000000 0.50000000
vt 0.50000000 0.50000000
vt 0.50000000 0.50000000
vt 0.50000000 0.50000000
vt 0.50000000 0.50000000
vt 0.50000000 0.50000000
vt 0.50000000 0.50000000
vt 0.50000000 0.50000000
vt 0.50000000 0.50000000
vt 0.50000000 0.50000000
vt 0.50000000 0.50000000
vt 0.50000000 0.50000000
vt 0.50000000 0.50000000
vt 0.50000000 0.50000000
vt 0.50000000 0.50000000
vt 0.50000000 0.50000000
vt 0.50000000 0.50000000
vt 0.50000000 0.50000000
vt 0.50000000 0.50000000
vt 0.50000000 0.50000000
vt 0.50000000 0.50000000
vt 0.50000000 0.50000000
vt 0.50000000 0.50000000
vt 0.50000000 0.50000000
vt 0.50000000 0.50000000
vt 0.50000000 0.50000000
vt 0.50000000 0.50000000
vt 0.50000000 0.50000000
vt 0.50000000 0.50000000
vt 0.50000000 0.50000000
vt 0.50000000 0.50000000
vt 0.50000000 0.50000000
vt 0.50000000 0.50000000
vt 0.50000000 0.50000000
vt 0.50000000 0.50000000
vt 0.50000000 0.50000000
vt 0.50000000 0.50000000
vt 0.50000000 0.50000000
vt 0.50000000 0.50000000
vt 0.50000000 0.50000000
vt 0.50000000 0.50000000
vt 0.50000000 0.50000000
vt 0.50000000 0.50000000
vt 0.50000000 0.50000000
vt 0.50000000 0.50000000
vt 0.50000000 0.50000000
vt 0.50000000 0.50000000
vt 0.50000000 0.50000000
vt 0.50000000 0.50000000
vt 0.50000000 0.50000000
vt 0.50000000 0.50000000
vt 0.50000000 0.50000000
vt 0.50000000 0.50000000
vt 0.50000000 0.50000000
vt 0.50000000 0.50000000
vt 0.50000000 0.50000000
vt 0.50000000 0.50000000
vt 0.50000000 0.50000000
vt 0.50000000 0.50000000
vt 0.50000000 0.50000000
vt 0.50000000 0.50000000
vt 0.50000000 0.50000000
vt 0.50000000 0.50000000
vt 0.50000000 0.50000000
vt 0.50000000 0.50000000
vt 0.50000000 0.50000000
vt 0.50000000 0.50000000
vt 0.50000000 0.50000000
vt 0.50000000 0.50000000
vt 0.50000000 0.50000000
vt 0.50000000 0.50000000
vt 0.50000000 0.50000000
vt 0.50000000 0.50000000
vt 0.50000000 0.50000000
vt 0.50000000 0.50000000
vt 0.50000000 0.50000000
vt 0.50000000 0.50000000
vt 0.50000000 0.50000000
vt 0.50000000 0.50000000
vt 0.50000000 0.50000000
vt 0.50000000 0.50000000
vt 0.50000000 0.50000000
vt 0.50000000 0.50000000
vt 0.50000000 0.50000000
vt 0.50000000 0.50000000
vt 0.50000000 0.50000000
vt 0.50000000 0.50000000
vt 0.50000000 0.50000000
vt 0.50000000 0.50000000
vt 0.50000000 0.50000000
vt 0.50000000 0.50000000
vt 0.50000000 0.50000000
vt 0.50000000 0.50000000
vt 0.50000000 0.50000000
vt 0.50000000 0.50000000
vt 0.50000000 0.50000000
vt 0.50000000 0.50000000
vt 0.50000000 0.50000000
vt 0.50000000 0.50000000
vt 0.50000000 0.50000000
vt 0.50000000 0.50000000
vt 0.50000000 0.50000000
vt 0.50000000 0.50000000
vt 0.50000000 0.50000000
vt 0.50000000 0.50000000
vt 0.50000000 0.50000000
vt 0.50000000 0.50000000
vt 0.50000000 0.50000000
vt 0.50000000 0.50000000
vt 0.50000000 0.50000000
vt 0.50000000 0.50000000
vt 0.50000000 0.50000000
vt 0.50000000 0.50000000
vt 0.50000000 0.50000000
vt 0.50000000 0.50000000
vt 0.50000000 0.50000000
vt 0.50000000 0.50000000
vt 0.50000000 0.50000000
vt 0.50000000 0.50000000
vt 0.50000000 0.50000000
vt 0.50000000 0.50000000
vt 0.50000000 0.50000000
vt 0.50000000 0.50000000
vt 0.50000000 0.50000000
vt 0.50000000 0.50000000
vt 0.50000000 0.50000000
vt 0.50000000 0.50000000
vt 0.50000000 0.50000000
vt 0.50000000 0.50000000
vt 0.50000000 0.50000000
vt 0.50000000 0.50000000
vt 0.50000000 0.50000000
vt 0.50000000 0.50000000
vt 0.50000000 0.50000000
vt 0.50000000 0.50000000
vt 0.50000000 0.50000000
vt 0.50000000 0.50000000
vt 0.50000000 0.50000000
vt 0.50000000 0.50000000
vt 0.50000000 0.50000000
vt 0.50000000 0.50000000
vt 0.50000000 0.50000000
vt 0.50000000 0.50000000
vt 0.50000000 0.50000000
vt 0.50000000 0.50000000
vt 0.50000000 0.50000000
vt 0.50000000 0.50000000
vt 0.50000000 0.50000000
vt 0.50000000 0.50000000
vt 0.50000000 0.50000000
vt 0.50000000 0.50000000
vt 0.50000000 0.50000000
vt 0.50000000 0.50000000
vt 0.50000000 0.50000000
vt 0.50000000 0.50000000
vt 0.50000000 0.50000000
vt 0.50000000 0.50000000
vt 0.50000000 0.50000000
vt 0.50000000 0.50000000
vt 0.50000000 0.50000000
vt 0.50000000 0.50000000
vt 0.50000000 0.50000000
vt 0.50000000 0.50000000
vt 0.50000000 0.50000000
vt 0.50000000 0.50000000
vt 0.50000000 0.50000000
vt 0.50000000 0.50000000
vt 0.50000000 0.50000000
vt 0.50000000 0.50000000
vt 0.50000000 0.50000000
vt 0.50000000 0.50000000
vt 0.50000000 0.50000000
vt 0.50000000 0.50000000
vt 0.50000000 0.50000000
vt 0.50000000 0.50000000
vt 0.50000000 0.50000000
vt 0.50000000 0.50000000
vt 0.50000000 0.50000000
vt 0.50000000 0.50000000
vt 0.50000000 0.50000000
vt 0.50000000 0.50000000
vt 0.50000000 0.50000000
vt 0.50000000 0.50000000
vt 0.50000000 0.50000000
vt 0.50000000 0.50000000
vt 0.50000000 0.50000000
vt 0.50000000 0.50000000
vt 0.50000000 0.50000000
vt 0.50000000 0.50000000
vt 0.50000000 0.50000000
vt 0.50000000 0.50000000
vt 0.50000000 0.50000000
vt 0.50000000 0.50000000
vt 0.50000000 0.50000000
vt 0.50000000 0.50000000
vt 0.50000000 0.50000000
vt 0.50000000 0.50000000
vt 0.50000000 0.50000000
vt 0.50000000 0.50000000
vt 0.50000000 0.50000000
vt 0.50000000 0.50000000
vt 0.50000000 0.50000000
vt 0.50000000 0.50000000
vt 0.50000000 0.50000000
vt 0.50000000 0.50000000
vt 0.50000000 0.50000000
vt 0.50000000 0.50000000
vt 0.50000000 0.50000000
vt 0.50000000 0.50000000
vt 0.50000000 0.50000000
vt 0.50000000 0.50000000
vt 0.50000000 0.50000000
vt 0.50000000 0.50000000
vt 0.50000000 0.50000000
vt 0.50000000 0.50000000
vt 0.50000000 0.50000000
vt 0.50000000 0.50000000
vt 0.50000000 0.50000000
vt 0.50000000 0.50000000
vt 0.50000000 0.50000000
vt 0.50000000 0.50000000
vt 0.50000000 0.50000000
vt 0.50000000 0.50000000
vt 0.50000000 0.50000000
vt 0.50000000 0.50000000
vt 0.50000000 0.50000000
vt 0.50000000 0.50000000
vt 0.50000000 0.50000000
vt 0.50000000 0.50000000
vt 0.50000000 0.50000000
vt 0.50000000 0.50000000
vt 0.50000000 0.50000000
vt 0.50000000 0.50000000
vt 0.50000000 0.50000000
vt 0.50000000 0.50000000
vt 0.50000000 0.50000000
vt 0.50000000 0.50000000
f 1/1 2/2 3/3
f 4/4 5/5 6/6
f 5/5 7/7 6/6
f 7/7 8/8 6/6
f 9/9 10/10 11/11
f 9/9 12/12 10/10
f 13/13 14/14 15/15
f 16/16 17/17 18/18
f 19/19 16/16 18/18
f 16/16 20/20 17/17
f 20/20 21/21 17/17
f 21/21 22/22 17/17
f 22/22 23/23 17/17
f 22/22 24/24 23/23
f 25/25 21/21 20/20
f 21/21 26/26 22/22
f 27/27 28/28 29/29
f 30/30 27/27 29/29
f 31/31 32/32 30/30
f 33/33 31/31 30/30
f 32/32 34/34 30/30
f 34/34 27/27 30/30
f 35/35 31/31 33/33
f 36/36 32/32 31/31
f 37/37 38/38 39/39
f 40/40 41/41 42/42
f 40/40 43/43 41/41
f 44/44 38/38 37/37
f 43/43 45/45 41/41
f 46/46 44/44 37/37
f 47/47 48/48 45/45
f 49/49 47/47 45/45
f 43/43 49/49 45/45
f 50/50 44/44 46/46
f 51/51 52/52 46/46
f 52/52 50/50 46/46
f 47/47 53/53 48/48
f 44/44 54/54 38/38
f 49/49 55/55 47/47
f 56/56 50/50 52/52
f 57/57 50/50 56/56
f 49/49 58/58 55/55
f 44/44 59/59 54/54
f 60/60 43/43 40/40
f 58/58 57/57 55/55
f 61/61 29/29 62/62
f 62/62 63/63 61/61
f 64/64 65/65 66/66
f 65/65 67/67 66/66
f 67/67 18/18 66/66
f 68/68 64/64 63/63
f 69/69 68/68 63/63
f 70/70 68/68 69/69
f 70/70 71/71 68/68
f 72/72 73/73 71/71
f 70/70 72/72 71/71
f 74/74 72/72 70/70
f 19/19 18/18 67/67
f 75/75 19/19 67/67
f 28/28 42/42 76/76
f 29/29 28/28 76/76
f 72/72 77/77 73/73
f 78/78 72/72 74/74
f 79/79 39/39 75/75
f 39/39 19/19 75/75
f 41/41 78/78 80/80
f 81/81 42/42 80/80
f 82/82 51/51 83/83
f 51/51 46/46 83/83
f 46/46 37/37 83/83
f 37/37 79/79 83/83
f 77/77 82/82 83/83
f 37/37 39/39 79/79
f 45/45 48/48 78/78
f 41/41 45/45 78/78
f 84/84 85/85 86/86
f 87/87 88/88 86/86
f 88/88 84/84 86/86
f 89/89 90/90 86/86
f 90/90 87/87 86/86
f 91/91 92/92 89/89
f 93/93 94/94 89/89
f 92/92 93/93 89/89
f 94/94 90/90 89/89
f 95/95 96/96 91/91
f 97/97 98/98 85/85
f 85/85 99/99 97/97
f 100/100 96/96 95/95
f 101/101 102/102 100/100
f 99/99 103/103 97/97
f 104/104 23/23 105/105
f 35/35 106/106 107/107
f 108/108 109/109 110/110
f 109/109 32/32 110/110
f 108/108 111/111 109/109
f 108/108 112/112 111/111
f 111/111 112/112 113/113
f 114/114 60/60 112/112
f 115/115 116/116 117/117
f 118/118 115/115 117/117
f 117/117 119/119 120/120
f 121/121 122/122 119/119
f 118/118 123/123 115/115
f 124/124 120/120 122/122
f 125/125 126/126 127/127
f 126/126 128/128 127/127
f 129/129 125/125 127/127
f 130/130 131/131 132/132
f 133/133 134/134 135/135
f 136/136 137/137 132/132
f 131/131 136/136 132/132
f 138/138 130/130 134/134
f 139/139 140/140 141/141
f 142/142 139/139 143/143
f 144/144 145/145 25/25
f 146/146 145/145 144/144
f 147/147 146/146 144/144
f 146/146 147/147 148/148
f 149/149 146/146 148/148
f 150/150 151/151 152/152
f 151/151 153/153 152/152
f 154/154 151/151 150/150
f 150/150 155/155 154/154
f 156/156 157/157 155/155
f 158/158 159/159 160/160
f 159/159 161/161 160/160
f 162/162 161/161 159/159
f 162/162 163/163 161/161
f 163/163 164/164 161/161
f 163/163 165/165 164/164
f 166/166 167/167 168/168
f 169/169 166/166 168/168
f 170/170 171/171 172/172
f 170/170 169/169 171/171
f 171/171 169/169 168/168
f 173/173 172/172 174/174
f 173/173 170/170 172/172
f 175/175 174/174 176/176
f 177/177 175/175 176/176
f 175/175 173/173 174/174
f 178/178 179/179 180/180
f 177/177 176/176 179/179
f 178/178 177/177 179/179
f 181/181 180/180 182/182
f 181/181 178/178 180/180
f 183/183 182/182 184/184
f 185/185 183/183 184/184
f 186/186 185/185 184/184
f 183/183 181/181 182/182
f 187/187 186/186 188/188
f 187/187 185/185 186/186
f 189/189 187/187 190/190
f 191/191 189/189 190/190
f 192/192 193/193 194/194
f 195/195 193/193 196/196
f 195/195 194/194 193/193
f 197/197 198/198 196/196
f 199/199 197/197 196/196
f 198/198 195/195 196/196
f 200/200 197/197 199/199
f 201/201 200/200 199/199
f 202/202 200/200 201/201
f 203/203 202/202 201/201
f 204/204 202/202 203/203
f 204/204 203/203 205/205
f 206/206 207/207 205/205
f 207/207 204/204 205/205
f 208/208 207/207 206/206
f 209/209 208/208 206/206
f 210/210 208/208 209/209
f 211/211 210/210 209/209
f 212/212 210/210 211/211
f 212/212 211/211 213/213
f 214/214 212/212 215/215
f 216/216 217/217 218/218
f 219/219 220/220 218/218
f 220/220 216/216 218/218
f 217/217 221/221 218/218
f 217/217 222/222 221/221
f 223/223 224/224 219/219
f 224/224 220/220 219/219
f 222/222 225/225 221/221
f 114/114 226/226 60/60
f 114/114 227/227 226/226
f 227/227 228/228 226/226
f 229/229 108/108 110/110
f 36/36 229/229 110/110
f 230/230 231/231 232/232
f 233/233 234/234 235/235
f 234/234 236/236 237/237
f 236/236 238/238 239/239
f 240/240 233/233 241/241
f 233/233 242/242 241/241
f 240/240 241/241 243/243
f 244/244 240/240 243/243
f 244/244 243/243 245/245
f 246/246 244/244 245/245
f 247/247 248/248 249/249
f 246/246 245/245 248/248
f 249/249 250/250 251/251
f 252/252 253/253 250/250
f 254/254 252/252 255/255
f 256/256 254/254 255/255
f 254/254 253/253 252/252
f 256/256 255/255 257/257
f 258/258 256/256 257/257
f 259/259 260/260 258/258
f 261/261 262/262 260/260
f 263/263 262/262 261/261
f 264/264 262/262 263/263
f 265/265 264/264 263/263
f 266/266 264/264 265/265
f 267/267 266/266 265/265
f 268/268 266/266 267/267
f 269/269 268/268 267/267
f 270/270 268/268 269/269
f 271/271 270/270 269/269
f 272/272 271/271 273/273
f 274/274 272/272 275/275
f 276/276 277/277 278/278
f 279/279 280/280 277/277
f 281/281 282/282 283/283
f 284/284 282/282 285/285
f 286/286 287/287 288/288
f 289/289 191/191 290/290
f 191/191 190/190 290/290
f 190/190 291/291 290/290
f 192/192 288/288 287/287
f 292/292 192/192 287/287
f 293/293 292/292 287/287
f 190/190 294/294 291/291
f 294/294 182/182 291/291
f 182/182 295/295 291/291
f 182/182 296/296 295/295
f 297/297 298/298 293/293
f 199/199 292/292 293/293
f 174/174 299/299 296/296
f 174/174 300/300 299/299
f 300/300 301/301 299/299
f 302/302 206/206 297/297
f 206/206 298/298 297/297
f 303/303 206/206 302/302
f 300/300 167/167 301/301
f 167/167 304/304 301/301
f 305/305 215/215 302/302
f 215/215 303/303 302/302
f 167/167 306/306 304/304
f 307/307 214/214 305/305
f 214/214 215/215 305/305
f 308/308 288/288 192/192
f 166/166 306/306 167/167
f 309/309 310/310 181/181
f 197/197 288/288 308/308
f 183/183 309/309 181/181
f 175/175 311/311 173/173
f 208/208 312/312 207/207
f 307/307 313/313 214/214
f 309/309 183/183 189/189
f 191/191 309/309 189/189
f 198/198 197/197 308/308
f 310/310 314/314 181/181
f 312/312 197/197 200/200
f 315/315 312/312 200/200
f 310/310 175/175 314/314
f 207/207 312/312 315/315
f 310/310 311/311 175/175
f 311/311 316/316 173/173
f 313/313 312/312 208/208
f 317/317 313/313 208/208
f 311/311 166/166 316/316
f 214/214 313/313 317/317
f 59/59 149/149 148/148
f 59/59 318/318 149/149
f 319/319 320/320 318/318
f 58/58 228/228 319/319
f 319/319 318/318 57/57
f 321/321 322/322 323/323
f 324/324 322/322 321/321
f 322/322 325/325 326/326
f 325/325 327/327 326/326
f 328/328 322/322 324/324
f 329/329 330/330 331/331
f 332/332 333/333 334/334
f 335/335 329/329 331/331
f 325/325 332/332 327/327
f 330/330 328/328 324/324
f 329/329 328/328 330/330
f 332/332 336/336 337/337
f 338/338 336/336 332/332
f 339/339 329/329 340/340
f 341/341 26/26 25/25
f 145/145 341/341 25/25
f 341/341 145/145 342/342
f 343/343 344/344 345/345
f 344/344 342/342 345/345
f 221/221 344/344 343/343
f 346/346 344/344 221/221
f 229/229 347/347 108/108
f 348/348 347/347 229/229
f 349/349 347/347 348/348
f 223/223 349/349 348/348
f 219/219 349/349 223/223
f 194/194 198/198 308/308
f 183/183 185/185 189/189
f 172/172 300/300 174/174
f 168/168 167/167 300/300
f 171/171 168/168 300/300
f 172/172 171/171 300/300
f 180/180 296/296 182/182
f 176/176 174/174 296/296
f 180/180 179/179 296/296
f 179/179 176/176 296/296
f 188/188 294/294 190/190
f 186/186 184/184 294/294
f 184/184 182/182 294/294
f 188/188 186/186 294/294
f 292/292 193/193 192/192
f 199/199 196/196 292/292
f 196/196 193/193 292/292
f 298/298 201/201 199/199
f 206/206 205/205 298/298
f 205/205 203/203 298/298
f 203/203 201/201 298/298
f 303/303 209/209 206/206
f 303/303 211/211 209/209
f 215/215 213/213 303/303
f 213/213 211/211 303/303
f 238/238 281/281 239/239
f 238/238 285/285 281/281
f 280/280 350/350 278/278
f 280/280 274/274 350/350
f 165/165 305/305 164/164
f 165/165 307/307 305/305
f 304/304 156/156 155/155
f 306/306 156/156 304/304
f 341/341 159/159 26/26
f 341/341 162/162 159/159
f 342/342 162/162 341/341
f 342/342 163/163 162/162
f 342/342 344/344 163/163
f 344/344 165/165 163/163
f 346/346 165/165 344/344
f 346/346 225/225 165/165
f 225/225 307/307 165/165
f 154/154 229/229 36/36
f 151/151 154/154 36/36
f 217/217 216/216 289/289
f 288/288 217/217 289/289
f 216/216 191/191 289/289
f 220/220 309/309 191/191
f 216/216 220/220 191/191
f 197/197 217/217 288/288
f 220/220 310/310 309/309
f 220/220 311/311 310/310
f 222/222 197/197 312/312
f 313/313 222/222 312/312
f 306/306 166/166 311/311
f 225/225 222/222 313/313
f 307/307 225/225 313/313
f 222/222 217/217 197/197
f 224/224 306/306 311/311
f 220/220 224/224 311/311
f 154/154 348/348 229/229
f 157/157 348/348 154/154
f 157/157 223/223 348/348
f 156/156 223/223 157/157
f 306/306 224/224 156/156
f 224/224 223/223 156/156
f 347/347 112/112 108/108
f 347/347 349/349 112/112
f 349/349 114/114 112/112
f 349/349 351/351 114/114
f 219/219 351/351 349/349
f 227/227 352/352 228/228
f 351/351 352/352 227/227
f 114/114 351/351 227/227
f 351/351 218/218 352/352
f 219/219 218/218 351/351
f 228/228 352/352 319/319
f 353/353 320/320 319/319
f 352/352 353/353 319/319
f 353/353 149/149 320/320
f 221/221 353/353 352/352
f 218/218 221/221 352/352
f 146/146 345/345 145/145
f 146/146 343/343 345/345
f 149/149 353/353 146/146
f 353/353 343/343 146/146
f 353/353 221/221 343/343
f 116/116 354/354 355/355
f 115/115 354/354 116/116
f 115/115 356/356 354/354
f 53/53 133/133 357/357
f 53/53 134/134 133/133
f 358/358 359/359 143/143
f 137/137 360/360 361/361
f 136/136 360/360 137/137
f 128/128 362/362 363/363
f 126/126 362/362 128/128
f 126/126 364/364 362/362
f 122/122 121/121 365/365
f 366/366 29/29 61/61
f 30/30 29/29 366/366
f 367/367 33/33 368/368
f 17/17 369/369 66/66
f 17/17 23/23 370/370
f 365/365 124/124 122/122
f 365/365 371/371 124/124
f 371/371 331/331 124/124
f 372/372 13/13 15/15
f 15/15 373/373 372/372
f 374/374 373/373 15/15
f 374/374 121/121 373/373
f 375/375 376/376 14/14
f 375/375 363/363 376/376
f 128/128 363/363 375/375
f 335/335 364/364 126/126
f 377/377 335/335 126/126
f 329/329 335/335 377/377
f 378/378 142/142 359/359
f 378/378 333/333 142/142
f 333/333 337/337 142/142
f 333/333 332/332 337/337
f 379/379 360/360 136/136
f 334/334 360/360 379/379
f 332/332 334/334 379/379
f 380/380 6/6 8/8
f 380/380 361/361 6/6
f 137/137 361/361 380/380
f 4/4 381/381 5/5
f 358/358 381/381 4/4
f 358/358 143/143 381/381
f 382/382 9/9 11/11
f 383/383 382/382 11/11
f 357/357 383/383 11/11
f 357/357 133/133 383/383
f 384/384 10/10 12/12
f 384/384 355/355 10/10
f 116/116 355/355 384/384
f 123/123 356/356 115/115
f 385/385 356/356 123/123
f 321/321 385/385 123/123
f 53/53 138/138 134/134
f 53/53 323/323 138/138
f 323/323 326/326 138/138
f 323/323 322/322 326/326
f 386/386 1/1 3/3
f 386/386 387/387 1/1
f 388/388 387/387 386/386
f 153/153 387/387 388/388
f 152/152 153/153 388/388
f 389/389 231/231 230/230
f 389/389 390/390 231/231
f 158/158 390/390 389/389
f 158/158 160/160 390/390
f 25/25 26/26 21/21
f 36/36 110/110 32/32
f 226/226 43/43 60/60
f 226/226 49/49 43/43
f 226/226 58/58 49/49
f 318/318 50/50 57/57
f 44/44 318/318 59/59
f 50/50 318/318 44/44
f 391/391 107/107 392/392
f 391/391 393/393 107/107
f 393/393 35/35 107/107
f 387/387 35/35 393/393
f 1/1 393/393 391/391
f 1/1 387/387 393/393
f 394/394 391/391 392/392
f 395/395 394/394 392/392
f 2/2 391/391 394/394
f 2/2 1/1 391/391
f 97/97 396/396 98/98
f 397/397 396/396 97/97
f 398/398 396/396 397/397
f 399/399 398/398 397/397
f 399/399 107/107 398/398
f 392/392 107/107 399/399
f 400/400 397/397 97/97
f 401/401 397/397 400/400
f 401/401 399/399 397/397
f 395/395 399/399 401/401
f 395/395 392/392 399/399
f 402/402 403/403 404/404
f 402/402 405/405 403/403
f 230/230 405/405 402/402
f 402/402 404/404 105/105
f 406/406 402/402 105/105
f 406/406 230/230 402/402
f 389/389 230/230 406/406
f 407/407 408/408 101/101
f 105/105 408/408 407/407
f 404/404 408/408 105/105
f 409/409 100/100 95/95
f 409/409 407/407 100/100
f 407/407 101/101 100/100
f 409/409 104/104 407/407
f 337/337 139/139 142/142
f 139/139 336/336 140/140
f 337/337 336/336 139/139
f 326/326 131/131 138/138
f 131/131 130/130 138/138
f 131/131 379/379 136/136
f 326/326 327/327 131/131
f 327/327 379/379 131/131
f 327/327 332/332 379/379
f 410/410 411/411 14/14
f 232/232 231/231 410/410
f 231/231 411/411 410/410
f 411/411 375/375 14/14
f 412/412 375/375 411/411
f 413/413 412/412 411/411
f 231/231 413/413 411/411
f 128/128 375/375 412/412
f 413/413 127/127 412/412
f 127/127 128/128 412/412
f 125/125 377/377 126/126
f 340/340 125/125 129/129
f 125/125 340/340 377/377
f 340/340 329/329 377/377
f 124/124 118/118 120/120
f 118/118 324/324 123/123
f 324/324 321/321 123/123
f 124/124 324/324 118/118
f 124/124 330/330 324/324
f 414/414 384/384 12/12
f 372/372 415/415 414/414
f 373/373 415/415 372/372
f 415/415 384/384 414/414
f 415/415 119/119 384/384
f 373/373 121/121 415/415
f 119/119 117/117 384/384
f 117/117 116/116 384/384
f 415/415 121/121 119/119
f 382/382 416/416 417/417
f 383/383 416/416 382/382
f 418/418 8/8 417/417
f 416/416 418/418 417/417
f 418/418 380/380 8/8
f 383/383 135/135 416/416
f 135/135 418/418 416/416
f 133/133 135/135 383/383
f 132/132 418/418 135/135
f 137/137 380/380 418/418
f 132/132 137/137 418/418
f 5/5 419/419 420/420
f 419/419 421/421 420/420
f 421/421 3/3 420/420
f 381/381 419/419 5/5
f 381/381 143/143 419/419
f 141/141 421/421 419/419
f 143/143 141/141 419/419
f 38/38 371/371 365/365
f 38/38 54/54 371/371
f 54/54 59/59 371/371
f 38/38 365/365 374/374
f 39/39 38/38 374/374
f 59/59 331/331 371/371
f 59/59 148/148 331/331
f 39/39 15/15 19/19
f 39/39 374/374 15/15
f 376/376 16/16 19/19
f 15/15 376/376 19/19
f 363/363 16/16 376/376
f 363/363 20/20 16/16
f 147/147 335/335 148/148
f 362/362 25/25 363/363
f 144/144 25/25 364/364
f 335/335 144/144 364/364
f 147/147 144/144 335/335
f 364/364 25/25 362/362
f 47/47 323/323 53/53
f 47/47 55/55 323/323
f 48/48 357/357 78/78
f 48/48 53/53 357/357
f 56/56 385/385 55/55
f 78/78 11/11 72/72
f 357/357 11/11 78/78
f 385/385 56/56 52/52
f 11/11 77/77 72/72
f 11/11 10/10 77/77
f 356/356 52/52 354/354
f 10/10 355/355 77/77
f 355/355 82/82 77/77
f 355/355 51/51 82/82
f 354/354 51/51 355/355
f 354/354 52/52 51/51
f 360/360 42/42 361/361
f 360/360 40/40 42/42
f 6/6 42/42 28/28
f 361/361 42/42 6/6
f 334/334 60/60 360/360
f 60/60 40/40 360/360
f 27/27 6/6 28/28
f 4/4 6/6 27/27
f 34/34 4/4 27/27
f 358/358 4/4 34/34
f 34/34 32/32 358/358
f 32/32 359/359 358/358
f 113/113 60/60 334/334
f 333/333 113/113 334/334
f 111/111 113/113 333/333
f 32/32 378/378 359/359
f 109/109 378/378 32/32
f 109/109 333/333 378/378
f 109/109 111/111 333/333
f 14/14 13/13 268/268
f 14/14 268/268 270/270
f 13/13 266/266 268/268
f 266/266 13/13 264/264
f 410/410 270/270 271/271
f 272/272 410/410 271/271
f 274/274 410/410 272/272
f 410/410 14/14 270/270
f 232/232 410/410 274/274
f 13/13 372/372 264/264
f 264/264 372/372 262/262
f 12/12 258/258 260/260
f 414/414 12/12 260/260
f 372/372 260/260 262/262
f 372/372 414/414 260/260
f 232/232 274/274 280/280
f 258/258 12/12 256/256
f 232/232 280/280 279/279
f 405/405 232/232 279/279
f 12/12 9/9 256/256
f 404/404 403/403 277/277
f 403/403 279/279 277/277
f 405/405 279/279 403/403
f 9/9 254/254 256/256
f 254/254 9/9 253/253
f 9/9 382/382 253/253
f 408/408 276/276 101/101
f 277/277 276/276 408/408
f 404/404 277/277 408/408
f 253/253 382/382 251/251
f 276/276 102/102 101/101
f 276/276 278/278 102/102
f 417/417 246/246 247/247
f 382/382 247/247 251/251
f 417/417 8/8 246/246
f 417/417 247/247 382/382
f 278/278 350/350 102/102
f 246/246 8/8 244/244
f 273/273 91/91 96/96
f 275/275 273/273 96/96
f 102/102 275/275 96/96
f 350/350 275/275 102/102
f 273/273 269/269 91/91
f 8/8 7/7 244/244
f 91/91 267/267 92/92
f 269/269 267/267 91/91
f 7/7 240/240 244/244
f 267/267 265/265 92/92
f 240/240 5/5 233/233
f 7/7 5/5 240/240
f 92/92 265/265 93/93
f 263/263 94/94 93/93
f 94/94 257/257 90/90
f 259/259 257/257 94/94
f 261/261 259/259 94/94
f 263/263 261/261 94/94
f 420/420 234/234 233/233
f 5/5 420/420 233/233
f 420/420 236/236 234/234
f 3/3 236/236 420/420
f 257/257 255/255 90/90
f 252/252 250/250 90/90
f 255/255 252/252 90/90
f 236/236 3/3 238/238
f 250/250 249/249 90/90
f 422/422 285/285 238/238
f 249/249 87/87 90/90
f 249/249 248/248 87/87
f 248/248 88/88 87/87
f 245/245 88/88 248/248
f 285/285 2/2 284/284
f 422/422 2/2 285/285
f 243/243 84/84 88/88
f 245/245 243/243 88/88
f 282/282 394/394 395/395
f 284/284 394/394 282/282
f 284/284 2/2 394/394
f 243/243 241/241 84/84
f 241/241 242/242 85/85
f 84/84 241/241 85/85
f 283/283 401/401 400/400
f 282/282 401/401 283/283
f 282/282 395/395 401/401
f 242/242 99/99 85/85
f 235/235 99/99 242/242
f 235/235 237/237 99/99
f 237/237 103/103 99/99
f 237/237 239/239 103/103
f 103/103 281/281 400/400
f 239/239 281/281 103/103
f 390/390 413/413 231/231
f 390/390 160/160 413/413
f 160/160 127/127 413/413
f 160/160 129/129 127/127
f 161/161 129/129 160/160
f 161/161 340/340 129/129
f 161/161 164/164 340/340
f 164/164 339/339 340/340
f 305/305 339/339 164/164
f 295/295 299/299 325/325
f 299/299 332/332 325/325
f 297/297 328/328 329/329
f 299/299 338/338 332/332
f 339/339 297/297 329/329
f 290/290 325/325 322/322
f 286/286 290/290 322/322
f 287/287 286/286 322/322
f 328/328 287/287 322/322
f 290/290 295/295 325/325
f 291/291 295/295 290/290
f 293/293 287/287 328/328
f 297/297 293/293 328/328
f 301/301 338/338 299/299
f 339/339 302/302 297/297
f 301/301 304/304 338/338
f 305/305 302/302 339/339
f 304/304 155/155 338/338
f 336/336 150/150 140/140
f 338/338 150/150 336/336
f 155/155 150/150 338/338
f 140/140 150/150 141/141
f 150/150 152/152 141/141
f 141/141 152/152 388/388
f 421/421 386/386 3/3
f 141/141 388/388 421/421
f 421/421 388/388 386/386
f 207/207 315/315 204/204
f 204/204 315/315 202/202
f 315/315 200/200 202/202
f 214/214 317/317 212/212
f 212/212 317/317 210/210
f 317/317 208/208 210/210
f 198/198 194/194 195/195
f 173/173 316/316 170/170
f 316/316 169/169 170/170
f 316/316 166/166 169/169
f 181/181 314/314 178/178
f 314/314 177/177 178/178
f 314/314 175/175 177/177
f 189/189 185/185 187/187
f 423/423 424/424 64/64
f 424/424 65/65 64/64
f 64/64 68/68 423/423
f 425/425 65/65 424/424
f 425/425 67/67 65/65
f 68/68 71/71 423/423
f 71/71 426/426 423/423
f 73/73 426/426 71/71
f 73/73 427/427 426/426
f 425/425 75/75 67/67
f 73/73 83/83 427/427
f 428/428 75/75 425/425
f 428/428 79/79 75/75
f 83/83 429/429 427/427
f 429/429 79/79 428/428
f 83/83 79/79 429/429
f 430/430 431/431 424/424
f 432/432 431/431 430/430
f 432/432 429/429 431/431
f 433/433 434/434 63/63
f 434/434 69/69 63/63
f 62/62 435/435 433/433
f 63/63 62/62 433/433
f 436/436 69/69 434/434
f 436/436 70/70 69/69
f 62/62 437/437 435/435
f 76/76 437/437 62/62
f 438/438 74/74 70/70
f 437/437 76/76 439/439
f 440/440 80/80 438/438
f 439/439 81/81 80/80
f 435/435 441/441 434/434
f 441/441 440/440 442/442
f 435/435 434/434 433/433
f 434/434 442/442 436/436
f 437/437 441/441 435/435
f 442/442 438/438 436/436
f 437/437 439/439 441/441
f 439/439 440/440 441/441
f 440/440 438/438 442/442
f 430/430 424/424 423/423
f 426/426 430/430 423/423
f 426/426 432/432 430/430
f 424/424 431/431 425/425
f 427/427 432/432 426/426
f 431/431 428/428 425/425
f 427/427 429/429 432/432
f 429/429 428/428 431/431
f 64/64 89/89 86/86
f 61/61 63/63 86/86
f 63/63 64/64 86/86
f 366/366 61/61 86/86
f 64/64 66/66 89/89
f 98/98 366/366 86/86
f 368/368 366/366 98/98
f 396/396 368/368 98/98
f 398/398 367/367 396/396
f 106/106 367/367 398/398
f 106/106 33/33 367/367
f 35/35 33/33 106/106
f 387/387 31/31 35/35
f 153/153 31/31 387/387
f 151/151 31/31 153/153
f 151/151 36/36 31/31
f 66/66 369/369 89/89
f 369/369 95/95 89/89
f 369/369 409/409 95/95
f 370/370 409/409 369/369
f 370/370 104/104 409/409
f 23/23 104/104 370/370
f 24/24 406/406 23/23
f 24/24 389/389 406/406
f 22/22 389/389 24/24
f 22/22 158/158 389/389
f 22/22 26/26 158/158
f 26/26 159/159 158/158
f 2/2 422/422 3/3
f 14/14 376/376 15/15
f 57/57 56/56 55/55
f 29/29 76/76 62/62
f 42/42 81/81 76/76
f 77/77 83/83 73/73
f 78/78 74/74 80/80
f 42/42 41/41 80/80
f 95/95 91/91 89/89
f 98/98 86/86 85/85
f 102/102 96/96 100/100
f 103/103 400/400 97/97
f 23/23 406/406 105/105
f 60/60 113/113 112/112
f 117/117 120/120 118/118
f 122/122 120/120 119/119
f 130/130 132/132 135/135
f 134/134 130/130 135/135
f 139/139 141/141 143/143
f 155/155 157/157 154/154
f 187/187 188/188 190/190
f 192/192 194/194 308/308
f 212/212 213/213 215/215
f 225/225 346/346 221/221
f 228/228 58/58 226/226
f 230/230 232/232 405/405
f 233/233 235/235 242/242
f 234/234 237/237 235/235
f 236/236 239/239 237/237
f 247/247 249/249 251/251
f 246/246 248/248 247/247
f 250/250 253/253 251/251
f 259/259 258/258 257/257
f 261/261 260/260 259/259
f 271/271 269/269 273/273
f 272/272 273/273 275/275
f 274/274 275/275 350/350
f 277/277 280/280 278/278
f 282/282 281/281 285/285
f 286/286 288/288 289/289
f 289/289 290/290 286/286
f 298/298 199/199 293/293
f 299/299 295/295 296/296
f 318/318 320/320 149/149
f 58/58 319/319 57/57
f 321/321 323/323 385/385
f 145/145 345/345 342/342
f 359/359 142/142 143/143
f 121/121 374/374 365/365
f 30/30 366/366 368/368
f 33/33 30/30 368/368
f 17/17 66/66 18/18
f 17/17 370/370 369/369
f 331/331 330/330 124/124
f 107/107 106/106 398/398
f 104/104 105/105 407/407
f 335/335 331/331 148/148
f 25/25 20/20 363/363
f 385/385 323/323 55/55
f 385/385 52/52 356/356
f 265/265 263/263 93/93
f 3/3 422/422 238/238
f 281/281 283/283 400/400
f 438/438 70/70 436/436
f 76/76 81/81 439/439
f 80/80 74/74 438/438
f 439/439 80/80 440/440
f 441/441 442/442 434/434
f 367/367 368/368 396/396
f 443/443 444/444 445/445
f 446/446 447/447 448/448
f 449/449 447/447 446/446
f 443/443 450/450 444/444
f 450/450 451/451 444/444
f 452/452 449/449 446/446
f 453/453 454/454 455/455
f 456/456 457/457 458/458
f 458/458 459/459 460/460
f 461/461 458/458 457/457
f 462/462 459/459 458/458
f 458/458 461/461 463/463
f 464/464 456/456 465/465
f 466/466 456/456 464/464
f 467/467 468/468 465/465
f 457/457 456/456 466/466
f 467/467 460/460 468/468
f 469/469 457/457 466/466
f 460/460 470/470 468/468
f 460/460 471/471 470/470
f 463/463 461/461 472/472
f 473/473 463/463 472/472
f 461/461 457/457 469/469
f 460/460 459/459 471/471
f 459/459 474/474 471/471
f 462/462 463/463 473/473
f 459/459 462/462 474/474
f 474/474 462/462 473/473
f 464/464 475/475 476/476
f 464/464 465/465 475/475
f 476/476 466/466 464/464
f 465/465 477/477 475/475
f 476/476 478/478 466/466
f 465/465 468/468 477/477
f 479/479 469/469 466/466
f 480/480 469/469 479/479
f 470/470 481/481 477/477
f 468/468 470/470 477/477
f 482/482 469/469 480/480
f 470/470 483/483 481/481
f 482/482 472/472 469/469
f 470/470 471/471 483/483
f 484/484 472/472 482/482
f 471/471 485/485 483/483
f 471/471 474/474 485/485
f 484/484 473/473 472/472
f 486/486 473/473 484/484
f 474/474 486/486 485/485
f 486/486 474/474 473/473
f 475/475 487/487 476/476
f 487/487 478/478 476/476
f 477/477 487/487 475/475
f 488/488 479/479 478/478
f 489/489 487/487 477/477
f 480/480 479/479 488/488
f 477/477 481/481 489/489
f 490/490 482/482 480/480
f 483/483 491/491 481/481
f 484/484 482/482 490/490
f 485/485 491/491 483/483
f 492/492 484/484 490/490
f 485/485 493/493 491/491
f 486/486 484/484 492/492
f 493/493 486/486 492/492
f 485/485 486/486 493/493
f 494/494 495/495 496/496
f 494/494 497/497 495/495
f 498/498 499/499 500/500
f 499/499 501/501 500/500
f 499/499 502/502 501/501
f 502/502 503/503 501/501
f 496/496 504/504 494/494
f 505/505 504/504 496/496
f 494/494 506/506 497/497
f 507/507 504/504 505/505
f 506/506 508/508 497/497
f 509/509 507/507 505/505
f 510/510 507/507 509/509
f 508/508 511/511 498/498
f 512/512 510/510 509/509
f 511/511 499/499 498/498
f 513/513 510/510 512/512
f 514/514 513/513 512/512
f 515/515 513/513 514/514
f 503/503 515/515 514/514
f 502/502 515/515 503/503
f 504/504 478/478 494/494
f 478/478 487/487 494/494
f 487/487 506/506 494/494
f 488/488 478/478 504/504
f 507/507 488/488 504/504
f 487/487 489/489 506/506
f 489/489 508/508 506/506
f 480/480 488/488 507/507
f 510/510 480/480 507/507
f 489/489 481/481 508/508
f 481/481 511/511 508/508
f 490/490 480/480 510/510
f 481/481 491/491 511/511
f 513/513 490/490 510/510
f 515/515 492/492 513/513
f 492/492 490/490 513/513
f 491/491 502/502 499/499
f 491/491 493/493 502/502
f 493/493 492/492 515/515
f 493/493 515/515 502/502
f 496/496 516/516 517/517
f 505/505 496/496 517/517
f 496/496 495/495 516/516
f 518/518 505/505 517/517
f 495/495 519/519 516/516
f 509/509 505/505 518/518
f 500/500 501/501 520/520
f 495/495 497/497 519/519
f 521/521 509/509 518/518
f 501/501 522/522 520/520
f 523/523 500/500 520/520
f 498/498 500/500 523/523
f 501/501 503/503 522/522
f 524/524 498/498 523/523
f 497/497 525/525 519/519
f 525/525 524/524 523/523
f 497/497 524/524 525/525
f 512/512 509/509 521/521
f 503/503 514/514 522/522
f 514/514 526/526 522/522
f 526/526 512/512 521/521
f 514/514 512/512 526/526
f 527/527 528/528 529/529
f 530/530 527/527 529/529
f 531/531 527/527 530/530
f 528/528 532/532 529/529
f 533/533 531/531 530/530
f 534/534 532/532 528/528
f 535/535 536/536 531/531
f 533/533 535/535 531/531
f 537/537 532/532 534/534
f 535/535 538/538 536/536
f 538/538 537/537 534/534
f 535/535 539/539 538/538
f 539/539 537/537 538/538
f 540/540 541/541 529/529
f 541/541 530/530 529/529
f 542/542 540/540 529/529
f 541/541 543/543 530/530
f 544/544 542/542 529/529
f 532/532 544/544 529/529
f 543/543 533/533 530/530
f 545/545 546/546 540/540
f 546/546 541/541 540/540
f 546/546 547/547 541/541
f 548/548 545/545 540/540
f 547/547 543/543 541/541
f 542/542 548/548 540/540
f 549/549 544/544 532/532
f 550/550 551/551 544/544
f 551/551 548/548 542/542
f 547/547 552/552 543/543
f 552/552 533/533 543/543
f 553/553 535/535 533/533
f 537/537 549/549 532/532
f 554/554 550/550 544/544
f 555/555 549/549 537/537
f 552/552 556/556 533/533
f 553/553 557/557 535/535
f 549/549 554/554 544/544
f 556/556 553/553 533/533
f 557/557 539/539 535/535
f 539/539 555/555 537/537
f 558/558 554/554 549/549
f 556/556 559/559 553/553
f 559/559 557/557 553/553
f 555/555 558/558 549/549
f 560/560 558/558 555/555
f 561/561 539/539 557/557
f 539/539 560/560 555/555
f 561/561 560/560 539/539
f 562/562 546/546 545/545
f 517/517 546/546 562/562
f 551/551 517/517 562/562
f 550/550 517/517 551/551
f 559/559 561/561 557/557
f 516/516 547/547 546/546
f 517/517 516/516 546/546
f 516/516 519/519 547/547
f 519/519 552/552 547/547
f 518/518 517/517 550/550
f 525/525 523/523 556/556
f 519/519 525/525 552/552
f 554/554 521/521 550/550
f 521/521 518/518 550/550
f 558/558 521/521 554/554
f 523/523 559/559 556/556
f 526/526 521/521 558/558
f 523/523 520/520 559/559
f 560/560 526/526 558/558
f 520/520 561/561 559/559
f 522/522 526/526 560/560
f 520/520 560/560 561/561
f 520/520 522/522 560/560
f 551/551 545/545 548/548
f 551/551 562/562 545/545
f 445/445 563/563 448/448
f 444/444 563/563 445/445
f 563/563 446/446 448/448
f 452/452 446/446 563/563
f 451/451 452/452 563/563
f 444/444 451/451 563/563
f 564/564 445/445 448/448
f 447/447 565/565 448/448
f 449/449 565/565 447/447
f 566/566 565/565 449/449
f 567/567 566/566 449/449
f 451/451 567/567 452/452
f 565/565 568/568 564/564
f 566/566 568/568 565/565
f 567/567 569/569 566/566
f 570/570 450/450 443/443
f 571/571 570/570 443/443
f 572/572 451/451 450/450
f 570/570 572/572 450/450
f 567/567 453/453 569/569
f 572/572 573/573 451/451
f 573/573 453/453 567/567
f 573/573 567/567 451/451
f 574/574 575/575 576/576
f 577/577 575/575 574/574
f 575/575 578/578 576/576
f 578/578 579/579 576/576
f 571/571 577/577 574/574
f 580/580 571/571 574/574
f 455/455 579/579 578/578
f 570/570 571/571 580/580
f 454/454 579/579 455/455
f 581/581 570/570 580/580
f 572/572 570/570 581/581
f 582/582 572/572 581/581
f 573/573 454/454 453/453
f 582/582 573/573 572/572
f 582/582 454/454 573/573
f 583/583 574/574 576/576
f 584/584 583/583 576/576
f 583/583 585/585 574/574
f 579/579 584/584 576/576
f 586/586 584/584 579/579
f 585/585 580/580 574/574
f 587/587 586/586 579/579
f 454/454 587/587 579/579
f 588/588 587/587 454/454
f 589/589 582/582 581/581
f 590/590 588/588 454/454
f 582/582 590/590 454/454
f 589/589 590/590 582/582
f 591/591 592/592 593/593
f 591/591 594/594 592/592
f 595/595 591/591 596/596
f 597/597 595/595 598/598
f 599/599 597/597 598/598
f 600/600 601/601 602/602
f 601/601 597/597 602/602
f 602/602 597/597 599/599
f 603/603 595/595 596/596
f 591/591 593/593 604/604
f 594/594 605/605 592/592
f 606/606 601/601 600/600
f 607/607 601/601 606/606
f 608/608 601/601 607/607
f 594/594 609/609 605/605
f 594/594 606/606 609/609
f 610/610 607/607 594/594
f 607/607 606/606 594/594
f 611/611 594/594 591/591
f 610/610 594/594 611/611
f 601/601 612/612 597/597
f 601/601 608/608 612/612
f 612/612 613/613 595/595
f 597/597 612/612 595/595
f 613/613 614/614 611/611
f 614/614 615/615 611/611
f 615/615 610/610 611/611
f 612/612 616/616 613/613
f 616/616 614/614 613/613
f 615/615 617/617 610/610
f 617/617 607/607 610/610
f 618/618 607/607 617/617
f 612/612 619/619 616/616
f 608/608 607/607 618/618
f 612/612 608/608 619/619
f 619/619 608/608 618/618
f 595/595 613/613 591/591
f 613/613 611/611 591/591
f 577/577 445/445 564/564
f 575/575 577/577 564/564
f 568/568 575/575 564/564
f 578/578 575/575 568/568
f 566/566 455/455 578/578
f 569/569 455/455 566/566
f 453/453 455/455 569/569
f 445/445 577/577 443/443
f 577/577 571/571 443/443
f 584/584 604/604 583/583
f 604/604 620/620 583/583
f 621/621 604/604 584/584
f 620/620 585/585 583/583
f 584/584 586/586 621/621
f 620/620 592/592 585/585
f 592/592 580/580 585/585
f 586/586 587/587 622/622
f 592/592 623/623 580/580
f 623/623 581/581 580/580
f 599/599 622/622 587/587
f 588/588 599/599 587/587
f 623/623 624/624 581/581
f 624/624 589/589 581/581
f 590/590 625/625 588/588
f 625/625 599/599 588/588
f 624/624 626/626 589/589
f 626/626 590/590 589/589
f 626/626 625/625 590/590
f 622/622 598/598 603/603
f 593/593 620/620 604/604
f 596/596 604/604 621/621
f 603/603 596/596 621/621
f 593/593 592/592 620/620
f 605/605 623/623 592/592
f 599/599 598/598 622/622
f 609/609 623/623 605/605
f 609/609 624/624 623/623
f 625/625 602/602 599/599
f 600/600 626/626 624/624
f 609/609 600/600 624/624
f 600/600 602/602 625/625
f 626/626 600/600 625/625
f 614/614 527/527 615/615
f 527/527 531/531 615/615
f 528/528 527/527 614/614
f 531/531 617/617 615/615
f 616/616 528/528 614/614
f 534/534 528/528 616/616
f 531/531 536/536 617/617
f 536/536 618/618 617/617
f 619/619 534/534 616/616
f 536/536 538/538 618/618
f 538/538 619/619 618/618
f 538/538 534/534 619/619
f 456/456 458/458 467/467
f 458/458 460/460 467/467
f 458/458 463/463 462/462
f 456/456 467/467 465/465
f 461/461 469/469 472/472
f 478/478 479/479 466/466
f 508/508 524/524 497/497
f 508/508 498/498 524/524
f 491/491 499/499 511/511
f 551/551 542/542 544/544
f 525/525 556/556 552/552
f 565/565 564/564 448/448
f 567/567 449/449 452/452
f 591/591 604/604 596/596
f 595/595 603/603 598/598
f 606/606 600/600 609/609
f 566/566 578/578 568/568
f 586/586 603/603 621/621
f 586/586 622/622 603/603
f 627/627 628/628 629/629
f 628/628 630/630 629/629
f 630/630 631/631 629/629
f 632/632 633/633 634/634
f 635/635 636/636 637/637
f 638/638 635/635 639/639
f 635/635 640/640 641/641
f 642/642 635/635 638/638
f 635/635 642/642 643/643
f 644/644 637/637 645/645
f 637/637 646/646 645/645
f 639/639 637/637 644/644
f 647/647 639/639 644/644
f 638/638 639/639 647/647
f 648/648 638/638 647/647
f 641/641 649/649 650/650
f 641/641 640/640 649/649
f 636/636 650/650 646/646
f 637/637 636/636 646/646
f 640/640 651/651 649/649
f 640/640 643/643 651/651
f 651/651 643/643 652/652
f 636/636 641/641 650/650
f 642/642 638/638 648/648
f 653/653 642/642 648/648
f 652/652 642/642 653/653
f 643/643 642/642 652/652
f 654/654 644/644 645/645
f 646/646 655/655 654/654
f 656/656 644/644 654/654
f 645/645 646/646 654/654
f 656/656 647/647 644/644
f 650/650 657/657 655/655
f 646/646 650/650 655/655
f 658/658 647/647 656/656
f 650/650 659/659 657/657
f 658/658 648/648 647/647
f 650/650 649/649 659/659
f 660/660 648/648 658/658
f 649/649 661/661 659/659
f 660/660 653/653 648/648
f 662/662 653/653 660/660
f 662/662 652/652 653/653
f 651/651 663/663 661/661
f 664/664 652/652 662/662
f 649/649 651/651 661/661
f 664/664 665/665 652/652
f 651/651 652/652 663/663
f 655/655 666/666 654/654
f 666/666 656/656 654/654
f 666/666 667/667 656/656
f 668/668 656/656 667/667
f 668/668 658/658 656/656
f 669/669 658/658 668/668
f 660/660 658/658 669/669
f 659/659 670/670 657/657
f 661/661 670/670 659/659
f 662/662 660/660 669/669
f 671/671 662/662 669/669
f 664/664 662/662 671/671
f 661/661 665/665 670/670
f 663/663 665/665 661/661
f 672/672 673/673 674/674
f 672/672 675/675 673/673
f 675/675 676/676 673/673
f 677/677 678/678 679/679
f 680/680 678/678 677/677
f 681/681 680/680 677/677
f 682/682 680/680 681/681
f 683/683 684/684 685/685
f 684/684 672/672 686/686
f 687/687 683/683 685/685
f 688/688 687/687 689/689
f 675/675 690/690 676/676
f 679/679 688/688 689/689
f 678/678 688/688 679/679
f 690/690 691/691 692/692
f 691/691 693/693 682/682
f 693/693 680/680 682/682
f 667/667 666/666 684/684
f 666/666 655/655 684/684
f 668/668 667/667 683/683
f 657/657 675/675 655/655
f 669/669 668/668 687/687
f 657/657 690/690 675/675
f 657/657 670/670 690/690
f 678/678 671/671 688/688
f 671/671 669/669 688/688
f 670/670 691/691 690/690
f 664/664 671/671 678/678
f 670/670 665/665 693/693
f 680/680 664/664 678/678
f 665/665 680/680 693/693
f 665/665 664/664 680/680
f 686/686 674/674 694/694
f 674/674 695/695 694/694
f 696/696 686/686 694/694
f 674/674 673/673 695/695
f 685/685 686/686 696/696
f 673/673 697/697 695/695
f 698/698 685/685 696/696
f 677/677 699/699 700/700
f 677/677 679/679 699/699
f 681/681 677/677 700/700
f 701/701 685/685 698/698
f 679/679 689/689 699/699
f 673/673 676/676 697/697
f 702/702 681/681 700/700
f 689/689 703/703 699/699
f 703/703 701/701 698/698
f 689/689 701/701 703/703
f 682/682 681/681 702/702
f 692/692 682/682 702/702
f 676/676 704/704 697/697
f 704/704 692/692 702/702
f 676/676 692/692 704/704
f 705/705 706/706 707/707
f 705/705 708/708 706/706
f 709/709 705/705 707/707
f 708/708 710/710 706/706
f 711/711 709/709 707/707
f 711/711 712/712 709/709
f 713/713 710/710 708/708
f 713/713 714/714 710/710
f 715/715 716/716 713/713
f 716/716 714/714 713/713
f 711/711 717/717 712/712
f 716/716 715/715 712/712
f 717/717 716/716 712/712
f 706/706 718/718 707/707
f 718/718 719/719 707/707
f 719/719 720/720 707/707
f 721/721 718/718 706/706
f 710/710 721/721 706/706
f 720/720 722/722 707/707
f 723/723 721/721 710/710
f 724/724 725/725 718/718
f 722/722 711/711 707/707
f 726/726 720/720 719/719
f 725/725 726/726 719/719
f 727/727 724/724 718/718
f 721/721 727/727 718/718
f 722/722 728/728 711/711
f 726/726 729/729 720/720
f 730/730 727/727 721/721
f 729/729 731/731 720/720
f 731/731 722/722 720/720
f 714/714 723/723 710/710
f 731/731 732/732 722/722
f 723/723 730/730 721/721
f 732/732 728/728 722/722
f 728/728 717/717 711/711
f 733/733 730/730 723/723
f 716/716 734/734 714/714
f 735/735 716/716 717/717
f 735/735 734/734 716/716
f 732/732 736/736 728/728
f 736/736 717/717 728/728
f 714/714 733/733 723/723
f 737/737 733/733 714/714
f 736/736 738/738 717/717
f 734/734 737/737 714/714
f 738/738 735/735 717/717
f 738/738 739/739 735/735
f 739/739 734/734 735/735
f 724/724 694/694 725/725
f 694/694 740/740 725/725
f 740/740 731/731 729/729
f 694/694 731/731 740/740
f 734/734 739/739 737/737
f 696/696 694/694 724/724
f 727/727 698/698 724/724
f 698/698 696/696 724/724
f 695/695 731/731 694/694
f 730/730 698/698 727/727
f 695/695 732/732 731/731
f 703/703 698/698 730/730
f 695/695 697/697 732/732
f 733/733 703/703 730/730
f 699/699 703/703 733/733
f 697/697 736/736 732/732
f 704/704 702/702 738/738
f 697/697 704/704 736/736
f 700/700 699/699 733/733
f 737/737 700/700 733/733
f 739/739 700/700 737/737
f 702/702 739/739 738/738
f 702/702 700/700 739/739
f 725/725 729/729 726/726
f 725/725 740/740 729/729
f 741/741 627/627 629/629
f 631/631 741/741 629/629
f 741/741 742/742 627/627
f 631/631 743/743 741/741
f 741/741 743/743 744/744
f 745/745 628/628 627/627
f 746/746 630/630 628/628
f 747/747 745/745 627/627
f 746/746 631/631 630/630
f 748/748 743/743 631/631
f 744/744 749/749 742/742
f 749/749 747/747 742/742
f 749/749 744/744 743/743
f 748/748 749/749 743/743
f 747/747 750/750 745/745
f 751/751 750/750 747/747
f 749/749 751/751 747/747
f 752/752 749/749 748/748
f 751/751 632/632 750/750
f 753/753 632/632 751/751
f 749/749 754/754 751/751
f 748/748 755/755 752/752
f 752/752 754/754 749/749
f 756/756 754/754 752/752
f 757/757 758/758 759/759
f 634/634 633/633 757/757
f 759/759 634/634 757/757
f 760/760 761/761 758/758
f 760/760 762/762 761/761
f 753/753 763/763 632/632
f 760/760 755/755 762/762
f 764/764 755/755 760/760
f 754/754 763/763 753/753
f 764/764 756/756 755/755
f 765/765 763/763 754/754
f 756/756 765/765 754/754
f 764/764 765/765 756/756
f 766/766 758/758 757/757
f 767/767 766/766 757/757
f 633/633 767/767 757/757
f 766/766 768/768 758/758
f 769/769 767/767 633/633
f 768/768 760/760 758/758
f 632/632 769/769 633/633
f 768/768 770/770 760/760
f 771/771 769/769 632/632
f 763/763 771/771 632/632
f 770/770 764/764 760/760
f 772/772 771/771 763/763
f 765/765 772/772 763/763
f 773/773 774/774 775/775
f 773/773 776/776 774/774
f 776/776 777/777 774/774
f 778/778 773/773 779/779
f 780/780 778/778 781/781
f 780/780 781/781 782/782
f 783/783 784/784 785/785
f 784/784 780/780 785/785
f 785/785 780/780 782/782
f 778/778 779/779 786/786
f 787/787 788/788 789/789
f 773/773 775/775 790/790
f 776/776 791/791 777/777
f 787/787 784/784 783/783
f 788/788 787/787 783/783
f 787/787 792/792 784/784
f 787/787 793/793 792/792
f 776/776 789/789 791/791
f 776/776 787/787 789/789
f 794/794 793/793 776/776
f 793/793 787/787 776/776
f 795/795 776/776 773/773
f 794/794 776/776 795/795
f 784/784 792/792 780/780
f 792/792 796/796 780/780
f 780/780 796/796 778/778
f 796/796 797/797 778/778
f 798/798 795/795 797/797
f 796/796 799/799 797/797
f 799/799 798/798 797/797
f 798/798 800/800 795/795
f 800/800 794/794 795/795
f 792/792 801/801 796/796
f 801/801 799/799 796/796
f 792/792 802/802 801/801
f 803/803 794/794 800/800
f 793/793 794/794 803/803
f 792/792 793/793 802/802
f 802/802 793/793 803/803
f 797/797 773/773 778/778
f 795/795 773/773 797/797
f 745/745 759/759 628/628
f 761/761 746/746 628/628
f 759/759 761/761 628/628
f 634/634 759/759 745/745
f 762/762 631/631 746/746
f 761/761 762/762 746/746
f 750/750 632/632 634/634
f 631/631 762/762 748/748
f 762/762 755/755 748/748
f 804/804 766/766 767/767
f 805/805 804/804 767/767
f 769/769 782/782 805/805
f 790/790 768/768 766/766
f 804/804 790/790 766/766
f 790/790 806/806 768/768
f 771/771 807/807 769/769
f 807/807 782/782 769/769
f 806/806 770/770 768/768
f 806/806 777/777 770/770
f 808/808 807/807 771/771
f 777/777 764/764 770/770
f 772/772 808/808 771/771
f 777/777 809/809 764/764
f 810/810 808/808 772/772
f 809/809 765/765 764/764
f 765/765 810/810 772/772
f 809/809 810/810 765/765
f 805/805 781/781 786/786
f 805/805 779/779 804/804
f 786/786 779/779 805/805
f 779/779 790/790 804/804
f 782/782 781/781 805/805
f 775/775 806/806 790/790
f 807/807 785/785 782/782
f 783/783 785/785 807/807
f 775/775 777/777 806/806
f 808/808 783/783 807/807
f 774/774 777/777 775/775
f 791/791 809/809 777/777
f 810/810 788/788 808/808
f 788/788 783/783 808/808
f 791/791 789/789 809/809
f 789/789 810/810 809/809
f 789/789 788/788 810/810
f 799/799 705/705 798/798
f 708/708 705/705 799/799
f 705/705 709/709 798/798
f 709/709 800/800 798/798
f 801/801 708/708 799/799
f 709/709 712/712 800/800
f 802/802 713/713 801/801
f 713/713 708/708 801/801
f 712/712 803/803 800/800
f 715/715 713/713 802/802
f 712/712 715/715 803/803
f 715/715 802/802 803/803
f 635/635 637/637 639/639
f 635/635 641/641 636/636
f 635/635 643/643 640/640
f 665/665 663/663 652/652
f 684/684 686/686 685/685
f 672/672 674/674 686/686
f 687/687 685/685 701/701
f 687/687 701/701 689/689
f 690/690 692/692 676/676
f 691/691 682/682 692/692
f 667/667 684/684 683/683
f 655/655 672/672 684/684
f 668/668 683/683 687/687
f 675/675 672/672 655/655
f 669/669 687/687 688/688
f 670/670 693/693 691/691
f 725/725 719/719 718/718
f 704/704 738/738 736/736
f 741/741 744/744 742/742
f 747/747 627/627 742/742
f 754/754 753/753 751/751
f 755/755 756/756 752/752
f 758/758 761/761 759/759
f 773/773 790/790 779/779
f 778/778 786/786 781/781
f 750/750 634/634 745/745
f 769/769 805/805 767/767
f 811/811 812/812 813/813
f 814/814 815/815 816/816
f 817/817 814/814 816/816
f 812/812 818/818 819/819
f 820/820 821/821 815/815
f 814/814 820/820 815/815
f 818/818 822/822 823/823
f 820/820 824/824 821/821
f 824/824 825/825 821/821
f 822/822 826/826 827/827
f 824/824 828/828 825/825
f 826/826 829/829 830/830
f 828/828 831/831 832/832
f 829/829 833/833 834/834
f 831/831 835/835 836/836
f 833/833 837/837 834/834
f 835/835 838/838 836/836
f 839/839 840/840 841/841
f 839/839 842/842 840/840
f 842/842 843/843 840/840
f 844/844 839/839 841/841
f 845/845 846/846 844/844
f 847/847 843/843 842/842
f 846/846 843/843 847/847
f 845/845 844/844 841/841
f 848/848 849/849 811/811
f 849/849 850/850 811/811
f 851/851 848/848 811/811
f 849/849 845/845 850/850
f 852/852 845/845 849/849
f 853/853 845/845 852/852
f 851/851 852/852 848/848
f 851/851 853/853 852/852
f 854/854 855/855 856/856
f 855/855 817/817 857/857
f 858/858 854/854 856/856
f 859/859 854/854 858/858
f 860/860 817/817 855/855
f 859/859 860/860 854/854
f 859/859 817/817 860/860
f 861/861 858/858 862/862
f 861/861 863/863 858/858
f 864/864 865/865 866/866
f 865/865 867/867 866/866
f 864/864 868/868 865/865
f 867/867 862/862 866/866
f 862/862 858/858 866/866
f 869/869 870/870 865/865
f 870/870 863/863 861/861
f 869/869 863/863 870/870
f 840/840 843/843 871/871
f 872/872 873/873 868/868
f 874/874 871/871 875/875
f 876/876 877/877 873/873
f 878/878 875/875 879/879
f 880/880 881/881 877/877
f 882/882 879/879 883/883
f 884/884 885/885 881/881
f 886/886 883/883 887/887
f 888/888 889/889 885/885
f 890/890 887/887 891/891
f 892/892 891/891 889/889
f 869/869 817/817 859/859
f 868/868 814/814 869/869
f 873/873 814/814 868/868
f 830/830 883/883 879/879
f 857/857 866/866 856/856
f 812/812 811/811 850/850
f 841/841 812/812 850/850
f 816/816 866/866 857/857
f 816/816 815/815 866/866
f 874/874 818/818 812/812
f 822/822 818/818 874/874
f 893/893 880/880 876/876
f 892/892 888/888 884/884
f 865/865 894/894 867/867
f 865/865 870/870 894/894
f 867/867 894/894 862/862
f 870/870 861/861 894/894
f 862/862 855/855 854/854
f 894/894 855/855 862/862
f 894/894 860/860 855/855
f 861/861 862/862 854/854
f 860/860 861/861 854/854
f 861/861 860/860 894/894
f 895/895 842/842 839/839
f 896/896 842/842 895/895
f 847/847 842/842 896/896
f 844/844 895/895 839/839
f 847/847 896/896 895/895
f 846/846 847/847 844/844
f 848/848 895/895 849/849
f 844/844 849/849 895/895
f 844/844 852/852 849/849
f 847/847 895/895 848/848
f 847/847 852/852 844/844
f 852/852 847/847 848/848
f 845/845 841/841 850/850
f 853/853 846/846 845/845
f 843/843 846/846 853/853
f 851/851 843/843 853/853
f 863/863 859/859 858/858
f 869/869 859/859 863/863
f 858/858 856/856 866/866
f 823/823 875/875 871/871
f 823/823 879/879 875/875
f 891/891 885/885 889/889
f 841/841 840/840 812/812
f 815/815 864/864 866/866
f 840/840 874/874 812/812
f 872/872 864/864 815/815
f 878/878 822/822 874/874
f 878/878 882/882 822/822
f 813/813 843/843 851/851
f 869/869 814/814 817/817
f 819/819 871/871 813/813
f 871/871 843/843 813/813
f 823/823 871/871 819/819
f 814/814 873/873 820/820
f 873/873 824/824 820/820
f 873/873 877/877 824/824
f 827/827 879/879 823/823
f 877/877 828/828 824/824
f 830/830 879/879 827/827
f 877/877 881/881 828/828
f 881/881 831/831 828/828
f 834/834 883/883 830/830
f 887/887 883/883 834/834
f 881/881 885/885 831/831
f 885/885 835/835 831/831
f 838/838 887/887 834/834
f 891/891 887/887 838/838
f 885/885 891/891 835/835
f 891/891 838/838 835/835
f 815/815 821/821 872/872
f 821/821 876/876 872/872
f 826/826 822/822 882/882
f 825/825 893/893 876/876
f 821/821 825/825 876/876
f 829/829 826/826 882/882
f 886/886 829/829 882/882
f 833/833 829/829 886/886
f 832/832 884/884 880/880
f 893/893 832/832 880/880
f 890/890 833/833 886/886
f 837/837 833/833 890/890
f 836/836 892/892 884/884
f 832/832 836/836 884/884
f 892/892 837/837 890/890
f 836/836 837/837 892/892
f 817/817 816/816 857/857
f 811/811 813/813 851/851
f 812/812 819/819 813/813
f 818/818 823/823 819/819
f 822/822 827/827 823/823
f 828/828 893/893 825/825
f 826/826 830/830 827/827
f 828/828 832/832 893/893
f 829/829 834/834 830/830
f 831/831 836/836 832/832
f 837/837 838/838 834/834
f 838/838 837/837 836/836
f 855/855 857/857 856/856
f 868/868 869/869 865/865
f 840/840 871/871 874/874
f 872/872 868/868 864/864
f 874/874 875/875 878/878
f 876/876 873/873 872/872
f 878/878 879/879 882/882
f 880/880 877/877 876/876
f 882/882 883/883 886/886
f 884/884 881/881 880/880
f 886/886 887/887 890/890
f 888/888 885/885 884/884
f 890/890 891/891 892/892
f 892/892 889/889 888/888
f 897/897 898/898 899/899
f 900/900 901/901 902/902
f 901/901 903/903 902/902
f 903/903 899/899 902/902
f 904/904 898/898 897/897
f 900/900 905/905 901/901
f 906/906 907/907 908/908
f 905/905 909/909 910/910
f 911/911 912/912 913/913
f 914/914 915/915 916/916
f 912/912 915/915 914/914
f 917/917 918/918 919/919
f 918/918 920/920 919/919
f 921/921 922/922 910/910
f 923/923 922/922 921/921
f 922/922 924/924 925/925
f 926/926 927/927 928/928
f 929/929 930/930 931/931
f 932/932 930/930 929/929
f 933/933 934/934 935/935
f 934/934 936/936 935/935
f 936/936 937/937 935/935
f 937/937 938/938 935/935
f 939/939 934/934 933/933
f 937/937 940/940 938/938
f 941/941 940/940 937/937
f 941/941 942/942 940/940
f 943/943 944/944 945/945
f 941/941 946/946 942/942
f 947/947 946/946 941/941
f 943/943 948/948 944/944
f 949/949 948/948 943/943
f 950/950 951/951 946/946
f 947/947 950/950 946/946
f 949/949 952/952 948/948
f 953/953 951/951 950/950
f 949/949 954/954 952/952
f 955/955 951/951 953/953
f 944/944 956/956 957/957
f 945/945 944/944 957/957
f 944/944 948/948 956/956
f 958/958 945/945 957/957
f 959/959 960/960 956/956
f 948/948 952/952 959/959
f 939/939 945/945 958/958
f 961/961 939/939 958/958
f 934/934 939/939 961/961
f 960/960 962/962 963/963
f 936/936 934/934 961/961
f 964/964 937/937 936/936
f 963/963 965/965 966/966
f 965/965 967/967 966/966
f 968/968 937/937 964/964
f 969/969 970/970 966/966
f 967/967 969/969 966/966
f 941/941 937/937 968/968
f 969/969 950/950 970/970
f 971/971 941/941 968/968
f 947/947 971/971 970/970
f 950/950 947/947 970/970
f 947/947 941/941 971/971
f 953/953 950/950 969/969
f 912/912 972/972 973/973
f 974/974 930/930 975/975
f 974/974 976/976 930/930
f 898/898 972/972 912/912
f 974/974 909/909 976/976
f 898/898 919/919 972/972
f 919/919 977/977 972/972
f 910/910 909/909 974/974
f 978/978 921/921 974/974
f 921/921 910/910 974/974
f 920/920 977/977 919/919
f 920/920 979/979 977/977
f 980/980 921/921 978/978
f 980/980 979/979 920/920
f 981/981 924/924 922/922
f 982/982 917/917 927/927
f 982/982 918/918 917/917
f 923/923 981/981 922/922
f 982/982 923/923 918/918
f 982/982 981/981 923/923
f 983/983 984/984 985/985
f 983/983 986/986 987/987
f 984/984 983/983 987/987
f 987/987 986/986 988/988
f 989/989 932/932 987/987
f 990/990 991/991 992/992
f 991/991 993/993 994/994
f 990/990 993/993 991/991
f 989/989 993/993 932/932
f 932/932 993/993 990/990
f 995/995 943/943 996/996
f 997/997 995/995 998/998
f 997/997 943/943 995/995
f 998/998 999/999 1000/1000
f 1001/1001 999/999 998/998
f 1002/1002 1003/1003 1004/1004
f 1005/1005 1002/1002 1004/1004
f 1006/1006 1005/1005 1007/1007
f 1006/1006 1002/1002 1005/1005
f 1006/1006 999/999 1001/1001
f 1006/1006 1001/1001 1002/1002
f 1008/1008 1009/1009 1010/1010
f 1009/1009 1011/1011 1010/1010
f 1012/1012 1013/1013 1008/1008
f 1009/1009 1014/1014 1011/1011
f 1015/1015 1016/1016 1009/1009
f 1017/1017 1015/1015 1009/1009
f 1013/1013 1017/1017 1009/1009
f 1016/1016 1018/1018 1009/1009
f 1005/1005 991/991 1007/1007
f 994/994 1019/1019 1007/1007
f 994/994 1020/1020 1019/1019
f 1020/1020 1021/1021 1019/1019
f 915/915 912/912 973/973
f 1022/1022 981/981 982/982
f 1023/1023 1022/1022 1024/1024
f 1025/1025 1022/1022 1023/1023
f 1026/1026 1025/1025 1023/1023
f 943/943 1027/1027 996/996
f 1027/1027 1028/1028 996/996
f 1027/1027 1012/1012 1028/1028
f 1027/1027 933/933 1012/1012
f 1014/1014 1029/1029 1011/1011
f 933/933 1013/1013 1012/1012
f 935/935 1017/1017 1013/1013
f 933/933 935/935 1013/1013
f 935/935 938/938 1017/1017
f 938/938 1030/1030 1017/1017
f 938/938 940/940 1030/1030
f 940/940 942/942 1030/1030
f 942/942 985/985 1030/1030
f 942/942 983/983 985/985
f 956/956 1031/1031 957/957
f 1031/1031 961/961 957/957
f 960/960 1031/1031 956/956
f 963/963 1031/1031 960/960
f 1031/1031 964/964 961/961
f 970/970 971/971 1031/1031
f 1031/1031 963/963 966/966
f 968/968 964/964 971/971
f 1025/1025 1026/1026 1032/1032
f 1033/1033 1025/1025 1021/1021
f 1026/1026 1034/1034 1032/1032
f 1034/1034 1035/1035 1032/1032
f 1036/1036 1033/1033 1021/1021
f 1035/1035 1037/1037 1032/1032
f 1038/1038 1033/1033 1036/1036
f 1035/1035 1039/1039 1037/1037
f 1039/1039 1023/1023 1037/1037
f 1040/1040 1038/1038 1036/1036
f 1041/1041 1040/1040 1036/1036
f 1037/1037 1023/1023 1042/1042
f 1022/1022 1040/1040 1041/1041
f 1043/1043 1023/1023 1039/1039
f 1044/1044 1025/1025 1033/1033
f 1040/1040 1045/1045 1038/1038
f 1040/1040 1025/1025 1045/1045
f 1046/1046 1023/1023 1043/1043
f 1026/1026 1046/1046 1034/1034
f 1045/1045 1025/1025 1044/1044
f 1026/1026 1023/1023 1046/1046
f 1047/1047 1048/1048 1039/1039
f 1048/1048 1043/1043 1039/1039
f 1046/1046 1043/1043 1048/1048
f 1047/1047 1046/1046 1048/1048
f 1034/1034 1046/1046 1047/1047
f 1035/1035 1034/1034 1047/1047
f 1033/1033 1049/1049 1044/1044
f 1033/1033 1038/1038 1049/1049
f 1045/1045 1044/1044 1049/1049
f 1038/1038 1045/1045 1049/1049
f 1050/1050 1051/1051 1052/1052
f 1053/1053 1054/1054 1050/1050
f 1003/1003 1054/1054 1055/1055
f 1054/1054 1053/1053 1055/1055
f 1004/1004 1003/1003 1055/1055
f 973/973 972/972 1003/1003
f 1054/1054 974/974 1051/1051
f 974/974 975/975 1051/1051
f 975/975 992/992 1051/1051
f 977/977 979/979 1054/1054
f 972/972 977/977 1054/1054
f 979/979 978/978 1054/1054
f 978/978 974/974 1054/1054
f 1002/1002 973/973 1003/1003
f 975/975 990/990 992/992
f 1053/1053 1005/1005 1055/1055
f 1005/1005 1004/1004 1055/1055
f 1052/1052 991/991 1050/1050
f 991/991 1053/1053 1050/1050
f 991/991 1005/1005 1053/1053
f 1019/1019 1037/1037 1007/1007
f 1037/1037 1042/1042 1007/1007
f 1032/1032 1037/1037 1019/1019
f 1021/1021 1032/1032 1019/1019
f 994/994 1036/1036 1020/1020
f 1036/1036 1021/1021 1020/1020
f 1041/1041 1036/1036 994/994
f 995/995 1056/1056 1057/1057
f 1056/1056 1058/1058 1057/1057
f 1058/1058 1059/1059 1057/1057
f 1060/1060 1059/1059 1058/1058
f 1061/1061 1059/1059 1060/1060
f 984/984 1059/1059 1061/1061
f 996/996 1008/1008 1010/1010
f 1028/1028 1012/1012 1008/1008
f 996/996 1028/1028 1008/1008
f 1029/1029 1010/1010 1011/1011
f 1062/1062 1014/1014 1009/1009
f 1018/1018 1062/1062 1009/1009
f 1030/1030 1015/1015 1017/1017
f 1030/1030 985/985 1015/1015
f 985/985 1016/1016 1015/1015
f 1057/1057 1059/1059 916/916
f 931/931 914/914 916/916
f 929/929 931/931 916/916
f 1042/1042 1006/1006 1007/1007
f 1024/1024 1006/1006 1042/1042
f 994/994 993/993 1041/1041
f 1022/1022 1041/1041 993/993
f 995/995 996/996 1010/1010
f 1029/1029 995/995 1010/1010
f 1056/1056 995/995 1029/1029
f 1014/1014 1056/1056 1029/1029
f 1058/1058 1056/1056 1014/1014
f 1060/1060 1058/1058 1014/1014
f 1062/1062 1060/1060 1014/1014
f 1061/1061 1060/1060 1062/1062
f 1018/1018 1061/1061 1062/1062
f 1016/1016 1061/1061 1018/1018
f 984/984 1061/1061 1016/1016
f 985/985 984/984 1016/1016
f 1063/1063 962/962 1064/1064
f 965/965 962/962 1063/1063
f 903/903 965/965 1063/1063
f 903/903 967/967 965/965
f 952/952 954/954 959/959
f 954/954 897/897 959/959
f 954/954 904/904 897/897
f 954/954 1065/1065 904/904
f 1065/1065 928/928 904/904
f 928/928 917/917 904/904
f 917/917 919/919 904/904
f 980/980 923/923 921/921
f 918/918 980/980 920/920
f 918/918 923/923 980/980
f 905/905 1066/1066 901/901
f 1066/1066 955/955 901/901
f 955/955 969/969 901/901
f 955/955 953/953 969/969
f 925/925 1066/1066 905/905
f 922/922 925/925 910/910
f 928/928 1065/1065 1067/1067
f 924/924 988/988 1066/1066
f 988/988 951/951 955/955
f 1066/1066 988/988 955/955
f 1000/1000 1065/1065 949/949
f 1067/1067 1065/1065 1000/1000
f 1024/1024 982/982 1006/1006
f 1006/1006 927/927 999/999
f 982/982 927/927 1006/1006
f 927/927 926/926 999/999
f 1022/1022 1025/1025 1040/1040
f 981/981 1022/1022 993/993
f 926/926 1000/1000 999/999
f 926/926 1067/1067 1000/1000
f 924/924 981/981 989/989
f 981/981 993/993 989/989
f 1000/1000 949/949 997/997
f 997/997 949/949 943/943
f 1027/1027 939/939 933/933
f 945/945 939/939 1027/1027
f 943/943 945/945 1027/1027
f 946/946 983/983 942/942
f 988/988 924/924 989/989
f 946/946 951/951 983/983
f 951/951 988/988 986/986
f 903/903 1063/1063 899/899
f 903/903 969/969 967/967
f 901/901 969/969 903/903
f 1064/1064 897/897 1063/1063
f 1064/1064 959/959 897/897
f 904/904 919/919 898/898
f 911/911 898/898 912/912
f 976/976 907/907 906/906
f 909/909 907/907 976/976
f 898/898 913/913 899/899
f 898/898 911/911 913/913
f 908/908 900/900 902/902
f 907/907 900/900 908/908
f 907/907 909/909 900/900
f 909/909 905/905 900/900
f 930/930 976/976 906/906
f 998/998 995/995 1057/1057
f 916/916 998/998 1057/1057
f 915/915 1001/1001 916/916
f 1001/1001 998/998 916/916
f 1002/1002 915/915 973/973
f 1002/1002 1001/1001 915/915
f 984/984 987/987 1059/1059
f 987/987 929/929 1059/1059
f 987/987 932/932 929/929
f 932/932 990/990 975/975
f 906/906 908/908 931/931
f 930/930 906/906 931/931
f 908/908 902/902 931/931
f 902/902 899/899 914/914
f 931/931 902/902 914/914
f 899/899 913/913 914/914
f 913/913 912/912 914/914
f 1064/1064 962/962 960/960
f 962/962 965/965 963/963
f 959/959 1064/1064 960/960
f 1063/1063 897/897 899/899
f 930/930 932/932 975/975
f 927/927 917/917 928/928
f 948/948 959/959 956/956
f 980/980 978/978 979/979
f 987/987 988/988 989/989
f 991/991 1052/1052 992/992
f 998/998 1000/1000 997/997
f 1013/1013 1009/1009 1008/1008
f 991/991 994/994 1007/1007
f 1022/1022 982/982 1024/1024
f 961/961 958/958 957/957
f 964/964 936/936 961/961
f 1031/1031 966/966 970/970
f 964/964 1031/1031 971/971
f 1025/1025 1032/1032 1021/1021
f 1023/1023 1024/1024 1042/1042
f 1047/1047 1039/1039 1035/1035
f 1051/1051 992/992 1052/1052
f 1054/1054 1051/1051 1050/1050
f 972/972 1054/1054 1003/1003
f 1059/1059 929/929 916/916
f 925/925 905/905 910/910
f 928/928 1067/1067 926/926
f 924/924 1066/1066 925/925
f 1065/1065 954/954 949/949
f 951/951 986/986 983/983
f 1068/1068 1069/1069 1070/1070
f 1071/1071 1068/1068 1070/1070
f 1068/1068 1072/1072 1069/1069
f 1072/1072 1073/1073 1074/1074
f 1075/1075 1076/1076 1073/1073
f 1073/1073 1077/1077 1075/1075
f 1078/1078 1079/1079 1075/1075
f 1077/1077 1078/1078 1075/1075
f 1080/1080 1081/1081 1079/1079
f 1078/1078 1080/1080 1079/1079
f 1080/1080 1082/1082 1081/1081
f 1070/1070 1083/1083 1084/1084
f 1070/1070 1069/1069 1083/1083
f 1069/1069 1074/1074 1083/1083
f 1074/1074 1076/1076 1083/1083
f 1075/1075 1085/1085 1076/1076
f 1075/1075 1079/1079 1085/1085
f 1079/1079 1081/1081 1085/1085
f 1086/1086 1087/1087 1088/1088
f 1089/1089 1087/1087 1086/1086
f 1088/1088 1090/1090 1091/1091
f 1089/1089 1092/1092 1087/1087
f 1093/1093 1090/1090 1088/1088
f 1094/1094 1090/1090 1093/1093
f 1089/1089 1094/1094 1092/1092
f 1095/1095 1070/1070 1091/1091
f 1096/1096 1095/1095 1091/1091
f 1095/1095 1071/1071 1070/1070
f 1090/1090 1096/1096 1091/1091
f 1090/1090 1097/1097 1096/1096
f 1097/1097 1098/1098 1095/1095
f 1098/1098 1071/1071 1095/1095
f 1090/1090 1098/1098 1097/1097
f 1099/1099 1100/1100 1101/1101
f 1100/1100 1102/1102 1103/1103
f 1104/1104 1103/1103 1105/1105
f 1106/1106 1104/1104 1105/1105
f 1107/1107 1104/1104 1106/1106
f 1108/1108 1107/1107 1106/1106
f 1108/1108 1109/1109 1107/1107
f 1110/1110 1111/1111 1109/1109
f 1082/1082 1111/1111 1110/1110
f 1112/1112 1082/1082 1110/1110
f 1113/1113 1114/1114 1086/1086
f 1115/1115 1116/1116 1117/1117
f 1118/1118 1114/1114 1113/1113
f 1119/1119 1118/1118 1113/1113
f 1120/1120 1117/1117 1121/1121
f 1122/1122 1123/1123 1119/1119
f 1124/1124 1121/1121 1125/1125
f 1126/1126 1123/1123 1122/1122
f 1127/1127 1125/1125 1128/1128
f 1129/1129 1128/1128 1130/1130
f 1131/1131 1123/1123 1126/1126
f 1132/1132 1131/1131 1126/1126
f 1133/1133 1131/1131 1132/1132
f 1134/1134 1130/1130 1133/1133
f 1135/1135 1136/1136 1137/1137
f 1136/1136 1115/1115 1137/1137
f 1136/1136 1138/1138 1115/1115
f 1138/1138 1116/1116 1115/1115
f 1139/1139 1135/1135 1137/1137
f 1140/1140 1135/1135 1139/1139
f 1139/1139 1141/1141 1140/1140
f 1141/1141 1116/1116 1138/1138
f 1142/1142 1099/1099 1143/1143
f 1099/1099 1144/1144 1143/1143
f 1144/1144 1145/1145 1143/1143
f 1145/1145 1139/1139 1143/1143
f 1101/1101 1144/1144 1099/1099
f 1146/1146 1139/1139 1145/1145
f 1147/1147 1139/1139 1146/1146
f 1144/1144 1101/1101 1147/1147
f 1094/1094 1071/1071 1098/1098
f 1101/1101 1141/1141 1147/1147
f 1094/1094 1089/1089 1071/1071
f 1116/1116 1141/1141 1101/1101
f 1114/1114 1068/1068 1089/1089
f 1133/1133 1111/1111 1082/1082
f 1137/1137 1142/1142 1143/1143
f 1115/1115 1142/1142 1137/1137
f 1084/1084 1086/1086 1091/1091
f 1083/1083 1086/1086 1084/1084
f 1115/1115 1102/1102 1142/1142
f 1113/1113 1086/1086 1083/1083
f 1120/1120 1102/1102 1115/1115
f 1120/1120 1148/1148 1102/1102
f 1119/1119 1113/1113 1083/1083
f 1076/1076 1119/1119 1083/1083
f 1124/1124 1148/1148 1120/1120
f 1122/1122 1119/1119 1076/1076
f 1124/1124 1149/1149 1148/1148
f 1127/1127 1149/1149 1124/1124
f 1076/1076 1085/1085 1122/1122
f 1127/1127 1129/1129 1149/1149
f 1134/1134 1150/1150 1129/1129
f 1132/1132 1126/1126 1085/1085
f 1134/1134 1112/1112 1150/1150
f 1134/1134 1132/1132 1112/1112
f 1094/1094 1098/1098 1090/1090
f 1147/1147 1141/1141 1139/1139
f 1139/1139 1137/1137 1143/1143
f 1142/1142 1100/1100 1099/1099
f 1102/1102 1100/1100 1142/1142
f 1148/1148 1105/1105 1102/1102
f 1106/1106 1105/1105 1148/1148
f 1148/1148 1149/1149 1106/1106
f 1109/1109 1108/1108 1149/1149
f 1150/1150 1109/1109 1149/1149
f 1110/1110 1109/1109 1150/1150
f 1112/1112 1110/1110 1150/1150
f 1151/1151 1135/1135 1145/1145
f 1144/1144 1151/1151 1145/1145
f 1135/1135 1146/1146 1145/1145
f 1140/1140 1146/1146 1135/1135
f 1152/1152 1151/1151 1144/1144
f 1152/1152 1146/1146 1140/1140
f 1146/1146 1152/1152 1144/1144
f 1151/1151 1136/1136 1135/1135
f 1151/1151 1138/1138 1136/1136
f 1152/1152 1138/1138 1151/1151
f 1141/1141 1138/1138 1152/1152
f 1141/1141 1152/1152 1140/1140
f 1088/1088 1095/1095 1096/1096
f 1153/1153 1095/1095 1088/1088
f 1093/1093 1088/1088 1096/1096
f 1097/1097 1093/1093 1096/1096
f 1154/1154 1095/1095 1153/1153
f 1154/1154 1097/1097 1095/1095
f 1093/1093 1097/1097 1154/1154
f 1087/1087 1153/1153 1088/1088
f 1087/1087 1154/1154 1153/1153
f 1087/1087 1092/1092 1154/1154
f 1093/1093 1154/1154 1092/1092
f 1081/1081 1082/1082 1112/1112
f 1073/1073 1114/1114 1118/1118
f 1104/1104 1121/1121 1117/1117
f 1123/1123 1073/1073 1118/1118
f 1107/1107 1125/1125 1121/1121
f 1104/1104 1107/1107 1121/1121
f 1077/1077 1073/1073 1123/1123
f 1107/1107 1128/1128 1125/1125
f 1111/1111 1130/1130 1128/1128
f 1107/1107 1111/1111 1128/1128
f 1111/1111 1133/1133 1130/1130
f 1086/1086 1088/1088 1091/1091
f 1103/1103 1116/1116 1101/1101
f 1117/1117 1116/1116 1103/1103
f 1104/1104 1117/1117 1103/1103
f 1132/1132 1081/1081 1112/1112
f 1071/1071 1089/1089 1068/1068
f 1114/1114 1072/1072 1068/1068
f 1114/1114 1073/1073 1072/1072
f 1077/1077 1123/1123 1078/1078
f 1123/1123 1131/1131 1078/1078
f 1131/1131 1080/1080 1078/1078
f 1131/1131 1133/1133 1080/1080
f 1133/1133 1082/1082 1080/1080
f 1085/1085 1081/1081 1132/1132
f 1091/1091 1070/1070 1084/1084
f 1072/1072 1074/1074 1069/1069
f 1076/1076 1074/1074 1073/1073
f 1094/1094 1093/1093 1092/1092
f 1100/1100 1103/1103 1101/1101
f 1102/1102 1105/1105 1103/1103
f 1109/1109 1111/1111 1107/1107
f 1114/1114 1089/1089 1086/1086
f 1115/1115 1117/1117 1120/1120
f 1120/1120 1121/1121 1124/1124
f 1123/1123 1118/1118 1119/1119
f 1124/1124 1125/1125 1127/1127
f 1127/1127 1128/1128 1129/1129
f 1129/1129 1130/1130 1134/1134
f 1134/1134 1133/1133 1132/1132
f 1144/1144 1147/1147 1146/1146
f 1085/1085 1126/1126 1122/1122
f 1129/1129 1150/1150 1149/1149
f 1149/1149 1108/1108 1106/1106

