v 0.0119664 0.0208694 0.00594971
v 0.0122664 0.0208694 0.00594971
v 0.0119664 0.0208694 0.00595099
v 0.0122664 0.0208694 0.00595099
v 0.0122664 0.0208695 0.00595099
v 0.0122664 0.0269818 0.00594971
v 0.0122664 0.0269818 0.00595099
v 0.0122633 0.0270515 0.00594971
v 0.0122633 0.0270515 0.00595099
v 0.0122542 0.0271207 0.00594971
v 0.0122542 0.0271207 0.00595099
v 0.0122391 0.0271888 0.00594971
v 0.0122391 0.0271888 0.00595099
v 0.0122181 0.0272554 0.00594971
v 0.0122181 0.0272554 0.00595099
v 0.0121914 0.0273199 0.00594971
v 0.0121914 0.0273199 0.00595099
v 0.0121592 0.0273818 0.00594971
v 0.0121592 0.0273818 0.00595099
v 0.0121217 0.0274406 0.00594971
v 0.0121217 0.0274406 0.00595099
v 0.0120792 0.027496 0.00594971
v 0.0120792 0.027496 0.00595099
v 0.0120321 0.0275475 0.00594971
v 0.0120321 0.0275475 0.00595099
v 0.0119806 0.0275946 0.00594971
v 0.0119806 0.0275946 0.00595099
v 0.0119252 0.0276371 0.00594971
v 0.0119252 0.0276371 0.00595099
v 0.0118664 0.0276746 0.00594971
v 0.0118664 0.0276746 0.00595099
v 0.0118045 0.0277068 0.00594971
v 0.0118045 0.0277068 0.00595099
v 0.01174 0.0277335 0.00594971
v 0.01174 0.0277335 0.00595099
v 0.0116734 0.0277545 0.00594971
v 0.0116734 0.0277545 0.00595099
v 0.0116053 0.0277696 0.00594971
v 0.0116053 0.0277696 0.00595099
v 0.0115361 0.0277787 0.00594971
v 0.0115361 0.0277787 0.00595099
v 0.0114664 0.0277818 0.00594971
v 0.0114664 0.0277818 0.00595099
v 0.00716059 0.0277818 0.00594971
v 0.00716059 0.0264491 0.00594971
v 0.00716059 0.0277818 0.00595099
v 0.00716059 0.0264491 0.00595099
v 0.00843413 0.0251395 0.00594971
v 0.00843413 0.0251395 0.00595099
v 0.0084803 0.0250877 0.00595099
v 0.0084803 0.0250877 0.00594971
v 0.0085218 0.0250321 0.00595099
v 0.0085218 0.0250321 0.00594971
v 0.00855833 0.0249732 0.00595099
v 0.00855833 0.0249732 0.00594971
v 0.00858962 0.0249112 0.00595099
v 0.00858962 0.0249112 0.00594971
v 0.00861542 0.0248468 0.00595099
v 0.00861542 0.0248468 0.00594971
v 0.00863555 0.0247804 0.00595099
v 0.00863555 0.0247804 0.00594971
v 0.00864985 0.0247125 0.00595099
v 0.00864985 0.0247125 0.00594971
v 0.00865821 0.0246437 0.00595099
v 0.00865821 0.0246437 0.00594971
v 0.00866057 0.0245743 0.00595099
v 0.00866057 0.0245743 0.00594971
v 0.00865692 0.0245051 0.00595099
v 0.00865692 0.0245051 0.00594971
v 0.00864727 0.0244364 0.00595099
v 0.00864727 0.0244364 0.00594971
v 0.00863172 0.0243687 0.00595099
v 0.00863172 0.0243687 0.00594971
v 0.00861036 0.0243027 0.00595099
v 0.00861036 0.0243027 0.00594971
v 0.00858336 0.0242388 0.00595099
v 0.00858336 0.0242388 0.00594971
v 0.00855093 0.0241775 0.00595099
v 0.00855093 0.0241775 0.00594971
v 0.0085133 0.0241192 0.00595099
v 0.0085133 0.0241192 0.00594971
v 0.00847077 0.0240644 0.00595099
v 0.00847077 0.0240644 0.00594971
v 0.00842365 0.0240135 0.00595099
v 0.00842365 0.0240135 0.00594971
v 0.00837229 0.0239668 0.00595099
v 0.00837229 0.0239668 0.00594971
v 0.00831709 0.0239248 0.00595099
v 0.00831709 0.0239248 0.00594971
v 0.00825845 0.0238877 0.00595099
v 0.00825845 0.0238877 0.00594971
v 0.00819682 0.0238559 0.00595099
v 0.00819682 0.0238559 0.00594971
v 0.00813266 0.0238295 0.00595099
v 0.00813266 0.0238295 0.00594971
v 0.00806645 0.0238087 0.00595099
v 0.00806645 0.0238087 0.00594971
v 0.0079987 0.0237938 0.00595099
v 0.0079987 0.0237938 0.00594971
v 0.00792991 0.0237848 0.00595099
v 0.00792991 0.0237848 0.00594971
v 0.0078606 0.0237818 0.00595099
v 0.0078606 0.0237818 0.00594971
v 0.00436105 0.0237818 0.00594971
v 0.0043354 0.0237818 0.0119497
v 0.00783495 0.0237818 0.0119497
v 0.0119664 0.0207818 0.00594971
v 0.0149553 -0.0162182 0.0119497
v 0.0149535 -0.021411 0.011948
v 0.0247035 0.0220935 0.0113877
v 0.00407284 0.0157818 0.0119497
v 0.00858977 0.0248468 0.0119497
v 0.0086099 0.0247804 0.0119497
v 0.0122407 0.0269818 0.0119497
v 0.00862419 0.0247125 0.0119497
v 0.00863256 0.0246437 0.0119497
v 0.00266468 -0.0140633 0.0119051
v -0.015 -0.0162182 0.0119497
v 0.00863492 0.0245743 0.0119497
v 0.00863127 0.0245051 0.0119497
v 0.0122407 0.0207818 0.0119497
v 0.00862162 0.0244364 0.0119497
v -0.0142947 -0.00360528 0.0118055
v -0.015 0.0157818 0.0119497
v 0.00856397 0.0249112 0.0119497
v 0.01224 0.0270167 0.0119497
v 0.00853268 0.0249732 0.0119497
v 0.00115855 0.0237704 0.0119497
v 0.00143468 0.0237362 0.0119497
v 0.0121925 0.0272554 0.0119497
v 0.0121798 0.0272879 0.0119497
v 0.00849615 0.0250321 0.0119497
v 0.0121658 0.0273199 0.0119497
v 0.00860607 0.0243687 0.0119497
v 0.00858471 0.0243027 0.0119497
v 0.00855771 0.0242388 0.0119497
v 0.00684853 0.027619 0.0119497
v 0.00840848 0.0251395 0.0119497
v 0.0115104 0.0277787 0.0119497
v 0.00845465 0.0250877 0.0119497
v 0.0115796 0.0277696 0.0119497
v 0.0116478 0.0277545 0.0119497
v 0.0122218 0.0271549 0.0119497
v 0.0122135 0.0271888 0.0119497
v 0.0122037 0.0272224 0.0119497
v 0.0121335 0.0273818 0.0119497
v 0.012096 0.0274406 0.0119497
v 0.0120536 0.027496 0.0119497
v 0.0118996 0.0276371 0.0119497
v 0.0118407 0.0276746 0.0119497
v 0.0117788 0.0277068 0.0119497
v 0.0117143 0.0277335 0.0119497
v 0.00170659 0.0236796 0.0119497
v 0.00197221 0.0236009 0.0119497
v 0.00222953 0.0235007 0.0119497
v 0.00247657 0.0233799 0.0119497
v 0.0120064 0.0275475 0.0119497
v 0.011955 0.0275946 0.0119497
v 0.0122377 0.0270515 0.0119497
v 0.0122339 0.0270862 0.0119497
v 0.0122286 0.0271207 0.0119497
v 0.00852528 0.0241775 0.0119497
v 0.00848765 0.0241192 0.0119497
v 0.00844512 0.0240644 0.0119497
v 0.00271147 0.0232392 0.0119497
v 0.00293242 0.0230799 0.0119497
v 0.008398 0.0240135 0.0119497
v 0.00834664 0.0239668 0.0119497
v 0.00829144 0.0239248 0.0119497
v 0.00313777 0.0229031 0.0119497
v 0.00393755 0.0238877 0.0119497
v 0.0082328 0.0238877 0.0119497
v 0.00817117 0.0238559 0.0119497
v 0.00810701 0.0238295 0.0119497
v 0.00323409 0.0228086 0.0119497
v 0.00332593 0.0227101 0.0119497
v 0.00399918 0.0238559 0.0119497
v 0.00341311 0.0226081 0.0119497
v 0.00406334 0.0238295 0.0119497
v 0.00349547 0.0225025 0.0119497
v 0.00357286 0.0223937 0.0119497
v 0.00412954 0.0238087 0.0119497
v 0.0080408 0.0238087 0.0119497
v 0.02 0.0207818 0.0119497
v 0.00364512 0.0222818 0.0119497
v 0.00371211 0.022167 0.0119497
v 0.00419729 0.0237938 0.0119497
v 0.00377372 0.0220496 0.0119497
v 0.00406069 0.0210433 0.0119497
v 0.0037199 0.0167311 0.0135942
v 0.00790426 0.0237848 0.0119497
v 0.00797305 0.0237938 0.0119497
v 0.00396405 0.0215582 0.0119497
v 0.00399716 0.0214311 0.0119497
v 0.00426609 0.0237848 0.0119497
v 0.00404552 0.0211734 0.0119497
v 0.00402433 0.0213027 0.0119497
v 0.00382982 0.0219298 0.0119497
v 0.0038803 0.0218078 0.0119497
v 0.00392508 0.0216839 0.0119497
v 0.0122634 0.0227101 0.00665157
v 0.0122641 0.0225025 0.00649225
v 0.0122647 0.0222818 0.00635163
v 0.0122653 0.022008 0.00621065
v 0.0122407 0.0209126 0.0119469
v 0.0122408 0.0210433 0.0119383
v 0.0122662 0.0213027 0.00599528
v 0.0122663 0.0211734 0.00597537
v 0.0122663 0.0210433 0.00596112
v 0.0122408 0.0211734 0.011924
v 0.0122409 0.0213027 0.0119041
v 0.012241 0.0214311 0.0118786
v 0.0122412 0.0215582 0.0118475
v 0.0122413 0.0216839 0.0118109
v 0.0122415 0.0218078 0.0117688
v 0.0122417 0.0219298 0.0117213
v 0.0122419 0.0220496 0.0116686
v 0.0122424 0.0222818 0.0115478
v 0.012243 0.0225025 0.0114072
v 0.0122437 0.0227101 0.0112478
v 0.0122445 0.0229031 0.011071
v 0.0122658 0.0216839 0.00608856
v 0.0122659 0.0215582 0.00605193
v 0.0122661 0.0214311 0.00602082
v 0.0122609 0.0232392 0.00722898
v 0.0122618 0.0230799 0.00702134
v 0.0122626 0.0229031 0.00682839
v 0.0122656 0.0218078 0.00613063
v 0.0122453 0.0230799 0.0108781
v 0.0122462 0.0232392 0.0106704
v 0.0122471 0.0233799 0.0104497
v 0.0122579 0.0236009 0.00792365
v 0.012259 0.0235007 0.00768185
v 0.01226 0.0233799 0.00744971
v 0.0122481 0.0235007 0.0102176
v 0.0122492 0.0236009 0.00997577
v 0.0122502 0.0236796 0.00972616
v 0.0122547 0.0237704 0.00868824
v 0.0122558 0.0237362 0.00842876
v 0.0122569 0.0236796 0.00817325
v 0.0122513 0.0237362 0.00947065
v 0.0122524 0.0237704 0.00921117
v 0.0122536 0.0237818 0.00894971
v -0.0107137 0.0237818 0.02926
v -0.00542014 0.0237818 0.02926
v -0.0143 0.011157 0.048391
v -0.0143 0.0107216 0.0501363
v -0.0142413 0.01072 0.0501359
v -0.0143 0.0102874 0.0522224
v -0.0143 0.0100194 0.0537252
v -0.0142413 0.0100177 0.0537249
v -0.0143 0.0118825 0.0460657
v -0.019621 0.0115371 0.0473166
v -0.0142413 0.0113405 0.0477348
v -0.0142412 0.00921952 0.0595544
v -0.0143 0.00924394 0.0593533
v -0.0143 0.00863377 0.0657203
v -0.0133 0.00763043 0.0657203
v -0.0133 0.00769956 0.064888
v -0.0133002 0.00764976 0.0657203
v -0.0133 0.00814804 0.0601671
v -0.0133099 0.00836711 0.0594588
v -0.0133038 0.00771816 0.0657203
v -0.0133032 0.00830695 0.059452
v -0.0133 0.00822753 0.0594431
v -0.0133203 0.00783175 0.0657203
v -0.0133153 0.00780522 0.0657203
v -0.0133099 0.00777141 0.0657203
v -0.0133522 0.00854429 0.0594787
v -0.0133343 0.00789092 0.0657203
v -0.0133344 0.00848601 0.0594721
v -0.0133203 0.00842687 0.0594655
v -0.0133735 0.00800805 0.0657203
v -0.0133607 0.0079746 0.0657203
v -0.0133522 0.00795029 0.0657203
v -0.0134268 0.00871177 0.0594974
v -0.0133942 0.00805562 0.0657203
v -0.0133984 0.00865739 0.0594913
v -0.0133735 0.00860149 0.0594851
v -0.0134585 0.00817253 0.0657203
v -0.0134347 0.00813335 0.0657203
v -0.0134268 0.00811939 0.0657203
v -0.0135317 0.00886362 0.0595145
v -0.0134818 0.00820721 0.0657203
v -0.0134936 0.00881509 0.059509
v -0.0134585 0.00876441 0.0595033
v -0.0135941 0.00834108 0.0657203
v -0.0135334 0.00827478 0.0657203
v -0.0137133 0.00903221 0.0595334
v -0.0136585 0.00840009 0.0657203
v -0.0136639 0.00899423 0.0595291
v -0.013617 0.00836329 0.0657203
v -0.013617 0.00895335 0.0595245
v -0.013573 0.00890979 0.0595196
v -0.0138013 0.00850007 0.0657203
v -0.0137214 0.00844895 0.0657203
v -0.013933 0.00915189 0.0595468
v -0.0138785 0.0085403 0.0657203
v -0.0138751 0.00912709 0.059544
v -0.0138191 0.00851014 0.0657203
v -0.0138191 0.00909879 0.0595408
v -0.0137651 0.00906712 0.0595373
v -0.0139924 0.00858512 0.0657203
v -0.0139428 0.00856775 0.0657203
v -0.0141151 0.0092041 0.0595526
v -0.014042 0.0085998 0.0657203
v -0.0140532 0.00919049 0.0595511
v -0.0139924 0.00917306 0.0595492
v -0.0142131 0.00862997 0.0657203
v -0.0141215 0.00861778 0.0657203
v -0.0141779 0.0092138 0.0595537
v -0.0142412 0.00863203 0.0657203
v -0.0139924 0.0112956 0.0477217
v -0.0140642 0.0118526 0.0460657
v -0.0140532 0.0113124 0.0477266
v -0.0141151 0.0118642 0.0460657
v -0.0141151 0.0113256 0.0477305
v -0.0141408 0.011869 0.0460657
v -0.0141779 0.0113349 0.0477332
v -0.0142181 0.011879 0.0460657
v -0.0142412 0.0118807 0.0460657
v -0.0138191 0.0112239 0.0477007
v -0.0138751 0.0117819 0.0460657
v -0.0138751 0.0112512 0.0477087
v -0.0139153 0.0118008 0.0460657
v -0.013933 0.0112751 0.0477157
v -0.013989 0.0118298 0.0460657
v -0.0139924 0.011831 0.0460657
v -0.0136639 0.0111229 0.0476711
v -0.0137081 0.0116765 0.0460657
v -0.0137133 0.0111596 0.0476819
v -0.0137651 0.0117178 0.0460657
v -0.0137651 0.0111933 0.0476918
v -0.0137745 0.0117241 0.0460657
v -0.0138436 0.0117655 0.0460657
v -0.013617 0.0110834 0.0476596
v -0.0136448 0.0116229 0.0460657
v -0.0136638 0.01164 0.0460657
v -0.0135317 0.0109967 0.0476342
v -0.013578 0.0115555 0.0460657
v -0.013573 0.0110413 0.0476473
v -0.0135852 0.0115634 0.0460657
v -0.013617 0.0115963 0.0460657
v -0.0133984 0.0107976 0.0475759
v -0.0134291 0.0113429 0.0460657
v -0.0134268 0.0108501 0.0475913
v -0.0134585 0.0113947 0.0460657
v -0.0134585 0.0109009 0.0476062
v -0.0134735 0.0114187 0.0460657
v -0.0134936 0.0109499 0.0476205
v -0.0135232 0.0114895 0.0460657
v -0.0135317 0.0115006 0.0460657
v -0.0133344 0.0106321 0.0475275
v -0.0133581 0.0111783 0.0460657
v -0.0133522 0.0106884 0.047544
v -0.0133735 0.011221 0.0460657
v -0.0133735 0.0107436 0.0475601
v -0.0133904 0.0112626 0.0460657
v -0.0133984 0.0112806 0.0460657
v -0.0133 0.0108227 0.0460657
v -0.0133002 0.0108431 0.0460657
v -0.0133 0.0103824 0.0474544
v -0.0133034 0.0109097 0.0460657
v -0.0133032 0.0104591 0.0474769
v -0.0133099 0.0109714 0.0460657
v -0.0133099 0.0105172 0.0474939
v -0.0133144 0.0110013 0.0460657
v -0.0133203 0.010575 0.0475108
v -0.0133327 0.0110911 0.0460657
v -0.0133344 0.011098 0.0460657
v -0.0133 0.00903318 0.0535597
v -0.0133032 0.00911202 0.0535729
v -0.0133099 0.00917173 0.0535829
v -0.0133203 0.00923103 0.0535929
v -0.0133344 0.00928972 0.0536027
v -0.0133522 0.00934756 0.0536124
v -0.0133735 0.00940433 0.053622
v -0.0133984 0.0094598 0.0536313
v -0.0134268 0.00951377 0.0536403
v -0.0134585 0.009566 0.0536491
v -0.0134936 0.0096163 0.0536575
v -0.0135317 0.00966446 0.0536656
v -0.013573 0.00971027 0.0536733
v -0.013617 0.0097535 0.0536806
v -0.0136639 0.00979408 0.0536874
v -0.0137133 0.00983177 0.0536937
v -0.0137651 0.00986641 0.0536995
v -0.0138191 0.00989784 0.0537048
v -0.0138751 0.00992593 0.0537095
v -0.013933 0.00995053 0.0537136
v -0.0139924 0.00997154 0.0537172
v -0.0140532 0.00998884 0.0537201
v -0.0141151 0.0100023 0.0537223
v -0.0141779 0.010012 0.0537239
v -0.0141779 0.0107144 0.0501346
v -0.0141151 0.0107048 0.0501324
v -0.0140532 0.0106915 0.0501294
v -0.0139924 0.0106744 0.0501255
v -0.013933 0.0106536 0.0501207
v -0.0138751 0.0106293 0.0501152
v -0.0138191 0.0106015 0.0501088
v -0.0137651 0.0105705 0.0501017
v -0.0137133 0.0105362 0.0500939
v -0.0136639 0.010499 0.0500854
v -0.013617 0.0104589 0.0500762
v -0.013573 0.0104161 0.0500665
v -0.0135317 0.0103708 0.0500561
v -0.0134936 0.0103232 0.0500452
v -0.0134585 0.0102735 0.0500339
v -0.0134268 0.0102219 0.0500221
v -0.0133984 0.0101685 0.0500099
v -0.0133735 0.0101137 0.0499973
v -0.0133522 0.0100576 0.0499845
v -0.0133344 0.0100004 0.0499714
v -0.0133203 0.00994241 0.0499582
v -0.0133099 0.00988378 0.0499448
v -0.0133032 0.00982477 0.0499313
v -0.0133 0.00974689 0.0499135
v -0.0133 0.00918795 0.0526691
v -0.0133 0.0100752 0.0485676
v -0.0116343 0.00789091 0.0657203
v -0.0116341 0.00718527 0.0755273
v -0.0116192 0.00712169 0.075523
v -0.0124736 0.00792101 0.0755142
v -0.0126 0.00808817 0.073166
v -0.0126 0.00718469 0.085375
v -0.0119588 0.00695108 0.085375
v -0.0119407 0.00767716 0.0755607
v -0.0119912 0.00771858 0.0755635
v -0.0116 0.0065946 0.0802676
v -0.0116 0.00692473 0.0755492
v -0.0116021 0.0069923 0.0755142
v -0.0116 0.00763043 0.0657203
v -0.0116021 0.00769605 0.0657203
v -0.0116 0.00618061 0.085375
v -0.0116021 0.00624628 0.085375
v -0.0116038 0.00626848 0.085375
v -0.0116086 0.00631167 0.085375
v -0.0116608 0.00652527 0.085375
v -0.0116343 0.00644148 0.085375
v -0.011782 0.00675811 0.085375
v -0.0117349 0.00668419 0.085375
v -0.011734 0.0074259 0.0755436
v -0.0117685 0.00748134 0.0755474
v -0.0118066 0.00753441 0.075551
v -0.0118066 0.00679186 0.085375
v -0.0118482 0.00758488 0.0755544
v -0.0118353 0.00682757 0.085375
v -0.0118929 0.00763253 0.0755577
v -0.0118936 0.00689136 0.085375
v -0.0120444 0.00701548 0.085375
v -0.0120055 0.00698819 0.085375
v -0.0122173 0.00784881 0.0755723
v -0.0121577 0.00708115 0.085375
v -0.0121577 0.00782186 0.0755705
v -0.0121015 0.00705106 0.085375
v -0.0121 0.00779109 0.0755684
v -0.0120444 0.00775661 0.0755661
v -0.0122786 0.00713141 0.085375
v -0.0122177 0.00710869 0.085375
v -0.0124695 0.00791622 0.0755769
v -0.0124049 0.0071654 0.085375
v -0.0124049 0.00790558 0.0755762
v -0.0123422 0.00715075 0.085375
v -0.0123412 0.00789076 0.0755752
v -0.0122786 0.00787181 0.0755739
v -0.0125346 0.00718254 0.085375
v -0.0124697 0.00717637 0.085375
v -0.0126 0.00863377 0.0657203
v -0.0125346 0.00863162 0.0657203
v -0.0125131 0.00862997 0.0657203
v -0.0124269 0.00861862 0.0657203
v -0.0124049 0.00861449 0.0657203
v -0.012342 0.00859979 0.0657203
v -0.0122786 0.00858052 0.0657203
v -0.012259 0.00857363 0.0657203
v -0.0121785 0.0085403 0.0657203
v -0.0121577 0.00853029 0.0657203
v -0.0121013 0.00850007 0.0657203
v -0.0120444 0.00846467 0.0657203
v -0.0120277 0.00845321 0.0657203
v -0.0119585 0.00840009 0.0657203
v -0.0119407 0.00838477 0.0657203
v -0.0118941 0.00834107 0.0657203
v -0.0118482 0.00829197 0.0657203
v -0.011835 0.00827662 0.0657203
v -0.0117817 0.0082072 0.0657203
v -0.0117685 0.00818785 0.0657203
v -0.0117347 0.00813334 0.0657203
v -0.0117031 0.00736832 0.0755397
v -0.0117031 0.00807419 0.0657203
v -0.0116942 0.00805561 0.0657203
v -0.0116761 0.00730885 0.0755357
v -0.0116607 0.00797459 0.0657203
v -0.0116531 0.00724775 0.0755316
v -0.0116531 0.00795294 0.0657203
v -0.011734 0.00668265 0.085375
v -0.0116944 0.00660638 0.085375
v -0.0116761 0.00656486 0.085375
v -0.0116038 0.00771815 0.0657203
v -0.0116086 0.00776139 0.0657203
v -0.0116086 0.00705727 0.0755187
v -0.0116153 0.00780521 0.0657203
v -0.0116192 0.00782617 0.0657203
v -0.0116153 0.00635566 0.085375
v -0.0116341 0.00644049 0.085375
v -0.010727 0.00716956 0.085375
v -0.0107151 0.00663014 0.0904684
v -0.0106532 0.00661655 0.0904667
v -0.0109 0.00693872 0.0879111
v -0.0107825 0.00663294 0.0905294
v -0.00990019 0.00567403 0.0903495
v -0.0099 0.00564969 0.0903912
v -0.0099 0.00618061 0.085375
v -0.0099 0.00532034 0.0927898
v -0.00990019 0.00537359 0.0925626
v -0.0099032 0.00573427 0.0903569
v -0.00993443 0.00524966 0.0948079
v -0.00991574 0.00505881 0.095375
v -0.00992034 0.0051911 0.0947973
v -0.00990992 0.00502195 0.095375
v -0.00990992 0.00513193 0.0947866
v -0.00990395 0.00496921 0.095375
v -0.0099032 0.00507237 0.0947758
v -0.00990019 0.00489847 0.095375
v -0.00990019 0.00501263 0.0947649
v -0.0099 0.00487884 0.095375
v -0.00996232 0.00523271 0.095375
v -0.00993526 0.00514689 0.095375
v -0.00993444 0.00514378 0.095375
v -0.0100268 0.00547319 0.0948485
v -0.00999842 0.00541935 0.0948387
v -0.00997353 0.0052621 0.095375
v -0.00997353 0.005364 0.0948287
v -0.00995218 0.00530736 0.0948184
v -0.0101317 0.00562353 0.0948758
v -0.0100936 0.00557549 0.094867
v -0.0100585 0.0055253 0.0948579
v -0.010533 0.00590895 0.0949275
v -0.0104751 0.0058844 0.0949231
v -0.0104191 0.00585638 0.094918
v -0.0103651 0.00582502 0.0949123
v -0.0103133 0.00579046 0.094906
v -0.0102639 0.00575286 0.0948992
v -0.010217 0.00571237 0.0948919
v -0.010173 0.00566925 0.0948841
v -0.0105924 0.00592991 0.0949313
v -0.0106532 0.00594717 0.0949345
v -0.0107151 0.00596065 0.0949369
v -0.0107779 0.00597025 0.0949387
v -0.0107951 0.00596351 0.0949867
v -0.0109 0.00718469 0.085375
v -0.0108412 0.00718296 0.085375
v -0.0108132 0.0071809 0.085375
v -0.0107779 0.00663983 0.0904696
v -0.0107779 0.00717717 0.085375
v -0.0104191 0.00652498 0.0904553
v -0.0104788 0.00709127 0.085375
v -0.0104751 0.00655324 0.0904588
v -0.010533 0.00711462 0.085375
v -0.010533 0.006578 0.0904619
v -0.0105592 0.00712458 0.085375
v -0.0105924 0.00659914 0.0904645
v -0.0106422 0.00715074 0.085375
v -0.0106532 0.00715362 0.085375
v -0.0102639 0.00642058 0.0904423
v -0.010328 0.0070042 0.085375
v -0.0103133 0.0064585 0.090447
v -0.0103651 0.00702897 0.085375
v -0.0103651 0.00649335 0.0904514
v -0.0104015 0.00705105 0.085375
v -0.0104191 0.00706097 0.085375
v -0.0100936 0.00624169 0.0904201
v -0.0101352 0.00682756 0.085375
v -0.0101317 0.00629015 0.0904261
v -0.010173 0.00687001 0.085375
v -0.010173 0.00633625 0.0904318
v -0.0101943 0.00689204 0.085375
v -0.010217 0.00637975 0.0904372
v -0.0102587 0.00695107 0.085375
v -0.0102639 0.00695533 0.085375
v -0.00999842 0.00608422 0.0904005
v -0.0100349 0.00668418 0.085375
v -0.0100268 0.00613852 0.0904072
v -0.0100585 0.00672312 0.085375
v -0.0100585 0.00619108 0.0904138
v -0.0100819 0.0067581 0.085375
v -0.0100936 0.00677433 0.085375
v -0.00992034 0.00585402 0.0903718
v -0.00993434 0.00644147 0.085375
v -0.00993443 0.00591307 0.0903792
v -0.00995218 0.00650072 0.085375
v -0.00995218 0.00597127 0.0903864
v -0.00996075 0.00652526 0.085375
v -0.00997353 0.0060284 0.0903935
v -0.00999435 0.00660637 0.085375
v -0.00999842 0.006615 0.085375
v -0.00990019 0.00619996 0.085375
v -0.00990384 0.00626847 0.085375
v -0.00990992 0.0063217 0.085375
v -0.00990992 0.00579435 0.0903644
v -0.00991531 0.00635565 0.085375
v -0.00992034 0.00638208 0.085375
v -0.00898989 -0.00504825 0.0990923
v -0.00886886 -0.00537093 0.0978075
v -0.0089 -0.00589695 0.095375
v -0.00790132 -0.00493112 0.095375
v -0.0079 -0.00487884 0.095375
v -0.0079 -0.00486523 0.0954453
v -0.00791503 -0.00456831 0.0976091
v -0.00790394 -0.00496921 0.095375
v -0.00790606 -0.00450728 0.097594
v -0.00790132 -0.00445044 0.09758
v -0.00798959 -0.00480223 0.0976669
v -0.00796232 -0.0052327 0.095375
v -0.00796534 -0.00474577 0.097653
v -0.00794477 -0.00518011 0.095375
v -0.00794476 -0.00468781 0.0976386
v -0.00793526 -0.00514688 0.095375
v -0.00792796 -0.00462858 0.097624
v -0.00791574 -0.00505881 0.095375
v -0.00791503 -0.00505476 0.095375
v -0.00812074 -0.005009 0.097718
v -0.00808572 -0.0054699 0.095375
v -0.00808311 -0.00496055 0.0977061
v -0.00804861 -0.00541295 0.095375
v -0.00804861 -0.00490982 0.0976935
v -0.00803791 -0.00539484 0.095375
v -0.00801739 -0.00485698 0.0976805
v -0.00799664 -0.00531557 0.095375
v -0.00798959 -0.00530011 0.095375
v -0.00825059 -0.00513883 0.0977501
v -0.00819923 -0.00560521 0.095375
v -0.00820462 -0.00509826 0.0977401
v -0.00816131 -0.00556517 0.095375
v -0.00816132 -0.00505498 0.0977294
v -0.00813965 -0.00554019 0.095375
v -0.00812073 -0.00551695 0.095375
v -0.00845655 -0.00527073 0.0977827
v -0.00840663 -0.00576445 0.095375
v -0.00840216 -0.00524255 0.0977758
v -0.00834955 -0.00572888 0.095375
v -0.00834956 -0.0052111 0.097768
v -0.00833326 -0.0057177 0.095375
v -0.00829897 -0.00517649 0.0977594
v -0.00826394 -0.00566451 0.095375
v -0.00825058 -0.0056531 0.095375
v -0.0086283 -0.00533488 0.0977986
v -0.00856327 -0.00583751 0.095375
v -0.00856985 -0.00531696 0.0977942
v -0.00851251 -0.00581743 0.095375
v -0.00851252 -0.00529556 0.0977889
v -0.00848349 -0.00580446 0.095375
v -0.00845654 -0.0057914 0.095375
v -0.00886886 -0.00589645 0.095375
v -0.00881435 -0.00589321 0.095375
v -0.00880817 -0.0053673 0.0978066
v -0.00874769 -0.00588507 0.095375
v -0.00874769 -0.00536007 0.0978048
v -0.00872929 -0.00588201 0.095375
v -0.00868766 -0.00534926 0.0978021
v -0.0086454 -0.00586341 0.095375
v -0.00862829 -0.00585866 0.095375
v -0.00875371 -0.00452815 0.100602
v -0.00831759 -0.00439181 0.10048
v -0.00793283 -0.00395113 0.100258
v -0.00880817 -0.00495524 0.0993182
v -0.00874769 -0.00494811 0.099316
v -0.00868766 -0.00493745 0.0993128
v -0.0086283 -0.00492327 0.0993086
v -0.00856985 -0.0049056 0.0993032
v -0.00851252 -0.00488449 0.0992969
v -0.00845655 -0.00485999 0.0992895
v -0.00840216 -0.0048322 0.0992811
v -0.00834956 -0.00480118 0.0992718
v -0.00829897 -0.00476704 0.0992615
v -0.00825059 -0.0047299 0.0992503
v -0.00820462 -0.00468988 0.0992383
v -0.00816132 -0.0046472 0.0992254
v -0.00812074 -0.00460185 0.0992118
v -0.00808311 -0.00455406 0.0991974
v -0.00804861 -0.00450402 0.0991823
v -0.00801739 -0.00445191 0.0991666
v -0.00798959 -0.0043979 0.0991503
v -0.00796534 -0.00434222 0.0991336
v -0.00794476 -0.00428505 0.0991163
v -0.00792796 -0.00422664 0.0990987
v -0.00791503 -0.00416718 0.0990808
v -0.00790606 -0.00410699 0.0990627
v -0.00790132 -0.00405092 0.0990458
v -0.0088943 0.00490202 0.0997546
v -0.00790019 0.00441932 0.0975723
v -0.0079 0.00422707 0.0982402
v -0.0079 0.00487884 0.095375
v -0.010011 -0.00206108 0.106174
v -0.0103642 0.00582644 0.0953755
v -0.00859239 0.00532433 0.097796
v -0.00864538 0.0058634 0.095375
v -0.00865317 0.00534136 0.0978002
v -0.00871506 0.00587939 0.095375
v -0.00871507 0.00535465 0.0978035
v -0.00872927 0.005882 0.095375
v -0.00903621 0.00596008 0.0953787
v -0.00841912 0.00525178 0.097778
v -0.00848348 0.00580446 0.095375
v -0.00847515 0.00527943 0.0977849
v -0.00853297 0.00582592 0.095375
v -0.00853298 0.00530365 0.0977909
v -0.00856326 0.00583751 0.095375
v -0.00859238 0.0058476 0.095375
v -0.00821701 0.0051097 0.0977429
v -0.00826393 0.0056645 0.095375
v -0.00826386 0.00514964 0.0977528
v -0.00831326 0.00570334 0.095375
v -0.00831328 0.00518674 0.097762
v -0.00833324 0.00571769 0.095375
v -0.00836509 0.00522084 0.0977704
v -0.00840661 0.00576444 0.095375
v -0.00841911 0.00577153 0.095375
v -0.00809355 0.00497464 0.0977095
v -0.00813964 0.00554018 0.095375
v -0.00813174 0.00502205 0.0977213
v -0.00817295 0.00557793 0.095375
v -0.00817296 0.00506715 0.0977324
v -0.00819922 0.0056052 0.095375
v -0.008217 0.00562255 0.095375
v -0.00797353 0.00476599 0.097658
v -0.00799664 0.00531556 0.095375
v -0.00799842 0.00482059 0.0976715
v -0.00802679 0.00537508 0.095375
v -0.00802679 0.00487371 0.0976846
v -0.0080379 0.00539483 0.095375
v -0.00805853 0.00492513 0.0976973
v -0.00808571 0.00546989 0.095375
v -0.00809355 0.00548093 0.095375
v -0.00792034 0.0045954 0.0976158
v -0.00793526 0.00514687 0.095375
v -0.00793443 0.00465317 0.0976301
v -0.00795218 0.00520349 0.095375
v -0.00795218 0.0047101 0.0976442
v -0.00796231 0.00523269 0.095375
v -0.00797353 0.0052621 0.095375
v -0.00790019 0.00489847 0.095375
v -0.00790394 0.0049692 0.095375
v -0.0079032 0.00447825 0.0975868
v -0.00790992 0.00502195 0.095375
v -0.00790992 0.00453702 0.0976014
v -0.00791574 0.0050588 0.095375
v -0.00792034 0.00508318 0.095375
v -0.00790062 0.00362455 0.100316
v -0.00796218 0.00395504 0.100384
v -0.00823666 0.00432285 0.100467
v -0.0079 0.00370446 0.0999502
v -0.00790019 0.00402023 0.0990366
v -0.0079032 0.00407836 0.0990541
v -0.00790992 0.00413633 0.0990715
v -0.00792034 0.00419391 0.0990889
v -0.00793443 0.00425088 0.099106
v -0.00795218 0.00430704 0.099123
v -0.00797353 0.00436216 0.0991396
v -0.00799842 0.00441602 0.0991558
v -0.00802679 0.00446841 0.0991716
v -0.00805853 0.00451913 0.0991868
v -0.00809355 0.00456796 0.0992015
v -0.00813174 0.00461472 0.0992156
v -0.00817296 0.0046592 0.099229
v -0.00821701 0.00470117 0.0992417
v -0.00826386 0.00474056 0.0992535
v -0.00831328 0.00477716 0.0992646
v -0.00836509 0.00481079 0.0992747
v -0.00841912 0.00484131 0.0992839
v -0.00847515 0.00486857 0.0992921
v -0.00853298 0.00489246 0.0992993
v -0.00859239 0.00491286 0.0993054
v -0.00880107 0.00513569 0.0987431
v -0.00990133 -0.00504435 0.0947707
v -0.0099 -0.00564969 0.0903912
v -0.0099 -0.00487884 0.095375
v -0.0128816 -0.00594794 0.0955593
v -0.0105127 -0.00590082 0.0949261
v -0.01057 -0.0059225 0.09493
v -0.0106285 -0.00594065 0.0949333
v -0.0106878 -0.00595522 0.0949359
v -0.0107479 -0.00596616 0.0949379
v -0.0108083 -0.00597348 0.0949392
v -0.010869 -0.00589647 0.095375
v -0.0101614 -0.00565704 0.0948818
v -0.0102047 -0.0057009 0.0948898
v -0.0102507 -0.00574201 0.0948973
v -0.0102991 -0.00578017 0.0949042
v -0.0103497 -0.00581524 0.0949105
v -0.0104023 -0.00584711 0.0949163
v -0.0104567 -0.00587566 0.0949215
v -0.0100487 -0.00550993 0.0948552
v -0.0100832 -0.00556135 0.0948645
v -0.0101208 -0.00561044 0.0948734
v -0.0099654 -0.00534367 0.094825
v -0.0099951 -0.00531225 0.095375
v -0.00998966 -0.00540089 0.0948354
v -0.0100175 -0.00535769 0.095375
v -0.0100175 -0.00545638 0.0948454
v -0.0103264 -0.00576388 0.095375
v -0.00990363 -0.00496552 0.095375
v -0.00990607 -0.00499093 0.095375
v -0.00990607 -0.00510196 0.0947811
v -0.0099151 -0.00505516 0.095375
v -0.00991506 -0.00516382 0.0947924
v -0.00992801 -0.00511817 0.095375
v -0.00992801 -0.00522491 0.0948034
v -0.00993431 -0.00514331 0.095375
v -0.00994482 -0.00528494 0.0948143
v -0.00996107 -0.00522924 0.095375
v -0.0099654 -0.00524107 0.095375
v -0.00990133 -0.00623232 0.085375
v -0.0099 -0.00618061 0.085375
v -0.0099 -0.00592565 0.0879858
v -0.00991506 -0.0058265 0.0903684
v -0.00990384 -0.00626848 0.085375
v -0.00990607 -0.00576412 0.0903607
v -0.00990133 -0.00570601 0.0903534
v -0.00998966 -0.0060656 0.0903982
v -0.00996076 -0.00652527 0.085375
v -0.0099654 -0.00600789 0.090391
v -0.00994482 -0.00647784 0.085375
v -0.00994482 -0.00594866 0.0903836
v -0.00993434 -0.00644148 0.085375
v -0.00992801 -0.00588811 0.0903761
v -0.00991531 -0.00635566 0.085375
v -0.00991506 -0.00635423 0.085375
v -0.0101208 -0.00627694 0.0904244
v -0.0100819 -0.00675811 0.085375
v -0.0100832 -0.00622743 0.0904183
v -0.0100487 -0.00670744 0.085375
v -0.0100487 -0.00617557 0.0904118
v -0.0100349 -0.00668419 0.085375
v -0.0100175 -0.00612157 0.0904051
v -0.00999436 -0.00660638 0.085375
v -0.00998966 -0.00659617 0.085375
v -0.0102507 -0.00640964 0.090441
v -0.0101943 -0.00689205 0.085375
v -0.0102047 -0.00636817 0.0904358
v -0.0101614 -0.00685755 0.085375
v -0.0101614 -0.00632394 0.0904303
v -0.0101352 -0.00682757 0.085375
v -0.0101208 -0.00681 0.085375
v -0.0104567 -0.00654443 0.0904577
v -0.0104015 -0.00705106 0.085375
v -0.0104023 -0.00651563 0.0904541
v -0.0103497 -0.00701899 0.085375
v -0.0103497 -0.00648349 0.0904501
v -0.010328 -0.00700421 0.085375
v -0.0102991 -0.00644812 0.0904457
v -0.0102588 -0.00695108 0.085375
v -0.0102507 -0.00694427 0.085375
v -0.0106285 -0.00660997 0.0904659
v -0.0105592 -0.00712459 0.085375
v -0.01057 -0.00659167 0.0904636
v -0.0105127 -0.00710632 0.085375
v -0.0105127 -0.0065698 0.0904609
v -0.0104788 -0.00709128 0.085375
v -0.0104567 -0.00708065 0.085375
v -0.0108083 -0.00664308 0.09047
v -0.0107479 -0.007173 0.085375
v -0.0107479 -0.00663571 0.0904691
v -0.010727 -0.00716956 0.085375
v -0.0106878 -0.00662466 0.0904677
v -0.0106422 -0.00715074 0.085375
v -0.0106285 -0.00714697 0.085375
v -0.010869 -0.00664678 0.0904704
v -0.010869 -0.00718421 0.085375
v -0.0108132 -0.0071809 0.085375
v -0.0129721 -0.00687537 0.0887611
v -0.0109 -0.00705513 0.086757
v -0.0109 -0.00718469 0.085375
v -0.0108223 -0.00598335 0.0948914
v -0.0125132 -0.0071809 0.085375
v -0.0125346 -0.00718254 0.085375
v -0.0124695 -0.00791622 0.0755769
v -0.0124719 -0.00792085 0.0755133
v -0.012427 -0.00716956 0.085375
v -0.0124049 -0.00790558 0.0755762
v -0.0124049 -0.0071654 0.085375
v -0.0123412 -0.00789076 0.0755752
v -0.0123422 -0.00715074 0.085375
v -0.0122786 -0.00787181 0.0755739
v -0.0122786 -0.00713141 0.085375
v -0.0122592 -0.00712459 0.085375
v -0.0122173 -0.00784881 0.0755723
v -0.0121788 -0.00709128 0.085375
v -0.0121577 -0.00782186 0.0755705
v -0.0121577 -0.00708115 0.085375
v -0.0121 -0.00779109 0.0755684
v -0.0121015 -0.00705105 0.085375
v -0.0120444 -0.00775661 0.0755661
v -0.0120444 -0.00701548 0.085375
v -0.012028 -0.0070042 0.085375
v -0.0119912 -0.00771858 0.0755635
v -0.0119587 -0.00695107 0.085375
v -0.0119407 -0.00767716 0.0755607
v -0.0119407 -0.00693552 0.085375
v -0.0118929 -0.00763253 0.0755577
v -0.0118943 -0.00689205 0.085375
v -0.0118482 -0.00758488 0.0755544
v -0.0118482 -0.00684265 0.085375
v -0.0118352 -0.00682756 0.085375
v -0.0118066 -0.00753441 0.075551
v -0.0117819 -0.0067581 0.085375
v -0.0117685 -0.00748134 0.0755474
v -0.0117685 -0.00673845 0.085375
v -0.011734 -0.0074259 0.0755436
v -0.0117349 -0.00668418 0.085375
v -0.0117031 -0.00736832 0.0755397
v -0.0117031 -0.00662471 0.085375
v -0.0116944 -0.00660637 0.085375
v -0.0116761 -0.00730885 0.0755357
v -0.0116608 -0.00652526 0.085375
v -0.0116531 -0.00724775 0.0755316
v -0.0116531 -0.00650336 0.085375
v -0.0116341 -0.00718527 0.0755273
v -0.0116343 -0.00644147 0.085375
v -0.0116192 -0.00712169 0.075523
v -0.0116192 -0.0063765 0.085375
v -0.0116086 -0.00705727 0.0755187
v -0.0116021 -0.0069923 0.0755142
v -0.0116021 -0.00624628 0.085375
v -0.0116038 -0.00626846 0.085375
v -0.0116086 -0.00631167 0.085375
v -0.0116153 -0.00635565 0.085375
v -0.0116 -0.00618061 0.085375
v -0.0116 -0.00692473 0.0755492
v -0.0116 -0.00724666 0.0708301
v -0.0116153 -0.00780522 0.0657203
v -0.0116086 -0.00776139 0.0657203
v -0.0116038 -0.00771816 0.0657203
v -0.0116021 -0.00769605 0.0657203
v -0.0116 -0.00763043 0.0657203
v -0.0116942 -0.00805562 0.0657203
v -0.0116761 -0.00801438 0.0657203
v -0.0116607 -0.0079746 0.0657203
v -0.0116343 -0.00789092 0.0657203
v -0.0116341 -0.00789011 0.0657203
v -0.011835 -0.00827663 0.0657203
v -0.0118066 -0.00824122 0.0657203
v -0.0117818 -0.00820721 0.0657203
v -0.0117347 -0.00813335 0.0657203
v -0.011734 -0.00813209 0.0657203
v -0.0120277 -0.00845322 0.0657203
v -0.0119912 -0.00842643 0.0657203
v -0.0119585 -0.00840009 0.0657203
v -0.0118941 -0.00834108 0.0657203
v -0.0118929 -0.00833989 0.0657203
v -0.012259 -0.00857363 0.0657203
v -0.0122173 -0.00855739 0.0657203
v -0.0121786 -0.00854031 0.0657203
v -0.0121013 -0.00850007 0.0657203
v -0.0121 -0.00849934 0.0657203
v -0.0125346 -0.00863162 0.0657203
v -0.0125131 -0.00862997 0.0657203
v -0.0124695 -0.00862518 0.0657203
v -0.0124269 -0.00861862 0.0657203
v -0.012342 -0.0085998 0.0657203
v -0.0123412 -0.00859958 0.0657203
v -0.0126 -0.00863377 0.0657203
v -0.0126 -0.00827673 0.070441
v -0.0126 -0.00718469 0.085375
v -0.0142132 -0.0100251 0.0536682
v -0.0142688 -0.0107212 0.0501362
v -0.0142083 -0.0107175 0.0501354
v -0.0141479 -0.00920967 0.0595533
v -0.0142131 -0.00862997 0.0657203
v -0.0142083 -0.00921706 0.0595541
v -0.014269 -0.00863328 0.0657203
v -0.01397 -0.00916557 0.0595483
v -0.014042 -0.00859979 0.0657203
v -0.0140285 -0.0091839 0.0595504
v -0.0140878 -0.00861092 0.0657203
v -0.0140878 -0.00919861 0.059552
v -0.0141269 -0.00861862 0.0657203
v -0.0141479 -0.00862209 0.0657203
v -0.0137497 -0.00905724 0.0595362
v -0.0138013 -0.00850007 0.0657203
v -0.0138023 -0.00908942 0.0595398
v -0.0138567 -0.0085298 0.0657203
v -0.0138567 -0.00911826 0.059543
v -0.0138785 -0.0085403 0.0657203
v -0.0139127 -0.00914367 0.0595459
v -0.013959 -0.00857362 0.0657203
v -0.01397 -0.00857756 0.0657203
v -0.0136047 -0.00894175 0.0595232
v -0.0136585 -0.00840008 0.0657203
v -0.0136507 -0.00898328 0.0595279
v -0.0136991 -0.00843242 0.0657203
v -0.0136991 -0.00902182 0.0595322
v -0.0137277 -0.00845321 0.0657203
v -0.0137497 -0.00846818 0.0657203
v -0.0134832 -0.00880081 0.0595074
v -0.013535 -0.00827662 0.0657203
v -0.0135208 -0.0088504 0.059513
v -0.0135614 -0.00830686 0.0657203
v -0.0135614 -0.00889746 0.0595183
v -0.0135941 -0.00834107 0.0657203
v -0.0136047 -0.00835158 0.0657203
v -0.0133654 -0.00858096 0.0594828
v -0.0133942 -0.00805561 0.0657203
v -0.0133897 -0.00863875 0.0594893
v -0.0134175 -0.00810225 0.0657203
v -0.0134175 -0.0086948 0.0594955
v -0.0134347 -0.00813334 0.0657203
v -0.0134487 -0.00874888 0.0595016
v -0.0134817 -0.0082072 0.0657203
v -0.0134832 -0.00820929 0.0657203
v -0.0133061 -0.00833684 0.0594554
v -0.0133153 -0.00780521 0.0657203
v -0.0133151 -0.00839931 0.0594624
v -0.013328 -0.00786622 0.0657203
v -0.013328 -0.00846101 0.0594693
v -0.0133343 -0.00789091 0.0657203
v -0.0133448 -0.00852164 0.0594761
v -0.0133607 -0.00797459 0.0657203
v -0.0133654 -0.00798732 0.0657203
v -0.0133 -0.00763043 0.0657203
v -0.0133013 -0.0076821 0.0657203
v -0.0133 -0.00822753 0.0594432
v -0.0133038 -0.00771815 0.0657203
v -0.0133061 -0.00774085 0.0657203
v -0.0133 -0.0108227 0.0460657
v -0.0133013 -0.0104318 0.0474689
v -0.0133013 -0.0108772 0.0460657
v -0.0133061 -0.010488 0.0474853
v -0.0133042 -0.0109199 0.0460657
v -0.0133151 -0.0105483 0.047503
v -0.0133151 -0.0110056 0.0460657
v -0.0133161 -0.0110117 0.0460657
v -0.013328 -0.0106079 0.0475204
v -0.0133355 -0.0111022 0.0460657
v -0.0133448 -0.0106665 0.0475376
v -0.0133448 -0.0111359 0.0460657
v -0.0133654 -0.0107238 0.0475543
v -0.0133623 -0.0111905 0.0460657
v -0.0133897 -0.0107796 0.0475707
v -0.0133897 -0.0112607 0.0460657
v -0.0133962 -0.0112757 0.0460657
v -0.0134175 -0.0108337 0.0475865
v -0.0134366 -0.0113568 0.0460657
v -0.0134487 -0.0108859 0.0476018
v -0.0134487 -0.0113782 0.0460657
v -0.0134832 -0.0109361 0.0476165
v -0.0134832 -0.0114336 0.0460657
v -0.0135208 -0.010984 0.0476305
v -0.0135208 -0.0114864 0.0460657
v -0.0135355 -0.0115054 0.0460657
v -0.0135614 -0.0110294 0.0476438
v -0.0135834 -0.0115614 0.0460657
v -0.0136047 -0.0110722 0.0476563
v -0.0136047 -0.0115839 0.0460657
v -0.0136507 -0.0111123 0.0476681
v -0.0136444 -0.0116226 0.0460657
v -0.0136991 -0.0111495 0.047679
v -0.0136991 -0.0116695 0.0460657
v -0.0137094 -0.0116775 0.0460657
v -0.0137497 -0.0111837 0.047689
v -0.0137777 -0.0117262 0.0460657
v -0.0138023 -0.0112148 0.0476981
v -0.0138023 -0.0117417 0.0460657
v -0.0138567 -0.0112427 0.0477062
v -0.0138491 -0.0117684 0.0460657
v -0.0139127 -0.0112672 0.0477134
v -0.0139127 -0.0117996 0.0460657
v -0.0139228 -0.0118041 0.0460657
v -0.01397 -0.0112884 0.0477196
v -0.0139981 -0.011833 0.0460657
v -0.0140285 -0.0113061 0.0477248
v -0.0140284 -0.0118426 0.0460657
v -0.0140878 -0.0113203 0.0477289
v -0.0140748 -0.0118552 0.0460657
v -0.0141479 -0.0113309 0.0477321
v -0.0141479 -0.0118702 0.0460657
v -0.0141524 -0.0118709 0.0460657
v -0.0142083 -0.0113381 0.0477341
v -0.0142303 -0.0118799 0.0460657
v -0.0142691 -0.0113417 0.0477352
v -0.014269 -0.011882 0.0460657
v -0.0143 -0.0110315 0.0488632
v -0.0143 -0.0117598 0.0464158
v -0.0143 -0.0118825 0.0460657
v -0.0143 -0.0107216 0.0501363
v -0.0143 -0.010306 0.0521249
v -0.0143 -0.00923219 0.0594571
v -0.0133 -0.00949457 0.0510765
v -0.0133 -0.00868774 0.0557967
v -0.0133013 -0.00908394 0.0535682
v -0.0133061 -0.00914168 0.0535779
v -0.0133151 -0.00920368 0.0535883
v -0.013328 -0.00926491 0.0535986
v -0.0133448 -0.00932508 0.0536087
v -0.0133654 -0.00938395 0.0536186
v -0.0133897 -0.0094413 0.0536282
v -0.0134175 -0.00949692 0.0536375
v -0.0134487 -0.00955059 0.0536465
v -0.0134832 -0.00960213 0.0536552
v -0.0135208 -0.00965134 0.0536634
v -0.0135614 -0.00969804 0.0536713
v -0.0136047 -0.009742 0.0536786
v -0.0136507 -0.00978321 0.0536856
v -0.0136991 -0.00982145 0.053692
v -0.0137497 -0.0098566 0.0536979
v -0.0138023 -0.00988854 0.0537032
v -0.0138567 -0.00991716 0.053708
v -0.0139127 -0.00994238 0.0537123
v -0.01397 -0.00996411 0.0537159
v -0.0140285 -0.0099823 0.053719
v -0.0140878 -0.0099969 0.0537214
v -0.0141479 -0.0100079 0.0537233
v -0.0142083 -0.0100152 0.0537245
v -0.0142428 -0.00922362 0.0595186
v -0.0143 -0.00863377 0.0657203
v -0.0141479 -0.0107103 0.0501337
v -0.0140878 -0.0106995 0.0501312
v -0.0140285 -0.010685 0.0501279
v -0.01397 -0.010667 0.0501238
v -0.0139127 -0.0106456 0.0501189
v -0.0138567 -0.0106206 0.0501132
v -0.0138023 -0.0105923 0.0501067
v -0.0137497 -0.0105608 0.0500995
v -0.0136991 -0.010526 0.0500916
v -0.0136507 -0.0104882 0.0500829
v -0.0136047 -0.0104475 0.0500736
v -0.0135614 -0.010404 0.0500637
v -0.0135208 -0.0103579 0.0500531
v -0.0134832 -0.0103092 0.050042
v -0.0134487 -0.0102583 0.0500304
v -0.0134175 -0.0102052 0.0500183
v -0.0133897 -0.0101503 0.0500057
v -0.0133654 -0.0100936 0.0499927
v -0.0133448 -0.0100354 0.0499794
v -0.013328 -0.0099759 0.0499658
v -0.0133151 -0.00991537 0.049952
v -0.0133061 -0.00985408 0.049938
v -0.0133013 -0.009797 0.0499249
v -0.0133 -0.0102342 0.0479751
v -0.0158409 0.0126622 0.0440455
v -0.0157532 0.0123609 0.0447245
v -0.0158655 0.015943 0.038
v -0.0158779 0.0142978 0.0407387
v -0.0158151 0.0142893 0.0407339
v -0.0159889 0.0159537 0.038
v -0.016 0.0142874 0.0407728
v -0.015 0.0134313 0.0402547
v -0.015 0.0123823 0.0422782
v -0.015 0.0128806 0.0412785
v -0.0150002 0.0108407 0.0460657
v -0.015 0.0108202 0.0460657
v -0.015 0.0112805 0.0448202
v -0.0150344 0.0117038 0.0444585
v -0.0150162 0.0110108 0.0460657
v -0.0150203 0.0116487 0.0444362
v -0.0150099 0.0109694 0.0460657
v -0.0150099 0.0115929 0.0444137
v -0.0150043 0.0109183 0.0460657
v -0.0150032 0.0115368 0.0443909
v -0.0150002 0.0114805 0.0443682
v -0.0150628 0.0111906 0.0460657
v -0.0150358 0.0111019 0.0460657
v -0.0150344 0.0110965 0.0460657
v -0.0151268 0.0119144 0.0445438
v -0.0150969 0.0112762 0.0460657
v -0.0150984 0.0118637 0.0445233
v -0.0150735 0.0112199 0.0460657
v -0.0150735 0.0118115 0.0445021
v -0.0150522 0.0117582 0.0444805
v -0.0151585 0.011394 0.0460657
v -0.0151374 0.0113575 0.0460657
v -0.0151268 0.0113378 0.0460657
v -0.0152317 0.012056 0.0446011
v -0.0151842 0.0114344 0.0460657
v -0.0151936 0.0120108 0.0445828
v -0.0151585 0.0119635 0.0445637
v -0.0152932 0.0115715 0.0460657
v -0.0152342 0.0115033 0.0460657
v -0.0154133 0.0122133 0.0446648
v -0.0153548 0.0116317 0.0460657
v -0.0153639 0.0121779 0.0446504
v -0.015317 0.011596 0.0460657
v -0.015317 0.0121397 0.044635
v -0.015273 0.0120991 0.0446185
v -0.0154892 0.0117333 0.0460657
v -0.015417 0.0116833 0.0460657
v -0.0154651 0.0122459 0.0446779
v -0.0155191 0.0122754 0.0446899
v -0.0155191 0.0117515 0.0460657
v -0.0155751 0.0123018 0.0447006
v -0.0155608 0.0117745 0.0460657
v -0.015633 0.0123249 0.04471
v -0.0157103 0.0118369 0.0460657
v -0.0158151 0.0118641 0.0460657
v -0.0157672 0.0118534 0.0460657
v -0.016 0.0123896 0.0447361
v -0.016 0.0118825 0.0460657
v -0.0159426 0.0118807 0.0460657
v -0.0159412 0.0159517 0.038
v -0.0157335 0.0159113 0.038
v -0.0157531 0.0159174 0.038
v -0.0157532 0.0142773 0.0407272
v -0.0157992 0.0159298 0.038
v -0.015815 0.0159335 0.038
v -0.0154133 0.0141383 0.0406496
v -0.0154566 0.0157653 0.038
v -0.0154651 0.014169 0.0406667
v -0.0155185 0.0158087 0.038
v -0.0155191 0.0141968 0.0406823
v -0.0155824 0.0158465 0.038
v -0.0155751 0.0142216 0.0406961
v -0.0156035 0.0158575 0.038
v -0.015633 0.0142434 0.0407083
v -0.0156329 0.0158717 0.038
v -0.0151936 0.0139475 0.040543
v -0.0152257 0.0155226 0.038
v -0.0152317 0.0139902 0.0405669
v -0.0152782 0.0155923 0.038
v -0.015273 0.0140307 0.0405895
v -0.0153169 0.0156371 0.038
v -0.015317 0.014069 0.0406109
v -0.0153393 0.015661 0.038
v -0.0153639 0.0141049 0.0406309
v -0.0153969 0.0157161 0.038
v -0.0154132 0.0157303 0.038
v -0.0150522 0.0137096 0.0404102
v -0.0150735 0.0152215 0.038
v -0.0150735 0.0137599 0.0404382
v -0.0150952 0.0152796 0.038
v -0.0150984 0.013809 0.0404657
v -0.0151339 0.0153664 0.038
v -0.0151268 0.0138568 0.0404924
v -0.0151585 0.0154139 0.038
v -0.0151585 0.013903 0.0405182
v -0.0151775 0.0154473 0.038
v -0.0151935 0.0154738 0.038
v -0.0150344 0.0150851 0.038
v -0.0150511 0.0151508 0.038
v -0.015 0.0147797 0.038
v -0.0150002 0.0148024 0.038
v -0.0150043 0.0148881 0.038
v -0.0150032 0.0135011 0.0402937
v -0.0150099 0.0149447 0.038
v -0.0150099 0.013554 0.0403232
v -0.0150167 0.0149934 0.038
v -0.0150203 0.0136065 0.0403526
v -0.0150344 0.0136584 0.0403816
v -0.0150032 0.0124544 0.0423128
v -0.0150099 0.012509 0.042339
v -0.0150203 0.0125632 0.042365
v -0.0150344 0.0126169 0.0423907
v -0.0150522 0.0126697 0.042416
v -0.0150735 0.0127216 0.0424409
v -0.0150984 0.0127724 0.0424652
v -0.0151268 0.0128217 0.0424889
v -0.0151585 0.0128695 0.0425118
v -0.0151936 0.0129155 0.0425339
v -0.0152317 0.0129595 0.042555
v -0.015273 0.0130014 0.0425751
v -0.015317 0.0130409 0.042594
v -0.0153639 0.013078 0.0426118
v -0.0154133 0.0131125 0.0426283
v -0.0154651 0.0131441 0.0426435
v -0.0155191 0.0131729 0.0426573
v -0.0155751 0.0131985 0.0426696
v -0.015633 0.013221 0.0426804
v -0.0156924 0.0132403 0.0426896
v -0.0156924 0.014262 0.0407187
v -0.0156683 0.0158872 0.038
v -0.0156924 0.0123447 0.0447179
v -0.0156339 0.0118087 0.0460657
v -0.0158647 0.0118727 0.0460657
v -0.0158779 0.0123827 0.0447333
v -0.015 0.0116062 0.0440119
v -0.0159209 0.01595 0.038
v -0.0159412 0.0143028 0.0407415
v -0.015847 0.0137668 0.041717
v -0.0159412 0.012388 0.0447355
v -0.0158973 0.0132308 0.0428123
v -0.0330974 -0.0107447 0.0473768
v -0.0333518 -0.0121504 0.0448901
v -0.0344418 -0.0113457 0.0446356
v -0.033926 -0.010501 0.0463939
v -0.0346193 -0.0111192 0.0446117
v -0.0339573 -0.0104553 0.046389
v -0.0346511 -0.0110764 0.0445999
v -0.0339949 -0.0103984 0.0463822
v -0.0340917 -0.0102385 0.0463601
v -0.0341354 -0.010159 0.0463475
v -0.0347749 -0.0108938 0.0445492
v -0.0342083 -0.0100131 0.0463217
v -0.0342527 -0.00991399 0.0463024
v -0.0343063 -0.00978063 0.046274
v -0.0349446 -0.0105813 0.0444511
v -0.0343466 -0.00966667 0.0462479
v -0.0350434 -0.0103363 0.0443691
v -0.0343532 -0.00964663 0.0462431
v -0.0343849 -0.00954292 0.0462174
v -0.0344436 -0.00930166 0.0461523
v -0.0341158 -0.00867686 0.0470851
v -0.0344225 -0.00939895 0.0461794
v -0.035168 -0.00993674 0.0442038
v -0.0334527 -0.015632 0.038
v -0.0332517 -0.0157302 0.038
v -0.0333011 -0.0139261 0.0409954
v -0.0352 -0.00944052 0.0440336
v -0.0352 -0.00941222 0.0441063
v -0.035124 -0.0113844 0.0416338
v -0.0346194 -0.0119732 0.0426162
v -0.0338679 -0.0124416 0.0434701
v -0.0323764 -0.0141054 0.0410929
v -0.0322 -0.0159537 0.038
v -0.0323764 -0.0159476 0.038
v -0.0324219 -0.0159441 0.038
v -0.0326314 -0.0159171 0.038
v -0.0327548 -0.0140645 0.0410707
v -0.0327549 -0.0158929 0.038
v -0.0328397 -0.0158727 0.038
v -0.0329405 -0.0140285 0.041051
v -0.0329407 -0.0158447 0.038
v -0.0330467 -0.0158105 0.038
v -0.0331228 -0.0139822 0.0410259
v -0.0331231 -0.0157828 0.038
v -0.0338048 -0.0137013 0.0408731
v -0.03365 -0.015515 0.038
v -0.0335403 -0.0155464 0.0379175
v -0.0334746 -0.0138603 0.0409596
v -0.0339602 -0.0136087 0.0408228
v -0.0338432 -0.0153784 0.038
v -0.033805 -0.0154073 0.038
v -0.0341085 -0.013508 0.040768
v -0.0340313 -0.0152214 0.038
v -0.0339605 -0.0152835 0.038
v -0.0343812 -0.013284 0.0406462
v -0.0342492 -0.015004 0.038
v -0.034249 -0.0133995 0.040709
v -0.0342128 -0.0150433 0.038
v -0.0341088 -0.0151488 0.038
v -0.0345048 -0.0131616 0.0405796
v -0.0344345 -0.0147818 0.038
v -0.0343854 -0.0148446 0.038
v -0.0348197 -0.0127589 0.0403606
v -0.0347405 -0.0143049 0.038
v -0.0347639 -0.0123058 0.0413938
v -0.0346195 -0.014514 0.038
v -0.0346194 -0.0130329 0.0405096
v -0.034595 -0.0145527 0.038
v -0.0345051 -0.0146859 0.038
v -0.0350435 -0.0123147 0.0401191
v -0.0349826 -0.0137478 0.038
v -0.0349794 -0.0124664 0.0402016
v -0.0349048 -0.0139551 0.038
v -0.0349047 -0.0126147 0.0402822
v -0.0348706 -0.0140361 0.038
v -0.0348198 -0.0141478 0.038
v -0.0351417 -0.0131223 0.038
v -0.035156 -0.0119221 0.0399294
v -0.0350966 -0.013348 0.038
v -0.0350967 -0.0121602 0.040035
v -0.0350737 -0.0134426 0.038
v -0.0350434 -0.0135545 0.038
v -0.0352 -0.010795 0.0409709
v -0.0352 -0.012432 0.038
v -0.0351994 -0.0115253 0.0396898
v -0.0351904 -0.0127137 0.038
v -0.0351904 -0.0116853 0.0397768
v -0.0351844 -0.0127903 0.038
v -0.0351702 -0.0129268 0.038
v -0.032537 -0.0138751 0.041486
v -0.0258372 -0.0136787 0.0429039
v -0.0321423 -0.0110168 0.047976
v -0.0143467 -0.00592267 0.0949171
v -0.0147918 -0.00627113 0.0930116
v -0.0146653 -0.00629268 0.0929688
v -0.0330704 -0.00861453 0.0497597
v -0.033105 -0.00848422 0.0497401
v -0.0126325 -0.00493657 0.0994361
v -0.0170303 -0.00717087 0.0855275
v -0.0165937 -0.00705619 0.0867461
v -0.0185332 -0.00748322 0.0817438
v -0.015869 -0.00679882 0.0891697
v -0.0184085 -0.00748961 0.0816989
v -0.0212016 -0.00800249 0.0743857
v -0.0210768 -0.00800849 0.0743407
v -0.0225032 -0.00827745 0.0704309
v -0.0238692 -0.00852181 0.0670863
v -0.0237446 -0.00852824 0.0670415
v -0.0243671 -0.0086646 0.0653468
v -0.0265298 -0.00918329 0.0598698
v -0.0267459 -0.00929493 0.05891
v -0.0291743 -0.0101767 0.0528051
v -0.0304851 -0.0108975 0.0493825
v -0.0292203 -0.0102692 0.0523186
v -0.0303638 -0.0109105 0.0493415
v -0.03152 -0.011759 0.0464179
v -0.0305499 -0.0110313 0.0488635
v -0.0305222 -0.011013 0.0489346
v -0.0331561 -0.00822624 0.049695
v -0.031955 -0.00727778 0.0530218
v -0.0318483 -0.00746915 0.0532875
v -0.0292074 -0.00644805 0.0605426
v -0.0238571 -0.00500814 0.0752705
v -0.0249403 -0.0052114 0.0722945
v -0.0238814 -0.00525685 0.0751752
v -0.0250624 -0.00523475 0.071959
v -0.0265485 -0.00577822 0.0678477
v -0.0283606 -0.00596397 0.0628972
v -0.0292091 -0.00620339 0.060566
v -0.0215174 -0.00455878 0.0816988
v -0.0212124 -0.0047394 0.0825083
v -0.0186877 -0.00386387 0.0894734
v -0.018546 -0.00406446 0.0898348
v -0.0180971 -0.00367394 0.0910962
v -0.0172158 -0.00358697 0.0934897
v -0.0163758 -0.00295267 0.0958253
v -0.0158941 -0.00292922 0.0971216
v -0.015919 -0.00269841 0.0970805
v -0.0152967 -0.00228394 0.0987902
v -0.0148776 -0.00194241 0.0999416
v -0.0145901 -0.00181618 0.100723
v -0.0323891 -0.0098595 0.0498192
v -0.0324834 -0.0097469 0.0498257
v -0.0325724 -0.00963039 0.0498293
v -0.0327335 -0.0093875 0.0498279
v -0.0326559 -0.00951044 0.04983
v -0.0330298 -0.00874517 0.0497772
v -0.032983 -0.00887572 0.0497924
v -0.0329299 -0.0090057 0.0498052
v -0.0328706 -0.00913465 0.0498154
v -0.0328051 -0.00926208 0.049823
v -0.0331335 -0.00835466 0.0497184
v -0.0318015 -0.00773346 0.0533183
v -0.0317689 -0.007867 0.0533307
v -0.0317301 -0.00800091 0.0533408
v -0.0316849 -0.00813471 0.0533486
v -0.0316332 -0.00826792 0.053354
v -0.0315751 -0.00840005 0.0533568
v -0.0315106 -0.00853058 0.053357
v -0.0314397 -0.00865899 0.0533545
v -0.0313626 -0.00878477 0.0533492
v -0.0312796 -0.0089074 0.0533412
v -0.0311907 -0.00902639 0.0533304
v -0.0310963 -0.00914126 0.0533169
v -0.0291655 -0.00671837 0.0605572
v -0.0291352 -0.00685501 0.0605613
v -0.0290984 -0.00699202 0.060563
v -0.029055 -0.00712893 0.0605623
v -0.029005 -0.00726523 0.0605591
v -0.0289483 -0.00740038 0.0605534
v -0.028885 -0.00753384 0.0605451
v -0.028815 -0.00766506 0.0605341
v -0.0287386 -0.00779351 0.0605204
v -0.0286559 -0.00791862 0.0605041
v -0.0285671 -0.00803989 0.0604852
v -0.0284726 -0.00815679 0.0604637
v -0.0265089 -0.00605095 0.0678546
v -0.0264797 -0.00618882 0.0678547
v -0.0264439 -0.00632709 0.0678524
v -0.0264014 -0.00646525 0.0678477
v -0.0263522 -0.00660278 0.0678405
v -0.0262961 -0.00673915 0.0678307
v -0.0262333 -0.00687378 0.0678184
v -0.0261638 -0.00700612 0.0678034
v -0.0260877 -0.00713562 0.0677858
v -0.0260052 -0.0072617 0.0677656
v -0.0259165 -0.00738384 0.0677428
v -0.0258219 -0.00750151 0.0677175
v -0.0238426 -0.00553029 0.0751796
v -0.0238137 -0.00566853 0.0751785
v -0.0237782 -0.00580717 0.0751749
v -0.023736 -0.00594571 0.075169
v -0.0236871 -0.00608361 0.0751605
v -0.0236312 -0.00622033 0.0751494
v -0.0235686 -0.00635531 0.0751357
v -0.0234992 -0.00648798 0.0751195
v -0.0234232 -0.00661778 0.0751006
v -0.0233408 -0.00674415 0.0750791
v -0.0232521 -0.00686654 0.0750551
v -0.0231575 -0.00698443 0.0750287
v -0.0151338 -0.00458056 0.0972037
v -0.0152281 -0.00446689 0.0972133
v -0.0153171 -0.00434922 0.0972201
v -0.0154003 -0.00422801 0.0972241
v -0.0154777 -0.00410376 0.0972253
v -0.0137083 -0.0013126 0.102995
v -0.015549 -0.00397694 0.0972237
v -0.0150343 -0.00468978 0.0971913
v -0.0142862 -0.00278117 0.100907
v -0.0136018 -0.00195666 0.102758
v -0.0142534 -0.00284182 0.100917
v -0.0143476 -0.00265889 0.100884
v -0.021173 -0.0050122 0.0825148
v -0.0211438 -0.00515012 0.0825148
v -0.021108 -0.00528843 0.0825124
v -0.0210656 -0.00542663 0.0825076
v -0.0210164 -0.0055642 0.0825002
v -0.0209603 -0.0057006 0.0824903
v -0.0208975 -0.00583528 0.0824778
v -0.020828 -0.00596766 0.0824627
v -0.0207519 -0.00609718 0.0824449
v -0.0206694 -0.0062233 0.0824246
v -0.0205808 -0.00634546 0.0824017
v -0.0204862 -0.00646316 0.0823763
v -0.0185039 -0.00433456 0.08985
v -0.0184735 -0.00447109 0.0898544
v -0.0184366 -0.00460799 0.0898564
v -0.0183932 -0.00474479 0.0898561
v -0.0183431 -0.00488097 0.0898533
v -0.0182863 -0.00501601 0.0898479
v -0.0182229 -0.00514937 0.0898399
v -0.0181529 -0.00528049 0.0898292
v -0.0180765 -0.00540884 0.0898159
v -0.0179937 -0.00553387 0.0897999
v -0.017905 -0.00565505 0.0897814
v -0.0178105 -0.00577188 0.0897602
v -0.0171711 -0.003854 0.0935136
v -0.0171395 -0.00398894 0.0935225
v -0.0171015 -0.00412426 0.093529
v -0.0170571 -0.00425946 0.0935332
v -0.0170061 -0.00439407 0.0935349
v -0.0169486 -0.00452756 0.0935341
v -0.0168846 -0.00465942 0.0935306
v -0.0168141 -0.00478911 0.0935245
v -0.0167373 -0.0049161 0.0935157
v -0.0166544 -0.00503987 0.0935041
v -0.0165655 -0.0051599 0.0934898
v -0.0164711 -0.00527571 0.0934729
v -0.014403 -0.00253568 0.100859
v -0.0144525 -0.00241196 0.100831
v -0.0144961 -0.00228814 0.100801
v -0.0145339 -0.00216462 0.100769
v -0.0158449 -0.00319014 0.0971604
v -0.0158112 -0.00332195 0.0971768
v -0.0157714 -0.00345411 0.097191
v -0.0157253 -0.00358616 0.0972029
v -0.0156729 -0.00371765 0.0972124
v -0.0156141 -0.00384807 0.0972193
v -0.0318279 -0.0076007 0.0533039
v -0.0291895 -0.00658258 0.060551
v -0.0265318 -0.00591394 0.0678522
v -0.0238651 -0.00539292 0.0751785
v -0.0211958 -0.00487515 0.0825126
v -0.018528 -0.00419888 0.0898434
v -0.0171964 -0.00371987 0.0935027
v -0.0158725 -0.0030591 0.0971419
v -0.0145659 -0.00204177 0.100735
v -0.0157446 -0.00680677 0.0891253
v -0.0146013 -0.00628058 0.0930642
v -0.0140038 -0.00597995 0.0948625
v -0.00893219 0.00106435 0.106532
v -0.0149301 -0.00479416 0.097176
v -0.0277315 -0.00963126 0.0562673
v -0.0278549 -0.0096223 0.056311
v -0.0279802 -0.00960736 0.0563545
v -0.0266558 -0.00916945 0.0599142
v -0.0267832 -0.00914932 0.0599583
v -0.0239959 -0.00850926 0.0671315
v -0.024124 -0.00849034 0.0671766
v -0.0213285 -0.00799036 0.0744311
v -0.0214569 -0.00797184 0.0744766
v -0.0186598 -0.00747072 0.081789
v -0.018788 -0.00745185 0.0818342
v -0.0159944 -0.00678491 0.0892137
v -0.0161218 -0.00676468 0.0892578
v -0.0150478 -0.00620866 0.0930953
v -0.0149195 -0.00624318 0.0930538
v -0.0163795 -0.0067045 0.0893448
v -0.0162503 -0.00673794 0.0893015
v -0.0190475 -0.00739405 0.0819242
v -0.0189174 -0.00742636 0.0818793
v -0.0217168 -0.00791467 0.0745673
v -0.0215865 -0.00794668 0.074522
v -0.0243834 -0.00843247 0.0672665
v -0.0242534 -0.00846482 0.0672217
v -0.027041 -0.00908932 0.0600455
v -0.0269117 -0.00912268 0.0600022
v -0.0282349 -0.00955863 0.0564405
v -0.028107 -0.00958621 0.0563977
v -0.0294246 -0.0101376 0.0528891
v -0.0292987 -0.0101602 0.0528474
v -0.0307328 -0.0108543 0.049462
v -0.0306083 -0.0108788 0.0494227
v -0.0139777 -0.00541873 0.0969651
v -0.0138508 -0.00546793 0.0969296
v -0.0153048 -0.00611936 0.0931754
v -0.0151764 -0.00616742 0.0931359
v -0.0166382 -0.00661693 0.0894291
v -0.016509 -0.0066642 0.0893874
v -0.019308 -0.00730836 0.0820124
v -0.0191778 -0.00735476 0.0819686
v -0.0219778 -0.00782948 0.0746565
v -0.0218474 -0.00787565 0.0746122
v -0.0246439 -0.00834672 0.0673547
v -0.0245138 -0.00839315 0.0673109
v -0.0272999 -0.00900189 0.0601301
v -0.0271706 -0.0090491 0.0600883
v -0.0284924 -0.00948348 0.0565237
v -0.0283635 -0.00952443 0.0564825
v -0.0296792 -0.0100734 0.0529702
v -0.0295515 -0.0101087 0.0529301
v -0.0309846 -0.0107868 0.049537
v -0.0308584 -0.0108237 0.0495001
v -0.0290011 -0.00925059 0.0566765
v -0.0301878 -0.00986535 0.0531176
v -0.0311133 -0.0101475 0.0511333
v -0.0314876 -0.0105755 0.0496679
v -0.0317316 -0.0104314 0.0497211
v -0.0304343 -0.00972107 0.0531811
v -0.0278055 -0.00874264 0.0602856
v -0.0322898 -0.00996777 0.0498098
v -0.0309966 -0.00925155 0.0533007
v -0.0283726 -0.00826885 0.0604397
v -0.0257218 -0.00761422 0.0676899
v -0.0230573 -0.00709733 0.0749999
v -0.0203861 -0.00657589 0.0823485
v -0.0177105 -0.00588389 0.0897365
v -0.0163713 -0.00538683 0.0934533
v -0.0311111 -0.0107437 0.0495723
v -0.0312374 -0.0106941 0.0496061
v -0.0298071 -0.0100315 0.0530091
v -0.0299348 -0.00998285 0.0530468
v -0.0286211 -0.00943565 0.0565639
v -0.0287491 -0.00938089 0.0566029
v -0.0274286 -0.00894763 0.060171
v -0.0275561 -0.00888631 0.0602106
v -0.0247734 -0.0082931 0.0673976
v -0.0249016 -0.00823228 0.0674395
v -0.0221075 -0.00777608 0.0747001
v -0.022236 -0.00771543 0.0747428
v -0.0194375 -0.00725477 0.0820554
v -0.0195658 -0.00719396 0.0820974
v -0.0167669 -0.00656263 0.0894698
v -0.0168943 -0.00650126 0.0895092
v -0.0154326 -0.00606442 0.0932137
v -0.0155592 -0.00600259 0.0932504
v -0.014104 -0.00536294 0.0969989
v -0.0142291 -0.00530056 0.0970309
v -0.0133137 -0.00455837 0.0998185
v -0.0144742 -0.00515629 0.0970888
v -0.0143527 -0.00523165 0.0970609
v -0.0158069 -0.00585847 0.0933189
v -0.0156841 -0.00593391 0.0932856
v -0.0171436 -0.00635755 0.0895837
v -0.0170201 -0.00643287 0.0895472
v -0.0198166 -0.00705088 0.0821778
v -0.0196923 -0.00712597 0.0821383
v -0.0224873 -0.00757254 0.0748245
v -0.0223628 -0.00764756 0.0747843
v -0.0251524 -0.00808917 0.0675197
v -0.0250282 -0.00816427 0.0674803
v -0.0276819 -0.00881794 0.0602489
v -0.0288759 -0.00931919 0.0566405
v -0.0300619 -0.00992748 0.053083
v -0.031363 -0.010638 0.049638
v -0.0316042 -0.0115281 0.0471094
v -0.0142234 -0.00395373 0.0997825
v -0.0147092 -0.00498691 0.0971375
v -0.0145932 -0.00507465 0.0971143
v -0.016044 -0.00568795 0.0933795
v -0.0159271 -0.00577642 0.0933503
v -0.017382 -0.00618673 0.0896511
v -0.0172644 -0.00627543 0.0896184
v -0.0200563 -0.00688002 0.0822519
v -0.0199381 -0.00696883 0.0822157
v -0.0227273 -0.00740171 0.0749003
v -0.0226089 -0.00749053 0.0748633
v -0.0253921 -0.00791831 0.0675936
v -0.0252739 -0.00800712 0.0675575
v -0.028044 -0.00857181 0.0603535
v -0.0279264 -0.00866052 0.0603205
v -0.0306704 -0.00955097 0.0532362
v -0.0305539 -0.00963916 0.0532098
v -0.0319656 -0.0102628 0.0497646
v -0.0318501 -0.0103501 0.0497441
v -0.0148216 -0.00489331 0.0971581
v -0.0162666 -0.00549283 0.0934312
v -0.0161574 -0.00559332 0.0934065
v -0.0176055 -0.00599063 0.0897103
v -0.0174959 -0.00609169 0.0896818
v -0.0202808 -0.00668321 0.0823184
v -0.0201707 -0.00678471 0.0822862
v -0.022952 -0.00720477 0.0749688
v -0.0228418 -0.00730636 0.0749356
v -0.0256165 -0.00772153 0.0676599
v -0.0255064 -0.00782301 0.0676278
v -0.0282676 -0.00837564 0.0604133
v -0.0281579 -0.00847674 0.0603845
v -0.0308922 -0.00935685 0.0532817
v -0.0307833 -0.00945678 0.0532602
v -0.0321859 -0.0100713 0.0497975
v -0.0320776 -0.0101698 0.0497824
v -0.034068 0.0102796 0.0463662
v -0.0340917 0.0102385 0.0463601
v -0.0328051 0.00926205 0.049823
v -0.034197 0.010037 0.0463262
v -0.0342083 0.0100131 0.0463217
v -0.03293 0.00900568 0.0498052
v -0.0343026 0.00979041 0.0462762
v -0.0343063 0.00978063 0.046274
v -0.0330298 0.00874516 0.0497772
v -0.0343466 0.00966667 0.0462479
v -0.0343532 0.00964662 0.0462431
v -0.0330705 0.00861452 0.0497597
v -0.0161805 0.00693968 0.0879019
v -0.0184085 0.00748961 0.0816989
v -0.0185333 0.00748321 0.0817439
v -0.0147919 0.00627111 0.0930116
v -0.0149196 0.00624316 0.0930539
v -0.0290909 0.0102061 0.0526591
v -0.0303638 0.0109105 0.0493415
v -0.0304852 0.0108975 0.0493825
v -0.0145923 0.00191994 0.1007
v -0.0147276 0.00180337 0.100354
v -0.0153841 0.002348 0.09855
v -0.0158941 0.00292922 0.0971216
v -0.0165362 0.0030341 0.0953845
v -0.0172158 0.00358697 0.0934897
v -0.0180958 0.00367351 0.0910997
v -0.018546 0.00406446 0.0898348
v -0.0185637 0.00382578 0.0898142
v -0.0194033 0.00406779 0.0875073
v -0.0212124 0.0047394 0.0825083
v -0.0215179 0.00455887 0.0816975
v -0.0238814 0.00525685 0.0751752
v -0.0238959 0.00501534 0.0751641
v -0.0292249 0.00620919 0.0605227
v -0.0289121 0.00611668 0.061382
v -0.0292074 0.00644805 0.0605426
v -0.0283603 0.00596388 0.0628981
v -0.0265485 0.00577823 0.0678477
v -0.0249394 0.00521122 0.072297
v -0.0249245 0.00520838 0.0723379
v -0.0317212 0.00716208 0.0536642
v -0.0318483 0.00746915 0.0532875
v -0.0317801 0.00719069 0.0535024
v -0.0331561 0.00822624 0.049695
v -0.0330774 0.00792746 0.049938
v -0.0341524 0.00875001 0.0469844
v -0.0344436 0.00930166 0.0461523
v -0.034482 0.00905862 0.0460791
v -0.0309967 0.00925151 0.0533007
v -0.0283727 0.00826881 0.0604397
v -0.0308922 0.00935681 0.0532817
v -0.0282677 0.0083756 0.0604133
v -0.0307833 0.00945673 0.0532602
v -0.028158 0.0084767 0.0603845
v -0.0306704 0.00955093 0.0532362
v -0.0280441 0.00857177 0.0603535
v -0.0305539 0.00963911 0.0532098
v -0.0279265 0.00866048 0.0603205
v -0.0304343 0.00972103 0.0531811
v -0.031136 0.0113437 0.047719
v -0.0324637 0.0112143 0.0474286
v -0.0306845 0.011122 0.0485195
v -0.0307346 0.0111566 0.0483916
v -0.0306084 0.0108788 0.0494228
v -0.0307329 0.0108543 0.049462
v -0.0308585 0.0108237 0.0495002
v -0.0309847 0.0107868 0.049537
v -0.0311112 0.0107436 0.0495724
v -0.0312374 0.010694 0.0496061
v -0.0313631 0.010638 0.049638
v -0.0314877 0.0105755 0.0496679
v -0.0316107 0.0105066 0.0496956
v -0.0278056 0.0087426 0.0602856
v -0.0290012 0.00925055 0.0566766
v -0.0303122 0.00979648 0.0531503
v -0.028876 0.00931916 0.0566405
v -0.0301879 0.00986531 0.0531176
v -0.0287492 0.00938086 0.0566029
v -0.0300619 0.00992744 0.053083
v -0.0286211 0.00943562 0.0565639
v -0.0299349 0.00998282 0.0530468
v -0.0284925 0.00948345 0.0565238
v -0.0298072 0.0100315 0.0530091
v -0.0283636 0.00952441 0.0564825
v -0.0296793 0.0100734 0.0529702
v -0.028235 0.00955861 0.0564405
v -0.0295516 0.0101087 0.0529301
v -0.0281071 0.00958619 0.0563978
v -0.0294247 0.0101376 0.0528892
v -0.0279803 0.00960735 0.0563546
v -0.0292988 0.0101602 0.0528474
v -0.027855 0.00962229 0.056311
v -0.0291744 0.0101767 0.0528051
v -0.0278322 0.00978672 0.055207
v -0.0317316 0.0104314 0.0497211
v -0.0318501 0.01035 0.0497441
v -0.0319656 0.0102627 0.0497646
v -0.0320777 0.0101697 0.0497824
v -0.0321859 0.0100713 0.0497975
v -0.0322899 0.00996773 0.0498098
v -0.0257218 0.00761418 0.0676899
v -0.0256165 0.00772148 0.0676599
v -0.0255065 0.00782297 0.0676278
v -0.0253921 0.00791827 0.0675936
v -0.025274 0.00800708 0.0675575
v -0.0238693 0.0085218 0.0670864
v -0.0265299 0.00918328 0.0598699
v -0.023996 0.00850925 0.0671315
v -0.0266558 0.00916944 0.0599142
v -0.0241241 0.00849033 0.0671767
v -0.0267833 0.00914931 0.0599584
v -0.0242535 0.0084648 0.0672217
v -0.0269118 0.00912266 0.0600022
v -0.0243835 0.00843245 0.0672666
v -0.0270411 0.0090893 0.0600456
v -0.0245139 0.00839312 0.0673109
v -0.0271707 0.00904907 0.0600883
v -0.024644 0.00834669 0.0673547
v -0.0273 0.00900186 0.0601302
v -0.0247735 0.00829307 0.0673976
v -0.0274287 0.0089476 0.060171
v -0.0249017 0.00823224 0.0674396
v -0.0275562 0.00888627 0.0602107
v -0.0250282 0.00816423 0.0674803
v -0.027682 0.00881791 0.0602489
v -0.0251525 0.00808913 0.0675197
v -0.021504 0.00808803 0.073168
v -0.0237446 0.00852824 0.0670415
v -0.0261295 0.00911062 0.060571
v -0.0264058 0.00919109 0.0598256
v -0.0265787 0.0092432 0.0593598
v -0.0150344 0.00468974 0.0971913
v -0.013833 0.00412178 0.100037
v -0.0149302 0.00479412 0.097176
v -0.0148217 0.00489327 0.0971581
v -0.0147092 0.00498686 0.0971375
v -0.0143528 0.00523161 0.0970609
v -0.0144743 0.00515625 0.0970888
v -0.0130604 0.00493708 0.0992345
v -0.0230574 0.00709728 0.0749999
v -0.0203861 0.00657585 0.0823485
v -0.022952 0.00720473 0.0749688
v -0.0202808 0.00668317 0.0823185
v -0.0228418 0.00730631 0.0749356
v -0.0201707 0.00678467 0.0822862
v -0.0227273 0.00740167 0.0749004
v -0.0200564 0.00687998 0.0822519
v -0.022609 0.00749049 0.0748633
v -0.0199382 0.00696879 0.0822157
v -0.0224873 0.0075725 0.0748246
v -0.0198167 0.00705084 0.0821778
v -0.0223628 0.00764752 0.0747843
v -0.0196924 0.00712593 0.0821383
v -0.0222361 0.0077154 0.0747428
v -0.0195659 0.00719392 0.0820975
v -0.0221076 0.00777605 0.0747001
v -0.0194376 0.00725473 0.0820554
v -0.0219779 0.00782944 0.0746565
v -0.0193081 0.00730833 0.0820124
v -0.0218475 0.00787562 0.0746122
v -0.0191779 0.00735473 0.0819686
v -0.0217169 0.00791465 0.0745673
v -0.0190476 0.00739403 0.0819242
v -0.0215866 0.00794666 0.074522
v -0.0189175 0.00742634 0.0818793
v -0.021457 0.00797183 0.0744766
v -0.0187881 0.00745183 0.0818342
v -0.0213286 0.00799035 0.0744311
v -0.0186599 0.00747071 0.081789
v -0.0212017 0.00800248 0.0743857
v -0.0207877 0.00795474 0.0751349
v -0.0151765 0.0061674 0.093136
v -0.016509 0.00666418 0.0893874
v -0.0153049 0.00611933 0.0931755
v -0.0166383 0.0066169 0.0894291
v -0.0154327 0.00606439 0.0932137
v -0.0167669 0.00656259 0.0894698
v -0.0155593 0.00600256 0.0932505
v -0.0168944 0.00650122 0.0895092
v -0.0156842 0.00593387 0.0932856
v -0.0170201 0.00643283 0.0895473
v -0.015807 0.00585843 0.0933189
v -0.0171437 0.00635751 0.0895837
v -0.0159271 0.00577637 0.0933503
v -0.0172645 0.00627539 0.0896184
v -0.0160441 0.00568791 0.0933796
v -0.0173821 0.00618669 0.0896511
v -0.0161574 0.00559328 0.0934066
v -0.0174959 0.00609165 0.0896818
v -0.0162666 0.00549279 0.0934312
v -0.0176056 0.00599059 0.0897103
v -0.0163713 0.00538679 0.0934533
v -0.0177106 0.00588385 0.0897365
v -0.0139778 0.00541869 0.0969651
v -0.014104 0.0053629 0.0969989
v -0.0142292 0.00530052 0.0970309
v -0.0145933 0.00507461 0.0971144
v -0.0162503 0.00673792 0.0893016
v -0.0161219 0.00676466 0.0892578
v -0.0159945 0.0067849 0.0892138
v -0.0158397 0.00683674 0.0888579
v -0.0140255 0.00682468 0.0891564
v -0.0158686 0.00679885 0.0891695
v -0.0146654 0.00629266 0.0929688
v -0.0137313 0.00591582 0.095379
v -0.0150479 0.00620864 0.0930954
v -0.0163796 0.00670448 0.0893448
v -0.015549 0.00397691 0.0972237
v -0.0154777 0.00410373 0.0972253
v -0.0168141 0.00478908 0.0935245
v -0.0156141 0.00384805 0.0972193
v -0.0144404 0.00340163 0.100095
v -0.0343849 0.00954292 0.0462174
v -0.0344225 0.00939895 0.0461794
v -0.0331335 0.00835466 0.0497184
v -0.0342606 0.00989546 0.0462986
v -0.032983 0.0088757 0.0497924
v -0.0137318 0.00126418 0.10299
v -0.0145659 0.00204177 0.100735
v -0.0158725 0.0030591 0.0971419
v -0.0171964 0.00371987 0.0935027
v -0.018528 0.00419888 0.0898434
v -0.0211958 0.00487515 0.0825126
v -0.0238651 0.00539291 0.0751785
v -0.0265318 0.00591393 0.0678522
v -0.0291895 0.00658257 0.060551
v -0.0318279 0.0076007 0.0533039
v -0.0144961 0.00228813 0.100801
v -0.0145339 0.00216461 0.100769
v -0.0158113 0.00332194 0.0971768
v -0.0158449 0.00319014 0.0971604
v -0.0171395 0.00398893 0.0935225
v -0.0171711 0.00385399 0.0935136
v -0.0184735 0.00447108 0.0898544
v -0.0185039 0.00433456 0.08985
v -0.0211438 0.00515011 0.0825148
v -0.021173 0.0050122 0.0825148
v -0.0238137 0.00566852 0.0751785
v -0.0238426 0.00553028 0.0751796
v -0.0264797 0.00618881 0.0678547
v -0.0265089 0.00605094 0.0678546
v -0.0291352 0.006855 0.0605613
v -0.0291655 0.00671837 0.0605572
v -0.0317689 0.00786699 0.0533307
v -0.0318015 0.00773345 0.0533183
v -0.033105 0.00848422 0.0497401
v -0.014403 0.00253566 0.100859
v -0.0144525 0.00241195 0.100831
v -0.0157253 0.00358615 0.0972029
v -0.0157714 0.0034541 0.097191
v -0.0170571 0.00425945 0.0935332
v -0.0171015 0.00412424 0.093529
v -0.0183932 0.00474477 0.0898561
v -0.0184366 0.00460798 0.0898564
v -0.0210656 0.00542661 0.0825076
v -0.021108 0.00528841 0.0825124
v -0.0237361 0.00594569 0.075169
v -0.0237782 0.00580716 0.0751749
v -0.0264014 0.00646523 0.0678477
v -0.0264439 0.00632708 0.0678524
v -0.0290551 0.00712892 0.0605623
v -0.0290984 0.00699201 0.060563
v -0.0316849 0.00813469 0.0533486
v -0.0317301 0.0080009 0.0533408
v -0.0339573 0.0104553 0.046389
v -0.0340044 0.0103835 0.0463804
v -0.0327335 0.00938748 0.0498279
v -0.0156729 0.00371763 0.0972124
v -0.0169486 0.00452754 0.0935341
v -0.0170061 0.00439405 0.0935349
v -0.0182863 0.00501599 0.0898479
v -0.0183431 0.00488095 0.0898533
v -0.0209604 0.00570058 0.0824903
v -0.0210164 0.00556418 0.0825002
v -0.0236312 0.0062203 0.0751494
v -0.0236871 0.00608358 0.0751605
v -0.0262961 0.00673912 0.0678307
v -0.0263522 0.00660276 0.0678405
v -0.0289483 0.00740035 0.0605534
v -0.029005 0.00726521 0.0605591
v -0.0315751 0.00840002 0.0533568
v -0.0316332 0.0082679 0.053354
v -0.0328706 0.00913462 0.0498154
v -0.0341442 0.0101422 0.0463447
v -0.0168846 0.00465939 0.0935306
v -0.0181529 0.00528046 0.0898292
v -0.0182229 0.00514934 0.0898399
v -0.0208281 0.00596763 0.0824627
v -0.0208976 0.00583525 0.0824778
v -0.0234992 0.00648795 0.0751195
v -0.0235686 0.00635528 0.0751357
v -0.0261638 0.00700609 0.0678034
v -0.0262333 0.00687375 0.0678184
v -0.028815 0.00766503 0.0605341
v -0.028885 0.00753381 0.0605451
v -0.0314397 0.00865896 0.0533545
v -0.0315106 0.00853055 0.053357
v -0.0153171 0.00434918 0.0972202
v -0.0154004 0.00422798 0.0972241
v -0.0166544 0.00503983 0.0935041
v -0.0167373 0.00491607 0.0935157
v -0.0179938 0.00553383 0.0898
v -0.0180765 0.00540881 0.0898159
v -0.0206695 0.00622326 0.0824246
v -0.020752 0.00609715 0.0824449
v -0.0233408 0.00674411 0.0750791
v -0.0234232 0.00661775 0.0751006
v -0.0260052 0.00726166 0.0677656
v -0.0260877 0.00713558 0.0677858
v -0.0286559 0.00791859 0.0605042
v -0.0287386 0.00779347 0.0605204
v -0.0312796 0.00890736 0.0533412
v -0.0313627 0.00878473 0.0533492
v -0.0325725 0.00963036 0.0498293
v -0.0326559 0.0095104 0.04983
v -0.0151338 0.00458052 0.0972037
v -0.0152281 0.00446685 0.0972134
v -0.0164711 0.00527567 0.0934729
v -0.0165656 0.00515986 0.0934899
v -0.0178105 0.00577185 0.0897602
v -0.017905 0.00565501 0.0897814
v -0.0204862 0.00646312 0.0823763
v -0.0205808 0.00634543 0.0824017
v -0.0231576 0.00698439 0.0750287
v -0.0232521 0.0068665 0.0750551
v -0.0258219 0.00750147 0.0677176
v -0.0259165 0.0073838 0.0677428
v -0.0284726 0.00815675 0.0604637
v -0.0285672 0.00803985 0.0604852
v -0.0310963 0.00914122 0.0533169
v -0.0311907 0.00902635 0.0533305
v -0.0323892 0.00985946 0.0498192
v -0.0324835 0.00974686 0.0498257
v -0.0338061 0.0106619 0.046408
v -0.0346511 0.0110765 0.0445998
v -0.0349959 0.0104608 0.0444111
v -0.0349788 0.0105017 0.0444246
v -0.034931 0.0106073 0.044459
v -0.0348973 0.0106757 0.0444808
v -0.0348659 0.0107356 0.0444996
v -0.0347842 0.0108776 0.0445427
v -0.034729 0.0109643 0.0445681
v -0.0340081 0.0117688 0.0447538
v -0.0345899 0.0111641 0.0445888
v -0.0269391 -0.010474 0.051278
v -0.0269391 0.010474 0.051278
v -0.0263919 -0.010587 0.0507422
v -0.0263919 0.010587 0.0507422
v -0.0269391 -0.0107057 0.0502063
v -0.0269391 0.0107057 0.0502063
v -0.0269826 0.0104659 0.0513174
v -0.0269876 0.0104651 0.0513215
v -0.0269826 -0.0104659 0.0513174
v -0.0269876 -0.0104651 0.0513215
v -0.0270318 0.0104582 0.0513552
v -0.0270396 0.0104571 0.0513607
v -0.0270318 -0.0104582 0.0513552
v -0.0270396 -0.0104571 0.0513607
v -0.0270839 0.0104513 0.0513888
v -0.0270949 0.01045 0.0513951
v -0.0270839 -0.0104513 0.0513888
v -0.0270949 -0.01045 0.0513951
v -0.0271383 0.0104454 0.0514178
v -0.0271529 0.010444 0.0514247
v -0.0271383 -0.0104454 0.0514178
v -0.0271529 -0.010444 0.0514247
v -0.0271948 0.0104405 0.0514422
v -0.0272133 0.0104391 0.0514491
v -0.0271948 -0.0104405 0.0514422
v -0.0272133 -0.0104391 0.0514491
v -0.0272528 0.0104365 0.0514619
v -0.0272756 0.0104352 0.0514682
v -0.0272528 -0.0104365 0.0514619
v -0.0272756 -0.0104352 0.0514682
v -0.0273121 0.0104335 0.0514766
v -0.0273393 0.0104325 0.0514818
v -0.0273121 -0.0104335 0.0514766
v -0.0273393 -0.0104325 0.0514818
v -0.0273661 0.0104317 0.0514858
v -0.027404 0.0104308 0.0514898
v -0.0273661 -0.0104317 0.0514858
v -0.027404 -0.0104308 0.0514898
v -0.0274269 0.0104305 0.0514912
v -0.0274691 0.0104304 0.0514921
v -0.0274269 -0.0104305 0.0514912
v -0.0274691 -0.0104304 0.0514921
v -0.027488 0.0104304 0.0514918
v -0.0275341 0.010431 0.0514889
v -0.027488 -0.0104304 0.0514918
v -0.0275341 -0.010431 0.0514889
v -0.0275487 0.0104313 0.0514873
v -0.0275987 0.0104328 0.0514799
v -0.0275487 -0.0104313 0.0514873
v -0.0275987 -0.0104328 0.0514799
v -0.0276088 0.0104332 0.051478
v -0.0276622 0.0104358 0.0514655
v -0.0276088 -0.0104332 0.051478
v -0.0276622 -0.0104358 0.0514655
v -0.027668 0.0104361 0.0514638
v -0.0277242 0.0104398 0.0514455
v -0.0277539 -0.0104422 0.0514338
v -0.0277842 0.0104449 0.0514203
v -0.0277242 -0.0104398 0.0514455
v -0.0277539 0.0104422 0.0514338
v -0.027668 -0.0104361 0.0514638
v -0.0277842 -0.0104449 0.0514203
v -0.0278367 0.0104505 0.0513929
v -0.0278419 0.0104511 0.0513899
v -0.0278367 -0.0104505 0.0513929
v -0.0278419 -0.0104511 0.0513899
v -0.0278885 0.0104571 0.0513603
v -0.0278966 0.0104583 0.0513547
v -0.0278885 -0.0104571 0.0513603
v -0.0278966 -0.0104583 0.0513547
v -0.0279378 0.0104647 0.0513234
v -0.0279482 0.0104665 0.0513148
v -0.0279378 -0.0104647 0.0513234
v -0.0279482 -0.0104665 0.0513148
v -0.027984 0.0104731 0.0512824
v -0.027996 0.0104755 0.0512706
v -0.027984 -0.0104731 0.0512824
v -0.027996 -0.0104755 0.0512706
v -0.0280267 0.0104823 0.0512378
v -0.0280399 0.0104855 0.0512225
v -0.0280267 -0.0104823 0.0512378
v -0.0280399 -0.0104855 0.0512225
v -0.0280657 0.0104923 0.0511897
v -0.0280794 0.0104962 0.0511707
v -0.0280657 -0.0104923 0.0511897
v -0.0280794 -0.0104962 0.0511707
v -0.0281009 0.010503 0.051138
v -0.0281142 0.0105077 0.0511156
v -0.0281009 -0.010503 0.051138
v -0.0281142 -0.0105077 0.0511156
v -0.0281316 0.0105144 0.0510835
v -0.0281442 0.0105198 0.0510578
v -0.0281316 -0.0105144 0.0510835
v -0.0281442 -0.0105198 0.0510578
v -0.0281579 0.0105264 0.0510264
v -0.028169 0.0105325 0.0509976
v -0.0281579 -0.0105264 0.0510264
v -0.028169 -0.0105325 0.0509976
v -0.0281792 0.0105389 0.0509673
v -0.0281885 0.0105456 0.0509354
v -0.0281792 -0.0105389 0.0509673
v -0.0281885 -0.0105456 0.0509354
v -0.0281956 0.0105518 0.0509064
v -0.0282025 0.0105592 0.0508718
v -0.0281956 -0.0105518 0.0509064
v -0.0282025 -0.0105592 0.0508718
v -0.0282069 0.0105651 0.0508441
v -0.028211 0.010573 0.0508072
v -0.0282069 -0.0105651 0.0508441
v -0.028211 -0.010573 0.0508072
v -0.0282128 0.0105786 0.0507811
v -0.0282138 0.010587 0.0507422
v -0.0282138 -0.010587 0.0507422
v -0.0282127 -0.0105967 0.0506976
v -0.028211 0.0106011 0.0506771
v -0.0282128 -0.0105786 0.0507811
v -0.0282134 0.0105923 0.0507175
v -0.0282087 -0.0106061 0.0506542
v -0.0282087 0.0106061 0.0506542
v -0.0282025 -0.0106152 0.0506125
v -0.0282025 0.0106152 0.0506125
v -0.0281985 -0.0106198 0.0505914
v -0.0281985 0.0106198 0.0505914
v -0.0281885 -0.0106291 0.0505489
v -0.0281885 0.0106291 0.0505489
v -0.0281831 -0.0106334 0.0505297
v -0.0281831 0.0106334 0.0505297
v -0.028169 -0.0106429 0.0504867
v -0.028169 0.0106429 0.0504867
v -0.0281626 0.0106466 0.0504696
v -0.0281626 -0.0106466 0.0504696
v -0.0281442 0.0106562 0.0504265
v -0.0281442 -0.0106562 0.0504265
v -0.028137 -0.0106596 0.0504115
v -0.028137 0.0106596 0.0504115
v -0.0281142 -0.0106691 0.0503687
v -0.0281142 0.0106691 0.0503687
v -0.0281067 -0.010672 0.0503559
v -0.0281067 0.010672 0.0503559
v -0.0280794 -0.0106814 0.0503137
v -0.0280794 0.0106814 0.0503137
v -0.0280726 0.0106836 0.0503041
v -0.0280726 -0.0106836 0.0503041
v -0.0280399 0.0106931 0.0502619
v -0.0280399 -0.0106931 0.0502619
v -0.0280338 0.0106947 0.0502546
v -0.0280338 -0.0106947 0.0502546
v -0.027996 0.010704 0.0502137
v -0.0278966 -0.0107232 0.0501296
v -0.0279447 0.0107147 0.0501666
v -0.0279447 -0.0107147 0.0501666
v -0.0279482 0.0107141 0.0501695
v -0.0279482 -0.0107141 0.0501695
v -0.027991 0.0107052 0.0502087
v -0.027991 -0.0107052 0.0502087
v -0.027996 -0.010704 0.0502137
v -0.0278419 0.0107312 0.0500944
v -0.0278434 0.010731 0.0500953
v -0.0278954 -0.0107234 0.0501288
v -0.0278954 0.0107234 0.0501288
v -0.0278966 0.0107232 0.0501296
v -0.0278434 -0.010731 0.0500953
v -0.0278419 -0.0107312 0.0500944
v -0.0277889 0.0107377 0.0500663
v -0.0277889 -0.0107377 0.0500663
v -0.0277842 0.0107382 0.050064
v -0.0277842 -0.0107382 0.050064
v -0.0277328 0.0107433 0.050042
v -0.0277328 -0.0107433 0.050042
v -0.0277242 0.010744 0.0500388
v -0.0277242 -0.010744 0.0500388
v -0.0276748 0.0107478 0.0500224
v -0.0276748 -0.0107478 0.0500224
v -0.0276622 0.0107486 0.0500189
v -0.0276622 -0.0107486 0.0500189
v -0.0276158 -0.0107512 0.0500077
v -0.0276158 0.0107512 0.0500077
v -0.0275987 -0.010752 0.0500044
v -0.0275987 0.010752 0.0500044
v -0.0275558 -0.0107535 0.0499978
v -0.0275558 0.0107535 0.0499978
v -0.0275341 -0.0107541 0.0499955
v -0.0275341 0.0107541 0.0499955
v -0.0274952 0.0107547 0.0499928
v -0.0274952 -0.0107547 0.0499928
v -0.0274691 0.0107548 0.0499922
v -0.0274691 -0.0107548 0.0499922
v -0.0274345 -0.0107547 0.0499927
v -0.0274345 0.0107547 0.0499927
v -0.027404 -0.0107543 0.0499946
v -0.027404 0.0107543 0.0499946
v -0.0273743 0.0107536 0.0499975
v -0.0273743 -0.0107536 0.0499975
v -0.0273393 0.0107524 0.0500026
v -0.0273393 -0.0107524 0.0500026
v -0.0273145 0.0107513 0.0500072
v -0.0273145 -0.0107513 0.0500072
v -0.0272756 0.0107493 0.0500162
v -0.0272756 -0.0107493 0.0500162
v -0.0272556 0.010748 0.0500216
v -0.0272556 -0.010748 0.0500216
v -0.0272133 0.0107449 0.0500352
v -0.0272133 -0.0107449 0.0500352
v -0.0271979 -0.0107436 0.0500409
v -0.0271979 0.0107436 0.0500409
v -0.0271529 -0.0107392 0.0500596
v -0.0271529 0.0107392 0.0500596
v -0.0271419 -0.0107381 0.0500648
v -0.0271419 0.0107381 0.0500648
v -0.0270949 -0.0107324 0.0500892
v -0.0270949 0.0107324 0.0500892
v -0.027088 -0.0107315 0.0500931
v -0.027088 0.0107315 0.0500931
v -0.0270396 -0.0107245 0.0501237
v -0.0269874 -0.0107156 0.0501629
v -0.0269874 0.0107156 0.0501629
v -0.0269876 -0.0107156 0.0501628
v -0.0269876 0.0107156 0.0501628
v -0.0270364 -0.010724 0.0501259
v -0.0270364 0.010724 0.0501259
v -0.0270396 0.0107245 0.0501237
v -0.0235189 -0.00909969 0.0606749
v -0.0235189 0.00909969 0.0606749
v -0.0229717 -0.00915682 0.0601391
v -0.0229717 0.00915682 0.0601391
v -0.0235189 -0.00921579 0.0596032
v -0.0235189 0.00921579 0.0596032
v -0.0235674 -0.00909513 0.0607185
v -0.0235806 0.009094 0.0607294
v -0.0236194 0.00909103 0.0607576
v -0.0235929 -0.009093 0.0607385
v -0.0236194 -0.00909103 0.0607576
v -0.0236696 0.00908774 0.0607891
v -0.0236747 0.00908743 0.0607921
v -0.0236696 -0.00908774 0.0607891
v -0.0236747 -0.00908743 0.0607921
v -0.0237246 0.00908475 0.0608178
v -0.0237327 0.00908435 0.0608216
v -0.0237246 -0.00908475 0.0608178
v -0.0237327 -0.00908435 0.0608216
v -0.0237816 0.00908225 0.0608418
v -0.0237931 0.00908181 0.060846
v -0.0237816 -0.00908225 0.0608418
v -0.0237931 -0.00908181 0.060846
v -0.0238406 0.00908025 0.0608611
v -0.0238554 0.00907983 0.0608651
v -0.0238406 -0.00908025 0.0608611
v -0.0238554 -0.00907983 0.0608651
v -0.0239028 -0.00907872 0.0608758
v -0.0239191 0.00907842 0.0608787
v -0.0239028 0.00907872 0.0608758
v -0.0239191 -0.00907842 0.0608787
v -0.0239748 0.00907767 0.0608859
v -0.0239838 0.00907759 0.0608867
v -0.0239748 -0.00907767 0.0608859
v -0.0239838 -0.00907759 0.0608867
v -0.0240366 0.00907735 0.0608891
v -0.0240489 0.00907734 0.0608891
v -0.0240366 -0.00907735 0.0608891
v -0.0240489 -0.00907734 0.0608891
v -0.0240985 0.00907755 0.0608871
v -0.0241139 0.00907768 0.0608858
v -0.0240985 -0.00907755 0.0608871
v -0.0241139 -0.00907768 0.0608858
v -0.02416 0.00907828 0.06088
v -0.0241785 0.00907861 0.0608769
v -0.02416 -0.00907828 0.06088
v -0.0241785 -0.00907861 0.0608769
v -0.0242205 0.00907954 0.0608679
v -0.024242 0.00908011 0.0608624
v -0.0242205 -0.00907954 0.0608679
v -0.024242 -0.00908011 0.0608624
v -0.0242799 0.00908131 0.0608509
v -0.024304 0.00908219 0.0608425
v -0.0242799 -0.00908131 0.0608509
v -0.024304 -0.00908219 0.0608425
v -0.0243354 0.00908348 0.06083
v -0.024364 0.00908481 0.0608172
v -0.0243354 -0.00908348 0.06083
v -0.024364 -0.00908481 0.0608172
v -0.0243915 0.00908624 0.0608035
v -0.0244217 0.00908798 0.0607869
v -0.0243915 -0.00908624 0.0608035
v -0.0244217 -0.00908798 0.0607869
v -0.024445 0.00908946 0.0607726
v -0.0244764 0.00909166 0.0607516
v -0.024445 -0.00908946 0.0607726
v -0.0244764 -0.00909166 0.0607516
v -0.0244959 0.00909314 0.0607374
v -0.024528 0.00909583 0.0607117
v -0.0244959 -0.00909314 0.0607374
v -0.024528 -0.00909583 0.0607117
v -0.0245438 0.00909727 0.060698
v -0.0245758 0.00910046 0.0606676
v -0.0245438 -0.00909727 0.060698
v -0.0245758 -0.00910046 0.0606676
v -0.0245883 0.00910182 0.0606546
v -0.0246197 0.00910553 0.0606194
v -0.0245883 -0.00910182 0.0606546
v -0.0246197 -0.00910553 0.0606194
v -0.0246291 0.00910675 0.0606078
v -0.0246592 0.00911099 0.0605676
v -0.024674 0.00911332 0.0605455
v -0.0246592 -0.00911099 0.0605676
v -0.024694 0.00911681 0.0605126
v -0.024674 -0.00911332 0.0605455
v -0.0246291 -0.00910675 0.0606078
v -0.024694 -0.00911681 0.0605126
v -0.024709 0.00911972 0.0604852
v -0.024724 0.00912295 0.0604547
v -0.024709 -0.00911972 0.0604852
v -0.024724 -0.00912295 0.0604547
v -0.0247355 0.00912573 0.0604287
v -0.0247488 0.00912937 0.0603945
v -0.0247355 -0.00912573 0.0604287
v -0.0247488 -0.00912937 0.0603945
v -0.0247572 0.00913198 0.0603701
v -0.0247683 0.00913601 0.0603324
v -0.0247572 -0.00913198 0.0603701
v -0.0247683 -0.00913601 0.0603324
v -0.0247739 0.0091384 0.06031
v -0.0247823 0.00914284 0.0602687
v -0.0247739 -0.0091384 0.06031
v -0.0247823 -0.00914284 0.0602687
v -0.0247856 0.009145 0.0602487
v -0.0247908 0.00914979 0.0602042
v -0.0247856 -0.009145 0.0602487
v -0.0247908 -0.00914979 0.0602042
v -0.0247921 0.00915169 0.0601865
v -0.0247936 0.00915682 0.0601391
v -0.0247921 -0.00915169 0.0601865
v -0.0247936 -0.00915682 0.0601391
v -0.0247935 0.00915845 0.0601241
v -0.0247908 0.00916389 0.060074
v -0.0247935 -0.00915845 0.0601241
v -0.0247908 -0.00916389 0.060074
v -0.0247896 0.00916523 0.0600617
v -0.0247896 -0.00916523 0.0600617
v -0.0247823 0.00917092 0.0600094
v -0.0247823 -0.00917092 0.0600094
v -0.0247806 0.00917197 0.0599998
v -0.0247806 -0.00917197 0.0599998
v -0.0247683 0.00917787 0.0599458
v -0.0247683 -0.00917787 0.0599458
v -0.0247664 0.00917863 0.059939
v -0.0247664 -0.00917863 0.059939
v -0.0247488 0.00918469 0.0598837
v -0.0247488 -0.00918469 0.0598837
v -0.0247473 0.00918516 0.0598795
v -0.0247473 -0.00918516 0.0598795
v -0.024724 0.00919133 0.0598234
v -0.024694 0.00919772 0.0597656
v -0.0246946 0.00919762 0.0597665
v -0.0246946 -0.00919762 0.0597665
v -0.0247232 0.00919151 0.0598218
v -0.0247232 -0.00919151 0.0598218
v -0.024724 -0.00919133 0.0598234
v -0.024694 -0.00919772 0.0597656
v -0.0246614 -0.00920347 0.0597138
v -0.0246614 0.00920347 0.0597138
v -0.0246592 -0.00920382 0.0597106
v -0.0246592 0.00920382 0.0597106
v -0.0246239 0.00920902 0.0596639
v -0.0246239 -0.00920902 0.0596639
v -0.0246197 0.00920959 0.0596588
v -0.0246197 -0.00920959 0.0596588
v -0.0245823 0.00921422 0.0596173
v -0.0245823 -0.00921422 0.0596173
v -0.0245758 0.00921496 0.0596106
v -0.0245758 -0.00921496 0.0596106
v -0.0245372 -0.00921901 0.0595744
v -0.0245372 0.00921901 0.0595744
v -0.024528 -0.0092199 0.0595664
v -0.024528 0.0092199 0.0595664
v -0.0244888 -0.00922337 0.0595355
v -0.0244888 0.00922337 0.0595355
v -0.0244764 -0.00922438 0.0595266
v -0.0244764 0.00922438 0.0595266
v -0.0244374 0.00922728 0.0595008
v -0.0244374 -0.00922728 0.0595008
v -0.0244217 0.00922834 0.0594913
v -0.0244217 -0.00922834 0.0594913
v -0.0243832 -0.0092307 0.0594703
v -0.0243832 0.0092307 0.0594703
v -0.024364 -0.00923176 0.059461
v -0.024364 0.00923176 0.059461
v -0.0243353 0.00923321 0.0594481
v -0.0243353 -0.00923321 0.0594481
v -0.024304 0.00923461 0.0594357
v -0.024304 -0.00923461 0.0594357
v -0.0242774 -0.00923565 0.0594265
v -0.0242774 0.00923566 0.0594265
v -0.024242 -0.00923686 0.0594158
v -0.024242 0.00923686 0.0594158
v -0.024218 -0.00923756 0.0594096
v -0.024218 0.00923756 0.0594096
v -0.0241785 -0.0092385 0.0594013
v -0.0241785 0.0092385 0.0594013
v -0.0241572 0.0092389 0.0593977
v -0.0241572 -0.0092389 0.0593977
v -0.0241139 0.00923951 0.0593924
v -0.0241139 -0.00923951 0.0593924
v -0.0240957 0.00923968 0.0593909
v -0.0240957 -0.00923968 0.0593909
v -0.0240489 0.00923988 0.0593891
v -0.0240489 -0.00923988 0.0593891
v -0.024034 -0.00923988 0.0593891
v -0.024034 0.00923988 0.0593891
v -0.0239838 -0.00923961 0.0593915
v -0.0239838 0.00923961 0.0593915
v -0.0239724 0.0092395 0.0593925
v -0.0239724 -0.0092395 0.0593925
v -0.0239191 0.00923871 0.0593995
v -0.0239191 -0.00923871 0.0593995
v -0.0239113 0.00923855 0.0594009
v -0.0239113 -0.00923855 0.0594009
v -0.0238815 0.00923788 0.0594068
v -0.0238815 -0.00923788 0.0594068
v -0.0238554 0.00923717 0.0594131
v -0.0238554 -0.00923717 0.0594131
v -0.0238217 -0.00923608 0.0594227
v -0.0238217 0.00923608 0.0594227
v -0.0237931 -0.00923501 0.0594322
v -0.0237931 0.00923501 0.0594322
v -0.0237635 -0.00923374 0.0594434
v -0.0237635 0.00923374 0.0594434
v -0.0237327 -0.00923226 0.0594566
v -0.0237327 0.00923226 0.0594566
v -0.0237071 0.00923088 0.0594688
v -0.0237071 -0.00923088 0.0594688
v -0.0236747 0.00922893 0.0594861
v -0.0236747 -0.00922893 0.0594861
v -0.023653 -0.00922749 0.0594989
v -0.023653 0.00922749 0.0594989
v -0.0236194 -0.00922505 0.0595206
v -0.0236194 0.00922505 0.0595206
v -0.0236016 -0.00922363 0.0595332
v -0.0236016 0.00922363 0.0595332
v -0.0235674 -0.00922066 0.0595597
v -0.0235531 -0.0092193 0.0595718
v -0.0235531 0.0092193 0.0595718
v -0.0235674 0.00922066 0.0595597
v -0.020643 -0.00828774 0.0702857
v -0.0206937 0.00828795 0.0702827
v -0.0206937 -0.00828795 0.0702827
v -0.0207376 0.00828834 0.0702773
v -0.0207583 0.00828858 0.0702738
v -0.0207376 -0.00828834 0.0702773
v -0.0207583 -0.00828858 0.0702738
v -0.0207984 0.00828919 0.0702653
v -0.0208218 0.00828961 0.0702593
v -0.0207984 -0.00828919 0.0702653
v -0.0208218 -0.00828961 0.0702593
v -0.0208579 0.00829039 0.0702484
v -0.0208838 0.00829103 0.0702394
v -0.0208579 -0.00829039 0.0702484
v -0.0208838 -0.00829103 0.0702394
v -0.0209145 0.00829189 0.0702272
v -0.0209438 0.00829282 0.0702141
v -0.0209145 -0.00829189 0.0702272
v -0.0209438 -0.00829282 0.0702141
v -0.0209707 0.00829377 0.0702008
v -0.0210015 0.00829498 0.0701838
v -0.0209707 -0.00829377 0.0702008
v -0.0210015 -0.00829498 0.0701838
v -0.0210245 0.00829598 0.0701698
v -0.0210562 0.00829749 0.0701485
v -0.0210245 -0.00829598 0.0701698
v -0.0210562 -0.00829749 0.0701485
v -0.0210754 0.00829849 0.0701345
v -0.0211078 0.00830033 0.0701087
v -0.0210754 -0.00829849 0.0701345
v -0.0211078 -0.00830033 0.0701087
v -0.0211234 0.0083013 0.0700951
v -0.0211556 0.00830348 0.0700645
v -0.0211234 -0.0083013 0.0700951
v -0.0211556 -0.00830348 0.0700645
v -0.021168 0.00830439 0.0700518
v -0.0211995 0.00830692 0.0700163
v -0.021168 -0.00830439 0.0700518
v -0.0211995 -0.00830692 0.0700163
v -0.0212088 0.00830774 0.0700049
v -0.021239 0.00831062 0.0699645
v -0.0212531 0.00831212 0.0699435
v -0.021239 -0.00831062 0.0699645
v -0.0212738 0.00831456 0.0699095
v -0.0212531 -0.00831212 0.0699435
v -0.0212088 -0.00830774 0.0700049
v -0.0212738 -0.00831456 0.0699095
v -0.0212876 0.00831636 0.0698844
v -0.0213038 0.00831871 0.0698517
v -0.0212876 -0.00831636 0.0698844
v -0.0213038 -0.00831871 0.0698517
v -0.0213142 0.00832039 0.0698281
v -0.0213286 0.00832303 0.0697914
v -0.0213142 -0.00832039 0.0698281
v -0.0213286 -0.00832303 0.0697914
v -0.0213361 0.00832459 0.0697697
v -0.0213481 0.00832749 0.0697293
v -0.0213361 -0.00832459 0.0697697
v -0.0213481 -0.00832749 0.0697293
v -0.021353 0.0083289 0.0697098
v -0.0213621 0.00833207 0.0696657
v -0.021353 -0.0083289 0.0697098
v -0.0213621 -0.00833207 0.0696657
v -0.0213649 0.0083333 0.0696486
v -0.0213706 0.00833673 0.0696011
v -0.0213706 -0.00833673 0.0696011
v -0.0213731 -0.00833953 0.0695623
v -0.0213734 0.00834143 0.069536
v -0.0213649 -0.0083333 0.0696486
v -0.0213717 0.00833777 0.0695867
v -0.0213733 -0.00834226 0.0695244
v -0.0213733 0.00834226 0.0695244
v -0.0213706 -0.00834613 0.0694709
v -0.0213706 0.00834613 0.0694709
v -0.0213698 -0.00834676 0.0694622
v -0.0213698 0.00834676 0.0694622
v -0.0213621 -0.00835081 0.0694063
v -0.0213621 0.00835081 0.0694063
v -0.0213611 0.00835123 0.0694005
v -0.0213611 -0.00835123 0.0694005
v -0.0213481 0.00835542 0.0693427
v -0.0213481 -0.00835542 0.0693427
v -0.0213473 0.00835564 0.0693398
v -0.0213473 -0.00835564 0.0693398
v -0.0213285 0.00835996 0.0692803
v -0.0213285 -0.00835996 0.0692803
v -0.0213049 0.00836415 0.0692228
v -0.0213049 -0.00836415 0.0692228
v -0.0213038 0.00836432 0.0692204
v -0.0213038 -0.00836432 0.0692204
v -0.0212766 -0.00836818 0.0691674
v -0.0212766 0.00836818 0.0691674
v -0.0212738 -0.00836854 0.0691625
v -0.0212738 0.00836854 0.0691625
v -0.0212483 -0.00837155 0.0691212
v -0.0212483 0.00837155 0.0691212
v -0.021239 -0.00837256 0.0691075
v -0.021239 0.00837256 0.0691075
v -0.0212117 0.00837524 0.0690708
v -0.0212117 -0.00837524 0.0690708
v -0.0211995 0.00837634 0.0690557
v -0.0211995 -0.00837634 0.0690557
v -0.021171 0.0083787 0.0690235
v -0.021171 -0.0083787 0.0690235
v -0.0211556 0.00837987 0.0690075
v -0.0211556 -0.00837987 0.0690075
v -0.0211267 -0.00838189 0.06898
v -0.0211267 0.00838189 0.06898
v -0.0211078 -0.00838311 0.0689634
v -0.0211078 0.00838311 0.0689634
v -0.021079 -0.0083848 0.0689403
v -0.021079 0.0083848 0.0689403
v -0.0210562 -0.00838603 0.0689235
v -0.0210562 0.00838603 0.0689235
v -0.0210281 0.00838742 0.0689046
v -0.0210281 -0.00838742 0.0689046
v -0.0210015 0.00838862 0.0688882
v -0.0210015 -0.00838862 0.0688882
v -0.0209744 0.00838973 0.0688732
v -0.0209744 -0.00838973 0.0688732
v -0.0209438 0.00839086 0.0688579
v -0.0208838 0.00839271 0.0688326
v -0.0209025 0.00839218 0.0688399
v -0.0209025 -0.00839218 0.0688399
v -0.0209184 0.0083917 0.0688465
v -0.0209184 -0.0083917 0.0688465
v -0.0209438 -0.00839086 0.0688579
v -0.0208838 -0.00839271 0.0688326
v -0.0208441 -0.0083937 0.0688192
v -0.0208441 0.0083937 0.0688192
v -0.0208218 -0.00839418 0.0688127
v -0.0208218 0.00839418 0.0688127
v -0.0207841 0.00839486 0.0688034
v -0.0207841 -0.00839486 0.0688034
v -0.0207583 0.00839525 0.0687982
v -0.0207583 -0.00839525 0.0687982
v -0.0207229 0.00839566 0.0687926
v -0.0207229 -0.00839566 0.0687926
v -0.0206937 0.0083959 0.0687893
v -0.0206937 -0.0083959 0.0687893
v -0.0206612 0.00839608 0.068787
v -0.0206612 -0.00839608 0.068787
v -0.0206287 0.00839615 0.068786
v -0.0206287 -0.00839615 0.068786
v -0.0191176 0.00833671 0.0695901
v -0.0191138 -0.00833734 0.0695664
v -0.0161261 -0.00769275 0.0789395
v -0.0161313 0.00769317 0.0789329
v -0.0166785 -0.00773096 0.0783971
v -0.0166785 0.00773096 0.0783971
v -0.0167788 0.00773674 0.0783146
v -0.016779 0.00773675 0.0783144
v -0.0167788 -0.00773674 0.0783146
v -0.016727 -0.00765181 0.0795123
v -0.0167229 0.00765197 0.07951
v -0.016779 0.00764899 0.0795514
v -0.0167511 -0.00765045 0.0795314
v -0.016779 -0.00764899 0.0795514
v -0.0168292 0.00764672 0.079583
v -0.0168343 0.00764651 0.0795859
v -0.0168292 -0.00764672 0.079583
v -0.0168343 -0.00764651 0.0795859
v -0.0168843 0.00764465 0.0796117
v -0.0168923 0.00764438 0.0796155
v -0.0168843 -0.00764465 0.0796117
v -0.0168923 -0.00764438 0.0796155
v -0.0169415 0.00764292 0.0796358
v -0.0169527 0.00764262 0.0796399
v -0.0169415 -0.00764292 0.0796358
v -0.0169527 -0.00764262 0.0796399
v -0.0170005 0.00764153 0.079655
v -0.017015 0.00764125 0.0796589
v -0.0170005 -0.00764153 0.079655
v -0.017015 -0.00764125 0.0796589
v -0.0170623 -0.00764048 0.0796696
v -0.0170787 0.00764026 0.0796725
v -0.0170623 0.00764048 0.0796696
v -0.0170787 -0.00764026 0.0796725
v -0.0171318 0.00763976 0.0796795
v -0.0171434 0.00763969 0.0796805
v -0.0171318 -0.00763976 0.0796795
v -0.0171434 -0.00763969 0.0796805
v -0.0171937 0.00763952 0.0796829
v -0.0172085 0.00763951 0.0796829
v -0.0171937 -0.00763952 0.0796829
v -0.0172085 -0.00763951 0.0796829
v -0.0172557 0.00763965 0.0796811
v -0.0172735 0.00763975 0.0796796
v -0.0172557 -0.00763965 0.0796811
v -0.0172735 -0.00763975 0.0796796
v -0.0173175 0.00764015 0.0796742
v -0.0173381 0.0076404 0.0796707
v -0.0173175 -0.00764015 0.0796742
v -0.0173381 -0.0076404 0.0796707
v -0.0173782 0.00764101 0.0796622
v -0.0174016 0.00764144 0.0796562
v -0.0173782 -0.00764101 0.0796622
v -0.0174016 -0.00764144 0.0796562
v -0.0174377 0.00764223 0.0796453
v -0.0174636 0.00764288 0.0796363
v -0.0174377 -0.00764223 0.0796453
v -0.0174636 -0.00764288 0.0796363
v -0.0174942 0.00764375 0.0796242
v -0.0175236 0.0076447 0.0796111
v -0.0174942 -0.00764375 0.0796242
v -0.0175236 -0.0076447 0.0796111
v -0.0175505 0.00764566 0.0795977
v -0.0175813 0.00764689 0.0795807
v -0.0175505 -0.00764566 0.0795977
v -0.0175813 -0.00764689 0.0795807
v -0.0176042 0.00764789 0.0795667
v -0.017636 0.00764942 0.0795455
v -0.0176042 -0.00764789 0.0795667
v -0.017636 -0.00764942 0.0795455
v -0.0176552 0.00765043 0.0795315
v -0.0176876 0.00765229 0.0795056
v -0.0176552 -0.00765043 0.0795315
v -0.0176876 -0.00765229 0.0795056
v -0.0177031 0.00765326 0.0794921
v -0.0177354 0.00765546 0.0794614
v -0.0177031 -0.00765326 0.0794921
v -0.0177354 -0.00765546 0.0794614
v -0.0177477 0.00765637 0.0794487
v -0.0177793 0.00765892 0.0794132
v -0.0177477 -0.00765637 0.0794487
v -0.0177793 -0.00765892 0.0794132
v -0.0177886 0.00765974 0.0794018
v -0.0178188 0.00766263 0.0793615
v -0.0178329 0.00766413 0.0793406
v -0.0178188 -0.00766263 0.0793615
v -0.0178536 0.00766657 0.0793064
v -0.0178329 -0.00766413 0.0793406
v -0.0177886 -0.00765974 0.0794018
v -0.0178536 -0.00766657 0.0793064
v -0.0178673 0.00766835 0.0792815
v -0.0178836 0.0076707 0.0792486
v -0.0178673 -0.00766835 0.0792815
v -0.0178836 -0.0076707 0.0792486
v -0.017894 0.00767238 0.0792252
v -0.0179084 0.007675 0.0791884
v -0.017894 -0.00767238 0.0792252
v -0.0179084 -0.007675 0.0791884
v -0.0179159 0.00767655 0.0791667
v -0.0179279 0.00767943 0.0791262
v -0.0179159 -0.00767655 0.0791667
v -0.0179279 -0.00767943 0.0791262
v -0.0179328 0.00768081 0.0791068
v -0.0179419 0.00768396 0.0790626
v -0.0179328 -0.00768081 0.0791068
v -0.0179419 -0.00768396 0.0790626
v -0.0179447 0.00768516 0.0790457
v -0.0179504 0.00768855 0.078998
v -0.0179447 -0.00768516 0.0790457
v -0.0179504 -0.00768855 0.078998
v -0.0179515 0.00768956 0.0789837
v -0.0179532 0.00769317 0.0789329
v -0.0179515 -0.00768956 0.0789837
v -0.0179532 -0.00769317 0.0789329
v -0.0179531 0.00769398 0.0789215
v -0.0179531 -0.00769398 0.0789215
v -0.0179504 0.00769778 0.0788679
v -0.0179504 -0.00769778 0.0788679
v -0.0179496 -0.00769839 0.0788593
v -0.0179496 0.00769839 0.0788593
v -0.0179419 -0.00770235 0.0788033
v -0.0179419 0.00770235 0.0788033
v -0.0179409 0.00770276 0.0787976
v -0.0179409 -0.00770276 0.0787976
v -0.0179279 0.00770685 0.0787397
v -0.0179279 -0.00770685 0.0787397
v -0.0179271 -0.00770705 0.0787368
v -0.0179271 0.00770705 0.0787368
v -0.0179084 -0.00771124 0.0786774
v -0.0179084 0.00771124 0.0786774
v -0.0178848 0.0077153 0.0786198
v -0.0178848 -0.0077153 0.0786198
v -0.0178836 0.00771548 0.0786173
v -0.0178836 -0.00771548 0.0786173
v -0.0178565 -0.00771919 0.0785645
v -0.0178565 0.00771919 0.0785645
v -0.0178536 -0.00771955 0.0785595
v -0.0178536 0.00771955 0.0785595
v -0.0178281 -0.00772245 0.0785182
v -0.0178281 0.00772245 0.0785182
v -0.0178188 -0.00772342 0.0785044
v -0.0178188 0.00772342 0.0785044
v -0.0177916 0.007726 0.0784678
v -0.0177916 -0.007726 0.0784678
v -0.0177793 0.00772706 0.0784526
v -0.0177793 -0.00772706 0.0784526
v -0.0177509 0.00772931 0.0784205
v -0.0177509 -0.00772931 0.0784205
v -0.0177354 0.00773044 0.0784045
v -0.0177354 -0.00773044 0.0784045
v -0.0177066 -0.00773237 0.0783769
v -0.0177066 0.00773237 0.0783769
v -0.0176876 -0.00773354 0.0783603
v -0.0176876 0.00773354 0.0783603
v -0.0176589 -0.00773515 0.0783372
v -0.0176589 0.00773515 0.0783372
v -0.017636 -0.00773633 0.0783204
v -0.017636 0.00773633 0.0783204
v -0.017608 0.00773765 0.0783015
v -0.017608 -0.00773765 0.0783015
v -0.0175813 0.0077388 0.0782852
v -0.0175813 -0.0077388 0.0782852
v -0.0175543 0.00773985 0.0782702
v -0.0175543 -0.00773985 0.0782702
v -0.0175236 0.00774092 0.0782548
v -0.0174636 0.00774269 0.0782296
v -0.0174822 0.00774219 0.0782368
v -0.0174822 -0.00774219 0.0782368
v -0.0174983 0.00774172 0.0782434
v -0.0174983 -0.00774172 0.0782434
v -0.0175236 -0.00774092 0.0782548
v -0.0174636 -0.00774269 0.0782296
v -0.0174238 -0.00774363 0.0782161
v -0.0174238 0.00774363 0.0782161
v -0.0174016 -0.00774408 0.0782096
v -0.0174016 0.00774408 0.0782096
v -0.0173638 0.00774473 0.0782003
v -0.0173638 -0.00774473 0.0782003
v -0.0173381 0.00774509 0.0781952
v -0.0173381 -0.00774509 0.0781952
v -0.0173026 0.00774548 0.0781896
v -0.0173026 -0.00774548 0.0781896
v -0.0172735 0.00774572 0.0781862
v -0.0172735 -0.00774572 0.0781862
v -0.0172408 0.00774588 0.0781839
v -0.0172408 -0.00774588 0.0781839
v -0.0172085 0.00774595 0.078183
v -0.0172085 -0.00774595 0.078183
v -0.017179 0.00774592 0.0781833
v -0.017179 -0.00774592 0.0781833
v -0.0171434 0.00774578 0.0781853
v -0.0171434 -0.00774578 0.0781853
v -0.0171172 0.0077456 0.0781879
v -0.0171172 -0.0077456 0.0781879
v -0.0170787 0.00774522 0.0781933
v -0.0170787 -0.00774522 0.0781933
v -0.0170632 -0.00774503 0.0781961
v -0.0170632 0.00774503 0.0781961
v -0.017015 -0.00774427 0.0782069
v -0.017015 0.00774427 0.0782069
v -0.0170027 -0.00774404 0.0782102
v -0.0170027 0.00774404 0.0782102
v -0.0169527 -0.00774294 0.078226
v -0.0169527 0.00774294 0.078226
v -0.0169437 0.00774271 0.0782293
v -0.0169437 -0.00774271 0.0782293
v -0.0168923 0.00774123 0.0782504
v -0.0168923 -0.00774123 0.0782504
v -0.0168865 0.00774104 0.0782531
v -0.0168865 -0.00774104 0.0782531
v -0.0168343 0.00773916 0.07828
v -0.0168343 -0.00773916 0.07828
v -0.0168313 0.00773904 0.0782816
v -0.0168313 -0.00773904 0.0782816
v -0.016779 -0.00773675 0.0783144
v -0.0167291 0.00773413 0.0783518
v -0.0167291 -0.00773413 0.0783518
v -0.016727 0.00773401 0.0783536
v -0.016727 -0.00773401 0.0783536
v -0.016685 -0.0077314 0.0783908
v -0.016685 0.0077314 0.0783908
v -0.0129105 0.00686122 0.0887381
v -0.0143152 -0.00683669 0.0888583
v -0.0143591 0.00684203 0.0888102
v -0.0143276 -0.00683811 0.0888456
v -0.0143591 -0.00684203 0.0888102
v -0.0143683 0.00684329 0.0887988
v -0.0143986 0.00684776 0.0887584
v -0.0144131 0.00685014 0.0887368
v -0.0143986 -0.00684776 0.0887584
v -0.0144334 0.00685382 0.0887033
v -0.0144131 -0.00685014 0.0887368
v -0.0143683 -0.00684329 0.0887988
v -0.0144334 -0.00685382 0.0887033
v -0.0144481 0.00685677 0.0886765
v -0.0144634 0.00686017 0.0886455
v -0.0144481 -0.00685677 0.0886765
v -0.0144634 -0.00686017 0.0886455
v -0.0144746 0.00686296 0.08862
v -0.0144882 0.00686675 0.0885853
v -0.0144746 -0.00686296 0.08862
v -0.0144882 -0.00686675 0.0885853
v -0.0144964 0.00686935 0.0885614
v -0.0145077 0.00687352 0.0885231
v -0.0144964 -0.00686935 0.0885614
v -0.0145077 -0.00687352 0.0885231
v -0.0145132 0.00687588 0.0885013
v -0.0145217 0.00688041 0.0884595
v -0.0145132 -0.00687588 0.0885013
v -0.0145217 -0.00688041 0.0884595
v -0.0145249 0.00688253 0.0884399
v -0.0145302 0.00688739 0.0883949
v -0.0145302 -0.00688739 0.0883949
v -0.0145328 -0.00689173 0.0883546
v -0.014533 0.00689438 0.0883299
v -0.0145249 -0.00688253 0.0884399
v -0.0145315 0.00688923 0.0883778
v -0.0145329 -0.00689594 0.0883153
v -0.0145329 0.00689594 0.0883153
v -0.0145302 -0.00690135 0.0882648
v -0.0145302 0.00690135 0.0882648
v -0.0145291 0.00690261 0.088253
v -0.0145291 -0.00690261 0.088253
v -0.0145217 0.00690824 0.0882002
v -0.0144882 -0.00692156 0.0880744
v -0.014506 0.00691566 0.0881302
v -0.014506 -0.00691566 0.0881302
v -0.0145077 0.00691499 0.0881366
v -0.0145077 -0.00691499 0.0881366
v -0.0145201 0.00690921 0.0881911
v -0.0145201 -0.00690921 0.0881911
v -0.0145217 -0.00690824 0.0882002
v -0.0144629 -0.00692803 0.0880131
v -0.0144629 0.00692803 0.0880131
v -0.0144634 -0.00692791 0.0880142
v -0.0144634 0.00692791 0.0880142
v -0.0144869 -0.00692195 0.0880708
v -0.0144869 0.00692195 0.0880708
v -0.0144882 0.00692156 0.0880744
v -0.0144338 -0.00693391 0.0879571
v -0.0144334 0.00693398 0.0879564
v -0.0144342 0.00693383 0.0879578
v -0.0143988 0.0069397 0.0879017
v -0.0143986 -0.00693973 0.0879014
v -0.0144051 0.00693873 0.087911
v -0.0144011 -0.00693935 0.0879051
v -0.0143637 0.00694455 0.0878552
v -0.0143637 -0.00694455 0.0878552
v -0.0143591 0.00694513 0.0878496
v -0.0143591 -0.00694513 0.0878496
v -0.0143223 0.00694939 0.0878086
v -0.0143223 -0.00694939 0.0878086
v -0.0143152 0.00695014 0.0878014
v -0.0143152 -0.00695014 0.0878014
v -0.0142772 0.00695384 0.0877657
v -0.0142772 -0.00695384 0.0877657
v -0.0142674 0.00695472 0.0877572
v -0.0142674 -0.00695472 0.0877572
v -0.0142289 -0.00695786 0.0877268
v -0.0142289 0.00695786 0.0877268
v -0.0142158 -0.00695884 0.0877173
v -0.0142158 0.00695884 0.0877173
v -0.0141775 0.00696145 0.087692
v -0.0141775 -0.00696146 0.087692
v -0.0141611 0.00696247 0.0876821
v -0.0141611 -0.00696247 0.0876821
v -0.0141233 0.00696459 0.0876615
v -0.0141233 -0.00696459 0.0876615
v -0.0141034 0.00696559 0.0876517
v -0.0141034 -0.00696559 0.0876517
v -0.0140748 -0.00696691 0.0876389
v -0.0140748 0.00696691 0.0876389
v -0.0140434 -0.00696819 0.0876265
v -0.0140434 0.00696819 0.0876265
v -0.0140169 -0.00696913 0.0876173
v -0.0140169 0.00696913 0.0876173
v -0.0139814 -0.00697023 0.0876066
v -0.0139814 0.00697023 0.0876066
v -0.0139574 0.00697086 0.0876004
v -0.0139574 -0.00697086 0.0876004
v -0.0139179 0.00697172 0.0875921
v -0.0139179 -0.00697172 0.0875921
v -0.0138966 0.00697208 0.0875885
v -0.0138966 -0.00697208 0.0875885
v -0.0138533 0.00697263 0.0875832
v -0.0138533 -0.00697263 0.0875832
v -0.013835 -0.00697278 0.0875817
v -0.013835 0.00697278 0.0875817
v -0.0137883 -0.00697296 0.0875799
v -0.0137883 0.00697296 0.0875799
v -0.0137732 0.00697296 0.0875799
v -0.0137732 -0.00697296 0.0875799
v -0.0137232 0.00697272 0.0875823
v -0.0137171 -0.00697268 0.0875827
v -0.015 -1.83697e-19 0.0398563
v -0.0352 -1.83697e-19 0.0398563
v -0.015 6.53668e-05 0.0398534
v -0.0352 6.53668e-05 0.0398534
v -0.015 0.000130236 0.0398449
v -0.0352 0.000130236 0.0398449
v -0.015 0.000194114 0.0398307
v -0.0352 0.000194114 0.0398307
v -0.015 0.000256515 0.039811
v -0.0352 0.000256515 0.039811
v -0.015 0.000316964 0.039786
v -0.0352 0.000316964 0.039786
v -0.015 0.000375 0.0397558
v -0.0352 0.000375 0.0397558
v -0.015 0.000430182 0.0397206
v -0.0352 0.000430182 0.0397206
v -0.015 0.000482091 0.0396808
v -0.0352 0.000482091 0.0396808
v -0.015 0.00053033 0.0396366
v -0.0352 0.00053033 0.0396366
v -0.015 0.000574533 0.0395883
v -0.0352 0.000574533 0.0395883
v -0.015 0.000614364 0.0395364
v -0.0352 0.000614364 0.0395364
v -0.015 0.000649519 0.0394813
v -0.0352 0.000649519 0.0394813
v -0.015 0.000679731 0.0394232
v -0.0352 0.000679731 0.0394232
v -0.015 0.000704769 0.0393628
v -0.0352 0.000704769 0.0393628
v -0.015 0.000724444 0.0393004
v -0.0352 0.000724444 0.0393004
v -0.015 0.000738606 0.0392365
v -0.0352 0.000738606 0.0392365
v -0.015 0.000747146 0.0391716
v -0.0352 0.000747146 0.0391716
v -0.015 0.00075 0.0391063
v -0.0352 0.00075 0.0391063
v -0.015 0.000747146 0.0390409
v -0.0352 0.000747146 0.0390409
v -0.015 0.000738606 0.038976
v -0.0352 0.000738606 0.038976
v -0.015 0.000724444 0.0389121
v -0.0352 0.000724444 0.0389121
v -0.015 0.000704769 0.0388497
v -0.0352 0.000704769 0.0388497
v -0.015 0.000679731 0.0387893
v -0.0352 0.000679731 0.0387893
v -0.015 0.000649519 0.0387313
v -0.0352 0.000649519 0.0387313
v -0.015 0.000614364 0.0386761
v -0.0352 0.000614364 0.0386761
v -0.015 0.000574533 0.0386242
v -0.0352 0.000574533 0.0386242
v -0.015 0.00053033 0.0385759
v -0.0352 0.00053033 0.0385759
v -0.015 0.000482091 0.0385317
v -0.0352 0.000482091 0.0385317
v -0.015 0.000430182 0.0384919
v -0.0352 0.000430182 0.0384919
v -0.015 0.000375 0.0384567
v -0.0352 0.000375 0.0384567
v -0.015 0.000316964 0.0384265
v -0.0352 0.000316964 0.0384265
v -0.015 0.000256515 0.0384015
v -0.0352 0.000256515 0.0384015
v -0.015 0.000194114 0.0383818
v -0.0352 0.000194114 0.0383818
v -0.015 0.000130236 0.0383676
v -0.0352 0.000130236 0.0383676
v -0.015 6.53668e-05 0.0383591
v -0.0352 6.53668e-05 0.0383591
v -0.015 4.24915e-19 0.0383563
v -0.0352 4.24915e-19 0.0383563
v -0.015 -6.53668e-05 0.0383591
v -0.0352 -6.53668e-05 0.0383591
v -0.015 -0.000130236 0.0383676
v -0.0352 -0.000130236 0.0383676
v -0.015 -0.000194114 0.0383818
v -0.0352 -0.000194114 0.0383818
v -0.015 -0.000256515 0.0384015
v -0.0352 -0.000256515 0.0384015
v -0.015 -0.000316964 0.0384265
v -0.0352 -0.000316964 0.0384265
v -0.015 -0.000375 0.0384567
v -0.0352 -0.000375 0.0384567
v -0.015 -0.000430182 0.0384919
v -0.0352 -0.000430182 0.0384919
v -0.015 -0.000482091 0.0385317
v -0.0352 -0.000482091 0.0385317
v -0.015 -0.00053033 0.0385759
v -0.0352 -0.00053033 0.0385759
v -0.015 -0.000574533 0.0386242
v -0.0352 -0.000574533 0.0386242
v -0.015 -0.000614364 0.0386761
v -0.0352 -0.000614364 0.0386761
v -0.015 -0.000649519 0.0387313
v -0.0352 -0.000649519 0.0387313
v -0.015 -0.000679731 0.0387893
v -0.0352 -0.000679731 0.0387893
v -0.015 -0.000704769 0.0388497
v -0.0352 -0.000704769 0.0388497
v -0.015 -0.000724444 0.0389121
v -0.0352 -0.000724444 0.0389121
v -0.015 -0.000738606 0.038976
v -0.0352 -0.000738606 0.038976
v -0.015 -0.000747146 0.0390409
v -0.0352 -0.000747146 0.0390409
v -0.015 -0.00075 0.0391063
v -0.0352 -0.00075 0.0391063
v -0.015 -0.000747146 0.0391716
v -0.0352 -0.000747146 0.0391716
v -0.015 -0.000738606 0.0392365
v -0.0352 -0.000738606 0.0392365
v -0.015 -0.000724444 0.0393004
v -0.0352 -0.000724444 0.0393004
v -0.015 -0.000704769 0.0393628
v -0.0352 -0.000704769 0.0393628
v -0.015 -0.000679731 0.0394232
v -0.0352 -0.000679731 0.0394232
v -0.015 -0.000649519 0.0394813
v -0.0352 -0.000649519 0.0394813
v -0.015 -0.000614364 0.0395364
v -0.0352 -0.000614364 0.0395364
v -0.015 -0.000574533 0.0395883
v -0.0352 -0.000574533 0.0395883
v -0.015 -0.00053033 0.0396366
v -0.0352 -0.00053033 0.0396366
v -0.015 -0.000482091 0.0396808
v -0.0352 -0.000482091 0.0396808
v -0.015 -0.000430182 0.0397206
v -0.0352 -0.000430182 0.0397206
v -0.015 -0.000375 0.0397558
v -0.0352 -0.000375 0.0397558
v -0.015 -0.000316964 0.039786
v -0.0352 -0.000316964 0.039786
v -0.015 -0.000256515 0.039811
v -0.0352 -0.000256515 0.039811
v -0.015 -0.000194114 0.0398307
v -0.0352 -0.000194114 0.0398307
v -0.015 -0.000130236 0.0398449
v -0.0352 -0.000130236 0.0398449
v -0.015 -6.53668e-05 0.0398534
v -0.0352 -6.53668e-05 0.0398534
v -0.0332334 0 0.0495095
v -0.0332344 6.53668e-05 0.0495068
v -0.015 6.53668e-05 0.04287
v -0.0332373 0.000130236 0.0494988
v -0.0332421 0.000194114 0.0494855
v -0.015 0.000194114 0.0428459
v -0.015 0.00016233 0.0428542
v -0.015 0.000130236 0.042861
v -0.015 9.78946e-05 0.0428662
v -0.0332489 0.000256515 0.049467
v -0.0332574 0.000316964 0.0494435
v -0.015 0.000316964 0.0427983
v -0.015 0.000287013 0.0428123
v -0.015 0.000256515 0.0428249
v -0.015 0.000225529 0.0428361
v -0.0332678 0.000375 0.0494151
v -0.0332798 0.000430182 0.049382
v -0.015 0.000430182 0.0427287
v -0.015 0.000402975 0.0427481
v -0.015 0.000375 0.0427661
v -0.015 0.000346311 0.0427829
v -0.015 0.00053033 0.0426393
v -0.015 0.000506693 0.0426634
v -0.0332934 0.000482091 0.0493446
v -0.015 0.000482091 0.0426864
v -0.015 0.000456571 0.0427081
v -0.0333085 0.00053033 0.0493031
v -0.033325 0.000574533 0.0492577
v -0.015 0.000574533 0.042588
v -0.0333428 0.000614364 0.049209
v -0.015 0.000614364 0.0425327
v -0.0333616 0.000649519 0.0491571
v -0.015 0.000649519 0.042474
v -0.0333815 0.000679731 0.0491026
v -0.015 0.000679731 0.0424123
v -0.0334022 0.000704769 0.0490458
v -0.015 0.000704769 0.0423479
v -0.0334235 0.000724444 0.0489871
v -0.015 0.000724444 0.0422815
v -0.0334454 0.000738606 0.0489271
v -0.015 0.000738606 0.0422135
v -0.0334675 0.000747146 0.0488661
v -0.015 0.000747146 0.0421445
v -0.0334899 0.00075 0.0488047
v -0.015 0.00075 0.0420749
v -0.0335123 0.000747146 0.0487433
v -0.015 0.000747146 0.0420054
v -0.0335344 0.000738606 0.0486823
v -0.015 0.000738606 0.0419363
v -0.0335563 0.000724444 0.0486223
v -0.015 0.000724444 0.0418684
v -0.0335776 0.000704769 0.0485637
v -0.015 0.000704769 0.041802
v -0.0335983 0.000679731 0.0485069
v -0.015 0.000679731 0.0417376
v -0.0336182 0.000649519 0.0484523
v -0.015 0.000649519 0.0416759
v -0.033637 0.000614364 0.0484005
v -0.015 0.000614364 0.0416172
v -0.0336548 0.000574533 0.0483517
v -0.015 0.000574533 0.0415619
v -0.0336713 0.00053033 0.0483064
v -0.015 0.00053033 0.0415106
v -0.015 0.000506693 0.0414865
v -0.0336864 0.000482091 0.0482648
v -0.015 0.000482091 0.0414635
v -0.015 0.000456571 0.0414417
v -0.0337 0.000430182 0.0482274
v -0.015 0.000430182 0.0414212
v -0.015 0.000402975 0.0414018
v -0.033712 0.000375 0.0481944
v -0.015 0.000375 0.0413837
v -0.015 0.000346311 0.041367
v -0.0337224 0.000316964 0.048166
v -0.015 0.000316964 0.0413516
v -0.015 0.000287013 0.0413376
v -0.0337309 0.000256515 0.0481425
v -0.015 0.000256515 0.0413249
v -0.015 0.000225529 0.0413137
v -0.0337377 0.000194114 0.048124
v -0.015 0.000194114 0.041304
v -0.015 0.00016233 0.0412957
v -0.0337425 0.000130236 0.0481107
v -0.015 0.000130236 0.0412889
v -0.015 9.78946e-05 0.0412836
v -0.0337454 6.53668e-05 0.0481026
v -0.015 6.53668e-05 0.0412798
v -0.015 3.27145e-05 0.0412776
v -0.0337464 2.75546e-19 0.0480999
v -0.015 0 0.0412768
v -0.015 -3.27145e-05 0.0412776
v -0.0337454 -6.53668e-05 0.0481026
v -0.015 -6.53668e-05 0.0412798
v -0.015 -9.78946e-05 0.0412836
v -0.0337425 -0.000130236 0.0481107
v -0.015 -0.000130236 0.0412889
v -0.015 -0.00016233 0.0412957
v -0.0337377 -0.000194114 0.048124
v -0.015 -0.000194114 0.041304
v -0.015 -0.000225529 0.0413137
v -0.0337309 -0.000256515 0.0481425
v -0.015 -0.000256515 0.0413249
v -0.015 -0.000287013 0.0413376
v -0.0337224 -0.000316964 0.048166
v -0.015 -0.000316964 0.0413516
v -0.015 -0.000346311 0.041367
v -0.033712 -0.000375 0.0481944
v -0.015 -0.000375 0.0413837
v -0.015 -0.000402975 0.0414018
v -0.0337 -0.000430182 0.0482274
v -0.015 -0.000430182 0.0414212
v -0.015 -0.000456571 0.0414417
v -0.0336864 -0.000482091 0.0482648
v -0.015 -0.000482091 0.0414635
v -0.015 -0.000506693 0.0414865
v -0.0336713 -0.00053033 0.0483064
v -0.015 -0.00053033 0.0415106
v -0.0336548 -0.000574533 0.0483517
v -0.015 -0.000574533 0.0415619
v -0.033637 -0.000614364 0.0484005
v -0.015 -0.000614364 0.0416172
v -0.0336182 -0.000649519 0.0484523
v -0.015 -0.000649519 0.0416759
v -0.0335983 -0.000679731 0.0485069
v -0.015 -0.000679731 0.0417376
v -0.0335776 -0.000704769 0.0485637
v -0.015 -0.000704769 0.041802
v -0.0335563 -0.000724444 0.0486223
v -0.015 -0.000724444 0.0418684
v -0.0335344 -0.000738606 0.0486823
v -0.015 -0.000738606 0.0419363
v -0.0335123 -0.000747146 0.0487433
v -0.015 -0.000747146 0.0420054
v -0.0334899 -0.00075 0.0488047
v -0.015 -0.00075 0.0420749
v -0.0334675 -0.000747146 0.0488661
v -0.015 -0.000747146 0.0421445
v -0.0334454 -0.000738606 0.0489271
v -0.015 -0.000738606 0.0422135
v -0.0334235 -0.000724444 0.0489871
v -0.015 -0.000724444 0.0422815
v -0.0334022 -0.000704769 0.0490458
v -0.015 -0.000704769 0.0423479
v -0.0333815 -0.000679731 0.0491026
v -0.015 -0.000679731 0.0424123
v -0.0333616 -0.000649519 0.0491571
v -0.015 -0.000649519 0.042474
v -0.0333428 -0.000614364 0.049209
v -0.015 -0.000614364 0.0425327
v -0.033325 -0.000574533 0.0492577
v -0.015 -0.000574533 0.042588
v -0.0333085 -0.00053033 0.0493031
v -0.0332934 -0.000482091 0.0493446
v -0.0332798 -0.000430182 0.049382
v -0.015 -0.000430182 0.0427287
v -0.015 -0.000456571 0.0427081
v -0.015 -0.000482091 0.0426864
v -0.015 -0.000522287 0.0426481
v -0.0332678 -0.000375 0.0494151
v -0.0332574 -0.000316964 0.0494435
v -0.015 -0.000316964 0.0427983
v -0.015 -0.000346311 0.0427829
v -0.015 -0.000375 0.0427661
v -0.015 -0.000402975 0.0427481
v -0.0332489 -0.000256515 0.049467
v -0.0332421 -0.000194114 0.0494855
v -0.015 -0.000194114 0.0428459
v -0.015 -0.000225529 0.0428361
v -0.015 -0.000256515 0.0428249
v -0.015 -0.000287013 0.0428123
v -0.0332373 -0.000130236 0.0494988
v -0.0332344 -6.53668e-05 0.0495068
v -0.015 -6.53668e-05 0.04287
v -0.015 -9.78946e-05 0.0428662
v -0.015 -0.000130236 0.042861
v -0.015 -0.00016233 0.0428542
v -0.015 3.27145e-05 0.0428723
v -0.015 0 0.0428731
v -0.015 -3.27145e-05 0.0428723
v -0.0298132 0 0.0589064
v -0.0298142 6.53668e-05 0.0589037
v -0.0133 6.53668e-05 0.0528931
v -0.0298171 0.000130236 0.0588957
v -0.0298219 0.000194114 0.0588824
v -0.0133 0.000194114 0.0528689
v -0.0133 0.00016233 0.0528772
v -0.0133 0.000130236 0.052884
v -0.0133 9.78946e-05 0.0528893
v -0.0298287 0.000256515 0.0588639
v -0.0298372 0.000316964 0.0588404
v -0.0133 0.000316964 0.0528213
v -0.0133 0.000287013 0.0528354
v -0.0133 0.000256515 0.052848
v -0.0133 0.000225529 0.0528592
v -0.0298475 0.000375 0.058812
v -0.0298596 0.000430182 0.058779
v -0.0133 0.000430182 0.0527518
v -0.0133 0.000402975 0.0527711
v -0.0133 0.000375 0.0527892
v -0.0133 0.000346311 0.0528059
v -0.0133 0.00053033 0.0526623
v -0.0133 0.000506693 0.0526864
v -0.0298732 0.000482091 0.0587415
v -0.0133 0.000482091 0.0527094
v -0.0133 0.000456571 0.0527312
v -0.0298883 0.00053033 0.0587
v -0.0299048 0.000574533 0.0586547
v -0.0133 0.000574533 0.052611
v -0.0299226 0.000614364 0.0586059
v -0.0133 0.000614364 0.0525558
v -0.0299414 0.000649519 0.058554
v -0.0133 0.000649519 0.052497
v -0.0299613 0.000679731 0.0584995
v -0.0133 0.000679731 0.0524353
v -0.029982 0.000704769 0.0584427
v -0.0133 0.000704769 0.052371
v -0.0300033 0.000724444 0.058384
v -0.0133 0.000724444 0.0523045
v -0.0300252 0.000738606 0.058324
v -0.0133 0.000738606 0.0522366
v -0.0300473 0.000747146 0.0582631
v -0.0133 0.000747146 0.0521675
v -0.0300697 0.00075 0.0582016
v -0.0133 0.00075 0.052098
v -0.0300921 0.000747146 0.0581402
v -0.0133 0.000747146 0.0520284
v -0.0301142 0.000738606 0.0580793
v -0.0133 0.000738606 0.0519594
v -0.0301361 0.000724444 0.0580192
v -0.0133 0.000724444 0.0518914
v -0.0301574 0.000704769 0.0579606
v -0.0133 0.000704769 0.051825
v -0.0301781 0.000679731 0.0579038
v -0.0133 0.000679731 0.0517607
v -0.030198 0.000649519 0.0578493
v -0.0133 0.000649519 0.0516989
v -0.0302168 0.000614364 0.0577974
v -0.0133 0.000614364 0.0516402
v -0.0302346 0.000574533 0.0577486
v -0.0133 0.000574533 0.0515849
v -0.0302511 0.00053033 0.0577033
v -0.0133 0.00053033 0.0515336
v -0.0133 0.000506693 0.0515095
v -0.0302662 0.000482091 0.0576618
v -0.0133 0.000482091 0.0514866
v -0.0133 0.000456571 0.0514648
v -0.0302798 0.000430182 0.0576243
v -0.0133 0.000430182 0.0514442
v -0.0133 0.000402975 0.0514248
v -0.0302918 0.000375 0.0575913
v -0.0133 0.000375 0.0514068
v -0.0133 0.000346311 0.05139
v -0.0303022 0.000316964 0.0575629
v -0.0133 0.000316964 0.0513746
v -0.0133 0.000287013 0.0513606
v -0.0303107 0.000256515 0.0575394
v -0.0133 0.000256515 0.051348
v -0.0133 0.000225529 0.0513368
v -0.0303175 0.000194114 0.0575209
v -0.0133 0.000194114 0.051327
v -0.0133 0.00016233 0.0513188
v -0.0303223 0.000130236 0.0575076
v -0.0133 0.000130236 0.051312
v -0.0133 9.78946e-05 0.0513067
v -0.0303252 6.53668e-05 0.0574996
v -0.0133 6.53668e-05 0.0513029
v -0.0133 3.27145e-05 0.0513006
v -0.0303262 2.75546e-19 0.0574969
v -0.0133 0 0.0512998
v -0.0133 -3.27145e-05 0.0513006
v -0.0303252 -6.53668e-05 0.0574996
v -0.0133 -6.53668e-05 0.0513029
v -0.0133 -9.78946e-05 0.0513067
v -0.0303223 -0.000130236 0.0575076
v -0.0133 -0.000130236 0.051312
v -0.0133 -0.00016233 0.0513188
v -0.0303175 -0.000194114 0.0575209
v -0.0133 -0.000194114 0.051327
v -0.0133 -0.000225529 0.0513368
v -0.0303107 -0.000256515 0.0575394
v -0.0133 -0.000256515 0.051348
v -0.0133 -0.000287013 0.0513606
v -0.0303022 -0.000316964 0.0575629
v -0.0133 -0.000316964 0.0513746
v -0.0133 -0.000346311 0.05139
v -0.0302918 -0.000375 0.0575913
v -0.0133 -0.000375 0.0514068
v -0.0133 -0.000402975 0.0514248
v -0.0302798 -0.000430182 0.0576243
v -0.0133 -0.000430182 0.0514442
v -0.0133 -0.000456571 0.0514648
v -0.0302662 -0.000482091 0.0576618
v -0.0133 -0.000482091 0.0514866
v -0.0133 -0.000506693 0.0515095
v -0.0302511 -0.00053033 0.0577033
v -0.0133 -0.00053033 0.0515336
v -0.0302346 -0.000574533 0.0577486
v -0.0133 -0.000574533 0.0515849
v -0.0302168 -0.000614364 0.0577974
v -0.0133 -0.000614364 0.0516402
v -0.030198 -0.000649519 0.0578493
v -0.0133 -0.000649519 0.0516989
v -0.0301781 -0.000679731 0.0579038
v -0.0133 -0.000679731 0.0517607
v -0.0301574 -0.000704769 0.0579606
v -0.0133 -0.000704769 0.051825
v -0.0301361 -0.000724444 0.0580192
v -0.0133 -0.000724444 0.0518914
v -0.0301142 -0.000738606 0.0580793
v -0.0133 -0.000738606 0.0519594
v -0.0300921 -0.000747146 0.0581402
v -0.0133 -0.000747146 0.0520284
v -0.0300697 -0.00075 0.0582016
v -0.0133 -0.00075 0.052098
v -0.0300473 -0.000747146 0.0582631
v -0.0133 -0.000747146 0.0521675
v -0.0300252 -0.000738606 0.058324
v -0.0133 -0.000738606 0.0522366
v -0.0300033 -0.000724444 0.058384
v -0.0133 -0.000724444 0.0523045
v -0.029982 -0.000704769 0.0584427
v -0.0133 -0.000704769 0.052371
v -0.0299613 -0.000679731 0.0584995
v -0.0133 -0.000679731 0.0524353
v -0.0299414 -0.000649519 0.058554
v -0.0133 -0.000649519 0.052497
v -0.0299226 -0.000614364 0.0586059
v -0.0133 -0.000614364 0.0525558
v -0.0299048 -0.000574533 0.0586547
v -0.0133 -0.000574533 0.052611
v -0.0298883 -0.00053033 0.0587
v -0.0298732 -0.000482091 0.0587415
v -0.0298596 -0.000430182 0.058779
v -0.0133 -0.000430182 0.0527518
v -0.0133 -0.000456571 0.0527312
v -0.0133 -0.000482091 0.0527094
v -0.0133 -0.000522278 0.0526712
v -0.0298475 -0.000375 0.058812
v -0.0298372 -0.000316964 0.0588404
v -0.0133 -0.000316964 0.0528213
v -0.0133 -0.000346311 0.0528059
v -0.0133 -0.000375 0.0527892
v -0.0133 -0.000402975 0.0527711
v -0.0298287 -0.000256515 0.0588639
v -0.0298219 -0.000194114 0.0588824
v -0.0133 -0.000194114 0.0528689
v -0.0133 -0.000225529 0.0528592
v -0.0133 -0.000256515 0.052848
v -0.0133 -0.000287013 0.0528354
v -0.0298171 -0.000130236 0.0588957
v -0.0298142 -6.53668e-05 0.0589037
v -0.0133 -6.53668e-05 0.0528931
v -0.0133 -9.78946e-05 0.0528893
v -0.0133 -0.000130236 0.052884
v -0.0133 -0.00016233 0.0528772
v -0.0133 3.27145e-05 0.0528953
v -0.0133 0 0.0528961
v -0.0133 -3.27145e-05 0.0528953
v -0.0133 -6.53668e-05 0.0619447
v -0.0133 -3.27145e-05 0.0619424
v -0.026905 -6.53668e-05 0.0668965
v -0.026906 0 0.0668938
v -0.0133 -9.78946e-05 0.0619484
v -0.0269021 -0.000130236 0.0669045
v -0.0133 -0.000130236 0.0619537
v -0.0133 -0.00016233 0.0619605
v -0.0268973 -0.000194114 0.0669178
v -0.0133 -0.000194114 0.0619688
v -0.0133 -0.000225529 0.0619786
v -0.0268905 -0.000256515 0.0669363
v -0.0133 -0.000256515 0.0619898
v -0.0133 -0.000287013 0.0620024
v -0.026882 -0.000316964 0.0669598
v -0.0133 -0.000316964 0.0620164
v -0.0133 -0.000346311 0.0620318
v -0.0268716 -0.000375 0.0669882
v -0.0133 -0.000375 0.0620485
v -0.0133 -0.000402975 0.0620666
v -0.0268596 -0.000430182 0.0670213
v -0.0133 -0.000430182 0.062086
v -0.0133 -0.000456571 0.0621065
v -0.026846 -0.000482091 0.0670587
v -0.0133 -0.000482091 0.0621283
v -0.0133 -0.000506693 0.0621513
v -0.0268309 -0.00053033 0.0671002
v -0.0133 -0.00053033 0.0621754
v -0.0268144 -0.000574533 0.0671455
v -0.0133 -0.000574533 0.0622267
v -0.0267966 -0.000614364 0.0671943
v -0.0133 -0.000614364 0.062282
v -0.0267778 -0.000649519 0.0672462
v -0.0133 -0.000649519 0.0623407
v -0.0267579 -0.000679731 0.0673007
v -0.0133 -0.000679731 0.0624024
v -0.0267372 -0.000704769 0.0673575
v -0.0133 -0.000704769 0.0624668
v -0.0267159 -0.000724444 0.0674162
v -0.0133 -0.000724444 0.0625332
v -0.026694 -0.000738606 0.0674762
v -0.0133 -0.000738606 0.0626012
v -0.0266719 -0.000747146 0.0675371
v -0.0133 -0.000747146 0.0626702
v -0.0266495 -0.00075 0.0675986
v -0.0133 -0.00075 0.0627398
v -0.0266271 -0.000747146 0.06766
v -0.0133 -0.000747146 0.0628093
v -0.026605 -0.000738606 0.0677209
v -0.0133 -0.000738606 0.0628783
v -0.0265831 -0.000724444 0.067781
v -0.0133 -0.000724444 0.0629463
v -0.0265618 -0.000704769 0.0678396
v -0.0133 -0.000704769 0.0630127
v -0.0265411 -0.000679731 0.0678964
v -0.0133 -0.000679731 0.0630771
v -0.0265212 -0.000649519 0.067951
v -0.0133 -0.000649519 0.0631388
v -0.0265024 -0.000614364 0.0680028
v -0.0133 -0.000614364 0.0631975
v -0.0264846 -0.000574533 0.0680516
v -0.0133 -0.000574533 0.0632528
v -0.0264681 -0.00053033 0.0680969
v -0.026453 -0.000482091 0.0681385
v -0.0264394 -0.000430182 0.0681759
v -0.0133 -0.000430182 0.0633935
v -0.0133 -0.000456571 0.063373
v -0.0133 -0.000482091 0.0633512
v -0.0133 -0.000522343 0.0633129
v -0.0264273 -0.000375 0.0682089
v -0.026417 -0.000316964 0.0682373
v -0.0133 -0.000316964 0.0634631
v -0.0133 -0.000346311 0.0634477
v -0.0133 -0.000375 0.063431
v -0.0133 -0.000402975 0.0634129
v -0.0264085 -0.000256515 0.0682608
v -0.0264017 -0.000194114 0.0682793
v -0.0133 -0.000194114 0.0635107
v -0.0133 -0.000225529 0.0635009
v -0.0133 -0.000256515 0.0634898
v -0.0133 -0.000287013 0.0634771
v -0.0263969 -0.000130236 0.0682926
v -0.026394 -6.53668e-05 0.0683007
v -0.0133 -6.53668e-05 0.0635348
v -0.0133 -9.78946e-05 0.0635311
v -0.0133 -0.000130236 0.0635258
v -0.0133 -0.00016233 0.063519
v -0.026393 4.24915e-19 0.0683033
v -0.026394 6.53668e-05 0.0683007
v -0.0133 6.53668e-05 0.0635348
v -0.0133 3.27145e-05 0.0635371
v -0.0133 0 0.0635379
v -0.0133 -3.27145e-05 0.0635371
v -0.0263969 0.000130236 0.0682926
v -0.0264017 0.000194114 0.0682793
v -0.0133 0.000194114 0.0635107
v -0.0133 0.00016233 0.063519
v -0.0133 0.000130236 0.0635258
v -0.0133 9.78946e-05 0.0635311
v -0.0264085 0.000256515 0.0682608
v -0.026417 0.000316964 0.0682373
v -0.0133 0.000316964 0.0634631
v -0.0133 0.000287013 0.0634771
v -0.0133 0.000256515 0.0634898
v -0.0133 0.000225529 0.0635009
v -0.0264273 0.000375 0.0682089
v -0.0264394 0.000430182 0.0681759
v -0.0133 0.000430182 0.0633935
v -0.0133 0.000402975 0.0634129
v -0.0133 0.000375 0.063431
v -0.0133 0.000346311 0.0634477
v -0.0133 0.00053033 0.0633041
v -0.0133 0.000506693 0.0633282
v -0.026453 0.000482091 0.0681385
v -0.0133 0.000482091 0.0633512
v -0.0133 0.000456571 0.063373
v -0.0268309 0.00053033 0.0671002
v -0.0133 0.000574533 0.0622267
v -0.0268144 0.000574533 0.0671455
v -0.0133 0.000614364 0.062282
v -0.0267966 0.000614364 0.0671943
v -0.0133 0.000649519 0.0623407
v -0.0267778 0.000649519 0.0672462
v -0.0133 0.000679731 0.0624024
v -0.0267579 0.000679731 0.0673007
v -0.0133 0.000704769 0.0624668
v -0.0267372 0.000704769 0.0673575
v -0.0133 0.000724444 0.0625332
v -0.0267159 0.000724444 0.0674162
v -0.0133 0.000738606 0.0626012
v -0.026694 0.000738606 0.0674762
v -0.0133 0.000747146 0.0626702
v -0.0266719 0.000747146 0.0675371
v -0.0133 0.00075 0.0627398
v -0.0266495 0.00075 0.0675986
v -0.0133 0.000747146 0.0628093
v -0.0266271 0.000747146 0.06766
v -0.0133 0.000738606 0.0628783
v -0.026605 0.000738606 0.0677209
v -0.0133 0.000724444 0.0629463
v -0.0265831 0.000724444 0.067781
v -0.0133 0.000704769 0.0630127
v -0.0265618 0.000704769 0.0678396
v -0.0133 0.000679731 0.0630771
v -0.0265411 0.000679731 0.0678964
v -0.0133 0.000649519 0.0631388
v -0.0265212 0.000649519 0.067951
v -0.0133 0.000614364 0.0631975
v -0.0265024 0.000614364 0.0680028
v -0.0133 0.000574533 0.0632528
v -0.0264846 0.000574533 0.0680516
v -0.0264681 0.00053033 0.0680969
v -0.026846 0.000482091 0.0670587
v -0.0133 0.000506693 0.0621513
v -0.0133 0.00053033 0.0621754
v -0.0268596 0.000430182 0.0670213
v -0.0133 0.000456571 0.0621065
v -0.0133 0.000482091 0.0621283
v -0.0268716 0.000375 0.0669882
v -0.0133 0.000402975 0.0620666
v -0.0133 0.000430182 0.062086
v -0.026882 0.000316964 0.0669598
v -0.0133 0.000346311 0.0620318
v -0.0133 0.000375 0.0620485
v -0.0268905 0.000256515 0.0669363
v -0.0133 0.000287013 0.0620024
v -0.0133 0.000316964 0.0620164
v -0.0268973 0.000194114 0.0669178
v -0.0133 0.000225529 0.0619786
v -0.0133 0.000256515 0.0619898
v -0.0269021 0.000130236 0.0669045
v -0.0133 0.00016233 0.0619605
v -0.0133 0.000194114 0.0619688
v -0.026905 6.53668e-05 0.0668965
v -0.0133 9.78946e-05 0.0619484
v -0.0133 0.000130236 0.0619537
v -0.0133 0 0.0619416
v -0.0133 3.27145e-05 0.0619424
v -0.0133 6.53668e-05 0.0619447
v -0.0229728 0 0.0777003
v -0.0229738 6.53668e-05 0.0776976
v -0.0116 6.53668e-05 0.0735579
v -0.0229767 0.000130236 0.0776896
v -0.0229815 0.000194114 0.0776763
v -0.0116 0.000194114 0.0735337
v -0.0116 0.00016233 0.073542
v -0.0116 0.000130236 0.0735488
v -0.0116 9.78946e-05 0.0735541
v -0.0229883 0.000256515 0.0776578
v -0.0229968 0.000316964 0.0776342
v -0.0116 0.000316964 0.0734861
v -0.0116 0.000287013 0.0735002
v -0.0116 0.000256515 0.0735128
v -0.0116 0.000225529 0.073524
v -0.0230071 0.000375 0.0776058
v -0.0230192 0.000430182 0.0775728
v -0.0116 0.000430182 0.0734166
v -0.0116 0.000402975 0.0734359
v -0.0116 0.000375 0.073454
v -0.0116 0.000346311 0.0734707
v -0.0116 0.00053033 0.0733271
v -0.0116 0.000506693 0.0733512
v -0.0230328 0.000482091 0.0775354
v -0.0116 0.000482091 0.0733742
v -0.0116 0.000456571 0.073396
v -0.0230479 0.00053033 0.0774938
v -0.0230644 0.000574533 0.0774485
v -0.0116 0.000574533 0.0732758
v -0.0230822 0.000614364 0.0773997
v -0.0116 0.000614364 0.0732206
v -0.023101 0.000649519 0.0773479
v -0.0116 0.000649519 0.0731618
v -0.0231209 0.000679731 0.0772933
v -0.0116 0.000679731 0.0731001
v -0.0231416 0.000704769 0.0772365
v -0.0116 0.000704769 0.0730358
v -0.0231629 0.000724444 0.0771779
v -0.0116 0.000724444 0.0729693
v -0.0231848 0.000738606 0.0771179
v -0.0116 0.000738606 0.0729014
v -0.0232069 0.000747146 0.0770569
v -0.0116 0.000747146 0.0728323
v -0.0232293 0.00075 0.0769955
v -0.0116 0.00075 0.0727628
v -0.0232517 0.000747146 0.0769341
v -0.0116 0.000747146 0.0726932
v -0.0232738 0.000738606 0.0768731
v -0.0116 0.000738606 0.0726242
v -0.0232957 0.000724444 0.0768131
v -0.0116 0.000724444 0.0725562
v -0.023317 0.000704769 0.0767545
v -0.0116 0.000704769 0.0724898
v -0.0233377 0.000679731 0.0766976
v -0.0116 0.000679731 0.0724255
v -0.0233576 0.000649519 0.0766431
v -0.0116 0.000649519 0.0723637
v -0.0233764 0.000614364 0.0765913
v -0.0116 0.000614364 0.072305
v -0.0233942 0.000574533 0.0765425
v -0.0116 0.000574533 0.0722497
v -0.0234107 0.00053033 0.0764971
v -0.0116 0.00053033 0.0721984
v -0.0116 0.000506693 0.0721743
v -0.0234258 0.000482091 0.0764556
v -0.0116 0.000482091 0.0721514
v -0.0116 0.000456571 0.0721296
v -0.0234394 0.000430182 0.0764182
v -0.0116 0.000430182 0.072109
v -0.0116 0.000402975 0.0720896
v -0.0234514 0.000375 0.0763851
v -0.0116 0.000375 0.0720716
v -0.0116 0.000346311 0.0720548
v -0.0234618 0.000316964 0.0763568
v -0.0116 0.000316964 0.0720394
v -0.0116 0.000287013 0.0720254
v -0.0234703 0.000256515 0.0763332
v -0.0116 0.000256515 0.0720128
v -0.0116 0.000225529 0.0720016
v -0.0234771 0.000194114 0.0763147
v -0.0116 0.000194114 0.0719918
v -0.0116 0.00016233 0.0719836
v -0.0234819 0.000130236 0.0763014
v -0.0116 0.000130236 0.0719768
v -0.0116 9.78946e-05 0.0719715
v -0.0234848 6.53668e-05 0.0762934
v -0.0116 6.53668e-05 0.0719677
v -0.0116 3.27145e-05 0.0719654
v -0.0234858 2.75546e-19 0.0762907
v -0.0116 0 0.0719646
v -0.0116 -3.27145e-05 0.0719654
v -0.0234848 -6.53668e-05 0.0762934
v -0.0116 -6.53668e-05 0.0719677
v -0.0116 -9.78946e-05 0.0719715
v -0.0234819 -0.000130236 0.0763014
v -0.0116 -0.000130236 0.0719768
v -0.0116 -0.00016233 0.0719836
v -0.0234771 -0.000194114 0.0763147
v -0.0116 -0.000194114 0.0719918
v -0.0116 -0.000225529 0.0720016
v -0.0234703 -0.000256515 0.0763332
v -0.0116 -0.000256515 0.0720128
v -0.0116 -0.000287013 0.0720254
v -0.0234618 -0.000316964 0.0763568
v -0.0116 -0.000316964 0.0720394
v -0.0116 -0.000346311 0.0720548
v -0.0234514 -0.000375 0.0763851
v -0.0116 -0.000375 0.0720716
v -0.0116 -0.000402975 0.0720896
v -0.0234394 -0.000430182 0.0764182
v -0.0116 -0.000430182 0.072109
v -0.0116 -0.000456571 0.0721296
v -0.0234258 -0.000482091 0.0764556
v -0.0116 -0.000482091 0.0721514
v -0.0116 -0.000506693 0.0721743
v -0.0234107 -0.00053033 0.0764971
v -0.0116 -0.00053033 0.0721984
v -0.0233942 -0.000574533 0.0765425
v -0.0116 -0.000574533 0.0722497
v -0.0233764 -0.000614364 0.0765913
v -0.0116 -0.000614364 0.072305
v -0.0233576 -0.000649519 0.0766431
v -0.0116 -0.000649519 0.0723637
v -0.0233377 -0.000679731 0.0766976
v -0.0116 -0.000679731 0.0724255
v -0.023317 -0.000704769 0.0767545
v -0.0116 -0.000704769 0.0724898
v -0.0232957 -0.000724444 0.0768131
v -0.0116 -0.000724444 0.0725562
v -0.0232738 -0.000738606 0.0768731
v -0.0116 -0.000738606 0.0726242
v -0.0232517 -0.000747146 0.0769341
v -0.0116 -0.000747146 0.0726932
v -0.0232293 -0.00075 0.0769955
v -0.0116 -0.00075 0.0727628
v -0.0232069 -0.000747146 0.0770569
v -0.0116 -0.000747146 0.0728323
v -0.0231848 -0.000738606 0.0771179
v -0.0116 -0.000738606 0.0729014
v -0.0231629 -0.000724444 0.0771779
v -0.0116 -0.000724444 0.0729693
v -0.0231416 -0.000704769 0.0772365
v -0.0116 -0.000704769 0.0730358
v -0.0231209 -0.000679731 0.0772933
v -0.0116 -0.000679731 0.0731001
v -0.023101 -0.000649519 0.0773479
v -0.0116 -0.000649519 0.0731618
v -0.0230822 -0.000614364 0.0773997
v -0.0116 -0.000614364 0.0732206
v -0.0230644 -0.000574533 0.0774485
v -0.0116 -0.000574533 0.0732758
v -0.0230479 -0.00053033 0.0774938
v -0.0230328 -0.000482091 0.0775354
v -0.0230192 -0.000430182 0.0775728
v -0.0116 -0.000430182 0.0734166
v -0.0116 -0.000456571 0.073396
v -0.0116 -0.000482091 0.0733742
v -0.0116 -0.000522259 0.073336
v -0.0230071 -0.000375 0.0776058
v -0.0229968 -0.000316964 0.0776342
v -0.0116 -0.000316964 0.0734861
v -0.0116 -0.000346311 0.0734707
v -0.0116 -0.000375 0.073454
v -0.0116 -0.000402975 0.0734359
v -0.0229883 -0.000256515 0.0776578
v -0.0229815 -0.000194114 0.0776763
v -0.0116 -0.000194114 0.0735337
v -0.0116 -0.000225529 0.073524
v -0.0116 -0.000256515 0.0735128
v -0.0116 -0.000287013 0.0735002
v -0.0229767 -0.000130236 0.0776896
v -0.0229738 -6.53668e-05 0.0776976
v -0.0116 -6.53668e-05 0.0735579
v -0.0116 -9.78946e-05 0.0735541
v -0.0116 -0.000130236 0.0735488
v -0.0116 -0.00016233 0.073542
v -0.0116 3.27145e-05 0.0735601
v -0.0116 0 0.0735609
v -0.0116 -3.27145e-05 0.0735601
v -0.0195526 0 0.0870972
v -0.0195536 6.53668e-05 0.0870945
v -0.0116 6.53668e-05 0.0841997
v -0.0195565 0.000130236 0.0870865
v -0.0195613 0.000194114 0.0870732
v -0.0116 0.000194114 0.0841755
v -0.0116 0.00016233 0.0841838
v -0.0116 0.000130236 0.0841906
v -0.0116 9.78946e-05 0.0841959
v -0.019568 0.000256515 0.0870547
v -0.0195766 0.000316964 0.0870312
v -0.0116 0.000316964 0.0841279
v -0.0116 0.000287013 0.0841419
v -0.0116 0.000256515 0.0841546
v -0.0116 0.000225529 0.0841658
v -0.0195869 0.000375 0.0870028
v -0.019599 0.000430182 0.0869697
v -0.0116 0.000430182 0.0840584
v -0.0116 0.000402975 0.0840777
v -0.0116 0.000375 0.0840958
v -0.0116 0.000346311 0.0841125
v -0.0116 0.00053033 0.0839689
v -0.0116 0.000506693 0.083993
v -0.0196126 0.000482091 0.0869323
v -0.0116 0.000482091 0.084016
v -0.0116 0.000456571 0.0840378
v -0.0196277 0.00053033 0.0868908
v -0.0196442 0.000574533 0.0868454
v -0.0116 0.000574533 0.0839176
v -0.019662 0.000614364 0.0867967
v -0.0116 0.000614364 0.0838623
v -0.0196808 0.000649519 0.0867448
v -0.0116 0.000649519 0.0838036
v -0.0197007 0.000679731 0.0866903
v -0.0116 0.000679731 0.0837419
v -0.0197214 0.000704769 0.0866335
v -0.0116 0.000704769 0.0836775
v -0.0197427 0.000724444 0.0865748
v -0.0116 0.000724444 0.0836111
v -0.0197646 0.000738606 0.0865148
v -0.0116 0.000738606 0.0835432
v -0.0197867 0.000747146 0.0864538
v -0.0116 0.000747146 0.0834741
v -0.0198091 0.00075 0.0863924
v -0.0116 0.00075 0.0834046
v -0.0198315 0.000747146 0.086331
v -0.0116 0.000747146 0.083335
v -0.0198536 0.000738606 0.08627
v -0.0116 0.000738606 0.083266
v -0.0198755 0.000724444 0.08621
v -0.0116 0.000724444 0.083198
v -0.0198968 0.000704769 0.0861514
v -0.0116 0.000704769 0.0831316
v -0.0199175 0.000679731 0.0860946
v -0.0116 0.000679731 0.0830673
v -0.0199374 0.000649519 0.08604
v -0.0116 0.000649519 0.0830055
v -0.0199562 0.000614364 0.0859882
v -0.0116 0.000614364 0.0829468
v -0.019974 0.000574533 0.0859394
v -0.0116 0.000574533 0.0828915
v -0.0199905 0.00053033 0.0858941
v -0.0116 0.00053033 0.0828402
v -0.0116 0.000506693 0.0828161
v -0.0200056 0.000482091 0.0858525
v -0.0116 0.000482091 0.0827932
v -0.0116 0.000456571 0.0827714
v -0.0200192 0.000430182 0.0858151
v -0.0116 0.000430182 0.0827508
v -0.0116 0.000402975 0.0827314
v -0.0200312 0.000375 0.0857821
v -0.0116 0.000375 0.0827134
v -0.0116 0.000346311 0.0826966
v -0.0200416 0.000316964 0.0857537
v -0.0116 0.000316964 0.0826812
v -0.0116 0.000287013 0.0826672
v -0.0200501 0.000256515 0.0857302
v -0.0116 0.000256515 0.0826546
v -0.0116 0.000225529 0.0826434
v -0.0200569 0.000194114 0.0857117
v -0.0116 0.000194114 0.0826336
v -0.0116 0.00016233 0.0826253
v -0.0200617 0.000130236 0.0856984
v -0.0116 0.000130236 0.0826185
v -0.0116 9.78946e-05 0.0826133
v -0.0200646 6.53668e-05 0.0856903
v -0.0116 6.53668e-05 0.0826095
v -0.0116 3.27145e-05 0.0826072
v -0.0200656 2.75546e-19 0.0856877
v -0.0116 0 0.0826064
v -0.0116 -3.27145e-05 0.0826072
v -0.0200646 -6.53668e-05 0.0856903
v -0.0116 -6.53668e-05 0.0826095
v -0.0116 -9.78946e-05 0.0826133
v -0.0200617 -0.000130236 0.0856984
v -0.0116 -0.000130236 0.0826185
v -0.0116 -0.00016233 0.0826253
v -0.0200569 -0.000194114 0.0857117
v -0.0116 -0.000194114 0.0826336
v -0.0116 -0.000225529 0.0826434
v -0.0200501 -0.000256515 0.0857302
v -0.0116 -0.000256515 0.0826546
v -0.0116 -0.000287013 0.0826672
v -0.0200416 -0.000316964 0.0857537
v -0.0116 -0.000316964 0.0826812
v -0.0116 -0.000346311 0.0826966
v -0.0200312 -0.000375 0.0857821
v -0.0116 -0.000375 0.0827134
v -0.0116 -0.000402975 0.0827314
v -0.0200192 -0.000430182 0.0858151
v -0.0116 -0.000430182 0.0827508
v -0.0116 -0.000456571 0.0827714
v -0.0200056 -0.000482091 0.0858525
v -0.0116 -0.000482091 0.0827932
v -0.0116 -0.000506693 0.0828161
v -0.0199905 -0.00053033 0.0858941
v -0.0116 -0.00053033 0.0828402
v -0.019974 -0.000574533 0.0859394
v -0.0116 -0.000574533 0.0828915
v -0.0199562 -0.000614364 0.0859882
v -0.0116 -0.000614364 0.0829468
v -0.0199374 -0.000649519 0.08604
v -0.0116 -0.000649519 0.0830055
v -0.0199175 -0.000679731 0.0860946
v -0.0116 -0.000679731 0.0830673
v -0.0198968 -0.000704769 0.0861514
v -0.0116 -0.000704769 0.0831316
v -0.0198755 -0.000724444 0.08621
v -0.0116 -0.000724444 0.083198
v -0.0198536 -0.000738606 0.08627
v -0.0116 -0.000738606 0.083266
v -0.0198315 -0.000747146 0.086331
v -0.0116 -0.000747146 0.083335
v -0.0198091 -0.00075 0.0863924
v -0.0116 -0.00075 0.0834046
v -0.0197867 -0.000747146 0.0864538
v -0.0116 -0.000747146 0.0834741
v -0.0197646 -0.000738606 0.0865148
v -0.0116 -0.000738606 0.0835432
v -0.0197427 -0.000724444 0.0865748
v -0.0116 -0.000724444 0.0836111
v -0.0197214 -0.000704769 0.0866335
v -0.0116 -0.000704769 0.0836775
v -0.0197007 -0.000679731 0.0866903
v -0.0116 -0.000679731 0.0837419
v -0.0196808 -0.000649519 0.0867448
v -0.0116 -0.000649519 0.0838036
v -0.019662 -0.000614364 0.0867967
v -0.0116 -0.000614364 0.0838623
v -0.0196442 -0.000574533 0.0868454
v -0.0116 -0.000574533 0.0839176
v -0.0196277 -0.00053033 0.0868908
v -0.0196126 -0.000482091 0.0869323
v -0.019599 -0.000430182 0.0869697
v -0.0116 -0.000430182 0.0840584
v -0.0116 -0.000456571 0.0840378
v -0.0116 -0.000482091 0.084016
v -0.0116 -0.000522258 0.0839778
v -0.0195869 -0.000375 0.0870028
v -0.0195766 -0.000316964 0.0870312
v -0.0116 -0.000316964 0.0841279
v -0.0116 -0.000346311 0.0841125
v -0.0116 -0.000375 0.0840958
v -0.0116 -0.000402975 0.0840777
v -0.019568 -0.000256515 0.0870547
v -0.0195613 -0.000194114 0.0870732
v -0.0116 -0.000194114 0.0841755
v -0.0116 -0.000225529 0.0841658
v -0.0116 -0.000256515 0.0841546
v -0.0116 -0.000287013 0.0841419
v -0.0195565 -0.000130236 0.0870865
v -0.0195536 -6.53668e-05 0.0870945
v -0.0116 -6.53668e-05 0.0841997
v -0.0116 -9.78946e-05 0.0841959
v -0.0116 -0.000130236 0.0841906
v -0.0116 -0.00016233 0.0841838
v -0.0116 3.27145e-05 0.0842019
v -0.0116 0 0.0842027
v -0.0116 -3.27145e-05 0.0842019
v -0.0104981 -0.000130236 0.0944313
v -0.0104952 -6.53668e-05 0.0944393
v -0.0107507 0 0.0937372
v -0.0104942 0 0.094442
v -0.0104952 6.53668e-05 0.0944393
v -0.0105183 -0.000316964 0.094376
v -0.0105097 -0.000256515 0.0943995
v -0.010503 -0.000194114 0.094418
v -0.0105542 -0.000482091 0.0942771
v -0.0105406 -0.000430182 0.0943145
v -0.0105286 -0.000375 0.0943476
v -0.0106036 -0.000614364 0.0941415
v -0.0105859 -0.000574533 0.0941902
v -0.0105694 -0.00053033 0.0942356
v -0.010663 -0.000704769 0.0939783
v -0.0106423 -0.000679731 0.0940351
v -0.0106225 -0.000649519 0.0940896
v -0.0107284 -0.000747146 0.0937987
v -0.0107062 -0.000738606 0.0938596
v -0.0106843 -0.000724444 0.0939196
v -0.0107953 -0.000738606 0.0936148
v -0.0107731 -0.000747146 0.0936758
v -0.0107507 -0.00075 0.0937372
v -0.0108591 -0.000679731 0.0934394
v -0.0108385 -0.000704769 0.0934962
v -0.0108171 -0.000724444 0.0935548
v -0.0109156 -0.000574533 0.0932842
v -0.0108979 -0.000614364 0.093333
v -0.010879 -0.000649519 0.0933848
v -0.0109609 -0.000430182 0.0931599
v -0.0109472 -0.000482091 0.0931973
v -0.0109321 -0.00053033 0.0932389
v -0.0109918 -0.000256515 0.093075
v -0.0109832 -0.000316964 0.0930985
v -0.0109729 -0.000375 0.0931269
v -0.0110063 -6.53668e-05 0.0930351
v -0.0110034 -0.000130236 0.0930432
v -0.0109985 -0.000194114 0.0930565
v -0.0110034 0.000130236 0.0930432
v -0.0110063 6.53668e-05 0.0930351
v -0.0110073 4.24915e-19 0.0930325
v -0.0109832 0.000316964 0.0930985
v -0.0109918 0.000256515 0.093075
v -0.0109985 0.000194114 0.0930565
v -0.0109472 0.000482091 0.0931973
v -0.0109609 0.000430182 0.0931599
v -0.0109729 0.000375 0.0931269
v -0.0108979 0.000614364 0.093333
v -0.0109156 0.000574533 0.0932842
v -0.0109321 0.00053033 0.0932389
v -0.0108385 0.000704769 0.0934962
v -0.0108591 0.000679731 0.0934394
v -0.010879 0.000649519 0.0933848
v -0.0107731 0.000747146 0.0936758
v -0.0107953 0.000738606 0.0936148
v -0.0108171 0.000724444 0.0935548
v -0.0107062 0.000738606 0.0938596
v -0.0107284 0.000747146 0.0937987
v -0.0107507 0.00075 0.0937372
v -0.0106423 0.000679731 0.0940351
v -0.010663 0.000704769 0.0939783
v -0.0106843 0.000724444 0.0939196
v -0.0105859 0.000574533 0.0941902
v -0.0106036 0.000614364 0.0941415
v -0.0106225 0.000649519 0.0940896
v -0.0105406 0.000430182 0.0943145
v -0.0105542 0.000482091 0.0942771
v -0.0105694 0.00053033 0.0942356
v -0.0105097 0.000256515 0.0943995
v -0.0105183 0.000316964 0.094376
v -0.0105286 0.000375 0.0943476
v -0.0104981 0.000130236 0.0944313
v -0.010503 0.000194114 0.094418
v -0.0161324 0 0.0964941
v -0.0161334 6.53668e-05 0.0964914
v -0.0161363 0.000130236 0.0964834
v -0.0161411 0.000194114 0.0964701
v -0.0161478 0.000256515 0.0964516
v -0.0161564 0.000316964 0.0964281
v -0.0161667 0.000375 0.0963997
v -0.0161788 0.000430182 0.0963667
v -0.0161924 0.000482091 0.0963292
v -0.0162075 0.00053033 0.0962877
v -0.016224 0.000574533 0.0962424
v -0.0162418 0.000614364 0.0961936
v -0.0162606 0.000649519 0.0961417
v -0.0162805 0.000679731 0.0960872
v -0.0163012 0.000704769 0.0960304
v -0.0163225 0.000724444 0.0959718
v -0.0163443 0.000738606 0.0959117
v -0.0163665 0.000747146 0.0958508
v -0.0163889 0.00075 0.0957894
v -0.0164112 0.000747146 0.0957279
v -0.0164334 0.000738606 0.095667
v -0.0164553 0.000724444 0.0956069
v -0.0164766 0.000704769 0.0955483
v -0.0164973 0.000679731 0.0954915
v -0.0165171 0.000649519 0.095437
v -0.016536 0.000614364 0.0953851
v -0.0165538 0.000574533 0.0953363
v -0.0165703 0.00053033 0.095291
v -0.0165854 0.000482091 0.0952495
v -0.016599 0.000430182 0.095212
v -0.016611 0.000375 0.095179
v -0.0166214 0.000316964 0.0951506
v -0.0166299 0.000256515 0.0951271
v -0.0166367 0.000194114 0.0951086
v -0.0166415 0.000130236 0.0950953
v -0.0166444 6.53668e-05 0.0950873
v -0.0166454 2.75546e-19 0.0950846
v -0.0166444 -6.53668e-05 0.0950873
v -0.0166415 -0.000130236 0.0950953
v -0.0166367 -0.000194114 0.0951086
v -0.0166299 -0.000256515 0.0951271
v -0.0166214 -0.000316964 0.0951506
v -0.016611 -0.000375 0.095179
v -0.016599 -0.000430182 0.095212
v -0.0165854 -0.000482091 0.0952495
v -0.0165703 -0.00053033 0.095291
v -0.0165538 -0.000574533 0.0953363
v -0.016536 -0.000614364 0.0953851
v -0.0165171 -0.000649519 0.095437
v -0.0164973 -0.000679731 0.0954915
v -0.0164766 -0.000704769 0.0955483
v -0.0164553 -0.000724444 0.0956069
v -0.0164334 -0.000738606 0.095667
v -0.0164112 -0.000747146 0.0957279
v -0.0163889 -0.00075 0.0957894
v -0.0163665 -0.000747146 0.0958508
v -0.0163443 -0.000738606 0.0959117
v -0.0163225 -0.000724444 0.0959718
v -0.0163012 -0.000704769 0.0960304
v -0.0162805 -0.000679731 0.0960872
v -0.0162606 -0.000649519 0.0961417
v -0.0162418 -0.000614364 0.0961936
v -0.016224 -0.000574533 0.0962424
v -0.0162075 -0.00053033 0.0962877
v -0.0161924 -0.000482091 0.0963292
v -0.0161788 -0.000430182 0.0963667
v -0.0161667 -0.000375 0.0963997
v -0.0161564 -0.000316964 0.0964281
v -0.0161478 -0.000256515 0.0964516
v -0.0161411 -0.000194114 0.0964701
v -0.0161363 -0.000130236 0.0964834
v -0.0161334 -6.53668e-05 0.0964914
v -0.0149 -0.000130236 0.0896364
v -0.0149 -6.53668e-05 0.0896279
v -0.0149 -6.12323e-19 0.090375
v -0.0149 -6.12323e-19 0.089625
v -0.0149 6.53668e-05 0.0896279
v -0.0149 -0.000316964 0.0896953
v -0.0149 -0.000256515 0.0896702
v -0.0149 -0.000194114 0.0896506
v -0.0149 -0.000482091 0.0898005
v -0.0149 -0.000430182 0.0897606
v -0.0149 -0.000375 0.0897255
v -0.0149 -0.000614364 0.0899448
v -0.0149 -0.000574533 0.0898929
v -0.0149 -0.00053033 0.0898447
v -0.0149 -0.000704769 0.0901185
v -0.0149 -0.000679731 0.090058
v -0.0149 -0.000649519 0.09
v -0.0149 -0.000747146 0.0903096
v -0.0149 -0.000738606 0.0902448
v -0.0149 -0.000724444 0.0901809
v -0.0149 -0.000738606 0.0905052
v -0.0149 -0.000747146 0.0904404
v -0.0149 -0.00075 0.090375
v -0.0149 -0.000679731 0.090692
v -0.0149 -0.000704769 0.0906315
v -0.0149 -0.000724444 0.0905691
v -0.0149 -0.000574533 0.0908571
v -0.0149 -0.000614364 0.0908052
v -0.0149 -0.000649519 0.09075
v -0.0149 -0.000430182 0.0909894
v -0.0149 -0.000482091 0.0909495
v -0.0149 -0.00053033 0.0909053
v -0.0149 -0.000256515 0.0910798
v -0.0149 -0.000316964 0.0910547
v -0.0149 -0.000375 0.0910245
v -0.0149 -6.53668e-05 0.0911221
v -0.0149 -0.000130236 0.0911136
v -0.0149 -0.000194114 0.0910994
v -0.0149 0.000130236 0.0911136
v -0.0149 6.53668e-05 0.0911221
v -0.0149 -1.87408e-19 0.091125
v -0.0149 0.000316964 0.0910547
v -0.0149 0.000256515 0.0910798
v -0.0149 0.000194114 0.0910994
v -0.0149 0.000482091 0.0909495
v -0.0149 0.000430182 0.0909894
v -0.0149 0.000375 0.0910245
v -0.0149 0.000614364 0.0908052
v -0.0149 0.000574533 0.0908571
v -0.0149 0.00053033 0.0909053
v -0.0149 0.000704769 0.0906315
v -0.0149 0.000679731 0.090692
v -0.0149 0.000649519 0.09075
v -0.0149 0.000747146 0.0904404
v -0.0149 0.000738606 0.0905052
v -0.0149 0.000724444 0.0905691
v -0.0149 0.000738606 0.0902448
v -0.0149 0.000747146 0.0903096
v -0.0149 0.00075 0.090375
v -0.0149 0.000679731 0.090058
v -0.0149 0.000704769 0.0901185
v -0.0149 0.000724444 0.0901809
v -0.0149 0.000574533 0.0898929
v -0.0149 0.000614364 0.0899448
v -0.0149 0.000649519 0.09
v -0.0149 0.000430182 0.0897606
v -0.0149 0.000482091 0.0898005
v -0.0149 0.00053033 0.0898447
v -0.0149 0.000256515 0.0896702
v -0.0149 0.000316964 0.0896953
v -0.0149 0.000375 0.0897255
v -0.0149 0.000130236 0.0896364
v -0.0149 0.000194114 0.0896506
v -0.0099 -7.9602e-19 0.089625
v -0.0099 6.53668e-05 0.0896279
v -0.0099 0.000130236 0.0896364
v -0.0099 0.000194114 0.0896506
v -0.0099 0.000256515 0.0896702
v -0.0099 0.000316964 0.0896953
v -0.0099 0.000375 0.0897255
v -0.0099 0.000430182 0.0897606
v -0.0099 0.000482091 0.0898005
v -0.0099 0.00053033 0.0898447
v -0.0099 0.000574533 0.0898929
v -0.0099 0.000614364 0.0899448
v -0.0099 0.000649519 0.09
v -0.0099 0.000679731 0.090058
v -0.0099 0.000704769 0.0901185
v -0.0099 0.000724444 0.0901809
v -0.0099 0.000738606 0.0902448
v -0.0099 0.000747146 0.0903096
v -0.0099 0.00075 0.090375
v -0.0099 0.000747146 0.0904404
v -0.0099 0.000738606 0.0905052
v -0.0099 0.000724444 0.0905691
v -0.0099 0.000704769 0.0906315
v -0.0099 0.000679731 0.090692
v -0.0099 0.000649519 0.09075
v -0.0099 0.000614364 0.0908052
v -0.0099 0.000574533 0.0908571
v -0.0099 0.00053033 0.0909053
v -0.0099 0.000482091 0.0909495
v -0.0099 0.000430182 0.0909894
v -0.0099 0.000375 0.0910245
v -0.0099 0.000316964 0.0910547
v -0.0099 0.000256515 0.0910798
v -0.0099 0.000194114 0.0910994
v -0.0099 0.000130236 0.0911136
v -0.0099 6.53668e-05 0.0911221
v -0.0099 -1.87408e-19 0.091125
v -0.0099 -6.53668e-05 0.0911221
v -0.0099 -0.000130236 0.0911136
v -0.0099 -0.000194114 0.0910994
v -0.0099 -0.000256515 0.0910798
v -0.0099 -0.000316964 0.0910547
v -0.0099 -0.000375 0.0910245
v -0.0099 -0.000430182 0.0909894
v -0.0099 -0.000482091 0.0909495
v -0.0099 -0.00053033 0.0909053
v -0.0099 -0.000574533 0.0908571
v -0.0099 -0.000614364 0.0908052
v -0.0099 -0.000649519 0.09075
v -0.0099 -0.000679731 0.090692
v -0.0099 -0.000704769 0.0906315
v -0.0099 -0.000724444 0.0905691
v -0.0099 -0.000738606 0.0905052
v -0.0099 -0.000747146 0.0904404
v -0.0099 -0.00075 0.090375
v -0.0099 -0.000747146 0.0903096
v -0.0099 -0.000738606 0.0902448
v -0.0099 -0.000724444 0.0901809
v -0.0099 -0.000704769 0.0901185
v -0.0099 -0.000679731 0.090058
v -0.0099 -0.000649519 0.09
v -0.0099 -0.000614364 0.0899448
v -0.0099 -0.000574533 0.0898929
v -0.0099 -0.00053033 0.0898447
v -0.0099 -0.000482091 0.0898005
v -0.0099 -0.000430182 0.0897606
v -0.0099 -0.000375 0.0897255
v -0.0099 -0.000316964 0.0896953
v -0.0099 -0.000256515 0.0896702
v -0.0099 -0.000194114 0.0896506
v -0.0099 -0.000130236 0.0896364
v -0.0099 -6.53668e-05 0.0896279
v -0.016 -0.0118825 0.0460657
v -0.0159691 -0.0118819 0.0460657
v -0.0159182 -0.0118789 0.0460657
v -0.0158409 -0.0118689 0.0460657
v -0.0157878 -0.0118583 0.0460657
v -0.0157643 -0.0118525 0.0460657
v -0.0156892 -0.0118298 0.0460657
v -0.01567 -0.0118229 0.0460657
v -0.0154085 -0.0116766 0.0460657
v -0.0153453 -0.0116231 0.0460657
v -0.0153047 -0.0115836 0.0460657
v -0.0152857 -0.0115635 0.0460657
v -0.0152741 -0.0115507 0.0460657
v -0.0152197 -0.0114844 0.0460657
v -0.0156156 -0.0118008 0.0460657
v -0.0155439 -0.0117655 0.0460657
v -0.0155023 -0.0117415 0.0460657
v -0.0154748 -0.0117241 0.0460657
v -0.0154497 -0.0117071 0.0460657
v -0.0150882 -0.0112563 0.0460657
v -0.0151264 -0.011337 0.0460657
v -0.0151832 -0.0114329 0.0460657
v -0.0151704 -0.0114132 0.0460657
v -0.0151487 -0.0113774 0.0460657
v -0.0150654 -0.011198 0.0460657
v -0.0150313 -0.0110839 0.0460657
v -0.0150134 -0.0109936 0.0460657
v -0.0150563 -0.0111716 0.0460657
v -0.0150448 -0.0111346 0.0460657
v -0.0150061 -0.0109371 0.0460657
v -0.0150029 -0.0109013 0.0460657
v -0.015 -0.0108202 0.0460657
v -0.0283596 -0.00527463 0.0629001
v -0.0317798 -0.00527463 0.0535032
v -0.0352 0.00941222 0.0441063
v -0.0352 -0.00527463 0.0441063
v -0.0351993 0.00947995 0.0441081
v -0.015 -0.0147797 0.038
v -0.015 -0.0119474 0.0432195
v -0.015 -0.0132842 0.0405207
v -0.0332706 0.0128127 0.0434423
v -0.034588 0.0120211 0.042641
v -0.0348476 0.0116438 0.0424635
v -0.034931 0.0114903 0.0423924
v -0.0350038 0.011332 0.042319
v -0.0351581 0.0099315 0.0442285
v -0.0352 0.0107599 0.0410418
v -0.035196 0.0126137 0.038
v -0.0352 0.012432 0.038
v -0.0352 0.0123904 0.0380683
v -0.0351548 0.0119303 0.03991
v -0.0351844 0.0127904 0.038
v -0.0351912 0.0117031 0.0397483
v -0.0350038 0.012412 0.040172
v -0.0350689 0.0134615 0.038
v -0.0351159 0.0132595 0.038
v -0.0350971 0.0121682 0.0400274
v -0.0351405 0.0131296 0.038
v -0.0351548 0.0130409 0.038
v -0.0347539 0.0128573 0.0404141
v -0.0348494 0.0140838 0.038
v -0.0348476 0.0127139 0.0403361
v -0.0349311 0.0138891 0.038
v -0.034931 0.0125653 0.0402553
v -0.0349712 0.0137808 0.038
v -0.0350038 0.0136844 0.038
v -0.0342858 0.0133688 0.0406923
v -0.0343982 0.0148285 0.038
v -0.0345457 0.0146274 0.038
v -0.0344908 0.0131775 0.0405895
v -0.0346506 0.0144633 0.038
v -0.0346504 0.012995 0.040489
v -0.0347066 0.0143668 0.038
v -0.034754 0.0142793 0.038
v -0.0338509 0.0136751 0.0408588
v -0.0340166 0.0152346 0.038
v -0.0340027 0.0135811 0.0408078
v -0.0341482 0.01511 0.038
v -0.0341479 0.0134789 0.0407522
v -0.0342126 0.0150435 0.038
v -0.0342861 0.0149628 0.038
v -0.0336931 0.0137604 0.0409053
v -0.0338138 0.0154007 0.038
v -0.0338511 0.0153723 0.038
v -0.0335299 0.0138369 0.0409469
v -0.033606 0.0155429 0.038
v -0.0336934 0.0154863 0.038
v -0.0329664 0.0158369 0.038
v -0.0330148 0.0158213 0.038
v -0.0330146 0.014011 0.0410415
v -0.0333 0.0156741 0.0379135
v -0.0333621 0.0156787 0.038
v -0.033362 0.0139043 0.0409835
v -0.0333946 0.0156625 0.038
v -0.0335302 0.0155886 0.038
v -0.0328365 0.01405 0.0410627
v -0.0328367 0.0158735 0.038
v -0.0325384 0.0159312 0.038
v -0.0326566 0.0159127 0.038
v -0.0326564 0.0140793 0.0410787
v -0.0327525 0.0158935 0.038
v -0.0322933 0.0141087 0.0410947
v -0.0323244 0.0159507 0.038
v -0.0324751 0.0159389 0.038
v -0.0322 0.0159537 0.038
v -0.0322 0.0142874 0.0407728
v -0.0322502 0.0138388 0.0416051
v -0.032475 0.0140989 0.0410893
v -0.0245695 0.0159537 0.038
v -0.01928 0.0159537 0.038
v -0.0199099 -0.0159537 0.038
v -0.016 -0.0159537 0.038
v -0.0159682 -0.0132835 0.0427103
v -0.0150013 -0.0115104 0.0443803
v -0.0157285 -0.0123548 0.044722
v -0.0157879 -0.0123685 0.0447276
v -0.0158479 -0.0123788 0.0447318
v -0.0159084 -0.0123857 0.0447346
v -0.0159273 -0.0124048 0.0446917
v -0.0155023 -0.0122667 0.0446864
v -0.0155567 -0.0122936 0.0446973
v -0.0156127 -0.0123173 0.0447069
v -0.01567 -0.0123377 0.0447151
v -0.0153048 -0.0121289 0.0446306
v -0.0153507 -0.0121677 0.0446463
v -0.0153991 -0.0122036 0.0446609
v -0.0154497 -0.0122367 0.0446742
v -0.0151832 -0.0119975 0.0445774
v -0.0152209 -0.0120437 0.0445961
v -0.0152615 -0.0120876 0.0446139
v -0.0150654 -0.0117924 0.0444944
v -0.0150897 -0.0118463 0.0445162
v -0.0151175 -0.0118986 0.0445374
v -0.0151487 -0.0119491 0.0445578
v -0.0150061 -0.0115647 0.0444022
v -0.0150151 -0.011623 0.0444258
v -0.015028 -0.0116805 0.0444491
v -0.0150448 -0.0117371 0.044472
v -0.0150151 -0.0135823 0.0403391
v -0.0150043 -0.0148881 0.038
v -0.0150061 -0.0135274 0.0403084
v -0.0150013 -0.0148403 0.038
v -0.0150013 -0.0134763 0.0402799
v -0.0151175 -0.0138419 0.040484
v -0.0150952 -0.0152796 0.038
v -0.0150897 -0.0137926 0.0404565
v -0.0150644 -0.0151943 0.038
v -0.0150654 -0.0137419 0.0404282
v -0.0150448 -0.0151272 0.038
v -0.0150448 -0.0136898 0.0403991
v -0.0150369 -0.0150955 0.038
v -0.015028 -0.0136365 0.0403693
v -0.0150167 -0.0149934 0.038
v -0.0150151 -0.0149827 0.038
v -0.0152615 -0.0140199 0.0405835
v -0.0152257 -0.0155226 0.038
v -0.0152209 -0.0139786 0.0405604
v -0.0151775 -0.0154473 0.038
v -0.0151832 -0.013935 0.0405361
v -0.0151487 -0.0153956 0.038
v -0.0151487 -0.0138894 0.0405106
v -0.0151339 -0.0153664 0.038
v -0.0151175 -0.0153317 0.038
v -0.0155023 -0.0141886 0.0406777
v -0.0154566 -0.0157653 0.038
v -0.0154497 -0.0141603 0.0406619
v -0.0153969 -0.0157161 0.038
v -0.0153991 -0.0141292 0.0406445
v -0.0153393 -0.015661 0.038
v -0.0153507 -0.0140953 0.0406256
v -0.0153047 -0.0156234 0.038
v -0.0153048 -0.0140588 0.0406052
v -0.0152782 -0.0155923 0.038
v -0.0152614 -0.0155711 0.038
v -0.0155567 -0.0142139 0.0406918
v -0.0155185 -0.0158087 0.038
v -0.0155023 -0.015798 0.038
v -0.0158479 -0.0142942 0.0407367
v -0.0157992 -0.0159298 0.038
v -0.0157879 -0.0142845 0.0407312
v -0.0157335 -0.0159113 0.038
v -0.0157285 -0.0142716 0.040724
v -0.0156683 -0.0158872 0.038
v -0.01567 -0.0142555 0.040715
v -0.0156035 -0.0158575 0.038
v -0.0156127 -0.0142362 0.0407043
v -0.0155824 -0.0158465 0.038
v -0.0155566 -0.015832 0.038
v -0.0159084 -0.0143007 0.0407403
v -0.0158655 -0.015943 0.038
v -0.0158479 -0.01594 0.038
v -0.015915 -0.0142741 0.0407892
v -0.0159691 -0.0159532 0.038
v -0.0159209 -0.01595 0.038
v -0.0159084 -0.0132802 0.0427087
v -0.0158479 -0.0132735 0.0427055
v -0.0157879 -0.0132635 0.0427007
v -0.0157285 -0.0132501 0.0426943
v -0.01567 -0.0132335 0.0426863
v -0.0156127 -0.0132136 0.0426768
v -0.0155567 -0.0131905 0.0426657
v -0.0155023 -0.0131644 0.0426532
v -0.0154497 -0.0131352 0.0426392
v -0.0153991 -0.013103 0.0426238
v -0.0153507 -0.0130681 0.042607
v -0.0153048 -0.0130304 0.042589
v -0.0152615 -0.0129902 0.0425697
v -0.0152209 -0.0129475 0.0425492
v -0.0151832 -0.0129025 0.0425277
v -0.0151487 -0.0128554 0.0425051
v -0.0151175 -0.0128063 0.0424815
v -0.0150897 -0.0127555 0.0424572
v -0.0150654 -0.012703 0.042432
v -0.0150448 -0.0126492 0.0424062
v -0.015028 -0.0125942 0.0423798
v -0.0150151 -0.0125382 0.042353
v -0.0150061 -0.0124815 0.0423258
v -0.0150013 -0.0124287 0.0423005
v -0.00266293 0.00473153 0.000949706
v -0.00401951 0.0034231 0.00229971
v -0.00428652 0.00327547 0.000949706
v -0.00441536 0.00322341 0.000949706
v -0.00454824 0.00318273 0.000949706
v -0.00543784 0.00308402 0.00281984
v -0.00661678 0.00458634 0.0027202
v -0.00519826 0.0065938 0.00250275
v -0.00599539 -0.00521284 0.0026946
v -0.0116419 0.0236983 0.00817246
v -0.0107137 0.0234334 0.00754658
v -0.0015091 0.0234386 0.00755634
v -0.0107137 0.0233759 0.00744291
v -0.00157175 0.0233759 0.00744291
v -0.00163924 0.0233084 0.00733229
v -0.0107137 0.0232362 0.00722469
v -0.00171144 0.0232362 0.00722469
v -0.00178822 0.0231595 0.00712031
v -0.0107137 0.0230782 0.00701934
v -0.00186944 0.0230782 0.00701934
v -0.00204457 0.0229031 0.00682839
v -0.0107137 0.0229031 0.00682839
v -0.00223552 0.0227122 0.00665326
v -0.0107137 0.0227122 0.00665326
v -0.00244087 0.0225068 0.00649526
v -0.0107137 0.0225068 0.00649526
v -0.00265909 0.0222886 0.00635557
v -0.0107137 0.0222886 0.00635557
v -0.00288855 0.0220591 0.00623523
v -0.0107137 0.0220591 0.00623523
v -0.00312754 0.0218201 0.00613513
v -0.0107137 0.0218201 0.00613513
v -0.00337427 0.0215734 0.00605603
v -0.0107137 0.0215734 0.00605603
v -0.00362691 0.0213208 0.00599852
v -0.0107137 0.0213208 0.00599852
v -0.00388356 0.0210641 0.00596302
v -0.0107137 0.0210641 0.00596302
v -0.00414234 0.0208053 0.0059498
v -0.0107137 0.0208053 0.0059498
v -0.00416589 0.0207818 0.00594971
v -0.00764603 0.0226594 0.0137508
v -0.0245695 0.0159537 0.0089497
v -0.0245695 0.0159537 0.035
v -0.0154352 0.0222438 0.035
v -0.0245889 0.0159404 0.00866738
v -0.0245752 0.0159498 0.00879662
v -0.0152509 0.0223707 0.00819659
v -0.0246106 0.0159254 0.00853867
v -0.024709 0.0158576 0.00819659
v -0.0246719 0.0158832 0.00830323
v -0.0246404 0.0159049 0.00841072
v -0.0152509 0.0223707 0.0345263
v -0.0245697 0.0159536 0.00892614
v -0.0120852 0.0236633 0.00820016
v -0.0120852 0.0236633 0.0121671
v -0.012268 0.0236293 0.0121275
v -0.0121826 0.0236458 0.0121437
v -0.012354 0.0236118 0.0121149
v -0.0127583 0.0235161 0.00820176
v -0.012614 0.0235528 0.0120998
v -0.0125676 0.023564 0.00820144
v -0.0125274 0.0235735 0.012101
v -0.0124404 0.0235932 0.0121061
v -0.0120981 0.0236611 0.0121637
v -0.0134162 0.0233115 0.00820176
v -0.0134167 0.0233113 0.012274
v -0.0132942 0.0233541 0.0122241
v -0.0131289 0.0234085 0.0121709
v -0.0129595 0.0234601 0.0121323
v -0.0131806 0.0233919 0.00820196
v -0.0127874 0.0235083 0.0121085
v -0.0127584 0.0235161 0.012106
v -0.0138915 0.0231235 0.0125726
v -0.0140541 0.023051 0.00820016
v -0.0140191 0.023067 0.0126904
v -0.0140551 0.0230506 0.0127276
v -0.0137541 0.0231815 0.0124663
v -0.0136081 0.0232398 0.0123723
v -0.0134544 0.0232977 0.0122914
v -0.0137788 0.0231713 0.00820102
v -0.0145699 0.022791 0.0144455
v -0.014583 0.0227838 0.0143598
v -0.0146671 0.0227366 0.0331606
v -0.014553 0.0228003 0.0145307
v -0.0144804 0.0228395 0.0147808
v -0.0145082 0.0228246 0.0146985
v -0.0145325 0.0228115 0.0146151
v -0.0143759 0.0228943 0.0150195
v -0.0144143 0.0228744 0.0149414
v -0.014449 0.0228562 0.0148621
v -0.0142593 0.0229532 0.0152175
v -0.0143344 0.0229155 0.0150957
v -0.0145925 0.0227786 0.0142732
v -0.0145981 0.0227754 0.0141868
v -0.0146 0.0227744 0.0140997
v -0.0145981 0.0227754 0.0140126
v -0.0145925 0.0227786 0.0139262
v -0.0146671 0.0227366 0.00819787
v -0.014583 0.0227838 0.0138397
v -0.0145699 0.022791 0.0137539
v -0.014553 0.0228003 0.0136688
v -0.0145325 0.0228115 0.0135843
v -0.0145083 0.0228246 0.013501
v -0.0144804 0.0228395 0.0134186
v -0.0144489 0.0228562 0.0133372
v -0.0144143 0.0228744 0.013258
v -0.0143759 0.0228943 0.0131798
v -0.0143344 0.0229155 0.0131037
v -0.0142895 0.0229382 0.0130293
v -0.0142414 0.022962 0.012957
v -0.0141361 0.0230128 0.0128189
v -0.0137379 0.0231881 0.0314756
v -0.0136081 0.0232398 0.0158271
v -0.0140541 0.023051 0.0319873
v -0.0137541 0.0231815 0.0157331
v -0.0138915 0.0231235 0.0156268
v -0.0140191 0.023067 0.015509
v -0.0140551 0.0230506 0.0154718
v -0.0141361 0.0230128 0.0153805
v -0.0130895 0.0234209 0.030607
v -0.0129595 0.0234601 0.0160671
v -0.0134162 0.0233115 0.0310152
v -0.0131289 0.0234085 0.0160285
v -0.0132942 0.0233541 0.0159754
v -0.0134167 0.0233113 0.0159254
v -0.0134544 0.0232977 0.015908
v -0.0125913 0.0235583 0.030094
v -0.012614 0.0235528 0.0160997
v -0.0127583 0.0235161 0.0302516
v -0.0127584 0.0235161 0.0160934
v -0.0127874 0.0235083 0.0160909
v -0.0121827 0.0236457 0.0160557
v -0.012268 0.0236293 0.016072
v -0.0120852 0.0236633 0.0297021
v -0.0123538 0.0236118 0.0160845
v -0.0124234 0.023597 0.0299498
v -0.0122547 0.023632 0.0298192
v -0.0125274 0.0235735 0.0160984
v -0.0124404 0.0235932 0.0160933
v -0.0119152 0.023691 0.0295987
v -0.0120852 0.0236633 0.0160323
v -0.0120981 0.0236611 0.0160357
v -0.0115415 0.0237388 0.0157966
v -0.0116162 0.0237307 0.015841
v -0.011402 0.0237521 0.0293708
v -0.0116925 0.0237217 0.015882
v -0.011771 0.0237116 0.0159198
v -0.0117446 0.0237151 0.029509
v -0.0115735 0.0237354 0.029433
v -0.011932 0.0236885 0.0159849
v -0.0118511 0.0237005 0.0159542
v -0.0112302 0.0237651 0.0293223
v -0.011402 0.0237521 0.0157012
v -0.0114688 0.0237461 0.0157491
v -0.0110582 0.0237744 0.0292877
v -0.0108859 0.0237799 0.029267
v -0.0113299 0.023758 0.0156447
v -0.0148986 0.0225999 0.00819713
v -0.0107137 0.0223796 0.0054724
v -0.0127598 0.0220508 0.00543815
v -0.0135381 0.0206201 0.00281542
v -0.014256 0.0213659 0.00549738
v -0.0107188 0.0210599 0.00265446
v -0.019213 0.0192194 0.00754657
v -0.0192381 0.0187278 0.00684658
v -0.0192548 0.0190719 0.00736229
v -0.0244612 0.0156054 0.00754657
v -0.024473 0.0156377 0.00760955
v -0.0244876 0.0156682 0.00767237
v -0.0245229 0.0157214 0.00779211
v -0.0245674 0.0157683 0.00791135
v -0.024623 0.0158109 0.00803525
v -0.0246871 0.0158474 0.00815808
v -0.0223139 0.0159537 0.0374575
v -0.02268 0.0159537 0.0372981
v -0.0245243 0.0159537 0.0353916
v -0.0245494 0.0159537 0.0352615
v -0.0219247 0.0159537 0.0375981
v -0.0322 0.0159537 0.0089497
v -0.0245645 0.0159537 0.0351309
v -0.0243893 0.0159537 0.0357765
v -0.0244442 0.0159537 0.0356493
v -0.0244892 0.0159537 0.0355209
v -0.020649 0.0159537 0.0378978
v -0.0210891 0.0159537 0.0378191
v -0.0215154 0.0159537 0.0377189
v -0.0230203 0.0159537 0.0371213
v -0.023332 0.0159537 0.0369284
v -0.0236129 0.0159537 0.0367207
v -0.019741 0.0159537 0.0379886
v -0.0201985 0.0159537 0.0379544
v -0.0241669 0.0159537 0.036148
v -0.0242505 0.0159537 0.0360261
v -0.0243247 0.0159537 0.0359021
v -0.0239719 0.0159537 0.0363852
v -0.0240739 0.0159537 0.0362679
v -0.0237411 0.0159537 0.0366119
v -0.0238609 0.0159537 0.0365
v 0.0140098 -0.023858 0.010375
v 0.0139085 -0.0239427 0.0102055
v 0.02 -0.0239426 0.0102057
v 0.0138688 -0.0239725 0.0101388
v 0.0137662 -0.0240409 0.00996576
v 0.02 -0.0240409 0.00996592
v 0.0137218 -0.0240669 0.0098905
v 0.0136205 -0.0241181 0.00971842
v 0.02 -0.024118 0.00971857
v 0.0135699 -0.0241395 0.00963244
v 0.0134717 -0.0241736 0.00946531
v 0.02 -0.0241735 0.00946549
v 0.02 -0.0242068 0.00921117
v 0.0133205 -0.024207 0.0092084
v 0.02 -0.0242182 0.00894971
v 0.013244 -0.0242157 0.00907939
v 0.0133964 -0.0241931 0.00933722
v 0.02 -0.0241726 0.00947065
v 0.02 -0.024116 0.00972616
v 0.02 -0.0240373 0.00997577
v 0.0140464 -0.0238242 0.0104359
v 0.0206544 -0.0239268 0.0102001
v 0.02 -0.0238241 0.0104361
v 0.0141791 -0.0236863 0.0106552
v 0.0141435 -0.0237258 0.0105966
v 0.0141029 -0.0237686 0.0105295
v 0.0206465 -0.0238069 0.0104343
v 0.02 -0.0236861 0.0106554
v 0.0142678 -0.0235791 0.0108007
v 0.014305 -0.02353 0.0108617
v 0.0206371 -0.0236671 0.010657
v 0.02 -0.0235298 0.010862
v 0.0143718 -0.0234344 0.0109717
v 0.0144214 -0.0233564 0.011054
v 0.0220566 -0.0234064 0.0108071
v 0.02 -0.0233561 0.0110543
v 0.0144715 -0.0232703 0.0111381
v 0.0145265 -0.0231668 0.0112307
v 0.0206141 -0.023332 0.0110613
v 0.02 -0.0231666 0.0112309
v 0.0145654 -0.0230872 0.0112964
v 0.014621 -0.0229627 0.0113903
v 0.0218852 -0.0229798 0.0112683
v 0.02 -0.0229625 0.0113905
v 0.0146486 -0.0228957 0.0114369
v 0.02 -0.0229389 0.0114072
v 0.0147047 -0.0227455 0.0115318
v 0.02 -0.0227453 0.0115319
v 0.0147212 -0.0226975 0.0115597
v 0.02 -0.0227182 0.0115478
v 0.0147771 -0.0225169 0.011654
v 0.02 -0.0225168 0.0116541
v 0.0148029 -0.022423 0.0116975
v 0.014836 -0.0222866 0.011753
v 0.02 -0.0224861 0.0116686
v 0.0148378 -0.0222787 0.011756
v 0.02 -0.0222786 0.011756
v 0.0148788 -0.0220765 0.0118243
v 0.02 -0.0222443 0.0117688
v 0.0148864 -0.0220326 0.011837
v 0.02 -0.0220325 0.0118371
v 0.0149119 -0.0218648 0.0118792
v 0.02 -0.0219947 0.0118475
v 0.0149225 -0.0217805 0.0118965
v 0.0208164 -0.0218009 0.0118875
v 0.02 -0.0217392 0.0119041
v 0.0149357 -0.0216524 0.0119181
v 0.0149502 -0.0214402 0.0119415
v 0.02 -0.021524 0.00596533
v 0.0131671 -0.0242182 0.0089497
v -0.0107098 -0.0242182 0.00894971
v -0.0107098 -0.0242101 0.00872867
v 0.02 -0.0242068 0.00868824
v -0.0107098 -0.0241814 0.00848089
v 0.02 -0.0241735 0.00843392
v -0.0107098 -0.0241735 0.00843392
v 0.02 -0.0241726 0.00842876
v -0.0107098 -0.0241322 0.00823635
v 0.02 -0.024118 0.00818084
v -0.0107098 -0.024118 0.00818084
v 0.02 -0.024116 0.00817325
v -0.0107098 -0.0240628 0.00799675
v 0.02 -0.0240409 0.00793349
v -0.0107098 -0.0240409 0.00793349
v 0.02 -0.0240373 0.00792365
v -0.0107098 -0.0239738 0.00776373
v 0.02 -0.0239426 0.00769372
v -0.0107098 -0.0239426 0.00769372
v 0.02 -0.0239371 0.00768185
v -0.0107098 -0.0238658 0.00753891
v 0.02 -0.0238241 0.00746333
v -0.0107098 -0.0238241 0.00746333
v 0.02 -0.0238163 0.00744971
v -0.0107098 -0.0237394 0.00732384
v 0.02 -0.0236861 0.00724402
v -0.0107098 -0.0236861 0.00724402
v 0.02 -0.0236757 0.00722898
v -0.0107098 -0.0235957 0.00712001
v 0.02 -0.0235298 0.00703743
v -0.0107098 -0.0235298 0.00703743
v 0.02 -0.0235163 0.00702134
v -0.0107098 -0.0234354 0.00692883
v 0.02 -0.0233561 0.00684511
v -0.0107098 -0.0233561 0.00684511
v 0.0210451 -0.0231794 0.00671546
v 0.02 -0.0231666 0.00666849
v -0.0107098 -0.0232599 0.00675163
v -0.0107098 -0.0231666 0.00666849
v 0.0206078 -0.0231159 0.00664089
v 0.02 -0.0229625 0.00650888
v -0.0111977 -0.0229764 0.00652743
v -0.0107098 -0.0229625 0.00650888
v 0.0217435 -0.0228443 0.00651005
v 0.02 -0.0227453 0.00636748
v -0.0107098 -0.0228678 0.00644392
v -0.0107098 -0.0227453 0.00636748
v 0.0209743 -0.0225533 0.00628193
v 0.02 -0.0225168 0.00624534
v -0.0107098 -0.0225168 0.00624534
v 0.0205615 -0.022461 0.00622679
v 0.02 -0.0222786 0.00614337
v -0.0107098 -0.0224301 0.00620538
v -0.0107098 -0.0222786 0.00614337
v 0.0213481 -0.0222151 0.00614735
v 0.02 -0.0220325 0.00606234
v -0.0111427 -0.0220782 0.00607745
v -0.0107098 -0.0220325 0.00606234
v 0.02 -0.0219947 0.00605193
v -0.0107098 -0.021959 0.0060426
v 0.02 -0.0217804 0.00600284
v -0.0107098 -0.0217804 0.00600284
v 0.02 -0.0217392 0.00599528
v -0.0107098 -0.0217149 0.00599111
v -0.015247 -0.0228071 0.0345263
v -0.0147808 -0.0231038 0.00879538
v -0.0146633 -0.0231731 0.0089497
v -0.0146633 -0.0231731 0.0331606
v -0.0140502 -0.0234875 0.0089497
v -0.0140502 -0.0234875 0.0319873
v -0.0134123 -0.0237479 0.0089497
v -0.0134123 -0.0237479 0.0310152
v -0.0137341 -0.0236245 0.0314756
v -0.0124195 -0.0240334 0.0299498
v -0.0125874 -0.0239948 0.030094
v -0.0127544 -0.0239525 0.0089497
v -0.0127544 -0.0239525 0.0302516
v -0.0130856 -0.0238573 0.030607
v -0.0113981 -0.0241885 0.0089497
v -0.0113981 -0.0241885 0.0293708
v -0.0120814 -0.0240998 0.0089497
v -0.0115696 -0.0241719 0.029433
v -0.0117407 -0.0241515 0.029509
v -0.0119113 -0.0241275 0.0295987
v -0.0120814 -0.0240998 0.0297021
v -0.0122508 -0.0240684 0.0298192
v -0.0107098 -0.0242182 0.0135058
v -0.0107325 -0.0242182 0.0135843
v -0.0107699 -0.024218 0.0137539
v -0.0107925 -0.0242178 0.0139262
v -0.0108 -0.0242177 0.0140997
v -0.0107925 -0.0242178 0.0142732
v -0.0112263 -0.0242015 0.0293223
v -0.0110543 -0.0242108 0.0292877
v -0.0108821 -0.0242164 0.029267
v -0.0107699 -0.024218 0.0144455
v -0.0107098 -0.0242182 0.02926
v -0.0107325 -0.0242182 0.0146151
v -0.0107098 -0.0242182 0.0146936
v -0.0154313 -0.0226802 0.035
v -0.0251994 -0.0159537 0.035
v -0.0251994 -0.0159537 0.0089497
v -0.0352 -0.012432 0.0089497
v -0.0351962 -0.0126083 0.0089497
v -0.0351844 -0.0127903 0.0089497
v -0.0351779 -0.0128585 0.0089497
v -0.0351417 -0.0131223 0.0089497
v -0.0349826 -0.0137478 0.0089497
v -0.0350423 -0.0135584 0.0089497
v -0.0350737 -0.0134426 0.0089497
v -0.0351025 -0.0133219 0.0089497
v -0.0347405 -0.0143049 0.0089497
v -0.0348117 -0.0141646 0.0089497
v -0.0348706 -0.0140361 0.0089497
v -0.034595 -0.0145527 0.0089497
v -0.0345468 -0.0146257 0.0089497
v -0.0343854 -0.0148446 0.0089497
v -0.0342128 -0.0150433 0.0089497
v -0.0342717 -0.014979 0.0089497
v -0.03365 -0.015515 0.0089497
v -0.0337716 -0.0154317 0.0089497
v -0.0338432 -0.0153784 0.0089497
v -0.0339055 -0.0153292 0.0089497
v -0.0340313 -0.0152214 0.0089497
v -0.0332517 -0.0157302 0.0089497
v -0.0330467 -0.0158105 0.0089497
v -0.0333383 -0.0156904 0.0089497
v -0.0322 -0.0159537 0.0089497
v -0.0323687 -0.0159481 0.0089497
v -0.0324219 -0.0159441 0.0089497
v -0.0325363 -0.0159315 0.0089497
v -0.0326314 -0.0159171 0.0089497
v -0.0328397 -0.0158727 0.0089497
v -0.0352 0.000131786 0.0293497
v -0.0352 0.00446191 0.0268497
v -0.0352 0.00466332 0.0264628
v -0.0352 0.00334572 0.0281799
v -0.0352 0.00366732 0.0278852
v -0.0352 0.00396201 0.0275636
v -0.0352 0.00422755 0.0272176
v -0.0352 0.012432 0.0089497
v -0.0352 0.00299967 0.0284455
v -0.0352 0.00263179 0.0286798
v -0.0352 0.00224488 0.0288812
v -0.0352 0.00184189 0.0290482
v -0.0352 0.00142588 0.0291793
v -0.0352 0.00100003 0.0292737
v -0.0352 0.000567564 0.0293307
v -0.0352 0.00483025 0.0260598
v -0.0352 -0.00479225 0.0234815
v -0.0352 -0.00469784 0.0230556
v -0.0352 -0.00157832 0.0290482
v -0.0352 -0.00198131 0.0288812
v -0.0352 0.00184189 0.0196512
v -0.0352 0.00224488 0.0198182
v -0.0352 -0.00340375 0.0278852
v -0.0352 -0.00369844 0.0275636
v -0.0352 -0.00396397 0.0272176
v -0.0352 -0.00456668 0.0260598
v -0.0352 -0.00469784 0.0256438
v -0.0352 -0.00479225 0.0252179
v -0.0352 -0.00456668 0.0226396
v -0.0352 -0.00439975 0.0222366
v -0.0352 -0.00419834 0.0218497
v -0.0352 -0.00236821 0.0200196
v -0.0352 -0.00198131 0.0198182
v -0.0352 -0.00157832 0.0196512
v -0.0352 -0.00116231 0.0195201
v -0.0352 0.00483025 0.0226396
v -0.0352 0.00496141 0.0230556
v -0.0352 0.00505582 0.0234815
v -0.0352 0.00511276 0.0239139
v -0.0352 -0.00116231 0.0291793
v -0.0352 -0.000736455 0.0292737
v -0.0352 -0.000303993 0.0293307
v -0.0352 -0.00236821 0.0286798
v -0.0352 -0.0027361 0.0284455
v -0.0352 -0.00308215 0.0281799
v -0.0352 -0.00419834 0.0268497
v -0.0352 -0.00439975 0.0264628
v -0.0352 -0.00484919 0.0247855
v -0.0352 -0.00486821 0.0243497
v -0.0352 -0.00484919 0.0239139
v -0.0352 -0.00396397 0.0214818
v -0.0352 -0.00369844 0.0211358
v -0.0352 -0.00340375 0.0208142
v -0.0352 -0.00308215 0.0205195
v -0.0352 -0.0027361 0.0202539
v -0.0352 0.000567564 0.0193687
v -0.0352 0.00100003 0.0194257
v -0.0352 0.00142588 0.0195201
v -0.0352 0.00263179 0.0200196
v -0.0352 0.00299967 0.0202539
v -0.0352 0.00334572 0.0205195
v -0.0352 0.00366732 0.0208142
v -0.0352 0.00396201 0.0211358
v -0.0352 0.00422755 0.0214818
v -0.0352 -0.000736455 0.0194257
v -0.0352 -0.000303993 0.0193687
v -0.0352 0.000131786 0.0193497
v -0.0352 0.00446191 0.0218497
v -0.0352 0.00466332 0.0222366
v -0.0352 0.00513179 0.0243497
v -0.0352 0.00511276 0.0247855
v -0.0352 0.00505582 0.0252179
v -0.0352 0.00496141 0.0256438
v -0.0323244 0.0159507 0.0089497
v -0.0325384 0.0159312 0.0089497
v -0.0327025 0.0159039 0.0089497
v -0.0327525 0.0158935 0.0089497
v -0.0328664 0.0158657 0.0089497
v -0.0329664 0.0158369 0.0089497
v -0.0331806 0.0157603 0.0089497
v -0.0333384 0.0156903 0.0089497
v -0.0333946 0.0156625 0.0089497
v -0.0334876 0.0156128 0.0089497
v -0.033606 0.0155429 0.0089497
v -0.0338138 0.0154007 0.0089497
v -0.0339052 0.0153294 0.0089497
v -0.0340166 0.0152346 0.0089497
v -0.0341557 0.0151024 0.0089497
v -0.0342126 0.0150435 0.0089497
v -0.0342717 0.0149791 0.0089497
v -0.0343982 0.0148285 0.0089497
v -0.0345457 0.0146274 0.0089497
v -0.0346398 0.014481 0.0089497
v -0.0347066 0.0143668 0.0089497
v -0.0348494 0.0140838 0.0089497
v -0.0351978 0.0125668 0.0089497
v -0.0351844 0.0127904 0.0089497
v -0.0351662 0.0129588 0.0089497
v -0.0351405 0.0131296 0.0089497
v -0.0351033 0.0133188 0.0089497
v -0.0350689 0.0134615 0.0089497
v -0.0350083 0.0136703 0.0089497
v -0.0349712 0.0137808 0.0089497
v -0.0349357 0.0138771 0.0089497
v -0.0320556 0.0129537 0.0059497
v -0.0320881 0.0139914 0.00613695
v -0.0321675 0.0157639 0.00791309
v -0.032162 0.015696 0.0077462
v -0.0321463 0.0154533 0.00729898
v -0.0322487 0.0154632 0.00731718
v -0.0321368 0.0152702 0.00704808
v -0.0321437 0.0154048 0.0072271
v -0.0322963 0.015305 0.00709733
v -0.0321541 0.0155832 0.00751633
v -0.0321684 0.0157741 0.00794105
v -0.0323878 0.015946 0.00881652
v -0.0321931 0.0159448 0.00872529
v -0.0321913 0.0159397 0.00866746
v -0.0321754 0.0158439 0.00815911
v -0.032421 0.015836 0.0081479
v -0.0321855 0.0159148 0.00847857
v -0.0321834 0.0159029 0.00841115
v -0.0321819 0.0158939 0.0083654
v -0.0321777 0.015863 0.00823086
v -0.0329228 0.0158616 0.00858699
v -0.0321596 0.0156634 0.0076747
v -0.0321516 0.0155435 0.00744551
v -0.0321357 0.015248 0.00702113
v -0.0321312 0.0151516 0.0069107
v -0.0321278 0.0150739 0.00682916
v -0.0321052 0.014495 0.00637714
v -0.0321714 0.0146093 0.0064496
v -0.0322249 0.0142015 0.0062278
v -0.032104 0.0144599 0.00635658
v -0.0329638 0.0149927 0.00688083
v -0.0321198 0.0148838 0.00665356
v -0.0323283 0.0147906 0.00658512
v -0.0321119 0.0146785 0.00649564
v -0.0320917 0.0140998 0.00617936
v -0.0320722 0.0134925 0.00599952
v -0.0320708 0.0134467 0.0059914
v -0.0320827 0.0138228 0.00608022
v -0.0320802 0.0137449 0.00605761
v -0.0320736 0.0135379 0.00600831
v -0.0320962 0.0142346 0.00623886
v -0.0320961 0.0142303 0.00623684
v -0.0320938 0.0141635 0.00620652
v -0.0324409 0.0155776 0.007524
v -0.0328851 0.0138479 0.00616623
v -0.032498 0.0135309 0.00602794
v -0.0345117 0.0146678 0.00871477
v -0.0350053 0.0137582 0.00844921
v -0.0337734 0.0152296 0.00761542
v -0.0320643 0.013236 0.00596338
v -0.0322101 0.0131766 0.00595811
v -0.0320563 0.0129773 0.0059498
v -0.0320556 -0.0129537 0.0059497
v -0.0320802 -0.0137448 0.0060576
v -0.0320827 -0.0138228 0.00608022
v -0.033537 -0.0155759 0.00868585
v -0.0330568 -0.0151532 0.00707158
v -0.0327245 -0.0135887 0.0060715
v -0.0325026 -0.0130761 0.00596948
v -0.0322106 -0.0147219 0.00652556
v -0.032823 -0.0142435 0.00628998
v -0.032104 -0.0144599 0.00635657
v -0.0321052 -0.014495 0.00637714
v -0.0320962 -0.0142346 0.00623886
v -0.0320961 -0.0142302 0.00623683
v -0.0322249 -0.0142013 0.0062278
v -0.0320917 -0.0140998 0.00617936
v -0.0323231 -0.0141274 0.00619896
v -0.0322074 -0.0138547 0.00609205
v -0.0320881 -0.0139913 0.00613694
v -0.0321536 -0.0134212 0.00598824
v -0.0320736 -0.0135379 0.00600831
v -0.0320722 -0.0134925 0.00599952
v -0.0320643 -0.013236 0.00596337
v -0.0321852 -0.0159132 0.00846907
v -0.0321913 -0.0159397 0.00866747
v -0.0321925 -0.0159431 0.00870414
v -0.0321955 -0.0159499 0.00880258
v -0.0321834 -0.0159029 0.00841115
v -0.0321777 -0.0158631 0.00823109
v -0.0321754 -0.0158439 0.00815911
v -0.0321701 -0.0157923 0.00799265
v -0.0321675 -0.0157639 0.00791308
v -0.0321623 -0.0157006 0.00775664
v -0.0321596 -0.0156634 0.00767468
v -0.0321516 -0.0155435 0.0074455
v -0.0321387 -0.0153088 0.00709676
v -0.0321413 -0.01536 0.00716451
v -0.0321437 -0.0154048 0.0072271
v -0.0321466 -0.0154574 0.00730528
v -0.0321504 -0.0155225 0.00740976
v -0.0321198 -0.0148838 0.00665356
v -0.0321246 -0.0150001 0.00675716
v -0.0322121 -0.0150233 0.00678014
v -0.032131 -0.0151452 0.00690371
v -0.0326789 -0.0155758 0.00757576
v -0.032725 -0.0156745 0.00780209
v -0.0327519 -0.0157833 0.00810518
v -0.0328135 -0.0158431 0.00838413
v -0.0328082 -0.0158886 0.00864778
v -0.0113058 -0.0241824 0.00863039
v -0.0152424 -0.0228004 0.00872867
v -0.0152405 -0.0227977 0.00868824
v -0.0113781 -0.0240123 0.00789597
v -0.0147816 -0.0230607 0.00845807
v -0.0152212 -0.0227696 0.00842876
v -0.0151982 -0.0227362 0.00823635
v -0.015189 -0.0227229 0.00817325
v -0.0151589 -0.0226791 0.00799675
v -0.0151444 -0.0226581 0.00792364
v -0.0151084 -0.0226058 0.00776373
v -0.0150876 -0.0225756 0.00768185
v -0.0140837 -0.0233008 0.00790013
v -0.0124521 -0.0233893 0.00702057
v -0.0150471 -0.0225169 0.00753891
v -0.0150191 -0.0224761 0.0074497
v -0.0149755 -0.0224128 0.00732384
v -0.0149393 -0.0223603 0.00722898
v -0.0148939 -0.0222944 0.00712001
v -0.0148489 -0.022229 0.00702134
v -0.0148031 -0.0221624 0.00692883
v -0.0147487 -0.0220834 0.00682838
v -0.013861 -0.0228497 0.00703046
v -0.0147035 -0.0220178 0.00675163
v -0.0146392 -0.0219245 0.00665157
v -0.0145959 -0.0218616 0.00658961
v -0.0145215 -0.0217535 0.00649225
v -0.0144811 -0.0216949 0.00644392
v -0.0143963 -0.0215717 0.00635163
v -0.0143598 -0.0215187 0.00631554
v -0.0142646 -0.0213805 0.00623078
v -0.0139579 -0.021885 0.00635507
v -0.0142329 -0.0213344 0.00620538
v -0.0141275 -0.0211814 0.00613063
v -0.0141012 -0.0211432 0.00611419
v -0.0139859 -0.0209758 0.00605193
v -0.0124448 -0.0225287 0.00633554
v -0.0121342 -0.0215876 0.00598047
v -0.0129222 -0.0214221 0.00600929
v -0.0129823 -0.0237955 0.00792635
v -0.0135606 -0.0211757 0.00603002
v -0.0139657 -0.0209464 0.0060426
v -0.013841 -0.0207653 0.00599528
v -0.0138273 -0.0207454 0.00599111
v -0.0136938 -0.0205516 0.00596112
v -0.0133039 -0.0207817 0.00596007
v -0.0136869 -0.0205415 0.00596007
v -0.0131119 -0.0206115 0.0059497
v -0.0244284 -0.0134747 0.00599528
v -0.0250307 -0.0154112 0.00722898
v -0.0250732 -0.0155479 0.00744291
v -0.0251994 -0.0159536 0.00892614
v -0.0251959 -0.0159423 0.00868824
v -0.0251953 -0.0159404 0.00866738
v -0.0251853 -0.0159081 0.00842876
v -0.0251843 -0.0159049 0.00841072
v -0.0251677 -0.0158515 0.00817325
v -0.0251664 -0.0158474 0.00815808
v -0.0251432 -0.0157728 0.00792364
v -0.0251418 -0.0157683 0.00791135
v -0.025112 -0.0156726 0.00768185
v -0.0251106 -0.0156682 0.00767237
v -0.0250744 -0.0155518 0.0074497
v -0.0250298 -0.0154082 0.00722469
v -0.0249812 -0.0152518 0.00702134
v -0.0249806 -0.0152502 0.00701934
v -0.0249262 -0.015075 0.00682838
v -0.0248662 -0.0148821 0.00665157
v -0.0248029 -0.0146787 0.00649525
v -0.0248016 -0.0146744 0.00649225
v -0.024735 -0.0144605 0.00635556
v -0.0247329 -0.0144537 0.00635163
v -0.0246637 -0.014231 0.00623522
v -0.0246607 -0.0142216 0.00623078
v -0.0245894 -0.0139921 0.00613512
v -0.0245855 -0.0139798 0.00613063
v -0.0245126 -0.0137453 0.00605603
v -0.0245079 -0.0137302 0.00605193
v -0.0244341 -0.0134927 0.00599852
v -0.0243477 -0.0132152 0.00596112
v -0.0243542 -0.013236 0.00596302
v -0.0242664 -0.0129537 0.0059497
v -0.0351999 0.012432 0.00892614
v -0.0351867 0.012432 0.00866738
v -0.0351944 0.012432 0.00876641
v -0.0351512 0.012432 0.00841072
v -0.0350629 0.012432 0.00805311
v -0.0350937 0.012432 0.00815808
v -0.0351132 0.012432 0.00823331
v -0.0324917 0.0128324 0.00596101
v -0.0337935 0.0132572 0.00645022
v -0.0345138 0.0128871 0.00706894
v -0.0342526 0.0135891 0.00690795
v -0.0329312 0.0143297 0.00637587
v -0.0321831 -0.0127945 0.00594978
v -0.032214 0.0124397 0.00594973
v -0.0322486 0.012432 0.0059501
v -0.0324823 0.012432 0.00596302
v -0.0326205 0.012432 0.00597932
v -0.032739 0.012432 0.00599852
v -0.0329916 0.012432 0.00605603
v -0.0333506 0.012432 0.00617913
v -0.0334773 0.012432 0.00623522
v -0.0335209 0.012432 0.00625613
v -0.0338378 0.012432 0.00643622
v -0.033925 0.012432 0.00649526
v -0.0339836 0.012432 0.00653746
v -0.0341304 0.012432 0.00665325
v -0.0343213 0.012432 0.00682838
v -0.0343917 0.012432 0.00690117
v -0.0330264 0.0129842 0.00607664
v -0.0344964 0.012432 0.00701934
v -0.0345168 0.012432 0.00704384
v -0.0347418 0.012432 0.00735622
v -0.0347941 0.012432 0.00744291
v -0.0348395 0.012432 0.00752385
v -0.0349145 0.012432 0.00767237
v -0.0350146 0.012432 0.00791135
v -0.0348881 0.0134713 0.00780936
v -0.0322236 -0.012432 0.0059498
v -0.0351944 -0.012432 0.00876644
v -0.0351867 -0.012432 0.00866738
v -0.0351785 -0.012432 0.00859095
v -0.0351512 -0.012432 0.00841072
v -0.0350937 -0.012432 0.00815808
v -0.0350629 -0.012432 0.00805329
v -0.0350146 -0.012432 0.00791135
v -0.0349145 -0.012432 0.00767237
v -0.0348396 -0.012432 0.00752408
v -0.0347941 -0.012432 0.00744291
v -0.034742 -0.012432 0.00735645
v -0.0346544 -0.012432 0.00722469
v -0.0344964 -0.012432 0.00701934
v -0.0343919 -0.012432 0.00690137
v -0.0343213 -0.012432 0.00682838
v -0.034262 -0.012432 0.0067707
v -0.0341304 -0.012432 0.00665325
v -0.033925 -0.012432 0.00649526
v -0.033838 -0.012432 0.00643634
v -0.0337068 -0.012432 0.00635556
v -0.0334773 -0.012432 0.00623522
v -0.0333508 -0.012432 0.00617919
v -0.0332384 -0.012432 0.00613513
v -0.0329916 -0.012432 0.00605603
v -0.0322486 -0.012432 0.0059501
v -0.0324823 -0.012432 0.00596302
v -0.0326206 -0.012432 0.00597933
v -0.0346758 -0.0144139 0.00872237
v -0.0351873 -0.0127917 0.00883101
v -0.0351062 -0.0131769 0.00838846
v -0.0322315 -0.012936 0.00595151
v -0.0341308 -0.0148729 0.00761218
v -0.034374 -0.0147997 0.00838934
v -0.0327185 -0.0124478 0.0059936
v -0.0342704 -0.0141238 0.00688966
v -0.0236365 0.0129537 0.0059497
v -0.0237087 0.0131856 0.00595868
v -0.0237243 0.013236 0.00596302
v -0.0237863 0.0134355 0.00598864
v -0.0238041 0.0134927 0.00599851
v -0.023863 0.0136819 0.00603942
v -0.0238827 0.0137453 0.00605602
v -0.023938 0.0139232 0.00611067
v -0.0239594 0.013992 0.00613511
v -0.024011 0.0141577 0.00620189
v -0.0240338 0.014231 0.00623519
v -0.0241051 0.0144604 0.00635552
v -0.0240812 0.0143837 0.00631244
v -0.0241484 0.0145997 0.00644154
v -0.024173 0.0146786 0.00649519
v -0.0242368 0.014884 0.00665318
v -0.024212 0.014804 0.00658828
v -0.0242715 0.0149954 0.00675163
v -0.0242962 0.015075 0.0068283
v -0.0243998 0.0154081 0.00722459
v -0.0243767 0.0153338 0.00712346
v -0.0243507 0.0152501 0.00701925
v -0.0243265 0.0151724 0.00693044
v -0.0244217 0.0154785 0.00732932
v -0.0244433 0.0155478 0.00744281
v -0.0194282 0.0183307 0.00675172
v -0.0194157 0.0184095 0.00680691
v -0.019386 0.0185745 0.0069304
v -0.0193641 0.0186807 0.00701607
v -0.0193463 0.0187598 0.00708333
v -0.0193355 0.0188052 0.00712343
v -0.0193281 0.0188354 0.00715061
v -0.0192775 0.0190208 0.00732928
v -0.0192737 0.0190337 0.00734252
v -0.0194556 0.0180912 0.00659376
v -0.0194599 0.0180824 0.00659218
v -0.0194606 0.0180761 0.0065884
v -0.0194788 0.0178716 0.00647267
v -0.019483 0.0178124 0.00644158
v -0.0194866 0.0177553 0.00641265
v -0.0194962 0.0175644 0.00632295
v -0.0194971 0.0175404 0.00631243
v -0.0195057 0.01726 0.00620188
v -0.0195036 0.0172203 0.00618694
v -0.019507 0.0172042 0.00618249
v -0.0195113 0.0169714 0.00611064
v -0.0195125 0.016878 0.00608573
v -0.0195135 0.016774 0.00606059
v -0.0195142 0.0166765 0.00603941
v -0.0195147 0.0165428 0.00601411
v -0.0195148 0.0164803 0.00600375
v -0.0195148 0.0163769 0.00598863
v -0.0195143 0.0161387 0.0059633
v -0.0195141 0.016074 0.00595868
v -0.0239619 -0.0159537 0.0369284
v -0.0236502 -0.0159537 0.0371213
v -0.0251944 -0.0159537 0.0351309
v -0.0251793 -0.0159537 0.0352615
v -0.0251542 -0.0159537 0.0353916
v -0.0233099 -0.0159537 0.0372981
v -0.0229438 -0.0159537 0.0374575
v -0.0225547 -0.0159537 0.0375981
v -0.0251191 -0.0159537 0.0355209
v -0.0250741 -0.0159537 0.0356493
v -0.0250192 -0.0159537 0.0357765
v -0.0221453 -0.0159537 0.0377189
v -0.021719 -0.0159537 0.0378191
v -0.0212789 -0.0159537 0.0378978
v -0.0208284 -0.0159537 0.0379544
v -0.0203709 -0.0159537 0.0379886
v -0.0249546 -0.0159537 0.0359021
v -0.0248804 -0.0159537 0.0360261
v -0.0247968 -0.0159537 0.036148
v -0.0247039 -0.0159537 0.0362679
v -0.0246018 -0.0159537 0.0363852
v -0.0244908 -0.0159537 0.0365
v -0.0243711 -0.0159537 0.0366119
v -0.0242428 -0.0159537 0.0367207
v -0.0104172 -0.0224721 0.0357765
v -0.0155532 -0.0224721 0.0357765
v -0.0104414 -0.0224813 0.0357424
v -0.0105344 -0.0225206 0.0355957
v 0.00118162 -0.0233394 0.0325399
v 0.00256028 -0.0242129 0.02928
v 0.00261603 -0.0242088 0.0292951
v 0.00272233 -0.0241986 0.0293334
v -0.0107325 -0.0226494 0.0351151
v -0.0106804 -0.0226049 0.0352808
v -0.0106143 -0.0225619 0.0354414
v 0.00237656 -0.0242182 0.02926
v 0.00246566 -0.0242172 0.0292637
v -0.0106804 -0.02297 0.0339186
v -0.0106143 -0.023013 0.033758
v -0.0105344 -0.0230543 0.0336037
v -0.0107325 -0.0229256 0.0340843
v -0.0107699 -0.0228801 0.0342539
v -0.00941213 -0.0232976 0.0326957
v -0.00949423 -0.02329 0.0327241
v -0.00957503 -0.0232815 0.032756
v -0.00965437 -0.023272 0.0327914
v -0.0155537 -0.0225406 0.0355209
v -0.0155384 -0.0225753 0.0353916
v -0.0107699 -0.0226948 0.0349455
v -0.0155129 -0.0226101 0.0352615
v -0.0107925 -0.022741 0.0347732
v -0.00980805 -0.0232503 0.0328723
v -0.00973209 -0.0232616 0.0328302
v -0.0107925 -0.022834 0.0344262
v -0.0108 -0.0227875 0.0345997
v -0.0154772 -0.0226451 0.0351309
v -0.0155586 -0.0225062 0.0356493
v -0.010024 -0.0232113 0.033018
v -0.00995413 -0.0232251 0.0329663
v -0.00988211 -0.0232381 0.0329177
v -0.0104414 -0.0230936 0.033457
v -0.0103361 -0.0231306 0.0333189
v -0.0102191 -0.0231651 0.0331904
v -0.0100915 -0.0231966 0.0330726
v 0.0139505 -0.0212182 0.0138078
v 0.0119801 -0.0165598 0.017239
v 0.00163133 -0.0195743 0.0379999
v 0.00163806 -0.0195314 0.038
v -0.014652 -0.0195744 0.038
v -0.0054087 -0.0162182 0.038
v -0.0146559 0.0191379 0.038
v -0.00545644 0.0191379 0.038
v -0.0054087 0.018609 0.038
v -0.00539811 0.018729 0.0379998
v 0.000934581 -0.0230737 0.0335083
v 0.00125968 -0.0229927 0.0336362
v -8.58623e-05 -0.0223759 0.0360729
v 0.00109612 -0.0230388 0.0335733
v -0.000174978 -0.0224267 0.0359325
v 0.00142433 -0.0229353 0.0336967
v 7.87389e-05 -0.0222751 0.0363061
v 0.00158904 -0.0228666 0.033754
v 0.000241017 -0.022155 0.0365298
v 0.000149929 -0.0222246 0.0364065
v 0.00175261 -0.0227866 0.0338079
v 0.000400442 -0.0220163 0.0367426
v 0.000263495 -0.0221367 0.0365603
v 0.00191373 -0.0226956 0.0338577
v 0.000431312 -0.0219871 0.0367829
v 0.00207102 -0.0225944 0.0339029
v 0.000556201 -0.0218602 0.0369429
v 0.000850555 -0.0215 0.0373004
v 0.000742374 -0.0216438 0.037172
v 0.0022231 -0.0224835 0.0339432
v 0.000707004 -0.0216877 0.0371293
v 0.000628495 -0.0217806 0.0370333
v 0.00250657 -0.022237 0.0340076
v 0.000878659 -0.0214599 0.0373334
v 0.00236866 -0.022364 0.0339782
v 0.00263418 -0.0221054 0.0340311
v 0.000984429 -0.0212985 0.0374551
v 0.00114717 -0.0210126 0.037633
v 0.00275428 -0.0219667 0.0340492
v 0.00110876 -0.0210845 0.0375922
v 0.00104214 -0.0212032 0.0375197
v 0.00122299 -0.0208598 0.0377107
v 0.00286462 -0.0218238 0.0340617
v 0.00123387 -0.0208367 0.0377215
v 0.00296584 -0.0216767 0.0340689
v 0.00132661 -0.0206258 0.0378097
v 0.00133271 -0.0206109 0.0378152
v 0.00306054 -0.0215217 0.034071
v 0.00137684 -0.0204991 0.0378539
v 0.00141889 -0.0203845 0.0378885
v 0.00314815 -0.0213592 0.0340677
v 0.00144095 -0.0203208 0.0379057
v 0.00322776 -0.0211901 0.0340591
v 0.00149268 -0.0201593 0.0379424
v 0.00149935 -0.0201371 0.0379468
v 0.0032985 -0.0210157 0.0340449
v 0.00155438 -0.0199371 0.037978
v 0.00156705 -0.0198859 0.0379838
v 0.00335961 -0.0208373 0.0340252
v 0.00160431 -0.0197191 0.0379965
v 0.00341048 -0.0206565 0.0340002
v 0.00345067 -0.020475 0.0339701
v 0.00525559 -0.0213136 0.0301992
v 0.0052396 -0.0214662 0.0302114
v 0.00520423 -0.0216852 0.0302226
v 0.0052017 -0.021698 0.030223
v 0.00516919 -0.0218446 0.0302261
v 0.00514686 -0.0219309 0.0302263
v 0.00511853 -0.0220292 0.0302252
v 0.00507546 -0.0221612 0.0302213
v 0.00504983 -0.0222321 0.030218
v 0.00498838 -0.0223854 0.0302079
v 0.00488714 -0.0226001 0.0301865
v 0.00482331 -0.022718 0.0301708
v 0.00477382 -0.0228022 0.0301577
v 0.0047304 -0.0228715 0.0301457
v 0.00465098 -0.022989 0.0301224
v 0.00452162 -0.0231586 0.0300814
v 0.00437975 -0.0233199 0.0300328
v 0.00427916 -0.0234215 0.0299966
v 0.00421739 -0.0234794 0.0299739
v 0.00364372 -0.0238897 0.0297459
v 0.00384674 -0.0237676 0.0298295
v 0.00398032 -0.0236743 0.0298829
v 0.00403861 -0.02363 0.0299057
v 0.00414327 -0.0235447 0.029946
v 0.0027769 -0.0241896 0.0293592
v 0.00288073 -0.024171 0.0294079
v 0.00299562 -0.0241451 0.029461
v 0.00321506 -0.0240799 0.0295603
v 0.00336103 -0.0240248 0.0296248
v 0.00343216 -0.0239944 0.0296557
v 0.00353348 -0.023947 0.0296992
v 0.00798646 -0.024171 0.0196194
v 0.00783019 -0.0241978 0.019535
v 0.0132995 -0.0241978 0.0094202
v 0.0134557 -0.024171 0.00950469
v 0.00996074 -0.0223864 0.0206864
v 0.00435195 -0.0242182 0.0253469
v 0.00460351 -0.0242182 0.0248971
v 0.00463455 -0.0242182 0.024804
v 0.00753086 -0.0242182 0.0193733
v 0.00442089 -0.0242182 0.0252532
v 0.00448564 -0.0242181 0.0251499
v 0.0044947 -0.0242181 0.025134
v 0.00455009 -0.0242181 0.0250261
v 0.004578 -0.0242181 0.0249628
v 0.00768071 -0.0242131 0.0194542
v 0.00814403 -0.0241327 0.0197046
v 0.00830203 -0.0240826 0.0197899
v 0.0084594 -0.0240207 0.019875
v 0.00861493 -0.023947 0.019959
v 0.00876729 -0.0238619 0.0200414
v 0.00891514 -0.0237659 0.0201213
v 0.00905717 -0.0236599 0.020198
v 0.00919217 -0.0235447 0.020271
v 0.00931913 -0.0234215 0.0203396
v 0.0094357 -0.0232932 0.0204026
v 0.00954448 -0.0231573 0.0204614
v 0.0096435 -0.0230167 0.0205149
v 0.00973327 -0.0228715 0.0205635
v 0.00981638 -0.022718 0.0206084
v 0.00989248 -0.022556 0.0206495
v 0.0100706 -0.0220292 0.0207458
v 0.0100203 -0.0222103 0.0207186
v 0.0101409 -0.021658 0.0207838
v 0.0101109 -0.0218446 0.0207676
v 0.0101604 -0.0214713 0.0207943
v 0.010078 -0.0214614 0.0209486
v 0.01315 -0.0242131 0.00933937
v 0.0130002 -0.0242182 0.00925834
v -0.0151216 -0.0210843 0.0375923
v -0.00744862 -0.0223755 0.0360741
v -0.00740067 -0.0223925 0.0360287
v -0.00752994 -0.0223474 0.0361447
v -0.00813202 -0.0221811 0.0364849
v -0.00783188 -0.022251 0.0363573
v -0.0154114 -0.0220163 0.0367427
v -0.00932376 -0.0221549 0.0365299
v -0.00907686 -0.0221223 0.0365839
v -0.00881396 -0.0221123 0.0365997
v -0.00872738 -0.0221131 0.0365984
v -0.00864037 -0.0221163 0.0365933
v -0.00839642 -0.0221357 0.0365621
v -0.00960143 -0.022207 0.0364402
v -0.0154546 -0.0221549 0.0365299
v -0.00984161 -0.0222747 0.0363071
v -0.0154163 -0.0220318 0.0367208
v -0.01546 -0.0221724 0.0365
v -0.0154919 -0.0222751 0.0363061
v -0.00995413 -0.0223092 0.0362331
v -0.0100915 -0.0223547 0.0361268
v -0.0101513 -0.0223755 0.0360741
v -0.0154976 -0.0222933 0.0362679
v -0.0155233 -0.0223759 0.0360729
v -0.0155287 -0.0223934 0.0360261
v -0.0103361 -0.0224422 0.0358805
v -0.0102191 -0.0223996 0.036009
v -0.0155484 -0.0224567 0.0358321
v -0.0153629 -0.0218601 0.0369431
v -0.0153667 -0.0218725 0.0369284
v -0.0153092 -0.0216875 0.0371295
v -0.0153117 -0.0216957 0.0371213
v -0.0152517 -0.0215027 0.0372981
v -0.0152508 -0.0214998 0.0373006
v -0.0151871 -0.0212951 0.0374575
v -0.0150517 -0.0208596 0.0377107
v -0.0151185 -0.0210744 0.0375981
v -0.014979 -0.0206257 0.0378098
v -0.0150463 -0.0208422 0.0377189
v -0.0149039 -0.0203842 0.0378886
v -0.0149711 -0.0206004 0.0378191
v -0.0148935 -0.0203508 0.0378978
v -0.014827 -0.0201369 0.0379468
v -0.014814 -0.0200953 0.0379544
v -0.0147488 -0.0198856 0.0379838
v -0.0147333 -0.0198358 0.0379886
v -0.00974148 0.022351 0.0345997
v -0.00750932 0.0220357 0.0357765
v -0.0113982 0.0227794 0.033001
v -0.0113299 0.022765 0.0330547
v -0.0143344 0.0226179 0.0336037
v -0.0142414 0.0226572 0.033457
v -0.00515353 0.02377 0.029304
v -0.00525735 0.0237784 0.0292728
v -0.0155571 0.0220357 0.0357765
v -0.0144143 0.0225766 0.033758
v -0.0131289 0.0228678 0.0326709
v -0.0130446 0.0228735 0.0326498
v -0.0129595 0.0228782 0.0326323
v -0.0128737 0.0228819 0.0326185
v -0.0127874 0.0228846 0.0326085
v -0.0127008 0.0228862 0.0326022
v -0.012614 0.0228869 0.0325998
v -0.0125271 0.0228866 0.032601
v -0.0124404 0.0228852 0.0326061
v -0.012354 0.0228829 0.0326149
v -0.0112007 0.0227339 0.0331708
v -0.0121827 0.0228751 0.0326437
v -0.012268 0.0228795 0.0326275
v -0.0143344 0.0220842 0.0355957
v -0.0144143 0.0221255 0.0354414
v -0.0155625 0.0220698 0.0356493
v -0.0144804 0.0221685 0.0352808
v -0.0155575 0.0221042 0.0355209
v -0.0145325 0.0222129 0.0351151
v -0.0155423 0.0221388 0.0353916
v -0.0132121 0.0228612 0.0326957
v -0.0132942 0.0228536 0.0327241
v -0.0155168 0.0221737 0.0352615
v -0.0145699 0.0222584 0.0349455
v -0.0154811 0.0222087 0.0351309
v -0.0145925 0.0223975 0.0344262
v -0.0145699 0.0224437 0.0342539
v -0.0145325 0.0224891 0.0340843
v -0.0144804 0.0225335 0.0339186
v -0.0120145 0.0228634 0.0326873
v -0.0120981 0.0228698 0.0326637
v -0.011932 0.0228562 0.0327146
v -0.0136081 0.0228139 0.0328723
v -0.0135321 0.0228252 0.0328302
v -0.0134544 0.0228356 0.0327914
v -0.013375 0.0228451 0.032756
v -0.0118508 0.0228479 0.0327453
v -0.011771 0.0228387 0.0327796
v -0.0116927 0.0228286 0.0328173
v -0.0145925 0.0223045 0.0347732
v -0.0146 0.022351 0.0345997
v -0.013824 0.0227749 0.033018
v -0.0137541 0.0227887 0.0329663
v -0.0136821 0.0228017 0.0329177
v -0.0141361 0.0226942 0.0333189
v -0.0140191 0.0227286 0.0331904
v -0.0138915 0.0227602 0.0330726
v -0.0116162 0.0228176 0.0328584
v -0.0115415 0.0228057 0.0329028
v -0.0114688 0.022793 0.0329504
v -0.0111351 0.0219794 0.0359644
v -0.0112007 0.0179818 0.0360287
v -0.0112007 0.0219561 0.0360287
v 0.0003 -0.0207182 0.0227333
v 0.0031 -0.0207182 0.0211167
v 0.0059 -0.0207182 0.0227333
v 0.0059 -0.0207182 0.0259664
v 0.0031 -0.0207182 0.027583
v 0.00432567 -0.0242182 0.0253783
v 0.0031 -0.0242182 0.0259499
v 0.00323945 -0.0242182 0.0259438
v -0.00594148 -0.0242182 0.0140997
v -0.00740067 -0.0242182 0.0126708
v -0.00752994 -0.0242182 0.0125547
v 0.00464548 -0.0242182 0.024764
v -0.00949423 -0.0242182 0.0122241
v -0.00965437 -0.0242182 0.0122914
v -0.0105344 -0.0242182 0.0131037
v -0.0106143 -0.0242182 0.013258
v -0.0106804 -0.0242182 0.0134186
v 0.00448564 -0.0242182 0.0235499
v 0.00441064 -0.0242182 0.0234321
v 0.00432567 -0.0242182 0.0233214
v 0.00423137 -0.0242182 0.0232185
v 0.00467569 -0.0242182 0.0246277
v 0.00469391 -0.0242182 0.0244893
v 0.0047 -0.0242182 0.0243499
v 0.00337784 -0.0242182 0.0259256
v 0.00351411 -0.0242182 0.0258953
v 0.00364723 -0.0242182 0.0258534
v 0.00469391 -0.0242182 0.0242104
v 0.00467569 -0.0242182 0.024072
v 0.00464548 -0.0242182 0.0239358
v -0.00408228 -0.0242182 0.0256605
v -0.00397154 -0.0242182 0.0255755
v 0.00242381 -0.0242182 0.0228998
v -0.00349649 -0.0242182 0.0248971
v -0.00345452 -0.0242182 0.024764
v -0.00472216 -0.0242182 0.0259256
v -0.00458589 -0.0242182 0.0258953
v 0.00377619 -0.0242182 0.0258
v 0.0039 -0.0242182 0.0257355
v 0.00401772 -0.0242182 0.0256605
v 0.00412846 -0.0242182 0.0255755
v 0.00423137 -0.0242182 0.0254812
v -0.00813202 -0.0242182 0.0122146
v -0.00829811 -0.0242182 0.0121637
v -0.00881396 -0.0242182 0.0120998
v -0.00898744 -0.0242182 0.0121085
v -0.0100915 -0.0242182 0.0125726
v -0.0102191 -0.0242182 0.0126904
v 0.00460351 -0.0242182 0.0238026
v 0.00455009 -0.0242182 0.0236737
v -0.00432381 -0.0242182 0.0258
v 0.0023 -0.0242182 0.0229642
v 0.00218228 -0.0242182 0.0230392
v -0.00527784 -0.0242182 0.0259256
v -0.00513945 -0.0242182 0.0259438
v -0.005 -0.0242182 0.0259499
v -0.00486055 -0.0242182 0.0259438
v -0.00915951 -0.0242182 0.0121323
v -0.00932887 -0.0242182 0.0121709
v -0.00980805 -0.0242182 0.0123723
v -0.00995413 -0.0242182 0.0124663
v -0.0103361 -0.0242182 0.0128189
v -0.0104414 -0.0242182 0.012957
v -0.00458589 -0.0242182 0.0228044
v -0.00472216 -0.0242182 0.0227742
v -0.00486055 -0.0242182 0.022756
v -0.005 -0.0242182 0.0227499
v -0.00659391 -0.0242182 0.0244893
v -0.00657569 -0.0242182 0.0246277
v -0.0058 -0.0242182 0.0257355
v -0.00567619 -0.0242182 0.0258
v -0.0042 -0.0242182 0.0257355
v 0.00268589 -0.0242182 0.0258953
v 0.00282216 -0.0242182 0.0259256
v 0.00296055 -0.0242182 0.0259438
v -0.00766879 -0.0242182 0.0124504
v -0.00781617 -0.0242182 0.0123584
v -0.00797097 -0.0242182 0.0122796
v -0.00846799 -0.0242182 0.0121275
v -0.00864037 -0.0242182 0.0121061
v -0.00342431 -0.0242182 0.024072
v -0.00345452 -0.0242182 0.0239358
v 0.00268589 -0.0242182 0.0228044
v 0.00282216 -0.0242182 0.0227742
v 0.00412846 -0.0242182 0.0231242
v 0.00401772 -0.0242182 0.0230392
v 0.0039 -0.0242182 0.0229642
v 0.00377619 -0.0242182 0.0228998
v 0.00337784 -0.0242182 0.0227742
v 0.00323945 -0.0242182 0.022756
v -0.00513945 -0.0242182 0.022756
v -0.00527784 -0.0242182 0.0227742
v -0.00740067 -0.0242182 0.0155287
v -0.00541411 -0.0242182 0.0228044
v -0.00554723 -0.0242182 0.0258534
v -0.00541411 -0.0242182 0.0258953
v -0.00386863 -0.0242182 0.0254812
v -0.00377433 -0.0242182 0.0253783
v -0.00368936 -0.0242182 0.0252676
v -0.00368936 -0.0242182 0.0234321
v -0.00377433 -0.0242182 0.0233214
v -0.00386863 -0.0242182 0.0232185
v -0.00397154 -0.0242182 0.0231242
v -0.00432381 -0.0242182 0.0228998
v -0.00445277 -0.0242182 0.0228464
v -0.0102191 -0.0242182 0.015509
v -0.0100915 -0.0242182 0.0156268
v -0.0058 -0.0242182 0.0229642
v -0.00995413 -0.0242182 0.0157331
v -0.00980805 -0.0242182 0.0158271
v -0.0105344 -0.0242182 0.0150957
v -0.00602846 -0.0242182 0.0231242
v -0.00613137 -0.0242182 0.0232185
v -0.00361436 -0.0242182 0.0251499
v -0.00354991 -0.0242182 0.0250261
v -0.00342431 -0.0242182 0.0246277
v -0.00340609 -0.0242182 0.0244893
v 0.00255277 -0.0242182 0.0228464
v -0.0034 -0.0242182 0.0243499
v -0.00340609 -0.0242182 0.0242104
v 0.00364723 -0.0242182 0.0228464
v 0.00351411 -0.0242182 0.0228044
v -0.00408228 -0.0242182 0.0230392
v -0.0042 -0.0242182 0.0229642
v -0.00965437 -0.0242182 0.015908
v -0.00949423 -0.0242182 0.0159754
v -0.00932887 -0.0242182 0.0160285
v -0.00915951 -0.0242182 0.0160671
v -0.00898744 -0.0242182 0.0160909
v -0.00567619 -0.0242182 0.0228998
v -0.00881396 -0.0242182 0.0160997
v -0.00864037 -0.0242182 0.0160933
v -0.00591772 -0.0242182 0.0230392
v -0.0104414 -0.0242182 0.0152424
v -0.0103361 -0.0242182 0.0153805
v -0.00645009 -0.0242182 0.0250261
v -0.00638564 -0.0242182 0.0251499
v -0.00613137 -0.0242182 0.0254812
v -0.00602846 -0.0242182 0.0255755
v -0.00591772 -0.0242182 0.0256605
v 0.00207154 -0.0242182 0.0231242
v 0.00196863 -0.0242182 0.0232185
v 0.00187433 -0.0242182 0.0233214
v 0.0031 -0.0242182 0.0227499
v 0.00296055 -0.0242182 0.022756
v -0.00781617 -0.0242182 0.015841
v -0.00766879 -0.0242182 0.0157491
v -0.00752994 -0.0242182 0.0156447
v -0.00654548 -0.0242182 0.024764
v -0.00650351 -0.0242182 0.0248971
v -0.00631064 -0.0242182 0.0252676
v -0.00622567 -0.0242182 0.0253783
v 0.00155452 -0.0242182 0.0239358
v 0.00152431 -0.0242182 0.024072
v -0.00445277 -0.0242182 0.0258534
v 0.00218228 -0.0242182 0.0256605
v 0.0023 -0.0242182 0.0257355
v -0.00349649 -0.0242182 0.0238026
v -0.00354991 -0.0242182 0.0236737
v -0.00361436 -0.0242182 0.0235499
v -0.00846799 -0.0242182 0.016072
v -0.00829811 -0.0242182 0.0160357
v -0.00554723 -0.0242182 0.0228464
v -0.00813202 -0.0242182 0.0159849
v -0.00797097 -0.0242182 0.0159198
v -0.00638564 -0.0242182 0.0235499
v -0.0106143 -0.0242182 0.0149414
v -0.00631064 -0.0242182 0.0234321
v -0.00622567 -0.0242182 0.0233214
v -0.00645009 -0.0242182 0.0236737
v -0.00650351 -0.0242182 0.0238026
v -0.00654548 -0.0242182 0.0239358
v 0.00159649 -0.0242182 0.0238026
v 0.00150609 -0.0242182 0.0242104
v 0.0015 -0.0242182 0.0243499
v 0.00150609 -0.0242182 0.0244893
v 0.00152431 -0.0242182 0.0246277
v 0.00155452 -0.0242182 0.024764
v 0.00159649 -0.0242182 0.0248971
v 0.00164991 -0.0242182 0.0250261
v 0.00171436 -0.0242182 0.0251499
v 0.00178936 -0.0242182 0.0252676
v 0.00187433 -0.0242182 0.0253783
v 0.00196863 -0.0242182 0.0254812
v 0.00207154 -0.0242182 0.0255755
v 0.00242381 -0.0242182 0.0258
v 0.00255277 -0.0242182 0.0258534
v -0.0106804 -0.0242182 0.0147808
v -0.00657569 -0.0242182 0.024072
v -0.00659391 -0.0242182 0.0242104
v -0.0066 -0.0242182 0.0243499
v 0.00178936 -0.0242182 0.0234321
v 0.00171436 -0.0242182 0.0235499
v 0.00164991 -0.0242182 0.0236737
v 0.00455009 -0.0207182 0.0250261
v 0.00448564 -0.0207182 0.0251499
v 0.00441064 -0.0207182 0.0252676
v 0.00464548 -0.0207182 0.024764
v 0.00460351 -0.0207182 0.0248971
v 0.00432567 -0.0207182 0.0253783
v 0.00423137 -0.0207182 0.0254812
v 0.00412846 -0.0207182 0.0255755
v 0.00401772 -0.0207182 0.0256605
v 0.0039 -0.0207182 0.0257355
v 0.00377619 -0.0207182 0.0258
v 0.00364723 -0.0207182 0.0258534
v 0.00351411 -0.0207182 0.0258953
v 0.00337784 -0.0207182 0.0259256
v 0.00323945 -0.0207182 0.0259438
v 0.0031 -0.0207182 0.0259499
v 0.00296055 -0.0207182 0.0259438
v 0.00282216 -0.0207182 0.0259256
v 0.00268589 -0.0207182 0.0258953
v 0.00255277 -0.0207182 0.0258534
v 0.00242381 -0.0207182 0.0258
v 0.0023 -0.0207182 0.0257355
v 0.00218228 -0.0207182 0.0256605
v 0.00207154 -0.0207182 0.0255755
v 0.00196863 -0.0207182 0.0254812
v 0.00187433 -0.0207182 0.0253783
v 0.00178936 -0.0207182 0.0252676
v 0.00171436 -0.0207182 0.0251499
v 0.00164991 -0.0207182 0.0250261
v 0.00159649 -0.0207182 0.0248971
v 0.00155452 -0.0207182 0.024764
v 0.00152431 -0.0207182 0.0246277
v 0.00150609 -0.0207182 0.0244893
v 0.0015 -0.0207182 0.0243499
v 0.00150609 -0.0207182 0.0242104
v 0.00152431 -0.0207182 0.024072
v 0.00155452 -0.0207182 0.0239358
v 0.00159649 -0.0207182 0.0238026
v 0.00164991 -0.0207182 0.0236737
v 0.00171436 -0.0207182 0.0235499
v 0.00178936 -0.0207182 0.0234321
v 0.00187433 -0.0207182 0.0233214
v 0.00196863 -0.0207182 0.0232185
v 0.00207154 -0.0207182 0.0231242
v 0.00218228 -0.0207182 0.0230392
v 0.0023 -0.0207182 0.0229642
v 0.00242381 -0.0207182 0.0228998
v 0.00255277 -0.0207182 0.0228464
v 0.00268589 -0.0207182 0.0228044
v 0.00282216 -0.0207182 0.0227742
v 0.00296055 -0.0207182 0.022756
v 0.0031 -0.0207182 0.0227499
v 0.00323945 -0.0207182 0.022756
v 0.00337784 -0.0207182 0.0227742
v 0.00351411 -0.0207182 0.0228044
v 0.00364723 -0.0207182 0.0228464
v 0.00377619 -0.0207182 0.0228998
v 0.0039 -0.0207182 0.0229642
v 0.00401772 -0.0207182 0.0230392
v 0.00412846 -0.0207182 0.0231242
v 0.00423137 -0.0207182 0.0232185
v 0.00432567 -0.0207182 0.0233214
v 0.00441064 -0.0207182 0.0234321
v 0.00448564 -0.0207182 0.0235499
v 0.00455009 -0.0207182 0.0236737
v 0.00460351 -0.0207182 0.0238026
v 0.00464548 -0.0207182 0.0239358
v 0.00467569 -0.0207182 0.024072
v 0.00469391 -0.0207182 0.0242104
v 0.0047 -0.0207182 0.0243499
v 0.00469391 -0.0207182 0.0244893
v 0.00467569 -0.0207182 0.0246277
v -0.00964965 0.0113752 0.00594776
v -0.0147995 0.00130021 0.00352243
v 0.02 0.0207818 0.00594971
v 0.00422295 0.0237938 0.00594971
v 0.00429174 0.0237848 0.00594971
v 0.00283411 0.0277818 0.0059497
v 0.00347297 0.0252318 0.00952843
v 0.0039632 0.0238877 0.00594971
v 0.00402483 0.0238559 0.00594971
v 0.00408899 0.0238295 0.00594971
v 0.0041552 0.0238087 0.00594971
v 0.0003 -0.0207182 0.0259664
v 0.00297372 -0.0174182 0.0224021
v -0.0189229 0.0166291 0.00541283
v -0.0191311 0.0175746 0.00591462
v -0.0159012 0.0181415 0.00241659
v -0.0195143 0.0157818 0.00594966
v -0.0066 -0.0207182 0.0243499
v -0.00659391 -0.0207182 0.0242104
v -0.00657569 -0.0207182 0.024072
v -0.00654548 -0.0207182 0.0239358
v -0.00650351 -0.0207182 0.0238026
v -0.00645009 -0.0207182 0.0236737
v -0.00638564 -0.0207182 0.0235499
v -0.00631064 -0.0207182 0.0234321
v -0.00622567 -0.0207182 0.0233214
v -0.00613137 -0.0207182 0.0232185
v -0.00602846 -0.0207182 0.0231242
v -0.00591772 -0.0207182 0.0230392
v -0.0058 -0.0207182 0.0229642
v -0.00567619 -0.0207182 0.0228998
v -0.00554723 -0.0207182 0.0228464
v -0.00541411 -0.0207182 0.0228044
v -0.00527784 -0.0207182 0.0227742
v -0.00513945 -0.0207182 0.022756
v -0.005 -0.0207182 0.0227499
v -0.00486055 -0.0207182 0.022756
v -0.00472216 -0.0207182 0.0227742
v -0.00458589 -0.0207182 0.0228044
v -0.00445277 -0.0207182 0.0228464
v -0.00432381 -0.0207182 0.0228998
v -0.0042 -0.0207182 0.0229642
v -0.00408228 -0.0207182 0.0230392
v -0.00397154 -0.0207182 0.0231242
v -0.00386863 -0.0207182 0.0232185
v -0.00377433 -0.0207182 0.0233214
v -0.00368936 -0.0207182 0.0234321
v -0.00361436 -0.0207182 0.0235499
v -0.00354991 -0.0207182 0.0236737
v -0.00349649 -0.0207182 0.0238026
v -0.00345452 -0.0207182 0.0239358
v -0.00342431 -0.0207182 0.024072
v -0.00340609 -0.0207182 0.0242104
v -0.0034 -0.0207182 0.0243499
v -0.00340609 -0.0207182 0.0244893
v -0.00342431 -0.0207182 0.0246277
v -0.00345452 -0.0207182 0.024764
v -0.00349649 -0.0207182 0.0248971
v -0.00354991 -0.0207182 0.0250261
v -0.00361436 -0.0207182 0.0251499
v -0.00368936 -0.0207182 0.0252676
v -0.00377433 -0.0207182 0.0253783
v -0.00386863 -0.0207182 0.0254812
v -0.00397154 -0.0207182 0.0255755
v -0.00408228 -0.0207182 0.0256605
v -0.0042 -0.0207182 0.0257355
v -0.00432381 -0.0207182 0.0258
v -0.00445277 -0.0207182 0.0258534
v -0.00458589 -0.0207182 0.0258953
v -0.00472216 -0.0207182 0.0259256
v -0.00486055 -0.0207182 0.0259438
v -0.005 -0.0207182 0.0259499
v -0.00513945 -0.0207182 0.0259438
v -0.00527784 -0.0207182 0.0259256
v -0.00541411 -0.0207182 0.0258953
v -0.00554723 -0.0207182 0.0258534
v -0.00567619 -0.0207182 0.0258
v -0.0058 -0.0207182 0.0257355
v -0.00591772 -0.0207182 0.0256605
v -0.00602846 -0.0207182 0.0255755
v -0.00613137 -0.0207182 0.0254812
v -0.00622567 -0.0207182 0.0253783
v -0.00631064 -0.0207182 0.0252676
v -0.00638564 -0.0207182 0.0251499
v -0.00645009 -0.0207182 0.0250261
v -0.00650351 -0.0207182 0.0248971
v -0.00654548 -0.0207182 0.024764
v -0.00657569 -0.0207182 0.0246277
v -0.00659391 -0.0207182 0.0244893
v -0.005 -0.0207182 0.027583
v -0.0078 -0.0207182 0.0259664
v -0.0022 -0.0207182 0.0259664
v -0.0022 -0.0207182 0.0227333
v -0.005 -0.0207182 0.0211167
v -0.0078 -0.0207182 0.0227333
v -0.0154201 0.0215954 0.0367207
v -0.0154428 0.0216681 0.0366119
v -0.0154639 0.021736 0.0365
v -0.0154835 0.021799 0.0363852
v -0.0155015 0.0218569 0.0362679
v -0.0155179 0.0219096 0.036148
v -0.0155326 0.021957 0.0360261
v -0.0155457 0.0219991 0.0359021
v -0.0153156 0.0212593 0.0371213
v -0.0153438 0.0213498 0.0370268
v -0.0153706 0.0214361 0.0369284
v -0.0153961 0.021518 0.0368263
v -0.0152556 0.0210663 0.0372981
v -0.015191 0.0208587 0.0374575
v -0.0151224 0.0206379 0.0375981
v -0.0150502 0.0204058 0.0377189
v -0.014975 0.020164 0.0378191
v -0.0148973 0.0199144 0.0378978
v -0.0148179 0.0196589 0.0379544
v -0.0147372 0.0193994 0.0379886
v -0.0113299 0.021911 0.0361447
v -0.00714027 0.0218569 0.0362679
v -0.0071406 0.0218571 0.0362674
v -0.00732426 0.0219571 0.0360258
v -0.00695925 0.021736 0.0365
v -0.0114827 0.0218612 0.0362589
v -0.00695975 0.0217364 0.0364994
v -0.0116162 0.0218215 0.036341
v -0.0118366 0.0217641 0.0364515
v -0.00678243 0.0215954 0.0367207
v -0.00678307 0.0215959 0.0367199
v -0.0120981 0.0217151 0.0365357
v -0.0134056 0.0217247 0.0365674
v -0.00644756 0.0212603 0.0371203
v -0.00661113 0.0214361 0.0369284
v -0.00661191 0.0214368 0.0369274
v -0.00629128 0.0210676 0.037297
v -0.00644668 0.0212593 0.0371213
v -0.00614426 0.0208603 0.0374563
v -0.00629031 0.0210663 0.0372981
v -0.0060076 0.0206398 0.037597
v -0.00614321 0.0208587 0.0374574
v -0.00588235 0.020408 0.0377179
v -0.00600652 0.020638 0.0375981
v -0.00576838 0.020164 0.0378191
v -0.00576946 0.0201665 0.0378182
v -0.00582378 0.0202872 0.0377711
v -0.00588125 0.0204058 0.0377189
v -0.00571742 0.0200414 0.0378607
v -0.00566979 0.0199172 0.037897
v -0.00558315 0.0196589 0.0379544
v -0.00558409 0.019662 0.0379539
v -0.00562467 0.0197888 0.0379285
v -0.00566876 0.0199144 0.0378978
v -0.00554626 0.0195312 0.0379741
v -0.00551302 0.0194028 0.0379883
v -0.00545711 0.0191416 0.038
v -0.00548278 0.0192706 0.0379971
v -0.0055122 0.0193994 0.0379886
v -0.00252223 0.0213027 0.0299362
v -0.00247913 0.0210433 0.0299177
v -0.00258608 0.0215575 0.0299466
v -0.00267048 0.0218069 0.0299488
v -0.00258629 0.0215582 0.0299466
v -0.00277467 0.0220485 0.0299427
v -0.00267083 0.0218078 0.0299488
v -0.00289786 0.0222805 0.0299285
v -0.00277519 0.0220496 0.0299427
v -0.00289859 0.0222818 0.0299284
v -0.00303912 0.0225011 0.0299062
v -0.00304009 0.0225025 0.029906
v -0.00319738 0.0227087 0.029876
v -0.00319861 0.0227101 0.0298757
v -0.00337143 0.0229016 0.0298381
v -0.00337294 0.0229031 0.0298377
v -0.00355995 0.0230784 0.0297928
v -0.00356176 0.0230799 0.0297923
v -0.00376151 0.0232377 0.0297404
v -0.00376362 0.0232392 0.0297399
v -0.00397458 0.0233784 0.0296814
v -0.003977 0.0233799 0.0296807
v -0.00419754 0.0234994 0.0296162
v -0.00420027 0.0235007 0.0296154
v -0.00442869 0.0235997 0.0295453
v -0.00443173 0.0236009 0.0295444
v -0.00466628 0.0236786 0.0294693
v -0.00466962 0.0236796 0.0294682
v -0.00490851 0.0237355 0.0293886
v -0.00491212 0.0237362 0.0293874
v -0.0113299 0.0179818 0.0361447
v -0.0137541 0.0179818 0.0329663
v -0.0138915 0.0179818 0.0330726
v -0.0136081 0.0179818 0.0328723
v -0.0134544 0.0179818 0.0327914
v -0.0132942 0.0179818 0.0327241
v -0.0131289 0.0179818 0.0326709
v -0.0129595 0.0179818 0.0326323
v -0.0127874 0.0179818 0.0326085
v -0.012614 0.0179818 0.0325998
v -0.0124404 0.0179818 0.0326061
v -0.012268 0.0179818 0.0326275
v -0.0120981 0.0179818 0.0326637
v -0.011932 0.0179818 0.0327146
v -0.011771 0.0179818 0.0327796
v -0.0116162 0.0179818 0.0328584
v -0.0114688 0.0179818 0.0329504
v -0.0113299 0.0179818 0.0330547
v -0.0112007 0.0179818 0.0331708
v -0.0114688 0.0179818 0.0362491
v -0.0116312 0.0179817 0.0362632
v -0.0140191 0.0179818 0.0331904
v -0.0141361 0.0179818 0.0333189
v -0.0142414 0.0179818 0.033457
v -0.0143344 0.0179818 0.0336037
v -0.0144143 0.0179818 0.033758
v -0.0144804 0.0179818 0.0339186
v -0.0145325 0.0179818 0.0340843
v -0.0145699 0.0179818 0.0342539
v -0.0145925 0.0179818 0.0344262
v -0.0146 0.0179818 0.0345997
v -0.0145925 0.0179818 0.0347732
v -0.0145699 0.0179818 0.0349455
v -0.0145325 0.0179818 0.0351151
v -0.0144804 0.0179818 0.0352808
v -0.0144143 0.0179818 0.0354414
v -0.0143344 0.0179818 0.0355957
v -0.0134991 0.0179818 0.0364973
v 0.00974101 -0.00324355 0.000949706
v 0.00323487 0.00278455 0.00257266
v -0.00790457 -0.00568661 0.00394971
v -0.00784843 -0.00594105 0.00394971
v -0.00777041 -0.00618965 0.00394971
v -0.00767112 -0.00643054 0.00394971
v -0.00755131 -0.00666191 0.00394971
v -0.00741187 -0.00688201 0.00394971
v -0.00725385 -0.00708919 0.00394971
v -0.00707846 -0.00728186 0.00394971
v -0.00688701 -0.0074586 0.00394971
v -0.00668095 -0.00761805 0.00394971
v -0.00646182 -0.00775903 0.00394971
v -0.00623129 -0.00788046 0.00394971
v -0.0059911 -0.00798143 0.00394971
v -0.00574305 -0.00806117 0.00394971
v -0.00548902 -0.0081191 0.00394971
v -0.00523091 -0.00815476 0.00394971
v -0.00497069 -0.00816789 0.00394971
v -0.00471031 -0.00815839 0.00394971
v -0.00445174 -0.00812634 0.00394971
v -0.00419692 -0.00807197 0.00394971
v -0.00394778 -0.00799569 0.00394971
v -0.00304466 -0.0028505 0.00394971
v -0.00325293 -0.00269394 0.00394971
v -0.003474 -0.00255604 0.00394971
v -0.0037062 -0.00243784 0.00394971
v -0.00394778 -0.00234023 0.00394971
v -0.00419692 -0.00226396 0.00394971
v -0.00445174 -0.00220959 0.00394971
v -0.00471031 -0.00217753 0.00394971
v -0.00497069 -0.00216804 0.00394971
v -0.00523091 -0.00218117 0.00394971
v -0.00548902 -0.00221683 0.00394971
v -0.00574305 -0.00227475 0.00394971
v -0.0059911 -0.0023545 0.00394971
v -0.00623129 -0.00245547 0.00394971
v -0.00646182 -0.0025769 0.00394971
v -0.00668095 -0.00271787 0.00394971
v -0.00688701 -0.00287733 0.00394971
v -0.00707846 -0.00305406 0.00394971
v -0.00725385 -0.00324674 0.00394971
v -0.00741187 -0.00345391 0.00394971
v -0.00755131 -0.00367401 0.00394971
v -0.00767112 -0.00390538 0.00394971
v -0.00777041 -0.00414628 0.00394971
v -0.00784843 -0.00439488 0.00394971
v -0.00790457 -0.00464931 0.00394971
v -0.00793843 -0.00490765 0.00394971
v -0.00794975 -0.00516796 0.00394971
v -0.00793843 -0.00542827 0.00394971
v -0.00725385 0.00281031 0.00394971
v -0.00707846 0.00261763 0.00394971
v -0.00688701 0.0024409 0.00394971
v -0.00668095 0.00228144 0.00394971
v -0.00646182 0.00214047 0.00394971
v -0.00623129 0.00201904 0.00394971
v -0.0059911 0.00191807 0.00394971
v -0.00574305 0.00183832 0.00394971
v -0.00548902 0.0017804 0.00394971
v -0.00523091 0.00174474 0.00394971
v -0.00497069 0.00173161 0.00394971
v -0.00471031 0.0017411 0.00394971
v -0.00445174 0.00177316 0.00394971
v -0.00419692 0.00182753 0.00394971
v -0.00394778 0.0019038 0.00394971
v -0.0037062 0.00200141 0.00394971
v -0.003474 0.00211961 0.00394971
v -0.00325293 0.00225751 0.00394971
v -0.00304466 0.00241407 0.00394971
v -0.00445174 0.00768991 0.00394971
v -0.00471031 0.00772196 0.00394971
v -0.00497069 0.00773146 0.00394971
v -0.00523091 0.00771833 0.00394971
v -0.00548902 0.00768267 0.00394971
v -0.00574305 0.00762474 0.00394971
v -0.0059911 0.007545 0.00394971
v -0.00623129 0.00744403 0.00394971
v -0.00646182 0.0073226 0.00394971
v -0.00668095 0.00718163 0.00394971
v -0.00688701 0.00702217 0.00394971
v -0.00707846 0.00684544 0.00394971
v -0.00725385 0.00665276 0.00394971
v -0.00741187 0.00644558 0.00394971
v -0.00755131 0.00622548 0.00394971
v -0.00767112 0.00599411 0.00394971
v -0.00777041 0.00575322 0.00394971
v -0.00784843 0.00550462 0.00394971
v -0.00790457 0.00525019 0.00394971
v -0.00793843 0.00499184 0.00394971
v -0.00794975 0.00473153 0.00394971
v -0.00793843 0.00447122 0.00394971
v -0.00790457 0.00421288 0.00394971
v -0.00784843 0.00395845 0.00394971
v -0.00777041 0.00370985 0.00394971
v -0.00767112 0.00346895 0.00394971
v -0.00755131 0.00323758 0.00394971
v -0.00741187 0.00301748 0.00394971
v 0.00342927 -0.00653952 0.0026342
v 0.00321855 -0.00761805 0.00394971
v 0.00343767 -0.00775903 0.00394971
v 0.0036682 -0.00788046 0.00394971
v 0.00390839 -0.00798143 0.00394971
v 0.00415645 -0.00806117 0.00394971
v 0.00441048 -0.0081191 0.00394971
v 0.00466858 -0.00815476 0.00394971
v 0.0049288 -0.00816789 0.00394971
v 0.00518918 -0.00815839 0.00394971
v 0.00544776 -0.00812634 0.00394971
v 0.00570258 -0.00807197 0.00394971
v 0.00678373 -0.00503371 0.00340833
v -0.000222754 -0.0118296 0.00230693
v 0.000343407 -0.00324309 0.000949706
v 0.00044821 -0.00288075 0.000949706
v 0.000677547 -0.00283182 0.000949706
v 0.0011192 -0.00267533 0.000949706
v 0.000901772 -0.00276317 0.000949706
v 0.0110735 -0.00333334 0.00051343
v -0.0111231 -0.00324309 0.000949706
v -0.00025305 -0.00290633 0.000949706
v -1.88494e-05 -0.00291815 0.000949706
v -0.000485342 0.00243781 0.000949706
v 0.000215493 -0.0029096 0.000949706
v 0.000343717 -0.00289625 0.000949706
v -0.000713972 0.00238568 0.000949706
v -0.000937217 0.0023139 0.000949706
v -0.00115339 0.00222303 0.000949706
v -0.00155808 -0.0024233 0.000949706
v -0.00136087 -0.00255017 0.000949706
v -0.00207369 0.00151089 0.000949706
v -0.00221591 0.00132443 0.000949706
v -0.000485342 -0.00287423 0.000949706
v -0.000713972 -0.0028221 0.000949706
v -0.0025386 0.000701303 0.000949706
v -0.00260881 0.000477562 0.000949706
v -0.00265934 0.000248573 0.000949706
v -0.00244924 -0.00135454 0.000949706
v -0.0023414 -0.00156277 0.000949706
v -0.00221591 -0.00176086 0.000949706
v -0.00207369 -0.00194732 0.000949706
v -0.00115339 -0.00265946 0.000949706
v -0.000937217 -0.00275033 0.000949706
v -0.0023414 0.00112634 0.000949706
v -0.00244924 0.000918107 0.000949706
v -0.00265934 -0.000685002 0.000949706
v -0.00260881 -0.000913991 0.000949706
v -0.0025386 -0.00113773 0.000949706
v -0.00191584 -0.00212073 0.000949706
v -0.00174354 -0.00227979 0.000949706
v -0.00136087 0.00211375 0.000949706
v -0.00155808 0.00198687 0.000949706
v -0.00191584 0.0016843 0.000949706
v -0.00174354 0.00184336 0.000949706
v -0.00268982 1.60628e-05 0.000949706
v -0.0027 -0.000218214 0.000949706
v -0.00268982 -0.000452492 0.000949706
v -0.0111231 -0.00472106 0.000949706
v -0.00740067 -0.0184182 0.0126708
v -0.0107325 -0.0184182 0.0146151
v -0.0106804 -0.0184182 0.0147808
v -0.00752994 -0.0184182 0.0156447
v -0.00766879 -0.0184182 0.0157491
v -0.00781617 -0.0184182 0.015841
v -0.00797097 -0.0184182 0.0159198
v -0.00813202 -0.0184182 0.0159849
v -0.00829811 -0.0184182 0.0160357
v -0.00846799 -0.0184182 0.016072
v -0.00864037 -0.0184182 0.0160933
v -0.00881396 -0.0184182 0.0160997
v -0.00898744 -0.0184182 0.0160909
v -0.00915951 -0.0184182 0.0160671
v -0.00932887 -0.0184182 0.0160285
v -0.00949423 -0.0184182 0.0159754
v -0.00965437 -0.0184182 0.015908
v -0.00980805 -0.0184182 0.0158271
v -0.00995413 -0.0184182 0.0157331
v -0.0100915 -0.0184182 0.0156268
v -0.0102191 -0.0184182 0.015509
v -0.0103361 -0.0184182 0.0153805
v -0.0104414 -0.0184182 0.0152424
v -0.0105344 -0.0184182 0.0150957
v -0.0106143 -0.0184182 0.0149414
v -0.0107699 -0.0184182 0.0144455
v -0.0107925 -0.0184182 0.0142732
v -0.0108 -0.0184182 0.0140997
v -0.0107925 -0.0184182 0.0139262
v -0.0107699 -0.0184182 0.0137539
v -0.0107325 -0.0184182 0.0135843
v -0.0106804 -0.0184182 0.0134186
v -0.0106143 -0.0184182 0.013258
v -0.0105344 -0.0184182 0.0131037
v -0.0104414 -0.0184182 0.012957
v -0.0103361 -0.0184182 0.0128189
v -0.0102191 -0.0184182 0.0126904
v -0.0100915 -0.0184182 0.0125726
v -0.00995413 -0.0184182 0.0124663
v -0.00980805 -0.0184182 0.0123723
v -0.00965437 -0.0184182 0.0122914
v -0.00949423 -0.0184182 0.0122241
v -0.00932887 -0.0184182 0.0121709
v -0.00915951 -0.0184182 0.0121323
v -0.00898744 -0.0184182 0.0121085
v -0.00881396 -0.0184182 0.0120998
v -0.00864037 -0.0184182 0.0121061
v -0.00846799 -0.0184182 0.0121275
v -0.00829811 -0.0184182 0.0121637
v -0.00813202 -0.0184182 0.0122146
v -0.00797097 -0.0184182 0.0122796
v -0.00781617 -0.0184182 0.0123584
v -0.00766879 -0.0184182 0.0124504
v -0.00752994 -0.0184182 0.0125547
v -0.00740067 -0.0184182 0.0360287
v -0.00949423 -0.0184182 0.0327241
v -0.00965437 -0.0184182 0.0327914
v -0.00980805 -0.0184182 0.0328723
v -0.00995413 -0.0184182 0.0329663
v -0.0104414 -0.0184182 0.0357424
v -0.0105344 -0.0184182 0.0355957
v -0.0106143 -0.0184182 0.0354414
v -0.0106804 -0.0184182 0.0352808
v -0.0107325 -0.0184182 0.0351151
v -0.0107699 -0.0184182 0.0349455
v -0.0107925 -0.0184182 0.0347732
v -0.0108 -0.0184182 0.0345997
v -0.0107925 -0.0184182 0.0344262
v -0.0107699 -0.0184182 0.0342539
v -0.0107325 -0.0184182 0.0340843
v -0.0106804 -0.0184182 0.0339186
v -0.0106143 -0.0184182 0.033758
v -0.0105344 -0.0184182 0.0336037
v -0.0104414 -0.0184182 0.033457
v -0.0103361 -0.0184182 0.0333189
v -0.0102191 -0.0184182 0.0331904
v -0.0100915 -0.0184182 0.0330726
v -0.0102191 -0.0184182 0.036009
v -0.0103361 -0.0184182 0.0358805
v -0.00995413 -0.0184182 0.0362331
v -0.0100915 -0.0184182 0.0361268
v -0.00937355 -0.0184182 0.0365365
v -0.00881396 -0.0184182 0.0365997
v -0.00864037 -0.0184182 0.0365933
v -0.00806097 -0.0184182 0.0364801
v -0.00752994 -0.0184182 0.0361447
v -0.00897976 -0.0184182 0.0150834
v -0.00906443 -0.0184182 0.0150641
v -0.00914712 -0.0184182 0.0150375
v -0.00922718 -0.0184182 0.0150039
v -0.00930403 -0.0184182 0.0149634
v -0.00937707 -0.0184182 0.0149164
v -0.00944575 -0.0184182 0.0148633
v -0.00950957 -0.0184182 0.0148043
v -0.00956804 -0.0184182 0.0147401
v -0.00962071 -0.0184182 0.0146711
v -0.00966719 -0.0184182 0.0145977
v -0.00970713 -0.0184182 0.0145206
v -0.00974022 -0.0184182 0.0144403
v -0.00976623 -0.0184182 0.0143574
v -0.00978494 -0.0184182 0.0142726
v -0.00979623 -0.0184182 0.0141865
v -0.0098 -0.0184182 0.0140997
v -0.00979623 -0.0184182 0.0140129
v -0.00978494 -0.0184182 0.0139268
v -0.00976623 -0.0184182 0.013842
v -0.00974022 -0.0184182 0.0137591
v -0.00970713 -0.0184182 0.0136788
v -0.00966719 -0.0184182 0.0136017
v -0.00962071 -0.0184182 0.0135284
v -0.00956804 -0.0184182 0.0134593
v -0.00950957 -0.0184182 0.0133951
v -0.00944575 -0.0184182 0.0133362
v -0.00937707 -0.0184182 0.013283
v -0.00930403 -0.0184182 0.013236
v -0.00922718 -0.0184182 0.0131955
v -0.00914712 -0.0184182 0.0131619
v -0.00906443 -0.0184182 0.0131353
v -0.00897976 -0.0184182 0.013116
v -0.00889372 -0.0184182 0.0131041
v -0.00880698 -0.0184182 0.0130997
v -0.00872019 -0.0184182 0.0131029
v -0.008634 -0.0184182 0.0131136
v -0.00854906 -0.0184182 0.0131317
v -0.00846601 -0.0184182 0.0131571
v -0.00838548 -0.0184182 0.0131897
v -0.00830808 -0.0184182 0.0132291
v -0.00695999 -0.0184182 0.014228
v -0.00823439 -0.0184182 0.0149244
v -0.00830808 -0.0184182 0.0149703
v -0.00838548 -0.0184182 0.0150097
v -0.00846601 -0.0184182 0.0150423
v -0.00854906 -0.0184182 0.0150677
v -0.008634 -0.0184182 0.0150858
v -0.00872019 -0.0184182 0.0150965
v -0.00880698 -0.0184182 0.0150997
v -0.00889372 -0.0184182 0.0150953
v 0.000901772 -0.00276317 0.00994971
v 0.000677547 -0.00283182 0.00994971
v 0.000644154 -0.00284025 0.00994971
v 0.00044821 -0.00288075 0.00994971
v 0.000215493 -0.0029096 0.00994971
v -1.88494e-05 -0.00291815 0.00994971
v -0.00025305 -0.00290633 0.00994971
v -0.000485342 -0.00287423 0.00994971
v -0.000713972 -0.0028221 0.00994971
v -0.000937217 -0.00275033 0.00994971
v -0.00115339 -0.00265946 0.00994971
v -0.00136087 -0.00255017 0.00994971
v -0.00155808 -0.0024233 0.00994971
v -0.00174354 -0.00227979 0.00994971
v -0.00191584 -0.00212073 0.00994971
v -0.00207369 -0.00194732 0.00994971
v -0.00221591 -0.00176086 0.00994971
v -0.0023414 -0.00156277 0.00994971
v -0.00244924 -0.00135454 0.00994971
v -0.0025386 -0.00113773 0.00994971
v -0.00260881 -0.000913991 0.00994971
v -0.00265934 -0.000685002 0.00994971
v -0.00268982 -0.000452492 0.00994971
v -0.0027 -0.000218214 0.00994971
v -0.00268982 1.60628e-05 0.00994971
v -0.00265934 0.000248573 0.00994971
v -0.00260881 0.000477562 0.00994971
v -0.0025386 0.000701303 0.00994971
v -0.00244924 0.000918107 0.00994971
v -0.0023414 0.00112634 0.00994971
v -0.00221591 0.00132443 0.00994971
v -0.00207369 0.00151089 0.00994971
v -0.00191584 0.0016843 0.00994971
v -0.00174354 0.00184336 0.00994971
v -0.00155808 0.00198687 0.00994971
v -0.00136087 0.00211375 0.00994971
v -0.00115339 0.00222303 0.00994971
v -0.000937217 0.0023139 0.00994971
v -0.000713972 0.00238568 0.00994971
v -0.000485342 0.00243781 0.00994971
v -0.000149704 0.00526929 0.0073368
v 0.00773051 0.00849604 0.00643998
v -0.00285076 -0.00302454 0.00994971
v -0.00304466 -0.0028505 0.00994971
v -0.00325293 -0.00269394 0.00994971
v -0.003474 -0.00255604 0.00994971
v -0.0037062 -0.00243784 0.00994971
v -0.00394778 -0.00234023 0.00994971
v -0.00419692 -0.00226396 0.00994971
v -0.00445174 -0.00220959 0.00994971
v -0.00471031 -0.00217753 0.00994971
v -0.00497069 -0.00216804 0.00994971
v -0.00523091 -0.00218117 0.00994971
v -0.00548902 -0.00221683 0.00994971
v -0.00574305 -0.00227475 0.00994971
v -0.0059911 -0.0023545 0.00994971
v -0.00623129 -0.00245547 0.00994971
v -0.00646182 -0.0025769 0.00994971
v -0.00668095 -0.00271787 0.00994971
v -0.00688701 -0.00287733 0.00994971
v -0.00707846 -0.00305406 0.00994971
v -0.00725385 -0.00324674 0.00994971
v -0.00741187 -0.00345391 0.00994971
v -0.00755131 -0.00367401 0.00994971
v -0.00767112 -0.00390538 0.00994971
v -0.00777041 -0.00414628 0.00994971
v -0.00784843 -0.00439488 0.00994971
v -0.00790457 -0.00464931 0.00994971
v -0.00793843 -0.00490765 0.00994971
v -0.00794975 -0.00516796 0.00994971
v -0.00793843 -0.00542827 0.00994971
v -0.00790457 -0.00568661 0.00994971
v -0.00784843 -0.00594105 0.00994971
v -0.00777041 -0.00618965 0.00994971
v -0.00767112 -0.00643054 0.00994971
v -0.00755131 -0.00666191 0.00994971
v -0.00741187 -0.00688201 0.00994971
v -0.00725385 -0.00708919 0.00994971
v -0.00707846 -0.00728186 0.00994971
v -0.00688701 -0.0074586 0.00994971
v -0.00668095 -0.00761805 0.00994971
v -0.00646182 -0.00775903 0.00994971
v -0.00623129 -0.00788046 0.00994971
v -0.0059911 -0.00798143 0.00994971
v -0.00574305 -0.00806117 0.00994971
v -0.00548902 -0.0081191 0.00994971
v -0.00523091 -0.00815476 0.00994971
v -0.00497069 -0.00816789 0.00994971
v -0.00471031 -0.00815839 0.00994971
v -0.00445174 -0.00812634 0.00994971
v -0.00419692 -0.00807197 0.00994971
v -0.000596716 -0.00583985 0.00760188
v -0.00445174 0.00768991 0.00994971
v -0.00471031 0.00772196 0.00994971
v -0.00497069 0.00773146 0.00994971
v -0.00523091 0.00771833 0.00994971
v -0.00548902 0.00768267 0.00994971
v -0.00574305 0.00762474 0.00994971
v -0.0059911 0.007545 0.00994971
v -0.00623129 0.00744403 0.00994971
v -0.00646182 0.0073226 0.00994971
v -0.00668095 0.00718163 0.00994971
v -0.00688701 0.00702217 0.00994971
v -0.00707846 0.00684544 0.00994971
v -0.00725385 0.00665276 0.00994971
v -0.00741187 0.00644558 0.00994971
v -0.00755131 0.00622548 0.00994971
v -0.00767112 0.00599411 0.00994971
v -0.00777041 0.00575322 0.00994971
v -0.00784843 0.00550462 0.00994971
v -0.00790457 0.00525019 0.00994971
v -0.00793843 0.00499184 0.00994971
v -0.00794975 0.00473153 0.00994971
v -0.00793843 0.00447122 0.00994971
v -0.00790457 0.00421288 0.00994971
v -0.00784843 0.00395845 0.00994971
v -0.00777041 0.00370985 0.00994971
v -0.00767112 0.00346895 0.00994971
v -0.00755131 0.00323758 0.00994971
v -0.00741187 0.00301748 0.00994971
v -0.00725385 0.00281031 0.00994971
v -0.00707846 0.00261763 0.00994971
v -0.00688701 0.0024409 0.00994971
v -0.00668095 0.00228144 0.00994971
v -0.00646182 0.00214047 0.00994971
v -0.00623129 0.00201904 0.00994971
v -0.0059911 0.00191807 0.00994971
v -0.00574305 0.00183832 0.00994971
v -0.00548902 0.0017804 0.00994971
v -0.00523091 0.00174474 0.00994971
v -0.00497069 0.00173161 0.00994971
v -0.00471031 0.0017411 0.00994971
v -0.00445174 0.00177316 0.00994971
v -0.00419692 0.00182753 0.00994971
v -0.00394778 0.0019038 0.00994971
v -0.0037062 0.00200141 0.00994971
v -0.003474 0.00211961 0.00994971
v -0.00325293 0.00225751 0.00994971
v -0.00304466 0.00241407 0.00994971
v 0.0017655 -0.00378124 0.00994971
v 0.00271464 -0.000426437 0.00797063
v 0.00301249 -0.0074586 0.00994971
v 0.00321855 -0.00761805 0.00994971
v 0.00343767 -0.00775903 0.00994971
v 0.0036682 -0.00788046 0.00994971
v 0.00390839 -0.00798143 0.00994971
v 0.00415645 -0.00806117 0.00994971
v 0.00441048 -0.0081191 0.00994971
v 0.00466858 -0.00815476 0.00994971
v 0.0049288 -0.00816789 0.00994971
v 0.00518918 -0.00815839 0.00994971
v 0.00544776 -0.00812634 0.00994971
v 0.00570258 -0.00807197 0.00994971
v -0.00937707 -0.0184182 0.0354164
v -0.00944575 -0.0184182 0.0353633
v -0.00950957 -0.0184182 0.0353043
v -0.00956804 -0.0184182 0.0352401
v -0.00962071 -0.0184182 0.0351711
v -0.00966719 -0.0184182 0.0350977
v -0.00970713 -0.0184182 0.0350206
v -0.00974022 -0.0184182 0.0349403
v -0.00976623 -0.0184182 0.0348574
v -0.00978494 -0.0184182 0.0347726
v -0.00979623 -0.0184182 0.0346865
v -0.0098 -0.0184182 0.0345997
v -0.00979623 -0.0184182 0.0345129
v -0.00978494 -0.0184182 0.0344268
v -0.00976623 -0.0184182 0.034342
v -0.00974022 -0.0184182 0.0342591
v -0.00970713 -0.0184182 0.0341788
v -0.00966719 -0.0184182 0.0341017
v -0.00962071 -0.0184182 0.0340284
v -0.00956804 -0.0184182 0.0339593
v -0.00950957 -0.0184182 0.0338951
v -0.00944575 -0.0184182 0.0338362
v -0.00937707 -0.0184182 0.033783
v -0.00930403 -0.0184182 0.033736
v -0.00922718 -0.0184182 0.0336955
v -0.00914712 -0.0184182 0.0336619
v -0.0069865 -0.0194721 0.0337365
v -0.00823439 -0.0184182 0.0354244
v -0.00830808 -0.0184182 0.0354703
v -0.00838548 -0.0184182 0.0355097
v -0.00846601 -0.0184182 0.0355423
v -0.00854906 -0.0184182 0.0355677
v -0.008634 -0.0184182 0.0355858
v -0.00872019 -0.0184182 0.0355965
v -0.00880698 -0.0184182 0.0355997
v -0.00889372 -0.0184182 0.0355953
v -0.00897976 -0.0184182 0.0355834
v -0.00906443 -0.0184182 0.0355641
v -0.00914712 -0.0184182 0.0355375
v -0.00922718 -0.0184182 0.0355039
v -0.00930403 -0.0184182 0.0354634
v -0.015 -0.0174182 0.0173497
v -0.015 -0.0174182 0.0313497
v 0.0111577 -0.0162182 0.0173497
v -0.015 -0.0162182 0.0173497
v -0.00730716 -0.0162182 0.0140899
v -0.00823439 -0.0162182 0.013275
v -0.00830808 -0.0162182 0.0132291
v -0.00838548 -0.0162182 0.0131897
v -0.00846601 -0.0162182 0.0131571
v -0.00854906 -0.0162182 0.0131317
v -0.008634 -0.0162182 0.0131136
v -0.00872019 -0.0162182 0.0131029
v -0.00880698 -0.0162182 0.0130997
v -0.00889372 -0.0162182 0.0131041
v -0.00897976 -0.0162182 0.013116
v -0.00906443 -0.0162182 0.0131353
v -0.00914712 -0.0162182 0.0131619
v -0.00922718 -0.0162182 0.0131955
v -0.00930403 -0.0162182 0.013236
v -0.00937707 -0.0162182 0.013283
v -0.00944575 -0.0162182 0.0133362
v -0.00950957 -0.0162182 0.0133951
v -0.00956804 -0.0162182 0.0134593
v -0.00962071 -0.0162182 0.0135284
v -0.00966719 -0.0162182 0.0136017
v -0.00970713 -0.0162182 0.0136788
v -0.00974022 -0.0162182 0.0137591
v -0.00976623 -0.0162182 0.013842
v -0.00978494 -0.0162182 0.0139268
v -0.00979623 -0.0162182 0.0140129
v -0.0098 -0.0162182 0.0140997
v -0.00979623 -0.0162182 0.0141865
v -0.00978494 -0.0162182 0.0142726
v -0.00976623 -0.0162182 0.0143574
v -0.00974022 -0.0162182 0.0144403
v -0.00970713 -0.0162182 0.0145206
v -0.00966719 -0.0162182 0.0145977
v -0.00962071 -0.0162182 0.0146711
v -0.00956804 -0.0162182 0.0147401
v -0.00950957 -0.0162182 0.0148043
v -0.00944575 -0.0162182 0.0148633
v -0.00937707 -0.0162182 0.0149164
v -0.00930403 -0.0162182 0.0149634
v -0.00922718 -0.0162182 0.0150039
v -0.00914712 -0.0162182 0.0150375
v -0.00906443 -0.0162182 0.0150641
v -0.00897976 -0.0162182 0.0150834
v -0.00889372 -0.0162182 0.0150953
v -0.00880698 -0.0162182 0.0150997
v -0.00872019 -0.0162182 0.0150965
v -0.008634 -0.0162182 0.0150858
v -0.00854906 -0.0162182 0.0150677
v -0.00846601 -0.0162182 0.0150423
v -0.00838548 -0.0162182 0.0150097
v -0.00830808 -0.0162182 0.0149703
v -0.00823439 -0.0162182 0.0149244
v 0.00676428 -0.00926335 0.00994958
v 0.000644309 -0.0114424 0.00994971
v 0.00300598 -0.0111232 0.00994949
v -0.00618613 -0.00966818 0.00994958
v -0.00904514 -0.0069825 0.00994959
v -0.00215235 -0.0113362 0.00994941
v -0.0112426 -0.000218214 0.00994971
v -0.0109781 -0.00300586 0.00994939
v -0.0109958 0.00236276 0.00994956
v -0.00944997 0.00596791 0.00994958
v -0.00714932 0.00849377 0.00994966
v -0.00463484 0.0123163 0.011472
v -0.00184822 0.0109548 0.00994942
v -0.00629121 0.0167318 0.0337111
v -0.0125202 0.0157818 0.0355965
v -0.012607 0.0179818 0.0355997
v -0.012607 0.0157818 0.0355997
v -0.0126937 0.0179818 0.0355953
v -0.0126937 0.0157818 0.0355953
v -0.0127798 0.0179818 0.0355834
v -0.0127798 0.0157818 0.0355834
v -0.0128644 0.0179818 0.0355641
v -0.0128644 0.0157818 0.0355641
v -0.0129471 0.0179818 0.0355375
v -0.0129471 0.0157818 0.0355375
v -0.0130272 0.0179818 0.0355039
v -0.0130272 0.0157818 0.0355039
v -0.013104 0.0179818 0.0354634
v -0.013104 0.0157818 0.0354634
v -0.0131771 0.0179818 0.0354164
v -0.0131771 0.0157818 0.0354164
v -0.0132458 0.0179818 0.0353633
v -0.0132458 0.0157818 0.0353633
v -0.0133096 0.0179818 0.0353043
v -0.0133096 0.0157818 0.0353043
v -0.013368 0.0179818 0.0352401
v -0.013368 0.0157818 0.0352401
v -0.0134207 0.0179818 0.0351711
v -0.0134207 0.0157818 0.0351711
v -0.0134672 0.0179818 0.0350977
v -0.0134672 0.0157818 0.0350977
v -0.0135071 0.0179818 0.0350206
v -0.0135071 0.0157818 0.0350206
v -0.0135402 0.0179818 0.0349403
v -0.0135402 0.0157818 0.0349403
v -0.0135662 0.0179818 0.0348574
v -0.0135662 0.0157818 0.0348574
v -0.0135849 0.0179818 0.0347726
v -0.0135849 0.0157818 0.0347726
v -0.0135962 0.0179818 0.0346865
v -0.0135962 0.0157818 0.0346865
v -0.0136 0.0179818 0.0345997
v -0.0136 0.0157818 0.0345997
v -0.0135962 0.0179818 0.0345129
v -0.0135962 0.0157818 0.0345129
v -0.0135849 0.0179818 0.0344268
v -0.0135849 0.0157818 0.0344268
v -0.0135662 0.0179818 0.034342
v -0.0135662 0.0157818 0.034342
v -0.0135402 0.0179818 0.0342591
v -0.0135402 0.0157818 0.0342591
v -0.0135071 0.0179818 0.0341788
v -0.0135071 0.0157818 0.0341788
v -0.0134672 0.0179818 0.0341017
v -0.0134672 0.0157818 0.0341017
v -0.0134207 0.0179818 0.0340284
v -0.0134207 0.0157818 0.0340284
v -0.013368 0.0179818 0.0339593
v -0.013368 0.0157818 0.0339593
v -0.0133096 0.0179818 0.0338951
v -0.0133096 0.0157818 0.0338951
v -0.0132458 0.0179818 0.0338362
v -0.0132458 0.0157818 0.0338362
v -0.0131771 0.0179818 0.033783
v -0.0131771 0.0157818 0.033783
v -0.013104 0.0179818 0.033736
v -0.013104 0.0157818 0.033736
v -0.0130272 0.0179818 0.0336955
v -0.0130272 0.0157818 0.0336955
v -0.0129471 0.0179818 0.0336619
v -0.0129471 0.0157818 0.0336619
v -0.0128644 0.0179818 0.0336353
v -0.0128644 0.0157818 0.0336353
v -0.0127798 0.0179818 0.033616
v -0.0127798 0.0157818 0.033616
v -0.0126937 0.0179818 0.0336041
v -0.0126937 0.0157818 0.0336041
v -0.012607 0.0179818 0.0335997
v -0.012607 0.0157818 0.0335997
v -0.0125202 0.0179818 0.0336029
v -0.0106234 0.0168521 0.0345884
v -0.00914712 -0.0162182 0.0336619
v -0.00922718 -0.0162182 0.0336955
v -0.00930403 -0.0162182 0.033736
v -0.00937707 -0.0162182 0.033783
v -0.00944575 -0.0162182 0.0338362
v -0.00950957 -0.0162182 0.0338951
v -0.00956804 -0.0162182 0.0339593
v -0.00962071 -0.0162182 0.0340284
v -0.00966719 -0.0162182 0.0341017
v -0.00970713 -0.0162182 0.0341788
v -0.00974022 -0.0162182 0.0342591
v -0.00976623 -0.0162182 0.034342
v -0.00978494 -0.0162182 0.0344268
v -0.00979623 -0.0162182 0.0345129
v -0.0098 -0.0162182 0.0345997
v -0.00979623 -0.0162182 0.0346865
v -0.00978494 -0.0162182 0.0347726
v -0.00976623 -0.0162182 0.0348574
v -0.00974022 -0.0162182 0.0349403
v -0.00970713 -0.0162182 0.0350206
v -0.00966719 -0.0162182 0.0350977
v -0.00962071 -0.0162182 0.0351711
v -0.00956804 -0.0162182 0.0352401
v -0.00950957 -0.0162182 0.0353043
v -0.00944575 -0.0162182 0.0353633
v -0.00937707 -0.0162182 0.0354164
v -0.00930403 -0.0162182 0.0354634
v -0.00922718 -0.0162182 0.0355039
v -0.00914712 -0.0162182 0.0355375
v -0.00906443 -0.0162182 0.0355641
v -0.00897976 -0.0162182 0.0355834
v -0.00889372 -0.0162182 0.0355953
v -0.00880698 -0.0162182 0.0355997
v -0.00872019 -0.0162182 0.0355965
v -0.008634 -0.0162182 0.0355858
v -0.00854906 -0.0162182 0.0355677
v -0.00846601 -0.0162182 0.0355423
v -0.00838548 -0.0162182 0.0355097
v -0.00830808 -0.0162182 0.0354703
v -0.00823439 -0.0162182 0.0354244
v -0.015 0.0157818 0.0366997
v -0.015 -0.0162182 0.0366997
v -0.00625317 -0.0162182 0.0366997
v -0.015 -0.0162182 0.0313497
v 0.00226436 -0.0169801 0.0323686
v -0.015 0.000131786 0.0193497
v -0.015 0.000567564 0.0193687
v -0.015 0.00100003 0.0194257
v -0.015 0.00142588 0.0195201
v -0.015 0.00184189 0.0196512
v -0.015 0.00224488 0.0198182
v -0.015 0.00263179 0.0200196
v -0.015 0.00299967 0.0202539
v -0.015 0.00334572 0.0205195
v -0.015 0.00366732 0.0208142
v -0.015 0.00396201 0.0211358
v -0.015 0.00422755 0.0214818
v -0.015 0.00446191 0.0218497
v -0.015 0.00466332 0.0222366
v -0.015 0.00483025 0.0226396
v -0.015 0.00496141 0.0230556
v -0.015 0.00505582 0.0234815
v -0.015 0.00511276 0.0239139
v -0.015 0.00513179 0.0243497
v -0.015 0.00511276 0.0247855
v -0.015 0.00505582 0.0252179
v -0.015 0.00496141 0.0256438
v -0.015 0.00483025 0.0260598
v -0.015 0.00466332 0.0264628
v -0.015 0.00446191 0.0268497
v -0.015 0.00422755 0.0272176
v -0.015 0.00396201 0.0275636
v -0.015 0.00366732 0.0278852
v -0.015 0.00334572 0.0281799
v -0.015 0.00299967 0.0284455
v -0.015 0.00263179 0.0286798
v -0.015 0.00224488 0.0288812
v -0.015 0.00184189 0.0290482
v -0.015 0.00142588 0.0291793
v -0.015 0.00100003 0.0292737
v -0.015 0.000567564 0.0293307
v -0.015 0.000131786 0.0293497
v -0.015 -0.000303993 0.0293307
v -0.015 -0.000736455 0.0292737
v -0.015 -0.00116231 0.0291793
v -0.015 -0.00157832 0.0290482
v -0.015 -0.00198131 0.0288812
v -0.015 -0.00236821 0.0286798
v -0.015 -0.0027361 0.0284455
v -0.015 -0.00308215 0.0281799
v -0.015 -0.00340375 0.0278852
v -0.015 -0.00369844 0.0275636
v -0.015 -0.00396397 0.0272176
v -0.015 -0.00419834 0.0268497
v -0.015 -0.00439975 0.0264628
v -0.015 -0.00456668 0.0260598
v -0.015 -0.00469784 0.0256438
v -0.015 -0.00479225 0.0252179
v -0.015 -0.00484919 0.0247855
v -0.015 -0.00486821 0.0243497
v -0.015 -0.00484919 0.0239139
v -0.015 -0.00479225 0.0234815
v -0.015 -0.00469784 0.0230556
v -0.015 -0.00456668 0.0226396
v -0.015 -0.00439975 0.0222366
v -0.015 -0.00419834 0.0218497
v -0.015 -0.00396397 0.0214818
v -0.015 -0.00369844 0.0211358
v -0.015 -0.00340375 0.0208142
v -0.015 -0.00308215 0.0205195
v -0.015 -0.0027361 0.0202539
v -0.015 -0.00236821 0.0200196
v -0.015 -0.00198131 0.0198182
v -0.015 -0.00157832 0.0196512
v -0.015 -0.00116231 0.0195201
v -0.015 -0.000736455 0.0194257
v -0.015 -0.000303993 0.0193687
v -0.0135962 0.0157818 0.0141865
v -0.0136 0.0179818 0.0140997
v -0.0136 0.0157818 0.0140997
v -0.0135962 0.0179818 0.0140129
v -0.0135962 0.0157818 0.0140129
v -0.0135849 0.0179818 0.0139268
v -0.0135849 0.0157818 0.0139268
v -0.0135662 0.0179818 0.013842
v -0.0135662 0.0157818 0.013842
v -0.0135402 0.0179818 0.0137591
v -0.0135402 0.0157818 0.0137591
v -0.0135071 0.0179818 0.0136788
v -0.0135071 0.0157818 0.0136788
v -0.0134672 0.0179818 0.0136017
v -0.0134672 0.0157818 0.0136017
v -0.0134207 0.0179818 0.0135284
v -0.0134207 0.0157818 0.0135284
v -0.013368 0.0179818 0.0134593
v -0.013368 0.0157818 0.0134593
v -0.0133096 0.0179818 0.0133951
v -0.0133096 0.0157818 0.0133951
v -0.0132458 0.0179818 0.0133362
v -0.0132458 0.0157818 0.0133362
v -0.0131771 0.0179818 0.013283
v -0.0131771 0.0157818 0.013283
v -0.013104 0.0179818 0.013236
v -0.013104 0.0157818 0.013236
v -0.0130272 0.0179818 0.0131955
v -0.0130272 0.0157818 0.0131955
v -0.0129471 0.0179818 0.0131619
v -0.0129471 0.0157818 0.0131619
v -0.0128644 0.0179818 0.0131353
v -0.0128644 0.0157818 0.0131353
v -0.0127798 0.0179818 0.013116
v -0.0127798 0.0157818 0.013116
v -0.0126937 0.0179818 0.0131041
v -0.0126937 0.0157818 0.0131041
v -0.012607 0.0179818 0.0130997
v -0.012607 0.0157818 0.0130997
v -0.0125202 0.0179818 0.0131029
v -0.0125202 0.0157818 0.0131029
v -0.012434 0.0179818 0.0131136
v -0.012434 0.0157818 0.0131136
v -0.0123491 0.0179818 0.0131317
v -0.0123491 0.0157818 0.0131317
v -0.012266 0.0179818 0.0131571
v -0.012266 0.0157818 0.0131571
v -0.0125296 0.0169659 0.0149565
v 0.02 0.0210433 0.00596112
v 0.02 0.0210433 0.0119383
v 0.02 0.0213027 0.0119041
v 0.02 0.0215582 0.0118475
v 0.02 0.0218078 0.0117688
v 0.02 0.0220496 0.0116686
v 0.02 0.0222818 0.0115478
v 0.02 0.0225025 0.0114072
v 0.02 0.0227101 0.0112478
v 0.02 0.0229031 0.011071
v 0.02 0.0230799 0.0108781
v 0.02 0.0232392 0.0106704
v 0.02 0.0233799 0.0104497
v 0.02 0.0235007 0.0102176
v 0.02 0.0236009 0.00997577
v 0.02 0.0236796 0.00972616
v 0.02 0.0237362 0.00947065
v 0.02 0.0237704 0.00921117
v 0.02 0.0237818 0.00894971
v 0.02 0.0237704 0.00868824
v 0.02 0.0237362 0.00842876
v 0.02 0.0236796 0.00817325
v 0.02 0.0236009 0.00792365
v 0.02 0.0235007 0.00768185
v 0.02 0.0233799 0.00744971
v 0.02 0.0232392 0.00722898
v 0.02 0.0230799 0.00702134
v 0.02 0.0229031 0.00682839
v 0.02 0.0227101 0.00665157
v 0.02 0.0225025 0.00649225
v 0.02 0.0222818 0.00635163
v 0.02 0.0220496 0.00623078
v 0.02 0.0218078 0.00613063
v 0.02 0.0215582 0.00605193
v 0.02 0.0213027 0.00599528
v 0.0230336 0.0235183 0.00798534
v 0.0251459 0.0207415 0.00609649
v 0.0315804 0.0113475 0.00962179
v 0.0291759 -0.0188626 0.0109206
v 0.0290296 -0.0179429 0.00640912
v 0.0203918 -0.0214845 0.0119374
v 0.0207184 -0.022338 0.011723
v 0.0207408 -0.0226859 0.0115478
v 0.0207601 -0.0229058 0.0114072
v 0.0208558 -0.0239999 0.00997577
v 0.0208626 -0.0240783 0.00972616
v 0.0208676 -0.0241348 0.00947065
v 0.0208676 -0.0241348 0.00842876
v 0.0208626 -0.0240783 0.00817325
v 0.0208558 -0.0239999 0.00792365
v 0.0208471 -0.0239002 0.00768185
v 0.0208365 -0.0237798 0.00744971
v 0.0208243 -0.0236397 0.00722898
v 0.0208104 -0.023481 0.00702134
v 0.0250062 -0.0209846 0.011789
v 0.0258145 -0.022421 0.00754988
v 0.0257304 -0.0227459 0.00977865
v 0.0220438 -0.0240585 0.008696
v 0.0206913 -0.0216912 0.00598538
v -0.0047586 0.0157818 0.0355103
v -0.0142414 0.0179818 0.0152424
v -0.0141361 0.0179818 0.0153805
v -0.0140191 0.0179818 0.015509
v -0.0138915 0.0179818 0.0156268
v -0.0137541 0.0179818 0.0157331
v -0.0136081 0.0179818 0.0158271
v -0.0134544 0.0179818 0.015908
v -0.0132942 0.0179818 0.0159754
v -0.0131289 0.0179818 0.0160285
v -0.0129595 0.0179818 0.0160671
v -0.0127874 0.0179818 0.0160909
v -0.012614 0.0179818 0.0160997
v -0.0124404 0.0179818 0.0160933
v -0.012268 0.0179818 0.016072
v -0.0120981 0.0179818 0.0160357
v -0.011932 0.0179818 0.0159849
v -0.011771 0.0179818 0.0159198
v -0.0116162 0.0179818 0.015841
v -0.0114688 0.0179818 0.0157491
v -0.0113299 0.0179818 0.0156447
v -0.011932 0.0179818 0.0122146
v -0.0120981 0.0179818 0.0121637
v -0.012268 0.0179818 0.0121275
v -0.0124404 0.0179818 0.0121061
v -0.012614 0.0179818 0.0120998
v -0.0127874 0.0179818 0.0121085
v -0.0129595 0.0179818 0.0121323
v -0.0131289 0.0179818 0.0121709
v -0.0132942 0.0179818 0.0122241
v -0.0134544 0.0179818 0.0122914
v -0.0136081 0.0179818 0.0123723
v -0.0137541 0.0179818 0.0124663
v -0.0138915 0.0179818 0.0125726
v -0.0140191 0.0179818 0.0126904
v -0.0141361 0.0179818 0.0128189
v -0.0142414 0.0179818 0.012957
v -0.0143344 0.0179818 0.0131037
v -0.0144143 0.0179818 0.013258
v -0.0144804 0.0179818 0.0134186
v -0.0145325 0.0179818 0.0135843
v -0.0145699 0.0179818 0.0137539
v -0.0145925 0.0179818 0.0139262
v -0.0146 0.0179818 0.0140997
v -0.0145925 0.0179818 0.0142732
v -0.0145699 0.0179818 0.0144455
v -0.0145325 0.0179818 0.0146151
v -0.0144804 0.0179818 0.0147808
v -0.0144143 0.0179818 0.0149414
v -0.0143344 0.0179818 0.0150957
f 1 2 3
f 2 4 3
f 4 2 5
f 2 6 5
f 5 6 7
f 7 6 8
f 7 8 9
f 8 10 9
f 9 10 11
f 10 12 11
f 11 12 13
f 12 14 13
f 13 14 15
f 14 16 15
f 15 16 17
f 16 18 17
f 17 18 19
f 18 20 19
f 19 20 21
f 20 22 21
f 21 22 23
f 22 24 23
f 23 24 25
f 24 26 25
f 25 26 27
f 26 28 27
f 27 28 29
f 28 30 29
f 29 30 31
f 30 32 31
f 31 32 33
f 32 34 33
f 33 34 35
f 34 36 35
f 35 36 37
f 36 38 37
f 37 38 39
f 38 40 39
f 39 40 41
f 40 42 41
f 41 42 43
f 44 45 46
f 45 47 46
f 45 48 47
f 48 49 47
f 49 48 50
f 48 51 50
f 50 51 52
f 51 53 52
f 52 53 54
f 53 55 54
f 54 55 56
f 55 57 56
f 56 57 58
f 57 59 58
f 58 59 60
f 59 61 60
f 60 61 62
f 61 63 62
f 62 63 64
f 63 65 64
f 64 65 66
f 65 67 66
f 66 67 68
f 67 69 68
f 68 69 70
f 69 71 70
f 70 71 72
f 71 73 72
f 72 73 74
f 73 75 74
f 74 75 76
f 75 77 76
f 76 77 78
f 77 79 78
f 78 79 80
f 79 81 80
f 80 81 82
f 81 83 82
f 82 83 84
f 83 85 84
f 84 85 86
f 85 87 86
f 86 87 88
f 87 89 88
f 88 89 90
f 89 91 90
f 90 91 92
f 91 93 92
f 92 93 94
f 93 95 94
f 94 95 96
f 95 97 96
f 96 97 98
f 97 99 98
f 98 99 100
f 99 101 100
f 100 101 102
f 101 103 102
f 103 104 102
f 104 105 102
f 102 105 106
f 3 107 1
f 112 113 114
f 113 115 114
f 114 115 116
f 118 108 117
f 116 119 114
f 119 120 114
f 114 120 121
f 120 122 121
f 117 123 118
f 109 6949 108
f 6949 6948 108
f 108 6948 117
f 112 114 125
f 114 126 125
f 125 126 127
f 4546 128 5895
f 128 129 5895
f 118 123 124
f 124 123 6666
f 124 6666 111
f 130 131 132
f 131 133 132
f 122 134 121
f 134 135 121
f 121 135 136
f 137 138 139
f 138 140 139
f 139 140 141
f 140 142 141
f 143 144 132
f 144 145 132
f 132 145 130
f 133 146 132
f 146 147 132
f 132 147 148
f 111 6666 6446
f 149 150 132
f 150 151 132
f 132 151 140
f 151 152 140
f 140 152 142
f 129 153 5895
f 153 154 5895
f 154 155 5895
f 155 156 5895
f 148 157 132
f 157 158 132
f 132 158 149
f 126 159 127
f 159 160 127
f 127 160 132
f 160 161 132
f 132 161 143
f 136 162 121
f 162 163 121
f 121 163 164
f 156 165 5895
f 165 166 5895
f 164 167 121
f 167 168 121
f 121 168 169
f 166 170 5895
f 5895 170 171
f 169 172 121
f 172 173 121
f 121 173 174
f 170 175 171
f 175 176 171
f 171 176 177
f 176 178 177
f 177 178 179
f 178 180 179
f 180 181 179
f 179 181 182
f 174 183 121
f 183 111 121
f 121 111 184
f 111 6446 184
f 184 6446 110
f 181 185 182
f 185 186 182
f 182 186 187
f 186 188 187
f 189 190 191
f 183 192 111
f 192 191 111
f 111 191 190
f 193 194 195
f 191 106 189
f 106 105 189
f 189 105 196
f 105 195 196
f 196 195 197
f 195 194 197
f 188 198 187
f 198 199 187
f 187 199 195
f 199 200 195
f 195 200 193
f 47 49 137
f 49 138 137
f 46 47 137
f 201 202 7
f 202 203 7
f 7 203 204
f 121 205 114
f 205 206 114
f 207 208 7
f 208 209 7
f 7 209 5
f 206 210 114
f 210 211 114
f 114 211 212
f 212 213 114
f 213 214 114
f 114 214 215
f 215 216 114
f 216 217 114
f 114 217 218
f 218 219 114
f 219 220 114
f 114 220 221
f 222 223 7
f 223 224 7
f 7 224 207
f 225 226 7
f 226 227 7
f 7 227 201
f 204 228 7
f 7 228 222
f 221 229 114
f 229 230 114
f 114 230 231
f 232 233 7
f 233 234 7
f 7 234 225
f 231 235 114
f 235 236 114
f 114 236 237
f 238 239 7
f 239 240 7
f 7 240 232
f 237 241 114
f 241 242 114
f 114 242 7
f 242 243 7
f 7 243 238
f 244 245 4546
f 246 247 248
f 249 250 251
f 252 253 254
f 255 256 257
f 258 259 260
f 259 261 260
f 262 263 264
f 263 260 264
f 264 260 265
f 260 261 265
f 266 267 262
f 267 268 262
f 262 268 263
f 269 270 271
f 270 266 271
f 271 266 272
f 266 262 272
f 273 274 269
f 274 275 269
f 269 275 270
f 276 277 278
f 277 273 278
f 278 273 279
f 273 269 279
f 280 281 276
f 281 282 276
f 276 282 277
f 283 284 285
f 284 280 285
f 285 280 286
f 280 276 286
f 287 288 283
f 283 288 284
f 289 290 291
f 290 292 291
f 291 292 293
f 292 287 293
f 293 287 294
f 287 283 294
f 295 296 289
f 289 296 290
f 297 298 299
f 298 300 299
f 299 300 301
f 300 295 301
f 301 295 302
f 295 289 302
f 303 304 297
f 297 304 298
f 305 306 307
f 306 303 307
f 307 303 308
f 303 297 308
f 309 310 305
f 305 310 306
f 305 311 309
f 311 255 309
f 309 255 312
f 255 257 312
f 313 314 315
f 314 316 315
f 315 316 317
f 316 318 317
f 317 318 319
f 318 320 319
f 319 320 254
f 320 321 254
f 254 321 252
f 322 323 324
f 323 325 324
f 324 325 326
f 325 327 326
f 326 327 313
f 327 328 313
f 313 328 314
f 329 330 331
f 330 332 331
f 331 332 333
f 332 334 333
f 333 334 322
f 334 335 322
f 322 335 323
f 336 337 329
f 337 338 329
f 329 338 330
f 339 340 341
f 340 342 341
f 341 342 336
f 342 343 336
f 336 343 337
f 344 345 346
f 345 347 346
f 346 347 348
f 347 349 348
f 348 349 350
f 349 351 350
f 350 351 339
f 351 352 339
f 339 352 340
f 353 354 355
f 354 356 355
f 355 356 357
f 356 358 357
f 357 358 344
f 358 359 344
f 344 359 345
f 360 361 362
f 361 363 362
f 362 363 364
f 363 365 364
f 364 365 366
f 365 367 366
f 366 367 368
f 367 369 368
f 368 369 353
f 369 370 353
f 353 370 354
f 265 371 264
f 371 372 264
f 264 372 262
f 372 373 262
f 262 373 272
f 373 374 272
f 272 374 271
f 374 375 271
f 271 375 269
f 375 376 269
f 269 376 279
f 376 377 279
f 279 377 278
f 377 378 278
f 278 378 276
f 378 379 276
f 276 379 286
f 379 380 286
f 286 380 285
f 380 381 285
f 285 381 283
f 381 382 283
f 283 382 294
f 382 383 294
f 294 383 293
f 383 384 293
f 293 384 291
f 384 385 291
f 291 385 289
f 385 386 289
f 289 386 302
f 386 387 302
f 302 387 301
f 387 388 301
f 301 388 299
f 388 389 299
f 299 389 297
f 389 390 297
f 297 390 308
f 390 391 308
f 308 391 307
f 391 392 307
f 307 392 305
f 392 393 305
f 305 393 311
f 393 394 311
f 311 394 255
f 394 251 255
f 255 251 256
f 251 250 256
f 247 249 248
f 249 251 248
f 248 251 395
f 251 394 395
f 395 394 396
f 394 393 396
f 396 393 397
f 393 392 397
f 397 392 398
f 392 391 398
f 398 391 399
f 391 390 399
f 399 390 400
f 390 389 400
f 400 389 401
f 389 388 401
f 401 388 402
f 388 387 402
f 402 387 403
f 387 386 403
f 403 386 404
f 386 385 404
f 404 385 405
f 385 384 405
f 405 384 406
f 384 383 406
f 406 383 407
f 383 382 407
f 407 382 408
f 382 381 408
f 408 381 409
f 381 380 409
f 409 380 410
f 380 379 410
f 410 379 411
f 379 378 411
f 411 378 412
f 378 377 412
f 412 377 413
f 377 376 413
f 413 376 414
f 376 375 414
f 414 375 415
f 375 374 415
f 415 374 416
f 374 373 416
f 416 373 417
f 373 372 417
f 417 372 418
f 372 371 418
f 418 371 419
f 253 246 254
f 246 248 254
f 254 248 319
f 248 395 319
f 319 395 317
f 395 396 317
f 317 396 315
f 396 397 315
f 315 397 313
f 397 398 313
f 313 398 326
f 398 399 326
f 326 399 324
f 399 400 324
f 324 400 322
f 400 401 322
f 322 401 333
f 401 402 333
f 333 402 331
f 402 403 331
f 331 403 329
f 403 404 329
f 329 404 336
f 404 405 336
f 336 405 341
f 405 406 341
f 341 406 339
f 406 407 339
f 339 407 350
f 407 408 350
f 350 408 348
f 408 409 348
f 348 409 346
f 409 410 346
f 346 410 344
f 410 411 344
f 344 411 357
f 411 412 357
f 357 412 355
f 412 413 355
f 355 413 353
f 413 414 353
f 353 414 368
f 414 415 368
f 368 415 366
f 415 416 366
f 366 416 364
f 416 417 364
f 364 417 362
f 417 418 362
f 362 418 420
f 421 422 423
f 424 425 426
f 427 428 429
f 430 431 432
f 431 433 432
f 432 433 434
f 435 430 436
f 430 432 436
f 436 432 437
f 432 438 437
f 439 440 422
f 441 442 443
f 443 444 441
f 444 445 441
f 441 445 446
f 445 447 446
f 446 447 448
f 447 449 448
f 448 449 450
f 428 427 449
f 427 450 449
f 451 452 429
f 429 452 427
f 453 454 455
f 454 456 455
f 455 456 457
f 456 451 457
f 457 451 458
f 451 429 458
f 459 460 453
f 453 460 454
f 461 462 463
f 462 464 463
f 463 464 465
f 464 459 465
f 465 459 466
f 459 453 466
f 467 468 461
f 461 468 462
f 469 425 470
f 425 424 470
f 470 424 471
f 424 472 471
f 426 467 424
f 467 461 424
f 424 461 472
f 461 463 472
f 472 463 473
f 463 465 473
f 473 465 474
f 465 466 474
f 474 466 475
f 475 466 476
f 466 453 476
f 476 453 477
f 453 455 477
f 477 455 478
f 455 457 478
f 478 457 479
f 457 458 479
f 479 458 480
f 480 458 481
f 458 429 481
f 481 429 482
f 429 428 482
f 482 428 483
f 428 449 483
f 483 449 484
f 449 447 484
f 484 447 485
f 485 447 486
f 447 445 486
f 486 445 487
f 445 444 487
f 487 444 488
f 444 443 488
f 488 443 489
f 443 490 489
f 489 490 491
f 491 490 492
f 490 493 492
f 492 493 494
f 493 495 494
f 494 495 496
f 442 497 443
f 497 498 443
f 443 498 490
f 498 499 490
f 490 499 493
f 499 439 493
f 493 439 495
f 439 422 495
f 495 422 496
f 422 421 496
f 500 501 502
f 501 503 502
f 502 503 423
f 503 504 423
f 423 504 421
f 434 500 432
f 500 502 432
f 432 502 438
f 502 423 438
f 438 423 505
f 423 422 505
f 505 422 506
f 422 440 506
f 507 508 509
f 510 2845 511
f 512 513 514
f 515 513 516
f 513 512 516
f 516 512 517
f 518 519 520
f 519 521 520
f 520 521 522
f 521 523 522
f 522 523 524
f 523 525 524
f 524 525 526
f 525 527 526
f 528 529 518
f 529 530 518
f 518 530 519
f 531 696 532
f 696 533 532
f 532 533 534
f 533 528 534
f 534 528 535
f 528 518 535
f 536 696 537
f 537 696 538
f 696 531 538
f 539 696 540
f 540 696 541
f 541 696 542
f 542 696 543
f 543 696 544
f 544 696 545
f 545 696 546
f 696 536 546
f 539 547 696
f 547 548 696
f 548 549 696
f 549 550 696
f 550 551 696
f 551 1898 696
f 552 510 553
f 510 511 553
f 553 511 554
f 511 555 554
f 554 555 556
f 557 558 559
f 558 560 559
f 559 560 561
f 560 562 561
f 561 562 563
f 562 564 563
f 563 564 509
f 564 565 509
f 509 565 507
f 566 567 568
f 567 569 568
f 568 569 570
f 569 571 570
f 570 571 557
f 571 572 557
f 557 572 558
f 573 574 575
f 574 576 575
f 575 576 577
f 576 578 577
f 577 578 579
f 578 580 579
f 579 580 566
f 580 581 566
f 566 581 567
f 582 583 584
f 583 585 584
f 584 585 586
f 585 587 586
f 586 587 573
f 587 588 573
f 573 588 574
f 589 590 591
f 590 592 591
f 591 592 593
f 592 594 593
f 593 594 595
f 594 596 595
f 595 596 582
f 596 597 582
f 582 597 583
f 514 598 512
f 598 599 512
f 512 599 517
f 599 600 517
f 517 600 601
f 600 602 601
f 601 602 589
f 602 603 589
f 589 603 590
f 527 515 526
f 515 516 526
f 526 516 524
f 516 517 524
f 524 517 522
f 517 601 522
f 522 601 520
f 601 589 520
f 520 589 518
f 589 591 518
f 518 591 535
f 591 593 535
f 535 593 534
f 593 595 534
f 534 595 532
f 595 582 532
f 532 582 531
f 582 584 531
f 531 584 538
f 584 586 538
f 538 586 537
f 586 573 537
f 537 573 536
f 573 575 536
f 536 575 546
f 575 577 546
f 546 577 545
f 577 579 545
f 545 579 544
f 579 566 544
f 544 566 543
f 566 568 543
f 543 568 542
f 568 570 542
f 542 570 541
f 570 557 541
f 541 557 540
f 557 559 540
f 540 559 539
f 559 561 539
f 539 561 547
f 561 563 547
f 547 563 548
f 563 509 548
f 548 509 549
f 509 508 549
f 549 508 550
f 507 556 508
f 556 555 508
f 508 555 550
f 555 511 550
f 550 511 551
f 511 2845 551
f 551 2845 1898
f 605 604 606
f 607 608 609
f 610 611 612
f 611 607 612
f 612 607 613
f 607 609 613
f 614 615 616
f 615 617 616
f 616 617 618
f 617 619 618
f 618 619 620
f 619 621 620
f 620 621 610
f 621 622 610
f 610 622 611
f 623 624 625
f 624 626 625
f 625 626 627
f 626 628 627
f 627 628 629
f 628 630 629
f 629 630 614
f 630 631 614
f 614 631 615
f 632 633 634
f 633 635 634
f 634 635 636
f 635 637 636
f 636 637 623
f 637 638 623
f 623 638 624
f 639 640 641
f 640 642 641
f 641 642 643
f 642 644 643
f 643 644 645
f 644 646 645
f 645 646 632
f 646 647 632
f 632 647 633
f 648 649 650
f 649 651 650
f 650 651 652
f 651 653 652
f 652 653 639
f 653 654 639
f 639 654 640
f 606 655 605
f 655 656 605
f 605 656 657
f 656 658 657
f 657 658 659
f 658 660 659
f 659 660 661
f 660 662 661
f 661 662 648
f 662 663 648
f 648 663 649
f 664 665 695
f 665 666 695
f 604 667 664
f 667 668 664
f 668 669 664
f 669 670 664
f 670 671 664
f 664 671 665
f 671 672 665
f 672 673 665
f 673 674 665
f 674 675 665
f 675 676 665
f 676 677 665
f 677 678 665
f 678 679 665
f 665 679 666
f 679 680 666
f 680 681 666
f 681 682 666
f 682 683 666
f 683 684 666
f 684 685 666
f 685 686 666
f 686 687 666
f 687 688 666
f 688 689 666
f 689 690 666
f 666 690 1551
f 604 605 667
f 605 657 667
f 667 657 668
f 657 659 668
f 668 659 669
f 659 661 669
f 669 661 670
f 661 648 670
f 670 648 671
f 648 650 671
f 671 650 672
f 650 652 672
f 672 652 673
f 652 639 673
f 673 639 674
f 639 641 674
f 674 641 675
f 641 643 675
f 675 643 676
f 643 645 676
f 676 645 677
f 645 632 677
f 677 632 678
f 632 634 678
f 678 634 679
f 634 636 679
f 679 636 680
f 636 623 680
f 680 623 681
f 623 625 681
f 681 625 682
f 625 627 682
f 682 627 683
f 627 629 683
f 683 629 684
f 629 614 684
f 684 614 685
f 614 616 685
f 685 616 686
f 616 618 686
f 686 618 687
f 618 620 687
f 687 620 688
f 620 610 688
f 688 610 689
f 610 612 689
f 689 612 690
f 612 613 690
f 690 613 1551
f 613 609 1551
f 692 693 694
f 697 698 699
f 698 700 699
f 699 700 701
f 700 702 701
f 701 702 775
f 702 703 775
f 704 705 706
f 705 707 706
f 706 707 708
f 707 709 708
f 708 709 697
f 709 710 697
f 697 710 698
f 711 712 713
f 712 714 713
f 713 714 715
f 714 716 715
f 715 716 717
f 716 718 717
f 717 718 704
f 718 719 704
f 704 719 705
f 720 721 722
f 721 723 722
f 722 723 724
f 723 725 724
f 724 725 711
f 725 726 711
f 711 726 712
f 727 728 729
f 728 730 729
f 729 730 731
f 730 732 731
f 731 732 733
f 732 734 733
f 733 734 720
f 734 735 720
f 720 735 721
f 736 737 738
f 737 739 738
f 738 739 740
f 739 741 740
f 740 741 727
f 741 742 727
f 727 742 728
f 694 743 692
f 743 744 692
f 692 744 745
f 744 746 745
f 745 746 747
f 746 748 747
f 747 748 736
f 748 749 736
f 736 749 737
f 750 751 1551
f 751 752 1551
f 752 691 1551
f 753 754 750
f 754 755 750
f 750 755 751
f 755 756 751
f 756 757 751
f 757 758 751
f 758 759 751
f 759 760 751
f 760 761 751
f 761 762 751
f 762 763 751
f 763 764 751
f 751 764 752
f 764 765 752
f 765 766 752
f 766 767 752
f 767 768 752
f 768 769 752
f 769 770 752
f 752 770 691
f 770 771 691
f 771 772 691
f 772 773 691
f 773 774 691
f 774 775 691
f 753 693 754
f 693 692 754
f 754 692 755
f 692 745 755
f 755 745 756
f 745 747 756
f 756 747 757
f 747 736 757
f 757 736 758
f 736 738 758
f 758 738 759
f 738 740 759
f 759 740 760
f 740 727 760
f 760 727 761
f 727 729 761
f 761 729 762
f 729 731 762
f 762 731 763
f 731 733 763
f 763 733 764
f 733 720 764
f 764 720 765
f 720 722 765
f 765 722 766
f 722 724 766
f 766 724 767
f 724 711 767
f 767 711 768
f 711 713 768
f 768 713 769
f 713 715 769
f 769 715 770
f 715 717 770
f 770 717 771
f 717 704 771
f 771 704 772
f 704 706 772
f 772 706 773
f 706 708 773
f 773 708 774
f 708 697 774
f 774 697 775
f 697 699 775
f 699 701 775
f 775 703 691
f 776 777 778
f 780 802 781
f 781 802 782
f 782 802 783
f 783 802 784
f 784 802 785
f 802 786 785
f 787 802 788
f 788 802 789
f 789 802 790
f 790 802 791
f 791 802 792
f 792 802 793
f 793 802 780
f 794 802 795
f 795 802 796
f 796 802 787
f 797 798 799
f 798 800 799
f 799 800 801
f 800 802 801
f 801 802 794
f 778 803 776
f 803 804 776
f 776 804 805
f 804 806 805
f 805 806 807
f 806 808 807
f 807 808 809
f 808 810 809
f 809 810 811
f 810 812 811
f 811 812 797
f 812 813 797
f 797 813 798
f 814 815 816
f 817 818 819
f 818 814 819
f 819 814 820
f 814 816 820
f 821 822 823
f 822 824 823
f 823 824 825
f 824 826 825
f 825 826 827
f 826 828 827
f 827 828 817
f 828 829 817
f 817 829 818
f 830 831 832
f 831 833 832
f 832 833 834
f 833 835 834
f 834 835 836
f 835 837 836
f 836 837 821
f 837 838 821
f 821 838 822
f 839 840 841
f 840 842 841
f 841 842 843
f 842 844 843
f 843 844 830
f 844 845 830
f 830 845 831
f 846 847 848
f 847 849 848
f 848 849 850
f 849 851 850
f 850 851 852
f 851 853 852
f 852 853 839
f 853 854 839
f 839 854 840
f 855 856 857
f 856 858 857
f 857 858 859
f 858 860 859
f 859 860 846
f 860 861 846
f 846 861 847
f 862 863 864
f 863 865 864
f 864 865 866
f 865 867 866
f 866 867 855
f 867 868 855
f 855 868 856
f 869 870 871
f 779 872 869
f 872 873 869
f 869 873 870
f 873 874 870
f 779 869 875
f 875 869 862
f 869 871 862
f 862 871 863
f 816 777 820
f 777 776 820
f 820 776 819
f 776 805 819
f 819 805 817
f 805 807 817
f 817 807 827
f 807 809 827
f 827 809 825
f 809 811 825
f 825 811 823
f 811 797 823
f 823 797 821
f 797 799 821
f 821 799 836
f 799 801 836
f 836 801 834
f 801 794 834
f 834 794 832
f 794 795 832
f 832 795 830
f 795 796 830
f 830 796 843
f 796 787 843
f 843 787 841
f 787 788 841
f 841 788 839
f 788 789 839
f 839 789 852
f 789 790 852
f 852 790 850
f 790 791 850
f 850 791 848
f 791 792 848
f 848 792 846
f 792 793 846
f 846 793 859
f 793 780 859
f 859 780 857
f 780 781 857
f 857 781 855
f 781 782 855
f 855 782 866
f 782 783 866
f 866 783 864
f 783 784 864
f 864 784 862
f 784 785 862
f 862 785 875
f 785 786 875
f 875 786 779
f 876 877 878
f 877 879 878
f 876 878 880
f 878 881 880
f 880 881 882
f 881 883 882
f 882 883 884
f 883 885 884
f 884 885 886
f 886 885 887
f 885 888 887
f 887 888 889
f 888 890 889
f 889 890 891
f 890 892 891
f 891 892 893
f 892 894 893
f 893 894 895
f 895 894 896
f 894 897 896
f 896 897 898
f 897 899 898
f 898 899 900
f 899 901 900
f 900 901 902
f 901 903 902
f 902 903 904
f 904 903 905
f 903 906 905
f 905 906 907
f 906 908 907
f 907 908 909
f 908 910 909
f 909 910 911
f 910 912 911
f 911 912 913
f 913 912 914
f 912 915 914
f 914 915 916
f 915 917 916
f 916 917 918
f 917 919 918
f 918 919 920
f 919 921 920
f 920 921 922
f 923 924 925
f 925 926 923
f 926 927 923
f 923 927 921
f 927 928 921
f 921 928 922
f 929 925 930
f 925 924 930
f 930 924 931
f 919 932 921
f 932 933 921
f 921 933 923
f 933 934 923
f 923 934 924
f 934 935 924
f 924 935 931
f 935 936 931
f 910 937 912
f 937 938 912
f 912 938 915
f 938 939 915
f 915 939 917
f 939 940 917
f 917 940 919
f 940 941 919
f 919 941 932
f 901 942 903
f 942 943 903
f 903 943 906
f 943 944 906
f 906 944 908
f 944 945 908
f 908 945 910
f 945 946 910
f 910 946 937
f 892 947 894
f 947 948 894
f 894 948 897
f 948 949 897
f 897 949 899
f 949 950 899
f 899 950 901
f 950 951 901
f 901 951 942
f 883 952 885
f 952 953 885
f 885 953 888
f 953 954 888
f 888 954 890
f 954 955 890
f 890 955 892
f 955 956 892
f 892 956 947
f 957 958 879
f 958 959 879
f 879 959 878
f 959 960 878
f 878 960 881
f 960 961 881
f 881 961 883
f 961 962 883
f 883 962 952
f 963 957 964
f 957 879 964
f 964 879 965
f 879 877 965
f 966 967 968
f 969 970 971
f 970 972 971
f 973 974 975
f 974 976 975
f 975 976 977
f 976 978 977
f 977 978 969
f 978 979 969
f 969 979 970
f 980 981 982
f 981 983 982
f 982 983 984
f 983 985 984
f 984 985 986
f 985 987 986
f 986 987 973
f 987 988 973
f 973 988 974
f 989 990 991
f 990 992 991
f 991 992 993
f 992 994 993
f 993 994 980
f 994 995 980
f 980 995 981
f 996 997 998
f 997 999 998
f 998 999 1000
f 999 1001 1000
f 1000 1001 989
f 1001 1002 989
f 989 1002 990
f 1003 1004 1005
f 1004 1006 1005
f 1005 1006 1007
f 1006 1008 1007
f 1007 1008 1009
f 1008 1010 1009
f 1009 1010 996
f 1010 1011 996
f 996 1011 997
f 1012 1013 1014
f 1013 1015 1014
f 1014 1015 1016
f 1015 1017 1016
f 1016 1017 1018
f 1017 1019 1018
f 1018 1019 1003
f 1019 1020 1003
f 1003 1020 1004
f 1021 1022 1023
f 1022 1024 1023
f 1023 1024 1012
f 1024 1025 1012
f 1012 1025 1013
f 1026 1027 1028
f 1027 1029 1028
f 1028 1029 1030
f 1029 1031 1030
f 1030 1031 1032
f 1032 1031 1033
f 1031 1034 1033
f 1033 1034 1035
f 1034 1036 1035
f 1035 1036 1037
f 1036 1038 1037
f 1037 1038 1039
f 1038 1040 1039
f 1039 1040 1041
f 1041 1040 1042
f 1040 1043 1042
f 1042 1043 1044
f 1043 1045 1044
f 1044 1045 1046
f 1045 1047 1046
f 1046 1047 1048
f 1047 1049 1048
f 1048 1049 1050
f 1050 1049 1051
f 1049 1052 1051
f 1051 1052 1053
f 1052 1054 1053
f 1053 1054 1055
f 1054 1056 1055
f 1055 1056 1057
f 1056 1058 1057
f 1057 1058 1059
f 1059 1058 1060
f 1058 1061 1060
f 1060 1061 1062
f 1061 1063 1062
f 1062 1063 1064
f 1063 1065 1064
f 1064 1065 1066
f 1065 1067 1066
f 1066 1067 1068
f 1068 1067 1069
f 1067 1070 1069
f 1069 1070 1071
f 1070 1072 1071
f 1071 1072 1073
f 1072 1074 1073
f 1073 1074 1075
f 1074 1076 1075
f 1075 1076 1077
f 1077 1076 1078
f 1076 1079 1078
f 1078 1079 1080
f 1079 1081 1080
f 1080 1081 1082
f 1083 1656 1081
f 1656 1084 1081
f 1081 1084 1082
f 1084 1085 1082
f 1086 967 1087
f 967 966 1087
f 1087 966 1088
f 1089 1090 1091
f 1090 1023 1091
f 1091 1023 1092
f 1023 1012 1092
f 1092 1012 1093
f 1012 1014 1093
f 1093 1014 1094
f 1014 1016 1094
f 1094 1016 1095
f 1016 1018 1095
f 1095 1018 1096
f 1018 1003 1096
f 1096 1003 1097
f 1003 1005 1097
f 1097 1005 1098
f 1005 1007 1098
f 1098 1007 1099
f 1007 1009 1099
f 1099 1009 1100
f 1009 996 1100
f 1100 996 1101
f 996 998 1101
f 1101 998 1102
f 998 1000 1102
f 1102 1000 1103
f 1000 989 1103
f 1103 989 1104
f 989 991 1104
f 1104 991 1105
f 991 993 1105
f 1105 993 1106
f 993 980 1106
f 1106 980 1107
f 980 982 1107
f 1107 982 1108
f 982 984 1108
f 1108 984 1109
f 984 986 1109
f 1109 986 1110
f 986 973 1110
f 1110 973 1111
f 973 975 1111
f 1111 975 1112
f 975 977 1112
f 1112 977 1113
f 977 969 1113
f 1113 969 1114
f 969 971 1114
f 1114 971 1115
f 971 972 1115
f 1115 972 1116
f 1116 1088 1115
f 1088 966 1115
f 1115 966 1114
f 966 968 1114
f 1114 968 1113
f 968 1117 1113
f 1113 1117 1112
f 1117 1118 1112
f 1112 1118 1111
f 1118 1119 1111
f 1111 1119 1110
f 1119 1120 1110
f 1110 1120 1109
f 1120 1121 1109
f 1109 1121 1108
f 1121 1122 1108
f 1108 1122 1107
f 1122 1123 1107
f 1107 1123 1106
f 1123 1124 1106
f 1106 1124 1105
f 1124 1125 1105
f 1105 1125 1104
f 1125 1126 1104
f 1104 1126 1103
f 1126 1127 1103
f 1103 1127 1102
f 1127 1128 1102
f 1102 1128 1101
f 1128 1129 1101
f 1101 1129 1100
f 1129 1130 1100
f 1100 1130 1099
f 1130 1131 1099
f 1099 1131 1098
f 1131 1132 1098
f 1098 1132 1097
f 1132 1133 1097
f 1097 1133 1096
f 1133 1134 1096
f 1096 1134 1095
f 1134 1135 1095
f 1095 1135 1094
f 1135 1136 1094
f 1094 1136 1093
f 1136 1137 1093
f 1093 1137 1092
f 1137 1138 1092
f 1092 1138 1091
f 1138 1139 1091
f 1091 1139 1089
f 1139 1140 1089
f 1086 1083 967
f 1083 1081 967
f 967 1081 968
f 1081 1079 968
f 968 1079 1117
f 1079 1076 1117
f 1117 1076 1118
f 1076 1074 1118
f 1118 1074 1119
f 1074 1072 1119
f 1119 1072 1120
f 1072 1070 1120
f 1120 1070 1121
f 1070 1067 1121
f 1121 1067 1122
f 1067 1065 1122
f 1122 1065 1123
f 1065 1063 1123
f 1123 1063 1124
f 1063 1061 1124
f 1124 1061 1125
f 1061 1058 1125
f 1125 1058 1126
f 1058 1056 1126
f 1126 1056 1127
f 1056 1054 1127
f 1127 1054 1128
f 1054 1052 1128
f 1128 1052 1129
f 1052 1049 1129
f 1129 1049 1130
f 1049 1047 1130
f 1130 1047 1131
f 1047 1045 1131
f 1131 1045 1132
f 1045 1043 1132
f 1132 1043 1133
f 1043 1040 1133
f 1133 1040 1134
f 1040 1038 1134
f 1134 1038 1135
f 1038 1036 1135
f 1135 1036 1136
f 1036 1034 1136
f 1136 1034 1137
f 1034 1031 1137
f 1137 1031 1138
f 1031 1029 1138
f 1138 1029 1139
f 1029 1027 1139
f 1139 1027 1140
f 1027 1026 1140
f 1143 1144 1145
f 1148 1149 1150
f 1151 1152 1153
f 1154 1155 1156
f 1155 1157 1156
f 1156 1157 1158
f 1157 1159 1158
f 1158 1159 1160
f 1159 1151 1160
f 1160 1151 1161
f 1151 1153 1161
f 1162 1163 1154
f 1163 1164 1154
f 1154 1164 1155
f 1165 1166 1167
f 1166 1168 1167
f 1167 1168 1169
f 1168 1162 1169
f 1169 1162 1170
f 1162 1154 1170
f 1171 1172 1165
f 1172 1173 1165
f 1165 1173 1166
f 1174 1175 1176
f 1175 1171 1176
f 1176 1171 1177
f 1171 1165 1177
f 1178 1179 1174
f 1174 1179 1175
f 1180 1181 1182
f 1181 1183 1182
f 1182 1183 1184
f 1183 1178 1184
f 1184 1178 1185
f 1178 1174 1185
f 1186 1187 1180
f 1180 1187 1181
f 1180 1188 1186
f 1188 1189 1186
f 1186 1189 1190
f 1189 1191 1190
f 1190 1191 1192
f 1191 1193 1192
f 1192 1193 1272
f 1142 1196 1194
f 1141 1195 1142
f 1195 1196 1142
f 1197 1198 1199
f 1146 1147 1200
f 1201 1202 1203
f 1202 1204 1203
f 1203 1204 1145
f 1204 1205 1145
f 1145 1205 1143
f 1206 1207 1208
f 1207 1209 1208
f 1208 1209 1210
f 1209 1211 1210
f 1210 1211 1212
f 1211 1213 1212
f 1212 1213 1214
f 1213 1215 1214
f 1216 1217 1218
f 1217 1219 1218
f 1218 1219 1220
f 1219 1221 1220
f 1220 1221 1222
f 1221 1223 1222
f 1222 1223 1224
f 1223 1225 1224
f 1224 1225 1206
f 1225 1226 1206
f 1206 1226 1207
f 1227 1228 1229
f 1228 1230 1229
f 1229 1230 1231
f 1230 1232 1231
f 1231 1232 1233
f 1232 1234 1233
f 1233 1234 1235
f 1234 1236 1235
f 1235 1236 1216
f 1236 1237 1216
f 1216 1237 1217
f 1238 1239 1227
f 1227 1239 1228
f 1240 1241 1148
f 1241 1242 1148
f 1148 1242 1243
f 1242 1244 1243
f 1243 1244 1245
f 1244 1246 1245
f 1245 1246 1247
f 1246 1238 1247
f 1247 1238 1248
f 1238 1227 1248
f 1149 1148 1249
f 1148 1243 1249
f 1249 1243 1250
f 1243 1245 1250
f 1250 1245 1251
f 1245 1247 1251
f 1251 1247 1252
f 1247 1248 1252
f 1252 1248 1253
f 1248 1227 1253
f 1253 1227 1254
f 1227 1229 1254
f 1254 1229 1255
f 1229 1231 1255
f 1255 1231 1256
f 1231 1233 1256
f 1256 1233 1257
f 1233 1235 1257
f 1257 1235 1258
f 1235 1216 1258
f 1258 1216 1259
f 1216 1218 1259
f 1259 1218 1260
f 1218 1220 1260
f 1260 1220 1261
f 1220 1222 1261
f 1261 1222 1262
f 1222 1224 1262
f 1262 1224 1263
f 1224 1206 1263
f 1263 1206 1264
f 1206 1208 1264
f 1264 1208 1265
f 1208 1210 1265
f 1265 1210 1266
f 1210 1212 1266
f 1266 1212 1267
f 1212 1214 1267
f 1267 1214 1268
f 1144 1278 1145
f 1145 1278 1203
f 1278 1269 1203
f 1203 1269 1201
f 1269 1270 1201
f 1141 1142 1271
f 1142 1194 1271
f 1271 1194 1193
f 1194 1272 1193
f 1215 1270 1214
f 1270 1269 1214
f 1214 1269 1268
f 1269 1278 1268
f 1268 1278 1280
f 1273 1195 1274
f 1195 1141 1274
f 1280 1141 1268
f 1141 1271 1268
f 1268 1271 1267
f 1271 1193 1267
f 1267 1193 1266
f 1193 1191 1266
f 1266 1191 1265
f 1191 1189 1265
f 1265 1189 1264
f 1189 1188 1264
f 1264 1188 1263
f 1188 1180 1263
f 1263 1180 1262
f 1180 1182 1262
f 1262 1182 1261
f 1182 1184 1261
f 1261 1184 1260
f 1184 1185 1260
f 1260 1185 1259
f 1185 1174 1259
f 1259 1174 1258
f 1174 1176 1258
f 1258 1176 1257
f 1176 1177 1257
f 1257 1177 1256
f 1177 1165 1256
f 1256 1165 1255
f 1165 1167 1255
f 1255 1167 1254
f 1167 1169 1254
f 1254 1169 1253
f 1169 1170 1253
f 1253 1170 1252
f 1170 1154 1252
f 1252 1154 1251
f 1154 1156 1251
f 1251 1156 1250
f 1156 1158 1250
f 1250 1158 1249
f 1158 1160 1249
f 1249 1160 1149
f 1160 1161 1149
f 1149 1161 1275
f 1161 1153 1275
f 1143 1276 1144
f 1276 1277 1144
f 1144 1277 1278
f 1141 1279 1274
f 1274 1279 1273
f 1276 1200 1277
f 1200 1147 1277
f 1277 1147 1278
f 1147 1280 1278
f 1280 1197 1141
f 1141 1197 1279
f 1197 1199 1279
f 1279 1199 1273
f 1282 1281 1283
f 1283 1284 1285
f 1284 1286 1285
f 1285 1286 1287
f 1286 1288 1287
f 1287 1288 1291
f 1288 1289 1291
f 1289 1290 1291
f 1290 1292 1291
f 1291 1292 1295
f 1292 1293 1295
f 1293 1294 1295
f 1294 1296 1295
f 1295 1296 1297
f 1296 1298 1297
f 1297 1298 1303
f 1298 1299 1303
f 1299 1302 1303
f 1302 1300 1303
f 1300 1301 1303
f 1304 1305 1306
f 1309 1303 1307
f 1303 1308 1307
f 1291 1295 1309
f 1295 1297 1309
f 1297 1303 1309
f 1310 1287 1345
f 1287 1291 1345
f 1345 1291 1309
f 1311 1283 1310
f 1283 1285 1310
f 1310 1285 1287
f 1311 1282 1283
f 1371 1312 1313
f 1312 1314 1313
f 1314 1312 1315
f 1312 1370 1315
f 1315 1370 1316
f 1370 1317 1316
f 1316 1317 1318
f 1318 1317 1319
f 1317 1320 1319
f 1319 1320 1321
f 1321 1320 1322
f 1320 1323 1322
f 1322 1323 1324
f 1325 1326 1327
f 1329 1330 1325
f 1330 1331 1325
f 1325 1331 1326
f 1332 1333 1329
f 1333 1334 1329
f 1329 1334 1330
f 1335 1336 1337
f 1336 1338 1337
f 1337 1338 1332
f 1338 1339 1332
f 1332 1339 1333
f 1340 1341 1335
f 1341 1342 1335
f 1335 1342 1336
f 1343 1344 1345
f 1344 1346 1345
f 1345 1346 1347
f 1346 1348 1347
f 1347 1348 1340
f 1348 1349 1340
f 1340 1349 1341
f 1350 1351 1352
f 1351 1353 1352
f 1352 1353 1354
f 1353 1355 1354
f 1354 1355 1343
f 1355 1356 1343
f 1343 1356 1344
f 1357 1359 1358
f 1358 1359 1360
f 1359 1361 1360
f 1360 1361 1350
f 1361 1362 1350
f 1350 1362 1351
f 1363 1364 1365
f 1364 1366 1365
f 1365 1366 1367
f 1366 1368 1367
f 1367 1368 1358
f 1368 1369 1358
f 1358 1369 1357
f 1307 1363 1309
f 1363 1365 1309
f 1365 1367 1309
f 1367 1358 1309
f 1358 1360 1309
f 1360 1350 1309
f 1350 1352 1309
f 1352 1354 1309
f 1354 1343 1309
f 1309 1343 1345
f 1345 1347 1310
f 1310 1347 1311
f 1347 1340 1311
f 1340 1335 1311
f 1335 1337 1311
f 1337 1332 1311
f 1332 1329 1311
f 1329 1325 1311
f 1325 1327 1311
f 1327 1328 1311
f 1305 1324 1306
f 1324 1323 1306
f 1306 1323 1311
f 1323 1320 1311
f 1320 1317 1311
f 1311 1317 1370
f 1312 1371 1370
f 1327 1304 1328
f 1304 1306 1328
f 1328 1306 1311
f 1282 1311 1371
f 1311 1370 1371
f 1373 1374 1375
f 1376 1377 1299
f 1379 1380 1381
f 1381 1380 1382
f 1379 1381 1383
f 1381 1384 1383
f 1383 1384 1385
f 1385 1384 1386
f 1384 1387 1386
f 1386 1387 1388
f 1388 1387 1389
f 1387 1390 1389
f 1389 1390 1391
f 1392 1393 1394
f 1393 1395 1394
f 1656 1397 1393
f 1397 1398 1393
f 1393 1398 1395
f 1300 1399 1301
f 1301 1399 1400
f 1399 1401 1400
f 1401 1402 1400
f 1400 1402 1409
f 1403 1404 1405
f 1404 1406 1405
f 1405 1406 1407
f 1406 1408 1407
f 1407 1408 1402
f 1408 1409 1402
f 1403 1405 1410
f 1405 1411 1410
f 1410 1411 1412
f 1411 1413 1412
f 1412 1413 1414
f 1413 1415 1414
f 1414 1415 1416
f 1415 1417 1416
f 1416 1417 1418
f 1418 1417 1419
f 1417 1421 1419
f 1419 1421 1420
f 1281 1422 1423
f 1424 1281 1423
f 1425 1286 1426
f 1286 1284 1426
f 1426 1284 1424
f 1284 1283 1424
f 1424 1283 1281
f 1299 1298 1376
f 1298 1296 1376
f 1376 1296 1427
f 1296 1294 1427
f 1427 1294 1428
f 1294 1293 1428
f 1428 1293 1429
f 1293 1292 1429
f 1429 1292 1430
f 1292 1290 1430
f 1430 1290 1431
f 1290 1289 1431
f 1431 1289 1425
f 1289 1288 1425
f 1425 1288 1286
f 1300 1302 1432
f 1433 1377 1434
f 1377 1376 1434
f 1434 1376 1435
f 1376 1427 1435
f 1435 1427 1436
f 1427 1428 1436
f 1436 1428 1437
f 1428 1429 1437
f 1437 1429 1438
f 1429 1430 1438
f 1438 1430 1439
f 1430 1431 1439
f 1439 1431 1440
f 1431 1425 1440
f 1440 1425 1441
f 1425 1426 1441
f 1441 1426 1442
f 1426 1424 1442
f 1442 1424 1443
f 1424 1423 1443
f 1443 1423 1444
f 1423 1422 1444
f 1445 1433 1446
f 1433 1434 1446
f 1446 1434 1447
f 1434 1435 1447
f 1447 1435 1448
f 1435 1436 1448
f 1448 1436 1449
f 1436 1437 1449
f 1449 1437 1450
f 1437 1438 1450
f 1450 1438 1451
f 1438 1439 1451
f 1451 1439 1452
f 1439 1440 1452
f 1452 1440 1453
f 1440 1441 1453
f 1453 1441 1454
f 1441 1442 1454
f 1454 1442 1455
f 1442 1443 1455
f 1455 1443 1456
f 1443 1444 1456
f 1457 1445 1458
f 1445 1446 1458
f 1458 1446 1459
f 1446 1447 1459
f 1459 1447 1460
f 1447 1448 1460
f 1460 1448 1461
f 1448 1449 1461
f 1461 1449 1462
f 1449 1450 1462
f 1462 1450 1463
f 1450 1451 1463
f 1463 1451 1464
f 1451 1452 1464
f 1464 1452 1465
f 1452 1453 1465
f 1465 1453 1466
f 1453 1454 1466
f 1466 1454 1467
f 1454 1455 1467
f 1467 1455 1468
f 1455 1456 1468
f 1469 1457 1470
f 1457 1458 1470
f 1470 1458 1471
f 1458 1459 1471
f 1471 1459 1472
f 1459 1460 1472
f 1472 1460 1473
f 1460 1461 1473
f 1473 1461 1474
f 1461 1462 1474
f 1474 1462 1475
f 1462 1463 1475
f 1475 1463 1476
f 1463 1464 1476
f 1476 1464 1477
f 1464 1465 1477
f 1477 1465 1478
f 1465 1466 1478
f 1478 1466 1479
f 1466 1467 1479
f 1479 1467 1480
f 1467 1468 1480
f 1481 1657 1482
f 1482 1657 1483
f 1483 1657 1484
f 1484 1657 1485
f 695 1487 1657
f 1657 1487 1485
f 1486 1489 1490
f 1489 1491 1490
f 1490 1491 695
f 695 1486 1490
f 1486 1492 1489
f 1493 1469 1494
f 1469 1470 1494
f 1494 1470 1495
f 1470 1471 1495
f 1495 1471 1496
f 1471 1472 1496
f 1496 1472 1497
f 1472 1473 1497
f 1497 1473 1498
f 1473 1474 1498
f 1498 1474 1499
f 1474 1475 1499
f 1499 1475 1500
f 1475 1476 1500
f 1500 1476 1501
f 1476 1477 1501
f 1501 1477 1502
f 1477 1478 1502
f 1502 1478 1503
f 1478 1479 1503
f 1503 1479 1504
f 1479 1480 1504
f 1505 1493 1506
f 1493 1494 1506
f 1506 1494 1507
f 1494 1495 1507
f 1507 1495 1508
f 1495 1496 1508
f 1508 1496 1509
f 1496 1497 1509
f 1509 1497 1510
f 1497 1498 1510
f 1510 1498 1511
f 1498 1499 1511
f 1511 1499 1512
f 1499 1500 1512
f 1512 1500 1513
f 1500 1501 1513
f 1513 1501 1514
f 1501 1502 1514
f 1514 1502 1515
f 1502 1503 1515
f 1515 1503 1516
f 1503 1504 1516
f 1517 1505 1518
f 1505 1506 1518
f 1518 1506 1519
f 1506 1507 1519
f 1519 1507 1520
f 1507 1508 1520
f 1520 1508 1521
f 1508 1509 1521
f 1521 1509 1522
f 1509 1510 1522
f 1522 1510 1523
f 1510 1511 1523
f 1523 1511 1524
f 1511 1512 1524
f 1524 1512 1525
f 1512 1513 1525
f 1525 1513 1526
f 1513 1514 1526
f 1526 1514 1527
f 1514 1515 1527
f 1527 1515 1528
f 1515 1516 1528
f 1492 1486 1529
f 1529 1486 1530
f 1530 1486 1531
f 1531 1486 1532
f 1532 1533 1531
f 1533 1534 1531
f 1531 1534 1530
f 1534 1535 1530
f 1530 1535 1529
f 1535 1536 1529
f 1529 1536 1492
f 1536 1537 1492
f 1492 1537 1489
f 1537 1538 1489
f 1489 1538 1491
f 1538 1487 1491
f 1491 1487 695
f 1533 1517 1534
f 1517 1518 1534
f 1534 1518 1535
f 1518 1519 1535
f 1535 1519 1536
f 1519 1520 1536
f 1536 1520 1537
f 1520 1521 1537
f 1537 1521 1538
f 1521 1522 1538
f 1538 1522 1487
f 1522 1523 1487
f 1487 1523 1485
f 1523 1524 1485
f 1485 1524 1484
f 1524 1525 1484
f 1484 1525 1483
f 1525 1526 1483
f 1483 1526 1482
f 1526 1527 1482
f 1482 1527 1481
f 1527 1528 1481
f 1300 1432 1399
f 1432 1539 1399
f 1399 1539 1401
f 1539 1540 1401
f 1401 1540 1402
f 1540 1541 1402
f 1402 1541 1407
f 1541 1542 1407
f 1407 1542 1405
f 1542 1543 1405
f 1405 1543 1411
f 1543 1544 1411
f 1411 1544 1413
f 1544 1545 1413
f 1413 1545 1415
f 1545 1546 1415
f 1415 1546 1417
f 1546 1547 1417
f 1417 1547 1421
f 1547 1486 1421
f 1548 872 1549
f 1549 872 1550
f 872 779 1550
f 1380 1548 1382
f 1548 1549 1382
f 1382 1549 1375
f 1549 1550 1375
f 1375 1550 1373
f 1550 779 1373
f 1373 779 1378
f 1282 1396 1656
f 1394 1553 1392
f 1553 1554 1392
f 1392 1554 1555
f 1554 1556 1555
f 1555 1556 1557
f 1556 1558 1557
f 1557 1558 1559
f 1558 1560 1559
f 1559 1560 1561
f 1560 1562 1561
f 1561 1562 1563
f 1562 1564 1563
f 1563 1564 1565
f 1553 1391 1554
f 1391 1390 1554
f 1554 1390 1556
f 1390 1387 1556
f 1556 1387 1558
f 1387 1384 1558
f 1558 1384 1560
f 1384 1381 1560
f 1560 1381 1562
f 1381 1382 1562
f 1562 1382 1564
f 1382 1375 1564
f 1564 1375 1565
f 1375 1374 1565
f 1373 1566 1567
f 1566 1568 1567
f 1567 1568 1569
f 1568 1570 1569
f 1569 1570 1571
f 1570 1572 1571
f 1571 1572 1573
f 1572 1574 1573
f 1573 1574 1575
f 1574 1576 1575
f 1575 1576 1577
f 1576 1578 1577
f 1577 1578 1579
f 1578 1580 1579
f 1579 1580 1581
f 1580 1582 1581
f 1581 1582 1583
f 1582 1656 1583
f 1378 1584 1585
f 1584 1586 1585
f 1585 1586 1587
f 1586 1588 1587
f 1587 1588 1589
f 1588 1590 1589
f 1589 1590 1591
f 1590 1592 1591
f 1591 1592 1593
f 1592 1594 1593
f 1593 1594 1595
f 1594 1596 1595
f 1595 1596 1597
f 1596 1598 1597
f 1597 1598 1599
f 1598 1600 1599
f 1599 1600 1601
f 1600 1602 1601
f 1601 1602 1603
f 1602 1656 1603
f 1656 1582 1603
f 1582 1580 1603
f 1603 1580 1601
f 1580 1578 1601
f 1601 1578 1599
f 1578 1576 1599
f 1599 1576 1597
f 1576 1574 1597
f 1597 1574 1595
f 1574 1572 1595
f 1595 1572 1593
f 1572 1570 1593
f 1593 1570 1591
f 1570 1568 1591
f 1591 1568 1589
f 1568 1566 1589
f 1589 1566 1587
f 1566 1373 1587
f 1587 1373 1585
f 1656 1393 1583
f 1393 1392 1583
f 1583 1392 1581
f 1392 1555 1581
f 1581 1555 1579
f 1555 1557 1579
f 1579 1557 1577
f 1557 1559 1577
f 1577 1559 1575
f 1559 1561 1575
f 1575 1561 1573
f 1561 1563 1573
f 1573 1563 1571
f 1563 1565 1571
f 1571 1565 1569
f 1565 1374 1569
f 1569 1374 1567
f 1374 1373 1567
f 1373 1378 1585
f 1378 695 1639
f 1604 1606 1605
f 1605 1606 1607
f 1606 1372 1607
f 1372 1606 1608
f 1608 1606 1609
f 1606 1604 1609
f 1609 1604 1610
f 1281 1611 1422
f 1611 1612 1422
f 1422 1612 1444
f 1612 1613 1444
f 1444 1613 1456
f 1613 1614 1456
f 1456 1614 1468
f 1614 1615 1468
f 1468 1615 1480
f 1615 1616 1480
f 1480 1616 1504
f 1616 1617 1504
f 1504 1617 1516
f 1617 1618 1516
f 1516 1618 1528
f 1618 1488 1528
f 1528 1488 1481
f 1488 1657 1481
f 1656 1619 1620
f 1619 1621 1620
f 1620 1621 1622
f 1621 1623 1622
f 1622 1623 1624
f 1623 1625 1624
f 1624 1625 1626
f 1625 1627 1626
f 1626 1627 1628
f 1627 1629 1628
f 1628 1629 1630
f 1629 1631 1630
f 1630 1631 1632
f 1631 1633 1632
f 1632 1633 1634
f 1633 1635 1634
f 1634 1635 1636
f 1635 1637 1636
f 1636 1637 1638
f 1637 1639 1638
f 1639 1640 1641
f 1640 1642 1641
f 1641 1642 1643
f 1642 1644 1643
f 1643 1644 1645
f 1644 1646 1645
f 1645 1646 1647
f 1646 1648 1647
f 1647 1648 1649
f 1648 1650 1649
f 1649 1650 1651
f 1650 1610 1651
f 1651 1610 1652
f 1610 1604 1652
f 1652 1604 1653
f 1604 1605 1653
f 1653 1605 1654
f 1605 1607 1654
f 1654 1607 1655
f 1607 1372 1655
f 1655 1372 1656
f 1372 1282 1656
f 1639 1641 1638
f 1641 1643 1638
f 1638 1643 1636
f 1643 1645 1636
f 1636 1645 1634
f 1645 1647 1634
f 1634 1647 1632
f 1647 1649 1632
f 1632 1649 1630
f 1649 1651 1630
f 1630 1651 1628
f 1651 1652 1628
f 1628 1652 1626
f 1652 1653 1626
f 1626 1653 1624
f 1653 1654 1624
f 1624 1654 1622
f 1654 1655 1622
f 1622 1655 1620
f 1655 1656 1620
f 1657 1658 1659
f 1658 1660 1659
f 1659 1660 1661
f 1660 1662 1661
f 1661 1662 1663
f 1662 1664 1663
f 1663 1664 1665
f 1664 1666 1665
f 1665 1666 1667
f 1666 1668 1667
f 1667 1668 1669
f 1668 1670 1669
f 1669 1670 1671
f 1670 1672 1671
f 1671 1672 1673
f 1672 1674 1673
f 1673 1674 1675
f 1674 1281 1675
f 1657 1552 1676
f 1552 1677 1676
f 1676 1677 1678
f 1677 1679 1678
f 1678 1679 1680
f 1679 1681 1680
f 1680 1681 1682
f 1681 1683 1682
f 1682 1683 1684
f 1683 1685 1684
f 1684 1685 1686
f 1685 1687 1686
f 1686 1687 1688
f 1687 1689 1688
f 1688 1689 1690
f 1689 1691 1690
f 1690 1691 1692
f 1691 1281 1692
f 1657 1676 1658
f 1676 1678 1658
f 1658 1678 1660
f 1678 1680 1660
f 1660 1680 1662
f 1680 1682 1662
f 1662 1682 1664
f 1682 1684 1664
f 1664 1684 1666
f 1684 1686 1666
f 1666 1686 1668
f 1686 1688 1668
f 1668 1688 1670
f 1688 1690 1670
f 1670 1690 1672
f 1690 1692 1672
f 1672 1692 1674
f 1692 1281 1674
f 1282 1372 1281
f 1372 1608 1281
f 1281 1608 1675
f 1608 1609 1675
f 1675 1609 1673
f 1609 1610 1673
f 1673 1610 1671
f 1610 1650 1671
f 1671 1650 1669
f 1650 1648 1669
f 1669 1648 1667
f 1648 1646 1667
f 1667 1646 1665
f 1646 1644 1665
f 1665 1644 1663
f 1644 1642 1663
f 1663 1642 1661
f 1642 1640 1661
f 1661 1640 1659
f 1640 1639 1659
f 1659 1639 1657
f 1639 695 1657
f 1656 1602 1619
f 1602 1600 1619
f 1619 1600 1621
f 1600 1598 1621
f 1621 1598 1623
f 1598 1596 1623
f 1623 1596 1625
f 1596 1594 1625
f 1625 1594 1627
f 1594 1592 1627
f 1627 1592 1629
f 1592 1590 1629
f 1629 1590 1631
f 1590 1588 1631
f 1631 1588 1633
f 1588 1586 1633
f 1633 1586 1635
f 1586 1584 1635
f 1635 1584 1637
f 1584 1378 1637
f 1637 1378 1639
f 1281 1691 1611
f 1691 1689 1611
f 1611 1689 1612
f 1689 1687 1612
f 1612 1687 1613
f 1687 1685 1613
f 1613 1685 1614
f 1685 1683 1614
f 1614 1683 1615
f 1683 1681 1615
f 1615 1681 1616
f 1681 1679 1616
f 1616 1679 1617
f 1679 1677 1617
f 1617 1677 1618
f 1677 1552 1618
f 1618 1552 1488
f 1552 1657 1488
f 1486 1547 1532
f 1547 1546 1532
f 1532 1546 1533
f 1546 1545 1533
f 1533 1545 1517
f 1545 1544 1517
f 1517 1544 1505
f 1544 1543 1505
f 1505 1543 1493
f 1543 1542 1493
f 1493 1542 1469
f 1542 1541 1469
f 1469 1541 1457
f 1541 1540 1457
f 1457 1540 1445
f 1540 1539 1445
f 1445 1539 1433
f 1539 1432 1433
f 1433 1432 1377
f 1432 1302 1377
f 1377 1302 1299
f 1693 1694 1695
f 1696 1697 1698
f 1699 1700 1701
f 1702 1703 1704
f 1705 1706 1707
f 1898 1708 1709
f 1710 1711 1712
f 1911 1713 1714
f 1714 1713 1715
f 1713 1716 1715
f 1715 1716 1717
f 1716 1718 1717
f 1717 1718 1719
f 1718 1720 1719
f 1719 1720 1721
f 1721 1720 1722
f 1720 1723 1722
f 1722 1723 1724
f 1723 1725 1724
f 1724 1725 1726
f 1727 1728 1729
f 1728 1730 1729
f 1729 1730 1731
f 1730 1732 1731
f 1731 1732 1725
f 1732 1733 1725
f 1725 1733 1726
f 1727 1729 1734
f 1729 1735 1734
f 1734 1735 1736
f 1735 1737 1736
f 1736 1737 1738
f 1738 1737 1739
f 1737 1740 1739
f 1739 1740 1741
f 1742 1743 1744
f 1743 1745 1744
f 1744 1745 1746
f 1745 1747 1746
f 1746 1747 1748
f 1747 1749 1748
f 1748 1749 1750
f 1749 1751 1750
f 1750 1751 1752
f 1753 4327 1754
f 1755 1756 1753
f 1756 253 1753
f 1753 253 4327
f 1711 1755 1712
f 1755 1753 1712
f 1712 1753 1757
f 1753 1754 1757
f 1757 1754 1758
f 1758 1754 1759
f 1759 1754 1760
f 1760 1754 1761
f 1761 1754 1762
f 1762 1754 1763
f 1763 1754 1764
f 1764 1754 1765
f 1751 1766 1752
f 1766 1767 1752
f 1752 1767 1768
f 1767 1769 1768
f 1768 1769 1770
f 1769 1771 1770
f 1770 1771 1772
f 1771 1773 1772
f 1772 1773 1774
f 1773 1775 1774
f 1774 1775 1776
f 1775 1777 1776
f 1776 1777 1778
f 1777 1779 1778
f 1778 1779 1780
f 1779 1781 1780
f 1780 1781 1782
f 1781 1783 1782
f 1782 1783 1784
f 1783 1785 1784
f 1784 1785 1786
f 1785 1787 1786
f 1787 1710 1786
f 1710 1712 1786
f 1786 1712 1784
f 1712 1757 1784
f 1784 1757 1782
f 1757 1758 1782
f 1782 1758 1780
f 1758 1759 1780
f 1780 1759 1778
f 1759 1760 1778
f 1778 1760 1776
f 1760 1761 1776
f 1776 1761 1774
f 1761 1762 1774
f 1774 1762 1772
f 1762 1763 1772
f 1772 1763 1770
f 1763 1764 1770
f 1770 1764 1768
f 1764 1765 1768
f 1768 1765 1752
f 1765 1788 1752
f 1752 1788 1750
f 1788 1789 1750
f 1750 1789 1748
f 1789 1790 1748
f 1748 1790 1746
f 1790 1791 1746
f 1746 1791 1744
f 1791 1792 1744
f 1744 1792 1742
f 1792 1793 1742
f 1743 1794 1745
f 1794 1795 1745
f 1745 1795 1747
f 1795 1796 1747
f 1747 1796 1749
f 1796 1797 1749
f 1749 1797 1751
f 1797 1798 1751
f 1751 1798 1766
f 1799 1800 1801
f 1800 1802 1801
f 1801 1802 1803
f 1802 1804 1803
f 1803 1804 1805
f 1804 1806 1805
f 1805 1806 1807
f 1806 1808 1807
f 1807 1808 1809
f 1808 1810 1809
f 1809 1810 1811
f 1810 1812 1811
f 1811 1812 1813
f 1812 1814 1813
f 1813 1814 1815
f 1814 1816 1815
f 1815 1816 1817
f 1816 1818 1817
f 1817 1818 1819
f 1820 1821 1799
f 1821 1822 1799
f 1799 1822 1800
f 1822 1823 1800
f 1800 1823 1824
f 1798 1819 1766
f 1819 1818 1766
f 1766 1818 1767
f 1818 1816 1767
f 1767 1816 1769
f 1816 1814 1769
f 1769 1814 1771
f 1814 1812 1771
f 1771 1812 1773
f 1812 1810 1773
f 1773 1810 1775
f 1810 1808 1775
f 1775 1808 1777
f 1808 1806 1777
f 1777 1806 1779
f 1806 1804 1779
f 1779 1804 1781
f 1804 1802 1781
f 1781 1802 1783
f 1802 1800 1783
f 1783 1800 1785
f 1800 1824 1785
f 1785 1824 1787
f 1825 1826 1827
f 1827 1826 1828
f 1829 1828 1826
f 1830 1831 1832
f 1833 1834 1835
f 1834 1836 1835
f 1835 1836 1837
f 1836 1838 1837
f 1837 1838 1839
f 1838 1840 1839
f 1839 1840 1841
f 1840 1842 1841
f 1841 1842 1843
f 1842 1844 1843
f 1843 1844 1845
f 1844 1846 1845
f 1845 1846 1847
f 1846 1848 1847
f 1847 1848 1849
f 1848 1850 1849
f 1849 1850 1851
f 1850 1852 1851
f 1851 1852 1853
f 1852 1854 1853
f 1853 1854 1855
f 1854 1856 1855
f 1855 1856 1857
f 1856 1858 1857
f 1857 1858 1859
f 1858 1860 1859
f 1859 1860 1861
f 1860 1862 1861
f 1861 1862 1863
f 1862 1707 1863
f 1863 1707 1864
f 1707 1706 1864
f 1865 1866 1867
f 1866 1868 1867
f 1867 1868 1869
f 1868 1870 1869
f 1869 1870 1871
f 1870 1872 1871
f 1871 1872 1873
f 1872 1874 1873
f 1873 1874 1875
f 1874 1876 1875
f 1875 1876 1877
f 1876 1878 1877
f 1877 1878 1879
f 1878 1880 1879
f 1879 1880 1881
f 1880 1882 1881
f 1881 1882 1883
f 1882 1884 1883
f 1883 1884 1885
f 1884 1886 1885
f 1887 1888 1832
f 1830 1832 1889
f 1832 1888 1889
f 1551 1832 1826
f 1832 1831 1826
f 1826 1831 1890
f 1891 1709 1892
f 1709 1708 1892
f 1892 1708 1893
f 1896 1893 1897
f 1893 1708 1897
f 1897 1708 1898
f 1898 1899 1865
f 1899 1900 1865
f 1865 1900 1866
f 1898 1709 1899
f 1709 1891 1899
f 1899 1891 1900
f 1885 1825 1883
f 1825 1827 1883
f 1883 1827 1881
f 1827 1828 1881
f 1881 1828 1879
f 1828 1829 1879
f 1879 1829 1877
f 1829 1890 1877
f 1877 1890 1875
f 1890 1831 1875
f 1875 1831 1873
f 1831 1830 1873
f 1873 1830 1871
f 1830 1889 1871
f 1871 1889 1869
f 1889 1888 1869
f 1869 1888 1867
f 1888 1887 1867
f 1867 1887 1865
f 1887 1832 1865
f 1865 1832 1898
f 1894 1896 1895
f 1896 1897 1895
f 1895 1897 1898
f 1551 691 1832
f 1832 691 1898
f 1894 1705 1896
f 1705 1707 1896
f 1896 1707 1893
f 1707 1862 1893
f 1893 1862 1892
f 1862 1860 1892
f 1892 1860 1891
f 1860 1858 1891
f 1891 1858 1900
f 1858 1856 1900
f 1900 1856 1866
f 1856 1854 1866
f 1866 1854 1868
f 1854 1852 1868
f 1868 1852 1870
f 1852 1850 1870
f 1870 1850 1872
f 1850 1848 1872
f 1872 1848 1874
f 1848 1846 1874
f 1874 1846 1876
f 1846 1844 1876
f 1876 1844 1878
f 1844 1842 1878
f 1878 1842 1880
f 1842 1840 1880
f 1880 1840 1882
f 1840 1838 1882
f 1882 1838 1884
f 1838 1836 1884
f 1884 1836 1886
f 1836 1834 1886
f 1901 1902 1903
f 1906 1907 1908
f 1702 1704 1700
f 1697 1909 1910
f 1911 1912 1713
f 1912 1913 1713
f 1713 1913 1716
f 1913 1914 1716
f 1716 1914 1718
f 1914 1915 1718
f 1718 1915 1720
f 1915 1916 1720
f 1720 1916 1723
f 1916 1917 1723
f 1723 1917 1725
f 1917 1918 1725
f 1725 1918 1731
f 1918 1919 1731
f 1731 1919 1729
f 1919 1920 1729
f 1729 1920 1735
f 1920 1908 1735
f 1735 1908 1737
f 1908 1907 1737
f 1737 1907 1740
f 1911 1921 1922
f 1921 1923 1922
f 1922 1923 1924
f 1923 1925 1924
f 1924 1925 1926
f 1925 1927 1926
f 1926 1927 1928
f 1927 1929 1928
f 1928 1929 1930
f 1929 1931 1930
f 1930 1931 1932
f 1931 1933 1932
f 1932 1933 1934
f 1933 1935 1934
f 1934 1935 1936
f 1935 1937 1936
f 1936 1937 1938
f 1937 1704 1938
f 1938 1704 1939
f 1704 1703 1939
f 1939 1703 1906
f 1911 1940 1941
f 1940 1942 1941
f 1941 1942 1943
f 1942 1944 1943
f 1943 1944 1945
f 1944 1946 1945
f 1945 1946 1947
f 1946 1948 1947
f 1947 1948 1949
f 1948 1950 1949
f 1949 1950 1951
f 1950 1952 1951
f 1951 1952 1953
f 1952 1954 1953
f 1953 1954 1955
f 1954 1956 1955
f 1955 1956 1957
f 1956 1910 1957
f 1957 1910 1701
f 1910 1909 1701
f 1701 1909 1699
f 1700 1704 1701
f 1704 1937 1701
f 1701 1937 1957
f 1937 1935 1957
f 1957 1935 1955
f 1935 1933 1955
f 1955 1933 1953
f 1933 1931 1953
f 1953 1931 1951
f 1931 1929 1951
f 1951 1929 1949
f 1929 1927 1949
f 1949 1927 1947
f 1927 1925 1947
f 1947 1925 1945
f 1925 1923 1945
f 1945 1923 1943
f 1923 1921 1943
f 1943 1921 1941
f 1921 1911 1941
f 1906 1908 1939
f 1908 1920 1939
f 1939 1920 1938
f 1920 1919 1938
f 1938 1919 1936
f 1919 1918 1936
f 1936 1918 1934
f 1918 1917 1934
f 1934 1917 1932
f 1917 1916 1932
f 1932 1916 1930
f 1916 1915 1930
f 1930 1915 1928
f 1915 1914 1928
f 1928 1914 1926
f 1914 1913 1926
f 1926 1913 1924
f 1913 1912 1924
f 1924 1912 1922
f 1912 1911 1922
f 1958 1959 1960
f 1765 1754 1788
f 1788 1754 1789
f 1789 1754 1790
f 1790 1754 1791
f 1791 1754 1792
f 1792 1754 1793
f 1551 1905 1911
f 1905 1904 1961
f 1904 1962 1961
f 1961 1962 1963
f 1962 1964 1963
f 1963 1964 1965
f 1964 1966 1965
f 1965 1966 1967
f 1966 1968 1967
f 1967 1968 1969
f 1968 1970 1969
f 1969 1970 1971
f 1970 1972 1971
f 1971 1972 1973
f 1972 1974 1973
f 1973 1974 1975
f 1974 1976 1975
f 1975 1976 1698
f 1976 1977 1698
f 1698 1977 1696
f 1901 1903 1978
f 1903 1979 1978
f 1978 1979 1980
f 1979 1981 1980
f 1980 1981 1982
f 1981 1983 1982
f 1982 1983 1984
f 1983 1985 1984
f 1984 1985 1986
f 1985 1987 1986
f 1986 1987 1988
f 1987 1989 1988
f 1988 1989 1990
f 1989 1960 1990
f 1990 1960 1695
f 1960 1959 1695
f 1695 1959 1693
f 1902 1901 1905
f 1905 1901 1904
f 1901 1978 1904
f 1904 1978 1962
f 1978 1980 1962
f 1962 1980 1964
f 1980 1982 1964
f 1964 1982 1966
f 1982 1984 1966
f 1966 1984 1968
f 1984 1986 1968
f 1968 1986 1970
f 1986 1988 1970
f 1970 1988 1972
f 1988 1990 1972
f 1972 1990 1974
f 1990 1695 1974
f 1974 1695 1976
f 1695 1694 1976
f 1976 1694 1977
f 1905 1991 1992
f 1991 1993 1992
f 1992 1993 1994
f 1993 1995 1994
f 1994 1995 1996
f 1995 1997 1996
f 1996 1997 1998
f 1997 1999 1998
f 1998 1999 2000
f 1999 2001 2000
f 2000 2001 2002
f 2001 2003 2002
f 2002 2003 2004
f 2003 2005 2004
f 2004 2005 2006
f 2005 2007 2006
f 2006 2007 2008
f 1905 2009 2010
f 2009 2011 2010
f 2010 2011 2012
f 2011 2013 2012
f 2012 2013 2014
f 2013 2015 2014
f 2014 2015 2016
f 2015 2017 2016
f 2016 2017 2018
f 2017 2019 2018
f 2018 2019 2020
f 2019 2021 2020
f 2020 2021 2022
f 2021 2023 2022
f 2022 2023 2024
f 2023 2025 2024
f 2024 2025 2026
f 1905 2010 1991
f 2010 2012 1991
f 1991 2012 1993
f 2012 2014 1993
f 1993 2014 1995
f 2014 2016 1995
f 1995 2016 1997
f 2016 2018 1997
f 1997 2018 1999
f 2018 2020 1999
f 1999 2020 2001
f 2020 2022 2001
f 2001 2022 2003
f 2022 2024 2003
f 2003 2024 2005
f 2024 2026 2005
f 2005 2026 2007
f 1958 1960 2008
f 1960 1989 2008
f 2008 1989 2006
f 1989 1987 2006
f 2006 1987 2004
f 1987 1985 2004
f 2004 1985 2002
f 1985 1983 2002
f 2002 1983 2000
f 1983 1981 2000
f 2000 1981 1998
f 1981 1979 1998
f 1998 1979 1996
f 1979 1903 1996
f 1996 1903 1994
f 1903 1902 1994
f 1994 1902 1992
f 1902 1905 1992
f 1697 1910 1698
f 1910 1956 1698
f 1698 1956 1975
f 1956 1954 1975
f 1975 1954 1973
f 1954 1952 1973
f 1973 1952 1971
f 1952 1950 1971
f 1971 1950 1969
f 1950 1948 1969
f 1969 1948 1967
f 1948 1946 1967
f 1967 1946 1965
f 1946 1944 1965
f 1965 1944 1963
f 1944 1942 1963
f 1963 1942 1961
f 1942 1940 1961
f 1961 1940 1905
f 1940 1911 1905
f 1911 695 1551
f 1864 1820 1863
f 1820 1799 1863
f 1863 1799 1861
f 1799 1801 1861
f 1861 1801 1859
f 1801 1803 1859
f 1859 1803 1857
f 1803 1805 1857
f 1857 1805 1855
f 1805 1807 1855
f 1855 1807 1853
f 1807 1809 1853
f 1853 1809 1851
f 1809 1811 1851
f 1851 1811 1849
f 1811 1813 1849
f 1849 1813 1847
f 1813 1815 1847
f 1847 1815 1845
f 1815 1817 1845
f 1845 1817 1843
f 1817 1819 1843
f 1843 1819 1841
f 1819 1798 1841
f 1841 1798 1839
f 1798 1797 1839
f 1839 1797 1837
f 1797 1796 1837
f 1837 1796 1835
f 1796 1795 1835
f 1835 1795 1833
f 1795 1794 1833
f 1890 1829 1826
f 1551 1826 1905
f 1826 1825 1905
f 1905 1825 2009
f 1825 1885 2009
f 2009 1885 2011
f 1885 1886 2011
f 2011 1886 2013
f 1886 1834 2013
f 2013 1834 2015
f 1834 1833 2015
f 2015 1833 2017
f 1833 1794 2017
f 2017 1794 2019
f 1794 1743 2019
f 2019 1743 2021
f 1743 1742 2021
f 2021 1742 2023
f 1742 1793 2023
f 2023 1793 2025
f 1793 1754 2025
f 2025 1754 2026
f 2026 1754 2007
f 1754 2027 2007
f 2007 2027 2008
f 2027 2037 2008
f 2008 2037 1958
f 2028 1958 2037
f 1741 1740 4332
f 1740 1907 4332
f 1907 1906 4332
f 1906 1703 4332
f 4332 1703 2029
f 1703 1702 2029
f 1702 1700 2029
f 2029 1700 2030
f 1700 1699 2030
f 2030 1699 2031
f 1699 1909 2031
f 2031 1909 2032
f 1909 1697 2032
f 1697 1696 2032
f 2032 1696 2033
f 1696 1977 2033
f 2033 1977 2034
f 1977 1694 2034
f 1694 1693 2034
f 2034 1693 2035
f 2035 1693 2028
f 1693 1959 2028
f 2028 1959 1958
f 1754 2036 2027
f 2036 2037 2027
f 1754 4327 2036
f 2038 2039 2040
f 2039 2041 2040
f 2040 2041 2042
f 2041 2043 2042
f 2044 2039 2038
f 2044 2038 2045
f 2038 2046 2045
f 2046 2047 2045
f 2045 2047 2048
f 2047 2049 2048
f 2047 2050 2049
f 2050 2051 2049
f 2049 2051 2052
f 2051 2053 2052
f 2051 2054 2053
f 2054 2055 2053
f 2053 2055 2056
f 2055 2057 2056
f 2055 2058 2057
f 2058 2059 2057
f 2057 2059 2060
f 2059 2061 2060
f 2059 2062 2061
f 2062 2063 2061
f 2061 2063 2064
f 2063 2065 2064
f 2063 2066 2065
f 2066 2067 2065
f 2065 2067 2068
f 2067 2069 2068
f 2067 2070 2069
f 2070 2071 2069
f 2069 2071 2072
f 2071 2073 2072
f 2071 2074 2073
f 2074 2075 2073
f 2073 2075 2076
f 2075 2077 2076
f 2075 2078 2077
f 2078 2079 2077
f 2077 2079 2080
f 2079 2081 2080
f 2079 2082 2081
f 2082 2083 2081
f 2081 2083 2084
f 2083 2085 2084
f 2083 2086 2085
f 2086 2087 2085
f 2085 2087 2088
f 2087 2089 2088
f 2087 2090 2089
f 2090 2091 2089
f 2089 2091 2092
f 2091 2093 2092
f 2094 2095 2096
f 2095 2097 2096
f 2091 2098 2093
f 2098 2096 2093
f 2093 2096 2097
f 2094 2099 2095
f 2095 2099 2100
f 2099 2101 2100
f 2099 2102 2101
f 2102 2103 2101
f 2101 2103 2104
f 2103 2105 2104
f 2103 2106 2105
f 2106 2107 2105
f 2105 2107 2108
f 2107 2109 2108
f 2107 2110 2109
f 2110 2111 2109
f 2109 2111 2112
f 2111 2113 2112
f 2111 2114 2113
f 2114 2115 2113
f 2113 2115 2116
f 2115 2117 2116
f 2115 2118 2117
f 2118 2119 2117
f 2117 2119 2120
f 2119 2121 2120
f 2119 2122 2121
f 2122 2123 2121
f 2121 2123 2124
f 2123 2125 2124
f 2123 2126 2125
f 2126 2127 2125
f 2125 2127 2128
f 2127 2129 2128
f 2127 2130 2129
f 2130 2131 2129
f 2129 2131 2132
f 2131 2133 2132
f 2131 2134 2133
f 2134 2135 2133
f 2133 2135 2136
f 2135 2137 2136
f 2135 2138 2137
f 2138 2139 2137
f 2137 2139 2140
f 2139 2141 2140
f 2139 2142 2141
f 2142 2143 2141
f 2141 2143 2144
f 2143 2145 2144
f 2143 2146 2145
f 2146 2147 2145
f 2145 2147 2148
f 2147 2149 2148
f 2150 2151 2152
f 2147 2153 2149
f 2153 2150 2149
f 2149 2150 2154
f 2150 2152 2154
f 2151 2155 2152
f 2152 2155 2156
f 2155 2157 2156
f 2156 2157 2158
f 2157 2159 2158
f 2158 2159 2160
f 2159 2161 2160
f 2160 2161 2162
f 2161 2163 2162
f 2162 2163 2164
f 2163 2165 2164
f 2164 2165 2166
f 2166 2165 2167
f 2165 2168 2167
f 2167 2168 2169
f 2168 2170 2169
f 2170 2171 2169
f 2169 2171 2172
f 2171 2173 2172
f 2172 2173 2174
f 2173 2175 2174
f 2174 2175 2176
f 2175 2177 2176
f 2176 2177 2178
f 2178 2177 2179
f 2177 2180 2179
f 2179 2180 2181
f 2180 2182 2181
f 2181 2182 2183
f 2182 2184 2183
f 2183 2184 2185
f 2186 2187 2188
f 2187 2189 2188
f 2188 2189 2190
f 2189 2191 2190
f 2190 2191 2192
f 2191 2185 2192
f 2192 2185 2193
f 2185 2184 2193
f 2194 2195 2196
f 2195 2197 2196
f 2196 2197 2186
f 2197 2198 2186
f 2186 2198 2187
f 2196 2199 2194
f 2199 2200 2194
f 2194 2200 2201
f 2200 2202 2201
f 2201 2202 2203
f 2202 2204 2203
f 2203 2204 2205
f 2204 2206 2205
f 2205 2206 2207
f 2206 2208 2207
f 2207 2208 2209
f 2208 2210 2209
f 2209 2210 2211
f 2210 2212 2211
f 2212 2213 2211
f 2211 2213 2214
f 2213 2215 2214
f 2214 2215 2216
f 2215 2217 2216
f 2216 2217 2218
f 2217 2219 2218
f 2218 2219 2220
f 2220 2219 2221
f 2219 2222 2221
f 2221 2222 2223
f 2222 2224 2223
f 2224 2225 2223
f 2223 2225 2226
f 2225 2227 2226
f 2226 2227 2228
f 2228 2227 2229
f 2227 2230 2229
f 2229 2230 2231
f 2230 2232 2231
f 2231 2232 2233
f 2232 2234 2233
f 2233 2234 2235
f 2234 2236 2235
f 2235 2236 2237
f 2236 2238 2237
f 2237 2238 2239
f 2238 2240 2239
f 2240 2241 2239
f 2239 2241 2242
f 2241 2243 2242
f 2242 2243 2244
f 2243 2245 2244
f 2244 2245 2246
f 2245 2247 2246
f 2246 2247 2248
f 2247 2249 2248
f 2248 2249 2250
f 2249 2251 2250
f 2042 2043 2252
f 2043 2253 2252
f 2252 2253 2254
f 2253 2255 2254
f 2254 2255 2256
f 2255 2257 2256
f 2256 2257 2251
f 2257 2258 2251
f 2251 2258 2250
f 2259 2260 2261
f 2260 2262 2261
f 2261 2262 2263
f 2262 2264 2263
f 2260 2259 2265
f 2266 2265 2267
f 2265 2268 2267
f 2265 2266 2260
f 2268 2269 2267
f 2267 2269 2270
f 2269 2271 2270
f 2269 2272 2271
f 2272 2273 2271
f 2271 2273 2274
f 2273 2275 2274
f 2273 2276 2275
f 2276 2277 2275
f 2275 2277 2278
f 2277 2279 2278
f 2277 2280 2279
f 2280 2281 2279
f 2279 2281 2282
f 2281 2283 2282
f 2281 2284 2283
f 2284 2285 2283
f 2283 2285 2288
f 2286 2287 2285
f 2287 2288 2285
f 2286 2289 2287
f 2287 2289 2290
f 2289 2291 2290
f 2289 2292 2291
f 2292 2293 2291
f 2291 2293 2294
f 2293 2295 2294
f 2293 2296 2295
f 2296 2297 2295
f 2295 2297 2298
f 2297 2299 2298
f 2297 2300 2299
f 2300 2301 2299
f 2299 2301 2302
f 2301 2303 2302
f 2301 2304 2303
f 2304 2305 2303
f 2303 2305 2306
f 2305 2307 2306
f 2305 2308 2307
f 2308 2309 2307
f 2307 2309 2310
f 2309 2311 2310
f 2309 2312 2311
f 2312 2313 2311
f 2311 2313 2314
f 2313 2315 2314
f 2313 2316 2315
f 2316 2317 2315
f 2315 2317 2318
f 2317 2319 2318
f 2317 2320 2319
f 2320 2321 2319
f 2319 2321 2322
f 2321 2323 2322
f 2321 2324 2323
f 2324 2325 2323
f 2323 2325 2326
f 2325 2327 2326
f 2325 2328 2327
f 2328 2329 2327
f 2327 2329 2330
f 2329 2331 2330
f 2329 2332 2331
f 2332 2333 2331
f 2331 2333 2334
f 2333 2335 2334
f 2333 2336 2335
f 2336 2337 2335
f 2335 2337 2338
f 2337 2339 2338
f 2340 2341 2342
f 2341 2343 2342
f 2337 2344 2339
f 2344 2341 2339
f 2339 2341 2340
f 2343 2345 2342
f 2342 2345 2346
f 2345 2347 2346
f 2345 2348 2347
f 2348 2349 2347
f 2347 2349 2350
f 2349 2351 2350
f 2349 2352 2351
f 2352 2353 2351
f 2351 2353 2354
f 2353 2355 2354
f 2353 2356 2355
f 2356 2357 2355
f 2355 2357 2358
f 2357 2359 2358
f 2357 2360 2359
f 2360 2361 2359
f 2359 2361 2362
f 2361 2363 2362
f 2361 2364 2363
f 2364 2365 2363
f 2363 2365 2366
f 2365 2367 2366
f 2365 2368 2367
f 2368 2369 2367
f 2367 2369 2370
f 2369 2371 2370
f 2369 2372 2371
f 2372 2373 2371
f 2371 2373 2374
f 2373 2375 2374
f 2374 2375 2376
f 2375 2377 2376
f 2376 2377 2378
f 2377 2379 2378
f 2378 2379 2380
f 2379 2381 2380
f 2380 2381 2382
f 2381 2383 2382
f 2382 2383 2384
f 2383 2385 2384
f 2384 2385 2386
f 2385 2387 2386
f 2386 2387 2388
f 2389 2390 2391
f 2390 2392 2391
f 2391 2392 2393
f 2392 2388 2393
f 2393 2388 2394
f 2388 2387 2394
f 2391 2395 2389
f 2395 2396 2389
f 2389 2396 2397
f 2396 2398 2397
f 2397 2398 2399
f 2399 2398 2400
f 2398 2401 2400
f 2400 2401 2402
f 2401 2403 2402
f 2402 2403 2404
f 2403 2405 2404
f 2404 2405 2406
f 2405 2407 2406
f 2407 2408 2406
f 2406 2408 2409
f 2408 2410 2409
f 2409 2410 2411
f 2410 2412 2411
f 2411 2412 2413
f 2412 2414 2413
f 2413 2414 2415
f 2415 2414 2416
f 2414 2417 2416
f 2416 2417 2418
f 2417 2419 2418
f 2419 2420 2418
f 2418 2420 2421
f 2420 2422 2421
f 2421 2422 2423
f 2423 2422 2424
f 2422 2425 2424
f 2424 2425 2426
f 2425 2427 2426
f 2427 2428 2426
f 2426 2428 2429
f 2428 2430 2429
f 2429 2430 2431
f 2430 2432 2431
f 2431 2432 2433
f 2432 2434 2433
f 2433 2434 2435
f 2435 2434 2436
f 2434 2437 2436
f 2436 2437 2438
f 2437 2439 2438
f 2438 2439 2440
f 2439 2441 2440
f 2440 2441 2442
f 2441 2443 2442
f 2443 2444 2442
f 2442 2444 2445
f 2444 2446 2445
f 2445 2446 2447
f 2447 2446 2448
f 2446 2449 2448
f 2448 2449 2450
f 2449 2451 2450
f 2450 2451 2452
f 2451 2453 2452
f 2452 2453 2454
f 2453 2455 2454
f 2454 2455 2456
f 2455 2457 2456
f 2457 2458 2456
f 2456 2458 2459
f 2458 2460 2459
f 2459 2460 2461
f 2460 2462 2461
f 2461 2462 2463
f 2462 2464 2463
f 2463 2464 2465
f 2465 2464 2466
f 2464 2467 2466
f 2466 2467 2468
f 2467 2469 2468
f 2469 2470 2468
f 2468 2470 2471
f 2470 2472 2471
f 2471 2472 2473
f 2472 2474 2473
f 2473 2474 2475
f 2474 2476 2475
f 2263 2264 2477
f 2264 2478 2477
f 2477 2478 2476
f 2478 2479 2476
f 2476 2479 2475
f 2625 2480 2624
f 2480 2481 2624
f 2480 2482 2481
f 2481 2482 2483
f 2482 2484 2483
f 2482 2485 2484
f 2485 2486 2484
f 2484 2486 2487
f 2486 2488 2487
f 2486 2489 2488
f 2489 2490 2488
f 2488 2490 2491
f 2490 2492 2491
f 2490 2493 2492
f 2493 2494 2492
f 2492 2494 2495
f 2494 2496 2495
f 2494 2497 2496
f 2497 2498 2496
f 2496 2498 2499
f 2498 2500 2499
f 2498 2501 2500
f 2501 2502 2500
f 2500 2502 2503
f 2502 2504 2503
f 2502 2505 2504
f 2505 2506 2504
f 2504 2506 2507
f 2506 2508 2507
f 2506 2509 2508
f 2509 2510 2508
f 2508 2510 2511
f 2510 2512 2511
f 2510 2513 2512
f 2513 2514 2512
f 2512 2514 2515
f 2514 2516 2515
f 2514 2517 2516
f 2517 2518 2516
f 2516 2518 2519
f 2518 2520 2519
f 2521 2522 2523
f 2522 2524 2523
f 2518 2525 2520
f 2525 2522 2520
f 2520 2522 2521
f 2524 2526 2523
f 2523 2526 2527
f 2526 2528 2527
f 2526 2529 2528
f 2529 2530 2528
f 2528 2530 2531
f 2530 2532 2531
f 2530 2533 2532
f 2533 2534 2532
f 2532 2534 2535
f 2534 2536 2535
f 2534 2537 2536
f 2537 2538 2536
f 2536 2538 2539
f 2538 2540 2539
f 2538 2541 2540
f 2541 2542 2540
f 2540 2542 2543
f 2542 2544 2543
f 2545 2546 2547
f 2542 2548 2544
f 2548 2545 2544
f 2544 2545 2549
f 2545 2547 2549
f 2546 2550 2547
f 2547 2550 2551
f 2550 2552 2551
f 2551 2552 2553
f 2552 2554 2553
f 2553 2554 2555
f 2554 2556 2555
f 2555 2556 2557
f 2557 2556 2558
f 2556 2559 2558
f 2558 2559 2560
f 2559 2561 2560
f 2560 2561 2562
f 2561 2563 2562
f 2562 2563 2564
f 2563 2565 2564
f 2564 2565 2566
f 2565 2567 2566
f 2566 2567 2568
f 2567 2569 2568
f 2569 2570 2568
f 2568 2570 2571
f 2570 2572 2571
f 2571 2572 2573
f 2572 2574 2573
f 2573 2574 2575
f 2574 2576 2575
f 2575 2576 2577
f 2577 2576 2578
f 2576 2579 2578
f 2578 2579 2580
f 2579 2581 2580
f 2580 2581 2582
f 2581 2583 2582
f 2582 2583 2584
f 2583 2585 2584
f 2585 2586 2584
f 2584 2586 2587
f 2586 2588 2587
f 2587 2588 2589
f 2588 2590 2589
f 2589 2590 2591
f 2590 2592 2591
f 2591 2592 2593
f 2593 2592 2594
f 2592 2595 2594
f 2594 2595 2596
f 2595 2597 2596
f 2596 2597 2598
f 2597 2599 2598
f 2598 2599 2600
f 2601 2602 2603
f 2602 2604 2603
f 2603 2604 2605
f 2604 2600 2605
f 2605 2600 2606
f 2600 2599 2606
f 2603 2607 2601
f 2607 2608 2601
f 2601 2608 2609
f 2608 2610 2609
f 2609 2610 2611
f 2611 2610 2612
f 2610 2613 2612
f 2612 2613 2614
f 2613 2615 2614
f 2614 2615 2616
f 2615 2617 2616
f 2616 2617 2618
f 2617 2619 2618
f 2618 2619 2620
f 2619 2621 2620
f 2620 2621 2622
f 2621 2623 2622
f 2622 2623 2624
f 2623 2625 2624
f 2634 2627 2626
f 2626 2627 2628
f 2627 2629 2628
f 2630 2631 2632
f 2634 2626 2633
f 2634 2633 2635
f 2633 2636 2635
f 2636 2637 2635
f 2635 2637 2638
f 2637 2639 2638
f 2637 2640 2639
f 2640 2641 2639
f 2639 2641 2642
f 2641 2643 2642
f 2641 2644 2643
f 2644 2645 2643
f 2643 2645 2646
f 2645 2647 2646
f 2645 2648 2647
f 2648 2649 2647
f 2647 2649 2650
f 2649 2651 2650
f 2649 2652 2651
f 2652 2653 2651
f 2651 2653 2656
f 2654 2655 2653
f 2655 2656 2653
f 2654 2657 2655
f 2655 2657 2658
f 2657 2659 2658
f 2657 2660 2659
f 2660 2661 2659
f 2659 2661 2662
f 2661 2663 2662
f 2661 2664 2663
f 2664 2665 2663
f 2663 2665 2666
f 2665 2667 2666
f 2665 2668 2667
f 2668 2669 2667
f 2667 2669 2670
f 2669 2671 2670
f 2669 2672 2671
f 2672 2673 2671
f 2671 2673 2674
f 2673 2675 2674
f 2673 2676 2675
f 2676 2677 2675
f 2675 2677 2678
f 2677 2679 2678
f 2677 2680 2679
f 2680 2681 2679
f 2679 2681 2682
f 2681 2683 2682
f 2681 2684 2683
f 2684 2685 2683
f 2683 2685 2686
f 2685 2687 2686
f 2685 2688 2687
f 2688 2689 2687
f 2687 2689 2690
f 2689 2691 2690
f 2689 2692 2691
f 2692 2693 2691
f 2691 2693 2694
f 2693 2695 2694
f 2693 2696 2695
f 2696 2697 2695
f 2695 2697 2698
f 2697 2699 2698
f 2697 2700 2699
f 2700 2701 2699
f 2699 2701 2702
f 2701 2703 2702
f 2701 2704 2703
f 2704 2705 2703
f 2703 2705 2706
f 2705 2707 2706
f 2708 2709 2710
f 2709 2711 2710
f 2705 2712 2707
f 2712 2709 2707
f 2707 2709 2708
f 2711 2713 2710
f 2710 2713 2714
f 2713 2715 2714
f 2713 2716 2715
f 2716 2717 2715
f 2715 2717 2718
f 2717 2719 2718
f 2717 2720 2719
f 2720 2721 2719
f 2719 2721 2722
f 2721 2723 2722
f 2721 2724 2723
f 2724 2725 2723
f 2723 2725 2726
f 2725 2727 2726
f 2725 2728 2727
f 2728 2729 2727
f 2727 2729 2730
f 2729 2731 2730
f 2729 2732 2731
f 2732 2733 2731
f 2731 2733 2734
f 2733 2735 2734
f 2733 2736 2735
f 2736 2737 2735
f 2735 2737 2738
f 2737 2739 2738
f 2738 2739 2740
f 2739 2741 2740
f 2741 2742 2740
f 2740 2742 2743
f 2742 2744 2743
f 2743 2744 2745
f 2745 2744 2746
f 2744 2747 2746
f 2746 2747 2748
f 2747 2749 2748
f 2749 2750 2748
f 2748 2750 2751
f 2750 2752 2751
f 2751 2752 2753
f 2753 2752 2754
f 2752 2755 2754
f 2754 2755 2756
f 2755 2757 2756
f 2757 2758 2756
f 2756 2758 2759
f 2758 2760 2759
f 2759 2760 2761
f 2760 2762 2761
f 2761 2762 2763
f 2762 2764 2763
f 2763 2764 2765
f 2765 2764 2766
f 2764 2767 2766
f 2766 2767 2768
f 2767 2769 2768
f 2768 2769 2770
f 2769 2771 2770
f 2770 2771 2772
f 2771 2773 2772
f 2773 2774 2772
f 2772 2774 2775
f 2774 2776 2775
f 2775 2776 2777
f 2776 2778 2777
f 2777 2778 2779
f 2778 2780 2779
f 2779 2780 2781
f 2781 2780 2782
f 2780 2783 2782
f 2782 2783 2784
f 2783 2785 2784
f 2784 2785 2786
f 2785 2787 2786
f 2786 2787 2788
f 2789 2790 2791
f 2790 2792 2791
f 2791 2792 2793
f 2792 2788 2793
f 2793 2788 2794
f 2788 2787 2794
f 2791 2795 2789
f 2795 2796 2789
f 2789 2796 2797
f 2796 2798 2797
f 2797 2798 2799
f 2799 2798 2800
f 2798 2801 2800
f 2800 2801 2802
f 2801 2803 2802
f 2802 2803 2804
f 2803 2805 2804
f 2804 2805 2806
f 2805 2807 2806
f 2806 2807 2808
f 2807 2809 2808
f 2808 2809 2810
f 2809 2811 2810
f 2810 2811 2812
f 2811 2813 2812
f 2812 2813 2814
f 2813 2815 2814
f 2814 2815 2816
f 2815 2817 2816
f 2816 2817 2818
f 2817 2819 2818
f 2819 2820 2818
f 2818 2820 2821
f 2820 2822 2821
f 2821 2822 2823
f 2822 2824 2823
f 2823 2824 2825
f 2824 2826 2825
f 2825 2826 2827
f 2827 2826 2828
f 2826 2829 2828
f 2828 2829 2830
f 2829 2831 2830
f 2830 2831 2832
f 2831 2833 2832
f 2832 2833 2834
f 2833 2835 2834
f 2834 2835 2836
f 2835 2837 2836
f 2836 2837 2631
f 2837 2838 2631
f 2631 2838 2632
f 2630 2632 2839
f 2632 2840 2839
f 2839 2840 2841
f 2840 2842 2841
f 2842 2843 2841
f 2841 2843 2844
f 2843 2628 2844
f 2844 2628 2629
f 872 1895 2845
f 872 2846 1895
f 2846 2847 1895
f 2846 2848 2847
f 2848 2849 2847
f 2847 2849 2850
f 2849 2851 2850
f 2852 2853 2854
f 2853 2855 2854
f 2849 2856 2851
f 2856 2853 2851
f 2851 2853 2852
f 2855 2857 2854
f 2854 2857 2858
f 2857 2859 2858
f 2857 2860 2859
f 2860 2861 2859
f 2859 2861 2862
f 2861 2863 2862
f 2861 2864 2863
f 2864 2865 2863
f 2863 2865 2866
f 2865 2867 2866
f 2865 2868 2867
f 2868 2869 2867
f 2867 2869 2870
f 2869 2871 2870
f 2869 2872 2871
f 2872 2873 2871
f 2871 2873 2874
f 2873 2875 2874
f 2876 2877 2878
f 2873 2879 2875
f 2879 2876 2875
f 2875 2876 2880
f 2876 2878 2880
f 2877 2881 2878
f 2878 2881 2882
f 2881 2883 2882
f 2882 2883 2884
f 2884 2883 2885
f 2883 2886 2885
f 2885 2886 2887
f 2888 2889 2890
f 2889 2891 2890
f 2890 2891 2892
f 2891 2893 2892
f 2892 2893 2894
f 2893 2887 2894
f 2894 2887 2895
f 2887 2886 2895
f 2896 2897 2898
f 2897 2899 2898
f 2898 2899 2900
f 2899 2901 2900
f 2900 2901 2888
f 2901 2902 2888
f 2888 2902 2889
f 2903 2904 2896
f 2904 2905 2896
f 2896 2905 2897
f 2906 2908 2907
f 2907 2908 2909
f 2908 2904 2909
f 2909 2904 2903
f 2906 2907 2910
f 2907 2911 2910
f 2910 2911 2912
f 2911 2913 2912
f 2912 2913 2914
f 2913 2915 2914
f 2914 2915 2916
f 2915 2917 2916
f 2916 2917 2918
f 2917 2919 2918
f 2918 2919 2920
f 2919 2921 2920
f 2921 2922 2920
f 2920 2922 2923
f 2922 2924 2923
f 2923 2924 2925
f 2925 2924 2926
f 2924 2927 2926
f 2926 2927 2928
f 2927 2929 2928
f 2928 2929 2930
f 2929 2931 2930
f 2930 2931 2932
f 2931 2933 2932
f 2933 2934 2932
f 2932 2934 2935
f 2934 2936 2935
f 2935 2936 2937
f 2936 2938 2937
f 2937 2938 2939
f 2938 2940 2939
f 2939 2940 2941
f 2941 2940 2942
f 2940 2943 2942
f 2942 2943 2944
f 2943 2945 2944
f 2944 2945 2946
f 2945 2947 2946
f 2946 2947 2948
f 2947 2949 2948
f 2949 2950 2948
f 2948 2950 2951
f 2950 2952 2951
f 2951 2952 2953
f 2953 2952 2954
f 2952 2955 2954
f 2954 2955 2956
f 2955 2957 2956
f 2956 2957 2845
f 2957 872 2845
f 2958 2959 2960
f 2959 2961 2960
f 2960 2961 2962
f 2961 2963 2962
f 2962 2963 2964
f 2963 2965 2964
f 2964 2965 2966
f 2965 2967 2966
f 2966 2967 2968
f 2967 2969 2968
f 2968 2969 2970
f 2969 2971 2970
f 2970 2971 2972
f 2971 2973 2972
f 2972 2973 2974
f 2973 2975 2974
f 2974 2975 2976
f 2975 2977 2976
f 2976 2977 2978
f 2977 2979 2978
f 2978 2979 2980
f 2979 2981 2980
f 2980 2981 2982
f 2981 2983 2982
f 2982 2983 2984
f 2983 2985 2984
f 2984 2985 2986
f 2985 2987 2986
f 2986 2987 2988
f 2987 2989 2988
f 2988 2989 2990
f 2989 2991 2990
f 2990 2991 2992
f 2991 2993 2992
f 2992 2993 2994
f 2993 2995 2994
f 2994 2995 2996
f 2995 2997 2996
f 2996 2997 2998
f 2997 2999 2998
f 2998 2999 3000
f 2999 3001 3000
f 3000 3001 3002
f 3001 3003 3002
f 3002 3003 3004
f 3003 3005 3004
f 3004 3005 3006
f 3005 3007 3006
f 3006 3007 3008
f 3007 3009 3008
f 3008 3009 3010
f 3009 3011 3010
f 3010 3011 3012
f 3011 3013 3012
f 3012 3013 3014
f 3013 3015 3014
f 3014 3015 3016
f 3015 3017 3016
f 3016 3017 3018
f 3017 3019 3018
f 3018 3019 3020
f 3019 3021 3020
f 3020 3021 3022
f 3021 3023 3022
f 3022 3023 3024
f 3023 3025 3024
f 3024 3025 3026
f 3025 3027 3026
f 3026 3027 3028
f 3027 3029 3028
f 3028 3029 3030
f 3029 3031 3030
f 3030 3031 3032
f 3031 3033 3032
f 3032 3033 3034
f 3033 3035 3034
f 3034 3035 3036
f 3035 3037 3036
f 3036 3037 3038
f 3037 3039 3038
f 3038 3039 3040
f 3039 3041 3040
f 3040 3041 3042
f 3041 3043 3042
f 3042 3043 3044
f 3043 3045 3044
f 3044 3045 3046
f 3045 3047 3046
f 3046 3047 3048
f 3047 3049 3048
f 3048 3049 3050
f 3049 3051 3050
f 3050 3051 3052
f 3051 3053 3052
f 3052 3053 3054
f 3053 3055 3054
f 3054 3055 3056
f 3055 3057 3056
f 3056 3057 3058
f 3057 3059 3058
f 3058 3059 3060
f 3059 3061 3060
f 3060 3061 3062
f 3061 3063 3062
f 3062 3063 3064
f 3063 3065 3064
f 3064 3065 3066
f 3065 3067 3066
f 3066 3067 3068
f 3067 3069 3068
f 3068 3069 3070
f 3069 3071 3070
f 3070 3071 3072
f 3071 3073 3072
f 3072 3073 3074
f 3073 3075 3074
f 3074 3075 3076
f 3075 3077 3076
f 3076 3077 3078
f 3077 3079 3078
f 3078 3079 3080
f 3079 3081 3080
f 3080 3081 3082
f 3081 3083 3082
f 3082 3083 3084
f 3083 3085 3084
f 3084 3085 3086
f 3085 3087 3086
f 3086 3087 3088
f 3087 3089 3088
f 3088 3089 3090
f 3089 3091 3090
f 3090 3091 3092
f 3091 3093 3092
f 3092 3093 3094
f 3093 3095 3094
f 3094 3095 3096
f 3095 3097 3096
f 3096 3097 3098
f 3097 3099 3098
f 3098 3099 3100
f 3099 3101 3100
f 3100 3101 2958
f 3101 2959 2958
f 3102 3103 3104
f 3105 3106 3107
f 3107 3108 3105
f 3108 3109 3105
f 3105 3109 3103
f 3109 3110 3103
f 3103 3110 3104
f 3111 3112 3113
f 3113 3114 3111
f 3114 3115 3111
f 3111 3115 3106
f 3115 3116 3106
f 3106 3116 3107
f 3117 3118 3119
f 3119 3120 3117
f 3120 3121 3117
f 3117 3121 3112
f 3121 3122 3112
f 3112 3122 3113
f 3123 3124 3125
f 3124 3126 3125
f 3125 3126 3118
f 3126 3127 3118
f 3118 3127 3119
f 3125 3128 3123
f 3128 3129 3123
f 3123 3129 3130
f 3129 3131 3130
f 3130 3131 3132
f 3131 3133 3132
f 3132 3133 3134
f 3133 3135 3134
f 3134 3135 3136
f 3135 3137 3136
f 3136 3137 3138
f 3137 3139 3138
f 3138 3139 3140
f 3139 3141 3140
f 3140 3141 3142
f 3141 3143 3142
f 3142 3143 3144
f 3143 3145 3144
f 3144 3145 3146
f 3145 3147 3146
f 3146 3147 3148
f 3147 3149 3148
f 3148 3149 3150
f 3149 3151 3150
f 3150 3151 3152
f 3151 3153 3152
f 3152 3153 3154
f 3153 3155 3154
f 3154 3155 3156
f 3155 3157 3156
f 3156 3157 3158
f 3157 3159 3158
f 3158 3159 3160
f 3159 3161 3160
f 3160 3161 3162
f 3161 3163 3162
f 3162 3163 3164
f 3164 3163 3165
f 3163 3166 3165
f 3165 3166 3167
f 3167 3166 3168
f 3166 3169 3168
f 3168 3169 3170
f 3170 3169 3171
f 3169 3172 3171
f 3171 3172 3173
f 3173 3172 3174
f 3172 3175 3174
f 3174 3175 3176
f 3176 3175 3177
f 3175 3178 3177
f 3177 3178 3179
f 3179 3178 3180
f 3178 3181 3180
f 3180 3181 3182
f 3182 3181 3183
f 3181 3184 3183
f 3183 3184 3185
f 3185 3184 3186
f 3184 3187 3186
f 3186 3187 3188
f 3188 3187 3189
f 3187 3190 3189
f 3189 3190 3191
f 3191 3190 3192
f 3190 3193 3192
f 3192 3193 3194
f 3194 3193 3195
f 3193 3196 3195
f 3195 3196 3197
f 3197 3196 3198
f 3196 3199 3198
f 3198 3199 3200
f 3200 3199 3201
f 3199 3202 3201
f 3201 3202 3203
f 3203 3202 3204
f 3202 3205 3204
f 3204 3205 3206
f 3206 3205 3207
f 3205 3208 3207
f 3207 3208 3209
f 3209 3208 3210
f 3208 3211 3210
f 3210 3211 3212
f 3212 3211 3213
f 3211 3214 3213
f 3213 3214 3215
f 3215 3214 3216
f 3214 3217 3216
f 3216 3217 3218
f 3217 3219 3218
f 3218 3219 3220
f 3219 3221 3220
f 3220 3221 3222
f 3221 3223 3222
f 3222 3223 3224
f 3223 3225 3224
f 3224 3225 3226
f 3225 3227 3226
f 3226 3227 3228
f 3227 3229 3228
f 3228 3229 3230
f 3229 3231 3230
f 3230 3231 3232
f 3231 3233 3232
f 3232 3233 3234
f 3233 3235 3234
f 3234 3235 3236
f 3235 3237 3236
f 3236 3237 3238
f 3237 3239 3238
f 3238 3239 3240
f 3239 3241 3240
f 3240 3241 3242
f 3241 3243 3242
f 3242 3243 3244
f 3243 3245 3244
f 3244 3245 3246
f 3245 3247 3246
f 3246 3247 3248
f 3247 3249 3248
f 3248 3249 3250
f 3249 3251 3250
f 3250 3251 3252
f 3251 3253 3252
f 3252 3253 3259
f 3254 3255 3256
f 3256 3257 3254
f 3257 3258 3254
f 3254 3258 3253
f 3258 3259 3253
f 3260 3261 3262
f 3262 3263 3260
f 3263 3264 3260
f 3260 3264 3255
f 3264 3265 3255
f 3255 3265 3256
f 3266 3267 3268
f 3268 3269 3266
f 3269 3270 3266
f 3266 3270 3261
f 3270 3271 3261
f 3261 3271 3262
f 3272 3273 3274
f 3274 3275 3272
f 3275 3276 3272
f 3272 3276 3267
f 3276 3277 3267
f 3267 3277 3268
f 3104 3278 3102
f 3278 3279 3102
f 3102 3279 3273
f 3279 3280 3273
f 3273 3280 3274
f 3281 3282 3283
f 3284 3285 3286
f 3286 3287 3284
f 3287 3288 3284
f 3284 3288 3282
f 3288 3289 3282
f 3282 3289 3283
f 3290 3291 3292
f 3292 3293 3290
f 3293 3294 3290
f 3290 3294 3285
f 3294 3295 3285
f 3285 3295 3286
f 3296 3297 3298
f 3298 3299 3296
f 3299 3300 3296
f 3296 3300 3291
f 3300 3301 3291
f 3291 3301 3292
f 3302 3303 3304
f 3303 3305 3304
f 3304 3305 3297
f 3305 3306 3297
f 3297 3306 3298
f 3304 3307 3302
f 3307 3308 3302
f 3302 3308 3309
f 3308 3310 3309
f 3309 3310 3311
f 3310 3312 3311
f 3311 3312 3313
f 3312 3314 3313
f 3313 3314 3315
f 3314 3316 3315
f 3315 3316 3317
f 3316 3318 3317
f 3317 3318 3319
f 3318 3320 3319
f 3319 3320 3321
f 3320 3322 3321
f 3321 3322 3323
f 3322 3324 3323
f 3323 3324 3325
f 3324 3326 3325
f 3325 3326 3327
f 3326 3328 3327
f 3327 3328 3329
f 3328 3330 3329
f 3329 3330 3331
f 3330 3332 3331
f 3331 3332 3333
f 3332 3334 3333
f 3333 3334 3335
f 3334 3336 3335
f 3335 3336 3337
f 3336 3338 3337
f 3337 3338 3339
f 3338 3340 3339
f 3339 3340 3341
f 3340 3342 3341
f 3341 3342 3343
f 3343 3342 3344
f 3342 3345 3344
f 3344 3345 3346
f 3346 3345 3347
f 3345 3348 3347
f 3347 3348 3349
f 3349 3348 3350
f 3348 3351 3350
f 3350 3351 3352
f 3352 3351 3353
f 3351 3354 3353
f 3353 3354 3355
f 3355 3354 3356
f 3354 3357 3356
f 3356 3357 3358
f 3358 3357 3359
f 3357 3360 3359
f 3359 3360 3361
f 3361 3360 3362
f 3360 3363 3362
f 3362 3363 3364
f 3364 3363 3365
f 3363 3366 3365
f 3365 3366 3367
f 3367 3366 3368
f 3366 3369 3368
f 3368 3369 3370
f 3370 3369 3371
f 3369 3372 3371
f 3371 3372 3373
f 3373 3372 3374
f 3372 3375 3374
f 3374 3375 3376
f 3376 3375 3377
f 3375 3378 3377
f 3377 3378 3379
f 3379 3378 3380
f 3378 3381 3380
f 3380 3381 3382
f 3382 3381 3383
f 3381 3384 3383
f 3383 3384 3385
f 3385 3384 3386
f 3384 3387 3386
f 3386 3387 3388
f 3388 3387 3389
f 3387 3390 3389
f 3389 3390 3391
f 3391 3390 3392
f 3390 3393 3392
f 3392 3393 3394
f 3394 3393 3395
f 3393 3396 3395
f 3395 3396 3397
f 3396 3398 3397
f 3397 3398 3399
f 3398 3400 3399
f 3399 3400 3401
f 3400 3402 3401
f 3401 3402 3403
f 3402 3404 3403
f 3403 3404 3405
f 3404 3406 3405
f 3405 3406 3407
f 3406 3408 3407
f 3407 3408 3409
f 3408 3410 3409
f 3409 3410 3411
f 3410 3412 3411
f 3411 3412 3413
f 3412 3414 3413
f 3413 3414 3415
f 3414 3416 3415
f 3415 3416 3417
f 3416 3418 3417
f 3417 3418 3419
f 3418 3420 3419
f 3419 3420 3421
f 3420 3422 3421
f 3421 3422 3423
f 3422 3424 3423
f 3423 3424 3425
f 3424 3426 3425
f 3425 3426 3427
f 3426 3428 3427
f 3427 3428 3429
f 3428 3430 3429
f 3429 3430 3431
f 3430 3432 3431
f 3431 3432 3438
f 3433 3434 3435
f 3435 3436 3433
f 3436 3437 3433
f 3433 3437 3432
f 3437 3438 3432
f 3439 3440 3441
f 3441 3442 3439
f 3442 3443 3439
f 3439 3443 3434
f 3443 3444 3434
f 3434 3444 3435
f 3445 3446 3447
f 3447 3448 3445
f 3448 3449 3445
f 3445 3449 3440
f 3449 3450 3440
f 3440 3450 3441
f 3451 3452 3453
f 3453 3454 3451
f 3454 3455 3451
f 3451 3455 3446
f 3455 3456 3446
f 3446 3456 3447
f 3283 3457 3281
f 3457 3458 3281
f 3281 3458 3452
f 3458 3459 3452
f 3452 3459 3453
f 3460 3461 3462
f 3461 3463 3462
f 3460 3462 3464
f 3462 3465 3464
f 3464 3465 3466
f 3466 3465 3467
f 3465 3468 3467
f 3467 3468 3469
f 3469 3468 3470
f 3468 3471 3470
f 3470 3471 3472
f 3472 3471 3473
f 3471 3474 3473
f 3473 3474 3475
f 3475 3474 3476
f 3474 3477 3476
f 3476 3477 3478
f 3478 3477 3479
f 3477 3480 3479
f 3479 3480 3481
f 3481 3480 3482
f 3480 3483 3482
f 3482 3483 3484
f 3484 3483 3485
f 3483 3486 3485
f 3485 3486 3487
f 3486 3488 3487
f 3487 3488 3489
f 3488 3490 3489
f 3489 3490 3491
f 3490 3492 3491
f 3491 3492 3493
f 3492 3494 3493
f 3493 3494 3495
f 3494 3496 3495
f 3495 3496 3497
f 3496 3498 3497
f 3497 3498 3499
f 3498 3500 3499
f 3499 3500 3501
f 3500 3502 3501
f 3501 3502 3503
f 3502 3504 3503
f 3503 3504 3505
f 3504 3506 3505
f 3505 3506 3507
f 3506 3508 3507
f 3507 3508 3509
f 3508 3510 3509
f 3509 3510 3511
f 3510 3512 3511
f 3511 3512 3513
f 3512 3514 3513
f 3513 3514 3515
f 3514 3516 3515
f 3515 3516 3517
f 3516 3518 3517
f 3517 3518 3519
f 3518 3520 3519
f 3519 3520 3521
f 3520 3522 3521
f 3521 3522 3528
f 3523 3524 3525
f 3525 3526 3523
f 3526 3527 3523
f 3523 3527 3522
f 3527 3528 3522
f 3529 3530 3531
f 3531 3532 3529
f 3532 3533 3529
f 3529 3533 3524
f 3533 3534 3524
f 3524 3534 3525
f 3535 3536 3537
f 3537 3538 3535
f 3538 3539 3535
f 3535 3539 3530
f 3539 3540 3530
f 3530 3540 3531
f 3541 3542 3543
f 3543 3544 3541
f 3544 3545 3541
f 3541 3545 3536
f 3545 3546 3536
f 3536 3546 3537
f 3547 3548 3549
f 3549 3550 3547
f 3550 3551 3547
f 3547 3551 3542
f 3551 3552 3542
f 3542 3552 3543
f 3553 3554 3555
f 3555 3556 3553
f 3556 3557 3553
f 3553 3557 3548
f 3557 3558 3548
f 3548 3558 3549
f 3559 3560 3561
f 3561 3562 3559
f 3562 3563 3559
f 3559 3563 3554
f 3563 3564 3554
f 3554 3564 3555
f 3565 3566 3567
f 3567 3568 3565
f 3568 3569 3565
f 3565 3569 3560
f 3569 3570 3560
f 3560 3570 3561
f 3571 3572 3573
f 3572 3574 3573
f 3573 3574 3566
f 3574 3575 3566
f 3566 3575 3567
f 3576 3577 3578
f 3577 3579 3578
f 3578 3579 3580
f 3579 3581 3580
f 3580 3581 3582
f 3581 3583 3582
f 3582 3583 3584
f 3583 3585 3584
f 3584 3585 3586
f 3585 3587 3586
f 3586 3587 3588
f 3587 3589 3588
f 3588 3589 3590
f 3589 3591 3590
f 3590 3591 3592
f 3591 3593 3592
f 3592 3593 3594
f 3593 3595 3594
f 3594 3595 3596
f 3595 3597 3596
f 3596 3597 3598
f 3597 3599 3598
f 3598 3599 3600
f 3599 3601 3600
f 3600 3601 3602
f 3601 3603 3602
f 3602 3603 3604
f 3603 3605 3604
f 3604 3605 3606
f 3605 3607 3606
f 3606 3607 3608
f 3607 3609 3608
f 3608 3609 3610
f 3609 3571 3610
f 3610 3571 3611
f 3571 3573 3611
f 3612 3613 3576
f 3613 3614 3576
f 3576 3614 3577
f 3615 3616 3612
f 3616 3617 3612
f 3612 3617 3613
f 3618 3619 3615
f 3619 3620 3615
f 3615 3620 3616
f 3621 3622 3618
f 3622 3623 3618
f 3618 3623 3619
f 3624 3625 3621
f 3625 3626 3621
f 3621 3626 3622
f 3627 3628 3624
f 3628 3629 3624
f 3624 3629 3625
f 3630 3631 3627
f 3631 3632 3627
f 3627 3632 3628
f 3633 3634 3630
f 3634 3635 3630
f 3630 3635 3631
f 3461 3636 3463
f 3636 3637 3463
f 3463 3637 3633
f 3637 3638 3633
f 3633 3638 3634
f 3639 3640 3641
f 3642 3643 3644
f 3644 3645 3642
f 3645 3646 3642
f 3642 3646 3640
f 3646 3647 3640
f 3640 3647 3641
f 3648 3649 3650
f 3650 3651 3648
f 3651 3652 3648
f 3648 3652 3643
f 3652 3653 3643
f 3643 3653 3644
f 3654 3655 3656
f 3656 3657 3654
f 3657 3658 3654
f 3654 3658 3649
f 3658 3659 3649
f 3649 3659 3650
f 3660 3661 3662
f 3661 3663 3662
f 3662 3663 3655
f 3663 3664 3655
f 3655 3664 3656
f 3662 3665 3660
f 3665 3666 3660
f 3660 3666 3667
f 3666 3668 3667
f 3667 3668 3669
f 3668 3670 3669
f 3669 3670 3671
f 3670 3672 3671
f 3671 3672 3673
f 3672 3674 3673
f 3673 3674 3675
f 3674 3676 3675
f 3675 3676 3677
f 3676 3678 3677
f 3677 3678 3679
f 3678 3680 3679
f 3679 3680 3681
f 3680 3682 3681
f 3681 3682 3683
f 3682 3684 3683
f 3683 3684 3685
f 3684 3686 3685
f 3685 3686 3687
f 3686 3688 3687
f 3687 3688 3689
f 3688 3690 3689
f 3689 3690 3691
f 3690 3692 3691
f 3691 3692 3693
f 3692 3694 3693
f 3693 3694 3695
f 3694 3696 3695
f 3695 3696 3697
f 3696 3698 3697
f 3697 3698 3699
f 3698 3700 3699
f 3699 3700 3701
f 3701 3700 3702
f 3700 3703 3702
f 3702 3703 3704
f 3704 3703 3705
f 3703 3706 3705
f 3705 3706 3707
f 3707 3706 3708
f 3706 3709 3708
f 3708 3709 3710
f 3710 3709 3711
f 3709 3712 3711
f 3711 3712 3713
f 3713 3712 3714
f 3712 3715 3714
f 3714 3715 3716
f 3716 3715 3717
f 3715 3718 3717
f 3717 3718 3719
f 3719 3718 3720
f 3718 3721 3720
f 3720 3721 3722
f 3722 3721 3723
f 3721 3724 3723
f 3723 3724 3725
f 3725 3724 3726
f 3724 3727 3726
f 3726 3727 3728
f 3728 3727 3729
f 3727 3730 3729
f 3729 3730 3731
f 3731 3730 3732
f 3730 3733 3732
f 3732 3733 3734
f 3734 3733 3735
f 3733 3736 3735
f 3735 3736 3737
f 3737 3736 3738
f 3736 3739 3738
f 3738 3739 3740
f 3740 3739 3741
f 3739 3742 3741
f 3741 3742 3743
f 3743 3742 3744
f 3742 3745 3744
f 3744 3745 3746
f 3746 3745 3747
f 3745 3748 3747
f 3747 3748 3749
f 3749 3748 3750
f 3748 3751 3750
f 3750 3751 3752
f 3752 3751 3753
f 3751 3754 3753
f 3753 3754 3755
f 3754 3756 3755
f 3755 3756 3757
f 3756 3758 3757
f 3757 3758 3759
f 3758 3760 3759
f 3759 3760 3761
f 3760 3762 3761
f 3761 3762 3763
f 3762 3764 3763
f 3763 3764 3765
f 3764 3766 3765
f 3765 3766 3767
f 3766 3768 3767
f 3767 3768 3769
f 3768 3770 3769
f 3769 3770 3771
f 3770 3772 3771
f 3771 3772 3773
f 3772 3774 3773
f 3773 3774 3775
f 3774 3776 3775
f 3775 3776 3777
f 3776 3778 3777
f 3777 3778 3779
f 3778 3780 3779
f 3779 3780 3781
f 3780 3782 3781
f 3781 3782 3783
f 3782 3784 3783
f 3783 3784 3785
f 3784 3786 3785
f 3785 3786 3787
f 3786 3788 3787
f 3787 3788 3789
f 3788 3790 3789
f 3789 3790 3796
f 3791 3792 3793
f 3793 3794 3791
f 3794 3795 3791
f 3791 3795 3790
f 3795 3796 3790
f 3797 3798 3799
f 3799 3800 3797
f 3800 3801 3797
f 3797 3801 3792
f 3801 3802 3792
f 3792 3802 3793
f 3803 3804 3805
f 3805 3806 3803
f 3806 3807 3803
f 3803 3807 3798
f 3807 3808 3798
f 3798 3808 3799
f 3809 3810 3811
f 3811 3812 3809
f 3812 3813 3809
f 3809 3813 3804
f 3813 3814 3804
f 3804 3814 3805
f 3641 3815 3639
f 3815 3816 3639
f 3639 3816 3810
f 3816 3817 3810
f 3810 3817 3811
f 3818 3819 3820
f 3821 3822 3823
f 3823 3824 3821
f 3824 3825 3821
f 3821 3825 3819
f 3825 3826 3819
f 3819 3826 3820
f 3827 3828 3829
f 3829 3830 3827
f 3830 3831 3827
f 3827 3831 3822
f 3831 3832 3822
f 3822 3832 3823
f 3833 3834 3835
f 3835 3836 3833
f 3836 3837 3833
f 3833 3837 3828
f 3837 3838 3828
f 3828 3838 3829
f 3839 3840 3841
f 3840 3842 3841
f 3841 3842 3834
f 3842 3843 3834
f 3834 3843 3835
f 3841 3844 3839
f 3844 3845 3839
f 3839 3845 3846
f 3845 3847 3846
f 3846 3847 3848
f 3847 3849 3848
f 3848 3849 3850
f 3849 3851 3850
f 3850 3851 3852
f 3851 3853 3852
f 3852 3853 3854
f 3853 3855 3854
f 3854 3855 3856
f 3855 3857 3856
f 3856 3857 3858
f 3857 3859 3858
f 3858 3859 3860
f 3859 3861 3860
f 3860 3861 3862
f 3861 3863 3862
f 3862 3863 3864
f 3863 3865 3864
f 3864 3865 3866
f 3865 3867 3866
f 3866 3867 3868
f 3867 3869 3868
f 3868 3869 3870
f 3869 3871 3870
f 3870 3871 3872
f 3871 3873 3872
f 3872 3873 3874
f 3873 3875 3874
f 3874 3875 3876
f 3875 3877 3876
f 3876 3877 3878
f 3877 3879 3878
f 3878 3879 3880
f 3880 3879 3881
f 3879 3882 3881
f 3881 3882 3883
f 3883 3882 3884
f 3882 3885 3884
f 3884 3885 3886
f 3886 3885 3887
f 3885 3888 3887
f 3887 3888 3889
f 3889 3888 3890
f 3888 3891 3890
f 3890 3891 3892
f 3892 3891 3893
f 3891 3894 3893
f 3893 3894 3895
f 3895 3894 3896
f 3894 3897 3896
f 3896 3897 3898
f 3898 3897 3899
f 3897 3900 3899
f 3899 3900 3901
f 3901 3900 3902
f 3900 3903 3902
f 3902 3903 3904
f 3904 3903 3905
f 3903 3906 3905
f 3905 3906 3907
f 3907 3906 3908
f 3906 3909 3908
f 3908 3909 3910
f 3910 3909 3911
f 3909 3912 3911
f 3911 3912 3913
f 3913 3912 3914
f 3912 3915 3914
f 3914 3915 3916
f 3916 3915 3917
f 3915 3918 3917
f 3917 3918 3919
f 3919 3918 3920
f 3918 3921 3920
f 3920 3921 3922
f 3922 3921 3923
f 3921 3924 3923
f 3923 3924 3925
f 3925 3924 3926
f 3924 3927 3926
f 3926 3927 3928
f 3928 3927 3929
f 3927 3930 3929
f 3929 3930 3931
f 3931 3930 3932
f 3930 3933 3932
f 3932 3933 3934
f 3933 3935 3934
f 3934 3935 3936
f 3935 3937 3936
f 3936 3937 3938
f 3937 3939 3938
f 3938 3939 3940
f 3939 3941 3940
f 3940 3941 3942
f 3941 3943 3942
f 3942 3943 3944
f 3943 3945 3944
f 3944 3945 3946
f 3945 3947 3946
f 3946 3947 3948
f 3947 3949 3948
f 3948 3949 3950
f 3949 3951 3950
f 3950 3951 3952
f 3951 3953 3952
f 3952 3953 3954
f 3953 3955 3954
f 3954 3955 3956
f 3955 3957 3956
f 3956 3957 3958
f 3957 3959 3958
f 3958 3959 3960
f 3959 3961 3960
f 3960 3961 3962
f 3961 3963 3962
f 3962 3963 3964
f 3963 3965 3964
f 3964 3965 3966
f 3965 3967 3966
f 3966 3967 3968
f 3967 3969 3968
f 3968 3969 3975
f 3970 3971 3972
f 3972 3973 3970
f 3973 3974 3970
f 3970 3974 3969
f 3974 3975 3969
f 3976 3977 3978
f 3978 3979 3976
f 3979 3980 3976
f 3976 3980 3971
f 3980 3981 3971
f 3971 3981 3972
f 3982 3983 3984
f 3984 3985 3982
f 3985 3986 3982
f 3982 3986 3977
f 3986 3987 3977
f 3977 3987 3978
f 3988 3989 3990
f 3990 3991 3988
f 3991 3992 3988
f 3988 3992 3983
f 3992 3993 3983
f 3983 3993 3984
f 3820 3994 3818
f 3994 3995 3818
f 3818 3995 3989
f 3995 3996 3989
f 3989 3996 3990
f 3997 3998 3999
f 3998 4000 3999
f 3999 4000 4001
f 4002 4003 3999
f 4003 4004 3999
f 3999 4004 3997
f 4005 4006 3999
f 4006 4007 3999
f 3999 4007 4002
f 4008 4009 3999
f 4009 4010 3999
f 3999 4010 4005
f 4011 4012 3999
f 4012 4013 3999
f 3999 4013 4008
f 4014 4015 3999
f 4015 4016 3999
f 3999 4016 4011
f 4017 4018 3999
f 4018 4019 3999
f 3999 4019 4014
f 4020 4021 3999
f 4021 4022 3999
f 3999 4022 4017
f 4023 4024 3999
f 4024 4025 3999
f 3999 4025 4020
f 4026 4027 3999
f 4027 4028 3999
f 3999 4028 4023
f 4029 4030 3999
f 4030 4031 3999
f 3999 4031 4026
f 4032 4033 3999
f 4033 4034 3999
f 3999 4034 4029
f 4035 4036 3999
f 4036 4037 3999
f 3999 4037 4032
f 4038 4039 3999
f 4039 4040 3999
f 3999 4040 4035
f 4041 4042 3999
f 4042 4043 3999
f 3999 4043 4038
f 4044 4045 3999
f 4045 4046 3999
f 3999 4046 4041
f 4047 4048 3999
f 4048 4049 3999
f 3999 4049 4044
f 4050 4051 3999
f 4051 4052 3999
f 3999 4052 4047
f 4053 4054 3999
f 4054 4055 3999
f 3999 4055 4050
f 4056 4057 3999
f 4057 4058 3999
f 3999 4058 4053
f 4059 4060 3999
f 4060 4061 3999
f 3999 4061 4056
f 4062 4063 3999
f 4063 4064 3999
f 3999 4064 4059
f 4065 4066 3999
f 4066 4067 3999
f 3999 4067 4062
f 4001 4068 3999
f 4068 4069 3999
f 3999 4069 4065
f 4000 4070 4001
f 4070 4071 4001
f 4001 4071 4068
f 4071 4072 4068
f 4068 4072 4069
f 4072 4073 4069
f 4069 4073 4065
f 4073 4074 4065
f 4065 4074 4066
f 4074 4075 4066
f 4066 4075 4067
f 4075 4076 4067
f 4067 4076 4062
f 4076 4077 4062
f 4062 4077 4063
f 4077 4078 4063
f 4063 4078 4064
f 4078 4079 4064
f 4064 4079 4059
f 4079 4080 4059
f 4059 4080 4060
f 4080 4081 4060
f 4060 4081 4061
f 4081 4082 4061
f 4061 4082 4056
f 4082 4083 4056
f 4056 4083 4057
f 4083 4084 4057
f 4057 4084 4058
f 4084 4085 4058
f 4058 4085 4053
f 4085 4086 4053
f 4053 4086 4054
f 4086 4087 4054
f 4054 4087 4055
f 4087 4088 4055
f 4055 4088 4050
f 4088 4089 4050
f 4050 4089 4051
f 4089 4090 4051
f 4051 4090 4052
f 4090 4091 4052
f 4052 4091 4047
f 4091 4092 4047
f 4047 4092 4048
f 4092 4093 4048
f 4048 4093 4049
f 4093 4094 4049
f 4049 4094 4044
f 4094 4095 4044
f 4044 4095 4045
f 4095 4096 4045
f 4045 4096 4046
f 4096 4097 4046
f 4046 4097 4041
f 4097 4098 4041
f 4041 4098 4042
f 4098 4099 4042
f 4042 4099 4043
f 4099 4100 4043
f 4043 4100 4038
f 4100 4101 4038
f 4038 4101 4039
f 4101 4102 4039
f 4039 4102 4040
f 4102 4103 4040
f 4040 4103 4035
f 4103 4104 4035
f 4035 4104 4036
f 4104 4105 4036
f 4036 4105 4037
f 4105 4106 4037
f 4037 4106 4032
f 4106 4107 4032
f 4032 4107 4033
f 4107 4108 4033
f 4033 4108 4034
f 4108 4109 4034
f 4034 4109 4029
f 4109 4110 4029
f 4029 4110 4030
f 4110 4111 4030
f 4030 4111 4031
f 4111 4112 4031
f 4031 4112 4026
f 4112 4113 4026
f 4026 4113 4027
f 4113 4114 4027
f 4027 4114 4028
f 4114 4115 4028
f 4028 4115 4023
f 4115 4116 4023
f 4023 4116 4024
f 4116 4117 4024
f 4024 4117 4025
f 4117 4118 4025
f 4025 4118 4020
f 4118 4119 4020
f 4020 4119 4021
f 4119 4120 4021
f 4021 4120 4022
f 4120 4121 4022
f 4022 4121 4017
f 4121 4122 4017
f 4017 4122 4018
f 4122 4123 4018
f 4018 4123 4019
f 4123 4124 4019
f 4019 4124 4014
f 4124 4125 4014
f 4014 4125 4015
f 4125 4126 4015
f 4015 4126 4016
f 4126 4127 4016
f 4016 4127 4011
f 4127 4128 4011
f 4011 4128 4012
f 4128 4129 4012
f 4012 4129 4013
f 4129 4130 4013
f 4013 4130 4008
f 4130 4131 4008
f 4008 4131 4009
f 4131 4132 4009
f 4009 4132 4010
f 4132 4133 4010
f 4010 4133 4005
f 4133 4134 4005
f 4005 4134 4006
f 4134 4135 4006
f 4006 4135 4007
f 4135 4136 4007
f 4007 4136 4002
f 4136 4137 4002
f 4002 4137 4003
f 4137 4138 4003
f 4003 4138 4004
f 4138 4139 4004
f 4004 4139 3997
f 4139 4140 3997
f 3997 4140 3998
f 4140 4141 3998
f 3998 4141 4000
f 4141 4070 4000
f 4142 4143 4144
f 4143 4145 4144
f 4144 4145 4146
f 4147 4148 4144
f 4148 4149 4144
f 4144 4149 4142
f 4150 4151 4144
f 4151 4152 4144
f 4144 4152 4147
f 4153 4154 4144
f 4154 4155 4144
f 4144 4155 4150
f 4156 4157 4144
f 4157 4158 4144
f 4144 4158 4153
f 4159 4160 4144
f 4160 4161 4144
f 4144 4161 4156
f 4162 4163 4144
f 4163 4164 4144
f 4144 4164 4159
f 4165 4166 4144
f 4166 4167 4144
f 4144 4167 4162
f 4168 4169 4144
f 4169 4170 4144
f 4144 4170 4165
f 4171 4172 4144
f 4172 4173 4144
f 4144 4173 4168
f 4174 4175 4144
f 4175 4176 4144
f 4144 4176 4171
f 4177 4178 4144
f 4178 4179 4144
f 4144 4179 4174
f 4180 4181 4144
f 4181 4182 4144
f 4144 4182 4177
f 4183 4184 4144
f 4184 4185 4144
f 4144 4185 4180
f 4186 4187 4144
f 4187 4188 4144
f 4144 4188 4183
f 4189 4190 4144
f 4190 4191 4144
f 4144 4191 4186
f 4192 4193 4144
f 4193 4194 4144
f 4144 4194 4189
f 4195 4196 4144
f 4196 4197 4144
f 4144 4197 4192
f 4198 4199 4144
f 4199 4200 4144
f 4144 4200 4195
f 4201 4202 4144
f 4202 4203 4144
f 4144 4203 4198
f 4204 4205 4144
f 4205 4206 4144
f 4144 4206 4201
f 4207 4208 4144
f 4208 4209 4144
f 4144 4209 4204
f 4210 4211 4144
f 4211 4212 4144
f 4144 4212 4207
f 4146 4213 4144
f 4213 4214 4144
f 4144 4214 4210
f 4145 4215 4146
f 4215 4216 4146
f 4146 4216 4213
f 4216 4217 4213
f 4213 4217 4214
f 4217 4218 4214
f 4214 4218 4210
f 4218 4219 4210
f 4210 4219 4211
f 4219 4220 4211
f 4211 4220 4212
f 4220 4221 4212
f 4212 4221 4207
f 4221 4222 4207
f 4207 4222 4208
f 4222 4223 4208
f 4208 4223 4209
f 4223 4224 4209
f 4209 4224 4204
f 4224 4225 4204
f 4204 4225 4205
f 4225 4226 4205
f 4205 4226 4206
f 4226 4227 4206
f 4206 4227 4201
f 4227 4228 4201
f 4201 4228 4202
f 4228 4229 4202
f 4202 4229 4203
f 4229 4230 4203
f 4203 4230 4198
f 4230 4231 4198
f 4198 4231 4199
f 4231 4232 4199
f 4199 4232 4200
f 4232 4233 4200
f 4200 4233 4195
f 4233 4234 4195
f 4195 4234 4196
f 4234 4235 4196
f 4196 4235 4197
f 4235 4236 4197
f 4197 4236 4192
f 4236 4237 4192
f 4192 4237 4193
f 4237 4238 4193
f 4193 4238 4194
f 4238 4239 4194
f 4194 4239 4189
f 4239 4240 4189
f 4189 4240 4190
f 4240 4241 4190
f 4190 4241 4191
f 4241 4242 4191
f 4191 4242 4186
f 4242 4243 4186
f 4186 4243 4187
f 4243 4244 4187
f 4187 4244 4188
f 4244 4245 4188
f 4188 4245 4183
f 4245 4246 4183
f 4183 4246 4184
f 4246 4247 4184
f 4184 4247 4185
f 4247 4248 4185
f 4185 4248 4180
f 4248 4249 4180
f 4180 4249 4181
f 4249 4250 4181
f 4181 4250 4182
f 4250 4251 4182
f 4182 4251 4177
f 4251 4252 4177
f 4177 4252 4178
f 4252 4253 4178
f 4178 4253 4179
f 4253 4254 4179
f 4179 4254 4174
f 4254 4255 4174
f 4174 4255 4175
f 4255 4256 4175
f 4175 4256 4176
f 4256 4257 4176
f 4176 4257 4171
f 4257 4258 4171
f 4171 4258 4172
f 4258 4259 4172
f 4172 4259 4173
f 4259 4260 4173
f 4173 4260 4168
f 4260 4261 4168
f 4168 4261 4169
f 4261 4262 4169
f 4169 4262 4170
f 4262 4263 4170
f 4170 4263 4165
f 4263 4264 4165
f 4165 4264 4166
f 4264 4265 4166
f 4166 4265 4167
f 4265 4266 4167
f 4167 4266 4162
f 4266 4267 4162
f 4162 4267 4163
f 4267 4268 4163
f 4163 4268 4164
f 4268 4269 4164
f 4164 4269 4159
f 4269 4270 4159
f 4159 4270 4160
f 4270 4271 4160
f 4160 4271 4161
f 4271 4272 4161
f 4161 4272 4156
f 4272 4273 4156
f 4156 4273 4157
f 4273 4274 4157
f 4157 4274 4158
f 4274 4275 4158
f 4158 4275 4153
f 4275 4276 4153
f 4153 4276 4154
f 4276 4277 4154
f 4154 4277 4155
f 4277 4278 4155
f 4155 4278 4150
f 4278 4279 4150
f 4150 4279 4151
f 4279 4280 4151
f 4151 4280 4152
f 4280 4281 4152
f 4152 4281 4147
f 4281 4282 4147
f 4147 4282 4148
f 4282 4283 4148
f 4148 4283 4149
f 4283 4284 4149
f 4149 4284 4142
f 4284 4285 4142
f 4142 4285 4143
f 4285 4286 4143
f 4143 4286 4145
f 4286 4215 4145
f 779 606 604
f 4287 1085 1084
f 1083 1397 1656
f 1656 1396 1084
f 1084 1396 4287
f 1396 1282 4287
f 2213 1395 2215
f 1395 2217 2215
f 2213 2212 1395
f 2212 2210 1395
f 1395 2210 2208
f 2208 2206 1395
f 2206 2204 1395
f 1395 2204 2202
f 2202 2200 1395
f 2200 2199 1395
f 1395 2199 2196
f 2196 2186 1395
f 2186 2188 1395
f 1395 2188 2190
f 2190 2192 1395
f 2192 2193 1395
f 1395 2193 2184
f 2184 2182 1395
f 2182 2180 1395
f 1395 2180 2177
f 2177 2175 1395
f 2175 2173 1395
f 1395 2173 2171
f 2171 2170 1395
f 2170 2168 1395
f 1395 2168 2165
f 2165 2163 1395
f 2163 2161 1395
f 1395 2161 2159
f 2159 2157 1395
f 2157 2155 1395
f 1395 2155 2151
f 2151 2150 1395
f 1395 2150 2153
f 2153 2147 1395
f 2147 2146 1395
f 1395 2146 1394
f 2146 2143 1394
f 1394 2143 2142
f 2142 2139 1394
f 2139 2138 1394
f 1394 2138 2135
f 2135 2134 1394
f 2134 2131 1394
f 1394 2131 2130
f 2130 2127 1394
f 2127 2126 1394
f 1394 2126 2123
f 2123 2122 1394
f 2122 2119 1394
f 1394 2119 2118
f 2118 2115 1394
f 2115 2114 1394
f 1394 2114 2111
f 2111 2110 1394
f 2110 2107 1394
f 1394 2107 2106
f 2106 2103 1394
f 2103 2102 1394
f 1394 2102 2099
f 2099 2094 1394
f 1394 2094 2096
f 2096 2098 1394
f 2098 2091 1394
f 1394 2091 2090
f 2090 2087 1394
f 2087 2086 1394
f 1394 2086 2083
f 2083 2082 1394
f 2082 2079 1394
f 1394 2079 2078
f 2078 2075 1394
f 2075 2074 1394
f 1394 2074 2071
f 2071 2070 1087
f 2070 2067 1087
f 1087 2067 1086
f 2067 2066 1086
f 1086 2066 2063
f 2063 2062 1086
f 2062 2059 1086
f 1086 2059 2058
f 2058 2055 1086
f 2055 2054 1086
f 1086 2054 2051
f 2051 2050 1086
f 2050 2047 1086
f 1086 2047 2046
f 2227 2225 1397
f 2225 2224 1397
f 1397 2224 1398
f 2224 2222 1398
f 1398 2222 1395
f 2222 2219 1395
f 1395 2219 2217
f 2046 2038 1086
f 2038 2040 1086
f 1086 2040 1083
f 2040 2042 1083
f 2042 2252 1083
f 2252 2254 1083
f 1083 2254 2256
f 2256 2251 1083
f 2251 2249 1083
f 1083 2249 2247
f 2247 2245 1083
f 2245 2243 1083
f 1083 2243 2241
f 2241 2240 1083
f 2240 2238 1083
f 1083 2238 2236
f 2236 2234 1083
f 2234 2232 1083
f 1083 2232 1397
f 2232 2230 1397
f 1397 2230 2227
f 2071 1087 1394
f 1087 2458 1394
f 1394 2458 2457
f 2457 2455 1394
f 2455 2453 1394
f 1394 2453 2451
f 2451 2449 1394
f 2449 2446 1394
f 1394 2446 2444
f 2444 2443 1394
f 2443 2441 1394
f 1394 2441 2439
f 2439 2437 1394
f 2437 2434 1394
f 1394 2434 2432
f 2432 2430 1394
f 2430 2428 1394
f 1394 2428 1553
f 2428 1391 1553
f 2428 2427 1391
f 2427 2425 1391
f 1391 2425 2422
f 2422 2420 1391
f 2420 2419 1391
f 1391 2419 2417
f 2417 2414 1391
f 2414 2412 1391
f 1391 2412 2410
f 2410 2408 1391
f 2408 2407 1391
f 1391 2407 2405
f 2405 2403 1391
f 2403 2401 1391
f 1391 2401 2398
f 2398 2396 1391
f 2396 2395 1391
f 1391 2395 2391
f 2391 2393 1391
f 2393 2394 1391
f 1391 2394 2387
f 2387 2385 1391
f 2385 2383 1391
f 1391 2383 2381
f 2381 2379 1391
f 2379 2377 1391
f 1391 2377 2375
f 2375 2373 1391
f 2373 2372 1391
f 1391 2372 2369
f 2369 2368 1391
f 2368 2365 1391
f 1391 2365 2364
f 2364 2361 1391
f 2361 2360 1391
f 1391 2360 2357
f 2357 2356 1391
f 2356 2353 1391
f 1391 2353 2352
f 2352 2349 1391
f 2349 2348 1391
f 1391 2348 1389
f 2348 2345 1389
f 1389 2345 2343
f 2343 2341 1389
f 2341 2344 1389
f 1389 2344 2337
f 2337 2336 1389
f 2336 2333 1389
f 1389 2333 2332
f 2332 2329 1389
f 2329 2328 1389
f 1389 2328 2325
f 2325 2324 1389
f 2324 2321 1389
f 1389 2321 2320
f 2320 2317 1389
f 2317 2316 1389
f 1389 2316 2313
f 2313 2312 1389
f 2312 2309 1389
f 1389 2309 2308
f 2308 2305 1389
f 2305 2304 1389
f 1389 2304 2301
f 2296 1388 2297
f 1388 1389 2297
f 2297 1389 2300
f 1389 2301 2300
f 2296 2293 1388
f 2293 2292 1388
f 1388 2292 2289
f 2286 2565 2289
f 2619 2617 2280
f 2617 2615 2280
f 2280 2615 2613
f 2599 2284 2281
f 2603 2605 2281
f 2605 2606 2281
f 2281 2606 2599
f 2613 2610 2280
f 2610 2608 2280
f 2280 2608 2281
f 2608 2607 2281
f 2281 2607 2603
f 2599 2597 2284
f 2597 2595 2284
f 2284 2595 2592
f 2592 2590 2284
f 2590 2588 2284
f 2284 2588 2586
f 2586 2585 2284
f 2585 2583 2284
f 2284 2583 2581
f 2581 2579 2284
f 2579 2576 2284
f 2284 2576 2574
f 2574 2572 2284
f 2572 2570 2284
f 2284 2570 2569
f 2286 2285 2565
f 2285 2284 2565
f 2565 2284 2567
f 2284 2569 2567
f 2277 2623 2280
f 2623 2621 2280
f 2280 2621 2619
f 2277 2276 2623
f 2276 2273 2623
f 2623 2273 2272
f 2272 2269 2623
f 2269 2268 2623
f 2268 2265 2623
f 2265 2259 2623
f 2623 2259 2261
f 2561 2559 1388
f 2289 2565 1388
f 2565 2563 1388
f 1388 2563 2561
f 2559 2556 1388
f 2556 2554 1388
f 1388 2554 1386
f 2554 2552 1386
f 2552 2550 1386
f 2550 2546 1386
f 2546 2545 1386
f 2545 2548 1386
f 1386 2548 2542
f 2542 2541 1386
f 2541 2538 1386
f 1386 2538 2537
f 2537 2534 1386
f 2534 2533 1386
f 1386 2533 2530
f 2530 2529 1386
f 2529 2526 1386
f 1386 2526 2524
f 2524 2522 1386
f 1386 2522 2525
f 2525 2518 1386
f 2518 2517 1386
f 1386 2517 2514
f 2514 2513 1386
f 2513 2510 1386
f 1386 2510 2509
f 2509 2506 1386
f 2506 2505 1386
f 1386 2505 2502
f 2502 2501 1386
f 2501 2498 1386
f 1386 2498 2497
f 2497 2494 1386
f 2494 2493 1386
f 1386 2493 2490
f 2490 2489 1386
f 2489 2486 1386
f 1386 2486 2485
f 2485 2482 1386
f 2482 2480 1386
f 2261 2625 2623
f 2625 2261 1088
f 2261 2263 1088
f 1088 2263 2477
f 2477 2476 1088
f 2476 2474 1088
f 1088 2474 2472
f 2472 2470 1088
f 2470 2469 1088
f 1088 2469 2467
f 2467 2464 1088
f 2464 2462 1088
f 1088 2462 1087
f 2462 2460 1087
f 1087 2460 2458
f 963 964 1116
f 964 2625 1116
f 1116 2625 1088
f 2811 1386 964
f 1386 2480 964
f 964 2480 2625
f 2811 2809 1386
f 2809 2807 1386
f 1386 2807 2805
f 2805 2803 1386
f 2803 2801 1386
f 1386 2801 2798
f 2798 2796 1386
f 2796 2795 1386
f 1386 2795 2791
f 2791 2793 1386
f 2793 2794 1386
f 1386 2794 2787
f 2787 2785 1386
f 2785 2783 1386
f 1386 2783 1385
f 2783 2780 1385
f 2780 2778 1385
f 1385 2778 2776
f 2776 2774 1385
f 2774 2773 1385
f 1385 2773 2771
f 2771 2769 1385
f 2769 2767 1385
f 1385 2767 2764
f 2764 2762 1385
f 2762 2760 1385
f 1385 2760 2758
f 2758 2757 1385
f 2757 2755 1385
f 1385 2755 2752
f 2752 2750 1385
f 2750 2749 1385
f 1385 2749 2747
f 2747 2744 1385
f 2744 2742 1385
f 1385 2742 2741
f 2741 2739 1385
f 2739 2737 1385
f 1385 2737 2736
f 2736 2733 1385
f 2733 2732 1385
f 1385 2732 1383
f 2732 2729 1383
f 2729 2728 1383
f 1383 2728 2725
f 2725 2724 1383
f 2724 2721 1383
f 1383 2721 2720
f 2720 2717 1383
f 2717 2716 1383
f 1383 2716 2713
f 2713 2711 1383
f 1383 2711 2709
f 2709 2712 1383
f 2712 2705 1383
f 1383 2705 2704
f 2704 2701 1383
f 2701 2700 1383
f 1383 2700 2697
f 2697 2696 1383
f 2696 2693 1383
f 1383 2693 2692
f 2692 2689 1383
f 2689 2688 1383
f 1383 2688 2685
f 2685 2684 1383
f 2684 2681 1383
f 1383 2681 2680
f 2680 2677 1383
f 2677 2676 1383
f 1383 2676 1379
f 2676 2673 1379
f 2673 2672 1379
f 2672 2669 1379
f 1379 2669 2668
f 2668 2665 1379
f 2665 2664 1379
f 1379 2664 1380
f 2653 2652 1380
f 2664 2661 1380
f 2661 2660 1380
f 1380 2660 2657
f 2657 2654 1380
f 1380 2654 2653
f 2649 2648 965
f 2648 2645 965
f 965 2645 2644
f 2644 2641 965
f 2641 2640 965
f 965 2640 2637
f 2637 2636 965
f 965 2636 2633
f 874 873 965
f 873 1380 965
f 965 1380 2649
f 1380 2652 2649
f 2633 2626 965
f 965 2626 964
f 2626 2628 964
f 964 2628 2843
f 2843 2842 964
f 2842 2840 964
f 964 2840 2632
f 2632 2838 964
f 2838 2837 964
f 964 2837 2835
f 2835 2833 964
f 2833 2831 964
f 964 2831 2829
f 2829 2826 964
f 2826 2824 964
f 964 2824 2822
f 2822 2820 964
f 2820 2819 964
f 964 2819 2817
f 2817 2815 964
f 2815 2813 964
f 964 2813 2811
f 2950 2949 1380
f 2949 2947 1380
f 1380 2947 2945
f 2945 2943 1380
f 2943 2940 1380
f 1380 2940 2938
f 2938 2936 1380
f 2936 2934 1380
f 1380 2934 2933
f 2933 2931 1380
f 2931 2929 1380
f 1380 2929 2927
f 2927 2924 1380
f 2924 2922 1380
f 1380 2922 2921
f 2921 2919 1380
f 2919 2917 1380
f 1380 2917 2915
f 2915 2913 1380
f 2913 2911 1380
f 1380 2911 2907
f 2907 2909 1380
f 2909 2903 1380
f 2903 2896 1380
f 2896 2898 1380
f 1380 2898 2900
f 2900 2888 1380
f 2888 2890 1380
f 1380 2890 2892
f 2892 2894 1380
f 2894 2895 1380
f 1380 2895 2886
f 2886 2883 1380
f 2883 2881 1380
f 1380 2881 1548
f 2881 2877 1548
f 2877 2876 1548
f 2876 2879 1548
f 1548 2879 2873
f 2873 2872 1548
f 2872 2869 1548
f 1548 2869 2868
f 2868 2865 1548
f 2865 2864 1548
f 1548 2864 2861
f 2861 2860 1548
f 2860 2857 1548
f 1548 2857 2855
f 2855 2853 1548
f 1548 2853 2856
f 2856 2849 1548
f 2849 2848 1548
f 1548 2848 2846
f 1548 2846 872
f 873 872 2957
f 2957 2955 873
f 873 2955 1380
f 2955 2952 1380
f 1380 2952 2950
f 1378 779 604
f 695 1378 664
f 664 1378 604
f 1898 691 696
f 696 691 703
f 2845 1895 1898
f 1895 2847 1894
f 2847 2850 1894
f 1894 2850 2851
f 2851 2852 1894
f 1894 2852 2854
f 2854 2858 1894
f 2858 2859 1894
f 1894 2859 2862
f 2862 2863 1894
f 2863 2866 1894
f 1894 2866 2867
f 2867 2870 1894
f 2870 2871 1894
f 1894 2871 2874
f 2874 2875 1894
f 2875 2880 1894
f 1894 2880 1705
f 2880 2878 1705
f 2878 2882 1705
f 2882 2884 1705
f 1705 2884 2885
f 2885 2887 1705
f 2887 2893 1705
f 1705 2893 2891
f 2891 2889 1705
f 2889 2902 1705
f 1705 2902 2901
f 2901 2899 1705
f 2899 2897 1705
f 1705 2897 2905
f 1705 2663 2666
f 2666 2667 1705
f 2667 2670 1705
f 1705 2670 1706
f 2670 2671 1706
f 2671 2674 1706
f 1706 2674 2675
f 2675 2678 1706
f 2678 2679 1706
f 1706 2679 2682
f 2682 2683 1706
f 2683 2686 1706
f 1706 2686 2687
f 2687 2690 1706
f 2690 2691 1706
f 1706 2691 2694
f 2694 2695 1706
f 2695 2698 1706
f 1706 2698 2699
f 2699 2702 1706
f 2702 2703 1706
f 1706 2703 2706
f 2706 2707 1706
f 2707 2708 1706
f 2708 2710 1706
f 2710 2714 1706
f 1706 2714 2715
f 2715 2718 1706
f 2718 2719 1706
f 1706 2719 2722
f 2722 2723 1706
f 2723 2726 1706
f 1706 2726 1864
f 2726 2727 1864
f 1864 2727 2730
f 2730 2731 1864
f 2731 2734 1864
f 1864 2734 2735
f 2735 2738 1864
f 2738 2740 1864
f 1864 2740 2743
f 2743 2745 1864
f 2745 2746 1864
f 1864 2746 2748
f 2781 2782 1820
f 2748 2751 1864
f 2751 2753 1864
f 1864 2753 2754
f 2754 2756 1864
f 2756 2759 1864
f 1864 2759 2761
f 2761 2763 1864
f 2763 2765 1864
f 1864 2765 2766
f 2766 2768 1864
f 2768 2770 1864
f 1864 2770 2772
f 2772 2775 1864
f 2775 2777 1864
f 1864 2777 1820
f 2777 2779 1820
f 1820 2779 2781
f 2782 2784 1820
f 2784 2786 1820
f 1820 2786 2788
f 2788 2792 1820
f 2792 2790 1820
f 1820 2790 2789
f 2789 2797 1820
f 2797 2799 1820
f 1820 2799 2800
f 2800 2802 1820
f 2802 2804 1820
f 1820 2804 2806
f 2808 2810 425
f 2810 2812 425
f 2812 2814 425
f 425 2814 2816
f 2816 2818 425
f 2818 2821 425
f 425 2821 2823
f 2823 2825 425
f 2825 2827 425
f 425 2827 2828
f 2828 2830 425
f 2830 2832 425
f 425 2832 2834
f 2834 2836 425
f 2836 2631 425
f 425 2631 2630
f 2630 2839 425
f 2839 2841 425
f 425 2841 2844
f 2844 2629 425
f 2629 2627 425
f 425 2627 426
f 2946 2948 426
f 2948 2951 426
f 426 2951 2953
f 2953 2954 426
f 2954 2956 426
f 426 2956 2845
f 426 2845 552
f 552 2845 510
f 2906 2910 2663
f 2905 2904 1705
f 2904 2908 1705
f 1705 2908 2663
f 2908 2906 2663
f 2910 2912 2663
f 2912 2914 2663
f 2663 2914 2916
f 2916 2918 2663
f 2918 2920 2663
f 2663 2920 2923
f 2923 2925 2663
f 2925 2926 2663
f 2663 2926 2928
f 2928 2930 2663
f 2930 2932 2663
f 2663 2932 2935
f 2634 2635 2939
f 2635 2638 2939
f 2638 2639 2939
f 2939 2639 2642
f 2646 2647 2935
f 2642 2643 2939
f 2643 2646 2939
f 2939 2646 2937
f 2646 2935 2937
f 2647 2650 2935
f 2650 2651 2935
f 2935 2651 2656
f 2656 2655 2935
f 2935 2655 2658
f 2658 2659 2935
f 2659 2662 2935
f 2935 2662 2663
f 2627 2634 2939
f 2939 2941 2627
f 2941 2942 2627
f 2627 2942 426
f 2942 2944 426
f 426 2944 2946
f 2295 2298 1821
f 2298 2299 1821
f 1821 2299 2302
f 2302 2303 1821
f 2303 2306 1821
f 1821 2306 2307
f 2307 2310 1821
f 2310 2311 1821
f 1821 2311 2314
f 2314 2315 1821
f 2315 2318 1821
f 1821 2318 2319
f 2319 2322 1821
f 2322 2323 1821
f 1821 2323 2326
f 2326 2327 1821
f 2327 2330 1821
f 1821 2330 1822
f 2330 2331 1822
f 1822 2331 2334
f 2334 2335 1822
f 2335 2338 1822
f 1822 2338 2339
f 2339 2340 1822
f 1822 2340 2342
f 2342 2346 1822
f 2346 2347 1822
f 1822 2347 2350
f 2350 2351 1822
f 2351 2354 1822
f 1822 2354 2355
f 2355 2358 1822
f 2358 2359 1822
f 1822 2359 2362
f 2362 2363 1822
f 2363 2366 1822
f 1822 2366 1823
f 2366 2367 1823
f 2367 2370 1823
f 2370 2371 1823
f 1823 2371 2374
f 2374 2376 1823
f 2376 2378 1823
f 1823 2378 1824
f 2378 2380 1824
f 2380 2382 1824
f 1824 2382 2384
f 2384 2386 1824
f 2386 2388 1824
f 1824 2388 2392
f 2392 2390 1824
f 2390 2389 1824
f 1824 2389 2397
f 2397 2399 1824
f 2399 2400 1824
f 1824 2400 2402
f 2402 2404 1824
f 2404 2406 1824
f 1824 2406 2409
f 2409 2411 1824
f 2411 2413 1824
f 1824 2413 2415
f 2415 2416 1824
f 2416 2418 1824
f 1824 2418 2421
f 2421 2423 1824
f 2423 2424 1824
f 1824 2424 2426
f 2426 2429 1824
f 2429 2431 1824
f 1824 2431 2433
f 2433 2435 1824
f 2435 2436 1824
f 1824 2436 2438
f 2438 2440 1824
f 2440 2442 1824
f 1824 2442 2445
f 2447 2448 256
f 2448 2450 256
f 2450 2452 256
f 256 2452 2454
f 2454 2456 256
f 2456 2459 256
f 256 2459 2461
f 2461 2463 256
f 2463 2465 256
f 256 2465 2466
f 2466 2468 256
f 2468 2471 256
f 256 2471 2473
f 2473 2475 256
f 2475 2479 256
f 256 2479 2478
f 2600 2604 257
f 2604 2602 257
f 2602 2601 257
f 2601 2609 257
f 257 2609 2611
f 2611 2612 257
f 2612 2614 257
f 257 2614 2616
f 2616 2618 257
f 2618 2620 257
f 257 2620 469
f 2620 2622 469
f 2622 2624 469
f 469 2624 425
f 2624 2481 1820
f 2481 2483 1820
f 1820 2483 2484
f 2484 2487 1820
f 2487 2488 1820
f 1820 2488 2491
f 2491 2492 1820
f 2492 2495 1820
f 1820 2495 2496
f 2496 2499 1820
f 2499 2500 1820
f 1820 2500 2503
f 2503 2504 1820
f 2504 2507 1820
f 1820 2507 2508
f 2508 2511 1820
f 2511 2512 1820
f 1820 2512 2515
f 2523 2527 1820
f 2515 2516 1820
f 2516 2519 1820
f 1820 2519 2520
f 2520 2521 1820
f 1820 2521 2523
f 2527 2528 1820
f 2528 2531 1820
f 1820 2531 1821
f 2531 2532 1821
f 1821 2532 2535
f 2535 2536 1821
f 2536 2539 1821
f 1821 2539 2540
f 2540 2543 1821
f 2543 2544 1821
f 1821 2544 2549
f 2549 2547 1821
f 2547 2551 1821
f 1821 2551 2553
f 2553 2555 1821
f 2555 2557 1821
f 1821 2557 2558
f 2558 2560 1821
f 2560 2562 1821
f 1821 2562 2564
f 2478 2264 256
f 2264 2262 256
f 256 2262 257
f 2262 2260 257
f 2260 2266 257
f 257 2266 2600
f 2600 2266 2267
f 2267 2270 2600
f 2270 2271 2600
f 2600 2271 2274
f 2564 2566 2282
f 2566 2568 2282
f 2568 2571 2282
f 2571 2573 2282
f 2282 2573 2575
f 2575 2577 2282
f 2577 2578 2282
f 2282 2578 2580
f 2580 2582 2282
f 2582 2584 2282
f 2282 2584 2587
f 2587 2589 2282
f 2589 2591 2282
f 2282 2591 2593
f 2593 2594 2282
f 2594 2596 2282
f 2282 2596 2598
f 2274 2275 2600
f 2275 2278 2600
f 2600 2278 2598
f 2278 2279 2598
f 2598 2279 2282
f 2564 2282 1821
f 2282 2283 1821
f 1821 2283 2288
f 2288 2287 1821
f 1821 2287 2290
f 2290 2291 1821
f 2291 2294 1821
f 1821 2294 2295
f 2624 1820 425
f 425 1820 2808
f 1820 2806 2808
f 1710 1787 249
f 249 1787 250
f 1787 1824 250
f 250 1824 256
f 1824 2445 256
f 256 2445 2447
f 2077 2080 1710
f 2080 2081 1710
f 2081 2084 1710
f 2084 2085 1710
f 1710 2085 2088
f 2088 2089 1710
f 2089 2092 1710
f 1710 2092 2093
f 2093 2097 1710
f 1710 2097 2095
f 2095 2100 1710
f 2100 2101 1710
f 1710 2101 2104
f 2104 2105 1710
f 2105 2108 1710
f 1710 2108 2109
f 2109 2112 1710
f 2112 2113 1710
f 1710 2113 2116
f 2116 2117 1710
f 2117 2120 1710
f 1710 2120 2121
f 2121 2124 1710
f 2124 2125 1710
f 1710 2125 2128
f 2128 2129 1710
f 2129 2132 1710
f 1710 2132 2133
f 2140 1711 2137
f 1711 1710 2137
f 2137 1710 2136
f 1710 2133 2136
f 2140 2141 1711
f 2141 2144 1711
f 1711 2144 2145
f 2145 2148 1711
f 2148 2149 1711
f 1711 2149 2154
f 2154 2152 1711
f 2152 2156 1711
f 1711 2156 2158
f 2158 2160 1711
f 2160 2162 1711
f 1711 2162 2164
f 2164 2166 1711
f 2166 2167 1711
f 1711 2167 2169
f 2169 2172 1711
f 2172 2174 1711
f 1711 2174 1755
f 2174 2176 1755
f 2176 2178 1755
f 1755 2178 1756
f 2178 2179 1756
f 1756 2179 2181
f 2181 2183 1756
f 2183 2185 1756
f 1756 2185 2191
f 2191 2189 1756
f 2189 2187 1756
f 1756 2187 2198
f 2198 2197 1756
f 2197 2195 1756
f 1756 2195 2194
f 2194 2201 1756
f 2201 2203 1756
f 1756 2203 2205
f 2205 2207 1756
f 2207 2209 1756
f 1756 2209 2211
f 2211 2214 1756
f 2214 2216 1756
f 1756 2216 2218
f 2218 2220 1756
f 2220 2221 1756
f 1756 2221 2223
f 2223 2226 1756
f 2226 2228 1756
f 1756 2228 2229
f 2231 2233 246
f 2233 2235 246
f 246 2235 247
f 2235 2237 247
f 247 2237 2239
f 2239 2242 247
f 2242 2244 247
f 247 2244 2246
f 2246 2248 247
f 2248 2250 247
f 247 2250 2258
f 2258 2257 247
f 2257 2255 247
f 247 2255 2253
f 2253 2043 247
f 2043 2041 247
f 247 2041 249
f 2041 2039 249
f 2039 2044 249
f 2044 2045 249
f 249 2045 2048
f 2048 2049 249
f 2049 2052 249
f 249 2052 2053
f 2053 2056 249
f 2056 2057 249
f 249 2057 2060
f 2060 2061 249
f 2061 2064 249
f 249 2064 1710
f 2064 2065 1710
f 2065 2068 1710
f 2068 2069 1710
f 1710 2069 2072
f 2072 2073 1710
f 2073 2076 1710
f 1710 2076 2077
f 1198 4327 253
f 2229 2231 1756
f 2231 246 1756
f 1756 246 253
f 253 252 1198
f 1199 1198 252
f 1199 252 1273
f 1085 4287 4288
f 4288 4289 1085
f 4289 4290 1085
f 1085 4290 4291
f 4291 4292 1085
f 4292 4293 1085
f 1085 4293 4294
f 4295 4296 1085
f 4296 4297 1085
f 4297 4298 1085
f 4298 4299 1085
f 1085 4299 4300
f 4294 4301 1085
f 4301 4302 1085
f 1085 4302 4303
f 4303 4304 1085
f 4304 4305 1085
f 1085 4305 4295
f 1066 1068 4306
f 1068 1069 4306
f 1069 1071 4306
f 1071 1073 4306
f 4306 1073 4307
f 1073 1075 4307
f 4307 1075 1077
f 1272 1194 252
f 252 1194 1196
f 4300 4308 1085
f 4308 4309 1085
f 1085 4309 1082
f 4309 4310 1082
f 1082 4310 1080
f 4310 4307 1080
f 1080 4307 1078
f 4307 1077 1078
f 1066 4306 1064
f 4306 4311 1064
f 1064 4311 1062
f 1048 4312 1046
f 4312 4313 1046
f 1046 4313 1044
f 4313 1042 1044
f 1196 1195 252
f 252 1195 1273
f 1186 1190 252
f 1190 1192 252
f 252 1192 1272
f 4314 1059 4311
f 1059 1060 4311
f 4311 1060 1062
f 4315 1055 4314
f 1055 1057 4314
f 4314 1057 1059
f 1048 1050 4312
f 1050 1051 4312
f 4312 1051 4315
f 1051 1053 4315
f 4315 1053 1055
f 1179 1178 252
f 1178 1183 252
f 252 1183 1181
f 1181 1187 252
f 252 1187 1186
f 356 354 1157
f 354 370 1157
f 1157 370 1159
f 343 342 1163
f 1172 1171 252
f 1171 1175 252
f 252 1175 1179
f 342 340 1163
f 340 352 1163
f 1163 352 1164
f 332 1162 334
f 1162 1168 334
f 334 1168 335
f 328 327 1166
f 327 325 1166
f 1166 325 1168
f 325 323 1168
f 1168 323 335
f 1173 316 1166
f 316 314 1166
f 1166 314 328
f 252 321 1172
f 321 320 1172
f 1172 320 1173
f 320 318 1173
f 1173 318 316
f 1035 4316 1033
f 4316 4317 1033
f 365 1151 367
f 1151 1159 367
f 367 1159 369
f 1159 370 369
f 347 1155 349
f 1155 1164 349
f 349 1164 351
f 1164 352 351
f 347 345 1155
f 345 359 1155
f 1155 359 1157
f 359 358 1157
f 1157 358 356
f 332 330 1162
f 330 338 1162
f 1162 338 1163
f 338 337 1163
f 1163 337 343
f 1035 1037 4316
f 1037 1039 4316
f 4316 1039 4313
f 1039 1041 4313
f 4313 1041 1042
f 4318 1030 4317
f 1030 1032 4317
f 4317 1032 1033
f 1152 1026 4318
f 1026 1028 4318
f 4318 1028 1030
f 365 363 1151
f 363 361 1151
f 1151 361 1152
f 361 360 1152
f 1152 360 1026
f 360 3370 1026
f 3370 3371 1026
f 3399 3401 1026
f 3401 3403 1026
f 1026 3403 1140
f 3403 3405 1140
f 3638 3637 3429
f 3637 3636 3429
f 3429 3636 3427
f 3571 3609 258
f 3609 3607 258
f 258 3607 3605
f 3337 3339 360
f 3339 3341 360
f 360 3341 3343
f 3587 3585 3431
f 3585 3583 3431
f 3431 3583 3581
f 3421 3423 3636
f 3423 3425 3636
f 3636 3425 3427
f 3519 3521 1021
f 3521 3528 1021
f 3365 3367 360
f 3367 3368 360
f 360 3368 3370
f 3371 3373 1026
f 3373 3374 1026
f 1026 3374 3376
f 3376 3377 1026
f 3377 3379 1026
f 1026 3379 3380
f 3405 3407 1140
f 3407 3409 1140
f 1140 3409 1089
f 3380 3382 1026
f 3382 3383 1026
f 1026 3383 3385
f 3631 3635 3429
f 3635 3634 3429
f 3429 3634 3638
f 3487 3489 1090
f 3489 3491 1090
f 1090 3491 1023
f 3491 3493 1023
f 3385 3386 1026
f 3386 3388 1026
f 1026 3388 3389
f 3389 3391 1026
f 3391 3392 1026
f 1026 3392 3394
f 3394 3395 1026
f 3395 3397 1026
f 1026 3397 3399
f 3409 3411 1089
f 3411 3413 1089
f 1089 3413 3415
f 3513 3515 1021
f 3515 3517 1021
f 1021 3517 3519
f 3544 3543 1021
f 3543 3552 1021
f 3552 3551 1021
f 1021 3551 258
f 3605 3603 258
f 3603 3601 258
f 258 3601 259
f 3601 3599 259
f 259 3599 3597
f 3361 3362 360
f 3362 3364 360
f 360 3364 3365
f 3629 3628 3429
f 3628 3632 3429
f 3429 3632 3631
f 3551 3550 258
f 3550 3549 258
f 258 3549 3558
f 3558 3557 258
f 3557 3556 258
f 258 3556 3555
f 3555 3564 258
f 3564 3563 258
f 258 3563 3562
f 3309 3311 265
f 3311 3313 265
f 265 3313 371
f 3313 3315 371
f 371 3315 3317
f 3537 3546 1021
f 3546 3545 1021
f 1021 3545 3544
f 3356 3358 360
f 3358 3359 360
f 360 3359 3361
f 3461 3417 3636
f 3417 3419 3636
f 3636 3419 3421
f 3493 3495 1023
f 3495 3497 1023
f 1023 3497 3499
f 3562 3561 258
f 3561 3570 258
f 258 3570 3569
f 3591 261 3593
f 261 259 3593
f 3593 259 3595
f 259 3597 3595
f 3587 3431 3589
f 3431 3438 3589
f 3415 3417 1089
f 3417 3461 1089
f 1089 3461 1090
f 3461 3460 1090
f 1090 3460 3464
f 3622 3626 3429
f 3626 3625 3429
f 3429 3625 3629
f 3569 3568 258
f 3568 3567 258
f 258 3567 3575
f 3337 360 3335
f 360 362 3335
f 3335 362 3333
f 362 420 3333
f 3333 420 3331
f 420 418 3331
f 3331 418 3329
f 3464 3466 1090
f 3466 3467 1090
f 1090 3467 3469
f 3469 3470 1090
f 3470 3472 1090
f 1090 3472 3473
f 3507 3509 1021
f 3509 3511 1021
f 1021 3511 3513
f 3540 3539 1021
f 3539 3538 1021
f 1021 3538 3537
f 3575 3574 258
f 3574 3572 258
f 258 3572 3571
f 3352 3353 360
f 3353 3355 360
f 360 3355 3356
f 3289 3288 265
f 3317 3319 371
f 3319 3321 371
f 371 3321 419
f 3473 3475 1090
f 3475 3476 1090
f 1090 3476 3478
f 3620 3619 3429
f 3619 3623 3429
f 3429 3623 3622
f 3453 3459 3589
f 3459 3458 3589
f 3589 3458 3457
f 3478 3479 1090
f 3479 3481 1090
f 1090 3481 3482
f 3533 3532 1021
f 3532 3531 1021
f 1021 3531 3540
f 3456 3455 3589
f 3455 3454 3589
f 3589 3454 3453
f 3591 3589 261
f 3589 3457 261
f 261 3457 265
f 3457 3283 265
f 265 3283 3289
f 3347 3349 360
f 3349 3350 360
f 360 3350 3352
f 3482 3484 1090
f 3484 3485 1090
f 1090 3485 3487
f 3288 3287 265
f 3287 3286 265
f 265 3286 3295
f 3321 3323 419
f 3323 3325 419
f 419 3325 418
f 3325 3327 418
f 418 3327 3329
f 3613 3617 3429
f 3617 3616 3429
f 3429 3616 3620
f 3499 3501 1023
f 3501 3503 1023
f 1023 3503 1021
f 3503 3505 1021
f 1021 3505 3507
f 3295 3294 265
f 3294 3293 265
f 265 3293 3292
f 3581 3579 3431
f 3579 3577 3431
f 3431 3577 3429
f 3577 3614 3429
f 3429 3614 3613
f 3526 3525 1021
f 3525 3534 1021
f 1021 3534 3533
f 3449 3448 3589
f 3448 3447 3589
f 3589 3447 3456
f 3343 3344 360
f 3344 3346 360
f 360 3346 3347
f 3292 3301 265
f 3301 3300 265
f 265 3300 3299
f 3299 3298 265
f 3298 3306 265
f 265 3306 3305
f 3305 3303 265
f 3303 3302 265
f 265 3302 3309
f 3528 3527 1021
f 1021 3527 3526
f 3442 3441 3589
f 3441 3450 3589
f 3589 3450 3449
f 3435 3444 3589
f 3444 3443 3589
f 3589 3443 3442
f 3438 3437 3589
f 3437 3436 3589
f 3589 3436 3435
f 257 469 312
f 469 309 312
f 306 310 469
f 469 310 309
f 295 300 469
f 300 298 469
f 469 298 304
f 304 303 469
f 469 303 306
f 963 990 1002
f 963 997 1011
f 290 469 292
f 469 287 292
f 290 296 469
f 469 296 295
f 1002 1001 963
f 1001 999 963
f 963 999 997
f 1006 960 959
f 1019 947 1020
f 947 956 1020
f 1020 956 955
f 951 950 1017
f 950 949 1017
f 1017 949 1019
f 949 948 1019
f 1019 948 947
f 951 1017 942
f 1017 1015 942
f 942 1015 943
f 937 946 1013
f 946 945 1013
f 1013 945 1015
f 945 944 1015
f 1015 944 943
f 484 485 270
f 284 288 469
f 469 288 287
f 985 983 963
f 983 981 963
f 963 981 995
f 995 994 963
f 994 992 963
f 963 992 990
f 1011 1010 963
f 1010 1008 963
f 963 1008 957
f 1008 1006 957
f 957 1006 958
f 1006 959 958
f 960 1006 961
f 1006 1004 961
f 961 1004 962
f 955 954 1020
f 954 953 1020
f 1020 953 1004
f 953 952 1004
f 1004 952 962
f 1116 972 963
f 972 970 963
f 963 970 979
f 979 978 963
f 978 976 963
f 963 976 974
f 974 988 963
f 988 987 963
f 963 987 985
f 496 263 268
f 282 281 469
f 281 280 469
f 469 280 284
f 275 274 480
f 473 474 277
f 474 475 277
f 277 475 273
f 475 476 273
f 469 470 282
f 470 471 282
f 282 471 277
f 471 472 277
f 277 472 473
f 937 1013 938
f 1013 1025 938
f 938 1025 939
f 496 421 263
f 421 504 263
f 263 504 260
f 504 503 260
f 260 503 501
f 267 492 268
f 492 494 268
f 268 494 496
f 487 488 266
f 488 489 266
f 266 489 267
f 489 491 267
f 267 491 492
f 270 485 266
f 485 486 266
f 266 486 487
f 480 481 275
f 481 482 275
f 275 482 270
f 482 483 270
f 270 483 484
f 476 477 273
f 477 478 273
f 273 478 274
f 478 479 274
f 274 479 480
f 939 1025 940
f 1025 1024 940
f 940 1024 941
f 941 1024 932
f 1024 1022 932
f 932 1022 933
f 933 1022 934
f 1022 1021 934
f 934 1021 935
f 501 500 260
f 500 434 260
f 260 434 258
f 434 433 258
f 258 433 1021
f 433 936 1021
f 1021 936 935
f 3839 3846 435
f 929 3968 3975
f 433 3728 936
f 3728 3729 936
f 3697 3699 433
f 3699 3701 433
f 3757 3759 936
f 3759 3761 936
f 936 3761 931
f 3761 3763 931
f 3962 3964 929
f 3964 3966 929
f 929 3966 3968
f 3729 3731 936
f 3731 3732 936
f 936 3732 3734
f 3934 3936 930
f 3936 3938 930
f 930 3938 3940
f 3878 431 3876
f 431 430 3876
f 3876 430 3874
f 430 3872 3874
f 3783 3785 3907
f 3785 3787 3907
f 3907 3787 3789
f 3723 3725 433
f 3725 3726 433
f 433 3726 3728
f 3734 3735 936
f 3735 3737 936
f 936 3737 3738
f 3763 3765 931
f 3765 3767 931
f 931 3767 3769
f 3991 3990 929
f 3990 3996 929
f 3996 3995 929
f 929 3995 435
f 3846 3848 435
f 3848 3850 435
f 435 3850 3852
f 3660 3667 431
f 3667 3669 431
f 3738 3740 936
f 3740 3741 936
f 936 3741 3743
f 3995 3994 435
f 3994 3820 435
f 435 3820 3826
f 3826 3825 435
f 3825 3824 435
f 435 3824 3823
f 3823 3832 435
f 3832 3831 435
f 435 3831 3830
f 3777 3779 3907
f 3779 3781 3907
f 3907 3781 3783
f 3811 3817 3878
f 3719 3720 433
f 3720 3722 433
f 433 3722 3723
f 3743 3744 936
f 3744 3746 936
f 936 3746 3747
f 3984 3993 929
f 3993 3992 929
f 929 3992 3991
f 3902 3904 3789
f 3904 3905 3789
f 3789 3905 3907
f 3691 3693 433
f 3693 3695 433
f 433 3695 3697
f 3747 3749 936
f 3749 3750 936
f 936 3750 3752
f 3752 3753 936
f 3753 3755 936
f 936 3755 3757
f 3956 3958 929
f 3958 3960 929
f 929 3960 3962
f 3830 3829 435
f 3829 3838 435
f 435 3838 3837
f 3940 3942 930
f 3942 3944 930
f 930 3944 929
f 3837 3836 435
f 3836 3835 435
f 435 3835 3843
f 3866 3868 430
f 3868 3870 430
f 430 3870 3872
f 3814 3813 3878
f 3813 3812 3878
f 3878 3812 3811
f 3817 3816 3878
f 3816 3815 3878
f 3878 3815 431
f 3815 3641 431
f 431 3641 3647
f 3714 3716 433
f 3716 3717 433
f 433 3717 3719
f 3769 3771 931
f 3771 3773 931
f 931 3773 930
f 3773 3775 930
f 3777 3907 3775
f 3907 3908 3775
f 3775 3908 930
f 3908 3910 930
f 930 3910 3911
f 3987 3986 929
f 3986 3985 929
f 929 3985 3984
f 3843 3842 435
f 3842 3840 435
f 435 3840 3839
f 3898 3899 3789
f 3899 3901 3789
f 3789 3901 3902
f 3647 3646 431
f 3646 3645 431
f 431 3645 3644
f 3644 3653 431
f 3653 3652 431
f 431 3652 3651
f 3669 3671 431
f 3671 3673 431
f 431 3673 3675
f 3852 3854 435
f 3854 3856 435
f 435 3856 3858
f 3911 3913 930
f 3913 3914 930
f 930 3914 3916
f 3944 3946 929
f 3946 3948 929
f 929 3948 3950
f 3807 3806 3878
f 3806 3805 3878
f 3878 3805 3814
f 3651 3650 431
f 3650 3659 431
f 431 3659 3658
f 3710 3711 433
f 3711 3713 433
f 433 3713 3714
f 3916 3917 930
f 3917 3919 930
f 930 3919 3920
f 3980 3979 929
f 3979 3978 929
f 929 3978 3987
f 3893 3895 3789
f 3895 3896 3789
f 3789 3896 3898
f 3658 3657 431
f 3657 3656 431
f 431 3656 3664
f 3950 3952 929
f 3952 3954 929
f 929 3954 3956
f 3664 3663 431
f 3663 3661 431
f 431 3661 3660
f 431 3687 433
f 3687 3689 433
f 433 3689 3691
f 3920 3922 930
f 3922 3923 930
f 930 3923 3925
f 3858 3860 435
f 3860 3862 435
f 435 3862 430
f 3862 3864 430
f 430 3864 3866
f 3800 3799 3878
f 3799 3808 3878
f 3878 3808 3807
f 3675 3677 431
f 3677 3679 431
f 431 3679 3681
f 3705 3707 433
f 3707 3708 433
f 433 3708 3710
f 3925 3926 930
f 3926 3928 930
f 930 3928 3929
f 3973 3972 929
f 3972 3981 929
f 929 3981 3980
f 3889 3890 3789
f 3890 3892 3789
f 3789 3892 3893
f 3929 3931 930
f 3931 3932 930
f 930 3932 3934
f 3681 3683 431
f 3683 3685 431
f 431 3685 3687
f 3793 3802 3878
f 3802 3801 3878
f 3878 3801 3800
f 3701 3702 433
f 3702 3704 433
f 433 3704 3705
f 3975 3974 929
f 929 3974 3973
f 3884 3886 3789
f 3886 3887 3789
f 3789 3887 3889
f 3796 3795 3878
f 3795 3794 3878
f 3878 3794 3793
f 3880 3881 3789
f 3881 3883 3789
f 3789 3883 3884
f 3880 3789 3878
f 3789 3796 3878
f 884 874 882
f 874 880 882
f 462 468 552
f 965 877 874
f 877 876 874
f 874 876 880
f 456 454 552
f 454 460 552
f 468 467 552
f 552 467 426
f 893 874 891
f 874 889 891
f 446 448 552
f 460 459 552
f 459 464 552
f 552 464 462
f 884 886 874
f 886 887 874
f 874 887 889
f 874 898 900
f 893 895 874
f 895 896 874
f 874 896 898
f 552 427 452
f 448 450 552
f 552 450 427
f 900 902 874
f 902 904 874
f 874 904 905
f 452 451 552
f 552 451 456
f 920 844 842
f 569 567 439
f 507 565 498
f 497 442 552
f 442 441 552
f 552 441 446
f 916 918 851
f 914 868 913
f 868 867 913
f 913 867 865
f 851 849 916
f 849 847 916
f 916 847 861
f 861 860 916
f 860 858 916
f 916 858 914
f 858 856 914
f 914 856 868
f 842 840 920
f 840 854 920
f 920 854 918
f 854 853 918
f 918 853 851
f 596 594 438
f 594 592 438
f 438 592 437
f 439 567 440
f 567 581 440
f 440 581 580
f 565 564 498
f 564 562 498
f 498 562 499
f 562 560 499
f 560 558 499
f 558 572 499
f 499 572 439
f 572 571 439
f 439 571 569
f 552 553 497
f 553 554 497
f 497 554 498
f 554 556 498
f 498 556 507
f 905 907 874
f 907 909 874
f 874 909 870
f 909 911 870
f 870 911 871
f 911 913 871
f 871 913 863
f 913 865 863
f 844 920 845
f 920 922 845
f 845 922 831
f 598 435 599
f 435 436 599
f 599 436 600
f 592 590 437
f 590 603 437
f 437 603 436
f 603 602 436
f 436 602 600
f 587 505 588
f 505 506 588
f 587 585 505
f 585 583 505
f 505 583 438
f 583 597 438
f 438 597 596
f 580 578 440
f 578 576 440
f 440 576 506
f 576 574 506
f 506 574 588
f 928 835 922
f 835 833 922
f 922 833 831
f 927 838 928
f 838 837 928
f 928 837 835
f 926 824 927
f 824 822 927
f 927 822 838
f 925 828 926
f 828 826 926
f 926 826 824
f 929 818 925
f 818 829 925
f 925 829 828
f 598 514 435
f 514 815 435
f 435 815 929
f 815 814 929
f 929 814 818
f 4249 4248 527
f 4225 4224 514
f 4258 4257 778
f 4249 527 4250
f 4285 4284 815
f 4284 4283 815
f 4283 4282 815
f 815 4282 4281
f 4281 4280 815
f 4280 4279 815
f 815 4279 4278
f 4258 778 4259
f 4257 4256 778
f 4256 4255 778
f 778 4255 4254
f 4248 4247 527
f 4247 4246 527
f 527 4246 4245
f 4245 4244 527
f 4244 4243 527
f 527 4243 4242
f 4234 4233 513
f 514 4221 4220
f 4220 4219 514
f 4219 4218 514
f 514 4218 4217
f 4270 4269 777
f 4269 4268 777
f 777 4268 4267
f 4263 4262 778
f 4224 4223 514
f 4223 4222 514
f 514 4222 4221
f 4217 4216 514
f 4216 4215 514
f 514 4215 815
f 4215 4286 815
f 815 4286 4285
f 4274 4273 816
f 4273 4272 816
f 816 4272 777
f 4272 4271 777
f 777 4271 4270
f 4262 4261 778
f 4261 4260 778
f 778 4260 4259
f 4278 4277 815
f 4277 4276 815
f 815 4276 816
f 4276 4275 816
f 816 4275 4274
f 4254 4253 778
f 4253 4252 778
f 778 4252 527
f 4252 4251 527
f 527 4251 4250
f 513 4230 514
f 4230 4229 514
f 514 4229 4228
f 4228 4227 514
f 4227 4226 514
f 514 4226 4225
f 4267 4266 777
f 4266 4265 777
f 777 4265 778
f 4265 4264 778
f 778 4264 4263
f 4242 4241 527
f 4241 4240 527
f 527 4240 515
f 4240 4239 515
f 515 4239 4238
f 4238 4237 515
f 4237 4236 515
f 515 4236 513
f 4236 4235 513
f 513 4235 4234
f 4233 4232 513
f 4232 4231 513
f 513 4231 4230
f 606 779 786
f 786 802 606
f 728 742 521
f 802 800 606
f 606 800 655
f 800 798 655
f 655 798 656
f 798 658 656
f 813 651 649
f 651 813 653
f 813 812 653
f 653 812 654
f 810 647 646
f 638 637 808
f 637 635 808
f 808 635 810
f 635 633 810
f 810 633 647
f 638 808 624
f 808 806 624
f 624 806 626
f 649 663 813
f 663 662 813
f 813 662 798
f 662 660 798
f 798 660 658
f 646 644 810
f 644 642 810
f 810 642 812
f 642 640 812
f 812 640 654
f 716 714 529
f 521 742 523
f 742 741 523
f 523 741 739
f 533 709 528
f 709 707 528
f 615 804 617
f 804 803 617
f 617 803 619
f 803 621 619
f 739 737 523
f 737 749 523
f 523 749 525
f 749 748 525
f 525 748 746
f 735 519 721
f 519 530 721
f 721 530 723
f 735 734 519
f 734 732 519
f 519 732 521
f 732 730 521
f 521 730 728
f 714 712 529
f 712 726 529
f 529 726 530
f 726 725 530
f 530 725 723
f 707 705 528
f 705 719 528
f 528 719 529
f 719 718 529
f 529 718 716
f 700 698 533
f 698 710 533
f 533 710 709
f 615 631 804
f 631 630 804
f 804 630 806
f 630 628 806
f 806 628 626
f 621 803 622
f 803 778 622
f 622 778 611
f 527 608 778
f 608 607 778
f 778 607 611
f 746 744 525
f 744 743 525
f 525 743 527
f 743 694 527
f 527 694 608
f 696 703 533
f 703 702 533
f 533 702 700
f 608 694 609
f 694 693 609
f 693 753 609
f 753 750 609
f 609 750 1551
f 695 666 1551
f 1409 1408 4319
f 4319 1408 1406
f 4071 4070 1714
f 3102 3273 4320
f 3273 3272 4320
f 4320 3272 3267
f 1736 3112 3111
f 3111 3106 1736
f 3106 3105 1736
f 1736 3105 4320
f 3105 3103 4320
f 4320 3103 3102
f 4320 3253 3251
f 3251 3249 4320
f 3249 3247 4320
f 4320 3247 3245
f 3267 3266 4320
f 3266 3261 4320
f 4320 3261 3260
f 3181 3178 4321
f 3133 3131 1736
f 3260 3255 4320
f 3255 3254 4320
f 4320 3254 3253
f 3245 3243 4320
f 3243 3241 4320
f 4320 3241 3239
f 3193 3190 4322
f 3190 3187 4322
f 4322 3187 4321
f 3187 3184 4321
f 4321 3184 3181
f 3211 3208 4322
f 3208 3205 4322
f 4322 3205 3202
f 3178 3175 4321
f 3175 3172 4321
f 4321 3172 3169
f 3143 3141 1738
f 3131 3129 1736
f 3129 3128 1736
f 1736 3128 3125
f 3231 3229 4322
f 3223 3221 4322
f 3221 3219 4322
f 3202 3199 4322
f 3199 3196 4322
f 4322 3196 3193
f 3169 3166 4321
f 3166 3163 4321
f 4321 3163 3161
f 3141 3139 1738
f 3139 3137 1738
f 1738 3137 1736
f 3137 3135 1736
f 1736 3135 3133
f 3239 3237 4320
f 3237 3235 4320
f 4320 3235 4322
f 3235 3233 4322
f 4322 3233 3231
f 3229 3227 4322
f 3227 3225 4322
f 4322 3225 3223
f 3219 3217 4322
f 3217 3214 4322
f 4322 3214 3211
f 3161 3159 4321
f 3159 3157 4321
f 4321 3157 4323
f 3157 3155 4323
f 4323 3155 4332
f 3125 3118 1736
f 3118 3117 1736
f 1736 3117 3112
f 3151 1739 3153
f 1739 1741 3153
f 3153 1741 3155
f 1741 4332 3155
f 3151 3149 1739
f 3149 3147 1739
f 1739 3147 1738
f 3147 3145 1738
f 1738 3145 3143
f 3430 3428 4319
f 3416 3414 4319
f 3390 3387 4320
f 3387 3384 4320
f 3384 3381 4320
f 3381 3378 4320
f 4320 3378 3375
f 1736 3363 3360
f 3360 3357 1736
f 3357 3354 1736
f 1736 3354 3351
f 3445 3440 4319
f 3440 3439 4319
f 4319 3439 3434
f 3398 3396 4320
f 3396 3393 4320
f 4320 3393 3390
f 3375 3372 4320
f 3372 3369 4320
f 4320 3369 1736
f 3369 3366 1736
f 1736 3366 3363
f 3308 3307 1730
f 3452 3451 4319
f 3451 3446 4319
f 4319 3446 3445
f 3434 3433 4319
f 3433 3432 4319
f 4319 3432 3430
f 3428 3426 4319
f 3426 3424 4319
f 4319 3424 3422
f 3412 3410 4320
f 3285 3284 1730
f 3284 3282 1730
f 1730 3282 4319
f 3282 3281 4319
f 4319 3281 3452
f 3422 3420 4319
f 3420 3418 4319
f 4319 3418 3416
f 3404 3402 4320
f 3402 3400 4320
f 4320 3400 3398
f 3296 3291 1730
f 3291 3290 1730
f 1730 3290 3285
f 3412 4320 3414
f 3410 3408 4320
f 3408 3406 4320
f 4320 3406 3404
f 3351 3348 1736
f 3348 3345 1736
f 1736 3345 3342
f 3342 3340 1736
f 3340 3338 1736
f 1736 3338 1734
f 3338 3336 1734
f 1734 3336 3334
f 3307 3304 1730
f 3304 3297 1730
f 1730 3297 3296
f 3324 3322 1727
f 3322 3320 1727
f 1727 3320 3318
f 1734 3328 1727
f 3328 3326 1727
f 1727 3326 3324
f 3334 3332 1734
f 3332 3330 1734
f 1734 3330 3328
f 3318 3316 1727
f 3316 3314 1727
f 1727 3314 1728
f 3314 3312 1728
f 1728 3312 1730
f 3312 3310 1730
f 1730 3310 3308
f 3480 3477 4319
f 3477 3474 4319
f 3630 3627 1730
f 3627 3624 1730
f 1730 3624 3621
f 3621 3618 1730
f 3618 3615 1730
f 1730 3615 3612
f 3474 3471 4319
f 3471 3468 4319
f 4319 3468 3465
f 3600 3602 1732
f 3488 3486 4319
f 3486 3483 4319
f 4319 3483 3480
f 3465 3462 4319
f 3462 3463 4319
f 4319 3463 1730
f 3463 3633 1730
f 1730 3633 3630
f 3612 3576 1730
f 3576 3578 1730
f 1730 3578 3580
f 3541 3536 1404
f 3536 3535 1404
f 3590 1730 3588
f 1730 3586 3588
f 3560 3559 1732
f 3559 3554 1732
f 1732 3554 3553
f 3553 3548 1732
f 3548 3547 1732
f 1732 3547 1404
f 3547 3542 1404
f 1404 3542 3541
f 3580 3582 1730
f 3582 3584 1730
f 1730 3584 3586
f 3600 1732 3598
f 3590 3592 1730
f 3592 3594 1730
f 1730 3594 1732
f 3594 3596 1732
f 1732 3596 3598
f 3573 3566 1732
f 3566 3565 1732
f 1732 3565 3560
f 3535 3530 1404
f 3530 3529 1404
f 1404 3529 3524
f 3500 3498 4319
f 3498 3496 4319
f 4319 3496 3494
f 3494 3492 4319
f 3492 3490 4319
f 4319 3490 3488
f 3602 3604 1732
f 3604 3606 1732
f 1732 3606 3608
f 3608 3610 1732
f 3610 3611 1732
f 1732 3611 3573
f 3514 1406 3516
f 1406 3518 3516
f 3524 3523 1404
f 3523 3522 1404
f 1404 3522 1406
f 3522 3520 1406
f 1406 3520 3518
f 3514 3512 1406
f 3512 3510 1406
f 1406 3510 3508
f 3508 3506 1406
f 3506 3504 1406
f 1406 3504 4319
f 3504 3502 4319
f 4319 3502 3500
f 3736 3733 1404
f 3736 1404 3739
f 3733 3730 1404
f 3730 3727 1404
f 1404 3727 1732
f 3727 3724 1732
f 3784 3782 1410
f 3809 3804 1410
f 3724 3721 1732
f 3721 3718 1732
f 1732 3718 3715
f 1724 3642 3640
f 3809 1410 3810
f 3774 3772 1403
f 3772 3770 1403
f 3770 3768 1403
f 3768 3766 1403
f 1403 3766 3764
f 3756 3754 1404
f 3754 3751 1404
f 1404 3751 3748
f 3748 3745 1404
f 3745 3742 1404
f 1404 3742 3739
f 3715 3712 1732
f 3712 3709 1732
f 1732 3709 3706
f 3706 3703 1732
f 3703 3700 1732
f 1732 3700 1733
f 3655 3654 1724
f 3654 3649 1724
f 1724 3640 1410
f 3640 3639 1410
f 1410 3639 3810
f 3649 3648 1724
f 3648 3643 1724
f 1724 3643 3642
f 3804 3803 1410
f 3803 3798 1410
f 1410 3798 3797
f 3764 3762 1403
f 3762 3760 1403
f 1403 3760 1404
f 3760 3758 1404
f 1404 3758 3756
f 3700 3698 1733
f 3698 3696 1733
f 1733 3696 1726
f 3696 3694 1726
f 3666 3665 1724
f 3665 3662 1724
f 1724 3662 3655
f 3797 3792 1410
f 3792 3791 1410
f 1410 3791 3790
f 3782 3780 1410
f 3780 3778 1410
f 1410 3778 1403
f 3778 3776 1403
f 1403 3776 3774
f 3694 3692 1726
f 3692 3690 1726
f 1726 3690 3688
f 3790 3788 1410
f 3788 3786 1410
f 1410 3786 3784
f 3688 3686 1726
f 3686 3684 1726
f 1726 3684 3682
f 3674 3672 1724
f 3672 3670 1724
f 3670 3668 1724
f 1724 3668 3666
f 3682 3680 1726
f 3680 3678 1726
f 1726 3678 1724
f 3678 3676 1724
f 1724 3676 3674
f 3827 3822 1719
f 1414 1719 3818
f 3818 3989 1414
f 3989 3988 1414
f 1414 3988 3983
f 3967 3965 1412
f 3965 3963 1412
f 1412 3963 3961
f 3822 3821 1719
f 3821 3819 1719
f 1719 3819 3818
f 3834 3833 1719
f 3833 3828 1719
f 1719 3828 3827
f 3983 3982 1414
f 3982 3977 1414
f 1414 3977 3976
f 3877 3875 1724
f 3875 3873 1724
f 1724 3873 3871
f 3855 3853 1722
f 3853 3851 1722
f 1722 3851 1721
f 3851 3849 1721
f 1721 3849 3847
f 3976 3971 1414
f 3971 3970 1414
f 1414 3970 1412
f 3970 3969 1412
f 1412 3969 3967
f 3961 3959 1412
f 3959 3957 1412
f 1412 3957 3955
f 3947 3945 1410
f 3933 3930 1410
f 3930 3927 1410
f 1410 3927 3924
f 3924 3921 1410
f 3921 3918 1410
f 1410 3918 3915
f 3847 3845 1721
f 3845 3844 1721
f 1721 3844 1719
f 3844 3841 1719
f 1719 3841 3834
f 3955 3953 1412
f 3953 3951 1412
f 1412 3951 1410
f 3951 3949 1410
f 1410 3949 3947
f 3945 3943 1410
f 3943 3941 1410
f 1410 3941 3939
f 3903 3900 1724
f 3900 3897 1724
f 1724 3897 3894
f 3894 3891 1724
f 3891 3888 1724
f 1724 3888 3885
f 3885 3882 1724
f 3882 3879 1724
f 1724 3879 3877
f 1722 3863 3861
f 3939 3937 1410
f 3937 3935 1410
f 1410 3935 3933
f 3915 3912 1410
f 3912 3909 1410
f 1410 3909 1724
f 3909 3906 1724
f 1724 3906 3903
f 3861 3859 1722
f 3859 3857 1722
f 1722 3857 3855
f 3871 3869 1724
f 3869 3867 1724
f 1724 3867 1722
f 3867 3865 1722
f 1722 3865 3863
f 4115 4114 1414
f 4141 4140 1420
f 4140 4139 1420
f 4104 4103 1719
f 4074 4073 1714
f 4073 4072 1714
f 1714 4072 4071
f 4139 4138 1420
f 4138 4137 1420
f 1420 4137 1419
f 4137 4136 1419
f 1419 4136 4135
f 4114 4113 1414
f 4113 4112 1414
f 1414 4112 4111
f 4111 4110 1414
f 4110 4109 1414
f 1414 4109 4108
f 1719 4100 4099
f 4099 4098 1719
f 4098 4097 1719
f 1719 4097 4096
f 4125 4124 1416
f 4124 4123 1416
f 1416 4123 4122
f 4118 4117 1414
f 4117 4116 1414
f 1414 4116 4115
f 4103 4102 1719
f 4102 4101 1719
f 1719 4101 4100
f 4096 4095 1719
f 4095 4094 1719
f 1719 4094 1717
f 4094 4093 1717
f 1717 4093 4092
f 4079 4078 1715
f 4078 4077 1715
f 4077 4076 1715
f 1715 4076 1714
f 4076 4075 1714
f 1714 4075 4074
f 1418 4128 4127
f 4122 4121 1416
f 4121 4120 1416
f 1416 4120 1414
f 4120 4119 1414
f 1414 4119 4118
f 4108 4107 1414
f 4107 4106 1414
f 1414 4106 1719
f 4106 4105 1719
f 1719 4105 4104
f 1418 4127 1416
f 4127 4126 1416
f 1416 4126 4125
f 4092 4091 1717
f 4091 4090 1717
f 1717 4090 4089
f 4135 4134 1419
f 4134 4133 1419
f 1419 4133 1418
f 4133 4132 1418
f 1418 4132 4131
f 4089 4088 1717
f 4088 4087 1717
f 1717 4087 4086
f 4082 4081 1715
f 4081 4080 1715
f 1715 4080 4079
f 4131 4130 1418
f 4130 4129 1418
f 1418 4129 4128
f 4086 4085 1717
f 4085 4084 1717
f 1717 4084 1715
f 4084 4083 1715
f 1715 4083 4082
f 1421 1714 1420
f 1714 4070 1420
f 1420 4070 4141
f 1421 1486 1714
f 1714 695 1911
f 1486 695 1714
f 3414 4320 4319
f 4320 1409 4319
f 4322 1301 4320
f 1301 1400 4320
f 4320 1400 1409
f 4322 1308 1301
f 1308 1303 1301
f 3014 3016 1240
f 3016 3018 1240
f 1240 3018 3020
f 4324 3034 3036
f 3046 4324 3044
f 4324 3042 3044
f 3080 3082 4318
f 3082 3084 4318
f 4318 3084 3086
f 2970 3150 2968
f 3150 3152 2968
f 2968 3152 2966
f 3036 3038 4324
f 3038 3040 4324
f 4324 3040 3042
f 3072 4325 3070
f 4325 4326 3070
f 3070 4326 3068
f 4326 3066 3068
f 3072 3074 4325
f 3074 3076 4325
f 4325 3076 4318
f 3076 3078 4318
f 4318 3078 3080
f 2984 1149 2982
f 1149 2980 2982
f 2984 2986 1149
f 2986 2988 1149
f 1149 2988 1150
f 2988 2990 1150
f 1150 2990 1148
f 2990 2992 1148
f 1148 2992 1240
f 2992 2994 1240
f 1240 2994 2996
f 3020 3022 1240
f 3022 3024 1240
f 1240 3024 3026
f 2996 2998 1240
f 2998 3000 1240
f 1240 3000 3002
f 3002 3004 1240
f 3004 3006 1240
f 1240 3006 3008
f 3008 3010 1240
f 3010 3012 1240
f 1240 3012 3014
f 3026 3028 1240
f 3028 3030 1240
f 1240 3030 4324
f 3030 3032 4324
f 4324 3032 3034
f 3052 3054 4324
f 3054 3056 4324
f 4324 3056 3058
f 3058 3060 4324
f 3060 3062 4324
f 4324 3062 4326
f 3062 3064 4326
f 4326 3064 3066
f 4318 3252 3259
f 3123 3130 1152
f 3130 3132 1152
f 1152 3132 3134
f 3220 3222 3096
f 3222 3224 3096
f 1149 3146 3148
f 3046 3048 4324
f 3048 3050 4324
f 4324 3050 3052
f 3246 3248 4318
f 3248 3250 4318
f 4318 3250 3252
f 3156 3158 2964
f 3158 3160 2964
f 2964 3160 3162
f 2970 2972 3150
f 2972 2974 3150
f 3150 2974 3148
f 2974 2976 3148
f 3148 2976 1149
f 2976 2978 1149
f 1149 2978 2980
f 3096 3213 3215
f 3224 3226 3096
f 3226 3228 3096
f 3096 3228 3230
f 3215 3216 3096
f 3216 3218 3096
f 3096 3218 3220
f 3192 3100 3191
f 3100 2958 3191
f 3191 2958 3189
f 2958 2960 3189
f 3189 2960 3188
f 2966 3152 2964
f 3152 3154 2964
f 2964 3154 3156
f 3240 3242 4318
f 3242 3244 4318
f 4318 3244 3246
f 3275 3274 4318
f 3274 3280 4318
f 3280 3279 4318
f 4318 3279 1152
f 3203 3204 3098
f 3204 3206 3098
f 3098 3206 3207
f 3162 3164 2964
f 3164 3165 2964
f 2964 3165 3167
f 3207 3209 3098
f 3209 3210 3098
f 3098 3210 3096
f 3210 3212 3096
f 3096 3212 3213
f 3192 3194 3100
f 3194 3195 3100
f 3100 3195 3197
f 3183 3185 2960
f 3185 3186 2960
f 2960 3186 3188
f 3173 3174 2962
f 3174 3176 2962
f 2962 3176 3177
f 3279 3278 1152
f 3278 3104 1152
f 1152 3104 3110
f 3134 3136 1152
f 3136 3138 1152
f 1152 3138 1153
f 3138 3140 1153
f 1153 3140 1275
f 3140 3142 1275
f 1275 3142 1149
f 3142 3144 1149
f 1149 3144 3146
f 3197 3198 3100
f 3198 3200 3100
f 3100 3200 3098
f 3200 3201 3098
f 3098 3201 3203
f 3177 3179 2962
f 3179 3180 2962
f 2962 3180 2960
f 3180 3182 2960
f 2960 3182 3183
f 3167 3168 2964
f 3168 3170 2964
f 2964 3170 2962
f 3170 3171 2962
f 2962 3171 3173
f 3232 3234 4318
f 3268 3277 4318
f 3277 3276 4318
f 4318 3276 3275
f 3110 3109 1152
f 3109 3108 1152
f 1152 3108 3107
f 3107 3116 1152
f 3116 3115 1152
f 1152 3115 3114
f 3114 3113 1152
f 3113 3122 1152
f 1152 3122 3121
f 3234 3236 4318
f 3236 3238 4318
f 4318 3238 3240
f 3121 3120 1152
f 3120 3119 1152
f 1152 3119 3127
f 3127 3126 1152
f 3126 3124 1152
f 1152 3124 3123
f 3086 3088 4318
f 3088 3090 4318
f 4318 3090 3232
f 3090 3092 3232
f 3232 3092 3230
f 3092 3094 3230
f 3230 3094 3096
f 3271 3270 4318
f 3270 3269 4318
f 4318 3269 3268
f 3264 3263 4318
f 3263 3262 4318
f 4318 3262 3271
f 3257 3256 4318
f 3256 3265 4318
f 4318 3265 3264
f 3259 3258 4318
f 4318 3258 3257
f 4328 2036 4327
f 2028 2037 4328
f 4328 2037 2036
f 4329 2034 4328
f 2034 2035 4328
f 4328 2035 2028
f 4330 2032 4329
f 2032 2033 4329
f 4329 2033 2034
f 4332 2029 4331
f 2029 2030 4331
f 4331 2030 4330
f 2030 2031 4330
f 4330 2031 2032
f 4332 4333 4323
f 4333 4321 4323
f 4334 4335 4336
f 4337 4338 4339
f 4338 4334 4339
f 4334 4336 4339
f 4340 4341 4343
f 4341 4342 4343
f 4342 4344 4343
f 4343 4344 4337
f 4344 4345 4337
f 4337 4345 4338
f 4346 4347 4348
f 4347 4349 4348
f 4348 4349 4350
f 4349 4351 4350
f 4350 4351 4340
f 4351 4352 4340
f 4340 4352 4341
f 4353 4354 4356
f 4354 4355 4356
f 4355 4357 4356
f 4356 4357 4358
f 4357 4359 4358
f 4358 4359 4346
f 4359 4360 4346
f 4346 4360 4347
f 4361 4362 4363
f 4362 4364 4363
f 4363 4364 4365
f 4364 4366 4365
f 4365 4366 4353
f 4366 4367 4353
f 4353 4367 4354
f 4368 4369 4361
f 4369 4370 4361
f 4361 4370 4362
f 4371 4372 4368
f 4372 4373 4368
f 4368 4373 4369
f 4374 4375 4376
f 4375 4377 4376
f 4377 4378 4379
f 4378 4380 4379
f 4379 4380 4371
f 4380 4381 4371
f 4371 4381 4372
f 4382 4383 4374
f 4384 4385 4386
f 4385 4387 4386
f 4388 4389 4390
f 4391 4389 4392
f 4389 4388 4392
f 4392 4388 4393
f 4393 4388 4394
f 4388 4390 4394
f 4394 4390 4384
f 4384 4386 4394
f 4386 4327 4394
f 4394 4327 4393
f 4327 4386 4382
f 4386 4387 4382
f 4382 4387 4383
f 4374 4376 4382
f 4376 4327 4382
f 4336 4333 4339
f 4333 4332 4339
f 4339 4332 4337
f 4337 4332 4343
f 4343 4332 4340
f 4332 4331 4340
f 4340 4331 4350
f 4331 4330 4350
f 4350 4330 4348
f 4330 4329 4348
f 4348 4329 4346
f 4329 4328 4346
f 4346 4328 4358
f 4358 4328 4356
f 4356 4328 4353
f 4328 4327 4353
f 4353 4327 4365
f 4365 4327 4363
f 4363 4327 4361
f 4361 4327 4368
f 4368 4327 4371
f 4371 4327 4379
f 4379 4327 4377
f 4377 4327 4376
f 4395 4391 4392
f 1198 1197 4327
f 1147 1146 4396
f 1197 1280 4327
f 4327 1280 4393
f 1280 1147 4393
f 4393 1147 4392
f 1147 4396 4392
f 4392 4396 4395
f 1371 4287 1282
f 1313 4397 1371
f 1371 4397 4398
f 4400 4325 4318
f 4401 4291 4402
f 4291 4290 4402
f 4402 4290 4403
f 4290 4289 4403
f 4403 4289 4404
f 4289 4288 4404
f 4404 4288 4405
f 4288 4287 4405
f 4406 4302 4407
f 4302 4301 4407
f 4407 4301 4408
f 4301 4294 4408
f 4408 4294 4409
f 4294 4293 4409
f 4409 4293 4401
f 4293 4292 4401
f 4401 4292 4291
f 4410 4296 4411
f 4296 4295 4411
f 4411 4295 4412
f 4295 4305 4412
f 4412 4305 4413
f 4305 4304 4413
f 4413 4304 4406
f 4304 4303 4406
f 4406 4303 4302
f 4414 4300 4415
f 4300 4299 4415
f 4415 4299 4416
f 4299 4298 4416
f 4416 4298 4410
f 4298 4297 4410
f 4410 4297 4296
f 4417 4306 4418
f 4306 4307 4418
f 4418 4307 4419
f 4307 4310 4419
f 4419 4310 4420
f 4310 4309 4420
f 4420 4309 4414
f 4309 4308 4414
f 4414 4308 4300
f 4318 4317 4400
f 4317 4316 4400
f 4400 4316 4421
f 4316 4313 4421
f 4421 4313 4422
f 4313 4312 4422
f 4422 4312 4423
f 4312 4315 4423
f 4423 4315 4424
f 4315 4314 4424
f 4424 4314 4417
f 4314 4311 4417
f 4417 4311 4306
f 4425 4426 4427
f 4426 4428 4427
f 4427 4428 4429
f 4428 4324 4429
f 4430 4431 4432
f 4431 4433 4432
f 4432 4433 4434
f 4433 4435 4434
f 4434 4435 4436
f 4435 4437 4436
f 4436 4437 4438
f 4437 4439 4438
f 4438 4439 4425
f 4439 4440 4425
f 4425 4440 4426
f 4441 4442 4443
f 4442 4444 4443
f 4443 4444 4445
f 4444 4446 4445
f 4445 4446 4447
f 4446 4448 4447
f 4447 4448 4430
f 4448 4449 4430
f 4430 4449 4431
f 4450 4451 4452
f 4451 4453 4452
f 4452 4453 4454
f 4453 4455 4454
f 4454 4455 4456
f 4455 4457 4456
f 4456 4457 4458
f 4457 4459 4458
f 4458 4459 4441
f 4459 4460 4441
f 4441 4460 4442
f 4461 4462 4450
f 4462 4463 4450
f 4450 4463 4451
f 4464 4465 4466
f 4465 4467 4466
f 4466 4467 4468
f 4467 4469 4468
f 4468 4469 4470
f 4469 4471 4470
f 4470 4471 4472
f 4471 4473 4472
f 4472 4473 4461
f 4473 4474 4461
f 4461 4474 4462
f 4475 4476 4464
f 4476 4477 4464
f 4464 4477 4465
f 1371 4398 4478
f 4398 4479 4478
f 4478 4479 4475
f 4479 4480 4475
f 4475 4480 4476
f 4287 1371 4405
f 1371 4399 4405
f 4405 4399 4404
f 4399 4481 4404
f 4404 4481 4403
f 4481 4482 4403
f 4403 4482 4402
f 4482 4483 4402
f 4402 4483 4401
f 4483 4484 4401
f 4401 4484 4409
f 4484 4485 4409
f 4409 4485 4408
f 4485 4486 4408
f 4408 4486 4407
f 4486 4487 4407
f 4407 4487 4406
f 4487 4488 4406
f 4406 4488 4413
f 4488 4489 4413
f 4413 4489 4412
f 4489 4490 4412
f 4412 4490 4411
f 4490 4491 4411
f 4411 4491 4410
f 4491 4492 4410
f 4410 4492 4416
f 4492 4493 4416
f 4416 4493 4415
f 4493 4494 4415
f 4415 4494 4414
f 4494 4495 4414
f 4414 4495 4420
f 4495 4496 4420
f 4420 4496 4419
f 4496 4497 4419
f 4419 4497 4418
f 4497 4498 4418
f 4418 4498 4417
f 4498 4499 4417
f 4417 4499 4424
f 4499 4500 4424
f 4424 4500 4423
f 4500 4501 4423
f 4423 4501 4422
f 4501 4502 4422
f 4422 4502 4421
f 4502 4503 4421
f 4421 4503 4400
f 4503 4504 4400
f 4400 4504 4325
f 4504 4326 4325
f 1371 4478 4399
f 4399 4478 4481
f 4478 4475 4481
f 4481 4475 4482
f 4475 4464 4482
f 4482 4464 4483
f 4464 4466 4483
f 4483 4466 4484
f 4466 4468 4484
f 4484 4468 4485
f 4468 4470 4485
f 4485 4470 4486
f 4470 4472 4486
f 4486 4472 4487
f 4472 4461 4487
f 4487 4461 4488
f 4461 4450 4488
f 4488 4450 4489
f 4450 4452 4489
f 4489 4452 4490
f 4452 4454 4490
f 4490 4454 4491
f 4454 4456 4491
f 4491 4456 4492
f 4456 4458 4492
f 4492 4458 4493
f 4458 4441 4493
f 4493 4441 4494
f 4441 4443 4494
f 4494 4443 4495
f 4443 4445 4495
f 4495 4445 4496
f 4445 4447 4496
f 4496 4447 4497
f 4447 4430 4497
f 4497 4430 4498
f 4430 4432 4498
f 4498 4432 4499
f 4432 4434 4499
f 4499 4434 4500
f 4434 4436 4500
f 4500 4436 4501
f 4436 4438 4501
f 4501 4438 4502
f 4438 4425 4502
f 4502 4425 4503
f 4425 4427 4503
f 4503 4427 4504
f 4427 4429 4504
f 4504 4429 4326
f 4429 4324 4326
f 4506 4512 4505
f 4506 4507 4510
f 4507 4508 4510
f 4508 4509 4510
f 6209 6228 6221
f 4514 4546 4515
f 4546 4516 4515
f 4515 4516 4517
f 4516 4518 4517
f 4518 4519 4517
f 4517 4519 4520
f 4519 4521 4520
f 4521 4522 4520
f 4520 4522 4523
f 4522 4524 4523
f 4524 4525 4523
f 4523 4525 4526
f 4525 4527 4526
f 4526 4527 4528
f 4527 4529 4528
f 4528 4529 4530
f 4529 4531 4530
f 4530 4531 4532
f 4531 4533 4532
f 4532 4533 4534
f 4533 4535 4534
f 4534 4535 4536
f 4535 4537 4536
f 4536 4537 4538
f 4537 4539 4538
f 4538 4539 4540
f 4539 4541 4540
f 4540 4541 4542
f 4541 4543 4542
f 4542 4543 4544
f 4543 4545 4544
f 4544 4545 5889
f 4547 4548 4549
f 4550 4551 4552
f 4550 4552 4553
f 4554 4555 4552
f 4555 4556 4552
f 4552 4556 4553
f 4549 4557 4547
f 4557 4552 4547
f 4547 4552 4558
f 4552 4551 4558
f 4561 4562 4559
f 4561 4559 4563
f 4564 4565 4566
f 4565 4567 4566
f 4566 4567 4559
f 4567 4568 4559
f 4559 4568 4563
f 4546 4514 4560
f 4514 4559 4560
f 4560 4559 4569
f 4559 4562 4569
f 4570 4571 4572
f 4572 4573 4570
f 4573 4574 4570
f 4570 4574 4575
f 4574 4576 4575
f 4575 4576 4564
f 4576 4577 4564
f 4564 4577 4565
f 4578 4579 4580
f 4579 4581 4580
f 4578 4582 4579
f 4582 4583 4579
f 4579 4583 4584
f 4571 4570 4584
f 4570 4585 4584
f 4584 4585 4579
f 4586 4587 4588
f 4586 4588 4589
f 4590 4591 4588
f 4591 4592 4588
f 4588 4592 4589
f 4593 4594 4588
f 4594 4595 4588
f 4588 4595 4590
f 4596 4597 4588
f 4588 4597 4593
f 4587 4598 4588
f 4598 4599 4588
f 4588 4599 4600
f 4601 4602 4603
f 4602 4604 4603
f 4604 4605 4603
f 4605 4606 4603
f 4603 4606 4607
f 4607 4608 4603
f 4608 4609 4603
f 4603 4609 4610
f 4610 4611 4603
f 4611 4612 4603
f 4603 4612 4613
f 4613 4614 4603
f 4614 4615 4603
f 4603 4615 4616
f 4581 4579 4616
f 4579 4666 4616
f 4616 4666 4603
f 4617 4618 4619
f 4618 4620 4619
f 4619 4620 4621
f 4621 4622 4619
f 4622 4623 4619
f 4619 4623 4588
f 4623 4624 4588
f 4588 4624 4596
f 4625 4626 4627
f 4626 4628 4627
f 4628 4629 4627
f 4629 4630 4627
f 4627 4630 4617
f 4630 4631 4617
f 4617 4631 4618
f 4632 4633 4634
f 4633 4635 4634
f 4634 4635 4625
f 4635 4636 4625
f 4625 4636 4626
f 4637 4638 4639
f 4638 4640 4639
f 4632 4641 4633
f 4641 4642 4633
f 4633 4642 4643
f 4642 4639 4643
f 4643 4639 4644
f 4639 4640 4644
f 4645 4646 4639
f 4646 4647 4639
f 4639 4647 4637
f 4648 4649 4650
f 4649 4651 4650
f 4650 4651 4652
f 4645 4653 4646
f 4653 4654 4646
f 4646 4654 4655
f 4654 4650 4655
f 4655 4650 4656
f 4650 4652 4656
f 4657 4658 4650
f 4658 4659 4650
f 4650 4659 4648
f 4657 4660 4658
f 4660 4661 4658
f 4658 4661 4662
f 4661 244 4662
f 4662 244 4546
f 4552 4557 4663
f 4557 4588 4663
f 4663 4588 4603
f 4588 4600 4603
f 4603 4600 4601
f 4515 4664 4514
f 4664 4668 4514
f 4514 4665 4559
f 4559 4665 4566
f 4566 4665 4564
f 4564 4665 4575
f 4575 4665 4570
f 4570 4665 4585
f 4585 4665 4579
f 4665 4666 4579
f 4666 4667 4603
f 4603 4667 4663
f 4663 4667 4552
f 4666 4665 4668
f 4665 4514 4668
f 4671 4669 4552
f 4552 4667 4670
f 4670 4671 4552
f 4669 4672 4673
f 4673 4674 4669
f 4674 4675 4669
f 4669 4675 4552
f 4675 4676 4552
f 4676 4677 4552
f 4677 4678 4552
f 4552 4678 4554
f 4666 5904 4667
f 4667 5904 4670
f 4679 4680 4395
f 4681 4682 4391
f 4679 4395 4683
f 4547 4684 4548
f 4684 4391 4548
f 4548 4391 4685
f 4391 4682 4685
f 4686 4687 4391
f 4687 4688 4391
f 4391 4688 4681
f 4689 4690 4395
f 4690 4691 4395
f 4395 4691 4683
f 4680 4692 4395
f 4692 4693 4395
f 4395 4693 4694
f 4396 4695 4395
f 4695 4696 4395
f 4395 4696 4689
f 4697 4698 4391
f 4698 4699 4391
f 4391 4699 4686
f 4395 4700 4391
f 4700 4701 4391
f 4391 4701 4697
f 4694 4702 4395
f 4702 4703 4395
f 4395 4703 4700
f 4704 4705 4706
f 4707 4708 4709
f 4710 4711 4712
f 4713 4714 4715
f 4716 4717 4718
f 4717 4719 4718
f 4715 4714 4716
f 4714 4720 4716
f 4716 4720 4717
f 4713 4715 4711
f 4715 4721 4711
f 4711 4721 4712
f 4710 4712 4708
f 4712 4722 4708
f 4708 4722 4709
f 4707 4709 4705
f 4709 4723 4705
f 4705 4723 4706
f 4704 4706 4724
f 4706 4725 4724
f 4724 4725 4726
f 4727 4728 4726
f 4728 4729 4726
f 4726 4729 4724
f 4726 4730 4727
f 4730 4731 4727
f 4727 4731 4732
f 4731 4733 4732
f 4731 4734 4733
f 4734 4735 4733
f 4733 4735 4736
f 4735 4737 4736
f 4735 4738 4737
f 4738 4739 4737
f 4737 4739 4740
f 4739 4741 4740
f 4739 4742 4741
f 4742 4743 4741
f 4741 4743 4744
f 4743 4745 4744
f 4743 4746 4745
f 4746 4747 4745
f 4745 4747 4748
f 4747 4749 4748
f 4748 4749 4750
f 4749 4751 4750
f 4750 4751 4752
f 4751 4753 4752
f 4752 4753 4754
f 4753 4755 4754
f 4754 4755 4756
f 4756 4755 4757
f 4755 4758 4757
f 4757 4758 4759
f 4758 4760 4759
f 4759 4760 4761
f 4760 4762 4761
f 4761 4762 4763
f 4762 4764 4763
f 4763 4764 4765
f 4764 4766 4765
f 4765 4766 4767
f 4766 4768 4767
f 4768 4769 4767
f 4767 4769 4770
f 4769 6951 4770
f 6951 109 4770
f 4770 109 4771
f 6222 6950 4772
f 4773 4774 4775
f 4719 4773 4718
f 4718 4773 4776
f 4773 4775 4776
f 4775 5110 4776
f 5110 4777 4776
f 4776 4777 4778
f 4777 4779 4778
f 4778 4779 4780
f 4779 4781 4780
f 4780 4781 4782
f 4781 4783 4782
f 4782 4783 4784
f 4783 4785 4784
f 4784 4785 4786
f 4785 4787 4786
f 4786 4787 4788
f 4787 4789 4788
f 4788 4789 4790
f 4789 4791 4790
f 4790 4791 4792
f 4791 4793 4792
f 4792 4793 4794
f 4793 4795 4794
f 4794 4795 4796
f 4795 4797 4796
f 4796 4797 4798
f 4797 4799 4798
f 4798 4799 4800
f 4799 4801 4800
f 4800 4801 4802
f 4801 4803 4802
f 4802 4803 4804
f 4803 4805 4804
f 4804 4805 4806
f 4805 4807 4806
f 4806 4807 4808
f 4807 4809 4808
f 4807 4810 4809
f 4810 4811 4809
f 4809 4811 4812
f 4811 4813 4812
f 4811 4814 4813
f 4814 4815 4813
f 4813 4815 4816
f 4815 4817 4816
f 4815 4818 4817
f 4818 4819 4817
f 4817 4819 4820
f 4819 4821 4820
f 4819 5146 4821
f 5146 4822 4821
f 4821 4822 4823
f 4822 4824 4823
f 4822 4825 4824
f 4825 4826 4824
f 4824 4826 4827
f 4826 4828 4827
f 4826 4829 4828
f 4829 4830 4828
f 4828 4830 4831
f 4830 4832 4831
f 4831 4832 4833
f 4832 4834 4833
f 4833 4834 4835
f 4834 4836 4835
f 4835 4836 4772
f 4836 5147 4772
f 4772 5147 6222
f 4837 4838 4839
f 4837 4839 4840
f 4839 4841 4840
f 4840 4841 4842
f 4843 4844 4841
f 4844 4845 4841
f 4841 4845 4842
f 4846 4847 4848
f 4847 4849 4848
f 4848 4849 4843
f 4849 4850 4843
f 4843 4850 4844
f 4851 4852 4853
f 4852 4854 4853
f 4853 4854 4855
f 4855 4856 4853
f 4856 4857 4853
f 4853 4857 4848
f 4857 4858 4848
f 4848 4858 4846
f 4774 4859 4851
f 4859 4860 4851
f 4851 4860 4861
f 4861 4862 4851
f 4862 4863 4851
f 4851 4863 4852
f 4863 4864 4852
f 4852 4864 4865
f 4864 4866 4865
f 4866 4864 4867
f 4864 4868 4867
f 4867 4868 4869
f 4868 4870 4869
f 4869 4870 4871
f 4872 4873 4837
f 4873 4874 4837
f 4837 4874 4838
f 1364 4875 1366
f 4875 4876 1366
f 1366 4876 1368
f 4876 4877 1368
f 1368 4877 1369
f 4877 4878 1369
f 1369 4878 1357
f 4878 4879 1357
f 1357 4879 1359
f 4880 1351 4881
f 1351 1362 4881
f 4881 1362 4882
f 1362 1361 4882
f 4882 1361 4883
f 1361 1359 4883
f 4883 1359 5259
f 1359 4879 5259
f 1348 1346 4884
f 1346 1344 4884
f 4884 1344 4885
f 1344 1356 4885
f 4885 1356 4886
f 1356 1355 4886
f 4886 1355 4880
f 1355 1353 4880
f 4880 1353 1351
f 4884 5257 1348
f 5257 4887 1348
f 1348 4887 1349
f 4887 4888 1349
f 1349 4888 1341
f 4888 5262 1341
f 1341 5262 4889
f 4890 1338 4891
f 1338 1336 4891
f 4891 1336 4889
f 1336 1342 4889
f 4889 1342 1341
f 1304 1327 4892
f 1327 1326 4892
f 4892 1326 4893
f 1326 1331 4893
f 4893 1331 4894
f 1331 1330 4894
f 4894 1330 4895
f 1330 1334 4895
f 4895 1334 4896
f 1334 1333 4896
f 4896 1333 4890
f 1333 1339 4890
f 4890 1339 1338
f 4897 4898 1322
f 4892 5065 1304
f 5065 4899 1304
f 1304 4899 1305
f 4899 4897 1305
f 1305 4897 1324
f 4897 1322 1324
f 4900 1313 4901
f 1313 1314 4901
f 4901 1314 4902
f 1314 1315 4902
f 4902 1315 4903
f 1315 1316 4903
f 4903 1316 4904
f 1316 1318 4904
f 4904 1318 4905
f 1318 1319 4905
f 4905 1319 4898
f 1319 1321 4898
f 4898 1321 1322
f 2961 2959 4322
f 3093 4322 3095
f 4322 3097 3095
f 2959 3101 4322
f 3101 3099 4322
f 4322 3099 3097
f 4906 3065 3063
f 1307 1308 3079
f 3093 3091 4322
f 3091 3089 4322
f 4322 3089 3087
f 4907 3055 4908
f 3055 3053 4908
f 4908 3053 3051
f 2973 2971 4321
f 2971 2969 4321
f 3087 3085 4322
f 3085 3083 4322
f 4322 3083 1308
f 3083 3081 1308
f 1308 3081 3079
f 3051 3049 4908
f 3049 3047 4908
f 4908 3047 3045
f 2969 2967 4321
f 2967 2965 4321
f 4321 2965 4322
f 2965 2963 4322
f 4322 2963 2961
f 4909 3059 4910
f 3059 3057 4910
f 4910 3057 4911
f 3057 3055 4911
f 4911 3055 4912
f 3055 4907 4912
f 4336 4335 4913
f 4909 4914 3059
f 4914 4915 3059
f 3059 4915 4916
f 4916 4917 3059
f 4917 4918 3059
f 3059 4918 3061
f 4918 4919 3061
f 3061 4919 3063
f 4919 4920 3063
f 3063 4920 4906
f 3045 3043 4908
f 3043 3041 4908
f 4908 3041 3039
f 3031 3029 4921
f 3015 3013 4333
f 3079 3077 1307
f 3077 3075 1307
f 1307 3075 1363
f 3075 3073 1363
f 1363 3073 3071
f 3027 3025 4913
f 3039 3037 4908
f 3037 3035 4908
f 4908 3035 4921
f 3035 3033 4921
f 4921 3033 3031
f 4922 4923 4875
f 3025 3023 4913
f 3023 3021 4913
f 4913 3021 4336
f 3021 3019 4336
f 4336 3019 4333
f 3019 3017 4333
f 4333 3017 3015
f 2985 2983 4321
f 2983 2981 4321
f 4321 2981 2979
f 4333 2995 2993
f 2979 2977 4321
f 2977 2975 4321
f 4321 2975 2973
f 4924 4925 1363
f 4926 4927 4913
f 3013 3011 4333
f 3011 3009 4333
f 4333 3009 3007
f 3007 3005 4333
f 3005 3003 4333
f 4333 3003 3001
f 3001 2999 4333
f 2999 2997 4333
f 4333 2997 2995
f 2993 2991 4333
f 2991 2989 4333
f 4333 2989 4321
f 2989 2987 4321
f 4321 2987 2985
f 4928 4929 1364
f 4929 4930 1364
f 4931 4932 1364
f 4932 4933 1364
f 4923 4934 4875
f 4934 4935 4875
f 4875 4935 4936
f 4937 4938 4875
f 4938 4939 4875
f 4875 4939 4940
f 4941 4942 4913
f 4942 4943 4913
f 4913 4943 4944
f 4945 3067 4946
f 3067 3065 4946
f 4946 3065 4947
f 3065 4906 4947
f 4945 4924 3067
f 4924 1363 3067
f 3067 1363 3069
f 1363 3071 3069
f 4925 4948 1363
f 4948 4949 1363
f 1363 4949 1364
f 4949 4950 1364
f 1364 4950 4928
f 4930 4951 1364
f 4951 4952 1364
f 1364 4952 4931
f 4933 4953 1364
f 4953 4954 1364
f 1364 4954 4875
f 4954 4955 4875
f 4875 4955 4922
f 4936 4956 4875
f 4956 4957 4875
f 4875 4957 4958
f 4958 4959 4875
f 4959 4960 4875
f 4875 4960 4937
f 4961 4962 4913
f 4962 4963 4913
f 4913 4963 4926
f 4927 4964 4913
f 4964 4965 4913
f 4913 4965 4966
f 4966 4967 4913
f 4967 4968 4913
f 4913 4968 4969
f 4940 4970 4875
f 4970 4971 4875
f 4875 4971 4913
f 4971 4972 4913
f 4913 4972 4961
f 4969 4973 4913
f 4973 4974 4913
f 4913 4974 4941
f 4944 4975 4913
f 4975 4976 4913
f 4913 4976 4977
f 4977 4978 4913
f 4978 4921 4913
f 4913 4921 3027
f 4921 3029 3027
f 4391 4684 4979
f 4384 4390 4979
f 4390 4389 4979
f 4979 4389 4391
f 4979 5021 4384
f 5021 4980 4384
f 4384 4980 4385
f 4980 4981 4385
f 4385 4981 4387
f 4981 4982 4387
f 4387 4982 4383
f 4982 4983 4383
f 4383 4983 4374
f 4983 4984 4374
f 4374 4984 4375
f 4984 4985 4375
f 4375 4985 4377
f 4377 4985 4378
f 4985 4986 4378
f 4378 4986 4380
f 4986 4987 4380
f 4380 4987 4381
f 4987 4988 4381
f 4381 4988 4372
f 4988 4989 4372
f 4372 4989 4373
f 4989 4990 4373
f 4373 4990 4369
f 4369 4990 4370
f 4990 4991 4370
f 4370 4991 4362
f 4991 4992 4362
f 4362 4992 4364
f 4992 4993 4364
f 4364 4993 4366
f 4993 4994 4366
f 4366 4994 4367
f 4994 4995 4367
f 4367 4995 4354
f 4995 4996 4354
f 4354 4996 4355
f 4996 5056 4355
f 5056 4997 4355
f 4355 4997 4357
f 4997 4998 4357
f 4357 4998 4359
f 4998 4999 4359
f 4359 4999 4360
f 4999 5000 4360
f 4913 4335 5001
f 4335 4334 5001
f 5001 4334 5002
f 4334 4338 5002
f 5002 4338 5003
f 4338 4345 5003
f 5003 4345 5004
f 4345 4344 5004
f 5004 4344 5005
f 4344 4342 5005
f 5005 4342 5006
f 4342 4341 5006
f 5006 4341 5007
f 4341 4352 5007
f 5007 4352 5008
f 4352 4351 5008
f 5008 4351 5009
f 4351 4349 5009
f 5009 4349 5000
f 4349 4347 5000
f 5000 4347 4360
f 4994 4993 5058
f 5012 5013 5053
f 4982 4981 5030
f 4987 4986 5030
f 4684 5021 4979
f 5021 5022 5030
f 5022 5023 5030
f 4981 4980 5030
f 4980 5021 5030
f 5026 5027 5030
f 5030 5027 5025
f 5027 5028 5025
f 5028 5029 5025
f 5025 5029 5024
f 4985 4984 5030
f 4984 4983 5030
f 4986 4985 5030
f 4988 4987 5030
f 4983 4982 5030
f 5030 5025 5058
f 5019 5032 5053
f 5014 5017 5015
f 5017 5018 5015
f 5032 5015 5053
f 5015 5018 5053
f 5053 5018 5040
f 5016 5033 5018
f 5033 5040 5018
f 5042 5203 5040
f 5034 5035 5040
f 5036 5203 5037
f 5036 5039 5203
f 5040 5041 5042
f 5203 5042 5037
f 5042 5043 5037
f 5054 5044 5011
f 5045 5046 5055
f 5046 5060 5055
f 5047 5048 5054
f 5054 5048 5055
f 5055 5049 5045
f 5203 5050 5038
f 5050 5051 5038
f 5038 5051 5052
f 5203 5038 5054
f 5038 5052 5054
f 5054 5052 5044
f 5013 5031 5053
f 5058 4995 4994
f 4992 4991 5058
f 4990 4989 5058
f 4991 4990 5058
f 4989 4988 5058
f 4988 5030 5058
f 5058 4993 4992
f 5046 5059 5060
f 5060 5061 5010
f 5033 5034 5040
f 5020 5012 5025
f 5012 5053 5025
f 5025 5053 5058
f 5053 5040 5058
f 5040 5203 5058
f 5058 5056 4995
f 5056 4996 4995
f 4902 4903 5109
f 5063 5064 5078
f 4894 4895 5261
f 5261 4889 5262
f 4891 4889 5261
f 4896 4890 5261
f 4895 4896 5261
f 4893 4894 5261
f 4892 4893 5065
f 4893 5261 5065
f 5071 5072 5070
f 5070 5072 5069
f 5074 5073 5075
f 5073 5070 5075
f 5074 5075 5077
f 5075 5070 5077
f 5063 5078 5067
f 5081 5067 5082
f 5068 5083 5080
f 5082 5067 5080
f 5067 5077 5070
f 5068 5080 5067
f 5067 5078 5077
f 5078 5079 5077
f 5077 5079 5076
f 5085 5086 5109
f 5086 5087 5109
f 5109 5087 4901
f 5087 4900 4901
f 5084 5109 5088
f 5109 5108 5088
f 5108 5107 5089
f 5089 5107 5090
f 5107 5106 5091
f 5091 5106 5092
f 5093 5106 5094
f 5106 5105 5094
f 5096 5097 5066
f 5097 5098 5066
f 5098 5099 5066
f 5066 5099 5105
f 5099 5100 5105
f 5105 5100 5095
f 5069 5101 5103
f 5101 5102 5103
f 5103 5104 5066
f 4903 4904 5109
f 5069 5103 5070
f 5070 5103 5066
f 5109 4901 4902
f 5109 4905 4898
f 5109 4897 4899
f 5109 4898 4897
f 5070 5066 5264
f 5106 5107 5261
f 5109 4904 4905
f 4890 4891 5261
f 5066 5261 5264
f 4899 5065 5109
f 5109 5065 5108
f 5065 5261 5108
f 5108 5261 5107
f 5106 5261 5105
f 5261 5066 5105
f 4774 4851 4775
f 4851 5110 4775
f 5111 5112 4838
f 4838 5112 5114
f 5113 4779 5110
f 4779 4777 5110
f 5114 5115 5122
f 4783 4781 5113
f 5113 4781 4779
f 5115 5116 5122
f 5116 5117 5122
f 4787 4785 5113
f 5113 4785 4783
f 5117 5118 5122
f 5118 5119 5122
f 4791 4789 5113
f 5113 4789 4787
f 5119 5120 5122
f 5120 5121 5122
f 5123 4795 5113
f 4795 4793 5113
f 5113 4793 4791
f 5121 5124 5122
f 5124 5125 5122
f 5122 5125 5132
f 4799 4797 5123
f 5123 4797 4795
f 5125 5126 5132
f 5126 5127 5132
f 4803 4801 5123
f 5123 4801 4799
f 5127 5128 5132
f 5128 5129 5132
f 4807 4805 5123
f 5123 4805 4803
f 5129 5130 5132
f 5130 5131 5132
f 4814 4811 5123
f 4811 4810 5123
f 5123 4810 4807
f 5131 5133 5132
f 5133 5134 5132
f 5132 5134 5141
f 5134 5135 5141
f 5135 5136 5141
f 5146 4819 4814
f 4819 4818 4814
f 4814 4818 4815
f 5136 5137 5141
f 5137 5138 5141
f 5138 5139 5141
f 5139 5140 5141
f 4829 4826 5146
f 4826 4825 5146
f 5146 4825 4822
f 5140 5142 5141
f 5142 5143 5141
f 5141 5143 5150
f 5143 5144 5150
f 5144 5145 5150
f 4836 4834 5147
f 5147 4834 4829
f 4834 4832 4829
f 4829 4832 4830
f 4851 4853 5110
f 4853 5149 5110
f 5110 5149 5113
f 5113 5149 5123
f 5123 5146 4814
f 5146 5147 4829
f 4853 4848 5149
f 4848 4843 5149
f 5149 5132 5123
f 5146 5148 5147
f 4843 4841 5149
f 4841 4839 5149
f 4839 4838 5149
f 4838 5114 5149
f 5149 5114 5122
f 5149 5122 5132
f 5123 5132 5146
f 5132 5141 5146
f 5146 5141 5148
f 5141 5150 5148
f 5145 5151 5150
f 5151 5152 5150
f 5152 5153 5150
f 5150 5153 5154
f 5148 5150 5155
f 5150 5154 5155
f 5155 5154 5156
f 5147 5148 5157
f 5148 5155 5157
f 5155 5156 5157
f 5080 5083 5158
f 5159 5160 5095
f 4874 4900 5161
f 4900 5087 5161
f 5161 5087 5162
f 5087 5086 5162
f 5162 5086 5163
f 5086 5085 5163
f 5163 5085 5164
f 5085 5109 5164
f 5109 5084 5164
f 5164 5084 5165
f 5084 5088 5165
f 5165 5088 5166
f 5088 5108 5166
f 5108 5089 5166
f 5166 5089 5167
f 5089 5090 5167
f 5167 5090 5168
f 5090 5107 5168
f 5107 5091 5168
f 5168 5091 5169
f 5091 5092 5169
f 5169 5092 5170
f 5092 5106 5170
f 5106 5093 5170
f 5170 5093 5171
f 5093 5094 5171
f 5171 5094 5172
f 5095 5160 5105
f 5172 5094 5160
f 5094 5105 5160
f 5095 5100 5159
f 5100 5099 5159
f 5159 5099 5173
f 5099 5098 5173
f 5173 5098 5174
f 5098 5097 5174
f 5097 5096 5174
f 5174 5096 5175
f 5096 5066 5175
f 5066 5104 5175
f 5175 5104 5176
f 5104 5103 5176
f 5103 5102 5176
f 5176 5102 5177
f 5102 5101 5177
f 5177 5101 5178
f 5101 5069 5178
f 5069 5072 5178
f 5178 5072 5179
f 5072 5071 5179
f 5179 5071 5180
f 5071 5070 5180
f 5070 5073 5180
f 5180 5073 5181
f 5073 5074 5181
f 5181 5074 5182
f 5074 5077 5182
f 5077 5076 5182
f 5182 5076 5183
f 5076 5079 5183
f 5183 5079 5184
f 5079 5078 5184
f 5078 5064 5184
f 5184 5064 5185
f 5064 5063 5185
f 5185 5063 5186
f 5063 5067 5186
f 5067 5081 5186
f 5186 5081 5187
f 5081 5082 5187
f 5187 5082 5188
f 5188 5082 5158
f 5082 5080 5158
f 5068 5189 5083
f 5189 5190 5083
f 5083 5190 5158
f 5068 5062 5189
f 5189 5062 5191
f 5191 5157 5156
f 5191 5156 5189
f 5156 5154 5189
f 5189 5154 5190
f 5154 5153 5190
f 5190 5153 5158
f 5153 5152 5158
f 5158 5152 5188
f 5152 5151 5188
f 5188 5151 5187
f 5151 5145 5187
f 5187 5145 5186
f 5145 5144 5186
f 5186 5144 5185
f 5144 5143 5185
f 5185 5143 5184
f 5143 5142 5184
f 5184 5142 5183
f 5142 5140 5183
f 5183 5140 5182
f 5140 5139 5182
f 5182 5139 5181
f 5139 5138 5181
f 5181 5138 5180
f 5138 5137 5180
f 5180 5137 5179
f 5137 5136 5179
f 5179 5136 5178
f 5136 5135 5178
f 5178 5135 5177
f 5135 5134 5177
f 5134 5133 5177
f 5177 5133 5176
f 5133 5131 5176
f 5176 5131 5175
f 5131 5130 5175
f 5175 5130 5174
f 5130 5129 5174
f 5174 5129 5173
f 5129 5128 5173
f 5173 5128 5159
f 5128 5127 5159
f 5159 5127 5160
f 5127 5126 5160
f 5160 5126 5172
f 5126 5125 5172
f 5172 5125 5171
f 5125 5124 5171
f 5171 5124 5170
f 5124 5121 5170
f 5170 5121 5169
f 5121 5120 5169
f 5169 5120 5168
f 5120 5119 5168
f 5168 5119 5167
f 5119 5118 5167
f 5167 5118 5166
f 5118 5117 5166
f 5166 5117 5165
f 5117 5116 5165
f 5165 5116 5164
f 5116 5115 5164
f 5164 5115 5163
f 5115 5162 5163
f 5115 5114 5162
f 5114 5112 5162
f 5162 5112 5161
f 5112 5111 5161
f 5161 5111 4874
f 5111 4838 4874
f 5055 5060 5220
f 5192 4913 5001
f 5057 5193 5194
f 5057 5195 5193
f 5196 5197 5228
f 5197 5198 5228
f 5228 5198 5195
f 5058 5203 5202
f 5058 5057 5056
f 4997 5056 4998
f 5056 5057 4998
f 4998 5057 4999
f 4999 5057 5000
f 5000 5057 5009
f 5009 5057 5008
f 5008 5057 5007
f 5007 5057 5006
f 5006 5057 5005
f 5005 5057 5004
f 5004 5057 5003
f 5003 5057 5002
f 5010 5199 5060
f 5205 5206 5199
f 5206 5207 5199
f 5207 5208 5199
f 5208 5209 5199
f 5199 5209 5220
f 5209 5210 5220
f 5211 5212 5220
f 5220 5212 5200
f 5212 5213 5200
f 5214 5215 5200
f 5215 5216 5200
f 5200 5216 5217
f 5060 5199 5220
f 5200 5217 5202
f 5202 5217 5218
f 5202 5218 5219
f 5202 5219 5201
f 5201 5219 5221
f 5200 5054 5220
f 5220 5054 5055
f 5221 5222 5201
f 5201 5223 5228
f 5223 5224 5228
f 5224 5225 5228
f 5228 5225 5226
f 5054 5200 5203
f 5201 5228 5202
f 5227 5196 5228
f 5202 5203 5200
f 5195 5057 5228
f 5194 5192 5057
f 5192 5001 5057
f 5001 5002 5057
f 5057 5058 5228
f 5228 5058 5202
f 4913 5192 4875
f 5192 5258 4875
f 5205 5204 5229
f 5258 5192 5230
f 5192 5194 5230
f 5230 5194 5231
f 5194 5193 5231
f 5231 5193 5232
f 5193 5195 5232
f 5232 5195 5233
f 5195 5198 5233
f 5233 5198 5234
f 5198 5197 5234
f 5234 5197 5235
f 5197 5196 5235
f 5235 5196 5236
f 5196 5227 5236
f 5236 5227 5237
f 5227 5228 5237
f 5228 5226 5237
f 5237 5226 5238
f 5226 5225 5238
f 5238 5225 5239
f 5225 5224 5239
f 5239 5224 5240
f 5224 5223 5240
f 5240 5223 5241
f 5223 5201 5241
f 5201 5222 5241
f 5241 5222 5242
f 5222 5221 5242
f 5242 5221 5243
f 5221 5219 5243
f 5243 5219 5244
f 5219 5218 5244
f 5244 5218 5245
f 5218 5217 5245
f 5245 5217 5246
f 5217 5216 5246
f 5246 5216 5247
f 5216 5215 5247
f 5247 5215 5248
f 5215 5214 5248
f 5248 5214 5249
f 5214 5200 5249
f 5200 5213 5249
f 5249 5213 5250
f 5213 5212 5250
f 5250 5212 5251
f 5212 5211 5251
f 5251 5211 5252
f 5209 5253 5210
f 5253 5252 5210
f 5210 5252 5220
f 5252 5211 5220
f 5205 5229 5206
f 5229 5254 5206
f 5206 5254 5207
f 5254 5255 5207
f 5207 5255 5208
f 5255 5256 5208
f 5208 5256 5209
f 5256 5263 5209
f 5209 5263 5253
f 5259 5234 5235
f 5239 5240 5264
f 5240 5241 5264
f 5264 5241 5242
f 5244 5245 5264
f 5245 5246 5264
f 5264 5246 5247
f 5264 5247 5248
f 5264 5248 5249
f 5264 5249 5250
f 5264 5250 5251
f 5264 5252 5253
f 5264 5253 5263
f 5263 5256 5255
f 5068 5255 5254
f 5259 5233 5234
f 5230 5231 5258
f 5258 5231 5259
f 5231 5232 5259
f 5259 5232 5233
f 5259 5235 5236
f 5259 5236 5237
f 4875 5258 4876
f 4876 5258 4877
f 4877 5258 4878
f 4878 5258 4879
f 4879 5258 5259
f 4883 5259 4882
f 4882 5259 4881
f 4881 5259 4880
f 4880 5259 4886
f 5264 5238 5239
f 5260 5068 5204
f 5264 5242 5243
f 5068 5260 5062
f 5264 5067 5070
f 5229 5204 5254
f 5204 5068 5254
f 5255 5068 5263
f 5067 5264 5068
f 5068 5264 5263
f 5264 5251 5252
f 5261 5262 5264
f 5244 5264 5243
f 5264 5262 5257
f 5262 4888 5257
f 4888 4887 5257
f 4884 4885 5257
f 5257 4885 5264
f 4885 4886 5264
f 4886 5259 5264
f 5259 5237 5264
f 5264 5237 5238
f 4554 4678 5024
f 5024 4678 5025
f 5265 5010 5266
f 5010 5061 5266
f 5266 5061 5267
f 5061 5060 5267
f 5060 5059 5267
f 5267 5059 5268
f 5059 5046 5268
f 5268 5046 5269
f 5046 5045 5269
f 5269 5045 5270
f 5045 5049 5270
f 5270 5049 5271
f 5049 5055 5271
f 5055 5048 5271
f 5271 5048 5272
f 5048 5047 5272
f 5272 5047 5273
f 5047 5054 5273
f 5054 5011 5273
f 5273 5011 5274
f 5011 5044 5274
f 5274 5044 5275
f 5203 5276 5050
f 5276 5277 5050
f 5050 5277 5051
f 5277 5275 5051
f 5051 5275 5052
f 5275 5044 5052
f 5203 5039 5276
f 5276 5039 5278
f 5039 5036 5278
f 5278 5036 5279
f 5036 5037 5279
f 5279 5037 5043
f 5042 5280 5043
f 5280 5281 5043
f 5043 5281 5279
f 5042 5041 5280
f 5280 5041 5282
f 5041 5283 5282
f 5018 5284 5016
f 5284 5285 5016
f 5016 5285 5033
f 5285 5286 5033
f 5033 5286 5034
f 5286 5287 5034
f 5034 5287 5035
f 5287 5283 5035
f 5035 5283 5040
f 5283 5041 5040
f 5018 5017 5284
f 5284 5017 5288
f 5017 5014 5288
f 5288 5014 5289
f 5014 5015 5289
f 5015 5032 5289
f 5289 5032 4672
f 4672 5032 4673
f 5032 5019 4673
f 4673 5019 4674
f 5019 5053 4674
f 5053 5031 4674
f 4674 5031 4675
f 5031 5013 4675
f 4675 5013 4676
f 5013 5012 4676
f 4676 5012 4677
f 5012 5020 4677
f 4677 5020 4678
f 5020 5025 4678
f 4554 5024 4555
f 5024 5029 4555
f 4555 5029 4556
f 5029 5028 4556
f 5028 5027 4556
f 4556 5027 4553
f 5027 5026 4553
f 4553 5026 4550
f 5026 5030 4550
f 5030 5023 4550
f 4550 5023 4551
f 5023 5022 4551
f 4551 5022 4558
f 5022 5021 4558
f 5021 4684 4558
f 4558 4684 4547
f 5290 5282 5283
f 5290 5283 5291
f 5283 5287 5291
f 5291 5287 4670
f 4670 5287 5292
f 5287 5286 5292
f 5292 5286 5293
f 5286 5285 5293
f 5293 5285 5294
f 5294 5285 5295
f 5285 5284 5295
f 5295 5284 5296
f 5284 5288 5296
f 5296 5288 5297
f 5288 5289 5297
f 5297 5289 5298
f 5289 4672 5298
f 5298 4672 4669
f 5290 5299 5282
f 5299 5300 5282
f 5282 5300 5280
f 5300 5301 5280
f 5280 5301 5281
f 5301 5302 5281
f 5281 5302 5279
f 5302 5303 5279
f 5279 5303 5278
f 5303 5304 5278
f 5304 5305 5278
f 5278 5305 5276
f 5305 5306 5276
f 5276 5306 5277
f 5277 5306 5275
f 5306 5307 5275
f 5275 5307 5274
f 5307 5308 5274
f 5308 5309 5274
f 5274 5309 5273
f 5309 5310 5273
f 5273 5310 5272
f 5310 5311 5272
f 5311 5312 5272
f 5272 5312 5271
f 5312 5313 5271
f 5271 5313 5270
f 5313 5314 5270
f 5314 5315 5270
f 5270 5315 5269
f 5315 5316 5269
f 5269 5316 5268
f 5316 5317 5268
f 5268 5317 5267
f 5317 5318 5267
f 5267 5318 5266
f 5318 5905 5266
f 5266 5905 5265
f 1313 5319 5320
f 4900 4874 1313
f 4874 4873 1313
f 4873 5321 1313
f 5321 5322 1313
f 1313 5322 5323
f 5320 5324 1313
f 5324 5325 1313
f 1313 5325 5326
f 5323 5327 1313
f 5327 5328 1313
f 1313 5328 5329
f 5326 5330 1313
f 5330 5331 1313
f 1313 5331 5332
f 5332 5333 1313
f 5333 5334 1313
f 1313 5334 4397
f 5329 5335 1313
f 5335 5336 1313
f 1313 5336 5337
f 5337 5338 1313
f 5338 5339 1313
f 1313 5339 5340
f 5340 5341 1313
f 5341 5342 1313
f 1313 5342 5319
f 5343 5344 5345
f 5344 5346 5345
f 5347 5355 5348
f 5348 5349 5347
f 5347 5349 5350
f 5351 5352 5344
f 5352 5353 5344
f 5344 5353 5346
f 5354 5355 5347
f 5356 4840 5357
f 4840 4842 5357
f 5357 4842 5358
f 4869 5354 6584
f 5356 5359 4840
f 5359 5360 4840
f 4840 5360 4837
f 6584 5361 4869
f 4869 5361 4867
f 5361 5362 4867
f 4867 5362 4866
f 5362 5363 4866
f 4866 5363 4865
f 5363 5364 4865
f 5365 5366 5367
f 5366 5368 5367
f 5367 5368 5369
f 5370 4855 5371
f 4855 4854 5371
f 5371 4854 5364
f 4854 4852 5364
f 5364 4852 4865
f 5360 5372 4837
f 5372 5373 4837
f 4837 5373 4872
f 5373 5369 4872
f 4872 5369 5374
f 5369 5368 5374
f 5347 6584 5354
f 5351 5344 5367
f 5344 5375 5367
f 5367 5375 5365
f 5376 4846 5377
f 4846 4858 5377
f 5377 4858 5378
f 4858 4857 5378
f 5378 4857 5370
f 4857 4856 5370
f 5370 4856 4855
f 5358 4842 5379
f 4842 4845 5379
f 5379 4845 5380
f 4845 4844 5380
f 5380 4844 5381
f 4844 4850 5381
f 5381 4850 5382
f 4850 4849 5382
f 5382 4849 5376
f 4849 4847 5376
f 5376 4847 4846
f 5383 109 5384
f 5384 109 108
f 5385 5386 5387
f 5386 6790 5387
f 5387 4467 4465
f 5388 5387 6790
f 4473 4471 5387
f 4471 4469 5387
f 5387 4469 4467
f 1200 1276 5389
f 1276 1143 5389
f 5389 1143 1205
f 1201 1270 5389
f 1270 1215 5389
f 4465 4477 5387
f 4477 4476 5387
f 5387 4476 4480
f 4480 4479 5387
f 4479 4398 5387
f 5387 4398 4397
f 4396 1146 5389
f 5389 1146 1200
f 1215 1213 5389
f 1213 1211 5389
f 5389 1211 1209
f 1223 1221 5390
f 1221 1219 5390
f 5390 1219 1217
f 4453 4451 5387
f 4451 4463 5387
f 1205 1204 5389
f 1204 1202 5389
f 5389 1202 1201
f 4463 4462 5387
f 4462 4474 5387
f 5387 4474 4473
f 1209 1207 5389
f 1207 1226 5389
f 5389 1226 5390
f 1226 1225 5390
f 5390 1225 1223
f 4444 4442 5388
f 4442 4460 5388
f 4460 4459 5388
f 4459 4457 5388
f 5388 4457 5387
f 4457 4455 5387
f 5387 4455 4453
f 4428 4426 5388
f 5388 4431 4449
f 1217 1237 5390
f 1237 1236 5390
f 5390 1236 1234
f 1228 1239 5391
f 5391 1239 1238
f 1238 1246 5391
f 1246 1244 5391
f 5391 1244 1242
f 4437 4435 5388
f 4435 4433 5388
f 5388 4433 4431
f 4449 4448 5388
f 4448 4446 5388
f 5388 4446 4444
f 1234 1232 5390
f 1232 1230 5390
f 5390 1230 5392
f 4426 4440 5388
f 4440 4439 5388
f 5388 4439 4437
f 1228 5391 1230
f 5391 5392 1230
f 1242 1241 5391
f 1241 1240 5391
f 5391 1240 5388
f 1240 4324 5388
f 5388 4324 4428
f 5397 6584 5393
f 6584 5347 5393
f 5394 5395 5396
f 5395 5397 5396
f 5396 5397 5393
f 5398 5402 5394
f 5402 5399 5394
f 5394 5399 5395
f 5400 5401 5398
f 5401 5402 5398
f 5403 5404 5400
f 5404 5405 5400
f 5400 5405 5401
f 5406 5407 5403
f 5403 5407 5404
f 5408 5414 5406
f 5414 5409 5406
f 5406 5409 5407
f 5410 5411 5412
f 5411 5413 5412
f 5412 5413 5408
f 5413 5414 5408
f 5415 5416 5417
f 5416 5410 5417
f 5418 5423 5415
f 5423 5419 5415
f 5415 5419 5416
f 5420 5422 5421
f 5421 5422 5418
f 5422 5423 5418
f 5420 5421 5424
f 5421 5425 5424
f 5424 5425 5426
f 5425 5427 5426
f 5426 5427 5428
f 5428 5427 5429
f 5427 5430 5429
f 5429 5430 5431
f 5431 5430 5432
f 5430 5433 5432
f 5432 5433 5434
f 5433 5435 5434
f 5434 5435 5436
f 5436 5435 5437
f 5435 5438 5437
f 5437 5438 5439
f 5439 5438 5440
f 5438 5441 5440
f 5440 5441 5442
f 5441 5443 5442
f 5442 5443 5385
f 5385 5443 5386
f 5443 5444 5386
f 5386 5444 6790
f 6790 5444 5445
f 5445 5444 5446
f 5444 5443 5446
f 5446 5443 5447
f 5447 5443 5448
f 5443 5441 5448
f 5448 5441 5449
f 5449 5441 5450
f 5441 5438 5450
f 5450 5438 5451
f 5451 5438 5452
f 5438 5435 5452
f 5452 5435 5453
f 5435 5433 5453
f 5453 5433 5454
f 5433 5430 5454
f 5454 5430 5455
f 5430 5427 5455
f 5455 5427 5456
f 5456 5427 5457
f 5427 5425 5457
f 5457 5425 5458
f 5425 5421 5458
f 5458 5421 5459
f 5421 5418 5459
f 5459 5418 5460
f 5418 5415 5460
f 5460 5415 5461
f 5415 5417 5461
f 5461 5417 5462
f 5410 5412 5417
f 5412 5463 5417
f 5417 5463 5462
f 5400 5464 5403
f 5464 5465 5403
f 5403 5465 5406
f 5465 5466 5406
f 5406 5466 5408
f 5466 5467 5408
f 5408 5467 5412
f 5467 5468 5412
f 5412 5468 5463
f 5350 5469 5347
f 5469 5470 5347
f 5347 5470 5393
f 5470 5471 5393
f 5393 5471 5396
f 5471 5472 5396
f 5396 5472 5394
f 5472 5473 5394
f 5394 5473 5398
f 5473 5474 5398
f 5398 5474 5400
f 5474 5475 5400
f 5400 5475 5464
f 5476 5477 5478
f 4717 4720 5478
f 4713 5479 4714
f 5453 5454 5480
f 5355 5354 5481
f 5482 5483 5484
f 5485 5348 5481
f 5348 5355 5481
f 5485 5486 5348
f 5348 5486 5487
f 5488 5489 5490
f 5490 5489 5482
f 5487 5488 5348
f 5488 5490 5348
f 5348 5490 5349
f 5350 5477 5469
f 5477 5476 5469
f 5469 5476 5470
f 5476 5491 5470
f 5470 5491 5471
f 5491 5492 5471
f 5471 5492 5472
f 5472 5492 5473
f 5492 5493 5473
f 5473 5493 5474
f 5493 5494 5474
f 5474 5494 5475
f 5494 5495 5475
f 5475 5495 5464
f 5496 5465 5464
f 5465 5496 5466
f 5496 5497 5466
f 5466 5497 5467
f 5497 5498 5467
f 5467 5498 5468
f 5468 5498 5463
f 5498 5499 5463
f 5463 5499 5462
f 5499 5500 5462
f 5462 5500 5461
f 5500 5501 5461
f 5461 5501 5460
f 5501 5502 5460
f 5460 5502 5459
f 5502 5503 5459
f 5459 5503 5458
f 5458 5503 5457
f 5503 5504 5457
f 5457 5504 5456
f 5504 5505 5456
f 5456 5505 5455
f 5506 5452 5507
f 5452 5453 5507
f 5508 5449 5509
f 5449 5450 5509
f 5509 5450 5506
f 5450 5451 5506
f 5506 5451 5452
f 5445 5446 5510
f 5446 5447 5510
f 5510 5447 5508
f 5447 5448 5508
f 5508 5448 5449
f 6790 5511 5384
f 5384 5511 5383
f 5511 4771 5383
f 5383 4771 109
f 6790 5445 5511
f 5445 5510 5511
f 5511 5510 4771
f 5510 5508 4771
f 4771 5508 4770
f 4770 5508 4767
f 5508 5509 4767
f 4767 5509 4765
f 5509 5506 4765
f 4765 5506 4763
f 4763 5506 4761
f 5506 5507 4761
f 4761 5507 4759
f 5453 5480 5507
f 5480 4757 5507
f 5507 4757 4759
f 4754 4756 5480
f 5480 4756 4757
f 5454 5455 5480
f 5455 5505 5480
f 5480 5505 4754
f 5505 5504 4754
f 4754 5504 4752
f 4752 5504 4750
f 5504 5503 4750
f 4750 5503 4748
f 5503 5502 4748
f 4748 5502 4745
f 4745 5502 4744
f 5502 5501 4744
f 4744 5501 4741
f 5501 5500 4741
f 4741 5500 4740
f 4740 5500 4737
f 5500 5499 4737
f 4737 5499 4736
f 5499 5498 4736
f 4736 5498 4733
f 4733 5498 4732
f 5498 5497 4732
f 4732 5497 4727
f 4727 5497 4728
f 5497 5496 4728
f 4728 5496 4729
f 5464 5495 5496
f 5495 4724 5496
f 5496 4724 4729
f 5492 4708 5493
f 4708 4707 5493
f 5493 4707 5494
f 4707 4705 5494
f 5494 4705 5495
f 4705 4704 5495
f 5495 4704 4724
f 5512 4719 4717
f 5513 4773 4719
f 5482 5484 5490
f 5484 5513 5490
f 5490 5513 5512
f 5513 4719 5512
f 4717 5478 5512
f 5478 5477 5512
f 5512 5477 5490
f 5477 5350 5490
f 5490 5350 5349
f 4720 4714 5478
f 4714 5479 5478
f 5478 5479 5476
f 5479 4713 5476
f 5476 4713 5491
f 4713 4711 5491
f 5491 4711 5492
f 4711 4710 5492
f 5492 4710 4708
f 5423 5422 5514
f 5395 5515 5516
f 5516 5397 5395
f 5515 5395 5517
f 5395 5399 5517
f 5517 5399 5519
f 5402 5401 5518
f 5518 5401 5526
f 5402 5518 5399
f 5518 5519 5399
f 5521 5522 5520
f 5523 5524 5404
f 5404 5524 5405
f 5524 5525 5405
f 5405 5525 5401
f 5525 5526 5401
f 5527 5528 5529
f 5520 5530 5521
f 5530 5528 5521
f 5521 5528 5527
f 5528 5531 5529
f 5531 5532 5529
f 5529 5532 5533
f 5532 5534 5533
f 5534 5532 5535
f 5532 5536 5535
f 5535 5536 5537
f 5538 5539 5537
f 5539 5540 5537
f 5537 5540 5535
f 5538 5541 5539
f 5541 5344 5539
f 5539 5344 5343
f 5404 5407 5542
f 5522 5523 5520
f 5523 5404 5520
f 5520 5404 5543
f 5404 5542 5543
f 5409 5414 5544
f 5407 5409 5542
f 5542 5409 5545
f 5409 5544 5545
f 5414 5413 5544
f 5544 5413 5546
f 5413 5411 5546
f 5546 5411 5547
f 5411 5410 5547
f 5410 5416 5547
f 5547 5416 5548
f 5416 5419 5548
f 5548 5419 5514
f 5419 5423 5514
f 5420 5549 5422
f 5549 5550 5422
f 5422 5550 5514
f 5428 5551 5426
f 5551 5552 5426
f 5426 5552 5424
f 5552 5549 5424
f 5424 5549 5420
f 5429 5553 5428
f 5553 5554 5428
f 5428 5554 5551
f 5429 5431 5553
f 5431 5432 5553
f 5553 5432 5555
f 5432 5434 5555
f 5555 5434 5556
f 5434 5436 5556
f 5436 5437 5556
f 5556 5437 5557
f 5437 5439 5557
f 5557 5439 5558
f 5439 5440 5558
f 5440 5442 5558
f 5558 5442 5559
f 5442 5385 5559
f 5559 5385 5387
f 5516 6584 5397
f 5387 4397 5334
f 5333 5558 5334
f 5558 5559 5334
f 5334 5559 5387
f 5332 5556 5333
f 5556 5557 5333
f 5333 5557 5558
f 5331 5553 5332
f 5553 5555 5332
f 5332 5555 5556
f 5330 5551 5331
f 5551 5554 5331
f 5331 5554 5553
f 5326 5549 5330
f 5549 5552 5330
f 5330 5552 5551
f 5325 5514 5326
f 5514 5550 5326
f 5326 5550 5549
f 5324 5547 5325
f 5547 5548 5325
f 5325 5548 5514
f 5320 5544 5324
f 5544 5546 5324
f 5324 5546 5547
f 5319 5542 5320
f 5542 5545 5320
f 5320 5545 5544
f 5528 5530 5342
f 5530 5520 5342
f 5342 5520 5319
f 5520 5543 5319
f 5319 5543 5542
f 5342 5341 5528
f 5341 5340 5528
f 5528 5340 5531
f 5340 5532 5531
f 5340 5339 5532
f 5339 5338 5532
f 5532 5338 5536
f 5338 5537 5536
f 5338 5337 5537
f 5337 5336 5537
f 5537 5336 5538
f 5336 5335 5538
f 5538 5335 5541
f 5335 5329 5541
f 5541 5329 5344
f 5329 5328 5344
f 5344 5328 5375
f 5328 5327 5375
f 5375 5327 5365
f 5327 5323 5365
f 5365 5323 5366
f 5323 5322 5366
f 5366 5322 5368
f 5322 5321 5368
f 5368 5321 5374
f 5321 4873 5374
f 5374 4873 4872
f 5560 5620 5561
f 5562 5563 245
f 5564 5565 4588
f 5561 5566 5567
f 5564 4588 5569
f 5570 5571 4627
f 5571 5572 4627
f 4627 5572 4625
f 5572 5573 4625
f 5573 5574 4625
f 4625 5574 4634
f 5574 5575 4634
f 4634 5575 4632
f 5575 5576 4632
f 4632 5576 4641
f 5576 5577 4641
f 4641 5577 4642
f 5577 5578 4642
f 4642 5578 4639
f 5578 5579 4639
f 5561 5567 5560
f 5567 245 5560
f 5560 245 5580
f 245 5563 5580
f 5581 4654 5582
f 4654 4653 5582
f 5582 4653 5579
f 4653 4645 5579
f 5579 4645 4639
f 6016 5583 5568
f 5583 5584 5568
f 5568 5584 5585
f 5584 5586 5585
f 5585 5586 5587
f 5586 5588 5587
f 5587 5588 5589
f 5570 4627 5590
f 4627 4617 5590
f 5590 4617 5591
f 5589 5588 5592
f 5588 5593 5592
f 5592 5593 5594
f 5595 5596 4557
f 5596 5597 4557
f 4557 5597 4588
f 5597 5598 4588
f 4588 5598 5569
f 5599 4660 5600
f 4660 4657 5600
f 5600 4657 5581
f 4657 4650 5581
f 5581 4650 4654
f 5601 244 5599
f 244 4661 5599
f 5599 4661 4660
f 5602 5603 4619
f 5603 5604 4619
f 4619 5604 4617
f 5604 5605 4617
f 4617 5605 5591
f 5601 5606 244
f 5606 5607 244
f 244 5607 5608
f 5594 5593 4549
f 5593 5609 4549
f 4549 5609 4557
f 5609 5610 4557
f 4557 5610 5595
f 5611 5612 4619
f 5612 5613 4619
f 4619 5613 5602
f 5565 5614 4588
f 5614 5615 4588
f 4588 5615 4619
f 5615 5616 4619
f 4619 5616 5611
f 5608 5617 244
f 5617 5618 244
f 244 5618 245
f 5618 5619 245
f 245 5619 5562
f 5620 5560 6745
f 6745 5621 5620
f 5620 5621 5622
f 5623 5624 5901
f 5624 5625 5901
f 5625 5626 5901
f 5626 5627 5901
f 5628 5481 5354
f 5629 5630 5354
f 5513 5631 4773
f 5631 5632 4773
f 4773 5632 5633
f 5484 5483 5634
f 5635 5636 4774
f 5637 5638 4774
f 5638 5639 4774
f 4774 5639 4859
f 5640 5641 5484
f 5641 5642 5484
f 5484 5642 5643
f 5634 5644 5484
f 5644 5645 5484
f 5484 5645 5646
f 5630 5647 5354
f 5647 5648 5354
f 5354 5648 5649
f 5646 5650 5484
f 5650 5651 5484
f 5484 5651 5652
f 5653 5654 5655
f 5656 5657 5655
f 5658 5659 5354
f 5649 5660 5354
f 5660 5661 5354
f 5354 5661 5662
f 5662 5663 5354
f 5663 5664 5354
f 5354 5664 5628
f 5665 5666 4774
f 4774 5667 5668
f 4774 5669 5670
f 5652 5671 5484
f 5671 5672 5484
f 5484 5672 5640
f 5673 5674 5675
f 5676 5677 4869
f 5677 5678 4869
f 4869 5678 5354
f 5678 5679 5354
f 5354 5679 5658
f 5668 5680 4774
f 5680 5681 4774
f 4774 5681 5635
f 5636 5682 4774
f 5682 5683 4774
f 4774 5683 5669
f 5670 5684 4774
f 5684 5685 4774
f 4774 5685 5637
f 5686 5687 5631
f 5687 5688 5631
f 5631 5688 5689
f 5690 5691 4869
f 5692 5693 4869
f 5674 5673 5655
f 5673 5694 5655
f 5655 5694 5653
f 5695 5696 5354
f 5696 5697 5354
f 5354 5697 5629
f 5633 5698 4773
f 5698 5699 4773
f 4773 5699 4774
f 5699 5700 4774
f 4774 5700 5665
f 5666 5701 4774
f 5701 5702 4774
f 4774 5702 5667
f 5703 5704 5705
f 5704 5706 5705
f 5643 5707 5484
f 5707 5708 5484
f 5484 5708 5513
f 5708 5709 5513
f 5513 5709 5710
f 5513 5711 5712
f 5689 5713 5631
f 5713 5714 5631
f 5631 5714 5715
f 5714 5716 5715
f 5693 5717 4869
f 5717 5718 4869
f 4869 5718 5676
f 5654 5719 5655
f 5719 5720 5655
f 5655 5720 5721
f 5722 5723 5513
f 5723 5724 5513
f 5513 5724 5725
f 5513 5726 5631
f 5726 5727 5631
f 5631 5727 5686
f 5728 5729 5730
f 5729 5731 5730
f 5730 5731 5732
f 5733 5734 5735
f 5721 5736 5655
f 5736 5737 5655
f 5655 5737 5656
f 5657 5738 5655
f 5738 5739 5655
f 5655 5739 5740
f 5739 5741 5740
f 5740 5741 5705
f 5741 5742 5705
f 5705 5742 5703
f 5710 5743 5513
f 5743 5744 5513
f 5513 5744 5711
f 5725 5745 5513
f 5745 5746 5513
f 5513 5746 5726
f 5732 5747 5730
f 5747 5748 5730
f 5730 5748 5749
f 5749 5750 5730
f 5750 5751 5730
f 5730 5751 5752
f 5751 5753 5752
f 5752 5753 5754
f 5734 5733 5755
f 5733 5756 5755
f 5755 5756 5730
f 5756 5757 5730
f 5730 5757 5728
f 4869 5758 5759
f 5760 5761 4869
f 5761 5762 4869
f 4869 5762 5692
f 5675 5763 5673
f 5763 5764 5673
f 5673 5764 5765
f 5712 5766 5513
f 5766 5767 5513
f 5513 5767 5706
f 5768 5769 5716
f 5769 5770 5716
f 5716 5770 5715
f 5691 5771 4869
f 5771 5772 4869
f 4869 5772 5758
f 5759 5773 4869
f 5773 5774 4869
f 4869 5774 5760
f 5775 5776 5777
f 5354 5778 5779
f 5704 5780 5706
f 5780 5781 5706
f 5706 5781 5513
f 5781 5782 5513
f 5513 5782 5722
f 5754 5783 5752
f 5783 5784 5752
f 5752 5784 5785
f 5784 5786 5785
f 5785 5786 5716
f 5786 5787 5716
f 5716 5787 5768
f 5788 5789 5790
f 5789 5733 5790
f 5790 5733 5791
f 5733 5735 5791
f 5788 5792 5789
f 5792 5793 5789
f 5789 5793 5794
f 5775 5777 5795
f 5776 5796 5777
f 5796 5797 5777
f 5777 5797 5798
f 5798 5799 5777
f 5799 5800 5777
f 5777 5800 5659
f 5800 5801 5659
f 5801 5802 5659
f 5802 5803 5659
f 5659 5803 5804
f 5804 5805 5659
f 5805 5806 5659
f 5659 5806 5354
f 5806 5807 5354
f 5354 5807 5778
f 5779 5808 5354
f 5808 5809 5354
f 5354 5809 5695
f 5789 4869 5810
f 4869 4871 5810
f 5794 5811 5789
f 5811 5812 5789
f 5789 5812 4869
f 5812 5813 4869
f 4869 5813 5690
f 5765 5814 5673
f 5814 5815 5673
f 5673 5815 5777
f 5815 5816 5777
f 5777 5816 5795
f 5489 5488 5817
f 5818 5486 5819
f 5486 5485 5819
f 5817 5488 5818
f 5488 5487 5818
f 5818 5487 5486
f 5820 5483 5821
f 5483 5482 5821
f 5821 5482 5817
f 5482 5489 5817
f 5485 5481 5819
f 5819 5481 5822
f 5481 5628 5822
f 5822 5628 5823
f 5628 5664 5823
f 5823 5664 5824
f 5664 5663 5824
f 5824 5663 5825
f 5663 5662 5825
f 5825 5662 5826
f 5662 5661 5826
f 5826 5661 5827
f 5661 5660 5827
f 5827 5660 5828
f 5660 5649 5828
f 5828 5649 5829
f 5649 5648 5829
f 5829 5648 5830
f 5648 5647 5830
f 5830 5647 5831
f 5647 5630 5831
f 5831 5630 5832
f 5630 5629 5832
f 5832 5629 5833
f 5629 5697 5833
f 5833 5697 5834
f 5697 5696 5834
f 5834 5696 5835
f 5696 5695 5835
f 5835 5695 5836
f 5695 5809 5836
f 5836 5809 5837
f 5809 5808 5837
f 5837 5808 5838
f 5808 5779 5838
f 5838 5779 5839
f 5779 5778 5839
f 5839 5778 5840
f 5778 5807 5840
f 5840 5807 5841
f 5807 5806 5841
f 5841 5806 5842
f 5806 5805 5842
f 5842 5805 5843
f 5805 5804 5843
f 5843 5804 5844
f 5804 5803 5844
f 5844 5803 5845
f 5803 5802 5845
f 5845 5802 5846
f 5802 5801 5846
f 5846 5801 5847
f 5801 5800 5847
f 5847 5800 5848
f 5800 5799 5848
f 5848 5799 5849
f 5799 5798 5849
f 5849 5798 5850
f 5798 5797 5850
f 5850 5797 5851
f 5797 5796 5851
f 5851 5796 5852
f 5796 5776 5852
f 5852 5776 5853
f 5776 5775 5853
f 5853 5775 5854
f 5775 5795 5854
f 5854 5795 5855
f 5795 5816 5855
f 5855 5816 5856
f 5816 5815 5856
f 5856 5815 5857
f 5815 5814 5857
f 5857 5814 5858
f 5814 5765 5858
f 5858 5765 5859
f 5765 5764 5859
f 5859 5764 5860
f 5764 5763 5860
f 5860 5763 5861
f 5763 5675 5861
f 5861 5675 5862
f 5675 5674 5862
f 5862 5674 5863
f 5674 5655 5863
f 5863 5655 5864
f 5655 5740 5864
f 5864 5740 5865
f 5740 5705 5865
f 5865 5705 5866
f 5705 5706 5866
f 5866 5706 5867
f 5706 5767 5867
f 5867 5767 5868
f 5767 5766 5868
f 5868 5766 5869
f 5766 5712 5869
f 5869 5712 5870
f 5712 5711 5870
f 5870 5711 5871
f 5711 5744 5871
f 5871 5744 5872
f 5744 5743 5872
f 5872 5743 5873
f 5743 5710 5873
f 5873 5710 5874
f 5710 5709 5874
f 5874 5709 5875
f 5709 5708 5875
f 5875 5708 5876
f 5708 5707 5876
f 5876 5707 5877
f 5707 5643 5877
f 5877 5643 5878
f 5643 5642 5878
f 5878 5642 5879
f 5642 5641 5879
f 5879 5641 5880
f 5641 5640 5880
f 5880 5640 5881
f 5640 5672 5881
f 5881 5672 5882
f 5672 5671 5882
f 5882 5671 5883
f 5671 5652 5883
f 5883 5652 5884
f 5652 5651 5884
f 5884 5651 5885
f 5651 5650 5885
f 5885 5650 5886
f 5650 5646 5886
f 5886 5646 5887
f 5646 5645 5887
f 5887 5645 5888
f 5645 5644 5888
f 5888 5644 5820
f 5644 5634 5820
f 5820 5634 5483
f 137 43 46
f 46 43 44
f 43 42 44
f 102 106 191
f 102 191 100
f 191 192 100
f 100 192 98
f 192 183 98
f 98 183 96
f 183 174 96
f 96 174 94
f 174 173 94
f 94 173 92
f 173 172 92
f 92 172 90
f 172 169 90
f 90 169 88
f 169 168 88
f 88 168 86
f 168 167 86
f 86 167 84
f 167 164 84
f 84 164 82
f 164 163 82
f 82 163 80
f 163 162 80
f 80 162 78
f 162 136 78
f 78 136 76
f 136 135 76
f 76 135 74
f 135 134 74
f 74 134 72
f 134 122 72
f 72 122 70
f 122 120 70
f 70 120 68
f 120 119 68
f 68 119 66
f 119 116 66
f 66 116 64
f 116 115 64
f 64 115 62
f 115 113 62
f 62 113 60
f 113 112 60
f 60 112 58
f 112 125 58
f 58 125 56
f 125 127 56
f 56 127 54
f 127 132 54
f 54 132 52
f 132 140 52
f 52 140 50
f 140 138 50
f 50 138 49
f 43 137 139
f 43 139 41
f 139 141 41
f 41 141 39
f 141 142 39
f 39 142 37
f 142 152 37
f 37 152 35
f 152 151 35
f 35 151 33
f 151 150 33
f 33 150 31
f 150 149 31
f 31 149 29
f 149 158 29
f 29 158 27
f 158 157 27
f 27 157 25
f 157 148 25
f 25 148 23
f 148 147 23
f 23 147 21
f 147 146 21
f 21 146 19
f 146 133 19
f 19 133 17
f 133 131 17
f 17 131 15
f 131 130 15
f 130 145 15
f 15 145 13
f 145 144 13
f 144 143 13
f 13 143 11
f 143 161 11
f 161 160 11
f 11 160 9
f 114 7 126
f 7 9 126
f 126 9 159
f 9 160 159
f 2 81 79
f 5889 5890 5905
f 1 97 95
f 79 77 2
f 77 75 2
f 2 75 73
f 67 6 69
f 6 2 69
f 69 2 71
f 2 73 71
f 67 65 6
f 65 63 6
f 6 63 61
f 95 93 1
f 93 91 1
f 1 91 89
f 89 87 1
f 87 85 1
f 1 85 2
f 85 83 2
f 2 83 81
f 5204 5205 5265
f 5265 5205 5199
f 5265 5199 5010
f 103 101 1
f 101 99 1
f 1 99 97
f 5062 5260 5191
f 5191 5260 5204
f 5191 5890 5157
f 5157 5890 6222
f 32 53 51
f 5905 5890 5265
f 5265 5890 5204
f 5890 5191 5204
f 5892 5893 1
f 5893 104 1
f 1 104 103
f 20 18 53
f 18 16 53
f 53 16 14
f 61 59 6
f 59 57 6
f 6 57 8
f 57 55 8
f 8 55 10
f 55 53 10
f 10 53 12
f 53 14 12
f 32 30 53
f 30 28 53
f 53 28 26
f 26 24 53
f 24 22 53
f 53 22 20
f 38 36 51
f 36 34 51
f 51 34 32
f 5147 5157 6222
f 45 44 48
f 44 42 48
f 48 42 51
f 42 40 51
f 51 40 38
f 5894 5895 4545
f 5891 6446 107
f 107 6446 5889
f 5891 6947 6446
f 6222 6446 6950
f 5895 5896 4545
f 5896 5897 4545
f 4545 5897 5898
f 5889 4545 107
f 4545 5898 107
f 107 5898 1
f 5898 5899 1
f 1 5899 5892
f 5895 171 5896
f 171 177 5896
f 5896 177 5897
f 177 179 5897
f 5897 179 5898
f 179 182 5898
f 5898 182 5899
f 182 187 5899
f 5899 187 5892
f 187 195 5892
f 5892 195 5893
f 195 105 5893
f 5893 105 104
f 4527 4525 5894
f 4525 4524 5894
f 4533 4531 5894
f 4531 4529 5894
f 5894 4529 4527
f 5895 5894 4546
f 4539 4537 5894
f 4537 4535 5894
f 5894 4535 4533
f 4545 4543 5894
f 4543 4541 5894
f 5894 4541 4539
f 4519 4518 5894
f 4518 4516 5894
f 5894 4516 4546
f 4524 4522 5894
f 4522 4521 5894
f 5894 4521 4519
f 5900 5623 5901
f 5627 5900 5901
f 5870 5871 5624
f 5828 5829 5627
f 5822 5823 5626
f 5823 5824 5626
f 5829 5830 5627
f 5830 5831 5627
f 5627 5831 5832
f 5832 5833 5627
f 5833 5834 5627
f 5627 5834 5835
f 5875 5876 5625
f 5876 5877 5625
f 5625 5877 5878
f 5878 5879 5625
f 5879 5880 5625
f 5625 5880 5881
f 5881 5882 5625
f 5882 5883 5625
f 5625 5883 5884
f 5864 5865 5624
f 5865 5866 5624
f 5624 5866 5867
f 5867 5868 5624
f 5868 5869 5624
f 5624 5869 5870
f 5871 5872 5624
f 5872 5873 5624
f 5624 5873 5625
f 5873 5874 5625
f 5625 5874 5875
f 5884 5885 5625
f 5885 5886 5625
f 5625 5886 5626
f 5886 5887 5626
f 5626 5887 5888
f 5824 5825 5626
f 5825 5826 5626
f 5626 5826 5627
f 5826 5827 5627
f 5627 5827 5828
f 5817 5818 5626
f 5818 5819 5626
f 5626 5819 5822
f 5835 5836 5627
f 5836 5837 5627
f 5627 5837 5900
f 5837 5838 5900
f 5900 5838 5839
f 5847 5900 5846
f 5900 5845 5846
f 5858 5859 5623
f 5859 5860 5623
f 5888 5820 5626
f 5820 5821 5626
f 5626 5821 5817
f 5839 5840 5900
f 5840 5841 5900
f 5900 5841 5842
f 5860 5861 5623
f 5861 5862 5623
f 5623 5862 5624
f 5862 5863 5624
f 5624 5863 5864
f 5842 5843 5900
f 5843 5844 5900
f 5900 5844 5845
f 5851 5852 5623
f 5855 5856 5623
f 5856 5857 5623
f 5623 5857 5858
f 5852 5853 5623
f 5853 5854 5623
f 5623 5854 5855
f 5847 5848 5900
f 5848 5849 5900
f 5900 5849 5623
f 5849 5850 5623
f 5623 5850 5851
f 5904 4666 4668
f 4671 5298 4669
f 5294 5295 4670
f 5295 5296 4670
f 5296 4671 4670
f 5296 5297 4671
f 4671 5297 5298
f 4670 5293 5294
f 4670 5292 5293
f 5313 5312 5902
f 5311 5310 5902
f 5290 5291 4670
f 5304 5303 5903
f 5303 5302 5903
f 5903 5302 5299
f 5302 5301 5299
f 5299 5301 5300
f 5308 5306 5903
f 5306 5305 5903
f 5305 5304 5903
f 5310 5309 5308
f 5308 5307 5306
f 5313 5902 5314
f 5905 5318 5902
f 5318 5317 5902
f 5317 5316 5902
f 5902 5316 5315
f 5315 5314 5902
f 5902 5312 5311
f 5904 5299 4670
f 4670 5299 5290
f 5299 5904 5903
f 5310 5308 5902
f 5308 5903 5902
f 5903 5904 5902
f 5904 5905 5902
f 5906 5813 5907
f 5813 5812 5907
f 5907 5812 5908
f 5812 5811 5908
f 5908 5811 5909
f 5811 5794 5909
f 5909 5794 5910
f 5794 5793 5910
f 5910 5793 5911
f 5793 5792 5911
f 5911 5792 5912
f 5792 5788 5912
f 5912 5788 5913
f 5788 5790 5913
f 5913 5790 5914
f 5790 5791 5914
f 5914 5791 5915
f 5791 5735 5915
f 5915 5735 5916
f 5735 5734 5916
f 5916 5734 5917
f 5734 5755 5917
f 5917 5755 5918
f 5755 5730 5918
f 5918 5730 5919
f 5730 5752 5919
f 5919 5752 5920
f 5752 5785 5920
f 5920 5785 5921
f 5785 5716 5921
f 5921 5716 5922
f 5716 5714 5922
f 5922 5714 5923
f 5714 5713 5923
f 5923 5713 5924
f 5713 5689 5924
f 5924 5689 5925
f 5689 5688 5925
f 5925 5688 5926
f 5688 5687 5926
f 5926 5687 5927
f 5687 5686 5927
f 5927 5686 5928
f 5686 5727 5928
f 5928 5727 5929
f 5727 5726 5929
f 5929 5726 5930
f 5726 5746 5930
f 5930 5746 5931
f 5746 5745 5931
f 5931 5745 5932
f 5745 5725 5932
f 5932 5725 5933
f 5725 5724 5933
f 5933 5724 5934
f 5724 5723 5934
f 5934 5723 5935
f 5723 5722 5935
f 5935 5722 5936
f 5722 5782 5936
f 5936 5782 5937
f 5782 5781 5937
f 5937 5781 5938
f 5781 5780 5938
f 5938 5780 5939
f 5780 5704 5939
f 5939 5704 5940
f 5704 5703 5940
f 5940 5703 5941
f 5703 5742 5941
f 5941 5742 5942
f 5742 5741 5942
f 5942 5741 5943
f 5741 5739 5943
f 5943 5739 5944
f 5739 5738 5944
f 5944 5738 5945
f 5738 5657 5945
f 5945 5657 5946
f 5657 5656 5946
f 5946 5656 5947
f 5656 5737 5947
f 5947 5737 5948
f 5737 5736 5948
f 5948 5736 5949
f 5736 5721 5949
f 5949 5721 5950
f 5721 5720 5950
f 5950 5720 5951
f 5720 5719 5951
f 5951 5719 5952
f 5719 5654 5952
f 5952 5654 5953
f 5654 5653 5953
f 5953 5653 5954
f 5653 5694 5954
f 5954 5694 5955
f 5694 5673 5955
f 5955 5673 5956
f 5673 5777 5956
f 5956 5777 5957
f 5777 5659 5957
f 5957 5659 5958
f 5659 5658 5958
f 5958 5658 5959
f 5658 5679 5959
f 5959 5679 5960
f 5679 5678 5960
f 5960 5678 5961
f 5678 5677 5961
f 5961 5677 5962
f 5677 5676 5962
f 5962 5676 5963
f 5676 5718 5963
f 5963 5718 5964
f 5718 5717 5964
f 5964 5717 5965
f 5717 5693 5965
f 5965 5693 5966
f 5693 5692 5966
f 5966 5692 5967
f 5692 5762 5967
f 5967 5762 5968
f 5762 5761 5968
f 5968 5761 5969
f 5761 5760 5969
f 5969 5760 5970
f 5760 5774 5970
f 5970 5774 5971
f 5774 5773 5971
f 5971 5773 5972
f 5773 5759 5972
f 5972 5759 5973
f 5759 5758 5973
f 5973 5758 5974
f 5758 5772 5974
f 5974 5772 5975
f 5772 5771 5975
f 5975 5771 5976
f 5771 5691 5976
f 5976 5691 5977
f 5691 5690 5977
f 5977 5690 5906
f 5690 5813 5906
f 5978 5979 6790
f 5980 5978 6790
f 5981 5980 6790
f 5982 5981 6790
f 5983 5982 6790
f 5979 5983 6790
f 5956 5957 5978
f 5948 5949 5980
f 5949 5950 5980
f 5950 5951 5980
f 5980 5951 5952
f 5957 5958 5978
f 5958 5959 5978
f 5978 5959 5960
f 5920 5921 5982
f 5931 5932 5981
f 5952 5953 5980
f 5953 5954 5980
f 5980 5954 5978
f 5954 5955 5978
f 5978 5955 5956
f 5921 5922 5982
f 5922 5923 5982
f 5982 5923 5924
f 5924 5925 5982
f 5925 5926 5982
f 5982 5926 5927
f 5932 5933 5981
f 5933 5934 5981
f 5981 5934 5935
f 5981 5941 5942
f 5944 5945 5980
f 5960 5961 5978
f 5961 5962 5978
f 5978 5962 5963
f 5927 5928 5982
f 5928 5929 5982
f 5982 5929 5981
f 5929 5930 5981
f 5981 5930 5931
f 5935 5936 5981
f 5936 5937 5981
f 5981 5937 5938
f 5981 5942 5980
f 5942 5943 5980
f 5980 5943 5944
f 5945 5946 5980
f 5946 5947 5980
f 5980 5947 5948
f 5938 5939 5981
f 5939 5940 5981
f 5981 5940 5941
f 5983 5907 5908
f 5913 5983 5912
f 5983 5911 5912
f 5963 5964 5978
f 5964 5965 5978
f 5978 5965 5979
f 5965 5966 5979
f 5908 5909 5983
f 5909 5910 5983
f 5983 5910 5911
f 5913 5914 5983
f 5914 5915 5983
f 5983 5915 5916
f 5916 5917 5983
f 5917 5918 5983
f 5983 5918 5982
f 5918 5919 5982
f 5982 5919 5920
f 5966 5967 5979
f 5967 5968 5979
f 5979 5968 5969
f 5969 5970 5979
f 5970 5971 5979
f 5979 5971 5972
f 5975 5976 5979
f 5976 5977 5979
f 5979 5977 5983
f 5977 5906 5983
f 5983 5906 5907
f 5972 5973 5979
f 5973 5974 5979
f 5979 5974 5975
f 4694 5984 4702
f 5984 5985 4702
f 4702 5985 4703
f 5985 5986 4703
f 4703 5986 4700
f 5986 5987 4700
f 4700 5987 4701
f 5987 5988 4701
f 4701 5988 4697
f 5988 5989 4697
f 4697 5989 4698
f 5989 5990 4698
f 4698 5990 4699
f 5990 5991 4699
f 4699 5991 4686
f 5991 5568 4686
f 4686 5568 4687
f 5568 5585 4687
f 4687 5585 4688
f 5585 5587 4688
f 4688 5587 4681
f 5587 5589 4681
f 4681 5589 4682
f 5589 5592 4682
f 4682 5592 4685
f 5592 5594 4685
f 4685 5594 4548
f 5594 4549 4548
f 5992 5993 4693
f 5993 5994 4693
f 4693 5994 4694
f 5994 5995 4694
f 4694 5995 5984
f 4693 4692 5992
f 4692 4680 5992
f 5992 4680 5996
f 4680 4679 5996
f 5996 4679 5997
f 4679 4683 5997
f 5997 4683 5998
f 4683 4691 5998
f 5998 4691 5999
f 4691 4690 5999
f 5999 4690 6000
f 4690 4689 6000
f 6000 4689 6001
f 4689 4696 6001
f 6001 4696 6002
f 4696 4695 6002
f 6002 4695 6003
f 4695 4396 6003
f 6003 4396 5389
f 6004 6005 5622
f 6005 6006 5622
f 5622 6006 5620
f 6006 6007 5620
f 6007 5561 5620
f 6004 6009 6005
f 6005 6009 6010
f 6009 6011 6010
f 6010 6011 6008
f 6011 6012 6008
f 6008 6012 6014
f 6012 6015 6014
f 6014 6015 6013
f 6015 6016 6013
f 6016 5985 5984
f 5985 6016 5986
f 5992 6017 5993
f 6017 6018 5993
f 5993 6018 5994
f 6018 6019 5994
f 5994 6019 5995
f 6019 6013 5995
f 5995 6013 5984
f 6013 6016 5984
f 5996 6020 5992
f 6020 6021 5992
f 5992 6021 6017
f 5997 6022 5996
f 6022 6023 5996
f 5996 6023 6020
f 5998 6024 5997
f 6024 6025 5997
f 5997 6025 6022
f 5999 6026 5998
f 6026 6027 5998
f 5998 6027 6024
f 6028 6029 6000
f 6029 6030 6000
f 6000 6030 5999
f 6030 6031 5999
f 5999 6031 6026
f 6028 6000 6032
f 6000 6001 6032
f 6032 6001 6033
f 6034 6035 6002
f 6035 6036 6002
f 6002 6036 6001
f 6036 6037 6001
f 6001 6037 6033
f 6034 6002 6038
f 6002 6003 6038
f 6038 6003 6039
f 5390 6040 5389
f 6040 6041 5389
f 5389 6041 6003
f 6041 6042 6003
f 6003 6042 6039
f 5986 6016 5987
f 5987 6016 5988
f 5988 6016 5989
f 5989 6016 5990
f 5990 6016 5991
f 5991 6016 5568
f 6041 6040 6043
f 6043 6040 6044
f 6040 5390 6044
f 6044 5390 5392
f 6035 6034 6045
f 6034 6038 6045
f 6038 6039 6045
f 6045 6039 6043
f 6039 6042 6043
f 6043 6042 6041
f 6033 6037 6046
f 6045 6047 6035
f 6047 6046 6035
f 6035 6046 6036
f 6046 6037 6036
f 6029 6028 6048
f 6046 6049 6033
f 6049 6048 6033
f 6033 6048 6032
f 6048 6028 6032
f 6026 6031 6050
f 6048 6051 6029
f 6051 6050 6029
f 6029 6050 6030
f 6050 6031 6030
f 6050 6052 6026
f 6052 6053 6026
f 6026 6053 6027
f 6053 6054 6027
f 6027 6054 6024
f 6054 6055 6024
f 6024 6055 6025
f 6055 6056 6025
f 6025 6056 6022
f 6056 6057 6022
f 6022 6057 6023
f 6057 6058 6023
f 6023 6058 6020
f 6058 6059 6020
f 6020 6059 6021
f 6059 6060 6021
f 6021 6060 6017
f 6060 6061 6017
f 6017 6061 6018
f 6061 6019 6018
f 6061 6062 6019
f 6062 6063 6019
f 6019 6063 6013
f 6063 6014 6013
f 6063 6064 6014
f 6064 6065 6014
f 6014 6065 6008
f 6065 6010 6008
f 6065 6066 6010
f 6066 6067 6010
f 6010 6067 6005
f 6067 6006 6005
f 6067 6068 6006
f 6068 6069 6006
f 6006 6069 6007
f 6069 6070 6007
f 6070 6071 6007
f 6007 6071 5561
f 6071 6072 5561
f 5561 6072 5566
f 5392 190 6044
f 190 189 6044
f 189 196 6044
f 6044 196 6043
f 196 197 6043
f 197 194 6043
f 6043 194 6045
f 194 193 6045
f 6045 193 6047
f 193 200 6047
f 6047 200 6046
f 200 199 6046
f 6046 199 6049
f 199 198 6049
f 6049 198 6048
f 198 188 6048
f 6048 188 6051
f 188 186 6051
f 6051 186 6050
f 186 185 6050
f 6050 185 6052
f 185 181 6052
f 6052 181 6053
f 181 180 6053
f 6053 180 6054
f 180 178 6054
f 6054 178 6055
f 178 176 6055
f 6055 176 6056
f 176 175 6056
f 6056 175 6057
f 175 170 6057
f 6057 170 6058
f 6058 170 6059
f 170 166 6059
f 6059 166 6060
f 6060 166 6061
f 166 165 6061
f 6061 165 6062
f 6062 165 6063
f 165 156 6063
f 6063 156 6064
f 6064 156 6065
f 156 155 6065
f 6065 155 6066
f 6066 155 6067
f 155 154 6067
f 6067 154 6068
f 6068 154 6069
f 154 153 6069
f 6069 153 6070
f 6070 153 6071
f 153 129 6071
f 6071 129 6072
f 6072 129 5566
f 129 128 5566
f 5566 128 5567
f 128 4546 245
f 245 5567 128
f 5622 5621 6073
f 6074 5612 5611
f 6074 5611 6075
f 5612 6074 5613
f 6074 6076 5613
f 5613 6076 5602
f 5602 6076 5603
f 6076 6077 5603
f 5603 6077 5604
f 5604 6077 5605
f 6077 6078 5605
f 5605 6078 5591
f 5591 6078 5590
f 6078 6079 5590
f 5590 6079 5570
f 5570 6079 5571
f 6079 6080 5571
f 5571 6080 5572
f 5572 6080 5573
f 6080 6081 5573
f 5573 6081 5574
f 5574 6081 5575
f 6081 6082 5575
f 5575 6082 5576
f 5576 6082 5577
f 6082 6083 5577
f 5577 6083 5578
f 5578 6083 5579
f 6083 6084 5579
f 5579 6084 5582
f 5582 6084 5581
f 6084 6085 5581
f 5581 6085 5600
f 5600 6085 5599
f 6085 6086 5599
f 5599 6086 5601
f 5601 6086 5606
f 6086 6087 5606
f 5606 6087 5607
f 5607 6087 5608
f 6087 6088 5608
f 5608 6088 5617
f 5617 6088 5618
f 6088 6089 5618
f 5618 6089 5619
f 5619 6089 5562
f 6089 6090 5562
f 5562 6090 5563
f 6090 6091 5563
f 5563 6091 5580
f 5622 6073 6004
f 6073 6092 6004
f 6004 6092 6009
f 6012 6011 6093
f 6093 6011 6092
f 6011 6009 6092
f 6015 6012 6093
f 6093 6110 6016
f 6093 6016 6015
f 5611 5616 6075
f 5616 5615 6075
f 6075 5615 6094
f 5615 5614 6094
f 6094 5614 6095
f 5614 5565 6095
f 6095 5565 6096
f 5565 5564 6096
f 6096 5564 6097
f 5564 5569 6097
f 6097 5569 6098
f 5569 5598 6098
f 6098 5598 6099
f 5598 5597 6099
f 6099 5597 6100
f 5597 5596 6100
f 6100 5596 6101
f 5596 5595 6101
f 6101 5595 6102
f 5595 5610 6102
f 6102 5610 6103
f 5610 5609 6103
f 6103 5609 6104
f 5609 5593 6104
f 6104 5593 6105
f 5593 5588 6105
f 6105 5588 6106
f 5588 5586 6106
f 6106 5586 6107
f 5586 5584 6107
f 6107 5584 6108
f 5584 5583 6108
f 6108 5583 6109
f 5583 6016 6109
f 6109 6016 6110
f 6948 6446 6112
f 6113 6114 4513
f 6114 6115 4513
f 6115 6116 4513
f 6116 6117 4513
f 6117 6118 4513
f 6118 6119 4513
f 6119 6120 4513
f 6120 6121 4513
f 6121 6122 4513
f 6122 6123 4513
f 6123 6124 4513
f 6124 6125 4513
f 6125 6126 4513
f 6126 6127 4513
f 6127 6128 4513
f 6128 6129 4513
f 6129 6130 4513
f 6130 6131 4513
f 6131 6132 4513
f 6132 6133 4513
f 6133 6496 4513
f 6496 6134 4513
f 6134 6135 4513
f 6135 6136 4513
f 6136 6137 4513
f 6137 6138 4513
f 6138 6139 4513
f 6139 6140 4513
f 6140 6141 4513
f 6141 6142 4513
f 6142 6143 4513
f 6143 6144 4513
f 6144 6145 4513
f 6145 6146 4513
f 6146 6147 4513
f 6147 6148 4513
f 6148 6149 4513
f 6149 6150 4513
f 6150 6151 4513
f 6151 6152 4513
f 6152 6153 4513
f 6153 6154 4513
f 6154 6155 4513
f 6155 6156 4513
f 6156 6157 4513
f 6157 6158 4513
f 6158 6159 4513
f 6159 6160 4513
f 6160 6161 4513
f 6161 6113 4513
f 6162 6163 4510
f 6163 6164 4510
f 6164 6165 4510
f 6165 6166 4510
f 6166 6167 4510
f 6167 6168 4510
f 6168 6169 4510
f 6169 6170 4510
f 6170 6171 4510
f 6171 6172 4510
f 6172 6173 4510
f 6173 6174 4510
f 6174 6175 4510
f 6175 6176 4510
f 6176 6177 4510
f 4510 6177 4506
f 6177 6178 4506
f 6178 6179 4506
f 6179 6180 4506
f 4506 6180 4512
f 6180 6445 4512
f 6445 6181 4512
f 6181 6182 4512
f 6182 6183 4512
f 6183 6184 4512
f 6184 6185 4512
f 6185 6186 4512
f 6186 6187 4512
f 6187 6188 4512
f 6188 6189 4512
f 6189 6190 4512
f 6190 6191 4512
f 6191 6192 4512
f 6192 6193 4512
f 6193 6194 4512
f 6194 6195 4512
f 6195 6196 4512
f 4512 6196 4511
f 6196 6197 4511
f 6197 6198 4511
f 6198 6199 4511
f 6199 6200 4511
f 6200 6201 4511
f 6201 6202 4511
f 6202 6203 4511
f 6203 6204 4511
f 6204 6205 4511
f 6205 6206 4511
f 6206 6207 4511
f 6207 6208 4511
f 4511 6208 4510
f 6208 6162 4510
f 6210 6211 6209
f 6211 6212 6209
f 6212 6213 6209
f 6213 6214 6209
f 6214 6215 6209
f 6215 6216 6209
f 6216 6217 6209
f 6217 6218 6209
f 6218 6219 6209
f 6219 6220 6209
f 6220 6221 6209
f 6221 6545 6209
f 6111 6228 6223
f 6228 6209 6223
f 6223 6209 6222
f 6222 6209 6221
f 6224 6225 6223
f 6226 6545 6111
f 6223 6225 6111
f 6225 6227 6111
f 6111 6227 6226
f 6112 6446 6228
f 6545 6228 6111
f 4511 5890 4512
f 6229 5890 4511
f 6230 6231 6223
f 4505 6112 6232
f 6231 6233 6223
f 6233 6234 6223
f 6223 6234 6224
f 6232 6235 4505
f 6235 6236 4505
f 4505 6236 6237
f 4512 6446 4505
f 4505 6446 6112
f 6229 6238 6239
f 4506 6240 4507
f 6240 6241 4507
f 6230 6223 6242
f 6223 6229 6242
f 6242 6229 6243
f 4511 4510 6229
f 6244 6245 4507
f 6245 6246 4507
f 6247 6248 6229
f 6248 6249 6229
f 6229 6249 6250
f 6239 6251 6229
f 6251 6252 6229
f 6229 6252 6243
f 6241 6253 4507
f 6253 6254 4507
f 4507 6254 6244
f 6255 6256 6229
f 6256 6257 6229
f 6229 6257 6247
f 6250 6258 6229
f 6258 6259 6229
f 6229 6259 6238
f 6237 6260 4505
f 6260 6261 4505
f 4505 6261 4506
f 6240 4506 6262
f 6262 4506 6263
f 4506 6261 6263
f 6229 4510 6255
f 6246 6264 4507
f 6264 6265 4507
f 4507 6265 4508
f 6265 6266 4508
f 4508 6266 4509
f 6266 6255 4509
f 4509 6255 4510
f 4513 6222 6267
f 6229 4513 6267
f 6222 4513 6223
f 6223 4513 6229
f 5632 5631 6268
f 5631 6395 6268
f 5631 5715 6395
f 4871 6269 6270
f 6395 5715 6271
f 5715 5770 6271
f 6271 5770 6272
f 5770 5769 6272
f 6272 5769 6273
f 5769 5768 6273
f 6273 5768 6274
f 5768 5787 6274
f 6274 5787 6275
f 5787 5786 6275
f 6275 5786 6276
f 5786 5784 6276
f 6276 5784 6277
f 5784 5783 6277
f 6277 5783 6278
f 5783 5754 6278
f 6278 5754 6279
f 5754 5753 6279
f 6279 5753 6280
f 5753 5751 6280
f 6280 5751 6281
f 5751 5750 6281
f 6281 5750 6282
f 5750 5749 6282
f 6282 5749 6283
f 5749 5748 6283
f 6283 5748 6284
f 5748 5747 6284
f 6284 5747 6285
f 5747 5732 6285
f 6285 5732 6286
f 5732 5731 6286
f 6286 5731 6287
f 5731 5729 6287
f 6287 5729 6288
f 5729 5728 6288
f 6288 5728 6289
f 5728 5757 6289
f 6289 5757 6290
f 5757 5756 6290
f 6290 5756 6291
f 5756 5733 6291
f 6291 5733 6292
f 5733 5789 6292
f 6292 5789 6270
f 5789 5810 6270
f 6270 5810 4871
f 4871 4870 6269
f 4870 4868 6269
f 6269 4868 6293
f 4868 4864 6293
f 6293 4864 6294
f 4864 4863 6294
f 6294 4863 6295
f 4863 4862 6295
f 6295 4862 6296
f 4862 4861 6296
f 6296 4861 6297
f 4861 4860 6297
f 6297 4860 6298
f 4860 4859 6298
f 6298 4859 6299
f 4859 5639 6299
f 6299 5639 6300
f 5639 5638 6300
f 6300 5638 6301
f 5638 5637 6301
f 6301 5637 6302
f 5637 5685 6302
f 6302 5685 6303
f 5685 5684 6303
f 6303 5684 6304
f 5684 5670 6304
f 6304 5670 6305
f 5670 5669 6305
f 6305 5669 6306
f 5669 5683 6306
f 6306 5683 6307
f 5683 5682 6307
f 6307 5682 6308
f 5682 5636 6308
f 6308 5636 6309
f 5636 5635 6309
f 6309 5635 6310
f 5635 5681 6310
f 6310 5681 6311
f 5681 5680 6311
f 6311 5680 6312
f 5680 5668 6312
f 6312 5668 6313
f 5668 5667 6313
f 6313 5667 6314
f 5667 5702 6314
f 6314 5702 6315
f 5702 5701 6315
f 6315 5701 6316
f 5701 5666 6316
f 6316 5666 6317
f 5666 5665 6317
f 6317 5665 6318
f 5665 5700 6318
f 6318 5700 6319
f 5700 5699 6319
f 6319 5699 6320
f 5699 5698 6320
f 6320 5698 6321
f 5698 5633 6321
f 6321 5633 6268
f 5633 5632 6268
f 5516 6322 6584
f 5521 5527 6349
f 6323 5361 6584
f 6324 5363 6323
f 5363 5362 6323
f 6323 5362 5361
f 6325 5371 6324
f 5371 5364 6324
f 6324 5364 5363
f 6326 5378 6325
f 5378 5370 6325
f 6325 5370 5371
f 6327 5346 6328
f 5346 5353 6328
f 6328 5353 6329
f 5353 5352 6329
f 6329 5352 6330
f 5352 5351 6330
f 6330 5351 6331
f 5351 5367 6331
f 6331 5367 6332
f 5367 5369 6332
f 6332 5369 6333
f 5369 5373 6333
f 6333 5373 6334
f 5373 5372 6334
f 6334 5372 6335
f 5372 5360 6335
f 6335 5360 6336
f 5360 5359 6336
f 6336 5359 6337
f 5359 5356 6337
f 6337 5356 6338
f 5356 5357 6338
f 6338 5357 6339
f 5357 5358 6339
f 6339 5358 6340
f 5358 5379 6340
f 6340 5379 6341
f 5379 5380 6341
f 6341 5380 6342
f 5380 5381 6342
f 6342 5381 6343
f 5381 5382 6343
f 6343 5382 6344
f 5382 5376 6344
f 6344 5376 6326
f 5376 5377 6326
f 6326 5377 5378
f 6345 5539 6346
f 5539 5343 6346
f 6346 5343 6327
f 5343 5345 6327
f 6327 5345 5346
f 6347 5534 6348
f 5534 5535 6348
f 6348 5535 6345
f 5535 5540 6345
f 6345 5540 5539
f 5527 5529 6347
f 5529 5533 6347
f 6347 5533 5534
f 6347 6349 5527
f 6349 5522 5521
f 5522 6349 5523
f 6349 6350 5523
f 5523 6350 5524
f 6350 6351 5524
f 5524 6351 5525
f 5525 6351 5526
f 6351 6352 5526
f 5526 6352 5518
f 5518 6352 5519
f 6352 6353 5519
f 5519 6353 5517
f 5517 6353 5515
f 6353 6322 5515
f 5515 6322 5516
f 6354 6281 6355
f 6281 6282 6355
f 6355 6282 6356
f 6282 6283 6356
f 6356 6283 6357
f 6283 6284 6357
f 6357 6284 6358
f 6284 6285 6358
f 6358 6285 6359
f 6285 6286 6359
f 6359 6286 6360
f 6286 6287 6360
f 6360 6287 6361
f 6287 6288 6361
f 6361 6288 6362
f 6288 6289 6362
f 6362 6289 6363
f 6289 6290 6363
f 6363 6290 6364
f 6290 6291 6364
f 6364 6291 6365
f 6291 6292 6365
f 6365 6292 6366
f 6292 6270 6366
f 6366 6270 6367
f 6270 6269 6367
f 6367 6269 6368
f 6269 6293 6368
f 6368 6293 6369
f 6293 6294 6369
f 6369 6294 6370
f 6294 6295 6370
f 6370 6295 6371
f 6295 6296 6371
f 6371 6296 6372
f 6296 6297 6372
f 6372 6297 6373
f 6297 6298 6373
f 6373 6298 6374
f 6298 6299 6374
f 6374 6299 6375
f 6299 6300 6375
f 6375 6300 6376
f 6300 6301 6376
f 6376 6301 6377
f 6301 6302 6377
f 6377 6302 6378
f 6302 6303 6378
f 6378 6303 6379
f 6303 6304 6379
f 6379 6304 6380
f 6304 6305 6380
f 6380 6305 6381
f 6305 6306 6381
f 6381 6306 6382
f 6306 6307 6382
f 6382 6307 6383
f 6307 6308 6383
f 6383 6308 6384
f 6308 6309 6384
f 6384 6309 6385
f 6309 6310 6385
f 6385 6310 6386
f 6310 6311 6386
f 6386 6311 6387
f 6311 6312 6387
f 6387 6312 6388
f 6312 6313 6388
f 6388 6313 6389
f 6313 6314 6389
f 6389 6314 6390
f 6314 6315 6390
f 6390 6315 6391
f 6315 6316 6391
f 6391 6316 6392
f 6316 6317 6392
f 6392 6317 6393
f 6317 6318 6393
f 6393 6318 6394
f 6318 6319 6394
f 6394 6319 6395
f 6319 6320 6395
f 6320 6321 6395
f 6321 6268 6395
f 6395 6271 6396
f 6271 6272 6396
f 6396 6272 6397
f 6272 6273 6397
f 6397 6273 6398
f 6273 6274 6398
f 6398 6274 6399
f 6274 6275 6399
f 6399 6275 6400
f 6275 6276 6400
f 6400 6276 6401
f 6276 6277 6401
f 6401 6277 6402
f 6277 6278 6402
f 6402 6278 6403
f 6278 6279 6403
f 6403 6279 6404
f 6279 6280 6404
f 6404 6280 6354
f 6280 6281 6354
f 6545 6226 6544
f 6544 6226 6405
f 6226 6227 6405
f 6405 6227 6406
f 6227 6225 6406
f 6406 6225 6407
f 6225 6224 6407
f 6407 6224 6408
f 6224 6234 6408
f 6408 6234 6409
f 6234 6233 6409
f 6409 6233 6410
f 6233 6231 6410
f 6410 6231 6411
f 6231 6230 6411
f 6411 6230 6412
f 6230 6242 6412
f 6412 6242 6413
f 6242 6243 6413
f 6413 6243 6414
f 6243 6252 6414
f 6414 6252 6415
f 6252 6251 6415
f 6415 6251 6416
f 6251 6239 6416
f 6416 6239 6417
f 6239 6238 6417
f 6417 6238 6418
f 6238 6259 6418
f 6418 6259 6419
f 6259 6258 6419
f 6419 6258 6420
f 6258 6250 6420
f 6420 6250 6421
f 6250 6249 6421
f 6421 6249 6422
f 6249 6248 6422
f 6422 6248 6423
f 6248 6247 6423
f 6423 6247 6424
f 6247 6257 6424
f 6424 6257 6425
f 6257 6256 6425
f 6425 6256 6426
f 6256 6255 6426
f 6426 6255 6427
f 6255 6266 6427
f 6427 6266 6428
f 6266 6265 6428
f 6428 6265 6429
f 6265 6264 6429
f 6429 6264 6430
f 6264 6246 6430
f 6430 6246 6431
f 6246 6245 6431
f 6431 6245 6432
f 6245 6244 6432
f 6432 6244 6433
f 6244 6254 6433
f 6433 6254 6434
f 6254 6253 6434
f 6434 6253 6435
f 6253 6241 6435
f 6435 6241 6436
f 6241 6240 6436
f 6436 6240 6437
f 6240 6262 6437
f 6437 6262 6438
f 6262 6263 6438
f 6438 6263 6439
f 6263 6261 6439
f 6439 6261 6440
f 6261 6260 6440
f 6440 6260 6441
f 6260 6237 6441
f 6441 6237 6442
f 6237 6236 6442
f 6442 6236 6443
f 6236 6235 6443
f 6443 6235 6444
f 6235 6232 6444
f 6444 6232 6445
f 6232 6112 6445
f 6445 6112 6545
f 6228 6545 6112
f 6446 6545 6112
f 6112 6545 6948
f 6496 6447 6134
f 6447 6448 6134
f 6134 6448 6135
f 6448 6449 6135
f 6135 6449 6136
f 6449 6450 6136
f 6136 6450 6137
f 6450 6451 6137
f 6137 6451 6138
f 6451 6452 6138
f 6138 6452 6139
f 6452 6453 6139
f 6139 6453 6140
f 6453 6454 6140
f 6140 6454 6141
f 6454 6455 6141
f 6141 6455 6142
f 6455 6456 6142
f 6142 6456 6143
f 6456 6457 6143
f 6143 6457 6144
f 6457 6458 6144
f 6144 6458 6145
f 6458 6459 6145
f 6145 6459 6146
f 6459 6460 6146
f 6146 6460 6147
f 6460 6461 6147
f 6147 6461 6148
f 6461 6462 6148
f 6148 6462 6149
f 6462 6463 6149
f 6149 6463 6150
f 6463 6464 6150
f 6150 6464 6151
f 6464 6465 6151
f 6151 6465 6152
f 6465 6466 6152
f 6152 6466 6153
f 6466 6467 6153
f 6153 6467 6154
f 6467 6468 6154
f 6154 6468 6155
f 6468 6469 6155
f 6155 6469 6156
f 6469 6470 6156
f 6156 6470 6157
f 6470 6471 6157
f 6157 6471 6158
f 6471 6472 6158
f 6158 6472 6159
f 6472 6473 6159
f 6159 6473 6160
f 6473 6474 6160
f 6160 6474 6161
f 6474 6475 6161
f 6161 6475 6113
f 6475 6476 6113
f 6113 6476 6114
f 6476 6477 6114
f 6114 6477 6115
f 6477 6478 6115
f 6115 6478 6116
f 6478 6479 6116
f 6116 6479 6117
f 6479 6480 6117
f 6117 6480 6118
f 6480 6481 6118
f 6118 6481 6119
f 6481 6482 6119
f 6119 6482 6120
f 6482 6483 6120
f 6120 6483 6121
f 6483 6484 6121
f 6121 6484 6122
f 6484 6485 6122
f 6122 6485 6123
f 6485 6486 6123
f 6123 6486 6124
f 6486 6487 6124
f 6124 6487 6125
f 6487 6488 6125
f 6125 6488 6126
f 6488 6489 6126
f 6126 6489 6127
f 6489 6490 6127
f 6127 6490 6128
f 6490 6491 6128
f 6128 6491 6129
f 6491 6492 6129
f 6129 6492 6130
f 6492 6493 6130
f 6130 6493 6131
f 6493 6494 6131
f 6131 6494 6132
f 6494 6495 6132
f 6132 6495 6133
f 6495 6496 6133
f 6445 6497 6181
f 6181 6497 6182
f 6497 6498 6182
f 6182 6498 6183
f 6498 6499 6183
f 6183 6499 6184
f 6499 6500 6184
f 6184 6500 6185
f 6500 6501 6185
f 6185 6501 6186
f 6501 6502 6186
f 6186 6502 6187
f 6502 6503 6187
f 6187 6503 6188
f 6503 6504 6188
f 6188 6504 6189
f 6504 6505 6189
f 6189 6505 6190
f 6505 6506 6190
f 6190 6506 6191
f 6506 6507 6191
f 6191 6507 6192
f 6507 6508 6192
f 6192 6508 6193
f 6508 6509 6193
f 6193 6509 6194
f 6509 6510 6194
f 6194 6510 6195
f 6510 6511 6195
f 6195 6511 6196
f 6511 6512 6196
f 6196 6512 6197
f 6512 6513 6197
f 6197 6513 6198
f 6513 6514 6198
f 6198 6514 6199
f 6514 6515 6199
f 6199 6515 6200
f 6515 6516 6200
f 6200 6516 6201
f 6516 6517 6201
f 6201 6517 6202
f 6517 6518 6202
f 6202 6518 6203
f 6518 6519 6203
f 6203 6519 6204
f 6519 6520 6204
f 6204 6520 6205
f 6520 6521 6205
f 6205 6521 6206
f 6521 6522 6206
f 6206 6522 6207
f 6522 6523 6207
f 6207 6523 6208
f 6523 6524 6208
f 6208 6524 6162
f 6524 6525 6162
f 6162 6525 6163
f 6525 6526 6163
f 6163 6526 6164
f 6526 6527 6164
f 6164 6527 6165
f 6527 6528 6165
f 6165 6528 6166
f 6528 6529 6166
f 6166 6529 6167
f 6529 6530 6167
f 6167 6530 6168
f 6530 6531 6168
f 6168 6531 6169
f 6531 6532 6169
f 6169 6532 6170
f 6532 6533 6170
f 6170 6533 6171
f 6533 6534 6171
f 6171 6534 6172
f 6534 6535 6172
f 6172 6535 6173
f 6535 6536 6173
f 6173 6536 6174
f 6536 6537 6174
f 6174 6537 6175
f 6537 6538 6175
f 6175 6538 6176
f 6538 6539 6176
f 6176 6539 6177
f 6539 6540 6177
f 6177 6540 6178
f 6540 6541 6178
f 6178 6541 6179
f 6541 6542 6179
f 6179 6542 6180
f 6542 6543 6180
f 6180 6543 6445
f 6948 6545 6221
f 6545 6546 6209
f 6209 6546 6210
f 6546 6547 6210
f 6210 6547 6211
f 6547 6548 6211
f 6211 6548 6212
f 6548 6549 6212
f 6212 6549 6213
f 6549 6550 6213
f 6213 6550 6214
f 6550 6551 6214
f 6214 6551 6215
f 6551 6552 6215
f 6215 6552 6216
f 6552 6553 6216
f 6216 6553 6217
f 6553 6554 6217
f 6217 6554 6218
f 6554 6555 6218
f 6218 6555 6219
f 6555 6556 6219
f 6219 6556 6220
f 6556 6557 6220
f 6220 6557 6221
f 6558 6347 6559
f 6347 6348 6559
f 6559 6348 6560
f 6348 6345 6560
f 6560 6345 6561
f 6345 6346 6561
f 6561 6346 6562
f 6346 6327 6562
f 6562 6327 6563
f 6327 6328 6563
f 6563 6328 6564
f 6328 6329 6564
f 6564 6329 6565
f 6329 6330 6565
f 6565 6330 6566
f 6330 6331 6566
f 6566 6331 6567
f 6331 6332 6567
f 6567 6332 6568
f 6332 6333 6568
f 6568 6333 6569
f 6333 6334 6569
f 6569 6334 6570
f 6334 6335 6570
f 6570 6335 6571
f 6335 6336 6571
f 6571 6336 6572
f 6336 6337 6572
f 6572 6337 6573
f 6337 6338 6573
f 6573 6338 6574
f 6338 6339 6574
f 6574 6339 6575
f 6339 6340 6575
f 6575 6340 6576
f 6340 6341 6576
f 6576 6341 6577
f 6341 6342 6577
f 6577 6342 6578
f 6342 6343 6578
f 6578 6343 6579
f 6343 6344 6579
f 6579 6344 6580
f 6344 6326 6580
f 6580 6326 6581
f 6326 6325 6581
f 6581 6325 6582
f 6325 6324 6582
f 6582 6324 6583
f 6324 6323 6583
f 6583 6323 6584
f 6322 6353 6584
f 6584 6353 6585
f 6353 6352 6585
f 6585 6352 6586
f 6586 6352 6587
f 6587 6352 6588
f 6588 6352 6589
f 6589 6352 6590
f 6590 6352 6591
f 6352 6351 6591
f 6591 6351 6592
f 6351 6350 6592
f 6592 6350 6593
f 6350 6349 6593
f 6593 6349 6594
f 6594 6349 6595
f 6595 6349 6596
f 6596 6349 6597
f 6597 6349 6598
f 6598 6349 6558
f 6349 6347 6558
f 6267 5890 6229
f 4512 5890 5889
f 6222 6221 6446
f 6221 6228 6446
f 5889 6446 4512
f 6222 5890 6267
f 5889 5905 5904
f 6599 6600 6790
f 6599 6790 5901
f 6790 5384 5901
f 6601 5901 5384
f 6599 5901 6602
f 5901 6601 6602
f 6603 6604 6395
f 6395 6604 6394
f 6604 6605 6394
f 6394 6605 6393
f 6605 6606 6393
f 6393 6606 6392
f 6606 6607 6392
f 6392 6607 6391
f 6607 6608 6391
f 6391 6608 6390
f 6608 6609 6390
f 6390 6609 6389
f 6609 6610 6389
f 6389 6610 6388
f 6610 6611 6388
f 6388 6611 6387
f 6611 6612 6387
f 6387 6612 6386
f 6612 6613 6386
f 6386 6613 6385
f 6613 6614 6385
f 6385 6614 6384
f 6614 6615 6384
f 6384 6615 6383
f 6615 6616 6383
f 6383 6616 6382
f 6616 6617 6382
f 6382 6617 6381
f 6617 6618 6381
f 6381 6618 6380
f 6618 6619 6380
f 6380 6619 6379
f 6619 6620 6379
f 6379 6620 6378
f 6620 6621 6378
f 6378 6621 6377
f 6621 6622 6377
f 6377 6622 6376
f 6622 6623 6376
f 6376 6623 6375
f 6623 6624 6375
f 6375 6624 6374
f 6624 6625 6374
f 6374 6625 6373
f 6625 6626 6373
f 6373 6626 6372
f 6626 6627 6372
f 6372 6627 6371
f 6627 6628 6371
f 6371 6628 6370
f 6628 6629 6370
f 6370 6629 6369
f 6629 6630 6369
f 6369 6630 6368
f 6630 6631 6368
f 6368 6631 6367
f 6631 6632 6367
f 6367 6632 6366
f 6632 6633 6366
f 6366 6633 6365
f 6633 6634 6365
f 6365 6634 6364
f 6634 6635 6364
f 6364 6635 6363
f 6635 6636 6363
f 6363 6636 6362
f 6636 6637 6362
f 6362 6637 6361
f 6637 6638 6361
f 6361 6638 6360
f 6638 6639 6360
f 6360 6639 6359
f 6639 6640 6359
f 6359 6640 6358
f 6640 6641 6358
f 6358 6641 6357
f 6641 6642 6357
f 6357 6642 6356
f 6642 6643 6356
f 6356 6643 6355
f 6643 6644 6355
f 6355 6644 6354
f 6644 6645 6354
f 6354 6645 6404
f 6645 6646 6404
f 6404 6646 6403
f 6646 6647 6403
f 6403 6647 6402
f 6647 6648 6402
f 6402 6648 6401
f 6648 6649 6401
f 6401 6649 6400
f 6649 6650 6400
f 6400 6650 6399
f 6650 6651 6399
f 6399 6651 6398
f 6651 6652 6398
f 6398 6652 6397
f 6652 6653 6397
f 6397 6653 6396
f 6653 6654 6396
f 6396 6654 6395
f 6654 6603 6395
f 6427 6428 6452
f 6221 6557 6655
f 6948 6221 6655
f 6406 6407 6656
f 6557 6556 6655
f 6556 6555 6655
f 6655 6555 6657
f 6555 6554 6657
f 6554 6553 6657
f 6553 6552 6657
f 6546 6545 6656
f 6545 6544 6656
f 6656 6544 6406
f 6406 6544 6405
f 6552 6551 6657
f 6551 6550 6657
f 6550 6549 6657
f 6549 6548 6657
f 6657 6548 6656
f 6548 6547 6656
f 6656 6547 6546
f 6489 6658 6490
f 6490 6658 6491
f 6658 6492 6491
f 6409 6410 6496
f 6489 6488 6658
f 6488 6487 6658
f 6478 6477 6659
f 6409 6496 6408
f 6660 6656 6496
f 6656 6407 6496
f 6496 6407 6408
f 6410 6411 6496
f 6411 6412 6496
f 6496 6412 6413
f 6496 6495 6660
f 6495 6494 6660
f 6660 6494 6658
f 6494 6493 6658
f 6658 6493 6492
f 6473 6472 6662
f 6456 6455 6428
f 6487 6486 6658
f 6486 6485 6658
f 6658 6485 6659
f 6485 6484 6659
f 6477 6476 6659
f 6476 6475 6659
f 6659 6475 6662
f 6475 6474 6662
f 6662 6474 6473
f 6484 6483 6659
f 6483 6482 6659
f 6482 6481 6659
f 6481 6480 6659
f 6480 6479 6659
f 6659 6479 6478
f 6465 6464 6661
f 6464 6463 6661
f 6455 6454 6428
f 6454 6453 6428
f 6428 6453 6452
f 6472 6471 6662
f 6471 6470 6662
f 6470 6469 6662
f 6469 6468 6662
f 6468 6467 6662
f 6662 6467 6661
f 6467 6466 6661
f 6661 6466 6465
f 6422 6423 6452
f 6423 6424 6452
f 6463 6462 6661
f 6462 6461 6661
f 6661 6461 6460
f 6460 6459 6661
f 6459 6458 6661
f 6661 6458 6428
f 6458 6457 6428
f 6428 6457 6456
f 6413 6414 6496
f 6414 6415 6496
f 6496 6415 6447
f 6415 6416 6447
f 6447 6416 6417
f 6424 6425 6452
f 6425 6426 6452
f 6452 6426 6427
f 6452 6451 6422
f 6451 6450 6422
f 6422 6450 6449
f 6417 6418 6447
f 6418 6419 6447
f 6447 6419 6448
f 6419 6420 6448
f 6448 6420 6449
f 6420 6421 6449
f 6449 6421 6422
f 6440 6441 6445
f 6517 6516 6664
f 6516 6515 6664
f 6515 6514 6664
f 6429 6430 6539
f 6441 6442 6445
f 6442 6443 6445
f 6445 6443 6444
f 6445 6545 6446
f 6431 6432 6541
f 6432 6433 6541
f 6520 6519 6663
f 6663 6519 6664
f 6519 6518 6664
f 6664 6518 6517
f 6514 6513 6664
f 6513 6512 6664
f 6505 6504 6665
f 6433 6434 6541
f 6434 6435 6541
f 6541 6435 6542
f 6437 6438 6543
f 6431 6541 6430
f 6541 6540 6430
f 6430 6540 6539
f 6537 6536 6428
f 6526 6525 6661
f 6512 6511 6664
f 6511 6510 6664
f 6664 6510 6665
f 6510 6509 6665
f 6509 6508 6665
f 6508 6507 6665
f 6507 6506 6665
f 6665 6506 6505
f 6500 6499 6666
f 6499 6498 6666
f 6666 6498 6667
f 6498 6497 6667
f 6667 6497 6445
f 6542 6435 6543
f 6435 6436 6543
f 6543 6436 6437
f 6445 6543 6440
f 6440 6543 6439
f 6543 6438 6439
f 6429 6539 6428
f 6539 6538 6428
f 6428 6538 6537
f 6661 6525 6663
f 6504 6503 6665
f 6503 6502 6665
f 6665 6502 6666
f 6502 6501 6666
f 6666 6501 6500
f 6667 6445 6446
f 6532 6531 6661
f 6531 6530 6661
f 6661 6530 6529
f 6529 6528 6661
f 6528 6527 6661
f 6661 6527 6526
f 6525 6524 6663
f 6524 6523 6663
f 6523 6522 6663
f 6522 6521 6663
f 6663 6521 6520
f 6536 6535 6428
f 6535 6534 6428
f 6428 6534 6661
f 6534 6533 6661
f 6661 6533 6532
f 6745 6669 6670
f 6669 6671 6670
f 6670 6671 6672
f 6671 6673 6672
f 6672 6673 6674
f 6673 6675 6674
f 6674 6675 6676
f 6675 6677 6676
f 6676 6677 6678
f 6677 6679 6678
f 6678 6679 6680
f 6679 6681 6680
f 6680 6681 6682
f 6681 6683 6682
f 6682 6683 6684
f 6683 6685 6684
f 6684 6685 6686
f 6685 6687 6686
f 6686 6687 6688
f 6687 6689 6688
f 6688 6689 6690
f 6689 6691 6690
f 6690 6691 6692
f 6691 6693 6692
f 6692 6693 6694
f 6693 6695 6694
f 6694 6695 6696
f 6695 6697 6696
f 6696 6697 6698
f 6697 6699 6698
f 6698 6699 6700
f 6699 6701 6700
f 6700 6701 6702
f 6701 6703 6702
f 6702 6703 6704
f 6703 6705 6704
f 6704 6705 6706
f 6705 6707 6706
f 6706 6707 6708
f 6707 6709 6708
f 6708 6709 6710
f 6709 6711 6710
f 6710 6711 6712
f 6711 6713 6712
f 6712 6713 6714
f 6713 6715 6714
f 6714 6715 6716
f 6715 6717 6716
f 6716 6717 6718
f 6717 6719 6718
f 6718 6719 6720
f 6719 6721 6720
f 6720 6721 6722
f 6721 6723 6722
f 6722 6723 6724
f 6723 6725 6724
f 6724 6725 6726
f 6725 6727 6726
f 6726 6727 6728
f 6727 6729 6728
f 6728 6729 6730
f 6729 6731 6730
f 6730 6731 6732
f 6731 6733 6732
f 6732 6733 6734
f 6733 6735 6734
f 6734 6735 6736
f 6735 6737 6736
f 6736 6737 6738
f 6737 6739 6738
f 6738 6739 6740
f 6739 6741 6740
f 6740 6741 6742
f 6741 6743 6742
f 6742 6743 6744
f 6743 6745 6744
f 6584 6746 6583
f 6583 6746 6582
f 6746 6747 6582
f 6582 6747 6581
f 6747 6748 6581
f 6581 6748 6580
f 6748 6749 6580
f 6580 6749 6579
f 6749 6750 6579
f 6579 6750 6578
f 6750 6751 6578
f 6578 6751 6577
f 6751 6752 6577
f 6577 6752 6576
f 6752 6753 6576
f 6576 6753 6575
f 6753 6754 6575
f 6575 6754 6574
f 6754 6755 6574
f 6574 6755 6573
f 6755 6756 6573
f 6573 6756 6572
f 6756 6757 6572
f 6572 6757 6571
f 6757 6758 6571
f 6571 6758 6570
f 6758 6759 6570
f 6570 6759 6569
f 6759 6760 6569
f 6569 6760 6568
f 6760 6761 6568
f 6568 6761 6567
f 6761 6762 6567
f 6567 6762 6566
f 6762 6763 6566
f 6566 6763 6565
f 6763 6764 6565
f 6565 6764 6564
f 6764 6765 6564
f 6564 6765 6563
f 6765 6766 6563
f 6563 6766 6562
f 6766 6767 6562
f 6562 6767 6561
f 6767 6768 6561
f 6561 6768 6560
f 6768 6769 6560
f 6560 6769 6559
f 6769 6770 6559
f 6559 6770 6558
f 6770 6771 6558
f 6558 6771 6598
f 6771 6772 6598
f 6598 6772 6597
f 6772 6773 6597
f 6597 6773 6596
f 6773 6774 6596
f 6596 6774 6595
f 6774 6775 6595
f 6595 6775 6594
f 6775 6776 6594
f 6594 6776 6593
f 6776 6777 6593
f 6593 6777 6592
f 6777 6778 6592
f 6592 6778 6591
f 6778 6779 6591
f 6591 6779 6590
f 6779 6780 6590
f 6590 6780 6589
f 6780 6781 6589
f 6589 6781 6588
f 6781 6782 6588
f 6588 6782 6587
f 6782 6783 6587
f 6587 6783 6586
f 6783 6784 6586
f 6586 6784 6585
f 6784 6785 6585
f 6585 6785 6584
f 6786 6970 6787
f 6970 6788 6787
f 6789 6790 6600
f 4972 6791 4961
f 6791 6792 4961
f 4961 6792 4962
f 6792 6793 4962
f 4962 6793 4963
f 6793 6794 4963
f 4963 6794 4926
f 6794 6795 4926
f 4926 6795 4927
f 6795 6796 4927
f 4927 6796 4964
f 6796 6797 4964
f 4964 6797 4965
f 6797 6798 4965
f 4965 6798 4966
f 6798 6799 4966
f 4966 6799 4967
f 6799 6800 4967
f 4967 6800 4968
f 6800 6801 4968
f 4968 6801 4969
f 6801 6802 4969
f 4969 6802 4973
f 6802 6803 4973
f 4973 6803 4974
f 6803 6804 4974
f 4974 6804 4941
f 6804 6805 4941
f 4941 6805 4942
f 6805 6806 4942
f 4942 6806 4943
f 6806 6807 4943
f 4943 6807 4944
f 6807 6808 4944
f 4944 6808 4975
f 6808 6809 4975
f 4975 6809 4976
f 6809 6810 4976
f 4976 6810 4977
f 6810 6811 4977
f 4977 6811 4978
f 6811 6812 4978
f 4978 6812 4921
f 6812 6813 4921
f 4921 6813 4908
f 6813 6814 4908
f 4908 6814 4907
f 6814 6815 4907
f 4907 6815 4912
f 6815 6816 4912
f 4912 6816 4911
f 6816 6817 4911
f 4911 6817 4910
f 6817 6818 4910
f 4910 6818 4909
f 6818 6819 4909
f 4909 6819 4914
f 6819 6820 4914
f 4914 6820 4915
f 6820 6821 4915
f 4915 6821 4916
f 6821 6822 4916
f 4916 6822 4917
f 6822 6823 4917
f 4917 6823 4918
f 6823 6824 4918
f 4918 6824 4919
f 6824 6825 4919
f 4919 6825 4920
f 6825 6826 4920
f 4920 6826 4906
f 6826 6827 4906
f 4906 6827 4947
f 6827 6828 4947
f 4947 6828 4946
f 6828 6829 4946
f 4946 6829 4945
f 6829 6830 4945
f 4945 6830 4924
f 6830 6831 4924
f 4924 6831 4925
f 6831 6832 4925
f 4925 6832 4948
f 6832 6833 4948
f 4948 6833 4949
f 6833 6834 4949
f 4949 6834 4950
f 6834 6835 4950
f 4950 6835 4928
f 6835 6836 4928
f 4928 6836 4929
f 6836 6837 4929
f 4929 6837 4930
f 6837 6838 4930
f 4930 6838 4951
f 6838 6839 4951
f 4951 6839 4952
f 6839 6840 4952
f 4952 6840 4931
f 6840 6841 4931
f 4931 6841 4932
f 6841 6842 4932
f 4932 6842 4933
f 6842 6843 4933
f 4933 6843 4953
f 6843 6844 4953
f 4953 6844 4954
f 6844 6845 4954
f 4954 6845 4955
f 6845 6846 4955
f 4955 6846 4922
f 6846 6847 4922
f 4922 6847 4923
f 6847 6848 4923
f 4923 6848 4934
f 6848 6849 4934
f 4934 6849 4935
f 6849 6850 4935
f 4935 6850 4936
f 6850 6851 4936
f 4936 6851 4956
f 6851 6852 4956
f 4956 6852 4957
f 6852 6853 4957
f 4957 6853 4958
f 6853 6854 4958
f 4958 6854 4959
f 6854 6855 4959
f 4959 6855 4960
f 6855 6856 4960
f 4960 6856 4937
f 6856 6857 4937
f 4937 6857 4938
f 6857 6858 4938
f 4938 6858 4939
f 6858 6859 4939
f 4939 6859 4940
f 6859 6860 4940
f 4940 6860 4970
f 6860 6861 4970
f 4970 6861 4971
f 6861 6862 4971
f 4971 6862 4972
f 6862 6791 4972
f 6910 6863 6864
f 6863 6865 6864
f 6864 6865 6866
f 6865 6867 6866
f 6866 6867 6868
f 6867 6869 6868
f 6868 6869 6870
f 6869 6871 6870
f 6870 6871 6872
f 6871 6873 6872
f 6872 6873 6874
f 6873 6875 6874
f 6874 6875 6876
f 6875 6877 6876
f 6876 6877 6878
f 6877 6879 6878
f 6878 6879 6880
f 6879 6881 6880
f 6880 6881 6882
f 6881 6883 6882
f 6882 6883 6884
f 6883 6885 6884
f 6884 6885 6886
f 6885 6887 6886
f 6886 6887 6888
f 6887 6889 6888
f 6888 6889 6890
f 6889 6891 6890
f 6890 6891 6892
f 6891 6893 6892
f 6892 6893 6894
f 6893 6895 6894
f 6894 6895 6896
f 6895 6897 6896
f 6896 6897 6898
f 6897 6899 6898
f 6898 6899 6900
f 6899 6901 6900
f 6900 6901 6902
f 6901 6903 6902
f 6902 6903 6904
f 6903 6905 6904
f 6904 6905 6906
f 6905 6907 6906
f 6906 6907 6908
f 6907 6909 6908
f 6908 6909 6910
f 4540 4542 4668
f 4664 4515 4517
f 4517 4520 4664
f 4520 4523 4664
f 4664 4523 4526
f 4532 4534 4664
f 4534 4536 4664
f 4664 4536 4668
f 4536 4538 4668
f 4668 4538 4540
f 4526 4528 4664
f 4528 4530 4664
f 4664 4530 4532
f 5904 4668 5889
f 5889 4668 4544
f 4668 4542 4544
f 6786 6787 6789
f 6810 6809 6786
f 6861 6860 118
f 6835 6834 6789
f 6820 6819 6786
f 6806 6805 124
f 6836 6835 6602
f 6835 6789 6602
f 6602 6789 6599
f 6789 6600 6599
f 6841 6840 6602
f 6840 6839 6602
f 6806 124 6807
f 6805 6804 124
f 6804 6803 124
f 124 6803 6802
f 6839 6838 6602
f 6838 6837 6602
f 6602 6837 6836
f 6827 6826 6786
f 6786 6809 124
f 6809 6808 124
f 124 6808 6807
f 6802 6801 124
f 6801 6800 124
f 124 6800 6799
f 6799 6798 124
f 6798 6797 124
f 124 6797 6796
f 6860 6859 118
f 6859 6858 118
f 118 6858 6857
f 6857 6856 118
f 6856 6855 118
f 118 6855 6854
f 6826 6825 6786
f 6825 6824 6786
f 6786 6824 6823
f 6823 6822 6786
f 6822 6821 6786
f 6786 6821 6820
f 6819 6818 6786
f 6818 6817 6786
f 6786 6817 6816
f 6816 6815 6786
f 6815 6814 6786
f 6786 6814 6813
f 6813 6812 6786
f 6812 6811 6786
f 6786 6811 6810
f 6850 6849 6602
f 6849 6848 6602
f 6602 6848 6847
f 6844 6843 6602
f 6843 6842 6602
f 6602 6842 6841
f 6796 6795 124
f 6795 6794 124
f 124 6794 6793
f 6847 6846 6602
f 6846 6845 6602
f 6602 6845 6844
f 6834 6833 6789
f 6833 6832 6789
f 6789 6832 6831
f 6793 6792 124
f 6792 6791 124
f 124 6791 118
f 6791 6862 118
f 118 6862 6861
f 6831 6830 6789
f 6830 6829 6789
f 6789 6829 6786
f 6829 6828 6786
f 6786 6828 6827
f 6854 6853 118
f 6853 6852 118
f 118 6852 6602
f 6852 6851 6602
f 6602 6851 6850
f 6911 5891 4
f 5891 107 4
f 4 107 3
f 121 184 205
f 184 6912 205
f 205 6912 206
f 206 6912 210
f 6912 6913 210
f 210 6913 211
f 211 6913 212
f 6913 6914 212
f 212 6914 213
f 213 6914 214
f 6914 6915 214
f 214 6915 215
f 215 6915 216
f 6915 6916 216
f 216 6916 217
f 6916 6917 217
f 217 6917 218
f 6917 6918 218
f 218 6918 219
f 6918 6919 219
f 219 6919 220
f 6919 6920 220
f 220 6920 221
f 6920 6921 221
f 221 6921 229
f 6921 6922 229
f 229 6922 230
f 6922 6923 230
f 230 6923 231
f 6923 6924 231
f 231 6924 235
f 6924 6925 235
f 235 6925 236
f 6925 6926 236
f 236 6926 237
f 6926 6927 237
f 237 6927 241
f 6927 6928 241
f 241 6928 242
f 6928 6929 242
f 242 6929 243
f 6929 6930 243
f 243 6930 238
f 6930 6931 238
f 238 6931 239
f 6931 6932 239
f 239 6932 240
f 6932 6933 240
f 240 6933 232
f 6933 6934 232
f 232 6934 233
f 6934 6935 233
f 233 6935 234
f 6935 6936 234
f 234 6936 225
f 6936 6937 225
f 225 6937 226
f 6937 6938 226
f 226 6938 227
f 6938 6939 227
f 227 6939 201
f 6939 6940 201
f 201 6940 202
f 6940 6941 202
f 202 6941 203
f 6941 6942 203
f 203 6942 204
f 6943 228 6942
f 228 204 6942
f 6944 6945 207
f 207 224 6944
f 224 223 6944
f 6944 223 6943
f 223 222 6943
f 6943 222 228
f 4 5 6911
f 5 209 6911
f 6911 209 6945
f 209 208 6945
f 6945 208 207
f 184 110 6912
f 6912 110 6913
f 6913 110 6914
f 6914 110 6915
f 6915 110 6916
f 6916 110 6917
f 6917 110 6918
f 6918 110 6919
f 6919 110 6920
f 6920 110 6921
f 6921 110 6922
f 110 6946 6922
f 6922 6946 6923
f 6923 6946 6924
f 6924 6946 6925
f 6925 6946 6926
f 6926 6946 6927
f 6927 6946 6928
f 6928 6946 6929
f 6929 6946 6930
f 6930 6946 6931
f 6931 6946 6932
f 6932 6946 6933
f 6933 6946 6934
f 6934 6946 6935
f 6935 6946 6936
f 6936 6946 6937
f 6937 6946 6938
f 6938 6946 6939
f 6939 6946 6940
f 6940 6946 6941
f 6941 6946 6942
f 6946 6947 6942
f 6942 6947 6943
f 6943 6947 6944
f 6944 6947 6945
f 6945 6947 6911
f 6911 6947 5891
f 6446 6948 110
f 110 6948 6946
f 6948 6947 6946
f 6948 6446 6947
f 6950 6446 6948
f 6951 6949 109
f 6951 4769 4768
f 4766 4764 4768
f 4768 4764 6952
f 4764 4762 6952
f 4762 4760 6952
f 4760 4758 6952
f 4758 4755 6952
f 6952 4755 6953
f 4755 4753 6953
f 4753 4751 6953
f 6953 4751 6954
f 4751 4749 6954
f 4749 4747 6954
f 6954 4747 4746
f 4746 4743 4742
f 4742 4739 4738
f 4738 4735 4734
f 4734 4731 4730
f 4730 4726 4725
f 4725 4706 6955
f 4706 4723 6955
f 4723 4709 6955
f 6955 4709 6956
f 4709 4722 6956
f 4722 4712 6956
f 6956 4712 6957
f 4712 4721 6957
f 4721 4715 6957
f 6957 4715 6968
f 4715 4716 6968
f 4716 4718 6968
f 4718 4776 6968
f 4776 4778 6968
f 6968 4778 6958
f 4778 4780 6958
f 4780 4782 6958
f 6958 4782 6959
f 4782 4784 6959
f 4784 4786 6959
f 6959 4786 6960
f 4786 4788 6960
f 4788 4790 6960
f 6960 4790 6961
f 4790 4792 6961
f 4792 4794 6961
f 6961 4794 6962
f 4794 4796 6962
f 4796 4798 6962
f 6962 4798 6963
f 4798 4800 6963
f 4800 4802 6963
f 6963 4802 6964
f 4802 4804 6964
f 4804 4806 6964
f 6964 4806 4808
f 4808 4809 4812
f 4812 4813 4816
f 4816 4817 4820
f 4820 4821 4823
f 4823 4824 4827
f 4827 4828 6969
f 6948 6949 6950
f 6967 6966 6949
f 6966 6950 6949
f 6965 4746 6949
f 4746 4738 6949
f 4738 6967 6949
f 6968 6966 6967
f 6966 4816 6950
f 4816 4827 6950
f 6966 4808 4816
f 4816 4820 4827
f 6949 6951 6965
f 6965 6951 4768
f 4768 6952 6965
f 6952 6953 6965
f 6953 6954 6965
f 6965 6954 4746
f 4746 4742 4738
f 4734 4730 4738
f 4738 4730 6967
f 4730 4725 6967
f 4725 6955 6967
f 6955 6956 6967
f 6956 6957 6967
f 6957 6968 6967
f 6958 6959 6968
f 6959 6960 6968
f 6968 6960 6966
f 6960 6961 6966
f 6961 6962 6966
f 6962 6963 6966
f 6963 6964 6966
f 6966 6964 4808
f 4808 4812 4816
f 4820 4823 4827
f 4827 6969 6950
f 4828 4831 6969
f 4831 4833 6969
f 4833 4835 6969
f 6969 4835 4772
f 6969 4772 6950
f 6635 6634 6602
f 6603 6601 5384
f 6629 118 6630
f 118 6602 6630
f 6630 6602 6631
f 6629 6628 118
f 6628 6627 118
f 118 6627 6626
f 6634 6633 6602
f 6633 6632 6602
f 6602 6632 6631
f 6626 6625 118
f 6625 6624 118
f 118 6624 6623
f 6623 6622 118
f 6622 6621 118
f 118 6621 6620
f 6611 108 118
f 6605 6604 108
f 6604 6603 108
f 108 6603 5384
f 6638 6637 6602
f 6637 6636 6602
f 6602 6636 6635
f 6620 6619 118
f 6619 6618 118
f 118 6618 6617
f 6611 6610 108
f 6610 6609 108
f 108 6609 6608
f 6603 6654 6601
f 6654 6653 6601
f 6601 6653 6652
f 6617 6616 118
f 6616 6615 118
f 118 6615 6614
f 6608 6607 108
f 6607 6606 108
f 108 6606 6605
f 6643 6642 6602
f 6642 6641 6602
f 6614 6613 118
f 6613 6612 118
f 118 6612 6611
f 6652 6651 6601
f 6651 6650 6601
f 6601 6650 6602
f 6650 6649 6602
f 6649 6648 6602
f 6648 6647 6602
f 6602 6647 6646
f 6641 6640 6602
f 6640 6639 6602
f 6602 6639 6638
f 6646 6645 6602
f 6645 6644 6602
f 6602 6644 6643
f 6656 6660 117
f 6660 6658 117
f 117 6658 123
f 6658 6659 123
f 6659 6662 123
f 6662 6661 123
f 6661 6663 123
f 6663 6664 123
f 123 6664 6666
f 6664 6665 6666
f 6667 6446 6666
f 6948 6655 117
f 6655 6657 117
f 117 6657 6656
f 6688 6110 6686
f 6686 6110 6684
f 6684 6110 6682
f 6682 6110 6680
f 6680 6110 6678
f 6678 6110 6676
f 6676 6110 6674
f 6674 6110 6672
f 6672 6110 6670
f 6670 6110 6745
f 6110 6093 6745
f 6093 6092 6745
f 6092 6073 6745
f 6073 5621 6745
f 6091 6090 6745
f 6090 6089 6745
f 6089 6088 6745
f 6088 6087 6745
f 6087 6086 6745
f 6086 6085 6745
f 6085 6084 6745
f 6745 6084 6744
f 6084 6083 6744
f 6744 6083 6742
f 6083 6082 6742
f 6742 6082 6740
f 6082 6081 6740
f 6740 6081 6738
f 6081 6080 6738
f 6738 6080 6736
f 6080 6079 6736
f 6736 6079 6734
f 6079 6078 6734
f 6734 6078 6732
f 6078 6077 6732
f 6732 6077 6730
f 6077 6076 6730
f 6730 6076 6728
f 6076 6074 6728
f 6728 6074 6726
f 6074 6075 6726
f 6726 6075 6724
f 6075 6094 6724
f 6724 6094 6722
f 6094 6095 6722
f 6722 6095 6720
f 6095 6096 6720
f 6720 6096 6718
f 6096 6097 6718
f 6718 6097 6716
f 6097 6098 6716
f 6716 6098 6714
f 6098 6099 6714
f 6714 6099 6712
f 6099 6100 6712
f 6712 6100 6710
f 6100 6101 6710
f 6710 6101 6708
f 6101 6102 6708
f 6708 6102 6706
f 6102 6103 6706
f 6706 6103 6704
f 6103 6104 6704
f 6704 6104 6702
f 6104 6105 6702
f 6702 6105 6700
f 6105 6106 6700
f 6700 6106 6698
f 6106 6107 6698
f 6698 6107 6696
f 6107 6108 6696
f 6696 6108 6694
f 6108 6109 6694
f 6694 6109 6692
f 6109 6110 6692
f 6692 6110 6690
f 6690 6110 6688
f 6910 190 6668
f 190 6910 111
f 6668 6970 6745
f 6745 6910 6668
f 6699 6697 6786
f 6679 6677 6786
f 6677 6675 6786
f 6786 6675 6673
f 6673 6671 6786
f 6671 6669 6786
f 6786 6669 6970
f 6669 6745 6970
f 6903 6901 124
f 6901 6899 124
f 6899 6897 124
f 6897 6895 124
f 124 6895 6893
f 6871 6869 124
f 6743 6741 124
f 6741 6739 124
f 124 6739 6737
f 6737 6735 124
f 6735 6733 124
f 124 6733 6731
f 124 6719 6717
f 6910 6909 111
f 6909 6907 111
f 111 6907 124
f 6907 6905 124
f 124 6905 6903
f 6883 124 6885
f 124 6887 6885
f 6883 6881 124
f 6881 6879 124
f 124 6879 6877
f 6725 6723 124
f 6723 6721 124
f 124 6721 6719
f 6709 6707 6786
f 6707 6705 6786
f 6697 6695 6786
f 6695 6693 6786
f 6786 6693 6691
f 6685 6683 6786
f 6683 6681 6786
f 6786 6681 6679
f 6893 6891 124
f 6891 6889 124
f 124 6889 6887
f 6877 6875 124
f 6875 6873 124
f 124 6873 6871
f 6869 6867 124
f 6867 6865 124
f 124 6865 6863
f 124 6745 6743
f 6731 6729 124
f 6729 6727 124
f 124 6727 6725
f 6705 6703 6786
f 6703 6701 6786
f 6786 6701 6699
f 6691 6689 6786
f 6689 6687 6786
f 6786 6687 6685
f 124 6863 6745
f 6863 6910 6745
f 6717 6715 124
f 6715 6713 124
f 124 6713 6786
f 6713 6711 6786
f 6786 6711 6709
f 6790 6788 6970
f 6748 6747 6789
f 6789 6758 6757
f 6747 6746 6789
f 6746 6584 6789
f 6788 6790 6584
f 6584 6785 6788
f 6788 6785 6784
f 6775 6774 6787
f 6774 6773 6787
f 6787 6773 6772
f 6757 6756 6789
f 6756 6755 6789
f 6789 6755 6754
f 6754 6753 6789
f 6753 6752 6789
f 6789 6752 6751
f 6751 6750 6789
f 6750 6749 6789
f 6789 6749 6748
f 6789 6584 6790
f 6779 6788 6780
f 6788 6781 6780
f 6762 6761 6787
f 6761 6760 6787
f 6787 6760 6789
f 6760 6759 6789
f 6789 6759 6758
f 6784 6783 6788
f 6783 6782 6788
f 6788 6782 6781
f 6779 6778 6788
f 6778 6777 6788
f 6788 6777 6787
f 6777 6776 6787
f 6787 6776 6775
f 6769 6768 6787
f 6768 6767 6787
f 6767 6766 6787
f 6787 6766 6765
f 6765 6764 6787
f 6764 6763 6787
f 6787 6763 6762
f 6772 6771 6787
f 6771 6770 6787
f 6787 6770 6769
f 6971 6972 6910
f 6972 6973 6910
f 6973 6974 6910
f 6974 6975 6910
f 6975 6976 6910
f 6976 6977 6910
f 6977 6978 6910
f 6978 6979 6910
f 6979 6980 6910
f 6980 6981 6910
f 6981 6982 6910
f 6982 6983 6910
f 6983 6984 6910
f 6984 6985 6910
f 6985 6986 6910
f 6986 6987 6910
f 6987 6988 6910
f 6988 6989 6910
f 6989 6990 6910
f 6990 4546 6910
f 6910 4546 6908
f 4546 6991 6908
f 6908 6991 6906
f 6991 6992 6906
f 6906 6992 6904
f 6992 6993 6904
f 6904 6993 6902
f 6993 6994 6902
f 6902 6994 6900
f 6994 6995 6900
f 6900 6995 6898
f 6995 6996 6898
f 6898 6996 6896
f 6996 6997 6896
f 6896 6997 6894
f 6997 6998 6894
f 6894 6998 6892
f 6998 6999 6892
f 6892 6999 6890
f 6999 7000 6890
f 6890 7000 6888
f 7000 7001 6888
f 6888 7001 6886
f 7001 7002 6886
f 6886 7002 6884
f 7002 7003 6884
f 6884 7003 6882
f 7003 7004 6882
f 6882 7004 6880
f 7004 7005 6880
f 6880 7005 6878
f 7005 7006 6878
f 6878 7006 6876
f 7006 7007 6876
f 6876 7007 6874
f 7007 7008 6874
f 6874 7008 6872
f 7008 7009 6872
f 6872 7009 6870
f 7009 7010 6870
f 6870 7010 6868
f 7010 7011 6868
f 6868 7011 6866
f 7011 7012 6866
f 6866 7012 6864
f 7012 7013 6864
f 6864 7013 6910
f 7013 7014 6910
f 7014 7015 6910
f 7015 7016 6910
f 7016 7017 6910
f 7017 7018 6910
f 7018 7019 6910
f 7019 6971 6910
f 6091 6745 5580
f 6745 5560 5580
f 5388 6790 6970
f 5388 6970 5391
f 5391 6970 6668
f 190 5392 6668
f 6668 5392 5391
f 4599 4598 7014
f 6989 4658 6990
f 4658 4662 6990
f 6990 4662 4546
f 6988 4648 6989
f 4648 4659 6989
f 6989 4659 4658
f 6987 4651 6988
f 4651 4649 6988
f 6988 4649 4648
f 6986 4656 6987
f 4656 4652 6987
f 6987 4652 4651
f 6985 4646 6986
f 4646 4655 6986
f 6986 4655 4656
f 6984 4637 6985
f 4637 4647 6985
f 6985 4647 4646
f 6983 4640 6984
f 4640 4638 6984
f 6984 4638 4637
f 6982 4643 6983
f 4643 4644 6983
f 6983 4644 4640
f 6978 4628 6979
f 4628 4626 6979
f 6979 4626 6980
f 4626 4636 6980
f 6980 4636 6981
f 4636 4635 6981
f 6981 4635 6982
f 4635 4633 6982
f 6982 4633 4643
f 6973 4621 6974
f 4621 4620 6974
f 6974 4620 6975
f 4620 4618 6975
f 6975 4618 6976
f 4618 4631 6976
f 6976 4631 6977
f 4631 4630 6977
f 6977 4630 6978
f 4630 4629 6978
f 6978 4629 4628
f 4624 4623 6973
f 4623 4622 6973
f 6973 4622 4621
f 6973 6972 4624
f 6972 6971 4624
f 4624 6971 4596
f 7019 7018 4594
f 4594 4593 7019
f 4593 4597 7019
f 7019 4597 6971
f 4597 4596 6971
f 7017 7016 4592
f 4592 4591 7017
f 4591 4590 7017
f 7017 4590 7018
f 4590 4595 7018
f 7018 4595 4594
f 7014 4598 7015
f 4598 4587 7015
f 4587 4586 7015
f 7015 4586 7016
f 4586 4589 7016
f 7016 4589 4592
f 4599 7014 4600
f 7014 7013 4600
f 4600 7013 4601
f 7013 7012 4601
f 4601 7012 4602
f 4602 7012 4604
f 7012 7011 4604
f 4604 7011 4605
f 4605 7011 4606
f 7011 7010 4606
f 4606 7010 4607
f 4607 7010 4608
f 7010 7009 4608
f 4608 7009 4609
f 4609 7009 4610
f 7009 7008 4610
f 4610 7008 4611
f 4611 7008 4612
f 7008 7007 4612
f 4612 7007 4613
f 4613 7007 4614
f 7007 7006 4614
f 4614 7006 4615
f 7006 7005 4615
f 4615 7005 4616
f 4616 7005 4581
f 7005 7004 4581
f 4581 7004 4580
f 7004 7003 4580
f 4580 7003 4578
f 7003 7002 4578
f 4578 7002 4582
f 7002 7001 4582
f 4582 7001 4583
f 7001 7000 4583
f 4583 7000 4584
f 4584 7000 4571
f 7000 6999 4571
f 4571 6999 4572
f 6999 6998 4572
f 4572 6998 4573
f 6998 6997 4573
f 4573 6997 4574
f 6997 6996 4574
f 4574 6996 4576
f 4576 6996 4577
f 6996 6995 4577
f 4577 6995 4565
f 4565 6995 4567
f 6995 6994 4567
f 4567 6994 4568
f 4568 6994 4563
f 6994 6993 4563
f 4563 6993 4561
f 4561 6993 4562
f 6993 6992 4562
f 4562 6992 4569
f 4569 6992 4560
f 6992 6991 4560
f 4560 6991 4546
