v 0.00742567 -0.00311497 0.0165345
v 0.007529 -0.00041619 0.0164696
v 0.00730079 0.00140259 0.0164594
v -0.00367815 0.00650714 0.0177194
v -0.00735128 -0.00244288 0.0180121
v -0.00485368 -0.00608252 0.0181333
v -0.00194621 0.00733135 0.0282149
v -0.0071325 0.00257839 0.0284456
v -0.00753146 -0.000822244 0.0585531
v -0.00633352 -0.00421992 0.0886458
v 0.00325886 -0.00685945 0.119003
v 0.00604669 0.00513979 0.135831
v 0.00745256 0.00163283 0.135876
v 0.00151856 -0.00774017 0.135341
v 0.0019824 -0.00734286 0.135765
v -0.00680562 -0.00387655 0.135047
v -0.0078641 -0.000579853 0.13494
v -0.00123258 0.00773061 0.134589
v 0.0022336 0.00755935 0.134482
v 0.00419578 0.00660709 0.134418
v 0.00668103 0.00418072 0.134311
v 0.00751809 0.00217104 0.134246
v 0.00777283 -0.0012957 0.134139
v 0.00606334 -0.00494369 0.134017
v 0.00335506 -0.00712836 0.13391
v 0.00126867 -0.00771827 0.133845
v 0.00126221 -0.00771739 0.120023
v 0.00557351 0.00563175 0.0578484
v 0.00675913 0.00413428 0.0577911
v 0.00764079 0.0019574 0.0577214
v 0.00780042 -0.00138705 0.0576192
v 0.00701824 -0.00359688 0.0575495
v 0.00491897 -0.0062102 0.0574473
v 0.00287203 -0.00734336 0.0573776
v -0.000435578 -0.00790983 0.0572753
v -0.0027148 -0.00740157 0.0572057
v -0.0055705 -0.00563183 0.0571033
v -0.00693676 -0.00374366 0.0570337
v -0.00790362 -0.000522323 0.0569313
v -0.00767467 0.0017926 0.0568618
v -0.00626241 0.00484922 0.0567593
v -0.00455932 0.00642702 0.0566898
v -0.00147268 0.00778177 0.0565873
v 0.000843921 0.0078334 0.0565178
v 0.00405691 0.00680137 0.0564153
v 0.00582172 0.00530681 0.0563458
v 0.00028335 0.00784445 0.0292155
v 0.00202298 0.00741639 0.0280113
v 0.00621701 -0.00474866 0.0182181
v 0.000676654 -0.00781266 0.018249
v -0.00216739 -0.00743355 0.0182423
v 0.00625817 -0.00435147 0.0170009
v 0.00340739 0.00641412 0.0176746
v 0.00687314 0.00395885 0.0173089
v 0.00687144 0.00351773 0.0173074
v 0.00763875 0.00187024 0.0171753
v 0.00775278 -0.000394122 0.0171843
v 0.00759711 -0.00212474 0.0170521
v 0.00661364 -0.00413113 0.0170638
v -0.00442443 0.00663014 0.0175359
v -0.00584278 0.00598181 0.136459
v 0.00770566 0.00266923 0.135461
v 0.00437766 -0.00670092 0.13524
v 0.00264798 -0.00765653 0.135011
v -0.00551455 0.00573987 0.128553
v 0.00148457 -0.00756867 0.118223
v 0.00126421 -0.00780221 0.118399
v -0.00185355 -0.007775 0.118568
v 0.0029173 0.00724807 0.117665
v 0.00532629 0.00600231 0.117698
v 0.0066592 0.00461404 0.117451
v -0.0077597 0.00225476 0.115245
v -0.00779425 -0.00213321 0.101885
v -0.00789541 -0.00200918 0.0881589
v -0.00792233 0.000423012 0.0882467
v 0.00363133 0.00719086 0.0877468
v 0.00525307 0.00616762 0.0875133
v -0.00591769 -0.00550935 0.0750022
v -0.000927364 -0.00779646 0.0614714
v -0.00374832 -0.00715266 0.0614964
v 0.00353155 0.00723317 0.0577633
v 0.00513989 0.00626226 0.0575176
v 0.00398144 -0.00676436 0.0481463
v 0.00192517 -0.0078011 0.0481314
v -0.00148136 -0.00770549 0.0479738
v -0.00371963 -0.00712053 0.0479587
v -0.00531124 -0.0059959 0.0479607
v 0.00112397 -0.00785703 0.0346455
v -0.00628463 0.00457441 0.0276485
v -0.00623797 0.00482939 0.0278395
v -0.00411514 0.00687907 0.0280127
v 0.000159217 0.00776585 0.0274184
v 0.000387742 0.00787994 0.0276086
v 0.00332577 0.00715379 0.0277177
v 0.00694578 -0.00353254 0.0212646
v 0.00629604 -0.00484527 0.0212673
v -0.00140606 -0.00808574 0.0179954
v -0.00244463 -0.00775246 0.0178722
v -0.00465888 -0.00665023 0.0177884
v -0.00604571 -0.00547493 0.0177713
v -0.00701515 -0.00410401 0.0177549
v -0.00768228 -0.00257233 0.0176338
v -0.00809337 -0.00036278 0.0175674
v -0.00813016 0.000227721 0.0176123
v -0.00764262 0.0024433 0.0176871
v -0.0075454 0.00294979 0.0174677
v -0.0066565 0.0045309 0.0176052
v -0.00628292 0.00489549 0.0175611
v -0.00570142 0.00575571 0.0173681
v 0.00181995 -0.00770739 0.0180667
v 0.00149726 -0.00711293 0.135994
v -0.000104829 -0.00727587 0.135965
v -0.00263965 -0.00686695 0.135929
v -0.00440672 -0.00592937 0.135911
v -0.00663903 -0.00335908 0.13586
v -0.00725892 -0.00176289 0.135835
v -0.00745207 0.00220987 0.13585
v -0.00698672 0.00355228 0.135882
v -0.00517415 0.00602637 0.135821
v -0.00438211 0.0061917 0.135497
v -0.00416804 0.00695558 0.135812
v -0.00237239 0.00775738 0.135794
v -0.000425227 0.00809755 0.135752
v 0.0015465 0.00795644 0.13571
v 0.00342512 0.00734243 0.135668
v 0.0050923 0.00629666 0.135623
v 0.00650412 0.00443543 0.135202
v 0.00758697 0.000119455 0.134978
v 0.00778483 -0.00118244 0.135299
v 0.00727782 -0.00300686 0.135241
v 0.00634992 -0.00465752 0.135183
v 0.00314342 -0.00654753 0.134554
v -4.09217e-05 -0.00773432 0.134666
v -0.00211372 -0.00759291 0.134963
v -0.00386625 -0.0068679 0.134906
v -0.00539478 -0.00574525 0.134848
v -0.00695426 -0.00329405 0.1344
v -0.00767786 -0.000921444 0.13432
v -0.00779384 0.00116223 0.134617
v -0.00729033 0.00299026 0.134559
v -0.00636472 0.00464507 0.134502
v -0.00507065 0.00603082 0.134444
v -0.00348313 0.00706725 0.134386
v -0.000692495 0.00765792 0.13394
v 0.00182044 0.00751379 0.133859
v 0.00453371 0.00620787 0.133767
v 0.00633562 0.00442959 0.133686
v 0.00750146 0.00167046 0.133595
v 0.00768089 -0.000869767 0.133513
v 0.00730488 -0.0029457 0.133809
v 0.00566323 -0.00519161 0.133365
v 0.00366604 -0.00680454 0.133283
v 0.000828613 -0.00763624 0.133193
v -0.00177971 -0.00767967 0.133446
v -0.00356026 -0.00703247 0.133389
v -0.00513467 -0.00597933 0.133331
v -0.0064122 -0.00458117 0.133274
v -0.00731916 -0.00291884 0.133216
v -0.0078033 -0.00108834 0.133159
v -0.00783676 0.000804442 0.133102
v -0.00741778 0.00265037 0.133044
v -0.0065707 0.0043428 0.132987
v -0.00534451 0.00578413 0.132929
v -0.00381011 0.00689122 0.132872
v -0.00205624 0.00760024 0.132814
v -0.000184109 0.00787043 0.132757
v 0.00169814 0.00768633 0.1327
v 0.00348193 0.0070587 0.132642
v 0.00506437 0.00602388 0.132585
v 0.00635412 0.00464174 0.132527
v 0.0072769 0.00299215 0.13247
v 0.00777961 0.00117032 0.132413
v 0.00783334 -0.000718514 0.132355
v 0.00743515 -0.00256549 0.132298
v 0.00660816 -0.00426393 0.13224
v 0.0054002 -0.00571596 0.132183
v 0.00388106 -0.00683794 0.132126
v 0.00213848 -0.00756521 0.132068
v 0.000273019 -0.00785599 0.132011
v -0.00160779 -0.00769362 0.131953
v -0.00339527 -0.00708762 0.131896
v -0.0049865 -0.0060731 0.131839
v -0.00628986 -0.00470861 0.131781
v -0.00723019 -0.00307299 0.131724
v -0.00775339 -0.00126064 0.131666
v -0.00782947 0.00062392 0.131609
v -0.00745415 0.00247208 0.131552
v -0.00664927 0.00417712 0.131494
v -0.00546124 0.00564106 0.131437
v -0.00395874 0.00677943 0.131379
v -0.00222852 0.00752673 0.131322
v -0.000370275 0.00784006 0.131265
v 0.00150889 0.00770147 0.131207
v 0.00330053 0.00711909 0.13115
v 0.0049016 0.0061266 0.131092
v 0.00621974 0.00478136 0.131035
v 0.0071792 0.00316093 0.130978
v 0.00772476 0.00135879 0.13092
v 0.00782512 -0.000521146 0.130863
v 0.00747463 -0.00237063 0.130805
v 0.00669364 -0.00408302 0.130748
v 0.00552722 -0.00555984 0.130691
v 0.0040427 -0.006716 0.130633
v 0.00232575 -0.00748498 0.130576
v 0.000475177 -0.00782269 0.130518
v -0.00140223 -0.00770975 0.130461
v -0.00319849 -0.00715279 0.130404
v -0.00481004 -0.00618407 0.130346
v -0.00614423 -0.00485942 0.130289
v -0.00712427 -0.00325527 0.130231
v -0.00769384 -0.00146407 0.130174
v -0.00782025 0.00041103 0.130117
v -0.00749635 0.00226201 0.130059
v -0.00674091 0.00398232 0.130002
v -0.00559754 0.00547294 0.129944
v -0.00413225 0.00664808 0.129887
v -0.00242932 0.0074403 0.12983
v -0.000586915 0.00780399 0.129772
v 0.00128881 0.00771835 0.129715
v 0.0030899 0.00718844 0.129658
v 0.00471279 0.00624485 0.1296
v 0.00606398 0.00494209 0.129543
v 0.00706591 0.0033551 0.129485
v 0.00766091 0.0015754 0.129428
v 0.00781488 -0.000294627 0.129371
v 0.00751907 -0.00214726 0.129313
v 0.0067906 -0.00387592 0.129256
v 0.00567152 -0.00538117 0.129198
v 0.00422624 -0.0065765 0.129141
v 0.00253814 -0.00739308 0.129084
v 0.000704354 -0.0077841 0.129026
v -0.00116968 -0.00772714 0.128969
v -0.00297599 -0.00722558 0.128912
v -0.0046107 -0.0063084 0.128854
v -0.00597986 -0.00502839 0.128797
v -0.00700467 -0.00345936 0.128739
v -0.00762628 -0.00169162 0.128682
v -0.00780904 0.000173183 0.128625
v -0.0075425 0.00202764 0.128567
v -0.00684209 0.0037651 0.12851
v -0.00420994 0.00670774 0.128315
v -0.00232282 0.00758607 0.128289
v -0.000441971 0.00792098 0.128232
v 0.00146431 0.00779655 0.128174
v 0.00328528 0.00722011 0.128117
v 0.00491568 0.00622512 0.128059
v 0.0062608 0.00486941 0.128002
v 0.00724281 0.00323159 0.127944
v 0.00780483 0.00140666 0.127887
v 0.00791435 -0.000499499 0.127829
v 0.00756511 -0.00237654 0.127771
v 0.00677747 -0.00411544 0.127714
v 0.0055971 -0.00561567 0.127656
v 0.00409259 -0.00679012 0.127599
v 0.00235112 -0.00757095 0.127541
v 0.000473645 -0.00791294 0.127484
v -0.00143095 -0.00779635 0.127426
v -0.00325236 -0.00722804 0.127369
v -0.00488501 -0.00624103 0.127311
v -0.00623439 -0.0048926 0.127254
v -0.00722239 -0.00326092 0.127196
v -0.00779181 -0.00144061 0.127139
v -0.00790977 0.000462832 0.127081
v -0.00756955 0.00233914 0.127024
v -0.00679095 0.00407965 0.126966
v -0.00561916 0.00558359 0.126909
v -0.00412215 0.00676387 0.126851
v -0.00238665 0.00755225 0.126793
v -0.000513265 0.00790314 0.126736
v 0.00138953 0.00779632 0.126678
v 0.00321148 0.00723809 0.126621
v 0.00484716 0.0062609 0.126563
v 0.00620189 0.00492141 0.126506
v 0.00719738 0.00329719 0.126448
v 0.00777598 0.00148247 0.126391
v 0.00790435 -0.000417776 0.126333
v 0.00757516 -0.00229343 0.126276
v 0.00680759 -0.00403597 0.126218
v 0.00564616 -0.0055446 0.126161
v 0.00415818 -0.00673206 0.126104
v 0.00242987 -0.00752968 0.126046
v 0.000561285 -0.00789141 0.125989
v -0.00133941 -0.00779643 0.125931
v -0.00316217 -0.00725037 0.125874
v -0.0048016 -0.00628495 0.125816
v -0.00616296 -0.00495607 0.125759
v -0.00716744 -0.00334082 0.125701
v -0.00775713 -0.00153256 0.125644
v -0.00789795 0.000363839 0.125586
v -0.00758193 0.00223891 0.125529
v -0.00682746 0.00398401 0.125471
v -0.00567831 0.00549831 0.125414
v -0.00420098 0.00669437 0.125356
v -0.00248114 0.00750297 0.125299
v -0.000618074 0.00787759 0.125241
v 0.00128023 0.00779662 0.125184
v 0.00310405 0.00726489 0.125127
v 0.00474803 0.00631328 0.125069
v 0.00611718 0.00499689 0.125012
v 0.00713238 0.00339195 0.124954
v 0.00773504 0.00159136 0.124897
v 0.0078905 -0.000300866 0.124839
v 0.00758987 -0.00217519 0.124782
v 0.00685068 -0.00392336 0.124725
v 0.00571574 -0.00544443 0.124667
v 0.00425078 -0.00665051 0.12461
v 0.00254056 -0.007472 0.124552
v 0.000684002 -0.00786155 0.124495
v -0.00121165 -0.00779681 0.124437
v -0.00303687 -0.00728164 0.12438
v -0.00468615 -0.00634597 0.124323
v -0.0060644 -0.00504389 0.124265
v -0.00709193 -0.00345088 0.124208
v -0.00770963 -0.00165888 0.12415
v -0.0078819 0.000228432 0.124093
v -0.00759893 0.0021021 0.124036
v -0.00687723 0.00385385 0.123978
v -0.00575857 0.00538269 0.123921
v -0.00430769 0.00660032 0.123863
v -0.00260843 0.00743656 0.123806
v -0.000759099 0.0078432 0.123749
v 0.00113364 0.00779696 0.123691
v 0.00296044 0.00730063 0.123634
v 0.00461586 0.00638301 0.123576
v 0.00600439 0.00509724 0.123519
v 0.00704607 0.00351753 0.123462
v 0.00768079 0.00173527 0.123404
v 0.00787207 -0.000146607 0.123347
v 0.00760905 -0.00201957 0.12329
v 0.00690702 -0.00377556 0.123232
v 0.00580665 -0.00531318 0.123175
v 0.00437158 -0.00654382 0.123117
v 0.00268465 -0.00739663 0.12306
v 0.000843321 -0.0078225 0.123003
v -0.00104615 -0.00779702 0.122945
v -0.00287484 -0.00732177 0.122888
v -0.00453717 -0.00642435 0.122831
v -0.0059374 -0.00515661 0.122773
v -0.00699476 -0.00359187 0.122716
v -0.00764849 -0.00182041 0.122659
v -0.007861 5.55958e-05 0.122601
v -0.00762015 0.00192786 0.122544
v -0.00694002 0.00368843 0.122487
v -0.0058599 0.00523594 0.122429
v -0.00444227 0.0064811 0.122372
v -0.00276895 0.0073523 0.122315
v -0.00093634 0.00779947 0.122257
v 0.000949597 0.0077969 0.1222
v 0.00278039 0.00734492 0.122143
v 0.00445038 0.00646973 0.122085
v 0.00586345 0.0052219 0.122028
v 0.00693822 0.00367348 0.121971
v 0.00761287 0.00191379 0.121913
v 0.00784866 4.42948e-05 0.121856
v 0.00763213 -0.00182732 0.121799
v 0.00697592 -0.00359307 0.121741
v 0.00591796 -0.00515136 0.121684
v 0.00451931 -0.00641247 0.121627
v 0.00286075 -0.00730378 0.121569
v 0.00103781 -0.00777414 0.121512
v -0.000844511 -0.00779657 0.121455
v -0.00267758 -0.0073699 0.121397
v -0.00435601 -0.00651885 0.12134
v -0.00578311 -0.00529257 0.121283
v -0.00687673 -0.00376187 0.121226
v -0.0075741 -0.00201482 0.121168
v -0.00783511 -0.00015226 0.121111
v -0.00764488 0.00171857 0.121054
v -0.00701448 0.00349003 0.120996
v -0.00598038 0.00506005 0.120939
v -0.00460223 0.00633832 0.120882
v -0.00295947 0.00725136 0.120824
v -0.00114671 0.00774672 0.120767
v 0.000731539 0.00779598 0.12071
v 0.0025673 0.00739646 0.120653
v 0.00425477 0.00657129 0.120595
v 0.00569691 0.00536809 0.120538
v 0.00681083 0.00385617 0.120481
v 0.00753246 0.00212271 0.120424
v 0.00782041 0.00026747 0.120366
v 0.00765821 -0.00160272 0.120309
v 0.00705535 -0.00338017 0.120252
v 0.00604662 -0.00496273 0.120194
v 0.00469017 -0.00625936 0.120137
v 0.00306416 -0.00719549 0.12008
v -0.000637293 -0.00771776 0.119657
v -0.00143777 -0.00769649 0.119977
v -0.0032299 -0.00713174 0.119919
v -0.00483557 -0.00615649 0.119861
v -0.00616268 -0.00482677 0.119804
v -0.00713468 -0.00321932 0.119746
v -0.00769568 -0.00142672 0.119688
v -0.00781346 0.00044782 0.11963
v -0.00748128 0.00229625 0.119572
v -0.00671836 0.00401222 0.119515
v -0.00556869 0.0054969 0.119457
v -0.00409842 0.00666493 0.119399
v -0.0023924 0.00744895 0.119341
v -0.000548858 0.00780395 0.119283
v 0.00132612 0.00770952 0.119226
v 0.00312452 0.00717114 0.119168
v 0.00474269 0.00621992 0.11911
v 0.00608763 0.00491064 0.119052
v 0.00708186 0.0033187 0.118994
v 0.00766816 0.00153591 0.118937
v 0.00781284 -0.000335236 0.118879
v 0.00750762 -0.00218678 0.118821
v 0.00677009 -0.00391224 0.118763
v 0.00564277 -0.00541227 0.118705
v 0.00419067 -0.00660043 0.118647
v -0.00138386 -0.00712994 0.117902
v -0.00301912 -0.00721033 0.118416
v -0.00464983 -0.0062831 0.118358
v -0.00601258 -0.0049942 0.118301
v -0.00702913 -0.0034175 0.118243
v -0.00764064 -0.00164451 0.118185
v -0.00781215 0.000224006 0.118127
v -0.0075335 0.00207891 0.11807
v -0.00682089 0.00381403 0.118012
v -0.00571538 0.00532934 0.117954
v -0.0042807 0.00653752 0.117897
v -0.00259953 0.00736901 0.117839
v -0.000768662 0.00777595 0.117781
v 0.00110636 0.0077349 0.117723
v 0.00458471 0.00563308 0.117035
v 0.00580194 0.00436906 0.116977
v 0.00690525 0.0038382 0.117526
v 0.00762223 0.00207686 0.117468
v 0.00789755 0.000195271 0.117411
v 0.00771528 -0.00169751 0.117353
v 0.007086 -0.00349189 0.117295
v 0.00604618 -0.00508389 0.117238
v 0.00465611 -0.00638127 0.11718
v 0.00299624 -0.00730892 0.117122
v 0.00116289 -0.00781301 0.117065
v -0.000737808 -0.0078644 0.117007
v -0.00259561 -0.00746015 0.11695
v -0.00430306 -0.00662364 0.116892
v -0.00576108 -0.00540339 0.116834
v -0.00688526 -0.00387011 0.116777
v -0.00761047 -0.00211264 0.116719
v -0.00789469 -0.000232787 0.116661
v -0.00772148 0.00166049 0.116604
v -0.00710088 0.00345745 0.116546
v -0.00606885 0.00505407 0.116489
v -0.00468522 0.00635778 0.116431
v -0.00303011 0.00729309 0.116373
v -0.00119952 0.00780576 0.116316
v 0.000700564 0.00786614 0.116258
v 0.00255994 0.00747073 0.1162
v 0.00427098 0.00664245 0.116143
v 0.00573447 0.00542931 0.116085
v 0.00686569 0.00390157 0.116028
v 0.00759902 0.00214783 0.11597
v 0.00789201 0.000269708 0.115912
v 0.0077277 -0.00162407 0.115855
v 0.00711559 -0.00342371 0.115797
v 0.0060912 -0.00502485 0.11574
v 0.00471386 -0.00633481 0.115682
v 0.00306341 -0.00727765 0.115624
v 0.00123546 -0.00779878 0.115567
v -0.000664051 -0.00786797 0.115509
v -0.00252501 -0.00748123 0.115451
v -0.00423961 -0.00666099 0.115394
v -0.00570854 -0.00545476 0.115336
v -0.00684665 -0.00393243 0.115279
v -0.00758795 -0.00218228 0.115221
v -0.00788953 -0.000305648 0.115163
v -0.0069688 0.00386554 0.115051
v -0.00578896 0.00548123 0.115025
v -0.00431123 0.00670531 0.114968
v -0.00258381 0.00754083 0.11491
v -0.000706971 0.00793929 0.114853
v 0.00121055 0.00787773 0.114795
v 0.00305771 0.0073598 0.114738
v 0.00472749 0.00641553 0.11468
v 0.00612312 0.00509977 0.114623
v 0.0071639 0.00348868 0.114565
v 0.00778947 0.0016758 0.114507
v 0.00796375 -0.000233979 0.11445
v 0.00767669 -0.00212992 0.114392
v 0.00694498 -0.00390221 0.114335
v 0.00581107 -0.00544823 0.114277
v 0.0043407 -0.00667848 0.11422
v 0.00261915 -0.00752167 0.114162
v 0.000746126 -0.0079291 0.114105
v -0.00116988 -0.00787722 0.114047
v -0.00301783 -0.0073691 0.113989
v -0.00469078 -0.00643423 0.113932
v -0.00609177 -0.00512688 0.113874
v -0.00713976 -0.00352279 0.113817
v -0.00777415 -0.00171483 0.113759
v -0.0079582 0.000192166 0.113702
v -0.00765849 0.00186038 0.113636
v -0.00706572 0.00352455 0.113573
v -0.00601941 0.00510937 0.113515
v -0.00462501 0.00639847 0.113458
v -0.00296326 0.00731727 0.1134
v -0.00113038 0.00781267 0.113342
v 0.000767635 0.0078561 0.113284
v 0.00262099 0.00744515 0.113226
v 0.00432245 0.00660366 0.113168
v 0.00577371 0.00538036 0.113111
v 0.00689085 0.00384608 0.113053
v 0.00760933 0.00208961 0.112995
v 0.00788767 0.000212552 0.112937
v 0.00770986 -0.00167654 0.112879
v 0.00708624 -0.00346842 0.112822
v 0.00605301 -0.00505944 0.112764
v 0.00466992 -0.00635774 0.112706
v 0.00301701 -0.00728827 0.112648
v 0.00118996 -0.00779727 0.11259
v -0.000705687 -0.00785542 0.112532
v -0.00256025 -0.00745942 0.112475
v -0.00426648 -0.00663228 0.112417
v -0.00572588 -0.00542185 0.112359
v -0.00685411 -0.00389817 0.112301
v -0.00758596 -0.00214937 0.112243
v -0.00787924 -0.000276615 0.112185
v -0.00771706 0.00161187 0.112128
v -0.00720295 0.00326271 0.112063
v -0.00622391 0.00487737 0.112004
v -0.00487755 0.0062234 0.111947
v -0.00324854 0.00720856 0.111889
v -0.00143136 0.00777578 0.111831
v 0.00046861 0.00789222 0.111774
v 0.00234125 0.00755119 0.111716
v 0.00407804 0.0067725 0.111658
v 0.0055783 0.00560133 0.111601
v 0.00675513 0.00410559 0.111543
v 0.00754032 0.00237203 0.111485
v 0.00788841 0.000501109 0.111428
v 0.00777927 -0.00139869 0.11137
v 0.00721926 -0.00321729 0.111312
v 0.00624089 -0.00484926 0.111254
v 0.00490095 -0.0062 0.111197
v 0.00327703 -0.00719135 0.111139
v 0.00146338 -0.00776584 0.111081
v -0.00043502 -0.00789024 0.111024
v -0.00230798 -0.00755736 0.110966
v -0.00404703 -0.00678655 0.110908
v -0.00555143 -0.00562251 0.110851
v -0.00673399 -0.00413276 0.110793
v -0.00752625 -0.00240362 0.110735
v -0.00788229 -0.000535328 0.110677
v -0.00778155 0.00136377 0.11062
v -0.00722992 0.00318374 0.110562
v -0.00625938 0.00481906 0.110504
v -0.00492626 0.006175 0.110447
v -0.00330775 0.00717306 0.110389
v -0.00149774 0.0077554 0.110331
v 0.000398957 0.00788832 0.110274
v 0.00227232 0.00756418 0.110216
v 0.0040139 0.00680179 0.110158
v 0.00552274 0.00564539 0.1101
v 0.00671151 0.00416199 0.110043
v 0.00751137 0.00243751 0.109985
v 0.00787594 0.000572013 0.109927
v 0.00778419 -0.00132648 0.10987
v 0.00724147 -0.00314797 0.109812
v 0.00627927 -0.00478695 0.109754
v 0.00495334 -0.0061485 0.109697
v 0.00334058 -0.00715372 0.109639
v 0.00153445 -0.00774443 0.109581
v -0.000360438 -0.00788646 0.109523
v -0.00223438 -0.00757162 0.109466
v -0.00397864 -0.0068182 0.109408
v -0.00549233 -0.00566985 0.10935
v -0.00668775 -0.00419315 0.109293
v -0.00749566 -0.00247371 0.109235
v -0.00786934 -0.000611016 0.109177
v -0.00778714 0.00128684 0.109119
v -0.00725388 0.00311004 0.109062
v -0.00630051 0.00475293 0.109004
v -0.00498225 0.00612043 0.108946
v -0.0033755 0.00713331 0.108889
v -0.00157341 0.00773293 0.108831
v 0.000319706 0.00788463 0.108773
v 0.0021942 0.00757963 0.108716
v 0.00394138 0.00683568 0.108658
v 0.00546026 0.00569582 0.1086
v 0.0066627 0.00422622 0.108542
v 0.0074792 0.00251194 0.108485
v 0.00786248 0.000652273 0.108427
v 0.00779037 -0.00124501 0.108369
v 0.0072671 -0.00307002 0.108312
v 0.00632299 -0.00471715 0.108254
v 0.00501274 -0.00609097 0.108196
v 0.00341234 -0.00711191 0.108138
v 0.00161446 -0.00772093 0.108081
v -0.000276859 -0.0078828 0.108023
v -0.00215197 -0.00758816 0.107965
v -0.00390232 -0.00685411 0.107908
v -0.00542656 -0.00572323 0.10785
v -0.00663649 -0.00426097 0.107792
v -0.00746202 -0.00255207 0.107734
v -0.00785539 -0.000695529 0.107677
v -0.00779386 0.00120112 0.107619
v -0.00728102 0.00302814 0.107561
v -0.00634659 0.00467971 0.107504
v -0.00504478 0.00606013 0.107446
v -0.00345094 0.00708959 0.107388
v -0.00165735 0.00770847 0.10733
v 0.00023203 0.00788096 0.107273
v 0.00210789 0.00759713 0.107215
v 0.00386157 0.00687343 0.107157
v 0.0053915 0.00575183 0.1071
v 0.00660922 0.00429724 0.107042
v 0.00744417 0.00259398 0.106984
v 0.00784807 0.000740585 0.106926
v 0.00779754 -0.00115548 0.106869
v 0.00729557 -0.00298461 0.106811
v 0.00637123 -0.00464078 0.106753
v 0.0050781 -0.00602815 0.106696
v 0.00349103 -0.00706645 0.106638
v 0.00170191 -0.00769558 0.10658
v -0.000185532 -0.0078791 0.106522
v -0.00206212 -0.0076065 0.106465
v -0.00381932 -0.0068935 0.106407
v -0.00535521 -0.00578151 0.106349
v -0.00658099 -0.00433487 0.106291
v -0.00742573 -0.00263732 0.106234
v -0.00784051 -0.000787252 0.106176
v -0.00780139 0.00110829 0.106118
v -0.00731063 0.00293959 0.106061
v -0.00639671 0.00460057 0.106003
v -0.00511252 0.00599515 0.105945
v -0.00353242 0.00704261 0.105887
v -0.00174794 0.0076823 0.10583
v 0.000137582 0.00787723 0.105772
v 0.00201508 0.00761616 0.105714
v 0.0037758 0.00691421 0.105657
v 0.00531789 0.00581205 0.105599
v 0.00655203 0.0043735 0.105541
v 0.00740681 0.0026819 0.105483
v 0.0078328 0.000835122 0.105426
v 0.00780536 -0.00105989 0.105368
v 0.0073261 -0.00289346 0.10531
v 0.0064228 -0.00455943 0.105253
v 0.00514777 -0.00596139 0.105195
v 0.00357482 -0.0070182 0.105137
v 0.00179504 -0.00766873 0.105079
v -8.86031e-05 -0.00787532 0.105022
v -0.00196695 -0.00762605 0.104964
v -0.00373136 -0.00693538 0.104906
v -0.00527977 -0.00584326 0.104849
v -0.00652244 -0.00441299 0.104791
v -0.00738751 -0.00272735 0.104733
v -0.00782493 -0.000883966 0.104675
v -0.00780942 0.00101053 0.104618
v -0.00734187 0.00284647 0.10456
v -0.00644938 0.00451754 0.104502
v -0.00518366 0.00592702 0.104445
v -0.0036179 0.00699342 0.104387
v -0.00184284 0.00765496 0.104329
v 3.88433e-05 0.00787339 0.104272
v 0.00191816 0.00763609 0.104214
v 0.0036864 0.0069568 0.104156
v 0.00524111 0.00587493 0.104098
v 0.00649248 0.00445297 0.104041
v 0.00736799 0.00277337 0.103983
v 0.00781699 0.000933291 0.103925
v 0.00781352 -0.00096065 0.103868
v 0.00735781 -0.00279895 0.10381
v 0.00647621 -0.00447523 0.103752
v 0.00521983 -0.00589238 0.103694
v 0.00366136 -0.00696842 0.103637
v 0.00189102 -0.00764109 0.103579
v 1.12702e-05 -0.00787145 0.103521
v -0.00186899 -0.0076462 0.103464
v -0.00364108 -0.00697838 0.103406
v -0.00520229 -0.00590672 0.103348
v -0.0064624 -0.00449314 0.103291
v -0.0073484 -0.00281956 0.103233
v -0.00780901 -0.000982886 0.103175
v -0.00781763 0.000910651 0.103117
v -0.00737375 0.00275142 0.10306
v -0.00650311 0.00443284 0.103002
v -0.00525606 0.00585767 0.102944
v -0.00370478 0.00694343 0.102887
v -0.0019392 0.0076272 0.102829
v -6.13647e-05 0.0078695 0.102771
v 0.00181995 0.00765629 0.102714
v 0.00359584 0.00699993 0.102656
v 0.0051636 0.00593839 0.102598
v 0.00643242 0.00453317 0.10254
v 0.00732886 0.00286561 0.102483
v 0.00780107 0.00103219 0.102425
v 0.00782172 -0.00086089 0.102367
v 0.00738962 -0.00270414 0.10231
v 0.00652976 -0.00439083 0.102252
v 0.00529203 -0.00582323 0.102194
v 0.00374794 -0.0069186 0.102137
v 0.00198694 -0.00761345 0.102079
v 0.000110992 -0.00786757 0.102021
v -0.00177141 -0.00766627 0.101964
v -0.00355112 -0.00702123 0.101906
v -0.00512529 -0.00596977 0.101848
v -0.00640278 -0.00457273 0.10179
v -0.00793603 -0.000481111 0.101666
v -0.00780784 0.00154451 0.101642
v -0.00721231 0.0033645 0.101585
v -0.0061994 0.0049894 0.101527
v -0.00482786 0.00632516 0.101469
v -0.00317711 0.00729459 0.101412
v -0.00134274 0.00784165 0.101354
v 0.000568916 0.00793472 0.101296
v 0.00244733 0.00756856 0.101238
v 0.00418373 0.00676446 0.101181
v 0.00567764 0.00556908 0.101123
v 0.00684277 0.00405161 0.101065
v 0.00761169 0.0023 0.101008
v 0.00794001 0.00041568 0.10095
v 0.00780885 -0.00149231 0.100892
v 0.00722589 -0.00331364 0.100835
v 0.00622503 -0.00494278 0.100777
v 0.00486416 -0.00628574 0.100719
v 0.00322221 -0.00726473 0.100662
v 0.00139416 -0.00782327 0.100604
v -0.000514096 -0.00792912 0.100546
v -0.00239229 -0.0075763 0.100489
v -0.00413168 -0.00678533 0.100431
v -0.00563173 -0.00560206 0.100373
v -0.00680578 -0.00409499 0.100315
v -0.0075859 -0.00235148 0.100258
v -0.00792718 -0.000472271 0.1002
v -0.00780993 0.00143386 0.100142
v -0.00724106 0.00325663 0.100085
v -0.00625362 0.00489066 0.100027
v -0.00490475 0.00624158 0.0999693
v -0.00327259 0.00723129 0.0999116
v -0.00145147 0.00780271 0.0998539
v 0.000453033 0.00792282 0.0997962
v 0.00233099 0.00758487 0.0997385
v 0.00407374 0.0068085 0.0996808
v 0.00558065 0.00563867 0.0996231
v 0.0067646 0.00414315 0.0995654
v 0.00755725 0.00240847 0.0995077
v 0.00791289 0.000534931 0.09945
v 0.00781106 -0.00136902 0.0993923
v 0.00725779 -0.00319351 0.0993346
v 0.00628515 -0.004833 0.099277
v 0.00494955 -0.00619272 0.0992193
v 0.00332812 -0.00719433 0.0991616
v 0.00151476 -0.00777992 0.0991038
v -0.000385697 -0.00791579 0.0990461
v -0.00226343 -0.00759422 0.0989884
v -0.00400998 -0.00683389 0.0989307
v -0.00552438 -0.00567889 0.098873
v -0.00671928 -0.00419602 0.0988153
v -0.00752566 -0.00247111 0.0987576
v -0.00789709 -0.000603732 0.0986999
v -0.00781219 0.00129802 0.0986422
v -0.00727601 0.0031243 0.0985845
v -0.00631965 0.00476971 0.0985268
v -0.00499839 0.00613927 0.0984691
v -0.0033888 0.00715381 0.0984114
v -0.00158384 0.00775493 0.0983537
v 0.000312184 0.00790799 0.098296
v 0.00218978 0.00760428 0.0982383
v 0.00394037 0.00686148 0.0981806
v 0.00546304 0.00572258 0.0981229
v 0.00666987 0.00425347 0.0980652
v 0.00749123 0.00253906 0.0980075
v 0.0078798 0.000678498 0.0979497
v 0.00781329 -0.00122085 0.097892
v 0.00729564 -0.00304922 0.0978343
v 0.00635688 -0.00470111 0.0977766
v 0.0050513 -0.00608119 0.0977189
v 0.00345442 -0.00710983 0.0976612
v 0.00165849 -0.00772777 0.0976035
v -0.000232795 -0.00789943 0.0975458
v -0.00211012 -0.00761503 0.097488
v -0.00386527 -0.00689109 0.0974303
v -0.00539681 -0.00576958 0.0973726
v -0.00661648 -0.00431531 0.0973149
v -0.00745398 -0.00261229 0.0972572
v -0.00786106 -0.000758824 0.0971995
v -0.00781431 0.00113789 0.0971417
v -0.00731658 0.00296851 0.097084
v -0.00639672 0.00462737 0.0970263
v -0.00510794 0.00601878 0.0969686
v -0.00352468 0.00706255 0.0969108
v -0.00173838 0.00769852 0.0968531
v 0.000147746 0.00789009 0.0967954
v 0.00202494 0.00762635 0.0967377
v 0.00378486 0.00692263 0.0966799
v 0.00532596 0.00581964 0.0966222
v 0.00655942 0.00438114 0.0965645
v 0.00741414 0.00269021 0.0965068
v 0.0078409 0.000844526 0.096449
v 0.00781524 -0.00104947 0.0963913
v 0.0073387 -0.00288257 0.0963336
v 0.00643895 -0.00454886 0.0962758
v 0.00516797 -0.00595237 0.0962181
v 0.0035992 -0.00701218 0.0961604
v 0.00182316 -0.00766731 0.0961027
v -5.76565e-05 -0.00788002 0.0960449
v -0.00193467 -0.00763817 0.0959872
v -0.00369965 -0.00695584 0.0959294
v -0.0052509 -0.00587246 0.0958717
v -0.00649892 -0.00445068 0.095814
v -0.00737184 -0.00277255 0.0957562
v -0.00781945 -0.000934902 0.0956985
v -0.00781602 0.000956284 0.0956408
v -0.00736187 0.00279184 0.095583
v -0.0064833 0.00446601 0.0955253
v -0.00523103 0.00588233 0.0954675
v -0.00367746 0.00695907 0.0954098
v -0.00191219 0.00763432 0.095352
v -3.70275e-05 0.00786925 0.0952943
v 0.00183985 0.0076504 0.0952366
v 0.00361024 0.0069905 0.0951788
v 0.00517205 0.00592773 0.0951211
v 0.00643539 0.00452339 0.0950633
v 0.00732742 0.00285862 0.0950056
v 0.00779682 0.00102943 0.0949478
v 0.00781666 -0.000858822 0.0948901
v 0.00738586 -0.00269711 0.0948323
v 0.0065294 -0.00437948 0.0947746
v 0.00529672 -0.00580907 0.0947168
v 0.00375897 -0.00690352 0.094659
v 0.0020049 -0.00759978 0.0946013
v 0.000135571 -0.00785785 0.0945435
v -0.00174123 -0.00766292 0.0944858
v -0.0035172 -0.00702635 0.094428
v -0.0050901 -0.00598492 0.0943703
v -0.0063693 -0.00459876 0.0943125
v -0.00728117 -0.00294779 0.0942547
v -0.0077732 -0.00112725 0.094197
v -0.00781713 0.000757838 0.0941392
v -0.00741051 0.002599 0.0940815
v -0.00657692 0.0042899 0.0940237
v -0.00536445 0.00573328 0.0939659
v -0.00384298 0.00684603 0.0939082
v -0.00210041 0.00756398 0.0938504
v -0.000237093 0.00784592 0.0937926
v 0.00163954 0.00767565 0.0937349
v 0.00342138 0.00706307 0.0936771
v 0.00500563 0.00604366 0.0936193
v 0.00630122 0.00467612 0.0935615
v 0.0072335 0.00303932 0.0935038
v 0.00774876 0.0012277 0.093446
v 0.00781742 -0.000654347 0.0933882
v 0.00743562 -0.0024983 0.0933304
v 0.00662543 -0.00419803 0.0932727
v 0.00543356 -0.00565565 0.0932149
v 0.00392884 -0.00678707 0.0931571
v 0.00219806 -0.0075272 0.0930993
v 0.000340763 -0.00783354 0.0930415
v -0.00153574 -0.00768846 0.0929838
v -0.00332353 -0.00710039 0.092926
v -0.00491953 -0.0061033 0.0928682
v -0.0062318 -0.00475473 0.0928104
v -0.00718482 -0.0031324 0.0927526
v -0.00772373 -0.00132986 0.0926948
v -0.00781755 0.000549079 0.092637
v -0.00746093 0.00239609 0.0925792
v -0.00667447 0.00410483 0.0925215
v -0.0055036 0.00557673 0.0924637
v -0.0040158 0.00672714 0.0924059
v -0.00229679 0.00748983 0.0923481
v -0.000445648 0.00782087 0.0922903
v 0.00143082 0.00770124 0.0922325
v 0.00322463 0.00713794 0.0921747
v 0.00483243 0.00616344 0.0921169
v 0.00616164 0.00483394 0.0920591
v 0.00713563 0.00322614 0.0920013
v 0.00769838 0.00143265 0.0919435
v 0.00781753 -0.000443217 0.0918857
v 0.00748625 -0.00229321 0.0918279
v 0.00672368 -0.00401098 0.0917701
v 0.00557379 -0.00549742 0.0917123
v 0.00410289 -0.00666694 0.0916544
v 0.00239579 -0.00745219 0.0915966
v 0.000550787 -0.00780801 0.0915388
v -0.00132567 -0.00771391 0.091481
v -0.00312566 -0.00717535 0.0914232
v -0.0047453 -0.00622345 0.0913654
v -0.00609137 -0.00491305 0.0913076
v -0.00708638 -0.00331967 0.0912497
v -0.00767296 -0.00153517 0.0911919
v -0.00781738 0.000337652 0.0911341
v -0.00751135 0.00219071 0.0910763
v -0.00677254 0.00391751 0.0910185
v -0.0056435 0.00541846 0.0909607
v -0.00418945 0.00660697 0.0909028
v -0.00249405 0.00741472 0.090845
v -0.000655086 0.00779514 0.0907872
v 0.00122148 0.00772635 0.0907294
v 0.00302749 0.00721236 0.0906715
v 0.00465899 0.00628276 0.0906137
v 0.00602188 0.00499117 0.0905559
v 0.00703758 0.00341215 0.090498
v 0.00764773 0.00163651 0.0904402
v 0.00781714 -0.000233372 0.0903824
v 0.00753602 -0.00208959 0.0903245
v 0.0068206 -0.00382538 0.0902667
v 0.0057122 -0.00534053 0.0902088
v 0.00427465 -0.00654784 0.090151
v 0.00259078 -0.00737775 0.0900932
v 0.000757681 -0.00778241 0.0900353
v -0.00111898 -0.00773852 0.0899775
v -0.00293113 -0.0072486 0.0899196
v -0.00457422 -0.00634092 0.0898618
v -0.0059536 -0.00506781 0.089804
v -0.00698976 -0.00350265 0.0897461
v -0.00762301 -0.00173563 0.0896883
v -0.00781684 0.000131352 0.0896304
v -0.00756008 0.00199073 0.0895726
v -0.00698239 0.00345884 0.0895033
v -0.00601433 0.00501874 0.089444
v -0.00464396 0.00630849 0.089386
v -0.00300558 0.0072342 0.089328
v -0.00119359 0.0077425 0.08927
v 0.000687374 0.00780399 0.089212
v 0.0025289 0.00741508 0.089154
v 0.0042245 0.00659821 0.089096
v 0.00567645 0.00540044 0.0890379
v 0.00680087 0.00389092 0.0889799
v 0.00753286 0.00215672 0.0889219
v 0.00783014 0.00029781 0.0888639
v 0.00767548 -0.00157834 0.0888059
v 0.0070778 -0.00336355 0.0887479
v 0.00607156 -0.00495476 0.0886899
v 0.00471482 -0.00626008 0.0886319
v 0.00308571 -0.00720426 0.0885739
v 0.0012764 -0.00773281 0.0885161
v -0.000604902 -0.00781413 0.0884588
v -0.00244987 -0.0074453 0.0884005
v -0.00415493 -0.00664676 0.0883419
v -0.00562079 -0.00546393 0.0882839
v -0.00705161 -0.00298857 0.0878517
v -0.00721622 0.00082297 0.0875455
v -0.00769661 0.00149523 0.0880513
v -0.0071185 0.00328762 0.0879932
v -0.00619193 0.0048894 0.0879333
v -0.0045663 0.00638386 0.0878882
v -0.00291043 0.00728947 0.0878305
v -0.00108515 0.00777374 0.0877728
v 0.000802305 0.00780791 0.0877144
v 0.00335634 0.00644097 0.0870829
v 0.00568856 0.00551914 0.0876017
v 0.00684287 0.00399886 0.087544
v 0.0076002 0.00224675 0.0874863
v 0.00791666 0.000364466 0.0874286
v 0.00777391 -0.00153878 0.0873709
v 0.00718027 -0.00335267 0.0873133
v 0.00617027 -0.00497189 0.0872556
v 0.00480244 -0.00630268 0.0871979
v 0.00315622 -0.00726779 0.0871402
v 0.00132709 -0.00781132 0.0870825
v -0.000578871 -0.00790178 0.0870248
v -0.00245108 -0.00753396 0.0869671
v -0.00418103 -0.00672924 0.0869094
v -0.00566833 -0.00553435 0.0868517
v -0.00682681 -0.00401857 0.0867941
v -0.00758926 -0.00226994 0.0867364
v -0.00791157 -0.000389769 0.0866787
v -0.00777504 0.00151286 0.086621
v -0.00718767 0.00332759 0.0865633
v -0.00618355 0.00494918 0.0865056
v -0.00482095 0.00628366 0.0864479
v -0.00317886 0.0072537 0.0863902
v -0.00135258 0.00780302 0.0863325
v 0.000551937 0.00789983 0.0862748
v 0.00242431 0.00753857 0.0862171
v 0.00415595 0.00674023 0.0861594
v 0.00564648 0.00555115 0.0861017
v 0.00680953 0.00404025 0.086044
v 0.00757763 0.00229523 0.0859863
v 0.00790631 0.000417313 0.0859286
v 0.00777657 -0.00148471 0.0858709
v 0.00719597 -0.00330041 0.0858132
v 0.00619821 -0.00492466 0.0857555
v 0.00484115 -0.00626328 0.0856978
v 0.00320355 -0.00723865 0.0856402
v 0.00138034 -0.00779428 0.0855825
v -0.000522733 -0.00789799 0.0855248
v -0.00239536 -0.00754381 0.0854671
v -0.00412894 -0.00675234 0.0854093
v -0.00562306 -0.00556946 0.0853517
v -0.00679105 -0.00406384 0.085294
v -0.00756528 -0.00232273 0.0852363
v -0.00790089 -0.000447102 0.0851786
v -0.00777846 0.00145426 0.0851209
v -0.00720513 0.00327121 0.0850632
v -0.00621419 0.00489837 0.0850055
v -0.00486315 0.00624143 0.0849478
v -0.00323027 0.00722262 0.0848901
v -0.00141031 0.00778508 0.0848324
v 0.000491255 0.00789623 0.0847747
v 0.00236419 0.0075497 0.0847169
v 0.00409998 0.00676557 0.0846593
v 0.00559797 0.00558936 0.0846015
v 0.00677135 0.00408931 0.0845438
v 0.00755219 0.00235236 0.0844861
v 0.00789525 0.000479173 0.0844284
v 0.00778069 -0.00142161 0.0843707
v 0.00721519 -0.00323985 0.084313
v 0.00623155 -0.0048702 0.0842553
v 0.00488685 -0.00621813 0.0841976
v 0.00325904 -0.0072056 0.0841399
v 0.00144246 -0.0077754 0.0840822
v -0.000457597 -0.00789454 0.0840245
v -0.00233089 -0.00755616 0.0839668
v -0.00406903 -0.0067799 0.0839091
v -0.00557119 -0.00561083 0.0838514
v -0.00675042 -0.00411667 0.0837937
v -0.00753837 -0.00238407 0.083736
v -0.00788941 -0.000513416 0.0836783
v -0.00778323 0.00138678 0.0836206
v -0.00722606 0.00320647 0.0835629
v -0.00625019 0.00484025 0.0835052
v -0.00491225 0.00619341 0.0834475
v -0.00328974 0.00718762 0.0833898
v -0.00147678 0.00776524 0.0833321
v 0.000421633 0.00789288 0.0832744
v 0.00229551 0.00756317 0.0832166
v 0.00403612 0.00679531 0.0831589
v 0.00554285 0.00563373 0.0831012
v 0.00672828 0.00414583 0.0830435
v 0.00752379 0.00241787 0.0829858
v 0.00788332 0.000549914 0.0829281
v 0.00778606 -0.00134978 0.0828704
v 0.00723774 -0.00317104 0.0828127
v 0.00627009 -0.00480853 0.082755
v 0.00493928 -0.00616727 0.0826973
v 0.00332241 -0.00716862 0.0826396
v 0.00151318 -0.00775457 0.0825819
v -0.000383608 -0.00789124 0.0825242
v -0.002258 -0.00757073 0.0824664
v -0.00400141 -0.00681168 0.0824087
v -0.00551294 -0.00565804 0.082351
v -0.00670499 -0.00417671 0.0822933
v -0.00750849 -0.00245358 0.0822356
v -0.00787699 -0.000588427 0.0821779
v -0.00778916 0.00131074 0.0821202
v -0.00725013 0.00313376 0.0820625
v -0.00629114 0.00477517 0.0820048
v -0.00496783 0.0061398 0.0819471
v -0.00335683 0.00714871 0.0818894
v -0.00155154 0.00774344 0.0818317
v 0.000343545 0.00788961 0.0817739
v 0.00221858 0.00757877 0.0817162
v 0.00396497 0.00682896 0.0816585
v 0.00548155 0.00568368 0.0816008
v 0.00668055 0.00420925 0.0815431
v 0.00749252 0.00249111 0.0814854
v 0.00787045 0.00062883 0.0814277
v 0.00779251 -0.00126973 0.08137
v 0.00726323 -0.00309464 0.0813123
v 0.00631329 -0.0047402 0.0812546
v 0.00499781 -0.00611106 0.0811969
v 0.00339297 -0.00712789 0.0811392
v 0.00159163 -0.00773188 0.0810815
v -0.000301655 -0.00788798 0.0810238
v -0.00217737 -0.00758725 0.080966
v -0.00392686 -0.00684712 0.0809083
v -0.00544884 -0.00571047 0.0808506
v -0.0066551 -0.00424324 0.0807929
v -0.00747589 -0.00253032 0.0807352
v -0.00786367 -0.000671014 0.0806775
v -0.00779602 0.00122706 0.0806198
v -0.0072769 0.00305393 0.0805621
v -0.00633642 0.0047038 0.0805044
v -0.00502905 0.00608118 0.0804467
v -0.00343053 0.00710631 0.080389
v -0.00163342 0.00771987 0.0803313
v 0.000258117 0.00788632 0.0802736
v 0.00213459 0.00759608 0.0802159
v 0.00388732 0.006866 0.0801581
v 0.00541484 0.00573837 0.0801004
v 0.00662874 0.00427849 0.0800427
v 0.0074587 0.00257097 0.079985
v 0.00785669 0.000714663 0.0799273
v 0.00779971 -0.00118284 0.0798696
v 0.0072911 -0.0030118 0.0798119
v 0.00636032 -0.00466623 0.0797542
v 0.00506133 -0.00605035 0.0796965
v 0.00346934 -0.00708406 0.0796388
v 0.00167659 -0.00770751 0.0795811
v -0.000213174 -0.00788464 0.0795234
v -0.00209047 -0.00760522 0.0794657
v -0.00384662 -0.00688545 0.079408
v -0.00537991 -0.00576707 0.0793503
v -0.00660161 -0.00431482 0.0792926
v -0.00744102 -0.00261282 0.0792349
v -0.00784952 -0.000759679 0.0791772
v -0.00780353 0.00113735 0.0791195
v -0.0073057 0.00296851 0.0790618
v -0.00638494 0.00462758 0.0790041
v -0.00509452 0.00601867 0.0789464
v -0.00350924 0.00706119 0.0788887
v -0.00172083 0.00769485 0.078831
v 0.000167073 0.00788293 0.0787733
v 0.00204525 0.0076146 0.0787156
v 0.00380485 0.00690544 0.0786579
v 0.00534411 0.00579649 0.0786002
v 0.00657386 0.00435201 0.0785425
v 0.00742292 0.00265567 0.0784848
v 0.00784221 0.000805614 0.0784271
v 0.00780743 -0.00109097 0.0783694
v 0.00732063 -0.00292427 0.0783117
v 0.00641002 -0.0045882 0.078254
v 0.00512838 -0.00598636 0.0781963
v 0.00354987 -0.00703791 0.0781386
v 0.00176591 -0.00768194 0.0780809
v -0.000120157 -0.0078812 0.0780232
v -0.00199924 -0.00762416 0.0779655
v -0.00376242 -0.00692575 0.0779078
v -0.00530775 -0.00582638 0.0778501
v -0.00654569 -0.00438977 0.0777924
v -0.00740458 -0.00269913 0.0777347
v -0.00783479 -0.000852244 0.077677
v -0.0078114 0.00104385 0.0776193
v -0.00733576 0.00287946 0.0775616
v -0.00643546 0.00454827 0.0775039
v -0.00516262 0.0059537 0.0774462
v -0.00359098 0.00701436 0.0773886
v -0.00181149 0.00766891 0.0773309
v 7.27421e-05 0.00787945 0.0772732
v 0.0019528 0.0076338 0.0772155
v 0.00371961 0.00694624 0.0771578
v 0.00527102 0.00585658 0.0771001
v 0.00651723 0.0044279 0.0770424
v 0.0073861 0.00274291 0.0769847
v 0.00782731 0.00089924 0.076927
v 0.00781537 -0.000996473 0.0768693
v 0.00735097 -0.00283441 0.0768116
v 0.00646102 -0.00450815 0.076754
v 0.00519703 -0.00592086 0.0766963
v 0.00363224 -0.00699072 0.0766386
v 0.00185727 -0.00765582 0.0765809
v -2.52173e-05 -0.00787769 0.0765232
v -0.00190615 -0.00764349 0.0764655
v -0.00367672 -0.00696677 0.0764079
v -0.00523429 -0.00588677 0.0763502
v -0.00648878 -0.00446601 0.0762925
v -0.00736762 -0.00278669 0.0762348
v -0.00781986 -0.000946113 0.0761771
v -0.00781935 0.000949154 0.0761194
v -0.00736615 0.00278943 0.0760618
v -0.00648649 0.00446816 0.0760041
v -0.00523137 0.00588809 0.0759464
v -0.00367338 0.00696715 0.0758887
v -0.00190279 0.0076428 0.075831
v -2.20367e-05 0.00787594 0.0757734
v 0.00185987 0.0076531 0.0757157
v 0.00363406 0.00698719 0.075658
v 0.0051978 0.00591677 0.0756003
v 0.00646061 0.00450377 0.0755427
v 0.00734929 0.00283014 0.075485
v 0.00781246 0.000992652 0.0754273
v 0.0078233 -0.000902262 0.0753696
v 0.0073812 -0.00274487 0.075312
v 0.00651176 -0.00442852 0.0752543
v 0.00526526 -0.00585577 0.0751966
v 0.00371402 -0.00694388 0.0751389
v 0.00194773 -0.00762995 0.0750813
v 6.80471e-05 -0.00787422 0.0750238
v -0.00181418 -0.00766248 0.0749663
v -0.00359207 -0.00700731 0.0749083
v -0.00682882 -0.0040873 0.0747857
v -0.00764566 -0.00223618 0.0747614
v -0.00795786 -0.000344966 0.0747037
v -0.00780925 0.00156586 0.0746461
v -0.00720856 0.00338565 0.0745884
v -0.00619064 0.00500915 0.0745307
v -0.00481451 0.00634237 0.0744731
v -0.00315998 0.00730815 0.0744154
v -0.00132281 0.00785075 0.0743577
v 0.000590634 0.0079388 0.0743001
v 0.00246948 0.00756732 0.0742424
v 0.00420508 0.0067579 0.0741847
v 0.00569698 0.00555748 0.0741271
v 0.00685882 0.0040357 0.0740694
v 0.00762354 0.00228057 0.0740117
v 0.00794691 0.000393826 0.0739541
v 0.00781031 -0.00151537 0.0738964
v 0.00722179 -0.00333646 0.0738387
v 0.00621544 -0.00496422 0.0737811
v 0.00484969 -0.00630431 0.0737234
v 0.00320357 -0.0072794 0.0736657
v 0.00137239 -0.00783312 0.0736081
v -0.000537861 -0.00793352 0.0735504
v -0.00241651 -0.00757489 0.0734927
v -0.00415509 -0.00677807 0.0734351
v -0.00565288 -0.0055893 0.0733774
v -0.00682337 -0.00407742 0.0733197
v -0.00759891 -0.00232998 0.0732621
v -0.00793471 -0.000448118 0.0732044
v -0.00781147 0.00145932 0.0731467
v -0.00723642 0.00328195 0.0730891
v -0.00624294 0.00491434 0.0730314
v -0.0048886 0.00626216 0.0729737
v -0.00325177 0.00724756 0.072916
v -0.00142725 0.00781359 0.0728584
v 0.000479495 0.00792763 0.0728007
v 0.00235805 0.00758319 0.072743
v 0.00409986 0.00680031 0.0726854
v 0.00560423 0.00562435 0.0726277
v 0.00678426 0.0041234 0.07257
v 0.00757173 0.00238439 0.0725124
v 0.00792125 0.000507829 0.0724547
v 0.0078127 -0.00139765 0.072397
v 0.00725248 -0.00322194 0.0723393
v 0.00627307 -0.00485958 0.0722817
v 0.00493126 -0.00621588 0.072224
v 0.00330462 -0.0072126 0.0721663
v 0.00148734 -0.00779213 0.0721087
v -0.000415568 -0.00792113 0.072051
v -0.00229406 -0.00759221 0.0719933
v -0.00403949 -0.00682453 0.0719356
v -0.00555108 -0.00566256 0.071878
v -0.00674148 -0.00417359 0.0718203
v -0.007542 -0.00244373 0.0717626
v -0.0079065 -0.00057294 0.0717049
v -0.00781396 0.00133049 0.0716473
v -0.00726988 0.00315661 0.0715896
v -0.0063058 0.00479993 0.0715319
v -0.00497753 0.00616554 0.0714742
v -0.003362 0.00717452 0.0714165
v -0.0015525 0.00776876 0.0713589
v 0.000346271 0.00791398 0.0713012
v 0.00222464 0.00760192 0.0712435
v 0.00397405 0.0068507 0.0711858
v 0.00549344 0.00570389 0.0711281
v 0.00669513 0.00422781 0.0710704
v 0.00750982 0.00250775 0.0710128
v 0.00789046 0.000643253 0.0709551
v 0.00781522 -0.00125797 0.0708974
v 0.00728855 -0.00308611 0.0708397
v 0.00634098 -0.00473562 0.070782
v 0.00502739 -0.00611117 0.0707243
v 0.0034237 -0.00713346 0.0706667
v 0.00162258 -0.00774352 0.070609
v -0.000271758 -0.0079062 0.0705513
v -0.00214999 -0.00761224 0.0704936
v -0.0039037 -0.00687873 0.0704359
v -0.00543156 -0.00574812 0.0703782
v -0.00664539 -0.00428583 0.0703206
v -0.0074752 -0.0025764 0.0702628
v -0.00787319 -0.000718528 0.0702052
v -0.00781646 0.00118035 0.0701475
v -0.00730842 0.00301069 0.0700898
v -0.00637851 0.00466678 0.0700321
v -0.00508052 0.00605305 0.0699744
v -0.0034895 0.00708953 0.0699167
v -0.00169739 0.00771647 0.069859
v 0.000192285 0.00789778 0.0698013
v 0.00207052 0.00762312 0.0697436
v 0.00382883 0.00690841 0.0696859
v 0.00536559 0.00579512 0.0696282
v 0.00659237 0.00434749 0.0695705
v 0.00743832 0.00264925 0.0695128
v 0.00785472 0.000798479 0.0694551
v 0.00781766 -0.00109794 0.0693974
v 0.00732937 -0.00293065 0.0693397
v 0.00641816 -0.00459377 0.069282
v 0.0051367 -0.00599142 0.0692243
v 0.00355914 -0.00704289 0.0691666
v 0.00177638 -0.00768776 0.0691089
v -0.000108368 -0.00788877 0.0690512
v -0.00198651 -0.00763449 0.0689935
v -0.00374962 -0.00693969 0.0689357
v -0.00529597 -0.00584456 0.068878
v -0.00653637 -0.00441243 0.0688203
v -0.00739934 -0.00272596 0.0687626
v -0.00783515 -0.000882581 0.0687049
v -0.00781878 0.00101129 0.0686472
v -0.00735128 0.00284646 0.0685895
v -0.00645968 0.00451705 0.0685318
v -0.00519563 0.00592657 0.0684741
v -0.00363202 0.00699393 0.0684163
v -0.00185927 0.0076575 0.0683586
v 2.03836e-05 0.00787918 0.0683009
v 0.00189858 0.00764625 0.0682432
v 0.00366679 0.00697225 0.0681854
v 0.00522305 0.00589621 0.0681277
v 0.00647776 0.00448019 0.06807
v 0.00735849 0.00280607 0.0680123
v 0.0078146 0.000970377 0.0679545
v 0.00781983 -0.000920903 0.0678968
v 0.00737398 -0.00275869 0.0678391
v 0.00650289 -0.00443695 0.0677813
v 0.00525687 -0.00585899 0.0677236
v 0.00370788 -0.0069428 0.0676659
v 0.00194534 -0.00762594 0.0676082
v 7.09624e-05 -0.0078691 0.0675504
v -0.00180717 -0.00765836 0.0674927
v -0.00358073 -0.00700595 0.0674349
v -0.00514738 -0.00594964 0.0673772
v -0.00641691 -0.00455036 0.0673195
v -0.00731612 -0.00288891 0.0672617
v -0.0077932 -0.00106122 0.067204
v -0.00782079 0.00082739 0.0671462
v -0.00739732 0.00266795 0.0670885
v -0.00654735 0.00435427 0.0670308
v -0.00531999 0.00578916 0.066973
v -0.00378605 0.00688997 0.0669153
v -0.00203403 0.00759329 0.0668575
v -0.000165082 0.00785859 0.0667997
v 0.00171309 0.0076707 0.066742
v 0.00349217 0.00704051 0.0666843
v 0.00506955 0.00600444 0.0666265
v 0.00635431 0.00462236 0.0665687
v 0.00727245 0.002974 0.066511
v 0.00777115 0.00115438 0.0664532
v 0.00782166 -0.000731443 0.0663954
v 0.00742116 -0.00257486 0.0663377
v 0.00659282 -0.00426948 0.0662799
v 0.00538452 -0.00571761 0.0662222
v 0.00386596 -0.00683585 0.0661644
v 0.00212465 -0.00755982 0.0661066
v 0.000261232 -0.00784776 0.0660489
v -0.00161706 -0.00768319 0.0659911
v -0.00340177 -0.00707567 0.0659333
v -0.00499006 -0.0060603 0.0658755
v -0.00629044 -0.00469567 0.0658178
v -0.00722797 -0.00306049 0.06576
v -0.00774861 -0.00124912 0.0657022
v -0.00782245 0.000634 0.0656444
v -0.00744529 0.00248027 0.0655866
v -0.0066389 0.00418337 0.0655289
v -0.00544992 0.00564495 0.0654711
v -0.00421355 0.00655737 0.0654001
v -0.0026218 0.00737968 0.0653392
v -0.000786643 0.0077919 0.0652812
v 0.00109377 0.0077547 0.0652232
v 0.00291112 0.00727023 0.0651652
v 0.00456053 0.00636647 0.0651072
v 0.00594688 0.00509553 0.0650492
v 0.00699021 0.00353077 0.0649912
v 0.00763042 0.00176231 0.0649332
v 0.00783053 -0.000107772 0.0648753
v 0.00757902 -0.0019716 0.0648173
v 0.0068904 -0.0037217 0.0647593
v 0.00580441 -0.00525714 0.0647013
v 0.00438365 -0.00648942 0.0646433
v 0.00271006 -0.00734744 0.0645853
v 0.000880166 -0.00778171 0.0645273
v -0.00100047 -0.00776719 0.0644693
v -0.00282345 -0.00730472 0.0644113
v -0.00448361 -0.00642096 0.0643533
v -0.00588518 -0.00516692 0.0642952
v -0.0069474 -0.00361481 0.0642373
v -0.00760894 -0.00185426 0.0641792
v -0.00783169 1.32728e-05 0.0641212
v -0.00760276 0.0018801 0.0640632
v -0.00693536 0.00363852 0.0640052
v -0.00586798 0.00518714 0.0639472
v -0.00446215 0.00643664 0.0638892
v -0.00290224 0.00732521 0.0638273
v -0.000799141 0.00781455 0.0637806
v 0.00109004 0.00777915 0.0637228
v 0.00291608 0.00729367 0.0636651
v 0.00457331 0.00638621 0.0636073
v 0.00596589 0.0051093 0.0635496
v 0.00701326 0.00353676 0.0634919
v 0.0076548 0.00175968 0.0634341
v 0.00785342 -0.00011914 0.0633764
v 0.00759764 -0.00199101 0.0633187
v 0.00690228 -0.00374762 0.0632609
v 0.00580761 -0.00528734 0.0632032
v 0.00437691 -0.00652112 0.0631454
v 0.00269308 -0.00737752 0.0630877
v 0.000853425 -0.00780707 0.06303
v -0.00103551 -0.00778489 0.0629722
v -0.00286451 -0.00731231 0.0629145
v -0.00452772 -0.00641664 0.0628568
v -0.00592892 -0.00514973 0.062799
v -0.00698703 -0.00358492 0.0627413
v -0.00764086 -0.00181273 0.0626835
v -0.00785258 6.42972e-05 0.0626258
v -0.00760997 0.00193753 0.0625681
v -0.00692704 0.0036987 0.0625103
v -0.00584333 0.00524579 0.0624526
v -0.00442155 0.00648932 0.0623949
v -0.002744 0.00735735 0.0623371
v -0.000907721 0.00779968 0.0622794
v 0.000981096 0.00779071 0.0622217
v 0.00281309 0.00733097 0.0621639
v 0.00448229 0.00644706 0.0621062
v 0.0058921 0.00519013 0.0620485
v 0.00696096 0.00363293 0.0619907
v 0.00762706 0.00186555 0.061933
v 0.00785183 -9.76116e-06 0.0618753
v 0.00762227 -0.00188452 0.0618175
v 0.00695167 -0.00365018 0.0617598
v 0.00587883 -0.00520461 0.0617021
v 0.00446584 -0.00645789 0.0616444
v 0.00279448 -0.00733744 0.0615866
v 0.000961035 -0.00779247 0.061529
v -0.00338352 -0.00642674 0.0608319
v -0.00443702 -0.00647749 0.0613556
v -0.00585529 -0.00523083 0.0612976
v -0.00693492 -0.00368149 0.0612396
v -0.00761338 -0.00191921 0.0611817
v -0.00785146 -4.59102e-05 0.0611238
v -0.00763539 0.00183004 0.0610658
v -0.00697764 0.00360019 0.0610079
v -0.00591629 0.00516207 0.06095
v -0.00451264 0.00642543 0.060892
v -0.00284801 0.00731709 0.0608341
v -0.00101858 0.00778551 0.0607762
v 0.000869804 0.00780359 0.0607183
v 0.00270791 0.00737025 0.0606603
v 0.00438937 0.00651059 0.0606024
v 0.00581698 0.00527428 0.0605445
v 0.00690811 0.00373286 0.0604866
v 0.00759964 0.00197554 0.0604286
v 0.00785159 0.00010386 0.0603707
v 0.00764935 -0.00177392 0.0603128
v 0.00700463 -0.00354903 0.0602549
v 0.0059547 -0.0051189 0.0601969
v 0.00456024 -0.00639273 0.060139
v 0.00290201 -0.00729674 0.0600811
v 0.00107581 -0.00777868 0.0600232
v -0.000812614 -0.00781065 0.0599653
v -0.00265409 -0.00739079 0.0599074
v -0.00434209 -0.00654336 0.0598494
v -0.00577893 -0.00531739 0.0597915
v -0.00688151 -0.00378379 0.0597336
v -0.00758602 -0.00203124 0.0596757
v -0.0078517 -0.000161141 0.0596178
v -0.00766316 0.00171832 0.0595599
v -0.00703129 0.00349846 0.059502
v -0.00599265 0.00507622 0.0594441
v -0.0046073 0.00636037 0.0593862
v -0.00295533 0.00727662 0.0593283
v -0.00113234 0.00777192 0.0592703
v 0.000756178 0.0078176 0.0592124
v 0.00260101 0.00741102 0.0591545
v 0.00429549 0.00657563 0.0590966
v 0.00574144 0.00535984 0.0590387
v 0.00685531 0.00383387 0.0589808
v 0.00757259 0.00208607 0.0589229
v 0.00785178 0.000217499 0.058865
v 0.00767671 -0.00166372 0.0588071
v 0.00705748 -0.00344873 0.0587492
v 0.00602989 -0.00503429 0.0586913
v 0.0046534 -0.00632864 0.0586334
v 0.00300759 -0.00725688 0.0585755
v 0.00118775 -0.00776526 0.0585176
v -0.000700918 -0.00782438 0.0584598
v -0.00254907 -0.00743079 0.0584019
v -0.00424985 -0.00660722 0.058344
v -0.0057048 -0.0054013 0.0582861
v -0.00682969 -0.00388283 0.0582282
v -0.00755946 -0.00213962 0.0581703
v -0.00778092 -0.000467313 0.0578002
v -0.00803047 0.000695215 0.0579069
v -0.00708309 0.00340002 0.0579966
v -0.0060662 0.00499341 0.0579388
v -0.00469832 0.00629773 0.057881
v -0.00305835 0.00723775 0.0578232
v -0.00124137 0.00775883 0.0577652
v 0.000647119 0.00783096 0.0577072
v 0.00360762 0.00630367 0.0570735
v 0.00672827 0.00388824 0.0571702
v 0.00778999 0.000574291 0.0570709
v 0.00761548 -0.00153908 0.0569969
v 0.00621875 -0.00472144 0.0568977
v 0.0046886 -0.00619342 0.0568236
v 0.00153953 -0.00765141 0.0567246
v -0.0005849 -0.00774442 0.0566504
v -0.00390483 -0.00675387 0.0565515
v -0.0055633 -0.00541707 0.0564771
v -0.0073925 -0.002482 0.0563784
v -0.00775428 -0.000378572 0.056304
v -0.00718337 0.00302551 0.0562054
v -0.00606238 0.00484736 0.0561308
v -0.00338666 0.00701637 0.0560324
v -0.00133648 0.00764465 0.0559576
v 0.0020971 0.0074996 0.0558594
v 0.00405646 0.00661433 0.0557845
v 0.00652821 0.00423867 0.0556865
v 0.00756265 0.00248623 0.0559613
v 0.00793716 0.000606742 0.0559037
v 0.00785165 -0.00130756 0.0558462
v 0.00731115 -0.0031459 0.0557887
v 0.00634711 -0.00480158 0.0557312
v 0.00501544 -0.0061788 0.0556736
v 0.00339336 -0.00719782 0.0556161
v 0.00157498 -0.00779961 0.0555586
v -0.000334392 -0.00794945 0.055501
v -0.00222409 -0.00763871 0.0554435
v -0.0039846 -0.0068855 0.055386
v -0.005514 -0.00573356 0.0553285
v -0.00672376 -0.00424966 0.0552709
v -0.00754381 -0.00251992 0.0552134
v -0.00792681 -0.000644404 0.0551559
v -0.0078506 0.00126802 0.0550984
v -0.00731973 0.00310669 0.0550409
v -0.00636502 0.00476517 0.0549834
v -0.00504193 0.0061473 0.0549258
v -0.00342706 0.00717325 0.0548683
v -0.00161404 0.00778363 0.0548108
v 0.00029216 0.00794321 0.0547533
v 0.00218105 0.00764282 0.0546958
v 0.00394328 0.00689998 0.0546383
v 0.00547691 0.00575779 0.0545808
v 0.00669317 0.00428248 0.0545232
v 0.00752173 0.00255951 0.0544657
v 0.00791469 0.000688718 0.0544082
v 0.00784943 -0.00122154 0.0543507
v 0.00732982 -0.00306081 0.0542932
v 0.00638607 -0.0047225 0.0542357
v 0.00507289 -0.00611052 0.0541782
v 0.00346635 -0.00714464 0.0541207
v 0.00165953 -0.00776506 0.0540632
v -0.000242964 -0.00793598 0.0540057
v -0.002131 -0.00764762 0.0539482
v -0.00389534 -0.0069168 0.0538907
v -0.00543392 -0.0057859 0.0538332
v -0.00665776 -0.00432047 0.0537757
v -0.00749619 -0.00260532 0.0537182
v -0.00790071 -0.000739882 0.0536607
v -0.00784808 0.00116799 0.0536032
v -0.00734144 0.00300794 0.0535457
v -0.00641027 0.0046734 0.0534883
v -0.00510846 0.00606825 0.0534308
v -0.00351145 0.00711178 0.0533733
v -0.00171174 0.00774373 0.0533158
v 0.000186616 0.00792768 0.0532583
v 0.00207372 0.0076531 0.0532008
v 0.00384052 0.00693599 0.0531433
v 0.0053848 0.00581797 0.0530858
v 0.00661739 0.00436374 0.0530284
v 0.00746705 0.00265753 0.0529709
v 0.00788476 0.000798019 0.0529134
v 0.00784649 -0.00110712 0.0528559
v 0.00735459 -0.00294789 0.0527985
v 0.00643762 -0.00461779 0.052741
v 0.00514873 -0.00602032 0.0526835
v 0.00356249 -0.00707453 0.052626
v 0.00177067 -0.00771957 0.0525686
v -0.000123048 -0.00791823 0.0525111
v -0.00200917 -0.00765919 0.0524536
v -0.00377878 -0.00695753 0.0523961
v -0.00532953 -0.00585396 0.0523387
v -0.00657193 -0.00441234 0.0522812
v -0.00743424 -0.00271612 0.0522237
v -0.00786678 -0.000863276 0.0521663
v -0.00784463 0.00103892 0.0521088
v -0.00736922 0.00288066 0.0520514
v -0.00646816 0.00455548 0.0519939
v -0.00519363 0.00596672 0.0519364
v -0.00361934 0.0070329 0.051879
v -0.00183635 0.00769253 0.0518215
v 5.22459e-05 0.00790761 0.051764
v 0.00193729 0.00766587 0.0517066
v 0.00371007 0.00698139 0.0516491
v 0.00526807 0.00589385 0.0515917
v 0.00652142 0.00446618 0.0515342
v 0.0073978 0.00278094 0.0514768
v 0.00784674 0.000935515 0.0514193
v 0.00784243 -0.000963489 0.0513619
v 0.00738525 -0.00280633 0.0513044
v 0.00650175 -0.00448666 0.051247
v 0.00524304 -0.00590752 0.0511895
v 0.00368194 -0.00698691 0.0511321
v 0.00190863 -0.00766264 0.0510746
v 2.56766e-05 -0.00789578 0.0510172
v -0.00185837 -0.00767305 0.0509598
v -0.00363462 -0.00700743 0.0509023
v -0.00520058 -0.00593747 0.0508449
v -0.00646596 -0.00452504 0.0507874
v -0.00735781 -0.00285178 0.05073
v -0.0078247 -0.00101443 0.0506726
v -0.00783988 0.000881072 0.0506151
v -0.0074026 0.0027252 0.0505577
v -0.00653823 0.00441154 0.0505003
v -0.00529675 0.00584292 0.0504428
v -0.00374995 0.00693673 0.0503854
v -0.00198718 0.00762997 0.050328
v -0.000110135 0.00788278 0.0502705
v 0.00177266 0.00768069 0.0502131
v 0.00355277 0.0070355 0.0501557
v 0.00512741 0.00598457 0.0500982
v 0.00640585 0.00458863 0.0500408
v 0.00731437 0.00292838 0.0499834
v 0.00780072 0.0010996 0.049926
v 0.00783697 -0.000792124 0.0498685
v 0.00742114 -0.00263766 0.0498111
v 0.00657735 -0.00433059 0.0497537
v 0.00535441 -0.0057733 0.0496962
v 0.00382297 -0.00688263 0.0496388
v 0.00207141 -0.00759474 0.0495814
v 0.00020087 -0.00786864 0.049524
v -0.00168075 -0.0076887 0.0494666
v -0.00346502 -0.0070654 0.0494091
v -0.00504898 -0.00603483 0.0493517
v -0.00634138 -0.00465655 0.0492943
v -0.00726783 -0.00301006 0.0492369
v -0.00777495 -0.00119048 0.0491795
v -0.00783366 0.00069728 0.0491221
v -0.00744069 0.00254437 0.0490646
v -0.00661881 0.00424434 0.0490072
v -0.00541559 0.00569911 0.0489498
v -0.0039004 0.00682502 0.0488924
v -0.00216078 0.00755715 0.048835
v -0.000297071 0.00785345 0.0487776
v 0.00158343 0.00769697 0.0487202
v 0.00337207 0.00709686 0.0486627
v 0.00496591 0.00608783 0.0486053
v 0.0062732 0.00472808 0.0485479
v 0.00721852 0.00309621 0.0484905
v 0.00774758 0.00128624 0.0484331
v 0.00782997 -0.000597429 0.0483757
v 0.00746106 -0.00244622 0.0483183
v 0.00666226 -0.00415351 0.0482609
v 0.00547968 -0.00562109 0.0482035
v 0.00254139 -0.00680386 0.0475329
v 0.000397713 -0.00783735 0.0480313
v -0.00262055 -0.00677377 0.0473595
v -0.0063412 -0.00481182 0.0477205
v -0.00738043 -0.00302054 0.0476971
v -0.00788816 -0.00116824 0.0476396
v -0.00793829 0.000751541 0.047582
v -0.00752798 0.00262759 0.0475244
v -0.00668112 0.00435092 0.0474669
v -0.00544687 0.00582175 0.0474093
v -0.00389692 0.00695471 0.0473518
v -0.00212114 0.00768426 0.0472942
v -0.000222632 0.00796807 0.0472367
v 0.00168863 0.00778982 0.0471792
v 0.00350156 0.00715991 0.0471216
v 0.00511133 0.00611491 0.0470641
v 0.00642453 0.00471549 0.0470065
v 0.00736501 0.00304292 0.046949
v 0.00787838 0.00119418 0.0468915
v 0.00793496 -0.000723638 0.046834
v 0.00753153 -0.00259909 0.0467764
v 0.00669157 -0.00432368 0.0467189
v 0.00546384 -0.00579737 0.0466614
v 0.00391964 -0.00693478 0.0466039
v 0.00214842 -0.00767013 0.0465464
v 0.000252959 -0.00796079 0.0464888
v -0.0016568 -0.00779003 0.0464313
v -0.00347029 -0.00716785 0.0463738
v -0.00508243 -0.00613035 0.0463163
v -0.00639974 -0.00473781 0.0462588
v -0.00734599 -0.00307098 0.0462013
v -0.00786647 -0.00122644 0.0461438
v -0.00793107 0.000688856 0.0460863
v -0.00753615 0.0025639 0.0460288
v -0.00670468 0.00429012 0.0459713
v -0.00548494 0.00576748 0.0459138
v -0.00394765 0.0069105 0.0458563
v -0.002182 0.00765298 0.0457988
v -0.000290186 0.00795206 0.0457414
v 0.00161809 0.00779048 0.0456839
v 0.00343228 0.0071777 0.0456264
v 0.00504734 0.00614933 0.0455689
v 0.0063698 0.00476502 0.0455114
v 0.00732314 0.003105 0.045454
v 0.00785225 0.00126545 0.0453965
v 0.00792655 -0.000646975 0.045339
v 0.00754186 -0.00252161 0.0452816
v 0.00672056 -0.0042499 0.0452241
v 0.00551032 -0.00573178 0.0451666
v 0.00398131 -0.00688151 0.0451092
v 0.00222209 -0.00763266 0.0450517
v 0.000334596 -0.00794179 0.0449943
v -0.00157196 -0.00779114 0.0449368
v -0.00338707 -0.00718954 0.0448794
v -0.00500574 -0.00617195 0.0448219
v -0.00633447 -0.00479725 0.0447645
v -0.00729621 -0.00314529 0.044707
v -0.00783554 -0.0013116 0.0446496
v -0.00792131 0.000597625 0.0445921
v -0.00754867 0.00247188 0.0445347
v -0.00673932 0.00420263 0.0444773
v -0.00554017 0.00568993 0.0444198
v -0.00402074 0.00684765 0.0443624
v -0.00226903 0.00760894 0.044305
v -0.000386392 0.00792988 0.0442476
v 0.00151817 0.00779199 0.0441901
v 0.0033345 0.00720338 0.0441327
v 0.0049575 0.00619824 0.0440753
v 0.00629343 0.00483479 0.0440179
v 0.00726504 0.00319201 0.0439605
v 0.00781625 0.00136499 0.043903
v 0.0079153 -0.000540588 0.0438456
v 0.00755657 -0.00241443 0.0437882
v 0.00676095 -0.00414824 0.0437308
v 0.00557457 -0.00564175 0.0436734
v 0.00406614 -0.0068087 0.043616
v 0.00232295 -0.00758173 0.0435586
v 0.000445874 -0.00791622 0.0435012
v -0.00145659 -0.00779297 0.0434438
v -0.00327432 -0.00721924 0.0433864
v -0.00490237 -0.0062283 0.043329
v -0.00624662 -0.00487761 0.0432716
v -0.0072295 -0.0032453 0.0432143
v -0.0077943 -0.00142576 0.0431569
v -0.00790846 0.000475679 0.0430995
v -0.00756554 0.00234921 0.0430421
v -0.00678551 0.00408643 0.0429847
v -0.00561351 0.0055872 0.0429273
v -0.0041175 0.00676463 0.04287
v -0.00238389 0.00755096 0.0428126
v -0.00051296 0.0079008 0.0427552
v 0.00138706 0.00779406 0.0426978
v 0.00320656 0.00723707 0.0426405
v 0.00484026 0.00626215 0.0425831
v 0.00619402 0.0049257 0.0425257
v 0.00718958 0.00330509 0.0424684
v 0.00776963 0.00149398 0.042411
v 0.00790077 -0.000402999 0.0423537
v 0.00757556 -0.00227613 0.0422963
v 0.00681291 -0.00401739 0.0422389
v 0.00565702 -0.00552618 0.0421816
v 0.00417474 -0.00671545 0.0421242
v 0.00245177 -0.00751663 0.0420669
v 0.000587657 -0.00788358 0.0420095
v -0.00130979 -0.00779523 0.0419522
v -0.00313124 -0.00725684 0.0418948
v -0.00477137 -0.00629963 0.0418375
v -0.00613564 -0.00497898 0.0417801
v -0.00714536 -0.00337124 0.0417228
v -0.00774231 -0.00156936 0.0416655
v -0.00789222 0.000322671 0.0416081
v -0.00758654 0.00219558 0.0415508
v -0.00684306 0.00394126 0.0414934
v -0.00570486 0.00545899 0.0414361
v -0.00423769 0.00666129 0.0413788
v -0.00252635 0.00747885 0.0413214
v -0.000669715 0.0078646 0.0412641
v 0.00107047 0.00775652 0.0412115
v 0.00268109 0.0073497 0.0411611
v 0.00435462 0.0064986 0.0411036
v 0.00577702 0.00527341 0.0410462
v 0.00686639 0.00374485 0.0409887
v 0.00756013 0.00200097 0.0409313
v 0.00781843 0.000142239 0.0408738
v 0.00762651 -0.00172419 0.0408164
v 0.00699557 -0.00349099 0.0407589
v 0.00596206 -0.00505645 0.0407015
v 0.00458557 -0.00633049 0.040644
v 0.00294544 -0.00723988 0.0405866
v 0.00113614 -0.00773236 0.0405291
v -0.000738177 -0.00777974 0.0404717
v -0.00256963 -0.00737939 0.0404142
v -0.0042528 -0.00655448 0.0403568
v -0.00569091 -0.0053526 0.0402993
v -0.00680129 -0.003843 0.0402419
v -0.00752015 -0.00211257 0.0401844
v -0.00780622 -0.000260999 0.040127
v -0.00764318 0.00160522 0.0400695
v -0.0070405 0.00337876 0.0400121
v -0.00603296 0.00495762 0.0399547
v -0.00467863 0.006251 0.0398972
v -0.00305554 0.00718459 0.0398398
v -0.00125692 0.00770488 0.0397823
v 0.000771603 0.00782275 0.0397202
v 0.00286345 0.00732579 0.0396554
v 0.00452786 0.00643052 0.039598
v 0.00593047 0.00516423 0.0395406
v 0.00699034 0.00360018 0.0394833
v 0.00764649 0.00182865 0.0394259
v 0.00786111 -4.79936e-05 0.0393685
v 0.00762196 -0.00192133 0.0393111
v 0.00694296 -0.00368341 0.0392537
v 0.00586346 -0.00523246 0.0391964
v 0.00444587 -0.00647915 0.039139
v 0.00277211 -0.00735166 0.0390816
v 0.000938745 -0.00779979 0.0390242
v -0.000948282 -0.00779777 0.0389668
v -0.00278013 -0.00734586 0.0389095
v -0.00445112 -0.0064703 0.0388521
v -0.005865 -0.00522163 0.0387947
v -0.00694011 -0.00367216 0.0387373
v -0.0076147 -0.0019112 0.03868
v -0.0078499 -4.05305e-05 0.0386226
v -0.00763232 0.00183214 0.0385652
v -0.00697465 0.00359857 0.0385078
v -0.00591487 0.00515715 0.0384505
v -0.00451431 0.00641788 0.0383931
v -0.00285382 0.00730823 0.0383357
v -0.00102915 0.00777701 0.0382783
v 0.000854369 0.00779728 0.0382209
v 0.00268822 0.007368 0.0381636
v 0.00436661 0.00651407 0.0381062
v 0.00579287 0.00528484 0.0380488
v 0.00688485 0.0037513 0.0379915
v 0.00757974 0.00200189 0.0379341
v 0.00783758 0.000137544 0.0378767
v 0.00764365 -0.00173433 0.0378193
v 0.00700926 -0.00350573 0.037762
v 0.00597108 -0.00507472 0.0377046
v 0.00458905 -0.0063509 0.0376472
v 0.00294298 -0.00726078 0.0375898
v 0.00112769 -0.00775211 0.0375325
v -0.000752123 -0.00779668 0.0374751
v -0.00258816 -0.00739203 0.0374177
v -0.00427465 -0.00656163 0.0373604
v -0.00571452 -0.00535341 0.037303
v -0.00682484 -0.00383711 0.0372456
v -0.00754179 -0.0021001 0.0371882
v -0.00782415 -0.000242591 0.0371309
v -0.00765581 0.0016285 0.0370735
v -0.00704658 0.00340539 0.0370161
v -0.00603165 0.00498572 0.0369588
v -0.00466961 0.00627857 0.0369014
v -0.00303898 0.00720957 0.036844
v -0.00123371 0.00772521 0.0367866
v 0.000642219 0.00779591 0.0367293
v 0.00248073 0.00741771 0.0366719
v 0.00417599 0.00661252 0.0366145
v 0.00563045 0.00542682 0.0365572
v 0.00676049 0.0039289 0.0364998
v 0.00750106 0.00220512 0.0364424
v 0.00780967 0.000354789 0.0363851
v 0.00766865 -0.00151558 0.0363277
v 0.00708623 -0.00329833 0.0362703
v 0.00609605 -0.00489085 0.036213
v 0.00475521 -0.00620152 0.0361556
v 0.00314094 -0.00715501 0.0360982
v 0.00134623 -0.0076965 0.0360408
v -0.000525608 -0.00779495 0.0359835
v -0.00236681 -0.00744479 0.0359261
v -0.00407147 -0.00666625 0.0358687
v -0.00554151 -0.00550426 0.0358114
v -0.00669237 -0.00402576 0.035754
v -0.00745795 -0.00231586 0.0356966
v -0.00779424 -0.000473042 0.0356393
v -0.00768201 0.00139658 0.0355819
v -0.00712779 0.00318563 0.0355245
v -0.00616358 0.00479104 0.0354672
v -0.00484496 0.00612049 0.0354098
v -0.00324779 0.00709762 0.0353524
v -0.00146406 0.00766625 0.0352951
v 0.000403602 0.00779376 0.0352377
v 0.00224772 0.00747289 0.0351803
v 0.0039622 0.00672221 0.035123
v 0.00544854 0.00558495 0.0350656
v 0.00662123 0.00412659 0.0350082
v 0.00741286 0.00243112 0.0349508
v 0.00777791 0.000595195 0.034894
v 0.00769572 -0.00127144 0.0348365
v 0.00717072 -0.00306864 0.0347787
v 0.00623319 -0.00468768 0.0347216
v 0.00493816 -0.00603599 0.0346642
v 0.00335824 -0.00703807 0.0346066
v -0.000545999 -0.00788199 0.0344118
v -0.00258514 -0.00747914 0.0343853
v -0.00429752 -0.00664411 0.0343277
v -0.00576059 -0.00542411 0.0342702
v -0.00688959 -0.00388991 0.0342127
v -0.00761912 -0.00213051 0.0341552
v -0.00790701 -0.000247918 0.0340976
v -0.00773665 0.00164884 0.0340401
v -0.00711802 0.00344968 0.0339826
v -0.00608706 0.00505034 0.0339251
v -0.00470352 0.00635823 0.0338676
v -0.00304774 0.00729748 0.0338101
v -0.00121566 0.00781381 0.0337525
v 0.000686625 0.00787741 0.033695
v 0.00254873 0.00748468 0.0336375
v 0.00426295 0.00665846 0.03358
v 0.00572997 0.0054467 0.0335225
v 0.00686487 0.00391968 0.033465
v 0.00760199 0.0021659 0.0334075
v 0.00789873 0.000286969 0.03335
v 0.00773801 -0.00160825 0.0332925
v 0.00712925 -0.00340996 0.033235
v 0.00610777 -0.00501396 0.0331775
v 0.00473283 -0.00632737 0.03312
v 0.00308412 -0.0072742 0.0330625
v 0.00125715 -0.00779973 0.0330051
v -0.000642234 -0.00787363 0.0329476
v -0.00250415 -0.00749173 0.0328901
v -0.00422069 -0.00667627 0.0328326
v -0.00569273 -0.00547448 0.0327751
v -0.00683492 -0.00395613 0.0327176
v -0.00758135 -0.00220906 0.0326602
v -0.0078889 -0.000334513 0.0326027
v -0.00773988 0.00155907 0.0325452
v -0.007143 0.00336207 0.0324877
v -0.00613298 0.0049701 0.0324303
v -0.00476823 0.00629038 0.0323728
v -0.00312801 0.00724636 0.0323154
v -0.00130705 0.007783 0.0322579
v 0.000589095 0.00786928 0.0322004
v 0.00245084 0.00750034 0.032143
v 0.00417035 0.00669767 0.0320855
v 0.00564841 0.00550772 0.0320281
v 0.00679942 0.00399954 0.0319706
v 0.00755698 0.00226036 0.0319132
v 0.00787738 0.000390837 0.0318557
v 0.0077422 -0.00150088 0.0317983
v 0.00715942 -0.00330538 0.0317408
v 0.00616279 -0.00491847 0.0316834
v 0.00481006 -0.00624684 0.0316259
v 0.00317961 -0.00721373 0.0315685
v 0.00136565 -0.00776344 0.0315111
v -0.000526813 -0.00786426 0.0314536
v -0.00238838 -0.00751051 0.0313962
v -0.00411156 -0.00672273 0.0313388
v -0.00559668 -0.00554662 0.0312814
v -0.00675809 -0.0040502 0.0312239
v -0.00752865 -0.00232011 0.0311665
v -0.00786402 -0.00045636 0.0311091
v -0.00774495 0.00143334 0.0310517
v -0.00717842 0.00323985 0.0309943
v -0.00619729 0.00485874 0.0309368
v -0.00485839 0.00619656 0.0308794
v -0.00323919 0.00717608 0.030822
v -0.00143323 0.0077409 0.0307646
v 0.000455078 0.00785849 0.0307072
v 0.00231668 0.00752218 0.0306498
v 0.00404401 0.00675154 0.0305924
v 0.00553743 0.00559117 0.030535
v 0.00671073 0.00410822 0.0304776
v 0.00749626 0.0023884 0.0304202
v 0.00784876 0.000531173 0.0303629
v 0.00774805 -0.00135633 0.0303055
v 0.00720005 -0.00316514 0.0302481
v 0.00623658 -0.00479069 0.0301907
v 0.00491333 -0.00613934 0.0301333
v 0.00330676 -0.00713332 0.0300759
v 0.0015098 -0.00771531 0.0300186
v -0.000373894 -0.00785191 0.0299612
v -0.00223555 -0.00753533 0.0299038
v -0.00396775 -0.00678398 0.0298464
v -0.00547053 -0.00564138 0.0297891
v -0.00665733 -0.00417353 0.0297317
v -0.00745971 -0.00246526 0.0296743
v -0.00783152 -0.000615211 0.029617
v -0.00775145 0.00126989 0.0295596
v -0.00722425 0.00308128 0.0295023
v -0.00628048 0.00471445 0.0294449
v -0.00497467 0.00607531 0.0293876
v -0.00338226 0.00708544 0.0293302
v -0.00159524 0.00768665 0.0292729
v 0.00221362 0.0074811 0.0288578
v 0.00296951 0.00727065 0.0291864
v 0.0046162 0.00635278 0.0291287
v 0.00599654 0.0050691 0.0290709
v 0.00703107 0.00349365 0.0290131
v 0.00766028 0.00171722 0.0289553
v 0.007848 -0.000157743 0.0288976
v 0.00758354 -0.00202319 0.0288398
v 0.00688226 -0.00377164 0.028782
v 0.00578462 -0.0053025 0.0287242
v 0.00435406 -0.00652749 0.0286664
v 0.00267293 -0.00737624 0.0286087
v 0.000838194 -0.00779991 0.0285509
v -0.0010444 -0.00777421 0.0284931
v -0.00286648 -0.0073007 0.0284353
v -0.00452306 -0.00640678 0.0283776
v -0.00591873 -0.00514409 0.0283198
v -0.00697328 -0.00358532 0.028262
v -0.00762596 -0.00182045 0.0282042
v -0.00783934 4.89655e-05 0.0281464
v -0.0076012 0.00191518 0.0280886
v -0.00440574 0.00577413 0.0273532
v -0.002773 0.00732879 0.0278575
v 0.00226423 0.00690105 0.0271219
v 0.00522653 0.00582341 0.0275536
v 0.00646283 0.0044099 0.0274961
v 0.0073262 0.00274396 0.0274391
v 0.00776844 0.000918647 0.027382
v 0.00776286 -0.00095843 0.0273248
v 0.00731033 -0.00277989 0.0272676
v 0.00643707 -0.00444085 0.0272104
v 0.00519342 -0.00584583 0.0271532
v 0.00365106 -0.006914 0.027096
v 0.00189883 -0.00758397 0.0270388
v 3.77579e-05 -0.00781724 0.0269816
v -0.00182521 -0.00760052 0.0269244
v -0.00358266 -0.00694641 0.0268672
v -0.00513356 -0.00589265 0.02681
v -0.00638873 -0.00449998 0.0267528
v -0.00727599 -0.00284861 0.0266956
v -0.00774437 -0.00103369 0.0266384
v -0.00776703 0.000840381 0.0265813
v -0.00734278 0.00266569 0.0265241
v -0.00649611 0.00433731 0.0264669
v -0.00527586 0.00575904 0.0264097
v -0.00375234 0.00684915 0.0263525
v -0.00201316 0.00754505 0.0262954
v -0.000158524 0.00780675 0.0262382
v 0.00170488 0.00761931 0.026181
v 0.00346989 0.00699361 0.0261238
v 0.00503494 0.00596576 0.0260667
v 0.00631016 0.00459491 0.0260095
v 0.0072222 0.00296001 0.0259523
v 0.00771868 0.0011552 0.0258952
v 0.00777115 -0.000715802 0.025838
v 0.0073767 -0.00254529 0.0257808
v 0.00655805 -0.00422814 0.0257237
v 0.00536243 -0.00566751 0.0256665
v 0.0038586 -0.00678078 0.0256093
v 0.00213315 -0.00750392 0.0255522
v 0.000285261 -0.00779547 0.025495
v -0.00157878 -0.00763872 0.0254379
v -0.00335165 -0.00704279 0.0253807
v -0.00493163 -0.00604199 0.0253235
v -0.00622784 -0.00469392 0.0252664
v -0.00716578 -0.00307617 0.0252092
v -0.00769161 -0.00128175 0.0251521
v -0.00777515 0.000586072 0.0250949
v -0.00741169 0.00241996 0.0250377
v -0.00662216 0.00411454 0.0249806
v -0.00545208 0.0055723 0.0249235
v -0.00396867 0.00670959 0.0248663
v -0.00225726 0.00746106 0.0248091
v -0.000416385 0.0077835 0.024752
v 0.00144829 0.0076585 0.0246948
v 0.00322954 0.00709327 0.0246377
v 0.00482488 0.00612038 0.0245805
v 0.00614276 0.00479577 0.0245234
v 0.00710744 0.00319559 0.0244662
v 0.00766347 0.00141193 0.0244091
v 0.00777897 -0.000452703 0.0243519
v 0.00744734 -0.00229121 0.0242948
v 0.00668766 -0.00399788 0.0242376
v 0.00554369 -0.00547455 0.0241805
v 0.00408115 -0.0066365 0.0241233
v 0.00238415 -0.00741692 0.0240662
v 0.000550209 -0.00777099 0.024009
v -0.00131517 -0.00767838 0.0239519
v -0.00310484 -0.00714448 0.0238947
v -0.00471603 -0.00619995 0.0238375
v -0.00605602 -0.00489916 0.0237804
v -0.00704788 -0.00331686 0.0237232
v -0.00763464 -0.00154395 0.0236661
v -0.00778254 0.000317557 0.0236089
v -0.00748315 0.00216075 0.0235518
v -0.00675367 0.0038797 0.0234946
v -0.00563606 0.0053756 0.0234375
v -0.00419452 0.00656249 0.0233803
v -0.00251195 0.00737216 0.0233231
v -0.00068509 0.00775809 0.023266
v 0.00118118 0.0076981 0.0232088
v 0.00297947 0.00719567 0.0231517
v 0.00460651 0.00627966 0.0230945
v 0.00596882 0.00500265 0.0230373
v 0.00698798 0.00343817 0.0229802
v 0.00760548 0.00167607 0.022923
v 0.00778583 -0.000182395 0.0228658
v 0.00751866 -0.00203035 0.0228087
v 0.0068193 -0.00376163 0.0227515
v 0.00572794 -0.00527674 0.0226943
v 0.0043073 -0.00648853 0.0226372
v 0.00263907 -0.00732735 0.02258
v 0.000819044 -0.00774499 0.0225228
v -0.00104811 -0.00771741 0.0224656
v -0.00285505 -0.00724617 0.0224085
v -0.00449792 -0.00635835 0.0223513
v -0.00588226 -0.00510497 0.0222941
v -0.00692849 -0.00355804 0.0222369
v -0.00757643 -0.00180649 0.0221798
v -0.00778881 4.90171e-05 0.0221226
v -0.00755339 0.0019018 0.0220654
v -0.00688365 0.00364534 0.0220082
v -0.00581808 0.00517937 0.021951
v -0.0044179 0.00641569 0.0218938
v -0.00276363 0.00728317 0.0218366
v -0.000950307 0.00773191 0.0217794
v 0.000917809 0.00773606 0.0217222
v 0.00273322 0.00729536 0.021665
v 0.00439166 0.00643505 0.0216078
v 0.00579765 0.0052046 0.0215506
v 0.00687029 0.00367476 0.0214934
v 0.00754792 0.0019334 0.0214362
v 0.00779148 8.07179e-05 0.021379
v 0.00758691 -0.00177682 0.0213218
v 0.0053626 -0.00489833 0.0206459
v 0.00452534 -0.0063447 0.0211501
v 0.00288466 -0.00724011 0.0210926
v 0.00107792 -0.00771914 0.0210352
v -0.000791035 -0.00775423 0.0209778
v -0.00261473 -0.00734329 0.0209204
v -0.00428822 -0.0065099 0.020863
v -0.00571529 -0.00530192 0.0208056
v -0.00681376 -0.00378878 0.0207481
v -0.0075204 -0.00205749 0.0206907
v -0.0077945 -0.000207608 0.0206333
v -0.00762022 0.00165451 0.0205759
v -0.0070075 0.00342168 0.0205185
v -0.00599154 0.00499226 0.020461
v -0.00463069 0.00627583 0.0204036
v -0.00300322 0.0071985 0.0203462
v -0.00120266 0.00770713 0.0202887
v 0.00066736 0.00777235 0.0202313
v 0.00249927 0.00739035 0.0201738
v 0.00418769 0.00658299 0.0201164
v 0.00563534 0.00539671 0.020059
v 0.00675895 0.00389966 0.0200015
v 0.00749379 0.00217789 0.0199441
v 0.00779745 0.000330466 0.0198866
v 0.00765237 -0.00153629 0.0198292
v 0.00706681 -0.00331494 0.0197717
v 0.0060744 -0.00490307 0.0197142
v 0.00473216 -0.00620927 0.0196568
v 0.00311728 -0.00715827 0.0195993
v 0.00132257 -0.0076954 0.0195418
v -0.000548555 -0.00778959 0.0194844
v -0.00238843 -0.00743535 0.0194269
v -0.00409118 -0.00665296 0.0193694
v -0.00555869 -0.00548735 0.019312
v -0.00670642 -0.00400556 0.0192545
v -0.00746822 -0.00229282 0.019197
v -0.00780011 -0.000447726 0.0191395
v -0.0076829 0.0014235 0.019082
v -0.0071232 0.00321314 0.0190245
v -0.00615315 0.0048181 0.018967
v -0.00482849 0.0061459 0.0189095
v -0.00345149 0.00701006 0.0188571
v -0.00188757 0.00764661 0.0187967
v 0.000111349 0.00785605 0.0187275
v 0.00208161 0.00755949 0.0186718
v 0.0038377 0.00683755 0.0186214
v 0.00537308 0.00570716 0.0185638
v 0.00659068 0.00423854 0.0185062
v 0.00741764 0.00251802 0.0184486
v 0.00780397 0.000647285 0.0183911
v 0.00772566 -0.00126264 0.0183335
v 0.00718628 -0.00309792 0.0182758
v 0.00385953 -0.00615266 0.0175813
v 0.00390476 -0.0070366 0.0178956
v 0.00315146 -0.00732849 0.0180648
v -0.00625711 0.00376204 0.0169104
v -0.0045298 -0.00593735 0.0174063
v -0.0055741 -0.00466066 0.0171685
v -0.00782337 -0.00122651 0.0175068
v -0.00732561 0.000387214 0.0170572
v 0.00708006 -0.00395656 0.0166251
v 0.00812594 0.00010744 0.0168064
v 0.00785195 0.0019953 0.0168661
v 0.00669229 0.00454964 0.016842
v -0.0073219 0.00100861 0.0165054
v -0.00711952 -0.00183062 0.0165857
v -0.00652827 -0.00318322 0.0167744
v -0.0072253 0.00073902 0.0166418
v -0.00723783 -0.00060413 0.016686
v 0.00624157 -0.00418089 0.136661
v 0.00714111 -0.00187238 0.136375
v 0.00722061 0.00078351 0.136
v -0.00078213 0.0072201 0.0179826
v 0.00063122 0.00723454 0.0179883
v 0.00205437 0.00696512 0.0178816
v -0.00659822 0.00303549 0.016747
v 0.00566034 -0.00829847 0.0171092
v 0.00721881 -0.008 0.0164891
v 0.00994987 -0.008 0.015
v 0.00987457 -0.00828503 0.015
v 0.00968752 -0.00851515 0.015
v 0.00864732 -0.00901547 0.0150128
v 0.00852346 -0.0090121 0.0150034
v -0.00866656 -0.00897049 0.0149999
v -0.0095605 -0.00862179 0.015
v -0.00992007 -0.00821467 0.0150001
v -0.00994987 -0.008 0.015
v -0.00584477 -0.0082025 0.0170874
v 0.00214277 -0.00832903 0.0178214
v 0.000504405 -0.0088897 0.0175808
v 0.00193182 -0.00898779 0.0170829
v -0.00206942 -0.00870711 0.0175858
v 0.00602391 -0.00886603 0.0164305
v -0.00368269 -0.00898721 0.0168445
v -0.00614572 -0.00872972 0.0166185
v -0.00618429 -0.00825882 0.016868
v -0.022025 0.0381484 0
v -0.04405 0 0
v -0.04405 0 0.015
v -0.0279408 0.0279019 0.015
v -0.0223949 0.0377766 0.026807
v -0.018418 0.0352487 0.0286262
v -0.00563983 0.0379741 0.0361719
v -0.0283578 0.0251467 0.0150006
v -0.0274282 0.025356 0.0165586
v -0.021767 0.026525 0.0233792
v 0.0239821 0.0264207 0.0210269
v 0.0216199 0.0295616 0.0232094
v 0.0256252 0.0278672 0.0186749
v 0.0275895 0.0253183 0.0163157
v 0.0281178 0.0253724 0.0153485
v 0.0283049 0.0253724 0.015
v 0.0279408 0.0279019 0.015
v 0.0258724 0.031481 0.0191426
v -0.00790411 0.0351862 0.0330418
v -0.0255688 0.0291274 0.0186041
v -0.0254527 0.0318394 0.0200488
v -0.0121774 0.0311419 0.0297945
v -0.0173039 0.0327204 0.0276532
v -0.0158099 0.0276043 0.0276082
v -0.00454012 0.0275389 0.0315558
v -0.00252171 0.0311419 0.032088
v 0.00408805 0.0355484 0.034098
v 0.00210058 0.0378234 0.0363049
v 0 0.0282731 0.031711
v 0.00735057 0.026845 0.030886
v 0.00737358 0.0311419 0.0313309
v 0.00869906 0.0374921 0.0342998
v 0.0134811 0.0287876 0.0285979
v 0.0173455 0.0347031 0.0289109
v 0.0182414 0.0274553 0.0259204
v 0.0186274 0.0311659 0.02614
v 0.0229871 0.0361785 0.0257918
v -0.0293317 0.0229477 0.0150234
v -0.0292345 0.0221265 0.018484
v -0.0308716 0.0213619 0.0151141
v 0.0279408 -0.0279019 0.015
v 0.0223949 -0.0377766 0.026807
v 0.022025 -0.0381484 0
v 0.04405 0 0
v 0.04405 0 0.015
v 0.018418 -0.0352487 0.0286262
v 0.005374 -0.0379804 0.0363111
v -0.00993567 0.00815958 0.015
v -0.00973148 0.00847737 0.015
v -0.00944935 0.00868466 0.015
v -0.00856456 0.00900171 0.0150016
v 0.00866654 0.00897049 0.0149999
v 0.00944935 0.00868466 0.015
v 0.00979273 0.00840518 0.015
v 0.00987457 0.00828503 0.015
v 0.00994303 0.00810808 0.015
v 0.00578842 0.00574328 0.0171339
v -0.000110897 0.00815294 0.0181027
v -0.00619602 0.008 0.0169
v -0.00615702 0.00848981 0.0168039
v -0.00193182 0.00898779 0.0170829
v -0.00329014 0.00889895 0.0172594
v -0.00208799 0.0085 0.0177436
v 0.00204521 0.00886603 0.0173801
v 0.00206942 0.00870711 0.0175858
v 0.00208799 0.0085 0.0177436
v 0.00368269 0.00898721 0.0168445
v 0.00616509 0.00864979 0.0167139
v -0.0284893 -0.024554 0.0150018
v -0.0274287 -0.0253596 0.0165544
v -0.00994174 -0.0148767 0.015
v -0.0061961 -0.014995 0.0169
v 0.00213473 -0.0149752 0.0178629
v 0.00619608 -0.014995 0.0169
v 0.00994997 -0.0149 0.0149999
v -0.0109017 -0.028 0.0150914
v 0.0117432 -0.028 0.015
v 0.0111501 -0.028 0.0152038
v -0.000544484 -0.028 0.019335
v -0.00476858 -0.028 0.0182515
v 0.011874 -0.0381484 0.0151085
v 0.00249337 -0.0381484 0.0189913
v -0.0101378 -0.0381484 0.0163633
v -0.0041526 -0.0219885 0.112263
v 0.0127439 -0.0216565 0.134623
v 0.0081961 -0.0220078 0.135237
v 0 -0.022 0.135746
v -0.00649301 -0.022 0.135441
v -0.0126862 -0.0219783 0.134159
v 0.0222991 -0.00537689 0.112559
v 0.0147219 -0.0185014 0.112827
v -0.025009 -0.000441964 0.113238
v -0.0230122 0.00411172 0.112622
v -0.0160431 0.0162926 0.112382
v -0.0127315 0.021951 0.113932
v 0.0125423 0.0219676 0.113785
v 0.0253304 8.75165e-05 0.113791
v 0.0175516 -0.00958851 0.112
v 0.0181032 -0.00143427 0.111917
v 0.0171573 0.00549551 0.111903
v 0.0161462 0.0159664 0.112184
v 0.00608056 0.0171843 0.111815
v 0.00378806 0.0219218 0.112199
v -0.00263415 0.0212845 0.112104
v -0.0194353 0.00471909 0.112
v -0.0161462 -0.0159664 0.112184
v 0.0130675 -0.0142958 0.111834
v 0.022353 -0.00520671 0.1123
v 0.0211968 0.00714033 0.112242
v 0.0193821 -0.010445 0.112199
v 0.0123406 -0.0219998 0.113543
v 0.000517068 -0.0216904 0.112111
v -0.0125423 -0.0219676 0.113785
v -0.0163419 -0.015649 0.112385
v -0.0203289 -0.00878659 0.112221
v -0.0193884 0.0103541 0.112154
v -0.00693807 0.0220015 0.112469
v 0.0168962 0.0147068 0.112296
v -0.0254034 0 0.133899
v -0.0166365 -0.0150987 0.135667
v -0.0210486 -0.00756342 0.135691
v -0.0253732 -5.09246e-07 0.134213
v 0.0127097 0.0219702 0.134061
v 0.00999726 0.021988 0.13491
v 0.0190526 0.011 0.135746
v 0.0199194 0.00301444 0.136
v 0.0170797 0.0104059 0.136
v 0.00360369 0.0219426 0.13584
v 6.24413e-05 0.0219449 0.135839
v -0.00327222 0.0219387 0.135795
v -0.00561962 0.0219734 0.135743
v -0.0166219 0.0150959 0.135838
v -0.0175516 0.00958851 0.136
v -0.0203805 -0.000450031 0.136002
v -0.00531536 -0.00593003 0.136364
v 0.00301452 -0.0199199 0.136
v 0.0158061 -0.0166231 0.135441
v 0.0238302 -0.00271759 0.13496
v 0.0253809 6.37586e-05 0.134201
v 0.0217979 0.0061737 0.135635
v 0.0157744 -0.0152739 0.135757
v -0.016684 0.0141629 0.135791
v 0.017985 0.0121376 0.135872
v 0.00805885 -0.0197777 0.135912
v 0.0195749 -0.0101687 0.13575
v 0.0219671 -0.00590566 0.135599
v 0.0155249 0.0170093 0.135533
v -0.0127199 0.0219209 0.134187
v -0.0210095 0.00768117 0.135685
v -0.0218561 0.00210644 0.135757
v -0.0220902 -0.00539095 0.135619
v -0.0123337 -0.0203499 0.135042
v -0.0099076 -0.0189925 0.135925
v 1.37333e-05 -0.0217998 0.135858
v 0.013931 0.0116426 0.111943
v -0.005571 0.0175312 0.112
v -0.00916669 0.0169854 0.111799
v -0.0159295 0.00980953 0.111692
v -0.0179036 -0.00307017 0.111922
v -0.0139829 -0.0115956 0.111921
v -0.00862966 -0.0157965 0.112
v -0.00223241 -0.0181082 0.111793
v 0.00506771 -0.0172719 0.112
v 0.0105264 -0.0150969 0.111711
v -0.00669449 0.0143215 0.0150144
v -0.00983834 0.0147706 0.0150001
v -0.00210365 0.0150438 0.0178766
v 0.00210366 0.0150438 0.0178766
v 0.00994168 0.0148767 0.015
v 0.00961888 0.0146619 0.015
v 0.00888673 0.0144255 0.015
v -0.00907971 0.0144459 0.0150365
v 0.00734456 0.0144415 0.015656
v -0.00257593 0.0146695 0.017483
v 0.002576 0.0146695 0.0174831
v 0.00588227 0.0145425 0.0165492
v 0.00639143 0.0148426 0.0168036
v 0.00256103 0.01457 0.0173032
v -0.000834725 0.0146259 0.0176089
v -0.00578241 0.0145854 0.0166595
v -0.00627607 0.0149034 0.0168614
v -0.00147794 0.0148772 0.0178766
v 0.00260454 0.0148343 0.0176683
v -0.00503171 0.0145424 0.0167516
v -0.00302563 0.0145189 0.0170998
v 3.43507e-05 0.0145382 0.0173684
v 0.00450596 0.0145003 0.0167638
v -0.0214778 0.0308108 0.0695836
v -0.0329958 0.0178349 0.0699381
v -0.0374353 0.00441371 0.0697066
v -0.0252339 -0.0277631 0.069931
v -0.00895219 -0.0349033 0.0706475
v 0.0184666 -0.0327083 0.0695765
v 0.0265838 -0.0267308 0.0696695
v 0.033183 -0.017559 0.0696175
v 0.0376444 -0.000692535 0.0698651
v 0.0321539 0.0196232 0.0697966
v 0.0162158 0.0338189 0.0699392
v -0.00454958 0.0286478 0.0766391
v 0.0022894 0.0355545 0.071334
v 0.0233862 0.0180566 0.0761771
v 0.0289658 0.00536391 0.0762833
v 0.0254257 -0.0145492 0.0765555
v 0.0129535 -0.0333437 0.071015
v -0.000566566 -0.0369361 0.0698193
v -0.0163592 -0.0246354 0.076129
v -0.0160494 0.0316949 0.0712317
v 0.018203 -0.033331 0.0685774
v 0.0241807 -0.0292851 0.0685766
v 0.0341639 -0.0177833 0.0683885
v 0.0377094 -0.00450918 0.0685762
v 0.0303946 0.0227752 0.0685647
v -0.0149744 0.0349007 0.0685764
v -0.0213059 0.031438 0.0685768
v -0.0349238 0.0149268 0.0685674
v -0.0371151 0.00804836 0.0685756
v -0.0301497 -0.0233653 0.0685398
v -0.02274 -0.0304168 0.0685768
v -0.002697 -0.0378816 0.0685777
v 0.0115687 -0.0361727 0.0685778
v -0.0110589 0.0363281 0.0691549
v -0.00397194 0.0377603 0.0691661
v 0.00326151 0.0378228 0.0691776
v 0.0105318 0.0364994 0.0691514
v 0.0177158 0.0335867 0.0692601
v 0.0235038 0.029568 0.0694057
v 0.0237298 0.0296414 0.0692623
v 0.0327675 0.0191748 0.0691884
v 0.0358288 0.0126503 0.0691281
v 0.0375835 0.00568313 0.0690975
v 0.0378724 -0.000519653 0.0692471
v 0.0366598 -0.00909686 0.0694058
v 0.0290146 -0.0240168 0.0693625
v 0.00695425 -0.0371259 0.0694057
v 0.00689729 -0.0373321 0.0692719
v -0.0074485 -0.0372174 0.0692901
v -0.0142215 -0.0349921 0.0694057
v -0.0143523 -0.035132 0.0693018
v -0.0226491 -0.0302684 0.0691064
v -0.030882 -0.0217484 0.0694057
v -0.0279682 -0.025435 0.0691064
v -0.0324012 -0.0197585 0.0686858
v -0.0350553 -0.0131164 0.0697523
v -0.0369394 -0.00868765 0.06931
v -0.0355771 -0.0132944 0.0685681
v -0.0377377 -0.00159992 0.0694057
v -0.0379151 -0.00153929 0.0693124
v -0.0326176 0.0194099 0.0693253
v -0.0284161 0.0248841 0.0694057
v -0.0285061 0.0250541 0.0692998
v -0.00809644 0.0162232 0.093222
v -0.0134006 0.0121995 0.0936831
v -0.0167278 0.00686053 0.093572
v -0.0177505 0.0038803 0.0931178
v -0.0181461 -0.00105012 0.0932504
v 0.0139748 -0.0115664 0.0939025
v 0.0166628 0.00756904 0.0938558
v 0.000580521 0.018341 0.0935348
v -0.0225364 -0.00881385 0.0903276
v -0.0149531 -0.0129593 0.0910848
v -0.0113587 -0.0158509 0.0911645
v -0.00718687 -0.0180651 0.0912125
v -0.00259479 -0.019236 0.0912387
v 0.00211058 -0.019325 0.091215
v 0.00667542 -0.0182973 0.0911859
v 0.0112762 -0.0161845 0.0911252
v 0.0176379 -0.010746 0.0908916
v 0.0190429 -0.00681227 0.090997
v 0.0201548 0.00284674 0.0909773
v 0.0175755 0.0175302 0.0903807
v 0.0194997 0.00293944 0.0911804
v -0.00406827 0.0191467 0.0912318
v -0.00647955 0.0186993 0.0910949
v -0.010797 0.0166602 0.0910571
v -8.26622e-05 0.01831 0.0926645
v 0.000713504 0.0195999 0.0912044
v 0.01001 0.0153601 0.0931791
v 0.00844081 0.0170015 0.0917375
v 0.00698035 0.017998 0.0913968
v 0.0104495 0.0149765 0.0925058
v 0.0151263 0.0135284 0.0910737
v 0.0145449 0.0126925 0.0913968
v 0.0161399 0.00835078 0.0928079
v 0.0150262 0.0109581 0.0921957
v 0.0171598 0.00884289 0.0913968
v 0.0178453 0.00425698 0.0924728
v 0.0173672 -0.00608232 0.0924394
v 0.0187082 -0.00476003 0.0913968
v 0.0189377 0.00198055 0.0916898
v 0.0181213 -0.00219231 0.0929055
v 0.0157034 -0.0103779 0.091843
v 0.0130446 -0.0142841 0.0913897
v 0.0117012 -0.0139864 0.0929618
v 0.00641782 -0.0169872 0.0930361
v 0.00113639 -0.018098 0.0929939
v -0.00586645 -0.0173479 0.0931944
v -0.00652933 -0.0169256 0.0928828
v -0.011803 -0.0138518 0.0929654
v -0.0145468 -0.0108866 0.0931553
v -0.01668 -0.00878458 0.0921737
v -0.0171319 -0.00609924 0.0931753
v -0.0172495 -0.00646913 0.0925762
v -0.0180918 -0.00688378 0.0914559
v -0.0186982 -0.00731442 0.0910588
v -0.0198412 0.00036201 0.0910516
v -0.019414 0.00297161 0.0911679
v -0.0173116 0.00953048 0.0911038
v -0.0141451 0.0120356 0.0924439
v -0.0144882 0.0134994 0.0910832
v 0.0093397 -0.0239991 0.0903041
v 0.0115274 -0.0239909 0.0900599
v 0.013852 -0.0239859 0.0892954
v 0.015447 -0.0212456 0.0902146
v -0.0093397 0.0239991 0.0903041
v -0.0115274 0.0239909 0.0900599
v -0.013852 0.0239859 0.0892954
v -0.015447 0.0212456 0.0902146
v 0.0207846 -0.012 0.0905026
v 0.0256872 -0.00350798 0.0902801
v 0.0261227 0.00275468 0.0902146
v 0.0128058 0.0221694 0.0903246
v -0.00058166 0.0238741 0.0906567
v -0.0207846 0.012 0.0905026
v -0.0256022 5.56122e-06 0.0903246
v -0.0207846 -0.012 0.0905026
v -0.0128058 -0.0221694 0.0903246
v -0.00972597 -0.0240055 0.0903752
v -0.0138513 -0.0239245 0.079251
v -0.0138564 -0.024 0.0891443
v -0.0151328 -0.0217903 0.0901532
v -0.0267925 -0.00159376 0.0899651
v -0.0276987 4.9607e-06 0.0893687
v -0.0275085 -0.000274446 0.0794349
v -0.026819 0.00154787 0.079696
v -0.0257303 0.0034342 0.0902716
v -0.0154036 0.0213211 0.0799039
v -0.000371175 0.0241255 0.0802761
v -0.0106024 0.0240005 0.0799428
v -0.0125968 0.024 0.0795335
v 0.012016 0.0239999 0.0899651
v 0.0138564 0.024 0.0891443
v 0.0135304 0.0239637 0.0794402
v 0.0092882 -0.0240135 0.0801297
v 0.0138105 -0.024002 0.0790902
v -0.0127362 -0.0239984 0.0897055
v -0.0107659 -0.0239987 0.0799025
v 0.0276487 -2.74259e-05 0.0792463
v 0.0277128 0 0.0891443
v 0.0266753 -0.00179685 0.0900203
v 0.0151445 -0.021769 0.0798213
v 0.0146392 0.0226446 0.089855
v 0.0271513 0.000969356 0.0897055
v 0.0259544 0.00304494 0.0799633
v 0.0269913 -0.0106643 0.0773786
v 0.0186458 -0.0214433 0.0784268
v 0.00491366 -0.0281263 0.0777839
v -0.00169827 -0.0285095 0.0775303
v -0.0167463 -0.0232213 0.0782777
v -0.022911 -0.0171801 0.0774766
v -0.0263179 -0.0107961 0.0780476
v -0.0279942 -0.00588487 0.0774272
v -0.0283108 -0.000329053 0.0781797
v -0.0274287 0.0079084 0.07783
v -0.0259143 0.0120077 0.0774221
v -0.0227713 0.0172158 0.0774191
v -0.0149746 0.0250127 0.076861
v 0.00430323 0.0282382 0.0773023
v 0.0037089 0.028745 0.0765594
v -0.0199512 -0.0209806 0.0766782
v -0.0114186 0.026326 0.0773392
v -0.0182789 0.0224925 0.0765594
v 0.00999799 0.0268843 0.0770137
v 0.0154626 0.0242788 0.0768101
v 0.0201931 0.0203908 0.0770189
v 0.0240582 0.0156857 0.0769959
v 0.0269397 0.00974384 0.0771795
v 0.0274347 0.00971923 0.0765895
v 0.0285367 0.00285703 0.0772209
v 0.0288993 -0.00395258 0.0763691
v 0.0267466 -0.010733 0.0767518
v 0.0220914 -0.0185753 0.0768958
v 0.0157868 -0.0239933 0.0769003
v 0.00842871 -0.0275782 0.0768888
v 0.00219983 -0.0288405 0.0767415
v -0.0101329 -0.0270753 0.0767603
v -0.0171929 -0.0233332 0.0765594
v -0.0239912 -0.0164994 0.0764558
v -0.0276045 -0.00963186 0.0764104
v -0.0292373 -0.00089624 0.0763715
v -0.027903 0.0088578 0.07636
v -0.0243492 0.0162347 0.0763581
v -0.0174941 -0.0177168 0.0801236
v 0.0231567 -0.0079228 0.0801838
v -0.0231567 0.00792279 0.0801838
v 0.000489298 -0.0260577 0.0799618
v -0.00621878 0.0253716 0.0799458
v -0.00492755 0.0280974 0.0778016
v -0.0128915 0.0249919 0.0784576
v 0.00936454 -0.0266271 0.0785569
v -0.013512 0.0241058 0.0794088
v -0.0178749 0.0214585 0.0788025
v -0.0174426 0.0206356 0.0795858
v -0.0169784 0.0200685 0.0798946
v -0.00073536 0.0270099 0.0795858
v -0.00320657 0.0279024 0.0787908
v 0.00846681 0.0252047 0.0798295
v 0.00832613 0.0259461 0.079534
v 0.00911447 0.0265319 0.0788655
v 0.00550904 0.027576 0.0784576
v 0.0156932 0.0208208 0.0799616
v 0.0201758 0.018402 0.0795069
v 0.0144103 0.0231477 0.0795649
v 0.0206825 0.0164154 0.0799285
v 0.0196441 0.020614 0.0781144
v 0.0237706 0.01211 0.0797849
v 0.0245724 0.0126685 0.0790953
v 0.0262477 0.00648057 0.0796597
v 0.0264155 0.00999607 0.0785482
v 0.0279269 0.000474993 0.0787989
v 0.0254328 -0.00589038 0.0799469
v 0.0255708 -0.00967428 0.0795062
v 0.0264994 -0.00912741 0.0788607
v 0.027576 -0.00550904 0.0784576
v 0.0235663 -0.012249 0.0798699
v 0.0218035 -0.0164378 0.0794242
v 0.00903195 -0.0259011 0.079338
v 0.0151138 -0.0223118 0.0798133
v 0.0155225 -0.0211383 0.0799488
v 0.00175776 -0.0265808 0.0798533
v 0.00075239 -0.0276356 0.0790953
v -0.00846681 -0.0252047 0.0798295
v -0.00832613 -0.0259461 0.079534
v -0.00836379 -0.0269048 0.0786968
v -0.0158243 -0.0209905 0.0798946
v -0.0201758 -0.018402 0.0795069
v -0.0166423 -0.0220755 0.0790953
v -0.0233033 -0.011869 0.0799367
v -0.0224199 -0.0147713 0.0797835
v -0.0245724 -0.0126685 0.0790953
v -0.0258271 -0.00650276 0.0798045
v -0.0267753 -0.00688303 0.0790953
v -0.0254328 0.00589038 0.0799469
v -0.0262825 0.00846808 0.0792882
v -0.0242615 0.011073 0.0797891
v -0.0209905 0.0158243 0.0798946
v -0.0218035 0.0164378 0.0794242
v -0.0224549 0.0169283 0.0784576
v -0.0264487 0 0.09011
v -0.0132244 -0.0229053 0.09011
v 0.0264487 0 0.09011
v 0.0132244 0.0229053 0.09011
v -0.0107127 0.028 0.014979
v 0.00418338 0.028 0.018585
v 0.0110196 0.028 0.0149786
v 0.00883844 0.028 0.0163744
v 0.000248565 0.028 0.0185313
v -0.0044417 0.028 0.0181608
v -0.00911846 0.028 0.0164053
v 0.022025 0.0381484 0.0265437
v -0.0199536 0.02765 0.0469908
v -0.0105875 0.032505 0.0470109
v 4.463e-10 0.0341037 0.0469986
v 0.0116057 0.0320892 0.047
v 0.0199938 0.0275 0.047
v 0.0221547 0.026116 0.0468073
v 0.0244005 0.0243431 0.0459114
v 0.025489 0.0232855 0.0447035
v 0.0261129 0.0227614 0.0436104
v 0.0262725 0.0225685 0.0428055
v 0.0263391 0.0225 0.042
v -0.0263393 0.0224997 0.0420227
v -0.0259776 0.0227663 0.0436149
v -0.0253424 0.0234336 0.0449307
v -0.00939752 0.0255455 0.0466422
v 0 0.0239645 0.0455355
v 0 0.0231699 0.0445
v 0 0.0226704 0.0432941
v 0.0205818 0.0283088 0.048
v 0.0205917 0.0282227 0.0476242
v 0.0204096 0.0280719 0.0472929
v 0.0203034 0.0277747 0.047074
v -0.0204071 0.0277207 0.0470763
v -0.0204096 0.0280719 0.0472929
v -0.020503 0.0282005 0.0475
v -0.0206141 0.0282448 0.0477338
v -0.0205818 0.0283088 0.048
v -0.0151933 0.0315303 0.048
v -0.009903 0.0335927 0.047911
v 0.0155607 0.030521 0.0470341
v 0.0156703 0.0307359 0.047134
v 0.0157974 0.0310071 0.0473855
v 0.0158819 0.0311509 0.0477412
v 0.0105801 0.0327212 0.0470707
v 0.0107496 0.0330975 0.0473855
v 0.0134827 0.0323121 0.0477212
v 0.00536204 0.0338366 0.0470341
v 0.00539655 0.0341895 0.0471993
v 0.00545708 0.0344363 0.0475
v 0.00775818 0.0341489 0.0478273
v -6.09902e-05 0.0343948 0.047074
v -9.91469e-06 0.0347994 0.0473855
v 0.0018598 0.0349676 0.0478637
v -0.00545104 0.0339583 0.047073
v -0.00545647 0.034369 0.0473855
v -0.00416809 0.0347755 0.0478941
v -0.0106665 0.0328097 0.047134
v -0.0107305 0.0330066 0.0472929
v -0.0107796 0.0331578 0.0475
v -0.0155607 0.030521 0.0470341
v -0.0156703 0.0307359 0.047134
v -0.0158297 0.0309851 0.0473773
v -0.0158819 0.0311509 0.0477412
v 0.0199536 -0.02765 0.0469908
v 0.0105875 -0.032505 0.0470109
v -4.463e-10 -0.0341037 0.0469986
v -0.0116057 -0.0320892 0.047
v -0.0199938 -0.0275 0.047
v -0.0221547 -0.026116 0.0468073
v -0.0244005 -0.0243431 0.0459114
v -0.025489 -0.0232855 0.0447035
v -0.0261129 -0.0227614 0.0436104
v -0.0262725 -0.0225685 0.0428055
v -0.0263391 -0.0225 0.042
v 0.0263391 -0.0225 0.042
v 0.0259776 -0.0227663 0.0436149
v 0.0253424 -0.0234336 0.0449307
v 0.00939752 -0.0255455 0.0466422
v 0 -0.0239645 0.0455355
v 0 -0.0231699 0.0445
v 0 -0.0226704 0.0432941
v -0.0205818 -0.0283088 0.048
v -0.0205917 -0.0282227 0.0476242
v -0.0204096 -0.0280719 0.0472929
v -0.0203034 -0.0277747 0.047074
v 0.0204071 -0.0277207 0.0470763
v 0.0204096 -0.0280719 0.0472929
v 0.020503 -0.0282005 0.0475
v 0.0206141 -0.0282448 0.0477338
v 0.0205818 -0.0283088 0.048
v 0.0151933 -0.0315303 0.048
v 0.009903 -0.0335927 0.047911
v 0.0158819 -0.0311509 0.0477412
v -0.0155607 -0.030521 0.0470341
v -0.0156703 -0.0307359 0.047134
v -0.0157974 -0.0310071 0.0473855
v -0.0158819 -0.0311509 0.0477412
v -0.0105801 -0.0327212 0.0470707
v -0.0107496 -0.0330975 0.0473855
v -0.0134827 -0.0323121 0.0477212
v -0.00536204 -0.0338366 0.0470341
v -0.00539655 -0.0341895 0.0471993
v -0.00545708 -0.0344363 0.0475
v -0.00775818 -0.0341489 0.0478273
v 6.09902e-05 -0.0343948 0.047074
v 9.91469e-06 -0.0347994 0.0473855
v -0.0018598 -0.0349676 0.0478637
v 0.00545104 -0.0339583 0.047073
v 0.00545647 -0.034369 0.0473855
v 0.00416809 -0.0347755 0.0478941
v 0.0106665 -0.0328097 0.047134
v 0.0107305 -0.0330066 0.0472929
v 0.0107796 -0.0331578 0.0475
v 0.0155607 -0.030521 0.0470341
v 0.0156703 -0.0307359 0.047134
v 0.0158297 -0.0309851 0.0473773
v -0.0255105 -0.0239627 0.0462633
v -0.0264269 -0.0226995 0.0435805
v -0.0259997 -0.0234108 0.0454128
v -0.0249575 -0.0245344 0.0466462
v -0.0235764 -0.0251643 0.0464339
v -0.0256236 -0.0233631 0.0448244
v -0.0259517 -0.0230034 0.0442013
v -0.0264046 -0.0225566 0.0427985
v -0.022214 -0.0262845 0.0468826
v -0.023743 -0.0252547 0.0465438
v -0.0247001 -0.0242354 0.0458022
v -0.0261004 -0.0229975 0.044257
v -0.0262547 -0.0227269 0.043521
v -0.0223214 -0.0263954 0.0469696
v -0.0252796 -0.0238572 0.0455471
v -0.0226011 -0.0264986 0.0472033
v -0.0250795 -0.0242861 0.0461202
v -0.0263081 -0.0230096 0.0446659
v -0.0260626 -0.0231941 0.0447955
v -0.0249837 -0.0242883 0.0460155
v -0.0239578 -0.0253167 0.0467458
v -0.0224142 -0.0264939 0.0470809
v -0.0229849 -0.0262923 0.0472918
v -0.0240457 -0.0253644 0.0469624
v -0.0251652 -0.0242679 0.0462319
v -0.0222404 -0.0270155 0.0477408
v -0.0232683 -0.0261087 0.047358
v -0.0236455 -0.0258024 0.0473787
v -0.0264735 -0.0225164 0.042504
v -0.0265384 -0.0225034 0.0423271
v -0.0268263 -0.0224999 0.0424062
v -0.0265554 -0.0229324 0.0456297
v -0.0270767 -0.0226361 0.0451931
v -0.0274601 -0.0225071 0.0451564
v -0.0273367 -0.0225084 0.0442361
v -0.0272135 -0.0225056 0.0436036
v -0.0269941 -0.0225055 0.042972
v -0.026563 -0.0228969 0.0450172
v -0.0266647 -0.0227016 0.0440166
v -0.0265705 -0.0225764 0.043118
v -0.0269478 -0.0226228 0.0442507
v -0.0268654 -0.0225749 0.0435899
v -0.0267215 -0.0225351 0.0429747
v 0.0260048 -0.0234122 0.0454729
v 0.0252173 -0.02427 0.0464679
v 0.0264121 -0.0225599 0.0428327
v 0.0263739 -0.0228856 0.0442635
v 0.0218594 -0.0270602 0.0472783
v 0.0219673 -0.0272253 0.0477221
v 0.0225343 -0.0267786 0.0476939
v 0.023932 -0.0255382 0.047281
v 0.0232381 -0.0260962 0.0472749
v 0.0244579 -0.0249718 0.046741
v 0.0255265 -0.0238916 0.0458817
v 0.0259693 -0.0233161 0.0449847
v 0.0231284 -0.026049 0.0470564
v 0.024338 -0.0249655 0.0465508
v 0.025394 -0.0239265 0.0457289
v 0.0263604 -0.0228435 0.0440564
v 0.021579 -0.0268687 0.0470253
v 0.0228825 -0.0258867 0.0467882
v 0.024088 -0.0248813 0.0463085
v 0.0251938 -0.0239222 0.0455618
v 0.0259332 -0.0230527 0.044347
v 0.0261636 -0.0228901 0.0440001
v 0.0258187 -0.0233477 0.0448984
v 0.0241881 -0.0249258 0.0463949
v 0.0225712 -0.0262976 0.0469984
v 0.0216022 -0.0265263 0.04691
v 0.02295 -0.0255345 0.046608
v 0.0241456 -0.024611 0.0460952
v 0.0250401 -0.0238853 0.0454666
v 0.0256132 -0.0233391 0.0447854
v 0.0263506 -0.0225944 0.0429931
v 0.0265685 -0.0225396 0.0428477
v 0.0267465 -0.0225164 0.0428065
v 0.0268269 -0.0225 0.0424043
v 0.0270823 -0.0224997 0.0430003
v 0.0272557 -0.0224992 0.0435607
v 0.027743 -0.0224446 0.0451137
v 0.0265641 -0.0228956 0.0450109
v 0.0267138 -0.0226812 0.044022
v 0.0267094 -0.0228142 0.0451701
v 0.0270472 -0.0225491 0.0437489
v 0.0272079 -0.0225802 0.0451557
v 0.026571 -0.0225003 0.0422357
v 0.0265801 -0.0225 0.0421838
v 0.0264425 -0.0225056 0.0423103
v 0.0255105 0.0239627 0.0462633
v 0.0264269 0.0226995 0.0435805
v 0.0259997 0.0234108 0.0454128
v 0.0249575 0.0245344 0.0466462
v 0.0235764 0.0251643 0.0464339
v 0.0256236 0.0233631 0.0448244
v 0.0259517 0.0230034 0.0442013
v 0.0264046 0.0225566 0.0427985
v 0.022214 0.0262845 0.0468826
v 0.023743 0.0252547 0.0465438
v 0.0247001 0.0242354 0.0458022
v 0.0261004 0.0229975 0.044257
v 0.0262547 0.0227269 0.043521
v 0.0223214 0.0263954 0.0469696
v 0.0252796 0.0238572 0.0455471
v 0.0226011 0.0264986 0.0472033
v 0.0250795 0.0242861 0.0461202
v 0.0263081 0.0230096 0.0446659
v 0.0260626 0.0231941 0.0447955
v 0.0249837 0.0242883 0.0460155
v 0.0239578 0.0253167 0.0467458
v 0.0224142 0.0264939 0.0470809
v 0.0229849 0.0262923 0.0472918
v 0.0240457 0.0253644 0.0469624
v 0.0251652 0.0242679 0.0462319
v 0.0222404 0.0270155 0.0477408
v 0.0232683 0.0261087 0.047358
v 0.0236455 0.0258024 0.0473787
v 0.0264735 0.0225164 0.042504
v 0.0265384 0.0225034 0.0423271
v 0.0268263 0.0224999 0.0424063
v 0.0265554 0.0229324 0.0456297
v 0.0270767 0.0226361 0.0451931
v 0.0274556 0.0225083 0.0451532
v 0.0273379 0.0225088 0.0442481
v 0.0272147 0.0225055 0.0436048
v 0.0269909 0.0225054 0.0429654
v 0.026563 0.0228969 0.0450172
v 0.0266647 0.0227016 0.0440166
v 0.0265705 0.0225764 0.043118
v 0.0269478 0.0226228 0.0442507
v 0.0268654 0.0225749 0.0435899
v 0.0267215 0.0225351 0.0429747
v -0.0260048 0.0234122 0.0454729
v -0.0252173 0.02427 0.0464679
v -0.0264121 0.0225599 0.0428327
v -0.0263739 0.0228856 0.0442635
v -0.0218594 0.0270602 0.0472783
v -0.0219673 0.0272253 0.0477221
v -0.0225343 0.0267786 0.0476939
v -0.023932 0.0255382 0.047281
v -0.0232381 0.0260962 0.0472749
v -0.0244579 0.0249718 0.046741
v -0.0255265 0.0238916 0.0458817
v -0.0259693 0.0233161 0.0449847
v -0.0231284 0.026049 0.0470564
v -0.024338 0.0249655 0.0465508
v -0.025394 0.0239265 0.0457289
v -0.0263604 0.0228435 0.0440564
v -0.021579 0.0268687 0.0470253
v -0.0228825 0.0258867 0.0467882
v -0.024088 0.0248813 0.0463085
v -0.0251938 0.0239222 0.0455618
v -0.0259332 0.0230527 0.044347
v -0.0261636 0.0228901 0.0440001
v -0.0258187 0.0233477 0.0448984
v -0.0241881 0.0249258 0.0463949
v -0.0225712 0.0262976 0.0469984
v -0.0216022 0.0265263 0.04691
v -0.02295 0.0255345 0.046608
v -0.0241456 0.024611 0.0460952
v -0.0250401 0.0238853 0.0454666
v -0.0256132 0.0233391 0.0447854
v -0.0263506 0.0225944 0.0429931
v -0.0265685 0.0225396 0.0428477
v -0.0267465 0.0225164 0.0428065
v -0.0268269 0.0225 0.0424043
v -0.0270823 0.0224997 0.0430003
v -0.0272557 0.0224992 0.0435607
v -0.027743 0.0224446 0.0451137
v -0.0265641 0.0228956 0.0450109
v -0.0267138 0.0226812 0.044022
v -0.0267094 0.0228142 0.0451701
v -0.0270472 0.0225491 0.0437489
v -0.0272079 0.0225802 0.0451557
v -0.0265801 0.0225 0.0421838
v -0.026571 0.0225003 0.0422357
v -0.0265134 0.0225025 0.0422866
v 0.02742 -0.025362 0.0165693
v 0.0281123 -0.0253724 0.0153578
v 0.0279996 -0.0251573 0.0156521
v 0.026827 -0.0225 0.0251019
v -0.0268271 -0.0225 0.0251019
v -0.0191142 -0.0225004 0.0314763
v -0.00725815 -0.0225004 0.0361521
v 0.00608164 -0.0225004 0.0363678
v 0.0186252 -0.0225004 0.0318231
v 0.0287412 -0.0224656 0.0183713
v 0.0280681 -0.0232514 0.0176767
v 0.0261338 -0.0249298 0.0190203
v 0.0288798 -0.0236838 0.0150018
v 0.0286346 -0.0230716 0.0166454
v 0.0296366 -0.0220067 0.0170205
v 0.0293891 -0.0220899 0.0178165
v 0.0279827 -0.0241171 0.0164723
v 0.0269623 -0.0225942 0.0233169
v 0.0231914 -0.0270426 0.0217001
v 0.0248536 -0.0267253 0.0198504
v 0.0260996 -0.0229944 0.0226258
v 0.0254247 -0.0236793 0.0217817
v 0.0257188 -0.0241271 0.0205218
v 0.0241372 -0.0260548 0.0209881
v -0.0249179 -0.0226753 0.0254978
v -0.0239595 -0.0264566 0.0210329
v -0.0207767 -0.0258537 0.0244688
v 0.0209457 -0.0228005 0.0279526
v 0.0217047 -0.0246408 0.0245439
v 0.0184935 -0.0265693 0.0258777
v 0.0155432 -0.0228005 0.0312807
v 0.0172325 -0.0241963 0.0282599
v 0.013152 -0.0265341 0.0289826
v 0.00962769 -0.0228005 0.0335765
v 0.0112425 -0.0243353 0.0309705
v 0.00730877 -0.0265671 0.0309807
v 0.00339447 -0.0228005 0.0347642
v 0.00545407 -0.0243353 0.0324933
v 0.00115056 -0.026585 0.0318184
v -0.00295077 -0.0228005 0.0348047
v -0.000514316 -0.0243353 0.0329439
v -0.00482855 -0.0265279 0.031505
v -0.00919863 -0.0228005 0.0336965
v -0.00646575 -0.0243353 0.0323072
v -0.0107738 -0.026581 0.02999
v -0.0156025 -0.0226512 0.0319091
v -0.0150989 -0.0230956 0.0308792
v -0.0146581 -0.0238063 0.0299779
v -0.0122038 -0.0243353 0.0306044
v -0.0164973 -0.0266008 0.02728
v -0.0234935 -0.0231928 0.0250881
v -0.0226027 -0.0239445 0.0245677
v -0.0218758 -0.024724 0.0243359
v -0.0286625 -0.0223149 0.0203836
v -0.0287412 -0.0224656 0.0183714
v -0.027197 -0.0233935 0.0194654
v -0.0253916 -0.0265833 0.0191639
v -0.0268554 -0.024311 0.0183884
v -0.0268653 -0.0228747 0.0216651
v -0.0255367 -0.0244602 0.0203677
v -0.0252628 -0.0251644 0.0200462
v -0.030798 -0.0212583 0.0149973
v -0.029447 -0.0227296 0.015
v -0.026827 0.0225 0.0251019
v 0.0268271 0.0225 0.0251019
v 0.0191142 0.0225004 0.0314763
v 0.00725815 0.0225004 0.0361521
v -0.0214689 0.0225788 0.0286325
v -0.0269623 0.0225942 0.0233169
v -0.0237825 0.0247404 0.0222532
v -0.0255686 0.0244552 0.0203271
v -0.0260996 0.0229944 0.0226258
v -0.0254248 0.0236793 0.0217817
v -0.0259323 0.0238296 0.0207104
v -0.0252187 0.0256025 0.0197603
v 0.0249178 0.0226752 0.0254978
v 0.0207767 0.0258537 0.0244688
v -0.020033 0.0234107 0.0272109
v -0.0213203 0.0252224 0.0243756
v -0.0159348 0.0225788 0.0320441
v -0.0149396 0.0233861 0.0303566
v -0.014307 0.0247404 0.0292596
v -0.0098747 0.0225788 0.0343981
v -0.00920127 0.0233861 0.0325584
v -0.0118208 0.0258203 0.0299093
v -0.00348877 0.0225788 0.0356169
v -0.00315926 0.0233862 0.0336858
v -0.00295838 0.0247404 0.0324355
v -0.00564188 0.0255011 0.0317105
v 0.00295077 0.0228005 0.0348047
v 0.00294855 0.0242213 0.0327836
v 0.00290865 0.0258414 0.0318903
v 0.00919863 0.0228005 0.0336965
v 0.00883079 0.0242213 0.0317092
v 0.0156025 0.0226512 0.0319091
v 0.0150989 0.0230956 0.0308792
v 0.0146581 0.0238063 0.0299779
v 0.014307 0.0247404 0.0292596
v 0.0140665 0.0258414 0.0287678
v 0.0234935 0.0231928 0.0250881
v 0.0226027 0.0239445 0.0245677
v 0.0218758 0.024724 0.0243359
v 0.028441 0.0223578 0.0207751
v 0.029077 0.0223011 0.0181089
v 0.026925 0.0234527 0.0198128
v 0.0266438 0.0243489 0.0186843
v 0.0268653 0.0228747 0.0216651
v 0.0255367 0.0244602 0.0203677
v 0.0252628 0.0251644 0.0200462
v 0.0307318 0.0213637 0.015009
v 0.0286347 0.0230716 0.0166453
v 0.0282616 0.0239853 0.0160449
v 0.0290301 0.0223753 0.0177188
v -0.0293445 -0.0241432 0.0599999
v -0.0192041 -0.0327772 0.0600428
v -0.0131528 -0.0356394 0.0600422
v -0.00669203 -0.0373952 0.0600414
v -2.19934e-05 -0.0379896 0.0600405
v 0.00665026 -0.0374033 0.0600394
v 0.0131172 -0.0356539 0.0600382
v 0.0191791 -0.032794 0.0600366
v 0.0246531 -0.0289176 0.06
v 0.0299917 -0.023809 0.0602289
v 0.0313098 -0.0215331 0.0593416
v 0.0325332 -0.0196372 0.0584337
v 0.032829 -0.0191389 0.0582664
v 0.0330303 -0.0187882 0.0582883
v 0.0343784 -0.0168205 0.0603995
v 0.0347011 -0.0155251 0.0596316
v 0.0365108 -0.0105294 0.0599936
v 0.0378198 -0.00364829 0.0600285
v 0.0378323 0.00356559 0.06
v 0.0365 0.0105712 0.06
v 0.0356732 0.013032 0.0599383
v 0.0331774 0.0185308 0.0583648
v 0.0328701 0.0190672 0.0582627
v 0.0327148 0.0193324 0.0583162
v 0.0293445 0.0241431 0.0599999
v 0.0191565 0.0328039 0.0600428
v 0.0131488 0.0356348 0.0600419
v 0.00673342 0.0373857 0.0600412
v 6.69796e-05 0.0379877 0.0600403
v -0.00660284 0.0374102 0.0600392
v -0.0130694 0.0356702 0.0600379
v -0.0191319 0.0328207 0.0600365
v -0.0246531 0.0289176 0.06
v -0.0303868 0.022817 0.0598047
v -0.0329324 0.0189605 0.0582596
v -0.0331939 0.0184977 0.0583842
v -0.0352666 0.0141535 0.0598194
v -0.0365121 0.0105299 0.0599937
v -0.0378128 0.00369249 0.0600281
v -0.0378323 -0.00356559 0.06
v -0.0364415 -0.0107544 0.0600018
v -0.0352695 -0.014148 0.0598193
v -0.0340031 -0.0169423 0.059097
v -0.0331902 -0.0185048 0.058381
v -0.0326189 -0.0194971 0.0583766
v -0.031321 -0.0215155 0.059334
v -0.0344864 0.013127 0.015
v -0.0343004 -0.013989 0.015
v -0.0337581 -0.016591 0.0583138
v -0.0348606 -0.0055365 0.058
v -0.026036 -0.0233908 0.058
v 0.0262782 -0.0231733 0.0582776
v 0.0212497 -0.0278109 0.058
v 0.0132894 -0.0325243 0.0579573
v 0.00325753 -0.0348481 0.058
v -0.00324701 -0.0348782 0.0583856
v -0.00965972 -0.0336406 0.058
v -0.0185639 -0.0298508 0.0580622
v -0.0267043 -0.0228439 0.0582787
v -0.027166 -0.0226053 0.058
v -0.0293057 -0.0220535 0.0579085
v 0.0278355 -0.022427 0.058
v 0.027166 -0.0226053 0.058
v 0.0264494 0.0230072 0.0581509
v 0.0267043 0.0228439 0.0582787
v 0.027166 0.0226053 0.058
v -0.0262782 0.0231733 0.0582776
v -0.0212497 0.0278109 0.058
v -0.0132894 0.0325243 0.0579573
v 0.0185639 0.0298508 0.0580622
v -0.0281373 -0.0244089 0.06
v -0.0278003 -0.024506 0.06
v -0.0275237 -0.0247274 0.06
v -0.0246586 -0.0288978 0.0600432
v 0.0275475 -0.0246892 0.06
v 0.0279004 -0.0244655 0.06
v 0.0281236 -0.0244061 0.06
v 0.0285354 -0.0243364 0.06
v 0.0293444 -0.0241433 0.0599999
v 0.0281373 0.0244089 0.06
v 0.0275926 0.0246502 0.06
v 0.0246565 0.0289044 0.0600304
v -0.0275479 0.0246923 0.0600001
v -0.0279004 0.0244655 0.06
v -0.0281236 0.0244061 0.06
v -0.0285354 0.0243364 0.06
v -0.0293445 0.0241432 0.0599999
v -0.0278355 0.022427 0.058
v -0.027166 0.0226053 0.058
v -0.0332527 -0.0182768 0.015
v -0.0323366 -0.019818 0.015
v -0.0312317 -0.0209493 0.0580852
v -0.0324682 -0.0196829 0.058146
v -0.0332288 -0.0183842 0.0581658
v -0.0330275 -0.0188367 0.0365391
v -0.0300175 -0.0217307 0.0365
v -0.028468 -0.022305 0.0365
v -0.0323365 0.0198181 0.015
v -0.0332527 0.0182768 0.015
v -0.033278 0.0182221 0.058009
v -0.0325029 0.0196559 0.0582586
v -0.0304187 0.0215693 0.0579787
v -0.028468 0.022305 0.0365
v -0.0300175 0.0217307 0.0365
v -0.0320993 0.0201784 0.0363074
v -0.0264547 0.0233732 0.0590263
v -0.0260867 0.0234363 0.0585176
v -0.0272555 0.022627 0.0584547
v -0.0272472 0.0227946 0.0589092
v -0.0279047 0.0239595 0.0599416
v -0.0275477 0.0234447 0.0596899
v -0.0274264 0.0230995 0.0593844
v -0.0269842 0.0228844 0.0588648
v -0.0274878 0.024213 0.0599562
v -0.0272686 0.0238805 0.0598265
v -0.0272884 0.0236473 0.0597464
v -0.0268979 0.0233183 0.059336
v -0.0266091 0.0231467 0.0589128
v -0.0265637 0.0229408 0.058281
v -0.0271893 0.0243734 0.0599423
v -0.0269421 0.0240125 0.0597837
v -0.0267513 0.0236467 0.0595177
v -0.0266461 0.0235083 0.059336
v 0.0242077 0.0271401 0.0598982
v 0.0261562 0.0234862 0.0588077
v -0.0220716 0.028734 0.0598645
v -0.0216054 0.0282764 0.0594142
v -0.0213393 0.0279152 0.0587727
v -0.0163637 0.0323268 0.0598645
v -0.0157959 0.0313866 0.0587727
v -0.0100688 0.0350654 0.0599319
v -0.00993571 0.0346018 0.059732
v -0.0123116 0.0332224 0.0590761
v -0.00967853 0.0337061 0.0585176
v -0.0033955 0.036324 0.0599319
v -0.00594095 0.0349286 0.0590761
v -0.00324777 0.0348731 0.0583669
v 0.0033955 0.036324 0.0599319
v 0.00696019 0.0354208 0.0596992
v 0.000961576 0.0357523 0.0594844
v 0.0006355 0.0354246 0.0590761
v 0.00324701 0.0348782 0.0583856
v 0.0100688 0.0350654 0.0599319
v 0.00982139 0.0342036 0.0594142
v 0.00965772 0.0336711 0.0583844
v 0.0163933 0.0325918 0.0599319
v 0.0161765 0.0321608 0.059732
v 0.0159904 0.0317908 0.0594142
v 0.0131722 0.0326755 0.0586439
v 0.0226967 0.0278033 0.0596754
v 0.0218387 0.0280407 0.0593763
v 0.0214124 0.0280239 0.059
v 0.0189999 0.0296681 0.0586439
v 0.0276282 0.0227644 0.0590359
v 0.0278453 0.0224944 0.0585176
v 0.0272969 0.0240904 0.0599118
v 0.0268665 0.0234922 0.0594778
v 0.0268885 0.0229356 0.0588647
v 0.0265879 0.0230714 0.0587154
v 0.0277611 0.0241357 0.05997
v 0.02756 0.0237244 0.0598265
v 0.0273711 0.023236 0.0595001
v 0.0273146 0.0227688 0.0589128
v 0.0280106 0.023922 0.0599387
v 0.0278582 0.0235288 0.0597854
v 0.0276807 0.0231696 0.0595256
v 0.0275952 0.023 0.059336
v 0.0275125 0.0225186 0.0583114
v 0.0264547 -0.0233732 0.0590263
v 0.0260867 -0.0234363 0.0585176
v 0.0272555 -0.022627 0.0584547
v 0.0272472 -0.0227946 0.0589092
v 0.0279047 -0.0239595 0.0599416
v 0.0275477 -0.0234447 0.0596899
v 0.0274264 -0.0230995 0.0593844
v 0.0269842 -0.0228844 0.0588648
v 0.0274878 -0.024213 0.0599562
v 0.0272686 -0.0238805 0.0598265
v 0.0272884 -0.0236473 0.0597464
v 0.0268979 -0.0233183 0.059336
v 0.0266091 -0.0231467 0.0589128
v 0.0265637 -0.0229408 0.058281
v 0.0271828 -0.0243739 0.0599407
v 0.0269421 -0.0240125 0.0597837
v 0.0267513 -0.0236467 0.0595177
v 0.0266461 -0.0235083 0.059336
v -0.0276282 -0.0227644 0.0590359
v -0.0278453 -0.0224944 0.0585176
v -0.0265141 -0.0230274 0.0584793
v -0.0266701 -0.0231096 0.0589292
v -0.027267 -0.0242997 0.059942
v -0.0270471 -0.0237216 0.0596975
v -0.0268171 -0.0234324 0.0593928
v -0.0268885 -0.0229356 0.0588647
v -0.0277153 -0.0240912 0.0599562
v -0.02756 -0.0237244 0.0598265
v -0.027355 -0.0236116 0.0597464
v -0.0272975 -0.0231044 0.059336
v -0.0273146 -0.0227688 0.0589128
v -0.0280106 -0.023922 0.0599387
v -0.0278582 -0.0235288 0.0597854
v -0.0276807 -0.0231696 0.0595256
v -0.0275952 -0.023 0.059336
v -0.0274659 -0.0225394 0.0583638
v -0.0303913 -0.0228023 0.0597971
v -0.0296546 -0.0221954 0.059
v -0.0295769 -0.0220113 0.0585176
v -0.0305751 -0.0218178 0.0591178
v -0.0311306 -0.021107 0.0585176
v -0.0324059 -0.0198399 0.0585176
v 0.0295589 -0.021976 0.0583834
v 0.0332577 -0.0182652 0.058
v 0.0337744 -0.0165249 0.0583423
v 0.0339408 -0.0165828 0.0588627
v 0.030355 -0.0219513 0.0590823
v 0.0298689 -0.0225968 0.059551
v 0.0311143 -0.0210681 0.0583645
v 0.0324983 -0.0196825 0.0583856
v 0.034004 0.0169257 0.0590942
v 0.0337581 0.016591 0.0583138
v 0.0332577 0.0182652 0.058
v 0.0325054 0.0196682 0.0583288
v 0.0295504 0.0219485 0.058
v 0.0303881 0.0228033 0.0597969
v 0.0305188 0.0216466 0.0587187
v 0.0303663 0.0215863 0.0582112
v 0.0305308 0.0219296 0.0592006
v 0.0318812 0.0206381 0.058925
v -0.0337744 0.0165249 0.0583423
v -0.0340051 0.0168711 0.0590889
v -0.0324181 0.0198244 0.0585099
v -0.0299394 0.0228697 0.059732
v -0.0297783 0.0224882 0.0594142
v -0.0296546 0.0221954 0.059
v -0.0295769 0.0220113 0.0585176
v -0.0311306 0.021107 0.0585176
v -0.0314747 0.0212691 0.0592137
v -0.0348917 0.00551416 0.0583891
v -0.0351282 0.00554999 0.059
v -0.0354456 0.00556598 0.0594142
v -0.0361281 0.00537668 0.0598791
v -0.0349286 -0.00553993 0.0585176
v -0.0352084 -0.00572602 0.0591522
v -0.0358593 -0.00558683 0.059732
v 0.0348606 0.0055365 0.058
v 0.0348917 -0.00551416 0.0583891
v 0.0352593 -0.00555851 0.059225
v 0.0361281 -0.00537668 0.0598791
v 0.0349286 0.00553993 0.0585176
v 0.0351282 0.00554999 0.059
v 0.0358593 0.00558683 0.059732
v 0.0363411 0.00561111 0.0599319
v 0.0220653 -0.0287061 0.0598494
v 0.0216054 -0.0282764 0.0594142
v 0.0212911 -0.0278651 0.0585176
v 0.0161071 -0.0319435 0.0596015
v 0.0186819 -0.0300456 0.0589319
v 0.011955 -0.0342376 0.059826
v 0.00978652 -0.0340216 0.0592291
v 0.0127769 -0.0328057 0.0584711
v 0.0054023 -0.0358602 0.059826
v -0.000171499 -0.0356798 0.0593554
v 0.00327813 -0.034984 0.0587727
v -0.00133747 -0.0362402 0.059826
v -0.00666007 -0.0347475 0.0589319
v -0.00803089 -0.0353644 0.059826
v -0.0131561 -0.0331661 0.0593554
v -0.00967853 -0.0337061 0.0585176
v -0.0144461 -0.0332633 0.059826
v -0.0157819 -0.0313936 0.0587727
v -0.0221497 -0.0289888 0.0599319
v -0.0203607 -0.0300096 0.059826
v -0.0216054 -0.0282764 0.0594142
v -0.0214124 -0.0280239 0.059
v -0.0212911 -0.0278651 0.0585176
v -0.011874 0.0381484 0.0151085
v -0.00418338 0.0381484 0.018585
v 0 0.0381484 0.01905
v 0.00625934 0.0381484 0.0181493
v 0.0117432 0.0381484 0.015
v 0.022025 0.0381484 0
v -0.022025 -0.0381484 0
v 0.00139133 -0.0381484 0.0370631
v -0.00563983 -0.0379741 0.0361719
v -0.022025 -0.0381484 0.0265437
v -0.0231934 -0.0359319 0.0259298
v 0.0286622 0.0241288 0.0149998
v 0.0297415 0.0223037 0.0150002
v 0.0337473 0.0165534 0.015
v 0.0332527 0.0182768 0.015
v 0.0323365 0.0198181 0.015
v 0.0330275 0.0188367 0.0365366
v 0.0313892 0.0208091 0.0364998
v 0.0300175 0.0217307 0.0364998
v 0.028468 0.022305 0.0364998
v 0.0337473 -0.0165534 0.015
v 0.0351224 0.000981699 0.015
v 0.0318095 -0.0204677 0.0149991
v 0.0332527 -0.0182769 0.015
v 0.028468 -0.022305 0.0365
v 0.0300175 -0.0217307 0.0365
v 0.0313892 -0.0208091 0.0365
v 0.0330275 -0.0188367 0.0365417
v 0.0297422 -0.022303 0.0150002
v 0.0283619 -0.0251221 0.0150003
v 0.0282096 -0.0253724 0.0151786
v -0.0279408 -0.0279019 0.015
v -0.0258878 -0.0314568 0.0191154
v -0.0221641 -0.0282731 0.022679
v 0.00537561 -0.036254 0.0344521
v 0.0202735 -0.0287482 0.0245379
v -0.0254138 -0.0279756 0.018964
v -0.0231851 -0.0338797 0.0237238
v -0.0224345 -0.0311659 0.0229558
v -0.0192505 -0.0338797 0.0270145
v -0.012369 -0.033797 0.030845
v -0.0165679 -0.0311419 0.0275953
v -0.0166759 -0.0284402 0.0270788
v -0.00273243 -0.0379341 0.0364095
v -0.00977848 -0.0311659 0.0305722
v -0.000483775 -0.0353087 0.033963
v -0.00245532 -0.0311419 0.0320931
v -0.00738967 -0.0281679 0.0309398
v -0.00511395 -0.0338797 0.0327752
v 0.00496332 -0.0325921 0.0320914
v 0.0021277 -0.0284893 0.031732
v 0.0098551 -0.0299191 0.0302177
v 0.0128457 -0.0337937 0.0306451
v 0.0143748 -0.0311659 0.0286992
v 0.0142015 -0.0282731 0.0283532
v 0.0210247 -0.0340454 0.0258336
v 0.0208131 -0.031025 0.0245292
v 0.0258285 -0.0315557 0.019238
v 0.0253955 -0.0282731 0.018991
v -0.00961887 -0.0146619 0.015
v -0.00902435 -0.0144568 0.015
v -0.00832765 -0.0143994 0.015
v 0.00919058 -0.0145017 0.015
v 0.00976613 -0.0147311 0.015
v 0.00740155 -0.0144753 0.0157754
v -0.0074565 -0.0145269 0.0158894
v -0.00515323 -0.0148058 0.0170992
v -0.00212987 -0.0149864 0.0178632
v 3.9782e-05 -0.0148021 0.0178321
v 0.00515304 -0.0148058 0.0170993
v 0.00759111 -0.0147591 0.0161647
v -0.00759604 -0.014715 0.0161305
v -0.00509677 -0.0146414 0.0169202
v -0.00257319 -0.0146391 0.0174415
v 0.00257602 -0.0146695 0.0174831
v 0.00509658 -0.0146414 0.0169203
v 0.00750212 -0.0145688 0.0159603
v 1.1e-07 -0.0146101 0.017554
v 0.00503158 -0.0145424 0.0167517
v 0.00253701 -0.0145702 0.0173068
v -3.40979e-05 -0.0145382 0.0173684
v -0.00253946 -0.0145486 0.0172415
v -0.00505494 -0.0145421 0.0167446
v -0.00740072 -0.0144509 0.0156942
v -0.00496992 -0.0144799 0.0165317
v -0.00212925 -0.0145087 0.0171415
v 0.00268873 -0.0145034 0.0170464
v 0.0049857 -0.0144867 0.0165603
v 0.00838075 -0.014393 0.0150016
v -0.0288043 0.015801 0.015
v -0.0298669 0.00528484 0.015
v -0.0298669 -0.00528484 0.015
v -0.0288043 -0.015801 0.015
v -0.0285835 -0.0164733 0.015
v -0.0279846 -0.0171463 0.015
v -0.0272959 -0.0174443 0.015
v -0.0268271 -0.0175 0.015
v -0.022209 -0.0175 0.015
v -0.0216237 -0.0174547 0.015
v -0.0207635 -0.0172469 0.015
v -0.0197697 -0.0166933 0.015
v -0.0189715 -0.0157334 0.0150001
v -0.0189089 -0.0150545 0.015024
v -0.0174356 -0.0149 0.015
v -0.0174356 0.0149 0.015
v -0.0187442 0.0149 0.015
v -0.0190316 0.0158396 0.0149999
v -0.0196164 0.0165518 0.0150002
v -0.0207187 0.0172213 0.0149999
v -0.0213869 0.0173534 0.0150098
v -0.022209 0.0175 0.015
v -0.0268271 0.0175 0.015
v -0.0275249 0.0173829 0.015
v -0.0282804 0.0168921 0.015
v -0.0286786 0.0162561 0.015
v 0.0288043 -0.015801 0.015
v 0.0298669 -0.00528484 0.015
v 0.0298669 0.00528484 0.015
v 0.0288043 0.015801 0.015
v 0.0285835 0.0164733 0.015
v 0.0279846 0.0171463 0.015
v 0.0272959 0.0174443 0.015
v 0.0268271 0.0175 0.015
v 0.022209 0.0175 0.015
v 0.0216237 0.0174547 0.015
v 0.0208567 0.0172732 0.015
v 0.019647 0.0165863 0.0149999
v 0.0189726 0.0157386 0.0150004
v 0.0187442 0.0149 0.015
v 0.0174356 0.0149 0.015
v 0.0174356 -0.0149 0.015
v 0.0187442 -0.0149 0.015
v 0.0190316 -0.0158396 0.0149999
v 0.0196164 -0.0165518 0.0150002
v 0.0207187 -0.0172213 0.0149999
v 0.0216237 -0.0174547 0.015
v 0.022209 -0.0175 0.015
v 0.0268271 -0.0175 0.015
v 0.0275249 -0.0173829 0.015
v 0.0282804 -0.0168921 0.015
v 0.0286786 -0.0162561 0.015
v 0.0288043 0.015801 0.068
v 0.0285662 0.0165126 0.068
v 0.0279136 0.017194 0.068
v 0.0272959 0.0174443 0.068
v 0.0268271 0.0175 0.068
v 0.0272959 0.0174443 0.0326667
v 0.0272959 0.0174443 0.0415
v 0.0272959 0.0174443 0.0503333
v 0.0275173 0.0173622 0.0238333
v 0.0277386 0.0172802 0.0370833
v 0.0275173 0.0173622 0.0591667
v 0.0281305 0.0170169 0.0238333
v 0.0282902 0.016843 0.0326667
v 0.0279346 0.0171485 0.0503333
v 0.0282902 0.016843 0.0591667
v 0.0285642 0.0164626 0.0238333
v 0.0284498 0.0166691 0.0415
v 0.0282902 0.016843 0.0459167
v 0.0286786 0.0162561 0.0326667
v 0.0286786 0.0162561 0.0415
v 0.0286786 0.0162561 0.0503333
v 0.0286786 0.0162561 0.0591667
v -0.00163598 0.0152698 0.0229707
v 0.0025239 0.0152718 0.0228303
v 0.0103359 0.0103998 0.0205482
v 0.011966 0.00831272 0.019642
v 0.0132659 0.00577753 0.0187887
v 0.0140886 0.00296929 0.0181823
v 0.014375 -4.1e-07 0.0179544
v 0.0140893 -0.00296908 0.0181814
v 0.0132655 -0.00577361 0.0187908
v 0.0119649 -0.00831408 0.0196428
v 0.0102403 -0.0105277 0.0205942
v 0.0063007 -0.0151876 0.0220812
v 0.0029082 -0.0146847 0.0228098
v -0.00276558 -0.0152892 0.022812
v -0.00561504 -0.0136575 0.0223138
v -0.0080716 -0.0122593 0.0215453
v -0.0101843 -0.0104253 0.02063
v -0.0119653 -0.00831427 0.0196423
v -0.0132652 -0.00577923 0.0187892
v -0.0140893 -0.0029725 0.0181802
v -0.0143737 -2.13e-06 0.0179571
v -0.014087 0.00296712 0.0181857
v -0.0132659 0.00577743 0.0187887
v -0.0119661 0.00831327 0.0196416
v -0.00808949 0.0122598 0.0215379
v -0.00565675 0.0137858 0.0222889
v -0.00291186 0.0146877 0.0228132
v 0.00629032 0.0151423 0.0220342
v -0.0084291 0.0152139 0.021389
v -0.0132613 0.0150896 0.018792
v -0.0132613 -0.0150896 0.018792
v -0.00828971 -0.0152227 0.0214541
v 0.00329447 -0.0152496 0.0227778
v 0.0132613 -0.0150896 0.018792
v 0.0154026 0.0149621 0.0176909
v 0.0103893 0.0152345 0.0216906
v 0.00536993 0.0153232 0.0234632
v 0 0.0153539 0.0240774
v -0.00536993 0.0153232 0.0234632
v -0.0128491 0.0151758 0.0204906
v 0.0163246 0.0174982 0.0214788
v -0.0167097 0.0174985 0.0211091
v 0.0167159 0.015853 0.017537
v 0.0178869 0.0172985 0.018493
v 0.0171435 0.0167494 0.0180477
v 0.0133999 0.0173271 0.0220156
v 0.0128545 0.0167494 0.0213162
v 0.0124466 0.0157669 0.0207319
v 0.00850728 0.0174546 0.0248432
v 0.00814326 0.0171575 0.0241207
v 0.00766999 0.0157265 0.0229115
v 0.00298471 0.0174634 0.0261215
v 0.0052296 0.0166786 0.0244071
v 0.0025387 0.0157021 0.0240153
v -0.00273118 0.0174546 0.026117
v -0.000775522 0.0168807 0.0251249
v -0.00270649 0.0157024 0.0239972
v -0.00829165 0.0174546 0.024916
v -0.00814326 0.0171575 0.0241207
v -0.00616821 0.0168807 0.0243684
v -0.0078186 0.0157272 0.0228617
v -0.0163444 0.0173097 0.0200089
v -0.0131468 0.0171575 0.0218009
v -0.0125653 0.0157673 0.0206607
v -0.0171435 0.0167494 0.0180477
v -0.0149514 0.0165019 0.0197087
v -0.0166278 0.0155844 0.0175048
v 0.0267909 0.0175 0.068
v 0.0267909 0.0175 0.054
v 0.0267909 0.0175 0.041
v -0.0267909 0.0175 0.041
v -0.0267909 0.0175 0.054
v -0.0268186 0.0174962 0.068
v -0.0268271 0.0175 0.068
v -0.0288043 -0.015801 0.068
v -0.0285662 -0.0165126 0.068
v -0.0279136 -0.017194 0.068
v -0.0272959 -0.0174443 0.068
v -0.0268271 -0.0175 0.068
v -0.0272959 -0.0174443 0.0326667
v -0.0272959 -0.0174443 0.0415
v -0.0272959 -0.0174443 0.0503333
v -0.0275173 -0.0173622 0.0238333
v -0.0277386 -0.0172802 0.0370833
v -0.0275173 -0.0173622 0.0591667
v -0.0281305 -0.0170169 0.0238333
v -0.0282902 -0.016843 0.0326667
v -0.0279346 -0.0171485 0.0503333
v -0.0282902 -0.016843 0.0591667
v -0.0285642 -0.0164626 0.0238333
v -0.0284498 -0.0166691 0.0415
v -0.0282902 -0.016843 0.0459167
v -0.0286786 -0.0162561 0.0326667
v -0.0286786 -0.0162561 0.0415
v -0.0286786 -0.0162561 0.0503333
v -0.0286786 -0.0162561 0.0591667
v 0.0163631 -0.0275 0.051
v 0.0210394 -0.0241467 0.0504676
v 0.0237314 -0.0214665 0.0489743
v 0.0250588 -0.0199012 0.0475005
v 0.0260032 -0.0186497 0.045651
v 0.0263509 -0.0181557 0.0445613
v 0.0265973 -0.0177935 0.0433966
v 0.026743 -0.0175739 0.0421955
v 0.0267909 -0.0175 0.041
v -0.0267909 -0.0175 0.041
v -0.026743 -0.0175739 0.0421955
v -0.0265973 -0.0177935 0.0433966
v -0.0263509 -0.0181557 0.0445613
v -0.0260032 -0.0186497 0.045651
v -0.0250588 -0.0199012 0.0475005
v -0.0237314 -0.0214665 0.0489743
v -0.0221797 -0.0230655 0.0499616
v -0.0183401 -0.0263354 0.0509531
v -0.00805946 -0.0311012 0.0509992
v 0.00283806 -0.0319548 0.0509972
v 0.0112079 -0.029973 0.051
v -0.0267909 -0.0175 0.054
v -0.0228153 -0.022438 0.054
v -0.0179443 -0.0264953 0.054
v -0.012369 -0.0295128 0.054
v -0.00630829 -0.031372 0.054
v 0 -0.032 0.054
v 0.00973518 -0.0306306 0.0539998
v 0.0179443 -0.0264953 0.054
v 0.0228153 -0.022438 0.054
v 0.0267909 -0.0175 0.054
v 0.0267391 0.0175792 0.042246
v 0.026579 0.0178201 0.0435098
v 0.0263089 0.0182164 0.0447139
v 0.02595 0.0187242 0.0457942
v 0.0254946 0.0193395 0.0467771
v 0.0241847 0.0209552 0.0485862
v 0.0211334 0.0240632 0.0504373
v 0.0163631 0.0275 0.051
v -0.0184841 0.0262313 0.0509665
v -0.0228973 0.0223833 0.0496215
v -0.025117 0.0198359 0.0474539
v -0.02595 0.0187242 0.0457942
v -0.0263089 0.0182164 0.0447139
v -0.026579 0.0178201 0.0435098
v -0.0267391 0.0175792 0.042246
v 0.00805947 0.0311012 0.0509993
v 0 0.032 0.051
v -0.00805946 0.0311012 0.0509992
v -0.0291733 0.0131498 0.051
v -0.0300051 0.0108045 0.0509999
v -0.032 0 0.051
v -0.0291733 -0.0131498 0.051
v -0.0301001 -0.011206 0.051
v 0.0302162 -0.0103149 0.054
v 0.032 0 0.054
v 0.0298331 0.0114818 0.054
v 0.0320391 0.00279181 0.051
v 0.0295664 -0.0118965 0.0510002
v 0.0295477 0.0114247 0.0509998
v 0.029908 -0.00439352 0.051
v 0.0288043 -0.015801 0.068
v 0.0289348 -0.0149183 0.068
v 0.0291759 -0.0131447 0.068
v 0.0291733 0.0131498 0.068
v 0.0290578 0.0140345 0.068
v 0.0289348 0.0149183 0.068
v -0.0288043 0.015801 0.068
v -0.0289348 0.0149183 0.068
v -0.0290578 0.0140345 0.068
v -0.0291733 0.0131498 0.068
v -0.0291733 0.0131498 0.054
v -0.0291733 -0.0131498 0.068
v -0.0290051 -0.0144248 0.068
v 0.0268271 -0.0175 0.068
v 0.0275664 -0.0173717 0.068
v 0.0283382 -0.0168291 0.068
v 0.0286786 -0.0162561 0.068
v 0.0286786 -0.0162561 0.0326667
v 0.0286786 -0.0162561 0.0415
v 0.0286786 -0.0162561 0.0503333
v 0.0285642 -0.0164626 0.0238333
v 0.0284498 -0.0166691 0.0370833
v 0.0285642 -0.0164626 0.0591667
v 0.0281305 -0.0170169 0.0238333
v 0.0279346 -0.0171485 0.0326667
v 0.0282902 -0.016843 0.0503333
v 0.0279346 -0.0171485 0.0591667
v 0.0275173 -0.0173622 0.0238333
v 0.0277386 -0.0172802 0.0415
v 0.0279346 -0.0171485 0.0459167
v 0.0272959 -0.0174443 0.0326667
v 0.0272959 -0.0174443 0.0415
v 0.0272959 -0.0174443 0.0503333
v 0.0272959 -0.0174443 0.0591667
v -0.0272959 0.0174443 0.068
v -0.0277386 0.0172802 0.068
v -0.0283382 0.0168291 0.068
v -0.0286786 0.0162561 0.068
v -0.0286786 0.0162561 0.0326667
v -0.0286786 0.0162561 0.0415
v -0.0286786 0.0162561 0.0503333
v -0.0285642 0.0164626 0.0238333
v -0.0284498 0.0166691 0.0370833
v -0.0285642 0.0164626 0.0591667
v -0.0281305 0.0170169 0.0238333
v -0.0279346 0.0171485 0.0326667
v -0.0282902 0.016843 0.0503333
v -0.0279346 0.0171485 0.0591667
v -0.0275173 0.0173622 0.0238333
v -0.0277386 0.0172802 0.0415
v -0.0279346 0.0171485 0.0459167
v -0.0272959 0.0174443 0.0326667
v -0.0272959 0.0174443 0.0415
v -0.0272959 0.0174443 0.0503333
v -0.0272959 0.0174443 0.0591667
v -0.0320391 0.00279181 0.054
v -0.0298331 -0.0114818 0.054
v 0.0228153 0.022438 0.054
v 0.0154288 0.0281887 0.0540006
v 0.00630829 0.031372 0.054
v -0.00310123 0.0320376 0.0539998
v -0.012369 0.0295128 0.054
v -0.0179443 0.0264953 0.054
v -0.0228153 0.022438 0.054
v -0.0136644 0.021351 0.0543586
v -0.00837217 0.0239267 0.0543586
v -0.00089887 0.0259845 0.054
v 0.00328041 0.0251683 0.0542934
v 0.00896633 0.0237105 0.0543586
v 0.0141926 0.0210036 0.0543586
v 0.0186539 0.0171644 0.0543586
v 0.022173 0.012397 0.0542482
v 0.0244092 0.00695655 0.0542934
v 0.0253227 0.00115822 0.0543586
v 0.0249073 -0.00471283 0.0543586
v 0.0231847 -0.0103825 0.0542482
v 0.0201428 -0.0153899 0.0543586
v 0.0160507 -0.0196203 0.0543586
v 0.0110895 -0.0228304 0.0542934
v 0.00553784 -0.0247369 0.0543586
v -0.000316102 -0.0253472 0.0543586
v -0.0061531 -0.0245911 0.0543586
v -0.0116583 -0.0225092 0.0543586
v -0.016571 -0.0192252 0.0542934
v -0.0205838 -0.0148874 0.0542482
v -0.0233995 -0.00974925 0.0543586
v -0.025017 -0.00409016 0.0543586
v -0.025286 0.00178939 0.0543586
v -0.0242163 0.00760099 0.0542934
v -0.0218226 0.0130038 0.0542482
v -0.01822 0.0176243 0.0543586
v -0.00375904 0.0247158 0.055
v 0.0280046 0.0155038 0.054
v 0.028145 -0.0152474 0.054
v -0.0280046 -0.0155038 0.054
v -0.028145 0.0152474 0.054
v 0.00989908 -0.0231208 0.071
v 0.0167222 -0.0185841 0.071
v 0.0224449 -0.0113486 0.071
v 0.0247556 -0.00348744 0.071
v 0.0244885 0.00573383 0.071
v 0.0193104 0.0161143 0.071
v 0.0130074 0.0213496 0.071
v 0.00773322 0.0237739 0.071
v -0.00139437 0.0251121 0.071
v -0.00935757 0.0231827 0.071
v -0.0172099 0.0183407 0.071
v -0.0220698 0.011744 0.071
v -0.0249727 0.00298749 0.071
v -0.0244554 -0.00518978 0.071
v -0.0225993 -0.0106897 0.071
v -0.0173091 -0.0182472 0.071
v -0.0104409 -0.0227154 0.071
v -0.00153041 -0.0251042 0.071
v -0.0150174 0.0160772 0.071
v -0.02023 0.0090306 0.071
v -0.0219528 0.00143968 0.071
v -0.0209289 -0.00726532 0.071
v -0.0169885 -0.0139783 0.071
v -0.010283 -0.019623 0.071
v -0.00281527 -0.0218191 0.071
v 0.00593687 -0.0213438 0.071
v 0.015485 -0.0158436 0.071
v 0.0198813 -0.00941996 0.071
v 0.0221338 -0.000949286 0.071
v 0.0209412 0.0067428 0.071
v 0.0186064 0.0117388 0.071
v 0.0126614 0.0181795 0.071
v 0.00552773 0.0212942 0.071
v 5.841e-05 0.0219999 0.071
v -0.00856516 0.0204314 0.071
v -0.00655504 -0.015825 0.087
v 0.00040114 -0.0169953 0.087
v 0.00655481 -0.0158251 0.087
v 0.0123011 -0.0117338 0.087
v 0.015825 -0.00655504 0.087
v 0.0169953 0.00040114 0.087
v 0.0158251 0.00655481 0.087
v 0.0117338 0.0123011 0.087
v 0.00655504 0.015825 0.087
v -0.00040114 0.0169953 0.087
v -0.00655481 0.0158251 0.087
v -0.0123011 0.0117338 0.087
v -0.015825 0.00655504 0.087
v -0.0169953 -0.00040114 0.087
v -0.0158251 -0.00655481 0.087
v -0.0117338 -0.0123011 0.087
v -0.0105474 0.0193068 0.087
v -0.00222022 0.0220426 0.087
v 0.00552773 0.0212942 0.087
v 0.0106497 0.0192505 0.087
v 0.0174215 0.0136856 0.087
v 0.0209412 0.0067428 0.087
v 0.0220682 -0.00194949 0.087
v 0.0198813 -0.00941996 0.087
v 0.0147525 -0.0165278 0.087
v 0.00804441 -0.0204765 0.087
v -0.000559972 -0.022147 0.087
v -0.00815302 -0.0204335 0.087
v -0.0155689 -0.0157612 0.087
v -0.019931 -0.00931426 0.087
v -0.0221385 -0.000831783 0.087
v -0.0209051 0.0068539 0.087
v -0.0167076 0.0145485 0.087
v 0.0284546 0.0146403 0.068
v 0.0276597 0.0160917 0.068
v -0.0284546 0.0146403 0.068
v -0.0267909 -0.0175 0.068
v -0.0284546 -0.0146403 0.068
v -0.0276597 -0.0160917 0.068
v 0.0268186 -0.0174962 0.068
v 0.0284546 -0.0146403 0.068
v 0.0116799 -0.00771783 0.0204568
v 0.00997317 -0.00982582 0.0214896
v 3.37824e-05 -0.0140013 0.0239397
v 0.00089723 -0.0140812 0.02365
v -8.08796e-08 -0.0142147 0.0233739
v -1.5747e-07 -0.0145151 0.0231207
v 3.68506e-05 -0.0149552 0.0229972
v 0 0.0148049 0.0230192
v 0 0.0140762 0.0236174
v 2.32866e-05 0.0140068 0.023893
v 0.00207491 -0.0138661 0.0236949
v 0.00331601 -0.0136275 0.0236609
v 0.00562289 -0.0128187 0.0232093
v 0.00786366 -0.0115811 0.0224242
v 0.0106652 -0.0090883 0.0209447
v 0.0127666 -0.00576747 0.0195876
v 0.0132337 -0.00466201 0.0192759
v 0.0138012 -0.00239693 0.0188848
v 0.0139985 2.68284e-05 0.0187253
v 0.0138342 0.00220478 0.0187359
v 0.0135998 0.00344086 0.0190221
v 0.0128197 0.00564411 0.0196619
v 0.0111963 0.00846379 0.0207193
v 0.00960914 0.0102156 0.0215986
v 0.00760691 0.011774 0.0225095
v 0.00529156 0.0129687 0.023264
v 0.00273891 0.0137282 0.0237678
v 0.00406865 -0.0135157 0.0231243
v 0.00680042 -0.012382 0.0224546
v 0.00771215 -0.011761 0.0221774
v 0.00926156 -0.0105245 0.0216322
v 0.0118306 -0.00756328 0.0201013
v 0.0134748 -0.00391114 0.0189437
v 0.0140394 0.000182677 0.0184482
v 0.0133728 0.00424859 0.019022
v 0.0126388 0.00614925 0.019501
v 0.0116434 0.0078148 0.0202789
v 0.00975888 0.0101549 0.0213087
v 0.00717582 0.0120984 0.0223735
v 0.00495074 0.0131752 0.0230249
v 0.00109498 0.0142395 0.0233351
v 0.00206787 -0.0140955 0.0232344
v 0.00597208 -0.0128901 0.0225219
v 0.00930151 -0.0106809 0.0212986
v 0.0106642 -0.00918092 0.0207331
v 0.0127857 -0.00583065 0.0194015
v 0.013523 -0.00395804 0.0187735
v 0.0139121 -0.00190248 0.0185518
v 0.0138788 0.0022705 0.0185379
v 0.0134202 0.0043052 0.0188486
v 0.0111045 0.0087225 0.0204619
v 0.00806529 0.0116546 0.0219313
v 0.00494957 0.0132725 0.0228573
v 0.0011347 0.0143599 0.0232245
v 0.00409097 -0.013763 0.0228319
v 0.0077545 -0.0120136 0.0218273
v 0.0107283 -0.00934697 0.0204871
v 0.011866 -0.00765498 0.0199141
v 0.0139775 -0.001931 0.018388
v 0.0141056 0.00018343 0.0182863
v 0.0139476 0.00230469 0.0183818
v 0.0126956 0.00623292 0.0193282
v 0.00978295 0.0103405 0.0210411
v 0.00613783 0.0129638 0.0224144
v 0.0049636 0.0133975 0.0227099
v 0.00117289 0.0144948 0.0231337
v 0.00209209 -0.0143991 0.0230016
v 0.00603534 -0.0131556 0.022289
v 0.00938959 -0.0108911 0.0210761
v 0.0119678 -0.00779893 0.0197049
v 0.0128657 -0.00593494 0.0191776
v 0.0140306 -0.0019481 0.0182944
v 0.0141888 0.000194051 0.0181471
v 0.0134981 0.0043631 0.0186989
v 0.0127746 0.00632469 0.0191822
v 0.0117211 0.00802469 0.019916
v 0.00982037 0.0104454 0.0209344
v 0.00723458 0.0124268 0.0219652
v 0.00121086 0.0146412 0.0230647
v 0.00419392 -0.0141078 0.0226379
v 0.00785516 -0.012267 0.0216495
v 0.0108876 -0.00952673 0.020278
v 0.0129575 -0.00602364 0.0190401
v 0.0136316 -0.00402828 0.0185756
v 0.0141377 -0.00193748 0.0181566
v 0.0140404 0.0023328 0.0182488
v 0.0136001 0.00446255 0.0185618
v 0.0118119 0.0081392 0.0197782
v 0.0105896 0.00975649 0.0204655
v 0.00816417 0.0120074 0.0215907
v 0.00502703 0.0136838 0.022509
v 0.00256432 0.0144787 0.0228924
v 0.00212037 -0.0146485 0.0229195
v 0.00611323 -0.0133859 0.0221886
v 0.00949116 -0.0110691 0.0209637
v 0.0120752 -0.00791986 0.0195859
v 0.0130316 -0.0060814 0.0189613
v 0.0137374 -0.00409156 0.0184551
v 0.0142938 0.00018845 0.0180267
v 0.0141127 0.00235442 0.0181692
v 0.0128839 0.00640979 0.0190623
v 0.0118866 0.00822007 0.0197011
v 0.00854053 0.0120236 0.0213701
v 0.0073471 0.0127012 0.02181
v 0.00507501 0.013845 0.0224495
v -0.00791407 -0.0115485 0.0224517
v -0.00995266 -0.00985569 0.0213712
v -0.0123886 -0.00669851 0.0199794
v -0.0139627 -0.00136804 0.019201
v -0.0137195 0.0027693 0.0189764
v -0.0129199 0.00539227 0.0196056
v -0.011645 0.00778136 0.0203858
v -0.00791512 0.0115476 0.0224516
v -0.00411996 0.0134635 0.0236985
v -0.0054826 0.0129018 0.0230754
v -0.00786579 0.0116191 0.0222021
v -0.00996081 0.0098484 0.0213612
v -0.0129146 0.00542735 0.0194791
v -0.0137259 0.00279263 0.0188503
v -0.0140068 -7.9e-07 0.0186186
v -0.0137256 -0.002795 0.0188505
v -0.0129139 -0.00542908 0.0194796
v -0.011634 -0.00782825 0.0202855
v -0.00788023 -0.0115909 0.0222825
v -0.00549466 -0.0128843 0.0231281
v -0.00283784 -0.0137147 0.023675
v -0.00280573 0.0137614 0.0234983
v -0.0099369 0.00993687 0.0211883
v -0.0129253 0.00546847 0.0193547
v -0.0137437 0.00281458 0.018733
v -0.0140271 -8e-07 0.0185038
v -0.0137433 -0.00281697 0.0187332
v -0.0129246 -0.00547021 0.0193553
v -0.00892356 -0.0109182 0.0217643
v -0.00546501 -0.0129687 0.0228967
v -0.00280514 0.0138968 0.0232434
v -0.00546231 0.013008 0.0228115
v -0.00994815 0.0100169 0.0210475
v -0.0116437 0.00788581 0.0201594
v -0.0129519 0.00551492 0.0192348
v -0.0137753 0.00283881 0.0186192
v -0.0140606 -8.1e-07 0.0183921
v -0.013775 -0.00284122 0.0186194
v -0.0129512 -0.00551668 0.0192353
v -0.00664315 -0.012539 0.0224723
v -0.00280385 -0.0138383 0.0233267
v -0.00281291 0.0140281 0.0230915
v -0.00787705 0.0117948 0.0218957
v -0.00999754 0.0101508 0.020865
v -0.0116942 0.00799777 0.0199732
v -0.0129939 0.0055659 0.0191212
v -0.0138205 0.00286498 0.0185105
v -0.0141069 -8.1e-07 0.0182851
v -0.0138202 -0.0028674 0.0185106
v -0.0129931 -0.00556768 0.0191217
v -0.0116708 -0.00796119 0.0200305
v -0.00995897 -0.0100615 0.0209787
v -0.0078922 -0.0118593 0.0218271
v -0.00281256 -0.0140282 0.0230916
v -0.00282818 0.0141724 0.0229772
v -0.00549225 0.0132456 0.0225259
v -0.00795514 0.012032 0.0216679
v -0.0117431 0.00807141 0.019872
v -0.0130454 0.00561602 0.0190241
v -0.0138734 0.00289041 0.0184163
v -0.0141602 -8.2e-07 0.0181921
v -0.013873 -0.00289286 0.0184165
v -0.0130447 -0.00561782 0.0190246
v -0.011742 -0.00807298 0.0198726
v -0.00795299 -0.0120399 0.0216659
v -0.00549084 -0.0132503 0.0225233
v -0.00282782 -0.0141725 0.0229772
v -0.0101299 0.0103583 0.0206718
v -0.0118055 0.00814939 0.0197821
v -0.0131086 0.0056685 0.0189354
v -0.0139365 0.00291684 0.018329
v -0.0142231 -8.3e-07 0.0181053
v -0.0139361 -0.00291931 0.0183292
v -0.0131078 -0.00567031 0.018936
v -0.0118044 -0.00815099 0.0197827
v -0.0100494 -0.0102611 0.020762
v -0.00554897 -0.0134681 0.0223846
v -0.00286776 0.0144295 0.0228525
v -0.00557474 0.0135263 0.0223525
v -0.0118801 0.00823033 0.019705
v -0.0131824 0.00572257 0.0188566
v -0.014009 0.00294394 0.0182495
v -0.014295 -8.3e-07 0.0180258
v -0.0140086 -0.00294643 0.0182497
v -0.0131817 -0.0057244 0.0188571
v -0.011879 -0.00823194 0.0197057
v -0.00286301 -0.0144153 0.0228571
v 0 -0.014 0.085
v -0.00362347 -0.013523 0.085
v -0.007 -0.0121244 0.085
v -0.00989949 -0.00989949 0.085
v -0.0121244 -0.007 0.085
v -0.0140204 -0.00172726 0.085
v -0.013523 0.00362347 0.085
v -0.0121244 0.007 0.085
v -0.00989949 0.00989949 0.085
v -0.00541271 0.0130169 0.085
v 0 0.014 0.085
v 0.00362347 0.013523 0.085
v 0.007 0.0121244 0.085
v 0.00989949 0.00989949 0.085
v 0.0121244 0.007 0.085
v 0.013523 0.00362347 0.085
v 0.014 0 0.085
v 0.013523 -0.00362347 0.085
v 0.0121244 -0.007 0.085
v 0.00989949 -0.00989949 0.085
v 0.007 -0.0121244 0.085
v 0.00362347 -0.013523 0.085
v -0.00977457 -0.0140661 0.085
v -0.0154981 -0.0072944 0.085
v -0.0169953 -0.00040114 0.085
v -0.0161167 0.00580086 0.085
v -0.0110571 0.0130821 0.085
v -0.00478617 0.0163123 0.085
v 0.00143191 0.0170689 0.085
v 0.00977457 0.0140661 0.085
v 0.0154981 0.0072944 0.085
v 0.0170689 -0.00143191 0.085
v 0.0140661 -0.00977457 0.085
v 0.0072944 -0.0154981 0.085
v -0.00143191 -0.0170689 0.085
v 0.0167097 -0.0174985 0.0211091
v 0.00857246 -0.0175 0.025392
v 0.000523625 -0.0174995 0.0269318
v -0.00857246 -0.0175 0.025392
v -0.0163246 -0.0174982 0.0214788
v 0.0157606 -0.0150869 0.0181043
v 0.0117968 -0.0152449 0.0209795
v 0.00707503 -0.0153472 0.0230395
v 0.00195434 -0.0153974 0.0240403
v -0.00331481 -0.015393 0.0238926
v -0.0084353 -0.0153314 0.0225811
v -0.0131926 -0.0152157 0.0201371
v 0.0169882 -0.0165047 0.0178397
v 0.0175333 -0.0171575 0.0184581
v 0.012706 -0.0165113 0.0211078
v 0.0109535 -0.0171205 0.0230707
v 0.0163577 -0.0174087 0.0205374
v 0.00786205 -0.0165113 0.0233489
v 0.00835098 -0.017413 0.0247359
v 0.00264915 -0.0165113 0.0244942
v 0.00275756 -0.0171575 0.0253084
v -0.00268806 -0.0165113 0.0244899
v -0.00527166 -0.0171205 0.0249889
v 0.00041043 -0.0174036 0.0262171
v -0.00789912 -0.0165113 0.0233364
v -0.00835098 -0.017413 0.0247359
v -0.0127395 -0.0165113 0.0210876
v -0.0131468 -0.0171575 0.0218009
v -0.0168353 -0.0162139 0.0177232
v -0.0171435 -0.0167494 0.0180477
v -0.0175333 -0.0171575 0.0184581
v -0.0157492 -0.0174111 0.0210203
v 0.000297741 -0.0144931 0.0989984
v -0.00346351 -0.0140763 0.0989984
v -0.007 -0.0121244 0.099
v -0.0100376 -0.0104587 0.0989984
v -0.0124026 -0.00750437 0.0989984
v -0.0139222 -0.00403869 0.0989984
v -0.0144931 -0.000297741 0.0989984
v -0.0140763 0.00346351 0.0989984
v -0.0127003 0.0069887 0.0989984
v -0.0104587 0.0100376 0.0989984
v -0.00750437 0.0124026 0.0989984
v -0.00403869 0.0139222 0.0989984
v -0.000297741 0.0144931 0.0989984
v 0.00346351 0.0140763 0.0989984
v 0.0069887 0.0127003 0.0989984
v 0.0100376 0.0104587 0.0989984
v 0.0124026 0.00750437 0.0989984
v 0.0139222 0.00403869 0.0989984
v 0.0144931 0.000297741 0.0989984
v 0.0140763 -0.00346351 0.0989984
v 0.0127003 -0.0069887 0.0989984
v 0.0104587 -0.0100376 0.0989984
v 0.00750437 -0.0124026 0.0989984
v 0.00403869 -0.0139222 0.0989984
v -0.00719138 -0.0131637 0.099
v -0.00633862 -0.0137283 0.103
v 0.00719138 -0.0131637 0.103
v -0.000297741 -0.0144931 0.103002
v 0.00346351 -0.0140763 0.103002
v 0.007 -0.0121244 0.103
v 0.0100376 -0.0104587 0.103002
v 0.0124026 -0.00750437 0.103002
v 0.0139222 -0.00403869 0.103002
v 0.0144931 -0.000297741 0.103002
v 0.0140763 0.00346351 0.103002
v 0.0127003 0.0069887 0.103002
v 0.0104587 0.0100376 0.103002
v 0.00750437 0.0124026 0.103002
v 0.00403869 0.0139222 0.103002
v 0.000297741 0.0144931 0.103002
v -0.00346351 0.0140763 0.103002
v -0.0069887 0.0127003 0.103002
v -0.0100376 0.0104587 0.103002
v -0.0124026 0.00750437 0.103002
v -0.0139222 0.00403869 0.103002
v -0.0144931 0.000297741 0.103002
v -0.0140763 -0.00346351 0.103002
v -0.0127003 -0.0069887 0.103002
v -0.0104587 -0.0100376 0.103002
v -0.00570433 -0.0129013 0.103
v -0.00217083 -0.0139381 0.129
v -0.007 -0.0121244 0.129
v -0.0113908 -0.00832067 0.129
v -0.013523 -0.00362347 0.129
v -0.0139381 0.00217083 0.129
v -0.0121244 0.007 0.129
v -0.00832067 0.0113908 0.129
v -0.00362347 0.013523 0.129
v 0.00217083 0.0139381 0.129
v 0.007 0.0121244 0.129
v 0.0113908 0.00832067 0.129
v 0.013523 0.00362347 0.129
v 0.0139381 -0.00217083 0.129
v 0.0121244 -0.007 0.129
v 0.00832067 -0.0113908 0.129
v 0.00362347 -0.013523 0.129
v 0.00217083 -0.0139381 0.127
v 0.00398036 -0.0142617 0.127
v 0.0113908 -0.00832067 0.127
v 0.0128991 -0.00727004 0.127
v 0.0139381 0.00217083 0.127
v 0.0142617 0.00398036 0.127
v 0.00832067 0.0113908 0.127
v 0.00727004 0.0128991 0.127
v -0.00217083 0.0139381 0.127
v -0.00398036 0.0142617 0.127
v -0.0113908 0.00832067 0.127
v -0.0128991 0.00727004 0.127
v -0.0139381 -0.00217083 0.127
v -0.0142617 -0.00398036 0.127
v -0.00832067 -0.0113908 0.127
v -0.00727004 -0.0128991 0.127
v 0.00217083 -0.0139381 0.122
v 0.007 -0.0121244 0.122
v 0.0113908 -0.00832067 0.122
v 0.013523 -0.00362347 0.122
v 0.0139381 0.00217083 0.122
v 0.0121244 0.007 0.122
v 0.00832067 0.0113908 0.122
v 0.00362347 0.013523 0.122
v -0.00217083 0.0139381 0.122
v -0.007 0.0121244 0.122
v -0.0113908 0.00832067 0.122
v -0.013523 0.00362347 0.122
v -0.0139381 -0.00217083 0.122
v -0.0121244 -0.007 0.122
v -0.00832067 -0.0113908 0.122
v -0.00362347 -0.013523 0.122
v -0.00217083 -0.0139381 0.125
v -0.00579378 -0.0133863 0.125
v -0.0113908 -0.00832067 0.125
v -0.0135623 -0.0053687 0.125
v -0.0139381 0.00217083 0.125
v -0.0133863 0.00579378 0.125
v -0.00832067 0.0113908 0.125
v -0.0053687 0.0135623 0.125
v 0.00217083 0.0139381 0.125
v 0.00579378 0.0133863 0.125
v 0.0113908 0.00832067 0.125
v 0.0135623 0.0053687 0.125
v 0.0139381 -0.00217083 0.125
v 0.0133863 -0.00579378 0.125
v 0.00832067 -0.0113908 0.125
v 0.0053687 -0.0135623 0.125
v -0.0104637 0.0148243 0.122
v -0.0153718 0.00936533 0.122
v -0.0178813 0.00308333 0.122
v -0.0174918 -0.00424718 0.122
v -0.0148243 -0.0104637 0.122
v -0.00936533 -0.0153718 0.122
v -0.00308333 -0.0178813 0.122
v 0.00424718 -0.0174918 0.122
v 0.0104637 -0.0148243 0.122
v 0.0153718 -0.00936533 0.122
v 0.0178813 -0.00308333 0.122
v 0.0174918 0.00424718 0.122
v 0.0148243 0.0104637 0.122
v 0.00936533 0.0153718 0.122
v 0.00308333 0.0178813 0.122
v -0.00424718 0.0174918 0.122
v -0.00353932 -0.0145765 0.127
v 0.00035395 -0.0149958 0.127
v 0.00780444 -0.0128098 0.127
v 0.0108539 -0.0103534 0.127
v 0.0145765 -0.00353932 0.127
v 0.0149958 0.00035395 0.127
v 0.0128098 0.00780444 0.127
v 0.0103534 0.0108539 0.127
v 0.00353932 0.0145765 0.127
v -0.00035395 0.0149958 0.127
v -0.00780444 0.0128098 0.127
v -0.0108539 0.0103534 0.127
v -0.0145765 0.00353932 0.127
v -0.0149958 -0.00035395 0.127
v -0.0128098 -0.00780444 0.127
v -0.0103534 -0.0108539 0.127
v -0.011543 -0.00975621 0.125
v -0.0150608 0.00126345 0.125
v -0.00975621 0.011543 0.125
v 0.00126345 0.0150608 0.125
v 0.011543 0.00975621 0.125
v 0.0150608 -0.00126345 0.125
v 0.00975621 -0.011543 0.125
v -0.00126345 -0.0150608 0.125
v 0.0148243 -0.0104637 0.129
v 0.00936533 -0.0153718 0.129
v 0.00308333 -0.0178813 0.129
v -0.00424718 -0.0174918 0.129
v -0.0104637 -0.0148243 0.129
v -0.0153718 -0.00936533 0.129
v -0.0178813 -0.00308333 0.129
v -0.0174918 0.00424718 0.129
v -0.0148243 0.0104637 0.129
v -0.00936533 0.0153718 0.129
v -0.00308333 0.0178813 0.129
v 0.00424718 0.0174918 0.129
v 0.0104637 0.0148243 0.129
v 0.0153718 0.00936533 0.129
v 0.0178813 0.00308333 0.129
v 0.0174918 -0.00424718 0.129
f 3 1 2
f 104 105 5
f 101 5 6
f 7 93 48
f 8 90 91
f 9 1453 1454
f 10 74 75
f 11 67 68
f 62 13 12
f 2225 54 53
f 109 60 108
f 106 107 105
f 103 104 5
f 103 5 2131
f 102 2131 5
f 102 5 101
f 100 101 6
f 99 100 6
f 99 6 51
f 99 51 98
f 98 51 97
f 97 51 50
f 97 50 110
f 2126 2127 49
f 94 48 93
f 92 93 7
f 92 7 1961
f 89 90 8
f 89 8 1959
f 1939 1940 47
f 1479 46 1478
f 1478 46 1477
f 1477 46 45
f 1477 45 44
f 1477 44 1476
f 1476 44 1475
f 1475 44 43
f 1475 43 42
f 1475 42 1474
f 1474 42 1473
f 1473 42 41
f 1473 41 40
f 1473 40 1472
f 1472 40 1471
f 1471 40 39
f 1471 39 38
f 1471 38 1470
f 1470 38 1469
f 1469 38 37
f 1469 37 36
f 1469 36 1468
f 1468 36 1467
f 1467 36 35
f 1467 35 34
f 1467 34 1466
f 1466 34 1465
f 1465 34 33
f 1465 33 32
f 1465 32 1464
f 1464 32 1463
f 1463 32 31
f 1463 31 30
f 1463 30 1462
f 1462 30 1461
f 1461 30 29
f 1461 29 28
f 1461 28 82
f 82 28 81
f 1452 1453 9
f 1452 9 1451
f 77 943 76
f 933 74 10
f 933 10 932
f 71 427 70
f 66 67 11
f 66 11 410
f 386 387 27
f 154 26 153
f 153 26 152
f 152 26 25
f 152 25 24
f 152 24 151
f 151 24 150
f 149 150 23
f 149 23 22
f 149 22 148
f 148 22 147
f 147 22 21
f 147 21 20
f 147 20 146
f 146 20 145
f 145 20 19
f 145 19 18
f 145 18 144
f 144 18 143
f 138 139 17
f 138 17 16
f 138 16 137
f 137 16 136
f 133 134 15
f 133 15 14
f 133 14 64
f 64 14 63
f 128 129 13
f 128 13 62
f 127 62 12
f 127 12 126
f 120 121 119
f 2125 2126 49
f 96 95 2073
f 96 2073 2074
f 1963 94 1962
f 1962 94 93
f 1961 91 1960
f 1960 91 90
f 1848 88 1847
f 1618 87 86
f 86 85 1617
f 86 1617 1618
f 84 83 1615
f 84 1615 1616
f 1461 82 1460
f 1460 82 81
f 1460 81 1459
f 80 79 1395
f 80 1395 1396
f 1164 78 1163
f 943 77 942
f 942 77 76
f 942 76 941
f 934 935 75
f 934 75 74
f 74 933 934
f 700 73 699
f 469 72 468
f 427 71 426
f 426 71 70
f 426 70 425
f 425 70 69
f 412 68 411
f 411 68 67
f 241 65 240
f 133 64 132
f 132 64 63
f 132 63 131
f 128 62 127
f 119 61 118
f 2128 108 107
f 2128 107 106
f 2128 106 2132
f 2132 106 105
f 2132 105 104
f 60 109 2128
f 2128 109 108
f 2132 104 103
f 2132 103 2131
f 2131 102 101
f 2131 101 100
f 2131 100 2130
f 2130 100 2129
f 2129 100 99
f 2129 99 98
f 1 2134 2
f 2 2134 3
f 3 2134 2135
f 3 2135 2136
f 2133 52 59
f 2133 59 58
f 2133 58 1
f 1 58 2134
f 2134 58 57
f 2134 57 56
f 2134 56 2135
f 2135 56 2136
f 2136 56 55
f 2136 55 54
f 2136 54 2225
f 2141 2138 2137
f 2141 2137 2140
f 54 2118 53
f 53 2118 2117
f 53 2117 2147
f 2147 2117 2116
f 2147 2116 2146
f 2146 2116 2115
f 2146 2115 2145
f 2145 2115 2114
f 2145 2114 4
f 4 2114 2113
f 4 2113 60
f 60 2113 2112
f 60 2112 108
f 108 2112 2111
f 108 2111 107
f 107 2111 2110
f 107 2110 105
f 105 2110 2109
f 105 2109 5
f 5 2109 2108
f 5 2108 2107
f 5 2107 6
f 6 2107 2106
f 6 2106 2105
f 6 2105 51
f 51 2105 2104
f 51 2104 2103
f 51 2103 50
f 50 2103 2102
f 50 2102 110
f 110 2102 2101
f 110 2101 2127
f 2127 2101 2100
f 2127 2100 49
f 49 2100 2099
f 49 2099 2124
f 2124 2099 2098
f 2124 2098 2123
f 2123 2098 2097
f 2123 2097 2122
f 2122 2097 2096
f 2122 2096 2121
f 2121 2096 2095
f 2121 2095 2120
f 2120 2095 2094
f 2120 2094 2119
f 2119 2094 2093
f 2119 2093 2118
f 2118 2093 2092
f 2118 2092 2117
f 2117 2092 2091
f 2117 2091 2116
f 2116 2091 2090
f 2116 2090 2115
f 2115 2090 2089
f 2115 2089 2114
f 2114 2089 2088
f 2114 2088 2113
f 2113 2088 2087
f 2113 2087 2112
f 2112 2087 2086
f 2112 2086 2111
f 2111 2086 2085
f 2111 2085 2110
f 2110 2085 2084
f 2110 2084 2109
f 2109 2084 2083
f 2109 2083 2108
f 2108 2083 2082
f 2108 2082 2107
f 2107 2082 2081
f 2107 2081 2106
f 2106 2081 2080
f 2106 2080 2105
f 2105 2080 2079
f 2105 2079 2104
f 2104 2079 2078
f 2104 2078 2103
f 2103 2078 2077
f 2103 2077 2102
f 2102 2077 2076
f 2102 2076 2101
f 2101 2076 2075
f 2101 2075 2100
f 2100 2075 2074
f 2100 2074 2099
f 2099 2074 2073
f 2099 2073 2098
f 2098 2073 95
f 2098 95 2097
f 2097 95 2072
f 2097 2072 2096
f 2096 2072 2071
f 2096 2071 2095
f 2095 2071 2070
f 2095 2070 2094
f 2094 2070 2069
f 2094 2069 2093
f 2093 2069 2068
f 2093 2068 2092
f 2092 2068 2067
f 2092 2067 2091
f 2091 2067 2066
f 2091 2066 2090
f 2090 2066 2065
f 2090 2065 2089
f 2089 2065 2064
f 2089 2064 2088
f 2088 2064 2063
f 2088 2063 2087
f 2087 2063 2062
f 2087 2062 2086
f 2086 2062 2061
f 2086 2061 2085
f 2085 2061 2060
f 2085 2060 2084
f 2084 2060 2059
f 2084 2059 2083
f 2083 2059 2058
f 2083 2058 2082
f 2082 2058 2057
f 2082 2057 2081
f 2081 2057 2056
f 2081 2056 2080
f 2080 2056 2055
f 2080 2055 2079
f 2079 2055 2054
f 2079 2054 2078
f 2078 2054 2053
f 2078 2053 2077
f 2077 2053 2052
f 2077 2052 2076
f 2076 2052 2051
f 2076 2051 2075
f 2075 2051 2050
f 2075 2050 2074
f 2074 2050 2049
f 2074 2049 96
f 96 2049 2048
f 96 2048 95
f 95 2048 2047
f 95 2047 2072
f 2072 2047 2046
f 2072 2046 2071
f 2071 2046 2045
f 2071 2045 2070
f 2070 2045 2044
f 2070 2044 2069
f 2069 2044 2043
f 2069 2043 2068
f 2068 2043 2042
f 2068 2042 2067
f 2067 2042 2041
f 2067 2041 2066
f 2066 2041 2040
f 2066 2040 2065
f 2065 2040 2039
f 2065 2039 2064
f 2064 2039 2038
f 2064 2038 2063
f 2063 2038 2037
f 2063 2037 2062
f 2062 2037 2036
f 2062 2036 2061
f 2061 2036 2035
f 2061 2035 2060
f 2060 2035 2034
f 2060 2034 2059
f 2059 2034 2033
f 2059 2033 2058
f 2058 2033 2032
f 2058 2032 2057
f 2057 2032 2031
f 2057 2031 2056
f 2056 2031 2030
f 2056 2030 2055
f 2055 2030 2029
f 2055 2029 2054
f 2054 2029 2028
f 2054 2028 2053
f 2053 2028 2027
f 2053 2027 2052
f 2052 2027 2026
f 2052 2026 2051
f 2051 2026 2025
f 2051 2025 2050
f 2050 2025 2024
f 2050 2024 2049
f 2049 2024 2023
f 2049 2023 2048
f 2048 2023 2022
f 2048 2022 2047
f 2047 2022 2021
f 2047 2021 2046
f 2046 2021 2020
f 2046 2020 2045
f 2045 2020 2019
f 2045 2019 2044
f 2044 2019 2018
f 2044 2018 2043
f 2043 2018 2017
f 2043 2017 2042
f 2042 2017 2016
f 2042 2016 2041
f 2041 2016 2015
f 2041 2015 2040
f 2040 2015 2014
f 2040 2014 2039
f 2039 2014 2013
f 2039 2013 2038
f 2038 2013 2012
f 2038 2012 2037
f 2037 2012 2011
f 2037 2011 2036
f 2036 2011 2010
f 2036 2010 2035
f 2035 2010 2009
f 2035 2009 2034
f 2034 2009 2008
f 2034 2008 2033
f 2033 2008 2007
f 2033 2007 2032
f 2032 2007 2006
f 2032 2006 2031
f 2031 2006 2005
f 2031 2005 2030
f 2030 2005 2004
f 2030 2004 2029
f 2029 2004 2003
f 2029 2003 2028
f 2028 2003 2002
f 2028 2002 2027
f 2027 2002 2001
f 2027 2001 2026
f 2026 2001 2000
f 2026 2000 2025
f 2025 2000 1999
f 2025 1999 2024
f 2024 1999 1998
f 2024 1998 2023
f 2023 1998 1997
f 2023 1997 2022
f 2022 1997 1996
f 2022 1996 2021
f 2021 1996 1995
f 2021 1995 2020
f 2020 1995 1994
f 2020 1994 2019
f 2019 1994 1993
f 2019 1993 2018
f 2018 1993 1992
f 2018 1992 2017
f 2017 1992 1991
f 2017 1991 2016
f 2016 1991 1990
f 2016 1990 2015
f 2015 1990 1989
f 2015 1989 2014
f 2014 1989 1988
f 2014 1988 2013
f 2013 1988 1987
f 2013 1987 2012
f 2012 1987 1986
f 2012 1986 2011
f 2011 1986 1985
f 2011 1985 2010
f 2010 1985 1984
f 2010 1984 2009
f 2009 1984 1983
f 2009 1983 2008
f 2008 1983 1982
f 2008 1982 2007
f 2007 1982 1981
f 2007 1981 2006
f 2006 1981 1980
f 2006 1980 2005
f 2005 1980 1979
f 2005 1979 2004
f 2004 1979 1978
f 2004 1978 2003
f 2003 1978 1977
f 2003 1977 2002
f 2002 1977 1976
f 2002 1976 2001
f 2001 1976 1975
f 2001 1975 2000
f 2000 1975 1974
f 2000 1974 1999
f 1999 1974 1973
f 1999 1973 1998
f 1998 1973 1972
f 1998 1972 1997
f 1997 1972 1971
f 1997 1971 1996
f 1996 1971 1970
f 1996 1970 1995
f 1995 1970 1969
f 1995 1969 1994
f 1994 1969 1968
f 1994 1968 1993
f 1993 1968 1967
f 1993 1967 1992
f 1992 1967 1966
f 1992 1966 1991
f 1991 1966 1965
f 1991 1965 1990
f 1990 1965 1964
f 1990 1964 1989
f 1989 1964 1963
f 1989 1963 1988
f 1988 1963 1962
f 1988 1962 1987
f 1987 1962 93
f 1987 93 1986
f 1986 93 92
f 1986 92 1985
f 1985 92 1961
f 1985 1961 1984
f 1984 1961 1960
f 1984 1960 1983
f 1983 1960 90
f 1983 90 1982
f 1982 90 89
f 1982 89 1981
f 1981 89 1959
f 1981 1959 1980
f 1980 1959 1958
f 1980 1958 1979
f 1979 1958 1957
f 1979 1957 1978
f 1978 1957 1956
f 1978 1956 1977
f 1977 1956 1955
f 1977 1955 1976
f 1976 1955 1954
f 1976 1954 1975
f 1975 1954 1953
f 1975 1953 1974
f 1974 1953 1952
f 1974 1952 1973
f 1973 1952 1951
f 1973 1951 1972
f 1972 1951 1950
f 1972 1950 1971
f 1971 1950 1949
f 1971 1949 1970
f 1970 1949 1948
f 1970 1948 1969
f 1969 1948 1947
f 1969 1947 1968
f 1968 1947 1946
f 1968 1946 1967
f 1967 1946 1945
f 1967 1945 1966
f 1966 1945 1944
f 1966 1944 1965
f 1965 1944 1943
f 1965 1943 1964
f 1964 1943 1942
f 1964 1942 1963
f 1963 1942 1941
f 1963 1941 94
f 94 1941 1940
f 94 1940 48
f 48 1940 1939
f 48 1939 7
f 7 1939 47
f 7 47 1938
f 7 1938 1961
f 1961 1938 1937
f 1961 1937 91
f 91 1937 1936
f 91 1936 8
f 8 1936 1935
f 8 1935 1934
f 8 1934 1959
f 1959 1934 1933
f 1959 1933 1958
f 1958 1933 1932
f 1958 1932 1957
f 1957 1932 1931
f 1957 1931 1956
f 1956 1931 1930
f 1956 1930 1955
f 1955 1930 1929
f 1955 1929 1954
f 1954 1929 1928
f 1954 1928 1953
f 1953 1928 1927
f 1953 1927 1952
f 1952 1927 1926
f 1952 1926 1951
f 1951 1926 1925
f 1951 1925 1950
f 1950 1925 1924
f 1950 1924 1949
f 1949 1924 1923
f 1949 1923 1948
f 1948 1923 1922
f 1948 1922 1947
f 1947 1922 1921
f 1947 1921 1946
f 1946 1921 1920
f 1946 1920 1945
f 1945 1920 1919
f 1945 1919 1944
f 1944 1919 1918
f 1944 1918 1943
f 1943 1918 1917
f 1943 1917 1942
f 1942 1917 1916
f 1942 1916 1941
f 1941 1916 1915
f 1941 1915 1940
f 1940 1915 1914
f 1940 1914 47
f 47 1914 1913
f 47 1913 1938
f 1938 1913 1912
f 1938 1912 1937
f 1937 1912 1911
f 1937 1911 1936
f 1936 1911 1910
f 1936 1910 1935
f 1935 1910 1909
f 1935 1909 1934
f 1934 1909 1908
f 1934 1908 1933
f 1933 1908 1907
f 1933 1907 1932
f 1932 1907 1906
f 1932 1906 1931
f 1931 1906 1905
f 1931 1905 1930
f 1930 1905 1904
f 1930 1904 1929
f 1929 1904 1903
f 1929 1903 1928
f 1928 1903 1902
f 1928 1902 1927
f 1927 1902 1901
f 1927 1901 1926
f 1926 1901 1900
f 1926 1900 1925
f 1925 1900 1899
f 1925 1899 1924
f 1924 1899 1898
f 1924 1898 1923
f 1923 1898 1897
f 1923 1897 1922
f 1922 1897 1896
f 1922 1896 1921
f 1921 1896 1895
f 1921 1895 1920
f 1920 1895 1894
f 1920 1894 1919
f 1919 1894 1893
f 1919 1893 1918
f 1918 1893 1892
f 1918 1892 1917
f 1917 1892 1891
f 1917 1891 1916
f 1916 1891 1890
f 1916 1890 1915
f 1915 1890 1889
f 1915 1889 1914
f 1914 1889 1888
f 1914 1888 1913
f 1913 1888 1887
f 1913 1887 1912
f 1912 1887 1886
f 1912 1886 1911
f 1911 1886 1885
f 1911 1885 1910
f 1910 1885 1884
f 1910 1884 1909
f 1909 1884 1883
f 1909 1883 1908
f 1908 1883 1882
f 1908 1882 1907
f 1907 1882 1881
f 1907 1881 1906
f 1906 1881 1880
f 1906 1880 1905
f 1905 1880 1879
f 1905 1879 1904
f 1904 1879 1878
f 1904 1878 1903
f 1903 1878 1877
f 1903 1877 1902
f 1902 1877 1876
f 1902 1876 1901
f 1901 1876 1875
f 1901 1875 1900
f 1900 1875 1874
f 1900 1874 1899
f 1899 1874 1873
f 1899 1873 1898
f 1898 1873 1872
f 1898 1872 1897
f 1897 1872 1871
f 1897 1871 1896
f 1896 1871 1870
f 1896 1870 1895
f 1895 1870 1869
f 1895 1869 1894
f 1894 1869 1868
f 1894 1868 1893
f 1893 1868 1867
f 1893 1867 1892
f 1892 1867 1866
f 1892 1866 1891
f 1891 1866 1865
f 1891 1865 1890
f 1890 1865 1864
f 1890 1864 1889
f 1889 1864 1863
f 1889 1863 1888
f 1888 1863 1862
f 1888 1862 1887
f 1887 1862 1861
f 1887 1861 1886
f 1886 1861 1860
f 1886 1860 1885
f 1885 1860 1859
f 1885 1859 1884
f 1884 1859 1858
f 1884 1858 1883
f 1883 1858 1857
f 1883 1857 1882
f 1882 1857 1856
f 1882 1856 1881
f 1881 1856 1855
f 1881 1855 1880
f 1880 1855 1854
f 1880 1854 1879
f 1879 1854 1853
f 1879 1853 1878
f 1878 1853 1852
f 1878 1852 1877
f 1877 1852 1851
f 1877 1851 1876
f 1876 1851 1850
f 1876 1850 1875
f 1875 1850 1849
f 1875 1849 1874
f 1874 1849 1848
f 1874 1848 1873
f 1873 1848 1847
f 1873 1847 1872
f 1872 1847 1846
f 1872 1846 1871
f 1871 1846 1845
f 1871 1845 1870
f 1870 1845 1844
f 1870 1844 1869
f 1869 1844 1843
f 1869 1843 1868
f 1868 1843 1842
f 1868 1842 1867
f 1867 1842 1841
f 1867 1841 1866
f 1866 1841 1840
f 1866 1840 1865
f 1865 1840 1839
f 1865 1839 1864
f 1864 1839 1838
f 1864 1838 1863
f 1863 1838 1837
f 1863 1837 1862
f 1862 1837 1836
f 1862 1836 1861
f 1861 1836 1835
f 1861 1835 1860
f 1860 1835 1834
f 1860 1834 1859
f 1859 1834 1833
f 1859 1833 1858
f 1858 1833 1832
f 1858 1832 1857
f 1857 1832 1831
f 1857 1831 1856
f 1856 1831 1830
f 1856 1830 1855
f 1855 1830 1829
f 1855 1829 1854
f 1854 1829 1828
f 1854 1828 1853
f 1853 1828 1827
f 1853 1827 1852
f 1852 1827 1826
f 1852 1826 1851
f 1851 1826 1825
f 1851 1825 1850
f 1850 1825 1824
f 1850 1824 1849
f 1849 1824 1823
f 1849 1823 1848
f 1848 1823 1822
f 1848 1822 88
f 88 1822 1821
f 88 1821 1847
f 1847 1821 1820
f 1847 1820 1846
f 1846 1820 1819
f 1846 1819 1845
f 1845 1819 1818
f 1845 1818 1844
f 1844 1818 1817
f 1844 1817 1843
f 1843 1817 1816
f 1843 1816 1842
f 1842 1816 1815
f 1842 1815 1841
f 1841 1815 1814
f 1841 1814 1840
f 1840 1814 1813
f 1840 1813 1839
f 1839 1813 1812
f 1839 1812 1838
f 1838 1812 1811
f 1838 1811 1837
f 1837 1811 1810
f 1837 1810 1836
f 1836 1810 1809
f 1836 1809 1835
f 1835 1809 1808
f 1835 1808 1834
f 1834 1808 1807
f 1834 1807 1833
f 1833 1807 1806
f 1833 1806 1832
f 1832 1806 1805
f 1832 1805 1831
f 1831 1805 1804
f 1831 1804 1830
f 1830 1804 1803
f 1830 1803 1829
f 1829 1803 1802
f 1829 1802 1828
f 1828 1802 1801
f 1828 1801 1827
f 1827 1801 1800
f 1827 1800 1826
f 1826 1800 1799
f 1826 1799 1825
f 1825 1799 1798
f 1825 1798 1824
f 1824 1798 1797
f 1824 1797 1823
f 1823 1797 1796
f 1823 1796 1822
f 1822 1796 1795
f 1822 1795 1821
f 1821 1795 1794
f 1821 1794 1820
f 1820 1794 1793
f 1820 1793 1819
f 1819 1793 1792
f 1819 1792 1818
f 1818 1792 1791
f 1818 1791 1817
f 1817 1791 1790
f 1817 1790 1816
f 1816 1790 1789
f 1816 1789 1815
f 1815 1789 1788
f 1815 1788 1814
f 1814 1788 1787
f 1814 1787 1813
f 1813 1787 1786
f 1813 1786 1812
f 1812 1786 1785
f 1812 1785 1811
f 1811 1785 1784
f 1811 1784 1810
f 1810 1784 1783
f 1810 1783 1809
f 1809 1783 1782
f 1809 1782 1808
f 1808 1782 1781
f 1808 1781 1807
f 1807 1781 1780
f 1807 1780 1806
f 1806 1780 1779
f 1806 1779 1805
f 1805 1779 1778
f 1805 1778 1804
f 1804 1778 1777
f 1804 1777 1803
f 1803 1777 1776
f 1803 1776 1802
f 1802 1776 1775
f 1802 1775 1801
f 1801 1775 1774
f 1801 1774 1800
f 1800 1774 1773
f 1800 1773 1799
f 1799 1773 1772
f 1799 1772 1798
f 1798 1772 1771
f 1798 1771 1797
f 1797 1771 1770
f 1797 1770 1796
f 1796 1770 1769
f 1796 1769 1795
f 1795 1769 1768
f 1795 1768 1794
f 1794 1768 1767
f 1794 1767 1793
f 1793 1767 1766
f 1793 1766 1792
f 1792 1766 1765
f 1792 1765 1791
f 1791 1765 1764
f 1791 1764 1790
f 1790 1764 1763
f 1790 1763 1789
f 1789 1763 1762
f 1789 1762 1788
f 1788 1762 1761
f 1788 1761 1787
f 1787 1761 1760
f 1787 1760 1786
f 1786 1760 1759
f 1786 1759 1785
f 1785 1759 1758
f 1785 1758 1784
f 1784 1758 1757
f 1784 1757 1783
f 1783 1757 1756
f 1783 1756 1782
f 1782 1756 1755
f 1782 1755 1781
f 1781 1755 1754
f 1781 1754 1780
f 1780 1754 1753
f 1780 1753 1779
f 1779 1753 1752
f 1779 1752 1778
f 1778 1752 1751
f 1778 1751 1777
f 1777 1751 1750
f 1777 1750 1776
f 1776 1750 1749
f 1776 1749 1775
f 1775 1749 1748
f 1775 1748 1774
f 1774 1748 1747
f 1774 1747 1773
f 1773 1747 1746
f 1773 1746 1772
f 1772 1746 1745
f 1772 1745 1771
f 1771 1745 1744
f 1771 1744 1770
f 1770 1744 1743
f 1770 1743 1769
f 1769 1743 1742
f 1769 1742 1768
f 1768 1742 1741
f 1768 1741 1767
f 1767 1741 1740
f 1767 1740 1766
f 1766 1740 1739
f 1766 1739 1765
f 1765 1739 1738
f 1765 1738 1764
f 1764 1738 1737
f 1764 1737 1763
f 1763 1737 1736
f 1763 1736 1762
f 1762 1736 1735
f 1762 1735 1761
f 1761 1735 1734
f 1761 1734 1760
f 1760 1734 1733
f 1760 1733 1759
f 1759 1733 1732
f 1759 1732 1758
f 1758 1732 1757
f 1757 1732 1731
f 1757 1731 1756
f 1756 1731 1730
f 1756 1730 1755
f 1755 1730 1729
f 1755 1729 1754
f 1754 1729 1728
f 1754 1728 1753
f 1753 1728 1727
f 1753 1727 1752
f 1752 1727 1726
f 1752 1726 1751
f 1751 1726 1725
f 1751 1725 1750
f 1750 1725 1724
f 1750 1724 1749
f 1749 1724 1723
f 1749 1723 1748
f 1748 1723 1722
f 1748 1722 1747
f 1747 1722 1721
f 1747 1721 1746
f 1746 1721 1720
f 1746 1720 1745
f 1745 1720 1719
f 1745 1719 1744
f 1744 1719 1718
f 1744 1718 1743
f 1743 1718 1717
f 1743 1717 1742
f 1742 1717 1716
f 1742 1716 1741
f 1741 1716 1715
f 1741 1715 1740
f 1740 1715 1714
f 1740 1714 1739
f 1739 1714 1713
f 1739 1713 1738
f 1738 1713 1712
f 1738 1712 1737
f 1737 1712 1711
f 1737 1711 1736
f 1736 1711 1710
f 1736 1710 1735
f 1735 1710 1709
f 1735 1709 1734
f 1734 1709 1708
f 1734 1708 1733
f 1733 1708 1707
f 1733 1707 1732
f 1732 1707 1706
f 1732 1706 1731
f 1731 1706 1705
f 1731 1705 1730
f 1730 1705 1704
f 1730 1704 1729
f 1729 1704 1703
f 1729 1703 1728
f 1728 1703 1702
f 1728 1702 1727
f 1727 1702 1701
f 1727 1701 1726
f 1726 1701 1700
f 1726 1700 1725
f 1725 1700 1699
f 1725 1699 1724
f 1724 1699 1698
f 1724 1698 1723
f 1723 1698 1697
f 1723 1697 1722
f 1722 1697 1696
f 1722 1696 1721
f 1721 1696 1695
f 1721 1695 1720
f 1720 1695 1694
f 1720 1694 1719
f 1719 1694 1693
f 1719 1693 1718
f 1718 1693 1692
f 1718 1692 1717
f 1717 1692 1691
f 1717 1691 1716
f 1716 1691 1690
f 1716 1690 1715
f 1715 1690 1689
f 1715 1689 1714
f 1714 1689 1688
f 1714 1688 1713
f 1713 1688 1687
f 1713 1687 1712
f 1712 1687 1686
f 1712 1686 1711
f 1711 1686 1685
f 1711 1685 1710
f 1710 1685 1684
f 1710 1684 1709
f 1709 1684 1683
f 1709 1683 1708
f 1708 1683 1682
f 1708 1682 1707
f 1707 1682 1681
f 1707 1681 1706
f 1706 1681 1680
f 1706 1680 1705
f 1705 1680 1679
f 1705 1679 1704
f 1704 1679 1678
f 1704 1678 1703
f 1703 1678 1677
f 1703 1677 1702
f 1702 1677 1676
f 1702 1676 1701
f 1701 1676 1675
f 1701 1675 1700
f 1700 1675 1674
f 1700 1674 1699
f 1699 1674 1673
f 1699 1673 1698
f 1698 1673 1672
f 1698 1672 1697
f 1697 1672 1671
f 1697 1671 1696
f 1696 1671 1670
f 1696 1670 1695
f 1695 1670 1669
f 1695 1669 1694
f 1694 1669 1668
f 1694 1668 1693
f 1693 1668 1667
f 1693 1667 1692
f 1692 1667 1666
f 1692 1666 1691
f 1691 1666 1665
f 1691 1665 1690
f 1690 1665 1664
f 1690 1664 1689
f 1689 1664 1663
f 1689 1663 1688
f 1688 1663 1662
f 1688 1662 1687
f 1687 1662 1661
f 1687 1661 1686
f 1686 1661 1660
f 1686 1660 1685
f 1685 1660 1659
f 1685 1659 1684
f 1684 1659 1658
f 1684 1658 1683
f 1683 1658 1657
f 1683 1657 1682
f 1682 1657 1656
f 1682 1656 1681
f 1681 1656 1655
f 1681 1655 1680
f 1680 1655 1654
f 1680 1654 1679
f 1679 1654 1653
f 1679 1653 1678
f 1678 1653 1652
f 1678 1652 1677
f 1677 1652 1651
f 1677 1651 1676
f 1676 1651 1650
f 1676 1650 1675
f 1675 1650 1649
f 1675 1649 1674
f 1674 1649 1648
f 1674 1648 1673
f 1673 1648 1647
f 1673 1647 1672
f 1672 1647 1646
f 1672 1646 1671
f 1671 1646 1645
f 1671 1645 1670
f 1670 1645 1644
f 1670 1644 1669
f 1669 1644 1643
f 1669 1643 1668
f 1668 1643 1642
f 1668 1642 1667
f 1667 1642 1641
f 1667 1641 1666
f 1666 1641 1640
f 1666 1640 1665
f 1665 1640 1639
f 1665 1639 1664
f 1664 1639 1638
f 1664 1638 1663
f 1663 1638 1637
f 1663 1637 1662
f 1662 1637 1636
f 1662 1636 1661
f 1661 1636 1635
f 1661 1635 1660
f 1660 1635 1634
f 1660 1634 1659
f 1659 1634 1633
f 1659 1633 1658
f 1658 1633 1632
f 1658 1632 1657
f 1657 1632 1631
f 1657 1631 1656
f 1656 1631 1630
f 1656 1630 1655
f 1655 1630 1629
f 1655 1629 1654
f 1654 1629 1628
f 1654 1628 1653
f 1653 1628 1627
f 1653 1627 1652
f 1652 1627 1626
f 1652 1626 1651
f 1651 1626 1625
f 1651 1625 1650
f 1650 1625 1624
f 1650 1624 1649
f 1649 1624 1623
f 1649 1623 1648
f 1648 1623 1622
f 1648 1622 1647
f 1647 1622 1621
f 1647 1621 1646
f 1646 1621 1620
f 1646 1620 1645
f 1645 1620 1619
f 1645 1619 1644
f 1644 1619 1618
f 1644 1618 1643
f 1643 1618 1617
f 1643 1617 1642
f 1642 1617 85
f 1642 85 1641
f 1641 85 1616
f 1641 1616 1640
f 1640 1616 1615
f 1640 1615 1639
f 1639 1615 83
f 1639 83 1638
f 1638 83 1614
f 1638 1614 1637
f 1637 1614 1613
f 1637 1613 1636
f 1636 1613 1612
f 1636 1612 1635
f 1635 1612 1611
f 1635 1611 1634
f 1634 1611 1610
f 1634 1610 1633
f 1633 1610 1609
f 1633 1609 1632
f 1632 1609 1608
f 1632 1608 1631
f 1631 1608 1607
f 1631 1607 1630
f 1630 1607 1606
f 1630 1606 1629
f 1629 1606 1605
f 1629 1605 1628
f 1628 1605 1604
f 1628 1604 1627
f 1627 1604 1603
f 1627 1603 1626
f 1626 1603 1602
f 1626 1602 1625
f 1625 1602 1601
f 1625 1601 1624
f 1624 1601 1600
f 1624 1600 1623
f 1623 1600 1599
f 1623 1599 1622
f 1622 1599 1598
f 1622 1598 1621
f 1621 1598 1597
f 1621 1597 1620
f 1620 1597 1596
f 1620 1596 1619
f 1619 1596 1595
f 1619 1595 1618
f 1618 1595 1594
f 1618 1594 87
f 87 1594 1593
f 87 1593 86
f 86 1593 1592
f 86 1592 85
f 85 1592 1591
f 85 1591 1616
f 1616 1591 1590
f 1616 1590 84
f 84 1590 1589
f 84 1589 83
f 83 1589 1588
f 83 1588 1614
f 1614 1588 1587
f 1614 1587 1613
f 1613 1587 1586
f 1613 1586 1612
f 1612 1586 1585
f 1612 1585 1611
f 1611 1585 1584
f 1611 1584 1610
f 1610 1584 1583
f 1610 1583 1609
f 1609 1583 1582
f 1609 1582 1608
f 1608 1582 1581
f 1608 1581 1607
f 1607 1581 1580
f 1607 1580 1606
f 1606 1580 1579
f 1606 1579 1605
f 1605 1579 1578
f 1605 1578 1604
f 1604 1578 1577
f 1604 1577 1603
f 1603 1577 1576
f 1603 1576 1602
f 1602 1576 1575
f 1602 1575 1601
f 1601 1575 1574
f 1601 1574 1600
f 1600 1574 1573
f 1600 1573 1599
f 1599 1573 1572
f 1599 1572 1598
f 1598 1572 1571
f 1598 1571 1597
f 1597 1571 1570
f 1597 1570 1596
f 1596 1570 1569
f 1596 1569 1595
f 1595 1569 1568
f 1595 1568 1594
f 1594 1568 1567
f 1594 1567 1593
f 1593 1567 1566
f 1593 1566 1592
f 1592 1566 1565
f 1592 1565 1591
f 1591 1565 1564
f 1591 1564 1590
f 1590 1564 1563
f 1590 1563 1589
f 1589 1563 1562
f 1589 1562 1588
f 1588 1562 1561
f 1588 1561 1587
f 1587 1561 1560
f 1587 1560 1586
f 1586 1560 1559
f 1586 1559 1585
f 1585 1559 1558
f 1585 1558 1584
f 1584 1558 1557
f 1584 1557 1583
f 1583 1557 1556
f 1583 1556 1582
f 1582 1556 1555
f 1582 1555 1581
f 1581 1555 1554
f 1581 1554 1580
f 1580 1554 1553
f 1580 1553 1579
f 1579 1553 1552
f 1579 1552 1578
f 1578 1552 1551
f 1578 1551 1577
f 1577 1551 1550
f 1577 1550 1576
f 1576 1550 1549
f 1576 1549 1575
f 1575 1549 1548
f 1575 1548 1574
f 1574 1548 1547
f 1574 1547 1573
f 1573 1547 1546
f 1573 1546 1572
f 1572 1546 1545
f 1572 1545 1571
f 1571 1545 1544
f 1571 1544 1570
f 1570 1544 1543
f 1570 1543 1569
f 1569 1543 1542
f 1569 1542 1568
f 1568 1542 1541
f 1568 1541 1567
f 1567 1541 1540
f 1567 1540 1566
f 1566 1540 1539
f 1566 1539 1565
f 1565 1539 1538
f 1565 1538 1564
f 1564 1538 1537
f 1564 1537 1563
f 1563 1537 1536
f 1563 1536 1562
f 1562 1536 1535
f 1562 1535 1561
f 1561 1535 1534
f 1561 1534 1560
f 1560 1534 1533
f 1560 1533 1559
f 1559 1533 1532
f 1559 1532 1558
f 1558 1532 1531
f 1558 1531 1557
f 1557 1531 1530
f 1557 1530 1556
f 1556 1530 1529
f 1556 1529 1555
f 1555 1529 1528
f 1555 1528 1554
f 1554 1528 1527
f 1554 1527 1553
f 1553 1527 1526
f 1553 1526 1552
f 1552 1526 1525
f 1552 1525 1551
f 1551 1525 1524
f 1551 1524 1550
f 1550 1524 1523
f 1550 1523 1549
f 1549 1523 1522
f 1549 1522 1548
f 1548 1522 1521
f 1548 1521 1547
f 1547 1521 1520
f 1547 1520 1546
f 1546 1520 1519
f 1546 1519 1545
f 1545 1519 1518
f 1545 1518 1544
f 1544 1518 1517
f 1544 1517 1543
f 1543 1517 1516
f 1543 1516 1542
f 1542 1516 1515
f 1542 1515 1541
f 1541 1515 1514
f 1541 1514 1540
f 1540 1514 1513
f 1540 1513 1539
f 1539 1513 1512
f 1539 1512 1538
f 1538 1512 1511
f 1538 1511 1537
f 1537 1511 1510
f 1537 1510 1536
f 1536 1510 1509
f 1536 1509 1535
f 1535 1509 1508
f 1535 1508 1534
f 1534 1508 1507
f 1534 1507 1533
f 1533 1507 1506
f 1533 1506 1532
f 1532 1506 1505
f 1532 1505 1531
f 1531 1505 1504
f 1531 1504 1530
f 1530 1504 1503
f 1530 1503 1529
f 1529 1503 1502
f 1529 1502 1528
f 1528 1502 1501
f 1528 1501 1527
f 1527 1501 1500
f 1527 1500 1526
f 1526 1500 1499
f 1526 1499 1525
f 1525 1499 1498
f 1525 1498 1524
f 1524 1498 1497
f 1524 1497 1523
f 1523 1497 1496
f 1523 1496 1522
f 1522 1496 1495
f 1522 1495 1521
f 1521 1495 1494
f 1521 1494 1520
f 1520 1494 1493
f 1520 1493 1519
f 1519 1493 1492
f 1519 1492 1518
f 1518 1492 1491
f 1518 1491 1517
f 1517 1491 1490
f 1517 1490 1516
f 1516 1490 1489
f 1516 1489 1515
f 1515 1489 1488
f 1515 1488 1514
f 1514 1488 1487
f 1514 1487 1513
f 1513 1487 1486
f 1513 1486 1512
f 1512 1486 1485
f 1512 1485 1511
f 1511 1485 1484
f 1511 1484 1510
f 1510 1484 1483
f 1510 1483 1509
f 1509 1483 1482
f 1509 1482 1508
f 1508 1482 1481
f 1508 1481 1507
f 1507 1481 1480
f 1507 1480 1506
f 1506 1480 1479
f 1506 1479 1505
f 1505 1479 1478
f 1505 1478 1504
f 1504 1478 1477
f 1504 1477 1503
f 1503 1477 1502
f 1502 1477 1476
f 1502 1476 1501
f 1501 1476 1475
f 1501 1475 1500
f 1500 1475 1499
f 1499 1475 1474
f 1499 1474 1498
f 1498 1474 1473
f 1498 1473 1497
f 1497 1473 1496
f 1496 1473 1472
f 1496 1472 1495
f 1495 1472 1471
f 1495 1471 1494
f 1494 1471 1493
f 1493 1471 1470
f 1493 1470 1492
f 1492 1470 1469
f 1492 1469 1491
f 1491 1469 1490
f 1490 1469 1468
f 1490 1468 1489
f 1489 1468 1467
f 1489 1467 1488
f 1488 1467 1487
f 1487 1467 1466
f 1487 1466 1486
f 1486 1466 1465
f 1486 1465 1485
f 1485 1465 1484
f 1484 1465 1464
f 1484 1464 1483
f 1483 1464 1463
f 1483 1463 1482
f 1482 1463 1481
f 1481 1463 1462
f 1481 1462 1480
f 1480 1462 1461
f 1480 1461 1479
f 1479 1461 46
f 46 1461 1460
f 46 1460 1459
f 46 1459 45
f 45 1459 1458
f 45 1458 44
f 44 1458 1457
f 44 1457 1456
f 44 1456 43
f 43 1456 1455
f 43 1455 42
f 42 1455 1454
f 42 1454 1453
f 42 1453 41
f 41 1453 1452
f 41 1452 40
f 40 1452 1451
f 40 1451 1450
f 40 1450 39
f 39 1450 1449
f 39 1449 38
f 38 1449 1448
f 38 1448 1447
f 38 1447 37
f 37 1447 1446
f 37 1446 36
f 36 1446 1445
f 36 1445 1444
f 36 1444 35
f 35 1444 1443
f 35 1443 34
f 34 1443 1442
f 34 1442 1441
f 34 1441 33
f 33 1441 1440
f 33 1440 32
f 32 1440 1439
f 32 1439 1438
f 32 1438 31
f 31 1438 1437
f 31 1437 30
f 30 1437 1436
f 30 1436 1435
f 30 1435 29
f 29 1435 1434
f 29 1434 28
f 28 1434 1433
f 28 1433 81
f 81 1433 1432
f 81 1432 1459
f 1459 1432 1431
f 1459 1431 1458
f 1458 1431 1430
f 1458 1430 1457
f 1457 1430 1429
f 1457 1429 1456
f 1456 1429 1428
f 1456 1428 1455
f 1455 1428 1427
f 1455 1427 1454
f 1454 1427 1426
f 1454 1426 9
f 9 1426 1425
f 9 1425 1424
f 9 1424 1451
f 1451 1424 1423
f 1451 1423 1450
f 1450 1423 1422
f 1450 1422 1449
f 1449 1422 1421
f 1449 1421 1448
f 1448 1421 1420
f 1448 1420 1447
f 1447 1420 1419
f 1447 1419 1446
f 1446 1419 1418
f 1446 1418 1445
f 1445 1418 1417
f 1445 1417 1444
f 1444 1417 1416
f 1444 1416 1443
f 1443 1416 1415
f 1443 1415 1442
f 1442 1415 1414
f 1442 1414 1441
f 1441 1414 1413
f 1441 1413 1440
f 1440 1413 1412
f 1440 1412 1439
f 1439 1412 1411
f 1439 1411 1438
f 1438 1411 1410
f 1438 1410 1437
f 1437 1410 1409
f 1437 1409 1436
f 1436 1409 1408
f 1436 1408 1435
f 1435 1408 1407
f 1435 1407 1434
f 1434 1407 1406
f 1434 1406 1433
f 1433 1406 1405
f 1433 1405 1432
f 1432 1405 1404
f 1432 1404 1431
f 1431 1404 1403
f 1431 1403 1430
f 1430 1403 1402
f 1430 1402 1429
f 1429 1402 1401
f 1429 1401 1428
f 1428 1401 1400
f 1428 1400 1427
f 1427 1400 1399
f 1427 1399 1426
f 1426 1399 1398
f 1426 1398 1425
f 1425 1398 1397
f 1425 1397 1424
f 1424 1397 1396
f 1424 1396 1423
f 1423 1396 1395
f 1423 1395 1422
f 1422 1395 79
f 1422 79 1421
f 1421 79 1394
f 1421 1394 1420
f 1420 1394 1393
f 1420 1393 1419
f 1419 1393 1392
f 1419 1392 1418
f 1418 1392 1391
f 1418 1391 1417
f 1417 1391 1390
f 1417 1390 1416
f 1416 1390 1389
f 1416 1389 1415
f 1415 1389 1388
f 1415 1388 1414
f 1414 1388 1387
f 1414 1387 1413
f 1413 1387 1386
f 1413 1386 1412
f 1412 1386 1385
f 1412 1385 1411
f 1411 1385 1384
f 1411 1384 1410
f 1410 1384 1383
f 1410 1383 1409
f 1409 1383 1382
f 1409 1382 1408
f 1408 1382 1381
f 1408 1381 1407
f 1407 1381 1380
f 1407 1380 1406
f 1406 1380 1379
f 1406 1379 1405
f 1405 1379 1378
f 1405 1378 1404
f 1404 1378 1377
f 1404 1377 1403
f 1403 1377 1376
f 1403 1376 1402
f 1402 1376 1375
f 1402 1375 1401
f 1401 1375 1374
f 1401 1374 1400
f 1400 1374 1373
f 1400 1373 1399
f 1399 1373 1372
f 1399 1372 1398
f 1398 1372 1371
f 1398 1371 1397
f 1397 1371 1370
f 1397 1370 1396
f 1396 1370 1369
f 1396 1369 80
f 80 1369 1368
f 80 1368 79
f 79 1368 1367
f 79 1367 1394
f 1394 1367 1366
f 1394 1366 1393
f 1393 1366 1365
f 1393 1365 1392
f 1392 1365 1364
f 1392 1364 1391
f 1391 1364 1363
f 1391 1363 1390
f 1390 1363 1362
f 1390 1362 1389
f 1389 1362 1361
f 1389 1361 1388
f 1388 1361 1360
f 1388 1360 1387
f 1387 1360 1359
f 1387 1359 1386
f 1386 1359 1358
f 1386 1358 1385
f 1385 1358 1357
f 1385 1357 1384
f 1384 1357 1356
f 1384 1356 1383
f 1383 1356 1355
f 1383 1355 1382
f 1382 1355 1354
f 1382 1354 1381
f 1381 1354 1353
f 1381 1353 1380
f 1380 1353 1352
f 1380 1352 1379
f 1379 1352 1351
f 1379 1351 1378
f 1378 1351 1350
f 1378 1350 1377
f 1377 1350 1349
f 1377 1349 1376
f 1376 1349 1348
f 1376 1348 1375
f 1375 1348 1347
f 1375 1347 1374
f 1374 1347 1346
f 1374 1346 1373
f 1373 1346 1345
f 1373 1345 1372
f 1372 1345 1344
f 1372 1344 1371
f 1371 1344 1343
f 1371 1343 1370
f 1370 1343 1342
f 1370 1342 1369
f 1369 1342 1341
f 1369 1341 1368
f 1368 1341 1340
f 1368 1340 1367
f 1367 1340 1339
f 1367 1339 1366
f 1366 1339 1338
f 1366 1338 1365
f 1365 1338 1337
f 1365 1337 1364
f 1364 1337 1336
f 1364 1336 1363
f 1363 1336 1335
f 1363 1335 1362
f 1362 1335 1334
f 1362 1334 1361
f 1361 1334 1333
f 1361 1333 1360
f 1360 1333 1332
f 1360 1332 1359
f 1359 1332 1331
f 1359 1331 1358
f 1358 1331 1330
f 1358 1330 1357
f 1357 1330 1329
f 1357 1329 1356
f 1356 1329 1328
f 1356 1328 1355
f 1355 1328 1327
f 1355 1327 1354
f 1354 1327 1353
f 1353 1327 1326
f 1353 1326 1352
f 1352 1326 1325
f 1352 1325 1351
f 1351 1325 1324
f 1351 1324 1350
f 1350 1324 1323
f 1350 1323 1349
f 1349 1323 1322
f 1349 1322 1348
f 1348 1322 1321
f 1348 1321 1347
f 1347 1321 1320
f 1347 1320 1346
f 1346 1320 1319
f 1346 1319 1345
f 1345 1319 1318
f 1345 1318 1344
f 1344 1318 1317
f 1344 1317 1343
f 1343 1317 1316
f 1343 1316 1342
f 1342 1316 1315
f 1342 1315 1341
f 1341 1315 1314
f 1341 1314 1340
f 1340 1314 1313
f 1340 1313 1339
f 1339 1313 1312
f 1339 1312 1338
f 1338 1312 1311
f 1338 1311 1337
f 1337 1311 1310
f 1337 1310 1336
f 1336 1310 1309
f 1336 1309 1335
f 1335 1309 1308
f 1335 1308 1334
f 1334 1308 1307
f 1334 1307 1333
f 1333 1307 1306
f 1333 1306 1332
f 1332 1306 1305
f 1332 1305 1331
f 1331 1305 1304
f 1331 1304 1330
f 1330 1304 1303
f 1330 1303 1329
f 1329 1303 1302
f 1329 1302 1328
f 1328 1302 1301
f 1328 1301 1327
f 1327 1301 1300
f 1327 1300 1326
f 1326 1300 1299
f 1326 1299 1325
f 1325 1299 1298
f 1325 1298 1324
f 1324 1298 1297
f 1324 1297 1323
f 1323 1297 1296
f 1323 1296 1322
f 1322 1296 1295
f 1322 1295 1321
f 1321 1295 1294
f 1321 1294 1320
f 1320 1294 1293
f 1320 1293 1319
f 1319 1293 1292
f 1319 1292 1318
f 1318 1292 1291
f 1318 1291 1317
f 1317 1291 1290
f 1317 1290 1316
f 1316 1290 1289
f 1316 1289 1315
f 1315 1289 1288
f 1315 1288 1314
f 1314 1288 1287
f 1314 1287 1313
f 1313 1287 1286
f 1313 1286 1312
f 1312 1286 1285
f 1312 1285 1311
f 1311 1285 1284
f 1311 1284 1310
f 1310 1284 1283
f 1310 1283 1309
f 1309 1283 1282
f 1309 1282 1308
f 1308 1282 1281
f 1308 1281 1307
f 1307 1281 1280
f 1307 1280 1306
f 1306 1280 1279
f 1306 1279 1305
f 1305 1279 1278
f 1305 1278 1304
f 1304 1278 1277
f 1304 1277 1303
f 1303 1277 1276
f 1303 1276 1302
f 1302 1276 1275
f 1302 1275 1301
f 1301 1275 1274
f 1301 1274 1300
f 1300 1274 1273
f 1300 1273 1299
f 1299 1273 1272
f 1299 1272 1298
f 1298 1272 1271
f 1298 1271 1297
f 1297 1271 1270
f 1297 1270 1296
f 1296 1270 1269
f 1296 1269 1295
f 1295 1269 1268
f 1295 1268 1294
f 1294 1268 1267
f 1294 1267 1293
f 1293 1267 1266
f 1293 1266 1292
f 1292 1266 1265
f 1292 1265 1291
f 1291 1265 1264
f 1291 1264 1290
f 1290 1264 1263
f 1290 1263 1289
f 1289 1263 1262
f 1289 1262 1288
f 1288 1262 1261
f 1288 1261 1287
f 1287 1261 1260
f 1287 1260 1286
f 1286 1260 1259
f 1286 1259 1285
f 1285 1259 1258
f 1285 1258 1284
f 1284 1258 1257
f 1284 1257 1283
f 1283 1257 1256
f 1283 1256 1282
f 1282 1256 1255
f 1282 1255 1281
f 1281 1255 1254
f 1281 1254 1280
f 1280 1254 1253
f 1280 1253 1279
f 1279 1253 1252
f 1279 1252 1278
f 1278 1252 1251
f 1278 1251 1277
f 1277 1251 1250
f 1277 1250 1276
f 1276 1250 1249
f 1276 1249 1275
f 1275 1249 1248
f 1275 1248 1274
f 1274 1248 1247
f 1274 1247 1273
f 1273 1247 1246
f 1273 1246 1272
f 1272 1246 1245
f 1272 1245 1271
f 1271 1245 1244
f 1271 1244 1270
f 1270 1244 1243
f 1270 1243 1269
f 1269 1243 1242
f 1269 1242 1268
f 1268 1242 1241
f 1268 1241 1267
f 1267 1241 1240
f 1267 1240 1266
f 1266 1240 1239
f 1266 1239 1265
f 1265 1239 1238
f 1265 1238 1264
f 1264 1238 1237
f 1264 1237 1263
f 1263 1237 1236
f 1263 1236 1262
f 1262 1236 1235
f 1262 1235 1261
f 1261 1235 1234
f 1261 1234 1260
f 1260 1234 1233
f 1260 1233 1259
f 1259 1233 1232
f 1259 1232 1258
f 1258 1232 1231
f 1258 1231 1257
f 1257 1231 1230
f 1257 1230 1256
f 1256 1230 1229
f 1256 1229 1255
f 1255 1229 1228
f 1255 1228 1254
f 1254 1228 1227
f 1254 1227 1253
f 1253 1227 1226
f 1253 1226 1252
f 1252 1226 1225
f 1252 1225 1251
f 1251 1225 1224
f 1251 1224 1250
f 1250 1224 1223
f 1250 1223 1249
f 1249 1223 1222
f 1249 1222 1248
f 1248 1222 1221
f 1248 1221 1247
f 1247 1221 1220
f 1247 1220 1246
f 1246 1220 1219
f 1246 1219 1245
f 1245 1219 1218
f 1245 1218 1244
f 1244 1218 1217
f 1244 1217 1243
f 1243 1217 1216
f 1243 1216 1242
f 1242 1216 1215
f 1242 1215 1241
f 1241 1215 1214
f 1241 1214 1240
f 1240 1214 1213
f 1240 1213 1239
f 1239 1213 1212
f 1239 1212 1238
f 1238 1212 1211
f 1238 1211 1237
f 1237 1211 1210
f 1237 1210 1236
f 1236 1210 1209
f 1236 1209 1235
f 1235 1209 1208
f 1235 1208 1234
f 1234 1208 1207
f 1234 1207 1233
f 1233 1207 1206
f 1233 1206 1232
f 1232 1206 1205
f 1232 1205 1231
f 1231 1205 1204
f 1231 1204 1230
f 1230 1204 1203
f 1230 1203 1229
f 1229 1203 1202
f 1229 1202 1228
f 1228 1202 1201
f 1228 1201 1227
f 1227 1201 1200
f 1227 1200 1226
f 1226 1200 1199
f 1226 1199 1225
f 1225 1199 1198
f 1225 1198 1224
f 1224 1198 1197
f 1224 1197 1223
f 1223 1197 1196
f 1223 1196 1222
f 1222 1196 1195
f 1222 1195 1221
f 1221 1195 1194
f 1221 1194 1220
f 1220 1194 1193
f 1220 1193 1219
f 1219 1193 1192
f 1219 1192 1218
f 1218 1192 1191
f 1218 1191 1217
f 1217 1191 1190
f 1217 1190 1216
f 1216 1190 1189
f 1216 1189 1215
f 1215 1189 1188
f 1215 1188 1214
f 1214 1188 1187
f 1214 1187 1213
f 1213 1187 1186
f 1213 1186 1212
f 1212 1186 1185
f 1212 1185 1211
f 1211 1185 1184
f 1211 1184 1210
f 1210 1184 1183
f 1210 1183 1209
f 1209 1183 1182
f 1209 1182 1208
f 1208 1182 1181
f 1208 1181 1207
f 1207 1181 1180
f 1207 1180 1206
f 1206 1180 1179
f 1206 1179 1205
f 1205 1179 1178
f 1205 1178 1204
f 1204 1178 1177
f 1204 1177 1203
f 1203 1177 1176
f 1203 1176 1202
f 1202 1176 1175
f 1202 1175 1201
f 1201 1175 1174
f 1201 1174 1200
f 1200 1174 1173
f 1200 1173 1199
f 1199 1173 1172
f 1199 1172 1198
f 1198 1172 1171
f 1198 1171 1197
f 1197 1171 1170
f 1197 1170 1196
f 1196 1170 1169
f 1196 1169 1195
f 1195 1169 1168
f 1195 1168 1194
f 1194 1168 1167
f 1194 1167 1193
f 1193 1167 1166
f 1193 1166 1192
f 1192 1166 1165
f 1192 1165 1191
f 1191 1165 1164
f 1191 1164 1190
f 1190 1164 1163
f 1190 1163 1189
f 1189 1163 1162
f 1189 1162 1188
f 1188 1162 1161
f 1188 1161 1187
f 1187 1161 1160
f 1187 1160 1186
f 1186 1160 1159
f 1186 1159 1185
f 1185 1159 1158
f 1185 1158 1184
f 1184 1158 1157
f 1184 1157 1183
f 1183 1157 1156
f 1183 1156 1182
f 1182 1156 1155
f 1182 1155 1181
f 1181 1155 1154
f 1181 1154 1180
f 1180 1154 1153
f 1180 1153 1179
f 1179 1153 1152
f 1179 1152 1178
f 1178 1152 1151
f 1178 1151 1177
f 1177 1151 1150
f 1177 1150 1176
f 1176 1150 1149
f 1176 1149 1175
f 1175 1149 1148
f 1175 1148 1174
f 1174 1148 1147
f 1174 1147 1173
f 1173 1147 1146
f 1173 1146 1172
f 1172 1146 1145
f 1172 1145 1171
f 1171 1145 1144
f 1171 1144 1170
f 1170 1144 1143
f 1170 1143 1169
f 1169 1143 1142
f 1169 1142 1168
f 1168 1142 1141
f 1168 1141 1167
f 1167 1141 1140
f 1167 1140 1166
f 1166 1140 1139
f 1166 1139 1165
f 1165 1139 1138
f 1165 1138 1164
f 1164 1138 1137
f 1164 1137 78
f 78 1137 1136
f 78 1136 1163
f 1163 1136 1135
f 1163 1135 1162
f 1162 1135 1134
f 1162 1134 1161
f 1161 1134 1133
f 1161 1133 1160
f 1160 1133 1132
f 1160 1132 1159
f 1159 1132 1131
f 1159 1131 1158
f 1158 1131 1130
f 1158 1130 1157
f 1157 1130 1129
f 1157 1129 1156
f 1156 1129 1128
f 1156 1128 1155
f 1155 1128 1127
f 1155 1127 1154
f 1154 1127 1126
f 1154 1126 1153
f 1153 1126 1125
f 1153 1125 1152
f 1152 1125 1124
f 1152 1124 1151
f 1151 1124 1123
f 1151 1123 1150
f 1150 1123 1122
f 1150 1122 1149
f 1149 1122 1121
f 1149 1121 1148
f 1148 1121 1120
f 1148 1120 1147
f 1147 1120 1119
f 1147 1119 1146
f 1146 1119 1118
f 1146 1118 1145
f 1145 1118 1117
f 1145 1117 1144
f 1144 1117 1116
f 1144 1116 1143
f 1143 1116 1115
f 1143 1115 1142
f 1142 1115 1114
f 1142 1114 1141
f 1141 1114 1113
f 1141 1113 1140
f 1140 1113 1112
f 1140 1112 1139
f 1139 1112 1111
f 1139 1111 1138
f 1138 1111 1110
f 1138 1110 1137
f 1137 1110 1109
f 1137 1109 1136
f 1136 1109 1108
f 1136 1108 1135
f 1135 1108 1107
f 1135 1107 1134
f 1134 1107 1106
f 1134 1106 1133
f 1133 1106 1105
f 1133 1105 1132
f 1132 1105 1104
f 1132 1104 1131
f 1131 1104 1103
f 1131 1103 1130
f 1130 1103 1102
f 1130 1102 1129
f 1129 1102 1101
f 1129 1101 1128
f 1128 1101 1100
f 1128 1100 1127
f 1127 1100 1099
f 1127 1099 1126
f 1126 1099 1098
f 1126 1098 1125
f 1125 1098 1097
f 1125 1097 1124
f 1124 1097 1096
f 1124 1096 1123
f 1123 1096 1095
f 1123 1095 1122
f 1122 1095 1094
f 1122 1094 1121
f 1121 1094 1093
f 1121 1093 1120
f 1120 1093 1092
f 1120 1092 1119
f 1119 1092 1091
f 1119 1091 1118
f 1118 1091 1090
f 1118 1090 1117
f 1117 1090 1089
f 1117 1089 1116
f 1116 1089 1088
f 1116 1088 1115
f 1115 1088 1087
f 1115 1087 1114
f 1114 1087 1086
f 1114 1086 1113
f 1113 1086 1085
f 1113 1085 1112
f 1112 1085 1084
f 1112 1084 1111
f 1111 1084 1083
f 1111 1083 1110
f 1110 1083 1082
f 1110 1082 1109
f 1109 1082 1081
f 1109 1081 1108
f 1108 1081 1080
f 1108 1080 1107
f 1107 1080 1079
f 1107 1079 1106
f 1106 1079 1078
f 1106 1078 1105
f 1105 1078 1077
f 1105 1077 1104
f 1104 1077 1076
f 1104 1076 1103
f 1103 1076 1075
f 1103 1075 1102
f 1102 1075 1074
f 1102 1074 1101
f 1101 1074 1073
f 1101 1073 1100
f 1100 1073 1072
f 1100 1072 1099
f 1099 1072 1071
f 1099 1071 1098
f 1098 1071 1070
f 1098 1070 1097
f 1097 1070 1069
f 1097 1069 1096
f 1096 1069 1068
f 1096 1068 1095
f 1095 1068 1067
f 1095 1067 1094
f 1094 1067 1066
f 1094 1066 1093
f 1093 1066 1065
f 1093 1065 1092
f 1092 1065 1064
f 1092 1064 1091
f 1091 1064 1063
f 1091 1063 1090
f 1090 1063 1062
f 1090 1062 1089
f 1089 1062 1061
f 1089 1061 1088
f 1088 1061 1060
f 1088 1060 1087
f 1087 1060 1059
f 1087 1059 1086
f 1086 1059 1058
f 1086 1058 1085
f 1085 1058 1057
f 1085 1057 1084
f 1084 1057 1056
f 1084 1056 1083
f 1083 1056 1055
f 1083 1055 1082
f 1082 1055 1054
f 1082 1054 1081
f 1081 1054 1053
f 1081 1053 1080
f 1080 1053 1052
f 1080 1052 1079
f 1079 1052 1051
f 1079 1051 1078
f 1078 1051 1050
f 1078 1050 1077
f 1077 1050 1049
f 1077 1049 1076
f 1076 1049 1048
f 1076 1048 1075
f 1075 1048 1047
f 1075 1047 1074
f 1074 1047 1046
f 1074 1046 1073
f 1073 1046 1045
f 1073 1045 1072
f 1072 1045 1044
f 1072 1044 1071
f 1071 1044 1043
f 1071 1043 1070
f 1070 1043 1042
f 1070 1042 1069
f 1069 1042 1041
f 1069 1041 1068
f 1068 1041 1040
f 1068 1040 1067
f 1067 1040 1039
f 1067 1039 1066
f 1066 1039 1038
f 1066 1038 1065
f 1065 1038 1037
f 1065 1037 1064
f 1064 1037 1036
f 1064 1036 1063
f 1063 1036 1035
f 1063 1035 1062
f 1062 1035 1034
f 1062 1034 1061
f 1061 1034 1033
f 1061 1033 1060
f 1060 1033 1032
f 1060 1032 1059
f 1059 1032 1031
f 1059 1031 1058
f 1058 1031 1030
f 1058 1030 1057
f 1057 1030 1029
f 1057 1029 1056
f 1056 1029 1028
f 1056 1028 1055
f 1055 1028 1027
f 1055 1027 1054
f 1054 1027 1026
f 1054 1026 1053
f 1053 1026 1025
f 1053 1025 1052
f 1052 1025 1024
f 1052 1024 1051
f 1051 1024 1023
f 1051 1023 1050
f 1050 1023 1022
f 1050 1022 1049
f 1049 1022 1021
f 1049 1021 1048
f 1048 1021 1020
f 1048 1020 1047
f 1047 1020 1019
f 1047 1019 1046
f 1046 1019 1018
f 1046 1018 1045
f 1045 1018 1017
f 1045 1017 1044
f 1044 1017 1016
f 1044 1016 1043
f 1043 1016 1015
f 1043 1015 1042
f 1042 1015 1014
f 1042 1014 1041
f 1041 1014 1013
f 1041 1013 1040
f 1040 1013 1012
f 1040 1012 1039
f 1039 1012 1011
f 1039 1011 1038
f 1038 1011 1010
f 1038 1010 1037
f 1037 1010 1009
f 1037 1009 1036
f 1036 1009 1008
f 1036 1008 1035
f 1035 1008 1007
f 1035 1007 1034
f 1034 1007 1006
f 1034 1006 1033
f 1033 1006 1005
f 1033 1005 1032
f 1032 1005 1004
f 1032 1004 1031
f 1031 1004 1003
f 1031 1003 1030
f 1030 1003 1002
f 1030 1002 1029
f 1029 1002 1001
f 1029 1001 1028
f 1028 1001 1000
f 1028 1000 1027
f 1027 1000 999
f 1027 999 1026
f 1026 999 998
f 1026 998 1025
f 1025 998 997
f 1025 997 1024
f 1024 997 996
f 1024 996 1023
f 1023 996 995
f 1023 995 1022
f 1022 995 994
f 1022 994 1021
f 1021 994 993
f 1021 993 1020
f 1020 993 992
f 1020 992 1019
f 1019 992 991
f 1019 991 1018
f 1018 991 990
f 1018 990 1017
f 1017 990 989
f 1017 989 1016
f 1016 989 988
f 1016 988 1015
f 1015 988 987
f 1015 987 1014
f 1014 987 986
f 1014 986 1013
f 1013 986 985
f 1013 985 1012
f 1012 985 984
f 1012 984 1011
f 1011 984 983
f 1011 983 1010
f 1010 983 982
f 1010 982 1009
f 1009 982 981
f 1009 981 1008
f 1008 981 980
f 1008 980 1007
f 1007 980 979
f 1007 979 1006
f 1006 979 978
f 1006 978 1005
f 1005 978 977
f 1005 977 1004
f 1004 977 976
f 1004 976 1003
f 1003 976 975
f 1003 975 1002
f 1002 975 974
f 1002 974 1001
f 1001 974 973
f 1001 973 1000
f 1000 973 972
f 1000 972 999
f 999 972 971
f 999 971 998
f 998 971 970
f 998 970 997
f 997 970 969
f 997 969 996
f 996 969 968
f 996 968 995
f 995 968 967
f 995 967 994
f 994 967 966
f 994 966 993
f 993 966 965
f 993 965 992
f 992 965 964
f 992 964 991
f 991 964 963
f 991 963 990
f 990 963 962
f 990 962 989
f 989 962 961
f 989 961 988
f 988 961 960
f 988 960 987
f 987 960 959
f 987 959 986
f 986 959 958
f 986 958 985
f 985 958 957
f 985 957 984
f 984 957 956
f 984 956 983
f 983 956 955
f 983 955 982
f 982 955 954
f 982 954 981
f 981 954 953
f 981 953 980
f 980 953 952
f 980 952 979
f 979 952 951
f 979 951 978
f 978 951 950
f 978 950 977
f 977 950 949
f 977 949 976
f 976 949 948
f 976 948 975
f 975 948 947
f 975 947 974
f 974 947 946
f 974 946 973
f 973 946 945
f 973 945 972
f 972 945 944
f 972 944 971
f 971 944 943
f 971 943 970
f 970 943 942
f 970 942 969
f 969 942 941
f 969 941 968
f 968 941 940
f 968 940 967
f 967 940 939
f 967 939 966
f 966 939 938
f 966 938 965
f 965 938 937
f 965 937 964
f 964 937 936
f 964 936 963
f 963 936 935
f 963 935 962
f 962 935 934
f 962 934 961
f 961 934 933
f 961 933 960
f 960 933 959
f 959 933 932
f 959 932 958
f 958 932 931
f 958 931 957
f 957 931 930
f 957 930 956
f 956 930 929
f 956 929 955
f 955 929 928
f 955 928 954
f 954 928 927
f 954 927 953
f 953 927 926
f 953 926 952
f 952 926 925
f 952 925 951
f 951 925 924
f 951 924 950
f 950 924 923
f 950 923 949
f 949 923 922
f 949 922 948
f 948 922 921
f 948 921 947
f 947 921 920
f 947 920 946
f 946 920 919
f 946 919 945
f 945 919 918
f 945 918 944
f 944 918 917
f 944 917 943
f 943 917 916
f 943 916 76
f 76 916 915
f 76 915 941
f 941 915 914
f 941 914 940
f 940 914 913
f 940 913 939
f 939 913 912
f 939 912 938
f 938 912 911
f 938 911 937
f 937 911 936
f 936 911 910
f 936 910 935
f 935 910 909
f 935 909 75
f 75 909 908
f 75 908 10
f 10 908 907
f 10 907 906
f 10 906 932
f 932 906 905
f 932 905 931
f 931 905 904
f 931 904 930
f 930 904 903
f 930 903 929
f 929 903 902
f 929 902 928
f 928 902 901
f 928 901 927
f 927 901 900
f 927 900 926
f 926 900 899
f 926 899 925
f 925 899 898
f 925 898 924
f 924 898 897
f 924 897 923
f 923 897 896
f 923 896 922
f 922 896 895
f 922 895 921
f 921 895 894
f 921 894 920
f 920 894 893
f 920 893 919
f 919 893 892
f 919 892 918
f 918 892 891
f 918 891 917
f 917 891 890
f 917 890 916
f 916 890 889
f 916 889 915
f 915 889 888
f 915 888 914
f 914 888 887
f 914 887 913
f 913 887 886
f 913 886 912
f 912 886 885
f 912 885 911
f 911 885 884
f 911 884 910
f 910 884 883
f 910 883 909
f 909 883 882
f 909 882 908
f 908 882 881
f 908 881 907
f 907 881 880
f 907 880 906
f 906 880 879
f 906 879 905
f 905 879 878
f 905 878 904
f 904 878 877
f 904 877 903
f 903 877 876
f 903 876 902
f 902 876 875
f 902 875 901
f 901 875 874
f 901 874 900
f 900 874 873
f 900 873 899
f 899 873 872
f 899 872 898
f 898 872 871
f 898 871 897
f 897 871 870
f 897 870 896
f 896 870 869
f 896 869 895
f 895 869 868
f 895 868 894
f 894 868 867
f 894 867 893
f 893 867 866
f 893 866 892
f 892 866 865
f 892 865 891
f 891 865 864
f 891 864 890
f 890 864 863
f 890 863 889
f 889 863 862
f 889 862 888
f 888 862 861
f 888 861 887
f 887 861 860
f 887 860 886
f 886 860 859
f 886 859 885
f 885 859 858
f 885 858 884
f 884 858 857
f 884 857 883
f 883 857 856
f 883 856 882
f 882 856 855
f 882 855 881
f 881 855 854
f 881 854 880
f 880 854 853
f 880 853 879
f 879 853 852
f 879 852 878
f 878 852 851
f 878 851 877
f 877 851 850
f 877 850 876
f 876 850 849
f 876 849 875
f 875 849 848
f 875 848 874
f 874 848 847
f 874 847 873
f 873 847 846
f 873 846 872
f 872 846 845
f 872 845 871
f 871 845 844
f 871 844 870
f 870 844 843
f 870 843 869
f 869 843 842
f 869 842 868
f 868 842 841
f 868 841 867
f 867 841 840
f 867 840 866
f 866 840 839
f 866 839 865
f 865 839 838
f 865 838 864
f 864 838 837
f 864 837 863
f 863 837 836
f 863 836 862
f 862 836 835
f 862 835 861
f 861 835 834
f 861 834 860
f 860 834 833
f 860 833 859
f 859 833 832
f 859 832 858
f 858 832 831
f 858 831 857
f 857 831 830
f 857 830 856
f 856 830 829
f 856 829 855
f 855 829 828
f 855 828 854
f 854 828 827
f 854 827 853
f 853 827 826
f 853 826 852
f 852 826 825
f 852 825 851
f 851 825 824
f 851 824 850
f 850 824 823
f 850 823 849
f 849 823 822
f 849 822 848
f 848 822 821
f 848 821 847
f 847 821 820
f 847 820 846
f 846 820 819
f 846 819 845
f 845 819 818
f 845 818 844
f 844 818 817
f 844 817 843
f 843 817 816
f 843 816 842
f 842 816 815
f 842 815 841
f 841 815 814
f 841 814 840
f 840 814 813
f 840 813 839
f 839 813 812
f 839 812 838
f 838 812 811
f 838 811 837
f 837 811 810
f 837 810 836
f 836 810 809
f 836 809 835
f 835 809 808
f 835 808 834
f 834 808 807
f 834 807 833
f 833 807 806
f 833 806 832
f 832 806 805
f 832 805 831
f 831 805 804
f 831 804 830
f 830 804 803
f 830 803 829
f 829 803 802
f 829 802 828
f 828 802 801
f 828 801 827
f 827 801 800
f 827 800 826
f 826 800 799
f 826 799 825
f 825 799 798
f 825 798 824
f 824 798 797
f 824 797 823
f 823 797 796
f 823 796 822
f 822 796 795
f 822 795 821
f 821 795 794
f 821 794 820
f 820 794 793
f 820 793 819
f 819 793 792
f 819 792 818
f 818 792 791
f 818 791 817
f 817 791 790
f 817 790 816
f 816 790 789
f 816 789 815
f 815 789 788
f 815 788 814
f 814 788 787
f 814 787 813
f 813 787 786
f 813 786 812
f 812 786 785
f 812 785 811
f 811 785 784
f 811 784 810
f 810 784 783
f 810 783 809
f 809 783 782
f 809 782 808
f 808 782 781
f 808 781 807
f 807 781 780
f 807 780 806
f 806 780 779
f 806 779 805
f 805 779 778
f 805 778 804
f 804 778 777
f 804 777 803
f 803 777 776
f 803 776 802
f 802 776 775
f 802 775 801
f 801 775 774
f 801 774 800
f 800 774 773
f 800 773 799
f 799 773 772
f 799 772 798
f 798 772 771
f 798 771 797
f 797 771 770
f 797 770 796
f 796 770 769
f 796 769 795
f 795 769 768
f 795 768 794
f 794 768 767
f 794 767 793
f 793 767 766
f 793 766 792
f 792 766 765
f 792 765 791
f 791 765 764
f 791 764 790
f 790 764 763
f 790 763 789
f 789 763 762
f 789 762 788
f 788 762 761
f 788 761 787
f 787 761 760
f 787 760 786
f 786 760 759
f 786 759 785
f 785 759 758
f 785 758 784
f 784 758 757
f 784 757 783
f 783 757 756
f 783 756 782
f 782 756 755
f 782 755 781
f 781 755 754
f 781 754 780
f 780 754 753
f 780 753 779
f 779 753 752
f 779 752 778
f 778 752 751
f 778 751 777
f 777 751 750
f 777 750 776
f 776 750 749
f 776 749 775
f 775 749 748
f 775 748 774
f 774 748 747
f 774 747 773
f 773 747 746
f 773 746 772
f 772 746 745
f 772 745 771
f 771 745 744
f 771 744 770
f 770 744 743
f 770 743 769
f 769 743 742
f 769 742 768
f 768 742 741
f 768 741 767
f 767 741 740
f 767 740 766
f 766 740 739
f 766 739 765
f 765 739 738
f 765 738 764
f 764 738 737
f 764 737 763
f 763 737 736
f 763 736 762
f 762 736 735
f 762 735 761
f 761 735 734
f 761 734 760
f 760 734 733
f 760 733 759
f 759 733 732
f 759 732 758
f 758 732 731
f 758 731 757
f 757 731 730
f 757 730 756
f 756 730 729
f 756 729 755
f 755 729 728
f 755 728 754
f 754 728 727
f 754 727 753
f 753 727 726
f 753 726 752
f 752 726 725
f 752 725 751
f 751 725 724
f 751 724 750
f 750 724 723
f 750 723 749
f 749 723 722
f 749 722 748
f 748 722 721
f 748 721 747
f 747 721 720
f 747 720 746
f 746 720 719
f 746 719 745
f 745 719 718
f 745 718 744
f 744 718 717
f 744 717 743
f 743 717 716
f 743 716 742
f 742 716 715
f 742 715 741
f 741 715 714
f 741 714 740
f 740 714 713
f 740 713 739
f 739 713 712
f 739 712 738
f 738 712 711
f 738 711 737
f 737 711 710
f 737 710 736
f 736 710 709
f 736 709 735
f 735 709 708
f 735 708 734
f 734 708 707
f 734 707 733
f 733 707 706
f 733 706 732
f 732 706 705
f 732 705 731
f 731 705 704
f 731 704 730
f 730 704 703
f 730 703 729
f 729 703 702
f 729 702 728
f 728 702 701
f 728 701 727
f 727 701 700
f 727 700 726
f 726 700 699
f 726 699 725
f 725 699 698
f 725 698 724
f 724 698 697
f 724 697 723
f 723 697 696
f 723 696 722
f 722 696 695
f 722 695 721
f 721 695 694
f 721 694 720
f 720 694 693
f 720 693 719
f 719 693 692
f 719 692 718
f 718 692 691
f 718 691 717
f 717 691 690
f 717 690 716
f 716 690 689
f 716 689 715
f 715 689 688
f 715 688 714
f 714 688 687
f 714 687 713
f 713 687 686
f 713 686 712
f 712 686 685
f 712 685 711
f 711 685 684
f 711 684 710
f 710 684 683
f 710 683 709
f 709 683 682
f 709 682 708
f 708 682 681
f 708 681 707
f 707 681 680
f 707 680 706
f 706 680 679
f 706 679 705
f 705 679 678
f 705 678 704
f 704 678 677
f 704 677 703
f 703 677 676
f 703 676 702
f 702 676 675
f 702 675 701
f 701 675 674
f 701 674 700
f 700 674 673
f 700 673 73
f 73 673 672
f 73 672 699
f 699 672 671
f 699 671 698
f 698 671 670
f 698 670 697
f 697 670 669
f 697 669 696
f 696 669 668
f 696 668 695
f 695 668 667
f 695 667 694
f 694 667 666
f 694 666 693
f 693 666 665
f 693 665 692
f 692 665 664
f 692 664 691
f 691 664 663
f 691 663 690
f 690 663 662
f 690 662 689
f 689 662 661
f 689 661 688
f 688 661 660
f 688 660 687
f 687 660 659
f 687 659 686
f 686 659 658
f 686 658 685
f 685 658 657
f 685 657 684
f 684 657 656
f 684 656 683
f 683 656 655
f 683 655 682
f 682 655 654
f 682 654 681
f 681 654 653
f 681 653 680
f 680 653 652
f 680 652 679
f 679 652 651
f 679 651 678
f 678 651 650
f 678 650 677
f 677 650 649
f 677 649 676
f 676 649 648
f 676 648 675
f 675 648 647
f 675 647 674
f 674 647 646
f 674 646 673
f 673 646 645
f 673 645 672
f 672 645 644
f 672 644 671
f 671 644 643
f 671 643 670
f 670 643 642
f 670 642 669
f 669 642 641
f 669 641 668
f 668 641 640
f 668 640 667
f 667 640 639
f 667 639 666
f 666 639 638
f 666 638 665
f 665 638 637
f 665 637 664
f 664 637 636
f 664 636 663
f 663 636 635
f 663 635 662
f 662 635 634
f 662 634 661
f 661 634 633
f 661 633 660
f 660 633 632
f 660 632 659
f 659 632 631
f 659 631 658
f 658 631 630
f 658 630 657
f 657 630 629
f 657 629 656
f 656 629 628
f 656 628 655
f 655 628 627
f 655 627 654
f 654 627 626
f 654 626 653
f 653 626 625
f 653 625 652
f 652 625 624
f 652 624 651
f 651 624 623
f 651 623 650
f 650 623 622
f 650 622 649
f 649 622 621
f 649 621 648
f 648 621 620
f 648 620 647
f 647 620 619
f 647 619 646
f 646 619 618
f 646 618 645
f 645 618 617
f 645 617 644
f 644 617 616
f 644 616 643
f 643 616 615
f 643 615 642
f 642 615 614
f 642 614 641
f 641 614 613
f 641 613 640
f 640 613 612
f 640 612 639
f 639 612 611
f 639 611 638
f 638 611 610
f 638 610 637
f 637 610 609
f 637 609 636
f 636 609 608
f 636 608 635
f 635 608 607
f 635 607 634
f 634 607 606
f 634 606 633
f 633 606 605
f 633 605 632
f 632 605 604
f 632 604 631
f 631 604 603
f 631 603 630
f 630 603 602
f 630 602 629
f 629 602 601
f 629 601 628
f 628 601 600
f 628 600 627
f 627 600 599
f 627 599 626
f 626 599 598
f 626 598 625
f 625 598 597
f 625 597 624
f 624 597 596
f 624 596 623
f 623 596 595
f 623 595 622
f 622 595 594
f 622 594 621
f 621 594 593
f 621 593 620
f 620 593 592
f 620 592 619
f 619 592 591
f 619 591 618
f 618 591 590
f 618 590 617
f 617 590 589
f 617 589 616
f 616 589 588
f 616 588 615
f 615 588 587
f 615 587 614
f 614 587 586
f 614 586 613
f 613 586 585
f 613 585 612
f 612 585 584
f 612 584 611
f 611 584 583
f 611 583 610
f 610 583 582
f 610 582 609
f 609 582 581
f 609 581 608
f 608 581 580
f 608 580 607
f 607 580 579
f 607 579 606
f 606 579 578
f 606 578 605
f 605 578 577
f 605 577 604
f 604 577 576
f 604 576 603
f 603 576 575
f 603 575 602
f 602 575 574
f 602 574 601
f 601 574 573
f 601 573 600
f 600 573 572
f 600 572 599
f 599 572 571
f 599 571 598
f 598 571 570
f 598 570 597
f 597 570 569
f 597 569 596
f 596 569 568
f 596 568 595
f 595 568 567
f 595 567 594
f 594 567 566
f 594 566 593
f 593 566 565
f 593 565 592
f 592 565 564
f 592 564 591
f 591 564 563
f 591 563 590
f 590 563 562
f 590 562 589
f 589 562 561
f 589 561 588
f 588 561 560
f 588 560 587
f 587 560 559
f 587 559 586
f 586 559 558
f 586 558 585
f 585 558 557
f 585 557 584
f 584 557 556
f 584 556 583
f 583 556 555
f 583 555 582
f 582 555 554
f 582 554 581
f 581 554 553
f 581 553 580
f 580 553 552
f 580 552 579
f 579 552 551
f 579 551 578
f 578 551 550
f 578 550 577
f 577 550 549
f 577 549 576
f 576 549 548
f 576 548 575
f 575 548 547
f 575 547 574
f 574 547 546
f 574 546 573
f 573 546 545
f 573 545 572
f 572 545 544
f 572 544 571
f 571 544 543
f 571 543 570
f 570 543 542
f 570 542 569
f 569 542 541
f 569 541 568
f 568 541 540
f 568 540 567
f 567 540 539
f 567 539 566
f 566 539 538
f 566 538 565
f 565 538 537
f 565 537 564
f 564 537 536
f 564 536 563
f 563 536 535
f 563 535 562
f 562 535 534
f 562 534 561
f 561 534 533
f 561 533 560
f 560 533 532
f 560 532 559
f 559 532 531
f 559 531 558
f 558 531 530
f 558 530 557
f 557 530 529
f 557 529 556
f 556 529 528
f 556 528 555
f 555 528 527
f 555 527 554
f 554 527 526
f 554 526 553
f 553 526 525
f 553 525 552
f 552 525 524
f 552 524 551
f 551 524 523
f 551 523 550
f 550 523 522
f 550 522 549
f 549 522 521
f 549 521 548
f 548 521 520
f 548 520 547
f 547 520 519
f 547 519 546
f 546 519 518
f 546 518 545
f 545 518 517
f 545 517 544
f 544 517 516
f 544 516 543
f 543 516 515
f 543 515 542
f 542 515 514
f 542 514 541
f 541 514 513
f 541 513 540
f 540 513 512
f 540 512 539
f 539 512 511
f 539 511 538
f 538 511 510
f 538 510 537
f 537 510 509
f 537 509 536
f 536 509 508
f 536 508 535
f 535 508 507
f 535 507 534
f 534 507 506
f 534 506 533
f 533 506 505
f 533 505 532
f 532 505 504
f 532 504 531
f 531 504 503
f 531 503 530
f 530 503 502
f 530 502 529
f 529 502 501
f 529 501 528
f 528 501 500
f 528 500 527
f 527 500 499
f 527 499 526
f 526 499 498
f 526 498 525
f 525 498 497
f 525 497 524
f 524 497 496
f 524 496 523
f 523 496 495
f 523 495 522
f 522 495 494
f 522 494 521
f 521 494 520
f 520 494 493
f 520 493 519
f 519 493 492
f 519 492 518
f 518 492 491
f 518 491 517
f 517 491 490
f 517 490 516
f 516 490 489
f 516 489 515
f 515 489 488
f 515 488 514
f 514 488 487
f 514 487 513
f 513 487 486
f 513 486 512
f 512 486 485
f 512 485 511
f 511 485 484
f 511 484 510
f 510 484 483
f 510 483 509
f 509 483 482
f 509 482 508
f 508 482 481
f 508 481 507
f 507 481 480
f 507 480 506
f 506 480 479
f 506 479 505
f 505 479 478
f 505 478 504
f 504 478 477
f 504 477 503
f 503 477 476
f 503 476 502
f 502 476 475
f 502 475 501
f 501 475 474
f 501 474 500
f 500 474 473
f 500 473 499
f 499 473 472
f 499 472 498
f 498 472 471
f 498 471 497
f 497 471 470
f 497 470 496
f 496 470 469
f 496 469 495
f 495 469 468
f 495 468 494
f 494 468 467
f 494 467 493
f 493 467 466
f 493 466 492
f 492 466 465
f 492 465 491
f 491 465 464
f 491 464 490
f 490 464 463
f 490 463 489
f 489 463 462
f 489 462 488
f 488 462 461
f 488 461 487
f 487 461 460
f 487 460 486
f 486 460 459
f 486 459 485
f 485 459 458
f 485 458 484
f 484 458 457
f 484 457 483
f 483 457 456
f 483 456 482
f 482 456 455
f 482 455 481
f 481 455 454
f 481 454 480
f 480 454 453
f 480 453 479
f 479 453 452
f 479 452 478
f 478 452 451
f 478 451 477
f 477 451 450
f 477 450 476
f 476 450 449
f 476 449 475
f 475 449 448
f 475 448 474
f 474 448 447
f 474 447 473
f 473 447 446
f 473 446 472
f 472 446 445
f 472 445 471
f 471 445 444
f 471 444 470
f 470 444 443
f 470 443 469
f 469 443 442
f 469 442 72
f 72 442 441
f 72 441 468
f 468 441 440
f 468 440 467
f 467 440 439
f 467 439 466
f 466 439 438
f 466 438 465
f 465 438 437
f 465 437 464
f 464 437 436
f 464 436 463
f 463 436 435
f 463 435 462
f 462 435 434
f 462 434 461
f 461 434 433
f 461 433 460
f 460 433 432
f 460 432 459
f 459 432 431
f 459 431 458
f 458 431 430
f 458 430 457
f 457 430 429
f 457 429 456
f 456 429 428
f 456 428 455
f 455 428 427
f 455 427 454
f 454 427 426
f 454 426 453
f 453 426 425
f 453 425 452
f 452 425 69
f 452 69 451
f 451 69 424
f 451 424 450
f 450 424 423
f 450 423 449
f 449 423 422
f 449 422 448
f 448 422 421
f 448 421 447
f 447 421 420
f 447 420 446
f 446 420 419
f 446 419 445
f 445 419 418
f 445 418 444
f 444 418 417
f 444 417 443
f 443 417 416
f 443 416 442
f 442 416 415
f 442 415 441
f 441 415 414
f 441 414 440
f 440 414 413
f 440 413 439
f 439 413 412
f 439 412 438
f 438 412 411
f 438 411 437
f 437 411 67
f 437 67 436
f 436 67 66
f 436 66 435
f 435 66 410
f 435 410 434
f 434 410 409
f 434 409 433
f 433 409 408
f 433 408 432
f 432 408 407
f 432 407 431
f 431 407 406
f 431 406 430
f 430 406 405
f 430 405 429
f 429 405 404
f 429 404 428
f 428 404 403
f 428 403 427
f 427 403 402
f 427 402 70
f 70 402 401
f 70 401 69
f 69 401 400
f 69 400 424
f 424 400 399
f 424 399 423
f 423 399 398
f 423 398 422
f 422 398 397
f 422 397 421
f 421 397 396
f 421 396 420
f 420 396 395
f 420 395 419
f 419 395 394
f 419 394 418
f 418 394 393
f 418 393 417
f 417 393 392
f 417 392 416
f 416 392 391
f 416 391 415
f 415 391 390
f 415 390 414
f 414 390 389
f 414 389 413
f 413 389 388
f 413 388 412
f 412 388 387
f 412 387 68
f 68 387 386
f 68 386 11
f 11 386 27
f 11 27 385
f 11 385 410
f 410 385 384
f 410 384 409
f 409 384 383
f 409 383 408
f 408 383 382
f 408 382 407
f 407 382 381
f 407 381 406
f 406 381 380
f 406 380 405
f 405 380 379
f 405 379 404
f 404 379 378
f 404 378 403
f 403 378 377
f 403 377 402
f 402 377 376
f 402 376 401
f 401 376 375
f 401 375 400
f 400 375 374
f 400 374 399
f 399 374 373
f 399 373 398
f 398 373 372
f 398 372 397
f 397 372 371
f 397 371 396
f 396 371 370
f 396 370 395
f 395 370 369
f 395 369 394
f 394 369 368
f 394 368 393
f 393 368 367
f 393 367 392
f 392 367 366
f 392 366 391
f 391 366 365
f 391 365 390
f 390 365 364
f 390 364 389
f 389 364 363
f 389 363 388
f 388 363 362
f 388 362 387
f 387 362 361
f 387 361 27
f 27 361 360
f 27 360 385
f 385 360 359
f 385 359 384
f 384 359 358
f 384 358 383
f 383 358 357
f 383 357 382
f 382 357 356
f 382 356 381
f 381 356 355
f 381 355 380
f 380 355 354
f 380 354 379
f 379 354 353
f 379 353 378
f 378 353 352
f 378 352 377
f 377 352 351
f 377 351 376
f 376 351 350
f 376 350 375
f 375 350 349
f 375 349 374
f 374 349 348
f 374 348 373
f 373 348 347
f 373 347 372
f 372 347 346
f 372 346 371
f 371 346 345
f 371 345 370
f 370 345 344
f 370 344 369
f 369 344 343
f 369 343 368
f 368 343 342
f 368 342 367
f 367 342 341
f 367 341 366
f 366 341 340
f 366 340 365
f 365 340 339
f 365 339 364
f 364 339 338
f 364 338 363
f 363 338 337
f 363 337 362
f 362 337 336
f 362 336 361
f 361 336 335
f 361 335 360
f 360 335 334
f 360 334 359
f 359 334 333
f 359 333 358
f 358 333 332
f 358 332 357
f 357 332 331
f 357 331 356
f 356 331 330
f 356 330 355
f 355 330 329
f 355 329 354
f 354 329 328
f 354 328 353
f 353 328 327
f 353 327 352
f 352 327 326
f 352 326 351
f 351 326 325
f 351 325 350
f 350 325 324
f 350 324 349
f 349 324 323
f 349 323 348
f 348 323 322
f 348 322 347
f 347 322 321
f 347 321 346
f 346 321 320
f 346 320 345
f 345 320 319
f 345 319 344
f 344 319 318
f 344 318 343
f 343 318 317
f 343 317 342
f 342 317 316
f 342 316 341
f 341 316 315
f 341 315 340
f 340 315 314
f 340 314 339
f 339 314 313
f 339 313 338
f 338 313 312
f 338 312 337
f 337 312 311
f 337 311 336
f 336 311 310
f 336 310 335
f 335 310 309
f 335 309 334
f 334 309 308
f 334 308 333
f 333 308 307
f 333 307 332
f 332 307 306
f 332 306 331
f 331 306 305
f 331 305 330
f 330 305 304
f 330 304 329
f 329 304 303
f 329 303 328
f 328 303 302
f 328 302 327
f 327 302 301
f 327 301 326
f 326 301 300
f 326 300 325
f 325 300 299
f 325 299 324
f 324 299 298
f 324 298 323
f 323 298 297
f 323 297 322
f 322 297 296
f 322 296 321
f 321 296 295
f 321 295 320
f 320 295 294
f 320 294 319
f 319 294 293
f 319 293 318
f 318 293 292
f 318 292 317
f 317 292 291
f 317 291 316
f 316 291 290
f 316 290 315
f 315 290 289
f 315 289 314
f 314 289 288
f 314 288 313
f 313 288 287
f 313 287 312
f 312 287 286
f 312 286 311
f 311 286 285
f 311 285 310
f 310 285 284
f 310 284 309
f 309 284 283
f 309 283 308
f 308 283 282
f 308 282 307
f 307 282 281
f 307 281 306
f 306 281 280
f 306 280 305
f 305 280 279
f 305 279 304
f 304 279 278
f 304 278 303
f 303 278 277
f 303 277 302
f 302 277 276
f 302 276 301
f 301 276 275
f 301 275 300
f 300 275 274
f 300 274 299
f 299 274 273
f 299 273 298
f 298 273 272
f 298 272 297
f 297 272 271
f 297 271 296
f 296 271 270
f 296 270 295
f 295 270 269
f 295 269 294
f 294 269 268
f 294 268 293
f 293 268 267
f 293 267 292
f 292 267 266
f 292 266 291
f 291 266 265
f 291 265 290
f 290 265 264
f 290 264 289
f 289 264 263
f 289 263 288
f 288 263 262
f 288 262 287
f 287 262 261
f 287 261 286
f 286 261 260
f 286 260 285
f 285 260 259
f 285 259 284
f 284 259 258
f 284 258 283
f 283 258 257
f 283 257 282
f 282 257 256
f 282 256 281
f 281 256 255
f 281 255 280
f 280 255 254
f 280 254 279
f 279 254 253
f 279 253 278
f 278 253 252
f 278 252 277
f 277 252 251
f 277 251 276
f 276 251 250
f 276 250 275
f 275 250 249
f 275 249 274
f 274 249 248
f 274 248 273
f 273 248 247
f 273 247 272
f 272 247 246
f 272 246 271
f 271 246 245
f 271 245 270
f 270 245 244
f 270 244 269
f 269 244 243
f 269 243 268
f 268 243 242
f 268 242 267
f 267 242 241
f 267 241 266
f 266 241 240
f 266 240 265
f 265 240 239
f 265 239 264
f 264 239 238
f 264 238 263
f 263 238 237
f 263 237 262
f 262 237 236
f 262 236 261
f 261 236 235
f 261 235 260
f 260 235 234
f 260 234 259
f 259 234 233
f 259 233 258
f 258 233 232
f 258 232 257
f 257 232 231
f 257 231 256
f 256 231 230
f 256 230 255
f 255 230 229
f 255 229 254
f 254 229 228
f 254 228 253
f 253 228 227
f 253 227 252
f 252 227 226
f 252 226 251
f 251 226 225
f 251 225 250
f 250 225 224
f 250 224 249
f 249 224 223
f 249 223 248
f 248 223 222
f 248 222 247
f 247 222 221
f 247 221 246
f 246 221 220
f 246 220 245
f 245 220 219
f 245 219 244
f 244 219 218
f 244 218 243
f 243 218 217
f 243 217 242
f 242 217 216
f 242 216 241
f 241 216 215
f 241 215 65
f 65 215 214
f 65 214 240
f 240 214 213
f 240 213 239
f 239 213 212
f 239 212 238
f 238 212 211
f 238 211 237
f 237 211 210
f 237 210 236
f 236 210 209
f 236 209 235
f 235 209 208
f 235 208 234
f 234 208 207
f 234 207 233
f 233 207 206
f 233 206 232
f 232 206 205
f 232 205 231
f 231 205 204
f 231 204 230
f 230 204 203
f 230 203 229
f 229 203 202
f 229 202 228
f 228 202 201
f 228 201 227
f 227 201 200
f 227 200 226
f 226 200 199
f 226 199 225
f 225 199 198
f 225 198 224
f 224 198 197
f 224 197 223
f 223 197 196
f 223 196 222
f 222 196 195
f 222 195 221
f 221 195 194
f 221 194 220
f 220 194 193
f 220 193 219
f 219 193 192
f 219 192 218
f 218 192 191
f 218 191 217
f 217 191 190
f 217 190 216
f 216 190 189
f 216 189 215
f 215 189 188
f 215 188 214
f 214 188 187
f 214 187 213
f 213 187 186
f 213 186 212
f 212 186 185
f 212 185 211
f 211 185 184
f 211 184 210
f 210 184 183
f 210 183 209
f 209 183 182
f 209 182 208
f 208 182 181
f 208 181 207
f 207 181 180
f 207 180 206
f 206 180 179
f 206 179 205
f 205 179 178
f 205 178 204
f 204 178 177
f 204 177 203
f 203 177 176
f 203 176 202
f 202 176 175
f 202 175 201
f 201 175 174
f 201 174 200
f 200 174 173
f 200 173 199
f 199 173 172
f 199 172 198
f 198 172 171
f 198 171 197
f 197 171 170
f 197 170 196
f 196 170 169
f 196 169 195
f 195 169 168
f 195 168 194
f 194 168 167
f 194 167 193
f 193 167 166
f 193 166 192
f 192 166 165
f 192 165 191
f 191 165 164
f 191 164 190
f 190 164 163
f 190 163 189
f 189 163 162
f 189 162 188
f 188 162 161
f 188 161 187
f 187 161 160
f 187 160 186
f 186 160 159
f 186 159 185
f 185 159 158
f 185 158 184
f 184 158 157
f 184 157 183
f 183 157 156
f 183 156 182
f 182 156 155
f 182 155 181
f 181 155 154
f 181 154 180
f 180 154 153
f 180 153 179
f 179 153 152
f 179 152 178
f 178 152 177
f 177 152 151
f 177 151 176
f 176 151 150
f 176 150 175
f 175 150 149
f 175 149 174
f 174 149 173
f 173 149 148
f 173 148 172
f 172 148 147
f 172 147 171
f 171 147 170
f 170 147 146
f 170 146 169
f 169 146 145
f 169 145 168
f 168 145 167
f 167 145 144
f 167 144 166
f 166 144 143
f 166 143 165
f 165 143 142
f 165 142 164
f 164 142 141
f 164 141 163
f 163 141 140
f 163 140 162
f 162 140 139
f 162 139 161
f 161 139 138
f 161 138 160
f 160 138 159
f 159 138 137
f 159 137 158
f 158 137 136
f 158 136 157
f 157 136 135
f 157 135 156
f 156 135 134
f 156 134 155
f 155 134 133
f 155 133 154
f 154 133 26
f 26 133 132
f 26 132 131
f 26 131 25
f 25 131 130
f 25 130 24
f 24 130 129
f 24 129 128
f 24 128 150
f 150 128 23
f 23 128 127
f 23 127 22
f 22 127 126
f 22 126 125
f 22 125 21
f 21 125 124
f 21 124 20
f 20 124 123
f 20 123 122
f 20 122 19
f 19 122 121
f 19 121 18
f 18 121 120
f 18 120 143
f 143 120 119
f 143 119 142
f 142 119 118
f 142 118 141
f 141 118 117
f 141 117 140
f 140 117 116
f 140 116 139
f 139 116 115
f 139 115 17
f 17 115 2303
f 17 2303 16
f 16 2303 114
f 16 114 113
f 16 113 136
f 136 113 135
f 135 113 112
f 135 112 134
f 134 112 111
f 134 111 15
f 14 15 63
f 63 15 2142
f 63 2142 131
f 131 2142 2143
f 131 2143 130
f 130 2143 129
f 129 2143 2144
f 129 2144 13
f 2118 54 2119
f 2119 54 55
f 2119 55 2120
f 2120 55 56
f 2120 56 2121
f 2121 56 57
f 2121 57 2122
f 2122 57 58
f 2122 58 2123
f 2123 58 59
f 2123 59 2124
f 2124 59 52
f 2124 52 49
f 49 52 2125
f 2138 2131 2139
f 2139 2131 2130
f 2131 2138 2132
f 2132 2138 2141
f 2132 2141 2140
f 2132 2140 2137
f 2132 2137 2128
f 2128 2137 2148
f 2161 97 110
f 110 2149 2161
f 2149 2153 2154
f 2149 2150 2152
f 2149 2152 2153
f 2150 2151 2152
f 2154 2165 2149
f 2154 2155 2163
f 2166 2156 2167
f 2167 2156 2157
f 2167 2157 2158
f 2167 2158 2168
f 2168 2158 2160
f 2160 2158 2159
f 2168 2160 97
f 97 2161 2162
f 2162 2161 2149
f 2162 2149 2165
f 2164 2162 2167
f 2162 2163 2166
f 2162 2166 2167
f 2162 2165 2154
f 2162 2154 2163
f 2162 2164 97
f 97 2164 2167
f 97 2167 2168
f 2170 2172 2169
f 2169 2172 2189
f 2169 2189 2173
f 2170 2171 2172
f 2175 2173 2174
f 2172 2176 2177
f 2172 2177 2188
f 2188 2178 2189
f 2174 2191 2175
f 2175 2191 2187
f 2178 2192 2189
f 2189 2192 2191
f 2191 2192 2190
f 2191 2190 2187
f 2197 2193 2198
f 2197 2198 2199
f 2185 2186 2181
f 2185 2181 2183
f 2179 2180 2203
f 2185 2183 2184
f 2180 2186 2205
f 2195 2200 2196
f 2187 2196 2175
f 2174 2173 2191
f 2191 2173 2189
f 2189 2172 2188
f 2187 2190 2196
f 2192 2193 2190
f 2190 2193 2194
f 2190 2194 2196
f 2196 2194 2195
f 2195 2194 2200
f 2197 2199 2194
f 2194 2199 2200
f 2193 2197 2194
f 2202 2200 2199
f 2199 2198 2201
f 2204 2201 2203
f 2204 2203 2180
f 2201 2202 2199
f 2202 2201 2204
f 2205 2202 2204
f 2205 2204 2180
f 2181 2186 2180
f 2176 2206 2177
f 3355 2211 2209
f 2209 2211 2212
f 2209 2212 2213
f 3355 2210 2211
f 2215 2210 2214
f 2227 2216 2228
f 2228 2216 2217
f 2228 2217 2218
f 2228 2218 2219
f 2228 2219 2230
f 2230 2219 2229
f 2235 2220 2236
f 2236 2220 2221
f 2236 2221 2222
f 2236 2222 2224
f 2236 2224 2225
f 2222 2223 2224
f 2236 2225 2226
f 2228 2226 2227
f 2230 2229 2232
f 2232 2229 2235
f 2232 2235 2236
f 2233 2230 2232
f 2233 2232 2236
f 2231 2228 2230
f 2231 2230 2234
f 2234 2230 2233
f 2234 2233 2236
f 2231 2226 2228
f 2226 2231 2234
f 2236 2226 2234
f 2139 2160 2138
f 2138 2160 2159
f 2138 2159 2137
f 2137 2159 2216
f 2137 2216 2227
f 2139 2130 2160
f 2160 2130 2129
f 2129 98 2160
f 2160 98 97
f 2226 4 2227
f 2227 4 60
f 2227 60 2128
f 2226 2146 2145
f 2226 2145 4
f 2225 53 2226
f 2226 53 2147
f 2226 2147 2146
f 2224 2136 2225
f 2136 2224 3
f 3 2224 2151
f 3 2151 1
f 1 2151 2150
f 1 2150 2133
f 2133 2150 52
f 52 2150 2149
f 52 2149 2125
f 2125 2149 2126
f 2126 2149 2127
f 2127 2149 110
f 2227 2128 2148
f 2227 2148 2137
f 2155 2156 2166
f 2155 2166 2163
f 2239 2240 2244
f 2244 2240 3365
f 2244 3365 2248
f 2248 3365 2241
f 2248 2241 2246
f 2246 2241 2242
f 2246 2242 2243
f 2247 2248 2246
f 2251 2244 2248
f 2251 2248 2247
f 2251 2247 2250
f 2250 2247 2246
f 2250 2246 2249
f 2249 2246 2245
f 2257 2281 2252
f 2257 2252 2256
f 2256 2252 2255
f 2255 2252 2254
f 2254 2252 2279
f 2254 2279 2253
f 2258 2278 2276
f 2278 2266 2276
f 2259 2275 2278
f 2278 2275 2266
f 2332 2279 2280
f 2279 2252 2280
f 2280 2252 2330
f 2252 2281 2274
f 2252 2274 2330
f 2284 2261 2262
f 2277 2265 2276
f 2284 2262 2326
f 2262 2263 2285
f 2325 2285 2272
f 2272 2285 2271
f 2271 2264 2269
f 2271 2269 2270
f 2277 2267 2268
f 2277 2268 2286
f 2286 2268 2323
f 2286 2323 2269
f 2284 2273 2261
f 2261 2273 2327
f 2261 2327 2260
f 2260 2327 2283
f 2283 2327 2328
f 2283 2328 2282
f 2282 2328 2274
f 2332 2275 2259
f 2279 2332 2259
f 2325 2326 2262
f 2285 2325 2262
f 2287 2260 2290
f 2290 2260 2283
f 2290 2283 2289
f 2289 2283 2288
f 2288 2283 2282
f 2288 2282 2257
f 2257 2282 2274
f 2257 2274 2281
f 2316 2263 2262
f 2316 2262 2300
f 2300 2262 2317
f 2317 2262 2261
f 2317 2261 2290
f 2290 2261 2287
f 2287 2261 2260
f 2291 2264 2292
f 2292 2264 2271
f 2292 2271 2296
f 2296 2271 2285
f 2296 2285 2297
f 2297 2285 2298
f 2298 2285 2299
f 2299 2285 2316
f 2316 2285 2263
f 2307 2265 2277
f 2307 2277 2308
f 2308 2277 2286
f 2308 2286 2293
f 2293 2286 2315
f 2315 2286 2291
f 2291 2286 2269
f 2291 2269 2264
f 121 2300 119
f 119 2300 61
f 61 2301 118
f 118 2301 2302
f 118 2302 117
f 117 2302 116
f 116 2302 115
f 115 2302 2303
f 2303 2321 114
f 114 2321 113
f 113 2321 2322
f 113 2322 2304
f 113 2304 112
f 112 2304 111
f 111 2304 15
f 15 2304 2312
f 15 2312 2142
f 2143 2294 2144
f 2144 2294 13
f 13 2294 2295
f 13 2295 12
f 12 2295 2311
f 12 2311 126
f 126 2311 2296
f 126 2296 125
f 125 2296 2297
f 125 2297 124
f 124 2297 2298
f 124 2298 123
f 123 2298 2299
f 123 2299 122
f 122 2299 2300
f 122 2300 121
f 2313 2309 2305
f 2305 2309 2253
f 2309 2313 2142
f 2309 2142 2253
f 2253 2142 2312
f 2312 2304 2322
f 2313 2314 2143
f 2313 2143 2142
f 2294 2308 2295
f 2295 2308 2311
f 2292 2315 2291
f 2308 2293 2311
f 2293 2315 2311
f 2292 2296 2315
f 61 2300 2310
f 2318 2317 2290
f 2318 2290 2319
f 2300 2299 2316
f 2310 2300 2317
f 2290 2289 2319
f 2257 2320 2288
f 2288 2320 2321
f 2320 2257 2321
f 2321 2257 2256
f 2321 2256 2322
f 2256 2255 2322
f 2255 2254 2322
f 2322 2254 2312
f 2312 2254 2253
f 2321 2303 2288
f 2288 2303 2289
f 2303 2302 2289
f 2289 2302 2319
f 2319 2302 2318
f 2318 2302 2317
f 2302 2301 2317
f 2317 2301 2310
f 2301 61 2310
f 2296 2311 2315
f 2308 2294 2314
f 2308 2314 2306
f 2294 2143 2314
f 2307 2308 2306
f 2266 2275 2267
f 2266 2267 2276
f 2276 2267 2277
f 2269 2323 2270
f 2332 2280 2331
f 2331 2280 2330
f 2329 2330 2274
f 2329 2274 2328
f 2327 2273 2326
f 2326 2273 2284
f 2324 2325 2272
f 2324 2272 2271
f 2324 2271 2270
f 2279 2259 2253
f 2253 2259 2305
f 2305 2259 2278
f 2305 2278 2313
f 2313 2278 2314
f 2314 2278 2258
f 2314 2258 2306
f 2306 2258 2276
f 2306 2276 2307
f 2307 2276 2265
f 2340 2348 2352
f 2352 2348 2342
f 2342 2348 2350
f 2350 2335 2336
f 2340 2334 2349
f 2349 2335 2350
f 2336 2345 2351
f 2336 2351 2350
f 2350 2351 2347
f 2350 2347 2342
f 2342 2347 2352
f 2337 2338 2345
f 2353 2354 2333
f 2338 2339 2345
f 2345 2339 2344
f 2344 2355 2346
f 2346 2355 2354
f 2354 2355 2333
f 2344 2339 2341
f 2341 2339 2333
f 2353 2333 2340
f 2353 2340 2352
f 2353 2352 2347
f 2341 2333 2355
f 2344 2341 2355
f 2348 2340 2349
f 2348 2349 2350
f 2347 2343 2346
f 2347 2346 2354
f 2346 2343 2344
f 2344 2343 2345
f 2345 2343 2351
f 2351 2343 2347
f 2353 2347 2354
f 2375 2356 2357
f 2375 2357 2559
f 2559 2357 2558
f 2558 2357 2358
f 2558 2358 2557
f 2557 2358 2556
f 2556 2358 2411
f 2556 2411 2359
f 2556 2359 2555
f 2555 2359 2374
f 2374 2359 2360
f 2372 2361 2362
f 2372 2362 2371
f 2371 2362 2363
f 2371 2363 2364
f 2371 2364 2547
f 2547 2364 2370
f 2370 2364 2365
f 2370 2365 2369
f 2369 2365 2366
f 2369 2366 2541
f 2541 2366 2368
f 2367 2368 2375
f 2375 2389 2356
f 2356 2417 2357
f 2358 2414 2411
f 2411 2408 2359
f 2359 2405 2360
f 2360 2405 2373
f 2373 2402 2372
f 2372 2402 2361
f 2362 2401 2363
f 2363 2400 2364
f 2364 2400 2399
f 2364 2399 2398
f 2364 2398 2365
f 2365 2398 2397
f 2365 2397 2396
f 2365 2396 2394
f 2365 2394 2366
f 2366 2392 2368
f 2368 2392 2391
f 2368 2391 2390
f 2368 2390 2375
f 2375 2390 2389
f 2385 2410 2413
f 3037 2378 3032
f 3032 2378 2377
f 2394 2395 2366
f 2366 2395 2393
f 2366 2393 2392
f 2417 2418 2357
f 2357 2418 2416
f 2357 2416 2358
f 2414 2415 2411
f 2411 2415 2412
f 2411 2412 2408
f 2408 2409 2359
f 2359 2409 2407
f 2359 2407 2405
f 2405 2406 2373
f 2373 2406 2404
f 2373 2404 2402
f 2402 2403 2361
f 2361 2376 2362
f 2362 2376 2377
f 2362 2377 2401
f 2401 2377 2378
f 2401 2378 2363
f 2363 2378 2400
f 2400 2378 2399
f 2399 2378 2379
f 2399 2379 2398
f 2396 2380 2394
f 2394 2380 2395
f 2389 2381 2356
f 2356 2381 2382
f 2356 2382 2417
f 2417 2382 2418
f 2416 2383 2358
f 2358 2383 2384
f 2358 2384 2414
f 2414 2384 2415
f 2412 2413 2408
f 2408 2413 2410
f 2408 2410 2409
f 2409 2410 2385
f 2409 2385 2407
f 2407 2385 2386
f 2407 2386 2405
f 2405 2386 2406
f 2404 2387 2402
f 2402 2387 2403
f 2403 2388 2361
f 2361 2388 2376
f 2332 2424 2275
f 2275 2424 2458
f 2275 2458 2267
f 2267 2458 2425
f 2267 2425 2268
f 2268 2425 2323
f 2323 2425 2445
f 2323 2445 2270
f 2270 2445 2426
f 2270 2426 2324
f 2324 2426 2419
f 2324 2419 2420
f 2324 2420 2325
f 2325 2420 2326
f 2326 2420 2421
f 2326 2421 2422
f 2326 2422 2327
f 2327 2422 2423
f 2327 2423 2467
f 2327 2467 2328
f 2328 2467 2464
f 2328 2464 2329
f 2329 2464 2330
f 2330 2464 2463
f 2330 2463 2462
f 2330 2462 2331
f 2331 2462 2332
f 2332 2462 2424
f 2419 2426 2443
f 2448 2445 2425
f 2427 2428 2472
f 2434 2460 2433
f 2458 2424 2455
f 2455 2424 2461
f 2455 2461 2459
f 2459 2461 2460
f 2460 2461 2433
f 2461 2462 2433
f 2433 2462 2432
f 2424 2462 2461
f 2462 2463 2432
f 2432 2463 2431
f 2463 2464 2431
f 2431 2464 2430
f 2464 2465 2430
f 2430 2465 2429
f 2465 2466 2429
f 2429 2466 2468
f 2429 2468 2428
f 2428 2468 2471
f 2428 2471 2472
f 2465 2464 2466
f 2464 2467 2466
f 2466 2467 2470
f 2466 2470 2468
f 2467 2469 2470
f 2467 2423 2469
f 2490 2449 2438
f 2457 2454 2458
f 2458 2454 2425
f 2473 2427 2472
f 2434 2435 2460
f 2460 2435 2436
f 2460 2436 2459
f 2459 2436 2456
f 2459 2456 2455
f 2455 2456 2457
f 2455 2457 2458
f 2456 2436 2457
f 2436 2437 2439
f 2436 2439 2457
f 2420 2476 2421
f 2421 2476 2422
f 2469 2423 2470
f 2443 2444 2419
f 2419 2444 2440
f 2419 2440 2420
f 2420 2440 2476
f 2423 2474 2470
f 2470 2474 2468
f 2443 2426 2445
f 2452 2448 2425
f 2452 2425 2451
f 2454 2451 2425
f 2440 2441 2476
f 2476 2441 2442
f 2476 2442 2477
f 2476 2477 2422
f 2422 2477 2475
f 2422 2475 2423
f 2423 2475 2474
f 2474 2473 2468
f 2468 2473 2471
f 2446 2443 2445
f 2446 2445 2448
f 2452 2451 2457
f 2457 2451 2454
f 2471 2473 2472
f 2444 2443 2447
f 2447 2443 2446
f 2446 2448 2450
f 2450 2448 2452
f 2450 2452 2453
f 2453 2452 2439
f 2439 2452 2457
f 2490 2444 2447
f 2490 2447 2449
f 2449 2447 2446
f 2449 2446 2450
f 2449 2450 2453
f 2449 2453 2437
f 2437 2453 2439
f 2481 2479 2480
f 2478 2479 2481
f 2485 2483 2484
f 2482 2483 2485
f 2478 2433 2432
f 2478 2432 2495
f 2495 2432 2431
f 2495 2431 2430
f 2478 2481 2433
f 2433 2481 2434
f 2434 2481 2486
f 2434 2486 2435
f 2435 2486 2436
f 2436 2486 2487
f 2436 2487 2437
f 2437 2487 2488
f 2437 2488 2438
f 2437 2438 2449
f 2490 2438 2489
f 2444 2490 2440
f 2440 2490 2441
f 2441 2490 2482
f 2441 2482 2442
f 2442 2482 2485
f 2442 2485 2477
f 2477 2485 2491
f 2477 2491 2475
f 2475 2491 2474
f 2474 2491 2503
f 2474 2503 2473
f 2473 2503 2492
f 2492 2427 2473
f 2427 2493 2428
f 2428 2493 2498
f 2428 2498 2429
f 2429 2498 2494
f 2494 2495 2429
f 2429 2495 2430
f 2560 2493 2427
f 2560 2427 2500
f 2500 2427 2499
f 2560 2497 2498
f 2560 2498 2493
f 2560 2496 2497
f 2501 2560 2500
f 2562 2491 2485
f 2562 2485 2484
f 2562 2500 2503
f 2562 2503 2491
f 2562 2502 2500
f 2500 2502 2501
f 2484 2568 2504
f 2504 2562 2484
f 2506 2490 2505
f 2505 2490 2509
f 2509 2490 2508
f 2506 2484 2482
f 2506 2482 2490
f 2506 2507 2484
f 2484 2507 2568
f 2482 2484 2483
f 2510 2505 2509
f 2511 2495 2497
f 2511 2480 2478
f 2511 2478 2495
f 2511 2512 2480
f 2478 2480 2479
f 2495 2513 2497
f 2497 2496 2514
f 2514 2511 2497
f 2561 2486 2481
f 2561 2481 2480
f 2561 2516 2487
f 2561 2487 2486
f 2561 2515 2516
f 2516 2517 2487
f 2512 2595 2480
f 2480 2595 2518
f 2480 2518 2596
f 2596 2561 2480
f 2578 2438 2521
f 2521 2438 2488
f 2521 2488 2516
f 2578 2509 2438
f 2578 2580 2509
f 2509 2580 2510
f 2509 2519 2438
f 2488 2520 2516
f 2516 2515 2521
f 2554 2537 2374
f 2534 2367 2375
f 2371 2549 2372
f 2372 2549 2550
f 2372 2550 2551
f 2372 2551 2373
f 2373 2551 2552
f 2554 2553 2537
f 2548 2522 2549
f 2548 2549 2371
f 2522 2523 2549
f 2549 2523 2550
f 2550 2523 2551
f 2552 2551 2525
f 2523 2524 2551
f 2551 2524 2525
f 2525 2526 2553
f 2553 2526 2537
f 2526 2527 2537
f 2534 2375 2539
f 2539 2375 2559
f 2537 2555 2374
f 2554 2374 2553
f 2553 2374 2360
f 2553 2360 2525
f 2525 2360 2373
f 2525 2373 2552
f 2548 2371 2547
f 2548 2547 2522
f 2522 2547 2546
f 2547 2370 2546
f 2370 2545 2546
f 2546 2545 2544
f 2544 2545 2543
f 2370 2369 2545
f 2545 2369 2543
f 2543 2369 2542
f 2369 2541 2542
f 2541 2368 2540
f 2540 2368 2536
f 2540 2536 2535
f 2535 2536 2565
f 2368 2367 2536
f 2536 2367 2565
f 2565 2367 2538
f 2367 2534 2538
f 2534 2539 2533
f 2533 2539 2559
f 2533 2559 2532
f 2532 2559 2531
f 2531 2559 2558
f 2531 2558 2530
f 2530 2558 2557
f 2530 2557 2529
f 2529 2557 2528
f 2528 2557 2556
f 2528 2556 2527
f 2527 2556 2555
f 2527 2555 2537
f 2506 2505 2564
f 2521 2581 2578
f 2568 2566 2569
f 2569 2566 2538
f 2569 2538 2534
f 2507 2506 2568
f 2573 2577 2535
f 2535 2577 2540
f 2540 2577 2576
f 2540 2576 2541
f 2541 2576 2582
f 2541 2582 2542
f 2542 2582 2543
f 2543 2582 2586
f 2543 2586 2544
f 2544 2586 2546
f 2546 2586 2587
f 2546 2587 2522
f 2522 2587 2591
f 2522 2591 2590
f 2522 2590 2523
f 2523 2567 2524
f 2524 2567 2525
f 2525 2601 2526
f 2527 2526 2528
f 2529 2528 2530
f 2532 2531 2533
f 2533 2531 2615
f 2533 2615 2534
f 2534 2615 2569
f 2568 2506 2564
f 2574 2505 2510
f 2574 2510 2575
f 2575 2510 2576
f 2510 2580 2582
f 2510 2582 2576
f 2579 2580 2578
f 2583 2581 2585
f 2585 2581 2521
f 2578 2581 2579
f 2521 2515 2585
f 2583 2585 2584
f 2583 2584 2581
f 2581 2584 2579
f 2585 2515 2587
f 2587 2515 2591
f 2591 2515 2590
f 2590 2515 2589
f 2589 2515 2588
f 2588 2515 2561
f 2588 2561 2592
f 2593 2592 2596
f 2593 2596 2595
f 2595 2596 2518
f 2592 2561 2596
f 2512 2594 2567
f 2512 2567 2523
f 2512 2511 2594
f 2567 2594 2598
f 2567 2598 2525
f 2525 2598 2601
f 2594 2511 2597
f 2597 2511 2563
f 2599 2563 2511
f 2599 2511 2514
f 2514 2496 2599
f 2599 2496 2600
f 2600 2496 2601
f 2496 2604 2526
f 2496 2526 2601
f 2604 2496 2603
f 2603 2496 2602
f 2602 2496 2560
f 2602 2560 2606
f 2606 2560 2605
f 2608 2605 2560
f 2608 2560 2501
f 2605 2608 2606
f 2602 2606 2603
f 2608 2501 2609
f 2608 2609 2606
f 2606 2609 2607
f 2606 2607 2603
f 2609 2501 2530
f 2530 2501 2531
f 2531 2501 2611
f 2611 2501 2502
f 2611 2502 2610
f 2610 2502 2562
f 2614 2570 2569
f 2569 2570 2568
f 2610 2562 2612
f 2612 2562 2613
f 2612 2613 2614
f 2614 2613 2571
f 2614 2571 2570
f 2570 2571 2504
f 2570 2504 2568
f 2613 2562 2571
f 2562 2504 2571
f 2535 2565 2573
f 2573 2565 2566
f 2573 2566 2568
f 2565 2538 2566
f 2568 2564 2572
f 2572 2564 2505
f 2572 2505 2575
f 2575 2505 2574
f 2569 2615 2614
f 2614 2615 2611
f 2614 2611 2612
f 2612 2611 2610
f 2568 2572 2573
f 2573 2572 2576
f 2573 2576 2577
f 2576 2572 2575
f 2582 2580 2579
f 2586 2582 2579
f 2586 2579 2584
f 2586 2584 2585
f 2587 2586 2585
f 2588 2592 2589
f 2523 2590 2589
f 2523 2589 2593
f 2593 2589 2592
f 2595 2523 2593
f 2523 2595 2512
f 2597 2563 2600
f 2600 2563 2599
f 2594 2597 2598
f 2598 2597 2601
f 2601 2597 2600
f 2526 2604 2603
f 2528 2526 2603
f 2528 2603 2607
f 2528 2607 2609
f 2530 2528 2609
f 2615 2531 2611
f 2427 2492 2499
f 2499 2492 2616
f 2500 2499 2616
f 2500 2616 2503
f 2503 2616 2492
f 2495 2494 2617
f 2495 2617 2513
f 2497 2513 2498
f 2498 2513 2617
f 2498 2617 2494
f 2488 2618 2520
f 2516 2520 2517
f 2517 2520 2618
f 2517 2618 2487
f 2488 2487 2618
f 2490 2489 2508
f 2508 2489 2619
f 2509 2508 2519
f 2519 2508 2619
f 2519 2619 2438
f 2438 2619 2489
f 2624 2621 2623
f 2202 2205 2200
f 2200 2205 2627
f 2632 2628 2631
f 2631 2628 2629
f 2631 2629 2630
f 2633 2642 2632
f 2632 2642 2890
f 2632 2890 2628
f 2642 2633 2634
f 2642 2634 2643
f 2643 2634 2635
f 2643 2635 2644
f 2644 2635 2636
f 2644 2636 2645
f 2645 2636 2637
f 2637 2638 2645
f 2645 2638 2639
f 2645 2639 2895
f 2895 2640 2645
f 2645 2640 2644
f 2644 2640 2641
f 2644 2641 2643
f 2643 2641 2892
f 2643 2892 2642
f 2642 2892 2891
f 2642 2891 2890
f 2663 2646 2660
f 2660 2646 2647
f 2660 2647 2659
f 2659 2647 2648
f 2659 2648 2649
f 2659 2649 2658
f 2658 2649 2657
f 2657 2649 2632
f 2657 2632 2631
f 2657 2631 2661
f 2661 2631 2664
f 2664 2631 2630
f 2664 2630 2668
f 2668 2630 2671
f 2671 2630 2629
f 2629 2628 2677
f 2677 2628 2650
f 2677 2650 2678
f 2678 2650 2679
f 2679 2650 2651
f 2679 2651 2652
f 2679 2652 2653
f 2679 2653 2680
f 2680 2653 2654
f 2680 2654 2655
f 2680 2655 2656
f 2658 2657 2661
f 2665 2661 2664
f 2665 2664 2668
f 2674 2671 2629
f 2674 2629 2678
f 2678 2629 2677
f 2659 2658 2662
f 2662 2658 2661
f 2662 2661 2665
f 2669 2665 2668
f 2669 2668 2672
f 2672 2668 2671
f 2672 2671 2675
f 2675 2671 2674
f 2675 2674 2679
f 2679 2674 2678
f 2663 2660 2659
f 2666 2662 2665
f 2666 2665 2669
f 2676 2672 2675
f 2676 2675 2679
f 2667 2663 2662
f 2662 2663 2659
f 2667 2662 2666
f 2670 2667 2666
f 2670 2666 2669
f 2673 2670 2669
f 2673 2669 2672
f 2656 2673 2672
f 2656 2672 2676
f 2680 2656 2676
f 2680 2676 2679
f 2685 2681 2684
f 2684 2681 2682
f 2684 2682 2683
f 2686 2695 2685
f 2685 2695 2802
f 2685 2802 2681
f 2695 2686 2687
f 2695 2687 2696
f 2696 2687 2688
f 2696 2688 2697
f 2697 2688 2689
f 2697 2689 2698
f 2698 2689 2690
f 2691 2692 2690
f 2690 2692 2698
f 2692 2807 2698
f 2698 2807 2693
f 2698 2693 2697
f 2697 2693 2694
f 2697 2694 2696
f 2696 2694 2804
f 2696 2804 2695
f 2695 2804 2803
f 2695 2803 2802
f 2717 2699 2714
f 2714 2699 2700
f 2714 2700 2713
f 2713 2700 2701
f 2713 2701 2702
f 2713 2702 2712
f 2712 2702 2711
f 2711 2702 2685
f 2711 2685 2684
f 2711 2684 2715
f 2715 2684 2718
f 2718 2684 2683
f 2718 2683 2722
f 2722 2683 2725
f 2725 2683 2682
f 2682 2681 2731
f 2731 2681 2703
f 2731 2703 2732
f 2732 2703 2733
f 2733 2703 2704
f 2733 2704 2705
f 2733 2705 2706
f 2733 2706 2710
f 2710 2706 2707
f 2710 2707 2708
f 2710 2708 2709
f 2712 2711 2715
f 2719 2715 2718
f 2719 2718 2722
f 2728 2725 2682
f 2728 2682 2732
f 2732 2682 2731
f 2713 2712 2716
f 2716 2712 2715
f 2716 2715 2719
f 2723 2719 2722
f 2723 2722 2726
f 2726 2722 2725
f 2726 2725 2729
f 2729 2725 2728
f 2729 2728 2733
f 2733 2728 2732
f 2717 2714 2713
f 2720 2716 2719
f 2720 2719 2723
f 2730 2726 2729
f 2730 2729 2733
f 2721 2717 2716
f 2716 2717 2713
f 2721 2716 2720
f 2724 2721 2720
f 2724 2720 2723
f 2727 2724 2723
f 2727 2723 2726
f 2709 2727 2726
f 2709 2726 2730
f 2710 2709 2730
f 2710 2730 2733
f 2741 2691 2690
f 2741 2690 2689
f 2741 2689 2746
f 2746 2689 2740
f 2740 2689 2688
f 2740 2688 2739
f 2739 2688 2687
f 2739 2687 2744
f 2744 2687 2738
f 2738 2687 2686
f 2760 2759 2761
f 2759 2700 2699
f 2686 2685 2742
f 2742 2685 2702
f 2742 2702 2747
f 2747 2702 2755
f 2755 2702 2701
f 2755 2701 2749
f 2749 2701 2756
f 2701 2700 2756
f 2756 2700 2760
f 2760 2700 2759
f 2737 2734 2736
f 2751 2752 2753
f 2753 2752 2748
f 2753 2748 2743
f 2742 2743 2686
f 2741 2735 2751
f 2751 2735 2752
f 2748 2744 2743
f 2743 2744 2738
f 2743 2738 2686
f 2735 2741 2746
f 2739 2745 2740
f 2740 2745 2746
f 2743 2742 2747
f 2744 2748 2739
f 2739 2748 2745
f 2745 2735 2746
f 2743 2747 2754
f 2754 2747 2755
f 2754 2755 2749
f 2754 2749 2757
f 2757 2749 2756
f 2757 2756 2761
f 2761 2756 2760
f 2752 2735 2745
f 2745 2748 2752
f 2754 2750 2753
f 2754 2753 2743
f 2736 2751 2750
f 2750 2751 2753
f 2750 2754 2758
f 2758 2754 2757
f 2758 2757 2737
f 2737 2757 2761
f 2737 2736 2758
f 2758 2736 2750
f 2691 2741 2762
f 2764 2691 2763
f 2763 2691 2762
f 2751 2772 2741
f 2741 2772 2773
f 2741 2773 2762
f 2762 2773 2776
f 2762 2776 2763
f 2763 2776 2770
f 2763 2770 2764
f 2765 2766 2771
f 2765 2771 2736
f 2736 2771 2751
f 2751 2771 2772
f 2772 2775 2776
f 2776 2775 2770
f 2772 2771 2774
f 2774 2771 2766
f 2774 2766 2768
f 2768 2766 2767
f 2776 2773 2772
f 2772 2774 2775
f 2775 2774 2769
f 2775 2769 2770
f 2769 2774 2768
f 2780 2777 2788
f 2781 2704 2703
f 2782 2783 2707
f 2782 2707 2706
f 2706 2705 2781
f 2781 2705 2704
f 2703 2793 2801
f 2703 2801 2781
f 2781 2801 2789
f 2789 2801 2800
f 2789 2800 2790
f 2790 2800 2796
f 2790 2796 2791
f 2791 2796 2799
f 2791 2799 2788
f 2788 2799 2792
f 2792 2779 2780
f 2793 2703 2802
f 2802 2703 2681
f 2805 2804 2694
f 2805 2694 2806
f 2806 2694 2797
f 2797 2694 2693
f 2797 2693 2807
f 2692 2779 2807
f 2807 2779 2798
f 2807 2798 2797
f 2806 2797 2796
f 2806 2796 2805
f 2805 2796 2795
f 2805 2795 2804
f 2804 2795 2794
f 2804 2794 2803
f 2803 2794 2793
f 2803 2793 2802
f 2783 2782 2785
f 2785 2782 2706
f 2785 2706 2789
f 2789 2706 2781
f 2784 2783 2786
f 2786 2783 2785
f 2786 2785 2790
f 2790 2785 2789
f 2778 2784 2787
f 2787 2784 2786
f 2787 2786 2791
f 2791 2786 2790
f 2788 2777 2787
f 2787 2777 2778
f 2788 2787 2791
f 2788 2792 2780
f 2794 2801 2793
f 2800 2801 2795
f 2795 2801 2794
f 2796 2800 2795
f 2799 2796 2797
f 2792 2799 2798
f 2798 2799 2797
f 2779 2792 2798
f 2816 2777 2814
f 2814 2777 2780
f 2810 2811 2809
f 2779 2808 2815
f 2779 2815 2780
f 2812 2813 2817
f 2817 2813 2818
f 2817 2818 2815
f 2815 2818 2816
f 2815 2816 2780
f 2780 2816 2814
f 2817 2815 2808
f 2812 2817 2809
f 2809 2817 2808
f 2811 2812 2809
f 2808 2779 2821
f 2821 2779 2692
f 2819 2820 2810
f 2819 2810 2809
f 2819 2809 2821
f 2821 2809 2808
f 2821 2692 2819
f 2829 2638 2637
f 2829 2637 2636
f 2829 2636 2834
f 2834 2636 2828
f 2828 2636 2635
f 2828 2635 2827
f 2827 2635 2634
f 2827 2634 2832
f 2832 2634 2826
f 2826 2634 2633
f 2848 2847 2849
f 2847 2647 2646
f 2633 2632 2830
f 2830 2632 2649
f 2830 2649 2835
f 2835 2649 2843
f 2843 2649 2648
f 2843 2648 2837
f 2837 2648 2844
f 2648 2647 2844
f 2844 2647 2848
f 2848 2647 2847
f 2825 2822 2824
f 2839 2840 2841
f 2841 2840 2836
f 2841 2836 2831
f 2830 2831 2633
f 2829 2823 2839
f 2839 2823 2840
f 2836 2832 2831
f 2831 2832 2826
f 2831 2826 2633
f 2823 2829 2834
f 2827 2833 2828
f 2828 2833 2834
f 2831 2830 2835
f 2832 2836 2827
f 2827 2836 2833
f 2833 2823 2834
f 2831 2835 2842
f 2842 2835 2843
f 2842 2843 2837
f 2842 2837 2845
f 2845 2837 2844
f 2845 2844 2849
f 2849 2844 2848
f 2840 2823 2833
f 2833 2836 2840
f 2842 2838 2841
f 2842 2841 2831
f 2824 2839 2838
f 2838 2839 2841
f 2838 2842 2846
f 2846 2842 2845
f 2846 2845 2825
f 2825 2845 2849
f 2825 2824 2846
f 2846 2824 2838
f 2638 2829 2850
f 2852 2638 2851
f 2851 2638 2850
f 2839 2860 2829
f 2829 2860 2861
f 2829 2861 2850
f 2850 2861 2864
f 2850 2864 2851
f 2851 2864 2858
f 2851 2858 2852
f 2853 2854 2859
f 2853 2859 2824
f 2824 2859 2839
f 2839 2859 2860
f 2860 2863 2864
f 2864 2863 2858
f 2860 2859 2862
f 2862 2859 2854
f 2862 2854 2856
f 2856 2854 2855
f 2864 2861 2860
f 2860 2862 2863
f 2863 2862 2857
f 2863 2857 2858
f 2857 2862 2856
f 2868 2865 2876
f 2869 2651 2650
f 2870 2871 2654
f 2870 2654 2653
f 2653 2652 2869
f 2869 2652 2651
f 2650 2881 2889
f 2650 2889 2869
f 2869 2889 2877
f 2877 2889 2888
f 2877 2888 2878
f 2878 2888 2884
f 2878 2884 2879
f 2879 2884 2887
f 2879 2887 2876
f 2876 2887 2880
f 2880 2867 2868
f 2881 2650 2890
f 2890 2650 2628
f 2893 2892 2641
f 2893 2641 2894
f 2894 2641 2885
f 2885 2641 2640
f 2885 2640 2895
f 2639 2867 2895
f 2895 2867 2886
f 2895 2886 2885
f 2894 2885 2884
f 2894 2884 2893
f 2893 2884 2883
f 2893 2883 2892
f 2892 2883 2882
f 2892 2882 2891
f 2891 2882 2881
f 2891 2881 2890
f 2871 2870 2873
f 2873 2870 2653
f 2873 2653 2877
f 2877 2653 2869
f 2872 2871 2874
f 2874 2871 2873
f 2874 2873 2878
f 2878 2873 2877
f 2866 2872 2875
f 2875 2872 2874
f 2875 2874 2879
f 2879 2874 2878
f 2876 2865 2875
f 2875 2865 2866
f 2876 2875 2879
f 2876 2880 2868
f 2882 2889 2881
f 2888 2889 2883
f 2883 2889 2882
f 2884 2888 2883
f 2887 2884 2885
f 2880 2887 2886
f 2886 2887 2885
f 2867 2880 2886
f 2904 2865 2902
f 2902 2865 2868
f 2898 2899 2897
f 2867 2896 2903
f 2867 2903 2868
f 2900 2901 2905
f 2905 2901 2906
f 2905 2906 2903
f 2903 2906 2904
f 2903 2904 2868
f 2868 2904 2902
f 2905 2903 2896
f 2900 2905 2897
f 2897 2905 2896
f 2899 2900 2897
f 2896 2867 2639
f 2908 2907 2898
f 2908 2898 2897
f 2908 2897 2909
f 2909 2897 2896
f 2909 2896 2639
f 2909 2639 2908
f 2913 2810 2820
f 2913 2820 2819
f 2819 2692 2913
f 2913 2692 2918
f 2918 2692 2917
f 2917 2692 2916
f 2916 2692 2691
f 2916 2691 2915
f 2915 2691 2914
f 2914 2691 2764
f 2919 2920 2925
f 2925 2920 2923
f 2922 2923 2926
f 2922 2926 2912
f 2912 2926 2910
f 2910 2926 2921
f 2921 2926 2923
f 2921 2923 2920
f 2923 2924 2925
f 2919 2925 2927
f 2927 2925 2913
f 2920 2932 2921
f 2931 2938 2932
f 2932 2938 2921
f 2938 2933 2921
f 2928 2929 2933
f 2933 2929 2910
f 2910 2921 2933
f 2932 2920 2931
f 2931 2920 2919
f 2931 2919 2930
f 2930 2919 2927
f 2927 2913 2937
f 2937 2913 2918
f 2937 2918 2940
f 2940 2918 2943
f 2943 2918 2917
f 2943 2917 2946
f 2946 2917 2949
f 2949 2917 2916
f 2949 2916 2952
f 2952 2916 2955
f 2955 2916 2915
f 2955 2915 2934
f 2934 2915 2914
f 2936 2935 2959
f 2939 2928 2933
f 2939 2933 2938
f 2941 2938 2931
f 2941 2931 2930
f 2941 2930 2937
f 2937 2930 2927
f 2956 2952 2955
f 2956 2955 2960
f 2960 2955 2934
f 2941 2937 2944
f 2944 2937 2940
f 2944 2940 2947
f 2947 2940 2943
f 2947 2943 2950
f 2950 2943 2946
f 2950 2946 2953
f 2953 2946 2949
f 2953 2949 2958
f 2958 2949 2952
f 2958 2952 2957
f 2957 2952 2956
f 2957 2956 2961
f 2961 2956 2960
f 2942 2939 2938
f 2958 2957 2962
f 2962 2957 2961
f 2945 2942 2941
f 2941 2942 2938
f 2945 2941 2944
f 2948 2945 2944
f 2948 2944 2947
f 2951 2948 2947
f 2951 2947 2950
f 2954 2951 2950
f 2954 2950 2953
f 2959 2954 2953
f 2959 2953 2958
f 2936 2959 2958
f 2936 2958 2962
f 2934 2914 2963
f 2964 2965 2968
f 2964 2968 2963
f 2963 2968 2934
f 2969 2967 2970
f 2969 2970 2962
f 2962 2970 2935
f 2962 2935 2936
f 3334 2935 2966
f 2966 2935 2238
f 2238 2935 2967
f 2967 2935 2970
f 2962 2961 2969
f 2969 2961 2967
f 2967 2961 2965
f 2965 2961 2960
f 2965 2960 2968
f 2968 2960 2934
f 2963 2971 2964
f 2964 2971 2965
f 2965 2971 2972
f 2965 2972 2967
f 2967 2972 2237
f 2967 2237 2238
f 2183 2181 2182
f 2973 2898 2907
f 2973 2907 2908
f 2908 2639 2973
f 2973 2639 2977
f 2977 2639 2989
f 2989 2639 2992
f 2992 2639 2995
f 2995 2639 2976
f 2976 2639 2638
f 2976 2638 2975
f 2975 2638 2974
f 2974 2638 2852
f 2978 2207 2973
f 2983 2982 2980
f 2983 2980 2208
f 2208 2980 2206
f 2206 2980 2984
f 2984 2988 2178
f 2982 2979 2980
f 2980 2979 2984
f 2979 2988 2984
f 2984 2178 2188
f 2984 2188 2177
f 2177 2206 2984
f 2983 2208 2982
f 2982 2208 2207
f 2982 2207 2981
f 2981 2207 2978
f 2978 2973 2977
f 2999 2995 2976
f 2999 2976 3002
f 3002 2976 3004
f 3004 2976 2975
f 3004 2975 2985
f 2985 2975 2974
f 2986 2179 2203
f 2986 2203 3008
f 3008 2203 2201
f 3008 2201 2198
f 3001 2198 2193
f 3001 2193 2998
f 2998 2193 2994
f 2994 2193 2192
f 2994 2192 2178
f 2988 2979 2987
f 2987 2979 2982
f 2987 2982 2981
f 2987 2981 2978
f 2987 2978 2977
f 2987 2977 2990
f 2990 2977 2989
f 2990 2989 2993
f 2993 2989 2992
f 2993 2992 2996
f 2996 2992 2995
f 2996 2995 2999
f 3005 3002 3004
f 3005 3004 3009
f 3009 3004 2985
f 3000 2996 2999
f 3000 2999 3003
f 3003 2999 3002
f 3003 3002 3006
f 3006 3002 3005
f 3006 3005 3010
f 3010 3005 3009
f 2994 2178 2988
f 2988 2987 2991
f 2991 2987 2990
f 2991 2990 2998
f 2998 2990 2993
f 2998 2993 2997
f 2997 2993 2996
f 2997 2996 3000
f 3007 3003 3006
f 3007 3006 3011
f 3011 3006 3010
f 2991 2994 2988
f 2994 2991 2998
f 3001 2998 2997
f 3001 2997 3000
f 2198 3001 3000
f 2198 3000 3003
f 3008 2198 3003
f 3008 3003 3007
f 2986 3008 3007
f 2986 3007 3011
f 2985 2974 3012
f 3013 3014 3016
f 3013 3016 3012
f 3012 3016 2985
f 3017 3015 3018
f 3017 3018 3011
f 3011 3018 2179
f 3011 2179 2986
f 2180 2179 2181
f 2181 2179 2182
f 2182 2179 3015
f 3015 2179 3018
f 3011 3010 3017
f 3017 3010 3015
f 3015 3010 3014
f 3014 3010 3009
f 3014 3009 3016
f 3016 3009 2985
f 3013 3022 3014
f 3014 3022 3020
f 3014 3020 3015
f 3015 3020 3021
f 3015 3021 2182
f 3020 3022 3019
f 3019 3022 3013
f 2388 3029 2376
f 2376 3029 3030
f 2376 3030 2377
f 2377 3030 3031
f 2377 3031 3032
f 3032 3031 3101
f 3029 2388 3028
f 3028 2388 2403
f 3028 2403 3027
f 3027 2403 2387
f 3027 2387 3026
f 3026 2387 2404
f 3026 2404 3025
f 3025 2404 2406
f 3025 2406 3024
f 3024 2406 2386
f 3024 2386 3096
f 3096 2386 2385
f 3096 2385 3023
f 3023 2385 3227
f 3227 2385 3068
f 3068 2385 3067
f 3067 2385 3066
f 3067 3066 3116
f 3066 2385 3065
f 3065 2385 2413
f 3065 2413 3064
f 3064 2413 3063
f 3063 2413 2412
f 3063 2412 3062
f 3062 2412 2415
f 3062 2415 3061
f 3061 2415 2384
f 3061 2384 3060
f 3060 2384 2383
f 3060 2383 3059
f 3059 2383 3252
f 3252 2383 2416
f 3252 2416 3058
f 3058 2416 3253
f 3058 3253 3123
f 2418 3109 2416
f 2416 3109 3056
f 2416 3056 3259
f 3109 2418 3055
f 3055 2418 2382
f 3055 2382 3054
f 3054 2382 2381
f 3054 2381 3053
f 3053 2381 2389
f 3053 2389 3052
f 3052 2389 2390
f 3052 2390 3051
f 3051 2390 2391
f 3051 2391 3050
f 3050 2391 2392
f 3050 2392 3049
f 3049 2392 3048
f 3048 2392 2393
f 3048 2393 3104
f 3104 2393 2395
f 3104 2395 3047
f 3047 2395 2380
f 3047 2380 3246
f 3246 2380 3250
f 3250 2380 2396
f 3250 2396 3244
f 3244 2396 3044
f 3244 3044 3046
f 3046 3044 3045
f 2397 3043 2396
f 2396 3043 3241
f 2396 3241 3044
f 2398 3041 2397
f 2397 3041 3042
f 2397 3042 3043
f 3041 2398 3040
f 3040 2398 2379
f 3040 2379 3039
f 3039 2379 2378
f 3039 2378 3038
f 3038 2378 3037
f 3036 3037 3034
f 3036 3034 3035
f 3034 3037 3033
f 3033 3037 3032
f 3259 3253 2416
f 3123 3057 3058
f 3116 3115 3067
f 3251 3069 3260
f 3260 3069 3072
f 3072 3069 3070
f 3072 3070 3071
f 2736 2734 3073
f 3073 2734 2737
f 3073 2737 2761
f 3073 2761 3080
f 3080 2761 2759
f 3080 2759 2699
f 3080 2699 2717
f 3080 2717 3079
f 3079 2717 2721
f 3079 2721 3078
f 3078 2721 2724
f 3078 2724 3077
f 3077 2724 2727
f 3077 2727 2709
f 3077 2709 3076
f 3076 2709 2708
f 3076 2708 2707
f 3076 2707 3075
f 3075 2707 2783
f 3075 2783 2784
f 3075 2784 3074
f 3074 2784 2778
f 3074 2778 2777
f 3073 3081 2736
f 2736 3081 2765
f 2765 3081 2766
f 2766 3081 3082
f 2766 3082 2767
f 2767 3082 3083
f 2813 3084 2818
f 2818 3084 3085
f 2818 3085 2816
f 2816 3085 3204
f 2816 3204 2777
f 2777 3204 3074
f 3086 3087 2824
f 2824 3087 2853
f 2853 3087 2854
f 2854 3087 3088
f 2854 3088 2855
f 2855 3088 3190
f 2824 2822 3086
f 3086 2822 2825
f 3086 2825 2849
f 3086 2849 3092
f 3092 2849 2847
f 3092 2847 2646
f 3092 2646 2663
f 3092 2663 3167
f 3167 2663 2667
f 3167 2667 3164
f 3164 2667 2670
f 3164 2670 3159
f 3159 2670 2673
f 3159 2673 2656
f 3159 2656 3091
f 3091 2656 2655
f 3091 2655 2654
f 3091 2654 3090
f 3090 2654 2871
f 3090 2871 2872
f 3090 2872 3089
f 3089 2872 2866
f 3089 2866 2865
f 3041 3040 3042
f 3096 3023 3095
f 3095 3023 3093
f 3095 3093 3094
f 3031 3030 3097
f 3031 3097 3101
f 3101 3097 3100
f 3100 3097 3099
f 3099 3097 3098
f 3062 3061 3063
f 3104 3047 3103
f 3103 3047 3102
f 3103 3102 3182
f 3055 3054 3105
f 3055 3105 3109
f 3109 3105 3108
f 3108 3105 3107
f 3107 3105 3106
f 2901 3110 2906
f 2906 3110 3111
f 2906 3111 2904
f 2904 3111 3141
f 2904 3141 2865
f 2865 3141 3089
f 3071 3070 3117
f 3117 3070 3112
f 3117 3112 3113
f 3117 3113 3114
f 3114 3113 2971
f 3114 2971 3118
f 3118 2971 2963
f 3118 2963 3119
f 3119 2963 2914
f 3119 2914 2769
f 2769 2914 2770
f 2770 2914 2764
f 2769 2768 3119
f 3119 2768 2767
f 3119 2767 3083
f 3119 3083 3118
f 3083 3114 3118
f 3114 3115 3117
f 3115 3116 3117
f 3116 3071 3117
f 3120 3127 2208
f 2208 3127 3126
f 2208 3126 2207
f 2207 3126 3125
f 2207 3125 2973
f 2973 3125 2900
f 2973 2900 2899
f 3127 3120 3121
f 3127 3121 3122
f 3122 3121 3069
f 3122 3069 3251
f 3122 3123 3127
f 3123 3124 3127
f 3127 3124 3126
f 3126 3124 3125
f 3124 3110 3125
f 3125 3110 2901
f 2901 2900 3125
f 2899 2898 2973
f 3132 3107 3106
f 3132 3106 3136
f 3136 3106 3105
f 3136 3105 3142
f 3145 3144 3128
f 3110 3130 3111
f 3111 3130 3141
f 3129 3089 3140
f 3129 3140 3128
f 3135 3131 3134
f 3138 3133 3132
f 3138 3132 3137
f 3137 3132 3136
f 3137 3136 3143
f 3143 3136 3142
f 3138 3137 3144
f 3144 3137 3143
f 3140 3135 3134
f 3134 3133 3139
f 3139 3133 3138
f 3139 3138 3145
f 3145 3138 3144
f 3141 3130 3131
f 3141 3131 3135
f 3128 3140 3139
f 3139 3140 3134
f 3128 3139 3145
f 3089 3141 3135
f 3089 3135 3140
f 3142 3105 3148
f 3148 3105 3054
f 3148 3054 3151
f 3151 3054 3053
f 3151 3053 3153
f 3153 3053 3052
f 3153 3052 3157
f 3157 3052 3051
f 3157 3051 3160
f 3160 3051 3050
f 3160 3050 3165
f 3165 3050 3049
f 3165 3049 3168
f 3168 3049 3048
f 3168 3048 3146
f 3146 3048 3104
f 3146 3104 3103
f 3173 3147 3174
f 3174 3147 3175
f 3175 3147 3086
f 3175 3086 3092
f 3175 3092 3171
f 3171 3092 3167
f 3156 3159 3091
f 3156 3091 3152
f 3152 3091 3150
f 3150 3091 3090
f 3150 3090 3129
f 3129 3090 3089
f 3129 3128 3150
f 3156 3152 3155
f 3156 3155 3159
f 3159 3155 3158
f 3159 3158 3164
f 3164 3158 3163
f 3164 3163 3167
f 3167 3163 3171
f 3128 3144 3150
f 3150 3144 3149
f 3150 3149 3152
f 3152 3149 3155
f 3163 3162 3171
f 3171 3162 3166
f 3171 3166 3175
f 3175 3166 3170
f 3175 3170 3174
f 3174 3170 3173
f 3144 3143 3149
f 3149 3143 3148
f 3149 3148 3155
f 3155 3148 3151
f 3155 3151 3158
f 3158 3151 3154
f 3158 3154 3163
f 3163 3154 3162
f 3162 3161 3166
f 3166 3161 3170
f 3170 3161 3169
f 3170 3169 3173
f 3173 3169 3172
f 3143 3142 3148
f 3154 3151 3153
f 3154 3153 3162
f 3162 3153 3157
f 3162 3157 3161
f 3161 3157 3160
f 3161 3160 3165
f 3161 3165 3169
f 3169 3165 3168
f 3169 3168 3172
f 3172 3168 3146
f 3146 3103 3178
f 3178 3103 3182
f 3186 3182 3102
f 3189 3188 3176
f 3180 3181 3147
f 3147 3181 3086
f 3088 3087 3190
f 3177 3190 3185
f 3177 3185 3176
f 3180 3147 3179
f 3179 3147 3173
f 3179 3173 3172
f 3179 3172 3178
f 3178 3172 3146
f 3183 3178 3182
f 3183 3182 3187
f 3187 3182 3186
f 3179 3178 3184
f 3184 3178 3183
f 3184 3183 3188
f 3188 3183 3187
f 3185 3180 3179
f 3189 3184 3188
f 3087 3086 3181
f 3087 3181 3180
f 3176 3185 3184
f 3184 3185 3179
f 3176 3184 3189
f 3190 3087 3180
f 3190 3180 3185
f 3195 3099 3098
f 3195 3098 3199
f 3199 3098 3097
f 3199 3097 3205
f 3208 3207 3191
f 3084 3193 3085
f 3085 3193 3204
f 3192 3074 3203
f 3192 3203 3191
f 3198 3194 3197
f 3201 3196 3195
f 3201 3195 3200
f 3200 3195 3199
f 3200 3199 3206
f 3206 3199 3205
f 3201 3200 3207
f 3207 3200 3206
f 3203 3198 3197
f 3197 3196 3202
f 3202 3196 3201
f 3202 3201 3208
f 3208 3201 3207
f 3204 3193 3194
f 3204 3194 3198
f 3191 3203 3202
f 3202 3203 3197
f 3191 3202 3208
f 3074 3204 3198
f 3074 3198 3203
f 3213 3095 3094
f 3213 3094 3217
f 3217 3094 3222
f 3222 3094 3093
f 3225 3224 3209
f 3073 3211 3081
f 3082 3081 3226
f 3082 3226 3083
f 3083 3226 3210
f 3210 3226 3221
f 3210 3221 3209
f 3216 3212 3215
f 3219 3214 3213
f 3219 3213 3218
f 3218 3213 3217
f 3218 3217 3223
f 3223 3217 3222
f 3219 3218 3224
f 3224 3218 3223
f 3221 3216 3215
f 3215 3214 3220
f 3220 3214 3219
f 3220 3219 3225
f 3225 3219 3224
f 3081 3211 3212
f 3081 3212 3216
f 3209 3221 3220
f 3220 3221 3215
f 3209 3220 3225
f 3226 3081 3216
f 3226 3216 3221
f 3222 3023 3227
f 3227 3068 3230
f 3228 3230 3229
f 3228 3229 3209
f 3209 3229 3210
f 3210 3229 3083
f 3230 3068 3232
f 3232 3068 3067
f 3232 3067 3115
f 3066 3065 3071
f 3066 3071 3116
f 3115 3114 3232
f 3232 3114 3231
f 3232 3231 3230
f 3230 3231 3229
f 3114 3083 3231
f 3231 3083 3229
f 3209 3224 3228
f 3228 3224 3230
f 3224 3223 3230
f 3230 3223 3227
f 3223 3222 3227
f 3222 3093 3023
f 3032 3101 3195
f 3195 3101 3100
f 3100 3099 3195
f 3032 3195 3238
f 3238 3195 3196
f 3238 3196 3197
f 3238 3197 3194
f 3238 3194 3237
f 3237 3194 3193
f 3237 3193 3233
f 3233 3193 3084
f 3034 3240 3035
f 3035 3240 3234
f 3035 3234 3036
f 3036 3234 3037
f 3037 3234 3236
f 3037 3236 3038
f 3234 3235 3236
f 3034 3033 3240
f 3240 3033 3237
f 3240 3237 3239
f 3239 3237 3233
f 3032 3238 3033
f 3033 3238 3237
f 3186 3047 3246
f 3246 3250 3249
f 3244 3046 3045
f 3244 3045 3243
f 3243 3045 3044
f 3044 3241 3242
f 3044 3242 3243
f 3250 3244 3247
f 3247 3244 3248
f 3190 3177 3245
f 3245 3177 3248
f 3177 3176 3248
f 3248 3176 3247
f 3176 3188 3247
f 3247 3188 3249
f 3188 3187 3249
f 3249 3187 3246
f 3187 3186 3246
f 3186 3102 3047
f 3250 3247 3249
f 3252 3058 3122
f 3252 3122 3251
f 3058 3057 3122
f 3122 3057 3123
f 3259 3256 3257
f 3257 3256 3130
f 3257 3130 3110
f 3056 3254 3259
f 3259 3254 3255
f 3259 3255 3256
f 3256 3255 3131
f 3256 3131 3130
f 3254 3056 3132
f 3132 3056 3109
f 3109 3108 3132
f 3132 3108 3107
f 3132 3133 3254
f 3254 3133 3134
f 3254 3134 3255
f 3255 3134 3131
f 3110 3124 3257
f 3257 3124 3258
f 3257 3258 3259
f 3259 3258 3253
f 3258 3124 3253
f 3124 3123 3253
f 3263 3060 3059
f 3263 3059 3252
f 3263 3252 3262
f 3262 3252 3261
f 3261 3252 3251
f 3261 3251 3260
f 3264 3260 3072
f 3264 3072 3065
f 3065 3072 3071
f 3264 3065 3265
f 3264 3265 3260
f 3260 3265 3261
f 3065 3064 3265
f 3261 3265 3262
f 3064 3063 3266
f 3064 3266 3265
f 3265 3266 3262
f 3063 3061 3263
f 3061 3060 3263
f 3063 3263 3266
f 3266 3263 3262
f 3270 3039 3038
f 3270 3038 3269
f 3269 3038 3236
f 3269 3236 3235
f 3269 3235 3268
f 3271 3268 3267
f 3271 3267 3241
f 3241 3267 3242
f 3271 3241 3272
f 3271 3272 3268
f 3268 3272 3269
f 3241 3043 3272
f 3272 3043 3269
f 3042 3274 3043
f 3043 3274 3273
f 3043 3273 3269
f 3042 3040 3274
f 3274 3040 3270
f 3040 3039 3270
f 3274 3270 3273
f 3273 3270 3269
f 3097 3030 3205
f 3205 3030 3275
f 3079 3078 3290
f 3079 3290 3080
f 3080 3290 3292
f 3080 3292 3297
f 3080 3297 3073
f 3073 3297 3211
f 3211 3297 3296
f 3211 3296 3212
f 3212 3296 3295
f 3212 3295 3215
f 3215 3295 3294
f 3215 3294 3214
f 3214 3294 3293
f 3214 3293 3213
f 3213 3293 3096
f 3213 3096 3095
f 3275 3030 3280
f 3280 3030 3029
f 3280 3029 3283
f 3283 3029 3028
f 3283 3028 3286
f 3286 3028 3027
f 3286 3027 3288
f 3288 3027 3026
f 3288 3026 3291
f 3291 3026 3025
f 3291 3025 3294
f 3294 3025 3024
f 3294 3024 3293
f 3293 3024 3096
f 3078 3077 3285
f 3285 3077 3282
f 3285 3282 3281
f 3281 3282 3279
f 3281 3279 3278
f 3278 3279 3276
f 3278 3276 3275
f 3275 3276 3206
f 3275 3206 3205
f 3077 3076 3282
f 3276 3279 3207
f 3276 3207 3206
f 3282 3076 3277
f 3282 3277 3279
f 3279 3277 3191
f 3279 3191 3207
f 3076 3075 3277
f 3277 3075 3192
f 3277 3192 3191
f 3075 3074 3192
f 3278 3275 3280
f 3278 3280 3281
f 3281 3280 3284
f 3281 3284 3285
f 3285 3284 3287
f 3285 3287 3078
f 3078 3287 3290
f 3284 3280 3283
f 3284 3283 3286
f 3284 3286 3289
f 3289 3286 3288
f 3289 3288 3291
f 3289 3291 3295
f 3295 3291 3294
f 3290 3287 3292
f 3287 3284 3289
f 3287 3289 3292
f 3292 3289 3296
f 3296 3289 3295
f 3297 3292 3296
f 2334 2620 2349
f 2349 2620 2626
f 2349 2626 2335
f 2335 2626 2625
f 2335 2625 2624
f 2335 2624 2336
f 2336 2624 2623
f 2336 2623 2345
f 2345 2623 2622
f 2345 2622 2337
f 2620 3298 2626
f 2626 3298 3299
f 2626 3299 2625
f 2625 3299 3300
f 2625 3300 2624
f 2624 3300 3301
f 2624 3301 2621
f 2621 3301 2623
f 2623 3301 2622
f 2622 3301 3302
f 2627 3303 3302
f 3302 3303 2169
f 3302 2169 3298
f 3298 2169 2173
f 3298 2173 3299
f 3299 2173 2175
f 3299 2175 3300
f 3300 2175 2196
f 2196 2200 3300
f 3300 2200 3301
f 3301 2200 2627
f 3301 2627 3302
f 2251 3307 3304
f 2251 3304 2249
f 2249 3304 2211
f 2249 2211 2210
f 3307 2251 3306
f 3306 2251 2250
f 3306 2250 3341
f 3341 2250 3305
f 3305 2250 2215
f 2215 2250 2210
f 2210 2250 2249
f 3306 3308 3307
f 2211 3304 2212
f 2212 3304 2170
f 2212 2170 3303
f 3303 2170 2169
f 2219 2220 2235
f 2219 2235 2229
f 2213 2212 2185
f 2185 2212 3303
f 2185 3303 2186
f 2186 3303 2627
f 2186 2627 2205
f 2184 2183 3309
f 3309 2183 2182
f 3019 3310 3020
f 3020 3310 3021
f 3021 3310 3309
f 3021 3309 2182
f 3242 3311 3314
f 3314 3311 3312
f 3314 3312 3313
f 3314 3313 3315
f 3315 3313 3019
f 3315 3019 3316
f 3316 3019 3013
f 3316 3013 3012
f 3316 3012 3317
f 3317 3012 2974
f 3317 2974 2857
f 2857 2974 2858
f 2858 2974 2852
f 2857 2856 3317
f 3317 2856 2855
f 3317 2855 3190
f 3190 3245 3317
f 3317 3245 3316
f 3245 3248 3316
f 3316 3248 3315
f 3248 3244 3315
f 3315 3244 3314
f 3244 3243 3314
f 3243 3242 3314
f 3235 3318 3268
f 3268 3318 3319
f 3268 3319 3267
f 3267 3319 3242
f 3242 3319 3311
f 2924 3320 3324
f 3324 3320 3325
f 3325 3320 3321
f 3325 3321 3318
f 3325 3318 3235
f 3235 3234 3325
f 3234 3240 3325
f 3325 3240 3324
f 3240 3239 3324
f 3324 3239 3323
f 3324 3323 2924
f 2924 3323 2925
f 2925 3323 3322
f 2925 3322 2913
f 2913 3322 2812
f 2913 2812 2811
f 3239 3233 3323
f 3323 3233 3322
f 3233 3084 3322
f 3322 3084 2813
f 2813 2812 3322
f 2811 2810 2913
f 3327 2922 2912
f 2922 3326 2923
f 2923 3326 2924
f 2924 3326 3320
f 3328 3327 2911
f 2911 3327 2912
f 2237 3329 2238
f 2238 3329 3334
f 2238 3334 2966
f 2935 3334 3331
f 2935 3331 2959
f 2959 3331 3340
f 3339 3337 3338
f 3338 3337 3308
f 3338 3308 3306
f 3334 3329 3330
f 3335 3330 3308
f 3335 3308 3337
f 3306 3341 3338
f 3338 3342 3339
f 3339 3342 3345
f 3339 3345 3340
f 3340 3345 2954
f 3340 2954 2959
f 3349 3352 2942
f 2942 3352 2939
f 2939 3352 3333
f 3353 2210 3355
f 3341 3305 3343
f 3343 3305 2215
f 3343 2215 3332
f 3332 2215 3350
f 3351 3350 3354
f 3351 3354 3333
f 2215 2214 3350
f 3350 2214 3353
f 3350 3353 3354
f 2214 2210 3353
f 3355 3354 3353
f 3327 3328 2209
f 2209 3328 2911
f 2911 2912 2209
f 2209 2912 3356
f 2209 3356 3355
f 3355 3356 3354
f 2912 2910 3356
f 3356 2910 2929
f 3356 2929 3333
f 3356 3333 3354
f 2929 2928 3333
f 3333 2928 2939
f 2942 2945 3349
f 3349 2945 3348
f 3349 3348 3347
f 3347 3348 3344
f 3347 3344 3343
f 3343 3344 3346
f 3343 3346 3341
f 3341 3346 3338
f 2945 2948 3348
f 3346 3344 3338
f 3348 2948 3345
f 3345 2948 2951
f 3345 2951 2954
f 3331 3334 3330
f 3331 3330 3336
f 3336 3330 3335
f 3336 3335 3339
f 3339 3335 3337
f 3340 3331 3336
f 3340 3336 3339
f 3345 3342 3344
f 3344 3342 3338
f 3345 3344 3348
f 3343 3332 3347
f 3347 3332 3350
f 3347 3350 3349
f 3349 3350 3351
f 3349 3351 3352
f 3352 3351 3333
f 3307 3330 3304
f 3304 3330 3329
f 3304 3329 2170
f 2170 3329 2171
f 3307 3308 3330
f 2240 2239 3369
f 3369 2239 3357
f 3369 3357 3358
f 3369 3358 3363
f 3363 3358 3381
f 3378 3383 3384
f 3378 3384 3377
f 3378 3377 3375
f 3375 3377 3366
f 3366 3377 3372
f 3366 3372 2241
f 2241 3367 2242
f 2242 3367 3368
f 2242 3368 3361
f 3361 3368 3374
f 3361 3374 3360
f 3360 3374 3362
f 3362 3374 3376
f 3358 3359 3381
f 3381 3359 3382
f 3384 3385 3377
f 3377 3385 3376
f 3385 3384 3386
f 3361 2243 2242
f 2241 3365 3366
f 3366 3365 3371
f 3366 3371 3375
f 3375 3371 3378
f 3378 3371 3379
f 3378 3379 3383
f 3364 3365 2240
f 3364 2240 3369
f 3386 3360 3362
f 3371 3365 3364
f 3364 3369 3370
f 3370 3369 3380
f 3380 3369 3363
f 3380 3363 3381
f 3380 3381 3382
f 3374 3368 3367
f 3367 2241 3373
f 3373 2241 3372
f 3373 3372 3376
f 3376 3372 3377
f 3370 3371 3364
f 3371 3370 3380
f 3373 3374 3367
f 3374 3373 3376
f 3379 3371 3380
f 3385 3386 3376
f 3376 3386 3362
f 3382 3383 3380
f 3380 3383 3379
f 3386 3384 3359
f 3359 3384 3382
f 3382 3384 3383
f 3329 2237 2972
f 2972 2971 3329
f 3329 2971 3113
f 3113 3112 3329
f 3329 3112 2171
f 2171 3112 3070
f 3070 3069 2171
f 2171 3069 3121
f 2171 3121 2172
f 2172 3121 3120
f 2172 3120 2208
f 2208 2206 2172
f 2206 2176 2172
f 2244 2251 2249
f 2244 2249 2246
f 2246 2249 2245
f 2243 3386 2246
f 2246 3386 3359
f 2246 3359 2244
f 2244 3359 2239
f 2239 3359 3358
f 2243 3361 3360
f 2243 3360 3386
f 3358 3357 2239
f 3327 2209 2922
f 2922 2209 3326
f 3326 2209 3320
f 3320 2209 3321
f 3321 2209 2213
f 3321 2213 3318
f 3318 2213 3319
f 3319 2213 3311
f 3311 2213 3312
f 3312 2213 2185
f 3312 2185 3313
f 3313 2185 3019
f 3019 2185 3310
f 3310 2185 3309
f 3309 2185 2184
f 3298 2620 2622
f 3298 2622 3302
f 2622 2620 2333
f 2333 2620 2334
f 2333 2334 2340
f 2333 2339 2622
f 2622 2339 2337
f 2339 2338 2337
f 2155 2219 2156
f 2156 2219 2159
f 2156 2159 2157
f 2157 2159 2158
f 2154 2151 2155
f 2155 2151 2220
f 2155 2220 2219
f 2151 2154 2153
f 2153 2152 2151
f 2151 2224 2220
f 2220 2224 2221
f 2221 2224 2222
f 2224 2223 2222
f 2159 2219 2216
f 2219 2218 2216
f 2216 2218 2217
f 3388 3410 3387
f 3387 3410 3411
f 3389 3395 3388
f 3388 3395 3409
f 3388 3409 3410
f 3390 3393 3389
f 3389 3393 3394
f 3389 3394 3395
f 3390 3391 3392
f 3392 3393 3390
f 3409 3395 3408
f 3408 3395 3396
f 3408 3396 3407
f 3407 3396 3400
f 3407 3400 3403
f 3403 3400 3401
f 3403 3401 3402
f 3396 3397 3400
f 3400 3397 3398
f 3400 3398 3399
f 3403 3404 3405
f 3405 3406 3403
f 3403 3406 3407
f 3387 3411 3412
f 3414 3436 3413
f 3413 3436 3437
f 3415 3421 3414
f 3414 3421 3435
f 3414 3435 3436
f 3416 3419 3415
f 3415 3419 3420
f 3415 3420 3421
f 3416 3417 3418
f 3418 3419 3416
f 3435 3421 3434
f 3434 3421 3422
f 3434 3422 3433
f 3433 3422 3426
f 3433 3426 3429
f 3429 3426 3428
f 3428 3426 3427
f 3422 3423 3426
f 3426 3423 3424
f 3426 3424 3425
f 3429 3430 3431
f 3431 3432 3429
f 3429 3432 3433
f 3413 3437 3438
f 3419 3447 3420
f 3420 3447 3444
f 3420 3444 3445
f 3445 3444 3448
f 3445 3448 3452
f 3440 3453 3460
f 3440 3460 3439
f 3439 3460 3459
f 3439 3459 3458
f 3458 3459 3455
f 3458 3455 3451
f 3450 3451 3447
f 3450 3447 3418
f 3418 3447 3419
f 3450 3418 3454
f 3450 3454 3451
f 3451 3454 3457
f 3451 3457 3458
f 3458 3457 3416
f 3458 3416 3439
f 3418 3417 3454
f 3457 3454 3416
f 3454 3417 3416
f 3440 3441 3453
f 3453 3441 3449
f 3453 3449 3452
f 3452 3449 3446
f 3452 3446 3445
f 3445 3446 3443
f 3445 3443 3420
f 3446 3449 3443
f 3441 3442 3449
f 3449 3442 3443
f 3444 3447 3448
f 3448 3447 3451
f 3448 3456 3452
f 3452 3456 3453
f 3453 3456 3460
f 3456 3448 3451
f 3455 3456 3451
f 3460 3456 3459
f 3459 3456 3455
f 3487 3461 3486
f 3486 3461 3489
f 3486 3489 3485
f 3489 3490 3484
f 3484 3490 3483
f 3483 3490 3482
f 3482 3490 3481
f 3481 3490 3402
f 3481 3402 3401
f 3488 3892 3463
f 3488 3463 3495
f 3495 3463 3464
f 3495 3464 3465
f 3465 3466 3495
f 3495 3466 3427
f 3427 3466 3467
f 3427 3467 3428
f 3428 3467 3468
f 3428 3468 3494
f 3494 3468 3469
f 3494 3469 3470
f 3470 3471 3494
f 3494 3471 3472
f 3493 3473 3796
f 3493 3796 3474
f 3474 3475 3492
f 3492 3475 3476
f 3492 3476 3477
f 3492 3477 3491
f 3491 3477 3478
f 3491 3478 3479
f 3479 3480 3491
f 3491 3480 3481
f 3491 3481 3401
f 3426 3495 3427
f 3495 3496 3488
f 3488 3496 3497
f 3488 3497 3462
f 3462 3497 3498
f 3462 3498 3461
f 3461 3498 3499
f 3461 3499 3489
f 3489 3499 3500
f 3489 3500 3490
f 3490 3500 3402
f 3402 3500 3403
f 3495 3426 3503
f 3503 3426 3425
f 3425 3424 3503
f 3527 3524 3526
f 3527 3526 3404
f 3404 3526 3525
f 3404 3525 3405
f 3405 3525 3522
f 3405 3522 3406
f 3406 3522 3407
f 3407 3502 3408
f 3503 3424 3505
f 3503 3505 3508
f 3508 3505 3507
f 3508 3507 3511
f 3511 3507 3513
f 3511 3513 3514
f 3514 3513 3517
f 3517 3513 3516
f 3517 3516 3521
f 3521 3516 3520
f 3521 3520 3524
f 3524 3520 3526
f 3424 3423 3505
f 3505 3423 3504
f 3504 3423 3422
f 3504 3422 3501
f 3504 3501 3506
f 3506 3501 3509
f 3522 3518 3502
f 3522 3502 3407
f 3422 3421 3501
f 3404 3403 3527
f 3527 3403 3500
f 3527 3500 3524
f 3524 3500 3521
f 3521 3500 3499
f 3521 3499 3517
f 3517 3499 3498
f 3517 3498 3514
f 3514 3498 3497
f 3514 3497 3511
f 3511 3497 3496
f 3511 3496 3508
f 3508 3496 3495
f 3508 3495 3503
f 3507 3505 3504
f 3510 3506 3509
f 3510 3509 3516
f 3516 3509 3512
f 3516 3512 3520
f 3520 3512 3515
f 3520 3515 3519
f 3519 3515 3518
f 3519 3518 3523
f 3523 3518 3522
f 3513 3507 3506
f 3506 3507 3504
f 3513 3506 3510
f 3513 3510 3516
f 3526 3520 3519
f 3526 3519 3523
f 3525 3526 3523
f 3525 3523 3522
f 3421 3420 3501
f 3501 3420 3530
f 3501 3530 3509
f 3509 3530 3512
f 3512 3530 3531
f 3512 3531 3515
f 3515 3531 3518
f 3518 3531 3502
f 3502 3531 3409
f 3502 3409 3408
f 3420 3443 3530
f 3530 3443 3529
f 3529 3443 3528
f 3409 3531 3534
f 3534 3531 3532
f 3534 3532 3533
f 3393 3543 3394
f 3394 3543 3540
f 3394 3540 3541
f 3541 3540 3544
f 3541 3544 3548
f 3536 3549 3556
f 3536 3556 3535
f 3535 3556 3555
f 3535 3555 3554
f 3554 3555 3551
f 3554 3551 3547
f 3546 3547 3543
f 3546 3543 3392
f 3392 3543 3393
f 3546 3392 3550
f 3546 3550 3547
f 3547 3550 3553
f 3547 3553 3554
f 3554 3553 3390
f 3554 3390 3535
f 3392 3391 3550
f 3553 3550 3390
f 3550 3391 3390
f 3536 3537 3549
f 3549 3537 3545
f 3549 3545 3548
f 3548 3545 3542
f 3548 3542 3541
f 3541 3542 3539
f 3541 3539 3394
f 3542 3545 3539
f 3537 3538 3545
f 3545 3538 3539
f 3540 3543 3544
f 3544 3543 3547
f 3544 3552 3548
f 3548 3552 3549
f 3549 3552 3556
f 3552 3544 3547
f 3551 3552 3547
f 3556 3552 3555
f 3555 3552 3551
f 3557 3558 3574
f 3574 3558 3573
f 3573 3558 3559
f 3573 3559 3572
f 3572 3559 3560
f 3572 3560 3571
f 3571 3560 3561
f 3571 3561 3570
f 3570 3561 3569
f 3569 3561 3562
f 3569 3562 3563
f 3564 3567 3563
f 3563 3567 3568
f 3563 3568 3569
f 3565 3566 3564
f 3564 3566 3567
f 3557 3574 3577
f 3577 3574 3575
f 3575 3576 3577
f 3579 3572 3578
f 3578 3572 3571
f 3578 3571 3570
f 3580 3574 3579
f 3579 3574 3573
f 3579 3573 3572
f 3574 3580 3581
f 3574 3581 3575
f 3575 3581 3582
f 3575 3582 3583
f 3575 3583 3576
f 3576 3583 3584
f 3576 3584 3577
f 3577 3584 3557
f 3557 3584 3585
f 3557 3585 3558
f 3558 3585 3586
f 3558 3586 3559
f 3559 3586 3560
f 3560 3586 3587
f 3560 3587 3561
f 3561 3587 3562
f 3562 3587 3563
f 3563 3587 3564
f 3564 3587 3565
f 3570 3569 3578
f 3578 3569 3568
f 3578 3568 3567
f 3567 3566 3578
f 3531 3530 3602
f 3602 3530 3588
f 3602 3588 3601
f 3601 3588 3589
f 3601 3589 3590
f 3591 3599 3590
f 3590 3599 3600
f 3590 3600 3601
f 3591 3592 3599
f 3599 3592 3598
f 3598 3592 3593
f 3598 3593 3597
f 3597 3593 3594
f 3597 3594 3596
f 3596 3594 3595
f 3595 3603 3596
f 3596 3603 3605
f 3605 3603 3604
f 3607 3608 3610
f 3615 3611 3614
f 3614 3611 3612
f 3614 3612 3613
f 3614 3613 3616
f 3617 3615 3614
f 3617 3614 3616
f 3415 3616 3416
f 3416 3616 3623
f 3416 3623 3439
f 3616 3415 3414
f 3616 3414 3617
f 3617 3414 3615
f 3615 3414 3413
f 3615 3413 3619
f 3619 3413 3618
f 3619 3620 3615
f 3615 3620 3611
f 3623 3616 3622
f 3622 3616 3613
f 3622 3613 3621
f 3389 3609 3390
f 3390 3609 3630
f 3390 3630 3535
f 3609 3389 3610
f 3610 3389 3388
f 3610 3388 3607
f 3607 3388 3606
f 3606 3388 3387
f 3606 3387 3625
f 3625 3387 3624
f 3625 3626 3606
f 3606 3626 3628
f 3628 3626 3627
f 3630 3609 3674
f 3630 3674 3629
f 3438 3638 3413
f 3413 3638 3635
f 3413 3635 3636
f 3636 3635 3639
f 3636 3639 3643
f 3632 3644 3651
f 3632 3651 3631
f 3631 3651 3650
f 3631 3650 3649
f 3649 3650 3646
f 3649 3646 3642
f 3641 3642 3638
f 3641 3638 3437
f 3437 3638 3438
f 3641 3437 3645
f 3641 3645 3642
f 3642 3645 3648
f 3642 3648 3649
f 3649 3648 3435
f 3649 3435 3631
f 3437 3436 3645
f 3648 3645 3435
f 3645 3436 3435
f 3632 3633 3644
f 3644 3633 3640
f 3644 3640 3643
f 3643 3640 3637
f 3643 3637 3636
f 3636 3637 3618
f 3636 3618 3413
f 3637 3640 3618
f 3633 3634 3640
f 3640 3634 3618
f 3635 3638 3639
f 3639 3638 3642
f 3639 3647 3643
f 3643 3647 3644
f 3644 3647 3651
f 3647 3639 3642
f 3646 3647 3642
f 3651 3647 3650
f 3650 3647 3646
f 3412 3659 3387
f 3387 3659 3656
f 3387 3656 3657
f 3657 3656 3660
f 3657 3660 3664
f 3653 3665 3652
f 3652 3665 3672
f 3652 3672 3534
f 3534 3672 3671
f 3534 3671 3670
f 3670 3671 3667
f 3670 3667 3663
f 3662 3663 3659
f 3662 3659 3411
f 3411 3659 3412
f 3662 3411 3666
f 3662 3666 3663
f 3663 3666 3669
f 3663 3669 3670
f 3670 3669 3409
f 3670 3409 3534
f 3411 3410 3666
f 3669 3666 3409
f 3666 3410 3409
f 3653 3654 3665
f 3665 3654 3661
f 3665 3661 3664
f 3664 3661 3658
f 3664 3658 3657
f 3657 3658 3624
f 3657 3624 3387
f 3658 3661 3624
f 3654 3655 3661
f 3661 3655 3624
f 3656 3659 3660
f 3660 3659 3663
f 3660 3668 3664
f 3664 3668 3665
f 3665 3668 3672
f 3668 3660 3663
f 3667 3668 3663
f 3672 3668 3671
f 3671 3668 3667
f 3606 3628 3607
f 3607 3628 3673
f 3607 3673 3608
f 3608 3673 3610
f 3610 3673 3674
f 3610 3674 3609
f 3675 3593 3529
f 3529 3593 3592
f 3676 3594 3675
f 3675 3594 3593
f 3594 3676 3595
f 3595 3676 3603
f 3603 3676 3677
f 3603 3677 3678
f 3603 3678 3604
f 3604 3678 3605
f 3605 3678 3679
f 3605 3679 3596
f 3596 3679 3680
f 3596 3680 3681
f 3596 3681 3597
f 3597 3681 3598
f 3598 3681 3532
f 3598 3532 3599
f 3599 3532 3600
f 3600 3532 3601
f 3601 3532 3602
f 3602 3532 3531
f 3592 3591 3529
f 3529 3591 3590
f 3529 3590 3589
f 3589 3588 3529
f 3529 3588 3530
f 3684 3685 3709
f 3684 3709 3683
f 3713 3532 3707
f 3707 3532 3681
f 3707 3681 3708
f 3708 3681 3680
f 3708 3680 3682
f 3682 3680 3679
f 3682 3679 3683
f 3683 3679 3678
f 3683 3678 3684
f 3684 3678 3685
f 3685 3678 3677
f 3685 3677 3676
f 3685 3676 3686
f 3686 3676 3687
f 3687 3676 3675
f 3687 3675 3688
f 3688 3675 3529
f 3688 3529 3689
f 3689 3529 3710
f 3710 3613 3689
f 3689 3613 3690
f 3690 3613 3612
f 3690 3612 3691
f 3691 3612 3611
f 3691 3611 3692
f 3692 3611 3693
f 3693 3611 3711
f 3711 3587 3693
f 3693 3587 3694
f 3694 3587 3586
f 3694 3586 3695
f 3695 3586 3585
f 3695 3585 3696
f 3696 3585 3584
f 3696 3584 3697
f 3697 3584 3583
f 3697 3583 3698
f 3698 3583 3582
f 3698 3582 3699
f 3699 3582 3581
f 3699 3581 3700
f 3700 3581 3580
f 3700 3580 3701
f 3701 3580 3579
f 3701 3579 3578
f 3701 3578 3702
f 3702 3578 3712
f 3712 3674 3702
f 3702 3674 3703
f 3703 3674 3704
f 3704 3674 3673
f 3704 3673 3705
f 3705 3673 3706
f 3706 3673 3628
f 3706 3628 3713
f 3706 3713 3707
f 3697 3714 3696
f 3696 3714 3695
f 3695 3714 3715
f 3695 3715 3694
f 3694 3715 3716
f 3694 3716 3693
f 3693 3716 3692
f 3692 3716 3717
f 3692 3717 3691
f 3691 3717 3718
f 3691 3718 3690
f 3690 3718 3689
f 3689 3718 3719
f 3689 3719 3688
f 3688 3719 3687
f 3687 3719 3720
f 3687 3720 3686
f 3686 3720 3721
f 3686 3721 3685
f 3685 3721 3722
f 3685 3722 3709
f 3709 3722 3683
f 3683 3722 3723
f 3683 3723 3682
f 3682 3723 3724
f 3682 3724 3708
f 3708 3724 3707
f 3707 3724 3725
f 3707 3725 3706
f 3706 3725 3726
f 3706 3726 3705
f 3705 3726 3704
f 3704 3726 3727
f 3704 3727 3703
f 3703 3727 3728
f 3703 3728 3702
f 3702 3728 3729
f 3702 3729 3701
f 3701 3729 3700
f 3700 3729 3730
f 3700 3730 3699
f 3699 3730 3731
f 3699 3731 3698
f 3698 3731 3697
f 3697 3731 3714
f 3714 3739 3740
f 3714 3740 3715
f 3715 3740 3716
f 3716 3740 3741
f 3716 3741 3742
f 3716 3742 3717
f 3717 3742 3718
f 3718 3742 3743
f 3718 3743 3744
f 3718 3744 3719
f 3719 3744 3745
f 3719 3745 3720
f 3720 3745 3721
f 3721 3745 3746
f 3721 3746 3722
f 3722 3746 3747
f 3722 3747 3748
f 3722 3748 3723
f 3723 3748 3724
f 3724 3748 3732
f 3724 3732 3733
f 3724 3733 3725
f 3725 3733 3726
f 3726 3733 3734
f 3726 3734 3735
f 3726 3735 3727
f 3727 3735 3728
f 3728 3735 3729
f 3729 3735 3736
f 3729 3736 3737
f 3729 3737 3730
f 3730 3737 3731
f 3731 3737 3738
f 3731 3738 3739
f 3731 3739 3714
f 3749 3776 3777
f 3749 3777 3764
f 3764 3777 3763
f 3763 3777 3778
f 3763 3778 3779
f 3763 3779 3762
f 3762 3779 3761
f 3761 3779 3780
f 3761 3780 3781
f 3761 3781 3760
f 3760 3781 3759
f 3759 3781 3765
f 3759 3765 3766
f 3759 3766 3758
f 3758 3766 3757
f 3757 3766 3767
f 3757 3767 3768
f 3757 3768 3769
f 3776 3749 3775
f 3775 3749 3750
f 3775 3750 3751
f 3775 3751 3774
f 3774 3751 3773
f 3773 3751 3752
f 3773 3752 3753
f 3773 3753 3772
f 3772 3753 3771
f 3771 3753 3754
f 3771 3754 3755
f 3771 3755 3770
f 3770 3755 3769
f 3769 3755 3756
f 3769 3756 3757
f 3781 3748 3765
f 3765 3748 3766
f 3766 3748 3747
f 3766 3747 3746
f 3766 3746 3767
f 3767 3746 3745
f 3767 3745 3768
f 3768 3745 3769
f 3769 3745 3744
f 3769 3744 3743
f 3769 3743 3770
f 3770 3743 3742
f 3770 3742 3771
f 3771 3742 3741
f 3771 3741 3772
f 3772 3741 3740
f 3772 3740 3773
f 3773 3740 3739
f 3773 3739 3774
f 3774 3739 3775
f 3775 3739 3738
f 3775 3738 3737
f 3775 3737 3776
f 3776 3737 3777
f 3777 3737 3736
f 3777 3736 3735
f 3777 3735 3778
f 3778 3735 3779
f 3779 3735 3734
f 3779 3734 3733
f 3779 3733 3780
f 3780 3733 3781
f 3781 3733 3732
f 3781 3732 3748
f 3528 3443 3783
f 3783 3443 3442
f 3783 3442 3441
f 3783 3441 3440
f 3783 3440 3782
f 3782 3440 3439
f 3782 3439 3623
f 3623 3622 3782
f 3782 3622 3621
f 3534 3533 3652
f 3652 3533 3653
f 3653 3533 3654
f 3654 3533 3655
f 3655 3533 3784
f 3655 3784 3624
f 3624 3784 3625
f 3625 3784 3626
f 3626 3784 3627
f 3785 3539 3787
f 3787 3539 3538
f 3787 3538 3537
f 3787 3537 3536
f 3787 3536 3786
f 3786 3536 3535
f 3786 3535 3630
f 3786 3630 3629
f 3789 3620 3619
f 3789 3619 3618
f 3618 3634 3789
f 3789 3634 3788
f 3788 3634 3633
f 3633 3632 3788
f 3788 3632 3631
f 3529 3528 3710
f 3710 3528 3783
f 3710 3783 3782
f 3710 3782 3613
f 3613 3782 3621
f 3533 3532 3713
f 3533 3713 3784
f 3784 3713 3627
f 3627 3713 3628
f 3611 3620 3711
f 3711 3620 3789
f 3711 3789 3788
f 3711 3788 3587
f 3578 3785 3712
f 3712 3785 3787
f 3712 3787 3786
f 3712 3786 3674
f 3674 3786 3629
f 3826 3812 3811
f 3826 3811 3825
f 3826 3825 3840
f 3840 3825 3865
f 3865 3825 3851
f 3865 3851 3864
f 3865 3864 3877
f 3877 3864 3891
f 3891 3864 3890
f 3891 3890 3464
f 3464 3890 3465
f 3465 3890 3876
f 3465 3876 3466
f 3466 3876 3889
f 3466 3889 3467
f 3467 3889 3888
f 3467 3888 3874
f 3800 3801 3792
f 3811 3810 3825
f 3825 3810 3824
f 3825 3824 3839
f 3825 3839 3851
f 3851 3839 3864
f 3864 3839 3863
f 3864 3863 3876
f 3864 3876 3890
f 3810 3809 3824
f 3824 3809 3839
f 3839 3809 3838
f 3839 3838 3850
f 3839 3850 3863
f 3863 3850 3876
f 3876 3850 3875
f 3876 3875 3889
f 3810 3808 3809
f 3809 3808 3823
f 3809 3823 3838
f 3838 3823 3850
f 3850 3823 3849
f 3850 3849 3862
f 3850 3862 3875
f 3875 3862 3889
f 3889 3862 3888
f 3805 3806 3790
f 3790 3804 3821
f 3821 3804 3834
f 3821 3834 3847
f 3790 3791 3804
f 3804 3791 3820
f 3804 3820 3834
f 3791 3803 3820
f 3792 3793 3800
f 3800 3793 3817
f 3885 3871 3470
f 3885 3470 3886
f 3886 3470 3469
f 3886 3469 3887
f 3887 3469 3468
f 3887 3468 3874
f 3874 3468 3467
f 3793 3794 3831
f 3793 3831 3817
f 3817 3831 3844
f 3817 3844 3832
f 3832 3844 3857
f 3832 3857 3845
f 3845 3857 3870
f 3845 3870 3858
f 3858 3870 3884
f 3858 3884 3871
f 3871 3884 3471
f 3871 3471 3470
f 3884 3870 3472
f 3884 3472 3471
f 3794 3795 3831
f 3831 3795 3856
f 3831 3856 3844
f 3844 3856 3869
f 3844 3869 3857
f 3857 3869 3883
f 3857 3883 3870
f 3870 3883 3472
f 3883 3869 3493
f 3883 3493 3472
f 3795 3796 3856
f 3856 3796 3882
f 3856 3882 3869
f 3869 3882 3473
f 3869 3473 3493
f 3882 3796 3473
f 3891 3464 3463
f 3893 3892 3488
f 3893 3488 3894
f 3894 3488 3462
f 3894 3462 3881
f 3881 3462 3461
f 3881 3461 3797
f 3881 3797 3868
f 3830 3798 3816
f 3816 3798 3799
f 3800 3817 3801
f 3801 3817 3818
f 3801 3818 3802
f 3802 3818 3819
f 3802 3819 3803
f 3803 3819 3820
f 3805 3790 3835
f 3835 3790 3821
f 3835 3821 3847
f 3835 3847 3860
f 3806 3805 3822
f 3822 3805 3835
f 3822 3835 3836
f 3836 3835 3860
f 3836 3860 3873
f 3823 3808 3807
f 3807 3806 3837
f 3837 3806 3822
f 3837 3822 3836
f 3837 3836 3848
f 3848 3836 3861
f 3861 3836 3873
f 3861 3873 3874
f 3812 3826 3827
f 3827 3826 3840
f 3852 3840 3865
f 3852 3865 3866
f 3866 3865 3878
f 3878 3865 3877
f 3878 3877 3463
f 3463 3877 3891
f 3813 3812 3827
f 3841 3827 3840
f 3841 3840 3852
f 3879 3866 3878
f 3879 3878 3892
f 3892 3878 3463
f 3814 3813 3828
f 3828 3813 3827
f 3828 3827 3841
f 3853 3841 3852
f 3853 3852 3867
f 3867 3852 3866
f 3867 3866 3879
f 3893 3879 3892
f 3830 3816 3815
f 3815 3814 3829
f 3829 3814 3828
f 3829 3828 3842
f 3842 3828 3841
f 3842 3841 3854
f 3854 3841 3853
f 3853 3867 3880
f 3880 3867 3879
f 3880 3879 3894
f 3894 3879 3893
f 3817 3832 3818
f 3819 3818 3833
f 3819 3833 3820
f 3820 3833 3834
f 3837 3823 3807
f 3843 3830 3829
f 3829 3830 3815
f 3843 3829 3842
f 3832 3845 3818
f 3818 3845 3833
f 3833 3846 3834
f 3834 3846 3847
f 3849 3823 3837
f 3849 3837 3848
f 3855 3843 3842
f 3855 3842 3854
f 3845 3858 3833
f 3833 3858 3846
f 3846 3859 3847
f 3847 3859 3860
f 3862 3849 3848
f 3862 3848 3861
f 3868 3855 3854
f 3868 3854 3853
f 3858 3871 3846
f 3846 3871 3859
f 3859 3872 3860
f 3860 3872 3873
f 3862 3861 3874
f 3881 3868 3853
f 3881 3853 3880
f 3871 3885 3859
f 3859 3885 3886
f 3859 3886 3872
f 3872 3886 3887
f 3872 3887 3873
f 3873 3887 3874
f 3888 3862 3874
f 3881 3880 3894
f 3792 3915 3793
f 3793 3915 3935
f 3793 3935 3794
f 3794 3935 3948
f 3794 3948 3795
f 3795 3948 3961
f 3795 3961 3981
f 3795 3981 3796
f 3796 3981 3474
f 3474 3981 3475
f 3477 3980 3478
f 3478 3980 3979
f 3478 3979 3479
f 3479 3979 3978
f 3479 3978 3480
f 3480 3978 3977
f 3480 3977 3481
f 3481 3977 3482
f 3482 3977 3976
f 3482 3976 3975
f 3975 3976 3964
f 3975 3964 3963
f 3963 3964 3952
f 3963 3952 3938
f 3798 3916 3799
f 3799 3916 3903
f 3895 3896 3913
f 3895 3913 3914
f 3914 3913 3924
f 3914 3924 3935
f 3896 3897 3912
f 3896 3912 3923
f 3923 3912 3946
f 3946 3912 3945
f 3946 3945 3970
f 3970 3945 3958
f 3970 3958 3969
f 3970 3969 3477
f 3477 3969 3980
f 3912 3897 3911
f 3911 3897 3910
f 3910 3897 3898
f 3910 3898 3909
f 3909 3898 3899
f 3909 3899 3908
f 3908 3899 3900
f 3908 3900 3907
f 3907 3900 3901
f 3906 3905 3917
f 3917 3905 3927
f 3927 3905 3937
f 3927 3937 3938
f 3906 3902 3905
f 3905 3902 3903
f 3905 3903 3904
f 3904 3903 3916
f 3904 3916 3926
f 3798 3830 3916
f 3916 3830 3925
f 3916 3925 3926
f 3926 3925 3950
f 3926 3950 3937
f 3937 3950 3951
f 3937 3951 3938
f 3938 3951 3962
f 3938 3962 3963
f 3963 3962 3974
f 3963 3974 3975
f 3975 3974 3484
f 3975 3484 3483
f 3830 3843 3925
f 3925 3843 3936
f 3925 3936 3950
f 3974 3962 3484
f 3843 3855 3936
f 3936 3855 3949
f 3936 3949 3950
f 3950 3949 3973
f 3950 3973 3951
f 3951 3973 3485
f 3951 3485 3962
f 3962 3485 3489
f 3855 3868 3949
f 3949 3868 3972
f 3949 3972 3973
f 3485 3973 3486
f 3868 3797 3972
f 3973 3972 3486
f 3797 3461 3972
f 3972 3461 3487
f 3972 3487 3486
f 3489 3484 3962
f 3483 3482 3975
f 3905 3904 3926
f 3901 3906 3928
f 3928 3906 3917
f 3928 3917 3927
f 3928 3927 3939
f 3939 3927 3938
f 3939 3938 3952
f 3907 3901 3918
f 3918 3901 3928
f 3918 3928 3929
f 3929 3928 3940
f 3940 3928 3939
f 3940 3939 3953
f 3953 3939 3952
f 3953 3952 3964
f 3908 3907 3919
f 3919 3907 3918
f 3919 3918 3930
f 3930 3918 3929
f 3930 3929 3941
f 3941 3929 3940
f 3941 3940 3954
f 3954 3940 3953
f 3954 3953 3965
f 3965 3953 3964
f 3965 3964 3976
f 3909 3908 3920
f 3920 3908 3919
f 3920 3919 3931
f 3931 3919 3930
f 3931 3930 3942
f 3942 3930 3941
f 3942 3941 3955
f 3955 3941 3954
f 3955 3954 3966
f 3966 3954 3965
f 3966 3965 3977
f 3977 3965 3976
f 3910 3909 3921
f 3921 3909 3920
f 3921 3920 3932
f 3932 3920 3931
f 3932 3931 3943
f 3943 3931 3942
f 3943 3942 3956
f 3956 3942 3955
f 3956 3955 3967
f 3967 3955 3966
f 3967 3966 3978
f 3978 3966 3977
f 3911 3910 3922
f 3922 3910 3921
f 3922 3921 3933
f 3933 3921 3932
f 3933 3932 3944
f 3944 3932 3943
f 3944 3943 3957
f 3957 3943 3956
f 3957 3956 3968
f 3968 3956 3967
f 3968 3967 3979
f 3979 3967 3978
f 3913 3896 3923
f 3934 3923 3946
f 3934 3946 3947
f 3947 3946 3959
f 3959 3946 3970
f 3959 3970 3476
f 3476 3970 3477
f 3935 3915 3914
f 3937 3905 3926
f 3945 3912 3922
f 3922 3912 3911
f 3945 3922 3933
f 3913 3923 3924
f 3924 3923 3934
f 3924 3934 3935
f 3935 3934 3948
f 3945 3933 3944
f 3960 3934 3947
f 3960 3947 3959
f 3960 3959 3971
f 3971 3959 3475
f 3475 3959 3476
f 3958 3945 3944
f 3958 3944 3957
f 3961 3948 3960
f 3960 3948 3934
f 3969 3958 3957
f 3969 3957 3968
f 3981 3961 3960
f 3981 3960 3971
f 3980 3969 3968
f 3980 3968 3979
f 3981 3971 3475
f 3983 3915 3982
f 3982 3915 3792
f 3982 3792 3801
f 3915 3983 3914
f 3914 3983 3984
f 3914 3984 3895
f 3895 3984 3985
f 3895 3985 3896
f 3896 3985 3897
f 3897 3985 3986
f 3897 3986 3987
f 3897 3987 3898
f 3898 3987 3899
f 3899 3987 3988
f 3899 3988 3900
f 3900 3988 3989
f 3900 3989 3901
f 3901 3989 3990
f 3901 3990 3906
f 3906 3990 3902
f 3902 3990 3991
f 3902 3991 3903
f 3903 3991 3992
f 3903 3992 3799
f 3799 3992 3816
f 3816 3992 3993
f 3816 3993 3815
f 3815 3993 3994
f 3815 3994 3814
f 3814 3994 3995
f 3814 3995 3813
f 3813 3995 3812
f 3812 3995 3996
f 3812 3996 3811
f 3811 3996 3997
f 3811 3997 3810
f 3810 3997 3998
f 3810 3998 3808
f 3808 3998 3807
f 3807 3998 3999
f 3807 3999 3806
f 3806 3999 4000
f 3806 4000 3790
f 3790 4000 4001
f 3790 4001 3791
f 3791 4001 3803
f 3803 4001 4002
f 3803 4002 3802
f 3802 4002 4003
f 3802 4003 3801
f 3801 4003 3982
f 4003 4016 3982
f 3982 4016 3983
f 3983 4016 4004
f 3983 4004 3984
f 3984 4004 3985
f 3985 4004 4005
f 3985 4005 3986
f 3986 4005 3987
f 3987 4005 4006
f 3987 4006 4007
f 3987 4007 3988
f 3988 4007 3989
f 3989 4007 4008
f 3989 4008 3990
f 3990 4008 3991
f 3991 4008 4009
f 3991 4009 4010
f 3991 4010 3992
f 3992 4010 3993
f 3993 4010 4011
f 3993 4011 3994
f 3994 4011 3995
f 3995 4011 4012
f 3995 4012 3996
f 3996 4012 3997
f 3997 4012 4013
f 3997 4013 3998
f 3998 4013 3999
f 3999 4013 4014
f 3999 4014 4000
f 4000 4014 4001
f 4001 4014 4015
f 4001 4015 4002
f 4002 4015 4003
f 4003 4015 4016
f 4016 3749 4004
f 4004 3749 3764
f 4004 3764 4005
f 4005 3764 3763
f 4005 3763 4006
f 4006 3763 3762
f 4006 3762 4007
f 4007 3762 3761
f 4007 3761 4008
f 4008 3761 3760
f 4008 3760 3759
f 4008 3759 4009
f 4009 3759 4010
f 4010 3759 3758
f 4010 3758 3757
f 4010 3757 4011
f 4011 3757 3756
f 4011 3756 4012
f 4012 3756 3755
f 4012 3755 4013
f 4013 3755 3754
f 4013 3754 3753
f 4013 3753 4014
f 4014 3753 3752
f 4014 3752 4015
f 4015 3752 3751
f 4015 3751 4016
f 4016 3751 3750
f 4016 3750 3749
f 3434 4017 3435
f 3435 4017 3565
f 3435 3565 3631
f 3631 3565 3587
f 3631 3587 3788
f 3565 4017 4018
f 3565 4018 4019
f 3565 4019 3566
f 3566 4019 4020
f 3566 4020 4021
f 3566 4021 3394
f 3566 3394 3539
f 4021 3395 3394
f 3785 3578 3539
f 3539 3578 3566
f 3434 3433 4017
f 4017 3433 4033
f 4017 4033 4018
f 4018 4033 4035
f 4018 4035 4019
f 4019 4035 4040
f 4019 4040 4020
f 4020 4040 4042
f 4020 4042 4021
f 4021 4042 4048
f 4021 4048 3396
f 3396 4048 3397
f 3397 4048 4047
f 3397 4047 3398
f 3398 4047 4046
f 3398 4046 4045
f 3398 4045 3399
f 3399 4045 3400
f 3429 4022 3430
f 3430 4022 4029
f 3430 4029 3431
f 3431 4029 4030
f 3431 4030 3432
f 3432 4030 4033
f 3432 4033 3433
f 3396 3395 4021
f 4029 4022 4031
f 4031 4022 4023
f 4031 4023 4034
f 4034 4023 4024
f 4034 4024 4036
f 4036 4024 4025
f 4036 4025 4038
f 4038 4025 4026
f 4038 4026 4041
f 4041 4026 4027
f 4041 4027 4043
f 4043 4027 4028
f 4043 4028 4045
f 4045 4028 3400
f 4046 4043 4045
f 4030 4029 4032
f 4032 4029 4031
f 4032 4031 4034
f 4032 4034 4037
f 4037 4034 4036
f 4037 4036 4039
f 4039 4036 4038
f 4039 4038 4041
f 4039 4041 4044
f 4044 4041 4043
f 4044 4043 4047
f 4047 4043 4046
f 4035 4033 4032
f 4032 4033 4030
f 4040 4035 4032
f 4040 4032 4037
f 4040 4037 4039
f 4042 4040 4039
f 4048 4042 4039
f 4048 4039 4044
f 4048 4044 4047
f 3429 3428 4022
f 4022 3428 3494
f 4022 3494 4023
f 4023 3494 3472
f 4023 3472 4024
f 4024 3472 3493
f 4024 3493 4025
f 4025 3493 3474
f 4025 3474 4026
f 4026 3474 3492
f 4026 3492 4027
f 4027 3492 3491
f 4027 3491 4028
f 4028 3491 3401
f 4028 3401 3400
f 4051 4052 4073
f 4051 4073 4050
f 4052 4074 4073
f 4073 4074 4050
f 4050 4074 4076
f 4050 4076 4049
f 4049 4076 4077
f 4049 4077 4072
f 4072 4077 4075
f 4072 4075 4071
f 4071 4075 4079
f 4071 4079 4070
f 4070 4079 4080
f 4070 4080 4069
f 4069 4080 4081
f 4069 4081 4068
f 4068 4081 4082
f 4068 4082 4067
f 4067 4082 4083
f 4067 4083 4066
f 4066 4083 4084
f 4066 4084 4065
f 4065 4084 4085
f 4065 4085 4064
f 4064 4085 4086
f 4064 4086 4063
f 4063 4086 4087
f 4063 4087 4062
f 4062 4087 4088
f 4062 4088 4061
f 4061 4088 4089
f 4061 4089 4060
f 4060 4089 4090
f 4060 4090 4059
f 4059 4090 4091
f 4059 4091 4058
f 4058 4091 4092
f 4058 4092 4057
f 4057 4092 4093
f 4057 4093 4056
f 4056 4093 4094
f 4056 4094 4055
f 4055 4094 4095
f 4055 4095 4054
f 4054 4095 4096
f 4054 4096 4053
f 4053 4096 4097
f 4053 4097 4052
f 4052 4097 4074
f 4098 4076 4074
f 4098 4074 4097
f 4078 4079 4075
f 4078 4075 4077
f 4098 4050 4076
f 4076 4050 4049
f 4076 4049 4077
f 4077 4049 4072
f 4077 4072 4078
f 4078 4072 4071
f 4078 4071 4079
f 4079 4071 4070
f 4079 4070 4080
f 4080 4070 4069
f 4080 4069 4081
f 4081 4069 4068
f 4081 4068 4082
f 4082 4068 4067
f 4082 4067 4083
f 4083 4067 4066
f 4083 4066 4084
f 4084 4066 4065
f 4084 4065 4085
f 4085 4065 4064
f 4085 4064 4086
f 4086 4064 4063
f 4086 4063 4087
f 4087 4063 4062
f 4087 4062 4088
f 4088 4062 4061
f 4088 4061 4089
f 4089 4061 4060
f 4089 4060 4090
f 4090 4060 4059
f 4090 4059 4091
f 4091 4059 4058
f 4091 4058 4092
f 4092 4058 4057
f 4092 4057 4093
f 4093 4057 4056
f 4093 4056 4094
f 4094 4056 4055
f 4094 4055 4095
f 4095 4055 4054
f 4095 4054 4096
f 4096 4054 4053
f 4096 4053 4097
f 4097 4053 4052
f 4097 4052 4098
f 4098 4052 4051
f 4098 4051 4050
f 4099 4130 4115
f 4099 4115 4114
f 4114 4115 4113
f 4113 4115 4116
f 4113 4116 4117
f 4113 4117 4112
f 4112 4117 4111
f 4111 4117 4118
f 4111 4118 4119
f 4111 4119 4110
f 4110 4119 4109
f 4109 4119 4120
f 4109 4120 4121
f 4109 4121 4108
f 4108 4121 4107
f 4107 4121 4122
f 4107 4122 4123
f 4107 4123 4106
f 4106 4123 4105
f 4105 4123 4124
f 4105 4124 4125
f 4105 4125 4104
f 4104 4125 4103
f 4103 4125 4126
f 4103 4126 4127
f 4103 4127 4102
f 4102 4127 4101
f 4101 4127 4128
f 4101 4128 4129
f 4101 4129 4100
f 4100 4129 4099
f 4099 4129 4130
f 4131 4162 4147
f 4131 4147 4146
f 4146 4147 4145
f 4145 4147 4148
f 4145 4148 4149
f 4145 4149 4144
f 4144 4149 4143
f 4143 4149 4150
f 4143 4150 4151
f 4143 4151 4142
f 4142 4151 4141
f 4141 4151 4152
f 4141 4152 4153
f 4141 4153 4140
f 4140 4153 4139
f 4139 4153 4154
f 4139 4154 4155
f 4139 4155 4138
f 4138 4155 4137
f 4137 4155 4156
f 4137 4156 4157
f 4137 4157 4136
f 4136 4157 4135
f 4135 4157 4158
f 4135 4158 4159
f 4135 4159 4134
f 4134 4159 4133
f 4133 4159 4160
f 4133 4160 4161
f 4133 4161 4132
f 4132 4161 4131
f 4131 4161 4162
f 4146 4169 4131
f 4131 4169 4170
f 4131 4170 4171
f 4131 4171 4132
f 4132 4171 4133
f 4133 4171 4172
f 4133 4172 4173
f 4133 4173 4134
f 4134 4173 4135
f 4135 4173 4174
f 4135 4174 4175
f 4135 4175 4136
f 4136 4175 4137
f 4137 4175 4176
f 4137 4176 4177
f 4137 4177 4138
f 4138 4177 4139
f 4139 4177 4178
f 4139 4178 4163
f 4139 4163 4140
f 4140 4163 4141
f 4141 4163 4164
f 4141 4164 4165
f 4141 4165 4142
f 4142 4165 4143
f 4143 4165 4166
f 4143 4166 4167
f 4143 4167 4144
f 4144 4167 4145
f 4145 4167 4168
f 4145 4168 4169
f 4145 4169 4146
f 4130 4179 4115
f 4115 4179 4180
f 4115 4180 4116
f 4116 4181 4117
f 4117 4181 4182
f 4117 4182 4118
f 4118 4183 4119
f 4119 4183 4184
f 4119 4184 4120
f 4120 4185 4121
f 4121 4185 4186
f 4121 4186 4122
f 4122 4187 4123
f 4123 4187 4188
f 4123 4188 4124
f 4124 4189 4125
f 4125 4189 4190
f 4125 4190 4126
f 4126 4191 4127
f 4127 4191 4192
f 4127 4192 4128
f 4128 4193 4129
f 4129 4193 4194
f 4129 4194 4130
f 4162 4202 4147
f 4147 4202 4148
f 4148 4195 4149
f 4149 4195 4150
f 4150 4196 4151
f 4151 4196 4152
f 4152 4197 4153
f 4153 4197 4154
f 4154 4198 4155
f 4155 4198 4156
f 4156 4199 4157
f 4157 4199 4158
f 4158 4200 4159
f 4159 4200 4160
f 4160 4201 4161
f 4161 4201 4162
f 4202 4179 4148
f 4148 4179 4130
f 4148 4130 4195
f 4195 4130 4194
f 4195 4194 4193
f 4195 4193 4150
f 4150 4193 4128
f 4150 4128 4196
f 4196 4128 4192
f 4196 4192 4191
f 4196 4191 4152
f 4152 4191 4126
f 4152 4126 4197
f 4197 4126 4190
f 4197 4190 4189
f 4197 4189 4154
f 4154 4189 4124
f 4154 4124 4198
f 4198 4124 4188
f 4198 4188 4187
f 4198 4187 4156
f 4156 4187 4122
f 4156 4122 4199
f 4199 4122 4186
f 4199 4186 4185
f 4199 4185 4158
f 4158 4185 4120
f 4158 4120 4200
f 4200 4120 4184
f 4200 4184 4183
f 4200 4183 4160
f 4160 4183 4118
f 4160 4118 4201
f 4201 4118 4182
f 4201 4182 4181
f 4201 4181 4162
f 4162 4181 4116
f 4162 4116 4202
f 4202 4116 4180
f 4202 4180 4179
f 4114 4205 4099
f 4099 4205 4206
f 4099 4206 4207
f 4099 4207 4100
f 4100 4207 4101
f 4101 4207 4208
f 4101 4208 4209
f 4101 4209 4102
f 4102 4209 4103
f 4103 4209 4210
f 4103 4210 4211
f 4103 4211 4104
f 4104 4211 4105
f 4105 4211 4212
f 4105 4212 4213
f 4105 4213 4106
f 4106 4213 4107
f 4107 4213 4214
f 4107 4214 4215
f 4107 4215 4108
f 4108 4215 4109
f 4109 4215 4216
f 4109 4216 4217
f 4109 4217 4110
f 4110 4217 4111
f 4111 4217 4218
f 4111 4218 4203
f 4111 4203 4112
f 4112 4203 4113
f 4113 4203 4204
f 4113 4204 4205
f 4113 4205 4114
f 4218 4173 4203
f 4203 4173 4172
f 4203 4172 4171
f 4203 4171 4204
f 4204 4171 4205
f 4205 4171 4170
f 4205 4170 4169
f 4205 4169 4206
f 4206 4169 4207
f 4207 4169 4168
f 4207 4168 4167
f 4207 4167 4208
f 4208 4167 4209
f 4209 4167 4166
f 4209 4166 4165
f 4209 4165 4210
f 4210 4165 4211
f 4211 4165 4164
f 4211 4164 4163
f 4211 4163 4212
f 4212 4163 4213
f 4213 4163 4178
f 4213 4178 4177
f 4213 4177 4214
f 4214 4177 4215
f 4215 4177 4176
f 4215 4176 4175
f 4215 4175 4216
f 4216 4175 4217
f 4217 4175 4174
f 4217 4174 4173
f 4217 4173 4218
