v 5.51003e-05 -0.0222453 0.039
v 5.39202e-05 -0.0222496 0.0390005
v 5.33418e-05 -0.0222485 0.0390006
v 5.30094e-05 -0.0222474 0.0390007
v 5.28449e-05 -0.022247 0.039001
v 5.33209e-05 -0.0222465 0.0390005
v 5.35692e-05 -0.0222458 0.039001
v 5.47534e-05 -0.0222452 0.039001
v 5.69049e-05 -0.0222458 0.0390008
v 5.72381e-05 -0.0222465 0.0390005
v 5.74887e-05 -0.0222478 0.0390006
v 5.67634e-05 -0.0222494 0.0390006
v 5.61264e-05 -0.0222498 0.0390005
v 5.54709e-05 -0.0222497 0.0390005
v 5.52546e-05 -0.0222502 0.039001
v 5.309e-05 -0.022249 0.0390006
v 5.29666e-05 -0.0222484 0.0390007
v 5.429e-05 -0.0222451 0.0390005
v 5.61217e-05 -0.0222451 0.0390006
v 5.7633e-05 -0.0222463 0.0390006
v 5.79221e-05 -0.0222473 0.0390006
v 5.77973e-05 -0.0222484 0.0390006
v 5.735e-05 -0.0222492 0.0390006
v 5.36263e-05 -0.0222455 0.039
v 5.479e-05 -0.022245 0.039
v 5.53e-05 -0.0222449 0.039
v 5.56656e-05 -0.0222502 0.039
v 5.475e-05 -0.0222501 0.039
v 5.43212e-05 -0.0222497 0.0390005
v 5.271e-05 -0.0222481 0.039
v 4.9785e-05 -0.0222502 0.039001
v 4.80105e-05 -0.0222496 0.0390005
v 4.70296e-05 -0.0222473 0.0390007
v 4.71943e-05 -0.022247 0.0390007
v 5.23271e-05 -0.0222464 0.0390005
v 4.91145e-05 -0.0222451 0.039001
v 4.84722e-05 -0.0222454 0.0390007
v 4.78079e-05 -0.0222458 0.0390007
v 4.71867e-05 -0.0222469 0.0390006
v 4.71925e-05 -0.0222482 0.0390007
v 4.79617e-05 -0.0222489 0.0390006
v 5.00092e-05 -0.0222497 0.0390006
v 5.03886e-05 -0.02225 0.0390007
v 5.18608e-05 -0.0222492 0.0390007
v 4.971e-05 -0.0222502 0.039
v 4.89813e-05 -0.0222501 0.039
v 4.747e-05 -0.0222491 0.039
v 4.972e-05 -0.0222449 0.039
v 5.07731e-05 -0.0222453 0.0390007
v 5.25515e-05 -0.0222469 0.039
v 5.07e-05 -0.0222457 0.039
v 5.023e-05 -0.0222455 0.039
v 4.95559e-05 -0.0222454 0.039
v 4.85235e-05 -0.0222457 0.039
v 4.74811e-05 -0.0222471 0.0390005
v 4.75475e-05 -0.0222482 0.039
v 4.85991e-05 -0.0222494 0.039
v 4.94584e-05 -0.0222497 0.039
v 5.16054e-05 -0.0222489 0.039
v 5.034e-05 -0.0222501 0.039
v 4.42843e-05 -0.0222462 0.039001
v 4.638e-05 -0.0222478 0.0390002
v 4.5045e-05 -0.0222498 0.039001
v 4.45e-05 -0.0222451 0.039
v 4.5906e-05 -0.0222454 0.0390002
v 4.401e-05 -0.0222475 0.039
v 4.401e-05 -0.022248 0.039
v 4.59734e-05 -0.022249 0.039
v 4.638e-05 -0.0222501 0.039
v 4.356e-05 -0.0222501 0.039
v 3.9045e-05 -0.0222451 0.0390003
v 3.912e-05 -0.0222489 0.039001
v 4.19425e-05 -0.0222451 0.0390001
v 4.19988e-05 -0.0222484 0.039001
v 4.01233e-05 -0.0222475 0.039
v 4.228e-05 -0.0222501 0.039
v 4.183e-05 -0.0222501 0.039
v 4.09767e-05 -0.022248 0.039
v 3.927e-05 -0.0222501 0.039
v 3.882e-05 -0.0222501 0.039
v 0.0144378 0.00297691 0.0103335
v 0.015 0.00567891 0.01
v 0 -0.0221294 0.0420993
v -0.0118711 -0.0186769 0.0421363
v -0.0173015 -0.0137975 0.0420993
v -0.0199379 -0.00960159 0.0420993
v -0.0214832 -0.00558492 0.042079
v -0.021666 0.00485104 0.0420783
v -0.0199379 0.00960159 0.0420993
v -0.0169483 0.0144382 0.0420539
v 0 0.0221294 0.0420993
v 0.00547983 0.0216366 0.042028
v 0.0173015 0.0137975 0.0420993
v 0.0199379 0.00960159 0.0420993
v 0.0220101 -0.00365169 0.0420371
v 0.0199379 -0.00960159 0.0420993
v 0.0193419 -0.0110916 0.0421018
v 0.0109671 -0.0198428 0.039809
v 0.0225464 0.00130306 0.0416541
v 0.0206997 0.00948415 0.0407182
v 0.0141852 0.0176241 0.0402734
v -0.000760615 0.0225907 0.0416974
v -0.005062 0.0217135 0.0392521
v -0.0120866 0.0190098 0.0416711
v -0.0207507 0.009388 0.0400355
v -0.0222769 0.00357754 0.0400092
v -0.0225382 0.000317012 0.0418002
v -0.0207097 -0.00851887 0.0395805
v -0.00823513 0.0210259 0.0417254
v -0.0201247 0.00968646 0.0420654
v -0.0222786 0.000351231 0.0420595
v -0.0222941 -0.0016431 0.0420351
v -0.00906392 -0.0205763 0.0418802
v -0.00681577 -0.021425 0.0417457
v -0.00171328 -0.0225668 0.0416601
v 0.00821492 -0.0209445 0.0418092
v 0.0149505 -0.0168105 0.0418458
v 0.021166 -0.00749366 0.0419208
v 0.0139689 0.0175056 0.0419972
v 0.00405327 0.0222853 0.0417223
v 0.000684528 -0.0222852 0.0421039
v -0.00299698 -0.0222673 0.0418762
v 0.00137261 -0.0223576 0.0419236
v -0.00679657 -0.0213437 0.0419236
v -0.00427184 -0.0218423 0.0420594
v -0.0130632 -0.018213 0.0419651
v -0.0173497 -0.0139945 0.0420486
v -0.0200086 -0.00970081 0.0420774
v -0.0213113 -0.00732458 0.0417903
v -0.0181052 -0.0133746 0.0419632
v -0.0222099 -0.00348473 0.0417714
v -0.0215464 -0.0061239 0.0419236
v -0.0218798 0.00479823 0.0419236
v -0.0200812 0.00999925 0.0418663
v -0.0179307 0.0135762 0.0418466
v -0.0129368 0.0182862 0.0419236
v -0.0144934 0.01697 0.0420435
v -0.00758806 0.0209303 0.042097
v -0.0105916 0.0197374 0.0419236
v -0.00545745 0.0217247 0.0419236
v -0.000334402 0.0223299 0.0420669
v 0.0104866 0.0198769 0.0418216
v 0.00812178 0.0209647 0.0417457
v 0.0087549 0.0205279 0.0420444
v 0.0180763 0.013208 0.0419818
v 0.0161769 0.0155809 0.0419115
v 0.0206013 0.00846743 0.0420575
v 0.0211285 0.00743871 0.0419236
v 0.019749 0.0104695 0.0420127
v 0.0218573 0.00474584 0.0419701
v 0.0222611 0.00104532 0.0420552
v 0.0224637 -0.00157228 0.041782
v 0.0187489 -0.0125775 0.0417032
v 0.0168203 -0.0148028 0.0419682
v 0.0151319 -0.0163596 0.0420632
v 0.011041 -0.0193975 0.0420458
v 0.00471257 -0.0219913 0.0418692
v 0.00770216 -0.0210444 0.0419549
v 0.01325 0.00793857 0.0442901
v 0.0132442 0.00795629 0.0441802
v 0.013251 0.00799466 0.0440757
v 0.0132703 0.00805177 0.043982
v 0.013301 0.00812478 0.0439035
v 0.0133416 0.00821007 0.0438442
v 0.01339 0.00830338 0.0438072
v 0.00691209 0.0120257 0.0443122
v 0.00049593 0.0157478 0.0438072
v 0.00043934 0.0156592 0.0438442
v 0.00038577 0.0155814 0.0439035
v 0.00033788 0.0155183 0.043982
v 0.00029805 0.0154731 0.0440757
v 0.00026827 0.0154479 0.0441802
v 0.00025 0.0154441 0.0442901
v 0.00675 0.0116913 0.0447952
v 0.00999836 0.00982299 0.0445848
v 0.00672965 0.0117101 0.0447176
v 0.0045537 0.0129664 0.0446559
v 0.00347378 0.01359 0.0445821
v 0.0100033 0.00984245 0.0445057
v 0.0067392 0.0117266 0.0446387
v 0.00456656 0.0129811 0.044577
v 0.00348823 0.0136039 0.044503
v 0.0100152 0.00987373 0.0444287
v 0.00675553 0.0117548 0.044562
v 0.00458616 0.0130077 0.0445001
v 0.00350943 0.0136298 0.0444259
v 0.0100591 0.0099684 0.0442948
v 0.00680689 0.0118436 0.0444283
v 0.00464332 0.0130939 0.0443663
v 0.00356955 0.0137152 0.044292
v 0.00353689 0.0136674 0.0443546
v 0.00461207 0.0130457 0.0444288
v 0.00677838 0.0117943 0.0444908
v 0.010034 0.00991625 0.0443573
v 0.0100892 0.0100278 0.0442436
v 0.00683975 0.0119005 0.044377
v 0.00467847 0.0131499 0.0443151
v 0.0036059 0.013771 0.0442409
v 0.0101229 0.0100914 0.0442052
v 0.00687537 0.0119621 0.0443382
v 0.00471585 0.0132109 0.0442765
v 0.00364423 0.013832 0.0442025
v -0.00049593 0.0157478 0.0438072
v -0.00043934 0.0156592 0.0438442
v -0.00038577 0.0155814 0.0439035
v -0.00033788 0.0155183 0.043982
v -0.00029805 0.0154731 0.0440757
v -0.00026827 0.0154479 0.0441802
v -0.00025 0.0154441 0.0442901
v -0.00019154 0.0154729 0.0442756
v -0.00012958 0.0154939 0.044265
v 8.39057e-05 0.0157566 0.0438215
v 8.77334e-06 0.0158276 0.0437912
v -2.02434e-05 0.0156719 0.0438893
v 0.000159181 0.0155643 0.0439846
v 2.31785e-05 0.0155739 0.0440105
v 8.845e-05 0.0156081 0.0439539
v 1.32784e-05 0.0155227 0.0441453
v -0.000196066 0.0155681 0.0439239
v 9.89928e-05 0.0155085 0.0441936
v 0.0135 0.00750555 0.0442901
v 0.0135124 0.00749164 0.0441802
v 0.0135491 0.00747841 0.0440757
v 0.0136082 0.00746654 0.043982
v 0.0136868 0.0074566 0.0439035
v 0.0137809 0.0074491 0.0438442
v 0.0138856 0.00750979 0.0438007
v 0.0133041 0.00790231 0.0442756
v 0.0133639 0.00785308 0.0442106
v 0.0133863 0.00785406 0.0441133
v 0.0134853 0.00767217 0.0441307
v 0.0135074 0.00773795 0.0440247
v 0.0134608 0.00780593 0.0440389
v 0.0135717 0.0078359 0.0438895
v 0.0134952 0.00803746 0.0438369
v 0.0135496 0.0077554 0.0439534
v 0.0136565 0.00775165 0.0438542
v 0.0136789 0.00795246 0.0437927
v -0.01339 0.00830338 0.0438072
v -0.0133416 0.00821007 0.0438442
v -0.013301 0.00812478 0.0439035
v -0.0132703 0.00805177 0.043982
v -0.013251 0.00799466 0.0440757
v -0.0132442 0.00795629 0.0441802
v -0.01325 0.00793857 0.0442901
v -0.00675 0.0116913 0.0447952
v -0.0069585 0.0119989 0.0443122
v -0.00350778 0.0135703 0.0445848
v -0.0101567 0.010072 0.0442025
v -0.00908309 0.0106895 0.0442765
v -0.0069218 0.0119353 0.0443382
v -0.00367796 0.0138124 0.0442052
v -0.0101231 0.0100083 0.0442409
v -0.00904889 0.0106266 0.0443151
v -0.00688622 0.0118736 0.044377
v -0.00363967 0.0137514 0.0442436
v -0.0100929 0.00994891 0.044292
v -0.00901798 0.0105682 0.0443663
v -0.0068534 0.0118167 0.0444283
v -0.00360335 0.0136956 0.0442948
v -0.0100491 0.00985417 0.0444259
v -0.00897191 0.0104756 0.0445001
v -0.00680217 0.0117279 0.044562
v -0.00354333 0.0136102 0.0444287
v -0.00357074 0.0136478 0.0443573
v -0.00682495 0.0117674 0.0444908
v -0.00899191 0.010517 0.0444288
v -0.0100679 0.00989673 0.0443546
v -0.0100372 0.00982285 0.044503
v -0.0089587 0.0104453 0.044577
v -0.00678591 0.0116996 0.0446387
v -0.00352218 0.0135843 0.0445057
v -0.0100324 0.00980336 0.0445821
v -0.0089524 0.0104268 0.0446559
v -0.00677642 0.0116831 0.0447176
v -0.00025 0.0154441 0.0521396
v 0.00025 0.0154441 0.0521396
v -0.00012948 0.015494 0.0495119
v -0.00012955 0.015494 0.0468841
v -5e-08 0.0155111 0.0495119
v -1e-07 0.0155111 0.0468841
v 0.00012941 0.0154941 0.0495119
v 0.00012941 0.0154941 0.0468841
v 0.01325 0.00793857 0.0521396
v 0.0135 0.00750555 0.0521396
v 0.0133535 0.00785916 0.0495119
v 0.0133535 0.00785921 0.0468841
v 0.013433 0.0077556 0.0495119
v 0.013433 0.00775564 0.0468841
v 0.013483 0.00763496 0.0495119
v 0.013483 0.00763496 0.0468841
v 0.0135 -0.00750555 0.0442901
v 0.0135124 -0.00749164 0.0441802
v 0.0135491 -0.00747841 0.0440757
v 0.0136082 -0.00746654 0.043982
v 0.0136868 -0.0074566 0.0439035
v 0.0137809 -0.0074491 0.0438442
v 0.0143795 0.00414698 0.0441715
v 0.0135 7e-08 0.0447952
v 0.0135061 -0.00374723 0.0445849
v 0.0135061 2.727e-05 0.0447176
v 0.0135061 0.00253977 0.0446559
v 0.0135061 0.00378672 0.0445821
v 0.0135254 -0.00374174 0.0445057
v 0.0135251 2.723e-05 0.0446387
v 0.0135253 0.00253597 0.044577
v 0.0135254 0.00378118 0.044503
v 0.0135585 -0.0037364 0.0444287
v 0.0135577 2.719e-05 0.044562
v 0.0135581 0.00253229 0.0445001
v 0.0135585 0.00377578 0.0444259
v 0.0136624 -0.00372711 0.0442948
v 0.0136603 2.712e-05 0.0444283
v 0.0136613 0.00252588 0.0443663
v 0.0136625 0.0037664 0.044292
v 0.0136047 0.00377078 0.0443545
v 0.013604 0.00252887 0.0444288
v 0.0136033 2.715e-05 0.0444908
v 0.0136047 -0.00373144 0.0443573
v 0.0137289 -0.00372356 0.0442436
v 0.013726 2.709e-05 0.044377
v 0.0137274 0.00252343 0.0443151
v 0.013729 0.00376282 0.0442409
v 0.0138009 -0.00372089 0.0442052
v 0.0137972 2.707e-05 0.0443382
v 0.0137989 0.0025216 0.0442764
v 0.013801 0.00376013 0.0442025
v -0.0138859 0.00744441 0.0438072
v -0.0137809 0.0074491 0.0438442
v -0.0136868 0.0074566 0.0439035
v -0.0136082 0.00746654 0.043982
v -0.0135491 0.00747841 0.0440757
v -0.0135124 0.00749164 0.0441802
v -0.0135 0.00750555 0.0442901
v -0.0134957 0.00757056 0.0442756
v -0.0134829 0.00763471 0.044265
v -0.0136036 0.0079499 0.043822
v -0.0137018 0.00792177 0.0437915
v -0.0135824 0.00781831 0.0438893
v -0.0133995 0.00791998 0.0439846
v -0.0134758 0.007807 0.0440104
v -0.0134728 0.00788067 0.0439539
v -0.0134364 0.00777284 0.0441453
v -0.0135803 0.00761429 0.0439239
v -0.0133813 0.00784 0.0441936
v -8.39812e-05 0.0154562 0.0523779
v -5.701e-05 0.0152294 0.0525858
v 0.000128773 0.0151567 0.0526251
v 0.000191568 0.0153945 0.0524041
v 0.00023097 0.0154407 0.0522498
v -4.53337e-07 0.0155144 0.0522487
v 0.000154151 0.0153684 0.0524759
v -5.80634e-05 0.0153215 0.0525343
v 0.0133236 0.00781431 0.0523803
v 0.0131606 0.00766408 0.0525858
v 0.0131121 0.00757026 0.0526226
v 0.0131586 0.00741757 0.052644
v 0.0134011 0.00755433 0.0524474
v 0.0134875 0.00752031 0.0522498
v 0.013434 0.00777051 0.052196
v 0.0134312 0.00769518 0.0523372
v 0.0132823 0.00771624 0.0525049
v 0.01325 -0.00793857 0.0442901
v 0.0132442 -0.00795629 0.0441802
v 0.013251 -0.00799466 0.0440757
v 0.0132703 -0.00805177 0.043982
v 0.013301 -0.00812478 0.0439035
v 0.0133416 -0.00821007 0.0438442
v 0.01339 -0.00830338 0.0438072
v 0.0134957 -0.00757056 0.0442756
v 0.013483 -0.00764695 0.0442105
v 0.0134949 -0.00766588 0.0441133
v 0.0133959 -0.00781724 0.0442033
v 0.0133857 -0.00785444 0.0441057
v 0.0135832 -0.00768341 0.0439398
v 0.0135719 -0.00783549 0.0438895
v 0.0134911 -0.0078566 0.0439534
v 0.0135414 -0.00795108 0.0438542
v 0.0138796 -0.00749436 0.0438028
v 0.0136607 -0.00798928 0.0437922
v -0.0138859 -0.00744441 0.0438072
v -0.0137809 -0.0074491 0.0438442
v -0.0136868 -0.0074566 0.0439035
v -0.0136082 -0.00746654 0.043982
v -0.0135491 -0.00747841 0.0440757
v -0.0135124 -0.00749164 0.0441802
v -0.0135 -0.00750555 0.0442901
v -0.0135 7e-08 0.0447952
v -0.0138706 -2.653e-05 0.0443122
v -0.0135061 0.00374745 0.0445848
v -0.013801 -0.00375988 0.0442025
v -0.0137989 -0.00252126 0.0442765
v -0.0137972 -2.654e-05 0.0443382
v -0.0138009 0.00372111 0.0442052
v -0.013729 -0.00376257 0.0442409
v -0.0137274 -0.0025231 0.0443151
v -0.013726 -2.656e-05 0.044377
v -0.0137289 0.00372378 0.0442436
v -0.0136625 -0.00376615 0.0442921
v -0.0136613 -0.00252554 0.0443663
v -0.0136603 -2.659e-05 0.0444283
v -0.0136624 0.00372733 0.0442948
v -0.0135585 -0.00377553 0.0444259
v -0.0135581 -0.00253195 0.0445001
v -0.0135577 -2.666e-05 0.044562
v -0.0135585 0.00373662 0.0444287
v -0.0136047 0.00373167 0.0443573
v -0.0136033 -2.662e-05 0.0444908
v -0.013604 -0.00252853 0.0444288
v -0.0136047 -0.00377053 0.0443546
v -0.0135254 -0.00378093 0.044503
v -0.0135253 -0.00253563 0.044577
v -0.0135251 -2.67e-05 0.0446387
v -0.0135254 0.00374196 0.0445057
v -0.0135061 -0.00378647 0.0445821
v -0.0135061 -0.00253943 0.0446559
v -0.0135061 -2.674e-05 0.0447176
v -0.0135 0.00750555 0.0521396
v -0.01325 0.00793857 0.0521396
v -0.013483 0.00763489 0.0495119
v -0.013483 0.00763482 0.0468841
v -0.013433 0.00775551 0.0495119
v -0.0134331 0.00775546 0.0468841
v -0.0133536 0.00785911 0.0495119
v -0.0133536 0.00785911 0.0468841
v -0.0132565 0.00792036 0.0522498
v -0.0130883 0.00791527 0.0524862
v -0.0131606 0.00766408 0.0525858
v -0.0131121 0.00757026 0.0526226
v -0.00407986 0.00973423 0.0536922
v -0.00349213 0.0135723 0.0525356
v -0.00675 0.0116913 0.0526785
v -0.0100079 0.00981041 0.0525356
v -0.0116379 0.0088621 0.0524432
v -0.0100142 0.00979963 0.0526132
v -0.00892821 0.0104267 0.0526916
v -0.00711139 0.0114757 0.0527543
v -0.0052914 0.0125264 0.0527272
v -0.000259447 0.0154299 0.0522447
v -0.0116354 0.00884085 0.0525228
v -0.0100097 0.00977994 0.0526924
v -0.00892209 0.0104081 0.0527706
v -0.00710245 0.0114589 0.0528331
v -0.00527952 0.0125112 0.0528061
v -0.00346483 0.0135586 0.0526924
v -0.002224 0.0142907 0.0525282
v -0.00992739 0.00971236 0.0528824
v -0.00890905 0.0103777 0.0528475
v -0.00708673 0.0114303 0.0529099
v -0.0052609 0.0124842 0.0528828
v -0.0034433 0.0135328 0.0527694
v -0.00886328 0.0102848 0.0529813
v -0.00703642 0.0113409 0.0530436
v -0.00520547 0.0123974 0.0530166
v -0.00338257 0.0134476 0.0529034
v -0.00180485 0.0144316 0.0526718
v -0.00341552 0.0134953 0.0528408
v -0.0052359 0.0124458 0.0529541
v -0.00706444 0.0113905 0.0529811
v -0.00888921 0.0103361 0.0529188
v -0.011556 0.0086474 0.0527853
v -0.00883249 0.0102263 0.0530325
v -0.00700396 0.0112837 0.0530949
v -0.005171 0.0123412 0.0530679
v -0.00334596 0.0133918 0.0529545
v -0.00171086 0.0143315 0.0527853
v -0.011523 0.00858207 0.0528232
v -0.00989108 0.00952971 0.0529929
v -0.00879839 0.0101633 0.0530711
v -0.00696865 0.0112219 0.0531337
v -0.00513414 0.0122801 0.0531066
v -0.00330743 0.0133308 0.0529929
v -0.0016708 0.0142702 0.0528232
v 0.00985561 0.00946449 0.0530182
v 0.0100079 0.00981041 0.0525356
v 0.00675 0.0116913 0.0526785
v 0.00349213 0.0135723 0.0525356
v 0.00185586 0.0145098 0.0524432
v 0.00347961 0.0135724 0.0526132
v 0.00456569 0.0129454 0.0526916
v 0.00638254 0.0118965 0.0527543
v 0.00820251 0.0108457 0.0527272
v 0.0132293 0.00794179 0.0522446
v 0.00183871 0.014497 0.0525228
v 0.00346483 0.0135586 0.0526924
v 0.00455263 0.0129308 0.0527706
v 0.00637243 0.0118803 0.0528331
v 0.00819529 0.0108278 0.0528061
v 0.0100097 0.00977994 0.0526924
v 0.0112639 0.00907143 0.0525282
v 0.00181474 0.0144719 0.0526002
v 0.0034433 0.0135328 0.0527694
v 0.00453283 0.0129043 0.0528475
v 0.00635556 0.0118524 0.0529099
v 0.00818121 0.0107982 0.0528828
v 0.0099981 0.00974839 0.0527694
v 0.00447528 0.0128182 0.0529813
v 0.00630325 0.0117642 0.0530436
v 0.00813372 0.0107068 0.0530166
v 0.00995466 0.00965318 0.0529034
v 0.0115957 0.00877887 0.0526718
v 0.00997954 0.00970559 0.0528408
v 0.00816043 0.0107573 0.0529541
v 0.00633221 0.0118132 0.0529811
v 0.00450672 0.0128663 0.0529188
v 0.00340289 0.0134407 0.0529075
v 0.000792098 0.0147094 0.0527742
v 0.00443996 0.0127623 0.0530325
v 0.00627002 0.0117075 0.0530949
v 0.00810231 0.0106488 0.0530679
v 0.00992466 0.00959358 0.0529545
v 0.011556 0.0086474 0.0527853
v 0.00745256 0.00903141 0.0536714
v 0.00623412 0.011646 0.0531337
v 0.00806778 0.0105863 0.0531066
v 0.00989108 0.00952971 0.0529929
v 0.011523 0.00858207 0.0528232
v 0.0131121 -0.00757026 0.0526226
v 0.0133348 -0.00766902 0.0524981
v 0.0134276 -0.00754033 0.0524026
v 0.0135 -0.00750555 0.0521396
v 0.0135 8e-08 0.0526785
v 0.0134938 0.00566353 0.0524416
v 0.0131985 -0.00378717 0.0529939
v 0.0132017 -0.00188387 0.0530998
v 0.0132028 2.811e-05 0.0531355
v 0.0132008 0.00256826 0.0530696
v 0.0131984 0.0038277 0.0529909
v 0.0132706 -0.00378432 0.0529555
v 0.0132731 -0.00188238 0.0530611
v 0.013274 2.809e-05 0.0530967
v 0.0132724 0.00256626 0.053031
v 0.0132706 0.00382482 0.0529525
v 0.0132668 0.00570007 0.0527837
v 0.0133372 -0.00378052 0.0529044
v 0.0133391 -0.00188042 0.0530098
v 0.0133397 2.806e-05 0.0530454
v 0.0133385 0.00256362 0.0529798
v 0.0133345 0.00569461 0.0527327
v 0.0133181 -0.00523992 0.0528163
v 0.0134414 -0.00377057 0.0527705
v 0.0134421 -0.00187533 0.0528761
v 0.0134423 2.798e-05 0.0529117
v 0.0134419 0.00255673 0.052846
v 0.0133959 0.0025604 0.0529173
v 0.0133967 2.802e-05 0.0529829
v 0.0133963 -0.00187803 0.0529473
v 0.0133951 -0.00377588 0.0528419
v 0.0134741 -0.00564924 0.0525236
v 0.0134745 -0.00376484 0.0526934
v 0.0134748 -0.00187241 0.0527993
v 0.0134749 2.794e-05 0.052835
v 0.0134747 0.00255279 0.0527691
v 0.0134269 0.00372219 0.0528165
v 0.0134419 0.00561689 0.052612
v 0.0134938 -0.00375896 0.0526142
v 0.0134939 -0.00186943 0.0527204
v 0.0134939 2.789e-05 0.0527562
v 0.0134939 0.00254874 0.0526901
v 0.0134938 0.0037992 0.0526112
v 0.0134209 -0.00777914 0.0522618
v 0.01325 -0.00793857 0.0521396
v 0.013483 -0.00763489 0.0495119
v 0.013483 -0.00763482 0.0468841
v 0.013433 -0.00775551 0.0495119
v 0.0134331 -0.00775546 0.0468841
v 0.0133536 -0.00785911 0.0495119
v 0.0133536 -0.00785911 0.0468841
v 0.00025 -0.0154441 0.0442901
v 0.00026827 -0.0154479 0.0441802
v 0.00029805 -0.0154731 0.0440757
v 0.00033788 -0.0155183 0.043982
v 0.00038577 -0.0155814 0.0439035
v 0.00043934 -0.0156592 0.0438442
v 0.00049593 -0.0157478 0.0438072
v 0.0069585 -0.0119989 0.0443122
v 0.00675 -0.0116913 0.0447952
v 0.00350778 -0.0135703 0.0445848
v 0.00677642 -0.0116831 0.0447176
v 0.0089524 -0.0104268 0.0446559
v 0.0100324 -0.00980336 0.0445821
v 0.00352218 -0.0135843 0.0445057
v 0.00678591 -0.0116996 0.0446387
v 0.0089587 -0.0104453 0.044577
v 0.0100372 -0.00982285 0.044503
v 0.00354333 -0.0136102 0.0444287
v 0.00680217 -0.0117279 0.044562
v 0.00897191 -0.0104756 0.0445001
v 0.0100491 -0.00985417 0.0444259
v 0.00360335 -0.0136956 0.0442948
v 0.0068534 -0.0118167 0.0444283
v 0.00901798 -0.0105682 0.0443663
v 0.0100929 -0.00994891 0.044292
v 0.0100679 -0.00989673 0.0443546
v 0.00899191 -0.010517 0.0444288
v 0.00682495 -0.0117674 0.0444908
v 0.00357074 -0.0136478 0.0443573
v 0.00363967 -0.0137514 0.0442436
v 0.00688622 -0.0118736 0.044377
v 0.00904889 -0.0106266 0.0443151
v 0.0101231 -0.0100083 0.0442409
v 0.00367796 -0.0138124 0.0442052
v 0.0069218 -0.0119353 0.0443382
v 0.00908309 -0.0106895 0.0442765
v 0.0101567 -0.010072 0.0442025
v -0.01339 -0.00830338 0.0438072
v -0.0133416 -0.00821007 0.0438442
v -0.013301 -0.00812478 0.0439035
v -0.0132703 -0.00805177 0.043982
v -0.013251 -0.00799466 0.0440757
v -0.0132442 -0.00795629 0.0441802
v -0.01325 -0.00793857 0.0442901
v -0.0133041 -0.00790231 0.0442756
v -0.0137143 -0.00789683 0.0437921
v -0.0136874 -0.00780577 0.0438216
v -0.0135089 -0.00763776 0.0440507
v -0.0134236 -0.00802997 0.0438637
v -0.0135074 -0.00773795 0.0440247
v -0.01355 -0.00781121 0.0439202
v -0.0133881 -0.00783219 0.0441691
v -0.013487 -0.00770191 0.0441019
v -0.0134534 -0.00772522 0.0441962
v -0.0134913 0.00749449 0.0522479
v -0.0134276 0.00754032 0.0524026
v -0.0133462 0.00783528 0.0523005
v -0.0134425 0.00773646 0.0522573
v -0.0132865 0.00765463 0.0525315
v -0.0133139 0.00775502 0.0524413
v 0.0131606 -0.00766408 0.0525858
v 0.013201 -0.00774998 0.0525267
v 0.0132801 -0.00774087 0.0524903
v 0.0132502 -0.0078814 0.0523544
v 0.0132565 -0.00792036 0.0522498
v 0.013482 -0.00765239 0.0522239
v -0.00025 -0.0154441 0.0442901
v -0.00026827 -0.0154479 0.0441802
v -0.00029805 -0.0154731 0.0440757
v -0.00033788 -0.0155183 0.043982
v -0.00038577 -0.0155814 0.0439035
v -0.00043934 -0.0156592 0.0438442
v -0.00049593 -0.0157478 0.0438072
v 0.00019154 -0.0154729 0.0442756
v 0.000119048 -0.0155 0.0442105
v 0.000108614 -0.0155199 0.0441133
v -9.8346e-05 -0.0155147 0.0441307
v -5.24988e-05 -0.0155667 0.0440247
v 2.97617e-05 -0.0155604 0.0440389
v 2.3e-07 -0.0156714 0.0438895
v 0.00021195 -0.0157048 0.0438381
v -5.84706e-05 -0.015612 0.0439534
v -0.000115203 -0.0157027 0.0438542
v -8.94138e-05 -0.0158262 0.0437918
v -0.00691209 -0.0120257 0.0443122
v -0.00675 -0.0116913 0.0447952
v -0.00999836 -0.00982299 0.0445848
v -0.00672965 -0.0117101 0.0447176
v -0.0045537 -0.0129664 0.0446559
v -0.00347378 -0.01359 0.0445821
v -0.0100033 -0.00984245 0.0445057
v -0.0067392 -0.0117266 0.0446387
v -0.00456656 -0.0129811 0.044577
v -0.00348823 -0.0136039 0.044503
v -0.0100152 -0.00987373 0.0444287
v -0.00675553 -0.0117548 0.044562
v -0.00458616 -0.0130077 0.0445001
v -0.00350943 -0.0136298 0.0444259
v -0.0100591 -0.0099684 0.0442948
v -0.00680689 -0.0118436 0.0444283
v -0.00464332 -0.0130939 0.0443663
v -0.00356955 -0.0137152 0.044292
v -0.00353689 -0.0136674 0.0443546
v -0.00461207 -0.0130457 0.0444288
v -0.00677838 -0.0117943 0.0444908
v -0.010034 -0.00991625 0.0443573
v -0.0100892 -0.0100278 0.0442436
v -0.00683975 -0.0119005 0.044377
v -0.00467847 -0.0131499 0.0443151
v -0.0036059 -0.013771 0.0442409
v -0.0101229 -0.0100914 0.0442052
v -0.00687537 -0.0119621 0.0443382
v -0.00471585 -0.0132109 0.0442765
v -0.00364423 -0.013832 0.0442025
v -0.01325 -0.00793857 0.0521396
v -0.0134444 -0.0077526 0.0521598
v -0.0135 -0.00750555 0.0521396
v -0.0133535 -0.00785916 0.0495119
v -0.0133535 -0.00785921 0.0468841
v -0.013433 -0.00775563 0.0468823
v -0.013483 -0.00763496 0.0495119
v -0.013483 -0.00763496 0.0468841
v -0.0134875 -0.00752031 0.0522498
v -0.0133182 -0.00765168 0.0525115
v -0.0131626 -0.00697928 0.0527166
v -0.0131121 -0.00757026 0.0526226
v -0.0135 8e-08 0.0526785
v -0.0134938 -0.00566341 0.0524416
v -0.0134938 -0.00379894 0.0526113
v -0.0134939 -0.00254838 0.0526901
v -0.0134939 -2.733e-05 0.0527562
v -0.0134939 0.0018699 0.0527203
v -0.0134938 0.00375919 0.0526142
v -0.0134282 -0.00417379 0.0527813
v -0.0134745 -0.00380488 0.0526904
v -0.0134747 -0.00255243 0.0527691
v -0.0134749 -2.737e-05 0.052835
v -0.0134748 0.00187289 0.0527992
v -0.0134745 0.00376507 0.0526934
v -0.0134741 0.00564934 0.0525235
v -0.0134419 -0.00255638 0.052846
v -0.0134423 -2.742e-05 0.0529117
v -0.0134421 0.0018758 0.0528761
v -0.0134414 0.0037708 0.0527704
v -0.0133181 0.00524014 0.0528163
v -0.0134246 -0.00759296 0.0524256
v -0.0133385 -0.00256326 0.0529798
v -0.0133397 -2.749e-05 0.0530454
v -0.0133391 0.00188089 0.0530098
v -0.0133372 0.00378076 0.0529044
v -0.0133951 0.00377611 0.0528418
v -0.0133963 0.00187851 0.0529473
v -0.0133967 -2.746e-05 0.0529829
v -0.0133959 -0.00256004 0.0529173
v -0.0132668 -0.00569994 0.0527837
v -0.0132121 -0.00320347 0.0530373
v -0.0132724 -0.0025659 0.053031
v -0.013274 -2.752e-05 0.0530967
v -0.0132731 0.00188285 0.0530611
v -0.0132706 0.00378456 0.0529555
v -0.0132028 -2.754e-05 0.0531355
v -0.0132017 0.00188434 0.0530998
v -0.0131985 0.00378741 0.0529939
v -0.000119667 -0.0151505 0.052625
v 5.701e-05 -0.0152294 0.0525858
v 0.000126544 -0.015396 0.0524496
v 0.00025 -0.0154441 0.0521396
v 0.00349213 -0.0135723 0.0525356
v 0.00675 -0.0116913 0.0526785
v 0.0100079 -0.00981041 0.0525356
v 0.00527804 -0.00895426 0.0537538
v 0.0115252 -0.0088951 0.0525816
v 0.0030041 -0.013464 0.0529904
v 0.00330743 -0.0133308 0.0529929
v 0.00513414 -0.0122801 0.0531066
v 0.00696865 -0.0112219 0.0531337
v 0.00879839 -0.0101633 0.0530711
v 0.00989108 -0.00952971 0.0529929
v 0.011523 -0.00858207 0.0528232
v 0.00171086 -0.0143315 0.0527853
v 0.00334596 -0.0133918 0.0529545
v 0.005171 -0.0123412 0.0530679
v 0.00700396 -0.0112837 0.0530949
v 0.00883249 -0.0102263 0.0530325
v 0.00992466 -0.00959358 0.0529545
v 0.011556 -0.0086474 0.0527853
v 0.00338257 -0.0134476 0.0529034
v 0.00520547 -0.0123974 0.0530166
v 0.00703642 -0.0113409 0.0530436
v 0.00886328 -0.0102848 0.0529813
v 0.0115851 -0.00870869 0.0527344
v 0.00180485 -0.0144316 0.0526718
v 0.0034433 -0.0135328 0.0527694
v 0.0052609 -0.0124842 0.0528828
v 0.00708673 -0.0114303 0.0529099
v 0.00890905 -0.0103777 0.0528475
v 0.00888921 -0.0103361 0.0529188
v 0.00706444 -0.0113905 0.0529811
v 0.0052359 -0.0124458 0.0529541
v 0.00341552 -0.0134953 0.0528408
v 0.002224 -0.0142907 0.0525282
v 0.00346483 -0.0135586 0.0526924
v 0.00527952 -0.0125112 0.0528061
v 0.00710245 -0.0114589 0.0528331
v 0.00892209 -0.0104081 0.0527706
v 0.000259447 -0.0154299 0.0522447
v 0.0052914 -0.0125264 0.0527272
v 0.00711139 -0.0114757 0.0527543
v 0.00892821 -0.0104267 0.0526916
v 0.00983741 -0.00984903 0.0527985
v 4.53337e-07 -0.0155144 0.0522487
v -0.00025 -0.0154441 0.0521396
v 0.00012948 -0.015494 0.0495119
v 0.00012955 -0.015494 0.0468841
v 5e-08 -0.0155111 0.0495119
v 1e-07 -0.0155111 0.0468841
v -0.00012941 -0.0154941 0.0495119
v -0.00012941 -0.0154941 0.0468841
v -0.0132523 -0.00785485 0.0523986
v -0.0131606 -0.00766408 0.0525858
v -0.0133789 -0.00781065 0.0522782
v -0.0133098 -0.00776075 0.0524408
v -0.000191568 -0.0153945 0.0524041
v -0.00023097 -0.0154407 0.0522498
v -3.72114e-05 -0.0154389 0.052426
v 5.13111e-05 -0.015321 0.0525371
v -0.00985561 -0.00946449 0.0530182
v -0.0100079 -0.00981041 0.0525356
v -0.00675 -0.0116913 0.0526785
v -0.00349213 -0.0135723 0.0525356
v -0.00185586 -0.0145098 0.0524432
v -0.00347961 -0.0135724 0.0526132
v -0.00456569 -0.0129454 0.0526916
v -0.00638254 -0.0118965 0.0527543
v -0.00820251 -0.0108457 0.0527272
v -0.0132293 -0.00794179 0.0522446
v -0.00183871 -0.014497 0.0525228
v -0.00346483 -0.0135586 0.0526924
v -0.00455263 -0.0129308 0.0527706
v -0.00637243 -0.0118803 0.0528331
v -0.00819529 -0.0108278 0.0528061
v -0.0100097 -0.00977994 0.0526924
v -0.0112639 -0.00907143 0.0525282
v -0.00296688 -0.013731 0.0528411
v -0.0034433 -0.0135328 0.0527694
v -0.00453283 -0.0129043 0.0528475
v -0.00635556 -0.0118524 0.0529099
v -0.00818121 -0.0107982 0.0528828
v -0.0099981 -0.00974839 0.0527694
v -0.00447528 -0.0128182 0.0529813
v -0.00630325 -0.0117642 0.0530436
v -0.00813372 -0.0107068 0.0530166
v -0.00995466 -0.00965318 0.0529034
v -0.0115957 -0.00877887 0.0526718
v -0.00997954 -0.00970559 0.0528408
v -0.00816043 -0.0107573 0.0529541
v -0.00633221 -0.0118132 0.0529811
v -0.00450672 -0.0128663 0.0529188
v -0.00178999 -0.0143981 0.0527107
v -0.00243607 -0.0138791 0.0528935
v -0.00443996 -0.0127623 0.0530325
v -0.00627002 -0.0117075 0.0530949
v -0.00810231 -0.0106488 0.0530679
v -0.00992466 -0.00959358 0.0529545
v -0.011556 -0.0086474 0.0527853
v -0.00745256 -0.00903141 0.0536714
v -0.00623412 -0.011646 0.0531337
v -0.00806778 -0.0105863 0.0531066
v -0.00989108 -0.00952971 0.0529929
v -0.011523 -0.00858207 0.0528232
v 0.0127427 -0.00081452 0.0604618
v 0.0129989 0.0001667 0.060866
v 0.0118342 0.00264902 0.0600781
v 0.0129904 0.0005 0.073134
v 0.0129989 0.0001667 0.073134
v 0.0127935 -0.000784578 0.073506
v 0.0069282 0.011 0.060866
v 0.00664383 0.0111741 0.060866
v 0.0063551 0.0113408 0.073134
v 0.00664383 0.0111741 0.073134
v 0.0103612 0.00462344 0.0742794
v 0.00563609 -0.0114324 0.0604247
v 0.00664383 -0.0111741 0.060866
v 0.00741703 -0.0100948 0.0603672
v 0.00664383 -0.0111741 0.073134
v 0.0057173 -0.0114718 0.073506
v -0.00708275 -0.0105971 0.0604247
v -0.0063551 -0.0113408 0.060866
v -0.0050338 -0.0114708 0.0603672
v -0.0063551 -0.0113408 0.073134
v -0.00707623 -0.0106872 0.073506
v -0.0127427 0.00081452 0.0604618
v -0.0129989 -0.0001667 0.060866
v -0.0124509 -0.00137594 0.0603672
v -0.0129989 -0.0001667 0.073134
v -0.0126826 0.000929864 0.073606
v -0.0063551 0.0113408 0.060866
v -0.00664383 0.0111741 0.060866
v -0.0069282 0.011 0.073134
v -0.00664383 0.0111741 0.073134
v -0.00531791 0.0115175 0.0602915
v 0.00510228 0.0114969 0.0737443
v -0.0106487 0.004557 0.0599997
v -0.00990318 0.00596314 0.074067
v -0.00927084 -0.00694358 0.0599997
v -0.0126334 -0.00114906 0.0737089
v 0.00137813 -0.0115006 0.0599997
v -0.00532156 -0.0115154 0.0737089
v 0.0106487 -0.004557 0.0599997
v 0.00731181 -0.0103663 0.0737089
v 0.00748893 0.0099848 0.0736263
v -0.00452573 -0.010649 0.0740018
v -0.0054537 0.0114618 0.0735821
v -0.0077361 -0.00256818 0.0738561
v -0.00257992 0.0067897 0.0739421
v -0.000793432 0.00746458 0.073856
v 0.00373501 0.00646025 0.0738067
v 0.00497181 0.00523389 0.0738336
v 0.00951494 0.000288827 0.0745665
v 0.00707569 -0.00330137 0.0739992
v 0.00455686 -0.00882311 0.0744818
v 0.00210185 -0.0078241 0.074
v -0.00753605 0.00976041 0.0601946
v 0.00552022 0.0114579 0.0603942
v 0.00297642 0.0111082 0.06
v 0.00153219 -0.00995883 0.0540097
v 0.00899504 -0.00483586 0.0540206
v 0.0103848 0.00447358 0.0535565
v -0.00153219 0.00995883 0.0540097
v -0.00878281 0.0054157 0.0538548
v -0.0103847 -0.00447362 0.0535565
v 0.0074595 0.00697551 0.06
v 0.00992196 -0.00460191 0.06
v -0.000342242 -0.0102071 0.06
v -0.0074595 -0.00697551 0.06
v -0.00992196 0.00460191 0.06
v 0.000342242 0.0102071 0.06
v 0 0.0225 0.039
v -0.0094475 0.0204205 0.039
v -0.0138895 0.0177297 0.0389149
v -0.0164598 0.0155091 0.0398429
v -0.0223473 0.00211593 0.0389767
v -0.0220874 -0.00382744 0.0389603
v -0.018623 -0.0126267 0.039
v -0.0149732 -0.0170855 0.0400528
v -0.0116 -0.0192793 0.039
v -0.00718428 -0.0213222 0.039
v -0.00243268 -0.0223681 0.039
v 0.00243268 -0.0223681 0.039
v 0.018623 -0.0126267 0.039
v 0.0200381 -0.0102223 0.0389722
v 0.0220469 -0.00505682 0.0398129
v 0.0094475 0.0204205 0.039
v -0.0149255 -0.0135452 0.0100049
v -0.0131603 -0.0151822 0.0099975
v -0.0173868 -0.0113205 0.0120981
v -0.0157735 -0.0132374 0.0100505
v -0.0208356 -0.00779363 0.0145142
v -0.0173108 -0.00918022 0.016625
v -0.0166781 -0.0111297 0.0135546
v -0.0175474 -0.00847002 0.0158612
v -0.0172879 -0.0105814 0.0134135
v -0.0177751 -0.00839251 0.0153315
v -0.0186394 -0.00849654 0.0142936
v -0.0179622 -0.00911097 0.0143198
v -0.0194871 -0.00646081 0.0149343
v -0.0184877 -0.00945984 0.0136359
v -0.0190064 0.00607832 0.015411
v -0.0209437 -0.00284242 0.0162403
v -0.0175765 0.00396193 0.0174058
v -0.0181825 -4.94236e-05 0.0171445
v -0.0208258 -0.000398488 0.016458
v -0.0196371 0.0010163 0.01659
v -0.0175356 -0.00424469 0.0175907
v -0.0183333 0.0108463 0.0124342
v -0.0183434 0.0101912 0.0130634
v -0.0191474 0.00832814 0.0142623
v -0.0170045 0.0106347 0.0138299
v -0.017283 0.00997133 0.0150059
v -0.0175925 0.0090805 0.0150667
v -0.0176505 0.00798925 0.0156545
v -0.0177836 0.00894338 0.0147968
v -0.0171981 0.0108171 0.0130554
v -0.0183363 0.00876208 0.0143033
v -0.0182647 0.00962098 0.0136018
v 0.0146583 0.0137027 0.0100058
v 0.0178138 0.0131574 0.0100412
v 0.0167974 0.0127859 0.0103083
v 0.0173108 0.00918022 0.016625
v 0.0166781 0.0111297 0.0135546
v 0.0175474 0.00847002 0.0158612
v 0.0172879 0.0105814 0.0134135
v 0.0177751 0.00839251 0.0153315
v 0.0176859 0.00934125 0.0144858
v 0.0183605 0.00837028 0.0146211
v 0.0184877 0.00945984 0.0136359
v 0.0188167 0.00957863 0.0134542
v 0.0190064 -0.00607832 0.015411
v 0.0195 0.00379971 0.0160565
v 0.0175765 -0.00396193 0.0174058
v 0.019887 -0.000492385 0.0166828
v 0.0181825 4.94236e-05 0.0171445
v 0.0188348 0.00171344 0.0166118
v 0.0175356 0.00424469 0.0175907
v 0.0160774 -0.0131446 0.0101379
v 0.0183434 -0.0101912 0.0130634
v 0.0191474 -0.00832814 0.0142623
v 0.0170045 -0.0106347 0.0138299
v 0.017283 -0.00997133 0.0150059
v 0.0175925 -0.0090805 0.0150667
v 0.0176505 -0.00798925 0.0156545
v 0.0177836 -0.00894338 0.0147968
v 0.0171981 -0.0108171 0.0130554
v 0.0183363 -0.00876208 0.0143033
v 0.0182647 -0.00962098 0.0136018
v 0.0147178 -0.0136926 0.0100241
v 0.0151054 -0.0134466 0.01
v 0.0163542 -0.0131244 0.01
v 0.0132478 -0.0153184 0.00994777
v 0.0157809 -0.0130522 0.0102515
v -0.0177878 -0.0104645 0.0259959
v -0.0195 -0.0044441 0.026
v -0.0186093 -0.00671218 0.0258657
v -0.0173929 -0.0103482 0.025803
v -0.017918 -0.00940529 0.0259165
v -0.0193818 -0.00510062 0.0259999
v -0.0192452 -0.00575288 0.0259994
v -0.0190901 -0.00640001 0.0259986
v -0.0189175 -0.00704208 0.0259975
v -0.0187284 -0.00767958 0.0259959
v -0.0188698 -0.00626692 0.025942
v -0.0192277 -0.00529681 0.0259893
v -0.0183501 -0.00750587 0.0258233
v -0.0184787 -0.00753792 0.0259128
v -0.0189984 -0.00615361 0.0259761
v -0.0179234 -0.0087984 0.0258132
v -0.0187446 -0.00724584 0.0259794
v -0.0190408 -0.00630453 0.0259915
v -0.0191868 -0.00574121 0.0259947
v -0.0192204 -0.00554284 0.0259946
v -0.018104 -0.00935745 0.0259774
v -0.0192159 -0.00574704 0.0259976
v -0.0193677 -0.0050982 0.0259994
v -0.0173453 -0.0107586 0.0259193
v -0.0185462 -0.0100345 0.0260334
v -0.0170394 -0.01054 0.0254805
v -0.0171026 -0.0105774 0.0256395
v 0.0145467 -0.0147972 0.026
v 0.011574 -0.0175935 0.026056
v 0.00229812 -0.0206224 0.026
v -0.00229812 -0.0206224 0.026
v -0.00678159 -0.0196105 0.026
v 0.0103418 -0.0171446 0.0254419
v 0.0166657 -0.0116075 0.0258151
v -0.0158847 -0.0125672 0.0258569
v -0.00409467 -0.0197057 0.0251594
v -0.0106845 -0.0169166 0.0252367
v 0.0144622 -0.0141674 0.0258519
v 0.00495309 -0.019433 0.0255302
v 0.00522499 -0.0193481 0.0251638
v -0.00289153 -0.0198547 0.0254266
v 0.0125233 -0.0157016 0.025538
v 0.00685704 -0.0188916 0.0256029
v 0.00168309 -0.0200561 0.0256662
v 0.00142937 -0.0199695 0.0253406
v -0.00822255 -0.0184349 0.0257137
v 0.0127948 -0.0156535 0.0257925
v 0.0118419 -0.0164637 0.0258396
v 0.00528002 -0.0195268 0.0257867
v 0.00120718 -0.0203099 0.025877
v -0.00279359 -0.0201715 0.0258794
v -0.00389097 -0.0197983 0.0257181
v -0.0105709 -0.0171862 0.0256941
v 0.0166131 -0.0121102 0.0259576
v 0.0124254 -0.016396 0.0259765
v 0.00973602 -0.017986 0.0259456
v 0.00505776 -0.0198437 0.025949
v -0.00050991 -0.0204801 0.0259477
v -0.00534318 -0.0198636 0.0259766
v -0.0129796 -0.0158765 0.0259537
v -0.0129633 -0.01548 0.0257316
v -0.0069492 -0.0190071 0.0257948
v 0.0052085 -0.0198616 0.0259663
v 0.00735544 -0.0190236 0.0259292
v 0.00172403 -0.0205439 0.0259879
v 7.01e-06 -0.0206156 0.0259879
v -0.00200928 -0.0205315 0.0259876
v -0.00718451 -0.019192 0.0259568
v -0.00986859 -0.0181001 0.0259879
v -0.0110745 -0.0173515 0.0259732
v 0.0174191 -0.00961357 0.0253353
v 0.0182087 -0.00961072 0.026
v -0.00235044 -0.0214898 0.0265759
v -0.0093285 0.0193708 0.02675
v -0.00435942 0.0212269 0.0265433
v 0.0160028 0.0145673 0.0265415
v 0.0214088 -0.00442892 0.0265494
v 0.0173334 0.0116823 0.0260276
v 0.00787442 0.0194252 0.0260191
v 0.00399224 0.0206019 0.0260391
v -0.0149527 0.0147034 0.0260313
v -0.0194108 0.00795971 0.0260218
v -0.01954 -0.00698212 0.026
v 0.01954 -0.00698212 0.026
v 0.020865 0.00211498 0.0260022
v -5.973e-07 0.0212655 0.0261259
v 0.0176155 -0.0110751 0.0260011
v -0.00408516 -0.0208373 0.0261398
v 0.00168479 -0.0211025 0.02606
v 0.002007 -0.0214299 0.0263704
v -0.00864332 -0.0196919 0.0265205
v -0.00907589 -0.0190035 0.0260339
v -0.0124767 -0.017498 0.0264244
v -0.015746 -0.0144866 0.0262372
v -0.0189634 -0.0101774 0.0264088
v -0.0208233 -0.00520027 0.0262876
v -0.0210879 0.00188002 0.0260433
v -0.0214945 1.29257e-05 0.0265574
v -0.0205701 0.00665475 0.0265721
v -0.0159966 0.0146077 0.0266971
v -0.016553 0.0137042 0.02631
v -0.0117683 0.0177269 0.0261434
v -0.00833386 0.0190758 0.0260051
v -0.00623572 0.0202582 0.0260566
v 0.00612354 0.0207547 0.0266071
v 0.00814363 0.0196605 0.0262197
v 0.0101862 0.0190293 0.0265351
v 0.0117065 0.0175377 0.0260498
v 0.0148784 0.0149549 0.0260575
v 0.0199297 0.00833722 0.0265042
v 0.0216444 0.000171607 0.026261
v 0.0203224 -0.00636972 0.0261073
v 0.021125 0 0.0261005
v 0.019452 -0.00802384 0.0260531
v 0.017268 -0.0128307 0.0266656
v 0.0177153 -0.0118103 0.0262071
v 0.012871 -0.0174137 0.0266478
v 0.0149872 -0.0149147 0.0260952
v 0.00607781 -0.0206862 0.0265166
v 0.00812826 -0.0195901 0.0261494
v 0.00775584 -0.01941 0.0260191
v 0.0185264 -0.0069435 0.0258383
v 0.0180866 -0.00807369 0.0257235
v 0.0185537 -0.00805844 0.025987
v 0.0189173 -0.00704271 0.0259974
v 0.0190342 -0.00661548 0.0259983
v 0.0192449 -0.0057541 0.0259994
v 0.0195003 -0.00444329 0.026
v 0.0180578 -0.0095099 0.025979
v 0.0179532 -0.0093728 0.0259303
v 0.0183221 -0.00815746 0.0259244
v 0.0189104 -0.0067264 0.0259859
v 0.0193136 -0.00520326 0.0259971
v 0.0177411 -0.00920323 0.0257439
v 0.0188378 -0.00656863 0.025956
v 0.0191284 -0.00573081 0.0259851
v 0.0190993 -0.00595119 0.0259884
v 0.0186758 -0.00709208 0.0259469
v 0.0174073 -0.010011 0.0256987
v 0.0183723 -0.00757879 0.0258515
v 0.0187271 -0.00659786 0.0259146
v 0.0192493 -0.00522932 0.0259903
v -0.0154161 0.0131229 0.0252118
v -0.0166092 0.0116376 0.0258183
v 0.0161011 0.0120862 0.0256219
v -0.00943333 0.0178017 0.0253615
v -0.0022433 0.0198964 0.0252689
v 0.00249007 0.0199022 0.0253013
v 0.00662251 0.0188714 0.0252588
v 0.0106527 0.0169423 0.0253293
v -0.00690039 0.0188521 0.0255606
v 0.00614747 0.0190871 0.0255261
v 0.0141784 0.0141096 0.0252792
v -0.0162166 0.0119067 0.0256035
v -0.00247541 0.0200761 0.0257129
v 0.0022372 0.0199386 0.0255486
v 0.00807266 0.0185037 0.0257718
v -0.0132913 0.0151699 0.0257223
v -0.0111451 0.0169019 0.0257538
v -0.00361078 0.0199348 0.025799
v 0.000524337 0.0203409 0.0258755
v 0.00305081 0.0201062 0.0258563
v 0.0143628 0.0142755 0.0257975
v 0.0104644 0.0172665 0.0257152
v 0.00535334 0.0194001 0.0256577
v -0.0071355 0.0190421 0.0258797
v -0.0138832 0.0149509 0.0259188
v -0.00562117 0.0197907 0.0259779
v -0.00449233 0.019929 0.0259077
v 0.00133857 0.0204617 0.0259459
v 0.00504856 0.0198417 0.0259473
v 0.00748815 0.0190554 0.0259473
v 0.0127396 0.0160498 0.0259477
v -0.0114133 0.0171249 0.0259682
v -0.00172386 0.0205418 0.0259875
v 0.00046619 0.0206177 0.0259871
v 0.00582522 0.0196251 0.0259504
v 0.0121424 0.0166666 0.0259869
v 0.0179888 0.00997608 0.0259924
v 0.0169345 0.0111394 0.0257885
v 0.0173781 0.0100169 0.0256681
v -0.0174418 0.00948476 0.0253094
v -0.0182087 0.00961072 0.026
v -0.0173166 0.0113361 0.0259841
v 0.019266 0.00806562 0.0260087
v 0.0195 0.0044441 0.026
v 0.0193091 0.00551212 0.0259998
v 0.0191541 0.00614323 0.0259989
v 0.0188334 0.00720979 0.025994
v 0.0184129 0.0073313 0.0258354
v 0.0190893 0.00568922 0.0259765
v 0.0178412 0.00879216 0.0256962
v 0.0179897 0.00821375 0.0256627
v 0.0179148 0.00881581 0.025785
v 0.0184284 0.00779123 0.025928
v 0.0189409 0.00633473 0.0259716
v 0.0192452 0.00536857 0.0259937
v 0.0180992 0.0088751 0.0259226
v 0.0184826 0.00782359 0.0259544
v 0.0190408 0.00630453 0.0259915
v 0.0191762 0.00571159 0.0259927
v 0.0187197 0.00694848 0.0259478
v 0.0178244 0.0100524 0.0259672
v 0.0192649 0.00554437 0.0259983
v -0.0185264 0.0069435 0.0258383
v -0.0180866 0.00807372 0.0257235
v -0.0182197 0.00921254 0.0259912
v -0.0185949 0.00789299 0.0259858
v -0.0189173 0.00704271 0.0259974
v -0.0190342 0.00661548 0.0259983
v -0.0192449 0.0057541 0.0259994
v -0.0195003 0.00444329 0.026
v -0.01826 0.00875772 0.0259687
v -0.0176488 0.00996044 0.0258814
v -0.0183221 0.00815746 0.0259244
v -0.0189104 0.0067264 0.0259859
v -0.0193136 0.00520326 0.0259971
v -0.0179098 0.0088963 0.0258059
v -0.0188378 0.00656863 0.025956
v -0.0191284 0.00573081 0.0259851
v -0.0190993 0.00595119 0.0259884
v -0.0186758 0.00709208 0.0259469
v -0.0173978 0.00991359 0.0256037
v -0.0183723 0.00757879 0.0258515
v -0.0187271 0.00659786 0.0259146
v -0.0192493 0.00522932 0.0259903
v -0.0169606 0.0105839 0.0242854
v -0.0175609 0.00583754 0.0178276
v -0.0174671 0.00895244 0.0240924
v -0.0175386 0.00872437 0.024588
v -0.0177229 0.00799892 0.0250251
v -0.0167733 0.010927 0.0248816
v -0.0191653 0.00522466 0.0259753
v -0.0187662 0.00581572 0.0258734
v -0.0182465 0.00679278 0.0255798
v -0.0187693 -0.00576122 0.0258699
v -0.0178959 -0.00760003 0.0253238
v -0.0166803 -0.0110347 0.0244446
v -0.0159242 -0.0122564 0.0250847
v -0.0175484 -0.00803055 0.0244369
v -0.0175 -0.00829156 0.024
v -0.0176541 -0.00898587 0.0253785
v -0.0171774 -0.0100928 0.0242694
v -0.0174988 -0.00872154 0.0243014
v 0.0182982 0.00651671 0.0256147
v 0.0187137 0.00639459 0.0258827
v 0.0167865 0.0108719 0.0252937
v 0.0177007 0.0074721 0.0249552
v 0.0175452 0.00868416 0.0247306
v 0.0175 0.00829156 0.024
v 0.0173486 0.0097399 0.0248083
v 0.0171774 0.0100928 0.0242694
v 0.0166544 -0.0112136 0.0252731
v 0.0169606 -0.0105839 0.0242854
v 0.0175609 -0.00583754 0.0178276
v 0.0174671 -0.00895244 0.0240924
v 0.0175386 -0.00872437 0.024588
v 0.0177229 -0.00799892 0.0250251
v 0.0173305 -0.00964549 0.0245463
v 0.0187585 -0.00615661 0.0258999
v 0.0182465 -0.00679278 0.0255798
v -0.0175681 0 0.0245176
v 0.0187253 -0.00566859 0.0258521
v 0.0175681 0 0.0245176
v -0.000216912 -0.0214907 0.034504
v 0.0104393 -0.0189613 0.0346034
v 0.0194136 -0.0093636 0.0346999
v 0.0154696 0.0150928 0.0346052
v -0.00883149 0.0196008 0.0345341
v -0.0191596 -0.0101075 0.0346226
v -0.0115199 -0.0183039 0.0344453
v 0.000388394 -0.0220299 0.0349956
v -0.00489546 -0.0214484 0.035
v -0.00954544 -0.0198213 0.035
v -0.0137168 -0.0172003 0.035
v -0.0172003 -0.0137168 0.035
v -0.0198213 -0.00954544 0.035
v -0.0214484 -0.00489546 0.035
v -0.022 0 0.035
v -0.0214484 0.00489546 0.035
v -0.0198213 0.00954544 0.035
v -0.0172003 0.0137168 0.035
v -0.0137168 0.0172003 0.035
v -0.0100034 0.0195473 0.0350036
v -0.00489546 0.0214484 0.035
v 0 0.022 0.035
v 0.00489546 0.0214484 0.035
v 0.00954544 0.0198213 0.035
v 0.0172003 0.0137168 0.035
v 0.0198213 0.00954544 0.035
v 0.0214484 0.00489546 0.035
v 0.022 0 0.035
v 0.0214484 -0.00489546 0.035
v 0.0198213 -0.00954544 0.035
v 0.0172003 -0.0137168 0.035
v 0.0137168 -0.0172003 0.035
v 0.00954544 -0.0198213 0.035
v 0.00489546 -0.0214484 0.035
v -0.0147341 0.0161626 0.034983
v -0.0127583 0.017395 0.0345492
v -0.0187516 0.011155 0.0349591
v -0.0217773 0.00201796 0.034983
v -0.0212651 0.00363256 0.0346694
v -0.0215031 -0.00214439 0.0345995
v -0.020196 -0.00797952 0.0349107
v -0.0183388 -0.0117875 0.0349488
v -0.0157012 -0.0152249 0.034983
v -0.00663013 -0.0208414 0.034983
v -0.00495475 -0.0209235 0.0345237
v -0.00136258 -0.0216969 0.0349335
v 0.00241135 -0.0217115 0.0349666
v 0.00663013 -0.0208414 0.034983
v 0.0157012 -0.0152249 0.034983
v 0.0170352 -0.0131733 0.0344726
v 0.0189405 -0.0109353 0.034983
v 0.0214448 -0.00485086 0.0350029
v 0.0217773 0.00201796 0.034983
v 0.0175688 0.0130577 0.034982
v 0.0177862 0.0123308 0.0347677
v 0.0137838 0.0171255 0.0350007
v 0.00689029 0.0206912 0.0349531
v 0.0019956 -0.0215772 0.0348053
v 0.00655421 -0.0205819 0.0348072
v 0.0039994 -0.0212664 0.0348619
v 0.0125809 -0.0175767 0.0347742
v 0.0126231 -0.0178124 0.0349592
v 0.0115134 -0.0185947 0.034983
v 0.00813394 -0.0201817 0.0349275
v 0.0174181 -0.0131071 0.0349608
v 0.0164014 -0.0141638 0.0348496
v 0.020567 -0.00703349 0.0349069
v 0.0213867 -0.00329595 0.0348619
v 0.0209863 -0.00470902 0.0345278
v 0.0214939 0.00215172 0.0345781
v 0.0217482 0.000586393 0.0349188
v 0.0215568 -0.00066416 0.03475
v 0.0196552 0.00875781 0.0345234
v 0.0206273 0.0072688 0.034983
v 0.0208826 0.00590456 0.0348874
v 0.0193749 0.00971875 0.0349045
v 0.0124749 0.0176337 0.0348072
v 0.015351 0.0152833 0.0348471
v 0.00779089 0.0201106 0.03475
v 0.0111974 0.0186479 0.0349223
v 0.00989622 0.0191695 0.0346152
v -0.00148093 0.0216411 0.0344739
v 0.00135721 0.0216628 0.0348928
v 0.00268764 0.0217048 0.034983
v 0.00503517 0.0209165 0.0346597
v -0.00164656 0.0215017 0.0346828
v -0.00397582 0.0213982 0.034927
v -0.00268764 0.0217048 0.034983
v -0.0102245 0.0190271 0.0348072
v -0.00677881 0.0206161 0.034906
v -0.0153613 0.0152959 0.0348663
v -0.0125218 0.0176482 0.0348619
v -0.0179639 0.0119564 0.0345674
v -0.0165365 0.0141009 0.0349325
v -0.0210532 0.00524879 0.0348644
v -0.0206273 0.0072688 0.034983
v -0.0198612 0.00844985 0.0347188
v -0.0215966 -0.00169752 0.0348729
v -0.020774 -0.00591727 0.0348072
v -0.0213915 -0.00416644 0.0349426
v -0.0186776 -0.0107835 0.03475
v -0.0148156 -0.015825 0.0348663
v -0.0165273 -0.0138723 0.0347123
v -0.00920474 -0.0195729 0.0346591
v -0.0115134 -0.0185947 0.034983
v -0.0126388 -0.0177137 0.0349223
v -0.00903684 -0.0197689 0.0349358
v -0.0050113 -0.0211659 0.0349211
v -0.0210898 -0.00814176 0.0355104
v -0.022467 -0.00121813 0.0355
v -0.0223385 0.00335206 0.0373517
v -0.0137404 0.0179681 0.0353989
v -0.0051236 0.0220327 0.0355224
v 0.0139264 0.0177782 0.0354492
v 0.0201406 0.010244 0.0355271
v 0.0223391 -0.00355416 0.0355353
v -0.00169935 0.0224305 0.035247
v -2.36018e-05 0.0223608 0.0351381
v -0.0106365 0.0198078 0.0353706
v -0.0129901 0.0183505 0.0353706
v -0.0127858 0.018062 0.035017
v -0.0149884 0.0163607 0.0350323
v -0.018525 0.0122137 0.0350325
v -0.0218675 -0.00339447 0.035017
v -0.0213256 -0.00612571 0.035032
v -0.0191893 -0.0111404 0.0350324
v -0.0172063 -0.0145506 0.0354233
v -0.016671 -0.0146058 0.0350167
v -0.00668516 -0.021158 0.0350326
v -0.00234429 -0.0225042 0.0354445
v 0.00341618 -0.022357 0.0354878
v 0.0191646 -0.0110647 0.035017
v 0.0219341 -0.00335031 0.0350323
v 0.0219346 0.00489309 0.0352949
v 0.0220897 0.00209761 0.0350326
v 0.0184471 0.0122235 0.035017
v 0.0139055 0.0170649 0.0349934
v 0.00841164 0.020943 0.035263
v 0.0127744 0.0181418 0.0350321
v -0.00288956 -0.0222561 0.0351981
v 0.00138667 -0.0222632 0.0350997
v 0.000200297 -0.0223819 0.0351178
v -0.0031345 -0.0219626 0.0350179
v -0.0118291 -0.019102 0.0352888
v -0.0108827 -0.0193338 0.0350197
v -0.00844132 -0.0207284 0.0351291
v -0.00852472 -0.0208743 0.0353852
v -0.0138207 -0.0177701 0.0354161
v -0.0139135 -0.0173793 0.0350635
v -0.0169137 -0.0146005 0.0350961
v -0.0161049 -0.0156164 0.03525
v -0.0204254 -0.00869131 0.0350374
v -0.0200094 -0.0100379 0.0351367
v -0.0189326 -0.0121383 0.0352743
v -0.0221713 -0.00345123 0.0352182
v -0.0215429 -0.00613607 0.0351928
v -0.0223555 -0.000363197 0.035098
v -0.0218208 0.00471265 0.035095
v -0.0222125 0.00204473 0.0350996
v -0.0223879 0.00206445 0.0353461
v -0.0206614 0.00899802 0.0354153
v -0.0199739 0.00993073 0.0350996
v -0.020504 0.00841963 0.0350166
v -0.0214757 0.00661166 0.0352218
v -0.0170574 0.0146451 0.0353453
v -0.0169442 0.01444 0.0350635
v -0.0186853 0.0125524 0.0353594
v -0.010007 0.019806 0.0350241
v -0.0129388 0.0182372 0.0351382
v -0.00550637 0.0216342 0.0350951
v -0.00935732 0.0203625 0.0351481
v -0.0015949 0.0221091 0.0350164
v 0.0025688 0.0223648 0.0354207
v 0.00274699 0.0221841 0.0351465
v 0.00267811 0.022027 0.0350326
v 0.00662099 0.0215039 0.0352768
v 0.00852167 0.020495 0.0350272
v 0.005375 0.0215378 0.0350377
v 0.012 0.0191337 0.0351891
v 0.0170937 0.0146025 0.0353451
v 0.0168719 0.0145244 0.0350634
v 0.015113 0.0165782 0.03525
v 0.0187191 0.0123147 0.0351779
v 0.0212237 0.00740078 0.035334
v 0.0209123 0.00741902 0.0350327
v 0.0198094 0.00986393 0.035017
v 0.02051 0.00891862 0.0351145
v 0.0200812 0.00999925 0.03525
v 0.0216171 0.00473421 0.035017
v 0.0217349 0.00476001 0.035067
v 0.0221189 -0.00068148 0.035017
v 0.0223304 -0.00192917 0.0351513
v 0.0215464 -0.00612391 0.0351928
v 0.0213524 -0.00603204 0.0350321
v 0.02 -0.010405 0.0354241
v 0.0193246 -0.0111415 0.0350996
v 0.021091 -0.00753839 0.0351194
v 0.0174355 -0.0142137 0.0352771
v 0.0169786 -0.0143524 0.0350339
v 0.0108466 -0.0197085 0.0352995
v 0.0117543 -0.0189581 0.0350996
v 0.0116496 -0.0188148 0.035017
v 0.0139474 -0.0172696 0.0350376
v 0.0150214 -0.0166745 0.0351981
v 0.00781256 -0.020993 0.035148
v 0.00871867 -0.0204109 0.0350246
v 0.00506995 -0.0217004 0.0350604
v 0.0297775 0.00794635 0.0100037
v 0.0296326 -0.00776915 0.0100763
v 0.0296009 -0.00219472 0.0122609
v 0.0296721 0.00228038 0.0123688
v 0.015 -0.00674119 0.01
v 0.015 -0.00260032 0.0118537
v 0.0148424 -9.24649e-05 0.0111698
v 0.015 0.00643063 0.0102551
v 0 -0.0222 0.039
v -0.00774513 -0.0209395 0.0390006
v -0.0191124 -0.0115362 0.0390021
v -0.0173567 0.0138415 0.039
v -0.00963222 0.0200015 0.039
v 0.00356478 0.0221761 0.03898
v 0.012643 0.0185602 0.0389776
v 0.0193282 0.0114249 0.0389772
v 0.0223473 0.00211593 0.0389767
v 0.0216434 -0.00493996 0.039
v 0.0151646 -0.0165116 0.0389592
v 0.0112098 -0.0194163 0.0389587
v 0.00603844 -0.0220844 0.0370282
v 0.0102913 -0.0205637 0.036893
v 0.0164896 -0.0158283 0.03705
v 0.0210974 -0.00815824 0.0387247
v 0.0230576 0.000699831 0.0365041
v 0.019864 0.0108199 0.0387241
v 0.0134783 0.0181658 0.0387226
v 0.00459709 0.0221482 0.0387207
v -0.0051362 0.0220297 0.0387187
v -0.0201261 0.0103266 0.0387144
v -0.022267 -0.00398459 0.0387113
v -0.019879 -0.0105392 0.0387
v -0.0152866 -0.0166732 0.0387082
v -0.00492928 -0.0222181 0.0387144
v -0.0220859 -0.00106099 0.0184841
v -0.0221547 0.00100431 0.0184727
v -0.02895 0.00108924 0.0184568
v -0.0299899 -0.00636842 0.0153698
v -0.0289944 -0.0153405 0.0102473
v -0.0220056 0.0153405 0.0102473
v -0.0290169 0.0152556 0.0102852
v -0.0209869 0.00662657 0.015211
v -0.03 0.00172472 0.0164096
v -0.0290667 -0.00116672 0.0183515
v 0.03 0.0131244 0.01
v 0.0288453 0.0155644 0.01
v 0.0288453 0.0155416 0.0100354
v 0.0288453 0.0155187 0.0100708
v 0.0288453 0.0154957 0.0101061
v 0.03 0.00825 0.0142894
v 0.0299752 0.010469 0.0129595
v 0.0299715 0.00605596 0.015525
v 0.0290679 0.00112081 0.0183526
v 0.0288453 -0.00033492 0.018497
v 0.0292914 -0.00163716 0.0180835
v 0.0288453 -0.0155644 0.01
v 0.0291575 -0.015198 0.0100764
v 0.0300216 -0.0075577 0.0147223
v 0.029967 -0.0105482 0.0129322
v 0.0288453 -0.0155187 0.0100708
v 0.0288453 -0.0155416 0.0100354
v 0.0221547 0.0155644 0.01
v 0.021 0.0131244 0.01
v 0.0213272 0.0128958 0.0113082
v 0.0203074 0.00593977 0.0152995
v 0.0221547 0.0155187 0.0100708
v 0.0221547 0.0155416 0.0100354
v 0.0210002 -0.00998381 0.013272
v 0.0210647 -0.00478969 0.0160411
v 0.0221548 -0.000954253 0.0184953
v 0.0215127 0.00299321 0.017211
v 0.021 -0.0131244 0.01
v 0.0221547 -0.0155644 0.01
v 0.0221547 -0.0155416 0.0100354
v 0.0221547 -0.0155187 0.0100708
v 0.0220056 -0.0153405 0.0102473
v -0.00227455 -0.0202658 0.01
v -0.000318021 0.00769733 0.0735465
v 0.00317209 0.00688333 0.0735532
v 0.0066302 -0.00300455 0.0391387
v 0.0045175 -0.00569577 0.0390661
v 0.00267043 -0.00677823 0.0390081
v 0.00504852 -0.00522145 0.0391367
v 0.00587922 -0.00430474 0.0391332
v 0.00722219 -0.00224056 0.0393502
v 0.00718985 0.00115869 0.0391743
v 0.00666229 0.00273848 0.0392254
v 0.00589618 0.00416676 0.0392752
v 0.00479361 0.00537143 0.0391928
v 0.00358218 0.00626857 0.0393855
v 0.00219654 0.00686945 0.0394629
v 0.00124152 0.00709377 0.0394665
v -0.000331581 0.00721703 0.0395311
v -0.00290601 0.00716075 0.0400272
v -0.00292176 0.00658023 0.039599
v -0.0042202 0.00586219 0.0396645
v -0.00539584 0.00476731 0.0396998
v -0.00597181 0.00401001 0.0397143
v -0.00670593 0.00267606 0.03979
v -0.00709538 0.00123872 0.0398415
v -0.00721092 -0.000364372 0.0398923
v -0.00663202 -0.0028095 0.039978
v -0.00586126 -0.00421608 0.0400288
v 0.00187793 -0.00695317 0.0403192
v 0.00336908 -0.00638577 0.0403701
v 0.00598435 -0.00400738 0.0404898
v 0.0067341 -0.0026039 0.0405407
v 0.00711026 -0.00114665 0.0405922
v 0.00720662 0.000439026 0.0406431
v 0.0069406 0.00192296 0.0406945
v 0.00636817 0.00340211 0.0407455
v 0.00550629 0.00464215 0.0407969
v 0.00437131 0.00574625 0.0408479
v 0.00306866 0.00651547 0.0408993
v 0.00157922 0.00704511 0.0409502
v 7.19218e-05 0.00720153 0.0410016
v -0.0015001 0.00706237 0.0410526
v -0.00293789 0.00657537 0.041104
v -0.00430659 0.00579487 0.041155
v -0.00541232 0.00475109 0.0412063
v -0.0063296 0.00347324 0.0412574
v -0.00690055 0.00206103 0.0413087
v -0.00720117 0.000519799 0.0413598
v -0.00713134 -0.00100447 0.0414111
v -0.00676275 -0.00252826 0.0414621
v -0.00606267 -0.00388697 0.0415134
v -0.0050941 -0.00511634 0.0415645
v -0.00388928 -0.00606116 0.0416158
v -0.00249876 -0.0067737 0.0416669
v -0.00100721 -0.00713087 0.0417181
v 0.000551111 -0.00719882 0.0417693
v 0.00205844 -0.00690119 0.0418205
v 0.00350073 -0.00631439 0.0418716
v 0.00474892 -0.00541398 0.0419229
v 0.00581354 -0.00428128 0.041974
v 0.00657408 -0.00294019 0.0420252
v 0.00706877 -0.00146937 0.0420764
v 0.00720127 6.93821e-05 0.0421276
v 0.0070381 0.00160988 0.0421788
v 0.00651623 0.00306624 0.04223
v 0.00572712 0.00439622 0.0422811
v 0.00464374 0.00550444 0.0423323
v 0.00337429 0.00638285 0.0423835
v 0.00192515 0.00693953 0.0424347
v 0.000407572 0.00720836 0.0424859
v -0.00114433 0.00711013 0.0425371
v -0.00263319 0.00672257 0.0425883
v -8.26145e-05 -0.00722019 0.0477564
v 0.0019613 -0.00694915 0.0478246
v 0.00388124 -0.00609197 0.0479019
v 0.00548131 -0.00469561 0.0479543
v 0.00656711 -0.00298828 0.0480151
v 0.00714855 -0.00103632 0.0481067
v 0.00713813 0.00105061 0.0481516
v 0.00679234 0.0024001 0.0482175
v 0.00609156 0.00387651 0.0482682
v 0.00517269 0.00501376 0.0483199
v 0.00392221 0.00606219 0.0483705
v 0.00261083 0.0067139 0.0484222
v 0.0010394 0.00714515 0.0484729
v -0.000426568 0.00719091 0.0485246
v -0.00203246 0.00692836 0.0485753
v -0.00338623 0.00635789 0.048627
v -0.0047346 0.00545126 0.0486777
v -0.00608226 0.00389082 0.0487459
v -0.00672999 0.00256787 0.0487976
v -0.00715031 0.00100248 0.0488483
v -0.0071421 -0.00105932 0.0489165
v -0.00655149 -0.00303471 0.0489848
v -0.0057811 -0.00429675 0.0490364
v -0.00469108 -0.00548862 0.0490872
v -0.00294851 -0.00659069 0.0491554
v -0.0015347 -0.00703744 0.049207
v 6.59863e-05 -0.00721985 0.0492578
v 0.00153978 -0.00703623 0.0493094
v 0.00306848 -0.00653564 0.0493602
v 0.00433365 -0.00575305 0.0494117
v 0.00551276 -0.00466256 0.0494626
v 0.00633787 -0.00342173 0.0495141
v 0.00695419 -0.00194139 0.0495649
v 0.00718732 -0.000467022 0.0496165
v 0.00713061 0.00113303 0.0496673
v 0.00672721 0.00257278 0.0497188
v 0.0060099 0.00400127 0.0497697
v 0.00504135 0.00514375 0.0498212
v 0.00379592 0.00614164 0.0498721
v 0.00243703 0.0067774 0.0499235
v 0.000891421 0.00716478 0.0499745
v -0.000611333 0.00717618 0.0500259
v -0.0021752 0.00688454 0.0500768
v -0.00354824 0.00626741 0.0501283
v -0.00484614 0.00535192 0.0501792
v -0.00583863 0.00421662 0.0502306
v -0.00663549 0.00284572 0.0502816
v -0.00706509 0.00139756 0.050333
v -0.00721776 -0.000178113 0.050384
v -0.00700418 -0.0016761 0.0504354
v -0.00648703 -0.00316955 0.0504863
v -0.00566703 -0.00444432 0.0505377
v -0.00457625 -0.00558439 0.0505887
v -0.00329724 -0.00640272 0.0506401
v -0.00183302 -0.00698336 0.0506911
v -0.000326649 -0.00719439 0.0507424
v 0.00124376 -0.00711197 0.0507935
v 0.00270339 -0.00667511 0.0508448
v 0.00409419 -0.00594682 0.0508959
v 0.00524082 -0.00493951 0.0509472
v 0.00619983 -0.00369988 0.0509982
v 0.00682326 -0.00230382 0.0510495
v 0.00717765 -0.000779862 0.0511006
v 0.00716235 0.000751576 0.0511519
v 0.00684976 0.002282 0.051203
v 0.00619632 0.00367007 0.0512543
v 0.00527581 0.00492875 0.0513054
v 0.00410119 0.00591977 0.0513566
v 0.00274209 0.00667889 0.0514077
v 0.00125875 0.00709077 0.051459
v -0.000290435 0.00721403 0.0515101
v -0.00181307 0.00696965 0.0515613
v -0.00327009 0.00643685 0.0516125
v -0.00455447 0.00557852 0.0516637
v -0.00565489 0.00448875 0.0517149
v -0.00646599 0.00317083 0.0517661
v -0.00701102 0.00172402 0.0518173
v -0.00719922 0.000185376 0.0518684
v -0.00709173 -0.00135427 0.0519196
v -0.00662059 -0.00283391 0.0519708
v -0.00588234 -0.00418626 0.052022
v -0.00483556 -0.00533673 0.0520732
v -0.00360286 -0.00625668 0.0521244
v 0.00708457 0.00128072 0.0571661
v 0.00667255 0.00275119 0.057217
v 0.00562266 0.00452527 0.0572854
v 0.00414382 0.0059064 0.0573464
v 0.00236839 0.0068211 0.057429
v 0.000344018 0.00721233 0.0574972
v -0.00110835 0.00711838 0.0575489
v -0.00273124 0.00668701 0.0576087
v -0.00452465 0.00561998 0.0576536
v -0.00551234 0.00463798 0.0577195
v -0.00642984 0.00328506 0.0577701
v -0.0069441 0.00191687 0.0578219
v -0.00721385 0.000306956 0.0578725
v -0.00711076 -0.00115333 0.0579242
v -0.00668563 -0.0027269 0.0579749
v -0.00598205 -0.00401328 0.0580266
v -0.00494127 -0.00526469 0.0580773
v -0.00376352 -0.00614212 0.0581289
v -0.00229806 -0.00684483 0.0581797
v -0.000269815 -0.00721524 0.0582479
v 0.00119846 -0.00710287 0.0582995
v 0.00276123 -0.00667141 0.0583503
v 0.00453424 -0.00561894 0.0584185
v 0.00593747 -0.00410829 0.0584868
v 0.00663451 -0.00280477 0.0585384
v 0.0071093 -0.00126055 0.0585892
v 0.00719964 0.000217371 0.0586408
v 0.00698793 0.00181652 0.0586915
v 0.00645304 0.00319981 0.0587431
v 0.00559537 0.00456315 0.0587939
v 0.00453077 0.00559923 0.0588455
v 0.00318501 0.00647965 0.0588963
v 0.00178302 0.00697845 0.0589478
v 0.000195243 0.00721747 0.0589987
v -0.00128955 0.00708616 0.0590502
v -0.00282998 0.00664235 0.0591011
v -0.00412703 0.00590281 0.0591526
v -0.00534047 0.00485888 0.0592034
v -0.00621257 0.00364394 0.0592549
v -0.0068794 0.00219158 0.0593058
v -0.00716611 0.000721193 0.0593573
v -0.0071669 -0.00087433 0.0594082
v -0.00681393 -0.00233294 0.0594597
v -0.00615066 -0.00378126 0.0595106
v -0.00522022 -0.00496191 0.059562
v -0.00401554 -0.00600032 0.0596129
v -0.00267534 -0.00668676 0.0596644
v -0.00115003 -0.0071278 0.0597153
v 0.000356974 -0.00719319 0.0597667
v 0.00192479 -0.00695867 0.0598177
v 0.00332417 -0.00638893 0.0598691
v 0.00464938 -0.00552367 0.0599201
v 0.00568566 -0.00442052 0.0599715
v 0.00652819 -0.00308387 0.0600225
v 0.00701111 -0.00164667 0.0600738
v 0.00721945 -8.30874e-05 0.0601248
v 0.007059 0.00142723 0.0601762
v 0.00659742 0.00293279 0.0602272
v 0.00582061 0.00424103 0.0602786
v 0.0047752 0.00541522 0.0603296
v 0.00352166 0.00628198 0.0603809
v 0.00208431 0.0069125 0.060432
v 0.000580985 0.00717825 0.0604833
v -0.000985697 0.00715229 0.0605343
v -0.00246555 0.0067665 0.0605856
v -0.0038764 0.006091 0.0606367
v -0.0050628 0.00512173 0.060688
v -0.00606195 0.00392167 0.0607391
v -0.00673745 0.00254373 0.0607904
v -0.00714473 0.00103896 0.0608415
v -0.0071844 -0.000497807 0.0608927
v -0.0069278 -0.00203279 0.0609439
v -0.00632222 -0.00344861 0.0609951
v -0.00545059 -0.00473472 0.0610462
v -0.004308 -0.00577098 0.0610975
v -0.00298184 -0.00657535 0.0611486
v -0.00150877 -0.00704178 0.0611998
v 2.93657e-05 -0.00721981 0.061251
v 0.00156543 -0.00702941 0.0613022
v 0.00303518 -0.0065509 0.0613534
v 0.00435436 -0.00573609 0.0614045
v 0.00548889 -0.00469028 0.0614557
v 0.0063498 -0.00339754 0.0615069
v 0.00694409 -0.00197646 0.0615581
v 0.00718818 -0.000439936 0.0616093
v 0.00713606 0.00109695 0.0616605
v -0.00719205 0.000641725 0.0668627
v -0.00708016 -0.00141709 0.066931
v -0.00639098 -0.00336029 0.0669992
v -0.00557392 -0.00456416 0.0670509
v -0.00437895 -0.0057446 0.0671107
v -0.00255011 -0.00674933 0.0671556
v -0.000604854 -0.00719505 0.067238
v 0.000854904 -0.00715296 0.0672897
v 0.00244823 -0.00679267 0.0673404
v 0.00375963 -0.00614485 0.0673921
v 0.005056 -0.00515467 0.0674427
v 0.00597943 -0.0040173 0.0674944
v 0.00674402 -0.00257906 0.0675451
v 0.00710982 -0.00115803 0.0675968
v 0.00720528 0.000465705 0.0676475
v 0.00694496 0.00191219 0.0676992
v 0.00635587 0.00342571 0.0677499
v 0.00512847 0.00508243 0.0678181
v 0.00397891 0.00600455 0.0678698
v 0.00254416 0.00675715 0.0679205
v 0.000530658 0.0072007 0.0679888
v -0.000945839 0.00714067 0.0680404
v -0.00251808 0.00676687 0.0680912
v -0.00432793 0.00577928 0.0681594
v -0.00578491 0.00432038 0.0682276
v -0.00653073 0.00303808 0.0682792
v -0.00705899 0.00151692 0.06833
v -0.00720261 3.78678e-05 0.0683816
v -0.00704901 -0.00156257 0.0684324
v -0.00656218 -0.00296909 0.0684839
v -0.00575677 -0.0043577 0.0685348
v -0.00472614 -0.00543509 0.0685863
v -0.00341729 -0.00636017 0.0686372
v -0.00202906 -0.00691073 0.0686887
v -0.000456177 -0.00720563 0.0687395
v 0.00103769 -0.00712723 0.068791
v 0.00258787 -0.00674032 0.0688419
v 0.00391537 -0.00604508 0.0688934
v 0.00516119 -0.00504885 0.0689443
v 0.00607952 -0.00386154 0.0689958
v 0.00679558 -0.00243898 0.0690467
v 0.00713594 -0.000974391 0.0690981
v 0.00719379 0.000614578 0.0691491
v 0.00689212 0.00209018 0.0692005
v 0.00628337 0.00355632 0.0692514
v 0.00539249 0.00477392 0.0693028
v 0.00422994 0.00585112 0.0693538
v 0.00291029 0.00658776 0.0694052
v 0.00140701 0.00708152 0.0694562
v -0.000102162 0.0072012 0.0695076
v -0.00167178 0.00702372 0.0695586
v -0.00309596 0.00650247 0.0696099
v -0.00444654 0.0056882 0.0696609
v -0.00552562 0.00461887 0.0697123
v -0.00641237 0.00331794 0.0697633
v -0.00694837 0.00189366 0.0698147
v -0.00721171 0.000344155 0.0698657
v -0.007105 -0.00117658 0.069917
v -0.00669913 -0.00269235 0.0699681
v -0.00596693 -0.00403244 0.0700194
v -0.00496792 -0.00523895 0.0700705
v -0.00374166 -0.0061534 0.0701217
v -0.00233293 -0.00683259 0.0701728
v -0.000834548 -0.00715315 0.0702241
v 0.000726407 -0.00718325 0.0702752
v 0.00222462 -0.00684944 0.0703265
v 0.0036536 -0.00622719 0.0703776
v 0.00487839 -0.00529761 0.0704288
v 0.00591615 -0.00413833 0.07048
v 0.00664324 -0.00278041 0.0705312
v 0.00710248 -0.00129665 0.0705823
v 0.00719749 0.000243406 0.0706336
v 0.00699677 0.00178094 0.0706847
v 0.00644021 0.00322285 0.0707359
v 0.00561825 0.00453452 0.0707871
v 0.00450939 0.00561503 0.0708383
v 0.0032177 0.0064632 0.0708895
v 0.00175686 0.00698403 0.0709407
v 0.000231749 0.00721615 0.0709919
v -0.0013159 0.00708038 0.071043
v -0.0027963 0.00665638 0.0710942
v -0.00414875 0.00588654 0.0711454
v -0.00531567 0.00488573 0.0711966
v 0.00704323 0.00155525 0.0736373
v 0.00655686 0.00302229 0.0737249
v 0.0060786 0.00390187 0.073887
v 0.00555345 0.00476791 0.0389995
v 0.00252632 0.00686946 0.0389994
v -0.003012 0.00691085 0.0389951
v -0.00746295 0.00106605 0.0389951
v -0.00482597 -0.00579064 0.0389947
v -0.00042536 -0.00725053 0.039
v 0 0 0.0346359
v -0.00321576 0.00732239 0.0390005
v 0.000673873 0.00777907 0.0390008
v 0.00334495 0.00681123 0.039
v 0.0055565 0.00492884 0.039
v 0.00634313 0.00372515 0.0390004
v -0.00541005 -0.00603748 0.0739498
v -0.00771716 0.00209269 0.0738196
v 0.00514023 0.00626197 0.0731486
v 0.00781934 -0.00211949 0.0398745
v 0.00580148 -0.00465907 0.0403561
v 0.00508813 -0.00542988 0.040322
v 0.00139042 -0.00731285 0.0401855
v 0.000346958 -0.00743647 0.0401514
v -0.000703383 -0.007412 0.0401173
v -0.00174028 -0.00723981 0.0400831
v -0.00274254 -0.00692339 0.040049
v -0.00369057 -0.00646885 0.0400149
v -0.00456499 -0.00588553 0.0399807
v -0.00713754 -0.00389134 0.0392747
v -0.00701035 -0.00252674 0.0398442
v -0.0081088 0.000561124 0.0391383
v -0.00608933 0.00536748 0.0390225
v 0.00151927 -0.00784551 0.0392776
v -0.00148433 -0.00727736 0.039
v -0.00780771 0.00223505 0.0390402
v -0.00809049 -7.28433e-05 0.0390357
v -0.00796249 -0.00168364 0.0391073
v -0.00677662 -0.00435381 0.0390958
v -0.00587003 -0.00562975 0.0392047
v -0.00441424 -0.00670681 0.0391487
v -0.00356965 -0.00719633 0.0391631
v -0.000934704 -0.00805917 0.0393198
v 0.00298201 -0.00757826 0.0395895
v 0.00540672 -0.00614578 0.0396534
v 0.00721471 -0.00377761 0.0397599
v 0.0081319 -0.000441192 0.0398621
v 0.00802163 0.00128158 0.0399128
v 0.0075811 0.00297479 0.0399643
v 0.00676525 0.00449672 0.040015
v 0.00566176 0.0058538 0.0400665
v 0.00428727 0.00689989 0.0401173
v 0.00272032 0.0076761 0.0401687
v 0.0010351 0.00805715 0.0402195
v -0.000712122 0.00811267 0.0402709
v -0.00401608 0.00708475 0.0403731
v -0.00540891 0.00606075 0.0404239
v -0.00659504 0.00477788 0.0404753
v -0.00743722 0.00326755 0.0405262
v -0.00798343 0.00160856 0.0405775
v -0.00812254 -0.000115666 0.0406284
v -0.00793069 -0.00185117 0.0406797
v -0.00734117 -0.00347797 0.0407306
v -0.00644626 -0.00497679 0.040782
v -0.00523418 -0.00621228 0.0408328
v -0.0037982 -0.00720392 0.0408842
v -0.00218202 -0.00782482 0.0409351
v -0.000464449 -0.00813062 0.0409864
v 0.00126414 -0.0080244 0.0410373
v 0.00295315 -0.00758958 0.0410886
v 0.00448203 -0.00677499 0.0411395
v 0.00583763 -0.00567845 0.0411908
v 0.00689059 -0.00430218 0.0412418
v 0.00766831 -0.00274221 0.041293
v 0.00805489 -0.00105252 0.041344
v 0.00811468 0.000689008 0.0413952
v 0.00776467 0.00238723 0.0414462
v 0.00709621 0.00399583 0.0414974
v 0.00607236 0.00539587 0.0415484
v 0.00479671 0.00658137 0.0415996
v 0.00328351 0.00743018 0.0416507
v 0.0016313 0.00797883 0.0417019
v -9.82719e-05 0.00812277 0.0417529
v -0.0018286 0.00793593 0.0418041
v -0.00346227 0.00734858 0.0418551
v -0.00476527 0.00603601 0.0422739
v -0.00556317 0.00530755 0.0423078
v -0.00625117 0.00447442 0.0423418
v -0.00681532 0.00355356 0.0423757
v -0.00724488 0.00256276 0.0424096
v -0.00753125 0.00152195 0.0424435
v -0.007669 0.000451184 0.0424774
v -0.00765534 -0.000627923 0.0425113
v -0.00749063 -0.00169441 0.0425453
v -0.00717815 -0.0027272 0.0425792
v -0.00672405 -0.00370596 0.0426131
v -0.00613755 -0.004611 0.042647
v -0.0054302 -0.00542477 0.0426809
v -0.00461554 -0.00613168 0.0427148
v -0.00371003 -0.00671733 0.0427487
v -0.00273193 -0.00717004 0.0427827
v -0.00169982 -0.00748137 0.0428166
v -0.000634276 -0.007645 0.0428505
v 0.00044346 -0.00765767 0.0428844
v 0.00151212 -0.00751925 0.0429183
v 0.00255078 -0.00723248 0.0429522
v 0.00353906 -0.00680299 0.0429862
v 0.0044573 -0.00623931 0.0430201
v 0.00528752 -0.0055525 0.043054
v 0.00601315 -0.0047563 0.0430879
v 0.00662007 -0.00386625 0.0431218
v 0.00709624 -0.00290002 0.0431557
v 0.00743235 -0.00187645 0.0431896
v 0.00762164 -0.000816224 0.0432236
v 0.00766049 0.000260312 0.0432575
v 0.0075481 0.00133158 0.0432914
v 0.00728669 0.00237645 0.0433253
v 0.00688147 0.00337428 0.0433592
v 0.00634022 0.00430579 0.0433931
v 0.00567399 0.00515193 0.0434271
v 0.00489549 0.0058966 0.043461
v 0.00402049 0.00652463 0.0434949
v 0.00306587 0.00702394 0.0435288
v 0.00205054 0.00738454 0.0435627
v 0.000995067 0.00759917 0.0435966
v -8.02516e-05 0.00766375 0.0436305
v -0.00115423 0.00757692 0.0436645
v -0.00220539 0.00734039 0.0436984
v -0.00321305 0.00695882 0.0437323
v -0.00415741 0.00643963 0.0437662
v -0.0050198 0.00579304 0.0438002
v -0.00578296 0.00503196 0.0438341
v -0.00643179 0.00417148 0.043868
v -0.00695377 0.00322809 0.0439019
v -0.00733823 0.002221 0.0439358
v -0.00757773 0.0011696 0.0439698
v -0.0076674 9.49734e-05 0.0440037
v -0.00760545 -0.000981725 0.0440376
v -0.00739301 -0.00203941 0.0440715
v -0.00703443 -0.00305653 0.0441054
v -0.00653653 -0.00401367 0.0441394
v -0.00590906 -0.00489175 0.0441733
v -0.0051647 -0.00567304 0.0442072
v -0.00431785 -0.00634234 0.0442412
v -0.00338536 -0.00688626 0.0442751
v -0.00238559 -0.00729403 0.044309
v -0.00133837 -0.0075575 0.0443429
v -0.000264206 -0.00767142 0.0443769
v 0.000815234 -0.00763348 0.0444108
v 0.00187901 -0.00744435 0.0444447
v 0.00290605 -0.00710765 0.0444787
v 0.00387578 -0.00663006 0.0445126
v 0.00476885 -0.00602107 0.0445465
v 0.00556783 -0.00529252 0.0445804
v 0.00625675 -0.00445884 0.0446144
v 0.00682191 -0.00353651 0.0446483
v 0.00725207 -0.00254367 0.0446822
v 0.0075386 -0.00150006 0.0447162
v 0.00767575 -0.000426433 0.0447501
v 0.00766075 0.000656175 0.044784
v 0.00749385 0.001726 0.044818
v 0.00717821 0.00276219 0.0448519
v 0.00671992 0.00374414 0.0448859
v 0.00612831 0.00465188 0.0449198
v 0.0054148 0.0054678 0.0449537
v 0.00459332 0.00617567 0.0449877
v 0.0036805 0.00676112 0.0450216
v 0.00269436 0.00721257 0.0450555
v 0.00165401 0.00752108 0.0450895
v 0.000580217 0.00768034 0.0451234
v -0.00050521 0.00768713 0.0451574
v -0.00158109 0.00754125 0.0451913
v -0.00262633 0.00724537 0.0452253
v -0.00361977 0.00680541 0.0452592
v -0.0045416 0.0062301 0.0452932
v -0.00537373 0.00553057 0.0453271
v -0.00595752 0.00491469 0.0454166
v -0.00660144 0.00412602 0.0453129
v -0.00717588 0.00283621 0.045429
v -0.00750507 0.00179907 0.0454629
v -0.00768516 0.000725327 0.0454969
v -0.00773116 -0.000131091 0.0455863
v -0.00771287 -0.00113993 0.0454822
v -0.0073911 -0.00228412 0.0456542
v -0.00709486 -0.00324453 0.0455499
v -0.00632587 -0.00443854 0.0456666
v -0.00563939 -0.00528592 0.0457006
v -0.00502053 -0.00589544 0.04579
v -0.00426329 -0.00654535 0.0456854
v -0.00317668 -0.00706604 0.0458579
v -0.0024814 -0.00742982 0.0458205
v -0.00140986 -0.00770788 0.0458544
v -0.000309377 -0.00783218 0.0458883
v 0.000798021 -0.00780011 0.0459222
v 0.00189019 -0.00761223 0.0459561
v 0.00294555 -0.00727201 0.04599
v 0.00394293 -0.00678607 0.0460239
v 0.00486187 -0.00616441 0.0460578
v 0.00568454 -0.00541876 0.0460916
v 0.00639397 -0.00456445 0.0461255
v 0.00697614 -0.00361791 0.0461594
v 0.00741908 -0.00259872 0.0461934
v 0.00771394 -0.00152641 0.0462273
v 0.00785464 -0.000422933 0.0462612
v 0.00783814 0.000690038 0.0462951
v 0.00766495 0.00178938 0.046329
v 0.00733802 0.00285408 0.0463629
v 0.00686389 0.0038624 0.0463968
v 0.00625176 0.00479421 0.0464307
v 0.00551443 0.00563028 0.0464646
v 0.00466566 0.00635442 0.0464985
v 0.00372282 0.00695167 0.0465325
v 0.00270491 0.00740995 0.0465664
v 0.00163217 0.00772003 0.0466003
v 0.000525483 0.00787552 0.0466342
v -0.00059212 0.00787324 0.0466681
v -0.00169852 0.00771312 0.0467021
v -0.00277198 0.007398 0.046736
v -0.00379039 0.00693433 0.0467699
v -0.00473346 0.00633116 0.0468039
v -0.0054693 0.00574231 0.0469032
v -0.0062487 0.00496631 0.0468227
v -0.0069302 0.00381752 0.0469057
v -0.00740233 0.00280057 0.0469396
v -0.00772609 0.00172674 0.0469735
v -0.00790296 0.000801215 0.0470731
v -0.00798711 -0.000305984 0.0469926
v -0.00781655 -0.00144304 0.047141
v -0.00758565 -0.00253294 0.0470605
v -0.00699773 -0.00372644 0.0471433
v -0.00640241 -0.00467972 0.0471772
v -0.00582427 -0.00542419 0.0472769
v -0.00503636 -0.00622321 0.0471964
v -0.00400419 -0.00686372 0.0473565
v -0.00125505 -0.00802214 0.0469528
v -0.000114233 -0.00812495 0.0470038
v 0.00105412 -0.00805101 0.0470209
v 0.0021787 -0.00782822 0.047072
v 0.00327806 -0.00742861 0.0470891
v 0.00429531 -0.00689769 0.0471402
v 0.00568493 -0.00582798 0.0471779
v 0.00677196 -0.00449093 0.0472424
v 0.00734021 -0.00347148 0.0472594
v 0.00774898 -0.00243766 0.0473022
v 0.0081167 -0.0006879 0.0473607
v 0.00805225 0.00104455 0.0473956
v 0.0078374 0.00213637 0.0474385
v 0.00721358 0.00377965 0.0474902
v 0.0062428 0.00519773 0.0475407
v 0.00499329 0.00643339 0.0475924
v 0.00352104 0.0073206 0.047643
v 0.00187159 0.00792583 0.0476947
v 0.000163555 0.00812172 0.0477452
v -0.00158796 0.00798749 0.0477969
v -0.00322349 0.00745641 0.0478474
v -0.00476081 0.0066073 0.0478991
v -0.00602853 0.0054448 0.0479496
v -0.00674171 0.00453194 0.0479837
v -0.00731781 0.00352687 0.0480178
v -0.00792403 0.00187923 0.0480694
v -0.00812159 0.000169989 0.04812
v -0.00806318 -0.000987016 0.0481541
v -0.0078408 -0.00212391 0.0481881
v -0.00745895 -0.00321763 0.0482222
v -0.00692542 -0.00424591 0.0482563
v -0.00586843 -0.00564655 0.0483079
v -0.00453719 -0.00673817 0.0483585
v -0.00353259 -0.00731505 0.0483926
v -0.00245611 -0.00774317 0.0484267
v -0.000740936 -0.00811006 0.0484783
v 0.000980771 -0.00806395 0.0485289
v 0.00269308 -0.00768566 0.0485805
v 0.00424058 -0.00692867 0.0486311
v 0.00564093 -0.00587384 0.0486827
v 0.0067347 -0.00454235 0.0487333
v 0.00757046 -0.00300172 0.0487849
v 0.00801279 -0.0013358 0.0488356
v 0.0081334 0.000412272 0.0488871
v 0.00784404 0.00211191 0.0489378
v 0.00722811 0.00375189 0.0489893
v 0.00625892 0.00517832 0.04904
v 0.00501798 0.00641422 0.0490915
v 0.00354367 0.00730969 0.0491422
v 0.00190204 0.00791863 0.0491937
v 0.000188525 0.00812118 0.0492444
v -0.0015573 0.00799357 0.0492959
v -0.00320067 0.00746625 0.0493467
v -0.00473547 0.00662554 0.0493982
v -0.0060119 0.00546316 0.0494489
v -0.00705885 0.00406143 0.0495004
v -0.0077376 0.00247358 0.0495511
v -0.00810793 0.000764196 0.0496026
v -0.00806612 -0.000962689 0.0496534
v -0.00769336 -0.0026711 0.0497048
v -0.00693814 -0.00422508 0.0497556
v -0.00589002 -0.00562408 0.049807
v -0.00455735 -0.00672456 0.0498578
v -0.00302338 -0.00756186 0.0499092
v -0.00135358 -0.0080098 0.04996
v 0.000389072 -0.00813457 0.0500114
v 0.00209457 -0.00784868 0.0500623
v 0.00373121 -0.00723884 0.0501136
v 0.0051645 -0.00627033 0.0501645
v 0.00639986 -0.00503632 0.0502158
v 0.00730189 -0.00355969 0.0502667
v 0.00791318 -0.00192467 0.050318
v 0.00812075 -0.000206276 0.0503689
v 0.00799802 0.00153442 0.0504202
v 0.00747322 0.00318436 0.0504712
v 0.00663907 0.00471651 0.0505225
v 0.0054762 0.00600003 0.0505734
v 0.00408162 0.00704721 0.0506247
v 0.00249035 0.00773222 0.0506756
v 0.000787342 0.00810573 0.0507269
v -0.000945211 0.00806819 0.0507778
v -0.00264911 0.00770098 0.0508291
v -0.00421012 0.00694722 0.0508801
v -0.00560727 0.00590604 0.0509313
v -0.00671475 0.00457178 0.0509823
v -0.00755321 0.00304496 0.0510335
v -0.00800687 0.0013708 0.0510845
v -0.00813566 -0.000365828 0.0511357
v -0.00785316 -0.00207773 0.0511867
v -0.00724946 -0.00371055 0.0512379
v -0.00628135 -0.00515109 0.051289
v -0.00505459 -0.00638545 0.0513401
v -0.00357528 -0.00729427 0.0513912
v -0.0017432 -0.0074895 0.0518099
v -0.000676094 -0.00765848 0.0518439
v 0.000403912 -0.00767625 0.0518778
v 0.00147546 -0.00754256 0.0519117
v 0.00251756 -0.00726008 0.0519456
v 0.00350986 -0.00683436 0.0519795
v 0.00443235 -0.00627398 0.0520135
v 0.00526704 -0.00559004 0.0520474
v 0.00599768 -0.00479591 0.0520813
v 0.0066097 -0.00390741 0.0521152
v 0.00709107 -0.00294213 0.0521491
v 0.00743251 -0.00191879 0.052183
v 0.00762705 -0.000858311 0.0522169
v 0.00767113 0.000219148 0.0522509
v 0.00756381 0.00129202 0.0522848
v 0.00730725 0.00233908 0.0523187
v 0.00690654 0.00333983 0.0523526
v 0.00636961 0.00427447 0.0523865
v 0.00570706 0.00512458 0.0524204
v 0.00493217 0.00587321 0.0524543
v 0.00405996 0.00650597 0.0524882
v 0.00310787 0.00701018 0.0525222
v 0.00209429 0.0073761 0.0525561
v 0.00103973 0.00759628 0.05259
v -3.52304e-05 0.00766654 0.0526239
v -0.00110946 0.00758547 0.0526578
v -0.00216199 0.00735458 0.0526917
v -0.00317106 0.00697873 0.0527257
v -0.00411798 0.00646496 0.0527596
v -0.00498329 0.00582372 0.0527935
v -0.00575035 0.00506741 0.0528274
v -0.00640373 0.0042112 0.0528613
v -0.00693068 0.00327186 0.0528952
v -0.00732087 0.00226769 0.0529292
v -0.00756642 0.00121874 0.0529631
v -0.0076625 0.00014623 0.052997
v -0.0076073 -0.000929605 0.0530309
v -0.00740182 -0.00198717 0.0530648
v -0.00705014 -0.00300537 0.0530987
v -0.00655924 -0.00396417 0.0531327
v -0.00593848 -0.00484509 0.0531666
v -0.00520057 -0.00563004 0.0532005
v -0.00435969 -0.00630394 0.0532344
v -0.00343272 -0.00685325 0.0532683
v -0.00243773 -0.00726722 0.0533022
v -0.00139455 -0.00753759 0.0533362
v -0.000323501 -0.00765905 0.0533701
v 0.000754139 -0.00762909 0.053404
v 0.00181688 -0.00744831 0.0534379
v 0.00284373 -0.00712033 0.0534719
v 0.00381491 -0.00665131 0.0535058
v 0.00471054 -0.00605085 0.0535397
v 0.0055133 -0.00533051 0.0535736
v 0.00620725 -0.00450445 0.0536075
v 0.00677836 -0.00358939 0.0536415
v 0.00721553 -0.00260318 0.0536754
v 0.00751016 -0.00156483 0.0537093
v 0.00765618 -0.000495407 0.0537432
v 0.00765072 0.00058394 0.0537772
v 0.00749383 0.00165207 0.0538111
v 0.00718851 0.00268793 0.053845
v 0.00674091 0.00367056 0.053879
v 0.00615953 0.00458113 0.0539129
v 0.0054562 0.005401 0.0539468
v 0.00464427 0.00611442 0.0539807
v 0.00374042 0.00670671 0.0540147
v 0.00276222 0.00716635 0.0540486
v 0.00172875 0.00748423 0.0540825
v 0.000660779 0.00765389 0.0541165
v -0.000420634 0.00767195 0.0541504
v -0.0014942 0.00753793 0.0541843
v -0.00253846 0.00725444 0.0542183
v -0.00353268 0.00682709 0.0542522
v -0.00445755 0.00626397 0.0542861
v -0.00529413 0.00557656 0.0543201
v -0.00602603 0.00477831 0.054354
v -0.00663864 0.00388504 0.0543879
v -0.00711987 0.00291417 0.0544219
v -0.00745996 0.00188538 0.0544558
v -0.00765222 0.000818111 0.0544898
v -0.00769263 -0.000265388 0.0545237
v -0.00758035 -0.00134412 0.0545576
v -0.00731757 -0.00239654 0.0545916
v -0.00690928 -0.00340204 0.0546255
v -0.00636348 -0.00434054 0.0546595
v -0.00569146 -0.00519276 0.0546934
v -0.00490564 -0.00594263 0.0547274
v -0.00402216 -0.00657462 0.0547613
v -0.00305824 -0.00707631 0.0547952
v -0.00203329 -0.00743751 0.0548292
v -0.0012069 -0.00762716 0.0549187
v -0.000199487 -0.00778094 0.054815
v 0.00120258 -0.00762086 0.054931
v 0.00226296 -0.00737752 0.054965
v 0.00327909 -0.00698722 0.0549989
v 0.00403927 -0.00659216 0.0550884
v 0.00489959 -0.00606312 0.0549843
v 0.00572078 -0.00520602 0.0551563
v 0.00639807 -0.00446179 0.055052
v 0.00703588 -0.00319358 0.0551687
v 0.00741694 -0.00217216 0.0552027
v 0.00762733 -0.0013303 0.0552921
v 0.00780625 -0.000565641 0.0552549
v 0.00777589 0.000754762 0.0552214
v 0.00750406 0.00192945 0.0553939
v 0.00735441 0.00269992 0.0553565
v 0.00690258 0.00371088 0.0553904
v 0.00631249 0.00464845 0.0554243
v 0.00559637 0.00549341 0.0554582
v 0.00476736 0.00622963 0.0554921
v 0.00384256 0.0068418 0.055526
v 0.0028403 0.00731763 0.0555599
v 0.00178081 0.00764751 0.0555938
v 0.000684441 0.00782469 0.0556277
v -0.000426249 0.0078455 0.0556616
v -0.0015291 0.00770942 0.0556955
v -0.00260217 0.007419 0.0557294
v -0.00362374 0.00698009 0.0557633
v -0.00457401 0.00640077 0.0557972
v -0.00543312 0.00569315 0.0558311
v -0.006184 0.00487121 0.055865
v -0.00681173 0.0039509 0.0558989
v -0.00730351 0.00295057 0.0559328
v -0.00764926 0.0018909 0.0559667
v -0.00784205 0.00079241 0.0560006
v -0.00787785 -0.000322602 0.0560345
v -0.00775571 -0.00143225 0.0560685
v -0.00747821 -0.00251359 0.0561024
v -0.00705048 -0.00354547 0.0561363
v -0.00648084 -0.00450725 0.0561702
v -0.00578124 -0.00537891 0.0562042
v -0.00496517 -0.00614337 0.0562381
v -0.00404867 -0.00678522 0.056272
v -0.00305038 -0.00729134 0.0563059
v -0.00216948 -0.00762609 0.0564053
v -0.0011063 -0.00790356 0.0563248
v 0.000229801 -0.00790744 0.0564078
v 0.00134544 -0.00779787 0.0564417
v 0.00243474 -0.00753163 0.0564756
v 0.00332185 -0.0072139 0.0565751
v 0.00431742 -0.00672522 0.0564946
v 0.00521087 -0.00600046 0.0566431
v 0.00603218 -0.00524886 0.0565626
v 0.00676211 -0.00413625 0.0566453
v 0.00728108 -0.00313944 0.0566793
v 0.00762876 -0.00226348 0.056779
v 0.00802732 0.00138434 0.0564098
v 0.0073107 0.00358278 0.05649
v 0.00640336 0.00499268 0.056523
v 0.00523309 0.00623996 0.0565836
v 0.00379705 0.00718131 0.0566339
v 0.0027027 0.00766311 0.0566763
v 0.00157415 0.00796567 0.0566933
v 0.000435021 0.0081141 0.0567444
v -0.000732043 0.00808666 0.0567614
v -0.00241531 0.00777737 0.0568219
v -0.00401959 0.00706193 0.0568807
v -0.00498503 0.00640932 0.0568976
v -0.00581686 0.00567036 0.0569405
v -0.00691657 0.00429913 0.0569922
v -0.00764616 0.0027432 0.0570428
v -0.00807719 0.00103947 0.0570945
v -0.00809492 -0.000679225 0.057145
v -0.00777973 -0.00240778 0.0571967
v -0.00708211 -0.00397903 0.0572472
v -0.00607789 -0.00542042 0.0572989
v -0.00479059 -0.00656042 0.0573494
v -0.00327892 -0.00745456 0.0574011
v -0.00163406 -0.00795732 0.0574516
v -0.000485588 -0.00810883 0.0574857
v 0.000672804 -0.00809545 0.0575198
v 0.0024003 -0.00778205 0.0575714
v 0.00397344 -0.00708525 0.057622
v 0.00494089 -0.006448 0.0576561
v 0.00580782 -0.00567964 0.0576902
v 0.00655669 -0.00479572 0.0577242
v 0.00717217 -0.00381431 0.0577583
v 0.00784305 -0.00219285 0.0578099
v 0.00810846 -0.000491921 0.0578605
v 0.00804557 0.00126128 0.0579121
v 0.00758068 0.00291932 0.0579627
v 0.00679572 0.00448779 0.0580143
v 0.00568413 0.00580343 0.058065
v 0.00431909 0.00690417 0.0581166
v 0.00276121 0.00763969 0.0581672
v 0.00106282 0.00807419 0.0582188
v -0.000660289 0.00809649 0.0582694
v -0.00238536 0.00778667 0.058321
v -0.00396257 0.00709135 0.0583716
v -0.0054029 0.00609351 0.0584232
v -0.00654933 0.00480578 0.0584739
v -0.00744515 0.00330032 0.0585254
v -0.00795353 0.00165241 0.0585761
v -0.00814337 -8.85842e-05 0.0586276
v -0.00792159 -0.0017993 0.0586783
v -0.00737158 -0.00346154 0.0587298
v -0.00645927 -0.00492615 0.0587805
v -0.00526909 -0.0062096 0.058832
v -0.00383061 -0.00716349 0.0588828
v -0.00221542 -0.00783673 0.0589342
v -0.000510266 -0.00810733 0.058985
v 0.0012382 -0.00804918 0.0590364
v 0.00290226 -0.00758723 0.0590872
v 0.00446828 -0.00680859 0.0591386
v 0.00579067 -0.00569712 0.0591894
v 0.00689177 -0.0043389 0.0592409
v 0.00763351 -0.00277826 0.0592917
v 0.00807114 -0.00108597 0.0593431
v 0.00809794 0.000642258 0.0593939
v 0.0077935 0.00236304 0.0594453
v 0.00710011 0.00394683 0.0594961
v 0.00610899 0.00538543 0.0595475
v 0.00482021 0.0065387 0.0595983
v 0.00332165 0.00743567 0.0596497
v 0.00166991 0.00794987 0.0597006
v -6.52606e-05 0.00814361 0.0597519
v -0.00178192 0.00792552 0.0598028
v -0.0034405 0.00738145 0.0598541
v -0.004912 0.00647003 0.059905
v -0.00619455 0.0052868 0.0599563
v -0.00715512 0.00384621 0.0600072
v -0.0078304 0.00223776 0.0600585
v -0.00810619 0.000527873 0.0601095
v -0.0080527 -0.00121522 0.0601608
v -0.00759351 -0.00288578 0.0602117
v -0.00682131 -0.00444887 0.060263
v -0.00570962 -0.00577835 0.0603139
v -0.00435856 -0.00687937 0.0603652
v -0.00279472 -0.00762749 0.0604161
v -0.00110896 -0.00806803 0.0604674
v 0.00062483 -0.0080993 0.0605184
v 0.00234079 -0.00780023 0.0605696
v 0.00393156 -0.00710858 0.0606206
v 0.00536801 -0.00612432 0.0606718
v 0.00652834 -0.00483422 0.0607228
v 0.00742621 -0.00334279 0.060774
v 0.00794627 -0.00168693 0.0608251
v 0.00814378 4.20751e-05 0.0608762
v 0.0079293 0.00176501 0.0609273
v 0.00693975 0.00331079 0.061346
v 0.00640599 0.00425008 0.0613799
v 0.00574607 0.00510503 0.0614138
v 0.00497295 0.00585902 0.0614477
v 0.00410195 0.00649712 0.0614816
v 0.00315036 0.00700675 0.0615155
v 0.002137 0.00737794 0.0615495
v 0.0010817 0.00760346 0.0615834
v 5.29661e-06 0.00767889 0.0616173
v -0.00107086 0.00760276 0.0616512
v -0.00212558 0.00737663 0.0616851
v -0.00313779 0.00700509 0.061719
v -0.00408832 0.00649524 0.061753
v -0.00495761 0.0058575 0.0617869
v -0.0057289 0.00510434 0.0618208
v -0.00638702 0.00425059 0.0618547
v -0.00691917 0.0033128 0.0618886
v -0.00731439 0.00231032 0.0619225
v -0.00756532 0.00126209 0.0619564
v -0.00766685 0.000189495 0.0619903
v -0.00761708 -0.000886993 0.0620243
v -0.00741702 -0.00194565 0.0620582
v -0.00707058 -0.00296581 0.0620921
v -0.00658462 -0.00392735 0.062126
v -0.00596877 -0.00481121 0.0621599
v -0.00523519 -0.0056 0.0621939
v -0.00439812 -0.00627838 0.0622278
v -0.00347463 -0.0068325 0.0622617
v -0.00248235 -0.00725185 0.0622956
v -0.00144156 -0.00752788 0.0623295
v -0.000371743 -0.00765542 0.0623634
v 0.000705243 -0.00763174 0.0623973
v 0.00176795 -0.0074574 0.0624313
v 0.00279613 -0.00713572 0.0624652
v 0.0037688 -0.00667322 0.0624991
v 0.00466709 -0.00607894 0.062533
v 0.00547344 -0.0053644 0.0625669
v 0.00617154 -0.00454402 0.0626008
v 0.00674764 -0.00363409 0.0626348
v 0.00719077 -0.00265179 0.0626687
v 0.00749177 -0.00161707 0.0627026
v 0.0076447 -0.000550704 0.0627365
v 0.00764663 0.000526611 0.0627704
v 0.00749741 0.00159412 0.0628044
v 0.00720001 0.00263 0.0628383
v 0.00676027 0.00361403 0.0628722
v 0.00618697 0.00452658 0.0629061
v 0.00549109 0.00535001 0.06294
v 0.00468669 0.00606767 0.062974
v 0.00378925 0.00666563 0.0630079
v 0.00281676 0.00713183 0.0630418
v 0.0017888 0.00745694 0.0630757
v 0.000724795 0.00763475 0.0631096
v -0.000353619 0.00766155 0.0631436
v -0.00142505 0.00753683 0.0631775
v -0.00246903 0.00726284 0.0632114
v -0.00346398 0.00684522 0.0632453
v -0.00439081 0.00629194 0.0632793
v -0.00523097 0.00561398 0.0633132
v -0.00596771 0.00482481 0.0633471
v -0.00658657 0.00393987 0.0633811
v -0.00707518 0.0029767 0.063415
v -0.00742383 0.00195441 0.0634489
v -0.00762564 0.000892624 0.0634828
v -0.00767642 -0.000186683 0.0635168
v -0.00757513 -0.00126287 0.0635507
v -0.00732385 -0.00231403 0.0635846
v -0.00692724 -0.00332007 0.0636186
v -0.00639327 -0.00426056 0.0636525
v -0.00573244 -0.00511688 0.0636864
v -0.00495773 -0.00587211 0.0637204
v -0.0040843 -0.0065113 0.0637543
v -0.00312976 -0.0070215 0.0637882
v -0.00211279 -0.00739267 0.0638222
v -0.0010536 -0.00761738 0.0638561
v 2.72681e-05 -0.0076911 0.06389
v 0.00110779 -0.00761225 0.063924
v 0.00216652 -0.00738243 0.0639579
v 0.0031831 -0.00700588 0.0639918
v 0.00413685 -0.00649013 0.0640258
v 0.00500865 -0.00584553 0.0640597
v 0.00578157 -0.00508444 0.0640937
v 0.00644016 -0.00422182 0.0641276
v 0.00697102 -0.00327515 0.0641616
v 0.00736353 -0.00226342 0.0641955
v 0.00761007 -0.00120592 0.0642294
v 0.00770551 -0.000123827 0.0642634
v 0.00764787 0.000961033 0.0642974
v 0.00743826 0.00202723 0.0643313
v 0.00708065 0.00305382 0.0643652
v 0.00671295 0.00381832 0.0644547
v 0.00620467 0.00470112 0.064351
v 0.00520413 0.00569665 0.0644671
v 0.00435187 0.00637345 0.064501
v 0.00341274 0.00692374 0.064535
v 0.00240505 0.00733662 0.0645689
v 0.0015785 0.00757113 0.0646584
v 0.000592254 0.0077763 0.0645542
v -0.000823269 0.00768183 0.0646708
v -0.00189669 0.00749113 0.0647047
v -0.00293281 0.0071512 0.0647387
v -0.00372252 0.00678983 0.0648281
v -0.00459962 0.0063132 0.0647235
v -0.00547267 0.00548331 0.064896
v -0.00618043 0.00478462 0.0647913
v -0.0067891 0.00373961 0.0649639
v -0.00720904 0.00307627 0.0649264
v -0.00757314 0.00203025 0.0649603
v -0.00778623 0.000942557 0.0649942
v -0.00784391 -0.000164554 0.0650281
v -0.00774476 -0.00126951 0.065062
v -0.00749078 -0.00234966 0.0650959
v -0.00708686 -0.00338363 0.0651298
v -0.00654085 -0.00435076 0.0651637
v -0.00586352 -0.00523163 0.0651976
v -0.0050688 -0.00600821 0.0652315
v -0.00417172 -0.00666536 0.0652654
v -0.0031908 -0.00718952 0.0652993
v -0.00214506 -0.00757021 0.0653332
v -0.00105553 -0.0077996 0.0653671
v 5.54996e-05 -0.00787304 0.065401
v 0.00116681 -0.00778872 0.0654349
v 0.00225509 -0.00754847 0.0654688
v 0.00329898 -0.00715687 0.0655027
v 0.0042775 -0.00662165 0.0655366
v 0.00517119 -0.00595317 0.0655706
v 0.00596167 -0.00516521 0.0656045
v 0.00663346 -0.00427257 0.0656384
v 0.00717249 -0.00329426 0.0656723
v 0.00756815 -0.00224896 0.0657062
v 0.0078123 -0.00115781 0.0657402
v 0.0078999 -4.27023e-05 0.0657741
v 0.00782913 0.00107388 0.065808
v 0.00760099 0.00217011 0.065842
v 0.00731267 0.00306718 0.0659413
v 0.006865 0.00407161 0.0658608
v 0.00603397 0.00511744 0.0659438
v 0.00525171 0.00592056 0.0659777
v 0.00436351 0.00660529 0.0660117
v 0.00338706 0.00715781 0.0660456
v 0.00252326 0.00753449 0.0661451
v 0.00146006 0.00786048 0.0660646
v 0.000130421 0.00792452 0.0661474
v -0.000991654 0.00786556 0.0661814
v -0.00209432 0.00764856 0.0662153
v -0.00299592 0.00737314 0.066315
v -0.00402269 0.00692154 0.0662345
v -0.00494302 0.00624391 0.066383
v -0.00580471 0.00551915 0.0663025
v -0.00652472 0.00454366 0.0664626
v -0.00789877 0.0018813 0.066059
v -0.00809096 0.000751101 0.0661101
v -0.00810893 -0.000418469 0.0661272
v -0.00797497 -0.00155809 0.0661783
v -0.00766314 -0.00268442 0.0661953
v -0.00721331 -0.00374112 0.0662464
v -0.00659748 -0.0047332 0.0662634
v -0.0054771 -0.00602683 0.0663239
v -0.00353258 -0.00733994 0.0663987
v -0.001321 -0.00803359 0.0664545
v 0.000364066 -0.0081152 0.0665107
v 0.0021041 -0.00786729 0.0665624
v 0.00370076 -0.00723141 0.0666129
v 0.00518051 -0.00628362 0.0666646
v 0.00636926 -0.00504197 0.0667151
v 0.00732173 -0.00356565 0.0667668
v 0.00788778 -0.00194213 0.0668173
v 0.00814126 -0.000204015 0.066869
v 0.00798211 0.0015083 0.0669196
v 0.00749116 0.00319442 0.0669712
v 0.00663521 0.00468648 0.0670218
v 0.00590114 0.00558262 0.0670559
v 0.00504701 0.00636527 0.0670899
v 0.00357274 0.00731829 0.0671416
v 0.00194841 0.00788624 0.0671922
v 0.000806764 0.00808321 0.0672262
v -0.000351188 0.00811577 0.0672603
v -0.00208892 0.00787136 0.0673119
v -0.00368935 0.00723725 0.0673625
v -0.00468128 0.00663888 0.0673966
v -0.00557804 0.00590547 0.0674307
v -0.00636133 0.00505199 0.0674648
v -0.00701528 0.00409572 0.0674988
v -0.00774965 0.00250298 0.0675504
v -0.00808258 0.000813023 0.0676011
v -0.00808936 -0.000940383 0.0676526
v -0.00769047 -0.00261644 0.0677033
v -0.00696878 -0.00421406 0.0677548
v -0.00590973 -0.00557352 0.0678055
v -0.00459019 -0.00672698 0.0678571
v -0.00306191 -0.00752422 0.0679077
v -0.00138299 -0.00802556 0.0679593
v 0.000338795 -0.0081163 0.06801
v 0.00207385 -0.00787537 0.0680615
v 0.00367831 -0.00724287 0.0681122
v 0.00515633 -0.00630354 0.0681637
v 0.00635368 -0.00506161 0.0682144
v 0.00730802 -0.00359377 0.0682659
v 0.00788179 -0.00196636 0.0683166
v 0.00814046 -0.000235283 0.0683681
v 0.00798668 0.00148394 0.0684188
v 0.00750338 0.00316571 0.0684703
v 0.00664944 0.00466627 0.0685211
v 0.0055118 0.00599521 0.0685725
v 0.0041115 0.00700604 0.0686233
v 0.00252521 0.00774247 0.0686747
v 0.00083116 0.00808073 0.0687255
v -0.00091723 0.00809205 0.0687769
v -0.00259929 0.00769628 0.0688278
v -0.00419405 0.00698087 0.0688792
v -0.00556036 0.00592212 0.06893
v -0.00671381 0.00460949 0.0689814
v -0.0075174 0.00307859 0.0690322
v -0.00802158 0.00140601 0.0690836
v -0.00811703 -0.000320908 0.0691344
v -0.00788129 -0.00205133 0.0691858
v -0.00725093 -0.00366239 0.0692367
v -0.00631824 -0.00513834 0.069288
v -0.0050755 -0.00634258 0.0693389
v -0.00361468 -0.00729773 0.0693902
v -0.00198361 -0.00787746 0.0694411
v -0.000258519 -0.00813977 0.0694924
v 0.0014665 -0.00798989 0.0695433
v 0.00314421 -0.00751243 0.0695946
v 0.00465183 -0.00665955 0.0696456
v 0.00597946 -0.0055289 0.0696968
v 0.00699712 -0.00412666 0.0697478
v 0.00773524 -0.00254732 0.0697991
v 0.00807892 -0.000848632 0.06985
v 0.00809465 0.000894137 0.0699013
v 0.00770187 0.00258269 0.0699522
v 0.0069928 0.00417414 0.0700035
v 0.00593405 0.00554761 0.0700545
v 0.0046286 0.00670066 0.0701057
v 0.00309469 0.00751079 0.0701567
v 0.00142889 0.00801755 0.0702079
v -0.000303461 0.00811769 0.0702589
v -0.0020288 0.00788713 0.0703101
v -0.00364686 0.00725875 0.0703611
v -0.00512029 0.00633289 0.0704123
v -0.00633172 0.00508904 0.0704634
v -0.00691691 0.00335681 0.070882
v -0.00731776 0.00235385 0.0709159
v -0.00757412 0.00130469 0.0709498
v -0.0076809 0.000230336 0.0709837
v -0.00763609 -0.000848535 0.0710176
v -0.00744059 -0.00191013 0.0710516
v -0.00709844 -0.00293335 0.0710855
v -0.00661624 -0.00389873 0.0711194
v -0.00600356 -0.00478696 0.0711533
v -0.00527258 -0.00558045 0.0711872
v -0.00443787 -0.00626347 0.0712211
v -0.00351594 -0.00682265 0.0712551
v -0.0025247 -0.0072472 0.071289
v -0.00148381 -0.00752864 0.0713229
v -0.000413899 -0.00766144 0.0713568
v 0.000663941 -0.007643 0.0713907
v 0.00172843 -0.00747375 0.0714246
v 0.00275854 -0.00715706 0.0714585
v 0.00373399 -0.00669921 0.0714925
v 0.00463572 -0.00610918 0.0715264
v 0.00544588 -0.00539862 0.0715603
v 0.0061483 -0.00458172 0.0715942
v 0.00672924 -0.00367462 0.0716281
v 0.00717737 -0.00269502 0.071662
v 0.00748389 -0.00166202 0.071696
v 0.00764257 -0.00059656 0.0717299
v 0.00765036 0.000480693 0.0717638
v 0.00750713 0.00154819 0.0717977
v 0.00721569 0.00258522 0.0718316
v 0.00678184 0.00357103 0.0718655
v 0.00621417 0.00448625 0.0718994
v 0.00552364 0.00531311 0.0719333
v 0.00472411 0.00603494 0.0719673
v 0.00383137 0.00663753 0.0720012
v 0.00286289 0.0071091 0.0720351
v 0.00183783 0.00744027 0.072069
v 0.000776573 0.00762447 0.0721029
v -0.000300192 0.0076581 0.0721369
v -0.00137085 0.00754048 0.0721708
v -0.00241483 0.00727385 0.0722047
v -0.00341116 0.00686345 0.0722386
v -0.00434011 0.0063174 0.0722725
v -0.00518334 0.00564651 0.0723064
v -0.00592413 0.00486407 0.0723404
v -0.00654811 0.0039852 0.0723743
v -0.00704263 0.0030276 0.0724082
v -0.00739804 0.00201001 0.0724421
v -0.00760728 0.000952382 0.072476
v -0.00766612 -0.000124272 0.07251
v -0.00757338 -0.00119858 0.0725439
v -0.00733082 -0.00224943 0.0725778
v -0.00694336 -0.00325568 0.0726117
v -0.00641837 -0.00419803 0.0726457
v -0.00576645 -0.00505736 0.0726796
v -0.00500007 -0.00581708 0.0727135
v -0.00413478 -0.00646171 0.0727474
v -0.00318723 -0.00697874 0.0727814
v -0.00217649 -0.00735771 0.0728153
v -0.00110117 -0.00759322 0.0728495
v -0.000167067 -0.00765887 0.0729425
v 0.000612014 -0.00768695 0.0729094
v 0.00180759 -0.00751111 0.0728709
v 0.00310851 -0.00701802 0.0729838
v 0.00368056 -0.00678597 0.0730086
v 0.00474879 -0.00609666 0.0729728
v 0.00552734 -0.00536695 0.07308
v 0.00624832 -0.00455749 0.0730403
v 0.00686783 -0.00346003 0.0731506
v 0.0072673 -0.00266029 0.0731071
v 0.00757713 -0.00124137 0.0732201
v 0.00770557 -0.000761437 0.0732394
v 0.00790042 0.00197631 0.0729335
v 0.0072769 0.00361052 0.072985
v 0.00636678 0.00507804 0.0730357
v 0.00513738 0.00626431 0.0730234
v 0.00419456 0.00693109 0.0730574
v 0.00260484 0.00770418 0.0731747
v 0.00131088 0.00802779 0.0731911
v -0.000214 0.00809867 0.0731936
v -0.00197135 0.00789008 0.0733111
v -0.00307356 0.00752947 0.0733452
v -0.0046193 0.00644279 0.0736074
v -0.00675191 0.00453583 0.0734634
v -0.00687427 0.00451376 0.0736643
v -0.00782828 0.00208621 0.0735002
v -0.00811185 0.000385693 0.0737399
v -0.00809169 -0.000810263 0.0736524
v -0.00754111 -0.00304263 0.0737194
v -0.00703177 -0.00407601 0.0737414
v -0.00670692 -0.0045444 0.0737045
v -0.00599268 -0.0054518 0.0737386
v -0.00469381 -0.00663646 0.0738451
v -0.00376141 -0.00720219 0.0738773
v -0.00243953 -0.00775899 0.0739295
v -0.000273519 -0.00814075 0.0739871
v 1.84e-06 -0.0081015 0.0739374
v 0.00106095 -0.00803173 0.0739687
v -0.00717377 0.00384485 0.0390198
v -0.0148321 0.00433609 0.0103767
v -0.015 0.00674119 0.01
v -0.0150441 -0.00651417 0.00999145
v -0.014781 -0.00530712 0.0104618
v -0.015 -0.00142731 0.0119752
v -0.015 0.00260032 0.0118537
v -0.0292967 -0.000769441 0.0124813
v -0.0301758 0.00914645 0.00995414
v -0.0296744 -0.00776259 0.0100083
v -0.03 0.00604961 0.0117546
v -0.03 0.0131244 0.01
v -0.03 -0.0131244 0.01
v -0.0302869 -0.0113397 0.00991256
v -0.0301753 -0.00782716 0.0129145
v -0.0300199 0.00756151 0.0147296
v -0.0163542 0.0131244 0.01
v -0.021 0.0131244 0.01
v -0.0210014 0.0109158 0.0124303
v -0.0213272 -0.0128958 0.0113082
v -0.021 -0.0131244 0.01
v -0.0221547 -0.0155644 0.01
v -0.0221547 -0.0155187 0.0100708
v -0.0221547 -0.0155416 0.0100354
v -0.0288453 -0.0155644 0.01
v -0.0288453 -0.0155187 0.0100708
v -0.0288453 -0.0155416 0.0100354
v -0.0288453 0.0155644 0.01
v -0.0288453 0.0155187 0.0100708
v -0.0288453 0.0155416 0.0100354
v -0.0221547 0.0155644 0.01
v -0.0221547 0.0155187 0.0100708
v -0.0221547 0.0155416 0.0100354
v -0.0133155 0.0153131 0.00994954
v -0.0147136 0.0136842 0.010013
v -0.0151054 0.0134466 0.01
v -0.0158582 0.0131788 0.0100014
v -0.0148445 0.013403 0.0111752
v -0.0157809 0.0130522 0.0102515
v -0.0152914 0.0131157 0.0106515
v 0.00458855 0.0201912 0.01
v 0.022025 -0.0381484 -0.005
v 0.04405 0 -0.005
v 0.04405 0 0.01
v 0.022025 -0.0381484 0.01
v 0.022025 0.0381484 -0.005
v 0.022025 0.0381484 0.01
v -0.022025 0.0381484 -0.005
v -0.022025 0.0381484 0.01
v -0.04405 0 -0.005
v -0.04405 0 0.01
v -0.022025 -0.0381484 -0.005
v -0.022025 -0.0381484 0.01
f 14 1 13
f 1 10 11
f 1 11 12
f 1 12 13
f 14 29 1
f 1 29 2
f 2 3 1
f 1 3 17
f 1 17 4
f 1 4 6
f 8 1 7
f 7 1 6
f 5 6 4
f 9 10 1
f 9 1 19
f 19 1 8
f 14 15 29
f 2 16 17
f 2 17 3
f 6 5 35
f 6 35 7
f 7 18 8
f 9 20 10
f 10 20 21
f 10 21 11
f 11 21 22
f 11 22 12
f 12 22 23
f 13 15 14
f 4 50 5
f 5 50 35
f 35 24 7
f 7 24 18
f 18 25 8
f 8 25 26
f 26 19 8
f 13 27 15
f 27 28 15
f 15 28 29
f 17 30 50
f 17 50 4
f 43 31 42
f 31 32 41
f 41 32 40
f 40 33 55
f 55 33 34
f 45 46 31
f 31 46 32
f 32 47 40
f 40 47 68
f 36 37 48
f 48 49 36
f 35 50 51
f 35 51 49
f 49 51 52
f 49 52 53
f 49 53 36
f 36 53 37
f 37 53 54
f 37 54 38
f 38 54 39
f 39 55 34
f 55 56 40
f 40 56 41
f 41 57 31
f 31 57 58
f 31 58 42
f 43 42 59
f 43 59 44
f 43 60 31
f 31 60 45
f 61 64 65
f 65 66 61
f 66 62 61
f 62 67 61
f 67 68 61
f 61 68 63
f 68 69 63
f 69 70 63
f 70 64 63
f 63 64 61
f 71 75 72
f 72 75 74
f 75 73 74
f 73 76 74
f 76 77 74
f 77 78 74
f 74 78 72
f 78 79 72
f 79 80 72
f 80 71 72
f 125 121 83
f 158 157 116
f 116 157 98
f 84 113 125
f 121 125 122
f 124 113 114
f 114 113 115
f 85 127 84
f 84 127 126
f 86 128 85
f 85 128 127
f 86 87 128
f 128 129 130
f 130 129 108
f 130 108 913
f 107 111 133
f 90 135 110
f 92 120 141
f 100 148 150
f 150 148 147
f 150 147 298
f 150 298 151
f 151 298 95
f 153 117 98
f 98 117 156
f 156 117 155
f 112 88 111
f 111 88 133
f 133 88 110
f 133 110 105
f 105 110 134
f 110 88 89
f 89 90 110
f 140 138 141
f 140 141 102
f 102 141 120
f 141 138 91
f 91 92 141
f 146 145 100
f 119 93 146
f 146 93 145
f 145 149 100
f 145 93 149
f 149 93 94
f 149 94 147
f 94 298 147
f 118 97 153
f 95 96 118
f 118 96 97
f 121 157 156
f 156 158 116
f 156 116 98
f 153 920 118
f 118 920 95
f 95 152 151
f 152 920 99
f 99 100 150
f 100 101 146
f 146 101 119
f 119 142 144
f 142 101 120
f 142 120 143
f 143 120 92
f 109 102 103
f 139 109 136
f 103 104 109
f 109 104 136
f 136 104 137
f 104 909 137
f 137 909 135
f 137 135 90
f 135 909 105
f 132 129 128
f 107 129 131
f 131 129 132
f 913 126 130
f 130 126 127
f 158 156 157
f 121 123 157
f 121 122 123
f 122 115 123
f 123 115 157
f 114 115 122
f 124 125 113
f 122 125 124
f 114 122 124
f 126 113 84
f 913 113 126
f 128 130 127
f 87 112 132
f 87 132 128
f 132 112 131
f 131 112 107
f 111 107 112
f 106 107 133
f 134 110 135
f 134 135 105
f 106 133 105
f 136 137 139
f 139 138 109
f 140 109 138
f 137 138 139
f 109 140 102
f 144 142 143
f 144 143 92
f 101 142 119
f 149 148 100
f 147 148 149
f 151 152 99
f 151 99 150
f 152 95 920
f 97 154 153
f 153 154 117
f 97 155 154
f 117 154 155
f 174 159 175
f 175 159 160
f 175 160 179
f 179 160 161
f 179 161 183
f 183 161 162
f 183 162 194
f 194 162 187
f 194 187 188
f 188 187 196
f 188 196 197
f 197 196 201
f 197 201 202
f 202 201 166
f 202 166 167
f 162 163 187
f 187 163 195
f 187 195 196
f 196 195 200
f 196 200 201
f 201 200 166
f 163 164 195
f 195 164 199
f 195 199 200
f 200 199 166
f 164 165 199
f 199 165 166
f 167 168 202
f 202 168 198
f 202 198 197
f 197 198 189
f 197 189 188
f 188 189 193
f 188 193 194
f 194 193 183
f 168 169 198
f 198 169 190
f 198 190 189
f 189 190 192
f 189 192 193
f 193 192 184
f 193 184 183
f 183 184 179
f 169 170 190
f 190 170 191
f 190 191 192
f 192 191 185
f 192 185 184
f 184 185 180
f 184 180 179
f 179 180 175
f 191 170 186
f 186 170 171
f 186 171 182
f 182 171 172
f 182 172 178
f 178 172 173
f 178 173 174
f 175 176 174
f 174 176 177
f 174 177 178
f 178 177 182
f 175 180 176
f 176 180 181
f 176 181 177
f 177 181 182
f 186 182 181
f 186 181 185
f 185 181 180
f 191 186 185
f 219 203 204
f 219 204 205
f 219 205 206
f 206 207 219
f 216 219 218
f 207 208 219
f 209 210 208
f 208 210 219
f 210 211 219
f 219 211 218
f 172 220 173
f 220 172 215
f 215 172 171
f 215 171 170
f 170 169 215
f 215 169 212
f 169 168 212
f 167 212 168
f 213 219 212
f 212 219 214
f 214 219 216
f 212 214 217
f 212 217 215
f 217 214 216
f 216 215 217
f 215 216 218
f 220 215 218
f 221 222 231
f 228 229 160
f 228 160 159
f 231 222 223
f 231 223 224
f 231 224 237
f 224 225 237
f 237 227 238
f 225 226 237
f 226 227 237
f 235 165 164
f 235 164 163
f 235 163 162
f 235 162 233
f 233 162 230
f 162 161 230
f 161 160 230
f 230 160 229
f 233 231 232
f 232 231 236
f 236 231 237
f 234 236 237
f 233 230 231
f 235 233 232
f 235 232 236
f 235 236 234
f 235 234 237
f 235 237 238
f 247 239 249
f 249 239 240
f 249 240 253
f 253 240 241
f 253 241 257
f 257 241 242
f 257 242 268
f 268 242 261
f 268 261 262
f 262 261 270
f 262 270 271
f 271 270 275
f 271 275 248
f 248 275 246
f 248 246 209
f 242 243 261
f 261 243 269
f 261 269 270
f 270 269 274
f 270 274 275
f 275 274 246
f 243 244 269
f 269 244 273
f 269 273 274
f 274 273 246
f 244 245 273
f 273 245 246
f 209 208 248
f 248 208 272
f 248 272 271
f 271 272 263
f 271 263 262
f 262 263 267
f 262 267 268
f 268 267 257
f 208 207 272
f 272 207 264
f 272 264 263
f 263 264 266
f 263 266 267
f 267 266 258
f 267 258 257
f 257 258 253
f 207 206 264
f 264 206 265
f 264 265 266
f 266 265 259
f 266 259 258
f 258 259 254
f 258 254 253
f 253 254 249
f 265 206 260
f 260 206 205
f 260 205 256
f 256 205 204
f 256 204 252
f 252 204 203
f 252 203 247
f 249 250 247
f 247 250 251
f 247 251 252
f 252 251 256
f 249 254 250
f 250 254 255
f 250 255 251
f 251 255 256
f 260 256 255
f 260 255 259
f 259 255 254
f 265 260 259
f 351 278 276
f 276 278 279
f 276 279 210
f 210 279 211
f 211 279 218
f 218 279 281
f 218 281 220
f 220 281 283
f 220 283 173
f 173 283 282
f 173 282 277
f 277 282 351
f 351 282 280
f 351 280 278
f 210 209 276
f 281 279 278
f 281 278 280
f 283 281 280
f 283 280 282
f 360 286 284
f 284 286 287
f 284 287 228
f 228 287 229
f 229 287 289
f 229 289 230
f 230 289 231
f 231 289 291
f 231 291 221
f 221 291 290
f 221 290 285
f 285 290 360
f 360 290 288
f 360 288 286
f 228 159 284
f 289 287 286
f 289 286 288
f 291 289 288
f 291 288 290
f 299 292 300
f 300 292 293
f 300 293 304
f 304 293 294
f 304 294 308
f 308 294 295
f 308 295 319
f 319 295 312
f 319 312 313
f 313 312 321
f 313 321 322
f 322 321 326
f 322 326 327
f 327 326 298
f 327 298 227
f 295 296 312
f 312 296 320
f 312 320 321
f 321 320 325
f 321 325 326
f 326 325 298
f 296 297 320
f 320 297 324
f 320 324 325
f 325 324 298
f 297 379 324
f 324 379 298
f 227 226 327
f 327 226 323
f 327 323 322
f 322 323 314
f 322 314 313
f 313 314 318
f 313 318 319
f 319 318 308
f 226 225 323
f 323 225 315
f 323 315 314
f 314 315 317
f 314 317 318
f 318 317 309
f 318 309 308
f 308 309 304
f 225 224 315
f 315 224 316
f 315 316 317
f 317 316 310
f 317 310 309
f 309 310 305
f 309 305 304
f 304 305 300
f 316 224 311
f 311 224 223
f 311 223 307
f 307 223 222
f 307 222 303
f 303 222 221
f 303 221 299
f 300 301 299
f 299 301 302
f 299 302 303
f 303 302 307
f 300 305 301
f 301 305 306
f 301 306 302
f 302 306 307
f 311 307 306
f 311 306 310
f 310 306 305
f 316 311 310
f 344 328 329
f 344 329 330
f 344 330 331
f 331 332 344
f 341 344 343
f 332 333 344
f 334 335 333
f 333 335 344
f 335 336 344
f 344 336 343
f 244 345 245
f 345 244 340
f 340 244 243
f 340 243 242
f 242 241 340
f 340 241 337
f 241 240 337
f 239 337 240
f 338 344 337
f 337 344 339
f 339 344 341
f 337 339 342
f 337 342 340
f 342 339 341
f 341 340 342
f 340 341 343
f 345 340 343
f 276 439 351
f 439 346 351
f 346 353 352
f 347 348 353
f 353 348 507
f 353 507 352
f 352 349 351
f 352 351 346
f 349 350 351
f 350 277 351
f 360 284 483
f 360 483 354
f 362 355 356
f 356 357 362
f 357 358 362
f 362 358 361
f 362 361 354
f 354 361 360
f 358 359 361
f 361 359 360
f 359 285 360
f 363 364 374
f 370 371 293
f 370 293 292
f 374 364 365
f 374 365 366
f 374 366 378
f 366 367 378
f 367 368 378
f 369 380 368
f 368 380 378
f 379 297 375
f 375 297 296
f 375 296 295
f 375 295 372
f 295 294 372
f 294 293 372
f 372 293 371
f 373 374 375
f 377 374 378
f 376 377 378
f 375 372 373
f 375 374 377
f 375 377 376
f 375 376 379
f 379 376 378
f 379 378 380
f 389 381 391
f 391 381 382
f 391 382 395
f 395 382 383
f 395 383 399
f 399 383 384
f 399 384 410
f 410 384 403
f 410 403 404
f 404 403 412
f 404 412 413
f 413 412 417
f 413 417 390
f 390 417 388
f 390 388 334
f 384 385 403
f 403 385 411
f 403 411 412
f 412 411 416
f 412 416 417
f 417 416 388
f 385 386 411
f 411 386 415
f 411 415 416
f 416 415 388
f 386 387 415
f 415 387 388
f 334 333 390
f 390 333 414
f 390 414 413
f 413 414 405
f 413 405 404
f 404 405 409
f 404 409 410
f 410 409 399
f 333 332 414
f 414 332 406
f 414 406 405
f 405 406 408
f 405 408 409
f 409 408 400
f 409 400 399
f 399 400 395
f 332 331 406
f 406 331 407
f 406 407 408
f 408 407 401
f 408 401 400
f 400 401 396
f 400 396 395
f 395 396 391
f 407 331 402
f 402 331 330
f 402 330 398
f 398 330 329
f 398 329 394
f 394 329 328
f 394 328 389
f 391 392 389
f 389 392 393
f 389 393 394
f 394 393 398
f 391 396 392
f 392 396 397
f 392 397 393
f 393 397 398
f 402 398 397
f 402 397 401
f 401 397 396
f 407 402 401
f 626 420 418
f 418 420 421
f 418 421 335
f 335 421 336
f 336 421 343
f 343 421 423
f 343 423 345
f 345 423 425
f 345 425 245
f 245 425 424
f 245 424 419
f 419 424 626
f 626 424 422
f 626 422 420
f 335 334 418
f 423 421 420
f 423 420 422
f 425 423 422
f 425 422 424
f 433 419 434
f 434 419 426
f 434 426 440
f 440 426 427
f 462 447 469
f 462 469 470
f 470 469 430
f 470 430 471
f 471 430 472
f 472 430 473
f 472 473 465
f 465 473 466
f 465 466 455
f 455 466 456
f 455 456 457
f 457 456 451
f 451 456 445
f 445 456 446
f 446 439 431
f 431 439 276
f 439 446 346
f 346 446 456
f 427 627 461
f 427 461 447
f 447 461 468
f 447 468 469
f 469 468 898
f 469 898 430
f 627 428 461
f 461 428 467
f 461 467 468
f 468 467 898
f 428 429 467
f 467 429 898
f 430 348 473
f 473 348 347
f 473 347 466
f 466 347 353
f 466 353 456
f 456 353 346
f 446 431 438
f 438 431 432
f 438 432 437
f 437 432 436
f 437 436 443
f 443 436 442
f 443 442 449
f 449 442 448
f 449 448 459
f 459 448 460
f 459 460 453
f 453 460 452
f 453 452 463
f 463 452 462
f 463 462 470
f 432 433 436
f 436 433 435
f 436 435 442
f 442 435 441
f 442 441 448
f 448 441 447
f 448 447 460
f 460 447 452
f 452 447 462
f 435 433 434
f 441 435 434
f 445 446 438
f 438 437 444
f 444 437 443
f 444 443 450
f 450 443 449
f 450 449 458
f 458 449 459
f 458 459 454
f 454 459 453
f 454 453 464
f 464 453 463
f 464 463 471
f 471 463 470
f 447 441 440
f 440 441 434
f 451 445 444
f 444 445 438
f 451 444 450
f 427 447 440
f 457 451 450
f 457 450 458
f 457 458 455
f 455 458 454
f 455 454 465
f 465 454 464
f 465 464 472
f 472 464 471
f 477 277 478
f 478 277 350
f 478 350 484
f 484 350 349
f 484 349 491
f 491 349 352
f 508 506 513
f 508 513 514
f 514 513 515
f 515 513 474
f 515 474 516
f 516 474 517
f 516 517 511
f 511 517 512
f 511 512 500
f 500 512 501
f 500 501 502
f 502 501 496
f 496 501 489
f 489 501 490
f 490 483 475
f 475 483 284
f 483 490 354
f 354 490 501
f 352 507 506
f 506 507 513
f 507 348 513
f 474 356 517
f 517 356 355
f 517 355 512
f 512 355 362
f 512 362 501
f 501 362 354
f 490 475 482
f 482 475 476
f 482 476 481
f 481 476 480
f 481 480 487
f 487 480 486
f 487 486 494
f 494 486 493
f 494 493 504
f 504 493 505
f 504 505 498
f 498 505 497
f 498 497 509
f 509 497 508
f 509 508 514
f 476 477 480
f 480 477 479
f 480 479 486
f 486 479 485
f 486 485 493
f 493 485 492
f 493 492 505
f 505 492 506
f 505 506 497
f 497 506 508
f 479 477 478
f 485 479 478
f 489 490 482
f 482 481 488
f 488 481 487
f 488 487 495
f 495 487 494
f 495 494 503
f 503 494 504
f 503 504 499
f 499 504 498
f 499 498 510
f 510 498 509
f 510 509 515
f 515 509 514
f 492 485 484
f 484 485 478
f 496 489 488
f 488 489 482
f 496 488 495
f 506 492 491
f 491 492 484
f 502 496 495
f 502 495 503
f 502 503 500
f 500 503 499
f 500 499 511
f 511 499 510
f 511 510 516
f 516 510 515
f 491 352 506
f 519 540 518
f 518 540 524
f 518 524 896
f 896 524 525
f 896 525 526
f 526 525 531
f 526 531 532
f 532 531 538
f 532 538 554
f 358 555 359
f 359 555 523
f 359 523 285
f 285 523 560
f 285 560 522
f 522 560 559
f 522 559 558
f 558 559 552
f 558 552 551
f 551 552 542
f 551 542 541
f 541 542 548
f 541 548 540
f 520 540 519
f 540 520 549
f 549 520 634
f 634 521 556
f 556 521 522
f 556 522 557
f 557 522 558
f 557 558 551
f 555 358 539
f 539 358 534
f 534 358 357
f 357 356 528
f 528 356 896
f 528 896 527
f 527 896 526
f 527 526 532
f 524 540 529
f 529 540 535
f 535 540 548
f 525 524 530
f 530 524 529
f 530 529 536
f 536 529 535
f 536 535 547
f 547 535 548
f 547 548 542
f 534 357 528
f 528 527 533
f 533 527 532
f 533 532 554
f 525 530 531
f 531 530 537
f 531 537 538
f 538 537 545
f 538 545 554
f 537 530 536
f 539 534 533
f 533 534 528
f 539 533 554
f 537 536 546
f 546 536 547
f 546 547 543
f 543 547 542
f 543 542 552
f 555 539 554
f 541 540 550
f 541 550 551
f 551 550 557
f 543 544 546
f 546 544 545
f 546 545 537
f 545 544 554
f 555 554 523
f 544 543 553
f 553 543 552
f 553 552 559
f 540 549 550
f 550 549 556
f 550 556 557
f 634 556 549
f 544 553 554
f 554 553 560
f 554 560 523
f 560 553 559
f 561 563 521
f 521 563 564
f 521 564 370
f 370 564 371
f 371 564 566
f 371 566 372
f 372 566 373
f 373 566 568
f 373 568 374
f 374 568 363
f 363 568 567
f 363 567 562
f 562 567 561
f 561 567 565
f 561 565 563
f 370 292 521
f 566 564 563
f 566 563 565
f 568 566 565
f 568 565 567
f 577 569 578
f 578 569 570
f 578 570 582
f 582 570 571
f 582 571 586
f 586 571 572
f 586 572 597
f 597 572 590
f 597 590 591
f 591 590 599
f 591 599 600
f 600 599 604
f 600 604 605
f 605 604 576
f 605 576 369
f 572 573 590
f 590 573 598
f 590 598 599
f 599 598 603
f 599 603 604
f 604 603 576
f 573 574 598
f 598 574 602
f 598 602 603
f 603 602 576
f 574 575 602
f 602 575 576
f 369 368 605
f 605 368 601
f 605 601 600
f 600 601 592
f 600 592 591
f 591 592 596
f 591 596 597
f 597 596 586
f 368 367 601
f 601 367 593
f 601 593 592
f 592 593 595
f 592 595 596
f 596 595 587
f 596 587 586
f 586 587 582
f 367 366 593
f 593 366 594
f 593 594 595
f 595 594 588
f 595 588 587
f 587 588 583
f 587 583 582
f 582 583 578
f 594 366 589
f 589 366 365
f 589 365 585
f 585 365 364
f 585 364 581
f 581 364 363
f 581 363 577
f 578 579 577
f 577 579 580
f 577 580 581
f 581 580 585
f 578 583 579
f 579 583 584
f 579 584 580
f 580 584 585
f 589 585 584
f 589 584 588
f 588 584 583
f 594 589 588
f 617 606 607
f 617 607 608
f 617 608 609
f 609 610 617
f 617 610 620
f 610 611 620
f 612 613 611
f 611 613 620
f 386 616 387
f 616 386 385
f 616 385 384
f 384 383 616
f 616 383 615
f 383 382 615
f 381 615 382
f 614 617 615
f 615 617 619
f 618 619 617
f 618 617 620
f 615 619 616
f 621 618 620
f 621 620 622
f 618 616 619
f 616 618 621
f 616 621 622
f 426 419 625
f 625 419 626
f 623 626 418
f 623 624 626
f 426 625 427
f 427 625 628
f 626 624 627
f 626 627 628
f 627 429 428
f 628 627 427
f 628 625 626
f 521 634 561
f 562 561 633
f 634 520 519
f 634 519 561
f 519 629 630
f 519 518 629
f 630 631 519
f 632 561 631
f 631 561 519
f 632 633 561
f 635 636 645
f 642 643 570
f 642 570 569
f 645 636 637
f 645 637 638
f 645 638 651
f 638 639 651
f 639 640 651
f 641 652 640
f 640 652 651
f 649 575 574
f 649 574 573
f 649 573 572
f 649 572 647
f 647 572 644
f 572 571 644
f 571 570 644
f 644 570 643
f 647 645 646
f 646 645 650
f 650 645 651
f 648 650 651
f 647 644 645
f 649 647 646
f 649 646 650
f 649 650 648
f 649 648 651
f 649 651 652
f 654 612 655
f 655 612 611
f 655 611 659
f 659 611 610
f 659 610 663
f 663 610 609
f 663 609 674
f 674 609 667
f 674 667 668
f 668 667 676
f 668 676 677
f 677 676 681
f 677 681 682
f 682 681 653
f 682 653 641
f 609 608 667
f 667 608 675
f 667 675 676
f 676 675 680
f 676 680 681
f 681 680 653
f 608 607 675
f 675 607 679
f 675 679 680
f 680 679 653
f 607 606 679
f 679 606 653
f 641 640 682
f 682 640 678
f 682 678 677
f 677 678 669
f 677 669 668
f 668 669 673
f 668 673 674
f 674 673 663
f 640 639 678
f 678 639 670
f 678 670 669
f 669 670 672
f 669 672 673
f 673 672 664
f 673 664 663
f 663 664 659
f 639 638 670
f 670 638 671
f 670 671 672
f 672 671 665
f 672 665 664
f 664 665 660
f 664 660 659
f 659 660 655
f 671 638 666
f 666 638 637
f 666 637 662
f 662 637 636
f 662 636 658
f 658 636 635
f 658 635 654
f 655 656 654
f 654 656 657
f 654 657 658
f 658 657 662
f 655 660 656
f 656 660 661
f 656 661 657
f 657 661 662
f 666 662 661
f 666 661 665
f 665 661 660
f 671 666 665
f 684 686 683
f 683 686 687
f 683 687 613
f 613 687 620
f 620 687 688
f 620 688 622
f 622 688 690
f 622 690 616
f 616 690 387
f 387 690 689
f 387 689 685
f 685 689 684
f 684 689 688
f 684 688 686
f 613 612 683
f 688 687 686
f 690 688 689
f 691 696 685
f 685 696 697
f 685 697 695
f 695 697 698
f 695 698 699
f 699 698 705
f 699 705 706
f 706 705 711
f 706 711 712
f 712 711 719
f 712 719 713
f 624 713 627
f 627 713 429
f 429 713 731
f 429 731 899
f 899 731 730
f 899 730 729
f 729 730 726
f 729 726 725
f 725 726 715
f 725 715 702
f 714 702 691
f 691 702 696
f 714 692 723
f 723 692 693
f 693 694 899
f 693 899 724
f 724 899 729
f 724 729 725
f 713 624 708
f 708 624 623
f 623 418 701
f 701 418 695
f 701 695 700
f 700 695 699
f 700 699 706
f 697 696 703
f 703 696 702
f 698 697 704
f 704 697 703
f 704 703 709
f 709 703 702
f 709 702 722
f 722 702 715
f 708 623 701
f 701 700 707
f 707 700 706
f 707 706 712
f 698 704 705
f 705 704 710
f 705 710 711
f 711 710 720
f 711 720 719
f 719 720 718
f 719 718 713
f 710 704 709
f 713 708 707
f 707 708 701
f 713 707 712
f 710 709 721
f 721 709 722
f 721 722 716
f 716 722 715
f 716 715 726
f 702 714 724
f 702 724 725
f 716 717 721
f 721 717 720
f 721 720 710
f 720 717 718
f 718 717 728
f 718 728 713
f 717 716 727
f 727 716 726
f 727 726 730
f 714 723 724
f 724 723 693
f 717 727 728
f 728 727 731
f 728 731 713
f 731 727 730
f 741 732 733
f 741 733 748
f 748 733 734
f 748 734 760
f 761 760 770
f 761 770 771
f 771 770 775
f 771 775 776
f 776 775 737
f 776 737 777
f 777 737 738
f 777 738 778
f 778 738 740
f 778 740 759
f 778 759 753
f 753 759 754
f 753 754 746
f 746 754 747
f 746 747 739
f 739 747 518
f 518 747 629
f 629 747 754
f 629 754 630
f 630 754 759
f 630 759 631
f 631 759 740
f 760 734 769
f 760 769 770
f 770 769 775
f 775 769 736
f 775 736 737
f 734 774 769
f 769 774 736
f 774 735 736
f 738 562 740
f 740 562 633
f 740 633 632
f 740 632 631
f 746 739 745
f 745 739 744
f 744 739 743
f 744 743 751
f 751 743 750
f 751 750 757
f 757 750 756
f 757 756 766
f 766 756 767
f 766 767 763
f 763 767 762
f 763 762 772
f 772 762 771
f 772 771 776
f 739 741 743
f 743 741 742
f 743 742 750
f 750 742 749
f 750 749 756
f 756 749 755
f 756 755 767
f 767 755 768
f 767 768 762
f 762 768 761
f 762 761 771
f 749 742 741
f 753 746 745
f 745 744 752
f 752 744 751
f 752 751 758
f 758 751 757
f 758 757 765
f 765 757 766
f 765 766 764
f 764 766 763
f 764 763 773
f 773 763 772
f 773 772 777
f 777 772 776
f 755 749 748
f 748 749 741
f 778 753 752
f 752 753 745
f 778 752 758
f 768 755 760
f 760 755 748
f 778 758 765
f 760 761 768
f 778 765 764
f 778 764 773
f 778 773 777
f 779 781 735
f 735 781 782
f 735 782 642
f 642 782 643
f 643 782 784
f 643 784 644
f 644 784 645
f 645 784 786
f 645 786 635
f 635 786 785
f 635 785 780
f 780 785 779
f 779 785 783
f 779 783 781
f 642 569 735
f 784 782 781
f 784 781 783
f 786 784 783
f 786 783 785
f 685 684 691
f 691 684 714
f 693 692 694
f 694 692 788
f 787 789 804
f 804 789 683
f 683 789 684
f 684 789 714
f 787 692 790
f 790 789 787
f 714 789 790
f 714 790 692
f 735 774 779
f 794 734 733
f 774 734 779
f 779 734 793
f 793 734 794
f 733 732 794
f 794 732 793
f 793 791 779
f 791 792 779
f 792 780 779
f 798 780 799
f 799 780 792
f 799 792 805
f 805 792 791
f 805 791 812
f 812 791 827
f 829 812 834
f 829 834 835
f 835 834 836
f 836 834 795
f 836 795 837
f 837 795 838
f 837 838 832
f 832 838 833
f 832 833 821
f 821 833 822
f 821 822 823
f 823 822 817
f 817 822 810
f 810 822 811
f 811 804 796
f 796 804 683
f 804 811 787
f 787 811 822
f 791 793 827
f 827 793 828
f 827 828 812
f 812 828 834
f 793 732 828
f 828 732 834
f 795 694 838
f 838 694 788
f 838 788 833
f 833 788 692
f 833 692 822
f 822 692 787
f 811 796 803
f 803 796 797
f 803 797 802
f 802 797 801
f 802 801 808
f 808 801 807
f 808 807 815
f 815 807 814
f 815 814 825
f 825 814 826
f 825 826 819
f 819 826 818
f 819 818 830
f 830 818 829
f 830 829 835
f 797 798 801
f 801 798 800
f 801 800 807
f 807 800 806
f 807 806 814
f 814 806 813
f 814 813 826
f 826 813 812
f 826 812 818
f 818 812 829
f 800 798 799
f 806 800 799
f 810 811 803
f 803 802 809
f 809 802 808
f 809 808 816
f 816 808 815
f 816 815 824
f 824 815 825
f 824 825 820
f 820 825 819
f 820 819 831
f 831 819 830
f 831 830 836
f 836 830 835
f 813 806 805
f 805 806 799
f 817 810 809
f 809 810 803
f 817 809 816
f 812 813 805
f 823 817 816
f 823 816 824
f 823 824 821
f 821 824 820
f 821 820 832
f 832 820 831
f 832 831 837
f 837 831 836
f 844 839 843
f 843 839 840
f 843 840 842
f 842 840 841
f 879 845 848
f 848 845 846
f 848 846 847
f 847 846 892
f 847 892 870
f 842 841 849
f 849 841 879
f 879 841 845
f 854 850 853
f 853 850 851
f 853 851 878
f 878 851 852
f 859 855 858
f 858 855 856
f 858 856 876
f 876 856 857
f 864 860 863
f 863 860 861
f 863 861 874
f 874 861 862
f 881 869 865
f 881 865 868
f 868 865 866
f 868 866 867
f 867 866 891
f 870 892 869
f 870 869 881
f 867 891 872
f 872 891 871
f 872 871 864
f 864 871 860
f 874 862 873
f 874 873 859
f 859 873 855
f 876 857 875
f 876 875 854
f 854 875 850
f 878 852 877
f 878 877 844
f 844 877 839
f 870 879 847
f 847 879 848
f 887 844 843
f 843 842 887
f 887 842 849
f 889 854 853
f 853 878 889
f 880 859 858
f 858 876 880
f 863 874 864
f 867 872 881
f 867 881 868
f 1874 880 2758
f 2758 880 2759
f 2759 880 876
f 2759 876 854
f 2759 854 890
f 890 854 889
f 888 889 878
f 888 878 844
f 888 844 887
f 1861 887 849
f 886 849 885
f 885 849 879
f 885 879 870
f 885 870 884
f 884 870 881
f 884 881 883
f 883 881 2746
f 2746 881 872
f 2746 872 2748
f 2748 872 1875
f 1875 872 864
f 1875 864 2750
f 2750 864 882
f 882 864 874
f 882 874 859
f 882 859 1874
f 1874 859 880
f 866 865 891
f 891 865 869
f 861 860 862
f 856 855 857
f 851 850 852
f 840 839 841
f 892 893 869
f 892 846 845
f 892 845 841
f 894 902 834
f 834 902 899
f 899 902 903
f 899 903 904
f 899 904 898
f 898 904 430
f 430 904 897
f 897 904 905
f 897 905 513
f 513 905 896
f 896 905 900
f 896 900 901
f 896 901 895
f 895 901 739
f 739 901 894
f 894 901 902
f 894 834 732
f 894 732 741
f 834 899 795
f 795 899 694
f 899 898 429
f 430 897 348
f 348 897 513
f 513 896 474
f 474 896 356
f 896 895 518
f 518 895 739
f 739 894 741
f 344 89 328
f 328 89 88
f 328 88 389
f 389 88 112
f 389 112 87
f 344 338 89
f 89 338 337
f 337 239 89
f 89 239 90
f 90 239 247
f 90 247 137
f 137 247 138
f 138 247 203
f 138 203 91
f 91 203 219
f 91 219 213
f 213 212 91
f 91 212 167
f 91 167 92
f 92 167 166
f 92 166 144
f 144 166 119
f 119 166 165
f 119 165 93
f 93 165 235
f 93 235 94
f 94 235 238
f 94 238 227
f 94 227 298
f 95 298 379
f 95 379 96
f 379 380 96
f 96 380 369
f 96 369 97
f 97 369 576
f 97 576 155
f 155 576 156
f 156 576 121
f 121 576 575
f 121 575 83
f 83 575 649
f 649 652 83
f 83 652 641
f 83 641 125
f 125 641 653
f 125 653 84
f 84 653 606
f 84 606 85
f 85 606 617
f 85 617 86
f 86 617 614
f 86 614 615
f 86 615 381
f 86 381 87
f 87 381 389
f 115 916 917
f 115 917 157
f 157 917 98
f 98 1479 1478
f 98 1478 153
f 153 1478 918
f 153 918 919
f 153 919 920
f 99 920 1476
f 99 1476 100
f 100 1475 101
f 101 1474 921
f 101 921 120
f 120 921 1473
f 120 1473 906
f 120 906 102
f 102 906 103
f 103 907 104
f 104 907 908
f 104 908 909
f 106 910 107
f 107 910 911
f 107 911 129
f 129 911 108
f 108 912 913
f 913 914 113
f 113 914 915
f 113 915 115
f 115 915 916
f 922 930 925
f 925 930 924
f 922 923 928
f 922 928 930
f 932 934 935
f 925 924 926
f 926 924 935
f 935 933 932
f 932 933 934
f 934 933 931
f 935 924 930
f 930 928 927
f 927 929 930
f 930 929 931
f 933 930 931
f 930 933 935
f 929 942 939
f 929 939 931
f 931 939 934
f 934 939 941
f 934 941 940
f 934 940 937
f 1216 938 939
f 1216 939 942
f 938 949 939
f 949 936 939
f 936 941 939
f 936 952 945
f 951 953 952
f 951 944 953
f 936 949 952
f 952 949 950
f 952 950 951
f 950 949 948
f 948 949 947
f 948 947 946
f 950 948 951
f 951 948 946
f 952 953 945
f 945 953 944
f 954 960 956
f 954 958 960
f 955 956 965
f 965 956 964
f 964 963 1524
f 964 956 960
f 960 958 957
f 957 959 960
f 960 959 961
f 962 960 961
f 960 962 963
f 963 962 961
f 960 963 964
f 959 972 970
f 959 970 961
f 961 970 963
f 963 970 971
f 963 971 969
f 963 969 967
f 963 967 1524
f 1243 968 970
f 1243 970 972
f 968 979 970
f 979 966 970
f 966 969 970
f 970 969 971
f 966 982 975
f 981 983 982
f 981 974 983
f 966 979 982
f 982 979 980
f 982 980 981
f 980 979 978
f 978 979 977
f 978 977 976
f 980 978 981
f 981 978 976
f 982 983 975
f 975 983 974
f 976 984 981
f 984 985 981
f 981 985 988
f 988 985 973
f 973 974 988
f 974 981 988
f 984 976 977
f 984 977 987
f 990 998 989
f 989 998 1009
f 1003 1008 1000
f 1230 1001 991
f 999 1001 1003
f 994 990 1011
f 1011 990 1008
f 1008 990 1000
f 994 995 990
f 990 995 996
f 990 996 997
f 997 996 1005
f 995 994 1010
f 1010 994 1011
f 1010 1011 1007
f 1007 1011 1008
f 998 990 997
f 996 995 1006
f 1006 995 1010
f 1006 1010 1007
f 1006 1007 1003
f 1003 1007 1008
f 997 1005 998
f 998 1005 1009
f 1001 1230 1004
f 1001 1004 1002
f 1001 999 991
f 991 999 1000
f 990 991 1000
f 1001 1002 1003
f 1003 1000 999
f 992 993 1004
f 1004 993 1009
f 1004 1009 1005
f 1002 1004 1005
f 1003 1002 1006
f 1006 1002 1005
f 1006 1005 996
f 993 992 1012
f 993 1012 1009
f 1009 1012 989
f 1015 992 1004
f 1015 1004 1014
f 1014 1004 1227
f 1227 1004 1230
f 1026 1241 1022
f 1043 1026 1016
f 1043 1016 1017
f 1026 1042 1016
f 1042 1075 1016
f 1109 1044 1017
f 1017 1044 1043
f 1042 1026 1022
f 1018 1051 1109
f 1109 1051 1052
f 1019 1054 1018
f 1018 1054 1053
f 1018 1053 1051
f 1051 1053 1045
f 1020 1047 1019
f 1019 1047 1055
f 1080 1057 1020
f 1020 1057 1056
f 1057 1080 1058
f 1058 1080 1082
f 1058 1082 1048
f 1048 1082 1023
f 1048 1023 1049
f 1049 1023 1227
f 1014 1227 1023
f 1014 1023 1015
f 1015 1023 992
f 1082 1013 1023
f 1023 1013 989
f 1023 989 1012
f 1023 1012 992
f 1040 1029 1033
f 1040 1033 1039
f 1241 1030 1021
f 1028 1021 1031
f 1046 1038 1054
f 1046 1054 1055
f 1055 1054 1019
f 1026 1030 1241
f 1027 1028 1031
f 1027 1031 1037
f 1029 1024 1033
f 1025 1024 1034
f 1034 1050 1058
f 1058 1050 1056
f 1058 1056 1057
f 1049 1227 1025
f 1049 1025 1034
f 1049 1034 1041
f 1041 1034 1048
f 1048 1034 1058
f 1035 1030 1026
f 1028 1027 1032
f 1028 1032 1033
f 1033 1032 1038
f 1033 1038 1039
f 1056 1047 1020
f 1032 1027 1037
f 1050 1034 1029
f 1029 1034 1024
f 1050 1029 1040
f 1036 1035 1043
f 1036 1043 1044
f 1052 1044 1109
f 1021 1030 1036
f 1036 1030 1035
f 1037 1031 1052
f 1052 1031 1021
f 1038 1032 1037
f 1035 1026 1043
f 1052 1021 1044
f 1044 1021 1036
f 1051 1037 1052
f 1056 1050 1040
f 1056 1040 1039
f 1049 1041 1048
f 1037 1051 1045
f 1037 1045 1038
f 1038 1045 1053
f 1038 1053 1054
f 1039 1038 1046
f 1039 1046 1055
f 1039 1055 1047
f 1056 1039 1047
f 1241 1059 1127
f 1075 1042 1060
f 1060 1042 1117
f 1117 1042 1022
f 1117 1022 1118
f 1118 1022 1127
f 1127 1022 1241
f 1061 1078 1107
f 1077 1018 1109
f 1156 1091 1092
f 1067 1096 1166
f 1073 1100 1072
f 1072 1100 1102
f 1072 1102 1075
f 1016 1075 1106
f 1016 1106 1017
f 1017 1106 1105
f 1069 1089 1090
f 1087 1088 1089
f 1090 1092 1091
f 1089 1088 1090
f 1090 1063 1092
f 1088 1062 1090
f 1090 1062 1063
f 1092 1063 1074
f 1074 1093 1068
f 1068 1093 1067
f 1093 1094 1067
f 1067 1094 1096
f 1074 1063 1093
f 1095 1093 1064
f 1099 1098 1065
f 1099 1065 1100
f 1100 1065 1104
f 1065 1103 1104
f 1104 1103 1105
f 1104 1105 1106
f 1069 1172 1089
f 1089 1172 1070
f 1089 1070 1087
f 1087 1070 1085
f 1087 1085 1086
f 1086 1085 1084
f 1084 1013 1083
f 1085 1071 1084
f 1084 1071 1013
f 1083 1013 1082
f 1079 1076 1061
f 1061 1076 1078
f 1080 1020 1076
f 1076 1020 1019
f 1076 1019 1077
f 1077 1019 1018
f 1077 1078 1076
f 1080 1076 1079
f 1080 1079 1081
f 1080 1081 1082
f 1093 1095 1094
f 1094 1095 1096
f 1096 1095 1097
f 1097 1095 1064
f 1066 1097 1064
f 1066 1064 1098
f 1101 1099 1100
f 1102 1100 1104
f 1073 1173 1098
f 1098 1173 1066
f 1073 1098 1099
f 1073 1099 1101
f 1073 1101 1100
f 1075 1102 1104
f 1075 1104 1106
f 1017 1105 1108
f 1108 1105 1107
f 1108 1107 1078
f 1077 1108 1078
f 1077 1109 1108
f 1108 1109 1017
f 1059 1110 1111
f 1060 1112 1113
f 1060 1113 1114
f 1114 1113 1125
f 1114 1125 1121
f 1116 1130 1110
f 1110 1130 1129
f 1060 1117 1112
f 1122 1127 1059
f 1122 1059 1111
f 1130 1116 1121
f 1121 1116 1115
f 1121 1115 1114
f 1114 1115 1060
f 1124 1130 1121
f 1124 1121 1125
f 1110 1129 1111
f 1129 1128 1111
f 1113 1112 1120
f 1120 1112 1126
f 1126 1112 1119
f 1116 1060 1115
f 1119 1112 1117
f 1119 1117 1118
f 1113 1120 1125
f 1119 1118 1127
f 1119 1127 1122
f 1119 1122 1126
f 1126 1122 1128
f 1126 1128 1129
f 1128 1122 1111
f 1126 1123 1125
f 1126 1125 1120
f 1130 1124 1123
f 1123 1124 1125
f 1130 1123 1129
f 1129 1123 1126
f 1141 1138 1151
f 1151 1138 1152
f 1151 1152 1161
f 1161 1166 1096
f 1067 1165 1068
f 1162 1069 1090
f 1161 1152 1145
f 1161 1145 1166
f 1166 1145 1067
f 1138 1137 1145
f 1138 1145 1152
f 1145 1160 1067
f 1067 1160 1165
f 1134 1131 1146
f 1134 1146 1147
f 1162 1090 1091
f 1156 1092 1163
f 1163 1092 1074
f 1163 1074 1164
f 1074 1068 1164
f 1164 1068 1158
f 1096 1097 1161
f 1161 1097 1066
f 1161 1066 1151
f 1151 1066 1168
f 1151 1133 1141
f 1151 1168 1133
f 1133 1235 1141
f 1147 1146 1162
f 1135 1134 1139
f 1139 1134 1147
f 1139 1147 1154
f 1154 1147 1162
f 1154 1162 1091
f 1139 1143 1135
f 1144 1153 1136
f 1136 1153 1140
f 1136 1140 1137
f 1137 1140 1145
f 1142 1146 1131
f 1143 1139 1148
f 1143 1148 1149
f 1149 1148 1158
f 1135 1143 1136
f 1136 1143 1144
f 1145 1140 1153
f 1157 1154 1156
f 1156 1154 1091
f 1143 1150 1144
f 1150 1153 1144
f 1146 1142 1155
f 1155 1142 1132
f 1155 1132 1172
f 1155 1172 1069
f 1146 1155 1162
f 1162 1155 1069
f 1154 1157 1148
f 1154 1148 1139
f 1148 1157 1158
f 1158 1157 1164
f 1150 1143 1149
f 1150 1149 1158
f 1165 1150 1159
f 1159 1150 1158
f 1153 1150 1165
f 1160 1145 1165
f 1165 1145 1153
f 1157 1163 1164
f 1163 1157 1156
f 1165 1159 1068
f 1068 1159 1158
f 1168 1169 1133
f 1133 1169 1235
f 1235 1169 1181
f 1191 1168 1066
f 1191 1066 1167
f 1131 1170 1211
f 1132 1202 1172
f 1202 1132 1211
f 1211 1132 1142
f 1211 1142 1131
f 1234 1178 1179
f 1187 1177 1183
f 1183 1190 1181
f 1181 1190 1178
f 1177 1173 1176
f 1176 1173 1175
f 1176 1175 1192
f 1189 1192 1185
f 1234 1181 1178
f 1181 1180 1183
f 1183 1180 1182
f 1183 1182 1187
f 1187 1186 1177
f 1177 1186 1191
f 1177 1191 1167
f 1181 1169 1180
f 1180 1169 1182
f 1182 1169 1187
f 1187 1169 1186
f 1186 1169 1168
f 1186 1168 1191
f 1175 1174 1192
f 1192 1174 1185
f 1185 1174 1179
f 1188 1176 1192
f 1188 1192 1189
f 1188 1189 1184
f 1184 1189 1185
f 1184 1185 1179
f 1234 1179 1174
f 1184 1179 1178
f 1184 1178 1190
f 1184 1190 1188
f 1188 1190 1183
f 1188 1183 1177
f 1188 1177 1176
f 1170 1193 1194
f 1171 1196 1197
f 1171 1197 1198
f 1198 1197 1209
f 1198 1209 1205
f 1200 1214 1193
f 1193 1214 1213
f 1172 1195 1171
f 1171 1195 1196
f 1195 1172 1202
f 1202 1211 1206
f 1206 1211 1194
f 1211 1170 1194
f 1214 1200 1205
f 1205 1200 1199
f 1205 1199 1198
f 1198 1199 1171
f 1208 1214 1205
f 1208 1205 1209
f 1193 1213 1194
f 1213 1212 1194
f 1201 1195 1202
f 1197 1196 1204
f 1204 1196 1210
f 1210 1196 1203
f 1200 1171 1199
f 1203 1196 1201
f 1201 1196 1195
f 1203 1201 1202
f 1197 1204 1209
f 1203 1202 1206
f 1203 1206 1210
f 1210 1206 1212
f 1210 1212 1213
f 1212 1206 1194
f 1210 1207 1209
f 1210 1209 1204
f 1214 1208 1207
f 1207 1208 1209
f 1214 1207 1213
f 1213 1207 1210
f 1131 1220 1170
f 1215 1217 1170
f 1170 1217 1218
f 1220 1215 1170
f 1218 1219 1170
f 1170 1219 1223
f 1170 1222 1193
f 1193 1221 1200
f 1221 1222 1200
f 1193 1222 1221
f 1170 1223 1222
f 1215 947 1217
f 1217 947 1216
f 1216 947 949
f 1224 991 990
f 1230 991 1225
f 991 1224 1225
f 1226 1227 1231
f 1231 1227 1230
f 1232 1230 1228
f 1228 1230 1225
f 1229 927 1232
f 1232 927 1231
f 1232 1231 1230
f 929 927 1229
f 1231 927 928
f 1231 928 1226
f 1239 1181 1237
f 1237 1181 1236
f 1236 1181 1233
f 1181 1234 1233
f 1240 1235 1239
f 1239 1235 1181
f 1238 957 1237
f 1237 957 1240
f 1237 1240 1239
f 959 957 1238
f 1240 957 958
f 1240 958 1235
f 1241 1242 1059
f 1059 1247 1245
f 1242 1244 1247
f 1247 1244 1245
f 1059 1242 1247
f 1245 1246 1059
f 1059 1246 1249
f 1059 1248 1110
f 1110 1248 1116
f 1249 1251 1248
f 1248 1251 1116
f 1059 1249 1248
f 1242 977 1244
f 1244 977 1243
f 1243 977 979
f 1216 1229 1217
f 1217 1229 1250
f 1217 1250 1218
f 1218 1250 1219
f 1200 1222 990
f 990 1222 1224
f 1224 1222 1225
f 1225 1222 1223
f 1225 1223 1219
f 1225 1219 1250
f 1225 1250 1228
f 1228 1250 1232
f 1232 1250 1229
f 1234 1174 1116
f 1234 1116 1251
f 1252 1246 1245
f 1252 1245 1244
f 1243 1238 1244
f 1244 1238 1252
f 1238 1237 1252
f 1252 1237 1236
f 1252 1236 1246
f 1246 1236 1249
f 1249 1236 1233
f 1249 1233 1251
f 1251 1233 1234
f 1356 1297 1360
f 1296 1360 1261
f 1296 1261 1262
f 1310 1312 1299
f 1299 1286 1260
f 1311 1254 1316
f 1300 1316 1285
f 1300 1285 1286
f 1254 1302 1313
f 1315 1314 1284
f 1315 1284 1285
f 1318 1317 1301
f 1301 1317 1283
f 1301 1283 1284
f 1255 1319 1303
f 1303 1319 1282
f 1303 1282 1283
f 1328 1306 1278
f 1278 1306 1277
f 1277 1306 1308
f 1308 1306 1330
f 1330 1307 1256
f 1325 1256 1307
f 1331 1333 1337
f 1335 1340 1274
f 1274 1340 1273
f 1273 1340 1339
f 1273 1339 1342
f 1257 1342 1334
f 1335 1339 1340
f 1338 1342 1339
f 1338 1334 1342
f 1257 1288 1341
f 1257 1341 1342
f 1342 1341 1272
f 1342 1272 1273
f 1347 1290 1268
f 1268 1290 1267
f 1267 1290 1350
f 1267 1350 1352
f 1290 1347 1350
f 1349 1345 1291
f 1291 1292 1350
f 1353 1258 1355
f 1358 1357 1263
f 1263 1357 1262
f 1262 1357 1359
f 1262 1359 1296
f 1296 1359 1360
f 1360 1359 1356
f 1356 1259 1297
f 1357 1358 1359
f 1355 1258 1259
f 1299 1260 1298
f 1298 1260 1261
f 1298 1261 1360
f 1358 1263 1295
f 1295 1263 1264
f 1295 1264 1294
f 1351 1350 1292
f 1264 1265 1294
f 1294 1265 1293
f 1293 1352 1351
f 1351 1352 1350
f 1293 1265 1266
f 1293 1266 1352
f 1352 1266 1267
f 1347 1268 1348
f 1348 1268 1269
f 1348 1269 1289
f 1343 1344 1288
f 1269 1270 1289
f 1289 1270 1346
f 1344 1341 1288
f 1346 1270 1287
f 1287 1270 1271
f 1287 1271 1272
f 1335 1274 1336
f 1336 1274 1275
f 1336 1275 1309
f 1329 1330 1256
f 1275 1276 1309
f 1309 1276 1332
f 1329 1332 1330
f 1332 1276 1308
f 1308 1276 1389
f 1308 1389 1277
f 1328 1278 1326
f 1326 1278 1279
f 1326 1279 1327
f 1327 1279 1305
f 1327 1305 1323
f 1279 1280 1305
f 1305 1280 1323
f 1320 1319 1321
f 1321 1319 1255
f 1323 1280 1304
f 1304 1280 1281
f 1304 1281 1282
f 1304 1282 1319
f 1338 1335 1334
f 1334 1335 1337
f 1339 1335 1338
f 1284 1314 1301
f 1301 1314 1318
f 1318 1314 1313
f 1318 1313 1302
f 1283 1317 1303
f 1303 1317 1255
f 1255 1317 1318
f 1255 1318 1302
f 1253 1310 1297
f 1310 1298 1297
f 1297 1298 1360
f 1310 1299 1298
f 1300 1286 1299
f 1312 1310 1311
f 1311 1310 1254
f 1316 1312 1311
f 1299 1312 1300
f 1300 1312 1316
f 1315 1285 1316
f 1316 1254 1313
f 1314 1316 1313
f 1315 1316 1314
f 1320 1321 1324
f 1320 1324 1323
f 1304 1319 1320
f 1304 1320 1323
f 1324 1322 1323
f 1327 1323 1322
f 1321 1322 1324
f 1322 1325 1327
f 1327 1325 1328
f 1328 1307 1306
f 1328 1326 1327
f 1325 1307 1328
f 1307 1330 1306
f 1256 1333 1329
f 1329 1333 1332
f 1332 1333 1309
f 1308 1330 1332
f 1333 1331 1309
f 1337 1309 1331
f 1309 1337 1335
f 1335 1336 1309
f 1341 1344 1272
f 1346 1343 1289
f 1272 1344 1287
f 1287 1344 1343
f 1287 1343 1346
f 1343 1345 1289
f 1349 1289 1345
f 1288 1345 1343
f 1347 1291 1350
f 1289 1349 1347
f 1347 1348 1289
f 1349 1291 1347
f 1292 1258 1351
f 1351 1258 1293
f 1293 1258 1294
f 1258 1353 1294
f 1355 1294 1353
f 1294 1355 1354
f 1358 1295 1354
f 1354 1295 1294
f 1259 1356 1354
f 1354 1356 1358
f 1359 1358 1356
f 1355 1259 1354
f 1457 1383 1459
f 1458 1459 1286
f 1458 1286 1285
f 1394 1392 1395
f 1395 1261 1260
f 1400 1396 1399
f 1381 1398 1397
f 1381 1397 1262
f 1381 1262 1261
f 1396 1400 1401
f 1396 1401 1397
f 1397 1401 1263
f 1397 1263 1262
f 1406 1379 1361
f 1267 1409 1268
f 1268 1409 1410
f 1268 1410 1415
f 1415 1410 1416
f 1272 1420 1273
f 1273 1420 1422
f 1273 1422 1424
f 1424 1422 1369
f 1369 1422 1365
f 1369 1365 1425
f 1277 1389 1433
f 1277 1433 1388
f 1388 1433 1435
f 1435 1433 1432
f 1435 1432 1367
f 1436 1367 1386
f 1385 1446 1281
f 1281 1446 1282
f 1282 1446 1449
f 1282 1449 1384
f 1384 1449 1448
f 1448 1449 1447
f 1447 1482 1450
f 1408 1361 1407
f 1409 1411 1410
f 1407 1361 1362
f 1407 1362 1409
f 1409 1362 1412
f 1362 1363 1412
f 1412 1363 1416
f 1412 1416 1410
f 1363 1413 1416
f 1419 1364 1417
f 1421 1423 1420
f 1420 1423 1422
f 1372 1364 1371
f 1371 1364 1365
f 1425 1390 1428
f 1428 1390 1431
f 1391 1431 1389
f 1389 1431 1433
f 1366 1367 1432
f 1367 1484 1386
f 1385 1444 1446
f 1484 1368 1444
f 1444 1445 1446
f 1446 1445 1449
f 1449 1368 1447
f 1368 1482 1447
f 1481 1480 1452
f 1452 1480 1457
f 1260 1286 1459
f 1284 1454 1285
f 1285 1454 1458
f 1459 1458 1457
f 1283 1451 1284
f 1284 1451 1455
f 1284 1455 1454
f 1454 1455 1453
f 1453 1455 1456
f 1453 1456 1452
f 1452 1456 1481
f 1282 1384 1283
f 1283 1384 1451
f 1456 1450 1482
f 1281 1280 1385
f 1385 1280 1443
f 1385 1443 1444
f 1444 1443 1387
f 1444 1387 1484
f 1484 1387 1386
f 1443 1280 1387
f 1387 1280 1279
f 1387 1279 1441
f 1441 1279 1437
f 1279 1278 1437
f 1437 1278 1438
f 1437 1438 1439
f 1439 1438 1435
f 1438 1278 1388
f 1388 1278 1277
f 1389 1276 1391
f 1391 1276 1429
f 1391 1429 1431
f 1431 1429 1428
f 1429 1276 1275
f 1429 1275 1430
f 1430 1275 1427
f 1275 1274 1427
f 1427 1274 1424
f 1427 1424 1370
f 1370 1424 1369
f 1424 1274 1273
f 1420 1272 1373
f 1373 1272 1271
f 1373 1271 1374
f 1374 1271 1270
f 1374 1270 1418
f 1418 1270 1375
f 1270 1269 1375
f 1375 1269 1415
f 1375 1415 1414
f 1414 1415 1416
f 1415 1269 1268
f 1409 1267 1376
f 1376 1267 1266
f 1376 1266 1377
f 1377 1266 1265
f 1377 1265 1404
f 1404 1265 1378
f 1403 1402 1400
f 1265 1264 1378
f 1378 1264 1380
f 1378 1380 1402
f 1402 1401 1400
f 1380 1264 1263
f 1380 1263 1401
f 1370 1369 1425
f 1370 1426 1427
f 1427 1426 1430
f 1426 1370 1425
f 1382 1392 1394
f 1382 1394 1383
f 1394 1393 1383
f 1383 1393 1459
f 1394 1395 1393
f 1393 1395 1260
f 1393 1260 1459
f 1381 1261 1395
f 1392 1382 1399
f 1398 1392 1399
f 1395 1392 1381
f 1381 1392 1398
f 1398 1399 1396
f 1397 1398 1396
f 1380 1401 1402
f 1379 1403 1400
f 1403 1379 1402
f 1402 1379 1405
f 1402 1405 1378
f 1378 1405 1404
f 1361 1405 1406
f 1406 1405 1379
f 1404 1405 1377
f 1377 1405 1408
f 1408 1405 1361
f 1377 1408 1407
f 1409 1376 1407
f 1407 1376 1377
f 1409 1412 1411
f 1411 1412 1410
f 1416 1413 1414
f 1414 1413 1419
f 1414 1419 1375
f 1375 1419 1418
f 1418 1419 1417
f 1418 1417 1364
f 1374 1418 1364
f 1373 1374 1421
f 1421 1374 1364
f 1371 1423 1372
f 1372 1423 1421
f 1372 1421 1364
f 1423 1371 1365
f 1423 1365 1422
f 1373 1421 1420
f 1430 1426 1428
f 1428 1426 1425
f 1430 1428 1429
f 1390 1366 1431
f 1434 1366 1432
f 1432 1433 1434
f 1434 1433 1431
f 1434 1431 1366
f 1440 1435 1367
f 1440 1367 1436
f 1438 1388 1435
f 1436 1439 1440
f 1440 1439 1435
f 1437 1439 1442
f 1437 1442 1441
f 1441 1442 1387
f 1442 1439 1386
f 1386 1439 1436
f 1442 1386 1387
f 1444 1368 1445
f 1368 1449 1445
f 1447 1450 1448
f 1451 1384 1448
f 1450 1451 1448
f 1481 1456 1482
f 1456 1455 1450
f 1450 1455 1451
f 1452 1457 1453
f 1453 1457 1458
f 1453 1458 1454
f 1383 1457 1480
f 1467 1460 1463
f 1467 1463 1466
f 1466 1463 1465
f 1465 1463 1462
f 1465 1462 1461
f 1465 1461 1464
f 82 1467 81
f 81 1467 1466
f 1466 1465 1464
f 1469 1493 1468
f 1468 1493 1480
f 1493 1469 1492
f 1492 1469 913
f 1492 913 1470
f 1492 1470 1491
f 1491 1470 1490
f 1490 1470 911
f 1490 911 910
f 1490 910 1363
f 1363 910 1489
f 1489 910 105
f 1489 105 1471
f 1489 1471 908
f 908 1472 1488
f 1488 1472 103
f 1488 103 1473
f 1488 1473 1487
f 1487 1473 1474
f 1487 1474 1486
f 1486 1474 1475
f 1486 1475 1485
f 1485 1475 1476
f 1485 1476 1484
f 1484 1476 1477
f 1484 1477 1483
f 1483 1477 919
f 1483 919 1482
f 1482 919 1478
f 1482 1478 1479
f 1482 1479 1481
f 1481 1479 98
f 1481 98 1480
f 1480 98 1468
f 1383 1480 1493
f 1383 1493 1382
f 1483 1482 1368
f 1483 1368 1484
f 1484 1367 1485
f 1485 1367 1366
f 1485 1366 1486
f 1486 1366 1390
f 1486 1390 1487
f 1487 1390 1425
f 1487 1425 1365
f 1487 1365 1488
f 1488 1365 1364
f 1488 1364 908
f 908 1364 1419
f 908 1419 1489
f 1489 1419 1413
f 1489 1413 1363
f 1363 1362 1490
f 1490 1362 1361
f 1490 1361 1491
f 1491 1361 1379
f 1491 1379 1492
f 1492 1379 1400
f 1492 1400 1399
f 1492 1399 1493
f 1493 1399 1382
f 1107 1310 1061
f 1061 1310 1253
f 1061 1253 1297
f 1061 1297 1079
f 1079 1297 1259
f 1079 1259 1081
f 1081 1259 1082
f 1082 1259 1258
f 1082 1258 1083
f 1083 1258 1084
f 1084 1258 1292
f 1084 1292 1086
f 1086 1292 1087
f 1087 1292 1291
f 1087 1291 1345
f 1087 1345 1088
f 1088 1345 1288
f 1088 1288 1062
f 1062 1288 1257
f 1062 1257 1063
f 1063 1257 1334
f 1063 1334 1093
f 1093 1334 1337
f 1093 1337 1333
f 1093 1333 1064
f 1064 1333 1256
f 1064 1256 1098
f 1098 1256 1325
f 1098 1325 1322
f 1098 1322 1065
f 1065 1322 1321
f 1065 1321 1255
f 1065 1255 1103
f 1103 1255 1302
f 1103 1302 1105
f 1105 1302 1254
f 1105 1254 1107
f 1107 1254 1310
f 1075 1060 1072
f 1072 1060 1116
f 1072 1116 1073
f 1073 1116 1174
f 1073 1174 1173
f 1173 1174 1175
f 1173 1177 1167
f 1173 1167 1066
f 979 968 1243
f 1238 1243 972
f 1238 972 959
f 949 938 1216
f 1229 1216 942
f 1229 942 929
f 1503 1494 1496
f 1496 1494 1495
f 1494 1497 926
f 926 1497 2781
f 2781 1497 1498
f 1494 1503 1497
f 1499 1500 1501
f 1501 1500 2777
f 1501 2777 1496
f 1501 1496 1495
f 1502 1503 1496
f 1502 1496 2777
f 940 1501 1495
f 940 1495 1494
f 940 1494 937
f 937 1494 934
f 934 1494 926
f 1505 1506 1504
f 1504 1506 1507
f 1504 1507 1508
f 1508 1510 1504
f 1513 1514 1512
f 1515 1516 1520
f 1520 1516 1519
f 1521 1522 1526
f 1526 1522 1525
f 1525 1522 1523
f 1529 1530 1528
f 1532 1533 1531
f 1531 1533 1534
f 1531 1534 1535
f 1531 1535 1527
f 1532 1515 1533
f 1533 1515 1520
f 1533 1520 1534
f 1534 1520 1519
f 1534 1519 1535
f 1535 1519 1516
f 1529 1514 1513
f 1529 1513 1512
f 1529 1512 1530
f 1535 1516 1518
f 1535 1518 1527
f 1527 1518 1517
f 1527 1517 1528
f 1528 1517 1514
f 1528 1514 1529
f 1505 1521 1506
f 1506 1521 1526
f 1506 1526 1507
f 1507 1526 1525
f 1507 1525 1508
f 1508 1525 1523
f 1512 1511 1530
f 1530 1511 1509
f 1530 1509 1524
f 1524 1509 1523
f 1523 1509 1510
f 1523 1510 1508
f 1522 955 1523
f 1523 955 965
f 1523 965 1524
f 1524 965 964
f 1524 967 1530
f 1530 967 969
f 1530 969 1528
f 1528 969 966
f 1528 966 1527
f 1527 966 975
f 1527 975 974
f 1527 974 973
f 1527 973 986
f 1527 986 1531
f 1227 923 1025
f 1025 923 1536
f 1025 1536 1024
f 1024 1536 1033
f 1033 1536 1028
f 1028 1536 987
f 1028 987 1021
f 1021 987 1241
f 1241 987 1242
f 1242 987 977
f 1226 928 1227
f 1227 928 923
f 1504 1510 1460
f 1460 1510 1463
f 1463 1510 1509
f 1463 1509 1511
f 1463 1511 1517
f 1517 1511 1514
f 1514 1511 1512
f 1463 1517 1462
f 1462 1517 1461
f 1461 1517 1518
f 1461 1518 1516
f 1172 1171 1070
f 1070 1171 1200
f 1070 1200 1085
f 1085 1200 990
f 1085 990 1071
f 1071 990 989
f 1071 989 1013
f 612 654 683
f 683 654 796
f 796 654 797
f 797 654 798
f 798 654 780
f 780 654 635
f 387 685 388
f 388 685 695
f 388 695 418
f 418 334 388
f 245 419 246
f 246 419 433
f 246 433 432
f 432 431 246
f 246 431 276
f 246 276 209
f 159 174 284
f 284 174 475
f 475 174 476
f 476 174 477
f 477 174 277
f 277 174 173
f 292 299 521
f 521 299 522
f 522 299 285
f 285 299 221
f 569 577 735
f 735 577 736
f 736 577 737
f 737 577 738
f 738 577 562
f 562 577 363
f 891 904 871
f 871 904 860
f 860 904 862
f 862 904 873
f 873 904 903
f 873 903 855
f 855 903 857
f 857 903 902
f 857 902 875
f 904 891 905
f 905 891 869
f 905 869 893
f 905 893 900
f 900 893 892
f 900 892 841
f 900 841 901
f 901 841 839
f 901 839 877
f 901 877 852
f 901 852 850
f 901 850 902
f 902 850 875
f 103 906 1473
f 1473 921 1474
f 1474 101 1475
f 1475 100 1476
f 1476 920 1477
f 1477 920 919
f 919 918 1478
f 98 917 1468
f 1468 917 19
f 916 45 917
f 917 45 27
f 915 1469 916
f 916 1469 1468
f 916 1468 80
f 80 1468 71
f 71 1468 73
f 71 73 75
f 1469 915 914
f 1469 914 913
f 1470 913 912
f 1470 912 108
f 1470 108 911
f 910 106 105
f 1471 105 909
f 1471 909 908
f 1472 908 907
f 1472 907 103
f 25 48 26
f 26 48 1468
f 26 1468 19
f 48 25 49
f 49 25 18
f 49 18 24
f 49 24 35
f 59 50 30
f 59 30 17
f 59 17 16
f 16 2 59
f 59 2 44
f 44 2 43
f 43 2 29
f 43 29 60
f 60 29 28
f 60 28 45
f 45 28 27
f 27 13 917
f 917 13 12
f 917 12 23
f 23 22 917
f 917 22 21
f 917 21 20
f 20 9 917
f 917 9 19
f 64 1468 48
f 64 48 37
f 1468 64 73
f 73 64 70
f 73 70 76
f 76 70 45
f 76 45 77
f 77 45 79
f 77 79 78
f 70 69 45
f 45 69 46
f 46 69 32
f 32 69 68
f 32 68 47
f 68 62 40
f 40 62 33
f 33 62 34
f 34 62 65
f 34 65 39
f 39 65 38
f 38 65 64
f 38 64 37
f 68 67 62
f 66 65 62
f 916 80 45
f 45 80 79
f 50 59 42
f 50 42 51
f 51 42 52
f 52 42 53
f 53 42 58
f 53 58 57
f 53 57 54
f 54 57 41
f 41 56 54
f 54 56 55
f 54 55 39
f 884 1537 1538
f 884 1538 885
f 1542 1543 1540
f 1543 1868 1540
f 1544 1868 1539
f 1865 1866 1868
f 1866 1867 1868
f 1867 1541 1868
f 1863 1868 1862
f 1540 1868 1541
f 1865 1868 1864
f 1864 1868 1863
f 1862 1868 1545
f 1545 1868 1544
f 1539 1868 1543
f 1869 1555 1890
f 1890 1555 1556
f 1555 1869 1554
f 1554 1869 1553
f 1553 1869 1552
f 1552 1869 1870
f 1552 1870 1551
f 1551 1870 1550
f 1550 1870 1549
f 1549 1870 1871
f 1549 1871 1548
f 1547 1548 1872
f 1547 1872 1873
f 1547 1873 1546
f 1546 1873 1545
f 1890 1556 1557
f 1890 1557 2762
f 2762 1557 1558
f 2762 1558 1893
f 1893 1558 1889
f 1889 1558 1559
f 1889 1559 1560
f 1889 1560 1895
f 1895 1560 1888
f 1887 1888 1561
f 1887 1561 1562
f 1887 1562 1897
f 1897 1562 1886
f 1901 1880 1563
f 1901 1563 1564
f 1901 1564 1902
f 1902 1564 1879
f 1903 1878 1565
f 1903 1565 1566
f 1903 1566 1877
f 1877 1566 1904
f 1904 1566 1567
f 1904 1567 1568
f 1904 1568 1905
f 1905 1568 1906
f 1906 1568 1569
f 1906 1569 1570
f 1906 1570 1907
f 1907 1570 1908
f 1908 1570 1571
f 1908 1571 1572
f 1908 1572 1909
f 1909 1572 1910
f 1910 1572 1573
f 1910 1573 1574
f 1910 1574 1911
f 1911 1574 1912
f 1912 1574 1575
f 1912 1575 1576
f 1912 1576 1553
f 1553 1576 1913
f 1913 1576 1577
f 1913 1577 1578
f 1913 1578 1914
f 1914 1578 1915
f 1915 1578 1579
f 1915 1579 1580
f 1915 1580 1916
f 1916 1580 1917
f 1917 1580 1581
f 1917 1581 1582
f 1917 1582 1918
f 1918 1582 1919
f 1919 1582 1583
f 1919 1583 1584
f 1919 1584 1920
f 1920 1584 1921
f 1921 1584 1585
f 1921 1585 1586
f 1921 1586 1922
f 1922 1586 1923
f 1923 1586 1587
f 1923 1587 1588
f 1923 1588 1924
f 1924 1588 1925
f 1925 1588 1589
f 1925 1589 1590
f 1925 1590 1926
f 1926 1590 1927
f 1927 1590 1591
f 1927 1591 1592
f 1927 1592 1928
f 1928 1592 1929
f 1929 1592 1593
f 1929 1593 1594
f 1929 1594 1930
f 1930 1594 1931
f 1931 1594 1595
f 1931 1595 1596
f 1931 1596 1932
f 1932 1596 1933
f 1933 1596 1597
f 1933 1597 1598
f 1933 1598 1934
f 1934 1598 1935
f 1935 1598 1599
f 1935 1599 1600
f 1935 1600 1936
f 1936 1600 1937
f 1937 1600 1601
f 1937 1601 1602
f 1937 1602 1938
f 1938 1602 1939
f 1939 1602 1603
f 1939 1603 1604
f 1939 1604 1940
f 1940 1604 1941
f 1941 1604 1605
f 1941 1605 1606
f 1941 1606 1942
f 1942 1606 1943
f 2092 2091 2093
f 2093 2091 1607
f 1608 2095 1607
f 1607 2095 2094
f 1607 2094 2093
f 2095 1608 2096
f 2096 1608 2097
f 2097 1608 1609
f 2097 1609 2098
f 2098 1609 1610
f 2098 1610 2099
f 2099 1610 1611
f 1611 2101 2100
f 1611 2100 2099
f 2101 1611 2102
f 2102 1611 1612
f 2102 1612 1613
f 1613 2104 2103
f 1613 2103 2102
f 2104 1613 2105
f 2105 1613 1614
f 2105 1614 1615
f 2105 1615 2106
f 2106 1615 2107
f 2107 1615 1616
f 2107 1616 1617
f 2107 1617 2108
f 2108 1617 2109
f 2109 1617 1618
f 2109 1618 1619
f 2109 1619 2110
f 2110 1619 2111
f 2111 1619 1620
f 2111 1620 1621
f 2111 1621 2112
f 2112 1621 2113
f 2113 1621 1622
f 2113 1622 1623
f 2113 1623 2114
f 2114 1623 2115
f 2115 1623 1624
f 2115 1624 2116
f 2116 1624 2117
f 2117 1624 1625
f 2117 1625 1626
f 2117 1626 2118
f 2118 1626 2119
f 2119 1626 1627
f 2119 1627 2120
f 2120 1627 2121
f 2121 1627 1628
f 2121 1628 2122
f 2122 1628 2123
f 2123 1628 1629
f 2123 1629 1630
f 2123 1630 2124
f 2124 1630 2125
f 2125 1630 1631
f 2125 1631 2126
f 2126 1631 2127
f 2127 1631 1632
f 2127 1632 1633
f 2127 1633 2128
f 2128 1633 2129
f 2129 1633 1634
f 2129 1634 1635
f 2129 1635 2130
f 2130 1635 2131
f 2131 1635 1636
f 2131 1636 1637
f 2131 1637 2132
f 2132 1637 2133
f 2133 1637 1638
f 2133 1638 1639
f 2133 1639 2134
f 2134 1639 2135
f 2135 1639 1640
f 2135 1640 1641
f 2135 1641 2136
f 2136 1641 2137
f 2137 1641 1642
f 2137 1642 1643
f 2137 1643 2138
f 2138 1643 2139
f 2139 1643 1644
f 2139 1644 1645
f 2139 1645 2140
f 2140 1645 2141
f 2141 1645 1646
f 2141 1646 1647
f 2141 1647 2142
f 2142 1647 2143
f 2143 1647 1648
f 2143 1648 1649
f 2143 1649 2144
f 2144 1649 2145
f 2145 1649 1650
f 2145 1650 1651
f 2145 1651 2146
f 2146 1651 2147
f 2147 1651 1652
f 2147 1652 1653
f 2147 1653 2148
f 2148 1653 2149
f 2149 1653 1654
f 2149 1654 1655
f 2149 1655 2150
f 2150 1655 2151
f 2151 1655 1656
f 2151 1656 1657
f 2151 1657 2152
f 2152 1657 2153
f 2153 1657 1658
f 2153 1658 1659
f 2153 1659 2154
f 2154 1659 2155
f 2155 1659 1660
f 2155 1660 1661
f 2155 1661 2156
f 2156 1661 2157
f 2157 1661 1662
f 2157 1662 1663
f 2157 1663 2158
f 2158 1663 2159
f 2159 1663 1664
f 2159 1664 1665
f 2159 1665 2160
f 2160 1665 2161
f 2161 1665 1666
f 2161 1666 1667
f 2161 1667 2162
f 2162 1667 2163
f 2163 1667 1668
f 2163 1668 1669
f 2163 1669 2164
f 2164 1669 2165
f 2165 1669 1670
f 2165 1670 1671
f 2165 1671 2166
f 2166 1671 2167
f 2167 1671 1672
f 2167 1672 1673
f 2167 1673 2168
f 2168 1673 2169
f 2169 1673 1674
f 2169 1674 1675
f 2169 1675 2170
f 2170 1675 2171
f 2171 1675 1676
f 2171 1676 1677
f 2171 1677 2172
f 2172 1677 2173
f 2173 1677 1678
f 2173 1678 1679
f 2173 1679 2174
f 2174 1679 2175
f 2175 1679 1680
f 2175 1680 1681
f 2175 1681 2176
f 2176 1681 2177
f 2177 1681 1682
f 2177 1682 1683
f 2177 1683 2178
f 2178 1683 2179
f 2179 1683 1684
f 2179 1684 1685
f 2179 1685 2180
f 2180 1685 2181
f 2181 1685 1686
f 2181 1686 1687
f 2181 1687 2182
f 2182 1687 2183
f 2183 1687 1688
f 2183 1688 1689
f 2183 1689 2184
f 2184 1689 2185
f 2331 2330 1690
f 2331 1690 1691
f 2331 1691 2332
f 2332 1691 1692
f 1692 2334 2333
f 1692 2333 2332
f 1692 1693 2334
f 2334 1693 2335
f 2335 1693 2336
f 2336 1693 1694
f 1695 2338 1694
f 1694 2338 2337
f 1694 2337 2336
f 2338 1695 2339
f 2339 1695 2340
f 2340 1695 1696
f 2340 1696 1697
f 2340 1697 2341
f 2341 1697 1698
f 1698 2343 2342
f 1698 2342 2341
f 2343 1698 2344
f 2344 1698 1699
f 2344 1699 1700
f 2344 1700 2345
f 2345 1700 2346
f 2346 1700 1701
f 2346 1701 1702
f 2346 1702 2347
f 2347 1702 2348
f 2348 1702 1703
f 2348 1703 1704
f 2348 1704 2349
f 2349 1704 2350
f 2350 1704 1705
f 2350 1705 1706
f 2350 1706 2351
f 2351 1706 2352
f 2352 1706 1707
f 2352 1707 1708
f 2352 1708 2353
f 2353 1708 2354
f 2354 1708 1709
f 2354 1709 2355
f 2355 1709 2356
f 2356 1709 1710
f 2356 1710 1711
f 2356 1711 2357
f 2357 1711 2358
f 2358 1711 1712
f 2358 1712 2359
f 2359 1712 2360
f 2360 1712 1713
f 2360 1713 2361
f 2361 1713 2362
f 2362 1713 1714
f 2362 1714 1715
f 2362 1715 2363
f 2363 1715 2364
f 2364 1715 1716
f 2364 1716 1717
f 2364 1717 2365
f 2365 1717 2366
f 2366 1717 1718
f 2366 1718 1719
f 2366 1719 2367
f 2367 1719 2368
f 2368 1719 1720
f 2368 1720 1721
f 2368 1721 2369
f 2369 1721 2370
f 2370 1721 1722
f 2370 1722 1723
f 2370 1723 2371
f 2371 1723 2372
f 2372 1723 1724
f 2372 1724 1725
f 2372 1725 2373
f 2373 1725 2374
f 2374 1725 1726
f 2374 1726 1727
f 2374 1727 2375
f 2375 1727 2376
f 2376 1727 1728
f 2376 1728 1729
f 2376 1729 2377
f 2377 1729 2378
f 2378 1729 1730
f 2378 1730 1731
f 2378 1731 2379
f 2379 1731 2380
f 2380 1731 1732
f 2380 1732 1733
f 2380 1733 2381
f 2381 1733 2382
f 2382 1733 1734
f 2382 1734 1735
f 2382 1735 2383
f 2383 1735 2384
f 2384 1735 1736
f 2384 1736 1737
f 2384 1737 2385
f 2385 1737 2386
f 2386 1737 1738
f 2386 1738 1739
f 2386 1739 2387
f 2387 1739 2388
f 2388 1739 1740
f 2388 1740 1741
f 2388 1741 2389
f 2389 1741 2390
f 2390 1741 1742
f 2390 1742 1743
f 2390 1743 2391
f 2391 1743 2392
f 2392 1743 1744
f 2392 1744 1745
f 2392 1745 2393
f 2393 1745 2394
f 2394 1745 1746
f 2394 1746 1747
f 2394 1747 2395
f 2395 1747 2396
f 2396 1747 1748
f 2396 1748 1749
f 2396 1749 2397
f 2397 1749 2398
f 2398 1749 1750
f 2398 1750 1751
f 2398 1751 2399
f 2399 1751 2400
f 2400 1751 1752
f 2400 1752 1753
f 2400 1753 2401
f 2401 1753 2402
f 2402 1753 1754
f 2402 1754 1755
f 2402 1755 2403
f 2403 1755 2404
f 2404 1755 1756
f 2404 1756 1757
f 2404 1757 2405
f 2405 1757 2406
f 2406 1757 1758
f 2406 1758 1759
f 2406 1759 2407
f 2407 1759 2408
f 2408 1759 1760
f 2408 1760 1761
f 2408 1761 2409
f 2409 1761 2410
f 2410 1761 1762
f 2410 1762 1763
f 2410 1763 2411
f 2411 1763 2412
f 2412 1763 1764
f 2412 1764 1765
f 2412 1765 2413
f 2413 1765 2414
f 2414 1765 1766
f 2414 1766 1767
f 2414 1767 2415
f 2415 1767 2416
f 2416 1767 1768
f 2416 1768 1769
f 2416 1769 2417
f 2417 1769 2418
f 2418 1769 1770
f 2418 1770 1771
f 2418 1771 2419
f 2419 1771 2420
f 2420 1771 1772
f 2420 1772 1773
f 2420 1773 2421
f 2421 1773 2422
f 2422 1773 1774
f 2422 1774 1775
f 2422 1775 2423
f 2423 1775 2424
f 2574 2573 2575
f 2575 2573 1776
f 1777 2577 1776
f 1776 2577 2576
f 1776 2576 2575
f 2577 1777 2578
f 2578 1777 2579
f 2579 1777 1778
f 1779 2581 1778
f 1778 2581 2580
f 1778 2580 2579
f 2581 1779 1780
f 2581 1780 2582
f 2582 1780 1781
f 2582 1781 2583
f 2583 1781 1782
f 2583 1782 2584
f 2584 1782 2585
f 2585 1782 1783
f 2585 1783 1784
f 2585 1784 2586
f 2586 1784 2587
f 2587 1784 1785
f 2587 1785 1786
f 2587 1786 2588
f 2588 1786 2589
f 2589 1786 1787
f 2589 1787 1788
f 2589 1788 2590
f 2590 1788 2591
f 2591 1788 1789
f 2591 1789 1790
f 2591 1790 2592
f 2592 1790 2593
f 2593 1790 1791
f 2593 1791 1792
f 2593 1792 2594
f 2594 1792 2595
f 2595 1792 1793
f 2595 1793 2596
f 2596 1793 2597
f 2597 1793 1794
f 2597 1794 1795
f 2597 1795 2598
f 2598 1795 2599
f 2599 1795 1796
f 2599 1796 2600
f 2600 1796 2601
f 2601 1796 1797
f 2601 1797 1798
f 2601 1798 2602
f 2602 1798 2603
f 2603 1798 1799
f 2603 1799 2604
f 2604 1799 2605
f 2605 1799 1800
f 2605 1800 2606
f 2606 1800 2607
f 2607 1800 1801
f 2607 1801 1802
f 2607 1802 2608
f 2608 1802 2609
f 2609 1802 1803
f 2609 1803 1804
f 2609 1804 2610
f 2610 1804 2611
f 2611 1804 1805
f 2611 1805 1806
f 2611 1806 2612
f 2612 1806 2613
f 2613 1806 1807
f 2613 1807 1808
f 2613 1808 2614
f 2614 1808 2615
f 2615 1808 1809
f 2615 1809 1810
f 2615 1810 2616
f 2616 1810 2617
f 2617 1810 1811
f 2617 1811 1812
f 2617 1812 2618
f 2618 1812 2619
f 2619 1812 1813
f 2619 1813 1814
f 2619 1814 2620
f 2620 1814 2621
f 2621 1814 1815
f 2621 1815 1816
f 2621 1816 2622
f 2622 1816 2623
f 2623 1816 1817
f 2623 1817 1818
f 2623 1818 2624
f 2624 1818 2625
f 2625 1818 1819
f 2625 1819 1820
f 2625 1820 2626
f 2626 1820 2627
f 2627 1820 1821
f 2627 1821 1822
f 2627 1822 2628
f 2628 1822 2629
f 2629 1822 1823
f 2629 1823 1824
f 2629 1824 2630
f 2630 1824 2631
f 2631 1824 1825
f 2631 1825 1826
f 2631 1826 2632
f 2632 1826 2633
f 2633 1826 1827
f 2633 1827 1828
f 2633 1828 2634
f 2634 1828 2635
f 2635 1828 1829
f 2635 1829 1830
f 2635 1830 2636
f 2636 1830 2637
f 2637 1830 1831
f 2637 1831 1832
f 2637 1832 2638
f 2638 1832 2639
f 2639 1832 1833
f 2639 1833 1834
f 2639 1834 2640
f 2640 1834 2641
f 2641 1834 1835
f 2641 1835 1836
f 2641 1836 2642
f 2642 1836 2643
f 2643 1836 1837
f 2643 1837 1838
f 2643 1838 2644
f 2644 1838 2645
f 2645 1838 1839
f 2645 1839 1840
f 2645 1840 2646
f 2646 1840 2647
f 2647 1840 1841
f 2647 1841 1842
f 2647 1842 2648
f 2648 1842 2649
f 2649 1842 1843
f 2649 1843 1844
f 2649 1844 2650
f 2650 1844 2651
f 2651 1844 1845
f 2651 1845 1846
f 2651 1846 2652
f 2652 1846 2653
f 2653 1846 1847
f 2653 1847 1848
f 2653 1848 2654
f 2654 1848 2655
f 2655 1848 1849
f 2655 1849 1850
f 2655 1850 2656
f 2656 1850 2657
f 2657 1850 1851
f 2657 1851 1852
f 2657 1852 2658
f 2658 1852 2659
f 2659 1852 1853
f 2659 1853 1854
f 2659 1854 2660
f 2660 1854 2661
f 2661 1854 1855
f 2661 1855 1856
f 2661 1856 2662
f 2662 1856 2663
f 2663 1856 1857
f 2663 1857 1858
f 2663 1858 2664
f 2664 1858 2665
f 2736 2735 1859
f 2736 1859 1860
f 2736 1860 2737
f 2737 1860 2738
f 2738 1860 1861
f 2738 1861 886
f 2738 886 1876
f 1876 886 885
f 2741 1538 2742
f 2742 1538 1537
f 884 883 2744
f 2744 883 2745
f 2745 883 2746
f 2751 2750 882
f 2752 882 2753
f 2753 882 1874
f 2756 1874 2757
f 2757 1874 2758
f 1541 1891 1901
f 1541 1901 1902
f 1541 1902 1540
f 1540 1902 1542
f 1542 1902 1543
f 1543 1902 1903
f 1543 1903 1539
f 1539 1903 1544
f 1544 1904 1545
f 1545 1904 1905
f 1545 1905 1906
f 1545 1906 1546
f 1546 1906 1547
f 1547 1906 1907
f 1547 1907 1908
f 1547 1908 1548
f 1548 1908 1549
f 1549 1908 1909
f 1549 1909 1910
f 1549 1910 1550
f 1550 1910 1551
f 1551 1910 1911
f 1551 1911 1552
f 1552 1911 1912
f 1552 1912 1553
f 1554 1553 1913
f 1554 1913 1555
f 1555 1913 1914
f 1555 1914 1556
f 1556 1914 1915
f 1556 1915 1557
f 1557 1915 1558
f 1558 1915 1916
f 1558 1916 1917
f 1558 1917 1559
f 1559 1917 1560
f 1560 1917 1918
f 1560 1918 1919
f 1560 1919 1888
f 1888 1919 1561
f 1561 1919 1920
f 1561 1920 1562
f 1562 1920 1921
f 1562 1921 1886
f 1886 1921 1922
f 1886 1922 1885
f 1885 1922 1923
f 1885 1923 1884
f 1884 1923 1883
f 1883 1923 1924
f 1883 1924 1882
f 1882 1924 1925
f 1882 1925 1881
f 1881 1925 1880
f 1880 1925 1926
f 1880 1926 1563
f 1563 1926 1927
f 1563 1927 1564
f 1564 1927 1928
f 1564 1928 1879
f 1879 1928 1929
f 1879 1929 1878
f 1878 1929 1565
f 1565 1929 1930
f 1565 1930 1566
f 1566 1930 1931
f 1566 1931 1567
f 1567 1931 1932
f 1567 1932 1568
f 1568 1932 1933
f 1568 1933 1569
f 1569 1933 1934
f 1569 1934 1570
f 1570 1934 1935
f 1570 1935 1571
f 1571 1935 1936
f 1571 1936 1572
f 1572 1936 1937
f 1572 1937 1573
f 1573 1937 1938
f 1573 1938 1574
f 1574 1938 1939
f 1574 1939 1575
f 1575 1939 1940
f 1575 1940 1576
f 1576 1940 1941
f 1576 1941 1577
f 1577 1941 1942
f 1577 1942 1578
f 1578 1942 1943
f 1578 1943 1944
f 1578 1944 1579
f 1579 1944 1945
f 1579 1945 1580
f 1580 1945 1946
f 1580 1946 1947
f 1580 1947 1581
f 1581 1947 1948
f 1581 1948 1582
f 1582 1948 1949
f 1582 1949 1950
f 1582 1950 1583
f 1583 1950 1951
f 1583 1951 1584
f 1584 1951 1952
f 1584 1952 1953
f 1584 1953 1585
f 1585 1953 1954
f 1585 1954 1586
f 1586 1954 1955
f 1586 1955 1956
f 1586 1956 1587
f 1587 1956 1957
f 1587 1957 1588
f 1588 1957 1958
f 1588 1958 1959
f 1588 1959 1589
f 1589 1959 1960
f 1589 1960 1590
f 1590 1960 1961
f 1590 1961 1962
f 1590 1962 1591
f 1591 1962 1963
f 1591 1963 1592
f 1592 1963 1964
f 1592 1964 1965
f 1592 1965 1593
f 1593 1965 1966
f 1593 1966 1594
f 1594 1966 1967
f 1594 1967 1968
f 1594 1968 1595
f 1595 1968 1969
f 1595 1969 1596
f 1596 1969 1970
f 1596 1970 1971
f 1596 1971 1597
f 1597 1971 1972
f 1597 1972 1598
f 1598 1972 1973
f 1598 1973 1974
f 1598 1974 1599
f 1599 1974 1975
f 1599 1975 1600
f 1600 1975 1976
f 1600 1976 1977
f 1600 1977 1601
f 1601 1977 1978
f 1601 1978 1602
f 1602 1978 1979
f 1602 1979 1980
f 1602 1980 1603
f 1603 1980 1981
f 1603 1981 1604
f 1604 1981 1982
f 1604 1982 1983
f 1604 1983 1605
f 1605 1983 1984
f 1605 1984 1606
f 1606 1984 1985
f 1606 1985 1986
f 1606 1986 1943
f 1943 1986 1987
f 1943 1987 1944
f 1944 1987 1988
f 1944 1988 1945
f 1945 1988 1989
f 1945 1989 1946
f 1946 1989 1990
f 1946 1990 1947
f 1947 1990 1991
f 1947 1991 1948
f 1948 1991 1992
f 1948 1992 1949
f 1949 1992 1993
f 1949 1993 1950
f 1950 1993 1994
f 1950 1994 1951
f 1951 1994 1995
f 1951 1995 1952
f 1952 1995 1996
f 1952 1996 1953
f 1953 1996 1997
f 1953 1997 1954
f 1954 1997 1998
f 1954 1998 1955
f 1955 1998 1999
f 1955 1999 1956
f 1956 1999 2000
f 1956 2000 1957
f 1957 2000 2001
f 1957 2001 1958
f 1958 2001 2002
f 1958 2002 1959
f 1959 2002 2003
f 1959 2003 1960
f 1960 2003 2004
f 1960 2004 1961
f 1961 2004 2005
f 1961 2005 1962
f 1962 2005 2006
f 1962 2006 1963
f 1963 2006 2007
f 1963 2007 1964
f 1964 2007 2008
f 1964 2008 1965
f 1965 2008 2009
f 1965 2009 1966
f 1966 2009 2010
f 1966 2010 1967
f 1967 2010 2011
f 1967 2011 1968
f 1968 2011 2012
f 1968 2012 1969
f 1969 2012 2013
f 1969 2013 1970
f 1970 2013 2014
f 1970 2014 1971
f 1971 2014 2015
f 1971 2015 1972
f 1972 2015 2016
f 1972 2016 1973
f 1973 2016 2017
f 1973 2017 1974
f 1974 2017 2018
f 1974 2018 1975
f 1975 2018 2019
f 1975 2019 1976
f 1976 2019 2020
f 1976 2020 1977
f 1977 2020 2021
f 1977 2021 1978
f 1978 2021 2022
f 1978 2022 1979
f 1979 2022 2023
f 1979 2023 1980
f 1980 2023 2024
f 1980 2024 1981
f 1981 2024 2025
f 1981 2025 1982
f 1982 2025 2026
f 1982 2026 1983
f 1983 2026 2027
f 1983 2027 1984
f 1984 2027 2028
f 1984 2028 1985
f 1985 2028 2029
f 1985 2029 1986
f 1986 2029 2030
f 1986 2030 1987
f 1987 2030 2031
f 1987 2031 1988
f 1988 2031 2032
f 1988 2032 1989
f 1989 2032 2033
f 1989 2033 1990
f 1990 2033 2034
f 1990 2034 1991
f 1991 2034 2035
f 1991 2035 1992
f 1992 2035 2036
f 1992 2036 1993
f 1993 2036 2037
f 1993 2037 1994
f 1994 2037 2038
f 1994 2038 1995
f 1995 2038 2039
f 1995 2039 1996
f 1996 2039 2040
f 1996 2040 1997
f 1997 2040 2041
f 1997 2041 1998
f 1998 2041 2042
f 1998 2042 1999
f 1999 2042 2043
f 1999 2043 2000
f 2000 2043 2044
f 2000 2044 2001
f 2001 2044 2045
f 2001 2045 2002
f 2002 2045 2046
f 2002 2046 2003
f 2003 2046 2047
f 2003 2047 2004
f 2004 2047 2048
f 2004 2048 2005
f 2005 2048 2049
f 2005 2049 2006
f 2006 2049 2050
f 2006 2050 2007
f 2007 2050 2051
f 2007 2051 2008
f 2008 2051 2052
f 2008 2052 2009
f 2009 2052 2053
f 2009 2053 2010
f 2010 2053 2054
f 2010 2054 2011
f 2011 2054 2055
f 2011 2055 2012
f 2012 2055 2056
f 2012 2056 2013
f 2013 2056 2057
f 2013 2057 2014
f 2014 2057 2058
f 2014 2058 2015
f 2015 2058 2059
f 2015 2059 2016
f 2016 2059 2060
f 2016 2060 2017
f 2017 2060 2061
f 2017 2061 2018
f 2018 2061 2062
f 2018 2062 2019
f 2019 2062 2063
f 2019 2063 2020
f 2020 2063 2064
f 2020 2064 2021
f 2021 2064 2065
f 2021 2065 2022
f 2022 2065 2066
f 2022 2066 2023
f 2023 2066 2067
f 2023 2067 2024
f 2024 2067 2068
f 2024 2068 2025
f 2025 2068 2069
f 2025 2069 2026
f 2026 2069 2070
f 2026 2070 2027
f 2027 2070 2071
f 2027 2071 2028
f 2028 2071 2072
f 2028 2072 2029
f 2029 2072 2073
f 2029 2073 2030
f 2030 2073 2074
f 2030 2074 2031
f 2031 2074 2075
f 2031 2075 2032
f 2032 2075 2076
f 2032 2076 2033
f 2033 2076 2077
f 2033 2077 2034
f 2034 2077 2078
f 2034 2078 2079
f 1900 1892 1899
f 1887 1896 1895
f 1889 1894 1893
f 2080 2036 2079
f 2079 2036 2035
f 2079 2035 2034
f 2036 2080 2037
f 2037 2080 2081
f 2037 2081 2038
f 2038 2081 2082
f 2038 2082 2039
f 2039 2082 2083
f 2039 2083 2084
f 2085 2041 2084
f 2084 2041 2040
f 2084 2040 2039
f 2085 2086 2041
f 2041 2086 2042
f 2042 2086 2043
f 2043 2086 2087
f 2043 2087 2044
f 2044 2087 2088
f 2044 2088 2045
f 2045 2088 2089
f 2045 2089 2090
f 2091 2047 2090
f 2090 2047 2046
f 2090 2046 2045
f 2091 2092 2047
f 2047 2092 2048
f 2048 2092 2093
f 2048 2093 2049
f 2049 2093 2094
f 2049 2094 2050
f 2050 2094 2095
f 2050 2095 2051
f 2051 2095 2096
f 2051 2096 2052
f 2052 2096 2097
f 2052 2097 2053
f 2053 2097 2098
f 2053 2098 2054
f 2054 2098 2055
f 2055 2098 2099
f 2055 2099 2056
f 2056 2099 2100
f 2056 2100 2057
f 2057 2100 2101
f 2057 2101 2058
f 2058 2101 2102
f 2058 2102 2059
f 2059 2102 2060
f 2060 2102 2103
f 2060 2103 2061
f 2061 2103 2104
f 2061 2104 2062
f 2062 2104 2105
f 2062 2105 2063
f 2063 2105 2064
f 2064 2105 2106
f 2064 2106 2065
f 2065 2106 2107
f 2065 2107 2066
f 2066 2107 2067
f 2067 2107 2108
f 2067 2108 2068
f 2068 2108 2109
f 2068 2109 2069
f 2069 2109 2070
f 2070 2109 2110
f 2070 2110 2071
f 2071 2110 2111
f 2071 2111 2072
f 2072 2111 2073
f 2073 2111 2112
f 2073 2112 2074
f 2074 2112 2113
f 2074 2113 2075
f 2075 2113 2076
f 2076 2113 2114
f 2076 2114 2077
f 2077 2114 2115
f 2077 2115 2078
f 2078 2115 2116
f 2078 2116 2079
f 2079 2116 2117
f 2079 2117 2080
f 2080 2117 2081
f 2081 2117 2118
f 2081 2118 2082
f 2082 2118 2119
f 2082 2119 2083
f 2083 2119 2120
f 2083 2120 2084
f 2084 2120 2121
f 2084 2121 2085
f 2085 2121 2122
f 2085 2122 2086
f 2086 2122 2123
f 2086 2123 2087
f 2087 2123 2088
f 2088 2123 2124
f 2088 2124 2089
f 2089 2124 2125
f 2089 2125 2090
f 2090 2125 2126
f 2090 2126 2091
f 2091 2126 2127
f 2091 2127 1607
f 1607 2127 2128
f 1607 2128 1608
f 1608 2128 2129
f 1608 2129 1609
f 1609 2129 2130
f 1609 2130 2131
f 1609 2131 1610
f 1610 2131 2132
f 1610 2132 1611
f 1611 2132 2133
f 1611 2133 1612
f 1612 2133 2134
f 1612 2134 2135
f 1612 2135 1613
f 1613 2135 2136
f 1613 2136 1614
f 1614 2136 2137
f 1614 2137 1615
f 1615 2137 2138
f 1615 2138 1616
f 1616 2138 2139
f 1616 2139 1617
f 1617 2139 2140
f 1617 2140 1618
f 1618 2140 2141
f 1618 2141 1619
f 1619 2141 2142
f 1619 2142 1620
f 1620 2142 2143
f 1620 2143 1621
f 1621 2143 2144
f 1621 2144 1622
f 1622 2144 2145
f 1622 2145 1623
f 1623 2145 2146
f 1623 2146 1624
f 1624 2146 2147
f 1624 2147 1625
f 1625 2147 2148
f 1625 2148 1626
f 1626 2148 2149
f 1626 2149 1627
f 1627 2149 2150
f 1627 2150 2151
f 1627 2151 1628
f 1628 2151 2152
f 1628 2152 1629
f 1629 2152 2153
f 1629 2153 1630
f 1630 2153 2154
f 1630 2154 1631
f 1631 2154 2155
f 1631 2155 1632
f 1632 2155 2156
f 1632 2156 1633
f 1633 2156 2157
f 1633 2157 1634
f 1634 2157 2158
f 1634 2158 1635
f 1635 2158 2159
f 1635 2159 1636
f 1636 2159 2160
f 1636 2160 1637
f 1637 2160 2161
f 1637 2161 1638
f 1638 2161 2162
f 1638 2162 1639
f 1639 2162 2163
f 1639 2163 1640
f 1640 2163 2164
f 1640 2164 1641
f 1641 2164 2165
f 1641 2165 1642
f 1642 2165 2166
f 1642 2166 1643
f 1643 2166 2167
f 1643 2167 1644
f 1644 2167 2168
f 1644 2168 1645
f 1645 2168 2169
f 1645 2169 1646
f 1646 2169 2170
f 1646 2170 1647
f 1647 2170 2171
f 1647 2171 1648
f 1648 2171 2172
f 1648 2172 1649
f 1649 2172 2173
f 1649 2173 1650
f 1650 2173 2174
f 1650 2174 1651
f 1651 2174 2175
f 1651 2175 1652
f 1652 2175 2176
f 1652 2176 1653
f 1653 2176 2177
f 1653 2177 1654
f 1654 2177 2178
f 1654 2178 1655
f 1655 2178 2179
f 1655 2179 1656
f 1656 2179 2180
f 1656 2180 1657
f 1657 2180 2181
f 1657 2181 1658
f 1658 2181 2182
f 1658 2182 1659
f 1659 2182 2183
f 1659 2183 1660
f 1660 2183 2184
f 1660 2184 1661
f 1661 2184 2185
f 1661 2185 2186
f 1661 2186 1662
f 1662 2186 2187
f 1662 2187 1663
f 1663 2187 2188
f 1663 2188 2189
f 1663 2189 1664
f 1664 2189 2190
f 1664 2190 1665
f 1665 2190 2191
f 1665 2191 2192
f 1665 2192 1666
f 1666 2192 2193
f 1666 2193 1667
f 1667 2193 2194
f 1667 2194 2195
f 1667 2195 1668
f 1668 2195 2196
f 1668 2196 1669
f 1669 2196 2197
f 1669 2197 2198
f 1669 2198 1670
f 1670 2198 2199
f 1670 2199 1671
f 1671 2199 2200
f 1671 2200 2201
f 1671 2201 1672
f 1672 2201 2202
f 1672 2202 1673
f 1673 2202 2203
f 1673 2203 2204
f 1673 2204 1674
f 1674 2204 2205
f 1674 2205 1675
f 1675 2205 2206
f 1675 2206 2207
f 1675 2207 1676
f 1676 2207 2208
f 1676 2208 1677
f 1677 2208 2209
f 1677 2209 2210
f 1677 2210 1678
f 1678 2210 2211
f 1678 2211 1679
f 1679 2211 2212
f 1679 2212 2213
f 1679 2213 1680
f 1680 2213 2214
f 1680 2214 1681
f 1681 2214 2215
f 1681 2215 2216
f 1681 2216 1682
f 1682 2216 2217
f 1682 2217 1683
f 1683 2217 2218
f 1683 2218 2219
f 1683 2219 1684
f 1684 2219 2220
f 1684 2220 1685
f 1685 2220 2221
f 1685 2221 2222
f 1685 2222 1686
f 1686 2222 2223
f 1686 2223 1687
f 1687 2223 2224
f 1687 2224 2225
f 1687 2225 1688
f 1688 2225 2226
f 1688 2226 1689
f 1689 2226 2227
f 1689 2227 2228
f 1689 2228 2185
f 2185 2228 2229
f 2185 2229 2186
f 2186 2229 2230
f 2186 2230 2187
f 2187 2230 2231
f 2187 2231 2188
f 2188 2231 2232
f 2188 2232 2189
f 2189 2232 2233
f 2189 2233 2190
f 2190 2233 2234
f 2190 2234 2191
f 2191 2234 2235
f 2191 2235 2192
f 2192 2235 2236
f 2192 2236 2193
f 2193 2236 2237
f 2193 2237 2194
f 2194 2237 2238
f 2194 2238 2195
f 2195 2238 2239
f 2195 2239 2196
f 2196 2239 2240
f 2196 2240 2197
f 2197 2240 2241
f 2197 2241 2198
f 2198 2241 2242
f 2198 2242 2199
f 2199 2242 2243
f 2199 2243 2200
f 2200 2243 2244
f 2200 2244 2201
f 2201 2244 2245
f 2201 2245 2202
f 2202 2245 2246
f 2202 2246 2203
f 2203 2246 2247
f 2203 2247 2204
f 2204 2247 2248
f 2204 2248 2205
f 2205 2248 2249
f 2205 2249 2206
f 2206 2249 2250
f 2206 2250 2207
f 2207 2250 2251
f 2207 2251 2208
f 2208 2251 2252
f 2208 2252 2209
f 2209 2252 2253
f 2209 2253 2210
f 2210 2253 2254
f 2210 2254 2211
f 2211 2254 2255
f 2211 2255 2212
f 2212 2255 2256
f 2212 2256 2213
f 2213 2256 2257
f 2213 2257 2214
f 2214 2257 2258
f 2214 2258 2215
f 2215 2258 2259
f 2215 2259 2216
f 2216 2259 2260
f 2216 2260 2217
f 2217 2260 2261
f 2217 2261 2218
f 2218 2261 2262
f 2218 2262 2219
f 2219 2262 2263
f 2219 2263 2220
f 2220 2263 2264
f 2220 2264 2221
f 2221 2264 2265
f 2221 2265 2222
f 2222 2265 2266
f 2222 2266 2223
f 2223 2266 2267
f 2223 2267 2224
f 2224 2267 2268
f 2224 2268 2225
f 2225 2268 2269
f 2225 2269 2226
f 2226 2269 2270
f 2226 2270 2227
f 2227 2270 2271
f 2227 2271 2228
f 2228 2271 2272
f 2228 2272 2229
f 2229 2272 2273
f 2229 2273 2230
f 2230 2273 2274
f 2230 2274 2231
f 2231 2274 2275
f 2231 2275 2232
f 2232 2275 2276
f 2232 2276 2233
f 2233 2276 2277
f 2233 2277 2234
f 2234 2277 2278
f 2234 2278 2235
f 2235 2278 2279
f 2235 2279 2236
f 2236 2279 2280
f 2236 2280 2237
f 2237 2280 2281
f 2237 2281 2238
f 2238 2281 2282
f 2238 2282 2239
f 2239 2282 2283
f 2239 2283 2240
f 2240 2283 2284
f 2240 2284 2241
f 2241 2284 2285
f 2241 2285 2242
f 2242 2285 2286
f 2242 2286 2243
f 2243 2286 2287
f 2243 2287 2244
f 2244 2287 2288
f 2244 2288 2245
f 2245 2288 2289
f 2245 2289 2246
f 2246 2289 2290
f 2246 2290 2247
f 2247 2290 2291
f 2247 2291 2248
f 2248 2291 2292
f 2248 2292 2249
f 2249 2292 2293
f 2249 2293 2250
f 2250 2293 2294
f 2250 2294 2251
f 2251 2294 2295
f 2251 2295 2252
f 2252 2295 2296
f 2252 2296 2253
f 2253 2296 2297
f 2253 2297 2254
f 2254 2297 2298
f 2254 2298 2255
f 2255 2298 2299
f 2255 2299 2256
f 2256 2299 2300
f 2256 2300 2257
f 2257 2300 2301
f 2257 2301 2258
f 2258 2301 2302
f 2258 2302 2259
f 2259 2302 2303
f 2259 2303 2260
f 2260 2303 2304
f 2260 2304 2261
f 2261 2304 2305
f 2261 2305 2262
f 2262 2305 2306
f 2262 2306 2263
f 2263 2306 2307
f 2263 2307 2264
f 2264 2307 2308
f 2264 2308 2265
f 2265 2308 2309
f 2265 2309 2266
f 2266 2309 2310
f 2266 2310 2267
f 2267 2310 2311
f 2267 2311 2268
f 2268 2311 2312
f 2268 2312 2269
f 2269 2312 2313
f 2269 2313 2270
f 2270 2313 2314
f 2270 2314 2271
f 2271 2314 2315
f 2271 2315 2272
f 2272 2315 2316
f 2272 2316 2273
f 2273 2316 2317
f 2273 2317 2274
f 2274 2317 2318
f 2274 2318 2275
f 2275 2318 2319
f 2275 2319 2320
f 2321 2277 2320
f 2320 2277 2276
f 2320 2276 2275
f 2277 2321 2278
f 2278 2321 2322
f 2278 2322 2279
f 2279 2322 2323
f 2279 2323 2280
f 2280 2323 2324
f 2280 2324 2325
f 2326 2282 2325
f 2325 2282 2281
f 2325 2281 2280
f 2326 2327 2282
f 2282 2327 2283
f 2283 2327 2284
f 2284 2327 2328
f 2284 2328 2285
f 2285 2328 2329
f 2285 2329 2286
f 2286 2329 2330
f 2286 2330 2331
f 2286 2331 2287
f 2287 2331 2288
f 2288 2331 2289
f 2289 2331 2332
f 2289 2332 2290
f 2290 2332 2333
f 2290 2333 2291
f 2291 2333 2334
f 2291 2334 2292
f 2292 2334 2293
f 2293 2334 2335
f 2293 2335 2294
f 2294 2335 2336
f 2294 2336 2295
f 2295 2336 2337
f 2295 2337 2296
f 2296 2337 2338
f 2296 2338 2297
f 2297 2338 2339
f 2297 2339 2298
f 2298 2339 2340
f 2298 2340 2299
f 2299 2340 2300
f 2300 2340 2341
f 2300 2341 2301
f 2301 2341 2342
f 2301 2342 2302
f 2302 2342 2343
f 2302 2343 2303
f 2303 2343 2344
f 2303 2344 2304
f 2304 2344 2305
f 2305 2344 2345
f 2305 2345 2306
f 2306 2345 2346
f 2306 2346 2307
f 2307 2346 2308
f 2308 2346 2347
f 2308 2347 2309
f 2309 2347 2348
f 2309 2348 2310
f 2310 2348 2311
f 2311 2348 2349
f 2311 2349 2312
f 2312 2349 2350
f 2312 2350 2313
f 2313 2350 2314
f 2314 2350 2351
f 2314 2351 2315
f 2315 2351 2352
f 2315 2352 2316
f 2316 2352 2317
f 2317 2352 2353
f 2317 2353 2318
f 2318 2353 2354
f 2318 2354 2319
f 2319 2354 2355
f 2319 2355 2320
f 2320 2355 2356
f 2320 2356 2321
f 2321 2356 2322
f 2322 2356 2357
f 2322 2357 2323
f 2323 2357 2358
f 2323 2358 2324
f 2324 2358 2359
f 2324 2359 2325
f 2325 2359 2360
f 2325 2360 2326
f 2326 2360 2361
f 2326 2361 2327
f 2327 2361 2362
f 2327 2362 2328
f 2328 2362 2329
f 2329 2362 2363
f 2329 2363 2330
f 2330 2363 2364
f 2330 2364 1690
f 1690 2364 1691
f 1691 2364 2365
f 1691 2365 2366
f 1691 2366 1692
f 1692 2366 2367
f 1692 2367 1693
f 1693 2367 2368
f 1693 2368 1694
f 1694 2368 2369
f 1694 2369 2370
f 1694 2370 1695
f 1695 2370 2371
f 1695 2371 1696
f 1696 2371 2372
f 1696 2372 1697
f 1697 2372 2373
f 1697 2373 1698
f 1698 2373 2374
f 1698 2374 1699
f 1699 2374 2375
f 1699 2375 1700
f 1700 2375 2376
f 1700 2376 1701
f 1701 2376 2377
f 1701 2377 1702
f 1702 2377 2378
f 1702 2378 1703
f 1703 2378 2379
f 1703 2379 1704
f 1704 2379 2380
f 1704 2380 1705
f 1705 2380 2381
f 1705 2381 1706
f 1706 2381 2382
f 1706 2382 1707
f 1707 2382 2383
f 1707 2383 1708
f 1708 2383 2384
f 1708 2384 1709
f 1709 2384 2385
f 1709 2385 2386
f 1709 2386 1710
f 1710 2386 1711
f 1711 2386 2387
f 1711 2387 2388
f 1711 2388 1712
f 1712 2388 2389
f 1712 2389 1713
f 1713 2389 2390
f 1713 2390 1714
f 1714 2390 2391
f 1714 2391 1715
f 1715 2391 2392
f 1715 2392 1716
f 1716 2392 2393
f 1716 2393 1717
f 1717 2393 2394
f 1717 2394 1718
f 1718 2394 2395
f 1718 2395 1719
f 1719 2395 2396
f 1719 2396 1720
f 1720 2396 2397
f 1720 2397 1721
f 1721 2397 2398
f 1721 2398 1722
f 1722 2398 2399
f 1722 2399 1723
f 1723 2399 2400
f 1723 2400 1724
f 1724 2400 2401
f 1724 2401 1725
f 1725 2401 2402
f 1725 2402 1726
f 1726 2402 2403
f 1726 2403 1727
f 1727 2403 2404
f 1727 2404 1728
f 1728 2404 2405
f 1728 2405 1729
f 1729 2405 2406
f 1729 2406 1730
f 1730 2406 2407
f 1730 2407 1731
f 1731 2407 2408
f 1731 2408 1732
f 1732 2408 2409
f 1732 2409 1733
f 1733 2409 2410
f 1733 2410 1734
f 1734 2410 2411
f 1734 2411 1735
f 1735 2411 2412
f 1735 2412 1736
f 1736 2412 2413
f 1736 2413 1737
f 1737 2413 2414
f 1737 2414 1738
f 1738 2414 2415
f 1738 2415 1739
f 1739 2415 2416
f 1739 2416 1740
f 1740 2416 2417
f 1740 2417 1741
f 1741 2417 2418
f 1741 2418 1742
f 1742 2418 2419
f 1742 2419 1743
f 1743 2419 2420
f 1743 2420 1744
f 1744 2420 2421
f 1744 2421 1745
f 1745 2421 2422
f 1745 2422 1746
f 1746 2422 2423
f 1746 2423 1747
f 1747 2423 2424
f 1747 2424 2425
f 1747 2425 1748
f 1748 2425 2426
f 1748 2426 1749
f 1749 2426 2427
f 1749 2427 2428
f 1749 2428 1750
f 1750 2428 2429
f 1750 2429 1751
f 1751 2429 2430
f 1751 2430 2431
f 1751 2431 1752
f 1752 2431 2432
f 1752 2432 1753
f 1753 2432 2433
f 1753 2433 2434
f 1753 2434 1754
f 1754 2434 2435
f 1754 2435 1755
f 1755 2435 2436
f 1755 2436 2437
f 1755 2437 1756
f 1756 2437 2438
f 1756 2438 1757
f 1757 2438 2439
f 1757 2439 2440
f 1757 2440 1758
f 1758 2440 2441
f 1758 2441 1759
f 1759 2441 2442
f 1759 2442 2443
f 1759 2443 1760
f 1760 2443 2444
f 1760 2444 1761
f 1761 2444 2445
f 1761 2445 2446
f 1761 2446 1762
f 1762 2446 2447
f 1762 2447 1763
f 1763 2447 2448
f 1763 2448 2449
f 1763 2449 1764
f 1764 2449 2450
f 1764 2450 1765
f 1765 2450 2451
f 1765 2451 2452
f 1765 2452 1766
f 1766 2452 2453
f 1766 2453 1767
f 1767 2453 2454
f 1767 2454 2455
f 1767 2455 1768
f 1768 2455 2456
f 1768 2456 1769
f 1769 2456 2457
f 1769 2457 2458
f 1769 2458 1770
f 1770 2458 2459
f 1770 2459 1771
f 1771 2459 2460
f 1771 2460 2461
f 1771 2461 1772
f 1772 2461 2462
f 1772 2462 1773
f 1773 2462 2463
f 1773 2463 2464
f 1773 2464 1774
f 1774 2464 2465
f 1774 2465 1775
f 1775 2465 2466
f 1775 2466 2467
f 1775 2467 2424
f 2424 2467 2468
f 2424 2468 2425
f 2425 2468 2469
f 2425 2469 2426
f 2426 2469 2470
f 2426 2470 2427
f 2427 2470 2471
f 2427 2471 2428
f 2428 2471 2472
f 2428 2472 2429
f 2429 2472 2473
f 2429 2473 2430
f 2430 2473 2474
f 2430 2474 2431
f 2431 2474 2475
f 2431 2475 2432
f 2432 2475 2476
f 2432 2476 2433
f 2433 2476 2477
f 2433 2477 2434
f 2434 2477 2478
f 2434 2478 2435
f 2435 2478 2479
f 2435 2479 2436
f 2436 2479 2480
f 2436 2480 2437
f 2437 2480 2481
f 2437 2481 2438
f 2438 2481 2482
f 2438 2482 2439
f 2439 2482 2483
f 2439 2483 2440
f 2440 2483 2484
f 2440 2484 2441
f 2441 2484 2485
f 2441 2485 2442
f 2442 2485 2486
f 2442 2486 2443
f 2443 2486 2487
f 2443 2487 2444
f 2444 2487 2488
f 2444 2488 2445
f 2445 2488 2489
f 2445 2489 2446
f 2446 2489 2490
f 2446 2490 2447
f 2447 2490 2491
f 2447 2491 2448
f 2448 2491 2492
f 2448 2492 2449
f 2449 2492 2493
f 2449 2493 2450
f 2450 2493 2494
f 2450 2494 2451
f 2451 2494 2495
f 2451 2495 2452
f 2452 2495 2496
f 2452 2496 2453
f 2453 2496 2497
f 2453 2497 2454
f 2454 2497 2498
f 2454 2498 2455
f 2455 2498 2499
f 2455 2499 2456
f 2456 2499 2500
f 2456 2500 2457
f 2457 2500 2501
f 2457 2501 2458
f 2458 2501 2502
f 2458 2502 2459
f 2459 2502 2503
f 2459 2503 2460
f 2460 2503 2504
f 2460 2504 2461
f 2461 2504 2505
f 2461 2505 2462
f 2462 2505 2506
f 2462 2506 2463
f 2463 2506 2507
f 2463 2507 2464
f 2464 2507 2508
f 2464 2508 2465
f 2465 2508 2509
f 2465 2509 2466
f 2466 2509 2510
f 2466 2510 2467
f 2467 2510 2511
f 2467 2511 2468
f 2468 2511 2512
f 2468 2512 2469
f 2469 2512 2513
f 2469 2513 2470
f 2470 2513 2514
f 2470 2514 2471
f 2471 2514 2515
f 2471 2515 2472
f 2472 2515 2516
f 2472 2516 2473
f 2473 2516 2517
f 2473 2517 2474
f 2474 2517 2518
f 2474 2518 2475
f 2475 2518 2519
f 2475 2519 2476
f 2476 2519 2520
f 2476 2520 2477
f 2477 2520 2521
f 2477 2521 2478
f 2478 2521 2522
f 2478 2522 2479
f 2479 2522 2523
f 2479 2523 2480
f 2480 2523 2524
f 2480 2524 2481
f 2481 2524 2525
f 2481 2525 2482
f 2482 2525 2526
f 2482 2526 2483
f 2483 2526 2527
f 2483 2527 2484
f 2484 2527 2528
f 2484 2528 2485
f 2485 2528 2529
f 2485 2529 2486
f 2486 2529 2530
f 2486 2530 2487
f 2487 2530 2531
f 2487 2531 2488
f 2488 2531 2532
f 2488 2532 2489
f 2489 2532 2533
f 2489 2533 2490
f 2490 2533 2534
f 2490 2534 2491
f 2491 2534 2535
f 2491 2535 2492
f 2492 2535 2536
f 2492 2536 2493
f 2493 2536 2537
f 2493 2537 2494
f 2494 2537 2538
f 2494 2538 2495
f 2495 2538 2539
f 2495 2539 2496
f 2496 2539 2540
f 2496 2540 2497
f 2497 2540 2541
f 2497 2541 2498
f 2498 2541 2542
f 2498 2542 2499
f 2499 2542 2543
f 2499 2543 2500
f 2500 2543 2544
f 2500 2544 2501
f 2501 2544 2545
f 2501 2545 2502
f 2502 2545 2546
f 2502 2546 2503
f 2503 2546 2547
f 2503 2547 2504
f 2504 2547 2548
f 2504 2548 2505
f 2505 2548 2549
f 2505 2549 2506
f 2506 2549 2550
f 2506 2550 2507
f 2507 2550 2551
f 2507 2551 2508
f 2508 2551 2552
f 2508 2552 2509
f 2509 2552 2553
f 2509 2553 2510
f 2510 2553 2554
f 2510 2554 2511
f 2511 2554 2555
f 2511 2555 2512
f 2512 2555 2556
f 2512 2556 2513
f 2513 2556 2557
f 2513 2557 2514
f 2514 2557 2558
f 2514 2558 2559
f 2560 2516 2559
f 2559 2516 2515
f 2559 2515 2514
f 2516 2560 2517
f 2517 2560 2561
f 2517 2561 2518
f 2518 2561 2562
f 2518 2562 2519
f 2519 2562 2563
f 2519 2563 2520
f 2520 2563 2564
f 2520 2564 2565
f 2566 2522 2565
f 2565 2522 2521
f 2565 2521 2520
f 2522 2566 2523
f 2523 2566 2567
f 2523 2567 2524
f 2524 2567 2568
f 2524 2568 2525
f 2525 2568 2569
f 2525 2569 2570
f 2571 2527 2570
f 2570 2527 2526
f 2570 2526 2525
f 2571 2572 2527
f 2527 2572 2528
f 2528 2572 2529
f 2529 2572 2573
f 2529 2573 2574
f 2529 2574 2530
f 2530 2574 2575
f 2530 2575 2531
f 2531 2575 2576
f 2531 2576 2532
f 2532 2576 2577
f 2532 2577 2533
f 2533 2577 2578
f 2533 2578 2534
f 2534 2578 2579
f 2534 2579 2535
f 2535 2579 2580
f 2535 2580 2536
f 2536 2580 2581
f 2536 2581 2537
f 2537 2581 2538
f 2538 2581 2582
f 2538 2582 2539
f 2539 2582 2540
f 2540 2582 2583
f 2540 2583 2541
f 2541 2583 2542
f 2542 2583 2584
f 2542 2584 2543
f 2543 2584 2585
f 2543 2585 2544
f 2544 2585 2545
f 2545 2585 2586
f 2545 2586 2546
f 2546 2586 2587
f 2546 2587 2547
f 2547 2587 2548
f 2548 2587 2588
f 2548 2588 2549
f 2549 2588 2589
f 2549 2589 2550
f 2550 2589 2551
f 2551 2589 2590
f 2551 2590 2552
f 2552 2590 2591
f 2552 2591 2553
f 2553 2591 2554
f 2554 2591 2592
f 2554 2592 2555
f 2555 2592 2593
f 2555 2593 2556
f 2556 2593 2557
f 2557 2593 2594
f 2557 2594 2558
f 2558 2594 2595
f 2558 2595 2559
f 2559 2595 2596
f 2559 2596 2560
f 2560 2596 2597
f 2560 2597 2561
f 2561 2597 2562
f 2562 2597 2598
f 2562 2598 2563
f 2563 2598 2599
f 2563 2599 2564
f 2564 2599 2600
f 2564 2600 2565
f 2565 2600 2601
f 2565 2601 2566
f 2566 2601 2567
f 2567 2601 2602
f 2567 2602 2568
f 2568 2602 2603
f 2568 2603 2569
f 2569 2603 2604
f 2569 2604 2570
f 2570 2604 2605
f 2570 2605 2571
f 2571 2605 2606
f 2571 2606 2572
f 2572 2606 2607
f 2572 2607 2573
f 2573 2607 1776
f 1776 2607 2608
f 1776 2608 2609
f 1776 2609 1777
f 1777 2609 2610
f 1777 2610 1778
f 1778 2610 2611
f 1778 2611 1779
f 1779 2611 2612
f 1779 2612 1780
f 1780 2612 2613
f 1780 2613 1781
f 1781 2613 2614
f 1781 2614 2615
f 1781 2615 1782
f 1782 2615 2616
f 1782 2616 1783
f 1783 2616 2617
f 1783 2617 1784
f 1784 2617 2618
f 1784 2618 1785
f 1785 2618 2619
f 1785 2619 1786
f 1786 2619 2620
f 1786 2620 1787
f 1787 2620 2621
f 1787 2621 1788
f 1788 2621 2622
f 1788 2622 1789
f 1789 2622 2623
f 1789 2623 1790
f 1790 2623 2624
f 1790 2624 1791
f 1791 2624 2625
f 1791 2625 1792
f 1792 2625 2626
f 1792 2626 1793
f 1793 2626 2627
f 1793 2627 1794
f 1794 2627 2628
f 1794 2628 1795
f 1795 2628 2629
f 1795 2629 1796
f 1796 2629 2630
f 1796 2630 2631
f 1796 2631 1797
f 1797 2631 1798
f 1798 2631 2632
f 1798 2632 2633
f 1798 2633 1799
f 1799 2633 2634
f 1799 2634 1800
f 1800 2634 2635
f 1800 2635 1801
f 1801 2635 2636
f 1801 2636 1802
f 1802 2636 2637
f 1802 2637 1803
f 1803 2637 2638
f 1803 2638 1804
f 1804 2638 2639
f 1804 2639 1805
f 1805 2639 2640
f 1805 2640 1806
f 1806 2640 2641
f 1806 2641 1807
f 1807 2641 2642
f 1807 2642 1808
f 1808 2642 2643
f 1808 2643 1809
f 1809 2643 2644
f 1809 2644 1810
f 1810 2644 2645
f 1810 2645 1811
f 1811 2645 2646
f 1811 2646 1812
f 1812 2646 2647
f 1812 2647 1813
f 1813 2647 2648
f 1813 2648 1814
f 1814 2648 2649
f 1814 2649 1815
f 1815 2649 2650
f 1815 2650 1816
f 1816 2650 2651
f 1816 2651 1817
f 1817 2651 2652
f 1817 2652 1818
f 1818 2652 2653
f 1818 2653 1819
f 1819 2653 2654
f 1819 2654 1820
f 1820 2654 2655
f 1820 2655 1821
f 1821 2655 2656
f 1821 2656 1822
f 1822 2656 2657
f 1822 2657 1823
f 1823 2657 2658
f 1823 2658 1824
f 1824 2658 2659
f 1824 2659 1825
f 1825 2659 2660
f 1825 2660 1826
f 1826 2660 2661
f 1826 2661 1827
f 1827 2661 2662
f 1827 2662 1828
f 1828 2662 2663
f 1828 2663 1829
f 1829 2663 2664
f 1829 2664 1830
f 1830 2664 2665
f 1830 2665 2666
f 1830 2666 1831
f 1831 2666 2667
f 1831 2667 1832
f 1832 2667 2668
f 1832 2668 2669
f 1832 2669 1833
f 1833 2669 2670
f 1833 2670 1834
f 1834 2670 2671
f 1834 2671 2672
f 1834 2672 1835
f 1835 2672 2673
f 1835 2673 1836
f 1836 2673 2674
f 1836 2674 2675
f 1836 2675 1837
f 1837 2675 2676
f 1837 2676 1838
f 1838 2676 2677
f 1838 2677 2678
f 1838 2678 1839
f 1839 2678 2679
f 1839 2679 1840
f 1840 2679 2680
f 1840 2680 2681
f 1840 2681 1841
f 1841 2681 2682
f 1841 2682 1842
f 1842 2682 2683
f 1842 2683 2684
f 1842 2684 1843
f 1843 2684 2685
f 1843 2685 1844
f 1844 2685 2686
f 1844 2686 2687
f 1844 2687 1845
f 1845 2687 2688
f 1845 2688 1846
f 1846 2688 2689
f 1846 2689 2690
f 1846 2690 1847
f 1847 2690 2691
f 1847 2691 1848
f 1848 2691 2692
f 1848 2692 2693
f 1848 2693 1849
f 1849 2693 2694
f 1849 2694 1850
f 1850 2694 2695
f 1850 2695 2696
f 1850 2696 1851
f 1851 2696 2697
f 1851 2697 1852
f 1852 2697 2698
f 1852 2698 2699
f 1852 2699 1853
f 1853 2699 2700
f 1853 2700 1854
f 1854 2700 2701
f 1854 2701 2702
f 1854 2702 1855
f 1855 2702 2703
f 1855 2703 1856
f 1856 2703 2704
f 1856 2704 2705
f 1856 2705 1857
f 1857 2705 2706
f 1857 2706 1858
f 1858 2706 2707
f 1858 2707 2708
f 1858 2708 2665
f 2665 2708 2709
f 2665 2709 2666
f 2666 2709 2710
f 2666 2710 2667
f 2667 2710 2711
f 2667 2711 2668
f 2668 2711 2712
f 2668 2712 2669
f 2669 2712 2713
f 2669 2713 2670
f 2670 2713 2714
f 2670 2714 2671
f 2671 2714 2715
f 2671 2715 2672
f 2672 2715 2716
f 2672 2716 2673
f 2673 2716 2717
f 2673 2717 2674
f 2674 2717 2718
f 2674 2718 2675
f 2675 2718 2719
f 2675 2719 2676
f 2676 2719 2720
f 2676 2720 2677
f 2677 2720 2721
f 2677 2721 2678
f 2678 2721 2722
f 2678 2722 2679
f 2679 2722 2723
f 2679 2723 2680
f 2680 2723 2724
f 2680 2724 2681
f 2681 2724 2725
f 2681 2725 2682
f 2682 2725 2726
f 2682 2726 2683
f 2683 2726 2727
f 2683 2727 2684
f 2684 2727 2728
f 2684 2728 2685
f 2685 2728 2729
f 2685 2729 2686
f 2686 2729 2730
f 2686 2730 2687
f 2687 2730 2731
f 2687 2731 2688
f 2688 2731 2732
f 2688 2732 2689
f 2689 2732 2733
f 2689 2733 2690
f 2690 2733 2734
f 2690 2734 2691
f 2691 2734 2735
f 2691 2735 2692
f 2692 2735 2736
f 2692 2736 2693
f 2693 2736 2694
f 2694 2736 2737
f 2694 2737 2695
f 2695 2737 2738
f 2695 2738 2696
f 2696 2738 2697
f 2697 2738 2739
f 2697 2739 2698
f 2698 2739 2740
f 2698 2740 2699
f 2699 2740 2741
f 2699 2741 2700
f 2700 2741 2742
f 2700 2742 2701
f 2701 2742 2702
f 2702 2742 2743
f 2702 2743 2703
f 2703 2743 2744
f 2703 2744 2704
f 2704 2744 2745
f 2704 2745 2705
f 2705 2745 2746
f 2705 2746 2706
f 2706 2746 2707
f 2707 2746 2748
f 2707 2748 2708
f 2708 2748 2747
f 2708 2747 2709
f 2709 2747 2710
f 2710 2747 2748
f 2710 2748 2711
f 2711 2748 2749
f 2711 2749 2712
f 2712 2749 2750
f 2712 2750 2713
f 2713 2750 2751
f 2713 2751 2714
f 2714 2751 882
f 2714 882 2715
f 2715 882 2752
f 2715 2752 2716
f 2716 2752 2753
f 2716 2753 2717
f 2717 2753 2754
f 2717 2754 2718
f 2718 2754 2755
f 2718 2755 2719
f 2719 2755 2756
f 2719 2756 2720
f 2720 2756 2757
f 2720 2757 2721
f 2721 2757 2758
f 2721 2758 2722
f 2722 2758 2723
f 2723 2758 2759
f 2723 2759 2724
f 2724 2759 2760
f 2724 2760 2761
f 2724 2761 2725
f 2725 2761 890
f 2725 890 2726
f 2726 890 2727
f 2727 890 889
f 2727 889 2728
f 2728 889 2729
f 2729 889 2730
f 2730 889 888
f 2730 888 2731
f 2731 888 2732
f 2732 888 2733
f 2733 888 2734
f 2734 888 887
f 2734 887 2735
f 2735 887 1859
f 1859 887 1860
f 1860 887 1861
f 1861 849 886
f 1894 1889 1895
f 1895 1888 1887
f 1896 1887 1897
f 1897 1886 1885
f 1897 1885 1898
f 1898 1885 1884
f 1898 1884 1899
f 1899 1884 1883
f 1899 1883 1900
f 1900 1883 1882
f 1900 1882 1881
f 1900 1881 1880
f 1900 1880 1891
f 1891 1880 1901
f 1902 1879 1878
f 1902 1878 1903
f 1903 1877 1544
f 1544 1877 1904
f 2738 1876 2739
f 2739 1876 885
f 2739 885 2740
f 2740 885 1538
f 2740 1538 2741
f 2742 1537 2743
f 2743 1537 884
f 2743 884 2744
f 2748 1875 2749
f 2749 1875 2750
f 2754 2753 1874
f 2754 1874 2755
f 2755 1874 2756
f 2760 2759 2761
f 2761 2759 890
f 1541 1867 1891
f 1891 1867 1900
f 1900 1867 1892
f 1892 1867 1866
f 1892 1866 1899
f 1899 1866 1898
f 1898 1866 1897
f 1897 1866 1896
f 1896 1866 1865
f 1896 1865 1895
f 1895 1865 1894
f 1894 1865 1893
f 1893 1865 2762
f 2762 1865 1864
f 2762 1864 1890
f 1890 1864 1869
f 1869 1864 1870
f 1870 1864 1863
f 1870 1863 1871
f 1871 1863 1548
f 1548 1863 1862
f 1548 1862 1872
f 1872 1862 1873
f 1873 1862 1545
f 2764 2763 2768
f 2768 2763 2767
f 2767 2763 2766
f 2770 2764 2768
f 2770 2768 2769
f 2769 2768 2767
f 2769 2767 2766
f 2769 2766 2771
f 2771 2766 2765
f 2772 2770 2769
f 2776 2769 2771
f 2770 2772 2777
f 2777 2772 2769
f 2777 2769 2776
f 2777 2776 1497
f 2777 1497 1502
f 1502 1497 1503
f 2776 2771 2775
f 2779 2780 2778
f 2778 2780 943
f 943 2780 944
f 944 2780 1501
f 944 1501 945
f 945 1501 936
f 936 1501 941
f 941 1501 940
f 934 926 935
f 926 2781 925
f 925 2781 2782
f 2783 2782 2785
f 2785 2782 2784
f 2784 2782 2781
f 2786 2783 2788
f 2788 2783 2785
f 2788 2785 2787
f 2787 2785 2784
f 2787 2784 1498
f 1498 2784 2781
f 2786 2788 2774
f 2774 2788 2787
f 2774 2787 1498
f 2774 1498 2775
f 2775 1498 2776
f 2776 1498 1497
f 2789 2773 2791
f 2791 2773 2790
f 2790 2773 1500
f 1500 2773 2770
f 1500 2770 2777
f 2792 2789 2794
f 2794 2789 2791
f 2794 2791 2793
f 2793 2791 2790
f 2793 2790 1499
f 1499 2790 1500
f 2792 2794 2779
f 2779 2794 2793
f 2779 2793 1499
f 2779 1499 2780
f 2780 1499 1501
f 2799 2795 2796
f 2796 2801 946
f 946 2801 951
f 943 2798 2778
f 2796 2797 2801
f 2801 2797 951
f 951 2797 2800
f 2800 2797 2798
f 943 944 2798
f 2798 944 2800
f 944 951 2800
f 2796 946 947
f 2796 947 2799
f 1141 954 2802
f 1141 2802 1138
f 1138 2802 1137
f 1137 2802 1136
f 1136 2802 1135
f 1135 2802 1134
f 1134 2802 2795
f 1134 2795 1131
f 1131 2795 1220
f 1220 2795 2799
f 1220 2799 1215
f 1215 2799 947
f 1235 958 1141
f 1141 958 954
f 2803 2804 2806
f 2806 2804 2805
f 2804 2807 2805
f 2805 2807 2808
f 2807 2809 2808
f 2808 2809 2810
f 2809 2811 2810
f 2810 2811 2812
f 2811 2813 2812
f 2812 2813 2814
f 2813 2803 2814
f 2814 2803 2806
f 2803 2813 2804
f 2804 2813 2811
f 2804 2811 2807
f 2807 2811 2809
f 2805 1515 2806
f 2806 1515 1532
f 2806 1532 987
f 987 1532 986
f 987 986 984
f 984 986 985
f 985 986 973
f 2808 1505 2805
f 2805 1505 1504
f 2805 1504 1460
f 2810 2802 2808
f 2812 2789 2810
f 2810 2789 2792
f 2810 2792 2795
f 2795 2792 2778
f 2795 2778 2796
f 2796 2778 2797
f 2797 2778 2798
f 2814 2786 2812
f 2812 2786 2774
f 2812 2774 2775
f 2806 1536 2814
f 922 925 923
f 923 925 2783
f 923 2783 2814
f 923 2814 1536
f 925 2782 2783
f 2783 2786 2814
f 2775 2771 2812
f 2812 2771 2770
f 2771 2765 2766
f 2771 2766 2770
f 2770 2766 2763
f 2763 2764 2770
f 2770 2773 2812
f 2812 2773 2789
f 2792 2779 2778
f 2810 2795 2802
f 2808 2802 1521
f 2808 1521 1505
f 2802 954 1521
f 1521 954 955
f 1521 955 1522
f 955 954 956
f 2805 1460 1461
f 1467 82 1460
f 1460 82 81
f 1460 81 1461
f 1461 81 1466
f 1466 1464 1461
f 1461 1516 2805
f 2805 1516 1515
f 1532 1531 986
f 2806 987 1536
