v -0.0387666 0.00915117 0.0239212
v -0.0389957 -0.0069889 0.019434
v -0.0385205 -0.00970712 0.0228181
v -0.0387666 -0.00850918 0.0242881
v -0.0387666 -0.00734124 0.0248898
v -0.0387666 -0.00711407 0.0249804
v -0.0387666 -0.00706488 0.0249919
v -0.0387666 -0.00697485 0.0250001
v -0.0387666 0.00698939 0.0250001
v -0.0387666 0.00705969 0.0249952
v -0.0387666 0.00710929 0.0249855
v -0.0387666 0.00719475 0.024956
v -0.0387666 0.00786125 0.0246387
v -0.0387666 0.00851378 0.0242936
v -0.0388601 0.00859651 0.0179634
v -0.0381427 0.0102317 0.0232026
v -0.0380973 0.0103104 0.0231322
v -0.0380614 0.0103726 0.0230468
v -0.0353791 0.0150185 0.015
v -0.022025 0.0381484 0.015
v -0.022025 0.0381484 0
v -0.04405 0 0
v -0.0177666 0.00849264 0.0174853
v -0.0177666 0.00600734 0.0193924
v -0.0424688 -0.00456468 0.0155138
v -0.0202666 0.0102317 0.0232026
v -0.0202666 0.0103332 0.0231052
v -0.0202666 0.0103726 0.0230468
v -0.0292046 0.0103104 0.0231322
v -0.0269701 0.0103104 0.0231322
v -0.0202704 0.0102976 0.0231458
v -0.0202666 0.00719475 0.024956
v -0.0202666 0.00824545 0.0244398
v -0.0202666 0.00925929 0.0238544
v -0.022025 -0.0381484 0
v -0.022025 -0.0381484 0.015
v -0.0353875 -0.0150039 0.015
v -0.0380698 -0.0103581 0.0230468
v -0.0381056 -0.0102959 0.0231322
v -0.0381511 -0.0102172 0.0232026
v -0.0201368 -0.00728597 0.0249476
v -0.0202666 -0.00718021 0.024956
v -0.0202666 -0.0103581 0.0230468
v -0.0202666 -0.0102713 0.0231575
v -0.0292088 -0.0102959 0.0231322
v -0.0269733 -0.0102959 0.0231322
v -0.0202704 -0.0103082 0.023118
v -0.0202666 0.0150185 0.015
v -0.0202666 -0.0150039 0.015
v -0.0202666 0.00698939 0.0250001
v -0.0202666 0.0071286 0.0249804
v -0.0325999 0.00709441 0.024989
v -0.0305443 0.00709441 0.024989
v -0.0284888 0.00709441 0.024989
v -0.0264332 0.00709441 0.024989
v -0.0202666 -0.00697485 0.0250001
v 0.0403184 -0.00547888 0.0209819
v 0.0402553 0.00652055 0.0202258
v 0.0402334 0.00205433 0.0262935
v 0.0402334 0.00192559 0.026356
v 0.0402334 0.00178924 0.0263995
v 0.0402334 0.00164809 0.026423
v 0.0402334 0.000104085 0.0265077
v 0.0402334 -0.00163355 0.026423
v 0.0402334 -0.00177471 0.0263995
v 0.0402334 -0.00191105 0.026356
v 0.0402334 -0.00203979 0.0262935
v 0.0359652 -0.0140032 0.0193864
v 0.0358926 -0.014129 0.0193004
v 0.0357935 -0.0143006 0.0191273
v 0.0357309 -0.0144092 0.0189437
v 0.035686 -0.0144869 0.0188067
v 0.0348409 -0.0159507 0.0161762
v 0.0348166 -0.0159927 0.015874
v 0.0348166 -0.0159927 0.015
v 0.022025 -0.0381484 0.015
v 0.022025 -0.0381484 0
v 0.04405 0 0
v 0.04405 0 0.015
v 0.0379788 -0.0105159 0.0150702
v 0.0178436 -0.00501027 0.0184447
v 0.0182286 -0.00187011 0.0199412
v 0.018237 0.00854813 0.0166675
v 0.0380458 0.0103996 0.015
v 0.0262334 -0.00203979 0.0262935
v 0.0262334 -0.0140032 0.0193864
v 0.022025 0.0381484 0
v 0.022025 0.0381484 0.015
v 0.0348082 0.0160073 0.015
v 0.0348165 0.0159928 0.0160524
v 0.0348607 0.0159164 0.0162906
v 0.0356776 0.0145014 0.0188067
v 0.0357225 0.0144237 0.0189437
v 0.0357657 0.0143489 0.0190764
v 0.0358565 0.0141915 0.0192622
v 0.0359568 0.0140178 0.0193864
v 0.0190803 -0.016066 0.0150127
v 0.0270513 -0.0159697 0.0160872
v 0.0231423 -0.0159697 0.0160872
v 0.0192334 -0.0144869 0.0188067
v 0.0193101 -0.0157085 0.0167658
v 0.0262334 -0.0144092 0.0189437
v 0.0253921 -0.0143374 0.0191297
v 0.0192334 -0.0144646 0.0198931
v 0.0189864 -0.014309 0.0193765
v 0.0245005 -0.0143234 0.0195612
v 0.0242772 -0.0143966 0.0197704
v 0.019042 0.0159293 0.0163093
v 0.0231402 0.0159843 0.0160872
v 0.0189944 0.016049 0.0150026
v 0.0260595 -0.0142403 0.0192123
v 0.0294774 -0.014305 0.019118
v 0.0327213 -0.0141678 0.0192676
v 0.0262334 0.00205433 0.0262935
v 0.0260572 0.00186775 0.0263906
v 0.0262334 0.00178924 0.0263995
v 0.0355668 0.0018582 0.0263802
v 0.0309001 0.0018582 0.0263802
v 0.0262334 0.0140178 0.0193864
v -0.020169 0.0150295 0.015
v -0.0198658 0.0152022 0.015
v -0.0196245 0.0199763 0.0149987
v -0.0193141 0.0201416 0.015
v -0.00776315 0.0200714 0.015
v -0.00654058 0.0191679 0.015045
v -0.00629896 0.0195831 0.015025
v 0.0180865 0.0187579 0.0149995
v 0.0183015 0.0165559 0.015
v 0.0188463 0.0160776 0.015
v 0.0188885 -0.0102064 0.0150607
v -0.0171016 0.00972585 0.0149698
v 0.0183711 -0.016499 0.0150049
v 0.0181135 -0.0186772 0.0150003
v 0.0174333 -0.0190492 0.015
v -0.00659589 -0.0190962 0.0150002
v -0.00789188 -0.0201551 0.0149992
v -0.0174096 -0.0208653 0.015334
v -0.0197583 -0.0198851 0.0150034
v -0.0198391 -0.0155541 0.0149989
v -0.0199258 -0.0151184 0.015
v -0.00705728 -0.00729431 0.0279372
v -0.00645517 -0.0169598 0.0196905
v -0.0069737 -0.0144134 0.0232843
v 0.0182366 -0.0171101 0.0163353
v 0.0176025 -0.0162169 0.0205992
v 0.017231 -0.0167913 0.019863
v 0.0172334 -0.0183746 0.0168809
v 0.018078 -0.0170052 0.0185258
v 0.0182414 -0.015196 0.0192487
v 0.0182189 -0.0158765 0.0199105
v 0.0188709 -0.0160782 0.0150106
v 0.0182888 -0.0166431 0.0161517
v -0.00714099 0.0071035 0.0281093
v -0.00768988 0.00647163 0.0288855
v -0.00799658 0.0186452 0.0186466
v -0.00821158 0.0151583 0.0236995
v -0.00741336 0.0166744 0.0216536
v 0.0142334 -0.0161693 0.0207611
v 0.0143662 -0.0140304 0.0232618
v 0.0140157 -0.00501608 0.0282213
v 0.0142001 0.000523536 0.0289628
v 0.0141174 0.00427976 0.0284951
v 0.0141208 0.00774566 0.0273594
v 0.00303892 0.0132032 0.0218149
v 0.0142334 0.0161838 0.0207611
v 0.0171154 0.0164217 0.0204543
v 0.0172334 0.0183891 0.0168809
v -0.00630883 0.0116408 0.0252369
v -0.00637577 0.00791539 0.0273661
v 0.00980801 -0.00573615 0.0281797
v 0.0139538 -0.00779269 0.027292
v 0.00575629 -0.00927227 0.0267346
v 0.0137794 -0.0113714 0.0253898
v -0.00625076 -0.01187 0.0251026
v -0.0199343 0.0104589 0.0230968
v -0.0198084 0.0137141 0.0178435
v -0.0197836 0.0130886 0.0190837
v -0.0197804 0.0106399 0.0232988
v -0.0198335 0.0117867 0.0210976
v -0.0199622 0.0139474 0.0170511
v -0.0199269 0.0126298 0.0194678
v -0.0200373 0.011968 0.0204205
v -0.0201372 0.01398 0.0168327
v -0.02013 0.0118889 0.0204614
v 0.0172201 0.00350587 0.0184348
v -0.0165754 -0.00928396 0.0156223
v -0.015785 -0.000211857 0.0191633
v -0.0169192 0.00105299 0.0208468
v -0.0197626 -0.0144039 0.0237025
v -0.0197343 0.0102448 0.0269686
v -0.0197668 0.00761272 0.0253855
v -0.0197666 0.00698939 0.0255001
v -0.0197666 -0.00697485 0.0255001
v -0.0197838 -0.00793538 0.0250118
v -0.0197665 -0.0105514 0.0236036
v -0.0197666 -0.0107911 0.0232968
v -0.0159118 -0.0129399 0.0265748
v -0.0192941 -0.0125362 0.0258511
v -0.019383 -0.00911782 0.0279515
v -0.0193858 -0.00174548 0.0300229
v -0.0193532 0.00378581 0.029686
v -0.0194756 0.00716384 0.0287929
v -0.0193692 0.0119783 0.0262877
v -0.0197592 -0.0163127 0.0216414
v -0.019396 -0.00785976 0.0284525
v -0.0197592 0.00582198 0.0288257
v -0.0193418 0.0155541 0.0231806
v -0.0193481 -0.0188018 0.0184178
v -0.0196771 -0.0185003 0.0185741
v -0.0196037 -0.0137615 0.0247546
v -0.0195738 -0.0163254 0.0220403
v -0.0194603 -0.0165173 0.0221183
v -0.0196669 -0.0102052 0.0271278
v -0.0197683 -0.00808883 0.0280453
v -0.0197031 -0.0124432 0.0256156
v -0.0196806 -0.00271944 0.0296363
v -0.019651 -0.00635929 0.0288802
v -0.0196669 0.0026525 0.0296377
v -0.0197508 0.000554562 0.0296683
v -0.0195649 0.00879067 0.0280248
v -0.0197425 0.014343 0.0239462
v -0.0196284 0.0124558 0.0257395
v -0.0195738 0.0163323 0.0220497
v -0.0197589 0.0162465 0.021753
v -0.0195166 0.0191393 0.0174947
v -0.0197099 0.0189772 0.0174268
v -0.0197032 0.0177252 0.0198241
v -0.0193392 0.0185496 0.0189481
v -0.00805338 -0.00664817 0.0289153
v -0.0189364 -0.00410533 0.029494
v -0.0096924 0.00324111 0.0297897
v -0.00806195 0.00620141 0.0290877
v -0.00819072 0.00695036 0.0288206
v -0.00791565 -0.00985165 0.0275354
v -0.00775472 -0.0178107 0.0200085
v -0.00760272 -0.0162901 0.0219344
v -0.00758813 -0.0114633 0.0265593
v -0.00686561 0.00754382 0.027669
v -0.00675964 0.015883 0.02156
v -0.00667953 0.0133706 0.0239389
v -0.00757736 0.00969339 0.027389
v 0.0174772 0.0163822 0.0204363
v 0.018055 0.0175812 0.0178801
v 0.0182395 0.0154 0.0197061
v 0.018221 0.0157516 0.0199272
v 0.0182493 0.0167825 0.0162514
v 0.0182334 0.0170073 0.0162974
v 0.00655091 -0.000657611 0.0343883
v 0.00447846 0.0023183 0.0350315
v 0.00346692 0.00501841 0.0344008
v -0.000538191 0.0056363 0.0341867
v -0.00207666 0.00331576 0.0350269
v -0.00353872 0.00113187 0.0350363
v -0.00430807 -0.00118217 0.0348037
v -0.00207718 -0.00485722 0.0345693
v 0.00214299 -0.00552807 0.0346073
v 0.00420603 -0.00435822 0.0345439
v 0.00333384 -0.00508406 0.0344788
v -0.00404514 0.00348904 0.0344132
v 0.00592958 0.00300727 0.0335001
v 0.00246512 0.00392373 0.0350001
v 0.000274891 0.00426487 0.0350001
v 0.000745414 -0.00514955 0.034939
v 0.00199892 -0.00420853 0.035028
v 0.00373864 -0.00299794 0.0350001
v 0.00491822 -0.00122782 0.0350159
v 0.00640623 -0.00259903 0.0250001
v 0.0013127 -0.00620867 0.0250001
v -0.00374227 -0.00417803 0.0250001
v -0.00506212 -0.00154565 0.0250001
v -0.005129 0.00179068 0.0250001
v -0.00283259 0.00488901 0.0250001
v 0.0017827 0.00616133 0.0250001
v 0.00613987 0.00289155 0.0250001
v 0.00233222 0.00437199 0.0400001
v -0.00243686 0.00297185 0.0400001
v -0.00360458 -0.000138175 0.0400001
v -0.00136967 -0.00399977 0.0400001
v 0.00302842 -0.00367683 0.0400001
v 0.00441404 -0.00211773 0.0400001
v 0.00507145 0.000152727 0.0400001
v -0.0200922 0.0103008 0.0231834
v -0.0198349 0.0103127 0.0234246
v -0.0199716 0.00721635 0.025052
v -0.0198526 0.00811757 0.024749
v -0.0201409 0.0070511 0.0250071
v -0.0197955 0.00707458 0.0253228
v -0.0202704 -0.00709811 0.0249846
v -0.0202666 -0.00704516 0.0249952
v -0.0325999 -0.00707987 0.024989
v -0.0305443 -0.00707987 0.024989
v -0.0284888 -0.00707987 0.024989
v -0.0264332 -0.00707987 0.024989
v -0.0199965 -0.00697483 0.0250668
v -0.0197971 -0.00713052 0.0253093
v -0.0197836 0.00140369 0.0253707
v -0.0197836 -0.00138916 0.0253707
v -0.0198867 0.00419654 0.0252086
v -0.0198733 7.26501e-06 0.0251984
v -0.0199449 -0.00348379 0.0251327
v -0.0201372 0.00140369 0.0250172
v -0.0200769 7.26501e-06 0.0250422
v -0.0198018 -0.0106221 0.0231958
v -0.0199693 -0.0104388 0.0230935
v -0.0200699 -0.0137175 0.0173008
v -0.0201372 -0.0127679 0.0189069
v -0.0201372 -0.0103728 0.0230553
v -0.0200226 -0.0123592 0.0196993
v -0.0198547 -0.0135445 0.0179503
v -0.0199174 -0.0123793 0.0198011
v -0.0197836 -0.0142716 0.0170095
v -0.019788 -0.0124752 0.0200852
v -0.0199044 -0.00718046 0.0251129
v -0.0197992 -0.0104886 0.0233837
v -0.0199624 -0.0102455 0.0233226
v -0.0201512 -0.0102779 0.0231706
v -0.019913 -0.00881595 0.0242824
v -0.0145694 -0.00541917 0.0344802
v -0.0150413 -0.00469016 0.0346277
v -0.0152888 -0.00559483 0.0353074
v -0.0152597 -0.0040555 0.0354999
v -0.0145565 -0.00655052 0.035293
v -0.0148759 -0.00638791 0.0352563
v -0.0152938 -0.00618833 0.0369642
v -0.0144982 -0.00632654 0.0347979
v -0.0146189 -0.00635121 0.0349234
v -0.0147093 -0.00607141 0.0347333
v -0.0151046 -0.00594151 0.0349484
v -0.0146893 -0.00353952 0.0355173
v -0.0143804 -0.00368786 0.0349017
v -0.0094903 -0.00385399 0.034623
v -0.0144687 -0.00412699 0.0345805
v -0.0150559 -0.00385737 0.0352587
v -0.0103101 -0.00337141 0.0355304
v -0.0148248 -0.00400871 0.0347895
v -0.0145735 -0.0036769 0.0349845
v -0.0145166 -0.00362671 0.0350671
v -0.0147907 -0.00369189 0.0351829
v -0.00625705 -0.00752527 0.0351285
v -0.0109838 -0.00726049 0.0370045
v -0.0124383 -0.00664634 0.0349028
v -0.0149539 -0.00649357 0.036842
v -0.0152399 -0.00579601 0.0381677
v -0.0152527 -0.00429423 0.0379815
v -0.0142666 -0.00349273 0.0380001
v -0.00991152 -0.00363456 0.0349744
v -0.00804231 -0.00618623 0.0344661
v -0.00748431 -0.00597584 0.0340628
v -0.00750655 -0.00569374 0.0337066
v -0.00572445 -0.00766276 0.0353523
v -0.0058637 -0.0075192 0.0346898
v -0.00609559 -0.00731891 0.0344434
v -0.00659709 -0.00683239 0.0340591
v -0.00697673 -0.0063768 0.0337176
v -0.00572323 -0.00763932 0.0349502
v -0.00759583 -0.00620844 0.0343134
v -0.00701111 -0.00674252 0.0343977
v -0.00673027 -0.00701835 0.0345526
v -0.0063892 -0.00730101 0.0347652
v -0.00585797 -0.00759472 0.0351228
v -0.00755022 -0.00679855 0.0345487
v -0.00591733 -0.00760444 0.0352508
v -0.0144064 -0.00653563 0.0383598
v -0.0152325 -0.00560663 0.038259
v -0.0146618 -0.00577586 0.0389153
v -0.0145467 -0.00610366 0.0388499
v -0.0145505 -0.00642969 0.038492
v -0.0144287 -0.00628617 0.0387316
v -0.0150543 -0.00578755 0.0386087
v -0.0149697 -0.0060782 0.0385445
v -0.0147936 -0.00636281 0.0384152
v -0.0142666 -0.00449273 0.0390001
v -0.0145347 -0.00404278 0.0389021
v -0.0144099 -0.00357354 0.0383932
v -0.0151571 -0.00401092 0.038227
v -0.0147495 -0.00362671 0.0381295
v -0.0145166 -0.00352681 0.0380671
v -0.0150635 -0.00402088 0.0384893
v -0.0147822 -0.0036769 0.0383071
v -0.0149098 -0.00402089 0.0386789
v -0.0147122 -0.00402089 0.0388222
v -0.0145809 -0.00354853 0.0381678
v -0.00863164 -0.00352936 0.0337487
v -0.00959885 -0.00343278 0.0353632
v -0.00876371 -0.00316363 0.0339679
v -0.00886036 -0.00296605 0.0343887
v -0.00898965 -0.0027165 0.035183
v -0.00863082 -0.00383007 0.0339841
v -0.00896898 -0.00299202 0.0347326
v -0.00905833 -0.00361898 0.0345426
v -0.00903677 -0.00288227 0.0356535
v -0.00912592 -0.00311947 0.0350477
v -0.00928076 -0.00348718 0.0348609
v -0.00878422 -0.00397825 0.0342533
v -0.00939532 -0.00383188 0.0346629
v -0.00964348 -0.0036283 0.0349033
v -0.00903206 -0.00423619 0.0344513
v -0.00854606 -0.0038311 0.0337653
v -0.0107567 -0.00611709 0.0345049
v -0.00566692 -0.0076999 0.0382896
v -0.00596406 -0.00759733 0.0382428
v -0.00659343 -0.00730797 0.0386598
v -0.0145664 -0.00655047 0.0381998
v -0.0101683 -0.00697576 0.0385001
v -0.00747343 -0.00683174 0.0389215
v -0.00976858 -0.00378358 0.038759
v -0.00979755 -0.00349794 0.0382286
v -0.00940612 -0.00333501 0.0381521
v -0.00908715 -0.00320447 0.0387365
v -0.00897346 -0.00265942 0.0384173
v -0.00901366 -0.00226775 0.0355323
v -0.00565511 -0.00769245 0.0385523
v -0.00698507 -0.00636621 0.0398277
v -0.00737062 -0.00583192 0.0399844
v -0.00556331 -0.00776519 0.0382665
v -0.00617567 -0.00723558 0.039223
v -0.00588868 -0.00749279 0.0389601
v -0.00710708 -0.00628839 0.0396052
v -0.00679544 -0.00668099 0.0394123
v -0.00572391 -0.00765305 0.0385025
v -0.00744024 -0.00604442 0.0394262
v -0.0059156 -0.00756094 0.038504
v -0.00781314 -0.00621838 0.039083
v -0.00718001 -0.00660852 0.0391412
v -0.00685237 -0.00694285 0.0389983
v -0.00630893 -0.00721546 0.0390206
v -0.00595593 -0.00764295 0.037784
v -0.00611189 -0.00747681 0.0385494
v -0.0137667 -0.00513729 0.0389783
v -0.00703851 -0.00705498 0.0388478
v -0.0083915 -0.00408364 0.0400001
v -0.008614 -0.00356667 0.0399054
v -0.00897009 -0.00246502 0.0383687
v -0.0093829 -0.00419156 0.0389765
v -0.00913678 -0.00411248 0.0390251
v -0.00948142 -0.00369715 0.0387143
v -0.00952939 -0.00347584 0.0383918
v -0.00903819 -0.00390382 0.0390499
v -0.00867196 -0.00361358 0.0394874
v -0.00892062 -0.00326689 0.0390455
v -0.00924551 -0.00339982 0.0386648
v -0.00888095 -0.00380239 0.0391716
v -0.00851058 -0.00410558 0.0394641
v -0.00883276 -0.00298655 0.0392995
v -0.00889323 -0.00284068 0.0390378
v -0.00779075 -0.00522134 0.0400001
v -0.00810944 -0.00466216 0.0400001
v -0.00899373 -0.0051291 0.0390001
v -0.00864317 -0.0057442 0.0390001
v 0.018386 0.0164518 0.0162394
v 0.0184968 0.0162976 0.0162296
v 0.0188366 0.0160068 0.0162903
v 0.0190612 0.0160106 0.0160265
v 0.0186183 0.0161763 0.016176
v 0.0260303 0.00205687 0.0263161
v 0.0252334 0.00218766 0.0273712
v 0.0252827 0.00205729 0.0270556
v 0.0253505 0.0021172 0.0268542
v 0.0255382 0.00195541 0.0266457
v 0.0260708 0.00167476 0.0264296
v 0.0257986 0.00186846 0.0264925
v 0.0262334 -0.00191105 0.026356
v 0.0262334 -0.00163355 0.026423
v 0.0260732 -0.00180357 0.0264126
v 0.0252334 -0.00217312 0.0273712
v 0.0252514 -0.00214629 0.0271686
v 0.0252981 -0.00210109 0.0270124
v 0.0253289 -0.00199191 0.0269524
v 0.0254449 -0.00194545 0.0267699
v 0.0256186 -0.00196105 0.0265731
v 0.0257045 -0.00178159 0.0265465
v 0.0355668 -0.00184366 0.0263802
v 0.0309001 -0.00184366 0.0263802
v 0.0189918 -0.015994 0.0161254
v 0.018654 -0.0161322 0.0162005
v -0.00715081 0.0069365 0.0282193
v -0.00697172 0.00680351 0.0282717
v -0.00676719 0.00662116 0.0288589
v -0.00657051 0.00693684 0.0281983
v -0.0066721 0.00699563 0.0280534
v -0.00674938 0.00677933 0.0283596
v -0.00682197 0.00700857 0.0280211
v -0.00702801 0.0070694 0.0280511
v -0.00641984 0.00756456 0.0275802
v -0.0065936 0.00774929 0.0274724
v -0.0068142 0.00743365 0.0276877
v -0.00677991 0.00733891 0.0277468
v -0.00664272 0.00754927 0.0275838
v -0.00661685 0.00737181 0.0276958
v -0.00655144 0.00764249 0.0275171
v -0.00651971 0.0072642 0.0278102
v -0.00641967 -0.00760554 0.0275402
v -0.00649972 -0.0072099 0.0278517
v -0.00657694 -0.00734139 0.0277025
v -0.00667184 -0.00746736 0.0276239
v -0.00649604 -0.0077428 0.0274544
v -0.00684528 -0.00725942 0.0277994
v -0.00668025 -0.00761462 0.0275507
v -0.00663214 -0.00844137 0.0271904
v -0.00676832 -0.00754377 0.0276198
v -0.00704998 -0.00688986 0.0281892
v -0.00659615 -0.00680557 0.0285079
v -0.00660358 -0.0068744 0.0282706
v -0.00698461 -0.00667407 0.0284203
v -0.00693512 -0.00699977 0.0280518
v -0.00708437 -0.0070747 0.0280712
v -0.00751645 -0.00598575 0.0292718
v -0.00751596 -0.00571332 0.029746
v -0.00756834 -0.0055678 0.0301281
v -0.00800347 -0.00604135 0.0291314
v -0.00788944 -0.00629587 0.0290207
v -0.00783181 -0.00591148 0.0292576
v -0.00763447 -0.00560028 0.0297374
v -0.00759837 -0.00556042 0.0299245
v -0.00775975 -0.00577205 0.0294021
v -0.00761689 -0.00643935 0.0288633
v -0.00762545 -0.00608574 0.029162
v -0.00763655 -0.00585077 0.0293957
v -0.00764286 -0.00570031 0.029583
v -0.00752094 -0.00570041 0.029764
v -0.00790966 -0.00678841 0.0288366
v -0.00774949 -0.0063877 0.0289456
v -0.00760993 -0.00663481 0.0287537
v -0.00759403 0.00651649 0.0288069
v -0.00799379 0.0067287 0.0288795
v -0.00756833 0.00558233 0.0301281
v -0.0075533 0.00593573 0.0293563
v -0.0077098 0.00565326 0.0295791
v -0.00786295 0.00592293 0.0292376
v -0.00756715 0.00615415 0.029098
v -0.00751857 0.00576913 0.0296382
v -0.007896 0.00622985 0.0290685
v -0.00777338 0.00591094 0.02928
v -0.00762152 0.00563368 0.029732
v -0.00425822 -0.00911462 0.0352982
v -0.00485079 -0.00828743 0.0368454
v -0.00311396 -0.0102486 0.0390285
v -0.00269534 -0.00968819 0.0394127
v -0.0036164 -0.0089932 0.0399355
v -0.00433982 -0.00906204 0.0371298
v -0.00424903 -0.00904283 0.0382434
v -0.00417559 -0.00921751 0.0384289
v -0.0040077 -0.0093911 0.0386869
v -0.00376738 -0.0094765 0.0388987
v -0.00451886 -0.00851262 0.03859
v -0.00274709 -0.0100456 0.0391444
v -0.00378996 -0.00918685 0.0390614
v -0.0041993 -0.00891553 0.0385996
v -0.00323903 -0.00916911 0.0399566
v -0.00387147 -0.00890261 0.0394432
v -0.00417978 -0.00875078 0.0390401
v -0.00439239 -0.00862161 0.0386828
v -0.00335766 -0.0131359 0.0345477
v -0.0045545 -0.0084928 0.0351063
v -0.00296451 -0.00928941 0.0334972
v -0.00334827 -0.00916124 0.0337185
v -0.00435884 -0.00860856 0.0344701
v -0.00304807 -0.00936535 0.0339478
v -0.00399063 -0.00896839 0.0344649
v -0.0041286 -0.00878079 0.0343978
v -0.00321201 -0.00960953 0.0343481
v -0.00447229 -0.0086672 0.0357223
v -0.00356614 -0.00964294 0.0345178
v -0.00412691 -0.00903148 0.0348349
v -0.00328507 -0.00967556 0.0343995
v -0.00380539 -0.00936294 0.0346116
v -0.00416152 -0.00909325 0.0349758
v -0.00407016 -0.00932121 0.034877
v -0.00427293 -0.0141206 0.0380352
v -0.00413259 -0.0139927 0.0385001
v -0.00381713 -0.0137386 0.0388483
v -0.00351651 -0.0143033 0.0389351
v -0.00326657 -0.0139927 0.0390001
v 0.00236928 -0.0099475 0.0398385
v 0.00197851 -0.0106072 0.0390328
v 0.000264269 -0.0100133 0.0399957
v 0.00476489 -0.00951176 0.0342848
v 0.00148045 -0.0106683 0.0343831
v -0.00011283 -0.0108104 0.0344856
v 0.000864537 -0.0100815 0.033765
v 0.0014457 -0.0102081 0.0340296
v -0.00373078 -0.0134407 0.0346352
v -0.00414084 -0.0132903 0.0350167
v -0.00358238 -0.0149624 0.0380259
v -0.00364396 -0.0149076 0.03819
v -0.00404646 -0.014598 0.0382555
v -0.00400581 -0.0144302 0.038601
v -0.00331709 -0.0149588 0.0382541
v -0.00344288 -0.0147817 0.0386403
v 0.00631093 -0.0082933 0.0367484
v 0.0055919 -0.00926852 0.038561
v 0.0040344 -0.0129844 0.0391663
v 0.00571186 -0.00878655 0.0386626
v 0.0047285 -0.00978269 0.0390574
v 0.00536248 -0.00942696 0.0388246
v 0.0057552 -0.00892004 0.0381907
v 0.00503592 -0.00917452 0.0392973
v 0.00540204 -0.0089907 0.0390559
v 0.00509433 -0.00902285 0.0395706
v 0.00451264 -0.00932603 0.0396016
v 0.00569302 -0.00868575 0.0391929
v 0.00599157 -0.00851792 0.0383886
v 0.00473238 -0.00915834 0.0335403
v 0.00592596 -0.00854633 0.0345522
v 0.00506968 -0.00982591 0.0345454
v 0.00587574 -0.00865357 0.0351012
v 0.00509968 -0.00901841 0.0339763
v 0.00566671 -0.00872054 0.0343481
v 0.00457173 -0.00929032 0.0339053
v 0.00526665 -0.00910131 0.0343443
v 0.00563065 -0.009039 0.0349671
v 0.00572985 -0.00903909 0.0353156
v 0.00532484 -0.00928536 0.0345748
v 0.00513066 -0.0127659 0.0346131
v 0.00579408 -0.0116703 0.0354001
v -0.00343677 -0.0135348 0.0345996
v -0.00374993 -0.0136157 0.0348036
v -0.00411365 -0.0143883 0.036011
v -0.00424875 -0.0132606 0.0355256
v -0.00326657 -0.0149927 0.0364143
v 0.00453281 -0.0150673 0.036575
v 0.00473312 -0.0149143 0.0384075
v 0.00073343 -0.0149587 0.038259
v -0.0033838 -0.01489 0.0384631
v 0.00073343 -0.0145963 0.0387867
v 0.00470645 -0.0143653 0.0389346
v 0.00561664 -0.0142225 0.0384622
v 0.00577714 -0.0138055 0.0368803
v -0.00422769 -0.0141969 0.0362162
v -0.00417854 -0.0143773 0.0362152
v -0.00376995 -0.0148716 0.0363941
v -0.00394446 -0.0147425 0.0362492
v -0.00341214 -0.0149603 0.0361854
v -0.00362012 -0.0148588 0.0360608
v -0.00387646 -0.0143715 0.0355713
v -0.00351657 -0.0148588 0.0359813
v -0.00337398 -0.014711 0.0357268
v 0.00530262 -0.0148199 0.0380719
v 0.00558868 -0.0145161 0.0381667
v 0.00492001 -0.0149312 0.038326
v 0.0052391 -0.0142131 0.0388583
v 0.00515423 -0.0149448 0.0367252
v 0.0053363 -0.0147252 0.0383796
v 0.00516645 -0.0148588 0.0382501
v 0.00509991 -0.0146176 0.0387258
v 0.00504054 -0.0144493 0.0353751
v 0.00497607 -0.0133818 0.0345514
v 0.00558279 -0.0133564 0.0350455
v 0.00485964 -0.0148011 0.0358226
v -0.00336046 -0.0149099 0.0360027
v 0.00552864 -0.0146007 0.0362811
v 0.00573343 -0.0139927 0.0364143
v 0.00550649 -0.0144114 0.0357798
v 0.00470132 -0.0146753 0.0356109
v 0.00486284 -0.0149587 0.0361902
v 0.00530966 -0.0147931 0.0361028
v 0.00498767 -0.0149175 0.0361076
v 0.00566645 -0.0142515 0.0361644
v 0.00953671 0.00515491 0.0367522
v 0.0138752 0.00423631 0.0389586
v 0.00986711 0.00498613 0.0382372
v 0.00977861 0.00432233 0.0399827
v 0.00997667 0.00397838 0.0396549
v 0.0097374 0.00456229 0.0392854
v 0.00920958 0.00536138 0.0380136
v 0.00999849 0.00422267 0.0393144
v 0.00969141 0.00480465 0.0389201
v 0.0104081 0.00391229 0.0391379
v 0.0103289 0.00443243 0.0389316
v 0.00964516 0.00500389 0.0384001
v 0.0101491 0.00472669 0.0387072
v 0.00997512 0.00482797 0.0385992
v 0.0104289 0.00343605 0.0340875
v 0.00964204 0.00457594 0.0337614
v 0.013532 0.00500529 0.0359098
v 0.0102156 0.0044916 0.0345881
v 0.0107425 0.00408277 0.0344907
v 0.00926243 0.00525095 0.0349385
v 0.0107862 0.00348777 0.0343559
v 0.00992755 0.00453066 0.0344389
v 0.00978217 0.0048196 0.0347879
v 0.00959526 0.00502278 0.0351052
v 0.0102769 0.00370286 0.0341237
v 0.00936751 0.00507775 0.0345366
v 0.00988637 0.00411913 0.0337617
v 0.011409 -0.000739817 0.0391172
v 0.0116489 0.00136839 0.0390001
v 0.010754 -0.000461886 0.0399957
v 0.0115408 0.000822857 0.0390169
v 0.0111741 -0.00183251 0.0393059
v 0.0108411 0.000159779 0.0396946
v 0.0147889 0.00493597 0.0383862
v 0.0147334 0.00500727 0.0380001
v 0.0144839 0.00502025 0.0359242
v 0.0128305 0.00495404 0.0351271
v 0.0110994 0.00453408 0.0345379
v 0.0138099 0.00418249 0.0345106
v 0.0108015 -0.00317391 0.0343805
v 0.0100748 -0.00365151 0.0338144
v 0.0114528 -0.00129181 0.0344824
v 0.0107841 -9.1798e-05 0.0334957
v 0.0109109 -0.000327585 0.034009
v 0.0114544 0.00138964 0.0344858
v 0.00911484 -0.00544728 0.0380001
v 0.00986591 -0.00495588 0.038305
v 0.0106826 -0.00425549 0.0389798
v 0.0101489 -0.00334257 0.0397583
v 0.00974332 -0.00436363 0.0396719
v 0.00938551 -0.00502124 0.0391197
v 0.00947238 -0.00509148 0.0383661
v 0.00953313 -0.00486223 0.0390594
v 0.00986309 -0.00425978 0.0394733
v 0.0092378 -0.00528108 0.0382985
v 0.0097807 -0.00499329 0.0381191
v 0.0100033 -0.00472169 0.0387343
v 0.0101658 -0.00428208 0.0391093
v 0.00981564 -0.00472642 0.038945
v 0.0102704 -0.00447739 0.0389171
v 0.0149916 0.00421092 0.0389477
v 0.0148789 0.00462684 0.0387857
v 0.0152668 0.00445224 0.0387681
v 0.015046 0.00482734 0.0384999
v 0.0154121 0.0044791 0.0386434
v 0.0156335 0.00441184 0.0383367
v 0.0153668 0.00483394 0.0380247
v 0.0149135 0.00497367 0.0381918
v 0.0143052 0.00432806 0.0346689
v 0.0149212 0.00477454 0.0354908
v 0.0140913 0.00467696 0.0346905
v 0.00978693 -0.0042646 0.0337248
v 0.0103036 -0.00480862 0.034862
v 0.00994752 -0.00499053 0.0354281
v 0.00994334 -0.00480973 0.0348713
v 0.0104926 -0.0043042 0.0345315
v 0.0107086 -0.00415133 0.0345072
v 0.00944371 -0.00500269 0.0347729
v 0.00966074 -0.0050145 0.0353096
v 0.00924991 -0.00526629 0.0352247
v 0.0100438 -0.00413837 0.0341703
v 0.0099082 -0.00444025 0.0343117
v 0.00981073 -0.00430578 0.0339578
v 0.0094171 -0.00496268 0.0342912
v 0.0147334 -0.00495866 0.038259
v 0.0150527 -0.00450215 0.0388423
v 0.0152579 -0.00416327 0.0389132
v 0.0157178 -0.00448857 0.0380173
v 0.0152767 7.27e-06 0.0388117
v 0.0144723 0.00493672 0.0355232
v 0.0144425 -0.0041312 0.0346691
v 0.0141986 7.27e-06 0.0345842
v 0.014118 -0.00439969 0.034571
v 0.0139324 -0.00463354 0.0347291
v 0.0138961 -0.00491068 0.0350939
v 0.0140351 -0.00496409 0.0352855
v 0.0151945 -0.00489648 0.0380876
v 0.0155137 -0.00465153 0.0381811
v 0.0150866 -0.00481379 0.0385381
v 0.0153038 -0.00469588 0.0384799
v 0.0148589 -0.00497249 0.0381729
v 0.0160068 0.00375928 0.0372017
v 0.0155103 0.00466915 0.0362385
v 0.0153234 0.00481499 0.0363012
v 0.0151144 0.00493695 0.0364117
v 0.0155653 0.00417577 0.0358011
v 0.0153007 -0.00435221 0.0355701
v 0.014806 -0.00474386 0.0353211
v 0.015617 -0.00434018 0.0360319
v 0.0156938 -0.00400393 0.0360855
v 0.0150786 -0.00490648 0.0361788
v 0.0150946 -0.00496903 0.0369462
v 0.0152789 -0.00479091 0.0361153
v 0.0154164 -0.00469984 0.0362313
v 0.0083605 0.00666291 0.0353939
v 0.00838186 0.0065439 0.0380659
v 0.00848699 0.00634612 0.0354887
v 0.00637866 0.00824162 0.0398921
v 0.00850641 0.00630321 0.038265
v 0.00830592 0.00686106 0.038275
v 0.00734207 0.00867134 0.0389802
v 0.008411 0.00645612 0.03833
v 0.00834901 0.00665477 0.0382313
v 0.00689716 0.00831003 0.0392417
v 0.00788269 0.0075252 0.0388164
v 0.00716605 0.00773015 0.0395735
v 0.00780959 0.00743063 0.0389388
v 0.00800711 0.00701225 0.0388983
v 0.00713953 0.00823846 0.0391479
v 0.00794952 0.00695259 0.0391798
v 0.00749076 0.00740224 0.0395779
v 0.00824233 0.00661837 0.0389405
v 0.00833618 0.00652157 0.0386651
v 0.00555887 0.00981855 0.0344521
v 0.00845671 0.00636317 0.0349999
v 0.0074377 0.00743554 0.0338321
v 0.00666599 0.00810423 0.0337418
v 0.0070667 0.0077683 0.0336916
v 0.0081222 0.0067584 0.0343675
v 0.00839184 0.00645827 0.0349771
v 0.00583928 0.00913417 0.0342875
v 0.00783171 0.00714833 0.0343642
v 0.00818238 0.00676526 0.0347413
v 0.00744506 0.00775293 0.0343468
v 0.00784041 0.00731084 0.034556
v 0.00806574 0.00702829 0.0347196
v 0.00835019 0.00662265 0.0352098
v 0.00823693 0.00670735 0.0347756
v 0.00741149 0.0075778 0.0341379
v 0.00676474 0.00813356 0.0339752
v 0.00727558 0.00821817 0.0344352
v 0.00781525 0.0076316 0.0346659
v 0.00828982 0.00677033 0.0350806
v 0.00766215 0.00800244 0.0346119
v 0.00822069 0.00706559 0.0350504
v 0.00730933 0.0152884 0.038028
v 0.00634733 0.0150073 0.0390001
v 0.00781563 0.010921 0.038259
v 0.00806928 0.0072251 0.0386729
v 0.00540286 0.00885014 0.0400001
v 0.00596204 0.00853145 0.0400001
v 0.00664684 0.00927051 0.0390348
v 0.00483094 0.00925227 0.0339597
v 0.0058698 0.00973443 0.0345001
v 0.0064849 0.00938387 0.0345001
v 0.00596204 0.00853145 0.0335001
v 0.00488976 0.00912402 0.0337042
v 0.00726197 0.015328 0.0351819
v 0.00734006 0.0151276 0.0355001
v 0.00757366 0.0085505 0.0345714
v 0.0069211 0.0148276 0.034579
v 0.00781563 0.010921 0.0352413
v 0.00642681 0.0159738 0.0382484
v 0.00656658 0.015846 0.0385188
v 0.0067247 0.0159376 0.0380785
v 0.0070251 0.0157345 0.0381295
v 0.00673977 0.0152449 0.0389186
v 0.00664575 0.0156651 0.0387305
v 0.00718407 0.0153683 0.0384692
v 0.00661648 0.0159641 0.0382157
v 0.00711733 0.0156268 0.0382287
v 0.00423741 0.00937814 0.0398671
v 0.00424576 0.0107157 0.0381664
v 0.00423396 0.0104902 0.0382599
v 0.00395302 0.0102609 0.0369128
v 0.00450726 0.0103468 0.0387346
v 0.00418605 0.0101477 0.038462
v 0.00490073 0.00994868 0.038983
v 0.00386792 0.00988521 0.0383795
v 0.00427789 0.0098243 0.0389085
v 0.00443571 0.0100112 0.0388118
v 0.00486596 0.00958186 0.039169
v 0.00357489 0.00963983 0.0389269
v 0.00443883 0.00942982 0.0394292
v 0.00478773 0.00934107 0.0394154
v 0.00377042 0.00963512 0.0390562
v 0.00397822 0.0096561 0.039062
v 0.00326458 0.00970903 0.0382368
v 0.00476168 0.00914595 0.0399839
v 0.00441297 0.0104398 0.0348927
v 0.00379933 0.00953803 0.0339882
v 0.00302766 0.009741 0.0352461
v 0.0044265 0.00931453 0.0337132
v 0.00340838 0.00967132 0.0347339
v 0.00396482 0.0095297 0.034116
v 0.00444301 0.00937864 0.0339532
v 0.00339449 0.00970994 0.0350547
v 0.00407259 0.0096027 0.0343222
v 0.00452612 0.00945855 0.034135
v 0.00362598 0.00976842 0.0351065
v 0.00382937 0.00987951 0.0351641
v 0.0044017 0.00991868 0.0346226
v 0.00448009 0.00970096 0.034408
v 0.00472763 0.00958269 0.0343103
v 0.00418216 0.0103393 0.0352629
v 0.00400036 0.0100339 0.0352091
v 0.00435769 0.0101943 0.0348513
v 0.00478348 0.0100604 0.0345446
v 0.00422987 0.0105679 0.0353693
v 0.00428179 0.0104873 0.0351229
v 0.00477144 0.0102856 0.0345882
v 0.00632553 0.0156104 0.0346511
v 0.00634733 0.0159732 0.0352413
v 0.00682249 0.0158846 0.0354132
v 0.00692855 0.0158164 0.0353292
v 0.00717595 0.0155525 0.0353446
v 0.00645222 0.0159734 0.0352619
v 0.0065785 0.0156477 0.0347132
v 0.00655006 0.0159855 0.0354001
v 0.00695011 0.0157397 0.0351205
v 0.00708136 0.015395 0.0349198
v 0.0065573 0.0159734 0.0353462
v 0.00681159 0.0154062 0.0347003
v 0.00670088 0.0157144 0.0348878
v 0.00659733 0.0158733 0.0350671
v 0.0057557 0.0161259 0.0367885
v 0.00523461 0.0158083 0.0386642
v 0.00507242 0.0151578 0.038981
v 0.00482525 0.0152256 0.0388991
v 0.00460347 0.0154736 0.0386922
v 0.00433004 0.0151848 0.0384154
v 0.00428881 0.0153513 0.0382455
v 0.00423343 0.0150073 0.0355001
v 0.00453176 0.01547 0.0348801
v 0.00481709 0.0151769 0.0345949
v 0.00523343 0.0150073 0.0345001
v 0.00506811 0.0155183 0.0346534
v 0.00509291 0.015794 0.0348864
v 0.00526227 0.0159501 0.0351467
v 0.00466424 0.0158345 0.0380718
v 0.0043782 0.0155306 0.0381667
v 0.00509487 0.015932 0.0383737
v 0.00502083 0.0156219 0.0387707
v 0.00497969 0.0159735 0.03805
v 0.00471777 0.0158231 0.038307
v 0.00480042 0.0158733 0.0382501
v 0.00475159 0.0157396 0.0385314
v 0.00504171 0.0159737 0.0381802
v 0.0042735 0.0152172 0.0352825
v 0.00441989 0.0156017 0.0355002
v 0.00484731 0.0159408 0.0355338
v 0.00494999 0.0154053 0.0346038
v 0.00492652 0.0158231 0.0349845
v 0.00498343 0.0158733 0.0350671
v 0.00470217 0.0157396 0.0350183
v 0.00440011 0.0154726 0.0350739
v 0.0050534 0.0159737 0.0353084
v 0.00475047 0.0158733 0.0353707
v 0.0150998 -0.0159655 0.0212075
v 0.0160765 -0.016085 0.0218199
v 0.0162307 -0.0163124 0.0220953
v 0.0154362 -0.0160946 0.0224159
v 0.0152442 -0.0157975 0.0227392
v 0.0150364 -0.015653 0.022033
v 0.0151372 -0.0156751 0.0222242
v 0.0152096 -0.0157247 0.0223931
v 0.0152148 -0.0156991 0.0225303
v 0.0159475 -0.0161226 0.021913
v 0.015209 -0.0159452 0.0213284
v 0.0158476 -0.0162451 0.02213
v 0.0157228 -0.0160749 0.0219186
v 0.0151594 -0.0159194 0.0214014
v 0.0151087 -0.0158903 0.0214634
v 0.0146995 -0.0158489 0.0213455
v 0.0150512 -0.0158542 0.0215211
v 0.0155116 -0.0160105 0.0220327
v 0.0155471 -0.0160735 0.0221853
v 0.0151006 -0.0157853 0.021855
v 0.0147426 -0.0156879 0.021631
v 0.0161015 -0.0163439 0.0221336
v 0.0153221 -0.0162216 0.0228737
v 0.0152756 -0.0159085 0.0226755
v 0.0158224 -0.0163151 0.0222015
v 0.0155975 -0.0168666 0.0229256
v 0.0157348 -0.0173676 0.0230738
v 0.0152335 -0.0168779 0.0237974
v 0.0152396 -0.015779 0.0228125
v 0.01605 -0.0172612 0.0228699
v 0.0159228 -0.0175946 0.0230324
v 0.0154794 -0.0175851 0.0233358
v 0.0153024 -0.0175699 0.023617
v 0.0152388 -0.0175649 0.0239036
v 0.0206172 -0.0171779 0.0226567
v 0.0160351 -0.0174567 0.0229828
v 0.0153674 -0.0173029 0.0234402
v 0.0162363 -0.0176439 0.0230001
v 0.0152478 -0.0176651 0.0238272
v 0.0156832 -0.0178236 0.0231473
v 0.0155726 -0.0176342 0.023243
v 0.024768 -0.0183228 0.0232033
v 0.0251972 -0.0176774 0.0236874
v 0.0250199 -0.0189383 0.0240001
v 0.0237015 -0.0210945 0.0240001
v 0.0226787 -0.021854 0.0240001
v 0.0177882 -0.021854 0.0240001
v 0.0159572 -0.0176832 0.0230215
v 0.0166813 -0.0197161 0.0230145
v 0.0172204 -0.0207501 0.023061
v 0.0182224 -0.0211693 0.0230145
v 0.0192225 -0.0213629 0.0230001
v 0.0222587 -0.0211484 0.0230109
v 0.0231715 -0.0204808 0.0230145
v 0.0240646 -0.0197311 0.023061
v 0.0242513 -0.018655 0.0230122
v 0.024955 -0.0189157 0.0236137
v 0.0241768 -0.0202594 0.0233055
v 0.0233495 -0.0211662 0.0233055
v 0.02232 -0.0218344 0.0233055
v 0.020347 -0.0218138 0.0230277
v 0.020766 -0.0224422 0.0236375
v 0.021155 -0.0222208 0.0233055
v 0.0194945 -0.0224187 0.0236444
v 0.0185375 -0.0218109 0.0231911
v 0.0183463 -0.022119 0.0236571
v 0.0163791 -0.0206862 0.0236951
v 0.016082 -0.0200312 0.0235001
v 0.0166804 -0.0207454 0.0233055
v 0.0156083 -0.0194491 0.023806
v 0.0155483 -0.0186769 0.02342
v 0.0242334 -0.0175935 0.0229976
v 0.0244413 -0.0176171 0.023018
v 0.0251558 -0.0174804 0.0235944
v 0.0252341 -0.0174848 0.0240016
v 0.024686 -0.0175534 0.0231036
v 0.0248948 -0.0175998 0.0232437
v 0.0250692 -0.0176117 0.023452
v 0.02446 -0.017353 0.0229377
v 0.0248481 -0.0172453 0.0230765
v 0.0250603 -0.0168114 0.0231552
v 0.0252125 -0.016322 0.0231974
v 0.0244256 -0.0174834 0.0229891
v 0.0251994 -0.0172206 0.0236669
v 0.0246114 -0.0151162 0.0209237
v 0.0252161 -0.0139412 0.0205794
v 0.0252334 -0.0156619 0.022855
v 0.0242334 -0.0163262 0.0221076
v 0.024848 -0.0157011 0.0217902
v 0.0252448 -0.0136892 0.0205491
v 0.0252385 -0.0137171 0.0205905
v 0.0252287 -0.01384 0.0205313
v 0.0244111 -0.0146043 0.0201365
v 0.0245494 -0.0144765 0.0199899
v 0.0251778 -0.0140218 0.0203833
v 0.0261734 -0.0139996 0.0193905
v 0.0259508 -0.0140453 0.0193988
v 0.0258615 -0.0143614 0.0190456
v 0.0251367 -0.0142864 0.0193334
v 0.0246741 -0.0143303 0.01962
v 0.0257076 -0.014224 0.0192859
v 0.0250966 -0.0142047 0.0196424
v 0.0248553 -0.0142973 0.0199444
v 0.0246942 -0.014357 0.0198561
v 0.024973 -0.0142643 0.0195542
v 0.0253655 -0.0138215 0.0200112
v 0.0251403 -0.0140607 0.0202684
v 0.0250664 -0.0141434 0.0201369
v 0.025196 -0.0140418 0.0199771
v 0.0254023 -0.0139734 0.0197766
v 0.0259814 -0.0141283 0.019327
v 0.0252567 -0.0138169 0.0203206
v 0.0253304 -0.0137095 0.0201915
v 0.0256209 -0.0138506 0.0196935
v 0.0249326 -0.0142597 0.0200415
v 0.0251279 -0.0141433 0.0198255
v 0.0255657 -0.0140752 0.019525
v 0.0262334 0.0144237 0.0189437
v 0.0294746 0.0141823 0.0192676
v 0.0327157 0.0143195 0.019118
v 0.0251131 0.0141322 0.0202921
v 0.0252448 0.0137037 0.0205491
v 0.0252777 0.0136529 0.0204039
v 0.0256867 0.01384 0.0196353
v 0.0257244 0.0143839 0.0190377
v 0.0247027 0.0143181 0.0193851
v 0.0243149 0.0144171 0.019776
v 0.0244337 0.0144525 0.0198717
v 0.02608 0.0140812 0.0193594
v 0.0259254 0.0142092 0.0192701
v 0.0263128 0.0142902 0.0191645
v 0.0245647 0.0143428 0.0195786
v 0.0248697 0.0143155 0.0194614
v 0.0246736 0.0143776 0.0198718
v 0.0252138 0.0142854 0.0193659
v 0.0248452 0.0143147 0.0199569
v 0.0250446 0.014263 0.0195976
v 0.025867 0.0143193 0.0191404
v 0.025156 0.0141933 0.0196868
v 0.0255822 0.0141817 0.0194102
v 0.0250411 0.0142007 0.0201635
v 0.0251323 0.0140874 0.020106
v 0.0250893 0.01415 0.0200009
v 0.0252237 0.0140508 0.0199299
v 0.0252562 0.0141017 0.0197698
v 0.0258693 0.0141612 0.0193341
v 0.0252128 0.0139227 0.0203804
v 0.0253034 0.0137994 0.0201962
v 0.0252928 0.0138685 0.0201216
v 0.025418 0.0138558 0.019914
v 0.0256653 0.0139492 0.019613
v 0.0259299 0.014049 0.0194153
v 0.0250803 0.0153733 0.0220611
v 0.0252295 0.0138468 0.0205643
v 0.0242376 0.0146156 0.0201086
v 0.0246839 0.0145131 0.0201413
v 0.0244746 0.014596 0.0201305
v 0.0248935 0.0143891 0.0202031
v 0.0246585 0.017364 0.0229664
v 0.0252337 0.016571 0.0236292
v 0.0252084 0.0140939 0.0208382
v 0.0242334 0.0163407 0.0221076
v 0.0250668 0.0166668 0.0230633
v 0.0245572 0.01577 0.0216169
v 0.024679 0.0175977 0.0230638
v 0.0251994 0.0175333 0.023735
v 0.0252335 0.0174795 0.0239999
v 0.0242334 0.0174498 0.0229545
v 0.0244318 0.0174712 0.0229828
v 0.0249405 0.017388 0.0232455
v 0.0247334 0.0174422 0.0230961
v 0.0242306 0.0176584 0.0230001
v 0.0249018 0.0193231 0.023651
v 0.0252344 0.0184786 0.0280322
v 0.0251688 0.0184635 0.023973
v 0.0245935 0.0176528 0.0230584
v 0.0248978 0.0176511 0.0232476
v 0.0250692 0.0176261 0.023452
v 0.025199 0.0176263 0.0236861
v 0.015627 0.0176744 0.0231956
v 0.0152697 0.017692 0.0236874
v 0.015447 0.0189529 0.0240001
v 0.0214971 0.022345 0.0240001
v 0.0223174 0.0222265 0.0264039
v 0.0239754 0.0196384 0.0230257
v 0.0223903 0.0213541 0.0230317
v 0.021348 0.0217744 0.0230317
v 0.0202335 0.0219175 0.0230317
v 0.0191343 0.0217855 0.0230368
v 0.0182042 0.0211553 0.0230097
v 0.0164386 0.0197839 0.0230444
v 0.0159864 0.0187509 0.0230444
v 0.016003 0.0176847 0.0230137
v 0.0155119 0.0189303 0.0236137
v 0.0164995 0.020836 0.0237156
v 0.0162901 0.0202739 0.0233055
v 0.0178294 0.0218533 0.0236843
v 0.0189844 0.0222778 0.0236137
v 0.0181054 0.0213891 0.0230437
v 0.0208549 0.0224587 0.0236669
v 0.020694 0.0224254 0.0235584
v 0.0230656 0.0215037 0.0234577
v 0.0233547 0.0207488 0.0231341
v 0.0240878 0.0207007 0.0236952
v 0.0247395 0.0188682 0.023293
v 0.0239572 0.0205204 0.0232114
v 0.0162334 0.0176081 0.0229976
v 0.0153111 0.0174949 0.0235943
v 0.0152328 0.017499 0.0240015
v 0.0157809 0.017568 0.0231036
v 0.0155721 0.0176143 0.0232438
v 0.0153976 0.0176262 0.023452
v 0.0162334 0.0173781 0.0229142
v 0.0160161 0.0173789 0.022942
v 0.0154802 0.0164886 0.0227162
v 0.0152659 0.0159211 0.0228314
v 0.0152464 0.0170309 0.023679
v 0.0160376 0.0175788 0.0230143
v 0.0155263 0.017388 0.0232455
v 0.0152389 0.0157855 0.022826
v 0.0162334 0.0170411 0.0226757
v 0.0160386 0.0163895 0.0221743
v 0.0162307 0.0163269 0.0220953
v 0.0153034 0.0159593 0.0225953
v 0.015231 0.0156535 0.0228582
v 0.0157852 0.016288 0.0221992
v 0.0156232 0.0162366 0.0222804
v 0.0154789 0.016158 0.0223957
v 0.0160326 0.0162947 0.0220912
v 0.01619 0.0162196 0.0219835
v 0.0160621 0.016081 0.0217699
v 0.0155561 0.0159902 0.0213731
v 0.0146752 0.0157736 0.0214703
v 0.014985 0.0156073 0.0220374
v 0.0150896 0.0156918 0.0221081
v 0.0151712 0.0155411 0.0226105
v 0.0152216 0.0157245 0.0225514
v 0.0152046 0.0159938 0.0211865
v 0.0153182 0.0158982 0.0224031
v 0.0152145 0.0158085 0.0221064
v 0.0149288 0.0158575 0.0215249
v 0.0147138 0.0159307 0.0212436
v 0.0154398 0.0159683 0.0220995
v 0.0157342 0.0160783 0.0219098
v 0.0146288 0.0160242 0.0210527
v 0.0151024 0.0159159 0.0215121
v 0.0155705 0.0160334 0.0219936
v 0.0159085 0.016095 0.0218424
v 0.0152158 0.0159655 0.0214009
v 0.0173482 0.0161107 0.0208776
v 0.0176684 0.0160115 0.0211087
v 0.0192334 0.0163269 0.0220953
v 0.0183911 0.01606 0.0217364
v 0.0179927 0.0159928 0.0214614
v 0.0175532 0.0160887 0.0208877
v 0.0182848 0.015586 0.0203515
v 0.0184808 0.0152775 0.0204528
v 0.0186448 0.0157245 0.0212685
v 0.0181771 0.0157992 0.0203159
v 0.0182446 0.0157246 0.0206011
v 0.0183949 0.015725 0.0209469
v 0.0186731 0.01586 0.0214545
v 0.0190014 0.0161223 0.0218764
v 0.0180092 0.0159659 0.0205437
v 0.0181038 0.0158875 0.020891
v 0.018208 0.0158408 0.0209297
v 0.0183684 0.0158586 0.0212207
v 0.0186054 0.015943 0.0215392
v 0.0178103 0.016068 0.020682
v 0.017959 0.0159651 0.0210589
v 0.0184082 0.0159946 0.0215644
v 0.0188026 0.0160834 0.0218049
v 0.0176236 0.0161141 0.0207759
v 0.0181596 0.0158728 0.0201521
v 0.0182168 0.0157288 0.0200429
v 0.01798 0.0161195 0.0202944
v 0.0177788 0.0162186 0.020444
v 0.0176037 0.0162811 0.0205096
v 0.0182275 -0.0156818 0.0201608
v 0.0176671 -0.0170714 0.0193041
v 0.0179033 -0.0160669 0.0205052
v 0.0183723 -0.0155497 0.0206188
v 0.0192334 -0.0163124 0.0220953
v 0.0180455 -0.0159649 0.0214029
v 0.0186086 -0.0155831 0.021058
v 0.0182737 -0.0155843 0.0203037
v 0.0174839 -0.0161078 0.020832
v 0.0187213 -0.0161173 0.021863
v 0.0176778 -0.0160788 0.0207823
v 0.0178441 -0.0159873 0.0209971
v 0.0178161 -0.0159841 0.0211247
v 0.0183786 -0.0159928 0.0215865
v 0.0179196 -0.0159981 0.0206641
v 0.0180985 -0.0158921 0.0209361
v 0.0181718 -0.0158921 0.0210994
v 0.0185123 -0.0159267 0.0214914
v 0.0186911 -0.0160058 0.0216796
v 0.0189649 -0.016133 0.0218987
v 0.0180994 -0.0158634 0.0205206
v 0.0182953 -0.015734 0.0208298
v 0.0186544 -0.0158261 0.0214135
v 0.018196 -0.0157433 0.020421
v 0.0189499 -0.0159456 0.0216983
v 0.0222334 0.0175599 0.0229903
v 0.0202334 0.0175599 0.0229903
v 0.0182334 0.0175599 0.0229903
v 0.0222334 0.0174653 0.0229613
v 0.0202334 0.0174653 0.0229613
v 0.0182334 0.0174653 0.0229613
v 0.0182334 -0.0175454 0.0229903
v 0.0202334 -0.0175454 0.0229903
v 0.0222334 -0.0175454 0.0229903
v 0.0182334 -0.0174507 0.0229613
v 0.0202334 -0.0174507 0.0229613
v 0.0222334 -0.0174507 0.0229613
v -0.00882631 -0.00292759 0.030762
v -0.00935987 -0.000415041 0.0309712
v -0.00897903 0.00246963 0.0306912
v -0.00907559 -0.00420481 0.0295989
v -0.00974743 -0.00330175 0.0297839
v -0.0101095 0.000170779 0.0300105
v -0.00946673 0.00302046 0.0298586
v -0.00989674 0.00019255 0.0300695
v -0.00915529 -0.00325477 0.029946
v -0.00976188 -0.00101695 0.0301322
v -0.00874986 0.00429156 0.0297085
v -0.00937317 -0.001909 0.0302005
v -0.00893783 0.00336332 0.0301114
v -0.00850835 -0.00404722 0.0301147
v -0.00942243 0.00128386 0.0303939
v -0.00915348 -0.00189826 0.0305352
v -0.0093675 0.00103352 0.0305399
v -0.00833655 0.00425242 0.0302853
v -0.00838394 -0.00412613 0.0303739
v -0.00729748 0.00611293 0.0292249
v -0.00751672 0.00611355 0.0291367
v -0.00724855 0.00612183 0.0292664
v -0.00746906 -0.00611434 0.0291207
v -0.00679088 -0.00682915 0.0282252
v -0.00721214 -0.006113 0.0293219
v -0.00512653 0.00813572 0.0278347
v -0.00311999 0.00928048 0.0272247
v -0.000250977 0.00999819 0.0268083
v 0.00302768 0.00974053 0.0270658
v 0.00537866 0.00890687 0.0275404
v 0.00720215 0.00764145 0.0281597
v 0.00897836 0.00566599 0.0290564
v 0.00950665 0.00484224 0.0292352
v 0.0101168 0.00353545 0.0295376
v 0.0105179 0.00218541 0.0297568
v 0.0107746 -0.000937857 0.0305761
v 0.00971325 -0.00439306 0.0294347
v 0.00896808 -0.0056664 0.0290513
v 0.00576019 -0.00863748 0.0277238
v 0.00514255 -0.00898202 0.0274265
v -0.00461025 -0.00838656 0.0287186
v -0.00549996 -0.00781224 0.0281578
v -0.00537747 -0.0080083 0.0276915
v -0.00635872 -0.00797129 0.0273378
v -0.00531261 0.00857988 0.0270861
v -0.00208975 0.0100314 0.0263145
v 0.000577434 0.0103553 0.0261326
v 0.00375317 0.010002 0.0263357
v 0.00638341 0.0089052 0.0269213
v 0.00853219 0.0072314 0.0276739
v 0.0103662 0.0047455 0.0284585
v 0.0112568 0.00207147 0.0289419
v 0.0115596 -0.000826765 0.0290094
v 0.0101165 -0.00499516 0.0284101
v 0.00746213 -0.0078566 0.0274892
v 0.00622146 -0.00872237 0.027085
v 0.00292718 -0.0101208 0.0262664
v -2.90799e-05 -0.0103627 0.0261125
v -0.00217306 -0.00999646 0.0263259
v -0.00495762 -0.00880882 0.0269644
v -0.000524749 0.0100844 0.0263841
v 0.00182339 0.010162 0.0263285
v 0.00547915 0.00913074 0.0269318
v 0.00737856 0.00792823 0.0274692
v 0.00843008 0.00697123 0.0278615
v 0.00934043 0.00587972 0.02824
v 0.0109825 0.00206809 0.0290745
v 0.0111691 -0.000765809 0.0291689
v 0.00188258 -0.0100092 0.0265857
v -5.50798e-05 -0.010117 0.026394
v -0.00351 -0.00943072 0.0266591
v -0.00534192 -0.00821185 0.0274102
v -0.00546215 -0.00830055 0.027263
v -0.00167575 -0.00997016 0.0263992
v -0.00012312 -0.0101905 0.0262802
v 0.00296089 -0.00999467 0.026396
v 0.00480337 -0.00946894 0.0266594
v 0.0105321 -0.0041987 0.0286312
v 0.0113458 -0.000781541 0.0290734
v 0.0101546 0.00461751 0.0285716
v 0.00540266 0.00923937 0.0267866
v 0.00339078 0.00997575 0.0263853
v -0.00262415 0.009834 0.0264407
v -0.00281578 0.00965519 0.0265928
v -0.00478629 0.00878799 0.0270168
v -0.00485294 0.00847526 0.0273534
v -0.00365907 0.00913297 0.0270203
v -0.00193702 0.00975188 0.0266687
v 0.00100151 0.0100993 0.0264594
v 0.00323364 0.00981574 0.0266422
v 0.00592311 0.00872439 0.0272485
v 0.00815412 0.00697261 0.0280447
v 0.00980338 0.0046987 0.0287857
v 0.0107271 0.00217628 0.029265
v 0.0109304 0.00138364 0.029243
v 0.0104753 -0.00351616 0.02891
v 0.00904841 -0.00597874 0.0283474
v -3.80001e-06 -0.0100612 0.0265134
v -0.00415259 -0.00886094 0.0271911
v 0.0109476 -0.000747544 0.0293666
v 0.0102849 -0.00348647 0.0291393
v 0.00785332 -0.00725908 0.0278987
v 0.00435663 -0.00937931 0.027025
v 0.00295445 -0.00980025 0.0267773
v 3.67943e-05 -0.0100229 0.0266354
v -0.00279591 -0.00944704 0.026905
v -0.00560581 0.00775572 0.0280411
v 0.00198883 0.0099399 0.0268542
v 0.00443127 0.00933429 0.0271988
v 0.00822657 0.00664078 0.0285915
v 0.0106648 -0.00202804 0.029722
v 0.00723516 -0.00763822 0.0281401
v 0.00259542 -0.00986202 0.0269283
v 0.000470038 -0.010004 0.0268205
v -0.0010147 -0.00985596 0.0269169
v -0.00258851 -0.00944916 0.0271315
v -0.00502348 -0.00821052 0.0277807
v 0.00689664 -0.00794776 0.0278243
v 0.00890316 -0.00594561 0.0285547
v 0.0097121 -0.0046886 0.0291721
v 0.0108001 -0.000741536 0.0296306
v 0.0107092 0.00137719 0.0295796
v 0.0104172 0.00275881 0.0294198
v 0.00965981 0.00469871 0.0290251
v 0.00802518 0.00695627 0.0282613
v 0.00582212 0.0086872 0.0274478
v 0.00317723 0.00975864 0.0268377
v 0.000283636 0.0100462 0.0266642
v -0.00257275 0.00950007 0.0270033
v -0.00517186 0.00822393 0.0275288
v 0.0152334 -0.0136999 0.0249096
v 0.0152334 -0.0114234 0.0266166
v 0.0152335 -0.00891874 0.0280069
v 0.015231 -0.00891327 0.0279201
v 0.0152123 -0.00877491 0.0278525
v 0.0148522 -0.00839029 0.02738
v 0.0145659 -0.00852032 0.027157
v 0.0143864 -0.00851238 0.0271096
v 0.014865 -0.0114649 0.0255959
v 0.0151994 -0.0117815 0.0260654
v 0.0147334 -0.0140706 0.0233943
v 0.0149405 -0.0141782 0.0235113
v 0.0152045 -0.0155948 0.0227148
v 0.0151994 -0.0144846 0.0238387
v 0.0153867 -0.00441297 0.0286867
v 0.0153266 -0.00220906 0.0289168
v 0.0151299 0.000930111 0.0289882
v 0.0151214 -0.00212868 0.0289083
v 0.0147515 -0.00597924 0.0282187
v 0.0153182 -0.0039226 0.0287381
v 0.0153431 -0.00514404 0.0285794
v 0.015514 -0.00849543 0.0286984
v 0.0153203 -0.00890665 0.0284176
v 0.0152393 -0.00859961 0.0281428
v 0.0152347 -0.00887535 0.0280469
v 0.0151962 -0.00775563 0.0281794
v 0.0152151 -0.00854997 0.0279894
v 0.015213 -0.00838361 0.0280638
v 0.0152131 -0.00811159 0.0281494
v 0.0152008 -0.00805503 0.0281286
v 0.015327 -0.0065909 0.0284681
v 0.0151635 -0.0054517 0.0284967
v 0.0150718 -0.00565856 0.0284361
v 0.0151303 -0.00820829 0.0278558
v 0.0151268 -0.00777892 0.0280154
v 0.015092 -0.00685407 0.028226
v 0.0151685 -0.00612421 0.0283883
v 0.0150402 -0.00398803 0.0286887
v 0.0148221 -0.00449677 0.028562
v 0.0150369 -0.00752007 0.0279651
v 0.0149974 -0.00655816 0.0282145
v 0.0149184 -0.00591199 0.0283229
v 0.0151337 -0.00778521 0.0280272
v 0.0151193 -0.00725436 0.0281582
v 0.0151173 -0.00658065 0.028295
v 0.0154541 -0.00623965 0.0286117
v 0.0151727 -0.00805691 0.0280271
v 0.0152288 -0.00873206 0.0280134
v 0.0152617 -0.0083437 0.0282687
v 0.0152621 -0.00810739 0.0282874
v 0.0152577 -0.00732459 0.028334
v 0.0154333 -0.00749909 0.0285875
v 0.0152039 -0.00670971 0.0283282
v 0.0151654 -0.00724501 0.0282197
v 0.0151569 -0.00745025 0.028168
v 0.0151616 -0.00795623 0.0280334
v 0.0152371 -0.0060125 0.0284283
v 0.0151612 -0.00658401 0.0283146
v 0.0151429 -0.00700766 0.0282356
v 0.0151436 -0.0078426 0.0280287
v 0.0152334 -0.0174927 0.0280001
v 0.015312 -0.0174928 0.0284077
v 0.0156392 -0.0174925 0.0288138
v 0.0160538 -0.018334 0.0289677
v 0.0162809 -0.0181905 0.0290003
v 0.0162334 -0.008937 0.0290001
v 0.0159771 -0.00890993 0.0289678
v 0.0157202 -0.00866652 0.0288578
v 0.0152555 -0.00886088 0.0282241
v 0.0153674 -0.0131701 0.0285001
v 0.0156091 -0.0107157 0.028793
v 0.0159746 -0.0131701 0.0289661
v 0.0162334 0.0175073 0.0290001
v 0.0156936 0.0175065 0.0288671
v 0.0153567 0.018453 0.0283565
v 0.0152334 0.0175073 0.0280001
v 0.0152334 0.00895097 0.0280006
v 0.0152355 0.00889903 0.0280605
v 0.0152874 0.00898008 0.0283611
v 0.0159805 0.0087003 0.0289691
v 0.0162334 0.00895154 0.0290001
v 0.0158487 0.0129378 0.0289293
v 0.0155128 0.00833649 0.0286941
v 0.0153674 0.0131846 0.0285001
v 0.0152675 0.0131846 0.028259
v 0.0143864 0.00852692 0.0271096
v 0.0145659 0.00853486 0.027157
v 0.0148724 0.00845416 0.0273738
v 0.0151128 0.00841311 0.0277305
v 0.0151871 0.00869124 0.0277926
v 0.0152326 0.00888609 0.0279778
v 0.0152334 0.0114379 0.0266166
v 0.0152334 0.0137145 0.0249096
v 0.0147777 0.0126515 0.0247533
v 0.0150995 0.0143341 0.0236628
v 0.0144123 0.011424 0.0254323
v 0.0151323 0.0125483 0.0253195
v 0.0151994 0.011796 0.0260654
v 0.0190169 -0.0147516 0.0203341
v 0.0192334 -0.0156267 0.0214217
v 0.0182675 -0.015095 0.0195032
v 0.0184708 -0.0148624 0.019962
v 0.0252334 -0.0174927 0.0280001
v 0.0249957 -0.0190978 0.0282926
v 0.0248975 -0.0174916 0.0288012
v 0.0242334 -0.0174927 0.0290001
v 0.0244115 -0.0186736 0.028954
v 0.0222334 -0.0209568 0.0290001
v 0.0212687 -0.0213564 0.0290001
v 0.0202334 -0.0214927 0.0290001
v 0.0191982 -0.0213564 0.0290001
v 0.0182334 -0.0209568 0.0290001
v 0.0171545 -0.0203104 0.0289912
v 0.0154361 -0.0187782 0.0283167
v 0.0161875 -0.02034 0.0285103
v 0.0170602 -0.0212885 0.0285107
v 0.0181483 -0.0219794 0.028511
v 0.019378 -0.0223657 0.0285114
v 0.0206713 -0.022423 0.0285078
v 0.0219718 -0.0221166 0.0285146
v 0.02311 -0.0215091 0.028514
v 0.024052 -0.0206275 0.0285135
v 0.0246519 -0.0201082 0.0259941
v 0.0248676 -0.0187406 0.0286148
v 0.0238907 -0.0197462 0.0289765
v 0.0233099 -0.0206157 0.0289324
v 0.0218578 -0.0215972 0.0289354
v 0.0195879 -0.0218595 0.0289354
v 0.0175014 -0.020981 0.0289275
v 0.0165452 -0.0196221 0.0289661
v 0.0160741 -0.0198872 0.0286148
v 0.0158992 -0.0190093 0.0288373
v 0.0242334 0.0175073 0.0290001
v 0.0246656 0.0176251 0.02893
v 0.0251549 0.0175073 0.0284077
v 0.0252334 0.0175073 0.0280001
v 0.0193638 0.0225806 0.0264886
v 0.0166979 0.0210428 0.0280001
v 0.0163742 0.0197154 0.028941
v 0.0171249 0.0206564 0.0289564
v 0.0182334 0.0209714 0.0290001
v 0.0191982 0.021371 0.0290001
v 0.0202334 0.0215073 0.0290001
v 0.0212687 0.021371 0.0290001
v 0.0222334 0.0209714 0.0290001
v 0.0241034 0.0196677 0.0289436
v 0.0245383 0.0186067 0.0289359
v 0.024535 0.01999 0.0283167
v 0.0237464 0.0210182 0.0283167
v 0.0233408 0.020727 0.0289151
v 0.0227015 0.0217765 0.0283866
v 0.0220485 0.0217776 0.0288099
v 0.0208737 0.021743 0.0289689
v 0.0211736 0.0222316 0.0286971
v 0.0189598 0.0222713 0.0283866
v 0.0199189 0.0223139 0.0286971
v 0.0181848 0.0212917 0.0289813
v 0.017846 0.0217002 0.0286355
v 0.0171164 0.0213911 0.0283616
v 0.0156479 0.0194471 0.028379
v 0.0158749 0.0194911 0.0286795
v 0.0158868 0.018672 0.0288662
v 0.0188918 -0.0144309 0.0190193
v 0.0184973 -0.0146299 0.0191545
v 0.0183599 -0.0148589 0.0190874
v 0.0182864 -0.016553 0.0162928
v 0.0186036 -0.0145242 0.0193064
v 0.0182675 -0.0150575 0.0193915
v 0.0188436 -0.0144099 0.0196167
v 0.0185263 -0.0146449 0.0195923
v 0.0182675 -0.0150698 0.0194495
v 0.0246128 -0.0124927 0.0289161
v 0.0244922 -0.00749273 0.0289661
v 0.0244922 -0.00249273 0.0289661
v 0.0244922 0.00250727 0.0289661
v 0.0244922 0.00750727 0.0289661
v 0.0247852 7.2699e-06 0.0288264
v 0.0247334 0.00750727 0.0288662
v 0.0250597 -0.00999273 0.0285519
v 0.024837 -0.00749273 0.0287867
v 0.02502 -0.00249273 0.0286037
v 0.024837 0.0125073 0.0287867
v 0.0250995 0.00250727 0.0285001
v 0.0250597 0.0100073 0.0285519
v 0.0251994 -0.0124927 0.028259
v 0.0251994 -0.00749273 0.028259
v 0.0251994 -0.00249273 0.028259
v 0.0251994 0.00250727 0.028259
v 0.0251994 0.00750727 0.028259
v 0.0251994 0.0125073 0.028259
v 0.0189294 0.0156238 0.0213676
v 0.0192334 0.0144792 0.0198931
v 0.018839 0.0148248 0.0203262
v 0.0192334 0.0143817 0.0196856
v 0.0190029 0.014374 0.0196339
v 0.0192334 0.0145014 0.0188067
v 0.0182956 0.0150697 0.0190543
v 0.0186357 0.0145306 0.0195339
v 0.0183983 0.0147501 0.019424
v 0.0183009 0.0149903 0.0195732
v 0.0183024 0.0150326 0.0196184
v 0.0190398 0.0143526 0.0192403
v 0.0186188 0.0145367 0.019266
v 0.0182675 0.0150732 0.0193322
v 0.0187939 0.0144504 0.0190396
v 0.0259746 -0.00580019 0.0241618
v 0.0259746 -0.00991022 0.0217888
v 0.0257701 -0.00201669 0.0264335
v 0.0255263 -0.0059296 0.0243859
v 0.0253674 -0.00603315 0.0245653
v 0.0255134 -0.00806806 0.0231295
v 0.0252675 -0.00615374 0.0247741
v 0.0252675 -0.0102638 0.0224012
v 0.0233557 0.0143961 0.0190088
v 0.0233557 0.0143388 0.0192322
v 0.0233557 0.0143817 0.0196856
v 0.0188055 0.0147505 0.0184821
v 0.0252333 -0.000554626 0.027512
v 0.0263709 -5.2171e-05 0.0265064
v 0.0252675 0.0102783 0.0224012
v 0.025348 0.00620817 0.0244695
v 0.0253674 0.0101577 0.0221923
v 0.0255263 0.00594414 0.0243859
v 0.0257334 0.00586468 0.0242483
v 0.0257334 0.00997471 0.0218753
v 0.0259746 0.00581473 0.0241618
v 0.0259746 0.00992476 0.0217888
v 0.0146137 -1.35779e-05 0.0288916
v 0.0145252 8.53811e-06 0.0288952
v 0.0143578 0.000264817 0.0289701
v 0.0142661 -0.00141441 0.0289474
v 0.0142561 -0.00490604 0.0283864
v 0.0147348 -0.0076123 0.0276348
v 0.0142518 -0.00762582 0.0274862
v 0.0142793 -0.000524217 0.028996
v 0.0144731 -0.00113066 0.0288875
v 0.014553 -0.000806667 0.0288782
v 0.0146257 -0.00102441 0.0288786
v 0.0149968 -0.000624101 0.0289769
v 0.0142937 -0.00487316 0.0283897
v 0.0143263 -0.00483584 0.0283915
v 0.0143406 -0.00481721 0.0283922
v 0.0143994 -0.0047372 0.0283988
v 0.0144182 -0.00471485 0.0284033
v 0.0144381 -0.00469461 0.0284096
v 0.0144597 -0.00467705 0.0284181
v 0.0144834 -0.00466279 0.0284292
v 0.0146095 -0.00433797 0.0285455
v 0.0145182 -0.00399623 0.028565
v 0.01449 -0.00401257 0.0285534
v 0.0144643 -0.00403279 0.028545
v 0.0144407 -0.00405623 0.0285395
v 0.0144187 -0.00408222 0.0285362
v 0.0143512 -0.00417634 0.028535
v 0.0143352 -0.00419855 0.0285355
v 0.0142991 -0.00424351 0.0285358
v 0.014258 -0.004284 0.0285333
v 0.0142523 -0.00672822 0.0278315
v 0.0142855 -0.00671725 0.0278337
v 0.0143168 -0.00670219 0.0278372
v 0.0143313 -0.00669402 0.0278393
v 0.0143926 -0.00665572 0.0278532
v 0.0144118 -0.0066443 0.0278592
v 0.0144315 -0.00663369 0.0278662
v 0.0144519 -0.00662428 0.0278741
v 0.0144733 -0.00661644 0.0278832
v 0.0147202 -0.00621029 0.0281317
v 0.0145541 -0.00563195 0.028221
v 0.0144626 -0.00564376 0.0281816
v 0.014442 -0.00565501 0.0281717
v 0.0144228 -0.00566865 0.0281634
v 0.0144047 -0.00568421 0.0281565
v 0.0143873 -0.00570119 0.028151
v 0.0143319 -0.00576029 0.0281396
v 0.0143184 -0.00577359 0.0281379
v 0.014288 -0.00579942 0.0281347
v 0.0142538 -0.0058208 0.0281315
v 0.0145602 -0.00688461 0.0278249
v 0.0145096 -0.00757668 0.0275397
v 0.0144846 -0.00758025 0.0275307
v 0.0144601 -0.00758467 0.0275226
v 0.014436 -0.00758973 0.0275153
v 0.0144124 -0.00759519 0.0275088
v 0.0143381 -0.00761298 0.0274935
v 0.0143213 -0.00761653 0.0274911
v 0.0142864 -0.00762254 0.0274877
v 0.0148956 -0.00264717 0.0288332
v 0.014683 -0.00300319 0.0287613
v 0.0146026 -0.00252014 0.028778
v 0.0145633 -0.00253733 0.0287662
v 0.0145278 -0.00255899 0.0287597
v 0.0144954 -0.00258445 0.0287575
v 0.0144654 -0.00261301 0.0287588
v 0.0143767 -0.00271908 0.0287769
v 0.0143564 -0.00274479 0.0287819
v 0.0143119 -0.00279798 0.0287904
v 0.0142626 -0.00284778 0.0287936
v 0.0148343 -0.00118113 0.0289266
v 0.0146071 -0.00118982 0.0288675
v 0.0145658 -0.00120424 0.0288633
v 0.0145282 -0.00122152 0.0288649
v 0.0144938 -0.00124123 0.0288711
v 0.0143709 -0.00133561 0.0289192
v 0.0143211 -0.00137554 0.0289371
v 0.0146882 0.00100281 0.0288971
v 0.014436 0.00760427 0.0275153
v 0.0142864 0.00763707 0.0274877
v 0.0147504 0.00669242 0.0280011
v 0.0148229 0.00442007 0.028583
v 0.0150329 0.00085413 0.0289695
v 0.0146026 0.00759383 0.0275743
v 0.0146083 0.00565706 0.0282567
v 0.0146588 0.00401369 0.0286112
v 0.0146977 0.00223242 0.0288388
v 0.0149201 0.00217269 0.02889
v 0.0149017 0.00079094 0.0289518
v 0.0144846 0.00759479 0.0275307
v 0.0144519 0.00663882 0.0278741
v 0.014442 0.00566954 0.0281717
v 0.0144597 0.00469159 0.0284181
v 0.01449 0.00402711 0.0285534
v 0.0145633 0.00255187 0.0287662
v 0.0146071 0.00120435 0.0288675
v 0.0146026 0.00253467 0.028778
v 0.0145182 0.00401077 0.028565
v 0.0144834 0.00467732 0.0284292
v 0.0144626 0.0056583 0.0281816
v 0.0144733 0.00663098 0.0278832
v 0.0145096 0.00759122 0.0275397
v 0.0143381 0.00762752 0.0274935
v 0.0143313 0.00670855 0.0278393
v 0.0143319 0.00577483 0.0281396
v 0.0143406 0.00483175 0.0283922
v 0.0143512 0.00419088 0.028535
v 0.0143767 0.00273362 0.0287769
v 0.0143935 0.00133127 0.0289094
v 0.0144938 0.00125577 0.0288711
v 0.0144654 0.00262755 0.0287588
v 0.0144187 0.00409676 0.0285362
v 0.0143994 0.00475174 0.0283988
v 0.0143873 0.00571573 0.028151
v 0.0143926 0.00667026 0.0278532
v 0.0144124 0.00760973 0.0275088
v 0.0142829 0.000944496 0.0289784
v 0.0142661 0.00142895 0.0289474
v 0.0142626 0.00286231 0.0287936
v 0.014258 0.00429854 0.0285333
v 0.0142561 0.00492058 0.0283864
v 0.0142538 0.00583534 0.0281315
v 0.0142523 0.00674276 0.0278315
v 0.0143211 0.00139008 0.0289371
v 0.0143119 0.00281251 0.0287904
v 0.0142991 0.00425805 0.0285358
v 0.0142937 0.00488769 0.0283897
v 0.014288 0.00581396 0.0281347
v 0.0142855 0.00673179 0.0278337
v 0.0143213 0.00763107 0.0274911
v 0.0143709 0.00135015 0.0289192
v 0.0143564 0.00275933 0.0287819
v 0.0143352 0.00421308 0.0285355
v 0.0143263 0.00485038 0.0283915
v 0.0143184 0.00578812 0.0281379
v 0.0143168 0.00671673 0.0278372
v 0.0145658 0.00121878 0.0288633
v 0.0145278 0.00257353 0.0287597
v 0.0144643 0.00404733 0.028545
v 0.0144381 0.00470914 0.0284096
v 0.0144228 0.00568319 0.0281634
v 0.0144315 0.00664823 0.0278662
v 0.0144601 0.00759921 0.0275226
v 0.0144118 0.00665883 0.0278592
v 0.0144047 0.00569875 0.0281565
v 0.0144182 0.00472939 0.0284033
v 0.0144407 0.00407076 0.0285395
v 0.0144954 0.00259898 0.0287575
v 0.0145282 0.00123606 0.0288649
v 0.0145511 0.000867954 0.0288738
v 0.0145734 0.00399267 0.0285878
v 0.0145299 0.00466126 0.0284508
v 0.0145034 0.00564519 0.0282011
v 0.0145156 0.00662168 0.0279014
v 0.0153052 0.00206348 0.0289255
v 0.0153961 0.00435111 0.0287029
v 0.0148814 0.00527452 0.0284408
v 0.0153462 0.00709216 0.0284796
v 0.015465 0.00654433 0.0286175
v 0.0153475 0.00528342 0.0285679
v 0.0153292 0.0048978 0.0286044
v 0.0152989 0.00365139 0.0287734
v 0.0152868 0.00810198 0.0283556
v 0.0152242 0.00672901 0.0283453
v 0.0152062 0.00498216 0.0285744
v 0.0150836 0.00369526 0.0287349
v 0.0152102 0.00789572 0.0281932
v 0.0151562 0.00715647 0.0282272
v 0.0151311 0.006921 0.0282441
v 0.0151525 0.00652773 0.0283236
v 0.015105 0.00641659 0.0283191
v 0.0149029 0.00492575 0.0285118
v 0.0151649 0.00620879 0.0283758
v 0.0151782 0.0070567 0.0282645
v 0.0152418 0.0080443 0.0282484
v 0.0152276 0.00853417 0.0281048
v 0.0151598 0.00759016 0.0281436
v 0.015125 0.00723236 0.0281755
v 0.0148677 0.00641729 0.0281604
v 0.0150548 0.00647813 0.0282766
v 0.0151842 0.00786202 0.0281378
v 0.015235 0.00864148 0.0281268
v 0.015216 0.00844481 0.0280611
v 0.0151912 0.00819121 0.0280471
v 0.0151548 0.00792772 0.0280305
v 0.0151337 0.00779975 0.0280272
v 0.0150901 0.00758013 0.0280229
v 0.0150749 0.00714167 0.0281374
v 0.0152168 0.00880031 0.0278725
v 0.0151958 0.00845896 0.0279406
v 0.0151783 0.00837503 0.027911
v 0.0149952 0.00797105 0.0277332
v 0.0158255 2.92639e-05 0.029102
v 0.0159058 -0.000454284 0.0291091
v 0.0159884 7.26933e-06 0.029089
v 0.0162334 7.27e-06 0.0290001
v 0.0162334 0.00224334 0.0290001
v 0.0162334 0.00671547 0.0290001
v 0.0153936 0.00182461 0.0289554
v 0.016183 0.00133004 0.0290043
v 0.0154278 0.00285157 0.0288879
v 0.0154806 0.00477258 0.028697
v 0.0156053 0.00701636 0.0287454
v 0.0159394 0.000960024 0.0291021
v 0.0153979 0.00101695 0.0289902
v 0.016164 0.00322175 0.029005
v 0.0160509 0.0027945 0.02904
v 0.0159686 0.00224038 0.029072
v 0.0159294 0.00215161 0.0290786
v 0.015891 0.00264194 0.0290596
v 0.0158028 0.0025972 0.0290377
v 0.0156779 0.00292916 0.0289723
v 0.0156602 0.00121049 0.0290416
v 0.0158276 0.00115477 0.0290933
v 0.0158417 0.00123788 0.0290936
v 0.0158783 0.00220131 0.0290766
v 0.0160686 0.0015861 0.029045
v 0.0159751 0.00353171 0.0290355
v 0.0159154 0.00341734 0.0290311
v 0.0158403 0.00337529 0.0290116
v 0.016216 0.0043811 0.0290005
v 0.0161019 0.00435397 0.0290075
v 0.0158572 0.00413738 0.0289707
v 0.0161816 0.00496649 0.0290005
v 0.0160818 0.00436588 0.0290091
v 0.0159681 0.0044508 0.0289941
v 0.0158917 0.00449643 0.0289656
v 0.0160576 0.00533427 0.0289915
v 0.0158493 0.00491845 0.0289254
v 0.0157353 0.00506416 0.0288481
v 0.0156867 0.00446398 0.0288514
v 0.01619 0.00590078 0.0289997
v 0.0159833 0.00579239 0.028965
v 0.0159491 0.00577019 0.0289523
v 0.0159223 0.00538698 0.0289465
v 0.0157837 0.00567858 0.0288653
v 0.0155301 0.0057771 0.0286821
v 0.0161917 0.00707613 0.0289991
v 0.0161027 0.00642222 0.028991
v 0.0160025 0.00705075 0.0289652
v 0.0159667 0.00696354 0.0289531
v 0.0159338 0.00694867 0.0289402
v 0.015861 0.00601748 0.0289058
v 0.0156907 0.00692625 0.0288065
v 0.0156202 0.00830316 0.0287841
v 0.0157202 0.00868107 0.0288578
v 0.0158937 0.0083196 0.0289353
v 0.015925 0.00832584 0.0289465
v 0.015956 0.00833244 0.0289566
v 0.0159865 0.00833923 0.0289655
v 0.0160556 0.00842571 0.0289823
v 0.0161927 0.00830424 0.0289992
v 0.016127 0.00837111 0.0289933
v 0.0161077 0.0071329 0.0289905
v 0.0159727 0.00735796 0.0289564
v 0.0159407 0.00734517 0.0289448
v 0.0159081 0.00733331 0.0289316
v 0.0158343 0.00693052 0.0288929
v 0.0162334 -0.00670094 0.0290001
v 0.0161882 -0.00595784 0.0289997
v 0.0161912 -0.00445362 0.0290009
v 0.0161907 -0.00370105 0.0290016
v 0.0161898 -0.00299565 0.029002
v 0.0161836 -0.00163648 0.029004
v 0.0159865 -0.00832469 0.0289655
v 0.0161528 -0.000148761 0.0290117
v 0.0161272 -0.00835468 0.0289933
v 0.0155783 -0.00693119 0.0287219
v 0.0155301 -0.00576256 0.0286821
v 0.0154944 -0.00481036 0.0286996
v 0.0154821 -0.0042107 0.028756
v 0.0154674 -0.00344721 0.0288394
v 0.0154158 -0.00116812 0.0289884
v 0.0157103 -0.00611764 0.0288113
v 0.0158148 -0.00453397 0.0289239
v 0.0156912 -0.00306932 0.0289678
v 0.0155754 -0.000623877 0.0290349
v 0.015398 -0.0020088 0.0289452
v 0.0154757 -0.00266955 0.0289147
v 0.015597 -0.0038589 0.0288514
v 0.0155262 -0.0049562 0.0287127
v 0.0155544 -0.00573809 0.0287017
v 0.0156072 -0.00738124 0.0287548
v 0.015925 -0.00831131 0.0289465
v 0.0159081 -0.00731877 0.0289316
v 0.0159003 -0.0069205 0.0289255
v 0.0158722 -0.00614567 0.0289094
v 0.0158418 -0.00534335 0.0289048
v 0.0158489 -0.00260274 0.0290519
v 0.0158417 -0.00122334 0.0290936
v 0.0158276 -0.00114022 0.0290933
v 0.0158028 -0.00258266 0.0290377
v 0.0158412 -0.0035044 0.0290032
v 0.015815 -0.00728589 0.0288879
v 0.0158937 -0.00830506 0.0289353
v 0.016092 -0.00834833 0.0289884
v 0.0160827 -0.00739194 0.0289858
v 0.0161025 -0.00635431 0.0289911
v 0.0160184 -0.00497354 0.0289895
v 0.0160656 -0.00363231 0.0290221
v 0.0160739 -0.0027692 0.0290336
v 0.0160466 -0.00134234 0.0290568
v 0.0159617 -0.00127932 0.0290896
v 0.0159695 -0.00307234 0.0290485
v 0.0159542 -0.00433957 0.028996
v 0.0159833 -0.00577785 0.028965
v 0.0159987 -0.00696474 0.0289641
v 0.0160041 -0.0073568 0.0289664
v 0.0160166 -0.00833152 0.0289732
v 0.0161922 -0.00482949 0.0290005
v 0.0161002 -0.00507619 0.0289993
v 0.0161507 -0.00707548 0.0289963
v 0.0161965 -0.00836637 0.0289993
v 0.016061 -0.00430335 0.0290091
v 0.0160199 -0.00453079 0.0290012
v 0.0158855 -0.00123931 0.0290982
v 0.015891 -0.0026274 0.0290596
v 0.0159154 -0.00340279 0.0290311
v 0.0159137 -0.00573518 0.0289369
v 0.0159338 -0.00693413 0.0289402
v 0.0159407 -0.00733063 0.0289448
v 0.015956 -0.0083179 0.0289566
v 0.0159727 -0.00734342 0.0289564
v 0.0159667 -0.00694901 0.0289531
v 0.0159491 -0.00575566 0.0289523
v 0.0159238 -0.00494489 0.0289603
v 0.0159182 -0.00412621 0.0289945
v 0.0159297 -0.00265595 0.0290618
v 0.0159253 -0.00125812 0.0290965
v 0.0159567 -0.000919745 0.0290967
v 0.00620349 -0.00836402 0.0400001
v 0.00861531 -0.00624259 0.0400102
v 0.00941005 0.00498459 0.0399885
v 0.0079712 0.00690761 0.0400001
v 0.00252458 0.00984555 0.0400001
v -0.00101804 0.00992041 0.0400001
v -0.00444243 0.00856358 0.0400001
v -0.00803157 0.00521361 0.0400002
v -0.00909614 -0.000867082 0.0399355
v -0.00910485 -0.00178388 0.0400001
v -0.00616691 -0.0072305 0.0400001
v -0.00463636 -0.00842868 0.0400001
f 2 8 15
f 15 8 9
f 15 9 13
f 13 9 12
f 12 9 11
f 11 9 10
f 2 3 4
f 2 4 5
f 2 5 8
f 8 5 6
f 6 7 8
f 13 14 15
f 15 14 1
f 15 19 22
f 15 22 25
f 19 15 18
f 18 15 1
f 18 1 16
f 16 17 18
f 20 21 19
f 19 21 22
f 15 131 23
f 15 23 24
f 15 24 188
f 15 188 2
f 2 188 186
f 2 186 25
f 17 16 29
f 29 16 26
f 29 26 30
f 30 26 31
f 30 31 27
f 28 18 27
f 27 18 30
f 30 18 29
f 29 18 17
f 26 16 34
f 34 16 1
f 34 1 14
f 34 14 33
f 33 14 13
f 33 13 32
f 32 13 12
f 25 22 37
f 25 37 2
f 2 37 38
f 2 38 3
f 3 38 40
f 40 38 39
f 22 35 37
f 37 35 36
f 3 40 316
f 3 41 4
f 4 41 5
f 5 41 42
f 39 38 45
f 45 38 43
f 45 43 46
f 46 43 47
f 46 47 44
f 316 40 44
f 44 40 46
f 46 40 45
f 45 40 39
f 18 28 19
f 19 28 48
f 38 37 43
f 43 37 49
f 12 11 52
f 52 11 10
f 52 10 50
f 50 10 9
f 50 286 55
f 55 286 51
f 55 51 12
f 12 51 32
f 52 53 12
f 12 53 54
f 12 54 55
f 55 54 50
f 50 54 53
f 53 52 50
f 9 8 50
f 50 8 56
f 67 57 63
f 67 63 64
f 63 57 59
f 63 59 62
f 62 59 60
f 62 60 61
f 59 57 58
f 65 66 64
f 64 66 67
f 57 68 80
f 80 68 72
f 80 72 73
f 69 70 68
f 68 70 71
f 71 72 68
f 73 74 80
f 80 74 75
f 80 75 78
f 78 75 77
f 77 75 76
f 78 79 80
f 80 130 57
f 57 130 81
f 57 81 82
f 57 82 83
f 57 83 58
f 58 83 84
f 86 68 85
f 85 68 57
f 85 57 67
f 96 58 92
f 92 58 84
f 92 84 91
f 91 84 90
f 90 84 89
f 89 84 78
f 89 78 87
f 84 79 78
f 87 88 89
f 92 93 96
f 96 93 94
f 96 94 95
f 74 97 75
f 74 73 98
f 74 98 99
f 99 98 101
f 99 101 474
f 73 101 98
f 474 97 99
f 99 97 74
f 72 101 73
f 72 100 101
f 71 102 72
f 72 102 100
f 100 102 103
f 100 103 105
f 105 103 106
f 105 106 107
f 105 107 104
f 91 90 109
f 109 90 110
f 109 110 453
f 453 108 109
f 109 108 91
f 89 110 90
f 71 70 112
f 71 112 102
f 102 112 111
f 111 112 113
f 111 113 86
f 86 113 69
f 69 113 70
f 69 68 86
f 113 112 70
f 61 117 62
f 62 117 118
f 62 118 116
f 116 118 115
f 115 118 114
f 114 118 117
f 114 117 60
f 60 117 61
f 60 59 114
f 116 460 62
f 59 58 114
f 114 58 96
f 114 96 119
f 89 128 110
f 88 127 89
f 20 124 88
f 88 124 126
f 19 123 20
f 48 122 19
f 120 121 48
f 121 122 48
f 19 122 123
f 123 124 20
f 126 124 125
f 126 127 88
f 89 127 128
f 110 128 129
f 25 186 131
f 25 131 15
f 186 130 131
f 131 130 83
f 83 130 79
f 83 79 84
f 130 80 79
f 35 77 36
f 36 77 76
f 87 21 88
f 88 21 20
f 37 139 49
f 49 139 140
f 36 138 37
f 76 137 36
f 75 134 76
f 76 134 136
f 97 133 75
f 97 151 132
f 97 132 133
f 75 133 134
f 136 137 76
f 137 138 36
f 138 139 37
f 77 35 78
f 78 35 22
f 78 22 87
f 87 22 21
f 499 141 523
f 235 136 135
f 235 135 142
f 174 1285 499
f 143 236 235
f 143 235 142
f 499 143 174
f 174 143 142
f 136 134 147
f 147 134 133
f 147 133 1206
f 1206 133 148
f 148 133 150
f 150 133 144
f 145 146 1206
f 146 147 1206
f 150 144 149
f 144 133 152
f 152 133 132
f 474 151 97
f 157 124 155
f 157 155 156
f 241 154 238
f 241 239 157
f 241 157 156
f 136 147 135
f 135 147 142
f 142 147 146
f 146 158 142
f 142 158 174
f 174 158 159
f 174 159 173
f 172 173 171
f 171 160 170
f 1294 160 161
f 1291 163 1290
f 1290 163 1289
f 1289 163 1467
f 1289 1467 168
f 1286 168 169
f 1467 164 168
f 164 165 126
f 126 165 166
f 166 167 126
f 174 1300 1312
f 174 1312 1301
f 1301 1285 174
f 121 176 122
f 122 176 177
f 122 177 178
f 175 178 179
f 175 179 181
f 175 181 182
f 175 182 184
f 175 184 28
f 28 184 183
f 183 184 180
f 183 180 121
f 121 180 176
f 121 120 183
f 183 120 28
f 120 48 28
f 179 178 177
f 181 176 180
f 181 180 182
f 182 180 184
f 181 179 176
f 176 179 177
f 82 185 83
f 130 186 81
f 81 186 187
f 81 187 82
f 82 187 185
f 185 187 188
f 185 188 83
f 83 188 131
f 186 188 187
f 188 24 23
f 188 23 131
f 139 204 196
f 196 204 189
f 196 189 195
f 195 189 214
f 195 214 194
f 194 214 193
f 193 214 219
f 219 206 193
f 193 206 192
f 192 206 191
f 191 206 190
f 178 190 221
f 178 221 224
f 178 224 122
f 204 139 138
f 209 138 208
f 208 138 137
f 217 199 205
f 217 205 200
f 200 205 230
f 224 227 226
f 226 227 228
f 226 228 225
f 208 197 212
f 211 212 210
f 215 213 214
f 212 197 198
f 199 230 205
f 190 220 222
f 190 222 221
f 220 202 203
f 223 207 228
f 223 228 227
f 228 123 225
f 225 123 122
f 225 122 226
f 122 224 226
f 190 206 220
f 220 206 202
f 202 206 218
f 202 218 201
f 201 218 200
f 219 214 216
f 216 214 217
f 215 214 189
f 208 212 209
f 212 211 209
f 209 211 204
f 209 204 138
f 215 210 213
f 213 217 214
f 204 211 210
f 189 204 210
f 189 210 215
f 198 199 210
f 210 199 213
f 217 213 199
f 212 198 210
f 217 200 216
f 219 216 200
f 219 200 218
f 206 219 218
f 220 203 222
f 203 207 222
f 222 207 221
f 224 221 223
f 223 221 207
f 227 224 223
f 208 137 197
f 198 197 199
f 199 197 229
f 199 229 230
f 230 229 1246
f 200 230 1247
f 200 1247 231
f 200 231 201
f 201 231 232
f 232 233 201
f 201 233 202
f 202 233 241
f 202 241 203
f 203 241 156
f 203 156 207
f 207 156 228
f 228 156 155
f 228 155 123
f 123 155 124
f 137 136 235
f 137 235 197
f 197 234 229
f 237 499 523
f 235 236 197
f 197 236 237
f 197 237 234
f 237 236 143
f 237 143 499
f 239 126 125
f 157 125 124
f 125 157 239
f 240 239 241
f 238 169 241
f 169 168 241
f 241 168 240
f 168 164 240
f 240 164 239
f 164 126 239
f 242 243 166
f 243 127 167
f 167 127 126
f 167 166 243
f 128 127 247
f 247 127 243
f 247 243 246
f 246 243 245
f 266 248 257
f 264 257 258
f 253 254 259
f 253 259 252
f 249 250 260
f 249 260 248
f 249 248 266
f 266 257 265
f 265 257 264
f 264 258 256
f 249 261 250
f 250 261 262
f 250 262 251
f 251 262 259
f 259 262 252
f 255 254 263
f 256 263 264
f 267 248 274
f 274 248 260
f 274 260 250
f 274 250 273
f 273 250 251
f 273 251 272
f 272 251 259
f 272 259 271
f 271 259 254
f 271 254 270
f 270 254 269
f 269 254 255
f 269 255 268
f 268 255 263
f 268 263 256
f 268 256 258
f 268 258 257
f 268 257 267
f 267 257 248
f 266 281 249
f 249 281 275
f 249 275 261
f 261 275 262
f 262 275 252
f 252 275 276
f 252 276 253
f 253 276 277
f 253 277 254
f 254 277 278
f 254 278 263
f 263 278 264
f 264 278 279
f 264 279 265
f 265 279 266
f 266 279 280
f 266 280 281
f 274 271 267
f 267 271 270
f 267 270 269
f 267 269 268
f 271 274 272
f 272 274 273
f 178 283 190
f 282 31 26
f 178 175 283
f 283 175 282
f 175 28 282
f 282 28 27
f 282 27 31
f 190 283 191
f 191 283 285
f 284 33 32
f 283 282 285
f 285 282 284
f 26 34 282
f 282 34 284
f 34 33 284
f 191 285 287
f 191 287 192
f 285 284 287
f 284 32 286
f 286 32 51
f 8 7 290
f 290 7 6
f 290 6 42
f 42 6 5
f 42 288 293
f 293 288 289
f 293 289 8
f 8 289 56
f 290 291 8
f 8 291 292
f 8 292 293
f 293 292 42
f 42 292 291
f 291 290 42
f 287 298 192
f 192 298 296
f 192 296 297
f 297 296 299
f 297 299 300
f 294 300 56
f 56 300 302
f 56 302 301
f 301 302 298
f 284 298 287
f 284 286 298
f 298 286 301
f 301 286 50
f 301 50 56
f 294 295 300
f 300 295 297
f 297 295 193
f 297 193 192
f 296 298 299
f 299 298 302
f 300 299 302
f 140 305 49
f 49 305 306
f 49 306 43
f 43 306 307
f 304 307 308
f 304 308 310
f 304 310 303
f 303 310 309
f 303 309 312
f 303 312 196
f 196 312 311
f 311 312 309
f 311 309 140
f 140 309 305
f 140 139 311
f 311 139 196
f 308 307 306
f 306 305 308
f 308 305 310
f 310 305 309
f 193 295 194
f 41 288 42
f 295 294 313
f 313 294 41
f 294 56 41
f 41 56 289
f 41 289 288
f 43 307 47
f 47 307 316
f 47 316 44
f 307 304 316
f 316 304 315
f 304 303 315
f 315 303 314
f 196 195 303
f 303 195 314
f 195 194 314
f 295 313 194
f 314 194 317
f 314 317 315
f 315 317 41
f 316 315 3
f 194 313 317
f 313 41 317
f 41 3 315
f 328 326 323
f 319 318 325
f 327 325 326
f 327 326 328
f 323 326 325
f 322 323 325
f 327 319 325
f 319 327 328
f 320 328 324
f 324 328 323
f 323 322 342
f 320 321 333
f 320 333 328
f 328 333 319
f 319 335 318
f 318 335 332
f 331 332 330
f 319 333 338
f 319 338 335
f 335 336 332
f 332 336 330
f 335 338 336
f 336 337 330
f 321 329 333
f 333 329 338
f 338 329 336
f 336 329 337
f 337 329 330
f 330 329 334
f 341 361 339
f 340 322 339
f 339 322 341
f 322 325 341
f 341 325 361
f 361 325 399
f 325 318 399
f 340 403 322
f 322 403 342
f 323 342 324
f 320 324 343
f 320 343 321
f 321 344 375
f 321 375 329
f 334 329 345
f 334 346 330
f 330 346 331
f 332 331 318
f 318 331 399
f 427 340 350
f 350 340 339
f 350 339 362
f 362 339 360
f 360 339 359
f 339 361 359
f 359 361 358
f 361 347 356
f 359 358 355
f 359 355 360
f 360 350 362
f 348 349 354
f 350 360 355
f 354 353 348
f 355 358 351
f 351 358 352
f 358 357 352
f 352 357 353
f 356 348 353
f 357 356 353
f 361 356 357
f 361 357 358
f 403 363 371
f 343 369 364
f 403 371 342
f 342 371 324
f 369 343 324
f 371 370 324
f 370 369 324
f 366 429 365
f 366 365 370
f 370 365 369
f 371 366 370
f 367 368 366
f 367 366 371
f 367 363 368
f 363 367 371
f 375 376 329
f 329 376 377
f 329 377 345
f 375 378 379
f 373 374 381
f 381 374 380
f 380 374 378
f 378 374 379
f 379 382 375
f 375 382 376
f 374 382 379
f 376 382 377
f 374 345 382
f 382 345 377
f 334 396 346
f 397 399 331
f 395 331 396
f 396 331 346
f 392 391 387
f 392 387 389
f 389 387 411
f 389 411 386
f 387 391 411
f 385 383 398
f 390 388 394
f 385 398 386
f 389 386 393
f 389 393 392
f 392 393 391
f 391 393 396
f 391 396 384
f 384 396 334
f 386 398 388
f 386 388 390
f 390 394 395
f 394 397 331
f 394 331 395
f 390 393 386
f 393 390 395
f 393 395 396
f 399 397 347
f 399 347 361
f 347 397 356
f 356 397 394
f 356 394 348
f 348 394 388
f 348 388 398
f 348 398 349
f 350 400 427
f 403 427 401
f 403 401 404
f 404 401 402
f 429 366 405
f 366 368 405
f 405 368 402
f 402 368 404
f 368 363 404
f 404 363 403
f 344 343 375
f 375 343 364
f 375 364 378
f 378 364 369
f 378 369 380
f 380 369 381
f 381 369 365
f 381 365 373
f 373 365 372
f 372 365 429
f 372 434 373
f 373 434 406
f 373 406 374
f 374 406 407
f 374 407 345
f 334 407 384
f 384 407 408
f 384 408 391
f 391 409 410
f 391 410 411
f 401 428 402
f 426 428 401
f 405 402 430
f 401 427 422
f 412 420 400
f 413 414 418
f 418 414 421
f 416 413 419
f 417 416 420
f 417 420 412
f 400 415 412
f 413 418 419
f 426 425 428
f 419 418 421
f 422 416 426
f 426 416 419
f 400 420 422
f 422 420 416
f 426 419 424
f 424 419 421
f 427 400 422
f 421 423 424
f 425 424 430
f 426 424 425
f 428 425 430
f 428 430 402
f 401 422 426
f 424 423 405
f 424 405 430
f 429 405 423
f 439 443 432
f 443 431 432
f 408 441 391
f 391 441 409
f 410 433 411
f 445 440 444
f 436 406 434
f 438 435 443
f 438 443 442
f 442 443 439
f 407 406 437
f 437 406 436
f 437 436 441
f 410 409 440
f 410 440 445
f 441 436 435
f 435 436 434
f 441 435 438
f 437 408 407
f 408 437 441
f 409 441 438
f 409 438 442
f 409 442 440
f 440 442 439
f 440 439 444
f 444 439 432
f 433 410 445
f 429 423 449
f 449 423 435
f 449 435 448
f 448 435 434
f 435 423 421
f 435 421 443
f 443 421 414
f 443 414 446
f 443 446 447
f 447 431 443
f 451 454 450
f 454 246 450
f 454 452 108
f 454 108 453
f 460 116 115
f 115 455 461
f 115 114 455
f 456 457 458
f 461 460 115
f 85 462 464
f 470 471 469
f 466 467 465
f 470 1579 471
f 1579 464 471
f 66 472 67
f 67 472 473
f 67 473 462
f 462 473 464
f 464 473 463
f 463 473 472
f 463 472 65
f 65 472 66
f 65 64 463
f 462 85 67
f 474 475 151
f 151 475 132
f 132 475 1537
f 132 1537 152
f 152 1537 144
f 238 153 486
f 481 479 480
f 481 480 482
f 477 481 482
f 476 477 482
f 483 482 486
f 483 486 153
f 153 476 483
f 483 476 482
f 487 486 482
f 487 482 489
f 169 489 484
f 482 480 489
f 489 480 491
f 489 491 484
f 480 479 491
f 488 486 487
f 488 487 489
f 169 238 485
f 485 238 486
f 490 488 489
f 490 169 486
f 486 169 485
f 490 486 488
f 169 490 489
f 495 497 498
f 498 497 500
f 498 500 499
f 500 497 499
f 497 141 499
f 499 1285 496
f 495 494 497
f 492 493 494
f 1285 492 494
f 496 1285 494
f 496 494 495
f 496 495 499
f 499 495 498
f 506 141 497
f 506 497 505
f 505 497 1265
f 497 494 1265
f 1265 494 503
f 494 493 503
f 505 1265 504
f 506 505 501
f 501 505 504
f 510 229 511
f 522 517 511
f 508 519 507
f 507 519 518
f 517 512 510
f 517 510 511
f 509 520 508
f 520 509 514
f 515 518 519
f 514 513 520
f 517 507 512
f 512 507 515
f 515 507 518
f 513 519 520
f 516 517 522
f 508 520 519
f 521 229 234
f 521 234 237
f 521 237 523
f 516 522 523
f 511 229 521
f 522 511 521
f 523 522 521
f 232 525 233
f 233 525 241
f 241 525 154
f 154 524 238
f 232 154 525
f 528 527 533
f 527 530 533
f 532 154 232
f 534 526 531
f 527 528 534
f 524 533 530
f 533 524 154
f 534 531 527
f 529 533 532
f 532 533 154
f 571 543 542
f 546 538 547
f 544 547 548
f 541 548 562
f 541 562 540
f 549 550 538
f 538 550 547
f 539 550 549
f 550 551 547
f 545 536 562
f 562 548 545
f 545 552 551
f 545 551 550
f 546 547 537
f 537 547 544
f 544 548 543
f 543 548 542
f 548 541 542
f 551 552 547
f 547 552 548
f 552 545 548
f 561 553 565
f 553 563 565
f 535 540 562
f 559 560 556
f 562 536 554
f 1282 555 556
f 556 560 557
f 557 560 562
f 557 562 554
f 556 558 559
f 559 558 561
f 559 561 566
f 559 566 564
f 564 567 562
f 562 567 535
f 559 562 560
f 567 564 568
f 567 568 535
f 564 562 559
f 565 563 561
f 561 563 566
f 568 564 566
f 540 569 541
f 541 569 570
f 541 570 542
f 542 570 571
f 543 571 544
f 544 571 572
f 544 572 537
f 537 572 573
f 538 574 576
f 538 576 549
f 537 575 546
f 575 594 574
f 575 574 546
f 546 574 538
f 555 580 556
f 556 580 581
f 556 581 558
f 558 581 561
f 561 581 578
f 561 578 579
f 561 579 553
f 609 577 580
f 580 577 581
f 563 553 582
f 563 582 566
f 566 582 568
f 568 582 583
f 568 583 535
f 535 583 619
f 569 587 570
f 570 587 571
f 571 587 572
f 569 586 587
f 587 589 572
f 586 584 585
f 586 585 587
f 587 585 589
f 585 584 589
f 589 584 624
f 624 584 588
f 599 600 597
f 598 595 593
f 593 595 596
f 595 591 596
f 574 594 600
f 598 597 595
f 600 594 597
f 591 628 596
f 592 595 594
f 594 595 597
f 596 602 593
f 598 593 601
f 598 601 597
f 597 601 599
f 593 602 601
f 604 590 606
f 613 614 605
f 605 581 577
f 609 603 607
f 610 608 606
f 610 606 611
f 608 604 606
f 610 611 613
f 608 610 607
f 607 610 609
f 609 610 577
f 606 612 611
f 613 611 615
f 613 615 614
f 577 610 613
f 605 577 613
f 582 616 617
f 582 617 583
f 583 617 635
f 583 635 618
f 583 618 619
f 569 630 586
f 586 630 632
f 586 632 631
f 586 631 584
f 584 621 623
f 623 621 622
f 623 622 624
f 624 622 625
f 625 622 645
f 625 645 626
f 592 573 626
f 626 573 572
f 626 572 625
f 625 572 589
f 625 589 624
f 623 624 588
f 623 588 584
f 592 641 595
f 595 641 591
f 591 641 627
f 591 627 628
f 606 590 602
f 606 602 596
f 606 596 612
f 612 596 628
f 612 615 611
f 605 614 647
f 605 647 581
f 581 647 578
f 553 647 616
f 616 647 654
f 616 582 553
f 616 637 635
f 616 635 617
f 619 618 629
f 619 629 569
f 620 584 631
f 630 569 629
f 618 630 629
f 618 635 632
f 618 632 630
f 633 620 631
f 631 632 633
f 634 632 635
f 634 635 636
f 636 635 650
f 650 635 637
f 634 633 632
f 633 634 636
f 633 636 650
f 628 627 639
f 592 626 641
f 641 626 645
f 641 645 627
f 627 645 643
f 627 643 639
f 645 622 640
f 645 640 643
f 643 644 639
f 639 644 638
f 643 640 644
f 644 640 638
f 638 640 642
f 622 621 640
f 640 621 642
f 648 614 615
f 648 653 614
f 614 653 647
f 647 653 646
f 654 647 646
f 637 649 650
f 650 649 621
f 621 620 650
f 650 620 633
f 638 642 651
f 638 651 639
f 639 651 628
f 615 652 653
f 615 653 648
f 653 656 646
f 651 658 628
f 628 658 653
f 628 653 652
f 656 653 651
f 651 653 658
f 651 642 656
f 656 657 646
f 654 646 649
f 646 657 655
f 646 655 649
f 649 655 621
f 642 621 656
f 656 621 657
f 657 621 655
f 660 669 668
f 661 675 659
f 661 659 670
f 670 659 665
f 663 664 662
f 662 664 665
f 662 665 1931
f 664 663 666
f 664 666 667
f 667 672 670
f 667 665 664
f 663 668 666
f 670 672 661
f 670 665 667
f 668 669 666
f 666 669 667
f 672 667 669
f 671 672 669
f 659 675 682
f 679 673 680
f 676 680 681
f 673 683 680
f 685 674 683
f 683 684 680
f 683 674 684
f 659 682 665
f 665 682 678
f 679 680 677
f 677 680 676
f 682 675 696
f 681 682 696
f 678 682 681
f 684 678 680
f 680 678 681
f 688 691 662
f 662 691 663
f 663 691 690
f 663 690 668
f 668 690 686
f 668 686 689
f 668 689 687
f 668 687 660
f 688 707 691
f 691 707 690
f 690 706 686
f 669 660 720
f 669 720 671
f 671 720 672
f 672 720 692
f 672 692 661
f 661 692 693
f 661 693 675
f 694 695 675
f 675 695 696
f 681 696 676
f 676 696 697
f 676 697 677
f 677 703 679
f 673 702 701
f 673 701 683
f 700 698 703
f 703 698 679
f 698 702 679
f 679 702 673
f 698 699 702
f 702 699 701
f 712 708 709
f 712 707 708
f 711 710 717
f 709 713 711
f 711 713 710
f 712 709 711
f 712 711 717
f 712 717 707
f 710 714 717
f 716 717 715
f 716 715 718
f 690 707 716
f 716 707 717
f 690 716 718
f 714 705 717
f 717 705 715
f 706 690 718
f 719 721 720
f 719 720 660
f 721 722 720
f 724 725 723
f 723 725 721
f 721 725 722
f 720 722 692
f 725 726 722
f 722 726 692
f 725 693 726
f 726 693 692
f 697 696 729
f 727 729 728
f 696 695 729
f 728 729 748
f 695 694 729
f 729 694 748
f 730 699 741
f 741 739 740
f 740 733 736
f 736 733 737
f 737 733 731
f 699 698 741
f 741 698 739
f 740 734 733
f 739 698 740
f 740 698 734
f 734 698 735
f 731 732 737
f 733 734 731
f 737 738 736
f 740 736 742
f 740 742 741
f 741 742 730
f 732 714 737
f 737 714 710
f 737 710 738
f 738 710 713
f 738 713 704
f 714 759 743
f 714 743 705
f 705 743 757
f 705 757 715
f 715 757 744
f 715 744 718
f 718 744 706
f 706 744 745
f 706 745 686
f 660 745 747
f 747 745 760
f 760 745 746
f 760 724 747
f 747 724 723
f 747 723 721
f 747 721 719
f 747 719 660
f 724 760 761
f 724 761 725
f 725 761 762
f 725 762 763
f 725 763 675
f 725 675 693
f 728 764 727
f 764 749 750
f 750 749 751
f 751 697 750
f 750 697 729
f 750 729 727
f 750 727 764
f 698 751 735
f 735 751 734
f 734 751 752
f 734 752 731
f 731 752 753
f 731 753 754
f 731 754 732
f 744 757 745
f 745 757 758
f 745 758 746
f 746 758 756
f 757 759 758
f 758 759 755
f 758 755 756
f 743 759 757
f 755 759 770
f 764 761 760
f 764 728 761
f 728 748 761
f 748 694 761
f 761 694 762
f 762 694 763
f 694 675 763
f 749 765 766
f 749 766 751
f 751 766 752
f 752 766 753
f 766 754 753
f 755 770 746
f 755 746 756
f 768 767 749
f 749 764 768
f 768 764 760
f 766 771 769
f 766 769 754
f 768 746 767
f 767 765 749
f 754 769 770
f 765 767 766
f 767 746 772
f 767 772 766
f 766 772 771
f 746 770 772
f 772 770 771
f 771 770 769
f 774 775 773
f 784 776 789
f 777 775 774
f 789 788 784
f 781 778 817
f 783 779 820
f 774 780 777
f 777 780 791
f 790 791 788
f 774 781 780
f 780 781 817
f 780 817 783
f 780 783 785
f 786 785 787
f 787 782 776
f 785 783 820
f 787 785 820
f 787 776 784
f 788 787 784
f 786 787 788
f 785 786 791
f 791 786 788
f 780 785 791
f 809 828 812
f 792 828 809
f 811 805 801
f 801 805 806
f 813 773 811
f 811 773 805
f 773 775 805
f 805 775 806
f 801 806 800
f 801 800 811
f 811 800 804
f 804 803 811
f 811 803 810
f 811 810 813
f 810 802 809
f 810 809 812
f 808 799 792
f 808 792 809
f 807 796 795
f 806 797 794
f 806 794 796
f 793 797 798
f 798 797 806
f 807 795 808
f 800 806 796
f 800 796 807
f 798 775 793
f 775 798 806
f 802 807 808
f 804 800 807
f 802 808 809
f 804 807 803
f 803 807 802
f 803 802 810
f 837 816 814
f 814 816 774
f 816 837 817
f 817 837 835
f 815 779 835
f 835 779 817
f 817 779 783
f 817 778 816
f 778 781 816
f 816 781 774
f 820 850 787
f 787 850 853
f 787 853 782
f 782 853 776
f 776 853 857
f 776 857 818
f 776 818 819
f 825 795 824
f 824 795 796
f 825 821 795
f 795 821 808
f 808 821 799
f 792 822 823
f 823 828 792
f 829 826 830
f 830 826 827
f 827 773 830
f 830 773 813
f 830 813 829
f 829 813 828
f 828 813 810
f 828 810 812
f 837 814 839
f 834 833 838
f 832 838 831
f 835 837 836
f 832 836 838
f 838 836 839
f 839 836 837
f 834 838 839
f 850 820 846
f 845 842 843
f 845 843 847
f 848 849 842
f 842 849 844
f 848 842 845
f 855 854 840
f 848 845 847
f 844 849 846
f 846 849 850
f 850 849 853
f 847 851 855
f 855 851 854
f 854 851 840
f 855 848 847
f 849 848 852
f 852 848 855
f 852 855 840
f 852 853 849
f 847 856 851
f 857 853 852
f 857 852 840
f 861 821 825
f 876 792 870
f 870 792 871
f 871 792 872
f 879 792 876
f 792 799 872
f 871 866 870
f 876 870 879
f 870 875 879
f 879 875 858
f 863 859 862
f 862 860 865
f 874 843 873
f 866 863 862
f 874 873 878
f 861 859 864
f 864 859 863
f 864 863 867
f 867 863 866
f 867 866 872
f 872 866 871
f 866 862 865
f 799 821 864
f 864 821 861
f 799 864 867
f 870 866 865
f 870 865 868
f 872 799 867
f 870 868 869
f 875 870 869
f 875 869 874
f 877 878 873
f 858 875 874
f 858 874 878
f 829 880 886
f 829 886 891
f 829 891 889
f 829 889 826
f 889 888 826
f 826 888 884
f 891 886 892
f 891 892 889
f 889 892 888
f 884 888 883
f 892 886 893
f 892 893 888
f 880 881 886
f 886 881 885
f 886 885 893
f 893 885 888
f 888 885 890
f 888 890 883
f 883 890 882
f 882 890 887
f 881 887 885
f 885 887 890
f 814 827 826
f 814 826 839
f 839 826 884
f 839 884 834
f 834 884 883
f 834 883 833
f 833 883 882
f 833 882 887
f 833 887 838
f 838 894 831
f 831 894 895
f 831 895 832
f 832 895 836
f 836 895 835
f 835 895 896
f 835 896 815
f 820 896 846
f 846 896 897
f 846 897 844
f 844 897 898
f 844 898 899
f 844 899 842
f 842 899 841
f 841 899 900
f 860 856 865
f 865 856 868
f 868 856 847
f 868 847 869
f 869 847 874
f 874 847 843
f 873 843 842
f 873 842 877
f 877 842 841
f 877 901 878
f 878 901 917
f 878 917 858
f 858 917 924
f 858 924 902
f 858 902 903
f 858 903 879
f 879 903 904
f 879 904 792
f 829 904 880
f 880 904 920
f 880 920 905
f 880 905 906
f 880 906 907
f 880 907 881
f 881 907 887
f 887 907 894
f 896 895 897
f 897 895 911
f 897 911 898
f 898 915 899
f 899 915 900
f 900 915 913
f 900 913 909
f 911 895 910
f 911 910 898
f 898 910 915
f 913 914 909
f 909 914 908
f 915 910 916
f 915 916 913
f 913 916 914
f 914 916 908
f 908 916 912
f 895 894 910
f 910 894 916
f 916 894 912
f 920 904 903
f 917 918 924
f 902 923 903
f 903 923 920
f 920 923 921
f 920 921 905
f 905 921 906
f 918 919 924
f 924 919 926
f 924 926 902
f 902 926 923
f 921 922 906
f 926 919 923
f 923 919 925
f 923 925 921
f 921 925 922
f 922 925 906
f 906 925 907
f 919 894 925
f 925 894 907
f 912 894 919
f 912 919 908
f 908 919 918
f 908 918 909
f 909 918 917
f 909 917 900
f 900 917 901
f 942 943 946
f 942 946 947
f 947 946 932
f 927 928 937
f 937 928 936
f 937 936 940
f 940 936 939
f 940 939 941
f 941 939 944
f 941 944 943
f 943 944 946
f 946 944 932
f 944 945 932
f 932 945 933
f 939 936 938
f 939 938 944
f 944 938 945
f 933 945 934
f 929 938 936
f 938 930 945
f 945 930 934
f 934 930 935
f 935 930 931
f 935 931 1384
f 947 158 942
f 942 158 943
f 943 158 941
f 941 158 940
f 940 158 937
f 937 158 927
f 930 950 931
f 931 950 955
f 949 950 930
f 949 930 952
f 952 930 951
f 951 930 938
f 951 938 948
f 948 938 929
f 956 951 948
f 956 953 951
f 951 953 952
f 950 949 955
f 949 954 955
f 961 962 956
f 956 962 953
f 952 963 949
f 962 957 953
f 957 958 953
f 953 958 952
f 958 959 952
f 952 959 963
f 963 959 949
f 959 960 949
f 960 954 949
f 957 964 974
f 967 997 958
f 958 997 959
f 997 965 959
f 959 965 960
f 967 958 957
f 967 957 966
f 966 957 974
f 978 987 977
f 966 997 967
f 997 996 965
f 999 968 982
f 982 968 981
f 980 981 984
f 980 984 979
f 979 984 985
f 979 985 987
f 987 985 986
f 987 986 989
f 987 989 991
f 987 991 977
f 977 991 976
f 975 976 995
f 975 995 974
f 974 995 966
f 966 995 997
f 968 969 983
f 968 983 981
f 981 983 984
f 989 988 991
f 991 988 990
f 991 990 992
f 991 992 976
f 976 992 995
f 995 994 997
f 994 995 993
f 994 993 997
f 997 993 996
f 983 969 970
f 983 970 984
f 984 970 1494
f 984 1494 985
f 985 1494 971
f 985 971 986
f 986 971 972
f 986 972 989
f 989 972 988
f 992 973 995
f 995 973 993
f 1003 1004 968
f 968 1004 969
f 969 1004 1000
f 1001 969 1000
f 1000 1004 1003
f 1003 968 1002
f 1002 968 999
f 998 1009 999
f 999 1009 1002
f 1002 1007 1003
f 1003 1007 1000
f 1000 1010 1001
f 1005 1006 1009
f 1009 1006 1002
f 1002 1006 1007
f 1007 1008 1000
f 1000 1008 1010
f 1008 1001 1010
f 1014 1011 1005
f 1014 1005 961
f 1011 1015 1005
f 1005 1015 1006
f 1006 1015 1007
f 1011 1021 1015
f 1015 1021 1007
f 1021 1012 1007
f 1007 1012 1008
f 1012 1013 1008
f 1019 107 1020
f 1018 1021 1017
f 1021 1016 1017
f 1018 1012 1021
f 1033 1021 1011
f 1033 1011 1034
f 1034 1011 1041
f 1041 1011 1020
f 1011 1019 1020
f 103 102 1024
f 1024 102 111
f 86 1023 111
f 111 1023 1037
f 86 1022 1023
f 1023 1040 1037
f 1037 1040 1043
f 1043 1040 1036
f 1040 1032 1036
f 1040 1039 1032
f 1038 1016 1021
f 1038 1021 1033
f 1029 1041 1020
f 1029 1020 1030
f 1030 1020 106
f 106 1020 107
f 1033 1034 1038
f 1026 106 1025
f 1025 106 103
f 1025 103 1024
f 1043 1027 1037
f 1037 1027 111
f 1025 1024 111
f 1025 111 1027
f 1031 1025 1028
f 1028 1025 1027
f 1028 1027 1043
f 1042 1028 1043
f 1042 1043 1036
f 1030 106 1026
f 1026 1025 1031
f 1035 1042 1036
f 1035 1036 1032
f 1028 1029 1031
f 1031 1029 1030
f 1031 1030 1026
f 1029 1028 1041
f 1041 1028 1042
f 1041 1042 1034
f 1034 1042 1035
f 1034 1035 1038
f 1038 1035 1032
f 1038 1032 1039
f 96 95 1045
f 96 1045 119
f 119 1045 1057
f 1057 1045 1046
f 1057 1046 1044
f 1044 1046 94
f 94 1046 95
f 94 93 1044
f 1046 1045 95
f 1053 1054 1058
f 1057 1056 1055
f 1067 1047 1073
f 1048 1049 1073
f 1073 1049 1074
f 1075 1074 1076
f 1074 1050 1076
f 1076 1050 1077
f 1077 1050 1078
f 1078 1050 1055
f 119 1057 1055
f 1056 1057 1064
f 1056 1064 1066
f 1066 1064 1061
f 1059 1061 1052
f 1044 1051 1057
f 1057 1051 1064
f 1061 1051 1052
f 1058 1054 1060
f 1069 1062 1067
f 1069 1067 1068
f 1068 1067 1074
f 1074 1067 1073
f 1052 1058 1060
f 1069 1068 1075
f 1075 1068 1074
f 1059 1052 1063
f 1063 1052 1060
f 1063 1060 1065
f 1065 1060 1062
f 1065 1062 1071
f 1071 1062 1069
f 1071 1069 1070
f 1070 1069 1076
f 1076 1069 1075
f 1064 1051 1061
f 1059 1063 1061
f 1061 1063 1066
f 1056 1066 1072
f 1056 1072 1055
f 1071 1070 1076
f 1063 1065 1066
f 1072 1066 1078
f 1072 1078 1055
f 1066 1065 1071
f 1076 1077 1071
f 1071 1077 1066
f 1077 1078 1066
f 1084 1047 1067
f 1087 1080 1073
f 1087 1073 1079
f 1079 1073 1047
f 1079 1047 1084
f 1080 1048 1073
f 1067 1062 1084
f 1062 1060 1084
f 1084 1060 1082
f 1060 1054 1082
f 1082 1054 1083
f 1054 1081 1083
f 1088 1085 1090
f 1090 1083 1081
f 1083 1090 1082
f 1082 1090 1089
f 1082 1089 1084
f 1084 1089 1079
f 1090 1085 1089
f 1079 1086 1087
f 1094 1095 1085
f 1085 1095 1097
f 1085 1097 1096
f 1085 1096 1089
f 1095 1091 1097
f 1097 1091 1096
f 1091 1105 1096
f 1096 1105 1089
f 1105 1092 1089
f 1089 1092 1079
f 1092 1093 1079
f 1093 1086 1079
f 1091 1098 1102
f 1103 1104 1091
f 1091 1104 1105
f 1092 1105 1093
f 1103 1099 1104
f 1104 1099 1105
f 1099 1101 1105
f 1103 1091 1102
f 1098 1111 1102
f 1102 1111 1132
f 1102 1132 1131
f 1102 1131 1103
f 1103 1131 1099
f 1119 1106 1118
f 1117 1122 1116
f 1116 1122 1125
f 1112 1129 1111
f 1129 1112 1128
f 1129 1128 1111
f 1111 1128 1132
f 1106 1107 1118
f 1118 1107 1120
f 1118 1120 1117
f 1117 1120 1122
f 1122 1121 1125
f 1125 1121 1123
f 1125 1123 1115
f 1115 1123 1124
f 1115 1124 1114
f 1114 1124 1127
f 1114 1127 1113
f 1113 1127 1112
f 1112 1127 1128
f 1131 1132 1099
f 1127 1126 1128
f 1132 1130 1099
f 1120 1107 1108
f 1120 1108 1122
f 1122 1108 1121
f 1124 1123 1508
f 1124 1508 1127
f 1127 1508 1126
f 1126 1109 1128
f 1128 1109 1110
f 1128 1110 1132
f 1132 1110 1130
f 1119 1133 1144
f 1137 1138 1106
f 1106 1138 1107
f 1107 1138 1134
f 1135 1107 1134
f 1134 1138 1137
f 1137 1106 1136
f 1136 1106 1119
f 1136 1119 1144
f 1136 1145 1137
f 1137 1145 1134
f 1134 1143 1135
f 1140 1141 1144
f 1144 1141 1136
f 1136 1141 1145
f 1145 1141 1134
f 1141 1142 1134
f 1134 1142 1143
f 1147 1148 1140
f 1147 1140 1139
f 1148 1153 1140
f 1140 1153 1141
f 1141 1153 1154
f 1142 1146 1143
f 1148 1149 1155
f 1141 1154 1150
f 1141 1150 1142
f 1142 1150 1146
f 1151 1146 1150
f 1150 1154 1153
f 1152 1153 1148
f 1152 1148 1155
f 1156 1157 1155
f 1155 1157 1174
f 1162 1163 1161
f 1165 1169 1166
f 1165 1166 1163
f 1163 1166 1161
f 1157 1158 1174
f 1174 1158 1164
f 1174 1164 1170
f 1170 1164 1175
f 1170 1175 1173
f 1173 1175 1172
f 1173 1172 1169
f 1169 1172 1166
f 1166 1172 1161
f 1161 1167 1160
f 1172 1167 1161
f 1167 1168 1160
f 1160 1168 1159
f 1175 1164 1171
f 1175 1171 1172
f 1172 1171 1167
f 1167 1171 1168
f 1163 1151 1150
f 1163 1150 1165
f 1165 1150 1169
f 1169 1150 1153
f 1169 1153 1173
f 1173 1153 1170
f 1153 1152 1170
f 1170 1152 1174
f 1152 1155 1174
f 1164 165 1171
f 1171 165 1168
f 1168 165 1159
f 166 1176 1177
f 1177 1181 166
f 166 1181 1199
f 1197 1198 1193
f 1193 1198 1194
f 1197 1179 1198
f 1194 1198 1189
f 1182 244 1185
f 1179 1178 1198
f 1198 1178 1189
f 1189 1178 1562
f 1180 1179 1196
f 1196 1179 1197
f 1196 1197 1191
f 1191 1197 1192
f 1192 1197 1193
f 1177 1180 1196
f 1181 1177 1199
f 1199 1177 1196
f 1199 1196 1195
f 1195 1196 1190
f 1190 1196 1191
f 1186 1182 1185
f 1186 1185 1191
f 1191 1185 1190
f 1183 1182 1186
f 1192 1186 1191
f 1184 1183 1187
f 1187 1183 1186
f 1187 1186 1193
f 1193 1186 1192
f 1188 1184 1187
f 1188 1187 1194
f 1194 1187 1193
f 1189 1562 1184
f 1188 1189 1184
f 1189 1188 1194
f 244 245 1201
f 1201 245 1200
f 1200 245 243
f 1200 243 1202
f 1202 1203 1190
f 1190 1203 1195
f 1195 1203 1204
f 1195 1204 1199
f 1199 1204 242
f 1199 242 166
f 242 1204 243
f 243 1204 1203
f 243 1203 1202
f 1202 1190 1185
f 1202 1185 1200
f 1200 1185 1201
f 1201 1185 244
f 1206 1207 145
f 1213 146 145
f 1206 148 1205
f 1205 148 150
f 1212 1228 1205
f 1205 1228 1206
f 1206 1228 1225
f 1206 1225 1207
f 1207 1225 1219
f 1210 1218 1214
f 1214 1218 1224
f 1214 1224 1209
f 1215 1213 145
f 1215 145 1219
f 1219 145 1207
f 1229 1209 1224
f 1227 1229 1222
f 1222 1229 1224
f 1222 1224 1223
f 1211 1229 1227
f 1226 1211 1227
f 1226 1227 1220
f 1220 1227 1221
f 1221 1227 1222
f 1208 1211 1226
f 1212 1208 1228
f 1228 1208 1226
f 1228 1226 1225
f 1225 1226 1219
f 1219 1226 1220
f 1217 1213 1216
f 1216 1213 1215
f 1216 1215 1220
f 1220 1215 1219
f 1217 1216 1221
f 1221 1216 1220
f 1218 1210 1217
f 1218 1217 1222
f 1222 1217 1221
f 1218 1223 1224
f 1223 1218 1222
f 1091 1230 1098
f 1098 1230 1231
f 1098 1231 1133
f 1133 1231 1232
f 1133 1232 1144
f 1144 1232 1235
f 1144 1235 1140
f 1140 1235 1139
f 1139 1235 1234
f 1139 1234 1233
f 1233 1234 1230
f 1233 1230 1095
f 1095 1230 1091
f 1095 1094 1233
f 1233 1094 1139
f 1094 1085 1139
f 1133 1119 1098
f 1235 1232 1231
f 1235 1231 1234
f 1234 1231 1230
f 957 1236 964
f 964 1236 1237
f 964 1237 998
f 998 1237 1238
f 998 1238 1009
f 1009 1238 1241
f 1009 1241 1005
f 1005 1241 961
f 961 1241 1240
f 961 1240 1239
f 1239 1240 1236
f 1239 1236 962
f 962 1236 957
f 962 961 1239
f 998 999 964
f 1241 1238 1237
f 1241 1237 1240
f 1240 1237 1236
f 532 232 231
f 532 231 529
f 529 231 1248
f 529 1248 1252
f 529 1252 533
f 533 1252 1254
f 533 1254 528
f 528 1254 534
f 534 1254 1259
f 534 1259 526
f 1242 1243 1260
f 1260 514 509
f 1252 1248 1254
f 1254 1256 1259
f 1259 1256 1258
f 1259 1258 1244
f 1248 231 1247
f 1248 1247 1249
f 1248 1249 1251
f 1248 1251 1254
f 1254 1251 1256
f 1244 1258 1243
f 1247 230 1246
f 1245 1246 510
f 510 1246 229
f 510 512 1245
f 1245 512 1250
f 1245 1250 1251
f 1251 1250 1253
f 1251 1253 1256
f 1256 1253 1258
f 512 515 1250
f 1250 515 519
f 1250 519 1255
f 1255 519 513
f 1255 513 514
f 1255 514 1260
f 1249 1247 1246
f 1249 1246 1251
f 1251 1246 1245
f 1253 1250 1258
f 1250 1255 1257
f 1250 1257 1258
f 1258 1257 1243
f 1257 1255 1243
f 1260 1243 1255
f 531 526 478
f 478 479 1263
f 1263 479 481
f 1263 481 1261
f 1261 481 527
f 481 477 527
f 527 477 1262
f 1262 477 530
f 530 477 476
f 530 476 524
f 524 476 153
f 153 238 524
f 530 527 1262
f 1261 527 531
f 1261 531 1263
f 1263 531 478
f 141 506 523
f 523 506 516
f 516 506 501
f 516 501 517
f 517 501 504
f 517 504 1264
f 1264 504 507
f 1266 1265 503
f 1266 503 502
f 1266 502 509
f 504 1265 507
f 509 508 1266
f 1266 508 1265
f 1265 508 507
f 1264 507 517
f 1300 174 1299
f 1299 174 173
f 1299 173 1298
f 1298 173 172
f 1298 172 1318
f 172 171 1297
f 1297 171 1296
f 1296 171 170
f 1295 170 160
f 1273 1274 1351
f 1271 1350 1270
f 1270 1350 1349
f 1267 1348 478
f 478 1348 479
f 479 1348 1267
f 479 1267 1371
f 1336 1335 1341
f 1294 1293 1320
f 1320 1293 1309
f 1309 1293 1308
f 1309 1308 1341
f 1341 1308 1336
f 1294 161 1293
f 1336 1308 1335
f 1293 161 1292
f 1293 1292 1321
f 1293 1321 1308
f 1308 1321 1335
f 1335 1321 1334
f 161 162 1292
f 1321 1307 1334
f 1292 162 1291
f 1292 1291 1321
f 1321 1291 1307
f 1307 1306 1334
f 1334 1306 1333
f 162 163 1291
f 1307 1291 1306
f 1306 1305 1333
f 1291 1290 1306
f 1306 1290 1305
f 1305 1304 1333
f 1333 1304 1332
f 1305 1290 1322
f 1305 1322 1304
f 1290 1289 1322
f 1322 1289 1323
f 1322 1323 1304
f 1332 1304 1331
f 1304 1323 1303
f 1304 1303 1331
f 1289 1288 1323
f 1323 1288 1303
f 1331 1303 1330
f 1289 168 1288
f 1288 1302 1303
f 1303 1302 1330
f 1288 168 1287
f 1288 1287 1302
f 1302 1287 1324
f 1302 1324 1325
f 1302 1325 1329
f 1329 1325 1328
f 1287 168 1324
f 1324 168 1286
f 1324 1286 1325
f 1325 1286 1326
f 1325 1326 1328
f 1326 1286 1328
f 1328 1286 1327
f 1286 169 484
f 1286 484 1327
f 484 491 1327
f 1327 491 1371
f 491 479 1371
f 1362 1352 1361
f 1362 1361 1341
f 1341 1361 1342
f 1341 1342 1337
f 1341 1337 1309
f 1309 1337 1320
f 1320 1337 1319
f 1320 1319 1294
f 1294 1319 160
f 160 1319 1295
f 1277 1278 1352
f 1352 1278 1361
f 1361 1360 1342
f 1342 1360 1337
f 1337 1360 1338
f 1337 1338 1319
f 1278 1279 1361
f 1319 1338 1343
f 1319 1343 1295
f 1295 1343 170
f 1279 1353 1361
f 1361 1353 1360
f 1360 1353 1359
f 1360 1359 1343
f 1360 1343 1338
f 1343 1296 170
f 1343 1359 1281
f 1343 1281 1296
f 1353 1280 1281
f 1353 1281 1359
f 1281 1344 1296
f 1296 1344 1297
f 1297 1318 172
f 1281 1354 1344
f 1344 1345 1297
f 1297 1345 1318
f 1318 1310 1317
f 1318 1317 1298
f 1344 1354 1345
f 1345 1310 1318
f 1354 1355 1345
f 1345 1355 1310
f 1310 1346 1339
f 1310 1339 1317
f 1317 1339 1311
f 1317 1311 1298
f 1298 1311 1316
f 1298 1316 1299
f 1355 1356 1310
f 1310 1356 1346
f 1316 1315 1299
f 1356 1357 1346
f 1346 1357 1339
f 1339 1357 1347
f 1339 1347 1311
f 1311 1347 1316
f 1316 1347 1315
f 1299 1315 1300
f 1347 1340 1315
f 1315 1340 1312
f 1315 1312 1300
f 1357 1282 1358
f 1357 1358 1347
f 1347 1358 1340
f 1340 1284 1312
f 1312 1284 1313
f 1312 1313 1314
f 1312 1314 1301
f 1282 1283 1358
f 1358 1284 1340
f 1301 1314 1285
f 1283 502 1358
f 1358 502 503
f 1358 503 1284
f 1284 503 493
f 1284 493 1313
f 1313 493 1314
f 493 492 1314
f 1314 492 1285
f 1328 1327 1370
f 1370 1327 1371
f 1370 1371 1268
f 1268 1371 1267
f 1329 1328 1370
f 1302 1329 1369
f 1369 1329 1370
f 1369 1370 1269
f 1269 1370 1268
f 1330 1302 1369
f 1331 1330 1368
f 1368 1330 1369
f 1368 1369 1349
f 1349 1369 1269
f 1350 1368 1349
f 1332 1331 1367
f 1367 1331 1368
f 1367 1368 1350
f 1271 1367 1350
f 1333 1332 1366
f 1366 1332 1367
f 1366 1367 1272
f 1272 1367 1271
f 1351 1366 1272
f 1334 1333 1365
f 1365 1333 1366
f 1365 1366 1274
f 1274 1366 1351
f 1275 1365 1274
f 1335 1334 1364
f 1364 1334 1365
f 1364 1365 1276
f 1276 1365 1275
f 1362 1341 1335
f 1363 1335 1364
f 1363 1364 1277
f 1277 1364 1276
f 1277 1352 1363
f 1363 1352 1362
f 1363 1362 1335
f 1379 171 1380
f 1380 171 173
f 1380 173 159
f 947 159 158
f 159 947 1382
f 1382 947 932
f 1382 932 933
f 1382 933 1383
f 1383 933 934
f 1383 934 1384
f 1384 934 935
f 1385 1384 931
f 1385 931 1372
f 1372 931 955
f 1385 1372 1381
f 1381 1372 1373
f 1381 1373 1375
f 1375 1373 1374
f 1375 1376 1381
f 1381 1376 1405
f 1381 1405 1380
f 1380 1405 1377
f 1380 1377 1378
f 1380 1378 1379
f 159 1382 1380
f 1382 1383 1380
f 1385 1381 1380
f 1383 1384 1380
f 1384 1385 1380
f 1389 1409 1391
f 1389 1391 1387
f 1387 1391 1386
f 1386 1391 1408
f 1422 1426 1397
f 1389 1387 1388
f 1409 1389 1410
f 1410 1390 1413
f 1413 1412 1416
f 1416 1412 1407
f 1430 1407 1415
f 1430 1415 1426
f 1430 1426 1425
f 1401 1400 1420
f 1420 1400 1395
f 1420 1395 1394
f 1413 1390 1412
f 1377 1405 1411
f 1411 1405 1407
f 1414 1406 1431
f 1414 1431 1426
f 1406 1405 1418
f 1418 1405 1376
f 1418 1376 1398
f 1398 1376 1375
f 1398 1375 1419
f 1419 1375 1396
f 1396 1375 1374
f 1392 1386 1408
f 1392 1408 1428
f 1428 1408 1416
f 1428 1416 1429
f 1429 1416 1407
f 1429 1407 1430
f 1417 1402 1423
f 1423 1402 1422
f 1421 1422 1397
f 1421 1397 1401
f 1417 1423 1393
f 1393 1423 1422
f 1393 1422 1394
f 1394 1422 1421
f 1394 1421 1420
f 1420 1421 1401
f 1419 1396 1440
f 1399 1395 1400
f 1399 1400 1401
f 1402 1417 1424
f 1424 1417 1428
f 1428 1417 1392
f 1425 1426 1422
f 1422 1402 1424
f 1424 1428 1429
f 1418 1401 1397
f 1401 1398 1399
f 1399 1398 1395
f 1395 1398 1419
f 1395 1419 1440
f 1398 1401 1418
f 1408 1391 1403
f 1403 1391 1409
f 1404 1408 1403
f 1416 1408 1413
f 1413 1408 1404
f 1413 1404 1410
f 1410 1404 1403
f 1410 1403 1409
f 1411 1407 1412
f 1415 1407 1406
f 1406 1407 1405
f 1415 1406 1414
f 1411 1412 1390
f 1390 1377 1411
f 1426 1415 1414
f 1417 1386 1392
f 1430 1425 1424
f 1424 1425 1422
f 1418 1397 1427
f 1427 1397 1426
f 1427 1426 1431
f 1430 1424 1429
f 1418 1427 1431
f 1406 1418 1431
f 146 1213 158
f 158 1213 927
f 927 1213 1217
f 927 1217 1210
f 1214 928 1210
f 1210 928 927
f 1209 928 1214
f 929 936 1209
f 1209 936 928
f 1433 1440 1432
f 1432 1440 1396
f 1440 1433 1441
f 1441 1433 1442
f 1442 1433 1434
f 1442 1434 1443
f 1443 1434 1435
f 1443 1435 1436
f 1436 1437 1443
f 1443 1437 1438
f 1443 1438 1442
f 1442 1438 1439
f 1442 1439 1393
f 1442 1393 1394
f 1442 1394 1441
f 1441 1394 1440
f 1440 1394 1395
f 1432 1396 1374
f 1445 1453 1444
f 1444 1453 1451
f 1444 1451 1452
f 1453 1445 1454
f 1454 1445 1455
f 1455 1445 1446
f 1455 1446 1456
f 1456 1446 1447
f 1447 1448 1456
f 1456 1448 1450
f 1449 1450 1448
f 1456 1450 1455
f 1455 1450 1454
f 1454 1844 1453
f 1453 1844 1451
f 1146 1151 1464
f 1464 1151 1468
f 1468 1151 1163
f 1468 1163 1466
f 1466 1163 1162
f 1466 1162 1161
f 1161 1160 1466
f 1466 1160 1465
f 1460 1465 1459
f 1459 1465 1467
f 1459 1467 1458
f 1458 1467 1457
f 1457 1467 163
f 1160 1159 1465
f 1465 1159 164
f 1465 164 1467
f 1159 165 164
f 1460 1461 1465
f 1465 1461 1468
f 1465 1468 1466
f 1468 1461 1469
f 1469 1461 1787
f 1469 1787 1463
f 1463 1787 1462
f 1463 1462 1448
f 1463 1464 1469
f 1469 1464 1468
f 1473 1470 1211
f 1470 1471 1229
f 1470 1229 1211
f 1471 1209 1229
f 1211 1208 1473
f 1473 1208 1212
f 1473 1212 1472
f 1472 1212 1205
f 1472 1205 149
f 149 1205 150
f 1540 1470 1473
f 1494 1475 1493
f 1432 1485 1433
f 1433 1485 1503
f 1433 1503 1434
f 1434 1503 1435
f 1475 1476 1495
f 1475 1495 1493
f 1486 1502 1485
f 1485 1502 1503
f 1495 1476 1478
f 1495 1478 1493
f 1493 1478 1496
f 1493 1496 1492
f 1492 1496 1497
f 1492 1497 1491
f 1491 1497 1498
f 1491 1498 1490
f 1490 1498 1489
f 1489 1498 1499
f 1489 1499 1488
f 1488 1499 1487
f 1487 1499 1500
f 1487 1500 1486
f 1486 1500 1502
f 1502 1500 1503
f 1500 1484 1503
f 1503 1484 1501
f 1503 1501 1435
f 1476 1477 1478
f 1497 1496 1498
f 1498 1496 1479
f 1498 1479 1480
f 1498 1480 1499
f 1499 1480 1481
f 1499 1481 1482
f 1499 1482 1500
f 1500 1482 1483
f 1500 1483 1484
f 1501 1484 1435
f 1435 1484 1436
f 1517 1521 1516
f 1516 1521 1515
f 1515 1521 1524
f 1515 1524 1514
f 1514 1524 1513
f 1513 1524 1528
f 1513 1528 1512
f 1444 1510 1445
f 1445 1510 1533
f 1445 1533 1532
f 1445 1532 1531
f 1445 1531 1446
f 1521 1523 1524
f 1524 1523 1525
f 1524 1525 1528
f 1528 1525 1527
f 1528 1527 1529
f 1528 1529 1511
f 1533 1510 1532
f 1505 1506 1518
f 1518 1506 1100
f 1518 1100 1517
f 1517 1100 1519
f 1517 1519 1521
f 1521 1519 1520
f 1521 1520 1523
f 1523 1520 1522
f 1523 1522 1525
f 1527 1526 1529
f 1511 1529 1530
f 1511 1530 1510
f 1510 1530 1532
f 1532 1530 1531
f 1506 1507 1100
f 1522 1520 1110
f 1522 1110 1525
f 1525 1110 1527
f 1527 1110 1508
f 1527 1508 1526
f 1526 1508 1529
f 1529 1508 1530
f 1530 1509 1531
f 1149 1178 1155
f 1155 1178 1156
f 1156 1178 1179
f 1156 1179 1157
f 1157 1179 1180
f 1157 1180 1158
f 1158 1180 1177
f 1158 1177 1164
f 1164 1177 1176
f 166 165 1176
f 1176 165 1164
f 1534 100 105
f 1540 105 1470
f 1470 105 104
f 105 1538 1534
f 1540 1473 1541
f 1540 1541 105
f 105 1541 1538
f 1538 1535 1534
f 1541 1473 1538
f 1538 1473 1535
f 1473 1472 1542
f 1473 1542 1535
f 1535 1542 1539
f 1535 1539 1536
f 1472 149 1542
f 1542 149 1539
f 1539 149 1536
f 1536 149 1537
f 1476 1543 1477
f 1477 1543 1544
f 1477 1544 1545
f 1545 1544 1548
f 1555 1561 1506
f 1506 1561 1507
f 1507 1561 1560
f 1507 1560 1559
f 1559 1560 1554
f 1559 1554 1552
f 1543 1476 1550
f 1543 1550 1551
f 1551 1550 1552
f 1552 1550 1558
f 1552 1558 1559
f 1559 1558 1507
f 1550 1557 1558
f 1558 1557 1474
f 1558 1474 1507
f 1550 1476 1556
f 1550 1556 1557
f 1557 1556 1474
f 1476 1475 1556
f 1556 1475 1474
f 1555 1506 1553
f 1555 1553 1549
f 1555 1549 1548
f 1548 1549 1546
f 1548 1546 1545
f 1545 1546 1477
f 1506 1505 1553
f 1549 1553 1547
f 1549 1547 1546
f 1546 1547 1504
f 1546 1504 1477
f 1547 1553 1504
f 1553 1505 1504
f 1548 1544 1551
f 1551 1544 1543
f 1552 1548 1551
f 1555 1548 1554
f 1554 1548 1552
f 1561 1555 1560
f 1560 1555 1554
f 244 1182 1572
f 1572 1182 1183
f 1183 1184 1564
f 1564 1184 1562
f 1564 1562 1566
f 1562 1563 1566
f 149 144 1537
f 1537 475 1536
f 1536 475 474
f 1536 474 1535
f 1535 474 1534
f 1534 474 101
f 1534 101 100
f 1566 1563 1565
f 1588 1576 1567
f 1573 1576 1574
f 1573 1574 1566
f 1566 1574 1569
f 1566 1569 1564
f 1564 1569 1570
f 1564 1570 1183
f 1183 1570 1571
f 1183 1571 1572
f 1588 1568 1576
f 1576 1568 1570
f 1576 1570 1574
f 1574 1570 1569
f 1570 1568 1575
f 1570 1575 1571
f 1568 244 1575
f 1575 244 1571
f 1571 244 1572
f 86 85 1022
f 1022 85 1578
f 1022 1578 1023
f 1023 1578 1582
f 1023 1582 1040
f 1040 1582 1039
f 1039 1582 1584
f 1039 1584 1038
f 1038 1584 1016
f 1016 1584 1583
f 1016 1583 466
f 466 1583 467
f 467 1583 1581
f 467 1581 468
f 468 1581 1580
f 468 1580 469
f 469 1580 470
f 470 1580 1579
f 1579 1577 464
f 464 1577 85
f 85 1577 1578
f 1016 466 1017
f 1017 466 465
f 1017 465 1018
f 1018 465 1012
f 1582 1578 1577
f 1579 1582 1577
f 1580 1582 1579
f 1584 1582 1581
f 1581 1582 1580
f 1583 1584 1581
f 93 92 1044
f 1044 92 1567
f 1044 1567 1585
f 1585 1567 1576
f 1585 1576 1586
f 1586 1576 1573
f 1586 1573 1058
f 1058 1573 1566
f 1058 1566 1587
f 1587 1566 1565
f 1587 1565 1053
f 1053 1565 1563
f 1053 1563 1054
f 1053 1058 1587
f 1058 1052 1586
f 1586 1052 1585
f 1585 1052 1051
f 1585 1051 1044
f 108 452 1588
f 1588 452 454
f 1588 454 451
f 1588 451 1568
f 1568 451 450
f 1568 450 246
f 1568 246 245
f 245 244 1568
f 456 1589 457
f 457 1589 468
f 468 1589 467
f 467 1589 465
f 457 468 469
f 457 469 471
f 457 471 458
f 458 471 459
f 459 471 464
f 459 464 461
f 461 464 1590
f 464 463 1590
f 1590 460 461
f 1080 456 1048
f 1048 456 1591
f 1048 1591 1049
f 1049 1591 1593
f 1049 1593 1074
f 1074 1593 1050
f 1050 1593 1592
f 1050 1592 1596
f 1050 1596 1598
f 1050 1598 1055
f 1055 1598 119
f 119 1598 1597
f 119 1597 455
f 455 1597 461
f 461 1597 1595
f 461 1595 459
f 459 1595 1594
f 459 1594 1592
f 459 1592 458
f 458 1592 456
f 456 1592 1591
f 455 114 119
f 1593 1591 1592
f 1596 1592 1594
f 1598 1596 1595
f 1595 1596 1594
f 1597 1598 1595
f 453 110 129
f 453 129 454
f 454 129 128
f 454 128 246
f 246 128 247
f 1389 1388 1610
f 1377 1649 1650
f 1377 1650 1378
f 1378 1650 1651
f 1378 1651 1652
f 1652 1651 1635
f 1652 1635 1634
f 1634 1635 1643
f 1634 1643 1644
f 1644 1643 1614
f 1644 1614 1613
f 1613 1614 1625
f 1613 1625 1626
f 1626 1625 1666
f 1626 1666 1667
f 1667 1666 1675
f 1667 1675 1602
f 1602 1675 1606
f 1602 1606 161
f 1601 1606 1607
f 1673 1607 1664
f 1673 1664 1663
f 1663 1664 1623
f 1663 1623 1622
f 1622 1623 1616
f 1622 1616 1617
f 1617 1616 1641
f 1617 1641 1640
f 1640 1641 1637
f 1640 1637 1649
f 1610 1599 1609
f 1610 1609 1669
f 1669 1609 1659
f 1659 1609 1660
f 1659 1660 1619
f 1619 1660 1620
f 1619 1620 1618
f 1619 1618 1639
f 1639 1618 1640
f 1639 1640 1649
f 1609 1670 1660
f 1660 1670 1661
f 1660 1661 1620
f 1620 1661 1621
f 1620 1621 1618
f 1618 1621 1617
f 1618 1617 1640
f 1599 1600 1609
f 1609 1600 1608
f 1609 1608 1670
f 1670 1608 1671
f 1670 1671 1661
f 1661 1671 1662
f 1661 1662 1621
f 1621 1662 1622
f 1621 1622 1617
f 1608 1600 1607
f 1607 1600 1601
f 161 160 1602
f 1602 160 1668
f 1602 1668 1667
f 1667 1668 1627
f 1667 1627 1626
f 1626 1627 1612
f 1626 1612 1613
f 1613 1612 1645
f 1613 1645 1644
f 1644 1645 1633
f 1644 1633 1634
f 1634 1633 1653
f 1634 1653 1652
f 1652 1653 1378
f 160 1603 1628
f 160 1628 1668
f 1668 1628 1627
f 171 1605 160
f 160 1605 1629
f 160 1629 1648
f 1648 1629 1630
f 1648 1630 1647
f 1647 1630 1631
f 1647 1631 1646
f 1646 1631 1632
f 1646 1632 1645
f 1645 1632 1633
f 171 1379 1605
f 1605 1379 1657
f 1605 1657 1629
f 1629 1657 1630
f 1378 1655 1379
f 1379 1655 1656
f 1379 1656 1657
f 1657 1656 1630
f 1649 1377 1604
f 1604 1377 1390
f 1638 1639 1649
f 1389 1658 1410
f 1410 1658 1659
f 1410 1659 1390
f 1390 1659 1619
f 160 1648 1603
f 1603 1648 1647
f 1603 1647 1611
f 1611 1647 1646
f 1611 1646 1612
f 1612 1646 1645
f 1390 1638 1604
f 1604 1638 1649
f 1606 1675 1674
f 1606 1674 1607
f 1607 1673 1672
f 1607 1672 1608
f 1608 1672 1671
f 1389 1610 1669
f 1627 1628 1611
f 1611 1628 1603
f 1611 1612 1627
f 1614 1615 1624
f 1624 1615 1623
f 1624 1623 1664
f 1623 1615 1616
f 1616 1615 1642
f 1616 1642 1641
f 1641 1642 1636
f 1641 1636 1637
f 1637 1636 1650
f 1637 1650 1649
f 1642 1615 1643
f 1643 1615 1614
f 1638 1390 1619
f 1638 1619 1639
f 1663 1622 1662
f 1614 1624 1625
f 1625 1624 1665
f 1625 1665 1666
f 1666 1665 1674
f 1666 1674 1675
f 1665 1624 1664
f 1630 1656 1631
f 1631 1656 1655
f 1631 1655 1632
f 1632 1655 1654
f 1632 1654 1633
f 1633 1654 1653
f 1642 1643 1635
f 1642 1635 1636
f 1636 1635 1651
f 1636 1651 1650
f 1655 1378 1654
f 1654 1378 1653
f 1669 1659 1658
f 1389 1669 1658
f 1671 1672 1662
f 1662 1672 1663
f 1672 1673 1663
f 1674 1665 1607
f 1607 1665 1664
f 1610 1388 1681
f 1676 1685 1695
f 1676 1695 1694
f 1694 1695 1693
f 1694 1693 1735
f 1735 1693 1736
f 1735 1736 1747
f 1747 1736 1746
f 1747 1746 1708
f 1708 1746 1709
f 1708 1709 1707
f 1707 1709 1706
f 1707 1706 1729
f 1729 1706 1730
f 1729 1730 1722
f 1722 1730 1723
f 1722 1723 1716
f 1716 1723 1717
f 1716 1717 161
f 161 1717 162
f 162 1717 1718
f 162 1718 1719
f 1719 1718 1725
f 1719 1725 1726
f 1726 1725 1733
f 1726 1733 1734
f 1734 1733 1702
f 1734 1702 1701
f 1701 1702 1714
f 1701 1714 1457
f 1457 1714 1677
f 1457 1677 1458
f 1458 1677 1741
f 1458 1741 1688
f 1688 1741 1740
f 1688 1740 1689
f 1689 1740 1739
f 1689 1739 1690
f 1690 1739 1738
f 1690 1738 1691
f 1691 1738 1737
f 1691 1737 1692
f 1692 1737 1736
f 1692 1736 1693
f 1388 1680 1686
f 1686 1680 1685
f 1685 1680 1684
f 1685 1684 1749
f 1685 1749 1695
f 1695 1749 1696
f 1695 1696 1693
f 1693 1696 1692
f 1680 1679 1683
f 1751 1683 1752
f 1751 1752 1698
f 1698 1752 1699
f 1698 1699 1690
f 1690 1699 1689
f 1683 1679 1682
f 1683 1682 1752
f 1752 1682 1699
f 1699 1682 1700
f 1699 1700 1689
f 1689 1700 1688
f 1679 1459 1682
f 1682 1459 1458
f 1682 1458 1700
f 1700 1458 1688
f 163 1678 1457
f 1457 1678 1728
f 1457 1728 1701
f 1701 1728 1734
f 163 162 1721
f 1721 162 1720
f 1721 1720 1727
f 1727 1720 1726
f 1727 1726 1734
f 1720 162 1719
f 1720 1719 1726
f 1716 161 1715
f 1715 161 1606
f 1715 1606 1601
f 1601 1748 1708
f 1708 1748 1747
f 1601 1600 1748
f 1735 1748 1694
f 1600 1599 1748
f 1694 1748 1676
f 1748 1599 1676
f 1676 1599 1610
f 1676 1610 1687
f 1687 1610 1681
f 1687 1681 1388
f 1750 1683 1751
f 1750 1751 1697
f 1697 1751 1698
f 1697 1698 1691
f 1691 1698 1690
f 1687 1388 1686
f 1749 1684 1683
f 1683 1684 1680
f 1749 1683 1750
f 1676 1687 1686
f 1676 1686 1685
f 1691 1692 1697
f 1697 1692 1696
f 1697 1696 1750
f 1750 1696 1749
f 1702 1703 1713
f 1713 1703 1712
f 1713 1712 1742
f 1742 1712 1743
f 1742 1743 1740
f 1740 1743 1739
f 1703 1704 1712
f 1712 1704 1711
f 1712 1711 1743
f 1743 1711 1744
f 1743 1744 1739
f 1739 1744 1738
f 1702 1733 1703
f 1703 1733 1732
f 1703 1732 1704
f 1704 1732 1731
f 1704 1731 1705
f 1705 1731 1730
f 1705 1730 1706
f 1704 1705 1711
f 1711 1705 1710
f 1711 1710 1744
f 1744 1710 1745
f 1744 1745 1738
f 1738 1745 1737
f 1705 1706 1710
f 1710 1706 1709
f 1710 1709 1745
f 1745 1709 1746
f 1745 1746 1737
f 1737 1746 1736
f 1715 1601 1707
f 1707 1601 1708
f 1715 1707 1729
f 1677 1714 1713
f 1713 1714 1702
f 1677 1713 1742
f 1722 1716 1715
f 1718 1717 1724
f 1724 1717 1723
f 1724 1723 1731
f 1731 1723 1730
f 1678 163 1721
f 1678 1721 1727
f 1729 1722 1715
f 1718 1724 1725
f 1725 1724 1732
f 1725 1732 1733
f 1732 1724 1731
f 1728 1678 1727
f 1728 1727 1734
f 1747 1748 1735
f 1677 1742 1741
f 1741 1742 1740
f 1760 1753 1754
f 1789 1461 1783
f 1761 1454 1450
f 1757 1454 1756
f 1776 1784 1785
f 1785 1784 1460
f 1757 1758 1754
f 1758 1768 1771
f 1755 1771 1769
f 1775 1779 1783
f 1783 1779 1789
f 1761 1450 1780
f 1788 1787 1461
f 1788 1461 1789
f 1781 1774 1787
f 1450 1449 1780
f 1774 1780 1462
f 1774 1462 1787
f 1780 1449 1448
f 1780 1448 1462
f 1790 1460 1459
f 1790 1459 1679
f 1790 1679 1777
f 1777 1679 1755
f 1755 1679 1680
f 1755 1680 1770
f 1770 1764 1763
f 1763 1764 1760
f 1770 1680 1764
f 1764 1680 1388
f 1764 1388 1753
f 1756 1454 1761
f 1757 1756 1762
f 1758 1757 1762
f 1760 1754 1759
f 1759 1754 1758
f 1759 1758 1771
f 1763 1760 1759
f 1763 1759 1771
f 1764 1753 1760
f 1762 1756 1773
f 1773 1756 1761
f 1758 1762 1768
f 1771 1768 1769
f 1769 1768 1778
f 1768 1762 1772
f 1755 1763 1771
f 1770 1763 1755
f 1779 1765 1782
f 1779 1782 1788
f 1779 1788 1789
f 1762 1773 1765
f 1762 1765 1772
f 1772 1765 1779
f 1772 1779 1766
f 1766 1779 1775
f 1766 1775 1776
f 1776 1775 1783
f 1776 1783 1784
f 1784 1783 1461
f 1784 1461 1460
f 1768 1772 1767
f 1767 1772 1766
f 1767 1766 1776
f 1768 1767 1778
f 1778 1767 1786
f 1755 1769 1778
f 1780 1774 1773
f 1773 1774 1765
f 1782 1765 1781
f 1781 1765 1774
f 1785 1786 1776
f 1776 1786 1767
f 1778 1786 1777
f 1777 1786 1790
f 1755 1778 1777
f 1761 1780 1773
f 1788 1782 1787
f 1787 1782 1781
f 1460 1790 1785
f 1785 1790 1786
f 1875 1803 1388
f 1388 1803 1797
f 1388 1797 1753
f 1753 1797 1799
f 1754 1799 1810
f 1810 1809 1818
f 1818 1809 1814
f 1818 1814 1808
f 1818 1808 1817
f 1817 1808 1807
f 1817 1807 1806
f 1817 1806 1816
f 1816 1806 1805
f 1816 1805 1804
f 1816 1804 1823
f 1875 1791 1803
f 1803 1791 1797
f 1791 1812 1811
f 1791 1811 1797
f 1797 1811 1799
f 1812 1791 1802
f 1802 1791 1792
f 1807 1802 1806
f 1792 1793 1802
f 1802 1793 1815
f 1805 1815 1804
f 1793 1864 1815
f 1815 1864 1798
f 1815 1798 1804
f 1798 1795 1804
f 1864 1794 1798
f 1830 1796 1836
f 1836 1796 1452
f 1836 1452 1850
f 1851 1850 1452
f 1851 1452 1451
f 1451 1848 1849
f 1849 1852 1851
f 1851 1852 1836
f 1836 1852 1830
f 1451 1844 1845
f 1451 1845 1846
f 1846 1845 1855
f 1846 1855 1854
f 1854 1855 1840
f 1854 1840 1839
f 1839 1840 1832
f 1839 1832 1831
f 1831 1832 1826
f 1823 1820 1819
f 1819 1820 1804
f 1454 1843 1844
f 1823 1824 1816
f 1454 1757 1843
f 1843 1757 1801
f 1816 1825 1817
f 1754 1835 1757
f 1757 1835 1801
f 1753 1799 1754
f 1828 1821 1825
f 1827 1828 1825
f 1806 1802 1815
f 1814 1802 1807
f 1814 1807 1808
f 1812 1802 1813
f 1813 1802 1814
f 1812 1813 1809
f 1809 1813 1814
f 1806 1815 1805
f 1809 1810 1812
f 1812 1810 1811
f 1810 1799 1811
f 1820 1823 1804
f 1817 1825 1821
f 1817 1821 1818
f 1818 1821 1828
f 1818 1828 1829
f 1818 1829 1810
f 1810 1829 1800
f 1810 1800 1754
f 1823 1819 1822
f 1825 1816 1824
f 1823 1822 1826
f 1826 1822 1837
f 1837 1822 1830
f 1837 1830 1852
f 1833 1824 1826
f 1826 1824 1823
f 1827 1825 1833
f 1833 1825 1824
f 1754 1800 1835
f 1835 1800 1829
f 1835 1829 1828
f 1834 1828 1827
f 1831 1826 1838
f 1831 1838 1839
f 1839 1838 1853
f 1839 1853 1854
f 1854 1853 1847
f 1854 1847 1846
f 1846 1847 1451
f 1832 1833 1826
f 1834 1827 1841
f 1841 1827 1833
f 1841 1833 1840
f 1840 1833 1832
f 1842 1834 1856
f 1856 1834 1841
f 1801 1835 1828
f 1801 1828 1842
f 1842 1828 1834
f 1826 1837 1838
f 1853 1838 1848
f 1853 1848 1847
f 1847 1848 1451
f 1838 1837 1852
f 1856 1841 1855
f 1855 1841 1840
f 1801 1842 1856
f 1856 1844 1801
f 1801 1844 1843
f 1855 1845 1856
f 1856 1845 1844
f 1851 1451 1849
f 1852 1849 1838
f 1838 1849 1848
f 1851 1836 1850
f 1387 1871 1388
f 1388 1871 1875
f 1791 1875 1889
f 1888 1889 1890
f 1888 1890 1887
f 1887 1890 1891
f 1884 1885 1892
f 1884 1892 1883
f 1883 1892 1893
f 1883 1893 1882
f 1882 1893 1438
f 1882 1438 1920
f 1920 1438 1863
f 1920 1863 1921
f 1921 1863 1906
f 1921 1906 1905
f 1905 1906 1896
f 1905 1896 1909
f 1909 1896 1858
f 1909 1858 1908
f 1386 1876 1387
f 1387 1876 1871
f 1417 1868 1386
f 1386 1868 1869
f 1869 1868 1878
f 1874 1890 1889
f 1393 1881 1417
f 1417 1881 1866
f 1417 1866 1867
f 1867 1866 1880
f 1867 1880 1879
f 1879 1880 1873
f 1439 1438 1893
f 1439 1893 1892
f 1863 1438 1907
f 1863 1907 1906
f 1906 1907 1895
f 1906 1895 1896
f 1896 1895 1910
f 1896 1910 1858
f 1437 1865 1438
f 1438 1865 1894
f 1438 1894 1907
f 1907 1894 1895
f 1865 1437 1911
f 1911 1437 1857
f 1911 1857 1910
f 1910 1857 1858
f 1862 1794 1864
f 1793 1928 1864
f 1864 1928 1900
f 1864 1900 1899
f 1913 1897 1909
f 1793 1792 1928
f 1927 1928 1914
f 1927 1914 1915
f 1915 1914 1887
f 1915 1887 1891
f 1792 1791 1889
f 1881 1393 1439
f 1881 1439 1892
f 1868 1417 1867
f 1866 1881 1872
f 1872 1881 1892
f 1872 1892 1885
f 1867 1879 1868
f 1868 1879 1878
f 1876 1386 1870
f 1870 1386 1869
f 1870 1869 1878
f 1876 1870 1877
f 1877 1870 1878
f 1877 1878 1874
f 1876 1877 1875
f 1875 1877 1874
f 1875 1874 1889
f 1872 1880 1866
f 1880 1872 1873
f 1873 1872 1886
f 1885 1886 1872
f 1878 1879 1873
f 1874 1878 1873
f 1874 1873 1891
f 1874 1891 1890
f 1876 1875 1871
f 1883 1882 1919
f 1919 1882 1920
f 1919 1920 1921
f 1884 1883 1918
f 1918 1883 1919
f 1918 1919 1922
f 1922 1919 1921
f 1922 1921 1905
f 1885 1884 1917
f 1917 1884 1918
f 1917 1918 1923
f 1923 1918 1922
f 1923 1922 1904
f 1904 1922 1905
f 1904 1905 1909
f 1886 1885 1924
f 1924 1885 1917
f 1924 1917 1923
f 1924 1923 1897
f 1897 1923 1904
f 1897 1904 1909
f 1873 1886 1903
f 1903 1886 1924
f 1903 1924 1913
f 1913 1924 1897
f 1891 1873 1925
f 1925 1873 1903
f 1903 1913 1912
f 1916 1891 1925
f 1916 1925 1902
f 1902 1925 1903
f 1902 1903 1898
f 1898 1903 1912
f 1792 1889 1888
f 1792 1888 1914
f 1914 1888 1887
f 1895 1894 1865
f 1898 1899 1902
f 1916 1902 1926
f 1916 1926 1915
f 1916 1915 1891
f 1899 1900 1902
f 1902 1900 1901
f 1902 1901 1926
f 1926 1901 1927
f 1926 1927 1915
f 1900 1928 1901
f 1901 1928 1927
f 1864 1899 1862
f 1862 1899 1861
f 1861 1899 1860
f 1899 1898 1860
f 1860 1898 1859
f 1898 1912 1859
f 1859 1912 1908
f 1912 1913 1908
f 1908 1913 1909
f 1865 1911 1910
f 1895 1865 1910
f 1792 1914 1928
f 1088 1148 1085
f 1085 1148 1147
f 1085 1147 1139
f 1090 1562 1088
f 1088 1562 1178
f 1088 1178 1149
f 1562 1090 1081
f 1562 1081 1563
f 1081 1054 1563
f 1149 1148 1088
f 961 956 1014
f 1014 956 948
f 1014 948 929
f 929 1209 1014
f 1014 1209 1471
f 1014 1471 1011
f 1011 1471 1470
f 1011 1470 1019
f 1019 1470 104
f 1019 104 107
f 616 654 637
f 637 654 649
f 407 334 345
f 344 321 343
f 340 427 403
f 434 372 448
f 448 372 429
f 448 429 449
f 901 877 900
f 900 877 841
f 814 774 827
f 827 774 773
f 896 820 815
f 815 820 779
f 828 823 829
f 829 823 822
f 829 822 904
f 904 822 792
f 887 894 838
f 759 714 770
f 770 714 732
f 770 732 754
f 660 687 689
f 660 689 745
f 745 689 686
f 698 700 751
f 751 700 703
f 751 703 697
f 697 703 677
f 760 746 768
f 615 612 652
f 652 612 628
f 569 540 535
f 569 535 619
f 594 575 592
f 592 575 573
f 573 575 537
f 553 579 647
f 647 579 578
f 621 584 620
f 1093 1105 1507
f 1507 1105 1101
f 1507 1101 1100
f 1100 1101 1519
f 1519 1101 1099
f 1519 1099 1520
f 1520 1099 1130
f 1520 1130 1110
f 1110 1109 1508
f 1508 1109 1126
f 1508 1123 1530
f 1530 1123 1121
f 1530 1121 1509
f 1509 1121 1531
f 1531 1121 1108
f 1531 1108 1446
f 1446 1108 1107
f 1446 1107 1447
f 1447 1107 1135
f 1432 960 965
f 1432 965 1485
f 1485 965 996
f 1485 996 1486
f 1486 996 1487
f 1487 996 993
f 1487 993 1488
f 1488 993 973
f 1488 973 1489
f 1489 973 992
f 1489 992 1490
f 1490 992 990
f 1490 990 988
f 1490 988 1491
f 1491 988 972
f 1491 972 1492
f 1492 972 971
f 1492 971 1493
f 1493 971 1494
f 1494 970 1475
f 1475 970 969
f 1475 969 1474
f 1474 969 1001
f 1080 1087 456
f 456 1087 1086
f 456 1086 1093
f 1093 1507 456
f 456 1507 1589
f 1589 1507 1474
f 1589 1474 465
f 465 1474 1001
f 1001 1008 465
f 465 1008 1013
f 1013 1012 465
f 999 982 964
f 964 982 974
f 974 982 975
f 975 982 981
f 975 981 976
f 976 981 980
f 976 980 977
f 977 980 979
f 977 979 978
f 978 979 987
f 1098 1119 1111
f 1111 1119 1118
f 1111 1118 1112
f 1112 1118 1117
f 1112 1117 1113
f 1113 1117 1116
f 1113 1116 1114
f 1114 1116 1115
f 1115 1116 1125
f 1447 1135 1464
f 1464 1135 1143
f 1464 1143 1146
f 1464 1463 1447
f 1447 1463 1448
f 1374 1373 1432
f 1432 1373 1372
f 1432 1372 960
f 960 1372 954
f 954 1372 955
f 1567 92 1588
f 1588 92 91
f 1588 91 108
f 463 64 1590
f 1590 64 63
f 1590 63 460
f 460 63 62
f 281 688 662
f 281 662 275
f 275 662 1931
f 275 1931 1932
f 275 1932 776
f 688 281 707
f 707 281 280
f 707 280 1930
f 1930 280 279
f 1930 279 1929
f 1929 279 574
f 574 279 576
f 576 279 278
f 576 278 549
f 549 278 1940
f 1940 278 1939
f 1939 278 414
f 414 278 446
f 446 278 447
f 447 278 431
f 431 278 277
f 431 277 1938
f 1938 277 1937
f 1937 277 1936
f 1936 277 276
f 1936 276 1935
f 1935 276 1934
f 1934 276 275
f 1934 275 1933
f 1933 275 857
f 857 275 818
f 818 275 819
f 819 275 776
f 1862 1481 1794
f 1794 1481 1514
f 1794 1514 1798
f 1798 1514 1795
f 1795 1514 1513
f 1795 1513 1804
f 1804 1513 1819
f 1819 1513 1822
f 1822 1513 1830
f 1830 1513 1796
f 1796 1513 1512
f 1796 1512 1452
f 1452 1512 1528
f 1452 1528 1511
f 1862 1861 1481
f 1481 1861 1482
f 1482 1861 1860
f 1482 1860 1859
f 1482 1859 1908
f 1482 1908 1858
f 1482 1858 1857
f 1482 1857 1483
f 1483 1857 1437
f 1483 1437 1484
f 1484 1437 1436
f 1514 1481 1515
f 1515 1481 1480
f 1515 1480 1516
f 1516 1480 1479
f 1516 1479 1517
f 1517 1479 1504
f 1517 1504 1518
f 1518 1504 1505
f 1479 1496 1504
f 1504 1496 1477
f 1477 1496 1478
f 1510 1444 1511
f 1511 1444 1452
f 549 1940 539
f 539 1940 550
f 550 1940 545
f 545 1940 536
f 536 1940 412
f 536 412 415
f 412 1940 1939
f 412 1939 417
f 417 1939 416
f 416 1939 413
f 413 1939 414
f 415 400 536
f 536 400 350
f 536 350 1283
f 536 1283 554
f 554 1283 557
f 557 1283 1282
f 557 1282 556
f 1282 1357 555
f 555 1357 1356
f 555 1356 580
f 580 1356 1355
f 580 1355 1354
f 1283 350 355
f 355 351 1283
f 1283 351 502
f 502 351 352
f 502 352 353
f 353 354 502
f 502 354 509
f 509 354 349
f 349 398 509
f 509 398 1260
f 1260 398 383
f 1260 383 1242
f 1242 383 385
f 385 386 1242
f 1242 386 1243
f 1243 386 411
f 1243 411 1938
f 1243 1938 1937
f 1243 1937 1936
f 1243 1936 1244
f 1244 1936 1259
f 1259 1936 526
f 526 1936 478
f 478 1936 1267
f 1267 1936 1935
f 1267 1935 1268
f 1268 1935 1934
f 1268 1934 1269
f 1269 1934 1349
f 1349 1934 1933
f 1349 1933 1270
f 1270 1933 860
f 1938 411 433
f 1938 433 445
f 445 444 1938
f 1938 444 432
f 1938 432 431
f 857 840 1933
f 840 851 1933
f 851 856 1933
f 1933 856 860
f 860 862 1270
f 1270 862 859
f 1270 859 1271
f 1271 859 861
f 1271 861 825
f 1271 825 824
f 1271 824 796
f 1271 796 1272
f 1272 796 794
f 1272 794 1351
f 1351 794 797
f 1351 797 1273
f 1273 797 793
f 1273 793 775
f 1273 775 665
f 665 775 777
f 665 777 1931
f 1931 777 791
f 791 790 1931
f 1931 790 1932
f 1932 790 788
f 788 789 1932
f 1932 789 776
f 1273 665 678
f 1273 678 684
f 684 674 1273
f 1273 674 1274
f 1274 674 685
f 1274 685 1275
f 1275 685 683
f 1275 683 1276
f 1276 683 1277
f 1277 683 701
f 1277 701 699
f 1277 699 1278
f 1278 699 730
f 1278 730 742
f 1278 742 1279
f 1279 742 736
f 1279 736 738
f 1279 738 704
f 1279 704 1930
f 1930 704 713
f 1930 713 709
f 1930 709 708
f 1930 708 707
f 1279 1930 1353
f 1353 1930 1929
f 1353 1929 590
f 590 1929 602
f 602 1929 601
f 601 1929 599
f 599 1929 600
f 600 1929 574
f 1353 590 1280
f 1280 590 604
f 1280 604 608
f 608 607 1280
f 1280 607 1281
f 1281 607 603
f 1281 603 609
f 1281 609 1354
f 1354 609 580
