v 0.0168676 0.0536771 -0.014572
v 0.0340988 0.0529111 -0.0382491
v 0.129922 0.0644807 -0.0215854
v 0.131427 0.064536 -0.018332
v 0.119666 0.064663 -0.035888
v 0.117175 0.064663 -0.038184
v 0.061639 0.064474 0.050604
v 0.061651 0.064423 0.050555
v 0.068381 0.064423 0.052891
v 0.06497 0.064596 0.051971
v 0.068382 0.064596 0.053032
v 0.068394 0.064661 0.053062
v 0.06498 0.064661 0.051999
v 0.061646 0.064661 0.050708
v 0.061638 0.064596 0.050682
v 0.071879 0.064661 0.053895
v 0.117153 0.064539 -0.038155
v 0.115632 0.064538 -0.039431
v 0.117168 0.064599 -0.038177
v 0.11564 0.064584 -0.039446
v 0.11564 0.064594 -0.039447
v 0.115644 0.064659 -0.039454
v 0.12194 0.064721 -0.0335426
v 0.122002 0.064656 -0.03341
v 0.119656 0.064598 -0.035882
v 0.121993 0.064598 -0.033432
v 0.119643 0.064535 -0.035869
v 0.121976 0.064535 -0.033421
v 0.122016 0.06472 -0.033387
v 0.1264 0.064727 -0.027773
v 0.124301 0.064664 -0.030688
v 0.126406 0.064664 -0.027791
v 0.124285 0.064599 -0.030686
v 0.124264 0.064535 -0.030676
v 0.129998 0.064723 -0.021571
v 0.130011 0.064664 -0.021595
v 0.128313 0.064664 -0.024755
v 0.128291 0.064599 -0.024755
v 0.126387 0.064599 -0.027791
v 0.126363 0.064535 -0.027782
v 0.131508 0.06473 -0.018319
v 0.132554 0.064796 -0.015574
v 0.13149 0.064664 -0.018331
v 0.132715 0.064599 -0.014979
v 0.129986 0.064599 -0.021598
v 0.133792 0.064729 -0.011525
v 0.132754 0.064723 -0.014945
v 0.132762 0.064758 -0.014929
v 0.134528 0.064597 -0.008054
v 0.133771 0.064663 -0.011539
v 0.132745 0.064663 -0.014973
v 0.134563 0.064662 -0.008044
v 0.135116 0.064661 -0.004503
v 0.135392 0.064595 -0.000946
v 0.135452 0.064727 -0.000914
v 0.135333 0.064751 0.006258
v 0.135354 0.064724 0.006252
v 0.134275 0.064755 0.013342
v 0.13429 0.064722 0.013337
v 0.135129 0.064694 -0.004495
v 0.135443 0.064693 -0.000924
v 0.135345 0.06469 0.006242
v 0.134281 0.064687 0.013326
v 0.115769 0.064719 0.04324
v 0.121025 0.064681 0.038366
v 0.121035 0.064718 0.038374
v 0.125583 0.064681 0.032841
v 0.125592 0.064718 0.032849
v 0.129355 0.064682 0.02675
v 0.129364 0.064719 0.02676
v 0.109898 0.064753 0.047334
v 0.115759 0.064748 0.043222
v 0.121026 0.064751 0.038362
v 0.125576 0.064748 0.032839
v 0.129351 0.064753 0.026757
v 0.109899 0.06472 0.047349
v 0.109887 0.064684 0.047342
v 0.115758 0.064682 0.043233
v 0.103526 0.064722 0.05063
v 0.103514 0.064686 0.050622
v 0.09675 0.064689 0.053016
v 0.096763 0.064723 0.053024
v 0.09677 0.064756 0.05301
v 0.089744 0.064725 0.054482
v 0.082593 0.064726 0.054981
v 0.089732 0.064691 0.054474
v 0.082581 0.064692 0.054972
v 0.082603 0.064755 0.054966
v 0.075442 0.064751 0.054491
v 0.079004 0.064727 0.054867
v 0.078993 0.064693 0.054858
v 0.08975 0.064752 0.054462
v 0.13543 0.064659 -0.000932
v 0.135331 0.064656 0.006232
v 0.135291 0.064591 0.006214
v 0.134267 0.064653 0.013316
v 0.134227 0.064588 0.013294
v 0.132259 0.06465 0.020192
v 0.132218 0.064585 0.020166
v 0.129341 0.064648 0.026738
v 0.1293 0.064582 0.026709
v 0.125568 0.064646 0.032829
v 0.125528 0.064581 0.032797
v 0.121011 0.064646 0.038354
v 0.120972 0.064581 0.03832
v 0.115743 0.064648 0.043221
v 0.115707 0.064582 0.043184
v 0.109872 0.06465 0.047329
v 0.109839 0.064585 0.047291
v 0.1035 0.064652 0.050609
v 0.103469 0.064587 0.05057
v 0.096737 0.064655 0.053003
v 0.09671 0.06459 0.052963
v 0.08972 0.064657 0.054461
v 0.089696 0.064592 0.054422
v 0.082571 0.064659 0.05496
v 0.082551 0.064594 0.054923
v 0.078984 0.06466 0.054846
v 0.075397 0.064596 0.054456
v 0.071907 0.06476 0.053917
v 0.071896 0.064727 0.053914
v 0.075432 0.064727 0.05451
v 0.06841 0.064727 0.05308
v 0.075413 0.064661 0.05449
v 0.071866 0.064596 0.053862
v 0.068376 0.064533 0.052992
v 0.061636 0.064533 0.050647
v 0.061658 0.064727 0.050723
v 0.064986 0.064694 0.052009
v 0.064994 0.064727 0.052016
v 0.068401 0.064694 0.053073
v 0.071887 0.064694 0.053906
v 0.075422 0.064694 0.054502
v 0.05224 0.064477 0.04542
v 0.055256 0.064537 0.047384
v 0.055257 0.064598 0.047409
v 0.049353 0.064534 0.043311
v 0.04935 0.064554 0.043321
v 0.04935 0.064592 0.043331
v 0.04935 0.064596 0.043332
v 0.055272 0.064718 0.047431
v 0.049353 0.064725 0.043353
v 0.049353 0.064723 0.043353
v 0.058403 0.064727 0.0492
v 0.058392 0.064661 0.049187
v 0.055261 0.064659 0.047427
v 0.04935 0.06467 0.043352
v 0.120161 0.0639468 -0.0348121
v 0.117124 0.064422 -0.03811
v 0.115598 0.064405 -0.039368
v 0.115619 0.064475 -0.039408
v 0.0841137 0.064238 0.0547761
v 0.071856 0.064423 0.053715
v 0.056268 0.064334 0.047783
v 0.055288 0.064376 0.047274
v 0.0494 0.064375 0.043208
v 0.0596175 0.0631436 0.0487796
v 0.055254 0.064474 0.047362
v 0.052238 0.064475 0.045422
v 0.052253 0.064422 0.045382
v 0.049361 0.064475 0.043283
v 0.049362 0.064472 0.043281
v 0.049378 0.064422 0.043247
v 0.049387 0.064395 0.043228
v 0.115644 0.064663 -0.039455
v 0.115646 0.064697 -0.039458
v 0.126062 0.064794 -0.028297
v 0.128605 0.0647951 -0.0242586
v 0.13283 0.064796 -0.014652
v 0.134218 0.064796 -0.009575
v 0.13454 0.064796 -0.007996
v 0.134565 0.064753 -0.008016
v 0.134883 0.064796 -0.00632
v 0.135099 0.064796 -0.004387
v 0.135414 0.064796 -0.001572
v 0.135439 0.064757 -0.000904
v 0.134584 0.064728 -0.008028
v 0.135138 0.064727 -0.004486
v 0.135428 0.0647968 -0.000929964
v 0.135516 0.064797 0.003199
v 0.135308 0.064797 0.00622726
v 0.135188 0.064797 0.007966
v 0.134433 0.064797 0.01268
v 0.132234 0.064797 0.020212
v 0.132261 0.064749 0.020212
v 0.133258 0.064797 0.017307
v 0.13347 0.064797 0.016473
v 0.132273 0.064684 0.020203
v 0.132282 0.06472 0.020213
v 0.131793 0.064797 0.021462
v 0.131669 0.064797 0.021812
v 0.129683 0.064797 0.026154
v 0.129623 0.064797 0.026261
v 0.127315 0.064797 0.0303
v 0.126965 0.064797 0.030804
v 0.125557 0.064797 0.032828
v 0.124672 0.064797 0.034101
v 0.123869 0.064797 0.035061
v 0.121618 0.064797 0.037754
v 0.118201 0.064797 0.041162
v 0.11651 0.064796 0.0425656
v 0.114488 0.064796 0.044246
v 0.107824 0.064796 0.048485
v 0.103524 0.064749 0.050608
v 0.112313 0.064796 0.04574
v 0.110511 0.064796 0.046978
v 0.106297 0.064796 0.049341
v 0.103259 0.064796 0.0506971
v 0.10189 0.064796 0.051308
v 0.098144 0.064795 0.052587
v 0.097316 0.064795 0.052869
v 0.093047 0.064795 0.053904
v 0.092634 0.064795 0.054004
v 0.089761 0.064795 0.054438
v 0.088194 0.064795 0.054675
v 0.087843 0.064795 0.054697
v 0.083368 0.064794 0.054975
v 0.0869521 0.0660222 0.054741
v 0.0785145 0.0648039 0.0548285
v 0.07373 0.064794 0.054253
v 0.072028 0.0647935 0.053888
v 0.069052 0.064793 0.05325
v 0.0619451 0.064792 0.0508035
v 0.0625965 0.0649533 0.0511759
v 0.0675852 0.0647937 0.0527954
v 0.060836 0.064792 0.050358
v 0.0573 0.064793 0.048606
v 0.0571 0.064793 0.048506
v 0.055297 0.064793 0.047415
v 0.053013 0.064793 0.046032
v 0.128263 0.064536 -0.024749
v 0.126333 0.064474 -0.027766
v 0.122703 0.064457 -0.0325815
v 0.121954 0.064474 -0.033401
v 0.11714 0.064479 -0.038135
v 0.115624 0.064491 -0.039417
v 0.132653 0.0638842 -0.0152695
v 0.125011 0.0619695 0.0357659
v 0.115664 0.064523 0.043136
v 0.109801 0.064524 0.047241
v 0.115888 0.0644459 0.0430165
v 0.075386 0.064533 0.054411
v 0.082535 0.064533 0.054875
v 0.068375 0.064474 0.052944
v 0.071857 0.064533 0.053819
v 0.055268 0.064423 0.047319
v 0.058391 0.064474 0.049092
v 0.058386 0.064533 0.049131
v 0.133928 0.064796 -0.010996
v 0.096878 0.063471 -0.0482952
v 0.110598 0.064397 -0.042943
v 0.110641 0.064639 -0.043024
v 0.110642 0.064706 -0.043027
v 0.110627 0.064511 -0.042998
v 0.110636 0.064573 -0.043014
v 0.105301 0.064766 -0.046069
v 0.109569 0.064772 -0.043688
v 0.105301 0.064699 -0.046069
v 0.105301 0.064697 -0.046069
v 0.113189 0.064782 -0.041307
v 0.109622 0.064772 -0.0436529
v 0.105293 0.064563 -0.046052
v 0.105302 0.064647 -0.04607
v 0.110614 0.064452 -0.042974
v 0.105263 0.064415 -0.045993
v 0.105267 0.064435 -0.046003
v 0.105289 0.064526 -0.046044
v 0.105292 0.064561 -0.046052
v 0.044521 0.064573 0.038978
v 0.044531 0.06451 0.03896
v 0.044598 0.064349 0.038873
v 0.044569 0.064397 0.038907
v 0.04027 0.064363 0.034063
v 0.040299 0.064331 0.03404
v 0.044547 0.064451 0.038936
v 0.044516 0.064706 0.038995
v 0.040168 0.064684 0.034145
v 0.044516 0.064639 0.03899
v 0.040175 0.06463 0.03414
v 0.040184 0.064563 0.034133
v 0.040184 0.064561 0.034133
v 0.040214 0.064465 0.034108
v 0.04023 0.064436 0.034095
v 0.040231 0.064435 0.034095
v 0.0419007 0.0901493 -0.0309222
v 0.0481982 0.101198 -0.0127286
v 0.056541 0.08791 -0.043664
v 0.0659093 0.0882464 -0.0464011
v 0.0608066 0.0881698 -0.0452246
v 0.0695331 0.0891211 -0.046272
v 0.081488 0.089022 -0.046499
v 0.078098 0.088818 -0.046874
v 0.078094 0.088886 -0.046811
v 0.083802 0.089162 -0.046243
v 0.104497 0.0967992 -0.0331247
v 0.105866 0.100963 -0.027241
v 0.104077 0.100963 -0.028587
v 0.10317 0.100962 -0.029164
v 0.102871 0.100962 -0.029355
v 0.101061 0.100961 -0.030507
v 0.100017 0.100961 -0.03103
v 0.0944884 0.0988522 -0.0365566
v 0.086247 0.100964 -0.035255
v 0.075012 0.100983 -0.034666
v 0.0760404 0.100987 -0.0348904
v 0.0731754 0.0995425 -0.0361852
v 0.078663 0.100975 -0.035215
v 0.0818835 0.100972 -0.0354516
v 0.072109 0.100991 -0.033998
v 0.071427 0.100993 -0.03377
v 0.071193 0.100994 -0.033692
v 0.068951 0.101 -0.03294
v 0.064614 0.101011 -0.030905
v 0.0654007 0.101023 -0.031331
v 0.0574682 0.0982273 -0.0312269
v 0.067958 0.101003 -0.032493
v 0.0617883 0.101015 -0.0292424
v 0.059017 0.101021 -0.027218
v 0.0569768 0.101057 -0.0253629
v 0.117874 0.0924392 -0.0292183
v 0.109817 0.100954 -0.0236022
v 0.118212 0.100803 -0.0110853
v 0.128003 0.0927246 -0.00997803
v 0.119843 0.101016 0.000113915
v 0.11986 0.101017 0.000986745
v 0.123513 0.098321 0.00314451
v 0.119977 0.100766 0.0071419
v 0.127982 0.0939165 0.00818606
v 0.119275 0.101023 0.00859959
v 0.129013 0.0930854 0.00435671
v 0.117426 0.100408 0.0181443
v 0.0851998 0.080877 0.0532009
v 0.109794 0.0864631 -0.0394864
v 0.093355 0.089684 -0.044194
v 0.086583 0.089251 -0.045832
v 0.0888465 0.0890758 -0.0454883
v 0.086582 0.089264 -0.045824
v 0.057341 0.087779 -0.044178
v 0.05982 0.087839 -0.045093
v 0.062362 0.087944 -0.045809
v 0.067557 0.088171 -0.046749
v 0.072826 0.088436 -0.047089
v 0.0556727 0.0721724 -0.0531171
v 0.062386 0.088059 -0.045707
v 0.067571 0.088297 -0.046645
v 0.072829 0.08857 -0.046981
v 0.072827 0.08851 -0.047034
v 0.0773242 0.0886392 -0.0470208
v 0.0781 0.088784 -0.046902
v 0.078101 0.088749 -0.046923
v 0.072826 0.088457 -0.047077
v 0.059827 0.087873 -0.045068
v 0.062368 0.087979 -0.045783
v 0.062365 0.087962 -0.045797
v 0.067561 0.088209 -0.046723
v 0.067559 0.088191 -0.046737
v 0.072826 0.088476 -0.047062
v 0.078099 0.08879 -0.046898
v 0.067564 0.088241 -0.046696
v 0.062374 0.088008 -0.045757
v 0.057349 0.087806 -0.044152
v 0.0377092 0.0971662 0.00272946
v 0.085875 0.083038 -0.048024
v 0.089098 0.083049 -0.047447
v 0.082504 0.082984 -0.048738
v 0.082508 0.082964 -0.048762
v 0.075814 0.082937 -0.0494
v 0.075815 0.082908 -0.049425
v 0.075815 0.082909 -0.049424
v 0.082511 0.08294 -0.048782
v 0.075814 0.082931 -0.049405
v 0.089129 0.082958 -0.047581
v 0.082513 0.082914 -0.048798
v 0.089131 0.082939 -0.047589
v 0.089123 0.08299 -0.047556
v 0.082492 0.08302 -0.048654
v 0.082485 0.083023 -0.048597
v 0.083366 0.083026 -0.048497
v 0.085808 0.083034 -0.04812
v 0.0891007 0.0830479 -0.0474588
v 0.089105 0.083042 -0.047477
v 0.082496 0.083013 -0.048683
v 0.082409 0.083022 -0.048606
v 0.079157 0.083006 -0.049047
v 0.077546 0.083 -0.049157
v 0.075808 0.082985 -0.049298
v 0.075807 0.082989 -0.049269
v 0.082501 0.083001 -0.048711
v 0.075811 0.082967 -0.049355
v 0.087506 0.082904 -0.047952
v 0.0734478 0.0774614 -0.0511736
v 0.080544 0.082879 -0.049022
v 0.085349 0.082897 -0.048312
v 0.075816 0.082901 -0.049431
v 0.075816 0.082884 -0.04944
v 0.0758266 0.0828735 -0.0494462
v 0.089108 0.083035 -0.047491
v 0.089113 0.083027 -0.047512
v 0.089117 0.083012 -0.047531
v 0.0891226 0.082996 -0.0475511
v 0.075812 0.082965 -0.049361
v 0.075638 0.082958 -0.049415
v 0.0757155 0.082968 -0.0493752
v 0.0755 0.083449 -0.049236
v 0.075622 0.082938 -0.049431
v 0.0752733 0.0820951 -0.0497886
v 0.075779 0.082992 -0.049271
v 0.075729 0.083004 -0.049268
v 0.0757231 0.0830037 -0.0492903
v 0.075767 0.082993 -0.049272
v 0.0757754 0.0829901 -0.0492909
v 0.075746 0.08298 -0.0493429
v 0.0756126 0.0830943 -0.0492771
v 0.075651 0.083065 -0.049229
v 0.0756646 0.0830441 -0.0492676
v 0.075681 0.083034 -0.04925
v 0.075584 0.083389 -0.049206
v 0.075597 0.083375 -0.049191
v 0.07558 0.083346 -0.049208
v 0.075598 0.083375 -0.049191
v 0.0756114 0.0831353 -0.0492081
v 0.075611 0.083169 -0.049153
v 0.075622 0.08312 -0.04919
v 0.0756023 0.0832119 -0.0491648
v 0.0756147 0.0832615 -0.0491239
v 0.075598 0.0832743 -0.0491768
v 0.075625 0.083271 -0.04907
v 0.075612 0.083221 -0.049111
v 0.0754716 0.0831933 -0.0493343
v 0.075536 0.083425 -0.04923
v 0.075499 0.083348 -0.049265
v 0.0755231 0.0834508 -0.0492296
v 0.075501 0.083448 -0.049236
v 0.0756391 0.0829749 -0.0493986
v 0.0755707 0.083299 -0.0492165
v 0.0756322 0.0832881 -0.0490544
v 0.075637 0.083309 -0.049087
v 0.075632 0.083328 -0.049124
v 0.075619 0.08335 -0.04916
v 0.0755495 0.0833788 -0.0492311
v 0.075569 0.083401 -0.049214
v 0.08902 0.083141 -0.044022
v 0.089028 0.083142 -0.044021
v 0.089126 0.083058 -0.047401
v 0.089081 0.083159 -0.044009
v 0.089093 0.083167 -0.044005
v 0.08919 0.083083 -0.047357
v 0.089264 0.083166 -0.04727
v 0.08917 0.083247 -0.043973
v 0.08926 0.083362 -0.04714
v 0.089268 0.083343 -0.04715
v 0.089166 0.083442 -0.043922
v 0.089174 0.083423 -0.043926
v 0.089186 0.083391 -0.043933
v 0.089186 0.083392 -0.043933
v 0.089185 0.083395 -0.043932
v 0.089176 0.083417 -0.043928
v 0.08928 0.083311 -0.047166
v 0.089191 0.083356 -0.043942
v 0.08919 0.083318 -0.043952
v 0.089192 0.08334 -0.043946
v 0.089285 0.083275 -0.047188
v 0.0892839 0.083293 -0.0471868
v 0.089192 0.083346 -0.043944
v 0.089183 0.083283 -0.043962
v 0.089284 0.083237 -0.047213
v 0.089185 0.083289 -0.04396
v 0.089188 0.083295 -0.043958
v 0.089279 0.083201 -0.047241
v 0.0892795 0.0831993 -0.0472482
v 0.089158 0.083226 -0.04398
v 0.089149 0.083216 -0.043984
v 0.089166 0.08324 -0.043975
v 0.089169 0.083245 -0.043974
v 0.089246 0.083133 -0.0473
v 0.089134 0.083199 -0.043991
v 0.089125 0.083189 -0.043995
v 0.0892511 0.0831223 -0.0473688
v 0.089221 0.083107 -0.047328
v 0.089124 0.083188 -0.043995
v 0.0892064 0.0830921 -0.0473574
v 0.089061 0.083152 -0.044013
v 0.089159 0.083067 -0.047381
v 0.089143 0.083063 -0.04739
v 0.089032 0.083142 -0.04402
v 0.089046 0.083147 -0.044017
v 0.088993 0.083138 -0.044027
v 0.075701 0.083336 -0.046598
v 0.075768 0.083352 -0.043937
v 0.075685 0.08327 -0.046595
v 0.075691 0.083305 -0.046596
v 0.075768 0.083322 -0.043944
v 0.075768 0.083299 -0.043951
v 0.075687 0.083233 -0.046595
v 0.0759653 0.0831211 -0.044025
v 0.075888 0.083056 -0.046596
v 0.075932 0.083125 -0.044019
v 0.075826 0.083182 -0.043989
v 0.075839 0.083167 -0.043995
v 0.075755 0.083105 -0.046593
v 0.075866 0.083149 -0.044004
v 0.075788 0.083082 -0.046594
v 0.075867 0.083148 -0.044004
v 0.07582 0.083068 -0.046595
v 0.075875 0.083143 -0.044006
v 0.075914 0.083128 -0.044016
v 0.075791 0.083229 -0.043972
v 0.075794 0.083223 -0.043974
v 0.075709 0.083162 -0.046594
v 0.075804 0.083205 -0.04398
v 0.075731 0.083131 -0.046593
v 0.075811 0.083197 -0.043983
v 0.075775 0.083271 -0.043959
v 0.075695 0.083197 -0.046594
v 0.07578 0.083249 -0.043965
v 0.075774 0.083374 -0.043932
v 0.075774 0.083371 -0.043932
v 0.075853 0.083059 -0.046595
v 0.075919 0.083127 -0.044017
v 0.08735 0.08664 -0.043117
v 0.0798289 0.0892007 -0.0417606
v 0.087611 0.086269 -0.046492
v 0.087601 0.086286 -0.046487
v 0.082381 0.088932 -0.046477
v 0.078707 0.08871 -0.046712
v 0.078705 0.08871 -0.046721
v 0.07869 0.08871 -0.046758
v 0.078681 0.088709 -0.04678
v 0.07871 0.088712 -0.046919
v 0.078664 0.088708 -0.046805
v 0.078653 0.088708 -0.046822
v 0.078626 0.088707 -0.046848
v 0.078598 0.088705 -0.046876
v 0.078582 0.088704 -0.046887
v 0.078578 0.088704 -0.04689
v 0.078532 0.088702 -0.046913
v 0.078511 0.0887 -0.046924
v 0.078482 0.088699 -0.046933
v 0.078478 0.088698 -0.046934
v 0.078435 0.088697 -0.04694
v 0.086232 0.0891654 -0.0459286
v 0.085979 0.089149 -0.045977
v 0.086212 0.089163 -0.045928
v 0.086188 0.089161 -0.045925
v 0.08617 0.08916 -0.04592
v 0.086143 0.089159 -0.045912
v 0.086129 0.089158 -0.045908
v 0.086112 0.089156 -0.0459
v 0.086092 0.089155 -0.045887
v 0.08606 0.089153 -0.045865
v 0.086046 0.089152 -0.045852
v 0.086042 0.089151 -0.045848
v 0.084648 0.089068 -0.046204
v 0.086027 0.08915 -0.04583
v 0.086014 0.089149 -0.045814
v 0.085999 0.089148 -0.045783
v 0.08599 0.089147 -0.045766
v 0.085982 0.089147 -0.045742
v 0.084345 0.089049 -0.04624
v 0.085981 0.089147 -0.045737
v 0.0145354 0.0648974 -0.00954836
v 0.015228 0.0650252 -0.00815628
v 0.014192 0.0644629 -0.0167371
v 0.014083 0.064463 -0.014591
v 0.01396 0.064474 -0.01459
v 0.014072 0.064463 -0.01435
v 0.014419 0.064463 -0.012182
v 0.014218 0.064474 -0.012146
v 0.014616 0.064463 -0.010952
v 0.01509 0.064463 -0.009857
v 0.014901 0.064474 -0.00978
v 0.016004 0.064467 -0.007584
v 0.015972 0.064476 -0.007565
v 0.014795 0.064512 -0.009739
v 0.015906 0.064495 -0.007526
v 0.014744 0.064542 -0.00972
v 0.01583 0.064541 -0.007481
v 0.015192 0.064578 -0.008559
v 0.013845 0.064514 -0.014588
v 0.014126 0.064478 -0.017048
v 0.014144 0.064476 -0.017045
v 0.014106 0.064513 -0.012124
v 0.013788 0.064546 -0.014587
v 0.014051 0.064544 -0.012114
v 0.013735 0.064586 -0.014586
v 0.014 0.064583 -0.012104
v 0.013687 0.064633 -0.014586
v 0.013953 0.06463 -0.012094
v 0.013646 0.064687 -0.014585
v 0.013912 0.064683 -0.012086
v 0.013612 0.064746 -0.014585
v 0.015816 0.064549 -0.007473
v 0.015787 0.064578 -0.007456
v 0.015149 0.064622 -0.008538
v 0.015739 0.064625 -0.007428
v 0.015111 0.064673 -0.00852
v 0.015711 0.06467 -0.007411
v 0.015679 0.064721 -0.007393
v 0.0150693 0.0647519 -0.0084962
v 0.015657 0.064782 -0.00738
v 0.015039 0.064848 -0.008485
v 0.01564 0.064829 -0.00737
v 0.015029 0.06491 -0.00848
v 0.01563 0.064902 -0.007364
v 0.015624 0.064945 -0.00736
v 0.015628 0.065018 -0.007363
v 0.015631 0.065062 -0.007364
v 0.014651 0.064625 -0.009684
v 0.014695 0.06458 -0.009701
v 0.013751 0.064927 -0.01711
v 0.013622 0.064811 -0.015844
v 0.013775 0.064812 -0.017106
v 0.013776 0.064804 -0.017106
v 0.013802 0.06475 -0.017102
v 0.013831 0.064692 -0.017097
v 0.013876 0.064637 -0.017089
v 0.01391 0.064596 -0.017084
v 0.013975 0.064549 -0.017073
v 0.014011 0.064524 -0.017067
v 0.048851 0.065064 -0.060948
v 0.035748 0.064463 -0.052867
v 0.030821 0.064474 -0.048753
v 0.016293 0.064463 -0.025364
v 0.015803 0.064474 -0.024153
v 0.021968 0.064463 -0.037293
v 0.01956 0.064463 -0.033284
v 0.019953 0.064474 -0.034275
v 0.023727 0.064474 -0.040455
v 0.0239618 0.0644634 -0.0406016
v 0.025902 0.064474 -0.043357
v 0.042424 0.064474 -0.057412
v 0.042911 0.064463 -0.057564
v 0.048998 0.064476 -0.060588
v 0.049038 0.064463 -0.06049
v 0.015693 0.064513 -0.024186
v 0.018251 0.064512 -0.031041
v 0.018356 0.064474 -0.030994
v 0.018576 0.064463 -0.0309
v 0.025814 0.064512 -0.043427
v 0.02573 0.064581 -0.043495
v 0.025692 0.064626 -0.043524
v 0.030634 0.064627 -0.048947
v 0.04227 0.064684 -0.057685
v 0.042291 0.064631 -0.057648
v 0.036181 0.064629 -0.053665
v 0.048867 0.06475 -0.060909
v 0.048878 0.064692 -0.060882
v 0.048896 0.064637 -0.060839
v 0.042315 0.064584 -0.057607
v 0.036436 0.064463 -0.053318
v 0.036343 0.064474 -0.053449
v 0.036275 0.064512 -0.05354
v 0.030742 0.064512 -0.048835
v 0.036241 0.064544 -0.053585
v 0.030704 0.064543 -0.048875
v 0.03621 0.064582 -0.053627
v 0.030667 0.064581 -0.048912
v 0.048991 0.064478 -0.060605
v 0.042368 0.064513 -0.057512
v 0.042341 0.064545 -0.057561
v 0.048909 0.064596 -0.060807
v 0.048934 0.064549 -0.060746
v 0.048947 0.064524 -0.060713
v 0.027977 0.064921 -0.046399
v 0.025589 0.064982 -0.043607
v 0.027979 0.065041 -0.046397
v 0.025593 0.065041 -0.043604
v 0.036107 0.065047 -0.053765
v 0.033256 0.065044 -0.051494
v 0.030546 0.065042 -0.049038
v 0.027997 0.064796 -0.04638
v 0.025598 0.064858 -0.0436
v 0.02559 0.064921 -0.043606
v 0.030543 0.064922 -0.049041
v 0.03055 0.064859 -0.049034
v 0.030563 0.064797 -0.049021
v 0.030581 0.064736 -0.049002
v 0.033253 0.064924 -0.051497
v 0.036104 0.064926 -0.053769
v 0.03611 0.064863 -0.053761
v 0.030605 0.064679 -0.048977
v 0.02566 0.064678 -0.04355
v 0.025633 0.064735 -0.043572
v 0.025612 0.064796 -0.043589
v 0.042231 0.065054 -0.057754
v 0.039098 0.06505 -0.055853
v 0.050731 0.0653845 -0.0615711
v 0.045499 0.065059 -0.059462
v 0.039095 0.064929 -0.055857
v 0.042236 0.064935 -0.057746
v 0.042237 0.064869 -0.057745
v 0.045502 0.065051 -0.059456
v 0.042254 0.064743 -0.057715
v 0.042241 0.064805 -0.057737
v 0.048857 0.064812 -0.060934
v 0.048858 0.064804 -0.060933
v 0.03612 0.0648 -0.053747
v 0.036136 0.064739 -0.053726
v 0.036156 0.064681 -0.053699
v 0.0488172 0.064956 -0.0609495
v 0.01542 0.064995 -0.024268
v 0.0190163 0.0663043 -0.0321408
v 0.017995 0.065047 -0.031156
v 0.018318 0.065153 -0.031795
v 0.020602 0.065149 -0.036218
v 0.021407 0.065042 -0.037634
v 0.021391 0.065149 -0.037468
v 0.021471 0.065149 -0.037594
v 0.023265 0.065148 -0.040437
v 0.01542 0.064932 -0.024268
v 0.015429 0.064869 -0.024265
v 0.015445 0.064805 -0.02426
v 0.015639 0.064545 -0.024202
v 0.015589 0.064584 -0.024217
v 0.015543 0.064631 -0.024231
v 0.015503 0.064684 -0.024243
v 0.01547 0.064743 -0.024253
v 0.01799 0.064988 -0.031158
v 0.021402 0.064983 -0.037637
v 0.017991 0.064926 -0.031158
v 0.021404 0.064922 -0.037636
v 0.018 0.064863 -0.031154
v 0.021412 0.064859 -0.037631
v 0.018016 0.0648 -0.031146
v 0.021428 0.064797 -0.037621
v 0.01804 0.064739 -0.031136
v 0.02145 0.064736 -0.037608
v 0.018071 0.064681 -0.031122
v 0.02148 0.064679 -0.03759
v 0.018109 0.064629 -0.031105
v 0.021515 0.064627 -0.037568
v 0.018153 0.064582 -0.031085
v 0.021556 0.064581 -0.037543
v 0.018201 0.064544 -0.031064
v 0.021601 0.064543 -0.037516
v 0.021648 0.064512 -0.037487
v 0.021745 0.064474 -0.037428
v 0.058769 0.064889 -0.061259
v 0.05876 0.064781 -0.06123
v 0.0568665 0.0648569 -0.0617479
v 0.057533 0.064728 -0.061544
v 0.055664 0.064463 -0.06141
v 0.053797 0.064463 -0.061379
v 0.053792 0.064474 -0.061588
v 0.052252 0.064463 -0.061354
v 0.051392 0.064463 -0.061123
v 0.05135 0.064474 -0.061304
v 0.051315 0.064546 -0.061472
v 0.051304 0.064586 -0.061524
v 0.051294 0.064633 -0.061571
v 0.051326 0.064514 -0.061417
v 0.058617 0.064463 -0.060783
v 0.056223 0.064463 -0.061291
v 0.058648 0.064475 -0.06088
v 0.056248 0.064474 -0.06144
v 0.058653 0.064477 -0.060896
v 0.056265 0.064512 -0.061552
v 0.058687 0.064518 -0.061002
v 0.0543068 0.0687436 -0.0609376
v 0.0553402 0.0649375 -0.0620581
v 0.058698 0.064542 -0.061036
v 0.056273 0.064542 -0.061607
v 0.057505 0.064578 -0.061424
v 0.05628 0.06458 -0.061658
v 0.057516 0.064622 -0.06147
v 0.056287 0.064625 -0.061705
v 0.057525 0.064673 -0.061511
v 0.056293 0.064677 -0.061747
v 0.056298 0.064733 -0.061781
v 0.058771 0.065008 -0.061263
v 0.053789 0.064513 -0.061702
v 0.053788 0.064544 -0.061758
v 0.053786 0.064583 -0.06181
v 0.053785 0.06463 -0.061858
v 0.053784 0.064683 -0.0619
v 0.053783 0.064741 -0.061934
v 0.051279 0.064746 -0.061645
v 0.050053 0.064811 -0.061359
v 0.051286 0.064687 -0.061612
v 0.05876 0.064775 -0.061228
v 0.058742 0.064671 -0.061173
v 0.058741 0.064669 -0.061171
v 0.058717 0.064584 -0.061096
v 0.058714 0.064577 -0.061086
v 0.020494 0.070435 -0.02063
v 0.018021 0.064463 -0.019212
v 0.020493 0.070435 -0.020628
v 0.017604 0.064463 -0.016256
v 0.019498 0.070439 -0.014813
v 0.020295 0.064463 -0.027752
v 0.022181 0.070433 -0.026285
v 0.0187875 0.0644376 -0.0229662
v 0.029959 0.070429 -0.040106
v 0.026329 0.064463 -0.039259
v 0.029958 0.070429 -0.040105
v 0.02468 0.064463 -0.036771
v 0.026555 0.07043 -0.035286
v 0.04689 0.070435 -0.053606
v 0.042457 0.064463 -0.053777
v 0.046888 0.070435 -0.053606
v 0.039898 0.064463 -0.052241
v 0.041741 0.070433 -0.050722
v 0.0453684 0.0644201 -0.0553276
v 0.023056 0.070058 -0.036356
v 0.023087 0.070058 -0.03641
v 0.024693 0.070054 -0.039197
v 0.0275345 0.068744 -0.0434486
v 0.02012 0.070499 -0.013322
v 0.018245 0.064463 -0.014667
v 0.022446 0.071169 -0.013153
v 0.020342 0.064192 -0.014601
v 0.021038 0.063847 -0.015986
v 0.023059 0.071541 -0.013724
v 0.023067 0.071546 -0.013735
v 0.020963 0.063859 -0.015636
v 0.023116 0.071575 -0.013852
v 0.020836 0.063922 -0.0153
v 0.020719 0.063991 -0.015069
v 0.022779 0.071363 -0.013387
v 0.020675 0.064017 -0.014983
v 0.022728 0.07133 -0.013341
v 0.020952 0.06386 -0.015585
v 0.02089 0.06389 -0.015406
v 0.022957 0.071475 -0.013575
v 0.020673 0.064018 -0.014981
v 0.020617 0.06405 -0.0149
v 0.0226054 0.071256 -0.0132338
v 0.020446 0.064139 -0.014714
v 0.020329 0.064198 -0.0145907
v 0.02213 0.070999 -0.012997
v 0.022143 0.0710056 -0.0130023
v 0.021807 0.070862 -0.012922
v 0.020128 0.064276 -0.014449
v 0.019955 0.064325 -0.014372
v 0.021777 0.070849 -0.012915
v 0.022024 0.070955 -0.012973
v 0.019885 0.064344 -0.014341
v 0.019824 0.064361 -0.014313
v 0.021417 0.070726 -0.012888
v 0.021058 0.070626 -0.012909
v 0.0211876 0.0706536 -0.0128833
v 0.019556 0.064406 -0.014265
v 0.019686 0.064389 -0.014277
v 0.020712 0.070556 -0.012986
v 0.019212 0.064445 -0.014253
v 0.0208764 0.0706118 -0.0129256
v 0.019336 0.064435 -0.014245
v 0.018868 0.064459 -0.014329
v 0.020462 0.070526 -0.013095
v 0.01881 0.064461 -0.014342
v 0.020394 0.070518 -0.013125
v 0.018715 0.064462 -0.014378
v 0.018542 0.064463 -0.014468
v 0.018282 0.064463 -0.014634
v 0.018441 0.064463 -0.014521
v 0.020205 0.070505 -0.013241
v 0.017799 0.064463 -0.015221
v 0.019696 0.07047 -0.013842
v 0.017874 0.064463 -0.015088
v 0.01978 0.070477 -0.013708
v 0.018003 0.064463 -0.014929
v 0.019876 0.070484 -0.013557
v 0.018146 0.064463 -0.014753
v 0.019885 0.070485 -0.013543
v 0.017674 0.064463 -0.015555
v 0.01764 0.064463 -0.015649
v 0.019506 0.07045 -0.014396
v 0.019505 0.070448 -0.014479
v 0.017786 0.064463 -0.015244
v 0.019581 0.070459 -0.014124
v 0.017607 0.064463 -0.015901
v 0.017608 0.064463 -0.015827
v 0.02415 0.071689 -0.01957
v 0.0257912 0.0716741 -0.0250881
v 0.022291 0.064292 -0.021991
v 0.024148 0.071689 -0.019562
v 0.0222733 0.0628368 -0.0189907
v 0.023782 0.064461 -0.026839
v 0.0257876 0.0715594 -0.0254403
v 0.025783 0.071552 -0.025443
v 0.023803 0.064462 -0.026931
v 0.025768 0.071521 -0.025512
v 0.023799 0.064462 -0.02719
v 0.025673 0.071353 -0.025876
v 0.023749 0.064463 -0.027539
v 0.023797 0.064463 -0.027355
v 0.0257018 0.0713843 -0.025817
v 0.0256675 0.0713449 -0.0259001
v 0.025509 0.071172 -0.026209
v 0.023689 0.064463 -0.027772
v 0.0255 0.071161 -0.026228
v 0.023642 0.064463 -0.027878
v 0.02541 0.071061 -0.026413
v 0.023614 0.064463 -0.027938
v 0.025285 0.070977 -0.026556
v 0.02325 0.064463 -0.028428
v 0.0233736 0.064463 -0.0282974
v 0.0251932 0.0709152 -0.0266605
v 0.025094 0.070848 -0.026775
v 0.023221 0.064463 -0.02845
v 0.022934 0.064463 -0.028665
v 0.024512 0.070595 -0.027199
v 0.022904 0.064463 -0.028688
v 0.02439 0.07056 -0.027256
v 0.022741 0.064463 -0.028772
v 0.022611 0.064463 -0.028813
v 0.024298 0.070534 -0.027298
v 0.02233 0.064463 -0.028902
v 0.02405 0.070493 -0.027355
v 0.022268 0.064463 -0.028911
v 0.023798 0.070464 -0.02738
v 0.022147 0.064463 -0.028927
v 0.023709 0.070458 -0.02738
v 0.021913 0.064463 -0.02892
v 0.023435 0.070444 -0.027355
v 0.021719 0.064463 -0.028914
v 0.023376 0.070443 -0.027342
v 0.021562 0.064463 -0.028882
v 0.02311 0.070437 -0.027248
v 0.021538 0.064463 -0.028877
v 0.021231 0.064463 -0.028758
v 0.022898 0.070433 -0.027155
v 0.02114 0.064463 -0.028723
v 0.022776 0.070432 -0.027066
v 0.020983 0.064463 -0.028628
v 0.020928 0.064463 -0.028581
v 0.020459 0.064463 -0.028064
v 0.020544 0.064463 -0.028211
v 0.022533 0.07043 -0.026842
v 0.02066 0.064463 -0.028351
v 0.022332 0.07043 -0.026581
v 0.020332 0.064463 -0.027844
v 0.022286 0.070431 -0.02649
v 0.0348541 0.0533911 -0.041343
v 0.019656 0.06467 -0.000686
v 0.019655 0.064672 -0.000685
v 0.018482 0.064675 -0.002694
v 0.018558 0.064582 -0.002739
v 0.019691 0.064625 -0.000707
v 0.018678 0.064496 -0.002809
v 0.018681 0.064496 -0.002811
v 0.019909 0.06447 -0.000836
v 0.018742 0.064478 -0.002847
v 0.018779 0.064467 -0.002869
v 0.018543 0.064463 -0.00336824
v 0.019909 0.064471 -0.000836
v 0.019817 0.06451 -0.000781
v 0.018647 0.064515 -0.002791
v 0.019816 0.06451 -0.000781
v 0.018591 0.06455 -0.002758
v 0.019815 0.064511 -0.000781
v 0.018584 0.064554 -0.002754
v 0.019772 0.064544 -0.000755
v 0.0197288 0.0645774 -0.000729193
v 0.018505 0.064638 -0.002707
v 0.018515 0.064627 -0.002713
v 0.018517 0.064625 -0.002714
v 0.018431 0.064788 -0.002664
v 0.018451 0.064728 -0.002676
v 0.019629 0.064729 -0.00067
v 0.018455 0.064721 -0.002678
v 0.019592 0.064845 -0.000647
v 0.01958 0.064899 -0.00064
v 0.018405 0.064907 -0.002648
v 0.019606 0.064781 -0.000655
v 0.019605 0.064784 -0.000655
v 0.018417 0.06483 -0.002656
v 0.01841 0.064851 -0.002652
v 0.018403 0.065024 -0.002647
v 0.018398 0.064968 -0.002645
v 0.01958 0.064962 -0.000639
v 0.018401 0.064945 -0.002646
v 0.01958 0.064903 -0.00064
v 0.0190858 0.0651225 -0.00152472
v 0.018406 0.065062 -0.002649
v 0.01958 0.065014 -0.000638
v 0.019581 0.065018 -0.000639
v 0.019581 0.065019 -0.000639
v 0.019599 0.065118 -0.000649
v 0.021694 0.06436 0.002328
v 0.022045 0.064354 0.003043
v 0.021086 0.064395 0.001173
v 0.021362 0.064379 0.001697
v 0.021346 0.064398 0.001708
v 0.0230369 0.064255 0.00473462
v 0.022738 0.064319 0.00439
v 0.02556 0.064668 0.009755
v 0.02557 0.064723 0.00975
v 0.02493 0.064748 0.008645
v 0.023949 0.0648 0.006945
v 0.02258 0.064904 0.004552
v 0.022544 0.064827 0.004527
v 0.022562 0.064906 0.004521
v 0.020666 0.064418 0.000375
v 0.020657 0.064435 0.000406
v 0.020526 0.064506 0.000461
v 0.020571 0.064481 0.000435
v 0.020616 0.064463 0.000408
v 0.021201 0.06451 0.001797
v 0.021166 0.064548 0.001819
v 0.021134 0.064592 0.001839
v 0.021106 0.06464 0.001857
v 0.021084 0.064692 0.001873
v 0.021067 0.064746 0.001885
v 0.021056 0.064801 0.001895
v 0.02105 0.064856 0.001901
v 0.022538 0.064783 0.004528
v 0.024813 0.06443 0.008436
v 0.025567 0.064427 0.009746
v 0.025553 0.064485 0.009756
v 0.023349 0.064415 0.005788
v 0.024069 0.064437 0.007119
v 0.023331 0.064451 0.0058
v 0.024048 0.064508 0.007133
v 0.023304 0.064528 0.005819
v 0.0231015 0.0643533 0.0052209
v 0.02265 0.064402 0.004444
v 0.022678 0.06437 0.004427
v 0.022707 0.064343 0.004409
v 0.022625 0.064436 0.00446
v 0.022602 0.064474 0.004475
v 0.022582 0.064515 0.004489
v 0.022566 0.064557 0.0045
v 0.021322 0.064428 0.001723
v 0.021281 0.06445 0.001748
v 0.02124 0.064477 0.001773
v 0.025549 0.064605 0.00976
v 0.024036 0.064656 0.007146
v 0.024037 0.064582 0.007142
v 0.025551 0.064548 0.009758
v 0.024042 0.064545 0.007139
v 0.025553 0.064486 0.009756
v 0.022553 0.064601 0.00451
v 0.022544 0.064647 0.004517
v 0.022538 0.064693 0.004523
v 0.022537 0.064738 0.004526
v 0.025549 0.064607 0.00976
v 0.02555 0.064609 0.00976
v 0.021834 0.064596 0.003177
v 0.021856 0.06455 0.003162
v 0.021881 0.064508 0.003145
v 0.02191 0.064469 0.003126
v 0.021942 0.064435 0.003106
v 0.021976 0.064405 0.003085
v 0.022012 0.06438 0.003063
v 0.039228 0.064463 -0.051443
v 0.039113 0.064463 -0.051116
v 0.039399 0.064463 -0.051748
v 0.039343 0.064463 -0.051679
v 0.0271441 0.064463 -0.0342404
v 0.028495 0.064463 -0.032644
v 0.027282 0.064463 -0.034347
v 0.0246498 0.0644529 -0.0275471
v 0.026651 0.064463 -0.03405
v 0.026647 0.064463 -0.034049
v 0.02698 0.064463 -0.03417
v 0.03483 0.064463 -0.043666
v 0.034841 0.064463 -0.043682
v 0.03795 0.064463 -0.039851
v 0.034993 0.064463 -0.043979
v 0.043199 0.064463 -0.042752
v 0.039254 0.064463 -0.051519
v 0.060134 0.064463 -0.049143
v 0.05239 0.064463 -0.054369
v 0.052514 0.064463 -0.054502
v 0.0245 0.064463 -0.036384
v 0.024452 0.064463 -0.036211
v 0.02754 0.064463 -0.03456
v 0.027552 0.064463 -0.034574
v 0.035034 0.064463 -0.044061
v 0.035089 0.064463 -0.044237
v 0.043736 0.064463 -0.043049
v 0.035099 0.064463 -0.044313
v 0.035144 0.064463 -0.044661
v 0.0528933 0.064463 -0.0560501
v 0.077182 0.064463 -0.054813
v 0.052684 0.064463 -0.056572
v 0.052662 0.064463 -0.056618
v 0.024531 0.064463 -0.036451
v 0.027659 0.064463 -0.034698
v 0.027767 0.064463 -0.034853
v 0.034732 0.064463 -0.043535
v 0.039745 0.064463 -0.052131
v 0.039621 0.064463 -0.052021
v 0.039609 0.064463 -0.052011
v 0.039116 0.064463 -0.050325
v 0.033136 0.064463 -0.046493
v 0.039102 0.064463 -0.050404
v 0.039084 0.064463 -0.050506
v 0.052835 0.064463 -0.056248
v 0.02604 0.064463 -0.034011
v 0.026295 0.064463 -0.034014
v 0.026469 0.064463 -0.034016
v 0.02441 0.064463 -0.035786
v 0.018312 0.064463 -0.011906
v 0.039112 0.064463 -0.051109
v 0.039083 0.064463 -0.050935
v 0.039083 0.064463 -0.050758
v 0.039208 0.064463 -0.050065
v 0.03926 0.064463 -0.04992
v 0.033339 0.064463 -0.04649
v 0.052322 0.064463 -0.054317
v 0.05256 0.064463 -0.054573
v 0.052747 0.064463 -0.054859
v 0.065974 0.064463 -0.050897
v 0.052844 0.064463 -0.056229
v 0.052558 0.064463 -0.056769
v 0.052472 0.064463 -0.056857
v 0.052257 0.064463 -0.057077
v 0.052216 0.064463 -0.057107
v 0.05211 0.064463 -0.057184
v 0.051907 0.064463 -0.057285
v 0.025858 0.064463 -0.03404
v 0.02594 0.064463 -0.034027
v 0.024443 0.064463 -0.036112
v 0.0324768 0.0646137 -0.0459668
v 0.035144 0.064463 -0.044664
v 0.054397 0.064463 -0.047421
v 0.052752 0.064463 -0.054869
v 0.05282 0.064463 -0.055027
v 0.066324 0.064463 -0.051002
v 0.071988 0.064463 -0.052065
v 0.051723 0.064463 -0.057376
v 0.051577 0.064463 -0.05742
v 0.051125 0.064463 -0.057482
v 0.051224 0.064463 -0.057469
v 0.051552 0.064463 -0.057428
v 0.024423 0.064463 -0.035607
v 0.02447 0.064463 -0.03541
v 0.024412 0.064463 -0.035759
v 0.050737 0.064463 -0.0574387
v 0.033742 0.064463 -0.046453
v 0.033693 0.064463 -0.046462
v 0.033566 0.064463 -0.046486
v 0.080075 0.064463 -0.053947
v 0.052863 0.064463 -0.055202
v 0.052922 0.064463 -0.055441
v 0.05293 0.064463 -0.055549
v 0.052935 0.064463 -0.055625
v 0.024949 0.064463 -0.03453
v 0.024992 0.064463 -0.034496
v 0.025275 0.064463 -0.034276
v 0.0253618 0.064463 -0.0342164
v 0.039349 0.064463 -0.04976
v 0.034147 0.064463 -0.046305
v 0.034031 0.064463 -0.046347
v 0.024524 0.064463 -0.03519
v 0.024575 0.064463 -0.035071
v 0.024594 0.064463 -0.035025
v 0.024761 0.064463 -0.034766
v 0.024828 0.064463 -0.034663
v 0.025599 0.064463 -0.034128
v 0.051892 0.064463 -0.054027
v 0.05204 0.064463 -0.054105
v 0.052052 0.064463 -0.054111
v 0.034622 0.064463 -0.045954
v 0.034345 0.064463 -0.046181
v 0.034303 0.064463 -0.046215
v 0.035137 0.064463 -0.044845
v 0.035101 0.064463 -0.045015
v 0.035048 0.064463 -0.045265
v 0.035011 0.064463 -0.045359
v 0.041553 0.064463 -0.049037
v 0.03498 0.064463 -0.045436
v 0.041871 0.064463 -0.049191
v 0.04051 0.064463 -0.048959
v 0.040709 0.064463 -0.048914
v 0.040861 0.064463 -0.048906
v 0.040887 0.064463 -0.048905
v 0.041214 0.064463 -0.048942
v 0.0414069 0.064463 -0.0489733
v 0.051719 0.064463 -0.053957
v 0.044243 0.064463 -0.050615
v 0.046652 0.064463 -0.051869
v 0.0472684 0.064463 -0.0521814
v 0.039361 0.064463 -0.049745
v 0.034756 0.064463 -0.045804
v 0.034637 0.064463 -0.045941
v 0.039586 0.064463 -0.049466
v 0.03962 0.064463 -0.049424
v 0.034838 0.064463 -0.04567
v 0.039756 0.064463 -0.049304
v 0.03986 0.064463 -0.049239
v 0.040122 0.064463 -0.049076
v 0.040168 0.064463 -0.049058
v 0.040289 0.064463 -0.049008
v 0.041108 0.070493 -0.048664
v 0.042905 0.071351 -0.047411
v 0.043939 0.071691 -0.047588
v 0.043279 0.071517 -0.047396
v 0.0434806 0.0716097 -0.0474031
v 0.0430912 0.0714416 -0.0473819
v 0.042521 0.071162 -0.04748
v 0.042555 0.0711855 -0.0474658
v 0.042155 0.070975 -0.047635
v 0.041807 0.0708 -0.047821
v 0.0420299 0.0709459 -0.0476723
v 0.04152 0.070667 -0.048074
v 0.041166 0.070514 -0.048522
v 0.04098 0.070443 -0.049324
v 0.040974 0.070447 -0.049148
v 0.041003 0.070457 -0.048991
v 0.04102 0.070462 -0.0489
v 0.041061 0.070434 -0.049825
v 0.04101 0.070436 -0.049654
v 0.040989 0.070437 -0.049581
v 0.041138 0.070431 -0.050041
v 0.041254 0.07043 -0.050239
v 0.04127 0.07043 -0.050259
v 0.04148 0.07043 -0.050516
v 0.041485 0.07043 -0.050521
v 0.053793 0.071615 -0.052384
v 0.048732 0.071689 -0.050275
v 0.048729 0.071689 -0.050273
v 0.054078 0.071576 -0.052532
v 0.053828 0.071615 -0.052397
v 0.0540215 0.071592 -0.0524911
v 0.054191 0.07154 -0.052617
v 0.05421 0.071534 -0.052631
v 0.054314 0.071475 -0.052748
v 0.0543264 0.0714687 -0.0527626
v 0.054389 0.071432 -0.052833
v 0.054459 0.071363 -0.052962
v 0.054492 0.071331 -0.053022
v 0.054572 0.071252 -0.053171
v 0.054611 0.071169 -0.053339
v 0.05468 0.0711419 -0.0534436
v 0.054692 0.071 -0.053683
v 0.054652 0.070723 -0.054402
v 0.054677 0.070748 -0.054314
v 0.054693 0.070853 -0.054042
v 0.054695 0.070864 -0.054014
v 0.0546447 0.0707163 -0.0544507
v 0.054573 0.070641 -0.054684
v 0.054231 0.070527 -0.055287
v 0.054186 0.070521 -0.055341
v 0.053941 0.070499 -0.055576
v 0.0537924 0.0705206 -0.0556831
v 0.053773 0.07049 -0.055697
v 0.053653 0.070484 -0.05575
v 0.0533886 0.0704793 -0.0558645
v 0.053384 0.070472 -0.055868
v 0.05338 0.070472 -0.055868
v 0.053037 0.070459 -0.055922
v 0.052768 0.07045 -0.055936
v 0.052675 0.070448 -0.055918
v 0.052423 0.0704535 -0.0558709
v 0.034707 0.071546 -0.039826
v 0.032922 0.071535 -0.037735
v 0.031272 0.071546 -0.035535
v 0.0296856 0.0715848 -0.0331151
v 0.036777 0.0715738 -0.0419816
v 0.0368 0.071552 -0.042026
v 0.036911 0.07149 -0.042248
v 0.036943 0.071441 -0.042374
v 0.036997 0.071297 -0.04272
v 0.0370057 0.0713858 -0.0425756
v 0.0369705 0.0710493 -0.0432566
v 0.037003 0.071153 -0.043038
v 0.036961 0.071038 -0.043285
v 0.036907 0.070963 -0.043451
v 0.036802 0.070819 -0.043774
v 0.036781 0.070805 -0.043809
v 0.0367288 0.0707713 -0.0439193
v 0.036604 0.070685 -0.044113
v 0.036591 0.070676 -0.044134
v 0.036563 0.070657 -0.044182
v 0.036461 0.070621 -0.044294
v 0.036086 0.070514 -0.04465
v 0.036076 0.070512 -0.044657
v 0.035463 0.070467 -0.044921
v 0.035323 0.0705434 -0.0449438
v 0.035244 0.070459 -0.044942
v 0.035128 0.070455 -0.044954
v 0.034884 0.070448 -0.044935
v 0.020308 0.070707 -0.020671
v 0.020349 0.070702 -0.020662
v 0.022042 0.070702 -0.026336
v 0.019348 0.070702 -0.01483
v 0.019355 0.070701 -0.014829
v 0.020392 0.070687 -0.020652
v 0.019392 0.070687 -0.014825
v 0.020434 0.07066 -0.020642
v 0.0194281 0.0706673 -0.0148145
v 0.022142 0.07064 -0.026299
v 0.020452 0.070642 -0.020637
v 0.022159 0.07062 -0.026293
v 0.020469 0.070622 -0.020634
v 0.0221705 0.0706583 -0.0264195
v 0.019452 0.070642 -0.014818
v 0.022085 0.070686 -0.026321
v 0.0221123 0.0706969 -0.0264519
v 0.022125 0.070659 -0.026306
v 0.0221506 0.0706801 -0.0264507
v 0.020499 0.070479 -0.020627
v 0.021266 0.070523 -0.023477
v 0.022188 0.070548 -0.026283
v 0.01992 0.070481 -0.017733
v 0.019507 0.070486 -0.014812
v 0.019921 0.070481 -0.017733
v 0.020502 0.070525 -0.020626
v 0.0205 0.07055 -0.020626
v 0.020493 0.070575 -0.020628
v 0.022181 0.070576 -0.026285
v 0.020482 0.070599 -0.020631
v 0.022171 0.070597 -0.026289
v 0.022273 0.0706347 -0.0265758
v 0.019453 0.070642 -0.014818
v 0.01947 0.070623 -0.014816
v 0.019471 0.070622 -0.014816
v 0.019483 0.0706 -0.014815
v 0.019494 0.07058 -0.014814
v 0.019501 0.070553 -0.014813
v 0.0195059 0.0705342 -0.0148118
v 0.026367 0.070455 -0.034002
v 0.0264776 0.070464 -0.0351259
v 0.026322 0.070438 -0.03464
v 0.0262148 0.0706885 -0.0345896
v 0.026389 0.070659 -0.035093
v 0.026406 0.070641 -0.035085
v 0.026522 0.07064 -0.035307
v 0.026476 0.070683 -0.035335
v 0.026506 0.070658 -0.035316
v 0.02651 0.070655 -0.035314
v 0.0263208 0.070721 -0.0356886
v 0.0262849 0.0706993 -0.0350762
v 0.0263251 0.0706805 -0.0350231
v 0.026431 0.070702 -0.035363
v 0.0263127 0.0704931 -0.0343284
v 0.0263017 0.0705808 -0.034052
v 0.026407 0.070433 -0.034954
v 0.0264029 0.0704361 -0.0349382
v 0.026416 0.070433 -0.034985
v 0.0264538 0.0705319 -0.0350767
v 0.0263572 0.0704866 -0.0347662
v 0.026497 0.070572 -0.035178
v 0.0264594 0.0705814 -0.0351216
v 0.026557 0.070572 -0.035285
v 0.026557 0.070571 -0.035285
v 0.026562 0.070546 -0.035281
v 0.026566 0.070477 -0.035279
v 0.026477 0.070467 -0.033687
v 0.0265451 0.0704955 -0.0335311
v 0.026311 0.070447 -0.034268
v 0.026313 0.070445 -0.034331
v 0.0264 0.07046 -0.033844
v 0.026538 0.070618 -0.035297
v 0.026522 0.070639 -0.035307
v 0.029952 0.070596 -0.040109
v 0.02996 0.070571 -0.040103
v 0.033918 0.070574 -0.044482
v 0.029844 0.070702 -0.040196
v 0.029811 0.070707 -0.040222
v 0.029811 0.070707 -0.040221
v 0.02988 0.070687 -0.040167
v 0.029897 0.070674 -0.040153
v 0.029913 0.070659 -0.04014
v 0.03389 0.070639 -0.044511
v 0.029928 0.07064 -0.040128
v 0.033902 0.070619 -0.044498
v 0.029941 0.070619 -0.040118
v 0.033846 0.070686 -0.044555
v 0.03382 0.070701 -0.044582
v 0.033815 0.070702 -0.044587
v 0.0340839 0.0707169 -0.04493
v 0.033877 0.070658 -0.044524
v 0.033862 0.070673 -0.044539
v 0.033852 0.070683 -0.04455
v 0.033921 0.070451 -0.044479
v 0.031883 0.070519 -0.042342
v 0.033923 0.070546 -0.044477
v 0.029966 0.070545 -0.040098
v 0.028196 0.070474 -0.037737
v 0.029963 0.070473 -0.0401
v 0.028196 0.070474 -0.037738
v 0.029967 0.07052 -0.040097
v 0.033911 0.070595 -0.044489
v 0.0339761 0.070657 -0.0446152
v 0.034055 0.070675 -0.044704
v 0.034042 0.070687 -0.044721
v 0.0349289 0.0705568 -0.0449525
v 0.0356218 0.0705102 -0.0448809
v 0.0340376 0.0706105 -0.0446127
v 0.0344863 0.0706494 -0.0448833
v 0.0343388 0.0704452 -0.0448046
v 0.0417081 0.0705796 -0.0507033
v 0.041735 0.070597 -0.050731
v 0.0412801 0.0706836 -0.0504767
v 0.041709 0.070659 -0.050772
v 0.0412802 0.0707254 -0.0506612
v 0.0412715 0.0707189 -0.0482191
v 0.041729 0.07062 -0.050742
v 0.041719 0.07064 -0.050757
v 0.0414803 0.0706335 -0.0505716
v 0.0416033 0.0706904 -0.0507629
v 0.041662 0.070702 -0.050846
v 0.0412284 0.0704999 -0.0501907
v 0.0414712 0.0704723 -0.0504906
v 0.041747 0.070475 -0.050713
v 0.0414925 0.0705848 -0.0505333
v 0.041745 0.070548 -0.050716
v 0.041742 0.070573 -0.050721
v 0.0416877 0.0704941 -0.0506687
v 0.0411106 0.0704319 -0.049987
v 0.0409858 0.0704927 -0.0495515
v 0.044277 0.070478 -0.052229
v 0.046823 0.070702 -0.05374
v 0.046877 0.070622 -0.053629
v 0.04687 0.070642 -0.053644
v 0.046862 0.07066 -0.053661
v 0.046843 0.070687 -0.053699
v 0.052338 0.070623 -0.055879
v 0.052328 0.070658 -0.055909
v 0.052313 0.070687 -0.055953
v 0.05231 0.0707015 -0.0559951
v 0.052327 0.07066 -0.055913
v 0.052327 0.070661 -0.055913
v 0.052349 0.07046 -0.055848
v 0.046891 0.07055 -0.0536
v 0.046892 0.070525 -0.053598
v 0.049588 0.070526 -0.054799
v 0.044278 0.070478 -0.052229
v 0.046891 0.070479 -0.053601
v 0.046883 0.070599 -0.053616
v 0.046888 0.070575 -0.053606
v 0.052349 0.070553 -0.055849
v 0.052346 0.070578 -0.055856
v 0.052346 0.07058 -0.055856
v 0.0536888 0.0706561 -0.0558411
v 0.0540408 0.0705069 -0.0555032
v 0.052564 0.070645 -0.055958
v 0.052561 0.070662 -0.055977
v 0.0532159 0.0704695 -0.0559069
v 0.0527015 0.0705338 -0.0559363
v 0.0527544 0.0706157 -0.0559736
v 0.052572 0.070581 -0.055917
v 0.0528933 0.070486 -0.0559363
v 0.0526056 0.0706925 -0.0560445
v 0.059541 0.070513 -0.058945
v 0.059593 0.070356 -0.059108
v 0.057273 0.070308 -0.059695
v 0.0545795 0.0707467 -0.0595189
v 0.059633 0.070163 -0.059232
v 0.059609 0.070281 -0.059156
v 0.016125 0.070472 -0.016228
v 0.016319 0.0706 -0.016201
v 0.016824 0.07054 -0.019731
v 0.016635 0.070691 -0.016158
v 0.017235 0.070698 -0.019646
v 0.0437393 0.0707628 -0.0551789
v 0.032474 0.070697 -0.047112
v 0.030172 0.070707 -0.04457
v 0.027706 0.070697 -0.041912
v 0.025578 0.070697 -0.039062
v 0.0256473 0.0707067 -0.0389101
v 0.023646 0.070697 -0.036072
v 0.02043 0.070697 -0.02979
v 0.0220427 0.0707245 -0.0266092
v 0.019143 0.070697 -0.0265
v 0.0182061 0.0707032 -0.0234214
v 0.0338355 0.0706606 -0.0486151
v 0.040645 0.070535 -0.054003
v 0.037748 0.070611 -0.051886
v 0.037668 0.070533 -0.051996
v 0.034924 0.07061 -0.04969
v 0.034836 0.070532 -0.049794
v 0.032271 0.070609 -0.047324
v 0.032177 0.070531 -0.047423
v 0.029788 0.070609 -0.044794
v 0.029687 0.07053 -0.044886
v 0.027476 0.070609 -0.042096
v 0.027369 0.07053 -0.042182
v 0.025336 0.070609 -0.03923
v 0.025224 0.07053 -0.039308
v 0.023394 0.070609 -0.036223
v 0.016354 0.070613 -0.016196
v 0.016955 0.070615 -0.019704
v 0.017666 0.070538 -0.023222
v 0.017796 0.070613 -0.023185
v 0.018741 0.070535 -0.026641
v 0.018869 0.070612 -0.026596
v 0.020037 0.070533 -0.029959
v 0.020162 0.070611 -0.029906
v 0.021549 0.070532 -0.033176
v 0.023277 0.070531 -0.036293
v 0.016537 0.07068 -0.016171
v 0.017093 0.070667 -0.019676
v 0.017933 0.070666 -0.023147
v 0.019004 0.070666 -0.026549
v 0.020294 0.070665 -0.029848
v 0.023519 0.070665 -0.036148
v 0.025456 0.070665 -0.039147
v 0.027589 0.070665 -0.042005
v 0.029895 0.070665 -0.044695
v 0.02499 0.070179 -0.039469
v 0.027194 0.070187 -0.042322
v 0.023086 0.07019 -0.036409
v 0.021323 0.070183 -0.033289
v 0.01982 0.070191 -0.030055
v 0.0176694 0.0701205 -0.0244062
v 0.0373979 0.0688389 -0.052862
v 0.029478 0.070179 -0.045079
v 0.015966 0.070302 -0.01625
v 0.016105 0.07045 -0.016231
v 0.016603 0.070338 -0.019777
v 0.016705 0.070447 -0.019756
v 0.017449 0.070332 -0.023282
v 0.017549 0.070443 -0.023254
v 0.018528 0.070327 -0.026717
v 0.018626 0.070439 -0.026682
v 0.019828 0.070322 -0.030049
v 0.019924 0.070436 -0.030008
v 0.021346 0.070319 -0.03328
v 0.02144 0.070434 -0.033232
v 0.023082 0.070317 -0.03641
v 0.023172 0.070432 -0.036356
v 0.025037 0.070315 -0.039438
v 0.025123 0.070431 -0.039378
v 0.027191 0.070315 -0.042324
v 0.027273 0.07043 -0.042259
v 0.029519 0.070315 -0.04504
v 0.029597 0.070431 -0.044969
v 0.0316692 0.0702162 -0.0472371
v 0.032092 0.070432 -0.047512
v 0.034691 0.070319 -0.049969
v 0.034758 0.070434 -0.049889
v 0.037535 0.070322 -0.05218
v 0.037596 0.070436 -0.052095
v 0.040525 0.070327 -0.054195
v 0.040581 0.070439 -0.054107
v 0.043631 0.070332 -0.055995
v 0.04368 0.070443 -0.055903
v 0.04685 0.070338 -0.057581
v 0.0476542 0.0706591 -0.0576559
v 0.0135772 0.0662374 -0.0141958
v 0.0170653 0.0707548 -0.011026
v 0.015978 0.070448 -0.013855
v 0.016232 0.070615 -0.013864
v 0.016373 0.070667 -0.013869
v 0.0159185 0.0703155 -0.0123606
v 0.017412 0.0703024 -0.00780935
v 0.0194992 0.0704709 -0.0146621
v 0.0194647 0.0706233 -0.0145137
v 0.0193802 0.0707661 -0.0137863
v 0.0198916 0.0704865 -0.0135362
v 0.019771 0.070496 -0.013702
v 0.0202836 0.0705204 -0.0131844
v 0.01946 0.070624 -0.014697
v 0.019381 0.070688 -0.014575
v 0.0196279 0.0705391 -0.013965
v 0.0195387 0.0705036 -0.0142416
v 0.0735749 0.101274 0.0378984
v 0.0634421 0.0980457 0.0420198
v 0.119219 0.101257 0.001922
v 0.117042 0.101257 0.000744
v 0.0844365 0.101315 -0.0331123
v 0.0921991 0.101323 -0.0334293
v 0.116725 0.101257 -0.002874
v 0.048129 0.101257 0.005595
v 0.0617212 0.101304 -0.0277353
v 0.057554 0.101257 -0.02196
v 0.0529998 0.101236 -0.0204437
v 0.056332 0.101257 -0.020604
v 0.054085 0.101257 -0.017663
v 0.048704 0.101257 0.009188
v 0.052158 0.101257 -0.014507
v 0.050567 0.101257 -0.011185
v 0.105429 0.101257 -0.026695
v 0.102499 0.101257 -0.028785
v 0.099787 0.101257 -0.027979
v 0.102134 0.101257 -0.029045
v 0.096552 0.101257 -0.029628
v 0.102856 0.101257 -0.025983
v 0.103442 0.101257 -0.025546
v 0.106726 0.101257 -0.025442
v 0.106212 0.101257 -0.023197
v 0.110366 0.101257 -0.021931
v 0.10872 0.101257 -0.02057
v 0.110564 0.101257 -0.021652
v 0.111102 0.10128 -0.0180032
v 0.118921 0.101257 -0.002079
v 0.118822 0.101257 -0.003417
v 0.11603 0.101257 -0.006439
v 0.117182 0.101257 -0.0100831
v 0.115845 0.101257 -0.007146
v 0.114696 0.101257 -0.010622
v 0.113199 0.101257 -0.01393
v 0.111363 0.101257 -0.017065
v 0.0479309 0.101257 0.00178207
v 0.047979 0.101257 0.000196
v 0.048353 0.101257 -0.003388
v 0.049102 0.101257 -0.006901
v 0.050234 0.101257 -0.010357
v 0.0922835 0.101272 -0.0312335
v 0.09316 0.101257 -0.030928
v 0.096006 0.101257 -0.032163
v 0.097718 0.101257 -0.031292
v 0.0867232 0.10125 0.0387417
v 0.0825 0.101257 0.036513
v 0.086129 0.101257 0.036322
v 0.087674 0.101257 0.036124
v 0.09126 0.101257 0.035385
v 0.0957148 0.101258 0.0363246
v 0.094719 0.101257 0.034281
v 0.098045 0.101257 0.03282
v 0.098694 0.101257 0.032485
v 0.101833 0.101257 0.030601
v 0.104269 0.101257 0.0315246
v 0.104732 0.101257 0.028414
v 0.107387 0.101257 0.025935
v 0.108732 0.101257 0.027545
v 0.107889 0.101257 0.025403
v 0.112007 0.101256 0.0240106
v 0.110227 0.101257 0.022586
v 0.112239 0.101257 0.019563
v 0.113923 0.101257 0.016345
v 0.116685 0.101257 0.015362
v 0.11422 0.101257 0.015677
v 0.115494 0.101257 0.012245
v 0.118567 0.101257 0.00882025
v 0.116393 0.101257 0.008727
v 0.116917 0.101257 0.005132
v 0.116976 0.101257 0.004404
v 0.0200234 0.0706225 -0.0132067
v 0.0229874 0.0715756 -0.0134489
v 0.0218081 0.0709751 -0.0127847
v 0.0206068 0.070567 -0.0130153
v 0.0230649 0.0715662 -0.0137067
v 0.0231635 0.0716265 -0.013937
v 0.022025 0.070963 -0.012959
v 0.022429 0.071174 -0.013116
v 0.022431 0.071165 -0.013122
v 0.022789 0.071398 -0.013354
v 0.0228367 0.0714092 -0.013415
v 0.022429 0.071184 -0.013108
v 0.022022 0.070975 -0.012952
v 0.023215 0.071654 -0.01416
v 0.02321 0.071644 -0.01416
v 0.02202 0.070986 -0.012944
v 0.0257376 0.071752 -0.0247669
v 0.024176 0.071743 -0.019564
v 0.024161 0.071717 -0.019568
v 0.025732 0.071718 -0.024824
v 0.025736 0.071727 -0.024822
v 0.0252676 0.0710445 -0.0267258
v 0.0253712 0.0710415 -0.0264693
v 0.025792 0.071691 -0.025074
v 0.024776 0.0707295 -0.0270793
v 0.0236192 0.0704744 -0.0273843
v 0.024065 0.0705906 -0.0273808
v 0.025804 0.0715673 -0.0256442
v 0.0256878 0.0713758 -0.0258766
v 0.025529 0.071196 -0.02623
v 0.029201 0.064426 0.016561
v 0.026734 0.064699 0.01189
v 0.028017 0.064625 0.014269
v 0.030384 0.064428 0.018862
v 0.030366 0.064482 0.018871
v 0.029189 0.064477 0.016566
v 0.030358 0.064538 0.018873
v 0.029183 0.064529 0.016568
v 0.03035 0.064593 0.018876
v 0.029181 0.064581 0.016569
v 0.030351 0.064594 0.018876
v 0.0272117 0.0681312 0.0111257
v 0.028016 0.064475 0.014271
v 0.028024 0.064425 0.014267
v 0.0292239 0.0638863 0.0159681
v 0.028012 0.064576 0.014272
v 0.025489 0.066624 0.008398
v 0.0849471 0.0657066 -0.0531282
v 0.083115 0.065042 -0.053661
v 0.08308 0.064611 -0.053519
v 0.077293 0.064621 -0.055159
v 0.077307 0.064669 -0.0552
v 0.077213 0.064475 -0.05491
v 0.083044 0.064509 -0.053377
v 0.083022 0.064477 -0.05329
v 0.0829992 0.0644704 -0.0532767
v 0.083018 0.064475 -0.053273
v 0.083069 0.06457 -0.053476
v 0.083049 0.064517 -0.053398
v 0.077247 0.064512 -0.055015
v 0.077218 0.064477 -0.054925
v 0.083044 0.06451 -0.053378
v 0.083073 0.064583 -0.053494
v 0.07728 0.064577 -0.055115
v 0.077283 0.064584 -0.055125
v 0.077253 0.064518 -0.055031
v 0.083069 0.064572 -0.053477
v 0.077307 0.064671 -0.055202
v 0.083098 0.064708 -0.053593
v 0.083094 0.064675 -0.053576
v 0.08309 0.064659 -0.053562
v 0.08309 0.064657 -0.05356
v 0.077317 0.064725 -0.055231
v 0.077325 0.064775 -0.055258
v 0.083105 0.064762 -0.053622
v 0.077326 0.064781 -0.055259
v 0.083106 0.064765 -0.053623
v 0.0831615 0.0647842 -0.0536184
v 0.08311 0.064818 -0.053642
v 0.077331 0.064842 -0.055276
v 0.083114 0.064876 -0.053656
v 0.077335 0.064889 -0.055288
v 0.077335 0.064901 -0.055289
v 0.0831498 0.0649007 -0.0536533
v 0.083116 0.064933 -0.053663
v 0.077336 0.064961 -0.055291
v 0.083116 0.064988 -0.053664
v 0.077336 0.065018 -0.055291
v 0.0835804 0.0650134 -0.0535479
v 0.077337 0.065008 -0.055293
v 0.0790547 0.0651206 -0.0547434
v 0.083757 0.064877 -0.053496
v 0.083663 0.064475 -0.053113
v 0.083663 0.064475 -0.053117
v 0.083667 0.064477 -0.053131
v 0.083676 0.064491 -0.053168
v 0.083688 0.06451 -0.053217
v 0.083689 0.064511 -0.05322
v 0.083694 0.064518 -0.053239
v 0.083701 0.064539 -0.053269
v 0.083713 0.064571 -0.053316
v 0.083713 0.064572 -0.053317
v 0.083717 0.064584 -0.053334
v 0.083733 0.064658 -0.053401
v 0.083734 0.064658 -0.053401
v 0.083737 0.064676 -0.053416
v 0.083757 0.064874 -0.053496
v 0.083749 0.064762 -0.053461
v 0.083749 0.064763 -0.053462
v 0.083759 0.064985 -0.053504
v 0.086885 0.06492 -0.05275
v 0.086885 0.064944 -0.052749
v 0.086881 0.06484 -0.052738
v 0.086879 0.0648 -0.052731
v 0.086871 0.064736 -0.052704
v 0.086865 0.064688 -0.052684
v 0.086856 0.064639 -0.052649
v 0.086847 0.064594 -0.052615
v 0.086846 0.064591 -0.052613
v 0.086836 0.064558 -0.052573
v 0.086826 0.064523 -0.052531
v 0.086823 0.064515 -0.052521
v 0.086814 0.064497 -0.052485
v 0.086802 0.064475 -0.052438
v 0.086796 0.064463 -0.052413
v 0.08679 0.064459 -0.052391
v 0.0775223 0.0702432 -0.0535787
v 0.074356 0.070211 -0.054463
v 0.0786813 0.0699316 -0.0534129
v 0.074364 0.0703441 -0.0543666
v 0.074326 0.070356 -0.05437
v 0.0743408 0.0707164 -0.0540601
v 0.072879 0.070469 -0.054708
v 0.0700086 0.0705557 -0.0554456
v 0.071913 0.070516 -0.054962
v 0.071973 0.070513 -0.054946
v 0.0438813 0.0718221 -0.047419
v 0.043959 0.071758 -0.047555
v 0.043467 0.071657 -0.047376
v 0.0428733 0.07148 -0.0473188
v 0.0409313 0.0706634 -0.049855
v 0.0410216 0.0705091 -0.0488348
v 0.0417083 0.0707683 -0.0478919
v 0.043945 0.071718 -0.047577
v 0.043715 0.071691 -0.047464
v 0.043474 0.071613 -0.047404
v 0.043233 0.071523 -0.047376
v 0.042884 0.0713747 -0.047389
v 0.0423194 0.0710943 -0.0475361
v 0.0431084 0.0714955 -0.0473626
v 0.042985 0.071439 -0.047373
v 0.042981 0.071448 -0.047368
v 0.042977 0.071457 -0.047362
v 0.0434667 0.0716421 -0.047387
v 0.043953 0.071742 -0.047564
v 0.043947 0.071727 -0.047574
v 0.0423284 0.0712165 -0.0474621
v 0.042513 0.071232 -0.047455
v 0.042519 0.071221 -0.04746
v 0.042525 0.071209 -0.047464
v 0.048734 0.071717 -0.050263
v 0.0540986 0.0716907 -0.052442
v 0.053808 0.071689 -0.052346
v 0.048749 0.071766 -0.050233
v 0.048741 0.071743 -0.05025
v 0.053797 0.071644 -0.052373
v 0.053799 0.071654 -0.052369
v 0.053803 0.071672 -0.052357
v 0.054506 0.071413 -0.05296
v 0.05452 0.071427 -0.052958
v 0.054205 0.071553 -0.052619
v 0.0544705 0.0713898 -0.0529471
v 0.054444 0.0706327 -0.055098
v 0.054209 0.071569 -0.052613
v 0.054217 0.071585 -0.052606
v 0.054016 0.071625 -0.052473
v 0.0546959 0.0707766 -0.0547097
v 0.0546312 0.0714021 -0.0530603
v 0.054226 0.071598 -0.052601
v 0.026559 0.0708031 -0.0321766
v 0.0240056 0.070679 -0.0306621
v 0.0235576 0.0720603 -0.0136906
v 0.0327122 0.0630967 0.0210533
v 0.037554 0.064329 0.030421
v 0.037445 0.064503 0.030499
v 0.037475 0.064438 0.030478
v 0.037511 0.064379 0.030451
v 0.032598 0.064375 0.022827
v 0.031478 0.064374 0.020852
v 0.034968 0.064379 0.026698
v 0.03493 0.064439 0.026722
v 0.032566 0.064433 0.022844
v 0.0349 0.064505 0.026741
v 0.032541 0.064496 0.022858
v 0.032543 0.064497 0.022856
v 0.034876 0.064648 0.026756
v 0.034889 0.064577 0.026748
v 0.0494558 0.0951689 0.0341742
v 0.037411 0.064645 0.030524
v 0.037424 0.064573 0.030514
v 0.102491 0.064792 -0.047378
v 0.100817 0.064445 -0.04807
v 0.092438 0.0643089 -0.0506209
v 0.091596 0.064588 -0.051397
v 0.089204 0.064498 -0.05195
v 0.089215 0.064531 -0.051988
v 0.091587 0.064547 -0.051369
v 0.091577 0.06451 -0.051338
v 0.089181 0.064445 -0.051866
v 0.091555 0.064447 -0.051266
v 0.089193 0.064469 -0.051908
v 0.09626 0.064545 -0.049889
v 0.096252 0.064507 -0.049867
v 0.09392 0.06449 -0.050623
v 0.0783954 0.0614839 -0.0503456
v 0.100833 0.064512 -0.048107
v 0.100613 0.064809 -0.048253
v 0.100851 0.064807 -0.048142
v 0.100856 0.064735 -0.048155
v 0.100845 0.064585 -0.048134
v 0.096274 0.064625 -0.049923
v 0.100853 0.06466 -0.04815
v 0.096282 0.064709 -0.049943
v 0.096285 0.064792 -0.049949
v 0.089632 0.0649911 -0.0520345
v 0.091624 0.064864 -0.051475
v 0.09488 0.064897 -0.050432
v 0.0950999 0.0648933 -0.0503491
v 0.09162 0.06477 -0.051467
v 0.091604 0.064631 -0.051421
v 0.091611 0.064676 -0.051441
v 0.0700005 0.071354 -0.054311
v 0.0719821 0.0709998 -0.0543365
v 0.0547897 0.0710146 -0.0539402
v 0.0370262 0.0719934 -0.0415467
v 0.0312242 0.0641464 -0.0336163
v 0.0210188 0.0637197 -0.0152022
v 0.020609 0.064 -0.014309
v 0.019137 0.0644456 -0.0142652
v 0.019741 0.064337 -0.011742
v 0.0201842 0.0643331 -0.00602154
v 0.0213344 0.0642991 -0.00133166
v 0.0209608 0.0630096 -0.00912341
v 0.0293402 0.0644283 -0.0321763
v 0.0235377 0.0636808 -0.0225052
v 0.0204032 0.0640269 -0.0110593
v 0.046315 0.0644269 -0.0431033
v 0.053915 0.06331 -0.0442615
v 0.0698801 0.0643304 -0.0500319
v 0.079225 0.083125 -0.044371
v 0.0847424 0.0831258 -0.0444537
v 0.082417 0.083126 -0.044483
v 0.0320612 0.0642851 0.0215604
v 0.0238356 0.0637941 0.00522075
v 0.0746096 0.0837345 -0.0491912
v 0.08926 0.083366 -0.047161
v 0.089261 0.083371 -0.047182
v 0.0891325 0.0829314 -0.0475943
v 0.08946 0.0833421 -0.0473728
v 0.089481 0.083414 -0.047356
v 0.089293 0.083406 -0.047269
v 0.089321 0.083429 -0.047301
v 0.089339 0.083401 -0.04731
v 0.0893041 0.0833627 -0.0472697
v 0.0892763 0.0833383 -0.0471918
v 0.089271 0.083386 -0.047226
v 0.089261 0.083371 -0.04718
v 0.0892864 0.0832199 -0.04726
v 0.0892681 0.0831609 -0.0473058
v 0.089188 0.0830687 -0.047422
v 0.0891184 0.0830546 -0.0474088
v 0.0893357 0.08325 -0.0473425
v 0.0892748 0.0829812 -0.0475452
v 0.0892918 0.0830847 -0.0474564
v 0.089395 0.083477 -0.047335
v 0.089437 0.083501 -0.047335
v 0.0896403 0.0833021 -0.0473703
v 0.0894419 0.0835019 -0.047335
v 0.089356 0.083453 -0.047323
v 0.089341 0.083443 -0.047313
v 0.089322 0.083429 -0.047301
v 0.089339 0.083441 -0.047312
v 0.086649 0.088498 -0.046123
v 0.087849 0.0863874 -0.0466324
v 0.08777 0.086427 -0.046667
v 0.087756 0.086422 -0.046682
v 0.087735 0.08641 -0.046681
v 0.087714 0.086397 -0.046677
v 0.087694 0.086384 -0.046669
v 0.087675 0.086371 -0.046659
v 0.087642 0.086344 -0.046629
v 0.087657 0.086357 -0.046645
v 0.087628 0.086332 -0.046611
v 0.087609 0.086311 -0.04657
v 0.087601 0.086296 -0.046527
v 0.089067 0.084246 -0.04715
v 0.0236854 0.0730008 -0.00582752
v 0.0225596 0.0706954 -0.0270641
v 0.0237787 0.0707427 -0.027883
v 0.0232476 0.0705349 -0.0273205
v 0.0229517 0.0704801 -0.0271829
v 0.022361 0.0705361 -0.0266411
v 0.0226616 0.0704441 -0.0269742
v 0.027151 0.070577 -0.032918
v 0.029631 0.071562 -0.03306
v 0.029619 0.071559 -0.033049
v 0.029466 0.071517 -0.032908
v 0.028948 0.071296 -0.032669
v 0.0290941 0.0713683 -0.0327025
v 0.029199 0.071411 -0.032747
v 0.0292675 0.0714382 -0.0327883
v 0.028695 0.071178 -0.032599
v 0.028592 0.071132 -0.032597
v 0.028391 0.071041 -0.032595
v 0.028215 0.070961 -0.032593
v 0.027844 0.07081 -0.03265
v 0.027483 0.070678 -0.032755
v 0.0272694 0.0706217 -0.0328498
v 0.026639 0.070482 -0.033392
v 0.026708 0.070489 -0.0333
v 0.0268754 0.0706081 -0.0330026
v 0.02839 0.071043 -0.032593
v 0.029455 0.071566 -0.032859
v 0.0287708 0.0717292 -0.0316262
v 0.029038 0.071392 -0.032651
v 0.0284002 0.0711427 -0.0325188
v 0.02817 0.070956 -0.032584
v 0.0280631 0.0709085 -0.0325908
v 0.0274941 0.070685 -0.0327394
v 0.0269309 0.0705529 -0.0330674
v 0.029626 0.071574 -0.033046
v 0.029453 0.071529 -0.03289
v 0.02925 0.071433 -0.032778
v 0.029774 0.071602 -0.03323
v 0.029768 0.071589 -0.033233
v 0.0296115 0.0715701 -0.0330315
v 0.0296279 0.071575 -0.0330488
v 0.029451 0.071539 -0.032882
v 0.028617 0.071163 -0.032583
v 0.029042 0.07136 -0.032675
v 0.028607 0.071161 -0.032579
v 0.029041 0.071368 -0.03267
v 0.0296232 0.0715741 -0.0330432
v 0.029788 0.071628 -0.033222
v 0.029788 0.071627 -0.033222
v 0.029778 0.071612 -0.033228
v 0.029451 0.071553 -0.032868
v 0.02904 0.071377 -0.032664
v 0.028604 0.071172 -0.032573
v 0.028601 0.071182 -0.032566
v 0.032932 0.071562 -0.037726
v 0.032933 0.071562 -0.037726
v 0.0322173 0.0716468 -0.0366796
v 0.032939 0.071577 -0.037721
v 0.032946 0.071588 -0.037716
v 0.036624 0.071589 -0.041797
v 0.036628 0.071602 -0.041793
v 0.034743 0.071623 -0.039792
v 0.0360453 0.0705129 -0.0446796
v 0.0362756 0.0705607 -0.0444987
v 0.036729 0.0708138 -0.0440619
v 0.0370512 0.071282 -0.042919
v 0.036916 0.0715288 -0.0422145
v 0.0367838 0.0715726 -0.0419908
v 0.036902 0.071538 -0.042194
v 0.0367782 0.0715742 -0.041982
v 0.03678 0.071573 -0.041985
v 0.0367264 0.0715803 -0.0419137
v 0.0357553 0.0707321 -0.0450186
v 0.0368332 0.0708681 -0.0437358
v 0.0369502 0.0710242 -0.0434264
v 0.0261118 0.0713854 0.00529615
v 0.109751 0.07221 -0.042227
v 0.087625 0.078285 -0.049345
v 0.097122 0.07195 -0.048224
v 0.103581 0.072081 -0.045551
v 0.129294 0.0661119 -0.024183
v 0.133831 0.0757814 -0.0045139
v 0.130442 0.073732 0.020906
v 0.128311 0.073766 0.025567
v 0.124259 0.0741295 0.0321263
v 0.113899 0.071514 0.043709
v 0.10038 0.0714419 0.0508535
v 0.09274 0.073461 0.052572
v 0.057831 0.072537 0.047583
v 0.124665 0.0940503 0.0201428
v 0.130337 0.0830368 0.0162157
v 0.060178 0.101252 -0.024366
v 0.0602973 0.101043 -0.0241731
v 0.060323 0.101067 -0.024195
v 0.048214 0.101067 0.00195
v 0.048232 0.100998 0.00195
v 0.0481827 0.101134 0.00138406
v 0.04818 0.10113 0.00195
v 0.048132 0.101183 0.00195
v 0.048073 0.101224 0.00195
v 0.048006 0.101249 0.00195
v 0.0480396 0.101241 0.00147154
v 0.04839 0.100994 -0.00113244
v 0.0493622 0.101057 -0.00632678
v 0.049365 0.101129 -0.006832
v 0.048645 0.101108 -0.00334
v 0.050452 0.101146 -0.010273
v 0.0496978 0.101066 -0.00783957
v 0.0506497 0.101094 -0.0102763
v 0.050778 0.101152 -0.011097
v 0.054272 0.101154 -0.017535
v 0.052349 0.101164 -0.014404
v 0.052175 0.10112 -0.0139655
v 0.0557841 0.101082 -0.0194762
v 0.056532 0.101141 -0.020432
v 0.057757 0.101131 -0.021767
v 0.048224 0.101131 0.000208
v 0.048176 0.101184 0.000206
v 0.048586 0.101142 -0.003351
v 0.048539 0.10119 -0.003358
v 0.049313 0.101163 -0.006844
v 0.049268 0.101203 -0.006856
v 0.050417 0.101184 -0.010286
v 0.050377 0.101215 -0.010302
v 0.050744 0.101188 -0.011111
v 0.050705 0.101218 -0.011127
v 0.052317 0.101196 -0.014421
v 0.052281 0.101222 -0.01444
v 0.054241 0.10119 -0.017556
v 0.054206 0.101219 -0.01758
v 0.056493 0.10117 -0.020467
v 0.056459 0.101207 -0.020496
v 0.057716 0.101158 -0.021807
v 0.057682 0.1012 -0.021839
v 0.048117 0.101224 0.000203
v 0.048483 0.101227 -0.003367
v 0.049217 0.101232 -0.00687
v 0.050332 0.101238 -0.010319
v 0.050661 0.101239 -0.011145
v 0.052242 0.101241 -0.014462
v 0.054168 0.10124 -0.017606
v 0.056419 0.101234 -0.02053
v 0.057642 0.101231 -0.021876
v 0.04805 0.101249 0.0002
v 0.048419 0.101249 -0.003377
v 0.04916 0.101251 -0.006885
v 0.050284 0.101252 -0.010338
v 0.050615 0.101253 -0.011165
v 0.0522 0.101253 -0.014484
v 0.054127 0.101253 -0.017634
v 0.056377 0.101251 -0.020566
v 0.057599 0.101251 -0.021917
v 0.060186 0.101248 -0.024356
v 0.060319 0.101079 -0.0242
v 0.060299 0.101134 -0.024223
v 0.060266 0.101189 -0.024262
v 0.060224 0.101229 -0.024311
v 0.048833 0.101227 0.009161
v 0.04877 0.101249 0.009174
v 0.049219 0.101248 0.01102
v 0.048534 0.101014 0.006495
v 0.048472 0.101011 0.005561
v 0.048403 0.101076 0.005566
v 0.049064 0.101014 0.009112
v 0.04897 0.101084 0.009131
v 0.049437 0.101014 0.01096
v 0.049422 0.101067 0.010964
v 0.049206 0.101252 0.011023
v 0.049275 0.101229 0.011004
v 0.049337 0.101189 0.010987
v 0.048889 0.10119 0.009149
v 0.048935 0.101142 0.009139
v 0.049387 0.101134 0.010974
v 0.049416 0.101079 0.010966
v 0.048198 0.101249 0.005588
v 0.048263 0.101225 0.005581
v 0.048321 0.101187 0.005575
v 0.048368 0.101136 0.00557
v 0.078359 0.101252 -0.032309
v 0.078367 0.101229 -0.032237
v 0.078375 0.101189 -0.032174
v 0.0825 0.101189 -0.032422
v 0.0825 0.101226 -0.03248
v 0.0825 0.101228 -0.032486
v 0.078381 0.101134 -0.032122
v 0.078385 0.101065 -0.032088
v 0.0825 0.101067 -0.032335
v 0.0825 0.10108 -0.032339
v 0.0825 0.101133 -0.032371
v 0.0825 0.101139 -0.032374
v 0.080769 0.100948 -0.0322658
v 0.076505 0.101014 -0.03179
v 0.07647 0.101014 -0.031782
v 0.070696 0.101014 -0.030221
v 0.073162 0.101014 -0.031022
v 0.073157 0.101065 -0.031038
v 0.068155 0.101065 -0.02919
v 0.0688732 0.100966 -0.0294595
v 0.067905 0.101014 -0.029055
v 0.063509 0.101014 -0.026575
v 0.065156 0.101014 -0.027602
v 0.063499 0.101065 -0.026589
v 0.065248 0.101014 -0.027659
v 0.06348 0.101134 -0.026618
v 0.063376 0.101252 -0.026774
v 0.063416 0.101229 -0.026714
v 0.063452 0.101189 -0.026661
v 0.06814 0.101134 -0.029222
v 0.068119 0.101189 -0.029269
v 0.068092 0.101229 -0.029327
v 0.068062 0.101252 -0.029392
v 0.073148 0.101134 -0.031071
v 0.073133 0.101189 -0.031121
v 0.073116 0.101229 -0.031183
v 0.073096 0.101252 -0.031252
v 0.050247 0.101189 0.013834
v 0.05012 0.101252 0.013881
v 0.0825 0.101251 0.036459
v 0.079234 0.101252 0.036304
v 0.050345 0.101014 0.013798
v 0.05033 0.101067 0.013803
v 0.051347 0.101014 0.015964
v 0.052637 0.101067 0.01879
v 0.05265 0.101014 0.018782
v 0.054069 0.101014 0.020885
v 0.05571 0.101067 0.023344
v 0.055722 0.101014 0.023334
v 0.057531 0.101014 0.02526
v 0.059472 0.101067 0.027349
v 0.059482 0.101014 0.027337
v 0.061686 0.101014 0.029035
v 0.063824 0.101067 0.030701
v 0.063833 0.101014 0.030688
v 0.066375 0.101014 0.032063
v 0.068657 0.101067 0.033315
v 0.068663 0.101014 0.033301
v 0.071522 0.101014 0.034298
v 0.073845 0.101067 0.035124
v 0.073849 0.101014 0.035109
v 0.076929 0.101014 0.035653
v 0.079255 0.101067 0.03608
v 0.0825 0.101067 0.036235
v 0.0808372 0.100948 0.0361869
v 0.079252 0.101134 0.036117
v 0.0825 0.101133 0.036271
v 0.0825 0.10108 0.03624
v 0.079247 0.101189 0.036168
v 0.0825 0.101189 0.036322
v 0.0825 0.101139 0.036275
v 0.0825 0.101226 0.03638
v 0.0825 0.101249 0.036445
v 0.0825 0.101228 0.036387
v 0.079241 0.101229 0.036232
v 0.073788 0.101252 0.035341
v 0.068566 0.101252 0.03352
v 0.063702 0.101252 0.030889
v 0.059321 0.101252 0.027515
v 0.055535 0.101252 0.023484
v 0.052441 0.101252 0.0189
v 0.050187 0.101229 0.013856
v 0.050296 0.101134 0.013816
v 0.052605 0.101134 0.018808
v 0.055682 0.101134 0.023367
v 0.059447 0.101134 0.027376
v 0.063805 0.101134 0.030732
v 0.068642 0.101134 0.033348
v 0.073836 0.101134 0.035159
v 0.05256 0.101189 0.018833
v 0.055641 0.101189 0.023399
v 0.059412 0.101189 0.027414
v 0.063776 0.101189 0.030775
v 0.068621 0.101189 0.033396
v 0.073823 0.101189 0.035209
v 0.052504 0.101229 0.018864
v 0.055591 0.101229 0.023439
v 0.059369 0.101229 0.027461
v 0.063741 0.101229 0.030829
v 0.068595 0.101229 0.033454
v 0.073806 0.101229 0.035271
v 0.106904 0.101035 0.0260124
v 0.107688 0.10108 0.025217
v 0.085293 0.101226 -0.032366
v 0.085278 0.101014 -0.032163
v 0.085282 0.10108 -0.032226
v 0.085285 0.101139 -0.032261
v 0.085299 0.101249 -0.032431
v 0.088856 0.10108 -0.031745
v 0.0870736 0.101017 -0.0319986
v 0.090104 0.101014 -0.031464
v 0.092383 0.10108 -0.030884
v 0.0959769 0.101006 -0.0294951
v 0.09644 0.10108 -0.029378
v 0.093824 0.101014 -0.030394
v 0.0930571 0.101071 -0.0306669
v 0.100598 0.10102 -0.0271552
v 0.09965 0.10108 -0.027742
v 0.097346 0.101014 -0.028936
v 0.101515 0.101014 -0.026509
v 0.102695 0.10108 -0.025762
v 0.106673 0.101016 -0.0223429
v 0.106024 0.10108 -0.022998
v 0.103861 0.101014 -0.024847
v 0.103374 0.10106 -0.0252403
v 0.10673 0.101014 -0.02228
v 0.108512 0.10108 -0.020392
v 0.108462 0.101014 -0.020347
v 0.109262 0.101014 -0.019454
v 0.110729 0.10108 -0.017515
v 0.111178 0.10107 -0.0168349
v 0.111505 0.101014 -0.016299
v 0.112956 0.10108 -0.013805
v 0.114108 0.101014 -0.0111502
v 0.114441 0.10108 -0.010522
v 0.113353 0.101014 -0.012965
v 0.112903 0.101014 -0.013776
v 0.114825 0.101014 -0.009427
v 0.115581 0.10108 -0.007074
v 0.11607 0.101014 -0.004728
v 0.116454 0.10108 -0.002836
v 0.115764 0.10108 -0.006373
v 0.115898 0.101016 -0.00572026
v 0.116704 0.101014 0.000757
v 0.116769 0.10108 0.000753
v 0.116546 0.101014 -0.00195
v 0.116396 0.101014 -0.002826
v 0.116769 0.101014 0.001875
v 0.116765 0.101014 0.00195
v 0.116703 0.10108 0.004385
v 0.116124 0.10108 0.008673
v 0.116559 0.101014 0.00574
v 0.116625 0.101062 0.00518744
v 0.115927 0.101019 0.00949031
v 0.115233 0.10108 0.012164
v 0.113969 0.10108 0.015569
v 0.114289 0.100977 0.0147477
v 0.111695 0.101031 0.0199118
v 0.112003 0.10108 0.019424
v 0.113402 0.101014 0.016764
v 0.113637 0.101067 0.0162951
v 0.110959 0.101014 0.020964
v 0.110007 0.10108 0.022423
v 0.109956 0.101014 0.022386
v 0.109356 0.101014 0.023236
v 0.107385 0.10104 0.0254939
v 0.104601 0.101049 0.0281308
v 0.104556 0.10108 0.028205
v 0.10155 0.101019 0.0303952
v 0.10168 0.10108 0.030374
v 0.103947 0.101014 0.028678
v 0.10083 0.101014 0.030905
v 0.098566 0.10108 0.032243
v 0.095594 0.101014 0.033561
v 0.094623 0.10108 0.034025
v 0.097922 0.10108 0.032576
v 0.0976398 0.101032 0.0327023
v 0.0903032 0.101017 0.0353209
v 0.09119 0.10108 0.03512
v 0.093927 0.101014 0.034257
v 0.094603 0.101014 0.033975
v 0.086097 0.101014 0.036011
v 0.086101 0.10108 0.03605
v 0.087633 0.10108 0.035853
v 0.089178 0.101014 0.035517
v 0.0864856 0.101018 0.0359895
v 0.088882 0.101226 -0.031883
v 0.088894 0.101249 -0.031947
v 0.092424 0.101226 -0.031019
v 0.093119 0.101226 -0.030802
v 0.093139 0.101249 -0.030863
v 0.096497 0.101226 -0.029506
v 0.096524 0.101249 -0.029565
v 0.099721 0.101226 -0.027864
v 0.099753 0.101249 -0.02792
v 0.102777 0.101226 -0.025876
v 0.102816 0.101249 -0.025928
v 0.103361 0.101226 -0.02544
v 0.103401 0.101249 -0.025492
v 0.106121 0.101226 -0.0231
v 0.106165 0.101249 -0.023147
v 0.108619 0.101226 -0.020483
v 0.108668 0.101249 -0.020526
v 0.110845 0.101226 -0.017595
v 0.110898 0.101249 -0.017632
v 0.111252 0.101226 -0.016991
v 0.111306 0.101249 -0.017027
v 0.113081 0.101226 -0.013869
v 0.113138 0.101249 -0.013899
v 0.114572 0.101226 -0.010573
v 0.114632 0.101249 -0.010597
v 0.115717 0.101226 -0.007111
v 0.115779 0.101249 -0.007128
v 0.115901 0.101226 -0.006407
v 0.115964 0.101249 -0.006422
v 0.116593 0.101226 -0.002855
v 0.116657 0.101249 -0.002864
v 0.116909 0.101226 0.000748
v 0.116974 0.101249 0.000746
v 0.116843 0.101226 0.004394
v 0.116908 0.101249 0.004399
v 0.116784 0.101226 0.00512
v 0.116849 0.101249 0.005126
v 0.116262 0.101226 0.008701
v 0.116326 0.101249 0.008713
v 0.115367 0.101226 0.012206
v 0.115429 0.101249 0.012225
v 0.114098 0.101226 0.015624
v 0.114158 0.101249 0.01565
v 0.113802 0.101226 0.01629
v 0.113861 0.101249 0.016317
v 0.112124 0.101226 0.019496
v 0.11218 0.101249 0.019529
v 0.11012 0.101226 0.022507
v 0.110172 0.101249 0.022546
v 0.107791 0.101226 0.025313
v 0.107838 0.101249 0.025357
v 0.107291 0.101226 0.025842
v 0.107338 0.101249 0.025887
v 0.104647 0.101226 0.028312
v 0.104688 0.101249 0.028362
v 0.101759 0.101226 0.03049
v 0.101795 0.101249 0.030544
v 0.098632 0.101226 0.032367
v 0.098662 0.101249 0.032424
v 0.097985 0.101226 0.032701
v 0.098014 0.101249 0.032759
v 0.094672 0.101226 0.034157
v 0.094695 0.101249 0.034217
v 0.091226 0.101226 0.035256
v 0.091242 0.101249 0.035319
v 0.087654 0.101226 0.035992
v 0.087664 0.101249 0.036056
v 0.086115 0.101226 0.03619
v 0.086122 0.101249 0.036254
v 0.088862 0.101139 -0.03178
v 0.092393 0.101139 -0.030918
v 0.093086 0.101139 -0.030701
v 0.096455 0.101139 -0.02941
v 0.099668 0.101139 -0.027773
v 0.102715 0.101139 -0.02579
v 0.103297 0.101139 -0.025357
v 0.106048 0.101139 -0.023023
v 0.108539 0.101139 -0.020415
v 0.110758 0.101139 -0.017535
v 0.111164 0.101139 -0.016933
v 0.112987 0.101139 -0.013821
v 0.114474 0.101139 -0.010535
v 0.115615 0.101139 -0.007083
v 0.115798 0.101139 -0.006381
v 0.116489 0.101139 -0.00284
v 0.116804 0.101139 0.000752
v 0.116738 0.101139 0.004387
v 0.116679 0.101139 0.005111
v 0.116159 0.101139 0.00868
v 0.115267 0.101139 0.012174
v 0.114002 0.101139 0.015583
v 0.113706 0.101139 0.016246
v 0.112034 0.101139 0.019442
v 0.110035 0.101139 0.022444
v 0.107713 0.101139 0.025241
v 0.107215 0.101139 0.025769
v 0.104579 0.101139 0.028231
v 0.1017 0.101139 0.030403
v 0.098583 0.101139 0.032274
v 0.097938 0.101139 0.032607
v 0.094635 0.101139 0.034058
v 0.091199 0.101139 0.035154
v 0.087639 0.101139 0.035888
v 0.086104 0.101139 0.036085
v 0.085289 0.101189 -0.032309
v 0.088871 0.101189 -0.031827
v 0.092407 0.101189 -0.030964
v 0.093101 0.101189 -0.030747
v 0.096474 0.101189 -0.029454
v 0.099692 0.101189 -0.027814
v 0.102743 0.101189 -0.025829
v 0.103326 0.101189 -0.025395
v 0.106081 0.101189 -0.023058
v 0.108575 0.101189 -0.020446
v 0.110797 0.101189 -0.017562
v 0.111204 0.101189 -0.01696
v 0.11303 0.101189 -0.013843
v 0.114518 0.101189 -0.010552
v 0.115661 0.101189 -0.007096
v 0.115845 0.101189 -0.006393
v 0.116536 0.101189 -0.002847
v 0.116852 0.101189 0.00075
v 0.116786 0.101189 0.00439
v 0.116727 0.101189 0.005115
v 0.116205 0.101189 0.008689
v 0.115312 0.101189 0.012189
v 0.114045 0.101189 0.015602
v 0.11375 0.101189 0.016266
v 0.112075 0.101189 0.019466
v 0.110074 0.101189 0.022472
v 0.107748 0.101189 0.025274
v 0.10725 0.101189 0.025802
v 0.10461 0.101189 0.028268
v 0.101726 0.101189 0.030442
v 0.098605 0.101189 0.032316
v 0.097959 0.101189 0.03265
v 0.094652 0.101189 0.034103
v 0.091211 0.101189 0.0352
v 0.087646 0.101189 0.035935
v 0.086109 0.101189 0.036132
v 0.053523 0.101183 -0.021244
v 0.053386 0.101118 -0.021354
v 0.051245 0.101119 -0.018391
v 0.053371 0.101111 -0.021366
v 0.07662 0.101228 -0.034469
v 0.071336 0.101231 -0.033227
v 0.061352 0.101067 -0.028851
v 0.087479 0.101075 -0.034928
v 0.09284 0.101074 -0.033791
v 0.09287 0.101025 -0.033878
v 0.112438 0.095115 0.0369473
v 0.119716 0.101052 -0.00078
v 0.119725 0.101079 7.58002e-05
v 0.0867433 0.0950835 0.0481565
v 0.082021 0.101003 -0.035403
v 0.087507 0.100998 -0.035063
v 0.113894 0.101002 0.0223634
v 0.115536 0.101104 0.019118
v 0.117694 0.101103 0.014082
v 0.119628 0.101015 -0.002154
v 0.119091 0.101102 0.008784
v 0.119695 0.1011 0.003339
v 0.119328 0.10118 -0.002117
v 0.119529 0.101182 0.003333
v 0.118633 0.101022 -0.00756
v 0.116843 0.101018 -0.012759
v 0.114308 0.101014 -0.017638
v 0.111085 0.101009 -0.022093
v 0.107241 0.101004 -0.026024
v 0.104544 0.100972 -0.028239
v 0.102864 0.100999 -0.029355
v 0.119589 0.101051 -0.002148
v 0.118583 0.101049 -0.007547
v 0.116796 0.101045 -0.01274
v 0.114264 0.101041 -0.017613
v 0.111044 0.101036 -0.022062
v 0.107205 0.101032 -0.025989
v 0.102834 0.101027 -0.029316
v 0.09802 0.101025 -0.031964
v 0.098044 0.100997 -0.032006
v 0.097977 0.101075 -0.031881
v 0.102778 0.101076 -0.029238
v 0.107139 0.10108 -0.025919
v 0.110969 0.101084 -0.022002
v 0.11418 0.101089 -0.017564
v 0.116706 0.101092 -0.012702
v 0.118489 0.101096 -0.007522
v 0.119493 0.101098 -0.002136
v 0.057117 0.101116 -0.025363
v 0.061398 0.101111 -0.02878
v 0.066099 0.101059 -0.031609
v 0.066133 0.101105 -0.031532
v 0.071201 0.101049 -0.033638
v 0.071223 0.101095 -0.033554
v 0.076545 0.101038 -0.034895
v 0.076555 0.101086 -0.034807
v 0.082017 0.10103 -0.035358
v 0.082013 0.101079 -0.035268
v 0.087496 0.101026 -0.035018
v 0.092888 0.100997 -0.033922
v 0.076543 0.101011 -0.034939
v 0.071191 0.101024 -0.03368
v 0.057235 0.101189 -0.025238
v 0.119086 0.101251 -0.002093
v 0.118094 0.101251 -0.007417
v 0.117307 0.10125 -0.010009
v 0.11607 0.101258 -0.0129966
v 0.113834 0.101249 -0.017342
v 0.110659 0.101249 -0.021728
v 0.106873 0.101248 -0.0256
v 0.102562 0.101247 -0.02888
v 0.097815 0.101247 -0.031491
v 0.092737 0.101247 -0.033379
v 0.087437 0.101247 -0.034502
v 0.082033 0.101247 -0.034837
v 0.079327 0.101248 -0.034708
v 0.0725148 0.1013 -0.0330988
v 0.057358 0.101238 -0.025108
v 0.0616 0.101236 -0.028495
v 0.066292 0.101234 -0.031222
v 0.082029 0.101226 -0.034926
v 0.087445 0.101225 -0.03459
v 0.092758 0.101225 -0.033464
v 0.097848 0.101225 -0.031572
v 0.102607 0.101226 -0.028954
v 0.106928 0.101228 -0.025666
v 0.110723 0.10123 -0.021785
v 0.113906 0.101231 -0.017387
v 0.116408 0.101233 -0.012571
v 0.079331 0.101236 0.038715
v 0.095352 0.101239 0.036545
v 0.090138 0.101238 0.038056
v 0.100288 0.101239 0.034286
v 0.104838 0.101239 0.031326
v 0.112401 0.101239 0.023578
v 0.108905 0.101239 0.027731
v 0.115249 0.101238 0.018957
v 0.117388 0.101238 0.013968
v 0.118175 0.101234 -0.007438
v 0.11917 0.101235 -0.002101
v 0.119371 0.101236 0.003323
v 0.118771 0.101237 0.008718
v 0.118329 0.101179 -0.007479
v 0.116554 0.101176 -0.012635
v 0.114039 0.101173 -0.017475
v 0.110842 0.10117 -0.021893
v 0.10703 0.101167 -0.025793
v 0.102689 0.101164 -0.029096
v 0.097909 0.101163 -0.031726
v 0.092795 0.101162 -0.033628
v 0.087459 0.101163 -0.03476
v 0.082018 0.101165 -0.035098
v 0.076584 0.101169 -0.034639
v 0.071276 0.101175 -0.033392
v 0.06621 0.101181 -0.031379
v 0.061495 0.101186 -0.028639
v 0.090163 0.101184 0.038229
v 0.095401 0.101186 0.036711
v 0.100359 0.101186 0.034441
v 0.10493 0.101187 0.031467
v 0.109016 0.101187 0.027855
v 0.112527 0.101186 0.023682
v 0.115389 0.101185 0.01904
v 0.117537 0.101185 0.014027
v 0.118927 0.101183 0.008753
v 0.089069 0.083264 -0.043253
v 0.0823555 0.088597 -0.041657
v 0.076036 0.082951 -0.043348
v 0.0824738 0.082958 -0.0433525
v 0.076011 0.082958 -0.043343
v 0.075993 0.082962 -0.04334
v 0.075974 0.08297 -0.043335
v 0.075963 0.082977 -0.043331
v 0.075934 0.082997 -0.043322
v 0.075922 0.083008 -0.043318
v 0.075918 0.083012 -0.043316
v 0.075891 0.083049 -0.043303
v 0.07589 0.08305 -0.043302
v 0.075881 0.083069 -0.043296
v 0.075873 0.083096 -0.043288
v 0.075867 0.083116 -0.043282
v 0.075865 0.083133 -0.043277
v 0.075866 0.083146 -0.043274
v 0.075868 0.083182 -0.043265
v 0.075871 0.083197 -0.043261
v 0.089093 0.083193 -0.043268
v 0.089095 0.083172 -0.043273
v 0.089094 0.083164 -0.043275
v 0.08908 0.08324 -0.043257
v 0.089081 0.083238 -0.043258
v 0.089087 0.083215 -0.043263
v 0.089091 0.083124 -0.043286
v 0.089088 0.083114 -0.043289
v 0.089085 0.083104 -0.043292
v 0.089068 0.083067 -0.043304
v 0.089065 0.08306 -0.043306
v 0.089054 0.083044 -0.043312
v 0.089037 0.083026 -0.043319
v 0.08902 0.083009 -0.043326
v 0.088963 0.082978 -0.043342
v 0.089006 0.082999 -0.04333
v 0.088924 0.082969 -0.043349
v 0.088944 0.082972 -0.043346
v 0.08895 0.082974 -0.043345
v 0.0842354 0.100518 0.0357504
v 0.0934872 0.100518 0.0338603
v 0.101461 0.100517 0.0300555
v 0.104764 0.100518 0.027529
v 0.11014 0.100517 0.021597
v 0.116057 0.100518 0.00684
v 0.11637 0.100518 0.001952
v 0.113825 0.100518 0.0146134
v 0.115967 0.100518 -0.0031455
v 0.111902 0.100518 -0.0143442
v 0.106082 0.100518 -0.02242
v 0.101376 0.100518 -0.026151
v 0.0928782 0.100518 -0.0301263
v 0.0616943 0.100518 0.0248352
v 0.0486105 0.100502 0.002961
v 0.0501785 0.100575 -0.008302
v 0.0764157 0.100518 -0.03141
v 0.063446 0.100518 -0.0260435
v 0.065325 0.100518 -0.0272895
v 0.084502 0.100518 -0.031902
v 0.0707235 0.100518 -0.0297785
f 450 452 522
f 452 520 522
f 522 520 523
f 520 521 523
f 521 525 524
f 524 525 526
f 526 527 524
f 527 528 524
f 524 528 529
f 528 530 529
f 529 530 531
f 531 532 529
f 532 533 529
f 529 533 534
f 534 535 529
f 535 536 529
f 529 536 537
f 537 538 529
f 538 539 529
f 529 539 540
f 541 543 542
f 542 543 544
f 544 545 542
f 545 546 542
f 542 546 547
f 547 548 542
f 548 549 542
f 542 549 550
f 550 551 542
f 551 552 542
f 542 552 553
f 552 554 553
f 554 555 553
f 553 555 556
f 556 557 553
f 557 558 553
f 553 558 559
f 558 560 559
f 559 560 521
f 524 559 521
f 820 825 821
f 1046 1047 621
f 914 916 625
f 1048 1049 650
f 1050 1052 1051
f 1053 886 1054
f 1054 886 1055
f 920 921 626
f 921 923 626
f 626 923 638
f 1053 1054 1051
f 1054 1056 1051
f 1051 1056 1050
f 1057 1058 1059
f 1058 1060 1059
f 1059 1060 1061
f 650 1049 621
f 1049 1062 621
f 621 1062 1046
f 625 916 626
f 916 918 626
f 626 918 920
f 923 925 638
f 925 926 638
f 638 926 930
f 1063 1064 1065
f 1066 1067 625
f 1052 1068 1051
f 1068 1069 1051
f 1051 1069 1867
f 1060 1070 1061
f 1070 1071 1061
f 1061 1071 1072
f 1071 1073 1072
f 1072 1073 1074
f 1077 1078 752
f 1066 625 1079
f 866 865 564
f 865 566 564
f 865 869 566
f 869 857 566
f 566 857 567
f 857 859 567
f 859 861 567
f 567 861 569
f 1069 1080 1867
f 1080 1081 1867
f 1867 1081 1859
f 1859 1082 1059
f 1059 1082 1057
f 1083 1084 650
f 1084 1085 650
f 650 1085 1048
f 1086 1087 1088
f 1087 1089 1088
f 1077 752 1090
f 1091 1092 886
f 1092 1093 886
f 886 1093 1055
f 903 905 1094
f 930 928 638
f 638 928 927
f 563 871 564
f 871 872 564
f 564 872 866
f 861 863 569
f 863 809 569
f 569 809 570
f 809 854 570
f 570 854 855
f 855 1095 570
f 1095 945 570
f 1047 1096 621
f 1096 1097 621
f 621 1097 1098
f 1086 1099 1087
f 1099 1100 1087
f 1087 1100 1101
f 1064 1063 1102
f 1065 1103 1063
f 1103 1104 1063
f 1063 1104 1105
f 1076 1075 752
f 1075 1106 752
f 752 1106 1090
f 1078 1107 752
f 1107 1108 752
f 752 1108 753
f 1108 1109 753
f 1109 1110 753
f 753 1110 742
f 1110 1111 742
f 1111 1112 742
f 742 1112 743
f 885 1113 886
f 1113 1114 886
f 886 1114 1091
f 897 896 1094
f 1094 905 1115
f 1116 621 1087
f 621 1098 1087
f 1087 1098 1089
f 1117 1118 1074
f 1118 1870 1074
f 1074 1870 1072
f 1104 1119 1105
f 1119 1120 1105
f 1105 1120 1121
f 1838 1122 1076
f 1112 1123 743
f 1123 1124 743
f 743 1124 745
f 1125 746 1126
f 746 745 1126
f 1126 745 1127
f 745 1124 1127
f 1128 1129 894
f 1128 894 1130
f 1125 1131 746
f 746 1131 634
f 634 1131 632
f 1131 803 632
f 1132 1133 1100
f 1133 1134 1100
f 1100 1134 1101
f 1679 1838 1135
f 1135 1838 1076
f 1120 1136 1121
f 1136 1137 1121
f 1121 1137 1122
f 1137 1138 1122
f 1122 1138 1076
f 1138 1139 1076
f 1076 1139 1075
f 1140 1141 894
f 1141 1142 894
f 894 1142 1143
f 1130 894 1094
f 894 897 1094
f 905 906 1115
f 906 908 1115
f 1115 908 1067
f 908 910 1067
f 1067 910 625
f 910 912 625
f 625 912 914
f 1144 1145 1100
f 1145 1146 1100
f 1100 1146 1132
f 1129 1147 894
f 1147 1148 894
f 894 1148 1149
f 1149 1150 894
f 1150 1151 894
f 894 1151 1140
f 1143 1152 894
f 894 1152 892
f 1152 1113 892
f 892 1113 890
f 1113 885 890
f 896 900 1094
f 900 901 1094
f 1094 901 903
f 927 932 638
f 932 790 638
f 638 790 623
f 790 792 623
f 803 799 650
f 799 801 650
f 650 801 1083
f 1153 1154 1063
f 1154 1155 1063
f 1063 1155 1102
f 1156 1157 1144
f 1157 1158 1144
f 1144 1158 1145
f 792 786 563
f 786 788 563
f 563 788 871
f 1117 1159 1118
f 1159 1160 1118
f 1118 1160 1063
f 1160 1161 1063
f 1063 1161 1153
f 1161 1162 1153
f 1171 1163 1164
f 1163 1165 1164
f 1166 1167 1164
f 1167 1168 1164
f 1164 1168 1169
f 1169 1170 1164
f 1170 1171 1164
f 1162 1164 1153
f 1164 1165 1153
f 1153 1165 1172
f 1165 1173 1172
f 1173 1174 1172
f 1174 1175 1172
f 1116 794 629
f 629 794 625
f 794 796 625
f 625 796 1079
f 1176 1177 1144
f 1177 1178 1144
f 1144 1178 1156
f 1176 1179 1177
f 1179 1180 1177
f 1177 1180 1181
f 1180 1182 1181
f 1181 1182 1164
f 1182 1183 1164
f 1164 1183 1184
f 1184 1185 1164
f 1185 1186 1164
f 1164 1186 1166
f 1765 1187 1099
f 1214 1213 1174
f 1174 1213 1175
f 1620 1554 1555
f 1555 1554 1558
f 1560 1562 1561
f 1561 1562 1563
f 1563 1562 1564
f 1559 362 1565
f 1562 286 1564
f 1564 286 1566
f 1566 286 1567
f 1568 1569 1570
f 1569 1571 1570
f 1570 1571 1572
f 1570 1573 1568
f 1573 1574 1568
f 1568 1574 1575
f 1574 1576 1575
f 1575 1576 1577
f 1576 1578 1577
f 1577 1578 1579
f 1578 1580 1579
f 1554 1581 1558
f 1581 1582 1558
f 1558 1582 1583
f 1582 1584 1583
f 1583 1584 1585
f 1585 1584 1586
f 1586 1584 1587
f 1584 2490 1587
f 1587 2490 1588
f 2490 1580 1588
f 1559 1589 362
f 1589 1590 362
f 1590 1591 362
f 362 1591 286
f 1591 1592 286
f 1592 1593 286
f 286 1593 1567
f 1594 1595 1596
f 1595 1572 1596
f 1596 1572 1597
f 1572 1571 1597
f 1599 1598 1600
f 1600 1598 1601
f 1601 1598 1602
f 1598 1603 1602
f 1602 1603 1604
f 1604 1603 1605
f 1605 1603 1606
f 1606 1603 1607
f 1603 1608 1607
f 1607 1608 1609
f 1609 1608 1610
f 1608 1611 1610
f 1610 1611 1612
f 1611 1613 1612
f 1612 1613 1614
f 1614 1613 1615
f 1615 1613 1616
f 1613 1617 1616
f 1616 1617 1618
f 1618 1617 1619
f 1617 1620 1619
f 1619 1620 1621
f 1621 1620 1622
f 1622 1620 1623
f 1620 1555 1623
f 991 990 989
f 989 988 991
f 988 1670 991
f 991 1670 993
f 1670 1665 993
f 993 1665 979
f 1665 1541 979
f 979 1541 974
f 1679 1680 1716
f 1677 1685 1720
f 1681 1690 1724
f 1724 1690 1725
f 1731 1698 1732
f 1758 1759 1439
f 1325 1804 1318
f 1804 1803 1318
f 1458 1921 1804
f 1921 1922 1804
f 1992 1984 1391
f 1325 1354 1455
f 1455 1354 1452
f 1354 1353 1452
f 1452 1353 1365
f 1536 1276 1460
f 1276 1458 1460
f 886 1053 883
f 1095 855 853
f 1894 363 487
f 363 1874 487
f 496 495 1873
f 496 1873 387
f 363 378 1874
f 378 377 1874
f 1874 377 1875
f 377 383 1875
f 1875 383 1873
f 383 385 1873
f 1873 385 387
f 1054 1055 1936
f 1875 2552 1874
f 2591 2264 2199
f 2246 2245 2594
f 2223 2219 2598
f 2112 2604 2111
f 2113 2117 2608
f 2120 2606 2122
f 1806 1 2
f 934 1838 2
f 934 2 1
f 250 148 2
f 148 237 2
f 237 238 2
f 238 157 2
f 157 1806 2
f 250 2 1838
f 7 8 9
f 10 11 12
f 13 14 15
f 12 11 16
f 17 18 19
f 18 20 19
f 19 20 6
f 20 21 6
f 6 21 22
f 333 23 5
f 23 24 5
f 5 24 25
f 24 26 25
f 25 26 27
f 26 28 27
f 29 30 31
f 30 32 31
f 31 32 33
f 23 29 24
f 29 31 24
f 24 31 26
f 31 33 26
f 26 33 28
f 33 34 28
f 35 36 37
f 36 38 37
f 37 38 39
f 38 40 39
f 39 40 34
f 41 2000 42
f 43 44 45
f 46 47 48
f 49 44 50
f 44 51 50
f 50 51 47
f 47 46 50
f 46 52 50
f 50 52 49
f 52 53 49
f 49 53 54
f 55 56 57
f 56 58 57
f 57 58 59
f 60 55 61
f 55 57 61
f 61 57 62
f 57 59 62
f 62 59 63
f 64 65 66
f 65 67 66
f 66 67 68
f 67 69 68
f 68 69 70
f 71 64 72
f 64 66 72
f 72 66 73
f 66 68 73
f 73 68 74
f 68 70 74
f 74 70 75
f 76 77 78
f 79 80 77
f 81 80 82
f 80 79 82
f 82 79 83
f 84 85 86
f 85 87 86
f 88 89 90
f 91 87 90
f 87 85 90
f 90 85 88
f 85 84 88
f 88 84 92
f 53 93 54
f 93 94 54
f 54 94 95
f 94 96 95
f 95 96 97
f 96 98 97
f 97 98 99
f 98 100 99
f 99 100 101
f 100 102 101
f 101 102 103
f 102 104 103
f 103 104 105
f 104 106 105
f 105 106 107
f 106 108 107
f 107 108 109
f 108 110 109
f 109 110 111
f 110 112 111
f 111 112 113
f 112 114 113
f 113 114 115
f 114 116 115
f 115 116 117
f 116 118 117
f 117 118 119
f 120 121 122
f 121 120 123
f 124 16 125
f 16 11 125
f 125 11 126
f 11 10 126
f 126 10 127
f 128 129 130
f 129 131 130
f 130 131 123
f 131 132 123
f 123 132 121
f 132 133 121
f 121 133 122
f 133 91 122
f 134 135 136
f 137 134 138
f 134 136 138
f 138 136 139
f 136 140 139
f 141 142 143
f 128 144 145
f 144 146 145
f 145 146 136
f 146 147 136
f 136 147 140
f 149 150 151
f 233 148 149
f 149 148 150
f 153 9 157
f 9 8 157
f 154 157 8
f 155 156 157
f 158 159 160
f 137 161 159
f 161 162 159
f 159 162 160
f 162 163 160
f 160 163 164
f 22 165 6
f 165 166 6
f 6 166 333
f 27 17 25
f 17 19 25
f 25 19 5
f 19 6 5
f 5 6 333
f 23 167 29
f 29 167 30
f 167 2000 30
f 30 2000 168
f 34 33 39
f 33 32 39
f 39 32 37
f 32 30 37
f 37 30 35
f 30 168 35
f 168 2000 35
f 44 43 51
f 43 41 51
f 51 41 47
f 41 42 47
f 47 42 48
f 48 42 169
f 170 171 172
f 171 173 172
f 172 173 174
f 174 175 172
f 175 176 172
f 172 176 177
f 176 178 177
f 177 178 60
f 175 179 176
f 176 179 180
f 60 178 55
f 178 176 55
f 55 176 56
f 176 180 56
f 56 180 181
f 181 182 56
f 56 182 58
f 182 183 58
f 184 185 186
f 185 187 186
f 188 63 189
f 63 59 189
f 189 59 185
f 59 58 185
f 185 58 187
f 58 183 187
f 184 190 185
f 190 191 185
f 185 191 192
f 69 188 70
f 188 189 70
f 70 189 75
f 189 185 75
f 75 185 193
f 185 192 193
f 193 194 75
f 194 195 75
f 75 195 74
f 195 196 74
f 74 196 197
f 197 198 74
f 198 199 74
f 74 199 73
f 199 2005 73
f 2005 200 73
f 200 201 73
f 73 201 72
f 72 201 202
f 203 204 71
f 204 76 71
f 71 76 64
f 76 78 64
f 64 78 65
f 202 205 72
f 205 206 72
f 72 206 71
f 206 2005 71
f 71 2005 203
f 203 207 204
f 207 208 204
f 208 209 204
f 209 210 204
f 204 210 211
f 77 76 79
f 76 204 79
f 79 204 83
f 204 211 83
f 83 211 2006
f 86 81 84
f 81 82 84
f 84 82 92
f 82 83 92
f 92 83 212
f 83 2006 212
f 212 213 92
f 213 214 92
f 92 214 215
f 215 216 92
f 216 217 92
f 92 217 88
f 217 218 88
f 218 219 88
f 88 219 89
f 219 332 89
f 89 332 220
f 221 222 120
f 120 222 123
f 91 90 122
f 90 89 122
f 122 89 120
f 89 220 120
f 120 220 221
f 223 128 224
f 128 130 224
f 224 130 225
f 130 123 225
f 123 222 225
f 223 226 128
f 128 226 144
f 226 227 144
f 227 228 144
f 228 141 144
f 144 141 146
f 141 143 146
f 146 143 147
f 228 229 141
f 229 230 141
f 141 230 142
f 230 1821 142
f 2000 41 35
f 41 43 35
f 35 43 36
f 43 45 36
f 36 45 38
f 45 231 38
f 38 231 40
f 231 232 40
f 40 232 34
f 232 233 34
f 34 233 28
f 233 234 28
f 28 234 27
f 234 235 27
f 27 235 17
f 235 236 17
f 17 236 18
f 148 3 237
f 3 4 237
f 240 241 239
f 238 241 240
f 157 152 153
f 153 152 242
f 242 152 243
f 7 9 244
f 9 153 244
f 244 153 245
f 153 242 245
f 245 242 119
f 242 243 119
f 119 243 117
f 243 152 117
f 117 152 115
f 152 238 115
f 115 238 113
f 113 238 111
f 238 240 111
f 111 240 109
f 240 239 109
f 109 239 107
f 239 241 107
f 107 241 105
f 241 238 105
f 105 238 103
f 103 238 101
f 101 238 99
f 99 238 97
f 97 238 95
f 95 238 54
f 238 237 54
f 54 237 49
f 49 237 44
f 237 4 44
f 44 4 45
f 4 3 45
f 45 3 231
f 231 3 232
f 3 148 232
f 232 148 233
f 233 149 234
f 234 149 235
f 149 151 235
f 235 151 236
f 157 154 155
f 155 154 246
f 154 8 246
f 246 8 247
f 8 7 247
f 247 7 127
f 7 244 127
f 127 244 126
f 244 245 126
f 126 245 125
f 245 119 125
f 125 119 124
f 119 118 124
f 12 13 10
f 13 15 10
f 10 15 127
f 15 248 127
f 127 248 247
f 248 158 247
f 247 158 246
f 158 160 246
f 246 160 155
f 160 164 155
f 155 164 156
f 137 159 134
f 159 158 134
f 134 158 135
f 158 248 135
f 135 248 136
f 248 15 136
f 136 15 145
f 15 14 145
f 145 14 128
f 14 13 128
f 128 13 129
f 13 12 129
f 129 12 131
f 12 16 131
f 131 16 132
f 16 124 132
f 132 124 133
f 124 118 133
f 133 118 91
f 118 116 91
f 91 116 87
f 116 114 87
f 87 114 86
f 114 112 86
f 86 112 81
f 112 110 81
f 81 110 80
f 110 108 80
f 80 108 77
f 108 106 77
f 77 106 78
f 106 104 78
f 78 104 65
f 104 102 65
f 65 102 67
f 102 100 67
f 67 100 69
f 100 98 69
f 69 98 188
f 98 96 188
f 188 96 63
f 96 94 63
f 63 94 62
f 94 93 62
f 62 93 61
f 93 53 61
f 61 53 60
f 53 52 60
f 60 52 177
f 52 46 177
f 177 46 172
f 46 48 172
f 172 48 170
f 48 169 170
f 170 169 249
f 148 250 251
f 166 252 253
f 20 254 21
f 254 255 21
f 21 255 22
f 255 252 22
f 22 252 165
f 252 166 165
f 256 257 258
f 257 259 258
f 333 166 260
f 166 253 260
f 260 253 261
f 255 262 252
f 262 263 252
f 252 263 253
f 263 259 253
f 253 259 261
f 259 257 261
f 20 18 254
f 18 236 254
f 254 236 264
f 236 151 264
f 264 151 251
f 151 150 251
f 251 150 148
f 250 265 251
f 251 265 264
f 265 266 264
f 264 266 254
f 266 267 254
f 254 267 255
f 267 268 255
f 255 268 262
f 269 270 138
f 138 270 137
f 272 273 271
f 273 274 271
f 271 274 157
f 274 1806 157
f 272 163 275
f 163 162 275
f 275 162 270
f 162 161 270
f 270 161 137
f 276 142 1821
f 1821 277 276
f 276 277 278
f 157 156 271
f 271 156 272
f 156 164 272
f 272 164 163
f 138 139 269
f 139 140 269
f 269 140 278
f 140 147 278
f 278 147 276
f 147 143 276
f 276 143 142
f 277 279 278
f 279 280 278
f 278 280 269
f 280 281 269
f 269 281 270
f 281 282 270
f 270 282 275
f 282 283 275
f 275 283 272
f 283 284 272
f 272 284 273
f 362 286 285
f 285 289 287
f 290 288 289
f 291 292 293
f 293 302 291
f 291 302 294
f 295 320 302
f 296 295 297
f 297 295 298
f 295 299 298
f 300 299 295
f 302 301 295
f 295 301 300
f 302 308 303
f 304 305 306
f 305 307 306
f 306 307 308
f 304 306 309
f 309 306 310
f 310 306 311
f 311 306 312
f 313 314 315
f 315 314 306
f 314 316 306
f 306 316 312
f 313 315 317
f 317 315 318
f 285 319 315
f 315 319 318
f 285 315 289
f 315 306 289
f 289 306 290
f 290 306 302
f 302 306 308
f 295 296 320
f 324 325 326
f 326 327 328
f 327 329 331
f 323 324 326
f 328 327 2009
f 323 320 322
f 323 326 330
f 2434 2009 331
f 327 331 2009
f 326 328 330
f 328 2009 330
f 331 2440 2434
f 334 302 333
f 335 334 336
f 334 333 336
f 335 337 334
f 337 302 334
f 333 302 320
f 338 339 343
f 339 340 343
f 341 342 343
f 341 343 340
f 289 288 344
f 344 288 345
f 288 290 345
f 345 290 346
f 293 292 347
f 290 302 346
f 346 302 293
f 343 342 348
f 349 350 351
f 352 353 354
f 353 355 354
f 354 355 356
f 355 357 356
f 356 357 351
f 357 358 351
f 351 358 349
f 338 352 339
f 352 354 339
f 339 354 340
f 354 356 340
f 340 356 341
f 356 351 341
f 341 351 342
f 351 350 342
f 342 350 348
f 343 285 287
f 293 347 346
f 347 359 346
f 346 359 345
f 359 360 345
f 345 360 344
f 360 361 344
f 344 361 289
f 361 287 289
f 343 287 338
f 287 361 338
f 338 361 352
f 361 360 352
f 352 360 353
f 360 359 353
f 353 359 355
f 359 347 355
f 355 347 357
f 347 292 357
f 357 292 358
f 363 1894 364
f 365 366 367
f 368 369 370
f 370 369 366
f 369 371 366
f 366 371 367
f 370 372 373
f 372 374 373
f 400 375 366
f 366 375 370
f 375 1896 370
f 370 1896 372
f 376 377 378
f 379 378 363
f 364 380 381
f 363 364 379
f 364 381 379
f 379 381 382
f 377 376 383
f 376 384 383
f 383 384 385
f 384 386 385
f 385 386 387
f 381 388 382
f 382 388 389
f 389 412 382
f 382 412 386
f 378 379 376
f 379 382 376
f 376 382 384
f 382 386 384
f 391 392 373
f 1881 390 374
f 390 393 374
f 374 393 373
f 393 391 373
f 368 370 394
f 370 373 394
f 394 373 395
f 373 392 395
f 395 392 396
f 381 397 388
f 397 398 388
f 388 398 365
f 398 399 365
f 365 399 366
f 399 400 366
f 367 403 365
f 403 401 365
f 365 401 388
f 401 389 388
f 369 368 402
f 396 406 405
f 412 389 401
f 401 403 412
f 387 386 407
f 386 411 407
f 408 410 409
f 409 410 411
f 414 415 413
f 415 416 409
f 412 403 413
f 386 412 411
f 411 412 409
f 412 413 409
f 409 413 415
f 417 418 419
f 418 420 419
f 419 420 435
f 424 422 421
f 421 423 413
f 426 425 424
f 425 428 424
f 435 429 419
f 430 440 432
f 440 431 432
f 431 433 432
f 429 404 431
f 431 404 433
f 396 405 395
f 405 394 395
f 371 369 434
f 369 402 434
f 434 402 405
f 402 368 405
f 405 368 394
f 406 429 405
f 405 429 434
f 436 425 437
f 425 426 438
f 426 435 439
f 421 413 424
f 431 440 429
f 429 440 419
f 440 441 419
f 419 441 417
f 367 371 403
f 371 434 403
f 403 434 413
f 434 429 413
f 429 435 413
f 435 426 413
f 426 424 413
f 425 436 427
f 442 443 444
f 445 446 447
f 470 448 449
f 450 451 452
f 451 453 452
f 1888 454 451
f 454 455 451
f 455 456 451
f 456 457 451
f 451 457 453
f 1888 458 454
f 454 458 459
f 460 461 462
f 458 463 459
f 463 462 459
f 459 462 464
f 462 461 464
f 1891 465 466
f 465 467 466
f 462 1895 460
f 1895 466 460
f 460 466 468
f 466 467 468
f 1891 469 465
f 465 469 449
f 469 470 449
f 471 448 472
f 448 1892 472
f 471 473 448
f 473 474 448
f 448 474 449
f 1892 475 472
f 472 475 476
f 475 477 476
f 447 446 481
f 475 478 477
f 478 479 477
f 477 479 480
f 479 446 480
f 479 481 446
f 445 447 482
f 447 1893 482
f 482 1893 483
f 444 443 484
f 443 485 484
f 484 485 483
f 485 486 483
f 483 486 482
f 442 444 487
f 444 1894 487
f 489 490 491
f 492 493 494
f 495 496 497
f 498 499 500
f 499 501 500
f 500 501 502
f 501 503 502
f 502 503 504
f 503 505 504
f 504 505 506
f 507 508 509
f 508 510 509
f 509 510 511
f 510 512 511
f 511 512 498
f 493 513 494
f 494 513 514
f 513 515 514
f 514 515 507
f 521 516 488
f 488 516 491
f 516 517 491
f 491 517 489
f 521 488 436
f 436 488 427
f 488 491 427
f 427 491 425
f 490 428 491
f 428 425 491
f 422 424 490
f 490 424 428
f 489 492 490
f 492 494 490
f 490 494 422
f 494 514 422
f 422 514 421
f 507 509 514
f 509 423 514
f 514 423 421
f 509 413 423
f 498 500 511
f 500 414 511
f 511 414 509
f 414 413 509
f 409 416 502
f 502 416 500
f 416 415 500
f 500 415 414
f 407 411 518
f 411 410 518
f 518 410 504
f 410 408 504
f 504 408 502
f 408 409 502
f 387 407 496
f 407 518 496
f 496 518 497
f 518 504 497
f 497 504 519
f 504 506 519
f 563 564 565
f 566 567 568
f 569 570 571
f 570 945 572
f 570 572 571
f 572 573 571
f 571 573 574
f 573 575 574
f 574 575 576
f 575 577 576
f 576 577 578
f 579 580 565
f 580 581 565
f 565 581 563
f 564 566 565
f 566 568 565
f 565 568 579
f 568 582 579
f 579 582 583
f 582 584 583
f 583 584 585
f 584 586 585
f 585 586 587
f 586 588 587
f 587 588 589
f 588 590 589
f 589 590 591
f 590 1535 591
f 577 592 578
f 592 593 578
f 578 593 594
f 593 595 594
f 594 595 596
f 595 597 596
f 596 597 599
f 597 598 599
f 598 600 599
f 599 600 601
f 600 602 601
f 601 602 603
f 602 604 603
f 603 604 562
f 604 605 562
f 605 606 562
f 606 607 562
f 562 607 1541
f 562 561 603
f 603 561 601
f 601 561 599
f 599 561 596
f 596 561 594
f 561 608 594
f 594 608 578
f 608 609 578
f 578 609 576
f 610 611 1535
f 611 591 1535
f 610 612 611
f 612 613 611
f 611 613 591
f 613 614 591
f 591 614 589
f 614 615 589
f 589 615 587
f 615 616 587
f 587 616 585
f 616 617 585
f 585 617 583
f 617 618 583
f 583 618 579
f 618 619 579
f 579 619 580
f 567 569 568
f 569 571 568
f 568 571 582
f 571 574 582
f 582 574 584
f 574 576 584
f 584 576 586
f 576 609 586
f 586 609 588
f 609 608 588
f 588 608 590
f 608 561 590
f 590 561 1535
f 621 1116 622
f 623 792 624
f 625 626 627
f 628 630 629
f 629 630 1116
f 803 631 632
f 631 633 632
f 632 633 634
f 792 563 624
f 563 581 624
f 624 581 635
f 636 627 637
f 627 626 637
f 637 626 638
f 1116 630 622
f 622 630 639
f 630 628 639
f 640 641 642
f 643 644 645
f 646 647 643
f 647 648 643
f 643 648 644
f 644 648 649
f 803 650 631
f 650 651 631
f 631 651 652
f 651 653 652
f 652 653 654
f 653 655 654
f 654 655 656
f 655 657 656
f 656 657 645
f 658 633 659
f 645 644 656
f 644 649 656
f 656 649 654
f 649 660 654
f 654 660 652
f 660 659 652
f 652 659 631
f 659 633 631
f 648 661 649
f 661 662 649
f 649 662 660
f 660 662 659
f 662 663 659
f 659 663 658
f 664 665 666
f 665 667 666
f 666 667 807
f 668 669 1501
f 669 670 1501
f 671 672 664
f 672 673 664
f 664 673 665
f 666 674 664
f 674 675 664
f 664 675 671
f 675 676 671
f 671 676 677
f 678 679 680
f 642 641 681
f 641 682 681
f 681 682 677
f 682 683 677
f 677 683 671
f 683 684 671
f 671 684 672
f 685 686 1501
f 668 1501 686
f 1501 687 685
f 685 687 688
f 689 690 691
f 690 692 691
f 691 692 700
f 693 694 646
f 700 695 691
f 691 695 694
f 695 696 694
f 694 696 646
f 679 689 680
f 689 691 680
f 680 691 697
f 691 694 697
f 697 694 698
f 694 693 698
f 698 693 699
f 620 700 692
f 687 620 688
f 620 692 688
f 688 692 685
f 692 690 685
f 685 690 686
f 690 689 686
f 686 689 668
f 689 679 668
f 668 679 669
f 679 678 669
f 669 678 670
f 807 1501 666
f 1501 670 666
f 666 670 674
f 670 678 674
f 674 678 675
f 678 680 675
f 675 680 676
f 680 697 676
f 676 697 677
f 697 698 677
f 677 698 681
f 698 699 681
f 681 699 642
f 701 610 1535
f 704 705 706
f 705 707 706
f 706 707 708
f 709 807 667
f 701 710 610
f 710 711 610
f 610 711 612
f 711 712 612
f 612 712 613
f 581 580 635
f 580 619 635
f 635 619 713
f 619 618 713
f 713 618 714
f 618 617 714
f 714 617 715
f 617 616 715
f 715 616 716
f 616 615 716
f 716 615 717
f 615 614 717
f 717 614 712
f 712 614 613
f 702 704 703
f 704 706 703
f 703 706 718
f 706 719 718
f 718 719 720
f 719 721 720
f 720 721 722
f 721 723 722
f 722 723 724
f 723 725 724
f 724 725 726
f 725 727 726
f 726 727 728
f 727 729 728
f 728 729 730
f 729 731 730
f 730 731 732
f 731 733 732
f 732 733 734
f 733 735 734
f 734 735 636
f 735 736 636
f 636 736 627
f 736 737 627
f 627 737 625
f 638 623 637
f 623 624 637
f 637 624 636
f 624 635 636
f 636 635 734
f 635 713 734
f 734 713 732
f 713 714 732
f 732 714 730
f 714 715 730
f 730 715 728
f 715 716 728
f 728 716 726
f 716 717 726
f 726 717 724
f 717 712 724
f 724 712 722
f 712 711 722
f 722 711 720
f 711 710 720
f 720 710 718
f 710 701 718
f 718 701 703
f 701 1535 703
f 703 1535 702
f 646 643 693
f 693 643 699
f 643 645 699
f 699 645 642
f 645 657 642
f 642 657 640
f 657 655 640
f 640 655 639
f 655 653 639
f 639 653 622
f 653 651 622
f 622 651 621
f 651 650 621
f 708 709 706
f 709 667 706
f 706 667 719
f 667 665 719
f 719 665 721
f 665 673 721
f 721 673 723
f 673 672 723
f 723 672 725
f 672 684 725
f 725 684 727
f 684 683 727
f 727 683 729
f 683 682 729
f 729 682 731
f 682 641 731
f 731 641 733
f 641 640 733
f 733 640 735
f 640 639 735
f 735 639 736
f 639 628 736
f 736 628 737
f 628 629 737
f 737 629 625
f 738 739 740
f 740 739 741
f 742 743 744
f 745 746 747
f 746 634 747
f 747 634 633
f 748 662 749
f 662 661 749
f 749 661 750
f 633 658 747
f 747 658 751
f 658 663 751
f 751 663 748
f 663 662 748
f 752 753 754
f 753 755 754
f 754 755 756
f 755 757 756
f 756 757 758
f 758 757 761
f 757 762 761
f 761 762 763
f 762 764 763
f 763 764 765
f 764 766 765
f 765 766 767
f 766 768 767
f 767 768 741
f 768 769 741
f 741 769 740
f 760 759 770
f 753 742 755
f 742 744 755
f 755 744 757
f 744 771 757
f 757 771 762
f 771 772 762
f 762 772 764
f 772 773 764
f 764 773 766
f 773 774 766
f 766 774 768
f 774 775 768
f 768 775 769
f 775 776 769
f 620 687 700
f 777 646 696
f 777 696 778
f 696 695 778
f 778 695 687
f 695 700 687
f 778 687 777
f 661 648 750
f 750 648 779
f 648 647 779
f 779 647 777
f 647 646 777
f 760 738 740
f 740 769 760
f 769 776 760
f 687 759 760
f 739 780 741
f 780 781 741
f 741 781 767
f 781 782 767
f 767 782 765
f 782 783 765
f 765 783 763
f 783 784 763
f 763 784 761
f 743 745 744
f 745 747 744
f 744 747 771
f 747 751 771
f 771 751 772
f 751 748 772
f 772 748 773
f 748 749 773
f 773 749 774
f 749 750 774
f 774 750 775
f 750 779 775
f 775 779 776
f 779 777 776
f 776 777 760
f 777 687 760
f 792 785 786
f 785 787 786
f 786 787 788
f 787 789 788
f 790 791 792
f 791 785 792
f 1116 793 794
f 793 795 794
f 794 795 796
f 795 797 796
f 803 798 799
f 798 800 799
f 799 800 801
f 800 802 801
f 1131 1247 803
f 1247 798 803
f 704 702 705
f 705 702 707
f 702 804 707
f 804 805 707
f 707 805 708
f 805 806 708
f 708 806 709
f 806 807 709
f 807 1523 1501
f 1545 808 809
f 831 810 811
f 813 814 815
f 814 816 815
f 815 816 812
f 816 1629 812
f 817 818 819
f 818 820 819
f 819 820 821
f 815 822 813
f 822 823 813
f 813 823 824
f 823 817 824
f 824 817 1634
f 817 819 1634
f 825 826 821
f 821 826 827
f 827 826 810
f 826 828 810
f 810 828 811
f 829 830 811
f 830 831 811
f 832 833 834
f 832 834 835
f 829 833 830
f 830 833 836
f 833 832 836
f 834 837 835
f 837 838 835
f 835 838 1626
f 838 839 1626
f 840 841 842
f 838 843 839
f 843 842 839
f 839 842 841
f 1862 844 845
f 844 846 845
f 842 847 840
f 847 845 840
f 840 845 846
f 1862 848 844
f 844 848 1627
f 1627 848 849
f 848 850 849
f 849 850 851
f 850 852 851
f 851 852 853
f 809 808 854
f 853 1547 851
f 854 808 855
f 808 856 855
f 855 856 853
f 856 1547 853
f 1550 858 857
f 857 858 859
f 858 860 859
f 859 860 861
f 860 862 861
f 861 862 863
f 862 864 863
f 863 864 809
f 864 1545 809
f 865 866 867
f 866 868 867
f 867 1551 865
f 865 1551 869
f 1551 870 869
f 869 870 857
f 870 1550 857
f 788 789 871
f 789 1542 871
f 866 872 868
f 872 871 868
f 868 871 1542
f 877 812 1629
f 873 874 1868
f 1868 875 873
f 873 875 876
f 875 877 876
f 876 877 1629
f 1868 874 878
f 874 879 878
f 879 880 878
f 878 880 881
f 880 882 881
f 881 882 883
f 884 885 886
f 884 886 887
f 883 882 886
f 882 887 886
f 884 888 885
f 888 889 885
f 885 889 890
f 889 891 890
f 890 891 892
f 891 893 892
f 892 893 894
f 893 1646 894
f 894 1646 895
f 896 897 895
f 895 897 894
f 895 898 896
f 898 899 896
f 896 899 900
f 899 1648 900
f 900 1648 901
f 1648 902 901
f 901 902 903
f 902 904 903
f 903 904 905
f 905 904 906
f 904 907 906
f 906 907 908
f 907 909 908
f 908 909 910
f 909 1650 910
f 1650 911 910
f 910 911 912
f 911 913 912
f 912 913 914
f 913 1649 914
f 1649 915 914
f 914 915 916
f 915 917 916
f 916 917 918
f 917 1923 918
f 1923 919 918
f 918 919 920
f 919 1924 920
f 920 1924 921
f 1924 922 921
f 921 922 923
f 922 924 923
f 923 924 925
f 924 926 925
f 927 928 929
f 924 1926 926
f 926 1926 930
f 1926 929 930
f 929 928 930
f 929 1925 927
f 1925 931 927
f 927 931 932
f 931 933 932
f 932 933 790
f 933 791 790
f 877 934 1
f 1866 877 1
f 935 936 937
f 938 954 939
f 940 941 942
f 941 943 942
f 943 944 942
f 942 944 1865
f 944 945 1865
f 942 946 940
f 946 947 940
f 940 947 948
f 947 949 948
f 948 949 950
f 949 951 950
f 950 951 952
f 951 953 952
f 952 953 938
f 953 954 938
f 935 937 939
f 937 955 939
f 955 956 939
f 956 957 939
f 939 957 938
f 958 959 960
f 960 959 936
f 959 961 936
f 936 961 937
f 962 963 964
f 960 965 958
f 965 966 958
f 958 966 967
f 966 962 967
f 967 962 968
f 962 964 968
f 969 970 971
f 970 972 971
f 971 972 973
f 972 964 973
f 964 963 973
f 971 976 969
f 976 977 969
f 969 977 975
f 977 978 975
f 975 978 974
f 978 979 974
f 980 1877 981
f 982 983 984
f 987 988 989
f 990 991 992
f 991 993 992
f 992 993 979
f 1865 994 942
f 994 995 942
f 953 951 996
f 951 949 996
f 996 949 997
f 949 947 997
f 997 947 998
f 947 946 998
f 998 946 995
f 946 942 995
f 996 999 953
f 999 1000 953
f 953 1000 954
f 939 954 1000
f 1000 1001 939
f 1001 1002 939
f 939 1002 935
f 935 1002 936
f 1002 1003 936
f 936 1003 960
f 1003 1004 960
f 960 1004 965
f 965 1004 966
f 1004 1005 966
f 966 1005 962
f 1006 973 1005
f 973 963 1005
f 1005 963 962
f 1007 971 1006
f 971 973 1006
f 979 978 992
f 978 977 992
f 992 977 1007
f 977 976 1007
f 1007 976 971
f 1008 1009 1010
f 1009 1008 1877
f 1011 1012 1013
f 1012 1014 1013
f 1013 1014 1015
f 1016 1017 1018
f 1010 1014 1008
f 1014 1012 1008
f 1008 1012 1877
f 1012 1011 1877
f 1877 1011 1016
f 1016 1018 1019
f 1017 1016 1020
f 1016 1011 1020
f 1020 1011 1021
f 1011 1013 1021
f 1021 1013 1022
f 1013 1015 1022
f 1022 1015 1023
f 994 982 995
f 982 984 995
f 995 984 998
f 984 1024 998
f 998 1024 997
f 1024 1025 997
f 997 1025 996
f 1025 1026 996
f 996 1026 999
f 1027 1028 1029
f 1027 1029 1030
f 1029 1031 1030
f 1030 1031 1032
f 1033 1031 1034
f 1031 1029 1034
f 1034 1029 1035
f 1029 1028 1035
f 1035 1028 1036
f 1027 1037 1028
f 1037 1038 1028
f 1028 1038 987
f 989 990 987
f 990 992 987
f 987 992 1028
f 992 1007 1028
f 1028 1007 1036
f 1007 1006 1036
f 1036 1006 1035
f 1006 1005 1035
f 1035 1005 1034
f 1005 1004 1034
f 1034 1004 1033
f 1004 1003 1033
f 1033 1003 1039
f 1003 1002 1039
f 1039 1002 1040
f 1002 1001 1040
f 1040 1001 1041
f 1001 1000 1041
f 1041 1000 1042
f 1000 999 1042
f 1042 999 1043
f 999 1026 1043
f 1043 1026 1044
f 1026 1025 1044
f 1044 1025 1045
f 1025 1024 1045
f 1045 1024 981
f 1024 984 981
f 981 984 980
f 984 983 980
f 1877 1016 985
f 1016 1019 985
f 985 1019 986
f 1010 1032 1014
f 1032 1031 1014
f 1014 1031 1015
f 1031 1033 1015
f 1015 1033 1023
f 1033 1039 1023
f 1023 1039 1022
f 1039 1040 1022
f 1022 1040 1021
f 1040 1041 1021
f 1021 1041 1020
f 1041 1042 1020
f 1020 1042 1017
f 1042 1043 1017
f 1017 1043 1018
f 1043 1044 1018
f 1018 1044 1019
f 1044 1045 1019
f 1019 1045 986
f 1045 981 986
f 986 981 985
f 981 1877 985
f 562 1535 561
f 1169 1168 1188
f 1189 1165 1191
f 1165 1163 1191
f 1171 1190 1163
f 1190 1191 1163
f 1171 1170 1190
f 1190 1170 1192
f 1169 1188 1170
f 1188 1192 1170
f 1193 1194 1168
f 1168 1194 1188
f 1168 1167 1193
f 1167 1166 1193
f 1193 1166 1772
f 1166 1195 1772
f 1184 1183 1196
f 1184 1196 1185
f 1196 1197 1185
f 1166 1186 1195
f 1186 1185 1195
f 1195 1185 1197
f 1183 1766 1196
f 1180 1179 1198
f 1180 1198 1182
f 1182 1198 1183
f 1198 1766 1183
f 1099 1187 1100
f 1100 1187 1144
f 1187 1199 1144
f 1144 1199 1176
f 1199 1391 1176
f 1176 1391 1179
f 1179 1391 1198
f 1098 1200 1089
f 1200 1201 1089
f 1089 1201 1088
f 1201 1202 1088
f 1088 1202 1086
f 1202 1203 1086
f 1086 1203 1099
f 1203 1765 1099
f 1046 1404 1047
f 1404 1204 1047
f 1047 1204 1096
f 1204 1205 1096
f 1096 1205 1097
f 1205 1206 1097
f 1097 1206 1098
f 1206 1405 1098
f 1098 1405 1200
f 1404 1046 1207
f 1046 1062 1207
f 1207 1062 1397
f 1397 1062 1208
f 1062 1049 1208
f 1208 1049 1209
f 1049 1048 1209
f 1209 1048 1398
f 1048 1085 1398
f 1398 1085 1210
f 801 802 1403
f 1403 1211 801
f 801 1211 1083
f 1211 1210 1083
f 1083 1210 1084
f 1210 1085 1084
f 1172 1175 1212
f 1175 1213 1212
f 1165 1189 1173
f 1189 1214 1173
f 1173 1214 1174
f 1155 1154 1215
f 1215 1154 1217
f 1172 1212 1153
f 1212 1216 1153
f 1153 1216 1154
f 1216 1217 1154
f 1215 1218 1155
f 1218 1219 1155
f 1155 1219 1102
f 1219 1220 1102
f 1102 1220 1064
f 1220 1221 1064
f 1221 1222 1064
f 1064 1222 1065
f 1222 1223 1065
f 1065 1223 1103
f 1223 1224 1103
f 1103 1224 1104
f 1224 1225 1104
f 1104 1225 1119
f 1225 1226 1119
f 1119 1226 1120
f 1226 1227 1120
f 1227 1228 1120
f 1120 1228 1136
f 1228 1857 1136
f 1229 1139 1230
f 1139 1138 1230
f 1230 1138 1231
f 1138 1137 1231
f 1231 1137 1232
f 1137 1136 1232
f 1232 1136 1857
f 1106 1075 1229
f 1229 1075 1139
f 1229 1233 1106
f 1233 1234 1106
f 1106 1234 1090
f 1234 1796 1090
f 1090 1796 1077
f 1796 1235 1077
f 1077 1235 1078
f 1235 1236 1078
f 1078 1236 1107
f 1107 1236 1108
f 1236 1430 1108
f 1108 1430 1109
f 1430 1237 1109
f 1109 1237 1110
f 1237 1238 1110
f 1238 1239 1110
f 1110 1239 1111
f 1239 1240 1111
f 1111 1240 1112
f 1240 1241 1112
f 1241 1242 1112
f 1112 1242 1123
f 1242 1243 1123
f 1123 1243 1124
f 1243 1433 1124
f 1433 1244 1124
f 1124 1244 1127
f 1244 1437 1127
f 1127 1437 1126
f 1437 1245 1126
f 1126 1245 1125
f 1245 1246 1125
f 1247 1131 1246
f 1246 1131 1125
f 1991 1859 1248
f 1859 1249 1248
f 1249 1859 1250
f 1250 1859 1251
f 1859 1081 1251
f 1082 1252 1253
f 1082 1253 1057
f 1859 1991 1082
f 1082 1991 1252
f 1253 1986 1057
f 1986 1254 1057
f 1057 1254 1058
f 1254 1255 1058
f 1058 1255 1060
f 1257 1256 1070
f 1060 1255 1070
f 1255 1257 1070
f 1074 1073 1256
f 1073 1071 1256
f 1256 1071 1070
f 1258 1117 1259
f 1117 1074 1259
f 1259 1074 1985
f 1074 1256 1985
f 1258 1260 1117
f 1117 1260 1159
f 1260 1261 1159
f 1159 1261 1160
f 1261 1993 1160
f 1993 1262 1160
f 1160 1262 1161
f 1262 1263 1161
f 1161 1263 1162
f 1263 1264 1162
f 1264 1265 1162
f 1162 1265 1164
f 1265 1266 1164
f 1164 1266 1181
f 1266 1267 1181
f 1181 1267 1177
f 1177 1267 1178
f 1267 1268 1178
f 1178 1268 1156
f 1268 1983 1156
f 1156 1983 1157
f 1983 1269 1157
f 1157 1269 1158
f 1269 1270 1158
f 1158 1270 1145
f 1270 1146 1145
f 1270 1982 1146
f 1146 1982 1382
f 1146 1382 1132
f 1382 1271 1132
f 1132 1271 1133
f 1271 1272 1133
f 1272 1273 1133
f 1133 1273 1134
f 1273 1274 1134
f 1134 1274 1101
f 1274 1381 1101
f 1381 1275 1101
f 1101 1275 1087
f 1275 1385 1087
f 1087 1385 1116
f 1277 1278 1276
f 1276 1278 1458
f 1279 1280 1281
f 1280 1282 1281
f 1281 1282 1283
f 1282 1284 1283
f 1285 1286 1287
f 1286 1288 1287
f 1285 1289 1283
f 1285 1283 1286
f 1286 1283 1290
f 1283 1284 1290
f 1291 1292 1277
f 1292 1278 1277
f 1536 1279 1276
f 1276 1279 1277
f 1279 1281 1277
f 1277 1281 1291
f 1289 1293 1283
f 1283 1293 1281
f 1293 1294 1281
f 1281 1294 1291
f 791 1296 785
f 1296 1295 785
f 785 1295 787
f 1925 1297 1296
f 791 1925 1296
f 1298 1314 1299
f 1300 1542 789
f 1542 1300 1299
f 1299 1300 1298
f 1300 1301 1298
f 1298 1301 1302
f 789 787 1300
f 787 1295 1300
f 1300 1295 1301
f 1295 1296 1301
f 1301 1296 1302
f 1296 1297 1302
f 1302 1297 1303
f 1297 1304 1303
f 1303 1304 1305
f 1304 1306 1305
f 1305 1306 1288
f 1306 1307 1288
f 1288 1307 1287
f 1290 1308 1286
f 1308 1309 1286
f 1286 1309 1288
f 1309 1310 1288
f 1288 1310 1305
f 1310 1311 1305
f 1305 1311 1303
f 1311 1312 1303
f 1303 1312 1302
f 1312 1313 1302
f 1302 1313 1298
f 1313 1314 1298
f 1803 1944 1330
f 1318 1319 1327
f 1318 1320 1319
f 1319 1320 1321
f 1322 1327 1323
f 1327 1319 1323
f 1323 1319 1324
f 1319 1321 1324
f 1325 1318 1326
f 1326 1318 1327
f 1325 1326 1328
f 1330 1329 1335
f 1316 1334 1333
f 1336 1338 1337
f 1338 1336 1339
f 1336 1334 1339
f 1339 1334 1340
f 1334 1335 1332
f 1341 1334 1316
f 1320 1318 1337
f 1337 1318 1334
f 1318 1330 1334
f 1330 1335 1334
f 1329 1317 1335
f 1344 1345 1329
f 1346 1315 1330
f 1318 1803 1330
f 1944 1343 1330
f 1330 1343 1346
f 1343 1342 1346
f 1331 1333 1332
f 1333 1334 1332
f 1334 1336 1337
f 1337 1347 1320
f 1347 1348 1320
f 1320 1348 1321
f 1344 1329 1330
f 1327 1322 1326
f 1349 1350 1351
f 1352 1353 1354
f 1328 1326 1355
f 1326 1322 1355
f 1355 1322 1356
f 1322 1323 1356
f 1356 1323 1357
f 1358 1359 1360
f 1359 1361 1360
f 1358 1357 1359
f 1359 1357 1324
f 1357 1323 1324
f 1362 1363 1352
f 1363 1364 1352
f 1352 1364 1353
f 1364 1365 1353
f 1325 1328 1354
f 1354 1328 1352
f 1328 1355 1352
f 1352 1355 1362
f 1358 1378 1357
f 1378 1366 1357
f 1357 1366 1356
f 1366 1367 1356
f 1356 1367 1355
f 1367 1368 1355
f 1355 1368 1362
f 793 1116 1369
f 1351 1350 1371
f 1350 1372 1371
f 1316 1373 1341
f 1316 797 1373
f 797 795 1373
f 1373 795 1374
f 795 793 1374
f 1374 793 1370
f 793 1369 1370
f 1385 1371 1370
f 1371 1372 1370
f 1370 1372 1376
f 1372 1375 1376
f 1349 1337 1338
f 1349 1338 1350
f 1338 1339 1350
f 1350 1339 1372
f 1339 1340 1372
f 1372 1340 1375
f 1340 1334 1375
f 1369 1385 1370
f 1370 1376 1374
f 1374 1376 1373
f 1376 1375 1373
f 1373 1375 1341
f 1375 1334 1341
f 1351 1377 1349
f 1349 1377 1361
f 1377 1383 1361
f 1361 1383 1360
f 1324 1321 1359
f 1321 1348 1359
f 1359 1348 1361
f 1348 1347 1361
f 1361 1347 1349
f 1347 1337 1349
f 1384 1992 1365
f 1379 1368 1367
f 1379 1367 1378
f 1367 1366 1378
f 1368 1379 1362
f 1379 1380 1362
f 1362 1380 1363
f 1384 1365 1380
f 1365 1364 1380
f 1380 1364 1363
f 1383 1384 1358
f 1358 1384 1378
f 1378 1384 1379
f 1379 1384 1380
f 1381 1274 1272
f 1272 1271 1382
f 1382 1992 1272
f 1381 1272 1992
f 1116 1385 1369
f 1381 1385 1275
f 1377 1351 1383
f 1383 1351 1385
f 1351 1371 1385
f 1358 1360 1383
f 1385 1384 1383
f 1274 1273 1272
f 1992 1384 1381
f 1384 1385 1381
f 1205 1204 1405
f 1391 1764 1992
f 1390 1992 1764
f 1394 1392 1393
f 1394 1393 1388
f 1395 1396 1390
f 1390 1396 1450
f 1388 1764 1394
f 1403 802 1399
f 1401 1402 1403
f 1403 1402 1386
f 1764 1397 1398
f 1398 1397 1209
f 1397 1208 1209
f 1394 1764 1400
f 1405 1765 1200
f 1200 1765 1201
f 1404 1207 1397
f 1405 1206 1205
f 1210 1211 1398
f 1211 1403 1398
f 1398 1403 1764
f 1764 1403 1400
f 1403 1386 1400
f 1386 1387 1400
f 1400 1387 1394
f 1389 1395 1388
f 1395 1390 1388
f 1390 1764 1388
f 1764 1405 1397
f 1397 1405 1404
f 1405 1204 1404
f 1407 1415 1442
f 1408 1409 1392
f 1410 1393 1409
f 1409 1393 1392
f 1396 1395 1411
f 1395 1389 1411
f 1411 1389 1410
f 1389 1388 1410
f 1410 1388 1393
f 1408 1412 1409
f 1412 1413 1409
f 1409 1413 1410
f 1414 1415 1407
f 1450 1396 1442
f 1442 1396 1407
f 1396 1411 1407
f 1407 1411 1414
f 1413 1416 1410
f 1416 1417 1410
f 1410 1417 1411
f 1417 1438 1411
f 1411 1438 1414
f 798 1247 1418
f 1419 1420 1421
f 1399 802 1422
f 802 800 1422
f 1422 800 1423
f 800 798 1423
f 1423 798 1421
f 798 1418 1421
f 1420 1419 1406
f 1424 1402 1425
f 1425 1402 1419
f 1402 1401 1419
f 1419 1401 1406
f 1401 1403 1406
f 1418 1434 1421
f 1421 1420 1423
f 1423 1420 1422
f 1420 1406 1422
f 1422 1406 1399
f 1406 1403 1399
f 1434 1426 1421
f 1421 1426 1419
f 1419 1426 1425
f 1426 1427 1425
f 1425 1427 1424
f 1427 1428 1424
f 1424 1428 1408
f 1428 1435 1408
f 1408 1435 1412
f 1392 1394 1408
f 1394 1387 1408
f 1408 1387 1424
f 1387 1386 1424
f 1424 1386 1402
f 1429 1442 1438
f 1412 1435 1413
f 1435 1431 1413
f 1413 1431 1416
f 1431 1432 1416
f 1416 1432 1417
f 1417 1432 1438
f 1438 1415 1414
f 1438 1442 1415
f 1243 1241 1433
f 1241 1240 1429
f 1240 1239 1429
f 1429 1239 1238
f 1243 1242 1241
f 1430 1238 1237
f 1430 1429 1238
f 1429 1430 1796
f 1418 1247 1434
f 1435 1428 1436
f 1428 1427 1436
f 1436 1427 1434
f 1427 1426 1434
f 1246 1245 1437
f 1437 1429 1434
f 1435 1429 1438
f 1438 1432 1435
f 1432 1431 1435
f 1435 1436 1434
f 1434 1247 1437
f 1437 1247 1246
f 1435 1434 1429
f 1241 1429 1433
f 1429 1437 1433
f 1437 1244 1433
f 1439 1440 1442
f 1442 1440 1441
f 759 1442 1441
f 759 1534 1442
f 759 1441 1443
f 1443 1441 1444
f 1441 1440 1444
f 1445 1446 1447
f 1450 1992 1390
f 1992 1451 1365
f 1365 1451 1452
f 1451 1453 1452
f 1452 1453 1455
f 1453 1454 1455
f 1454 1456 1455
f 1455 1456 1325
f 1325 1456 1804
f 1456 1457 1804
f 1804 1457 1458
f 1457 1459 1458
f 1458 1459 1460
f 1460 1449 1536
f 1449 1448 1536
f 1450 1461 1992
f 1992 1461 1451
f 1534 1462 1463
f 1462 1464 1463
f 1463 1464 1465
f 1464 1466 1465
f 1465 1466 1467
f 1466 1468 1467
f 1467 1468 1469
f 1468 1470 1469
f 1469 1470 1471
f 1470 1472 1471
f 1471 1472 1473
f 1472 1474 1473
f 1473 1474 1475
f 1446 1476 1447
f 1476 1477 1447
f 1447 1477 1478
f 1477 1479 1478
f 1478 1479 1480
f 1479 1481 1480
f 1480 1481 1482
f 1481 1483 1482
f 1482 1483 1484
f 1483 1475 1484
f 1484 1475 1485
f 1475 1474 1485
f 1486 1448 1487
f 1448 1449 1487
f 1487 1449 1488
f 1449 1460 1488
f 1488 1460 1489
f 1460 1459 1489
f 1489 1459 1490
f 1459 1457 1490
f 1490 1457 1491
f 1457 1456 1491
f 1491 1456 1492
f 1456 1454 1492
f 1492 1454 1493
f 1454 1453 1493
f 1493 1453 1494
f 1453 1451 1494
f 1494 1451 1461
f 1476 1486 1477
f 1486 1487 1477
f 1477 1487 1479
f 1487 1488 1479
f 1479 1488 1481
f 1488 1489 1481
f 1481 1489 1483
f 1489 1490 1483
f 1483 1490 1475
f 1490 1491 1475
f 1475 1491 1473
f 1491 1492 1473
f 1473 1492 1471
f 1492 1493 1471
f 1471 1493 1469
f 1493 1494 1469
f 1469 1494 1467
f 1494 1461 1467
f 1467 1461 1465
f 1465 1461 1463
f 1461 1450 1463
f 1463 1450 1534
f 1534 1450 1442
f 1495 1496 807
f 807 806 1495
f 1495 806 1497
f 806 805 1497
f 805 804 1497
f 1497 804 1498
f 804 702 1498
f 1498 702 1499
f 702 1535 1499
f 1499 1535 1500
f 687 1501 759
f 1523 807 1502
f 1502 807 1496
f 1503 1504 1505
f 1504 1506 1505
f 1505 1506 1507
f 1506 1508 1507
f 1507 1508 1509
f 1508 1510 1509
f 1509 1510 1511
f 1510 1512 1511
f 1511 1512 1513
f 1512 1514 1513
f 1513 1514 1515
f 1514 1516 1515
f 1515 1516 1517
f 1516 1518 1517
f 1517 1518 1519
f 1518 1520 1519
f 1519 1520 1521
f 1520 1522 1521
f 1521 1522 1523
f 1522 1524 1523
f 1523 1524 1525
f 1524 1526 1525
f 1525 1526 1527
f 1526 1528 1527
f 1527 1528 1529
f 1528 1530 1529
f 1529 1530 1531
f 1530 1532 1531
f 1531 1532 1533
f 1532 1534 1533
f 1503 1505 1535
f 1535 1505 1500
f 1505 1507 1500
f 1507 1509 1500
f 1500 1509 1499
f 1509 1511 1499
f 1499 1511 1498
f 1511 1513 1498
f 1498 1513 1497
f 1513 1515 1497
f 1497 1515 1495
f 1515 1517 1495
f 1495 1517 1496
f 1517 1519 1496
f 1496 1519 1502
f 1519 1521 1502
f 1502 1521 1523
f 1523 1525 1501
f 1525 1527 1501
f 1527 1529 1501
f 1529 1531 1501
f 1531 1533 1501
f 1501 1533 759
f 1533 1534 759
f 1504 1445 1506
f 1445 1447 1506
f 1506 1447 1508
f 1447 1478 1508
f 1508 1478 1510
f 1478 1480 1510
f 1510 1480 1512
f 1480 1482 1512
f 1512 1482 1514
f 1482 1484 1514
f 1514 1484 1516
f 1484 1485 1516
f 1516 1485 1518
f 1485 1474 1518
f 1518 1474 1520
f 1474 1472 1520
f 1520 1472 1522
f 1472 1470 1522
f 1522 1470 1524
f 1470 1468 1524
f 1524 1468 1526
f 1468 1466 1526
f 1526 1466 1528
f 1466 1464 1528
f 1528 1464 1530
f 1464 1462 1530
f 1530 1462 1532
f 1462 1534 1532
f 1535 562 1541
f 1446 1445 1537
f 1445 1504 1537
f 1537 1504 1540
f 1504 1503 1540
f 1540 1503 1535
f 1537 1540 1446
f 1540 1538 1446
f 1446 1538 1476
f 1538 1539 1476
f 1536 1448 1539
f 1448 1486 1539
f 1539 1486 1476
f 1540 1536 1538
f 1538 1536 1539
f 1535 1541 1540
f 1540 1541 1536
f 1541 1920 1536
f 1550 870 1551
f 808 1545 1624
f 862 860 1546
f 808 1624 856
f 1310 1309 1548
f 1309 1308 1548
f 1548 1308 1290
f 1624 1543 1544
f 1543 1549 1544
f 1282 1280 1549
f 1536 1544 1279
f 1544 1549 1279
f 1549 1280 1279
f 1548 1290 1543
f 1290 1284 1543
f 1543 1284 1549
f 1549 1284 1282
f 1551 1542 1543
f 867 868 1551
f 868 1542 1551
f 856 1624 1547
f 1624 1545 1546
f 1546 1545 862
f 1545 864 862
f 1299 1314 1542
f 1542 1314 1543
f 1314 1313 1543
f 1313 1312 1543
f 1312 1311 1543
f 1551 1543 1550
f 1550 1543 1624
f 1543 1311 1548
f 1548 1311 1310
f 1624 1546 1550
f 1550 1546 858
f 1546 860 858
f 1920 1624 1536
f 1536 1624 1544
f 832 835 1626
f 839 841 1626
f 1626 841 846
f 841 840 846
f 846 844 1627
f 1627 849 851
f 814 813 1628
f 813 824 1628
f 1629 816 1628
f 1634 819 821
f 836 1630 830
f 1630 831 830
f 1631 810 1632
f 810 831 1632
f 1633 1634 1635
f 1634 827 1635
f 1635 827 1631
f 1631 827 810
f 831 1630 1632
f 1632 1630 1631
f 1630 1636 1631
f 1631 1636 1635
f 816 814 1628
f 1628 824 1634
f 1637 1638 1629
f 821 827 1634
f 1634 1633 1628
f 1633 1625 1628
f 1628 1625 1629
f 836 832 1630
f 832 1626 1630
f 1630 1626 1636
f 1626 1639 1636
f 1636 1639 1635
f 1639 1626 1635
f 1635 1626 1633
f 1626 1625 1633
f 1625 1805 1629
f 1629 1805 1637
f 1805 1625 1626
f 1626 846 1624
f 1624 846 1627
f 1624 1627 1547
f 1627 851 1547
f 1947 1640 1805
f 1640 1641 1805
f 1642 873 876
f 1805 1641 1637
f 1641 1642 1637
f 1637 1642 1638
f 1642 876 1638
f 1638 876 1629
f 874 873 1643
f 873 1642 1643
f 1643 1642 1644
f 1642 1641 1644
f 1644 1641 1640
f 904 902 1648
f 909 907 1650
f 913 911 1649
f 1947 1651 1640
f 898 895 1646
f 888 884 1652
f 884 887 1652
f 1652 887 879
f 880 879 882
f 879 887 882
f 879 1651 1652
f 911 1650 1649
f 1650 1922 1923
f 1650 1648 1922
f 874 1647 879
f 879 1647 1651
f 1652 1653 888
f 888 1653 889
f 1653 891 889
f 1644 1647 1643
f 1647 874 1643
f 1644 1640 1647
f 1640 1651 1647
f 1651 1645 1652
f 1652 1645 1653
f 1645 1646 1653
f 1653 1646 891
f 1646 893 891
f 907 904 1650
f 904 1648 1650
f 1922 1648 1645
f 1645 1648 1646
f 1646 1648 898
f 1648 899 898
f 1541 1665 1995
f 1655 988 987
f 1656 1665 1655
f 1657 1658 1659
f 1658 1660 1659
f 1659 1660 1661
f 1660 1662 1661
f 1661 1662 1663
f 1662 1664 1663
f 1663 1664 1665
f 1666 1667 1654
f 1667 1668 1654
f 1666 1009 1667
f 1009 1877 1667
f 1667 1877 1668
f 1877 1806 1668
f 1030 1032 1666
f 1032 1010 1666
f 1666 1010 1009
f 1655 987 1656
f 987 1038 1656
f 1656 1038 1669
f 1038 1037 1669
f 1669 1037 1666
f 1037 1027 1666
f 1666 1027 1030
f 1665 1656 1663
f 1656 1669 1663
f 1663 1669 1661
f 1669 1666 1661
f 1661 1666 1659
f 1666 1654 1659
f 1659 1654 1657
f 1654 1668 1657
f 1673 1674 1675
f 1135 1076 1676
f 1677 1678 1676
f 1135 1676 1679
f 1679 1676 1680
f 1676 1678 1680
f 1681 1682 1683
f 1676 1684 1677
f 1684 1683 1677
f 1677 1683 1685
f 1683 1682 1685
f 1686 1687 1673
f 1687 1688 1673
f 1673 1688 1674
f 1683 1689 1681
f 1689 1687 1681
f 1681 1687 1690
f 1687 1686 1690
f 1691 1692 1675
f 1692 1693 1675
f 1693 1694 1675
f 1694 1695 1675
f 1675 1695 1673
f 1691 1696 1692
f 1696 1697 1692
f 1692 1697 1698
f 1697 1699 1698
f 1698 1699 1700
f 1699 1701 1700
f 1701 1699 1702
f 1699 1703 1702
f 1702 1703 1704
f 1703 1705 1704
f 1705 1706 1704
f 1704 1706 1707
f 1707 1706 1708
f 1706 1709 1708
f 1708 1709 1710
f 1714 1672 1711
f 1672 1712 1711
f 1709 1713 1710
f 1713 1711 1710
f 1710 1711 1712
f 1672 1714 1671
f 1712 1672 1671
f 1838 1679 1716
f 1716 1680 1717
f 1680 1678 1717
f 1717 1678 1718
f 1718 1678 1719
f 1678 1677 1719
f 1719 1677 1720
f 1720 1685 1721
f 1685 1682 1721
f 1721 1682 1722
f 1722 1682 1723
f 1682 1681 1723
f 1723 1681 1724
f 1690 1686 1725
f 1725 1686 1726
f 1686 1673 1726
f 1726 1673 1727
f 1673 1695 1727
f 1695 1694 1727
f 1727 1694 1728
f 1694 1729 1728
f 1707 1715 1704
f 1704 1715 1702
f 1715 1730 1702
f 1702 1730 1701
f 1694 1693 1729
f 1693 1692 1729
f 1729 1692 1731
f 1692 1698 1731
f 1698 1700 1732
f 1732 1700 1701
f 1707 1708 1733
f 1708 1710 1733
f 1733 1710 1712
f 1733 1712 1671
f 1715 1707 1734
f 1707 1733 1734
f 1734 1733 1735
f 1733 1671 1735
f 1715 1734 1730
f 1734 1736 1730
f 1730 1736 1737
f 1731 1732 1737
f 1732 1701 1737
f 1737 1701 1730
f 1737 1738 1731
f 1738 1739 1731
f 1731 1739 1729
f 1739 1740 1729
f 1729 1740 1728
f 1740 1727 1728
f 1740 1741 1727
f 1741 1742 1727
f 1727 1742 1726
f 1742 1743 1726
f 1726 1743 1725
f 1725 1743 1724
f 1743 1744 1724
f 1724 1744 1723
f 1723 1744 1722
f 1744 1745 1722
f 1722 1745 1721
f 1745 1746 1721
f 1721 1746 1720
f 1746 1747 1720
f 1720 1747 1719
f 1719 1747 1718
f 1747 1748 1718
f 1718 1748 1717
f 1748 1749 1717
f 1717 1749 1716
f 1749 1838 1716
f 1750 1752 1751
f 1751 1753 1750
f 1753 1754 1755
f 1756 1755 1754
f 1442 1757 1439
f 1757 1758 1439
f 1439 1759 1440
f 1759 1756 1440
f 1756 1754 1440
f 1440 1754 1444
f 1754 1753 1444
f 1753 1751 1444
f 1444 1751 1443
f 1751 1752 1443
f 1443 1752 759
f 1762 1763 1760
f 1197 1196 1766
f 1187 1391 1199
f 1391 1766 1198
f 1187 1765 1391
f 1201 1765 1202
f 1202 1765 1203
f 1765 1405 1764
f 1767 1189 1768
f 1189 1191 1768
f 1769 1191 1770
f 1191 1190 1770
f 1190 1192 1770
f 1770 1192 1771
f 1768 1191 1769
f 1772 1195 1197
f 1194 1193 1772
f 1197 1766 1391
f 1774 1775 1773
f 1775 1776 1773
f 1776 1777 1773
f 1760 1761 1762
f 1761 1778 1762
f 1762 1778 1768
f 1778 1779 1768
f 1768 1779 1767
f 1780 1776 1781
f 1776 1775 1781
f 1781 1775 1782
f 1775 1774 1782
f 1782 1774 1783
f 1774 1773 1783
f 1783 1773 1771
f 1771 1773 1770
f 1770 1773 1769
f 1773 1777 1769
f 1769 1777 1768
f 1768 1777 1762
f 1777 1776 1762
f 1762 1776 1763
f 1776 1780 1763
f 1780 1391 1763
f 1765 1764 1391
f 1192 1188 1771
f 1188 1194 1771
f 1194 1772 1771
f 1771 1772 1783
f 1783 1772 1782
f 1782 1772 1781
f 1781 1772 1780
f 1772 1197 1780
f 1197 1391 1780
f 1213 1214 1784
f 1214 1189 1784
f 1785 1786 1787
f 1786 1788 1787
f 1788 1761 1787
f 1761 1760 1787
f 1785 1787 343
f 1787 1760 343
f 1189 1767 1784
f 1767 1779 1784
f 1784 1779 1788
f 1779 1778 1788
f 1788 1778 1761
f 1212 1213 1789
f 1213 1784 1789
f 1789 1784 1790
f 1784 1788 1790
f 1790 1788 1791
f 1788 1786 1791
f 1231 1232 1857
f 1233 1796 1234
f 1236 1235 1796
f 1792 1793 1801
f 1219 1218 1794
f 1224 1223 1795
f 1796 1442 1429
f 1786 1785 1791
f 1227 1226 1225
f 1219 1794 1220
f 1220 1794 1221
f 1221 1794 1797
f 1794 1218 1797
f 1223 1222 1795
f 1222 1221 1795
f 1221 1797 1795
f 1795 1797 1792
f 1797 1798 1792
f 1792 1798 1793
f 1215 1217 1799
f 1799 1217 1789
f 1217 1216 1789
f 1789 1216 1212
f 1236 1796 1430
f 1233 1229 1800
f 1231 1857 1230
f 1227 1857 1228
f 1233 1800 1796
f 1229 1230 1800
f 1230 1857 1800
f 1218 1215 1797
f 1215 1799 1797
f 1797 1799 1798
f 1799 1802 1798
f 1798 1802 1793
f 1802 1801 1793
f 1789 1790 1799
f 1790 1791 1799
f 1799 1791 1802
f 1791 1785 1802
f 1802 1785 1801
f 1442 1796 1800
f 1857 1227 1801
f 1801 1227 1792
f 1792 1227 1795
f 1227 1225 1795
f 1795 1225 1224
f 1947 1645 1651
f 1922 1645 1804
f 1804 1645 1803
f 1624 1920 1626
f 1803 1645 1947
f 1805 285 1947
f 1626 1920 1805
f 283 1808 1809
f 1806 274 1807
f 1807 274 1810
f 274 273 1810
f 1810 273 1809
f 273 284 1809
f 1809 284 283
f 1876 1806 1811
f 1657 1668 1812
f 1806 1813 1811
f 1813 1814 1811
f 1811 1814 1815
f 1814 1816 1815
f 1815 1816 1817
f 1816 1818 1817
f 1664 1662 1819
f 1662 1818 1819
f 1819 1818 1820
f 1818 1816 1820
f 277 1822 279
f 1822 1823 279
f 283 282 1808
f 282 281 1808
f 1808 281 1823
f 281 280 1823
f 1823 280 279
f 1821 1665 1819
f 1819 1665 1664
f 1812 1668 1876
f 1662 1660 1818
f 1660 1658 1818
f 1818 1658 1817
f 1658 1657 1817
f 1817 1657 1815
f 1657 1812 1815
f 1815 1812 1811
f 1812 1876 1811
f 1806 1807 1813
f 1807 1810 1813
f 1813 1810 1814
f 1810 1809 1814
f 1814 1809 1816
f 1809 1808 1816
f 1816 1808 1820
f 1808 1823 1820
f 1820 1823 1819
f 1823 1822 1819
f 1819 1822 1821
f 1822 277 1821
f 1655 1665 988
f 1665 1670 988
f 1824 256 258
f 1741 1740 1827
f 1828 1745 1744
f 1743 1742 1829
f 1742 1830 1829
f 1829 1830 1831
f 1832 1748 1747
f 1748 1832 1749
f 1833 1834 1828
f 1834 1746 1828
f 1828 1746 1745
f 1835 1836 1830
f 1831 1837 1826
f 1831 1830 1837
f 1830 1836 1837
f 1837 1836 250
f 1826 1838 1833
f 1838 1832 1833
f 1833 1832 1834
f 1832 1747 1834
f 1834 1747 1746
f 1749 1832 1838
f 250 1825 265
f 265 1825 266
f 1825 1839 266
f 266 1839 267
f 1840 1841 1842
f 1841 1824 1842
f 1826 1837 250
f 250 1836 1825
f 1825 1836 1839
f 1836 1835 1839
f 1839 1835 1843
f 1835 1844 1843
f 1843 1844 1845
f 1844 1846 1845
f 1845 1846 1842
f 1846 1847 1842
f 1842 1847 1840
f 1850 1851 1847
f 1847 1851 1840
f 1671 1848 1735
f 1848 1849 1735
f 1735 1849 1734
f 1849 1852 1734
f 1734 1852 1736
f 1827 1740 1853
f 1740 1739 1853
f 1853 1739 1854
f 1739 1738 1854
f 1854 1738 1852
f 1738 1737 1852
f 1852 1737 1736
f 1826 1833 1831
f 1833 1828 1831
f 1831 1828 1829
f 1828 1744 1829
f 1829 1744 1743
f 1824 258 1842
f 258 259 1842
f 1842 259 1845
f 259 263 1845
f 1845 263 1843
f 263 262 1843
f 1843 262 1839
f 262 268 1839
f 1839 268 267
f 1848 1850 1849
f 1850 1847 1849
f 1849 1847 1852
f 1847 1846 1852
f 1852 1846 1854
f 1846 1844 1854
f 1854 1844 1853
f 1844 1835 1853
f 1853 1835 1827
f 1835 1830 1827
f 1827 1830 1741
f 1830 1742 1741
f 1750 1753 1755
f 1752 1750 391
f 1750 1755 391
f 1855 1757 1442
f 1757 1856 1758
f 1758 1856 1759
f 1756 1759 1856
f 1855 1442 343
f 1756 1856 1755
f 1856 1855 1755
f 1755 1855 391
f 391 1855 343
f 1855 1856 1757
f 1785 343 1801
f 1857 1801 343
f 1442 1800 343
f 1947 1858 1976
f 1857 343 1800
f 1858 1760 1984
f 1760 1763 1984
f 1984 1763 1391
f 1760 1858 343
f 974 1541 975
f 1541 607 975
f 975 607 969
f 607 606 969
f 969 606 970
f 606 605 970
f 970 605 972
f 605 964 972
f 964 605 968
f 605 604 968
f 968 604 967
f 604 602 967
f 967 602 958
f 602 600 958
f 958 600 959
f 959 600 961
f 600 598 961
f 961 598 937
f 598 597 937
f 937 597 955
f 597 595 955
f 955 595 956
f 956 595 957
f 595 593 957
f 957 593 938
f 938 593 952
f 593 592 952
f 952 592 950
f 950 592 948
f 592 577 948
f 948 577 940
f 940 577 941
f 577 575 941
f 941 575 943
f 575 573 943
f 943 573 944
f 573 572 944
f 944 572 945
f 238 152 157
f 1671 1714 1752
f 1121 1872 1105
f 1872 1871 1105
f 1105 1871 1063
f 1871 1118 1063
f 1868 878 1053
f 883 1053 881
f 1053 878 881
f 1868 1053 1867
f 1867 1053 1051
f 877 875 1868
f 818 817 1860
f 817 823 1860
f 1860 823 822
f 822 815 1860
f 815 812 1860
f 1860 812 877
f 829 811 1861
f 811 828 1861
f 828 826 1861
f 826 825 1861
f 1861 825 820
f 833 829 1869
f 1864 1862 1863
f 1863 1862 845
f 845 847 1863
f 847 842 1863
f 1863 842 843
f 843 838 1863
f 838 837 1863
f 1863 837 834
f 852 1095 853
f 852 850 1095
f 850 848 1095
f 1095 848 1862
f 1865 945 1864
f 1864 945 1862
f 1862 945 1095
f 1859 1868 1867
f 1864 1863 1869
f 1863 834 1869
f 1869 834 833
f 1865 1864 1869
f 1861 1869 829
f 1865 1869 1866
f 1869 1861 1860
f 1860 1861 818
f 1861 820 818
f 1860 1866 1869
f 1061 1072 1870
f 1118 1871 1870
f 1871 1872 1838
f 1872 1121 1122
f 1122 1838 1872
f 1868 1859 877
f 877 1859 934
f 934 1859 1838
f 1859 1871 1838
f 1871 1859 1870
f 1059 1061 1859
f 1061 1870 1859
f 877 1866 1860
f 1826 250 1838
f 983 982 1865
f 982 994 1865
f 1806 1876 1668
f 1877 980 1865
f 1865 980 983
f 1877 1865 1866
f 1 1877 1866
f 1 1806 1877
f 535 534 441
f 441 534 417
f 525 521 436
f 436 437 525
f 525 437 526
f 437 527 526
f 437 425 527
f 425 438 527
f 527 438 528
f 438 530 528
f 438 426 530
f 426 439 530
f 530 439 531
f 531 439 532
f 532 439 435
f 435 420 532
f 532 420 533
f 533 420 534
f 420 418 534
f 534 418 417
f 440 430 536
f 535 441 536
f 441 440 536
f 432 538 430
f 538 537 430
f 430 537 536
f 404 429 1878
f 1878 540 404
f 540 539 404
f 404 539 433
f 539 538 433
f 433 538 432
f 451 450 1879
f 1900 1882 1883
f 1884 1885 1886
f 1888 1889 1887
f 451 1879 1888
f 1879 1890 1888
f 1888 1890 1880
f 458 1888 463
f 466 1895 1891
f 462 463 1895
f 463 1888 1895
f 398 1897 399
f 399 1897 400
f 481 479 478
f 380 1893 381
f 1893 447 481
f 478 1893 481
f 1897 398 1893
f 398 397 1893
f 397 381 1893
f 1881 374 1896
f 1896 374 372
f 1898 1899 1883
f 1900 1883 1901
f 1883 1899 1901
f 1882 1903 1902
f 1885 1904 1886
f 1904 1905 1886
f 1886 1905 1903
f 1898 1883 1882
f 1882 1895 1903
f 1903 1895 1886
f 1895 1887 1886
f 1886 1887 1884
f 1888 1887 1895
f 1900 1895 1882
f 478 1897 1893
f 1893 380 1894
f 1894 380 364
f 483 1893 484
f 1893 1894 484
f 484 1894 444
f 448 470 1892
f 1892 470 1891
f 1891 470 469
f 1896 375 400
f 400 1897 1896
f 1895 478 1892
f 478 475 1892
f 1892 1891 1895
f 478 1895 1897
f 1895 1900 1897
f 1900 1896 1897
f 1906 1907 1908
f 1906 1908 541
f 541 1908 543
f 1908 1909 543
f 543 1909 544
f 1909 1910 544
f 544 1910 545
f 546 1911 547
f 1911 1912 547
f 547 1912 548
f 1912 1913 548
f 552 551 1914
f 551 550 1914
f 1914 550 1915
f 550 549 1915
f 554 1916 555
f 1916 1917 555
f 560 558 1918
f 558 557 1918
f 1918 557 1917
f 557 556 1917
f 1917 556 555
f 521 560 523
f 560 1918 523
f 523 1918 522
f 1918 1879 522
f 522 1879 450
f 1904 1915 1913
f 1915 549 1913
f 1913 549 548
f 1911 1902 1912
f 1902 1903 1912
f 1912 1903 1913
f 1903 1905 1913
f 1913 1905 1904
f 1898 1882 1911
f 1911 1882 1902
f 546 545 1911
f 545 1910 1911
f 1911 1910 1898
f 1910 1909 1898
f 1898 1909 1899
f 1909 1908 1899
f 1899 1908 1901
f 1907 1919 1908
f 1908 1919 1901
f 1919 1900 1901
f 1888 1880 1917
f 1917 1880 1918
f 1880 1890 1918
f 1918 1890 1879
f 1888 1917 1889
f 1917 1916 1889
f 1889 1916 1887
f 1884 1887 1916
f 554 552 1916
f 552 1914 1916
f 1916 1914 1884
f 1914 1915 1884
f 1884 1915 1885
f 1915 1904 1885
f 1920 1541 1995
f 924 922 1924
f 1287 1307 1285
f 1294 1293 1289
f 1294 1289 1307
f 1921 1458 1292
f 1458 1278 1292
f 1649 1923 915
f 915 1923 917
f 1649 1650 1923
f 1925 791 933
f 1925 929 1926
f 933 931 1925
f 1307 1306 1925
f 1306 1304 1925
f 1289 1285 1307
f 1304 1297 1925
f 1925 1926 1924
f 1924 1926 924
f 919 1923 1924
f 1291 1294 1292
f 1292 1294 1921
f 1294 1307 1921
f 1921 1307 1922
f 1307 1925 1922
f 1922 1925 1923
f 1925 1924 1923
f 1316 1333 1079
f 1329 1345 1130
f 1143 1142 1927
f 1251 1081 1928
f 1081 1080 1928
f 1928 1080 1929
f 1080 1069 1929
f 1052 1934 1068
f 1934 1930 1068
f 1068 1930 1069
f 1930 1959 1069
f 1069 1959 1929
f 1050 1931 1052
f 1931 1932 1052
f 1932 1933 1052
f 1933 1934 1052
f 1050 1056 1931
f 1931 1056 1935
f 1056 1936 1935
f 1056 1054 1936
f 1936 1055 1937
f 1055 1938 1937
f 1951 1092 1939
f 1055 1093 1938
f 1093 1092 1938
f 1938 1092 1951
f 1113 1152 1940
f 1113 1940 1114
f 1940 1952 1114
f 1092 1091 1939
f 1091 1114 1939
f 1939 1114 1952
f 1143 1927 1152
f 1927 1941 1152
f 1152 1941 1940
f 1142 1141 1953
f 1142 1953 1927
f 1151 1150 1942
f 1151 1942 1140
f 1942 1943 1140
f 1140 1943 1141
f 1943 1953 1141
f 1130 1345 1128
f 1345 1344 1128
f 1128 1344 1129
f 1344 1330 1129
f 1330 1315 1129
f 1129 1315 1147
f 1315 1346 1147
f 1147 1346 1148
f 1346 1342 1148
f 1148 1342 1149
f 1342 1343 1149
f 1149 1343 1150
f 1150 1343 1942
f 1332 1115 1331
f 1115 1067 1331
f 1331 1067 1333
f 1067 1066 1333
f 1333 1066 1079
f 1332 1335 1115
f 1115 1335 1094
f 1335 1317 1094
f 1094 1317 1130
f 1317 1329 1130
f 1079 796 1316
f 1316 796 797
f 1936 1937 1945
f 1953 1943 1942
f 1949 1947 1948
f 1947 1946 1948
f 1944 1803 1947
f 1949 1950 1951
f 1951 1950 1938
f 1951 1939 1952
f 1952 1940 1941
f 1941 1927 1953
f 1942 1343 1953
f 1952 1944 1951
f 1952 1953 1944
f 1944 1953 1343
f 1928 1966 1954
f 1959 1930 1955
f 1930 1934 1955
f 1955 1934 1956
f 1251 1957 1958
f 1957 1251 1960
f 1251 1928 1960
f 1928 1954 1960
f 1960 1954 1957
f 1954 1966 1957
f 1966 1928 1929
f 1957 1959 1961
f 1962 1935 1936
f 1934 1933 1956
f 1956 1933 1963
f 1933 1932 1963
f 1963 1932 1962
f 1932 1931 1962
f 1962 1931 1935
f 1936 1945 1962
f 1945 1964 1962
f 1962 1964 1963
f 1964 1965 1963
f 1963 1965 1956
f 1965 1961 1956
f 1956 1961 1955
f 1961 1959 1955
f 1959 1957 1966
f 1929 1959 1966
f 1947 1967 1946
f 1946 1967 1968
f 1969 1957 1970
f 1957 1961 1970
f 1970 1961 1971
f 1961 1965 1971
f 1971 1965 1972
f 1965 1964 1972
f 1972 1964 1949
f 1964 1945 1949
f 1949 1945 1950
f 1945 1937 1950
f 1950 1937 1938
f 1968 1969 1946
f 1969 1970 1946
f 1946 1970 1948
f 1970 1971 1948
f 1948 1971 1973
f 1971 1972 1973
f 1973 1972 1949
f 1944 1949 1951
f 1947 1949 1944
f 1948 1973 1949
f 1952 1941 1953
f 1249 1958 1974
f 1958 1957 1974
f 1974 1957 1975
f 1249 1250 1958
f 1958 1250 1251
f 1947 1976 1967
f 1957 1969 1975
f 1975 1969 1977
f 1969 1968 1977
f 1977 1968 1978
f 1968 1967 1978
f 1967 1976 1978
f 1248 1249 1974
f 1991 1248 1979
f 1248 1974 1979
f 1979 1974 1980
f 1974 1975 1980
f 1978 1976 1981
f 1981 1976 1858
f 1975 1977 1980
f 1977 1978 1980
f 1980 1978 1858
f 1978 1981 1858
f 1269 1983 1982
f 1269 1982 1270
f 1985 1858 1984
f 1994 1260 1258
f 1994 1258 1985
f 1985 1258 1259
f 1257 1985 1256
f 1257 1255 1986
f 1986 1255 1254
f 1253 1252 1989
f 1990 1989 1988
f 1980 1991 1979
f 1268 1984 1983
f 1267 1266 1984
f 1260 1994 1261
f 1994 1993 1261
f 1262 1993 1263
f 1263 1993 1264
f 1268 1267 1984
f 1994 1985 1984
f 1266 1265 1984
f 1265 1264 1984
f 1985 1257 1858
f 1858 1257 1988
f 1257 1986 1988
f 1253 1987 1986
f 1986 1987 1988
f 1988 1987 1990
f 1987 1253 1990
f 1990 1253 1989
f 1989 1252 1988
f 1988 1252 1991
f 1991 1980 1988
f 1988 1980 1858
f 1984 1993 1994
f 1993 1984 1264
f 1984 1992 1983
f 1983 1992 1982
f 1992 1382 1982
f 1076 752 1676
f 752 754 1676
f 1676 754 1684
f 754 756 1684
f 1684 756 1683
f 1683 756 1689
f 756 758 1689
f 1689 758 1687
f 782 781 1691
f 758 761 1687
f 761 784 1687
f 1687 784 1688
f 784 783 1688
f 1688 783 1674
f 783 782 1674
f 1674 782 1675
f 782 1691 1675
f 739 1699 780
f 1699 1697 780
f 780 1697 781
f 1697 1696 781
f 781 1696 1691
f 1713 1709 738
f 1709 1706 738
f 1706 1705 738
f 738 1705 739
f 1705 1703 739
f 739 1703 1699
f 1714 770 1752
f 770 759 1752
f 738 760 1713
f 760 770 1713
f 1713 770 1711
f 770 1714 1711
f 1805 1920 362
f 285 1805 362
f 1858 1947 285
f 1920 1821 362
f 1920 1995 1821
f 1995 1665 1821
f 1907 1906 336
f 336 1906 541
f 1881 1896 1997
f 1900 1919 336
f 1919 1907 336
f 391 393 1997
f 393 390 1997
f 1997 390 1881
f 1878 429 406
f 540 1878 348
f 1878 343 348
f 285 343 1858
f 391 343 406
f 391 406 392
f 392 406 396
f 1671 1752 391
f 1851 1850 1998
f 1998 1850 1671
f 1850 1848 1671
f 1851 1998 1840
f 1998 1999 1840
f 1840 1999 1841
f 261 257 1996
f 257 256 1996
f 1996 256 1999
f 256 1824 1999
f 1999 1824 1841
f 261 1996 260
f 1996 333 260
f 336 333 1900
f 333 1997 1900
f 1900 1997 1896
f 343 1878 406
f 1996 1999 333
f 1999 1998 333
f 1998 1671 333
f 333 1671 1997
f 1997 1671 391
f 167 23 2000
f 2000 23 333
f 169 42 2001
f 2001 42 2000
f 169 2001 249
f 249 2001 170
f 173 171 2001
f 2001 171 170
f 179 175 2001
f 175 174 2001
f 2001 174 173
f 179 2001 180
f 180 2001 181
f 183 182 2010
f 2010 182 2001
f 182 181 2001
f 190 184 2002
f 184 186 2002
f 2002 186 2010
f 186 187 2010
f 187 183 2010
f 193 192 2003
f 2003 192 2002
f 192 191 2002
f 2002 191 190
f 193 2003 194
f 2003 2004 194
f 194 2004 195
f 197 196 2004
f 2004 196 195
f 2005 199 2004
f 199 198 2004
f 2004 198 197
f 200 2005 201
f 202 201 2005
f 206 205 2005
f 2005 205 202
f 203 2005 207
f 2005 2006 207
f 207 2006 208
f 209 208 2006
f 211 210 2006
f 2006 210 209
f 2006 2007 212
f 212 2007 213
f 2007 218 213
f 213 218 214
f 217 216 218
f 216 215 218
f 218 215 214
f 219 218 332
f 220 332 221
f 225 222 332
f 222 221 332
f 225 332 224
f 228 227 2008
f 227 226 2008
f 2008 226 224
f 226 223 224
f 1553 1821 230
f 1553 230 2008
f 230 229 2008
f 2008 229 228
f 2434 2437 332
f 2009 2010 330
f 323 2000 320
f 2008 224 1553
f 224 332 1553
f 218 2007 332
f 2007 2006 332
f 332 2006 2434
f 2006 2005 2434
f 2005 2004 2434
f 2434 2004 2010
f 2004 2003 2010
f 2003 2002 2010
f 2010 2001 330
f 330 2001 323
f 2001 2000 323
f 2000 333 320
f 1553 332 2437
f 2434 2010 2009
f 542 335 541
f 335 336 541
f 542 553 335
f 553 559 335
f 335 559 337
f 559 524 337
f 337 524 350
f 524 529 350
f 529 540 350
f 350 540 348
f 358 292 291
f 302 337 294
f 337 350 294
f 294 350 291
f 350 349 291
f 291 349 358
f 2011 1560 1561
f 2014 2015 2016
f 2017 2014 2016
f 2018 2017 2016
f 2019 2018 2016
f 2020 2019 2021
f 1589 2020 2021
f 2023 2024 2025
f 2025 2022 2023
f 2026 2024 2027
f 2027 2024 2023
f 2027 2028 2026
f 2026 2028 2029
f 2030 2031 2032
f 2028 2032 2029
f 2029 2032 2031
f 2032 2033 2030
f 2030 2033 2034
f 2034 2033 2035
f 2035 2033 2012
f 2016 2036 2037
f 2036 2038 2037
f 2037 2038 2039
f 2038 2040 2039
f 2039 2040 2041
f 2040 2042 2041
f 2041 2042 2043
f 2042 2044 2043
f 2043 2044 2045
f 2044 2046 2045
f 2045 2046 2047
f 2046 2048 2047
f 2047 2048 2049
f 2048 2050 2049
f 2049 2050 2051
f 2050 2052 2051
f 2051 2052 2053
f 2019 2016 2021
f 2016 2037 2021
f 2021 2037 2054
f 2037 2039 2054
f 2054 2039 2055
f 2039 2041 2055
f 2055 2041 2056
f 2041 2043 2056
f 2056 2043 2057
f 2043 2045 2057
f 2057 2045 2058
f 2045 2047 2058
f 2058 2047 2059
f 2047 2049 2059
f 2059 2049 2060
f 2049 2051 2060
f 2060 2051 2061
f 2051 2053 2061
f 2061 2053 2062
f 2021 2063 1589
f 1589 2063 1590
f 2063 2064 1590
f 1590 2064 1591
f 2064 2065 1591
f 1591 2065 1592
f 2065 2066 1592
f 1592 2066 1593
f 2066 2067 1593
f 1593 2067 1567
f 2067 2068 1567
f 1567 2068 1566
f 2068 2069 1566
f 1566 2069 1564
f 2069 2070 1564
f 1564 2070 1563
f 2070 2071 1563
f 1563 2071 1561
f 2071 2072 1561
f 1561 2072 2011
f 2012 2013 2035
f 2013 2073 2035
f 2035 2073 2074
f 2016 2022 2036
f 2022 2025 2036
f 2036 2025 2038
f 2025 2024 2038
f 2038 2024 2040
f 2024 2026 2040
f 2040 2026 2042
f 2026 2029 2042
f 2042 2029 2044
f 2029 2031 2044
f 2044 2031 2046
f 2031 2030 2046
f 2046 2030 2048
f 2030 2034 2048
f 2048 2034 2050
f 2034 2035 2050
f 2050 2035 2052
f 2035 2074 2052
f 2052 2074 2053
f 2074 2075 2053
f 2053 2075 2062
f 2062 2075 2076
f 2021 2054 2063
f 2054 2055 2063
f 2063 2055 2064
f 2055 2056 2064
f 2064 2056 2065
f 2056 2057 2065
f 2065 2057 2066
f 2057 2058 2066
f 2066 2058 2067
f 2058 2059 2067
f 2067 2059 2068
f 2059 2060 2068
f 2068 2060 2069
f 2060 2061 2069
f 2069 2061 2070
f 2061 2062 2070
f 2070 2062 2071
f 2062 2076 2071
f 2071 2076 2072
f 2077 2078 2079
f 2080 2081 2082
f 2083 2084 2085
f 2084 2086 2085
f 2079 2078 2087
f 2078 1565 2087
f 2087 1565 362
f 2079 2088 2077
f 2088 2089 2077
f 2077 2089 2090
f 2090 2089 2091
f 2089 2092 2091
f 2091 2092 2084
f 2092 2093 2084
f 2084 2093 2086
f 1559 1565 2094
f 1565 2078 2094
f 2094 2078 2095
f 2078 2077 2095
f 2095 2077 2096
f 2077 2090 2096
f 2096 2090 2097
f 2090 2091 2097
f 2097 2091 2082
f 2091 2084 2082
f 2082 2084 2080
f 2084 2083 2080
f 1589 1559 2020
f 1559 2094 2020
f 2020 2094 2019
f 2094 2095 2019
f 2019 2095 2018
f 2095 2096 2018
f 2018 2096 2017
f 2096 2097 2017
f 2017 2097 2014
f 2097 2082 2014
f 2014 2082 2015
f 2082 2081 2015
f 2098 1556 2500
f 2099 2100 2101
f 2101 2102 2099
f 2102 2103 2099
f 2099 2103 2098
f 2103 1556 2098
f 2104 2105 2106
f 2106 2107 2104
f 2107 2108 2104
f 2104 2108 2100
f 2108 2109 2100
f 2100 2109 2101
f 2106 2105 2110
f 2110 2105 2111
f 2105 2112 2111
f 2113 2114 2115
f 2117 2116 2118
f 2119 2120 2121
f 2120 2122 2121
f 2012 2119 2013
f 2119 2121 2013
f 2013 2121 2073
f 2121 2123 2073
f 2073 2123 2074
f 1560 2011 2124
f 2124 2011 2125
f 2011 2072 2125
f 2072 2076 2125
f 2125 2076 2126
f 2076 2075 2126
f 2126 2075 2123
f 2123 2075 2074
f 2122 2118 2121
f 2118 2116 2121
f 2121 2116 2123
f 2116 2127 2123
f 2123 2127 2126
f 2127 2128 2126
f 2126 2128 2125
f 2128 2129 2125
f 2125 2129 2124
f 2129 2130 2124
f 2124 2130 1560
f 2130 2500 1560
f 2117 2113 2116
f 2113 2115 2116
f 2116 2115 2127
f 2115 2131 2127
f 2127 2131 2128
f 2131 2132 2128
f 2128 2132 2129
f 2132 2133 2129
f 2129 2133 2130
f 2133 2134 2130
f 2130 2134 2500
f 2114 2112 2115
f 2112 2105 2115
f 2115 2105 2131
f 2105 2104 2131
f 2131 2104 2132
f 2104 2100 2132
f 2132 2100 2133
f 2100 2099 2133
f 2133 2099 2134
f 2099 2098 2134
f 2134 2098 2500
f 2079 2087 2136
f 1599 2137 2138
f 2139 2140 2141
f 2140 2142 2141
f 2141 2142 2143
f 2143 2142 2144
f 2142 2145 2144
f 2144 2145 2146
f 2146 2145 2147
f 2145 2148 2147
f 2147 2148 2149
f 2149 2148 2150
f 2148 2151 2150
f 2150 2151 2152
f 2152 2151 2153
f 2151 2154 2153
f 2153 2154 2155
f 2155 2154 2156
f 2154 2157 2156
f 2156 2157 2158
f 2158 2157 2159
f 2157 2160 2159
f 2159 2160 2162
f 2160 2161 2162
f 2163 2164 2165
f 2166 2167 2168
f 2167 2166 2169
f 2170 2171 2172
f 1599 2138 1598
f 2138 2173 1598
f 1598 2173 1552
f 2173 2174 1552
f 2174 2175 1552
f 1552 2175 1553
f 2175 2176 1553
f 2176 2177 1553
f 1553 2177 1821
f 2177 2178 1821
f 2178 2136 1821
f 2136 2087 1821
f 1821 2087 362
f 2179 2088 2079
f 2088 2179 2089
f 2093 2092 2180
f 2092 2089 2180
f 2139 2085 2140
f 2085 2086 2140
f 2140 2086 2093
f 2093 2180 2140
f 2180 2181 2140
f 2140 2181 2142
f 2181 2182 2142
f 2142 2182 2145
f 2182 2183 2145
f 2145 2183 2148
f 2183 2184 2148
f 2148 2184 2151
f 2184 2185 2151
f 2151 2185 2154
f 2185 2186 2154
f 2154 2186 2157
f 2186 2163 2157
f 2157 2163 2160
f 2163 2165 2160
f 2160 2165 2161
f 2089 2135 2180
f 2135 2187 2180
f 2180 2187 2181
f 2187 2188 2181
f 2181 2188 2182
f 2188 2189 2182
f 2182 2189 2183
f 2189 2190 2183
f 2183 2190 2184
f 2190 2191 2184
f 2184 2191 2185
f 2191 2192 2185
f 2185 2192 2186
f 2192 2166 2186
f 2186 2166 2163
f 2166 2168 2163
f 2163 2168 2164
f 2089 2179 2135
f 2179 2193 2135
f 2135 2193 2187
f 2193 2194 2187
f 2187 2194 2188
f 2194 2195 2188
f 2188 2195 2189
f 2195 2196 2189
f 2189 2196 2190
f 2196 2197 2190
f 2190 2197 2191
f 2197 2198 2191
f 2191 2198 2192
f 2198 2172 2192
f 2192 2172 2166
f 2172 2171 2166
f 2166 2171 2169
f 2079 2136 2179
f 2136 2178 2179
f 2179 2178 2193
f 2178 2177 2193
f 2193 2177 2194
f 2177 2176 2194
f 2194 2176 2195
f 2176 2175 2195
f 2195 2175 2196
f 2175 2174 2196
f 2196 2174 2197
f 2174 2173 2197
f 2197 2173 2198
f 2173 2138 2198
f 2198 2138 2172
f 2138 2137 2172
f 2172 2137 2170
f 2263 2199 2200
f 2103 2102 2201
f 2106 2110 2202
f 2108 2107 2203
f 2108 2203 2109
f 2101 2109 2204
f 1556 2103 2205
f 2206 2203 2207
f 2207 2203 2202
f 2203 2107 2202
f 2202 2107 2106
f 2207 2208 2206
f 2206 2208 2209
f 2210 2211 2212
f 2211 2213 2212
f 2209 2208 2213
f 2214 2215 2216
f 2215 2211 2216
f 2216 2211 2210
f 2214 2217 2215
f 2215 2217 2218
f 2219 2220 2221
f 2220 2222 2221
f 2218 2217 2222
f 2219 2223 2220
f 2220 2223 2224
f 2223 2225 2224
f 2225 2226 2224
f 2224 2226 2227
f 2226 2228 2227
f 2228 2229 2230
f 2231 2232 2233
f 2232 2230 2233
f 2233 2230 2234
f 2230 2229 2234
f 2231 2235 2232
f 2232 2235 2236
f 2237 2238 2239
f 2235 2240 2236
f 2236 2240 2239
f 2239 2240 2237
f 2241 2242 2243
f 2242 2238 2243
f 2243 2238 2244
f 2238 2237 2244
f 2241 2245 2242
f 2245 2246 2242
f 2242 2246 2247
f 2251 2248 2249
f 2248 2250 2249
f 2247 2246 2250
f 2248 2251 2252
f 2253 2252 2254
f 2252 2251 2254
f 2255 2256 2257
f 2256 2258 2257
f 2258 2253 2254
f 2255 2259 2256
f 2256 2259 2260
f 2259 2261 2260
f 2261 2262 2260
f 2260 2262 2200
f 2262 2263 2200
f 2199 2264 2265
f 2266 2267 2268
f 2267 2265 2268
f 2268 2265 2264
f 2266 2269 2267
f 2267 2269 2270
f 2271 2272 2273
f 2269 2274 2270
f 2270 2274 2273
f 2273 2274 2271
f 2275 2276 2277
f 2276 2272 2277
f 2277 2272 2278
f 2272 2271 2278
f 2279 2280 2283
f 2280 2281 2283
f 2275 2282 2276
f 2276 2282 2281
f 2282 2283 2281
f 2103 2201 2205
f 2201 2284 2205
f 2205 2284 2285
f 2284 2286 2285
f 2285 2286 1594
f 2286 2287 1594
f 1594 2287 2288
f 2287 2289 2288
f 2288 2289 2290
f 2289 2291 2290
f 2290 2291 2292
f 2291 2293 2292
f 2292 2293 2294
f 2293 2295 2294
f 2294 2295 2296
f 2295 2297 2296
f 2296 2297 2298
f 2297 2299 2298
f 2298 2299 2300
f 2299 2301 2300
f 2300 2301 2302
f 2301 2303 2302
f 2302 2303 2304
f 2303 2305 2304
f 2304 2305 2306
f 2305 2307 2306
f 2306 2307 2308
f 2307 2309 2308
f 2308 2309 2310
f 2309 2311 2310
f 2310 2311 2312
f 2311 2313 2312
f 2312 2313 2314
f 2313 2315 2314
f 2314 2315 2316
f 2315 2317 2316
f 2316 2317 2318
f 2317 2319 2318
f 2318 2319 2320
f 2319 2321 2320
f 2320 2321 2322
f 2321 2323 2322
f 2322 2323 2324
f 2323 2325 2324
f 2324 2325 2326
f 2325 2327 2326
f 2326 2327 2328
f 2327 2329 2328
f 2328 2329 2330
f 2329 2331 2330
f 2330 2331 2332
f 2331 2333 2332
f 2332 2333 2334
f 2333 2335 2334
f 2334 2335 2336
f 2335 2337 2336
f 2336 2337 2338
f 2337 2339 2338
f 2338 2339 2340
f 2339 2341 2340
f 2340 2341 2342
f 2341 2343 2342
f 2342 2343 2344
f 2343 2345 2344
f 2344 2345 2346
f 2345 2347 2346
f 2346 2347 2348
f 2347 2349 2348
f 2348 2349 2350
f 2349 2351 2350
f 2350 2351 2352
f 2279 2162 2161
f 2279 2161 2280
f 2161 2165 2280
f 2280 2165 2164
f 2109 2203 2204
f 2203 2206 2204
f 2204 2206 2353
f 2206 2209 2353
f 2353 2209 2354
f 2209 2213 2354
f 2354 2213 2355
f 2213 2211 2355
f 2355 2211 2356
f 2211 2215 2356
f 2356 2215 2357
f 2215 2218 2357
f 2357 2218 2358
f 2218 2222 2358
f 2358 2222 2359
f 2222 2220 2359
f 2359 2220 2360
f 2220 2224 2360
f 2360 2224 2361
f 2224 2227 2361
f 2361 2227 2362
f 2227 2228 2362
f 2362 2228 2363
f 2228 2230 2363
f 2363 2230 2364
f 2230 2232 2364
f 2364 2232 2365
f 2232 2236 2365
f 2365 2236 2366
f 2236 2239 2366
f 2366 2239 2367
f 2239 2238 2367
f 2367 2238 2368
f 2238 2242 2368
f 2368 2242 2369
f 2242 2247 2369
f 2369 2247 2370
f 2247 2250 2370
f 2370 2250 2371
f 2250 2248 2371
f 2371 2248 2372
f 2248 2252 2372
f 2372 2252 2373
f 2252 2253 2373
f 2373 2253 2374
f 2253 2258 2374
f 2374 2258 2375
f 2258 2256 2375
f 2375 2256 2376
f 2256 2260 2376
f 2376 2260 2377
f 2260 2200 2377
f 2377 2200 2378
f 2200 2199 2378
f 2378 2199 2379
f 2199 2265 2379
f 2379 2265 2380
f 2265 2267 2380
f 2380 2267 2381
f 2267 2270 2381
f 2381 2270 2382
f 2270 2273 2382
f 2382 2273 2383
f 2273 2272 2383
f 2383 2272 2384
f 2272 2276 2384
f 2384 2276 2385
f 2276 2281 2385
f 2385 2281 2386
f 2281 2280 2386
f 2386 2280 2387
f 2280 2164 2387
f 2387 2164 2168
f 2101 2204 2388
f 2204 2353 2388
f 2388 2353 2389
f 2353 2354 2389
f 2389 2354 2390
f 2354 2355 2390
f 2390 2355 2391
f 2355 2356 2391
f 2391 2356 2392
f 2356 2357 2392
f 2392 2357 2393
f 2357 2358 2393
f 2393 2358 2394
f 2358 2359 2394
f 2394 2359 2395
f 2359 2360 2395
f 2395 2360 2396
f 2360 2361 2396
f 2396 2361 2397
f 2361 2362 2397
f 2397 2362 2398
f 2362 2363 2398
f 2398 2363 2399
f 2363 2364 2399
f 2399 2364 2400
f 2364 2365 2400
f 2400 2365 2401
f 2365 2366 2401
f 2401 2366 2402
f 2366 2367 2402
f 2402 2367 2403
f 2367 2368 2403
f 2403 2368 2404
f 2368 2369 2404
f 2404 2369 2405
f 2369 2370 2405
f 2405 2370 2406
f 2370 2371 2406
f 2406 2371 2407
f 2371 2372 2407
f 2407 2372 2408
f 2372 2373 2408
f 2408 2373 2409
f 2373 2374 2409
f 2409 2374 2410
f 2374 2375 2410
f 2410 2375 2411
f 2375 2376 2411
f 2411 2376 2412
f 2376 2377 2412
f 2412 2377 2413
f 2377 2378 2413
f 2413 2378 2414
f 2378 2379 2414
f 2414 2379 2415
f 2379 2380 2415
f 2415 2380 2416
f 2380 2381 2416
f 2416 2381 2417
f 2381 2382 2417
f 2417 2382 2418
f 2382 2383 2418
f 2418 2383 2419
f 2383 2384 2419
f 2419 2384 2420
f 2384 2385 2420
f 2420 2385 2421
f 2385 2386 2421
f 2421 2386 2422
f 2386 2387 2422
f 2422 2387 2423
f 2387 2168 2423
f 2423 2168 2167
f 2167 2351 2423
f 2351 2349 2423
f 2423 2349 2422
f 2349 2347 2422
f 2422 2347 2421
f 2347 2345 2421
f 2421 2345 2420
f 2345 2343 2420
f 2420 2343 2419
f 2343 2341 2419
f 2419 2341 2418
f 2341 2339 2418
f 2418 2339 2417
f 2339 2337 2417
f 2417 2337 2416
f 2337 2335 2416
f 2416 2335 2415
f 2335 2333 2415
f 2415 2333 2414
f 2333 2331 2414
f 2414 2331 2413
f 2331 2329 2413
f 2413 2329 2412
f 2329 2327 2412
f 2412 2327 2411
f 2327 2325 2411
f 2411 2325 2410
f 2325 2323 2410
f 2410 2323 2409
f 2323 2321 2409
f 2409 2321 2408
f 2321 2319 2408
f 2408 2319 2407
f 2319 2317 2407
f 2407 2317 2406
f 2317 2315 2406
f 2406 2315 2405
f 2315 2313 2405
f 2405 2313 2404
f 2313 2311 2404
f 2404 2311 2403
f 2311 2309 2403
f 2403 2309 2402
f 2309 2307 2402
f 2402 2307 2401
f 2307 2305 2401
f 2401 2305 2400
f 2305 2303 2400
f 2400 2303 2399
f 2303 2301 2399
f 2399 2301 2398
f 2301 2299 2398
f 2398 2299 2397
f 2299 2297 2397
f 2397 2297 2396
f 2297 2295 2396
f 2396 2295 2395
f 2295 2293 2395
f 2395 2293 2394
f 2293 2291 2394
f 2394 2291 2393
f 2291 2289 2393
f 2393 2289 2392
f 2289 2287 2392
f 2392 2287 2391
f 2287 2286 2391
f 2391 2286 2390
f 2286 2284 2390
f 2390 2284 2389
f 2284 2201 2389
f 2389 2201 2388
f 2201 2102 2388
f 2388 2102 2101
f 2167 2169 2351
f 2169 2171 2351
f 2351 2171 2352
f 2171 2170 2352
f 2352 2170 2137
f 2205 2285 1556
f 1556 2285 1557
f 2285 1594 1557
f 1594 2288 1595
f 2288 2290 1595
f 1595 2290 1572
f 2290 2292 1572
f 1572 2292 1570
f 2292 2294 1570
f 1570 2294 1573
f 2294 2296 1573
f 1573 2296 1574
f 2296 2298 1574
f 1574 2298 1576
f 2298 2300 1576
f 1576 2300 1578
f 2300 2302 1578
f 1578 2302 1580
f 2302 2304 1580
f 1580 2304 1588
f 2304 2306 1588
f 1588 2306 1587
f 2306 2308 1587
f 1587 2308 1586
f 2308 2310 1586
f 1586 2310 1585
f 2310 2312 1585
f 1585 2312 1583
f 2312 2314 1583
f 1583 2314 1558
f 2314 2316 1558
f 1558 2316 1555
f 2316 2318 1555
f 1555 2318 1623
f 2318 2320 1623
f 1623 2320 1622
f 2320 2322 1622
f 1622 2322 1621
f 2322 2324 1621
f 1621 2324 1619
f 2324 2326 1619
f 1619 2326 1618
f 2326 2328 1618
f 1618 2328 1616
f 2328 2330 1616
f 1616 2330 1615
f 2330 2332 1615
f 1615 2332 1614
f 2332 2334 1614
f 1614 2334 1612
f 2334 2336 1612
f 1612 2336 1610
f 2336 2338 1610
f 1610 2338 1609
f 2338 2340 1609
f 1609 2340 1607
f 2340 2342 1607
f 1607 2342 1606
f 2342 2344 1606
f 1606 2344 1605
f 2344 2346 1605
f 1605 2346 1604
f 2346 2348 1604
f 1604 2348 1602
f 2348 2350 1602
f 1602 2350 1601
f 2350 2352 1601
f 1601 2352 1600
f 2352 2137 1600
f 1600 2137 1599
f 2424 2425 2426
f 2425 2427 2426
f 2426 2427 285
f 285 286 2426
f 286 1562 2426
f 2426 1562 2424
f 2428 2429 2500
f 2431 2432 2433
f 303 2438 2439
f 2438 303 308
f 2441 331 2442
f 2435 324 2443
f 329 327 2444
f 2444 327 2445
f 327 326 2445
f 326 325 2445
f 331 329 2442
f 2442 329 2444
f 2440 331 2441
f 2436 2446 2447
f 2448 2443 322
f 2449 322 2450
f 2450 322 320
f 2448 322 2449
f 321 2452 2451
f 2453 296 297
f 321 320 2452
f 2452 320 296
f 297 298 2453
f 298 299 2453
f 2453 299 296
f 299 2454 296
f 296 2454 2452
f 2436 2435 2455
f 2435 2443 2455
f 2455 2443 2456
f 2443 2448 2456
f 2456 2448 2457
f 2448 2449 2457
f 2457 2449 2458
f 2449 2450 2458
f 2458 2450 2459
f 2450 2451 2459
f 2459 2451 2460
f 2451 2452 2460
f 2460 2452 2461
f 2452 2454 2461
f 2461 2454 2462
f 2454 2463 2462
f 2462 2463 2433
f 2450 320 2451
f 2451 320 321
f 2433 2432 2462
f 2432 2464 2462
f 2462 2464 2461
f 2464 2465 2461
f 2461 2465 2460
f 2465 2466 2460
f 2460 2466 2459
f 2466 2467 2459
f 2459 2467 2458
f 2467 2468 2458
f 2458 2468 2457
f 2468 2469 2457
f 2457 2469 2456
f 2469 2470 2456
f 2456 2470 2455
f 2470 2471 2455
f 2455 2471 2436
f 319 2472 2430
f 2472 2473 2430
f 2430 2473 2474
f 2473 2475 2474
f 2474 2475 2476
f 2475 2477 2476
f 2476 2477 2478
f 2477 2479 2478
f 2478 2479 2480
f 2479 2481 2480
f 2480 2481 2482
f 2483 2439 2482
f 2483 302 2439
f 2439 302 303
f 2482 2439 2480
f 2439 2438 2480
f 2480 2438 2478
f 2438 2484 2478
f 2478 2484 2476
f 317 2430 313
f 2430 2474 313
f 313 2474 314
f 310 311 2485
f 311 312 2485
f 2485 312 316
f 304 309 310
f 305 304 2484
f 308 307 2438
f 2438 307 2484
f 307 305 2484
f 304 310 2484
f 310 2485 2484
f 2484 2485 2476
f 2485 316 2476
f 2476 316 2474
f 316 314 2474
f 299 300 2454
f 300 301 2454
f 2454 301 2463
f 301 302 2463
f 2481 2431 2482
f 2431 2433 2482
f 2482 2433 2483
f 2433 2463 2483
f 2483 2463 302
f 2427 2425 2486
f 2487 2488 1582
f 2488 1584 1582
f 2488 2489 1584
f 2489 2490 1584
f 1580 2491 1579
f 2491 2492 1579
f 1579 2492 1577
f 2492 2493 1577
f 1571 2494 2495
f 1571 1569 2494
f 1569 1568 2494
f 2494 1568 2493
f 1568 1575 2493
f 2493 1575 1577
f 2496 1596 2495
f 1596 1597 2495
f 2495 1597 1571
f 2497 1557 2496
f 1557 1594 2496
f 2496 1594 1596
f 1556 2498 2500
f 2498 2499 2500
f 2498 1556 2497
f 2497 1556 1557
f 1562 1560 2501
f 2501 1560 2502
f 2502 1560 2503
f 1560 2500 2503
f 2503 2500 2429
f 2500 2499 2428
f 2428 2499 2504
f 2499 2498 2504
f 2504 2498 2505
f 2498 2497 2505
f 2505 2497 2506
f 2497 2496 2506
f 2506 2496 2507
f 2496 2495 2507
f 2507 2495 2508
f 2495 2494 2508
f 2508 2494 2509
f 2494 2493 2509
f 2509 2493 2510
f 2493 2492 2510
f 2510 2492 2511
f 2492 2491 2511
f 2511 2491 2512
f 2514 1603 2515
f 1603 1598 2515
f 1598 1552 2513
f 2516 2517 1608
f 2518 1613 2519
f 1613 1611 2519
f 2519 1611 2517
f 1611 1608 2517
f 2520 2521 1617
f 1617 1613 2520
f 2520 1613 2518
f 1608 1603 2516
f 2516 1603 2514
f 1580 2490 2491
f 2491 2490 2512
f 2490 2489 2512
f 2512 2489 2522
f 2489 2488 2522
f 2522 2488 2523
f 2488 2487 2523
f 2523 2487 2524
f 1582 1581 2487
f 1581 1554 2487
f 2487 1554 2524
f 1554 1620 2524
f 2524 1620 2525
f 2525 1620 2521
f 2521 1620 1617
f 317 318 2430
f 318 319 2430
f 2436 2471 2446
f 2446 2471 2526
f 2471 2470 2526
f 2526 2470 2527
f 2470 2469 2527
f 2527 2469 2528
f 2469 2468 2528
f 2528 2468 2529
f 2468 2467 2529
f 2529 2467 2530
f 2467 2466 2530
f 2530 2466 2531
f 2466 2465 2531
f 2531 2465 2532
f 2465 2464 2532
f 2532 2464 2533
f 2464 2432 2533
f 2533 2432 2534
f 2432 2431 2534
f 2534 2431 2535
f 2431 2481 2535
f 2535 2481 2536
f 2481 2479 2536
f 2536 2479 2537
f 2479 2477 2537
f 2537 2477 2538
f 2477 2475 2538
f 2538 2475 2539
f 2475 2473 2539
f 2539 2473 2486
f 2473 2472 2486
f 2486 2472 2427
f 2472 319 2427
f 2427 319 285
f 1553 2437 1552
f 1598 2437 2540
f 2540 2437 2541
f 2541 2437 2542
f 2437 2434 2542
f 2542 2434 2543
f 2543 2434 2544
f 2544 2434 2545
f 2434 2440 2545
f 2545 2440 2546
f 2440 2441 2546
f 2546 2441 2547
f 2441 2442 2547
f 2547 2442 2548
f 2442 2444 2548
f 2548 2444 2447
f 2444 2445 2447
f 2447 2445 2436
f 2445 325 2436
f 2436 325 2435
f 325 324 2435
f 324 323 2443
f 323 322 2443
f 2424 1562 2501
f 2425 2424 2486
f 2424 2501 2486
f 2486 2501 2539
f 2501 2502 2539
f 2539 2502 2538
f 2502 2503 2538
f 2538 2503 2537
f 2503 2429 2537
f 2537 2429 2536
f 2429 2428 2536
f 2536 2428 2535
f 2428 2504 2535
f 2535 2504 2534
f 2504 2505 2534
f 2534 2505 2533
f 2505 2506 2533
f 2533 2506 2532
f 2506 2507 2532
f 2532 2507 2531
f 2507 2508 2531
f 2531 2508 2530
f 2508 2509 2530
f 2530 2509 2529
f 2509 2510 2529
f 2529 2510 2528
f 2510 2511 2528
f 2528 2511 2527
f 2511 2512 2527
f 2527 2512 2526
f 2512 2522 2526
f 2526 2522 2446
f 2522 2523 2446
f 2446 2523 2447
f 2523 2524 2447
f 2447 2524 2548
f 2524 2525 2548
f 2548 2525 2547
f 2525 2521 2547
f 2547 2521 2546
f 2521 2520 2546
f 2546 2520 2545
f 2520 2518 2545
f 2545 2518 2544
f 2518 2519 2544
f 2544 2519 2543
f 2519 2517 2543
f 2543 2517 2542
f 2517 2516 2542
f 2542 2516 2541
f 2516 2514 2541
f 2541 2514 2540
f 2514 2515 2540
f 2540 2515 1598
f 1598 2513 2437
f 2437 2513 1552
f 520 452 2549
f 521 520 2550
f 520 2549 2550
f 2551 2552 495
f 495 497 2551
f 497 519 2551
f 2551 519 2553
f 519 506 2553
f 2553 506 2554
f 506 2555 2554
f 506 505 2555
f 505 503 2555
f 2555 503 2556
f 503 501 2556
f 2556 501 2557
f 501 499 2557
f 2557 499 2558
f 499 498 2558
f 2558 498 2559
f 498 512 2559
f 512 510 2559
f 2559 510 2560
f 510 508 2560
f 2560 508 2561
f 508 507 2561
f 2561 507 2562
f 507 515 2562
f 2562 515 2563
f 515 513 2563
f 2563 513 2564
f 513 493 2564
f 2564 493 2565
f 2565 493 2566
f 493 492 2566
f 2566 492 2567
f 516 521 2550
f 492 489 2567
f 489 517 2567
f 2567 517 2568
f 517 516 2568
f 2568 516 2550
f 1873 495 2552
f 1873 2552 1875
f 487 1874 2552
f 2549 452 453
f 2569 459 2570
f 459 464 2570
f 2570 464 2571
f 2549 453 2572
f 453 457 2572
f 2572 457 2573
f 457 456 2573
f 2573 456 2574
f 456 455 2574
f 2574 455 2569
f 455 454 2569
f 2569 454 459
f 464 461 2571
f 461 460 2571
f 2571 460 2575
f 460 468 2575
f 2575 468 2576
f 468 467 2576
f 2576 467 2577
f 467 465 2577
f 2577 465 2578
f 465 449 2578
f 449 474 2578
f 474 473 2578
f 2578 473 2579
f 473 471 2579
f 2579 471 2580
f 471 472 2580
f 2580 472 2581
f 446 2584 480
f 2584 2582 480
f 480 2582 477
f 2582 2581 477
f 477 2581 476
f 2581 472 476
f 2583 2584 446
f 443 2585 2586
f 446 445 2583
f 445 482 2583
f 2583 482 2587
f 482 486 2587
f 2587 486 2586
f 486 485 2586
f 2586 485 443
f 443 442 2585
f 442 487 2585
f 2585 487 2552
f 2162 2279 2588
f 2279 2283 2588
f 2588 2283 2589
f 2283 2282 2589
f 2590 2589 2274
f 2282 2275 2589
f 2275 2277 2589
f 2277 2278 2589
f 2278 2271 2589
f 2271 2274 2589
f 2274 2269 2590
f 2269 2266 2590
f 2590 2266 2591
f 2266 2268 2591
f 2268 2264 2591
f 2592 2591 2263
f 2263 2591 2199
f 2263 2262 2592
f 2262 2261 2592
f 2261 2259 2592
f 2592 2259 2595
f 2259 2255 2595
f 2255 2257 2595
f 2257 2258 2595
f 2258 2254 2595
f 2250 2246 2593
f 2593 2246 2594
f 2254 2251 2595
f 2595 2251 2593
f 2251 2249 2593
f 2249 2250 2593
f 2240 2235 2597
f 2245 2241 2594
f 2594 2241 2596
f 2241 2243 2596
f 2243 2244 2596
f 2244 2237 2596
f 2237 2240 2596
f 2596 2240 2597
f 2235 2231 2597
f 2231 2233 2597
f 2233 2234 2597
f 2234 2229 2597
f 2229 2228 2597
f 2228 2226 2597
f 2226 2225 2597
f 2225 2223 2597
f 2597 2223 2598
f 2598 2219 2599
f 2219 2221 2599
f 2599 2221 2222
f 2222 2217 2599
f 2217 2214 2599
f 2599 2214 2600
f 2214 2216 2600
f 2216 2210 2600
f 2210 2212 2600
f 2212 2213 2600
f 2213 2208 2600
f 2208 2207 2600
f 2600 2207 2607
f 2207 2202 2607
f 2202 2110 2607
f 2141 2601 2139
f 2139 2601 2085
f 2144 2601 2143
f 2143 2601 2141
f 2146 2147 2601
f 2146 2601 2144
f 2150 2601 2149
f 2149 2601 2147
f 2153 2601 2152
f 2152 2601 2150
f 2155 2156 2601
f 2155 2601 2153
f 2159 2601 2158
f 2158 2601 2156
f 2588 2601 2162
f 2162 2601 2159
f 2080 2083 2601
f 2601 2083 2085
f 2601 2602 2080
f 2080 2602 2081
f 2081 2602 2015
f 2603 2022 2602
f 2022 2016 2602
f 2602 2016 2015
f 2022 2603 2023
f 2023 2603 2027
f 2027 2603 2028
f 2603 2032 2028
f 2032 2603 2033
f 2012 2033 2603
f 2603 2605 2012
f 2012 2605 2119
f 2119 2605 2120
f 2605 2606 2120
f 2111 2604 2110
f 2604 2607 2110
f 2113 2608 2114
f 2114 2608 2112
f 2112 2608 2604
f 2122 2606 2118
f 2606 2608 2118
f 2118 2608 2117
