v 0.00183859 -0.0112608 0.0533013
v -0.00699888 -0.00460866 0.0523392
v -0.002304 -0.0062 0.052879
v 0.00249919 -0.00782701 0.05337
v -0.000640966 -0.00150811 0.0530532
v -0.00139892 0.010768 0.052978
v 0.00351454 0.00452798 0.0534531
v 0.002372 0.001177 0.053351
v 0.006873 0.0034 0.05372
v 0.000183098 0.00564796 0.0531408
v -0.00212 -0.001042 0.052899
v 0.005727 0.007844 0.053635
v 0.0038509 0.0115272 0.053482
v 0.00204394 0.00596723 0.053322
v 0.000167991 0.00965012 0.0531449
v -0.0107825 -0.00548254 0.0518199
v -0.00628671 -0.00328975 0.0524245
v -0.009686 -0.002193 0.051968
v 0.00032 -0.011569 0.052854
v 0.00361 -0.012666 0.053162
v 0.001417 -0.008307 0.052961
v -0.003857 -0.003076 0.052405
v -0.006999 -0.004609 0.052027
v -0.000641 -0.001508 0.052756
v 0.002499 -0.007827 0.053063
v 0.0010865 -0.0049845 0.052929
v -0.0039015 0.0095265 0.0523975
v -0.001324 0.011789 0.052684
v 0.000951 0.010966 0.052916
v -0.000187 0.011378 0.052802
v 0.006873 0.0034 0.05342
v -0.00212 -0.001042 0.052599
v 0.000183 0.005648 0.05284
v -0.00097 0.002298 0.052721
v 0.000168 0.00965 0.052838
v 0.003851 0.011527 0.053182
v 0.002044 0.005967 0.05302
v 0.005727 0.007844 0.053335
v -0.006287 -0.00329 0.052116
v -0.010783 -0.005483 0.051509
v -0.009686 -0.002193 0.051668
v 0.00529089 -0.0158704 0.0538163
v 0.0006635 -0.0163588 0.052883
v 0.0139617 -0.00923865 0.0543238
v 0.00838125 -0.0140381 0.0535165
v 0.0151617 -0.00602525 0.0538702
v 0.016416 -0.000743 0.0539185
v -0.000859158 0.0166107 0.053248
v 0.001516 0.016379 0.052971
v 0.0166555 0.000536638 0.0544267
v 0.0129994 0.0105544 0.0542809
v 0.0146527 0.00705625 0.053849
v 0.00590329 0.0154574 0.053854
v 0.00887925 0.0134639 0.053537
v -0.0151125 0.00625825 0.0507782
v -0.0162865 0.0048452 0.0510417
v -0.011904 0.011351 0.051337
v -0.012037 0.011192 0.051815
v -0.002159 0.016309 0.052595
v -0.00701675 0.0148445 0.0520227
v -0.00916009 0.0138407 0.05225
v -0.00798 -0.0143445 0.0518985
v -0.00612005 -0.0155683 0.0526563
v -0.01151 -0.01175 0.051399
v -0.0157804 -0.0047527 0.0511485
v -0.0132705 -0.00985646 0.0516205
v -0.0155959 -0.004538 0.0506836
v 0.0445839 -0.0305449 -0.0166154
v 0.0433322 -0.0322386 -0.0166246
v 0.0406458 -0.0322032 -0.016584
v 0.0401497 -0.028218 -0.0165017
v 0.0440543 -0.0283008 -0.0166021
v 0.040378 -0.027906 -0.0166005
v 0.0422778 -0.0274345 -0.0165001
v 0.0707697 -0.0472378 -0.0402941
v 0.046851 0.000673 0.053069
v 0.046855 -0.000463 0.053071
v 0.046858 0.000264 0.05307
v 0.0466635 0.0011705 0.0531012
v 0.0458918 0.00458 0.053224
v 0.04672 0.004603 0.053084
v 0.046765 0.003851 0.053076
v 0.046817 0.002634 0.053068
v 0.046651 0.005535 0.053098
v -0.0205463 -0.00910275 0.0500542
v 0.017162 0.021552 0.054441
v -0.0091475 -0.0202632 0.052238
v -0.006815 -0.021149 0.052549
v -0.004458 -0.021668 0.052834
v -0.001776 -0.021968 0.053135
v 0.00633 0.022028 0.05387
v 0.0191194 -0.0108901 0.0544868
v 0.01411 -0.021837 0.054326
v 0.00399625 -0.0220585 0.0536675
v -0.012038 0.018802 0.051814
v 0.001544 0.022065 0.053465
v -0.003979 0.021696 0.0528835
v -0.007672 0.020883 0.052441
v -0.00999 0.019939 0.052125
v -0.011682 0.018999 0.0518685
v -0.016168 -0.015528 0.051075
v -0.0137825 -0.017573 0.05152
v -0.0189745 -0.0119775 0.050451
v -0.017892 -0.013563 0.050707
v -0.016433 -0.015226 0.051018
v -0.020612 0.008952 0.050034
v -0.0144815 0.0170585 0.051398
v -0.012229 0.018695 0.051785
v -0.0173365 0.0141805 0.050821
v -0.018547 0.01262 0.050549
v -0.019389 0.011357 0.05035
v -0.020382 0.009426 0.050094
v -0.012275 -0.018652 0.0517775
v 0.041165 -0.0031625 0.053729
v 0.0331977 0.00966575 0.0543632
v 0.025139 -0.020292 0.054558
v 0.025144 0.020292 0.054558
v 0.0423499 -0.0149204 0.0536665
v 0.040273 0.016181 0.0538775
v 0.033 -0.0372 -0.0178
v 0.0409699 -0.0276495 -0.0170205
v 0.0398235 -0.0285573 -0.0165727
v 0.0394204 -0.0293027 -0.0168163
v 0.0394316 -0.0301814 -0.0172549
v 0.0395829 -0.030905 -0.0170374
v 0.0417819 -0.0326217 -0.0170322
v 0.0442989 -0.0313571 -0.0169902
v 0.0423045 -0.0273008 -0.0170408
v 0.037403 -0.038483 -0.017575
v 0.0397911 -0.0313807 -0.0172812
v 0.0351331 -0.0384432 -0.0176889
v 0.043142 -0.039503 -0.0173901
v 0.0410098 -0.0386554 -0.0174304
v 0.0447692 -0.0213541 -0.0167784
v 0.038361 -0.031573 -0.017366
v 0.0412641 -0.039534 -0.0168201
v 0.0461748 -0.042698 -0.0175211
v 0.0456257 -0.0415973 -0.0177743
v 0.0457171 -0.0371309 -0.0172993
v 0.0403736 -0.0392942 -0.0169121
v 0.0434212 -0.0404817 -0.0169172
v 0.0440509 -0.0404371 -0.0174022
v 0.0388282 -0.0386568 -0.0175001
v 0.0420667 -0.039627 -0.0171698
v 0.0415395 -0.0392088 -0.0172412
v 0.0398784 -0.0390484 -0.0172411
v 0.0715852 -0.0465671 -0.0401017
v 0.037376 -0.039189 -0.016992
v 0.0370288 -0.0392 -0.0168991
v 0.036002 -0.038564 -0.017638
v 0.037403 -0.038568 -0.017568
v 0.037402 -0.038697 -0.017544
v 0.036002 -0.038611 -0.017628
v 0.036002 -0.038572 -0.017636
v 0.035998 -0.03882 -0.017558
v 0.0371855 -0.0388882 -0.0174677
v 0.036 -0.038744 -0.017596
v 0.036 -0.038733 -0.017601
v 0.035995 -0.038928 -0.01749
v 0.0359723 -0.0388859 -0.0175267
v 0.035992 -0.038986 -0.01744
v 0.037392 -0.039022 -0.017338
v 0.035991 -0.039017 -0.017413
v 0.035986 -0.039078 -0.017327
v 0.037387 -0.039099 -0.017234
v 0.03598 -0.039144 -0.017201
v 0.0359937 -0.0391155 -0.0172745
v 0.035973 -0.039185 -0.01706
v 0.035973 -0.039184 -0.017071
v 0.0373394 -0.0391602 -0.0171078
v 0.03461 -0.0392 -0.017013
v 0.033258 -0.039194 -0.017177
v 0.03326 -0.039185 -0.017213
v 0.033266 -0.039153 -0.017337
v 0.033274 -0.039082 -0.01747
v 0.033267 -0.039149 -0.017344
v 0.033274 -0.039074 -0.017486
v 0.033279 -0.03899 -0.01758
v 0.033279 -0.038989 -0.017581
v 0.033281 -0.038965 -0.017608
v 0.033284 -0.038876 -0.017669
v 0.033284 -0.038875 -0.017669
v 0.033286 -0.038816 -0.017709
v 0.033288 -0.038751 -0.017733
v 0.033288 -0.03875 -0.017733
v 0.033289 -0.038662 -0.017766
v 0.03329 -0.038621 -0.01777
v 0.03329 -0.03862 -0.017771
v 0.031392 -0.039148 -0.017601
v 0.031386 -0.038998 -0.017747
v 0.03137 -0.038766 -0.017863
v 0.0313449 -0.0385905 -0.0178863
v 0.031376 -0.038844 -0.017833
v 0.031382 -0.038936 -0.017791
v 0.0313575 -0.0389401 -0.0177928
v 0.0313893 -0.0390903 -0.0176658
v 0.03139 -0.039079 -0.017679
v 0.031393 -0.039171 -0.017569
v 0.031391 -0.039253 -0.017387
v 0.0313848 -0.0392879 -0.0171876
v 0.0325113 -0.0392123 -0.0171837
v 0.0306185 -0.0384459 -0.0172346
v 0.0309956 -0.0392123 -0.0172324
v 0.0310685 -0.0382923 -0.0177719
v 0.0306199 -0.0387327 -0.0172274
v 0.030641 -0.038417 -0.017188
v 0.030761 -0.038176 -0.017188
v 0.030642 -0.038771 -0.017188
v 0.03068 -0.038864 -0.017188
v 0.03071 -0.038936 -0.017188
v 0.0307829 -0.039051 -0.0172896
v 0.030931 -0.0390575 -0.0148422
v 0.030956 -0.039189 -0.017188
v 0.031319 -0.039291 -0.017188
v 0.0311659 -0.038582 -0.0178833
v 0.031243 -0.038458 -0.017865
v 0.0310216 -0.0384264 -0.0178165
v 0.031188 -0.038392 -0.017846
v 0.031105 -0.038294 -0.017782
v 0.030991 -0.038162 -0.017628
v 0.0308447 -0.0383334 -0.0176963
v 0.030954 -0.0381668 -0.0176114
v 0.0308275 -0.0382034 -0.0175533
v 0.030907 -0.038071 -0.017402
v 0.030891 -0.038057 -0.017312
v 0.030892 -0.038058 -0.017321
v 0.0307688 -0.0381559 -0.0173365
v 0.0313067 -0.0392908 -0.0172737
v 0.030902 -0.0391563 -0.0173206
v 0.0312446 -0.0392668 -0.0174352
v 0.0307106 -0.0389545 -0.0172909
v 0.0308587 -0.039007 -0.017591
v 0.0307041 -0.0388043 -0.017558
v 0.0306485 -0.0383331 -0.0173783
v 0.0306594 -0.0386174 -0.0176112
v 0.0306842 -0.0389105 -0.0173951
v 0.0306025 -0.0386525 -0.0174188
v 0.0306212 -0.0385376 -0.0175017
v 0.0311919 -0.038822 -0.0178521
v 0.0310052 -0.0387405 -0.0178311
v 0.0307462 -0.0385364 -0.0177007
v 0.0307194 -0.0382586 -0.0174623
v 0.030812 -0.038278 -0.017614
v 0.0307007 -0.0384517 -0.0176203
v 0.031245 -0.0390713 -0.0177218
v 0.0313128 -0.0389344 -0.0178022
v 0.0309034 -0.0391248 -0.0174285
v 0.0312795 -0.0391621 -0.0176108
v 0.03097 -0.038888 -0.017751
v 0.0308823 -0.0386539 -0.0177939
v 0.0311368 -0.0392147 -0.0175008
v 0.0309998 -0.0390865 -0.0176068
v 0.132 -0.0512 0
v 0.13063 -0.0511991 -0.0143342
v 0.131974 -0.049563 -1.35442e-07
v 0.131748 -0.0464753 -0.00420966
v 0.131829 -0.0471467 0.00282334
v 0.129538 -0.0391 -0.0006
v 0.131331 -0.0511974 0.00901395
v 0.120332 -0.0468233 0.0297905
v 0.121008 -0.0416969 0.026555
v 0.124534 -0.0419683 0.0215666
v 0.115495 -0.0512017 0.0350273
v 0.130638 -0.046876 0.0103772
v 0.1267 -0.0511971 0.0214397
v 0.127747 -0.0467133 0.0183975
v 0.122174 -0.0399992 0.0241931
v 0.12283 -0.0358513 0.021142
v 0.12439 -0.0382213 0.0195381
v 0.118048 -0.0368334 0.0278796
v 0.119614 -0.0403562 0.0275352
v 0.120437 -0.0378564 0.0254009
v 0.0459956 -0.0445442 -0.0140003
v 0.0447768 -0.0421445 -0.0151605
v 0.0479402 -0.0451615 -0.0188644
v 0.048689 -0.045913 -0.0199427
v 0.0438913 -0.0410357 -0.0160161
v 0.0390576 -0.0392122 -0.0168285
v 0.038378 -0.039203 -0.0148
v 0.0426143 -0.0406208 -0.0138136
v 0.046494 -0.042701 -0.018032
v 0.0486593 -0.045613 -0.0199377
v 0.046585 -0.042295 -0.018119
v 0.0481406 -0.0448238 -0.0192895
v 0.0472786 -0.0435332 -0.018467
v 0.0461901 -0.0425912 -0.0177794
v 0.0471965 -0.0438385 -0.0183469
v 0.03897 -0.030478 -0.017253
v 0.038862 -0.030398 -0.017191
v 0.03541 -0.034738 -0.01762
v 0.038764 -0.030328 -0.017099
v 0.038682 -0.030274 -0.016984
v 0.038622 -0.030237 -0.016854
v 0.038582 -0.030216 -0.016718
v 0.041785 -0.025692 -0.016535
v 0.041848 -0.025723 -0.016666
v 0.041935 -0.02577 -0.016781
v 0.042157 -0.025898 -0.016935
v 0.04204 -0.02583 -0.016872
v 0.0401373 -0.0281877 -0.0164489
v 0.0337873 -0.0354885 -0.0170162
v 0.034965 -0.034345 -0.017053
v 0.044374 -0.020817 -0.016213
v 0.04498 -0.0194842 -0.0162236
v 0.044409 -0.020831 -0.016349
v 0.0445649 -0.020559 -0.0163891
v 0.035126 -0.034473 -0.017432
v 0.034998 -0.034367 -0.017188
v 0.035052 -0.03441 -0.017317
v 0.035214 -0.034553 -0.017524
v 0.035312 -0.034643 -0.017587
v 0.044787 -0.021004 -0.016743
v 0.044489 -0.020867 -0.016507
v 0.044563 -0.020901 -0.016592
v 0.0497149 -0.0261733 -0.0181532
v 0.0458438 -0.0231227 -0.0167612
v 0.0468029 -0.0426202 -0.0181982
v 0.0485698 -0.0449593 -0.0197103
v 0.0477811 -0.0310126 -0.0170636
v 0.0469688 -0.0188996 -0.017073
v 0.0490956 -0.018356 -0.0186345
v 0.049133 -0.0318175 -0.0177466
v 0.0498623 -0.0324226 -0.0184239
v 0.122482 -0.0375028 -0.0224821
v 0.124396 -0.0384641 -0.0196585
v 0.123079 -0.0415574 -0.0236622
v 0.129687 -0.0408583 -0.00623219
v 0.125407 -0.0406523 -0.0192148
v 0.1268 -0.0372349 -0.013581
v 0.122211 -0.0451675 -0.026831
v 0.115371 -0.0352866 -0.0299393
v 0.114447 -0.0407853 -0.0327689
v 0.106386 -0.0390958 -0.0372507
v 0.100159 -0.0390623 -0.0397696
v 0.0917247 -0.0390958 -0.0413738
v 0.0850062 -0.0390633 -0.0414787
v 0.063415 -0.0375038 -0.0332536
v 0.0605376 -0.046194 -0.0340361
v 0.0582548 -0.0434757 -0.0309458
v 0.0563782 -0.0483787 -0.0305008
v 0.0640328 -0.0512055 -0.0383758
v 0.0713153 -0.0402261 -0.0384525
v 0.076155 -0.049588 -0.04235
v 0.0662504 -0.0477022 -0.0380804
v 0.0909131 -0.0511781 -0.0446091
v 0.086816 -0.049588 -0.043959
v 0.097548 -0.049588 -0.042926
v 0.111624 -0.0511823 -0.0379524
v 0.112378 -0.049588 -0.0366
v 0.116681 -0.049588 -0.033335
v 0.124377 -0.0467258 -0.0247082
v 0.129768 -0.0478755 -0.0136824
v 0.120551 -0.049588 -0.029568
v 0.0765624 -0.0390957 -0.0399356
v 0.0731818 -0.0459378 -0.0416397
v 0.0947622 -0.0458007 -0.0433173
v 0.109919 -0.045807 -0.0379714
v 0.059461 -0.026926 0.040512
v 0.059077 -0.027329 0.040468
v 0.0591111 -0.0273237 0.0399983
v 0.0621195 -0.0228223 0.0404034
v 0.0609658 -0.0259963 0.0389953
v 0.0616407 -0.0290157 0.0370601
v 0.0621718 -0.0291451 0.0369309
v 0.0645508 -0.0256828 0.0377156
v 0.0603092 -0.0287427 0.0375172
v 0.0630833 -0.0254479 0.0380663
v 0.0601535 -0.0265723 0.0393851
v 0.0616384 -0.0243389 0.0397556
v 0.0628715 -0.0235023 0.0388343
v 0.0613698 -0.0266411 0.0383048
v 0.061123 -0.02474 0.040701
v 0.061055 -0.02485 0.040694
v 0.060833 -0.025216 0.040328
v 0.061256 -0.02452 0.040716
v 0.062261 -0.022428 0.040831
v 0.062139 -0.022729 0.040817
v 0.062073 -0.022893 0.04081
v 0.061859 -0.023373 0.040785
v 0.061629 -0.02384 0.040759
v 0.061384 -0.024296 0.040731
v 0.060987 -0.024958 0.040686
v 0.060846 -0.025173 0.04067
v 0.060838 -0.025184 0.040669
v 0.0637996 -0.0195717 0.0394841
v 0.0642621 -0.0175967 0.0395828
v 0.0634349 -0.0198959 0.0397499
v 0.064094 -0.0161908 0.0400519
v 0.0631965 -0.0196629 0.040273
v 0.062977 -0.020139 0.040605
v 0.063147 -0.019286 0.040932
v 0.062974 -0.020076 0.040912
v 0.063322 -0.018363 0.040952
v 0.0635625 -0.0172745 0.0405756
v 0.063523 -0.017387 0.040695
v 0.063495 -0.017353 0.040892
v 0.063495 -0.01734 0.040972
v 0.0631452 -0.0215236 0.0394662
v 0.0665884 -0.0177644 0.0388033
v 0.0650867 -0.0197583 0.0387467
v 0.0657796 -0.0204077 0.0384692
v 0.0659615 -0.017209 0.0389721
v 0.0660577 -0.0223655 0.0381846
v 0.0650912 -0.018209 0.0390294
v 0.0643111 -0.0178738 0.0394896
v 0.060494 -0.025676 0.04063
v 0.060334 -0.025889 0.040611
v 0.060169 -0.0261 0.040593
v 0.059825 -0.026517 0.040553
v 0.0595691 -0.0284226 0.0379474
v 0.062793 -0.020791 0.040892
v 0.062593 -0.021473 0.040869
v 0.062432 -0.02196 0.04085
v 0.117384 -0.0391028 0.0293684
v 0.117557 -0.0481695 0.0325698
v 0.109496 -0.0481229 0.0383621
v 0.0961413 -0.0512009 0.0436157
v 0.0921367 -0.0463042 0.043629
v 0.091495 -0.03714 0.0409369
v 0.0879448 -0.0458768 0.0435484
v 0.0885928 -0.0376533 0.0411444
v 0.111886 -0.0468162 0.036987
v 0.102763 -0.0459369 0.0413123
v 0.111403 -0.0372108 0.0337302
v 0.099176 -0.0420381 0.0410496
v 0.0637685 -0.0165784 0.0403785
v 0.0639995 -0.0143074 0.0407024
v 0.063633 -0.016697 0.040714
v 0.063633 -0.016697 0.040715
v 0.0636251 -0.0165517 0.0409862
v 0.064163 -0.016861 0.039829
v 0.064306 -0.016888 0.03969
v 0.0672604 -0.0148198 0.0392971
v 0.062271 -0.022388 0.040832
v 0.061279 -0.024477 0.040719
v 0.062088 -0.022846 0.040811
v 0.061891 -0.023297 0.040789
v 0.061678 -0.023741 0.040764
v 0.061415 -0.024235 0.040734
v 0.061363 -0.024332 0.040729
v 0.06252 -0.021675 0.04086
v 0.062438 -0.021925 0.040851
v 0.061017 -0.024909 0.040689
v 0.061107 -0.024766 0.040699
v 0.061194 -0.024622 0.040709
v 0.061229 -0.024564 0.040713
v 0.063112 -0.019404 0.040928
v 0.062991 -0.019969 0.040914
v 0.062872 -0.020465 0.040901
v 0.06274 -0.020957 0.040886
v 0.062596 -0.021444 0.040869
v 0.063844 -0.014999 0.041011
v 0.063577 -0.016754 0.040981
v 0.063184 -0.019049 0.040936
v 0.063287 -0.018506 0.040948
v 0.0471052 -0.0461832 0.0166423
v 0.046077 -0.0472 0.012967
v 0.0446751 -0.0464727 0.00802095
v 0.0439645 -0.0458099 -0.00204995
v 0.0438155 -0.0444101 2.31305e-05
v 0.0442 -0.0472005 0.00419422
v 0.033679 -0.0390881 0.00117674
v 0.0377327 -0.0393153 -0.00704027
v 0.0443963 -0.0456178 -0.0060059
v 0.0443365 -0.0453559 0.00627234
v 0.0384698 -0.0392593 0.0125863
v 0.045795 -0.043007 0.0161699
v 0.0408529 -0.0398209 -0.012929
v 0.0399055 -0.0400617 -0.00422231
v 0.0424575 -0.0420113 -0.00483412
v 0.0343285 -0.0391391 0.0134786
v 0.0406055 -0.0393772 0.0170353
v 0.0445775 -0.0412711 0.0171643
v 0.0435848 -0.0410883 0.0149751
v 0.0422934 -0.0399292 0.0168278
v 0.0419882 -0.0414934 0.00394993
v 0.0402295 -0.0402524 0.00389335
v 0.0378672 -0.0393815 0.00300015
v 0.0447188 -0.0443005 -0.00928679
v 0.00807 -0.042874 0.034657
v 0.008712 -0.042753 0.03473
v 0.006837 -0.043048 0.034516
v -0.001915 -0.044009 0.033519
v 0.001785 -0.043742 0.033941
v 0.001357 -0.043759 0.033892
v 0.002347 -0.043674 0.034005
v 0.002929 -0.043569 0.034071
v 0.004429 -0.043422 0.034242
v 0.007479 -0.042973 0.034589
v 0.005127 -0.043299 0.034321
v 0.004961 -0.043324 0.034302
v -0.006814 -0.043878 0.032961
v -0.007451 -0.043846 0.032888
v -0.005606 -0.043979 0.033098
v -0.000631 -0.04389 0.033665
v -0.002159 -0.04399 0.033491
v -0.003408 -0.043997 0.033349
v -0.004292 -0.043967 0.033248
v -0.005655 -0.043953 0.033093
v -0.007381 -0.043826 0.032896
v -0.007975 -0.043772 0.032829
v -0.009155 -0.043651 0.032694
v -0.01112 -0.043346 0.03247
v -0.009294 -0.043635 0.032678
v -0.009732 -0.043552 0.032628
v -0.00807 -0.04376 0.032818
v -0.01985 -0.040797 0.031476
v -0.019981 -0.040761 0.031461
v -0.018278 -0.041417 0.031655
v -0.036309 -0.029031 0.0296
v -0.036558 -0.028752 0.029572
v -0.036373 -0.028976 0.029593
v -0.037553 -0.027557 0.029459
v -0.038731 -0.026001 0.029324
v -0.039732 -0.024563 0.02921
v -0.039737 -0.024563 0.02921
v -0.037125 -0.028064 0.029507
v -0.037673 -0.027398 0.029445
v -0.038253 -0.026638 0.029379
v -0.038676 -0.026084 0.029331
v -0.025129 -0.03822 0.030874
v -0.025393 -0.038082 0.030844
v -0.023697 -0.039009 0.031037
v -0.023355 -0.039201 0.031076
v -0.022113 -0.039801 0.031218
v -0.021688 -0.040014 0.031266
v -0.047163 -4e-06 0.028364
v -0.047154 -0.000937 0.028365
v -0.047141 -0.001402 0.028366
v -0.020239 -0.040648 0.031431
v -0.02524 -0.038159 0.030861
v -0.026184 -0.037587 0.030754
v -0.026558 -0.037377 0.030711
v -0.026741 -0.03725 0.03069
v -0.028107 -0.03636 0.030535
v -0.028202 -0.036283 0.030524
v -0.029612 -0.035277 0.030363
v -0.02962 -0.03526 0.030362
v -0.030161 -0.034846 0.030301
v -0.03448 -0.031018 0.029809
v -0.034149 -0.031343 0.029846
v -0.035382 -0.030068 0.029706
v 0.030971 -0.03848 0.037266
v 0.03042 -0.038602 0.037203
v 0.029672 -0.03877 0.037118
v 0.029564 -0.038792 0.037106
v 0.028816 -0.038957 0.03702
v 0.02832 -0.039063 0.036964
v 0.028371 -0.039054 0.03697
v 0.027074 -0.039328 0.036822
v 0.02602 -0.039554 0.036702
v 0.024713 -0.039816 0.036553
v 0.024294 -0.039908 0.036505
v 0.024581 -0.039843 0.036538
v 0.023625 -0.040031 0.036429
v 0.009896 -0.042554 0.034865
v 0.013306 -0.041996 0.035253
v 0.01265 -0.042092 0.035178
v 0.01378 -0.04191 0.035307
v 0.01612 -0.041473 0.035574
v 0.017439 -0.041245 0.035724
v 0.016784 -0.041349 0.035649
v 0.018947 -0.040961 0.035896
v 0.019585 -0.040826 0.035969
v 0.019795 -0.040795 0.035993
v 0.023665 -0.040037 0.036433
v -0.014929 -0.042482 0.032036
v -0.016137 -0.042109 0.031899
v -0.016489 -0.042026 0.031859
v -0.016562 -0.041984 0.03185
v -0.018219 -0.041423 0.031661
v -0.020484 -0.040524 0.031403
v -0.021216 -0.040209 0.03132
v -0.021462 -0.040103 0.031292
v -0.031072 -0.03413 0.030197
v -0.032331 -0.033047 0.030054
v -0.03248 -0.032924 0.030037
v -0.033622 -0.031856 0.029906
v -0.033831 -0.031664 0.029883
v -0.033886 -0.0316 0.029876
v -0.035131 -0.030346 0.029734
v -0.01147 -0.043262 0.03243
v -0.012015 -0.043148 0.032368
v -0.012917 -0.042984 0.032265
v -0.013187 -0.042903 0.032235
v -0.014796 -0.042515 0.032051
v -0.014886 -0.042477 0.032041
v -0.030247 -0.034769 0.030291
v -0.030399 -0.03465 0.030274
v -0.030999 -0.03418 0.030205
v -0.034023 -0.031466 0.029861
v -0.034384 -0.031116 0.02982
v -0.040676 -0.023083 0.029103
v -0.040733 -0.022997 0.029096
v -0.041128 -0.022327 0.029051
v -0.0413 -0.022037 0.029032
v -0.041435 -0.021797 0.029016
v -0.041565 -0.021561 0.029001
v -0.041667 -0.021383 0.02899
v -0.041988 -0.020785 0.028953
v -0.042109 -0.020563 0.02894
v -0.042024 -0.020715 0.028949
v -0.042396 -0.019998 0.028907
v -0.042532 -0.019736 0.028891
v -0.042557 -0.019678 0.028888
v -0.042715 -0.019357 0.02887
v -0.042936 -0.018902 0.028845
v -0.043096 -0.018553 0.028827
v -0.043323 -0.01806 0.028801
v -0.04346 -0.017744 0.028786
v -0.043692 -0.01721 0.028759
v -0.047102 -0.002333 0.028371
v -0.047089 -0.002566 0.028372
v -0.04709 -0.002551 0.028372
v -0.045283 -0.012786 0.028578
v -0.045309 -0.012692 0.028575
v -0.045523 -0.011958 0.02855
v -0.045756 -0.011091 0.028524
v -0.045765 -0.011057 0.028523
v -0.045967 -0.010236 0.0285
v -0.045987 -0.010153 0.028498
v -0.046066 -0.009807 0.028489
v -0.046091 -0.0097 0.028486
v -0.046161 -0.009376 0.028478
v -0.046191 -0.009245 0.028474
v -0.046252 -0.008947 0.028467
v -0.046285 -0.00879 0.028464
v -0.046338 -0.008516 0.028458
v -0.046375 -0.008334 0.028453
v -0.046859 -0.005187 0.028398
v -0.046847 -0.005292 0.0284
v -0.046838 -0.005367 0.028401
v -0.046819 -0.005518 0.028403
v -0.047077 -0.002771 0.028373
v -0.047075 -0.002798 0.028374
v -0.047063 -0.002991 0.028375
v -0.04706 -0.00303 0.028375
v -0.045396 -0.012405 0.028565
v -0.045264 -0.012851 0.02858
v -0.045154 -0.013206 0.028592
v -0.045127 -0.013295 0.028596
v -0.045022 -0.013625 0.028608
v -0.044986 -0.013737 0.028612
v -0.044885 -0.014042 0.028623
v -0.04484 -0.014177 0.028628
v -0.044744 -0.014458 0.028639
v -0.04469 -0.014615 0.028645
v -0.044598 -0.014873 0.028656
v -0.044535 -0.015052 0.028663
v -0.044448 -0.015287 0.028673
v -0.044376 -0.015487 0.028681
v -0.044295 -0.015699 0.02869
v -0.044212 -0.015921 0.0287
v -0.044136 -0.01611 0.028708
v -0.044043 -0.016352 0.028719
v -0.043974 -0.016521 0.028727
v -0.043957 -0.016565 0.028729
v -0.043865 -0.016787 0.028739
v -0.04387 -0.016782 0.028739
v -0.043807 -0.01693 0.028746
v -0.043635 -0.017337 0.028766
v -0.046787 -0.005774 0.028407
v -0.046804 -0.005636 0.028405
v -0.046815 -0.005546 0.028403
v -0.046355 -0.008431 0.028456
v -0.046421 -0.008084 0.028448
v -0.046459 -0.007877 0.028444
v -0.046499 -0.00765 0.028439
v -0.04654 -0.007419 0.028435
v -0.046573 -0.007216 0.028431
v -0.046607 -0.007009 0.028427
v -0.046642 -0.00678 0.028423
v -0.046671 -0.006598 0.02842
v -0.046708 -0.006343 0.028416
v -0.046731 -0.006186 0.028413
v -0.046739 -0.006124 0.028412
v -0.046759 -0.00598 0.02841
v -0.046769 -0.005904 0.028409
v -0.046792 -0.005725 0.028406
v -0.047047 -0.003211 0.028377
v -0.047044 -0.003262 0.028377
v -0.047031 -0.003431 0.028379
v -0.047026 -0.003494 0.028379
v -0.047013 -0.00365 0.028381
v -0.047007 -0.003726 0.028381
v -0.046994 -0.00387 0.028383
v -0.046985 -0.003983 0.028384
v -0.046983 -0.003996 0.028384
v -0.046975 -0.00409 0.028385
v -0.046961 -0.004239 0.028387
v -0.046954 -0.004309 0.028387
v -0.046935 -0.004495 0.02839
v -0.046932 -0.004529 0.02839
v -0.046909 -0.004751 0.028393
v -0.046909 -0.004748 0.028393
v -0.04688 -0.005007 0.028396
v -0.046851 -0.005263 0.028399
v -0.047102 -0.002331 0.028371
v -0.047108 -0.002221 0.02837
v -0.047108 -0.002217 0.02837
v -0.047113 -0.002111 0.028369
v -0.047114 -0.002101 0.028369
v -0.047116 -0.002055 0.028369
v -0.047117 -0.002042 0.028369
v -0.047118 -0.002 0.028369
v -0.047119 -0.001984 0.028369
v -0.047121 -0.001945 0.028368
v -0.047122 -0.001926 0.028368
v -0.047123 -0.00189 0.028368
v -0.047124 -0.001868 0.028368
v -0.047126 -0.001835 0.028368
v -0.047127 -0.00181 0.028368
v -0.047127 -0.001808 0.028368
v -0.047128 -0.001781 0.028368
v -0.047133 -0.001635 0.028367
v -0.047132 -0.001664 0.028367
v -0.047132 -0.00167 0.028367
v -0.047131 -0.001693 0.028367
v -0.047131 -0.001698 0.028367
v -0.04713 -0.001723 0.028367
v -0.04713 -0.001725 0.028367
v -0.047129 -0.001752 0.028368
v -0.047129 -0.001753 0.028368
v -0.047128 -0.00178 0.028368
v 0.048589 -0.033467 0.039273
v 0.050193 -0.03283 0.039456
v 0.049625 -0.03307 0.039391
v 0.058775 -0.027626 0.040434
v 0.059024 -0.027387 0.040462
v 0.059226 -0.027184 0.040485
v 0.059589 -0.026794 0.040526
v 0.059923 -0.026407 0.040565
v 0.060245 -0.026009 0.040601
v 0.0604 -0.025805 0.040619
v 0.060552 -0.025597 0.040636
v 0.0506399 -0.0325977 0.0394894
v 0.051156 -0.032422 0.039566
v 0.051973 -0.032036 0.039659
v 0.052659 -0.031721 0.039737
v 0.053292 -0.031393 0.039809
v 0.054025 -0.031013 0.039893
v 0.054701 -0.030619 0.03997
v 0.055355 -0.03024 0.040044
v 0.05586 -0.02991 0.040102
v 0.056264 -0.029647 0.040148
v 0.057396 -0.028826 0.040277
v 0.056392 -0.029563 0.040162
v 0.0476 -0.033848 0.039161
v 0.047006 -0.034055 0.039093
v 0.046597 -0.034195 0.039046
v 0.045556 -0.034561 0.038928
v 0.05885 -0.027562 0.040442
v 0.058461 -0.027928 0.040398
v 0.058461 -0.02792 0.040398
v 0.05816 -0.028194 0.040364
v 0.058135 -0.028209 0.040361
v 0.057798 -0.028495 0.040322
v 0.038755 -0.03658 0.038153
v 0.039791 -0.036292 0.038271
v 0.040428 -0.036123 0.038343
v 0.042677 -0.03542 0.0386
v 0.043749 -0.035112 0.038722
v 0.045556 -0.034551 0.038928
v 0.046082 -0.034373 0.038988
v 0.058061 -0.028282 0.040352
v 0.056299 -0.029589 0.040152
v 0.035116 -0.037505 0.037738
v 0.037055 -0.037018 0.037959
v 0.035393 -0.037441 0.03777
v 0.037076 -0.037019 0.037961
v 0.034113 -0.037748 0.037624
v 0.033706 -0.037849 0.037577
v 0.03342 -0.037913 0.037545
v 0.037145 -0.037001 0.037969
v 0.038079 -0.03675 0.038076
v 0.038906 -0.036533 0.03817
v 0.033088 -0.037992 0.037507
v 0.032339 -0.038168 0.037422
v 0.0565075 -0.0301931 0.0381499
v 0.0501582 -0.0373481 0.0300333
v 0.0533662 -0.0363014 0.0320625
v 0.0598914 -0.0303863 0.0365836
v 0.0589645 -0.0329527 0.0353131
v 0.0513358 -0.0354622 0.0328454
v 0.055734 -0.033005 0.035246
v 0.0533297 -0.0312298 0.0397409
v 0.0506309 -0.033806 0.0356562
v 0.045521 -0.0348825 0.0366787
v 0.0478362 -0.0346324 0.0354238
v 0.058408 -0.028857 0.038289
v 0.0566888 -0.0293779 0.0396913
v 0.0574545 -0.0306869 0.0369425
v 0.0569287 -0.0315063 0.0363749
v 0.0475547 -0.0512004 -0.0176164
v 0.051388 -0.0512 -0.024375
v 0.0480639 -0.0511993 0.0184953
v 0.050963 -0.0511995 0.0237735
v 0.053453 -0.0512 0.027242
v 0.044465 -0.0512 0.00672896
v 0.044249 -0.0512 -0.00546514
v 0.0524565 -0.0511939 -0.0259688
v 0.0735399 -0.051202 0.0418202
v 0.064133 -0.0512 0.036933
v 0.086322 -0.0512003 0.0440048
v 0.047337 -0.048759 0.016809
v 0.0350738 -0.0391418 -0.0106364
v 0.031623 -0.0392 0.0038
v 0.031363 -0.039261 -0.0148
v 0.031296 -0.039259 -0.0148
v 0.0310028 -0.0392473 -0.0148836
v 0.030969 -0.039197 -0.0148
v 0.030957 -0.039188 -0.0148
v 0.030818 -0.039077 -0.0148
v 0.030723 -0.038958 -0.0148
v 0.030712 -0.038934 -0.0148
v 0.030651 -0.0388 -0.0148
v 0.030645 -0.03877 -0.0148
v 0.03062 -0.0386417 -0.0148
v 0.030628 -0.038478 -0.0148
v 0.030645 -0.038418 -0.0148
v 0.0317518 -0.0371372 -0.0148582
v 0.030762 -0.038165 -0.0148
v 0.0307735 -0.0382238 -0.0148123
v 0.0389464 -0.0302361 -0.014965
v 0.044811 -0.019735 -0.016185
v 0.045526 -0.0180252 -0.016339
v 0.04597 -0.016964 -0.016435
v 0.0465929 -0.0157453 -0.0148098
v 0.0474764 -0.0121306 -0.0179622
v 0.047301 -0.012793 -0.017637
v 0.046456 -0.0154399 -0.016874
v 0.128557 -0.0347261 -0.000337256
v 0.128027 -0.0275531 1.66765e-05
v 0.128152 -0.0258471 -6.55096e-05
v 0.128306 -0.0231251 -0.000529266
v 0.128102 -0.034762 0.00660589
v 0.126302 -0.034676 0.0134299
v 0.0977412 -0.032765 0.039065
v 0.0889645 -0.0302884 0.040066
v 0.0844579 -0.0184964 0.0409876
v 0.0892919 -0.0190966 0.0409803
v 0.0973057 -0.0189554 0.04
v 0.106562 -0.0195021 0.0365571
v 0.109601 -0.0169009 0.0355545
v 0.115194 -0.0190189 0.0307599
v 0.120123 -0.0188559 0.0255819
v 0.128951 -0.0199294 0.00255689
v 0.129469 -0.0174366 0.000803934
v 0.128285 -0.0317106 0.00134963
v 0.119764 -0.0305145 0.0247606
v 0.106828 -0.0262001 0.0357722
v 0.106426 -0.0305389 0.0356726
v 0.127509 -0.02565 0.006713
v 0.125872 -0.0215772 0.014204
v 0.119774 -0.0256863 0.0247483
v 0.091073 -0.0253858 0.0401003
v 0.0541872 -0.0505129 -0.0281469
v 0.0557834 -0.0472574 -0.0296738
v 0.0537526 -0.0486559 -0.0274572
v 0.0550428 -0.0453888 -0.0283537
v 0.0599578 -0.0230644 -0.0289939
v 0.0602458 -0.0281345 -0.0288501
v 0.0611331 -0.0214514 -0.0305056
v 0.0552663 -0.0292805 -0.0238101
v 0.0526354 -0.0236443 -0.0215829
v 0.0530862 -0.0451828 -0.025868
v 0.0541078 -0.0358418 -0.0234604
v 0.0595571 -0.0309663 -0.0284317
v 0.0530704 -0.0391687 -0.0233284
v 0.0597016 -0.036588 -0.0295289
v 0.0601956 -0.034247 -0.0294197
v 0.0570452 -0.0170593 -0.0278598
v 0.0534001 -0.0191232 -0.0233993
v 0.051775 -0.022027 -0.020886
v 0.0490619 -0.0464755 -0.0205546
v 0.049922 -0.0480406 -0.0220516
v 0.0512456 -0.0499036 -0.024189
v 0.0515871 -0.0500814 -0.0247028
v 0.0496864 -0.036769 -0.0188501
v 0.0502032 -0.031776 -0.0186857
v 0.0498276 -0.0237265 -0.0185468
v 0.047128 -0.01427 -0.017695
v 0.047157 -0.01429 -0.017718
v 0.046813 -0.015644 -0.017384
v 0.046414 -0.017024 -0.017107
v 0.0461679 -0.0177352 -0.0169769
v 0.0454208 -0.0194728 -0.0167582
v 0.047989 -0.01044 -0.019052
v 0.0477529 -0.0117127 -0.0185593
v 0.047742 -0.011601 -0.018559
v 0.046709 -0.0161225 -0.0173794
v 0.0460134 -0.01845 -0.0169527
v 0.047205 -0.014325 -0.01776
v 0.0471232 -0.0146747 -0.0176543
v 0.04725 -0.0140511 -0.0178136
v 0.0476015 -0.0124769 -0.0182991
v 0.0460251 -0.0177869 -0.0169055
v 0.047464 -0.01294 -0.018108
v 0.047422 -0.012907 -0.018062
v 0.047713 -0.011573 -0.018516
v 0.04651 -0.015455 -0.016898
v 0.0467619 -0.0147993 -0.0171872
v 0.0462541 -0.0169547 -0.016972
v 0.046458 -0.0159628 -0.0170434
v 0.0469883 -0.0141957 -0.0175148
v 0.047355 -0.012846 -0.017946
v 0.047332 -0.012818 -0.017878
v 0.047655 -0.011496 -0.01836
v 0.048107 -0.00935196 -0.019109
v 0.047386 -0.012876 -0.018007
v 0.0449341 -0.0202844 -0.0166559
v 0.045564 -0.018175 -0.016499
v 0.0456841 -0.0192982 -0.0168355
v 0.047646 -0.011474 -0.018302
v 0.047945 -0.010172 -0.018863
v 0.048017 -0.010305 -0.019115
v 0.047999 -0.010285 -0.019081
v 0.047996 -0.010282 -0.019075
v 0.047983 -0.01026 -0.019036
v 0.047689 -0.011547 -0.018468
v 0.04797 -0.010239 -0.018996
v 0.047669 -0.011521 -0.018416
v 0.047956 -0.010216 -0.018953
v 0.047948 -0.010202 -0.018927
v 0.0482742 -0.0146368 -0.0186439
v 0.048335 -0.01362 -0.019014
v 0.0477096 -0.0160291 -0.0178453
v 0.0471168 -0.0160362 -0.0174691
v 0.0489231 -0.0188189 -0.01834
v 0.0681393 -0.0199808 -0.0356643
v 0.0897757 -0.0167914 -0.0416031
v 0.084888 -0.0172803 -0.0414433
v 0.0783024 -0.0209132 -0.0394787
v 0.0745029 -0.0189944 -0.0387726
v 0.063281 -0.0165214 -0.0335878
v 0.059722 -0.017101 -0.030431
v 0.0649794 -0.0329661 -0.0330687
v 0.0697449 -0.0332483 -0.0359523
v 0.0792296 -0.0330602 -0.0395346
v 0.0940628 -0.033061 -0.0400396
v 0.108084 -0.0330608 -0.0351651
v 0.117935 -0.035391 -0.027531
v 0.120392 -0.036982 -0.0251344
v 0.126608 -0.0286154 -0.011727
v 0.128605 -0.0370146 -0.00546558
v 0.128608 -0.0198622 -0.00452255
v 0.125405 -0.0169465 -0.0181493
v 0.120159 -0.0173784 -0.0263285
v 0.108154 -0.0190774 -0.0357483
v 0.103615 -0.0138036 -0.0395578
v 0.0990926 -0.019938 -0.0393616
v 0.0910882 -0.0193794 -0.0409704
v 0.121688 -0.0276261 -0.0215709
v 0.127479 -0.0302852 -0.00731377
v 0.067918 -0.025569 -0.034686
v 0.08177 -0.025569 -0.039593
v 0.086671 -0.025569 -0.040058
v 0.0964924 -0.0256048 -0.0393728
v 0.110789 -0.0218206 -0.0335015
v 0.120376 -0.0199645 -0.0253261
v 0.117501 -0.025569 -0.027132
v 0.126553 -0.0211668 -0.0125913
v 0.0746556 -0.0341207 0.0382945
v 0.0838483 -0.0443977 0.0428917
v 0.0794151 -0.0462424 0.0424793
v 0.0848361 -0.0258041 0.0398142
v 0.0542639 -0.0443316 0.0277193
v 0.0537953 -0.0432405 0.0274725
v 0.0532686 -0.0442405 0.0266776
v 0.0534282 -0.0415033 0.0278154
v 0.049699 -0.0381699 0.0287146
v 0.0537028 -0.0389768 0.0296706
v 0.055655 -0.036298 0.032632
v 0.0558417 -0.0345268 0.0339755
v 0.0622517 -0.0304528 0.0365422
v 0.069445 -0.0274426 0.0377614
v 0.0803334 -0.0171708 0.0409454
v 0.0761163 -0.0219812 0.039245
v 0.086353 -0.0171 0.041482
v 0.0858943 -0.0337545 0.0402088
v 0.0827152 -0.0486064 0.0435606
v 0.0572574 -0.051187 0.0315476
v 0.0562356 -0.0364385 0.0327306
v 0.0582736 -0.0399457 0.0317578
v 0.0616749 -0.0365425 0.0344293
v 0.0586831 -0.0437415 0.0314844
v 0.0663008 -0.0366165 0.0359302
v 0.0613294 -0.0507292 0.0347517
v 0.0627477 -0.0401549 0.0340998
v 0.0720175 -0.0452291 0.0397142
v 0.0609743 -0.0334281 0.0353389
v 0.07513 -0.030444 0.038371
v 0.063864 -0.014999 0.040879
v 0.0638418 -0.0165319 0.0402823
v 0.0639577 -0.0149934 0.0405517
v 0.063886 -0.015 0.040737
v 0.06388 -0.015 0.040772
v 0.0640839 -0.0157296 0.0401503
v 0.064649 -0.015 0.039844
v 0.064532 -0.0152388 0.0398507
v 0.0655391 -0.014162 0.0395678
v 0.0649598 -0.0162275 0.0394467
v 0.0661273 -0.0149345 0.0393274
v 0.0666491 -0.0147421 0.0393137
v 0.0671009 -0.0173372 0.0388861
v 0.0660071 -0.0107362 0.0399208
v 0.0654887 -0.0100966 0.040107
v 0.0648279 -0.00523857 0.0408815
v 0.06467 -0.007648 0.040864
v 0.064802 -0.005259 0.040944
v 0.063963 -0.014028 0.041025
v 0.065301 -0.012525 0.039892
v 0.06468 -0.012548 0.0401938
v 0.064494 -0.012565 0.040339
v 0.0643433 -0.0125293 0.0405075
v 0.064475 -0.009117 0.041084
v 0.064327 -0.011068 0.041068
v 0.064427 -0.010146 0.04096
v 0.064106 -0.012861 0.041042
v 0.064781 -0.005277 0.041005
v 0.064764 -0.005311 0.041117
v 0.064751 -0.005485 0.041116
v 0.064782 -0.005276 0.041003
v 0.064441 -0.010135 0.040895
v 0.064783 -0.005273 0.040992
v 0.0644766 -0.0101663 0.0407763
v 0.064896 -0.005205 0.04077
v 0.064894 -0.005206 0.040773
v 0.064731 -0.007618 0.040751
v 0.064843 -0.005228 0.040843
v 0.064811 -0.007589 0.04065
v 0.064939 -0.005186 0.040711
v 0.064985 -0.005172 0.040673
v 0.06491 -0.007562 0.040564
v 0.065069 -0.005146 0.040603
v 0.065086 -0.005142 0.040595
v 0.065024 -0.007537 0.040493
v 0.06521 -0.005115 0.040536
v 0.065091 -0.005141 0.040593
v 0.065215 -0.005113 0.040534
v 0.0652934 -0.00731503 0.0404139
v 0.0657545 -0.0053852 0.0403837
v 0.0646976 -0.0102793 0.0404563
v 0.0674258 -0.00725472 0.0402754
v -0.008668 -0.044854 0.028789
v -0.000481429 -0.0461605 0.0268493
v -0.0385816 -0.027742 0.0205073
v -0.047151 -0.005434 0.022552
v 0.0136634 -0.045549 0.0203664
v 0.00741667 -0.0469715 0.0179782
v 0.000572796 -0.0476069 0.0167434
v -0.00501337 -0.0473106 0.0195144
v -0.00860859 -0.0467787 0.0204646
v -0.0180324 -0.0439757 0.0197072
v -0.0260254 -0.0400344 0.0172652
v -0.0348392 -0.0323997 0.0188674
v -0.0417206 -0.0229699 0.0176049
v -0.045216 -0.0151123 0.0176206
v -0.0472334 -0.00622369 0.0167404
v -0.047388 -0.004186 0.016719
v -0.047467 -2e-06 0.022533
v -0.0474903 0.00110263 0.0227019
v -0.0461278 -0.0114817 0.0207672
v -0.044223 -0.017087 0.02272
v -0.041654 -0.022538 0.022868
v -0.034515 -0.032226 0.023276
v -0.0276317 -0.0381722 0.0240054
v -0.019777 -0.042543 0.024116
v -0.014114 -0.044612 0.024438
v 0.0105795 -0.0456193 0.0241098
v 0.0231057 -0.0405672 0.0324643
v 0.0174108 -0.0417225 0.0336292
v 0.0189274 -0.0429327 0.0249053
v 0.0182899 -0.0423704 0.0290504
v 0.0046652 -0.047076 0.0218103
v 0.0155947 -0.0445039 0.0226159
v 0.0489979 -0.0480378 0.0204183
v 0.0473767 -0.0407377 0.0233408
v 0.0438618 -0.0389437 0.0243129
v 0.0409151 -0.0392474 0.0192507
v 0.0478017 -0.0465986 0.0180125
v 0.0412377 -0.0380538 0.0277177
v 0.0486698 -0.0351483 0.0338383
v 0.022638 -0.041624 0.022881
v 0.0251002 -0.040634 0.0201288
v 0.0465902 -0.0435615 0.0174268
v 0.0465653 -0.0439597 0.016847
v 0.0473089 -0.0457016 0.0171852
v 0.0431327 -0.0403149 0.0169096
v 0.036858 -0.039007 0.021383
v 0.0282384 -0.0396435 0.027081
v 0.023384 -0.0414752 0.0167675
v 0.0192016 -0.0434924 0.0196671
v 0.0212508 -0.0416608 0.0275597
v 0.0356362 -0.0378765 0.0326557
v 0.042826 -0.035482 0.037816
v 0.0523601 -0.0399836 0.0281148
v 0.0530535 -0.0421606 0.0271876
v 0.052734 -0.043946 0.026228
v 0.0535448 -0.0477955 0.0268267
v 0.0516376 -0.0472404 0.0245678
v 0.048464 -0.048198 0.019317
v 0.0317735 -0.0391764 0.0241351
v 0.0448779 -0.0384654 0.02639
v 0.0453906 -0.0378668 0.0281307
v 0.0480261 -0.0387868 0.0270584
v 0.0476085 -0.0374744 0.0291807
v 0.044404 -0.036806 0.031154
v 0.043946 -0.036324 0.032839
v 0.0457396 -0.0421124 0.0178546
v 0.0461127 -0.0429183 0.0172336
v 0.0438164 -0.0403539 0.0181888
v 0.0432901 -0.0394621 0.0215453
v 0.0413115 -0.0395167 0.0172741
v 0.0447385 -0.0400811 0.0212543
v 0.045652 -0.041396 0.019289
v 0.045476 -0.04098 0.019984
v 0.0453977 -0.040084 0.0222649
v 0.0487193 -0.0428052 0.0223773
v 0.0479093 -0.0444393 0.0196373
v 0.0465852 -0.0415593 0.0207447
v 0.049499 -0.0462484 0.0217099
v 0.048678 -0.046171 0.020302
v 0.047441 -0.039435 0.025593
v 0.0463512 -0.0397003 0.0241991
v 0.049738 -0.0435455 0.0232986
v 0.0496154 -0.0419005 0.0243047
v 0.0490135 -0.0397559 0.0261479
v 0.0480243 -0.0432044 0.021101
v 0.048607 -0.043477 0.021829
v 0.0505304 -0.0470307 0.0231044
v 0.0513533 -0.0444421 0.0246895
v 0.0513175 -0.0422385 0.0256301
v 0.0497299 -0.0408557 0.0253991
v 0.0515667 -0.0399455 0.0276097
v 0.0505104 -0.0395899 0.027307
v 0.027389 -0.04001 0.0038
v 0.023426 -0.041705 -0.0148
v 0.0489743 -0.00205682 -0.0202695
v 0.027389 -0.04001 -0.0148
v 0.000298 -0.047833 -0.0148
v 0.047834 -0 -0.0148
v -0.0195186 -0.0127605 -0.0148
v 0.0143985 0.045437 -0.0148
v 0.0286145 0.038119 -0.0148
v 0.0396105 0.0265115 -0.0148
v 0.045142 0.015819 -0.0148
v 0.13059 -0.0138142 -0.00048704
v 0.132005 -0.00493343 -0.000347395
v 0.131696 -0.00942691 -0.000388986
v 0.123262 -0.0188012 0.0210229
v 0.130182 -0.014694 0.003161
v 0.122426 -0.00895893 0.0271947
v 0.127833 -0.0170649 0.0118621
v 0.129593 -0.0119456 0.0121507
v 0.131772 -0.00894193 0.0028717
v 0.130194 -0.00923316 0.0123653
v 0.125301 -0.00912061 0.0232313
v 0.0916431 -0.00280618 0.0440543
v 0.106143 -0.00816062 0.0402153
v 0.101025 -0.014694 0.040245
v 0.114438 -0.014694 0.03302
v 0.087581 -0.00940507 0.0437081
v 0.0858337 -0.00971578 0.0437509
v 0.091101 -0.011096 0.043246
v 0.0880001 -0.0123958 0.0430184
v 0.0872762 -0.0048755 0.0441111
v 0.118193 -0.00946539 0.0318005
v 0.115877 -0.0078893 0.0339147
v 0.109591 -0.00951443 0.0382169
v 0.103154 -0.00808655 0.0412361
v 0.0967815 -0.0094749 0.0429397
v 6e-06 0.049 -0.002051
v 0.00260581 0.0489347 0.00379628
v -0.000163 0.049 -0.000912
v 0.0523574 -0.047189 -0.025457
v 0.050676 -0.018015 -0.020674
v 0.058448 -0.0141335 -0.0304748
v 0.0566434 -0.0108318 -0.0299519
v 0.0560437 -0.00819256 -0.0299839
v 0.0538136 -0.0070851 -0.027691
v 0.0557019 -0.0155773 -0.0271941
v 0.0530127 -0.0115291 -0.0258703
v 0.048387 -0.007776 -0.019748
v 0.0486001 -0.00624484 -0.020006
v 0.048759 -0.005201 -0.020338
v 0.04842 -0.007889 -0.019912
v 0.0483812 -0.00836671 -0.0198594
v 0.048172 -0.009517 -0.019451
v 0.048398 -0.007832 -0.019832
v 0.048544 -0.00732971 -0.0201235
v 0.048992 -0.00355042 -0.0206636
v 0.04897 -0.002596 -0.020478
v 0.0490285 -1.25583e-05 -0.0203109
v 0.0490787 -5.29369e-05 -0.020446
v 0.0490037 -2.28177e-06 -0.0201919
v 0.048945 -0.002597 -0.020373
v 0.049009 -2.7e-05 -0.020203
v 0.0486453 -0.0123658 -0.0196559
v 0.0815241 -0.00820366 -0.0434358
v 0.073826 -0.00709612 -0.0415744
v 0.0762459 -0.0101363 -0.0419501
v 0.062334 -0.013372 -0.034111
v 0.06689 -0.013371 -0.037097
v 0.0709304 -0.00928461 -0.0402854
v 0.0883145 -0.0075323 -0.0439497
v 0.0922242 -0.0105119 -0.0436407
v 0.0579088 -0.00756175 -0.031938
v 0.0658147 -0.00780588 -0.0378945
v 0.076882 -0.005 -0.042576
v 0.083879 -0.00512015 -0.0438148
v 0.117984 -0.00763611 -0.032122
v 0.131675 -0.00731255 -0.00483747
v 0.091808 -0.011164 -0.043166
v 0.11223 -0.00881892 -0.0367276
v 0.114856 -0.0118902 -0.0336454
v 0.111662 -0.011155 -0.036309
v 0.118256 -0.011151 -0.031031
v 0.123728 -0.011147 -0.024537
v 0.127017 -0.00984607 -0.0197062
v 0.129858 -0.0124587 -0.00940744
v 0.131009 -0.0121161 -0.00275861
v 0.121236 -0.008948 -0.0286543
v 0.123922 -0.000494719 -0.0254888
v 0.124218 -0.00759447 -0.0248523
v 0.128766 -0.00751065 -0.0163933
v 0.129725 -0.00917978 -0.0133814
v 0.130405 -0.00749618 -0.0115721
v 0.0978118 -0.00499949 -0.042901
v 0.095178 -0.00715443 -0.0435575
v 0.103617 -0.00558764 -0.0411599
v 0.106553 -0.00702606 -0.0399153
v 0.113087 -0.00553973 -0.0361564
v 0.131822 -0.005 -0.0039
v -0.000231 0.049003 0.0032
v -0.000233 0.049008 -0.000917
v -0.000234 0.049003 0.0032
v -0.000274 0.049014 -0.00092
v -0.000237 0.049004 0.0032
v -0.000338 0.049022 -0.000924
v -0.000409 0.049049 -0.000929
v -0.000410198 0.0490436 0.00320736
v -0.000567 0.049134 -0.00094
v -0.000515 0.0491 0.0032
v -0.000498 0.049084 -0.000935
v -0.000455 0.049063 0.0032
v -0.000602 0.049153 0.0032
v -0.000636 0.049184 -0.000945
v -0.000702 0.049255 0.0032
v -0.000699 0.049257 -0.000949
v -0.000723 0.049277 0.0032
v -0.000748 0.049315 -0.000953
v -0.000729794 0.0492876 0.00327208
v -0.000796 0.049405 0.0032
v -0.000794 0.04941 -0.000956
v -0.000813 0.049435 0.0032
v -0.000824 0.049472 -0.000958
v -0.000852 0.049581 0.0032
v -0.000847 0.049582 -0.000959
v -0.000859 0.049607 0.0032
v -0.000859 0.049641 -0.00096
v -0.000862 0.049762 0.0032
v -0.000854 0.049761 -0.00096
v -0.000857 0.049787 0.0032
v -0.000852 0.049814 -0.00096
v -0.000833 0.049893 0.0032
v -0.000815 0.049937 -0.000957
v -0.000823 0.049939 0.0032
v -0.000802 0.04998 -0.000956
v -0.000791 0.050001 0.0032
v -0.000734 0.050097 -0.000951
v -0.000739 0.0501 0.0032
v -0.000722 0.050118 -0.00095
v -0.00063 0.05022 0.0032
v -0.000614 0.050231 -0.000943
v -0.000617 0.050234 0.0032
v -0.000602 0.050244 -0.000942
v -0.0005 0.05031 0.0032
v -0.000406182 0.0503559 0.00328404
v -0.000399 0.05036 -0.000927
v -0.000424 0.05035 0.0032
v -0.000453 0.050337 -0.000931
v -0.000464 0.050333 0.0032
v -0.000463 0.050331 -0.000932
v -0.000508 0.050303 -0.000935
v 0.070444 -0.00501325 0.0412202
v 0.0796212 -0.00707077 0.0431778
v 0.0725713 -0.00692243 0.041628
v 0.0866417 -0.007708 0.0439633
v 0.0807186 -0.000200787 0.0436941
v 0.0811995 -0.01155 0.0426671
v 0.0672202 -0.00144687 0.0404939
v 0.0659349 6.95171e-05 0.0404022
v 0.065626 -0.002505 0.040451
v 0.0661435 -0.00526021 0.0403541
v 0.065339 -0.002537 0.040523
v 0.065291 -0 0.040538
v 0.065284 -0 0.040542
v 0.065161 -0 0.040624
v 0.065205 -0 0.040595
v 0.064983 -0 0.040863
v 0.065059 -0 0.040733
v 0.065047 -0 0.040746
v 0.065045 -0 0.040748
v 0.064951 -0 0.040942
v 0.064935 -0 0.041005
v 0.064918 -0 0.041072
v 0.064918 -0 0.041082
v 0.064822 -0.003984 0.041125
v 0.0649116 0.000155591 0.0411335
v 0.0655121 1.18504e-05 0.0404587
v 0.061517 0.024051 0.040746
v 0.061415 0.024239 0.040735
v 0.06165 0.023795 0.040761
v 0.06226 0.022416 0.040831
v 0.062517 0.021691 0.04086
v 0.06245 0.021902 0.040852
v 0.062743 0.020949 0.040886
v 0.062844 0.020595 0.040897
v 0.062749 0.020931 0.040886
v 0.062826 0.020668 0.040895
v 0.062358 0.02217 0.040842
v 0.0622774 0.0223792 0.0408324
v 0.062739 0.020964 0.040885
v 0.06263 0.021334 0.040873
v 0.062527 0.021658 0.040861
v 0.0625262 0.0216807 0.0408612
v 0.063073 0.019601 0.040923
v 0.06293 0.020237 0.040907
v 0.062884 0.020425 0.040902
v 0.062167 0.022667 0.04082
v 0.062104 0.022813 0.040813
v 0.062072 0.022884 0.040809
v 0.06489 0 0.041131
v 0.064788 -0.004286 0.04112
v 0.063097 0.019517 0.040926
v 0.06311 0.019404 0.040928
v 0.0631566 0.0192122 0.0409328
v 0.063181 0.019037 0.040936
v 0.063233 0.018822 0.040942
v 0.06387 0.014795 0.041014
v 0.063823 0.015124 0.041009
v 0.063966 0.014013 0.041025
v 0.064859 0.002556 0.041127
v 0.064849 0.002858 0.041126
v 0.064771 0.004283 0.041117
v 0.064849 0.002863 0.041126
v 0.0648202 0.00375182 0.0411219
v 0.0646377 0.00736527 0.0411024
v 0.064631 0.007472 0.041101
v 0.064633 0.007395 0.041101
v 0.0648752 0.00202808 0.0411289
v 0.064873 0.001949 0.041129
v 0.064887 0.001629 0.04113
v 0.064888 0.001614 0.04113
v 0.06173 0.02364 0.04077
v 0.061728 0.023644 0.04077
v 0.061716 0.023667 0.040769
v 0.061957 0.023158 0.040796
v 0.061919 0.02324 0.040792
v 0.061869 0.023343 0.040786
v 0.061762 0.02357 0.040774
v 0.063627 0.016501 0.040987
v 0.0635815 0.0167615 0.0408907
v 0.063586 0.016756 0.040982
v 0.063435 0.017687 0.040965
v 0.0633504 0.018178 0.0409547
v 0.063333 0.018245 0.040953
v 0.064566 0.008372 0.041094
v 0.064563 0.008406 0.041093
v 0.064472 0.009105 0.041083
v 0.0644936 0.00922775 0.0410858
v 0.061575 0.023944 0.040753
v 0.063284 0.018565 0.040948
v 0.063235 0.018813 0.040942
v 0.064623 0.007621 0.0411
v 0.064613 0.007777 0.041099
v 0.064396 0.010297 0.041074
v 0.064307 0.011272 0.041064
v 0.064273 0.011558 0.04106
v 0.064235 0.011882 0.041056
v 0.064226 0.011958 0.041055
v 0.064197 0.012205 0.041052
v 0.064868 0.002248 0.041128
v 0.064862 0.002445 0.041127
v 0.064721 0.005416 0.041111
v 0.064649 0.007166 0.041103
v 0.064668 0.006859 0.041105
v 0.064902 0.00072 0.041132
v 0.064902 0.000763 0.041132
v 0.064898 0.000976 0.041132
v 0.064897 0.001023 0.041132
v 0.064893 0.001326 0.041131
v 0.06489 0.001477 0.041131
v 0.064888 0.001594 0.04113
v 0.063805 0.015252 0.041007
v 0.063776 0.015452 0.041004
v 0.063756 0.015582 0.041001
v 0.06373 0.015777 0.040998
v 0.063715 0.01588 0.040997
v 0.063532 0.017094 0.040976
v 0.063684 0.016101 0.040993
v 0.063638 0.016423 0.040988
v 0.063531 0.017099 0.040976
v 0.063478 0.017429 0.04097
v 0.063472 0.017469 0.040969
v 0.064592 0.008087 0.041096
v 0.064373 0.01056 0.041072
v 0.064369 0.010608 0.041071
v 0.064342 0.010918 0.041068
v 0.064311 0.011232 0.041065
v 0.064322 0.011144 0.041066
v 0.0647907 0.00473274 0.0411185
v 0.064691 0.006462 0.041108
v 0.064895 0.001175 0.041131
v 0.064895 0.00119 0.041131
v 0.06416 0.012527 0.041047
v 0.064146 0.012639 0.041046
v 0.064115 0.012892 0.041042
v 0.064122 0.012848 0.041043
v 0.064113 0.012911 0.041042
v 0.064085 0.013167 0.041039
v 0.0639625 0.0141282 0.0410251
v 0.0644394 0.00982224 0.0410784
v 0.0646636 0.00670255 0.0410975
v 0.0640071 0.0138226 0.0410295
v 0.054362 0.030812 0.039931
v 0.051611 0.032217 0.039618
v 0.053282 0.03138 0.039808
v 0.061414 0.02424 0.040734
v 0.061283 0.024459 0.040719
v 0.054116 0.030963 0.039903
v 0.05626 0.029646 0.040147
v 0.056182 0.029658 0.040138
v 0.056375 0.029574 0.04016
v 0.056723 0.029315 0.0402
v 0.057235 0.028951 0.040258
v 0.058991 0.027415 0.040458
v 0.058666 0.027717 0.040421
v 0.058814 0.027597 0.040438
v 0.050589 0.032638 0.039501
v 0.050183 0.032818 0.039455
v 0.051279 0.032354 0.03958
v 0.0517481 0.0321152 0.0396279
v 0.058185 0.028169 0.040367
v 0.0581469 0.0281952 0.0403622
v 0.058056 0.028286 0.040352
v 0.05746 0.028757 0.040284
v 0.057323 0.028869 0.040268
v 0.061238 0.024545 0.040714
v 0.061171 0.024661 0.040707
v 0.060924 0.025053 0.040679
v 0.060911 0.025075 0.040677
v 0.047604 0.033824 0.039161
v 0.046998 0.034049 0.039092
v 0.048414 0.033532 0.039253
v 0.048888 0.033362 0.039307
v 0.049104 0.033249 0.039332
v 0.050502 0.032674 0.039491
v 0.04596 0.034425 0.038974
v 0.044755 0.034806 0.038836
v 0.044402 0.034938 0.038796
v 0.044575 0.034864 0.038816
v 0.043755 0.035139 0.038722
v 0.043614 0.035176 0.038706
v 0.042834 0.035425 0.038618
v 0.038422 0.036651 0.038115
v 0.03787 0.036807 0.038052
v 0.037867 0.036815 0.038052
v 0.037208 0.036979 0.037976
v 0.037137 0.037001 0.037968
v 0.032783 0.038053 0.037472
v 0.034744 0.0376 0.037696
v 0.032317 0.038165 0.037419
v 0.031609 0.038335 0.037339
v 0.059528 0.026861 0.040519
v 0.059945 0.026381 0.040567
v 0.05971 0.026651 0.04054
v 0.059494 0.026888 0.040516
v 0.059357 0.027039 0.0405
v 0.059176 0.027235 0.040479
v 0.059022 0.02739 0.040462
v 0.047305 0.033932 0.039127
v 0.046094 0.034368 0.038989
v 0.0460679 0.0343724 0.0389844
v 0.036545 0.037149 0.037901
v 0.036307 0.037214 0.037874
v 0.036876 0.037064 0.037939
v 0.036945 0.037047 0.037946
v 0.0425416 0.0354811 0.0385843
v 0.060325 0.025902 0.04061
v 0.060297 0.025938 0.040607
v 0.060344 0.025879 0.040613
v 0.060216 0.026042 0.040598
v 0.060147 0.026133 0.04059
v 0.060051 0.026249 0.040579
v 0.059796 0.026549 0.04055
v 0.040482 0.036066 0.03835
v 0.040002 0.036202 0.038295
v 0.038475 0.036636 0.038121
v 0.060821 0.025206 0.040667
v 0.060658 0.025447 0.040648
v 0.060635 0.025481 0.040646
v 0.060378 0.025832 0.040616
v 0.060377 0.025834 0.040616
v 0.036471 0.037166 0.037893
v 0.035406 0.037422 0.037771
v 0.0346491 0.0376043 0.037685
v 0.008462 0.042801 0.034701
v 0.008452 0.042803 0.0347
v 0.003965 0.043458 0.034189
v 0.006774 0.04307 0.034509
v 0.005922 0.043206 0.034412
v 0.001082 0.043812 0.03386
v -0.0004 0.043905 0.033692
v 0.001282 0.043788 0.033883
v 0.002914 0.043566 0.034069
v 0.00342427 0.0435387 0.0341211
v -0.04276 0.019268 0.028865
v -0.042783 0.019216 0.028863
v -0.042394 0.020002 0.028907
v -0.0213185 0.0401675 0.031308
v -0.02148 0.040108 0.03129
v -0.022198 0.039761 0.031208
v -0.022507 0.039618 0.031173
v -0.023763 0.038975 0.03103
v -0.022933 0.039414 0.031124
v -0.024358 0.038668 0.030962
v -0.011552 0.043246 0.032421
v -0.011142 0.043342 0.032468
v -0.012857 0.042998 0.032272
v 0.005149 0.043276 0.034324
v 0.009882 0.042551 0.034863
v 0.01011 0.042538 0.034889
v 0.010688 0.042427 0.034955
v -0.020606 0.040482 0.031389
v -0.020187 0.040676 0.031437
v -0.020502 0.040523 0.031401
v -0.019245 0.041049 0.031544
v -0.018985 0.041139 0.031574
v -0.018872 0.041197 0.031587
v -0.016163 0.042089 0.031896
v -0.016192 0.042118 0.031892
v -0.015668 0.042256 0.031952
v 0.003602 0.043503 0.034148
v 0.005074 0.043323 0.034315
v 0.005571 0.043262 0.034372
v 0.013266 0.042004 0.035249
v 0.0109487 0.0424044 0.0349848
v -0.038258 0.02664 0.029378
v -0.037718 0.027341 0.02944
v -0.037592 0.027507 0.029454
v -0.037443 0.027687 0.029471
v -0.03716 0.028043 0.029503
v -0.029749 0.035174 0.030348
v -0.02887 0.035812 0.030448
v -0.028609 0.036005 0.030478
v -0.02828 0.036228 0.030515
v -0.02845 0.036122 0.030496
v -0.027546 0.036727 0.030599
v -0.027116 0.037022 0.030648
v -0.026805 0.037209 0.030683
v -0.0261525 0.0377952 0.0307444
v -0.026193 0.037581 0.030753
v -0.025636 0.037936 0.030816
v -0.025298 0.038125 0.030855
v -0.025153 0.038205 0.030871
v -0.015208 0.042386 0.032004
v -0.014996 0.042447 0.032029
v -0.014263 0.04266 0.032112
v -0.01417 0.042682 0.032123
v -0.013278 0.042883 0.032224
v -0.012033 0.043145 0.032366
v -0.000675547 0.0439494 0.0336602
v -0.000633 0.043919 0.033665
v -0.001054 0.043944 0.033617
v -0.00245 0.044024 0.033458
v -0.002823 0.044004 0.033416
v 0.015117 0.041665 0.03546
v 0.014992 0.041688 0.035445
v 0.015807 0.04153 0.035538
v 0.013678 0.041928 0.035296
v 0.013376 0.041984 0.035261
v -0.045582 0.011747 0.028544
v -0.045788 0.010968 0.02852
v -0.045886 0.010577 0.028509
v -0.032234 0.033141 0.030065
v -0.031631 0.033654 0.030133
v -0.031409 0.033842 0.030159
v -0.030412 0.034647 0.030272
v -0.03101 0.03418 0.030204
v -0.030275 0.034758 0.030288
v -0.030268 0.034763 0.030289
v 0.019472 0.040856 0.035956
v 0.016772 0.041349 0.035648
v 0.019778 0.040796 0.035991
v 0.020915 0.040571 0.03612
v 0.018523 0.041041 0.035848
v 0.01819 0.041102 0.03581
v 0.016547 0.041403 0.035623
v 0.016596 0.041394 0.035628
v 0.030958 0.038482 0.037264
v 0.030411 0.038601 0.037202
v 0.030764 0.038525 0.037242
v 0.029653 0.038775 0.037116
v -0.046321 0.008608 0.02846
v -0.046398 0.008212 0.028451
v -0.046363 0.008392 0.028455
v -0.042972 0.018819 0.028841
v -0.043103 0.018543 0.028826
v -0.043157 0.018419 0.02882
v -0.043433 0.01781 0.028789
v -0.043516 0.017615 0.028779
v -0.010143 0.043502 0.032582
v -0.00982 0.043539 0.032618
v -0.009421 0.043618 0.032664
v -0.008085 0.04376 0.032816
v -0.007689 0.043824 0.032861
v -0.008081 0.043761 0.032816
v -0.007397 0.04382 0.032894
v 0.01797 0.041143 0.035785
v 0.029207 0.038872 0.037065
v 0.029189 0.038875 0.037063
v 0.028622 0.038997 0.036998
v 0.027694 0.0392 0.036892
v -0.040224 0.023808 0.029154
v -0.039987 0.024176 0.029181
v -0.040004 0.024157 0.029179
v -0.037164 0.028029 0.029503
v -0.037137 0.028062 0.029506
v -0.036719 0.028572 0.029554
v -0.036599 0.028705 0.029567
v -0.036346 0.028988 0.029596
v -0.036731 0.0289084 0.0295348
v -0.035428 0.030019 0.029701
v -0.034561 0.030937 0.029799
v -0.034208 0.031283 0.02984
v -0.034024 0.031465 0.029861
v -0.034025 0.031459 0.029861
v -0.033418 0.03206 0.02993
v -0.032944 0.032494 0.029984
v -0.032293 0.03308 0.030058
v 0.024772 0.039804 0.03656
v 0.024511 0.039863 0.03653
v 0.024646 0.039829 0.036545
v 0.024138 0.03994 0.036487
v 0.023616 0.040034 0.036428
v 0.0237676 0.0400167 0.0364453
v 0.027645 0.03921 0.036887
v 0.027463 0.039248 0.036866
v 0.026698 0.039407 0.036779
v 0.02608 0.039536 0.036709
v 0.025803 0.039594 0.036677
v -0.046444 0.007959 0.028446
v -0.04647 0.007815 0.028443
v -0.046483 0.007742 0.028441
v -0.044343 0.01557 0.028685
v -0.044482 0.015198 0.028669
v -0.044497 0.015156 0.028667
v -0.044618 0.014819 0.028654
v -0.044646 0.014739 0.02865
v -0.044751 0.01444 0.028638
v -0.044791 0.014321 0.028634
v -0.04488 0.014059 0.028624
v -0.044932 0.0139 0.028618
v -0.045006 0.013676 0.028609
v -0.045069 0.013478 0.028602
v -0.045128 0.013293 0.028595
v -0.045202 0.013053 0.028587
v -0.045247 0.012908 0.028582
v -0.045267 0.01284 0.02858
v -0.040435 0.02348 0.02913
v -0.040604 0.023205 0.029111
v -0.040687 0.023065 0.029101
v -0.040854 0.022796 0.029082
v -0.041135 0.022315 0.02905
v -0.041261 0.022105 0.029036
v -0.04157 0.021552 0.029001
v -0.041655 0.021406 0.028991
v -0.04199 0.020781 0.028953
v -0.042036 0.0207 0.028948
v -0.042026 0.020711 0.028949
v -0.042331 0.02013 0.028914
v -0.042405 0.019988 0.028906
v -0.002888 0.044024 0.033408
v -0.003677 0.044026 0.033318
v -0.004295 0.043996 0.033248
v -0.004203 0.044027 0.033258
v -0.004585 0.043994 0.033215
v -0.005951 0.04396 0.033059
v -0.006337 0.043912 0.033015
v -0.006653 0.043905 0.032979
v -0.007193 0.043863 0.032918
v -0.046521 0.007525 0.028437
v -0.046539 0.007417 0.028435
v -0.046593 0.00709 0.028429
v -0.046605 0.007019 0.028427
v -0.046628 0.006873 0.028425
v -0.046355 0.008429 0.028456
v -0.046277 0.008824 0.028465
v -0.046241 0.009003 0.028469
v -0.046187 0.009256 0.028475
v -0.046158 0.009398 0.028478
v -0.046141 0.009472 0.02848
v -0.046093 0.009687 0.028486
v -0.046071 0.009792 0.028488
v -0.046009 0.010056 0.028495
v -0.04598 0.010185 0.028498
v -0.045922 0.010425 0.028505
v -0.039791 0.024474 0.029204
v -0.039746 0.024543 0.029209
v -0.039624 0.02473 0.029223
v -0.039251 0.02527 0.029265
v -0.039235 0.025298 0.029267
v -0.03902 0.025598 0.029291
v -0.038838 0.02586 0.029312
v -0.038786 0.025925 0.029318
v -0.038638 0.026133 0.029335
v -0.038431 0.026416 0.029359
v 0.021361 0.040487 0.036171
v 0.021023 0.040553 0.036132
v -0.046725 0.00622 0.028414
v -0.046694 0.006438 0.028417
v -0.046697 0.00642 0.028417
v -0.046678 0.006547 0.028419
v -0.046667 0.00662 0.02842
v -0.046661 0.006656 0.028421
v -0.04665 0.006732 0.028422
v -0.046636 0.006819 0.028424
v -0.043749 0.01707 0.028753
v -0.043809 0.016926 0.028746
v -0.043859 0.016803 0.02874
v -0.043903 0.016699 0.028735
v -0.043867 0.016784 0.028739
v -0.045311 0.01269 0.028575
v -0.045362 0.012523 0.028569
v -0.04533 0.012626 0.028572
v -0.045474 0.012135 0.028556
v -0.045437 0.012261 0.02856
v -0.045384 0.012444 0.028566
v -0.044025 0.016394 0.028721
v -0.044053 0.016326 0.028718
v -0.044186 0.015982 0.028703
v -0.044199 0.015951 0.028701
v -0.044342 0.015575 0.028685
v -0.045738 0.011161 0.028526
v -0.045541 0.011894 0.028548
v -0.045489 0.012078 0.028554
v -0.042561 0.020814 0.022815
v -0.0476079 -0.000497859 0.0169684
v -0.046951 0.006927 0.022563
v -0.0474448 0.00388289 0.0167412
v -0.0466232 0.0093124 0.0209792
v -0.0454642 0.0138178 0.0214741
v -0.044066 0.017482 0.022729
v -0.0394357 0.0266004 0.0185052
v -0.0397236 0.0257278 0.0232833
v -0.0424792 0.0215041 0.0175489
v -0.0356677 0.0315917 0.0151241
v -0.03412 0.033045 0.020009
v -0.0318808 0.0352573 0.0207202
v -0.0229413 0.0417154 0.0167533
v -0.0269117 0.0391566 0.0199412
v -0.0209961 0.0426001 0.0197714
v -0.016397 0.044696 0.0167
v -0.0162793 0.0447333 0.0169596
v -0.017328 0.0442206 0.0198581
v -0.0186476 0.0428404 0.0254981
v -0.047053 0.00312 0.028376
v -0.028593 0.037428 0.023618
v -0.046962 0.003986 0.028387
v 0.0672397 0.000849797 0.0405064
v -0.043859 0.01909 0.0038
v -0.035229 0.032357 0.0038
v -0.020825 0.042943 0.0038
v -0.02718 0.0388835 0.0038
v -0.01636 0.044949 0.0038
v -0.016331 0.044868 0.00874
v -0.040097 0.026083 0.0038
v -0.043074 0.020549 0.0038
v -0.046935 0.0083605 0.0038
v -0.045916 0.013035 0.0038
v -0.047648 -0.004209 0.0038
v -0.047655 -0.002883 0.0038
v -0.047688 0.003732 0.0038
v -0.046295 -0.012034 0.0038
v -0.043666 -0.019527 0.0038
v -0.044032 -0.018485 0.0038
v -0.040314 -0.025612 0.0038
v -0.037369 -0.029595 0.0038
v -0.029585 -0.037513 0.0038
v -0.015013 -0.045417 0.0038
v -0.02232 -0.042307 0.0038
v -0.029012 -0.038031 0.0038
v -0.007292 -0.047275 0.0038
v 0.00063 -0.04783 0.0038
v 0.0123685 -0.046036 0.0038
v 0.048795 0.004481 -0.019168
v 0.048856 0.003483 -0.019384
v 0.0490408 -0.000224129 -0.014855
v 0.0492336 8.72431e-05 0.00380031
v 0.0483071 0.00818646 -0.0186598
v 0.047548 0.011839 -0.018134
v 0.047189 0.0130778 -0.0178956
v 0.044012 0.021477 -0.015993
v 0.044928 0.019501 -0.016479
v 0.0453313 0.0186033 -0.0167284
v 0.046508 0.015429 -0.01744
v 0.0401666 0.0282108 0.00379973
v 0.0393794 0.0291749 -0.0141986
v 0.0421038 0.0250704 -0.0152104
v 0.0467165 0.0154619 0.00380103
v 0.043621 0.022322 -0.015785
v 0.0353309 0.0333544 0.0035156
v 0.030148 0.0386287 0.0038
v 0.030057 0.038698 -0.013967
v 0.032692 0.036478 -0.014046
v 0.0268454 0.0409918 -0.0138636
v 0.0284486 0.0398463 -0.0139174
v 0.0272524 0.0405447 0.00366846
v 0.020066 0.044703 0.0038
v 0.016423 0.046166 0.0038
v 0.016423 0.046166 -0.013265
v 0.019944 0.044754 -0.01354
v 0.0199981 0.0447343 -0.0135664
v -0.000163 0.049 0.0038
v -0.000168102 0.049 0.00338002
v 0.00382 0.048849 0.0038
v 5.03433e-05 0.0489999 -0.00232118
v 0.00453877 0.0488022 -0.0104756
v 0.016207 0.046237 0.0038
v 0.016206 0.046234 -0.013239
v 0.0130043 0.0472436 -0.0128712
v 0.006752 0.048533 0.0038
v 0.0111687 0.0477492 0.00380007
v 0.00952132 0.0480729 -0.0122319
v 0.005826 0.048652 -0.011002
v 0.047834 -0 0.0038
v 0.124558 0.0456946 -0.0186915
v 0.123654 0.0504767 -0.0186567
v 0.121616 0.0484954 -0.023198
v 0.121184 0.0508 -0.0228767
v 0.119009 0.0483866 -0.0266921
v 0.120704 0.0452993 -0.0254112
v 0.127826 0.00148313 -0.018563
v 0.130203 0.00106133 -0.0123209
v 0.131705 0.00143746 -0.00537931
v 0.131977 0.00241036 -0.000349756
v 0.131019 0.0170366 -0.00705311
v 0.129803 0.0136494 -0.0130397
v 0.128405 0.0183499 -0.0159036
v 0.12616 0.00393 -0.0220039
v 0.131377 0.0170967 0.00433683
v 0.131655 0.007763 0.00455
v 0.129696 0.007558 0.013387
v 0.119906 0.0132562 0.0303156
v 0.124331 0.0169023 0.0243778
v 0.128064 -0.00442095 0.0186843
v 0.126082 0.00946565 0.0217775
v 0.131497 0.00717806 0.00678654
v 0.129087 0.0169883 0.0141875
v 0.131681 0.017087 -0.000186169
v 0.12161 -0.00440252 0.0287976
v 0.117397 0.006549 0.032728
v 0.110788 0.0171 0.03714
v 0.095829 0.006576 0.043186
v 0.088 0.006784 0.043868
v 0.0997051 0.00895905 0.0422586
v 0.107294 0.006477 0.039446
v 0.103785 0.0128839 0.0407932
v 0.109313 0.0174139 0.0379968
v 0.113622 0.0108209 0.0356254
v 0.115713 0.017101 0.033803
v 0.0099474 0.0542539 0.00133007
v 0.00529087 0.0524944 0.00222364
v 0.00890873 0.0536256 -0.00299222
v -0.000259 0.049831 -0.004252
v 0.016507 0.046563 -0.013892
v 0.016501 0.046544 -0.013883
v 0.013388 0.047592 -0.013548
v 0.013349 0.047885 -0.013583
v 0.013359 0.047786 -0.013583
v 2.9e-05 0.049089 -0.003986
v 0.000131 0.049039 -0.003938
v -6.4e-05 0.049159 -0.004032
v -0.000253 0.049461 -0.004156
v -0.000208 0.049348 -0.004117
v 0.013624 0.047074 -0.013035
v 0.00024 0.049008 -0.003889
v 0.001181 0.048994 -0.00673
v 0.00347633 0.0489183 -0.00991972
v 0.005289 0.048721 -0.010852
v 0.007999 0.04835 -0.011908
v 0.010801 0.047801 -0.012584
v -0.000277 0.049582 -0.004191
v 0.000447666 0.0493534 -0.00638283
v -0.000144 0.049246 -0.004076
v 0.00148795 0.0492971 -0.00834122
v 0.000998 0.049076 -0.006866
v 0.00534863 0.0491773 -0.0114888
v 0.001086 0.049025 -0.006799
v 0.00261804 0.0491548 -0.00946839
v 0.00405897 0.0491916 -0.0107439
v 0.005004 0.049048 -0.011219
v 0.007671 0.048762 -0.012319
v 0.016494 0.046523 -0.013875
v 0.016476 0.046463 -0.013835
v 0.013406 0.047499 -0.013513
v 0.013427 0.047412 -0.013467
v 0.010496 0.048188 -0.013003
v 0.010538 0.048096 -0.012954
v 0.007715 0.048662 -0.012275
v 0.007764 0.048572 -0.012219
v 0.00505 0.048951 -0.011164
v 0.005102 0.048869 -0.011098
v 0.00183957 0.0489695 -0.00793451
v 0.016444 0.046345 -0.013726
v 0.016435 0.046303 -0.013663
v 0.01348 0.047262 -0.01335
v 0.016462 0.046411 -0.013787
v 0.013452 0.047333 -0.013413
v 0.010584 0.048014 -0.012895
v 0.007817 0.048495 -0.012152
v 0.00516 0.048803 -0.011022
v 0.010634 0.047943 -0.012827
v 0.007875 0.048432 -0.012077
v 0.005223 0.048754 -0.010939
v 0.016433 0.046293 -0.013648
v 0.016422 0.046245 -0.013577
v 0.013511 0.0472 -0.013281
v 0.013545 0.047147 -0.013204
v 0.010686 0.047883 -0.012751
v 0.010742 0.047836 -0.012669
v 0.007936 0.048383 -0.011994
v 0.013583 0.047105 -0.013121
v 0.01642 0.046177 -0.013344
v 0.016417 0.046187 -0.013412
v 0.016416 0.046189 -0.013427
v 0.01642 0.046221 -0.013515
v 0.00696422 0.0497696 -0.0118578
v 0.00805297 0.0494165 -0.0123784
v 0.00888421 0.0493681 -0.0123972
v 0.013334 0.048083 -0.013548
v 0.01334 0.047985 -0.013572
v 0.011848 0.0485229 -0.013308
v 0.0135191 0.0481313 -0.0134348
v 0.016676 0.047047 -0.013925
v 0.0166326 0.0471165 -0.0139016
v 0.014952 0.047605 -0.013711
v 0.016666 0.047022 -0.013933
v 0.014949 0.04755 -0.013771
v 0.016636 0.046941 -0.013951
v 0.01662 0.046898 -0.013955
v 0.016649 0.046978 -0.013948
v 0.010394 0.048501 -0.013076
v 0.013372 0.047688 -0.013571
v 0.010424 0.048393 -0.013065
v 0.016525 0.046619 -0.013915
v 0.016539 0.046666 -0.013935
v 0.016562 0.046732 -0.013946
v 0.016577 0.046776 -0.013954
v 0.010458 0.048288 -0.013041
v 0.007633 0.048871 -0.012349
v 0.003676 0.049407 -0.01053
v 0.002521 0.049498 -0.009583
v 0.00153 0.049551 -0.008432
v 0.000743 0.049575 -0.007121
v 0.016605 0.046858 -0.013959
v 0.016594 0.046826 -0.013962
v 0.000124 0.050311 -0.004349
v 0.000296 0.050359 -0.004348
v -7.6e-05 0.050159 -0.004319
v 1.8e-05 0.050243 -0.004335
v 0.0020512 0.0503267 -0.00837974
v 0.00329946 0.0501287 -0.00994978
v 0.00998417 0.049011 -0.012896
v 0.00480028 0.0499005 -0.0110998
v 0.0014461 0.050226 -0.00788391
v 0.00022736 0.0499865 -0.00581144
v 0.00941557 0.0488265 -0.0128748
v 0.00758297 0.0491416 -0.0123707
v 0.00541152 0.0494981 -0.0115511
v 0.00367621 0.0497104 -0.0105281
v 0.00257523 0.0499191 -0.0095855
v 0.00116948 0.0498769 -0.00792546
v -0.000155 0.05006 -0.0043
v -0.000217 0.04995 -0.004277
v -0.000279 0.049707 -0.004223
v 0.019956 0.044823 -0.013834
v 0.020247 0.045532 -0.014228
v 0.023691 0.043768 -0.014424
v 0.023656 0.043704 -0.014427
v 0.020216 0.045464 -0.014238
v 0.026931 0.041628 -0.014549
v 0.02697 0.041689 -0.014558
v 0.030131 0.039422 -0.014654
v 0.03291 0.036742 -0.014636
v 0.029966 0.039203 -0.014561
v 0.030047 0.039312 -0.014623
v 0.032995 0.036839 -0.014701
v 0.035729 0.034152 -0.014784
v 0.035642 0.034066 -0.014717
v 0.042554 0.025048 -0.015843
v 0.04426 0.021733 -0.016554
v 0.044197 0.021688 -0.016496
v 0.026636 0.041143 -0.01399
v 0.019944 0.044773 -0.013682
v 0.0227732 0.0446947 -0.0143021
v 0.048978 0.001629 -0.019864
v 0.049004 0.00166728 -0.019995
v 0.0490686 0.000456515 -0.0203437
v 0.048946 0.003538 -0.019648
v 0.0490096 0.00270015 -0.0198533
v 0.048568 0.007294 -0.019174
v 0.0488954 0.00379934 -0.0197784
v 0.048383 0.008611 -0.019064
v 0.048749 0.00589076 -0.0194304
v 0.048833 0.005277 -0.019445
v 0.047895 0.011032 -0.018709
v 0.0478578 0.0112358 -0.0187044
v 0.0471573 0.0139685 -0.0182318
v 0.045722 0.01829 -0.017343
v 0.0469091 0.0148525 -0.018091
v 0.0444233 0.0214561 -0.0166651
v 0.045218 0.019726 -0.017067
v 0.0456409 0.0185404 -0.0173062
v 0.043493 0.023473 -0.016217
v 0.043142 0.024107 -0.016091
v 0.042117 0.025955 -0.015723
v 0.042599 0.025086 -0.015896
v 0.042593 0.025076 -0.015865
v 0.041903 0.026341 -0.015647
v 0.04167 0.026703 -0.015591
v 0.040624 0.028284 -0.015321
v 0.040641 0.0283 -0.015346
v 0.040218 0.028956 -0.015245
v 0.03582 0.03424 -0.014824
v 0.0373681 0.0327942 -0.0149168
v 0.038323 0.031338 -0.014972
v 0.0383027 0.0315082 -0.0149843
v 0.038369 0.031376 -0.014986
v 0.040018 0.029224 -0.015218
v 0.033083 0.036939 -0.014736
v 0.0349979 0.0352593 -0.0148061
v 0.0339085 0.0362857 -0.0147707
v 0.029342 0.040156 -0.014631
v 0.0317792 0.0382809 -0.0147033
v 0.025064 0.0433461 -0.0144453
v 0.019062 0.046084 -0.014109
v 0.023351 0.043093 -0.013863
v 0.029773 0.038932 -0.014086
v 0.032708 0.036501 -0.014169
v 0.0344675 0.0348238 -0.0140999
v 0.040259 0.027948 -0.014762
v 0.04228 0.024781 -0.015329
v 0.044034 0.021507 -0.016075
v 0.045535 0.018111 -0.016903
v 0.046785 0.014577 -0.017693
v 0.047771 0.010957 -0.018409
v 0.04847 0.007246 -0.018907
v 0.048881 0.003492 -0.01943
v 0.048329 0.009011 -0.019019
v 0.047859 0.011015 -0.018655
v 0.04854 0.007284 -0.019125
v 0.048927 0.003529 -0.019607
v 0.045669 0.018256 -0.017285
v 0.046898 0.014682 -0.018038
v 0.038234 0.031261 -0.014925
v 0.040538 0.028218 -0.015279
v 0.040497 0.028185 -0.015251
v 0.042479 0.024993 -0.015787
v 0.038077 0.03112 -0.014765
v 0.03815 0.031187 -0.014856
v 0.040356 0.028064 -0.015091
v 0.040421 0.028122 -0.01518
v 0.042358 0.02489 -0.015631
v 0.042413 0.02494 -0.015715
v 0.044097 0.021603 -0.016346
v 0.044142 0.021644 -0.016426
v 0.045587 0.01819 -0.017145
v 0.045624 0.018222 -0.017218
v 0.04683 0.014635 -0.017909
v 0.04686 0.014658 -0.017976
v 0.035565 0.03399 -0.014625
v 0.032834 0.036654 -0.014545
v 0.029893 0.039105 -0.01447
v 0.026748 0.041336 -0.014384
v 0.023451 0.043313 -0.014267
v 0.020057 0.045095 -0.014148
v 0.023482 0.043373 -0.014316
v 0.020087 0.045167 -0.014187
v 0.026781 0.04139 -0.014433
v 0.026816 0.041447 -0.014474
v 0.026853 0.041506 -0.014508
v 0.026892 0.041567 -0.014533
v 0.020118 0.045242 -0.014215
v 0.038278 0.031299 -0.014951
v 0.040581 0.028251 -0.015303
v 0.020184 0.045392 -0.01424
v 0.020151 0.045318 -0.014233
v 0.023621 0.043639 -0.014423
v 0.023585 0.043571 -0.01441
v 0.023549 0.043504 -0.014388
v 0.023514 0.043437 -0.014356
v 0.023367 0.043136 -0.014008
v 0.019968 0.044861 -0.013908
v 0.023401 0.043211 -0.014147
v 0.019985 0.044908 -0.013978
v 0.020005 0.044964 -0.014043
v 0.020029 0.045026 -0.0141
v 0.023424 0.043259 -0.01421
v 0.026656 0.041181 -0.014131
v 0.026693 0.041246 -0.014266
v 0.029795 0.038966 -0.014223
v 0.029835 0.039024 -0.014354
v 0.032731 0.036531 -0.014303
v 0.032773 0.036583 -0.014431
v 0.035462 0.033882 -0.014389
v 0.035504 0.033927 -0.014514
v 0.037982 0.031024 -0.014538
v 0.038021 0.031065 -0.014657
v 0.040274 0.027975 -0.014877
v 0.040307 0.028014 -0.014988
v 0.042291 0.024809 -0.015433
v 0.042317 0.024846 -0.015535
v 0.044043 0.021533 -0.016168
v 0.044064 0.021566 -0.01626
v 0.045542 0.018134 -0.016985
v 0.04556 0.01816 -0.017067
v 0.046792 0.014594 -0.017766
v 0.046807 0.014613 -0.017839
v 0.047803 0.010984 -0.018536
v 0.048496 0.007264 -0.019019
v 0.048898 0.00351 -0.01952
v 0.0505434 -0.00208587 -0.0232103
v 0.0495375 -0.00161917 -0.0214666
v 0.049335 -0.001978 -0.021129
v 0.0496212 -1.6648e-05 -0.0213758
v 0.0498604 -0.00998815 -0.0223689
v 0.052679 -0.009992 -0.025931
v 0.0521896 -0.00728014 -0.0257589
v 0.0518768 -0.00019899 -0.0250569
v 0.0493706 -3.23341e-06 -0.0209432
v 0.0494723 -1.70848e-05 -0.021142
v 0.0491834 -4.42607e-06 -0.0206198
v 0.0490871 -2.40119e-06 -0.0204562
v 0.0495084 -0.000425765 -0.0212788
v 0.0494857 -6.84553e-05 -0.0212003
v 0.050842 -0.008009 -0.023855
v 0.0490727 -0.000509016 -0.0204852
v 0.0493866 -6.95233e-05 -0.0210205
v 0.0491077 -1.94575e-05 -0.0204956
v 0.130864 -0.003932 -0.009898
v 0.12585 -0.004124 -0.022425
v 0.0842934 -0.00147992 -0.0438505
v 0.0634281 0.00135429 -0.0364784
v 0.0791251 -0.000772712 -0.0430831
v 0.1116 -0.00374341 -0.0371877
v 0.121927 0.000997495 -0.0280759
v 0.131946 0.000883155 -0.00209799
v 0.131684 -0.00456604 -0.00551829
v 0.127948 -0.00395005 -0.0184921
v 0.126078 0.00291563 -0.0219843
v 0.119569 -0.000452599 -0.0306926
v 0.115866 -0.00120417 -0.0340684
v 0.116033 0.0110351 -0.0338199
v 0.101126 -0.004712 -0.0420268
v 0.101357 0.0081034 -0.0419054
v 0.0931238 -0.00415505 -0.0437673
v 0.0886026 -0.00134136 -0.0440006
v 0.079452 0.001489 -0.043111
v 0.0717254 -0.000705751 -0.0408605
v 0.0698212 0.0110369 -0.0399156
v 0.0738943 0.00128029 -0.0416006
v 0.0669262 0.00127385 -0.0385257
v 0.0624867 0.00142735 -0.0357582
v 0.0602748 -0.000276495 -0.0341063
v 0.0559486 -0.000528203 -0.0301226
v 0.0549563 -0.00404628 -0.0290409
v 0.0618259 -0.00707178 -0.0352656
v 0.063288 -0.00447765 -0.0364177
v 0.0681727 -0.00229339 -0.0393029
v 0.0761271 -0.00303085 -0.0424256
v 0.0473746 0.0731207 -0.00671485
v 0.0498962 0.0751887 -0.0067627
v 0.0469359 0.0720899 -0.00907683
v 0.0419968 0.0650065 -0.013598
v 0.043449 0.064496 -0.014739
v 0.0432656 0.0611273 -0.0160771
v 0.0435232 0.0624917 -0.0157204
v 0.0450845 0.0613628 -0.0168711
v 0.0483028 0.061666 -0.0184895
v 0.0462073 0.0655863 -0.0158439
v -0.000849494 0.0499007 0.00380169
v -0.000240718 0.0490035 0.00320783
v -0.000361 0.049028 0.003268
v -0.000643363 0.0491846 0.00324682
v -0.000800267 0.0494095 0.00332168
v -0.000855141 0.0495977 0.00344584
v -0.000707739 0.050144 0.00334212
v -0.000442133 0.0503491 0.00328359
v -0.000558 0.050265 0.0038
v -0.000576 0.050253 0.003734
v -0.000636231 0.0502019 0.00372504
v -0.000749 0.05006 0.00372
v -0.000841 0.049517 0.0038
v -0.000845 0.049535 0.0038
v -0.000842 0.04954 0.003687
v -0.000841045 0.0498463 0.00370108
v -0.000728542 0.0492624 0.00380001
v -0.000520044 0.0490986 0.00330055
v -0.000349933 0.049023 0.00379997
v -0.000287759 0.0490108 0.00340017
v -0.000721528 0.0500894 0.00358994
v -0.000539193 0.05028 0.00355088
v -0.00055125 0.0502696 0.00374819
v 0.00400833 0.0518694 0.00378681
v 0.0713594 0.00155028 0.0416224
v 0.0771147 0.00233475 0.0430001
v 0.0684005 0.000239593 0.0407892
v 0.0678908 0.00538428 0.0405714
v 0.0717794 0.0167213 0.0411646
v 0.0673323 0.0160188 0.0401243
v 0.067671 0.0122306 0.0403215
v 0.067761 0.00854589 0.0404528
v 0.086747 0.017095 0.043471
v 0.0155079 0.041589 0.0353925
v 0.0199264 0.0410781 0.0346895
v 0.0167191 0.041751 0.0341487
v 0.0642232 0.0143782 0.0402498
v 0.0637606 0.0160837 0.0405655
v 0.0652906 0.014274 0.0398953
v 0.063975 0.0162594 0.0401911
v 0.063638 0.0174556 0.0403461
v 0.0638573 0.0174349 0.0401061
v 0.0645958 0.0175218 0.0397945
v 0.0636923 0.018835 0.0399988
v 0.0637965 0.0191957 0.0398752
v 0.0636896 0.0209742 0.0396515
v 0.06169 0.023733 0.040637
v 0.0630151 0.0233 0.0394391
v 0.0610163 0.0250956 0.0400965
v 0.0617835 0.0248034 0.0394925
v 0.0612713 0.0261107 0.0392244
v 0.0602777 0.0266344 0.0394578
v 0.0591246 0.027834 0.03933
v 0.0628482 0.0256138 0.0391186
v 0.064994 0.000336997 0.0408089
v 0.0650772 0.000594842 0.0406938
v 0.0649982 0.00222547 0.0407287
v 0.0651607 0.00198131 0.0405708
v 0.0648516 0.00345996 0.0410005
v 0.0654323 0.00217286 0.0404306
v 0.065129 0.003171 0.040545
v 0.0655134 0.00349224 0.0403282
v 0.0654813 0.00809994 0.0401901
v 0.0650763 0.00890001 0.0402729
v 0.0647761 0.00964898 0.0403905
v 0.0656916 0.00903948 0.0400896
v 0.064714 0.010228 0.040389
v 0.0643905 0.0124851 0.0403953
v 0.0643212 0.0121939 0.0405464
v 0.0133087 0.0420281 0.0347853
v 0.066997 0.0177346 0.0399861
v 0.0648351 0.0236333 0.0394029
v 0.000719546 0.0488884 0.0222832
v -0.00343978 0.0479871 0.0213519
v -0.00544874 0.0480036 0.0182412
v 0.00539279 0.0433088 0.0339816
v 0.0164992 0.0414884 0.0349152
v 0.029185 0.038904 0.036724
v 0.0316473 0.0383877 0.0367559
v 0.0333507 0.0379608 0.0372286
v 0.038436 0.036685 0.037794
v 0.0401418 0.0361845 0.0382451
v 0.063523 0.017193 0.040858
v 0.0640668 0.0135519 0.0407974
v 0.0647193 0.00601243 0.0411108
v 0.066418 0.000128 0.0404
v 0.0657008 0.000286942 0.0404164
v 0.0653905 0.000367843 0.0405004
v 0.065267 0.000147 0.04056
v 0.0651352 0.000118847 0.0406474
v 0.0652052 2.21089e-06 0.040596
v 0.0650364 0.000217461 0.0407506
v 0.0650441 8.89151e-06 0.0407477
v 0.0649635 5.68584e-05 0.0408796
v 0.0649254 1.90373e-05 0.0410333
v 0.0649163 0.000741267 0.0410112
v 0.0649144 0.000488502 0.0410397
v 0.0649297 0.000792768 0.0409413
v 0.0648987 0.00166584 0.0410145
v 0.06486 0.002978 0.041045
v 0.0647005 0.0063917 0.041092
v 0.064614 0.00777713 0.0410987
v 0.0646757 0.00741989 0.0408478
v 0.0645449 0.00891523 0.0409119
v 0.0644451 0.0102594 0.0407849
v 0.0643556 0.0108829 0.0409564
v 0.0643394 0.011291 0.0407919
v 0.0641933 0.0125347 0.0408115
v 0.064144 0.0131522 0.0406701
v 0.0639843 0.0141718 0.0407999
v 0.0639104 0.014974 0.0406377
v 0.063227 0.018911 0.040823
v 0.0631921 0.0191411 0.0407285
v 0.0630718 0.01964 0.0409231
v 0.0631263 0.0195626 0.0406041
v 0.0623374 0.022358 0.0404538
v 0.062085 0.022905 0.0405821
v 0.0613698 0.0243993 0.0403725
v 0.0612307 0.0245447 0.040712
v 0.060778 0.025294 0.040471
v 0.060088 0.0262296 0.0403659
v 0.0593171 0.0271437 0.0401255
v 0.0571135 0.0290792 0.0401477
v 0.0366599 0.0371527 0.0375158
v -0.000175 0.043956 0.03321
v -0.00960086 0.043836 0.0314574
v -0.0106012 0.0459443 0.0222321
v -0.0119593 0.0461256 0.0183893
v -0.00955765 0.0468928 0.0176581
v -0.00661084 0.047779 0.0174652
v -0.00533 0.048045 0.01815
v -0.00256124 0.0486667 0.0192459
v 0.00255821 0.0479608 0.0254954
v 0.001926 0.047058 0.02684
v 0.00736298 0.0472889 0.0279732
v 0.00912358 0.0467399 0.0289077
v 0.0119623 0.0459853 0.0300415
v 0.0217191 0.0437098 0.032518
v 0.0246936 0.0429267 0.0331281
v 0.0355048 0.0410968 0.0346579
v 0.0294494 0.0408389 0.0343734
v 0.0537187 0.0355511 0.0374087
v 0.0551342 0.0316552 0.038281
v 0.0471181 0.0365533 0.0366841
v 0.0557971 0.0335385 0.0378314
v 0.0577933 0.0329033 0.0380962
v 0.0627024 0.0286956 0.0389221
v 0.0661082 0.0222422 0.039675
v 0.0659695 0.021108 0.0396718
v 0.066616 0.0144378 0.0400068
v 0.0663028 0.00796685 0.0401648
v 0.0674016 0.00634093 0.0404218
v 0.0661778 0.00705036 0.040204
v 0.0664989 0.00257148 0.0403249
v -0.00157604 0.0455364 0.0285437
v 0.00210982 0.0439128 0.03252
v -0.00534604 0.0442424 0.0315804
v -0.00470387 0.0448888 0.0293993
v -0.0152639 0.0438033 0.0267724
v -0.0140393 0.0432087 0.0301182
v 0.00812764 0.0431618 0.0330402
v 0.0113478 0.0424594 0.0339647
v 0.0039069 0.0438546 0.0322029
v 0.008424 0.042884 0.033987
v 0.0118856 0.0423297 0.0342837
v 0.0641642 0.0128033 0.0407984
v 0.064185 0.013168 0.040589
v 0.0642143 0.0127788 0.0406382
v 0.0652698 0.0104754 0.0401171
v 0.06456 0.012049 0.040312
v 0.0643293 0.0118703 0.0405925
v 0.0643287 0.0116185 0.0406859
v 0.0648427 0.0104303 0.0402797
v 0.0647067 0.0106439 0.0403387
v 0.065077 0.010161 0.040198
v 0.065354 0.009818 0.040148
v 0.0645392 0.0103792 0.0405548
v 0.0646276 0.0110854 0.0403525
v 0.0646624 0.0112599 0.0403158
v 0.0643849 0.0108722 0.0408011
v 0.0644174 0.0111075 0.0406412
v 0.064481 0.0113697 0.0404859
v 0.0647959 0.011292 0.0402158
v 0.0648532 0.0116184 0.0401594
v 0.0646771 0.0118801 0.040248
v 0.0646926 0.00950254 0.0404767
v 0.0646923 0.0100271 0.0404086
v 0.065012 0.00952774 0.0402575
v 0.0645039 0.0106298 0.0405509
v 0.0647598 0.00859363 0.0405046
v 0.0646711 0.00894041 0.0405753
v 0.0645643 0.00924494 0.0407158
v 0.0645067 0.00967952 0.0407762
v 0.0649536 0.0083944 0.0403664
v 0.064983 0.008668 0.040336
v 0.0655046 0.00877852 0.04017
v 0.0653874 0.00763742 0.0402357
v 0.0651383 0.0074733 0.0403249
v 0.0652746 0.00699203 0.0402887
v 0.065858 0.00625449 0.0402073
v 0.0673916 0.00519883 0.0404447
v 0.0646319 0.00794616 0.0408482
v 0.0646882 0.00769978 0.0407516
v 0.065001 0.007825 0.040382
v 0.064941 0.007676 0.040433
v 0.064888 0.00753 0.040489
v 0.0650592 0.00688544 0.0404008
v 0.0650613 0.00639011 0.0404245
v 0.0646867 0.00703049 0.0409301
v 0.0647309 0.00657487 0.0408614
v 0.0647777 0.00550122 0.040906
v 0.0650675 0.00488931 0.0405078
v 0.065041 0.00578404 0.0404757
v 0.064968 0.00626539 0.0404905
v 0.0648547 0.0070375 0.0405644
v 0.0647744 0.00715341 0.0406552
v 0.0648767 0.00820818 0.0404233
v 0.0647498 0.00795059 0.0406012
v 0.0646005 0.00838735 0.0408357
v 0.064582 0.008739 0.040815
v 0.0651681 0.00438255 0.0404577
v 0.0653728 0.00412331 0.0403735
v 0.0657856 0.00432964 0.0402684
v 0.06538 0.00466 0.040357
v 0.0652642 0.00514647 0.0403809
v 0.0651594 0.00552571 0.0404187
v 0.0648701 0.00618753 0.0406136
v 0.0649668 0.00502203 0.0405886
v 0.0650021 0.00395185 0.0406218
v 0.0650502 0.00392974 0.0405732
v 0.0651972 0.00392162 0.040463
v 0.065241 0.006586 0.040333
v 0.065365 0.006398 0.040299
v 0.06755 0.003602 0.040516
v 0.0652875 0.00585838 0.0403454
v 0.065457 0.005696 0.0403
v 0.0657279 0.00582475 0.0402442
v 0.06631 0.00510789 0.0402606
v 0.066416 0.003773 0.040308
v 0.0653207 0.00325955 0.0404249
v 0.065754 0.002676 0.040342
v 0.065313 0.00249864 0.0404584
v 0.0651683 0.00243726 0.0405501
v 0.0660374 0.00119019 0.0403708
v 0.0656561 0.00264638 0.0403439
v 0.0656251 0.00145937 0.040413
v 0.065313 0.002226 0.04048
v 0.0648205 0.00537104 0.0408014
v 0.0648223 0.00475307 0.0408696
v 0.0648278 0.00463634 0.0408616
v 0.0648815 0.0040957 0.0407957
v 0.0649004 0.00359351 0.0407997
v 0.0649517 0.00353558 0.0407142
v 0.0650022 0.00292817 0.0406822
v 0.0649594 0.00259726 0.0407687
v 0.0650419 0.00175914 0.0406961
v 0.064818 0.004203 0.04104
v 0.0648842 0.00299525 0.0409098
v 0.0649229 0.00195842 0.0408898
v 0.0648055 0.00666042 0.0406685
v 0.065093 0.003535 0.040556
v 0.065078 0.003027 0.040596
v 0.0649025 0.00233747 0.0409209
v 0.065076 0.00157409 0.0406735
v 0.0649611 0.00146167 0.0408346
v 0.0649677 0.000988459 0.0408457
v 0.064933 0.00123925 0.0408847
v 0.064881 0.002113 0.041071
v 0.0651632 0.00130855 0.0406082
v 0.0654027 0.00131536 0.0404786
v 0.065344 0.000816 0.040518
v 0.0651552 0.000660018 0.0406179
v 0.064996 0.000607 0.040808
v 0.0651612 0.000960746 0.0406174
v 0.065046 0.000993 0.040731
v 0.064936 0.000606 0.040939
v 0.0649605 0.000410276 0.0408676
v 0.0338564 0.0401107 0.0348849
v 0.0383901 0.0406215 0.035066
v 0.0414456 0.0377264 0.0360888
v 0.0441736 0.0362592 0.0368174
v 0.037475 0.038235 0.035891
v 0.0361763 0.03824 0.0359452
v 0.0401926 0.0369668 0.0366331
v 0.0473437 0.0352484 0.0372063
v 0.049664 0.0338157 0.0378753
v 0.051151 0.0325435 0.0388445
v 0.0528997 0.0316446 0.0393513
v 0.0484452 0.0336023 0.0386765
v 0.0498173 0.0333442 0.038306
v 0.0330729 0.038098 0.0367987
v 0.0403785 0.0362523 0.0376565
v 0.0407645 0.0362157 0.0374888
v 0.044892 0.034841 0.0383327
v 0.0448575 0.0350188 0.037911
v 0.0467605 0.0345578 0.0378734
v 0.0575161 0.0310056 0.0382969
v 0.059126 0.0288262 0.0387934
v 0.059945 0.027958 0.038945
v 0.0637047 0.0266073 0.0391334
v 0.063958 0.025391 0.039219
v 0.0614333 0.0275999 0.0388608
v 0.0573199 0.0290007 0.0396267
v 0.0550858 0.0306188 0.0391793
v 0.0565264 0.030033 0.0389197
v 0.0573609 0.0294273 0.0390372
v 0.0586065 0.0282642 0.0393155
v 0.0605438 0.0257112 0.0401912
v 0.0598919 0.0265816 0.039976
v 0.0592039 0.0281981 0.0390606
v 0.0610258 0.0267862 0.0390829
v 0.0620156 0.0255733 0.0391899
v 0.0637164 0.0237143 0.0393129
v 0.0605789 0.026543 0.0393227
v 0.0614162 0.025228 0.0395166
v 0.0623603 0.0241723 0.0394509
v 0.0629057 0.0236556 0.0394098
v 0.0614412 0.0248362 0.0397255
v 0.059064 0.0276211 0.0396516
v 0.061677 0.024363 0.03981
v 0.0606492 0.0257983 0.0398296
v 0.0591211 0.0274764 0.0397603
v 0.0618621 0.0240026 0.0398451
v 0.0622775 0.0235641 0.0397014
v 0.0628914 0.022886 0.0395732
v 0.062938 0.022942 0.039548
v 0.0622657 0.0238677 0.0395948
v 0.0627652 0.0245109 0.0392642
v 0.0639617 0.022293 0.0394462
v 0.063645 0.022096 0.0395022
v 0.0646006 0.0215929 0.0394779
v 0.062058 0.0233552 0.0400436
v 0.063334 0.022098 0.039582
v 0.061717 0.0239399 0.0401133
v 0.0619462 0.0242987 0.0396151
v 0.0627305 0.0224684 0.0397844
v 0.0624679 0.0226522 0.0399373
v 0.06226 0.0229634 0.0400181
v 0.0619603 0.0233039 0.0403209
v 0.0639193 0.0200602 0.0397045
v 0.0641126 0.0209221 0.0395496
v 0.0629805 0.0222084 0.0397032
v 0.0631729 0.0214216 0.0397708
v 0.0632907 0.0211426 0.0397975
v 0.0626312 0.0221107 0.0400411
v 0.0633384 0.0206035 0.039892
v 0.0636292 0.020015 0.0398338
v 0.0640343 0.0196744 0.0397231
v 0.0625135 0.0217901 0.040605
v 0.062889 0.0207677 0.0403892
v 0.0630834 0.020249 0.0402897
v 0.063441 0.0189313 0.0402258
v 0.063319 0.0191251 0.0403439
v 0.0626388 0.0216199 0.0403579
v 0.0627944 0.0208866 0.0405998
v 0.0629758 0.0202275 0.0405732
v 0.0628164 0.0213588 0.0401855
v 0.0634615 0.0184242 0.040322
v 0.0634165 0.0186514 0.0403427
v 0.063506 0.018769 0.040188
v 0.0633831 0.0181862 0.0406501
v 0.063452 0.018115 0.040486
v 0.0635423 0.0182242 0.0402744
v 0.0646633 0.0196838 0.0396153
v 0.0653622 0.0180421 0.0397052
v 0.0640988 0.0183346 0.039852
v 0.0643358 0.0190584 0.0397075
v 0.064372 0.018539 0.039758
v 0.0642153 0.0181492 0.0398336
v 0.065381 0.0157807 0.0398246
v 0.0661462 0.014952 0.0399087
v 0.0631275 0.0207899 0.0400243
v 0.0635612 0.0179047 0.0403141
v 0.0635208 0.0173592 0.0406649
v 0.0636764 0.0169983 0.0404137
v 0.0637982 0.017008 0.0402307
v 0.0645409 0.0160338 0.0399105
v 0.0651432 0.0151791 0.0398666
v 0.0648227 0.0155379 0.0398852
v 0.0643688 0.0155615 0.040018
v 0.0633839 0.0197303 0.0400724
v 0.0637722 0.0180801 0.0400668
v 0.0644249 0.01731 0.0398341
v 0.0641782 0.0169029 0.0399731
v 0.064524 0.016507 0.039888
v 0.0637092 0.0166141 0.0404831
v 0.063634 0.016888 0.040565
v 0.06384 0.0165641 0.0402816
v 0.0637922 0.0163006 0.0404201
v 0.0648175 0.0149784 0.0399164
v 0.0642175 0.015035 0.0401754
v 0.0641437 0.0151518 0.0401944
v 0.0646411 0.0144411 0.0400071
v 0.065876 0.0129815 0.0399671
v 0.0640571 0.0149154 0.0403236
v 0.064133 0.015756 0.040145
v 0.0644457 0.0143588 0.0401045
v 0.0641596 0.0160726 0.0400798
v 0.0639162 0.0158372 0.0403471
v 0.0639547 0.0156628 0.040305
v 0.0637916 0.0156845 0.0406663
v 0.063808 0.015314 0.040949
v 0.0639917 0.0146237 0.0405522
v 0.0639834 0.0144074 0.0406616
v 0.0646462 0.0133577 0.0400966
v 0.065075 0.013472 0.039979
v 0.0642019 0.014201 0.0403233
v 0.0643203 0.0138033 0.0402689
v 0.0645132 0.0134387 0.0401743
v 0.0641197 0.0141674 0.0404437
v 0.0647106 0.0124964 0.0401646
v 0.065378 0.012339 0.040011
v 0.0652038 0.0129607 0.0399918
v 0.0643758 0.0131203 0.0403204
v 0.0640454 0.0139411 0.0406693
v 0.0641333 0.0136656 0.040541
v 0.0642443 0.0134181 0.0404202
v 0.0649208 0.0123466 0.0400963
v 0.0653608 0.0115392 0.0400555
v 0.0658375 0.0116584 0.0400171
v 0.0665316 0.0106572 0.0401207
v 0.066029 0.010052 0.040104
v 0.06578 0.009676 0.040115
v 0.0337796 0.0388852 0.0355808
v 0.03435 0.038873 0.035577
v -0.00109759 0.0478996 0.0237134
v -0.00519518 0.0465425 0.0246152
v 0.00131 0.046223 0.027985
v 0.004273 0.04548 0.029545
v 0.0198046 0.0422975 0.0333007
v 0.0147425 0.0437304 0.0320305
v 0.0186157 0.0444147 0.0318635
v 0.0304039 0.0397496 0.0350818
v 0.0248754 0.0408044 0.034448
v 0.0262586 0.0399842 0.0352046
v 0.023142 0.0407153 0.0347066
v 0.0302126 0.0394445 0.0353513
v 0.032404 0.038555 0.036111
v 0.0296518 0.0392918 0.0355985
v 0.0286853 0.0393839 0.0356549
v 0.0464941 0.0351067 0.0373761
v 0.042411 0.0361238 0.0371152
v 0.0387849 0.0370398 0.0367936
v 0.0353982 0.0379074 0.0363731
v 0.0346652 0.0378965 0.0365893
v 0.0278 0.0392506 0.0362721
v 0.0448177 0.0357485 0.0371037
v 0.0207397 0.0410501 0.034539
v 0.0143549 0.0426946 0.0330412
v 0.00966156 0.0434217 0.0323604
v 0.010143 0.0429669 0.0330688
v 0.0219984 0.0407935 0.0347668
v 0.0190248 0.0411068 0.034952
v 0.0252263 0.0398038 0.035929
v 0.0194242 0.0409146 0.0354491
v 0.0229635 0.0402158 0.035908
v 0.00381264 0.0444636 0.0309448
v -0.014684 0.045501 0.005639
v -0.016328 0.04496 0.0038
v -0.00994013 0.0471177 0.0038
v -0.010417 0.046957 0.0038
v -0.00980879 0.0470752 0.0117157
v -0.005362 0.048643 0.0038
v 0.00243057 0.0510455 0.0108294
v -0.004582 0.048903 0.0038
v -0.00316968 0.0488278 0.0170426
v -0.015109 0.045253 0.011684
v -0.000653241 0.0502169 0.00380055
v 0.018236 0.044221 0.0038
v -0.013354 0.045932 0.0038
v 0.0367474 0.0280751 0.0038
v 0.010561 0.046653 0.0038
v -0.001437 0.0476425 0.0038
v 0.088396 0.0136325 -0.0436754
v 0.100982 0.0294746 -0.0408335
v 0.0573166 0.00377136 -0.0313974
v 0.0543949 0.00467886 -0.0281978
v 0.0719349 0.00141097 -0.0409298
v 0.077487 0.009212 -0.0425
v 0.094041 0.009206 -0.043393
v 0.108541 -0.00269117 -0.0390275
v 0.107701 0.0170947 -0.0388603
v 0.11109 0.0171018 -0.037004
v 0.106765 0.0188386 -0.0393187
v 0.095557 0.0212793 -0.0426394
v 0.0755553 0.017349 -0.0416406
v 0.0607617 0.0198867 -0.0338418
v 0.117819 0.0439735 -0.0290598
v 0.123884 0.044521 -0.020323
v 0.121468 0.037383 -0.0263964
v 0.118992 0.0558105 -0.0245257
v 0.122742 0.051862 -0.019692
v 0.11978 0.0581121 -0.0216703
v 0.119012 0.0651301 -0.0166021
v 0.11947 0.0622362 -0.0190623
v 0.118237 0.0655661 -0.017568
v 0.115812 0.0669846 -0.019966
v 0.113389 0.0678814 -0.0223506
v 0.111169 0.0684947 -0.0249101
v 0.118626 0.0159904 -0.0314322
v 0.113801 0.0627847 -0.0268014
v 0.112004 0.051541 -0.0323795
v 0.118367 0.0273813 -0.0309069
v 0.117017 0.024046 -0.032278
v 0.123509 0.0270397 -0.0250712
v 0.125337 0.0179491 -0.0226707
v 0.12525 0.0597399 -0.00166669
v 0.131609 0.0179851 -0.00108745
v 0.130286 0.0357615 -0.0041607
v 0.128761 0.0477116 -0.00217585
v 0.126618 0.0563692 -0.00289236
v 0.123623 0.061928 -0.00499
v 0.123479 0.0620131 -0.00621557
v 0.122814 0.062419 -0.009563
v 0.121348 0.0634822 -0.0133767
v 0.122219 0.0627978 -0.0116681
v 0.123586 0.0599797 -0.0121343
v 0.125551 0.0531574 -0.0125771
v 0.129487 0.026455 -0.011129
v 0.127067 0.0389705 -0.0152119
v 0.127327 0.0417414 -0.0133071
v 0.130989 0.0290635 -0.000348463
v 0.130099 0.0385855 -0.000522985
v 0.12759 0.0534123 0.000816311
v 0.126432 0.0569832 0.000158506
v 0.124007 0.0617125 0.0018263
v 0.130625 0.0309772 0.00428865
v 0.127581 0.0539423 0.00515686
v 0.130141 0.026596 0.008675
v 0.115474 0.0277269 0.0333382
v 0.118895 0.0353295 0.0296898
v 0.118319 0.048713 0.027387
v 0.115304 0.0490123 0.0301862
v 0.111411 0.0684178 0.0244673
v 0.113593 0.0678391 0.022141
v 0.112605 0.0661776 0.0256829
v 0.111066 0.0685644 0.0249877
v 0.117193 0.0662037 0.0185559
v 0.116593 0.065632 0.020422
v 0.119306 0.0648495 0.0161907
v 0.121611 0.0632503 0.013002
v 0.122248 0.0627764 0.0115484
v 0.123756 0.0605131 0.01041
v 0.123195 0.0621886 0.00782559
v 0.12044 0.0617596 0.0179707
v 0.118384 0.058352 0.0238572
v 0.119035 0.0525751 0.0257891
v 0.121932 0.0486345 0.0226023
v 0.123915 0.054495 0.01576
v 0.124986 0.049063 0.016164
v 0.127018 0.0560949 0.00590593
v 0.123777 0.034548 0.0234765
v 0.126795 0.0349001 0.0169944
v 0.12845 0.0308656 0.0133426
v 0.113755 0.058837 0.021974
v 0.109841 0.059562 0.025751
v 0.11019 0.0594981 0.0257448
v 0.106243 0.060229 0.028785
v 0.113895 0.0375308 0.0336068
v 0.112801 0.0501009 0.0321117
v 0.106412 0.0674925 0.0309673
v 0.0997199 0.0700169 0.0334824
v 0.0970364 0.0713159 0.0332043
v 0.0928687 0.070015 0.0362087
v 0.0879277 0.072177 0.0357202
v 0.0879961 0.0726121 0.0352653
v 0.0900115 0.0727029 0.0345275
v 0.0919489 0.0715752 0.0353749
v 0.101013 0.070524 0.0316766
v 0.105941 0.0695404 0.0290239
v 0.109346 0.0595566 0.0323858
v 0.099585 0.026104 0.041357
v 0.0972081 0.0260089 0.04207
v 0.0903262 0.0186337 0.0434087
v 0.0879961 0.0366605 0.041979
v 0.0935376 0.0442484 0.0409916
v 0.0875628 0.0691964 0.0371116
v 0.0869173 0.0646634 0.0381287
v 0.106559 0.0331277 0.0384005
v 0.10085 0.068779 0.033554
v 0.103066 0.0625465 0.0348739
v 0.101562 0.063287 0.035272
v 0.0992754 0.0682433 0.0346693
v 0.0918393 0.0630557 0.0384468
v 0.0992026 0.0510501 0.0387576
v 0.0493131 0.0740684 -0.00902811
v 0.051379 0.0756805 -0.0102934
v 0.0500812 0.0736726 -0.0116427
v 0.0543285 0.0787932 -0.0109372
v 0.0531712 0.0791087 -0.00562667
v 0.050933 0.0770899 -0.00195905
v 0.0481334 0.0748049 2.6018e-05
v 0.049186 0.075546 -0.0006
v 0.0456555 0.0729034 -0.000954368
v 0.0471902 0.0735388 -0.0040839
v 0.028336 0.0588834 -0.0103563
v 0.0508554 0.0729345 -0.0141447
v 0.0533224 0.0762788 -0.0135213
v 0.0277991 0.061595 -0.00511507
v 0.0254128 0.0596345 -0.00692921
v 0.0268787 0.0597209 -0.00839206
v 0.0287539 0.0534877 -0.0131905
v 0.0288286 0.0570019 -0.0118606
v 0.052056 0.0397021 -0.0234607
v 0.0542326 0.0183331 -0.027402
v 0.0549233 0.0174078 -0.0283733
v 0.049483 0.001954 -0.020919
v 0.048807 0.010438 -0.019749
v 0.0316159 0.0406003 -0.0146293
v 0.0130082 0.0506717 -0.011662
v 0.00319864 0.0510956 -0.00625815
v 0.0422619 0.0690717 -0.00859854
v 0.045103 0.071172 -0.00796
v 0.0330244 0.0652284 -0.000394725
v 0.0388539 0.0678808 -0.00531767
v 0.0212797 0.0590474 -0.00240208
v 0.0241331 0.0605054 -0.000590987
v 0.0138128 0.0554883 -0.00332238
v 0.0136307 0.0557143 -3.11001e-05
v 0.000981174 0.0503486 -0.00655769
v 0.004685 0.0500976 -0.0106619
v 0.00664892 0.0498953 -0.011588
v 0.01025 0.050527 -0.011363
v 0.0125058 0.0522903 -0.00966819
v 0.0160241 0.050052 -0.0123994
v 0.039159 0.03364 -0.01522
v 0.0476264 0.0163082 -0.0188629
v 0.05369 0.007699 -0.027235
v 0.0556001 0.0414175 -0.0270513
v 0.0516836 0.0502732 -0.0220342
v 0.0559594 0.0730715 -0.0206857
v 0.0593776 0.0757307 -0.0229309
v 0.0588763 0.0741037 -0.0233451
v 0.0579765 0.0768005 -0.0205229
v 0.0557453 0.0779092 -0.0157673
v 0.0560432 0.0762605 -0.0183669
v 0.0466482 0.0698339 -0.0125786
v 0.0483845 0.0729766 -0.00971729
v 0.0452396 0.0665484 -0.0145916
v 0.0442168 0.0670393 -0.0134567
v 0.0507394 0.0635139 -0.0194389
v 0.042494 0.058267 -0.016452
v 0.0409219 0.0652656 -0.0126544
v 0.0364725 0.0630641 -0.0113489
v 0.0424432 0.0625624 -0.0153513
v 0.0523841 0.0646383 -0.0204556
v 0.0457998 0.046984 -0.0186751
v 0.0443207 0.046275 -0.0178812
v 0.0398512 0.0358488 -0.0154662
v 0.0397089 0.049578 -0.0162664
v 0.0419107 0.0299046 -0.0157415
v 0.04326 0.030571 -0.016387
v 0.0452073 0.0261347 -0.0172324
v 0.0486489 0.0414889 -0.0203495
v 0.047394 0.0239154 -0.0190184
v 0.0518471 0.018829 -0.0241632
v 0.0144094 0.0548648 -0.00634017
v 0.0132164 0.0537141 -0.00784247
v 0.0193343 0.0564673 -0.007361
v 0.0171619 0.0537974 -0.00983113
v 0.0245246 0.0577467 -0.009288
v 0.0233123 0.0560476 -0.0103266
v 0.022649 0.0540071 -0.0114727
v 0.0335398 0.0498143 -0.0146753
v 0.0187325 0.0496713 -0.012922
v 0.0195625 0.0538395 -0.0105985
v 0.0216359 0.0574138 -0.00778811
v 0.023561 0.051046 -0.012846
v 0.0270776 0.0489374 -0.0137702
v 0.0486207 0.0684142 -0.0158264
v 0.0548232 0.0692508 -0.0210568
v 0.0516582 0.0711347 -0.0167898
v 0.0583259 0.0668781 -0.0253625
v 0.0270202 0.0618891 -0.000635669
v 0.034439 0.0636962 -0.00877425
v 0.0320577 0.0637603 -0.00561522
v 0.0373429 0.0650008 -0.00991672
v 0.0312207 0.0608952 -0.00988314
v 0.0311247 0.059074 -0.0115051
v 0.0317576 0.0587904 -0.0119866
v 0.0377617 0.0611763 -0.0134761
v 0.0372351 0.0589836 -0.0142151
v 0.033628 0.0565946 -0.013661
v 0.084965 0.064173 0.034495
v 0.08591 0.063998 0.034551
v 0.086859 0.063822 0.03458
v 0.085902 0.063999 0.034339
v 0.0487362 0.0748685 0.00622193
v 0.0809743 0.0715165 0.036333
v 0.0710122 0.0728015 0.0340305
v 0.0779762 0.072385 0.0357857
v 0.05027 0.0634512 0.0269828
v 0.0448191 0.0593567 0.0272463
v 0.0557178 0.0749941 0.0223138
v 0.0459739 0.0686135 0.0185113
v 0.0496018 0.0693244 0.0218459
v 0.0521101 0.0758296 0.0154636
v 0.0557421 0.0793534 0.0127147
v 0.0564413 0.0792092 0.0144848
v 0.0545617 0.0794992 0.00864582
v 0.0346318 0.0489738 0.0316917
v 0.0310732 0.055862 0.0252575
v 0.024324 0.0474767 0.030915
v 0.0873172 0.0641162 0.038332
v 0.0833952 0.0739223 0.0343523
v 0.0537193 0.079668 0.0039223
v 0.0535902 0.0796991 0.00300664
v 0.0535323 0.0797053 0.00155736
v 0.053193 0.0795391 0.000183958
v 0.05195 0.0783702 -0.000535518
v 0.0333271 0.065343 0.000650526
v 0.00102 0.050764 0.00579
v 0.013671 0.0552301 0.0100639
v 0.0226695 0.059794 -1.9226e-05
v 0.0393318 0.0680144 0.00757912
v 0.0429737 0.0711627 -6.90817e-05
v 0.04027 0.0694527 -0.000110295
v 0.0358338 0.0667219 0.000326249
v 0.044848 0.071766 0.006863
v 0.0497276 0.0761002 -0.000448013
v 0.0514949 0.0778065 0.000439309
v 0.0529197 0.0793764 0.000423428
v 0.0527985 0.0792781 0.000722277
v 0.0534667 0.0797064 -0.000165114
v 0.0540763 0.0796046 0.00655328
v 0.0543605 0.07954 0.00769711
v 0.0538525 0.0790021 0.00975384
v 0.0550957 0.0793959 0.0104886
v 0.0556054 0.0793183 0.0120992
v 0.0573487 0.0790019 0.0160341
v 0.059347 0.0785847 0.0196575
v 0.0598567 0.0784834 0.0201777
v 0.0599477 0.0779458 0.0216907
v 0.0611059 0.0782371 0.0218274
v 0.0643096 0.0776357 0.0253401
v 0.085983 0.0734021 0.034546
v 0.087587 0.071675 0.036099
v 0.087302 0.070774 0.036573
v 0.0834211 0.0700136 0.0370023
v 0.0807234 0.0572459 0.0392569
v 0.0839677 0.0378222 0.0418281
v 0.0856846 0.0249186 0.0430093
v 0.0800414 0.0216028 0.0426493
v 0.0611869 0.0366981 0.0383326
v 0.0461831 0.0415072 0.0356573
v 0.033677 0.045356 0.033075
v 0.0124502 0.0474883 0.0290326
v 0.0177894 0.0480352 0.029368
v 0.00316678 0.0496619 0.022335
v 0.00713341 0.0494055 0.024972
v 0.00833691 0.0504838 0.0232391
v 0.0119196 0.050505 0.0251109
v 0.00893452 0.0534991 0.00784675
v 0.0150261 0.0517274 0.0240584
v 0.0193176 0.0492412 0.0288233
v 0.0225761 0.0526279 0.0258813
v 0.0512609 0.0556261 0.0317541
v 0.0408026 0.0566451 0.0277798
v 0.0425106 0.0529482 0.0307198
v 0.050249 0.058264 0.030151
v 0.054077 0.062008 0.030063
v 0.0166264 0.0555452 0.0152632
v 0.0193689 0.0555782 0.0186718
v 0.0203422 0.0559148 0.0189958
v 0.0240954 0.0555744 0.0223385
v 0.0383618 0.0598784 0.0237546
v 0.0537557 0.0451915 0.0357978
v 0.0577889 0.0487837 0.0356945
v 0.0628426 0.0538896 0.035752
v 0.0727632 0.0416595 0.0400045
v 0.0735413 0.0285504 0.0410567
v 0.0534909 0.0796437 0.00361419
v 0.052769 0.078819 0.006149
v 0.056312 0.0775614 0.0186688
v 0.0599447 0.0769505 0.0238231
v 0.0620529 0.078057 0.0229389
v 0.0638513 0.0764043 0.0275376
v 0.0667119 0.0771397 0.0274705
v 0.0605744 0.0742266 0.027791
v 0.0569354 0.0728805 0.025753
v 0.0595282 0.0681448 0.030575
v 0.0586142 0.057978 0.033501
v 0.0665707 0.0693947 0.0337983
v 0.0685763 0.0726687 0.0334416
v 0.0736486 0.0759763 0.0317518
v 0.0854069 0.0725902 0.0356251
v 0.0780283 0.0749474 0.033304
v 0.0773852 0.0745151 0.0339738
v 0.0708613 0.0699038 0.0353558
v 0.0741474 0.06692 0.0368388
v 0.0780399 0.0656588 0.0376347
v 0.073942 0.073131 0.034573
v 0.0535087 0.0796897 0.000824018
v 0.0533782 0.0796891 0.00211544
v 0.0529588 0.0782831 0.00996246
v 0.0532129 0.0791233 0.00681027
v 0.0423529 0.0699868 0.0072611
v 0.040414 0.0678176 0.0113897
v 0.0410826 0.0671288 0.0144792
v 0.0319649 0.0629268 0.0126797
v 0.0384022 0.0641388 0.017709
v 0.039128 0.064722 0.01725
v 0.0256777 0.0613005 0.000603847
v 0.0568637 0.0299725 -0.029596
v 0.0613701 0.0425521 -0.0326608
v 0.0769635 0.0724267 -0.0351892
v 0.0833014 0.0644549 -0.03827
v 0.109465 0.0590022 -0.032148
v 0.0945301 0.0718075 -0.0338616
v 0.0622695 0.0777078 -0.023827
v 0.0626183 0.0779323 -0.0236636
v 0.0610275 0.0777409 -0.0226783
v 0.0615296 0.0768444 -0.0242585
v 0.062956 0.07696 -0.025336
v 0.0640851 0.0727865 -0.0291152
v 0.0593647 0.0616378 -0.0277547
v 0.0603867 0.0580612 -0.0295871
v 0.064405 0.027464 -0.035906
v 0.0668332 0.0206582 -0.0377952
v 0.0817295 0.0176352 -0.0430667
v 0.0850742 0.0347815 -0.0422537
v 0.089381 0.025223 -0.042969
v 0.113826 0.0214639 -0.0349948
v 0.114695 0.0385508 -0.0326977
v 0.111101 0.063977 -0.0287863
v 0.109143 0.067762 -0.027978
v 0.105372 0.0696349 -0.029423
v 0.100923 0.0705494 -0.0317712
v 0.0844153 0.0737642 -0.0344895
v 0.080702 0.0744858 -0.0339144
v 0.0726257 0.0760628 -0.0311653
v 0.077275 0.0751298 -0.0330413
v 0.0688274 0.0766697 -0.0292178
v 0.0669278 0.0771119 -0.0276127
v 0.10068 0.0605649 -0.0365656
v 0.0956642 0.0655931 -0.0369892
v 0.0945671 0.0688871 -0.0362017
v 0.0902804 0.0720437 -0.0353582
v 0.0996069 0.0699082 -0.0335347
v 0.086477 0.0541599 -0.0399107
v 0.0801064 0.0725472 -0.0356418
v 0.087628 0.0705085 -0.0367065
v 0.103589 0.0674592 -0.0328619
v 0.0877217 0.0715439 -0.0364565
v 0.103931 0.0690447 -0.031664
v 0.0821565 0.073597 -0.0351821
v 0.0663035 0.0760705 -0.028679
v 0.0728247 0.0437939 -0.0388563
v 0.0743347 0.0299518 -0.0405336
v 0.0886776 0.0729667 -0.0345632
v 0.0725358 0.073341 -0.0336122
v 0.0691166 0.0647316 -0.0342843
v 0.0635868 0.053373 -0.0327091
v 0.0782534 0.0743328 -0.0343226
v 0.105904 0.0382435 -0.0379631
v 0.112032 0.045796 -0.0336778
v 0.100134 0.0439981 -0.0396634
v 0.113777 0.058833 -0.021952
v 0.109946 0.0595359 -0.0259636
v 0.0859123 0.0639973 -0.0345499
v 0.086506 0.063887 -0.034441
v 0.086859 0.063822 -0.03458
v 0.116716 0.0598135 -0.018971
v 0.111901 0.060706 -0.023955
v 0.120036 0.0591985 -0.0152395
v 0.12166 0.058898 -0.012758
v 0.122469 0.0587475 -0.0108105
v 0.123932 0.0584765 -0.0002995
v 0.123108 0.058629 0.0078385
v 0.121339 0.058957 0.013212
v 0.111887 0.060709 0.023968
v 0.109264 0.061195 0.026475
v 0.108704 0.061055 0.026945
v 0.108704 0.061299 0.026945
v 0.104063 0.062159 0.030149
v 0.106447 0.061717 0.028645
v 0.098985 0.0631 0.032521
v 0.10157 0.062621 0.031442
v 0.093568 0.064104 0.034013
v 0.096315 0.063595 0.033379
v 0.088 0.065136 0.03458
v 0.090799 0.064617 0.034413
v 0.0534732 0.0797089 -0.00111785
v 0.0527247 0.0791809 -0.000576079
v 0.052209 0.078647 -0.0006
v 0.0545116 0.0794822 -0.00866121
v 0.0586985 0.0786997 -0.0185554
v 0.0563541 0.0786688 -0.0153041
v 0.0566735 0.0790754 -0.0147833
v 0.0536077 0.0797295 -0.00331967
v 0.053471 0.076771 0
v 0.0852488 0.0656458 0.0344928
v 0.079479 0.066715 0.033624
v 0.078837 0.067165 0.033446
v 0.07754 0.068075 0.033086
v 0.077195 0.068286 0.032975
v 0.076767 0.068549 0.032836
v 0.074559 0.069751 0.032004
v 0.068646 0.072238 0.028795
v 0.070016 0.071732 0.029691
v 0.072299 0.070799 0.030962
v 0.074203 0.069916 0.03184
v 0.063645 0.073932 0.024682
v 0.068158 0.072418 0.028476
v 0.0658395 0.0732145 0.026695
v 0.061598 0.074553 0.022447
v 0.060358 0.074914 0.020876
v 0.058936 0.0753105 0.0187775
v 0.057512 0.075701 0.016308
v 0.057391 0.075734 0.01609
v 0.057155 0.075798 0.015666
v 0.055694 0.0762035 0.012286
v 0.054589 0.076488 0.008797
v 0.054974 0.07639 0.010054
v 0.053951 0.076659 0.005778
v 0.05366 0.076724 0.0034
v 0.053514 0.076757 -0.001749
v 0.0539645 0.07664 -0.005669
v 0.054454 0.07651 -0.008171
v 0.054828 0.07641 -0.009686
v 0.055811 0.076151 -0.01262
v 0.056081 0.076079 -0.01325
v 0.056814 0.075883 -0.014967
v 0.057518 0.075691 -0.016304
v 0.058249 0.075492 -0.01769
v 0.0594125 0.075165 -0.019524
v 0.061545 0.074553 -0.0223865
v 0.078825 0.067372 -0.033423
v 0.108019 0.0614255 -0.027446
v 0.106236 0.060231 -0.02879
v 0.104419 0.062093 -0.029941
v 0.100673 0.062787 -0.031814
v 0.09536 0.063772 -0.0335985
v 0.084968 0.064172 -0.034494
v 0.082646 0.066128 -0.034239
v 0.074899 0.069585 -0.032131
v 0.075184 0.069449 -0.032256
v 0.077198 0.068296 -0.032969
v 0.070584 0.0714975 -0.029993
v 0.07184 0.071003 -0.030723
v 0.072833 0.070575 -0.031225
v 0.074207 0.069917 -0.031828
v 0.064661 0.073598 -0.025659
v 0.065349 0.07337 -0.026239
v 0.065859 0.073201 -0.026669
v 0.06694 0.072843 -0.02758
v 0.069345 0.071985 -0.029272
v 0.053501 0.076762 -0.001462
f 13 15 14
f 1 19 20
f 20 21 1
f 19 1 21
f 22 23 2
f 24 22 5
f 5 22 2
f 3 2 23
f 23 25 3
f 3 25 4
f 24 5 26
f 5 4 26
f 4 25 26
f 27 6 28
f 29 6 27
f 28 6 30
f 30 6 29
f 9 8 31
f 31 8 32
f 8 11 32
f 10 7 33
f 33 7 31
f 7 9 31
f 32 11 34
f 11 10 34
f 34 10 33
f 35 15 36
f 15 13 36
f 14 15 37
f 37 15 35
f 37 38 14
f 38 12 14
f 38 36 12
f 36 13 12
f 17 16 39
f 39 16 40
f 39 41 17
f 41 18 17
f 41 40 18
f 40 16 18
f 72 68 70
f 70 68 69
f 69 126 70
f 70 125 72
f 125 123 72
f 123 122 72
f 122 71 72
f 71 73 72
f 73 74 72
f 61 95 58
f 95 108 58
f 50 92 86
f 135 124 125
f 434 376 413
f 435 375 381
f 376 434 377
f 434 436 377
f 377 436 378
f 380 439 381
f 412 441 413
f 441 442 413
f 413 442 434
f 375 435 446
f 447 448 391
f 391 448 392
f 448 449 392
f 392 449 411
f 449 450 411
f 411 450 412
f 412 451 441
f 452 453 430
f 447 391 454
f 391 393 454
f 454 393 455
f 393 397 455
f 455 397 453
f 397 430 453
f 480 481 482
f 483 484 485
f 484 486 485
f 485 486 487
f 486 488 487
f 480 482 489
f 482 490 489
f 489 490 488
f 490 491 488
f 488 491 487
f 492 493 494
f 485 495 483
f 495 496 483
f 483 496 497
f 496 498 497
f 497 498 494
f 498 499 494
f 494 499 492
f 492 500 493
f 500 501 493
f 493 501 502
f 503 504 505
f 504 502 505
f 505 502 506
f 502 501 506
f 507 508 509
f 510 511 512
f 512 511 513
f 514 515 516
f 511 517 513
f 517 518 513
f 513 518 519
f 519 514 520
f 514 516 520
f 521 522 523
f 522 524 523
f 523 524 525
f 524 526 525
f 527 528 529
f 508 507 530
f 521 531 522
f 531 532 522
f 522 532 533
f 532 534 533
f 533 534 535
f 534 536 535
f 535 536 537
f 536 538 537
f 537 538 539
f 540 541 542
f 543 544 545
f 544 546 545
f 545 546 547
f 546 548 547
f 547 548 549
f 548 550 549
f 549 550 551
f 550 552 551
f 551 552 553
f 552 554 553
f 553 554 555
f 481 480 556
f 480 557 556
f 556 557 558
f 557 559 558
f 558 559 560
f 559 561 560
f 560 561 562
f 561 563 562
f 562 563 564
f 563 565 564
f 564 565 555
f 565 566 555
f 555 566 553
f 567 568 569
f 568 570 569
f 569 570 509
f 570 571 509
f 509 571 507
f 507 572 530
f 572 573 530
f 530 573 526
f 573 574 526
f 526 574 525
f 575 576 577
f 576 578 577
f 577 578 579
f 578 580 579
f 505 582 503
f 582 583 503
f 503 583 584
f 583 585 584
f 584 585 586
f 585 587 586
f 586 587 567
f 567 587 568
f 538 588 539
f 588 589 539
f 539 589 575
f 589 590 575
f 575 590 576
f 580 591 579
f 591 541 579
f 579 541 592
f 541 540 592
f 515 593 516
f 516 593 594
f 596 595 597
f 595 598 597
f 597 598 599
f 598 600 599
f 599 600 601
f 600 602 601
f 603 605 604
f 605 606 604
f 604 606 607
f 612 613 614
f 615 616 617
f 627 628 629
f 650 651 652
f 654 655 656
f 659 611 660
f 660 611 661
f 611 610 661
f 628 665 629
f 696 697 630
f 630 697 631
f 529 715 527
f 725 726 727
f 728 359 729
f 729 359 730
f 359 358 730
f 730 358 731
f 358 409 731
f 731 409 732
f 409 408 732
f 732 408 733
f 408 407 733
f 733 407 734
f 725 736 726
f 726 736 737
f 736 738 737
f 737 738 739
f 738 786 739
f 739 786 740
f 740 786 741
f 786 742 741
f 741 742 743
f 745 746 747
f 727 748 725
f 748 749 725
f 725 749 750
f 749 751 750
f 729 752 728
f 752 753 728
f 728 753 754
f 753 755 754
f 754 755 756
f 755 757 756
f 758 759 760
f 759 761 760
f 760 761 762
f 761 763 762
f 762 763 751
f 763 764 751
f 751 764 750
f 755 765 757
f 765 746 757
f 757 746 766
f 746 744 766
f 767 768 769
f 768 770 769
f 767 769 771
f 769 772 771
f 771 772 773
f 770 768 774
f 768 775 774
f 774 775 758
f 775 776 758
f 758 776 759
f 773 772 777
f 772 778 777
f 777 778 543
f 259 794 795
f 253 259 795
f 259 265 794
f 797 263 798
f 796 799 263
f 263 799 800
f 265 263 794
f 794 263 800
f 263 417 798
f 263 797 796
f 795 801 253
f 253 801 254
f 801 341 254
f 982 798 804
f 798 417 804
f 802 803 804
f 803 988 804
f 804 988 982
f 341 345 254
f 345 348 254
f 171 149 806
f 806 201 171
f 149 278 806
f 806 462 807
f 1141 1143 1142
f 813 212 1140
f 1144 1145 1143
f 1143 1145 1146
f 1146 1147 1143
f 1143 1147 1142
f 824 821 1141
f 821 822 1141
f 1141 822 823
f 823 820 1141
f 820 819 1141
f 1141 819 818
f 818 817 1141
f 1141 817 816
f 212 812 1140
f 812 811 1140
f 1140 811 810
f 816 815 1140
f 815 814 1140
f 1140 814 813
f 816 1140 1141
f 1140 1138 1141
f 828 824 1141
f 1142 1800 1141
f 1141 1800 828
f 1235 1237 1236
f 1312 1313 1314
f 1315 1316 1317
f 1317 1322 1315
f 1322 1323 1315
f 1325 1327 1326
f 1326 1327 1316
f 1316 1327 1317
f 2307 1329 1328
f 1328 1329 1318
f 1329 1330 1318
f 1318 1330 1319
f 1323 1331 1315
f 1331 1332 1315
f 1310 1334 1309
f 1334 1335 1309
f 1309 1335 1021
f 2307 1328 1336
f 1328 1337 1336
f 1336 1337 1338
f 1337 1339 1338
f 1338 1339 1340
f 1341 1342 1343
f 1344 1345 1346
f 1345 1347 1346
f 1346 1347 1348
f 1349 1350 1351
f 1352 1353 1354
f 1353 1334 1354
f 1356 1357 1358
f 1363 1364 1365
f 1366 1367 1368
f 1314 1373 1312
f 1367 1374 1368
f 1368 1374 1339
f 1374 1375 1339
f 1351 1350 1371
f 1371 1376 1377
f 1424 1378 1371
f 1371 1379 1380
f 1380 1381 1371
f 1381 1382 1371
f 1371 1382 1383
f 1352 1384 1353
f 1353 1384 1346
f 1351 1386 1387
f 1387 1386 1388
f 1334 1310 1389
f 1389 1390 1334
f 1390 1391 1334
f 1334 1391 1392
f 1393 1394 1334
f 1342 1396 1343
f 1396 1397 1343
f 1399 1400 1368
f 1368 1400 1401
f 1400 1402 1401
f 1401 1402 1365
f 1401 1404 1368
f 1404 1405 1368
f 1368 1405 1366
f 1369 1371 1407
f 1371 1377 1407
f 1407 1377 2295
f 1371 1409 1379
f 1409 1410 1379
f 1379 1410 1411
f 1386 1346 1413
f 1386 2278 1414
f 1392 1415 1334
f 1415 1416 1334
f 1334 1416 1393
f 1383 1417 1371
f 1417 1418 1371
f 1420 1422 1421
f 1421 1422 1343
f 1343 1423 1341
f 1372 1424 1371
f 1386 1413 2278
f 1414 1425 1386
f 1422 1426 1343
f 1343 1426 1423
f 1427 1428 1429
f 1429 1432 1427
f 1432 1433 1427
f 1427 1433 1434
f 1433 1435 1434
f 1434 1435 1436
f 1435 1437 1436
f 1438 1439 1440
f 1441 1442 1443
f 1442 1428 1443
f 1443 1428 1444
f 1428 1427 1444
f 1440 1439 1445
f 1439 1446 1445
f 1445 1446 1447
f 1446 1448 1447
f 1447 1448 1437
f 1448 1449 1437
f 1437 1449 1436
f 1430 1431 1450
f 1431 2312 1450
f 1454 1455 1456
f 1455 1457 1456
f 1456 1457 1458
f 1457 1442 1458
f 1458 1442 1459
f 1442 1441 1459
f 1460 1461 1462
f 1461 1463 1462
f 1462 1463 1464
f 1463 1465 1464
f 1464 1465 1466
f 1467 1468 1469
f 1468 1470 1469
f 1469 1470 1471
f 1508 1472 1473
f 1472 1474 1473
f 1473 1474 1475
f 1476 1477 1478
f 1478 1479 1476
f 1479 1480 1476
f 1476 1480 1481
f 1481 1438 1482
f 1454 1483 1455
f 1483 1484 1455
f 1455 1484 1460
f 1484 1485 1460
f 1460 1485 1461
f 1486 1487 1488
f 1487 1471 1488
f 1488 1471 1489
f 1471 1470 1489
f 1465 1490 1466
f 1493 1494 1495
f 1494 1496 1495
f 1495 1496 1477
f 1496 1497 1477
f 1477 1497 1478
f 1490 1498 1466
f 1498 1499 1466
f 1466 1499 1469
f 1499 1500 1469
f 1486 1506 1487
f 1506 1507 1487
f 1487 1507 1473
f 1507 1508 1473
f 1509 1510 1511
f 1510 1512 1511
f 1511 1512 1513
f 1514 1515 1516
f 1515 1517 1516
f 1516 1517 1518
f 1519 1520 1521
f 1522 1523 1524
f 1523 1525 1524
f 1524 1525 1526
f 1525 1527 1526
f 1526 1527 1528
f 1529 1530 1531
f 1511 1532 1509
f 1532 1533 1509
f 1509 1533 1534
f 1533 1535 1534
f 1534 1535 1549
f 1522 1536 1523
f 1523 1536 1537
f 1536 1538 1537
f 1537 1538 1539
f 1538 1540 1539
f 1539 1540 1541
f 1540 1542 1541
f 1541 1542 1543
f 1542 1544 1543
f 1518 1517 1545
f 1517 1511 1545
f 1545 1511 1546
f 1511 1513 1546
f 1546 1513 1547
f 1548 1549 1535
f 1550 1551 1552
f 1551 1553 1552
f 1552 1553 1554
f 1555 1556 1557
f 1556 1558 1557
f 1557 1558 1559
f 1558 1560 1559
f 1559 1560 1561
f 1560 1562 1561
f 1561 1562 1563
f 1562 1564 1563
f 1563 1564 1565
f 1564 1566 1565
f 1565 1566 1528
f 1566 1567 1528
f 1528 1567 1526
f 1544 1568 1543
f 1568 1569 1543
f 1543 1569 1570
f 1570 1569 1571
f 1569 1572 1571
f 1571 1572 1531
f 1572 1573 1531
f 1531 1573 1529
f 1514 1574 1515
f 1515 1574 1575
f 1575 1574 1576
f 1574 1577 1576
f 1576 1577 1578
f 1579 1580 1581
f 1580 1582 1581
f 1581 1582 1535
f 1582 1583 1535
f 1535 1583 1548
f 1584 1585 1586
f 1589 1590 1591
f 1590 1592 1591
f 1591 1592 1555
f 1594 1595 1596
f 1595 1597 1596
f 1594 1598 1599
f 1579 1581 1600
f 1581 1595 1600
f 1600 1595 1601
f 1475 1602 1603
f 1602 1604 1603
f 1603 1604 1605
f 1606 1607 1608
f 1520 1519 1609
f 1519 1610 1609
f 1610 1612 1611
f 1611 1612 1613
f 1530 1529 1614
f 1529 1615 1614
f 1614 1615 1616
f 1615 1617 1616
f 1616 1617 1618
f 1594 1599 1595
f 1599 1621 1595
f 1595 1621 1601
f 1603 1623 1624
f 1623 1625 1624
f 1626 1627 1628
f 1553 1629 1554
f 1629 1630 1554
f 1554 1630 1631
f 1630 1632 1631
f 1631 1632 1634
f 1632 1633 1634
f 1633 1635 1634
f 1634 1635 1636
f 1635 1637 1636
f 1636 1637 1638
f 1637 1639 1638
f 1638 1639 1640
f 1587 1642 1588
f 1643 1644 1645
f 1644 1646 1645
f 1645 1646 1647
f 1646 1648 1647
f 1625 1649 1624
f 1649 1650 1624
f 1624 1650 1651
f 1650 1652 1651
f 1651 1652 1643
f 1652 1653 1643
f 1643 1653 1644
f 1664 1666 1665
f 1628 1672 1626
f 1672 1673 1626
f 1626 1673 1674
f 1673 1675 1674
f 1674 1675 1676
f 1675 1677 1676
f 1676 1677 1678
f 1677 1679 1678
f 1678 1679 1680
f 1679 1681 1680
f 1680 1681 1682
f 1681 1683 1682
f 1682 1683 1521
f 1683 1684 1521
f 1521 1684 1519
f 1577 1685 1578
f 1685 1686 1578
f 1578 1686 1687
f 1686 1688 1687
f 1687 1688 1689
f 1688 1690 1689
f 1689 1690 1691
f 1690 1692 1691
f 1691 1692 1620
f 1692 1693 1620
f 1620 1693 1618
f 1608 1699 1606
f 1702 1704 1703
f 1704 1705 1703
f 1703 1705 1706
f 1705 1707 1706
f 1627 1710 1628
f 1710 1711 1628
f 1628 1711 1712
f 1711 1713 1712
f 1712 1713 1714
f 1713 1715 1714
f 1714 1715 1716
f 1715 1717 1716
f 1716 1717 1718
f 1717 1550 1718
f 1718 1550 1719
f 1550 1552 1719
f 1648 1720 1647
f 1647 1720 1597
f 1720 1721 1597
f 1597 1721 1596
f 1738 1739 1736
f 1709 1746 1747
f 1586 1709 1584
f 1738 1748 1739
f 1777 1765 1778
f 1765 1766 1778
f 1824 1825 1821
f 1142 1838 1800
f 1838 1801 1800
f 1875 1280 1279
f 2147 2136 2151
f 2151 2148 2147
f 2656 2657 2658
f 1822 1821 2662
f 2662 1821 2664
f 1821 1820 2664
f 2658 2661 2194
f 1834 1826 1828
f 1826 1174 1828
f 2663 1777 2652
f 2664 1812 1838
f 1838 1812 1801
f 1809 1812 2664
f 2664 1814 1809
f 1820 1815 2664
f 2664 1815 1814
f 1834 1835 1826
f 1826 1835 2665
f 2665 1835 2662
f 1835 1831 2662
f 2662 1831 1822
f 2654 2653 2206
f 2210 2212 2666
f 2666 2212 2665
f 2665 2212 1826
f 2652 2654 2663
f 2654 2206 2663
f 2663 2206 2666
f 2206 2210 2666
f 2653 2656 2206
f 2206 2656 2207
f 2656 2658 2207
f 2207 2658 2194
f 2749 2751 2750
f 2749 2750 2748
f 2879 2880 2878
f 2878 2880 2877
f 3123 3051 3052
f 3127 3054 3053
f 3053 3054 3055
f 2 3 5
f 3 4 5
f 8 9 7
f 7 10 8
f 8 10 11
f 12 13 14
f 17 18 16
f 43 42 45
f 42 44 45
f 45 44 46
f 44 50 46
f 46 50 47
f 47 50 52
f 50 51 52
f 52 51 54
f 51 53 54
f 54 53 49
f 53 48 49
f 55 57 56
f 56 57 58
f 49 48 59
f 59 48 60
f 48 61 60
f 60 61 57
f 57 61 58
f 42 43 63
f 43 62 63
f 63 62 66
f 62 64 66
f 55 56 67
f 56 65 67
f 65 66 67
f 67 66 64
f 76 77 78
f 81 76 82
f 76 83 82
f 77 76 79
f 79 76 84
f 76 81 84
f 66 113 63
f 87 88 63
f 88 89 63
f 89 90 63
f 63 90 42
f 87 63 113
f 53 51 91
f 91 51 86
f 86 51 50
f 92 50 44
f 92 44 93
f 44 42 93
f 93 42 94
f 42 90 94
f 96 48 91
f 48 53 91
f 96 97 48
f 97 98 48
f 48 98 61
f 98 99 61
f 99 100 61
f 61 100 95
f 101 102 66
f 65 85 66
f 85 103 66
f 103 104 66
f 104 105 66
f 66 105 101
f 65 56 85
f 58 108 56
f 56 108 107
f 107 109 56
f 109 110 56
f 110 111 56
f 111 112 56
f 56 112 106
f 102 113 66
f 116 117 92
f 118 80 114
f 114 119 115
f 56 106 85
f 122 73 71
f 124 123 125
f 125 70 130
f 69 68 127
f 121 128 73
f 73 128 74
f 72 74 128
f 130 143 129
f 130 131 120
f 120 131 192
f 70 126 133
f 143 130 133
f 130 70 133
f 126 139 133
f 139 132 133
f 126 69 139
f 69 127 139
f 316 139 68
f 68 139 127
f 68 72 316
f 316 72 128
f 128 134 316
f 135 125 130
f 130 129 131
f 132 138 142
f 139 138 132
f 140 136 278
f 143 133 132
f 132 145 143
f 141 140 142
f 142 140 144
f 140 146 144
f 144 146 145
f 141 136 140
f 132 142 145
f 144 145 142
f 142 137 141
f 278 149 148
f 131 129 150
f 129 151 150
f 152 153 151
f 153 154 151
f 151 154 150
f 160 155 156
f 155 157 156
f 156 157 152
f 157 158 152
f 152 158 153
f 156 159 160
f 159 156 161
f 156 162 161
f 161 162 163
f 163 162 164
f 162 165 164
f 164 165 167
f 170 166 165
f 166 167 165
f 149 168 148
f 168 169 148
f 148 169 170
f 129 143 151
f 151 143 152
f 145 156 143
f 156 152 143
f 145 146 156
f 156 146 162
f 162 146 165
f 146 140 165
f 165 140 170
f 148 170 278
f 170 140 278
f 171 201 172
f 149 171 168
f 171 172 168
f 168 172 169
f 172 173 169
f 169 173 170
f 170 173 166
f 173 174 166
f 164 167 175
f 175 167 176
f 167 166 176
f 166 174 176
f 175 177 164
f 164 177 163
f 177 178 163
f 163 178 161
f 178 179 161
f 179 180 161
f 161 180 159
f 180 181 159
f 155 160 181
f 181 160 159
f 181 182 155
f 182 183 155
f 155 183 157
f 183 184 157
f 157 184 158
f 184 185 158
f 158 185 153
f 185 186 153
f 153 186 187
f 131 150 188
f 188 150 187
f 150 154 187
f 187 154 153
f 248 189 177
f 245 190 180
f 191 192 188
f 188 192 131
f 185 193 186
f 188 187 191
f 187 186 191
f 191 186 239
f 186 193 239
f 246 183 194
f 183 182 194
f 194 182 195
f 185 184 193
f 184 183 193
f 193 183 246
f 195 182 190
f 182 181 190
f 190 181 180
f 196 179 189
f 179 178 189
f 189 178 177
f 196 197 179
f 179 197 180
f 197 245 180
f 248 177 198
f 177 175 198
f 198 175 230
f 175 176 230
f 230 176 199
f 176 174 199
f 199 174 228
f 174 173 228
f 228 173 201
f 201 173 172
f 197 196 245
f 227 234 207
f 207 234 823
f 208 205 209
f 209 205 210
f 205 231 210
f 229 212 211
f 213 229 203
f 200 214 228
f 201 200 228
f 196 189 248
f 192 191 239
f 217 218 215
f 215 218 216
f 204 219 217
f 220 221 222
f 225 226 227
f 227 224 223
f 228 810 230
f 810 203 230
f 230 203 229
f 247 229 211
f 202 237 205
f 237 236 205
f 236 231 205
f 206 234 202
f 235 237 238
f 235 238 234
f 192 239 215
f 215 239 240
f 215 250 217
f 250 221 217
f 227 223 242
f 243 223 221
f 223 222 221
f 204 217 221
f 221 241 243
f 243 241 223
f 241 244 223
f 223 244 242
f 821 225 227
f 241 221 250
f 250 215 240
f 195 246 194
f 195 190 246
f 190 245 246
f 251 247 232
f 247 236 232
f 232 236 233
f 231 236 211
f 211 236 247
f 247 251 229
f 229 251 230
f 230 199 228
f 198 230 248
f 196 248 245
f 245 232 249
f 249 232 250
f 232 235 250
f 250 235 241
f 230 251 248
f 248 251 245
f 251 252 245
f 245 252 232
f 237 202 238
f 238 202 234
f 234 227 242
f 242 244 234
f 234 244 235
f 244 241 235
f 250 240 249
f 249 240 245
f 240 239 245
f 245 239 246
f 239 193 246
f 251 232 252
f 232 233 235
f 235 233 237
f 233 236 237
f 253 254 255
f 257 259 255
f 255 259 253
f 260 267 261
f 263 265 260
f 267 260 262
f 262 260 266
f 260 265 266
f 264 257 837
f 259 257 264
f 259 264 265
f 265 264 266
f 264 837 266
f 268 267 262
f 269 268 262
f 271 260 272
f 272 260 261
f 261 267 272
f 137 274 141
f 279 806 278
f 141 274 277
f 136 141 280
f 141 277 280
f 137 273 274
f 275 273 137
f 275 137 287
f 317 138 283
f 283 138 139
f 281 138 285
f 285 138 317
f 284 285 318
f 287 137 286
f 137 142 286
f 142 138 286
f 275 287 276
f 276 287 284
f 284 287 285
f 287 286 285
f 285 286 281
f 281 286 138
f 123 288 289
f 135 130 290
f 290 130 120
f 124 288 123
f 291 123 289
f 292 123 291
f 293 122 292
f 292 122 123
f 73 122 300
f 300 122 294
f 294 122 293
f 295 296 73
f 296 297 73
f 121 73 297
f 298 121 299
f 121 297 299
f 824 300 294
f 828 303 824
f 824 303 300
f 303 295 300
f 300 295 73
f 303 304 295
f 304 305 295
f 295 305 296
f 305 306 296
f 307 221 220
f 821 301 225
f 301 302 225
f 225 302 226
f 302 308 226
f 307 220 309
f 220 222 309
f 309 222 223
f 223 224 309
f 309 224 308
f 224 227 308
f 308 227 226
f 217 310 218
f 310 311 218
f 218 311 216
f 311 290 216
f 216 290 215
f 290 120 215
f 120 192 215
f 301 824 302
f 824 294 302
f 302 294 308
f 294 293 308
f 308 293 309
f 293 292 309
f 309 292 307
f 292 291 307
f 307 291 310
f 291 289 310
f 310 289 311
f 289 288 311
f 311 288 290
f 288 124 290
f 290 124 135
f 134 128 298
f 298 128 121
f 134 298 312
f 298 299 312
f 312 299 911
f 306 313 296
f 296 313 297
f 313 314 297
f 297 314 299
f 314 911 299
f 204 221 307
f 217 219 310
f 310 219 307
f 219 204 307
f 318 282 284
f 879 318 285
f 319 139 316
f 320 322 319
f 322 317 319
f 317 283 319
f 319 283 139
f 316 320 319
f 322 320 315
f 320 929 315
f 323 879 322
f 879 285 322
f 322 285 317
f 324 325 326
f 256 257 254
f 254 257 255
f 257 256 327
f 327 945 257
f 257 945 258
f 326 325 328
f 331 943 330
f 943 324 330
f 330 324 326
f 340 858 338
f 355 343 147
f 147 343 75
f 343 341 75
f 341 344 75
f 337 338 339
f 338 341 340
f 351 254 353
f 353 254 348
f 326 328 330
f 328 351 330
f 341 338 344
f 344 338 75
f 338 337 75
f 337 342 75
f 75 342 147
f 342 355 147
f 342 354 355
f 341 343 345
f 343 355 345
f 355 354 336
f 345 355 346
f 355 336 356
f 345 346 356
f 346 355 356
f 356 336 335
f 345 356 347
f 356 335 334
f 345 347 348
f 347 356 348
f 356 334 357
f 348 356 357
f 357 334 333
f 348 357 349
f 357 333 332
f 348 349 350
f 349 357 350
f 348 350 353
f 350 357 353
f 353 357 351
f 357 332 351
f 351 332 330
f 332 331 330
f 254 351 352
f 351 328 352
f 352 328 329
f 352 329 256
f 256 329 327
f 352 256 254
f 358 359 360
f 364 365 363
f 363 365 366
f 366 365 367
f 366 782 363
f 362 371 370
f 369 360 368
f 372 373 374
f 372 374 375
f 376 377 361
f 377 378 361
f 378 379 361
f 379 380 361
f 361 380 374
f 380 381 374
f 374 381 375
f 373 382 374
f 382 383 374
f 374 383 384
f 994 387 388
f 994 389 387
f 387 389 398
f 361 389 390
f 390 389 394
f 391 392 390
f 391 390 393
f 394 395 390
f 390 395 393
f 395 396 393
f 393 396 397
f 370 398 369
f 369 368 370
f 370 368 362
f 362 368 410
f 400 401 402
f 399 402 401
f 365 403 401
f 401 403 399
f 404 405 385
f 385 405 386
f 384 406 374
f 406 407 374
f 374 407 408
f 358 360 409
f 398 389 369
f 389 361 369
f 361 374 369
f 369 374 360
f 374 408 360
f 360 408 409
f 370 371 367
f 367 371 366
f 366 371 410
f 362 410 371
f 392 411 390
f 411 412 390
f 390 412 361
f 412 413 361
f 361 413 376
f 365 401 367
f 367 401 370
f 401 400 370
f 400 404 370
f 370 404 398
f 404 385 398
f 398 385 387
f 271 272 414
f 263 260 415
f 418 804 417
f 419 420 418
f 271 414 260
f 260 414 422
f 422 414 424
f 422 416 260
f 260 416 415
f 416 263 415
f 424 423 422
f 422 423 416
f 423 417 416
f 416 417 263
f 418 425 419
f 417 423 418
f 423 425 418
f 427 428 394
f 394 428 395
f 428 429 395
f 395 429 396
f 429 430 396
f 396 430 397
f 394 389 426
f 426 389 994
f 994 388 998
f 388 387 431
f 387 385 431
f 431 385 432
f 385 386 432
f 405 404 1002
f 404 400 402
f 402 399 1004
f 1004 399 433
f 436 437 378
f 378 437 379
f 437 438 379
f 379 438 380
f 438 439 380
f 439 440 381
f 381 440 435
f 383 382 443
f 382 373 443
f 443 373 444
f 373 372 444
f 444 372 445
f 372 375 445
f 445 375 446
f 450 451 412
f 457 456 458
f 458 456 465
f 460 461 458
f 467 456 1088
f 280 468 136
f 278 136 463
f 463 136 468
f 278 463 279
f 463 806 279
f 462 806 463
f 463 468 469
f 468 280 469
f 466 471 462
f 474 475 472
f 466 462 478
f 460 464 459
f 274 273 479
f 460 465 476
f 479 464 470
f 470 464 460
f 465 460 458
f 462 463 478
f 463 469 478
f 478 469 466
f 466 469 477
f 469 470 477
f 473 1089 467
f 467 1089 474
f 474 472 476
f 476 472 477
f 472 466 477
f 277 274 280
f 274 479 280
f 280 479 469
f 479 470 469
f 470 460 477
f 477 460 476
f 476 465 474
f 474 465 467
f 465 456 467
f 518 514 519
f 510 512 542
f 512 581 542
f 542 581 540
f 593 595 594
f 594 595 596
f 602 603 601
f 601 603 604
f 606 608 607
f 607 608 609
f 608 610 609
f 609 610 611
f 616 618 617
f 617 618 619
f 618 620 619
f 619 620 621
f 620 622 621
f 621 622 623
f 622 624 623
f 623 624 625
f 624 626 625
f 625 626 627
f 626 628 627
f 630 631 632
f 631 633 632
f 614 613 634
f 613 635 634
f 634 635 636
f 635 637 636
f 617 638 615
f 638 639 615
f 615 639 640
f 639 641 640
f 640 641 642
f 641 643 642
f 642 643 644
f 643 645 644
f 644 645 646
f 645 647 646
f 646 647 648
f 647 649 648
f 648 649 650
f 649 651 650
f 651 653 652
f 652 653 654
f 653 655 654
f 655 657 656
f 656 657 658
f 657 659 658
f 658 659 660
f 662 663 633
f 663 664 633
f 633 664 632
f 665 666 629
f 629 666 667
f 666 668 667
f 667 668 669
f 668 670 669
f 669 670 671
f 670 672 671
f 671 672 673
f 672 674 673
f 673 674 675
f 674 676 675
f 675 676 677
f 676 678 677
f 677 678 662
f 678 679 662
f 662 679 663
f 636 637 680
f 637 681 680
f 680 681 682
f 681 683 682
f 682 683 684
f 683 685 684
f 684 685 686
f 685 687 686
f 686 687 688
f 688 687 689
f 687 690 689
f 689 690 691
f 690 692 691
f 691 692 693
f 692 694 693
f 693 694 695
f 694 696 695
f 695 696 630
f 614 698 612
f 698 699 612
f 612 699 700
f 699 701 700
f 700 701 702
f 701 703 702
f 702 703 704
f 703 705 704
f 704 705 706
f 705 707 706
f 706 707 708
f 707 709 708
f 708 709 710
f 709 711 710
f 710 711 712
f 711 713 712
f 712 713 714
f 715 716 527
f 527 716 717
f 716 718 717
f 717 718 719
f 718 720 719
f 719 720 721
f 720 722 721
f 721 722 723
f 722 714 723
f 723 714 724
f 714 713 724
f 407 406 734
f 734 406 735
f 406 384 735
f 735 384 383
f 742 744 743
f 743 744 745
f 744 746 745
f 725 750 788
f 364 363 975
f 782 783 363
f 787 784 785
f 725 788 736
f 788 787 736
f 736 787 786
f 787 779 786
f 788 789 787
f 787 789 1083
f 786 738 736
f 790 410 368
f 368 360 791
f 791 779 368
f 359 728 360
f 728 754 360
f 360 754 756
f 756 757 360
f 757 766 360
f 783 782 974
f 974 782 366
f 368 779 790
f 790 779 410
f 779 792 410
f 792 793 366
f 366 793 974
f 366 410 792
f 360 766 791
f 766 744 791
f 791 744 742
f 742 786 791
f 791 786 779
f 779 787 792
f 792 787 793
f 787 785 793
f 793 785 974
f 785 784 974
f 974 784 781
f 799 796 458
f 796 805 458
f 458 805 457
f 805 456 457
f 458 461 799
f 800 799 460
f 460 799 461
f 460 459 800
f 459 464 800
f 273 794 479
f 794 800 479
f 800 464 479
f 201 806 200
f 806 808 200
f 200 808 214
f 808 809 214
f 810 228 809
f 809 228 214
f 810 811 203
f 203 811 213
f 811 812 213
f 213 812 229
f 211 212 813
f 212 229 812
f 211 813 231
f 813 814 231
f 231 814 210
f 814 815 210
f 210 815 209
f 815 816 209
f 209 816 208
f 816 817 208
f 208 817 205
f 817 818 205
f 205 818 202
f 818 819 202
f 202 819 206
f 819 820 206
f 206 820 234
f 821 227 822
f 227 207 822
f 822 207 823
f 823 234 820
f 821 824 301
f 825 828 826
f 826 828 827
f 827 828 831
f 829 830 828
f 830 831 828
f 257 258 832
f 269 262 266
f 836 837 257
f 268 269 837
f 837 269 266
f 272 267 268
f 272 270 414
f 270 424 414
f 424 425 423
f 838 419 425
f 843 845 844
f 846 1168 845
f 1154 854 847
f 834 835 847
f 257 832 836
f 832 849 836
f 837 850 268
f 268 850 272
f 272 850 270
f 850 851 270
f 270 851 424
f 851 852 424
f 424 852 425
f 852 838 425
f 838 839 419
f 839 980 419
f 419 980 421
f 833 853 849
f 853 854 849
f 849 854 836
f 836 854 837
f 854 855 837
f 837 855 850
f 855 851 850
f 852 851 838
f 851 856 838
f 838 856 839
f 834 847 833
f 833 847 853
f 847 854 853
f 854 1151 855
f 1151 846 855
f 846 845 855
f 855 845 851
f 845 843 851
f 843 842 851
f 851 842 856
f 842 841 856
f 841 840 856
f 337 339 860
f 340 341 857
f 858 857 859
f 858 340 857
f 337 860 870
f 859 860 858
f 858 860 338
f 860 339 338
f 865 864 315
f 869 860 866
f 870 868 871
f 873 865 874
f 872 863 873
f 873 863 865
f 863 861 865
f 865 861 864
f 861 862 864
f 864 862 868
f 868 870 867
f 867 870 869
f 869 870 860
f 276 284 875
f 284 282 875
f 795 878 801
f 341 801 857
f 276 875 794
f 875 876 794
f 794 876 795
f 876 877 795
f 795 877 878
f 276 794 275
f 275 794 273
f 880 322 315
f 323 322 880
f 315 929 881
f 882 883 884
f 134 312 887
f 888 889 890
f 134 913 316
f 316 913 320
f 893 894 895
f 896 893 895
f 891 884 894
f 894 884 895
f 884 883 895
f 895 883 898
f 883 882 898
f 898 882 899
f 889 896 890
f 890 896 900
f 831 830 901
f 901 830 902
f 830 829 902
f 885 886 903
f 906 907 908
f 829 828 909
f 320 913 892
f 913 886 892
f 892 886 891
f 886 885 891
f 891 885 884
f 885 903 884
f 884 903 882
f 903 904 882
f 882 904 899
f 904 905 899
f 899 905 910
f 910 905 906
f 906 905 907
f 825 826 304
f 304 826 901
f 826 827 901
f 901 827 831
f 306 305 304
f 304 303 825
f 825 303 828
f 313 306 314
f 306 911 314
f 134 887 913
f 913 887 897
f 312 911 887
f 887 911 897
f 897 911 903
f 911 306 903
f 306 912 903
f 903 912 904
f 912 902 904
f 306 304 912
f 304 901 912
f 912 901 902
f 829 909 914
f 914 909 915
f 916 888 917
f 888 890 917
f 917 890 918
f 890 900 918
f 918 900 919
f 900 920 919
f 919 920 921
f 920 922 921
f 921 922 923
f 922 924 923
f 895 898 896
f 898 899 896
f 896 899 900
f 899 910 900
f 900 910 920
f 910 906 920
f 920 906 922
f 906 908 922
f 922 908 924
f 913 897 886
f 886 897 903
f 904 902 905
f 902 829 905
f 905 829 907
f 829 914 907
f 907 914 908
f 914 915 908
f 908 915 924
f 926 889 888
f 928 320 892
f 929 320 927
f 321 929 925
f 929 927 925
f 893 896 925
f 925 896 926
f 926 896 889
f 927 928 925
f 928 894 925
f 925 894 893
f 892 891 928
f 891 894 928
f 928 927 320
f 873 1182 872
f 933 932 952
f 952 932 931
f 863 935 930
f 863 872 936
f 862 861 863
f 936 935 863
f 868 862 937
f 870 871 937
f 937 871 868
f 870 937 337
f 937 938 337
f 938 939 337
f 337 939 342
f 342 939 354
f 354 939 336
f 939 940 336
f 336 940 335
f 335 940 334
f 940 941 334
f 334 941 333
f 333 941 332
f 941 331 332
f 943 331 942
f 944 324 943
f 329 325 944
f 944 325 324
f 325 329 328
f 329 945 327
f 832 258 945
f 835 834 944
f 834 833 944
f 848 847 946
f 847 835 946
f 960 947 962
f 947 1220 962
f 960 959 948
f 951 950 949
f 331 953 942
f 942 953 943
f 953 944 943
f 944 954 329
f 329 954 945
f 954 849 945
f 945 849 832
f 862 930 937
f 930 955 937
f 955 933 937
f 937 933 938
f 938 933 939
f 933 956 939
f 956 957 939
f 957 958 939
f 939 958 940
f 958 959 940
f 940 959 941
f 959 960 941
f 960 961 941
f 941 961 331
f 961 953 331
f 953 962 944
f 944 833 954
f 954 833 849
f 862 863 930
f 930 934 955
f 955 934 933
f 933 952 956
f 956 952 957
f 957 952 958
f 952 951 958
f 951 949 958
f 958 949 959
f 961 960 953
f 960 962 953
f 962 946 944
f 946 835 944
f 981 965 802
f 839 856 966
f 856 840 966
f 781 780 971
f 781 971 972
f 399 403 976
f 976 403 365
f 976 978 399
f 399 978 1005
f 978 840 977
f 840 841 979
f 420 419 964
f 420 981 418
f 418 981 804
f 802 804 981
f 965 990 802
f 988 803 990
f 803 802 990
f 969 967 968
f 988 989 986
f 982 988 986
f 987 989 988
f 965 981 964
f 981 420 964
f 840 978 966
f 992 963 980
f 980 839 966
f 783 974 991
f 991 974 983
f 983 974 973
f 974 781 973
f 973 781 983
f 781 972 983
f 972 1097 970
f 365 364 976
f 976 364 975
f 966 978 980
f 978 976 980
f 980 976 992
f 992 976 963
f 976 975 963
f 963 975 991
f 975 363 991
f 991 363 783
f 987 985 989
f 985 984 989
f 989 984 986
f 984 967 986
f 986 967 982
f 982 967 1100
f 419 421 964
f 421 980 964
f 964 980 965
f 980 963 965
f 965 963 990
f 990 963 988
f 988 963 987
f 987 963 985
f 963 991 985
f 985 991 983
f 985 983 984
f 983 972 984
f 972 970 984
f 984 970 967
f 967 970 968
f 429 993 430
f 430 993 452
f 994 995 426
f 426 995 394
f 394 995 427
f 427 996 428
f 428 996 429
f 996 997 429
f 429 997 993
f 388 431 1000
f 999 1000 432
f 432 1000 431
f 1002 999 405
f 405 999 386
f 999 432 386
f 1002 404 1001
f 1001 404 1003
f 404 402 1003
f 1004 1003 402
f 399 1005 433
f 1008 1010 1009
f 1011 452 993
f 999 1002 1012
f 1012 1002 1001
f 999 1012 1000
f 1012 1007 1000
f 1007 1013 1000
f 1000 1013 388
f 1013 1014 388
f 388 1014 998
f 427 995 1015
f 995 994 1015
f 1016 1017 1018
f 1018 1017 1019
f 1020 1021 1022
f 1022 1016 1020
f 1016 1018 1020
f 1020 1018 1023
f 1018 1024 1023
f 1023 1024 1025
f 1024 1010 1025
f 1010 1024 1009
f 1024 1026 1009
f 1027 1028 1029
f 1028 1030 1029
f 1029 1030 1008
f 1031 1032 1027
f 1033 1034 1035
f 1034 1036 1035
f 1037 1038 1039
f 1038 1037 1040
f 1037 1041 1040
f 1015 1026 427
f 427 1026 996
f 1026 1024 996
f 996 1024 997
f 1024 1018 997
f 997 1018 993
f 1018 1019 993
f 993 1019 1011
f 1027 1029 1031
f 1029 1043 1031
f 1043 1015 1014
f 1008 1009 1029
f 1009 1026 1029
f 1029 1026 1043
f 1026 1015 1043
f 1015 994 1014
f 1014 994 998
f 1001 1006 1012
f 1006 1007 1012
f 1007 1041 1013
f 1041 1043 1013
f 1013 1043 1014
f 1043 1034 1031
f 1034 1033 1031
f 1031 1033 1032
f 1006 1295 1007
f 1007 1295 1041
f 1295 1042 1041
f 1041 1037 1043
f 1043 1037 1034
f 1037 1039 1034
f 1034 1039 1036
f 1295 1044 1292
f 433 1044 1004
f 1004 1044 1006
f 1044 1295 1006
f 1001 1003 1006
f 1003 1004 1006
f 1045 1053 1046
f 513 519 1047
f 633 631 1048
f 1052 1051 1075
f 1063 1059 1058
f 1750 1060 1059
f 631 697 1048
f 697 696 1048
f 1048 696 694
f 694 692 1048
f 692 690 1048
f 1048 690 687
f 687 685 1048
f 685 683 1048
f 1048 683 681
f 681 637 1048
f 637 635 1048
f 1048 635 1061
f 635 613 1061
f 613 612 1061
f 1061 612 700
f 700 702 1061
f 702 704 1061
f 1061 704 706
f 706 708 1061
f 708 710 1061
f 1061 710 712
f 712 714 1061
f 714 722 1061
f 1061 722 720
f 720 718 1061
f 718 716 1061
f 1061 716 715
f 715 529 1061
f 529 528 1061
f 1061 528 1062
f 528 527 1062
f 619 621 1063
f 621 623 1063
f 1063 623 625
f 625 627 1063
f 627 629 1063
f 1063 629 1048
f 629 667 1048
f 1048 667 669
f 669 671 1048
f 671 673 1048
f 1048 673 675
f 675 677 1048
f 677 662 1048
f 1048 662 633
f 655 653 1064
f 653 651 1064
f 1064 651 649
f 649 647 1064
f 647 645 1064
f 1064 645 1063
f 645 643 1063
f 643 641 1063
f 1063 641 639
f 639 638 1063
f 638 617 1063
f 1063 617 619
f 596 597 1065
f 597 599 1065
f 599 601 1065
f 601 604 1065
f 1065 604 1064
f 604 607 1064
f 607 609 1064
f 1064 609 611
f 611 659 1064
f 659 657 1064
f 1064 657 655
f 519 520 1047
f 520 516 1047
f 1047 516 1065
f 516 594 1065
f 1065 594 596
f 1066 581 1047
f 581 512 1047
f 1047 512 513
f 537 539 1067
f 539 575 1067
f 1067 575 1066
f 575 577 1066
f 1066 577 579
f 579 592 1066
f 592 540 1066
f 1066 540 581
f 1067 522 533
f 533 535 1067
f 1067 535 537
f 508 530 1068
f 530 526 1068
f 1068 526 1067
f 526 524 1067
f 1067 524 522
f 586 567 1069
f 567 569 1069
f 1069 569 1068
f 569 509 1068
f 1068 509 508
f 1045 504 1053
f 504 503 1053
f 1053 503 1069
f 503 584 1069
f 1069 584 586
f 1046 497 494
f 494 493 1045
f 493 502 1045
f 1045 502 504
f 488 486 1046
f 486 484 1046
f 484 483 1046
f 1046 483 497
f 488 1046 489
f 1046 1070 489
f 489 1070 480
f 1072 559 557
f 1071 563 561
f 559 1072 561
f 561 1072 1071
f 480 1070 557
f 557 1070 1072
f 1074 1072 1070
f 1075 1049 1070
f 1070 1049 1076
f 1049 1093 1076
f 1061 1750 1048
f 1750 1059 1048
f 1048 1059 1063
f 1063 1058 1064
f 1064 1058 1065
f 1058 1057 1065
f 1065 1057 1047
f 1047 1056 1066
f 1066 1056 1067
f 1056 1055 1067
f 1067 1055 1068
f 1055 1054 1068
f 1068 1054 1069
f 1054 1053 1069
f 1053 1052 1046
f 1046 1052 1075
f 1075 1050 1049
f 494 1045 1046
f 1046 1075 1070
f 1070 1076 1074
f 1074 1076 1073
f 1076 1093 1073
f 784 787 1083
f 549 551 1071
f 1087 467 1088
f 473 467 1110
f 1110 467 1111
f 466 472 1080
f 471 1090 1103
f 1092 1085 1093
f 1094 1073 1084
f 1084 1073 1085
f 1073 1093 1085
f 1073 1094 1074
f 565 563 1071
f 1071 1072 1094
f 1094 1072 1074
f 1071 553 566
f 1091 547 549
f 1095 777 543
f 1095 775 768
f 767 771 1095
f 771 773 1095
f 1095 773 777
f 763 761 1096
f 761 759 1096
f 788 750 764
f 764 763 788
f 763 1096 788
f 1106 972 971
f 1133 970 1097
f 968 970 1098
f 1133 1098 970
f 1099 969 1098
f 1098 969 968
f 797 798 1100
f 1100 798 982
f 1122 797 1131
f 797 1077 796
f 805 796 456
f 1085 1091 1071
f 1071 551 553
f 549 1071 1091
f 1091 462 1103
f 1103 462 471
f 1083 1108 1107
f 1095 768 767
f 759 776 1096
f 776 775 1096
f 1096 775 788
f 775 1095 788
f 788 1095 1109
f 789 788 1083
f 788 1109 1083
f 1083 1109 1108
f 1109 1095 1108
f 1108 1095 1082
f 1082 1095 1103
f 1088 456 1081
f 456 796 1081
f 1081 796 1102
f 1102 796 1077
f 1112 1089 473
f 475 474 1089
f 475 1089 1114
f 1114 1089 1112
f 1113 1114 1112
f 1114 472 475
f 471 466 1090
f 466 1080 1090
f 1113 1080 1114
f 1114 1080 472
f 473 1110 1112
f 1110 1116 1112
f 1116 1117 1112
f 1112 1117 1113
f 1117 1115 1113
f 1115 1121 1118
f 1113 1115 1118
f 1115 1117 1121
f 1117 1116 1121
f 1116 1110 1121
f 1111 467 1086
f 1086 467 1087
f 781 784 780
f 784 1083 780
f 780 1083 1107
f 1107 1108 1105
f 1105 1108 1082
f 1105 1082 1104
f 1104 1082 1079
f 543 545 1095
f 545 547 1095
f 547 1091 1095
f 1091 1103 1095
f 1103 1090 1082
f 1090 1080 1082
f 1080 1113 1082
f 1082 1113 1079
f 1129 1120 1122
f 1122 1120 1123
f 797 1122 1077
f 1077 1120 1102
f 1102 1120 1081
f 1120 1088 1081
f 1120 1077 1123
f 1123 1077 1122
f 1125 1124 1106
f 1106 1124 1128
f 1128 1124 1134
f 1124 1125 1134
f 1134 1125 1127
f 1125 1078 1127
f 1127 1078 1126
f 1078 1119 1126
f 1129 1122 1130
f 1130 1122 1119
f 1119 1122 1131
f 797 1100 1101
f 1101 1100 969
f 1100 967 969
f 797 1101 1131
f 1101 969 1132
f 969 1099 1132
f 1099 1098 1132
f 1132 1098 1133
f 1133 1097 1134
f 1134 1097 1135
f 1097 972 1135
f 972 1106 1135
f 1135 1106 1136
f 1106 1128 1136
f 1136 1128 1135
f 1135 1128 1134
f 1134 1127 1133
f 1133 1127 1132
f 1127 1126 1132
f 1132 1126 1101
f 1101 1126 1131
f 1131 1126 1119
f 1130 1119 1129
f 1129 1119 1121
f 1088 1120 1087
f 1087 1120 1086
f 1086 1120 1111
f 1120 1129 1111
f 1111 1129 1110
f 1129 1121 1110
f 1119 1078 1121
f 1121 1078 1118
f 1118 1078 1113
f 1078 1125 1113
f 1113 1125 1079
f 1079 1125 1104
f 1125 1106 1104
f 1104 1106 1105
f 1106 971 1105
f 1105 971 1107
f 1107 971 780
f 1084 1085 1094
f 1085 1071 1094
f 1071 566 565
f 1091 1085 1137
f 1137 1085 1138
f 1085 1092 1138
f 462 1091 807
f 807 1091 1137
f 828 1800 909
f 1139 1185 1800
f 810 809 807
f 809 808 807
f 807 808 806
f 1138 1140 1137
f 1137 1140 807
f 1140 810 807
f 1148 848 946
f 1150 1149 1156
f 1150 1156 1222
f 1152 1148 1156
f 1148 1222 1156
f 1152 848 1148
f 846 1158 1153
f 854 1154 1155
f 1860 1157 1156
f 1157 1155 1156
f 1156 1155 1152
f 1155 847 1152
f 1152 847 848
f 1155 1154 847
f 1858 1158 1157
f 1158 1151 1157
f 1157 1151 1155
f 1155 1151 854
f 846 1151 1158
f 1158 1863 1153
f 842 843 1161
f 843 844 1170
f 1863 1168 1153
f 1153 1168 846
f 841 1165 1166
f 1159 1163 1165
f 1165 1163 1166
f 1163 1159 1167
f 842 1172 841
f 845 1168 1162
f 1169 1170 1168
f 1170 844 1168
f 1168 844 1162
f 1162 844 845
f 843 1170 1161
f 1170 1160 1161
f 1171 1172 1160
f 1160 1172 1161
f 1172 842 1161
f 841 1172 1165
f 1165 1172 1159
f 1173 1174 1175
f 878 877 1176
f 875 282 318
f 881 929 865
f 801 859 857
f 1176 866 860
f 867 879 323
f 869 879 867
f 315 864 880
f 880 864 323
f 864 868 323
f 323 868 867
f 881 865 315
f 929 321 1177
f 1177 873 929
f 873 874 929
f 929 874 865
f 318 1176 876
f 876 875 318
f 869 318 879
f 877 876 1176
f 1176 860 801
f 801 860 859
f 801 878 1176
f 1176 318 866
f 318 869 866
f 1180 1179 1181
f 1180 1181 2179
f 1178 1182 1179
f 1182 1183 1179
f 1184 1185 1186
f 916 917 1189
f 917 918 1189
f 918 919 1189
f 919 1187 1189
f 1189 1187 1188
f 1188 1187 1191
f 1187 1190 1191
f 1193 1192 1186
f 1194 2146 1195
f 1195 2150 1194
f 1194 2150 1193
f 1193 2150 1192
f 1196 1198 1197
f 1196 1197 1139
f 1185 1139 1186
f 1139 1197 1186
f 1186 1197 1193
f 1197 1198 1193
f 1193 1198 1194
f 1184 1800 1185
f 1800 1184 909
f 1192 1191 1186
f 1191 1190 1186
f 1186 1190 1184
f 1190 915 1184
f 1184 915 909
f 919 921 1187
f 921 923 1187
f 1187 923 1190
f 923 924 1190
f 1190 924 915
f 2139 321 925
f 926 888 916
f 925 926 1199
f 926 916 1199
f 1199 916 1189
f 1180 2179 1208
f 1208 1179 1180
f 1178 1179 1203
f 872 1182 936
f 1182 935 936
f 935 1182 1203
f 1203 1182 1178
f 1204 930 1203
f 930 935 1203
f 1205 934 930
f 934 1202 933
f 932 933 1202
f 1208 2180 1179
f 1179 2180 1203
f 1203 2180 1204
f 1205 930 1204
f 2181 1209 2180
f 2180 1209 1204
f 1204 1209 1205
f 934 1205 1202
f 1202 1205 1201
f 1202 1201 1210
f 932 1202 1200
f 1202 1210 1200
f 1200 1207 932
f 1200 1211 1207
f 1207 1211 1206
f 932 1207 1214
f 931 932 1214
f 1207 952 1214
f 1214 952 931
f 952 1207 951
f 1207 950 951
f 950 1215 949
f 1216 959 1217
f 959 949 1217
f 1217 949 1215
f 1218 959 1216
f 948 959 1218
f 1219 948 1223
f 948 1219 960
f 1219 1220 960
f 960 1220 947
f 1222 946 1221
f 1221 946 962
f 946 1222 1148
f 1230 1207 1206
f 1220 1225 2162
f 1223 1225 1219
f 1219 1225 1220
f 1213 1228 2161
f 1150 1222 1213
f 1213 1222 1228
f 1222 1221 1228
f 1228 1221 1227
f 2162 1226 1220
f 1226 1227 1220
f 1220 1227 962
f 1227 1221 962
f 1230 2169 1229
f 1232 1233 1215
f 2167 1231 1230
f 1230 1231 1232
f 1207 1230 950
f 1230 1232 950
f 950 1232 1215
f 1217 1215 1216
f 1216 1215 1218
f 1149 1150 1234
f 1150 1213 1234
f 1215 1212 1218
f 1212 1223 1218
f 1218 1223 948
f 1175 1827 1235
f 1175 1235 1236
f 1236 1237 1238
f 1237 1239 1238
f 1238 1239 1240
f 1240 1239 1241
f 1239 1242 1241
f 2211 1243 1244
f 1243 1245 1244
f 1244 1245 1246
f 1245 1241 1246
f 1246 1241 1242
f 2211 1247 1243
f 1243 1247 1248
f 1247 1249 1248
f 1248 1249 1250
f 1249 1251 1250
f 1250 1251 1252
f 1251 1253 1252
f 1253 1254 1252
f 1252 1254 1255
f 1254 2198 1255
f 2198 1256 1255
f 1255 1256 1257
f 1256 1258 1257
f 1257 1258 1259
f 1258 2199 1259
f 2199 1260 1259
f 1259 1260 1261
f 1260 1262 1261
f 1261 1262 1263
f 1262 1264 1263
f 1263 1264 1265
f 1264 1266 1265
f 1265 1266 1267
f 1266 1268 1267
f 1267 1268 1269
f 1268 1270 1269
f 1269 1270 1271
f 1270 1272 1271
f 1271 1272 1273
f 1272 1274 1273
f 1273 1274 1275
f 1274 1276 1275
f 1275 1276 1277
f 1276 1278 1277
f 1279 1280 1281
f 1280 1282 1281
f 1281 1282 1283
f 1282 1284 1283
f 1283 1284 1278
f 1284 1285 1278
f 1278 1285 1277
f 1286 1044 1288
f 1164 1289 1287
f 1290 1289 1167
f 1167 1289 1163
f 1166 1163 1289
f 1164 841 1166
f 840 979 1164
f 1164 979 841
f 840 1291 977
f 1291 1288 978
f 978 1288 1005
f 1044 433 1288
f 433 1005 1288
f 1164 1166 1289
f 978 977 1291
f 840 1164 1291
f 1164 1287 1291
f 1287 1288 1291
f 1042 1295 1294
f 1042 1294 1041
f 1294 1296 1041
f 1297 1296 1311
f 1041 1296 1040
f 1296 1297 1040
f 1040 1297 1038
f 1297 1298 1038
f 1038 1298 1039
f 1299 1033 1035
f 1039 1298 1036
f 1298 1300 1036
f 1036 1300 1035
f 1300 2284 1035
f 1035 2284 1299
f 1033 1299 1032
f 1299 2283 1032
f 2286 1301 1030
f 2283 1302 1032
f 1032 1302 1027
f 1302 1028 1027
f 1302 1303 1028
f 1303 1304 1028
f 1028 1304 1030
f 1304 2286 1030
f 2287 1025 1301
f 1025 1010 1301
f 1010 1008 1301
f 1301 1008 1030
f 2287 1305 1025
f 1025 1305 1023
f 1305 1306 1023
f 1023 1306 1020
f 1306 2288 1020
f 2288 1307 1020
f 1020 1307 1021
f 1307 1308 1021
f 1021 1308 1309
f 1308 1310 1309
f 1294 1311 1296
f 1292 1293 1295
f 1295 1293 1294
f 1294 1293 1311
f 1318 1319 1320
f 1319 1321 1320
f 1320 1324 1318
f 1324 1325 1318
f 1318 1325 1326
f 1315 1332 1333
f 1354 1334 1355
f 1332 1359 1333
f 1359 1360 1333
f 1333 1360 1361
f 1360 1356 1361
f 1361 1356 1362
f 1356 1314 1362
f 1369 1370 1371
f 1370 1372 1371
f 1356 1358 1314
f 1358 1373 1314
f 1339 1375 1340
f 1350 1376 1371
f 1384 1385 1346
f 1346 1385 1344
f 1349 1351 1387
f 1394 1395 1334
f 1334 1395 1355
f 1343 1397 1398
f 1397 1399 1398
f 1398 1399 1368
f 1402 1403 1365
f 1365 1403 1363
f 1405 1406 1366
f 1378 1408 1371
f 1408 1409 1371
f 1410 1412 1411
f 1346 1348 1413
f 1371 1418 1419
f 1418 1420 1419
f 1419 1420 1421
f 1386 1425 1388
f 1430 1313 1431
f 1450 2312 1451
f 2312 1452 1451
f 1451 1452 1453
f 1480 1438 1481
f 1438 1440 1482
f 1491 1492 1493
f 1492 1494 1493
f 1469 1500 1467
f 1452 1501 1453
f 1501 1502 1453
f 1453 1502 1503
f 1502 1504 1503
f 1503 1504 1493
f 1504 1505 1493
f 1493 1505 1491
f 1587 1588 1589
f 1588 1590 1589
f 1592 1593 1555
f 1555 1593 1556
f 1609 1610 1611
f 1617 1619 1618
f 1618 1619 1620
f 1605 1622 1603
f 1622 1623 1603
f 1639 1641 1640
f 1640 1641 1587
f 1641 1642 1587
f 1608 1607 1654
f 1607 1655 1654
f 1654 1655 1656
f 1657 1658 1659
f 1658 1660 1659
f 1659 1660 1661
f 1660 1662 1661
f 1661 1662 1663
f 1662 1664 1663
f 1663 1664 1665
f 1665 1666 1667
f 1666 1668 1667
f 1667 1668 1669
f 1668 1670 1669
f 1669 1670 1671
f 1656 1655 1694
f 1655 1695 1694
f 1694 1695 1696
f 1695 1697 1696
f 1696 1697 1698
f 1699 1700 1606
f 1606 1700 1701
f 1700 1702 1701
f 1701 1702 1703
f 1706 1707 1708
f 1707 1709 1708
f 1708 1709 1586
f 1722 1723 1724
f 1723 1725 1724
f 1724 1725 1726
f 1725 1727 1726
f 1726 1727 1728
f 1727 1698 1728
f 1728 1698 1729
f 1698 1697 1729
f 1612 1730 1613
f 1730 1731 1613
f 1613 1731 1732
f 1731 1733 1732
f 1732 1733 1734
f 1671 1670 1735
f 1670 1736 1735
f 1735 1736 1737
f 1739 1740 1736
f 1736 1740 1737
f 1734 1733 1741
f 1733 1742 1741
f 1741 1742 1743
f 1742 1744 1743
f 1743 1744 1657
f 1744 1745 1657
f 1657 1745 1658
f 1709 1747 1584
f 1584 1747 1738
f 1747 1748 1738
f 1684 1683 1749
f 1537 1539 1768
f 1062 1751 1752
f 1062 1752 1750
f 1751 1753 1752
f 1755 1749 1758
f 1757 1758 1749
f 1756 1758 1757
f 1765 1767 1766
f 1768 2352 1767
f 1541 1543 1768
f 1541 1768 1539
f 1062 527 1769
f 1750 1061 1062
f 1716 1718 1757
f 1718 1719 1757
f 1757 1719 1552
f 1759 1756 1634
f 1756 1757 1634
f 1757 1552 1634
f 1634 1552 1554
f 1636 1638 1761
f 1638 1640 1761
f 1760 1761 1759
f 1554 1631 1634
f 1759 1634 1760
f 1760 1634 1761
f 1761 1634 1636
f 1555 1557 1770
f 1557 1559 1770
f 1770 1559 1561
f 1561 1563 1770
f 1563 1763 1770
f 1527 1525 1768
f 1525 1523 1768
f 1764 1768 1767
f 1768 1523 1537
f 1563 1565 1528
f 1762 1763 1764
f 1763 1563 1764
f 1764 1563 1768
f 1563 1528 1768
f 1768 1528 1527
f 1640 1587 1761
f 1587 1589 1761
f 1761 1589 1591
f 1763 1761 1770
f 1761 1591 1770
f 1770 1591 1555
f 1701 1703 1753
f 1697 1695 1751
f 1697 1751 1729
f 1695 1655 1751
f 1655 1607 1751
f 1751 1607 1753
f 1607 1606 1753
f 1753 1606 1701
f 1724 1726 1751
f 1726 1728 1751
f 1751 1728 1729
f 1769 1771 1062
f 1062 1771 1751
f 1771 1722 1751
f 1751 1722 1724
f 1666 1664 1754
f 1664 1662 1754
f 1754 1662 1660
f 1660 1658 1754
f 1658 1755 1754
f 1755 1758 1754
f 1658 1745 1755
f 1745 1744 1755
f 1755 1744 1742
f 1677 1757 1679
f 1757 1749 1679
f 1679 1749 1681
f 1749 1683 1681
f 1742 1733 1755
f 1733 1731 1755
f 1755 1731 1730
f 1730 1612 1755
f 1612 1610 1755
f 1755 1610 1749
f 1610 1519 1749
f 1749 1519 1684
f 1703 1706 1753
f 1706 1708 1753
f 1753 1708 1586
f 1736 1670 1754
f 1670 1668 1754
f 1754 1668 1666
f 1586 1585 1753
f 1585 1584 1753
f 1753 1584 1754
f 1584 1738 1754
f 1754 1738 1736
f 1677 1675 1757
f 1675 1673 1757
f 1757 1673 1672
f 1672 1628 1757
f 1628 1712 1757
f 1712 1714 1757
f 1757 1714 1716
f 1775 1776 1764
f 1764 1767 1775
f 1775 1767 1777
f 1767 1765 1777
f 1763 1762 1776
f 1762 1764 1776
f 1774 1759 1776
f 1759 1761 1776
f 1776 1761 1763
f 1758 1756 1779
f 1779 1756 1774
f 1756 1759 1774
f 1779 1780 1758
f 1773 1758 1780
f 1753 1781 1752
f 1753 1754 1781
f 1781 1754 1782
f 1782 1754 1773
f 1773 1754 1758
f 1783 1060 1750
f 1783 1750 1784
f 1784 1750 1785
f 1750 1752 1785
f 1785 1752 1781
f 1786 1058 1783
f 1058 1059 1783
f 1783 1059 1060
f 1787 1058 1788
f 1788 1058 1786
f 1057 1789 1047
f 1789 1790 1047
f 1789 1057 1787
f 1787 1057 1058
f 1791 1056 1790
f 1056 1047 1790
f 1055 1793 1054
f 1793 1792 1054
f 1793 1055 1794
f 1794 1055 1791
f 1055 1056 1791
f 1052 1792 1795
f 1052 1053 1792
f 1053 1054 1792
f 1796 1052 1795
f 1050 1075 1796
f 1075 1051 1796
f 1796 1051 1052
f 1797 1138 1093
f 1093 1138 1092
f 1796 1797 1050
f 1050 1797 1049
f 1797 1093 1049
f 1801 1798 1800
f 1798 1799 1800
f 1798 1801 1802
f 1801 1812 1802
f 1802 1812 1803
f 1803 1812 1804
f 1805 1806 1812
f 1806 1807 1812
f 1807 1808 1812
f 1812 1808 1804
f 1810 1811 1809
f 1809 1811 1812
f 1811 1813 1812
f 1812 1813 1805
f 1809 1814 1810
f 1814 1815 1816
f 1816 1817 1814
f 1817 2053 1814
f 1820 1818 1815
f 1818 1819 1815
f 1815 1819 1816
f 1821 1822 1823
f 1823 1824 1821
f 1821 1825 1820
f 1827 1175 1174
f 1826 1827 1174
f 1174 1173 1828
f 1828 1173 1829
f 1829 1916 1828
f 1828 1916 1830
f 1822 1831 1823
f 1831 1832 1823
f 1832 1831 1833
f 1831 1835 1833
f 1828 1830 1834
f 1835 1836 1833
f 1834 1830 1835
f 1830 1837 1835
f 1835 1837 1836
f 1841 1840 1839
f 1841 1842 1840
f 1841 1844 1843
f 1850 1846 1845
f 1850 1847 1846
f 1848 1847 1862
f 1847 2701 1862
f 1850 1849 1847
f 1849 2701 1847
f 1845 2163 1850
f 1850 2163 1852
f 1863 1857 1856
f 1860 1861 1855
f 1861 1858 1855
f 1854 1853 1860
f 1858 1157 1855
f 1855 1157 1860
f 1149 1848 1156
f 1848 1854 1156
f 1854 1860 1156
f 1853 1854 1862
f 1862 1854 1848
f 1169 1168 1863
f 1863 1856 1864
f 1863 1859 1857
f 1863 1158 1859
f 1859 1158 1858
f 1167 1159 1867
f 1866 2766 1159
f 2766 2767 1159
f 1865 1871 1160
f 1160 1871 1869
f 1869 1871 1870
f 1170 1872 1160
f 1160 1872 1865
f 1160 1869 1171
f 1863 1872 1169
f 1872 1170 1169
f 1873 1872 1856
f 1856 1872 1864
f 1872 1863 1864
f 2766 1866 1868
f 1866 1172 1868
f 1159 1172 1866
f 1172 1171 1868
f 1868 1171 1870
f 1870 1171 1869
f 1263 1265 1877
f 1878 1879 1880
f 1945 1881 1882
f 1241 1245 1883
f 1238 1240 1884
f 1243 1248 1885
f 1255 1257 1886
f 1250 1252 1887
f 1832 1833 1888
f 1175 1236 1173
f 1236 1238 1173
f 1173 1238 1829
f 1893 1836 1837
f 1833 1836 1894
f 1257 1259 1886
f 1259 1895 1886
f 1886 1895 1896
f 1896 1885 1897
f 1885 1248 1897
f 1897 1248 1250
f 1252 1255 1887
f 1255 1886 1887
f 1887 1886 1896
f 1250 1887 1897
f 1887 1896 1897
f 1245 1243 1883
f 1243 1885 1883
f 1883 1885 1896
f 1902 1898 1903
f 1240 1241 1884
f 1241 1883 1884
f 1884 1883 1899
f 1883 1896 1899
f 1899 1896 1898
f 1829 1238 1889
f 1238 1884 1889
f 1889 1884 1901
f 1884 1899 1901
f 1901 1899 1898
f 1903 1900 1904
f 1904 1900 1905
f 1906 1907 1908
f 1907 1909 1908
f 1908 1909 1910
f 1909 1911 1910
f 1910 1911 1912
f 1911 1913 1912
f 1912 1913 1914
f 1913 1915 1914
f 1914 1915 1891
f 1917 1918 1919
f 1907 1920 1909
f 1920 1921 1909
f 1909 1921 1911
f 1921 1922 1911
f 1911 1922 1913
f 1922 1923 1913
f 1913 1923 1915
f 1923 1924 1915
f 1915 1924 1891
f 1891 1830 1916
f 1920 1917 1921
f 1917 1919 1921
f 1921 1919 1922
f 1919 1925 1922
f 1922 1925 1923
f 1925 1926 1923
f 1923 1926 1924
f 1926 1927 1924
f 1924 1927 1891
f 1927 1830 1891
f 1928 1929 1930
f 1929 1931 1930
f 1930 1931 1932
f 1931 1933 1932
f 1932 1933 1934
f 1933 1893 1934
f 1934 1893 1892
f 1893 1837 1892
f 1892 1837 1830
f 1833 1894 1888
f 1888 1894 1935
f 1823 1832 1936
f 1832 1888 1936
f 1936 1888 1937
f 1888 1935 1937
f 1937 1935 1938
f 1935 1939 1938
f 1929 1939 1931
f 1939 1935 1931
f 1931 1935 1933
f 1935 1894 1933
f 1933 1894 1893
f 1894 1836 1893
f 1918 1928 1919
f 1928 1930 1919
f 1919 1930 1925
f 1930 1932 1925
f 1925 1932 1926
f 1932 1934 1926
f 1926 1934 1927
f 1934 1892 1927
f 1927 1892 1830
f 1943 1944 1945
f 1948 1947 1949
f 1949 1947 1950
f 1980 1976 1945
f 1945 1946 1943
f 1943 1946 1949
f 1949 1946 1948
f 1951 1952 1953
f 1952 1951 1954
f 1945 1882 1980
f 1980 1882 1955
f 1882 1956 1955
f 1955 1956 1957
f 1958 1956 1959
f 1956 1882 1959
f 1959 1882 1960
f 1882 1881 1960
f 1960 1881 1961
f 1958 1878 1956
f 1878 1880 1956
f 1956 1880 1957
f 1880 1962 1957
f 1957 1962 1963
f 1962 1905 1963
f 1963 1905 1900
f 1903 1898 1964
f 1964 1898 1965
f 1965 1898 1966
f 1966 1898 1967
f 1898 1896 1967
f 1950 1954 1949
f 1954 1951 1949
f 1949 1951 1943
f 1951 1953 1943
f 1943 1953 1944
f 1953 1968 1944
f 1944 1968 1969
f 1945 1944 1881
f 1944 1969 1881
f 1881 1969 1961
f 2813 1970 1971
f 1970 1282 1971
f 1971 1282 1280
f 1277 1285 1970
f 1285 1284 1970
f 1970 1284 1282
f 1271 1273 1972
f 1273 1275 1972
f 1972 1275 1973
f 1275 1277 1973
f 1277 1970 1973
f 1973 1970 2813
f 2814 2815 1940
f 1941 1977 1940
f 1940 1977 2814
f 2814 1977 1975
f 1977 1984 1975
f 1975 1984 1974
f 1984 1978 1974
f 1974 1978 2813
f 2813 1978 1973
f 1978 1979 1973
f 1973 1979 1972
f 1979 1987 1986
f 1986 1987 1269
f 1987 1267 1269
f 1261 1263 1988
f 1263 1877 1988
f 1988 1877 1979
f 1979 1877 1987
f 1987 1877 1267
f 1877 1265 1267
f 1976 1980 1941
f 1980 1981 1941
f 1941 1981 1977
f 1981 1982 1977
f 1982 1983 1977
f 1977 1983 1984
f 1984 1985 1978
f 1978 1985 1979
f 1979 1986 1972
f 1972 1986 1271
f 1986 1269 1271
f 1879 1906 1880
f 1906 1908 1880
f 1880 1908 1962
f 1908 1910 1962
f 1962 1910 1905
f 1910 1912 1905
f 1905 1912 1904
f 1912 1914 1904
f 1904 1914 1903
f 1914 1891 1903
f 1903 1891 1902
f 1902 1891 1898
f 1891 1916 1898
f 1898 1916 1901
f 1916 1890 1901
f 1901 1890 1889
f 1890 1916 1889
f 1889 1916 1829
f 1259 1261 1895
f 1261 1988 1895
f 1895 1988 1896
f 1988 1979 1896
f 1896 1979 1967
f 1979 1985 1967
f 1967 1985 1966
f 1966 1985 1965
f 1985 1984 1965
f 1965 1984 1964
f 1984 1983 1964
f 1964 1983 1903
f 1983 1982 1903
f 1903 1982 1900
f 1900 1982 1963
f 1982 1981 1963
f 1963 1981 1957
f 1981 1980 1957
f 1957 1980 1955
f 1941 1942 1976
f 1939 1929 1989
f 1950 1947 1990
f 1991 1992 1993
f 1994 1995 1996
f 1997 1998 1999
f 2000 2001 2002
f 2003 2004 2005
f 1825 1824 2007
f 1194 1198 2009
f 1139 1800 1196
f 1800 2009 1196
f 2009 1198 1196
f 2146 1194 2011
f 1194 2010 2011
f 2014 2015 2012
f 2012 2015 2013
f 2016 2017 2014
f 2017 2018 2014
f 2014 2018 2015
f 2026 2023 2022
f 2022 2023 2021
f 2024 2025 2004
f 2004 2025 2022
f 2025 2026 2022
f 2024 2004 2027
f 2004 2003 2027
f 2027 2003 2028
f 2029 2030 2031
f 2032 2029 2033
f 2029 2034 2033
f 2033 2034 2035
f 2034 2036 2035
f 2044 2038 2037
f 2037 2038 2039
f 2041 2040 2042
f 2043 2045 2037
f 2045 2044 2037
f 1996 2047 2043
f 2047 2045 2043
f 1996 1995 2046
f 2046 2047 1996
f 1995 2048 2046
f 1990 2858 2008
f 2858 1990 2049
f 1990 1947 2049
f 2049 1947 1948
f 1824 1823 1936
f 1820 1825 2050
f 1818 2006 1819
f 2006 2051 1819
f 2052 1817 2051
f 1817 1816 2051
f 2051 1816 1819
f 2052 2053 1817
f 2053 1810 1814
f 2055 1811 2054
f 1811 1810 2054
f 1811 2055 1813
f 2055 2056 1813
f 1813 2056 1805
f 1805 2056 1806
f 2056 2057 1806
f 1806 2057 1807
f 2058 1808 2057
f 1808 1807 2057
f 1802 1803 2059
f 1803 1804 2059
f 2059 1804 2058
f 2058 1804 1808
f 2059 2060 1802
f 1800 1799 2009
f 2009 1799 2061
f 1799 1798 2061
f 2061 1798 2060
f 1798 1802 2060
f 2062 2016 2063
f 2016 2014 2063
f 2063 2014 2064
f 2014 2012 2064
f 2064 2012 2065
f 2012 2013 2065
f 2065 2013 2010
f 2010 2013 2011
f 2005 2004 2066
f 2004 2022 2066
f 2066 2022 2067
f 2022 2021 2067
f 2067 2021 2019
f 2021 2020 2019
f 2068 2069 2070
f 2069 2003 2070
f 2070 2003 2071
f 2003 2005 2071
f 2072 2073 2074
f 2073 2075 2074
f 2074 2075 2076
f 2075 2077 2076
f 2076 2077 2078
f 2077 2079 2078
f 2078 2079 2080
f 2079 2081 2080
f 2080 2081 2082
f 2081 2083 2082
f 2082 2083 2063
f 2084 2085 1997
f 2020 2062 2019
f 2062 2063 2019
f 2019 2063 2067
f 2063 2083 2067
f 2067 2083 2066
f 2083 2081 2066
f 2066 2081 2005
f 2081 2079 2005
f 2005 2079 2071
f 2079 2077 2071
f 2071 2077 2070
f 2077 2075 2070
f 2070 2075 2068
f 2075 2073 2068
f 1997 2085 1998
f 2085 2086 1998
f 1998 2086 2087
f 2088 2089 2090
f 2089 2091 2090
f 1907 1906 2089
f 1906 1879 2089
f 2087 2092 1998
f 2092 2093 1998
f 1998 2093 1999
f 2093 2094 1999
f 1999 2094 2095
f 1879 1878 2089
f 1878 1958 2089
f 2089 1958 2091
f 1958 1959 2091
f 2091 1959 2096
f 2072 2002 2073
f 2002 2001 2073
f 2073 2001 2068
f 2001 2097 2068
f 2068 2097 2069
f 2097 2098 2069
f 2069 2098 2003
f 2098 2031 2003
f 2003 2031 2028
f 2031 2030 2028
f 2038 2040 2039
f 2040 2041 2039
f 2039 2041 2034
f 2041 2042 2034
f 2034 2042 2036
f 2029 2031 2034
f 2031 2098 2034
f 2034 2098 2039
f 2098 2097 2039
f 2039 2097 2037
f 2097 2001 2037
f 2037 2001 2043
f 2001 2000 2043
f 2043 2000 1996
f 2072 2084 2002
f 2084 1997 2002
f 2002 1997 2000
f 1997 1999 2000
f 2000 1999 1996
f 1999 2095 1996
f 1996 2095 1994
f 1968 2099 2100
f 1993 1992 2099
f 1992 2101 2099
f 2099 2101 2100
f 2101 2102 2100
f 2100 2102 2096
f 2102 2103 2096
f 2096 2103 2091
f 2103 2104 2091
f 2091 2104 2090
f 2008 1991 1990
f 1991 1993 1990
f 1990 1993 1950
f 1968 1953 2099
f 1953 1952 2099
f 2099 1952 1993
f 1952 1954 1993
f 1993 1954 1950
f 1959 1960 2096
f 1960 1961 2096
f 2096 1961 2100
f 1961 1969 2100
f 2100 1969 1968
f 1825 2007 2050
f 2007 1989 2050
f 2050 1989 2105
f 1929 1928 2106
f 1929 2106 1989
f 2106 2107 1989
f 1989 2107 2105
f 1918 1917 2108
f 1917 1920 2108
f 2108 1920 2109
f 1920 1907 2109
f 2109 1907 2110
f 1907 2089 2110
f 2089 2088 2110
f 2110 2088 2109
f 2088 2111 2109
f 2109 2111 2108
f 2008 2048 1991
f 1991 2048 1992
f 2048 1995 1992
f 1992 1995 2101
f 1995 1994 2101
f 2101 1994 2102
f 1994 2095 2102
f 2102 2095 2103
f 2095 2094 2103
f 2103 2094 2104
f 2094 2093 2104
f 2104 2093 2090
f 2093 2092 2090
f 2090 2092 2088
f 2092 2087 2088
f 2088 2087 2111
f 2087 2107 2111
f 2111 2107 2108
f 2107 2106 2108
f 2108 2106 1918
f 2106 1928 1918
f 1824 1936 2007
f 1936 1937 2007
f 2007 1937 1989
f 1937 1938 1989
f 1989 1938 1939
f 2112 2113 2114
f 2113 2115 2114
f 2114 2115 2116
f 2115 2117 2116
f 2116 2117 2118
f 2117 2119 2118
f 2118 2119 2120
f 2119 2121 2120
f 2120 2121 2122
f 2121 2123 2122
f 2122 2123 2124
f 2123 2125 2124
f 2124 2125 2126
f 2125 2127 2126
f 2126 2127 2128
f 2127 2129 2128
f 2128 2129 2130
f 2129 2131 2130
f 2130 2131 2132
f 2006 2112 2051
f 2112 2114 2051
f 2051 2114 2052
f 2114 2116 2052
f 2052 2116 2053
f 2116 2118 2053
f 2053 2118 1810
f 2118 2120 1810
f 1810 2120 2054
f 2120 2122 2054
f 2054 2122 2055
f 2122 2124 2055
f 2055 2124 2056
f 2124 2126 2056
f 2056 2126 2057
f 2126 2128 2057
f 2057 2128 2058
f 2128 2130 2058
f 2058 2130 2059
f 2130 2132 2059
f 2059 2132 2060
f 2132 2133 2060
f 2060 2133 2061
f 2133 2134 2061
f 2061 2134 2009
f 2134 2010 2009
f 2009 2010 1194
f 2010 2134 2065
f 2065 2134 2064
f 2134 2133 2064
f 2064 2133 2063
f 2133 2132 2063
f 2063 2132 2082
f 2132 2131 2082
f 2082 2131 2080
f 2131 2129 2080
f 2080 2129 2078
f 2129 2127 2078
f 2078 2127 2076
f 2127 2125 2076
f 2076 2125 2074
f 2125 2123 2074
f 2074 2123 2072
f 2123 2121 2072
f 2072 2121 2084
f 2121 2119 2084
f 2084 2119 2085
f 2119 2117 2085
f 2085 2117 2086
f 2117 2115 2086
f 2086 2115 2087
f 2115 2113 2087
f 2087 2113 2107
f 2113 2112 2107
f 2107 2112 2105
f 2112 2006 2105
f 2105 2006 2050
f 2006 1818 2050
f 2050 1818 1820
f 1182 873 1177
f 1183 1182 2139
f 1182 1177 2139
f 2139 1177 321
f 2140 1179 1183
f 2141 1179 2140
f 2141 2179 1181
f 2141 1181 1179
f 2137 2139 1192
f 1192 2150 2137
f 2137 2150 2136
f 1188 1191 2139
f 1191 1192 2139
f 925 1199 2139
f 1199 1189 2139
f 1189 1188 2139
f 2143 2144 2151
f 2151 2144 2148
f 2137 2136 2139
f 2136 2135 2139
f 2135 2149 2139
f 1195 2151 2150
f 2151 2136 2150
f 2146 2145 2152
f 2146 2152 1195
f 1195 2152 2151
f 2152 2145 2151
f 2151 2145 2143
f 2142 2141 2135
f 2143 2138 2144
f 2138 2148 2144
f 2148 2138 2147
f 2147 2138 2136
f 2138 2135 2136
f 2135 2141 2149
f 2149 2141 2139
f 2141 2140 2139
f 2139 2140 1183
f 2162 1225 2154
f 1223 1212 2164
f 1206 1211 2155
f 1847 1848 2160
f 1848 1149 2160
f 1846 1847 2153
f 2153 1847 2161
f 1228 1227 2162
f 2153 1228 1846
f 1228 2162 1846
f 2162 1845 1846
f 1224 1852 1225
f 1852 2163 1225
f 1225 2163 2154
f 2154 2163 2162
f 2162 2163 1845
f 2158 2166 2165
f 2172 2175 2173
f 2669 2176 2177
f 1208 2179 2178
f 2178 2180 1208
f 2181 2180 2177
f 2177 2180 2669
f 2180 2178 2669
f 2182 1209 2176
f 1209 2181 2176
f 2176 2181 2177
f 1201 1205 2182
f 2182 1205 1209
f 1211 1200 2183
f 1200 1210 2183
f 2183 1210 1201
f 1211 2157 2155
f 2157 2171 2155
f 2170 2169 1230
f 2170 1230 2155
f 1230 1206 2155
f 2168 2167 2169
f 2169 2167 1229
f 2167 1230 1229
f 2674 1231 2167
f 2158 1232 2674
f 1232 1231 2674
f 1215 1233 2165
f 2165 1233 2158
f 2158 1233 1232
f 2164 1212 2165
f 1212 1215 2165
f 1223 2164 2159
f 1225 1223 1224
f 1224 1223 2159
f 1227 1226 2162
f 2153 2161 1228
f 1234 1213 2161
f 1234 2161 1149
f 1149 2161 2160
f 2161 1847 2160
f 2183 1201 2172
f 1201 2182 2172
f 2172 2182 2175
f 2175 2182 2156
f 2182 2176 2156
f 1211 2183 2157
f 2157 2183 2174
f 2174 2183 2671
f 2183 2172 2671
f 2779 2186 2184
f 2187 2838 2836
f 2188 2190 2187
f 2192 2191 2190
f 2190 2191 2189
f 2193 2834 2190
f 2190 2834 2192
f 2833 2832 2187
f 2187 2832 2188
f 2188 2832 2190
f 2190 2832 2193
f 1239 1237 2195
f 1237 1235 2195
f 2195 1235 1827
f 2195 2196 1239
f 1239 2196 1242
f 1242 2211 1246
f 1246 2211 1244
f 1253 1251 2197
f 1251 1249 2197
f 1249 1247 2197
f 2197 1247 2211
f 1260 2199 1262
f 2199 2209 1262
f 1262 2209 1264
f 2209 1266 1264
f 1272 1270 2200
f 2201 1276 2200
f 1276 1274 2200
f 2200 1274 1272
f 1281 1283 2201
f 1283 1278 2201
f 2201 1278 1276
f 2202 2216 2661
f 2216 2203 2661
f 2203 2204 2661
f 2204 2205 2661
f 2206 2207 2208
f 2207 2194 2208
f 2206 2208 2210
f 2208 2198 2210
f 2198 2197 2210
f 2197 2211 2210
f 2210 2211 2212
f 2213 1827 2212
f 2212 1827 1826
f 2209 2199 2194
f 2194 2199 2208
f 2208 2199 2198
f 2199 1258 2198
f 2198 1258 1256
f 2209 1268 1266
f 2194 2214 2209
f 2661 2205 2194
f 2194 2205 2214
f 2205 2204 2214
f 2214 2204 2215
f 2215 2201 2200
f 2201 1279 1281
f 2216 2215 2203
f 2203 2215 2204
f 2215 2200 2214
f 2214 2200 2209
f 2209 2200 1268
f 2200 1270 1268
f 1254 1253 2198
f 2198 1253 2197
f 2211 1242 2212
f 2212 1242 2213
f 1242 2196 2213
f 2196 2195 2213
f 2213 2195 1827
f 2217 2946 1874
f 2201 2215 2216
f 1874 1875 2217
f 2217 1875 2216
f 1875 1279 2216
f 2216 1279 2201
f 2946 2906 1874
f 1287 1289 2219
f 2219 1289 1290
f 1286 1288 2218
f 2220 1292 2218
f 2218 1292 1286
f 1286 1292 1044
f 2222 2224 2218
f 2218 2224 2225
f 2225 2345 2218
f 2218 2345 2221
f 1290 1167 2935
f 2935 1167 2226
f 1167 1867 2226
f 2226 1867 1159
f 2218 1288 2219
f 2219 1288 1287
f 2219 2936 2218
f 2218 2936 2222
f 1547 1513 2269
f 1513 1512 2269
f 2269 1512 1510
f 1509 1534 2355
f 1548 1583 2263
f 1621 1599 2270
f 1653 2649 1644
f 1623 1622 2271
f 1605 1604 2272
f 2272 1604 1602
f 1475 1474 2272
f 2272 1474 1472
f 1467 1500 2274
f 1498 2275 1499
f 1483 1454 2482
f 1456 1458 2482
f 2482 1458 1459
f 1320 2548 1324
f 1404 2276 1405
f 1423 2597 1341
f 1426 2302 2277
f 1379 2300 1380
f 1369 2412 1370
f 1414 2294 1425
f 1385 2456 1344
f 1355 2292 1354
f 1304 1303 2286
f 1293 2279 2280
f 2280 2281 1311
f 1311 2282 1297
f 2282 1298 1297
f 2283 1299 2284
f 2285 2286 2283
f 1303 1302 2286
f 2286 1302 2283
f 1301 2286 2287
f 2288 1310 1307
f 1307 1310 1308
f 1389 1310 2289
f 2289 1310 2290
f 2290 1310 2288
f 1392 1391 2291
f 1391 1390 2291
f 1415 1392 2291
f 1394 1393 2460
f 1355 1395 2292
f 1395 1394 2292
f 1394 2460 2292
f 1348 1347 2293
f 1347 1345 2293
f 2293 1345 2456
f 2252 1348 2451
f 2443 2442 1413
f 2278 1413 2404
f 1377 1376 2295
f 2295 1376 2296
f 2297 1372 2412
f 2385 1372 2297
f 1408 1378 2298
f 1410 1409 2299
f 2299 1409 2298
f 1379 1411 2300
f 2300 1411 2299
f 1411 1412 2299
f 2299 1412 1410
f 1418 1417 2301
f 1426 1422 2302
f 1423 1426 2277
f 1396 1342 2304
f 1364 1363 1403
f 1401 1365 1364
f 1364 1403 2231
f 2231 1403 2594
f 1403 1402 2594
f 1402 1400 2594
f 1400 1399 2594
f 1405 2276 1406
f 2276 2567 1406
f 1406 2567 1366
f 1367 1366 2567
f 1375 1374 2554
f 1340 2305 1338
f 2305 2306 1338
f 2307 1336 2306
f 2307 2306 2308
f 1321 1319 2549
f 1319 1330 2549
f 1330 1329 2549
f 1317 2542 1322
f 2309 1331 1323
f 1331 2309 1332
f 1332 2309 1359
f 2309 2310 1359
f 1359 2310 1360
f 1358 2240 1373
f 2240 1312 1373
f 1431 1313 2311
f 1312 2240 1313
f 2240 2532 1313
f 1313 2532 2311
f 1501 1452 2311
f 1452 2312 2311
f 1505 1504 2313
f 1504 1502 2313
f 1494 1492 2314
f 1492 1491 2314
f 2314 1491 1505
f 1479 1478 2314
f 1478 1497 2314
f 1497 1496 2314
f 2314 1496 1494
f 1446 1439 2315
f 1439 1438 2315
f 2315 1438 1480
f 1427 1434 2316
f 1434 1436 2316
f 1436 1449 2316
f 2316 1449 1448
f 1483 2482 1485
f 1485 1484 1483
f 2275 1490 2487
f 2487 1490 1465
f 1506 1486 2317
f 1486 1488 2317
f 1488 1489 2317
f 2317 1489 1470
f 1508 2273 1472
f 1472 2273 2272
f 1644 2649 1646
f 1646 2649 1648
f 2648 1648 2649
f 1721 1720 2648
f 2648 1720 1648
f 1599 1598 2270
f 1598 1594 2270
f 2270 1594 2648
f 1594 1596 2648
f 2648 1596 1721
f 2270 2227 1600
f 1600 2227 1579
f 1579 2227 1580
f 2227 1582 1580
f 2358 2355 1549
f 2355 1534 1549
f 1574 1514 2318
f 2318 1514 1516
f 2318 2350 1574
f 1574 2350 1577
f 1690 1688 2350
f 1688 1686 2350
f 2350 1686 1685
f 2319 1692 2350
f 1618 1693 2319
f 2319 1693 1692
f 2353 1614 2319
f 1614 1616 2319
f 2319 1616 1618
f 1571 1531 2353
f 1531 1530 2353
f 2353 1530 1614
f 1571 2353 1570
f 2353 1768 1570
f 1570 1768 1543
f 2321 1766 1767
f 1767 2352 2320
f 2268 2325 2324
f 2495 2493 2340
f 2265 2342 2341
f 2224 2222 2343
f 2344 2346 2225
f 2225 2346 2345
f 2220 2218 1772
f 1772 2218 2347
f 1293 1292 2279
f 2279 1292 2437
f 1292 1772 2437
f 1772 1292 2220
f 1767 2320 2321
f 2348 2620 2351
f 2351 2620 2320
f 1692 1690 2350
f 2350 1685 1577
f 2351 1518 2349
f 1518 1545 2349
f 2349 1545 2269
f 1545 1546 2269
f 2269 1546 1547
f 2349 2348 2351
f 2351 2320 2350
f 2350 2320 2352
f 2353 2352 1768
f 2353 2319 2352
f 2319 2350 2352
f 2350 2318 2351
f 2318 1516 2351
f 2351 1516 1518
f 2358 1549 2263
f 2263 1549 1548
f 1418 2359 1420
f 1420 2359 1422
f 1422 2359 2302
f 1418 2301 2359
f 2301 2361 2359
f 2359 2361 2302
f 2613 2376 2362
f 2261 2262 2363
f 2363 2262 2364
f 2300 2365 1380
f 1380 2365 1381
f 1381 2365 1382
f 2365 2364 1382
f 1382 2364 1383
f 1383 2364 1417
f 2364 2262 1417
f 1417 2262 2301
f 2262 2261 2301
f 2301 2261 2361
f 2361 2261 2302
f 2366 2362 2367
f 2366 2368 2362
f 2368 2369 2362
f 2372 2371 2376
f 2376 2371 2362
f 2362 2371 2367
f 2367 2382 2366
f 2382 2370 2366
f 2366 2370 2260
f 2614 2259 2224
f 2224 2259 2225
f 2225 2259 2344
f 2299 2373 2300
f 2373 2374 2300
f 2374 2375 2300
f 2300 2375 2365
f 2375 2376 2365
f 2365 2376 2364
f 2376 2377 2364
f 2377 2378 2364
f 2364 2378 2363
f 2363 2378 2261
f 2371 2382 2367
f 2382 2298 2370
f 2258 2379 2381
f 2381 2379 2257
f 2256 2389 2257
f 2389 2381 2257
f 2390 2344 2256
f 2221 2345 2394
f 2394 2345 2393
f 2345 2346 2393
f 2218 2221 2394
f 2394 2393 2431
f 2431 2393 2430
f 2411 2410 2383
f 2410 2387 2383
f 2387 2388 2383
f 1372 1370 2412
f 2296 2395 2295
f 2295 2395 1407
f 2256 2410 2390
f 2410 2397 2390
f 2390 2397 2391
f 2397 2398 2391
f 2398 2399 2391
f 2399 2400 2391
f 2391 2400 2392
f 2400 2393 2392
f 2392 2393 2391
f 2391 2393 2390
f 2393 2346 2390
f 2390 2346 2344
f 2344 2259 2256
f 2256 2259 2389
f 2389 2259 2381
f 2259 2380 2381
f 2381 2380 2258
f 2258 2380 2379
f 2380 2298 2379
f 1369 1407 2412
f 1407 2395 2412
f 2395 2296 2396
f 2396 2296 2409
f 2407 2401 2420
f 1387 1388 2402
f 1388 1425 2402
f 1425 2294 2403
f 2420 2401 2453
f 2453 2401 2408
f 2383 2384 2412
f 2412 2384 2413
f 2413 2384 2297
f 2384 2385 2297
f 2385 2386 1372
f 2386 1424 1372
f 1424 2386 1378
f 1378 2386 2298
f 2415 2416 2417
f 2417 2416 2418
f 2419 2418 2428
f 2297 2412 2413
f 2412 2395 2383
f 2383 2395 2411
f 2395 2396 2411
f 2411 2396 2410
f 2396 2409 2410
f 2409 2453 2408
f 2407 2421 2406
f 2421 2422 2405
f 2405 2422 2414
f 2422 2423 2414
f 2414 2423 2424
f 2415 2424 2416
f 2416 2424 2255
f 2400 2425 2393
f 2425 2426 2393
f 2426 2430 2393
f 2394 2431 2218
f 2431 2427 2218
f 2427 2347 2218
f 2428 2418 2429
f 2429 2418 2430
f 2418 2416 2430
f 2430 2416 2431
f 2432 2416 2255
f 1413 2442 2404
f 2433 2434 2255
f 2255 2434 2347
f 2255 2347 2432
f 2347 2427 2432
f 2432 2427 2416
f 2427 2431 2416
f 2429 2430 2428
f 1414 2278 2294
f 2403 2294 2404
f 2294 2278 2404
f 2441 2404 2442
f 2446 2445 2447
f 2445 2448 2447
f 2447 2448 2250
f 1413 1348 2450
f 1348 2252 2445
f 2445 2252 2451
f 1376 1350 2296
f 1350 1349 2296
f 1349 2402 2296
f 2296 2402 2409
f 2402 1425 2409
f 2409 1425 2453
f 2423 2422 2454
f 2454 2422 2254
f 2422 2455 2254
f 2254 2455 2435
f 2455 2436 2435
f 2456 1345 1344
f 1348 2293 2451
f 2293 2456 2451
f 1413 2450 2443
f 2443 2450 2444
f 2450 1348 2444
f 2444 1348 2445
f 2445 2451 2448
f 2451 2456 2448
f 2456 2452 2448
f 2448 2452 2250
f 2251 2250 2449
f 2250 2452 2449
f 2460 2458 2292
f 2458 2452 2292
f 1354 2292 1352
f 2292 2461 1352
f 1352 2461 1384
f 1349 1387 2402
f 1425 2403 2453
f 2453 2403 2420
f 2403 2404 2420
f 2420 2404 2407
f 2404 2441 2407
f 2407 2441 2421
f 2441 2442 2421
f 2442 2443 2421
f 2421 2443 2422
f 2443 2444 2422
f 2444 2445 2422
f 2445 2446 2422
f 2446 2447 2422
f 2422 2447 2455
f 2455 2447 2436
f 2447 2250 2436
f 2250 2251 2436
f 2449 2462 2251
f 2435 2253 2438
f 2253 2439 2438
f 2438 2439 2437
f 2280 2437 2463
f 2437 2439 2463
f 2433 2438 2434
f 2434 2438 2347
f 2438 2437 2347
f 2347 2437 1772
f 2437 2280 2279
f 2280 1311 1293
f 2449 2457 2462
f 2281 2282 1311
f 2467 2465 2464
f 2460 2291 2459
f 1393 1416 2460
f 1416 1415 2460
f 2460 1415 2291
f 2291 1390 2289
f 2289 1390 1389
f 2467 2468 2465
f 2468 2459 2465
f 2459 2249 2465
f 1385 1384 2456
f 1384 2461 2456
f 2456 2461 2452
f 2461 2292 2452
f 2452 2458 2449
f 2449 2458 2457
f 2457 2458 2462
f 2458 2460 2462
f 2462 2460 2467
f 2467 2460 2468
f 2460 2459 2468
f 2459 2291 2249
f 2291 2466 2249
f 2282 2281 2249
f 2249 2281 2465
f 2281 2280 2465
f 2465 2280 2464
f 2280 2463 2464
f 2464 2463 2467
f 2467 2463 2462
f 2462 2463 2251
f 2463 2439 2251
f 2251 2439 2253
f 2253 2440 2251
f 2251 2440 2436
f 2440 2253 2436
f 2436 2253 2435
f 2438 2433 2435
f 2435 2433 2254
f 2254 2433 2454
f 2433 2255 2454
f 2454 2255 2423
f 2255 2424 2423
f 2424 2415 2414
f 2415 2417 2414
f 2417 2418 2414
f 2414 2418 2405
f 2405 2418 2421
f 2418 2419 2421
f 2421 2419 2406
f 2419 2428 2406
f 2406 2428 2407
f 2428 2430 2407
f 2407 2430 2401
f 2430 2426 2401
f 2426 2425 2401
f 2425 2400 2401
f 2401 2400 2408
f 2408 2400 2409
f 2400 2399 2409
f 2409 2399 2410
f 2399 2398 2410
f 2398 2397 2410
f 2410 2256 2387
f 2387 2256 2388
f 2256 2257 2388
f 2388 2257 2383
f 2383 2257 2384
f 2257 2379 2384
f 2384 2379 2385
f 2385 2379 2386
f 2379 2298 2386
f 2285 2248 2287
f 2470 2248 2283
f 2283 2248 2285
f 2285 2287 2286
f 2470 2290 2248
f 2248 2290 2287
f 1306 1305 2288
f 1305 2287 2288
f 2288 2287 2290
f 2290 2470 2289
f 2470 2469 2289
f 2289 2469 2291
f 2469 2470 2291
f 2291 2470 2466
f 2466 2470 2249
f 2470 2283 2249
f 2283 2284 2249
f 2249 2284 2282
f 2284 1300 2282
f 2282 1300 1298
f 2333 2471 2472
f 2473 2471 2475
f 2475 2471 2476
f 2473 2472 2471
f 2474 2478 2473
f 1454 1456 2482
f 2482 1459 2480
f 1459 1441 2480
f 2480 1441 1443
f 1465 1463 2487
f 1463 1461 2487
f 1461 1485 2487
f 1485 2482 2487
f 2481 2480 1444
f 2480 1443 1444
f 1444 1427 2481
f 1427 2316 2481
f 2275 2487 2485
f 2487 2482 2488
f 2482 2480 2483
f 2317 2484 1506
f 2484 2317 2485
f 1500 1499 2274
f 1499 2275 2274
f 1498 1490 2275
f 1470 1468 2317
f 1468 1467 2317
f 1467 2274 2317
f 2317 2274 2485
f 2274 2275 2485
f 2486 2485 2487
f 2488 2482 2489
f 2482 2483 2489
f 2489 2483 2479
f 2483 2480 2479
f 2340 2339 2338
f 2495 2491 2492
f 2494 2493 2247
f 2247 2493 2495
f 2495 2340 2490
f 2338 2490 2340
f 2490 2491 2495
f 2495 2492 2247
f 2313 2501 1505
f 1505 2501 2314
f 2501 2315 2314
f 2314 2315 1479
f 2315 1480 1479
f 1448 1446 2316
f 1446 2315 2316
f 2502 2315 2501
f 2491 2503 2492
f 2492 2503 2247
f 2503 2504 2247
f 2247 2265 2494
f 2494 2265 2493
f 2938 2473 2337
f 2473 2478 2337
f 2337 2478 2336
f 2478 2479 2336
f 2479 2497 2336
f 2336 2497 2498
f 2499 2498 2500
f 2507 2245 2508
f 2514 2512 2502
f 2502 2512 2515
f 1502 1501 2313
f 1501 2311 2313
f 2313 2311 2501
f 2311 2242 2501
f 2516 2513 2242
f 2513 2511 2242
f 2511 2514 2242
f 2242 2514 2501
f 2514 2502 2501
f 2502 2515 2315
f 2315 2515 2316
f 2515 2512 2316
f 2512 2496 2316
f 2496 2497 2316
f 2316 2497 2481
f 2244 2521 2505
f 2521 2510 2506
f 2507 2508 2244
f 2244 2508 2521
f 2508 2243 2521
f 2243 2509 2521
f 2521 2509 2510
f 2522 2506 2241
f 2506 2510 2241
f 2510 2509 2241
f 2241 2509 2520
f 2520 2517 2241
f 2517 2518 2241
f 2518 2519 2241
f 2523 2534 2524
f 2342 2265 2522
f 2522 2265 2506
f 2506 2265 2521
f 2265 2247 2521
f 2521 2247 2505
f 2505 2247 2244
f 2247 2504 2244
f 2244 2504 2507
f 2507 2504 2245
f 2504 2503 2245
f 2245 2503 2246
f 2246 2503 2500
f 2500 2503 2499
f 2503 2491 2499
f 2499 2491 2498
f 2498 2491 2336
f 2336 2491 2490
f 2490 2338 2336
f 2336 2338 2335
f 1431 2311 2312
f 2311 2527 2242
f 2242 2527 2516
f 2532 2525 2311
f 2311 2525 2527
f 2516 2528 2513
f 2513 2528 2511
f 2531 2525 2532
f 2536 2239 2534
f 2526 2535 2534
f 2530 2538 2529
f 2529 2538 2535
f 2538 2536 2535
f 2536 2539 2537
f 2239 2537 2533
f 2537 2539 2533
f 2539 2540 2533
f 2540 2541 2533
f 2533 2541 2557
f 1323 1322 2542
f 1317 1327 2542
f 1327 2548 2542
f 2543 2547 2548
f 2548 2547 2542
f 2547 2309 2542
f 2309 1323 2542
f 1320 1321 2548
f 1321 2549 2548
f 1325 1324 2548
f 1327 1325 2548
f 2543 2548 2544
f 2548 2549 2544
f 2549 2546 2544
f 2545 2237 2546
f 2237 2574 2546
f 2546 2574 2544
f 2574 2550 2544
f 2544 2550 2543
f 2543 2550 2547
f 2547 2550 2309
f 2552 2553 2546
f 1336 1338 2306
f 2546 2308 2552
f 2552 2308 2551
f 2308 2306 2551
f 2551 2306 2554
f 2306 2305 2554
f 2554 2305 1375
f 2305 1340 1375
f 1374 1367 2554
f 2566 2555 2554
f 2555 2556 2554
f 2554 2556 2551
f 2552 2551 2553
f 2239 2557 2534
f 2518 2523 2519
f 2519 2523 2241
f 2241 2523 2522
f 2523 2524 2522
f 2522 2524 2342
f 2524 2534 2342
f 2534 2557 2342
f 2557 2558 2342
f 2558 2264 2342
f 2533 2557 2239
f 2537 2239 2536
f 2535 2536 2534
f 2534 2523 2526
f 2526 2523 2535
f 2523 2518 2535
f 2535 2518 2529
f 2529 2518 2530
f 2530 2518 2531
f 2518 2517 2531
f 2531 2517 2525
f 2560 2561 2558
f 2558 2562 2236
f 2540 2238 2541
f 2238 2560 2541
f 2541 2560 2557
f 2557 2560 2558
f 2264 2558 2223
f 2558 2564 2223
f 2236 2576 2558
f 2576 2563 2558
f 2558 2563 2564
f 2564 2343 2223
f 2223 2343 2222
f 2497 2496 2498
f 2498 2496 2500
f 2496 2512 2500
f 2500 2512 2246
f 2246 2512 2245
f 2512 2514 2245
f 2245 2514 2508
f 2514 2511 2508
f 2508 2511 2243
f 2243 2511 2509
f 2511 2528 2509
f 2509 2528 2520
f 2528 2516 2520
f 2520 2516 2517
f 2517 2516 2525
f 2516 2527 2525
f 2536 2565 2539
f 2539 2238 2540
f 2238 2237 2560
f 2237 2559 2560
f 2560 2559 2561
f 2561 2559 2558
f 2559 2562 2558
f 2562 2576 2236
f 2575 2566 2235
f 2566 2234 2235
f 2575 2556 2566
f 2566 2554 2234
f 2234 2569 2235
f 2235 2569 2577
f 1356 1360 2310
f 2565 2550 2574
f 2575 2235 2576
f 2235 2577 2576
f 2577 2570 2578
f 1367 2567 2554
f 1364 2579 2580
f 1404 1401 2276
f 1401 1364 2276
f 2276 1364 2567
f 1364 2580 2567
f 2567 2580 2568
f 2580 2579 2568
f 2231 2582 1364
f 1364 2582 2579
f 2582 2581 2579
f 2579 2581 2568
f 2573 2585 2583
f 2573 2583 2572
f 2572 2583 2571
f 2583 2564 2571
f 2564 2563 2571
f 2571 2563 2572
f 2563 2570 2572
f 2572 2570 2573
f 2573 2570 2591
f 1358 1357 2240
f 1357 1356 2240
f 2240 1356 2532
f 1356 2310 2532
f 2532 2310 2531
f 2310 2309 2531
f 2531 2309 2530
f 2530 2309 2538
f 2309 2550 2538
f 2538 2550 2536
f 2536 2550 2565
f 2539 2565 2238
f 2565 2574 2238
f 2574 2237 2238
f 2237 2575 2559
f 2559 2575 2562
f 2575 2576 2562
f 2577 2578 2576
f 2576 2578 2563
f 2578 2570 2563
f 2594 2593 2231
f 2593 2592 2231
f 2592 2233 2231
f 2231 2233 2582
f 2582 2233 2581
f 2589 2593 2573
f 2593 2585 2573
f 2585 2588 2584
f 2588 2594 2304
f 2588 2585 2594
f 2594 2585 2593
f 2593 2589 2592
f 2592 2589 2233
f 2589 2573 2233
f 2233 2573 2591
f 2591 2570 2233
f 2570 2577 2233
f 2233 2577 2581
f 2577 2569 2581
f 2581 2569 2568
f 2569 2234 2568
f 2568 2234 2567
f 2567 2234 2554
f 2566 2556 2555
f 2556 2575 2551
f 2575 2237 2551
f 2551 2237 2553
f 2237 2545 2553
f 2553 2545 2546
f 2546 2549 2308
f 2308 2549 2307
f 2549 1329 2307
f 2304 2595 1396
f 2595 1397 1396
f 2597 1423 2303
f 2590 2230 2598
f 2600 2601 2230
f 2601 2602 2230
f 2230 2602 2598
f 2603 2601 2600
f 2587 2606 2613
f 2613 2606 2605
f 2608 2609 2603
f 2603 2609 2601
f 2609 2610 2601
f 2601 2610 2602
f 2610 2607 2602
f 2602 2607 2598
f 2611 2604 2377
f 2377 2376 2612
f 2612 2376 2613
f 2613 2362 2614
f 2614 2362 2615
f 2615 2362 2616
f 2362 2369 2616
f 1399 1397 2594
f 1397 2595 2594
f 2594 2595 2304
f 2304 2230 2588
f 2588 2586 2584
f 2584 2586 2585
f 2585 2586 2583
f 2586 2232 2583
f 2583 2232 2564
f 2564 2232 2343
f 2232 2587 2343
f 2343 2587 2224
f 2587 2613 2224
f 2224 2613 2614
f 2298 2382 2299
f 2299 2382 2373
f 2373 2382 2374
f 2382 2371 2374
f 2374 2371 2375
f 2371 2372 2375
f 2372 2376 2375
f 2377 2604 2378
f 2378 2604 2261
f 2604 2598 2261
f 2598 2607 2261
f 2261 2607 2302
f 2302 2607 2360
f 2607 2610 2360
f 2360 2610 2302
f 2610 2609 2302
f 2302 2609 2277
f 2277 2609 1423
f 2609 2608 1423
f 1423 2608 2303
f 2303 2608 2597
f 2608 2603 2597
f 2603 2600 2597
f 2597 2600 2596
f 2600 2230 2596
f 1409 1408 2298
f 2298 2380 2370
f 2370 2380 2260
f 2260 2380 2366
f 2380 2259 2366
f 2366 2259 2368
f 2368 2259 2369
f 2369 2259 2616
f 2616 2259 2615
f 2615 2259 2614
f 2612 2613 2377
f 2613 2605 2377
f 2377 2605 2611
f 2605 2606 2611
f 2611 2606 2604
f 2604 2606 2598
f 2606 2587 2598
f 2598 2587 2599
f 2587 2232 2599
f 2599 2232 2598
f 2232 2586 2598
f 2598 2586 2590
f 2586 2588 2590
f 2590 2588 2230
f 2230 2304 2596
f 2596 2304 2597
f 2304 1342 2597
f 2597 1342 1341
f 2617 2476 2618
f 2476 2471 2618
f 2618 2471 2617
f 2471 2334 2617
f 2322 2320 2323
f 2328 2326 2327
f 2327 2326 2619
f 2322 2321 2320
f 2621 2348 2622
f 2624 2623 2940
f 2940 2623 2625
f 2940 2330 2624
f 2330 2329 2624
f 2329 2328 2624
f 2624 2328 2642
f 2637 2626 2630
f 2631 2630 2632
f 2479 2634 2489
f 2489 2635 2488
f 2488 2635 2487
f 2635 2636 2487
f 2487 2636 2486
f 2486 2636 2485
f 2636 2637 2485
f 2637 2638 2485
f 2485 2638 2484
f 1622 1605 2271
f 1605 2272 2271
f 2272 1602 1475
f 1649 1625 2639
f 1625 1623 2639
f 1623 2271 2639
f 2271 2272 2639
f 2272 2273 2484
f 2273 1508 2484
f 1508 1507 2484
f 2484 1507 1506
f 2634 2640 2489
f 2489 2640 2635
f 2635 2477 2636
f 2637 2630 2638
f 2630 2631 2638
f 2638 2631 2484
f 2631 2632 2484
f 2632 2633 2484
f 2484 2633 2272
f 2272 2633 2639
f 2642 2641 2624
f 2624 2641 2623
f 2642 2328 2643
f 2643 2328 2622
f 2622 2328 2621
f 2328 2327 2621
f 2621 2327 2348
f 2327 2619 2348
f 2348 2619 2620
f 2620 2619 2320
f 2619 2267 2320
f 2320 2267 2323
f 2323 2267 2268
f 2267 2266 2268
f 2268 2266 2325
f 1509 2355 2357
f 2357 2355 2354
f 2227 2263 1582
f 2645 2628 2629
f 2644 2270 2643
f 2643 2270 2229
f 2270 2646 2229
f 2229 2646 2228
f 2641 2647 2645
f 2645 2647 2628
f 1600 1601 2270
f 1601 1621 2270
f 2649 1653 2647
f 1653 1652 2647
f 2647 1652 1650
f 2358 2263 2644
f 2263 2227 2644
f 2644 2227 2270
f 2270 2648 2646
f 2648 2649 2646
f 2646 2649 2228
f 2228 2649 2641
f 2649 2647 2641
f 1583 1582 2263
f 2358 2644 2355
f 2355 2644 2354
f 2644 2650 2354
f 2354 2650 2356
f 2625 2623 2627
f 2627 2623 2628
f 2628 2623 2629
f 2623 2641 2629
f 2629 2641 2645
f 2641 2642 2228
f 2228 2642 2229
f 2229 2642 2643
f 2643 2622 2644
f 2644 2622 2650
f 2622 2348 2650
f 2650 2348 2356
f 2348 2349 2356
f 2356 2349 2354
f 2349 2269 2354
f 2354 2269 2357
f 2269 1510 2357
f 2357 1510 1509
f 2481 2497 2480
f 2480 2497 2479
f 2479 2478 2634
f 2478 2474 2634
f 2634 2474 2640
f 2640 2474 2635
f 2474 2473 2635
f 2635 2473 2477
f 2473 2475 2477
f 2475 2476 2477
f 2477 2476 2636
f 2476 2617 2636
f 2636 2617 2637
f 2617 2334 2637
f 2637 2334 2626
f 2334 2332 2626
f 2332 2331 2626
f 2626 2331 2630
f 2331 2625 2630
f 2625 2627 2630
f 2630 2627 2632
f 2632 2627 2633
f 2627 2628 2633
f 2633 2628 2639
f 2628 2647 2639
f 2647 1650 2639
f 2639 1650 1649
f 1778 2651 1777
f 2651 2652 1777
f 2653 2654 2655
f 2653 2655 2656
f 2655 2657 2656
f 2325 2659 2324
f 2659 2323 2324
f 2324 2323 2268
f 2321 2322 2655
f 2322 2323 2655
f 2660 1766 2321
f 1766 2660 1778
f 2660 2655 1778
f 1778 2655 2651
f 2655 2654 2651
f 2651 2654 2652
f 2660 2321 2655
f 2669 2799 2680
f 2669 2178 2670
f 2156 2176 2669
f 2175 2156 2173
f 2172 2173 2671
f 2672 2157 2174
f 2171 2157 2672
f 2170 2155 3013
f 2673 2169 2667
f 2667 2169 2170
f 2673 2168 2169
f 2674 2167 2677
f 2677 2167 2168
f 2166 2158 2674
f 2675 2676 2674
f 2676 3016 2674
f 2674 3016 2166
f 2166 3016 2693
f 2675 2674 2677
f 2667 2678 2673
f 2673 2678 2168
f 2168 2678 2668
f 3013 2667 2170
f 2672 3013 2171
f 3013 2155 2171
f 2174 2671 2672
f 2671 2679 2672
f 2672 2679 3013
f 2671 2173 2679
f 3012 2173 2156
f 2669 2680 2156
f 1839 2682 1841
f 2683 1844 1841
f 2684 1841 1843
f 2681 1843 1844
f 1842 1841 2684
f 2685 1840 2684
f 1840 1842 2684
f 2692 2691 2690
f 2159 2164 2693
f 2693 2164 2166
f 2166 2164 2165
f 1224 2159 2698
f 1843 2681 2684
f 2684 2681 3049
f 2687 2688 2689
f 2688 2694 2689
f 2689 2694 2690
f 2690 2694 2692
f 2688 2686 2694
f 2686 2684 2694
f 2684 2695 2694
f 2693 2697 2696
f 1844 2683 2681
f 2683 2698 2696
f 2696 2698 2693
f 2693 2698 2159
f 2713 2698 2683
f 2683 1841 2682
f 2696 3017 2683
f 2683 3017 2681
f 2698 2699 1224
f 2699 1852 1224
f 2716 2715 2702
f 2702 2703 2716
f 2704 2717 2703
f 2700 2705 2719
f 2700 2706 2705
f 2710 2709 2707
f 2684 2686 2710
f 2686 2688 2710
f 2711 2684 2710
f 1840 2685 2711
f 2711 2685 2684
f 2714 2682 1839
f 2714 1839 2711
f 1839 1840 2711
f 2713 2683 2714
f 2714 2683 2682
f 2699 2698 1851
f 1851 2698 2713
f 1850 1852 2699
f 2699 1851 1850
f 2701 1849 2702
f 2709 2710 2708
f 1850 1851 2712
f 2712 1851 2713
f 2710 2688 2708
f 2708 2688 2687
f 2707 2706 2710
f 2706 2700 2710
f 2700 2704 2710
f 2710 2704 2711
f 2704 2703 2711
f 2711 2703 2714
f 2703 2702 2714
f 2714 2702 2713
f 2713 2702 2712
f 2712 2702 1850
f 2702 1849 1850
f 2715 1862 2701
f 2701 2702 2715
f 2717 2704 2718
f 2718 2704 2700
f 2721 2700 2744
f 1857 1859 2745
f 1862 2715 2720
f 2719 2744 2700
f 2700 2721 2718
f 2721 2717 2718
f 2703 2717 2721
f 1862 2720 1853
f 1859 1858 2745
f 2745 1858 2746
f 1858 1861 2746
f 2724 1856 2745
f 2745 1856 1857
f 2724 2723 1856
f 2725 2740 2726
f 2729 2764 2739
f 2729 2728 2730
f 2730 2728 2727
f 2731 2728 2729
f 2731 2729 2732
f 2732 2729 2738
f 2738 2729 2739
f 2740 2725 2741
f 2738 2733 2732
f 2732 2733 2731
f 2733 2738 2734
f 2738 2739 2742
f 2739 2740 2742
f 2742 2740 2743
f 2740 2741 2743
f 2716 2703 2721
f 2744 2719 2736
f 2736 2719 2737
f 2715 2716 2720
f 2716 2721 2720
f 2736 2737 2735
f 2743 2744 2742
f 2744 2736 2742
f 2742 2736 2738
f 2738 2736 2734
f 2736 2735 2734
f 2747 1861 2722
f 2722 1861 1860
f 2746 1861 2747
f 2726 2724 2725
f 2725 2724 2741
f 2724 2745 2741
f 2741 2745 2743
f 2745 2746 2743
f 2743 2746 2744
f 2746 2747 2744
f 2744 2747 2721
f 2747 2722 2721
f 2721 2722 2720
f 2722 1860 2720
f 2720 1860 1853
f 2748 2750 3064
f 2757 2761 2758
f 2761 2759 2758
f 2761 2760 2759
f 2729 2730 2754
f 2739 2764 2740
f 2764 2753 2740
f 2764 2729 2754
f 2724 2726 2753
f 2753 2726 2740
f 2724 2753 2752
f 1856 2723 1873
f 1873 2723 1872
f 1865 1872 2772
f 1870 1871 2772
f 1868 1870 2765
f 2756 2760 2761
f 2755 2761 2757
f 2755 2763 2762
f 2763 2755 2754
f 2763 2754 2730
f 2772 1871 1865
f 2752 2772 2723
f 2772 1872 2723
f 2753 2764 2752
f 2764 2754 2774
f 2754 2755 2773
f 2724 2752 2723
f 2752 2764 2772
f 2772 2764 2778
f 2778 2764 2774
f 2774 2754 2775
f 2775 2754 2776
f 2754 2773 2776
f 2756 2761 2755
f 2776 2757 2777
f 2765 2766 1868
f 2770 2897 2757
f 2757 2897 2777
f 2777 2769 2778
f 2769 2767 2766
f 2762 2756 2755
f 2755 2757 2773
f 2773 2757 2776
f 2776 2777 2775
f 2775 2777 2774
f 2777 2778 2774
f 2778 2769 2772
f 2769 2766 2772
f 2766 2765 2772
f 2765 1870 2772
f 2780 2781 2831
f 2791 2790 2780
f 2790 2781 2780
f 2828 2791 2780
f 2780 2783 2782
f 2788 2785 2784
f 2785 2786 2784
f 2784 2786 2913
f 2184 2788 2779
f 2788 2787 2785
f 2779 2788 2185
f 2788 2784 2185
f 2185 2784 2783
f 2831 2779 2780
f 2779 2185 2780
f 2780 2185 2783
f 2017 2016 2801
f 2044 2045 2802
f 2047 2046 2802
f 1945 1976 2803
f 2804 1874 1876
f 2788 2184 2806
f 2806 2184 2186
f 2807 2808 2869
f 1876 1874 2811
f 2813 1875 2804
f 2804 1875 1874
f 2813 1971 1875
f 1875 1971 1280
f 2804 1975 1974
f 2804 1876 1975
f 1975 1876 2814
f 2815 1941 1940
f 1942 1941 2816
f 2816 1941 2817
f 1941 2815 2817
f 2817 2815 2814
f 2803 1976 2816
f 1976 1942 2816
f 2803 1946 1945
f 1946 2818 1948
f 2818 2858 1948
f 2858 2049 1948
f 2048 2008 2858
f 2802 2046 2048
f 2045 2047 2802
f 2844 2042 2040
f 2040 2038 2819
f 2035 2036 2844
f 2844 2036 2042
f 2029 2032 2846
f 2032 2033 2846
f 2024 2027 2846
f 2027 2028 2846
f 2846 2028 2030
f 2024 2848 2025
f 2025 2848 2026
f 2820 2023 2026
f 2023 2820 2021
f 2801 2020 2820
f 2820 2020 2021
f 2016 2062 2801
f 2062 2020 2801
f 2015 2800 2013
f 2011 2013 2800
f 2135 2138 2800
f 2138 2143 2800
f 2143 2145 2800
f 2145 2146 2800
f 2800 2146 2011
f 2015 2142 2800
f 2800 2142 2135
f 2669 2670 2821
f 2179 2141 2178
f 2849 2799 2821
f 2799 2669 2821
f 2824 2826 3008
f 2186 2779 2831
f 2839 2193 2832
f 2834 2193 2839
f 2823 2191 2192
f 2837 2836 2838
f 2833 2187 2830
f 2830 2187 2836
f 2823 2839 3009
f 2847 2823 2797
f 2834 2839 2192
f 2192 2839 2823
f 2819 2844 2040
f 2038 2842 2819
f 2819 2842 2844
f 2847 2846 2840
f 2846 2030 2029
f 2840 2823 2847
f 2847 2797 2846
f 2846 2797 2848
f 2017 2801 2849
f 2801 2820 2849
f 2849 2820 2848
f 2820 2026 2848
f 2024 2846 2848
f 2848 2797 2849
f 2797 2798 2849
f 2017 2015 2018
f 2849 2798 2799
f 2178 2141 2670
f 2141 2142 2670
f 2670 2142 2821
f 2142 2015 2821
f 2821 2015 2849
f 2015 2017 2849
f 2850 2851 2811
f 2812 2809 2811
f 2810 2792 2809
f 2792 2860 2809
f 2809 2860 2852
f 2852 2860 2853
f 2860 2859 2853
f 2859 2858 2853
f 2853 2858 2818
f 2861 2862 2858
f 2858 2862 2048
f 2048 2862 2802
f 2862 2857 2802
f 2044 2802 2038
f 2038 2802 2842
f 2802 2857 2842
f 2842 2857 2843
f 1946 2803 2818
f 2818 2803 2853
f 2803 2817 2853
f 2853 2817 2852
f 2817 2851 2852
f 2852 2851 2809
f 2851 2850 2809
f 2809 2850 2811
f 2811 2851 1876
f 1876 2851 2814
f 2814 2851 2817
f 2817 2803 2816
f 2804 1974 2813
f 2865 2830 2790
f 2790 2830 2781
f 2830 2831 2781
f 2831 2830 2186
f 2186 2830 2805
f 2830 2865 2863
f 2865 2864 2863
f 2863 2864 2839
f 2864 3009 2839
f 3006 2825 2827
f 2825 2826 2827
f 2826 2824 2827
f 2827 2824 2829
f 2829 2824 2828
f 2791 2828 2790
f 2828 2824 2790
f 2790 2824 2865
f 2865 2824 2864
f 2824 2866 2864
f 2864 2866 3009
f 2869 2792 2807
f 2807 2792 2867
f 2792 2810 2867
f 2910 2787 2808
f 2787 2805 2808
f 2868 2869 2808
f 2789 2792 2871
f 2871 2792 2868
f 2868 2792 2869
f 2808 2805 2868
f 2868 2805 2870
f 2870 2837 2868
f 2837 2871 2868
f 2796 2872 2873
f 2789 2871 2796
f 2796 2871 2872
f 2872 2871 2873
f 2871 2837 2873
f 2187 2190 2838
f 2874 2838 2875
f 2190 2189 2838
f 2189 2835 2838
f 2805 2830 2870
f 2830 2836 2870
f 2870 2836 2837
f 2838 2874 2837
f 2874 2875 2837
f 2875 2876 2837
f 2837 2876 2873
f 2873 2876 2796
f 2796 2876 2795
f 2787 2788 2805
f 2788 2806 2805
f 2806 2186 2805
f 2830 2863 2833
f 2833 2863 2832
f 2832 2863 2839
f 2823 2840 2843
f 2840 2841 2843
f 2843 2841 2842
f 2841 2840 2842
f 2842 2840 2844
f 2844 2840 2845
f 2840 2846 2845
f 2845 2846 2844
f 2846 2033 2844
f 2844 2033 2035
f 2793 2794 2854
f 2795 2856 2796
f 2856 2855 2796
f 2796 2855 2789
f 2855 2854 2789
f 2789 2854 2794
f 2789 2794 2792
f 2794 2793 2792
f 2792 2793 2860
f 2793 2854 2860
f 2854 2855 2860
f 2855 2856 2860
f 2860 2856 2859
f 2859 2856 2858
f 2858 2856 2861
f 2861 2856 2862
f 2856 2795 2862
f 2862 2795 2857
f 2795 2876 2857
f 2876 2875 2857
f 2875 2838 2857
f 2857 2838 2843
f 2838 2835 2843
f 2843 2835 2823
f 2835 2189 2823
f 2823 2189 2191
f 2785 2787 2881
f 2807 2904 2908
f 2217 2216 2905
f 2216 2202 2905
f 2905 2202 2661
f 2657 2217 2905
f 2990 2910 2908
f 2910 2911 2908
f 2881 2787 2912
f 2913 2785 2881
f 2881 2914 2913
f 2987 2916 2914
f 2916 2903 2914
f 2926 2969 2927
f 2979 2929 2898
f 2760 2929 2759
f 2929 2979 2759
f 2930 2931 2757
f 2757 2758 2930
f 2770 2757 2932
f 2932 2757 2931
f 2770 2932 2897
f 2933 2897 2771
f 2768 2935 2769
f 2935 2767 2769
f 2935 2226 2767
f 2767 2226 1159
f 2493 2265 2964
f 2265 2341 2964
f 2964 2341 2222
f 2341 2342 2222
f 2342 2264 2222
f 2264 2223 2222
f 2493 2964 2340
f 2964 2963 2340
f 2339 2340 2937
f 2335 2338 2339
f 2337 2336 2938
f 2938 2336 2335
f 2938 2472 2473
f 2896 2334 2939
f 2334 2471 2939
f 2939 2471 2894
f 2471 2333 2894
f 2334 2896 2332
f 2332 2896 2331
f 2948 2331 2896
f 2625 2331 2948
f 2941 2940 2625
f 2328 2329 2943
f 2329 2330 2940
f 2619 2326 2266
f 2266 2326 2942
f 2326 2328 2942
f 2942 2328 2943
f 2267 2619 2266
f 2659 2325 2942
f 2325 2266 2942
f 2655 2323 2657
f 2661 2658 2905
f 2905 2658 2657
f 2323 2659 2657
f 2657 2659 2942
f 2944 2943 2940
f 2943 2329 2940
f 2941 2948 2945
f 2945 2944 2940
f 2657 2946 2217
f 2945 2948 2947
f 2948 2896 2949
f 2625 2948 2941
f 2941 2945 2940
f 2943 2944 2942
f 2939 2894 2896
f 2894 2952 2895
f 2895 2952 2951
f 2953 2950 2954
f 2959 2895 2951
f 2951 2952 2950
f 2952 2961 2950
f 2657 2942 2946
f 2946 2942 2906
f 2942 2944 2906
f 2906 2944 2955
f 2944 2945 2955
f 2945 2947 2955
f 2955 2947 2956
f 2956 2947 2957
f 2947 2948 2957
f 2957 2948 2958
f 2948 2949 2958
f 2949 2896 2895
f 2895 2896 2894
f 2952 2894 2961
f 2339 2937 2335
f 2340 2963 2937
f 2768 2934 2935
f 2934 2936 2935
f 2936 1290 2935
f 2964 2222 2936
f 2965 2966 2918
f 2920 2921 2893
f 2924 2926 2925
f 2926 2927 2925
f 2887 2967 2890
f 2890 2967 2892
f 2924 2968 2926
f 2926 2968 2969
f 2968 2928 2969
f 2922 2921 2920
f 2920 2988 2922
f 2922 2988 2891
f 2988 2890 2891
f 2891 2890 2892
f 2892 2967 2923
f 2923 2967 2924
f 2967 2887 2924
f 2924 2887 2968
f 2887 2972 2968
f 2972 2970 2968
f 2970 2928 2968
f 2971 2928 2970
f 2972 2887 2973
f 2885 2889 2888
f 2889 2885 2887
f 2887 2885 2973
f 2973 2885 2972
f 2975 2974 2950
f 2950 2974 2954
f 2975 2950 2962
f 2962 2950 2961
f 2961 2894 2960
f 2960 2894 2938
f 2938 2894 2472
f 2894 2333 2472
f 2888 2889 2890
f 2889 2887 2890
f 2972 2977 2970
f 2970 2977 2978
f 2980 2978 2981
f 2884 2981 2978
f 2978 2971 2970
f 2759 2979 2758
f 2758 2979 2930
f 2930 2979 2931
f 2931 2979 2932
f 2882 2884 2932
f 2883 2977 2982
f 2963 2983 2962
f 2897 2932 2771
f 2932 2979 2882
f 2882 2979 2884
f 2884 2979 2981
f 2979 2898 2981
f 2981 2898 2980
f 2933 2934 2897
f 2897 2934 2777
f 2777 2934 2769
f 2934 2768 2769
f 2976 2982 2977
f 2982 2962 2983
f 2963 2984 2983
f 2984 2884 2983
f 2983 2884 2982
f 2884 2985 2982
f 2982 2985 2883
f 2335 2937 2938
f 2938 2937 2960
f 2960 2937 2961
f 2937 2963 2961
f 2961 2963 2962
f 2962 2982 2975
f 2982 2976 2975
f 2975 2976 2974
f 2976 2977 2974
f 2916 2986 2915
f 2915 2986 2902
f 2986 2917 2902
f 2918 2899 2965
f 2987 2965 2900
f 2965 2881 2966
f 2881 2965 2914
f 2965 2987 2914
f 2987 2901 2916
f 2901 2986 2916
f 2988 2989 2881
f 2881 2989 2966
f 2966 2989 2918
f 2989 2919 2918
f 2908 2911 2807
f 2787 2909 2912
f 2909 2910 2912
f 2912 2910 2990
f 2904 2993 2908
f 2993 2991 2908
f 2959 2994 2895
f 2895 2994 2949
f 2994 2993 2949
f 2949 2993 2958
f 2958 2993 2957
f 2957 2904 2956
f 2956 2904 2955
f 2904 2996 2955
f 2996 2907 2955
f 2955 2907 2906
f 2907 2812 2906
f 2906 2812 1874
f 2992 2888 2991
f 2991 2888 2908
f 2908 2888 2990
f 2990 2888 2912
f 2888 2890 2912
f 2912 2890 2881
f 2881 2890 2988
f 2988 2920 2989
f 2920 2893 2989
f 2989 2893 2919
f 2219 1290 2936
f 2936 2934 2964
f 2964 2934 2963
f 2963 2934 2933
f 2963 2933 2984
f 2933 2771 2984
f 2771 2932 2984
f 2984 2932 2884
f 2884 2978 2985
f 2985 2978 2883
f 2978 2977 2883
f 2977 2972 2974
f 2972 2885 2974
f 2974 2885 2954
f 2954 2885 2953
f 2885 2886 2953
f 2953 2886 2950
f 2950 2886 2951
f 2951 2886 2959
f 2886 2885 2959
f 2885 2888 2959
f 2959 2888 2994
f 2994 2888 2995
f 2888 2992 2995
f 2995 2992 2994
f 2992 2991 2994
f 2994 2991 2993
f 2993 2904 2957
f 2680 2799 2997
f 3007 3006 3003
f 3006 3005 3003
f 2826 2825 3008
f 3008 2825 3006
f 3009 2866 3008
f 2866 2824 3008
f 2823 3009 3010
f 2822 2797 3010
f 3010 2797 2823
f 2798 2797 2997
f 2997 2797 2998
f 2797 2822 2998
f 2997 2799 2798
f 2156 2680 3011
f 3013 2679 3042
f 3013 3014 2667
f 3014 3015 2667
f 2678 2667 3015
f 2677 2168 2668
f 3016 2676 2677
f 2677 2676 2675
f 2697 2693 3016
f 3016 2696 2697
f 2684 3049 2695
f 3038 3020 2692
f 3021 3020 3038
f 3002 3021 3032
f 3029 3000 3030
f 3031 3002 3037
f 3037 3002 3032
f 3021 3038 3032
f 3038 2692 3019
f 3029 3033 3000
f 2999 3034 3000
f 3034 3037 3000
f 3037 3035 3000
f 3000 3035 3030
f 3029 3036 3028
f 3028 3036 3001
f 3035 3037 3030
f 3030 3038 3029
f 3029 3038 3036
f 3036 3018 3001
f 3018 2694 3001
f 3034 3039 3037
f 3039 3031 3037
f 3037 3032 3030
f 3030 3032 3038
f 3038 3019 3036
f 3036 3019 3018
f 3019 2692 3018
f 3018 2692 2694
f 3025 3047 3024
f 3008 3010 3009
f 3027 3024 3026
f 3026 3024 3040
f 3040 3024 3044
f 3044 3024 3047
f 3039 3047 3023
f 3047 3025 3023
f 3004 3027 3003
f 3027 3026 3003
f 3026 3040 3003
f 3003 3040 3007
f 3007 3040 3006
f 3006 3040 3008
f 3042 2173 3041
f 2173 3012 3041
f 3041 3012 3011
f 3011 3012 2156
f 2998 2680 2997
f 3046 3010 3008
f 3008 3040 3045
f 3045 3040 3044
f 3039 3023 3022
f 2822 3010 2998
f 3010 3046 2998
f 2998 3046 3045
f 3046 3008 3045
f 3044 3047 2999
f 3039 3022 3043
f 2680 2998 3011
f 3011 2998 3041
f 2998 3045 3041
f 3045 3044 3041
f 3041 3044 3000
f 3000 3044 2999
f 2999 3047 3034
f 3034 3047 3039
f 3039 3043 3031
f 3031 3043 3002
f 3049 2681 3017
f 2668 3050 3048
f 3048 3050 3049
f 3050 2695 3049
f 3042 3041 3013
f 3041 3014 3013
f 3015 3014 2678
f 3014 3050 2678
f 2678 3050 2668
f 2668 3048 2677
f 3048 3049 2677
f 2677 3049 3016
f 3049 3017 3016
f 3016 3017 2696
f 2694 2695 3001
f 3001 2695 3028
f 2695 3050 3028
f 3028 3050 3029
f 3029 3050 3033
f 3050 3014 3033
f 3033 3014 3000
f 3000 3014 3041
f 3042 2679 2173
f 3056 2691 3057
f 2691 2692 3057
f 2692 3052 3057
f 3057 3052 3051
f 2691 3056 2690
f 2687 2689 3056
f 3056 2689 2690
f 3058 2687 3056
f 3059 2709 3058
f 2709 2708 3058
f 3058 2708 2687
f 3060 2709 3059
f 2707 2709 3060
f 3060 2706 2707
f 3061 2719 3060
f 2719 2705 3060
f 3060 2705 2706
f 3061 3062 2719
f 2735 2737 3062
f 2737 2719 3062
f 3062 3063 2735
f 2734 2735 3063
f 3063 2733 2734
f 3063 2728 2731
f 3063 2731 2733
f 2728 3063 2727
f 3063 3064 2727
f 3064 2750 2727
f 2727 2750 2730
f 2730 2750 3065
f 3065 2750 3066
f 3066 2750 2751
f 3065 3067 2730
f 2730 3067 2763
f 3068 2763 3069
f 3069 2763 3067
f 3070 2762 3071
f 2762 2763 3071
f 3071 2763 3068
f 3072 2756 3073
f 3073 2756 3070
f 2756 2762 3070
f 3074 2760 3075
f 3075 2760 3072
f 2760 2756 3072
f 2811 1874 2812
f 2916 2915 3077
f 3077 2915 3076
f 2915 2902 3076
f 3076 2902 2917
f 3077 3078 2916
f 3078 2903 2916
f 2784 2913 2903
f 2903 2913 2914
f 2786 2785 2913
f 2787 2910 2909
f 2807 2911 2808
f 2911 2910 2808
f 2907 2996 2867
f 2996 2904 2867
f 2904 2807 2867
f 2867 2810 2907
f 2810 2809 2907
f 2809 2812 2907
f 3083 2784 3077
f 3077 2784 3078
f 2784 2903 3078
f 3083 2783 2784
f 3081 2828 2782
f 2782 2828 2780
f 3080 2829 2828
f 2827 3005 3006
f 3005 2827 3080
f 3080 2827 2829
f 3005 3080 3003
f 3080 3004 3003
f 3081 2782 3082
f 2783 3079 2782
f 2782 3079 3082
f 3079 2783 3083
f 3077 3076 3083
f 2828 3081 3080
f 3080 3081 3082
f 2987 2900 3084
f 2760 3074 2929
f 3074 3085 2929
f 2878 2877 3085
f 2879 2878 3085
f 2929 3085 2898
f 2898 3085 2980
f 3085 3086 2980
f 3086 3087 2980
f 2980 3087 3088
f 3088 3089 2980
f 3089 3090 2980
f 3090 3091 2980
f 3092 2971 3093
f 2971 2978 3093
f 3093 2978 3094
f 3094 2978 3095
f 2978 2980 3095
f 3095 2980 3091
f 3092 3097 2971
f 3097 3098 2971
f 3098 3096 2971
f 3096 2928 2971
f 3096 3099 2928
f 2928 3099 2969
f 2969 3099 2927
f 3099 3100 2927
f 3100 3101 2927
f 2927 3101 2925
f 2923 2924 3102
f 3102 2924 3101
f 3101 2924 2925
f 3102 3103 2923
f 3103 3104 2923
f 3104 2892 2923
f 2921 2922 3105
f 3105 2922 3104
f 2922 2891 3104
f 2891 2892 3104
f 2893 2921 3106
f 3106 2921 3107
f 3107 2921 3105
f 2919 3106 2918
f 3106 3108 2918
f 2919 2893 3106
f 2918 3108 2899
f 2899 3109 2965
f 3109 3084 2965
f 2965 3084 2900
f 3109 2899 3108
f 2917 2986 3084
f 2986 2901 3084
f 3084 2901 2987
f 3079 3083 3111
f 3111 3083 3110
f 3083 3076 3110
f 3111 3112 3079
f 3112 3113 3079
f 3079 3113 3082
f 3113 3114 3082
f 3114 3115 3082
f 3115 3116 3082
f 3116 3117 3082
f 3117 3118 3082
f 3082 3118 3080
f 3118 3119 3080
f 3004 3080 3120
f 3120 3080 3119
f 3043 3022 3055
f 3020 3122 2692
f 3123 3052 3122
f 3122 3052 2692
f 3122 3020 3124
f 3124 3020 3125
f 3020 3021 3125
f 3002 3126 3021
f 3126 3125 3021
f 3126 3002 3055
f 3002 3043 3055
f 3127 3022 3128
f 3055 3022 3053
f 3022 3127 3053
f 3129 3130 3025
f 3023 3025 3131
f 3131 3025 3130
f 3131 3121 3023
f 3023 3121 3022
f 3121 3128 3022
f 3027 3132 3024
f 3132 3133 3024
f 3133 3134 3024
f 3024 3134 3025
f 3134 3135 3025
f 3025 3135 3129
f 3120 3136 3004
f 3004 3136 3027
f 3136 3137 3027
f 3137 3138 3027
f 3138 3139 3027
f 3139 3140 3027
f 3027 3140 3132
f 2917 3084 3076
f 3110 3076 3141
f 3141 3076 3084
