v -5.25 -5.94341 57.6072
v -5.25 -6.76068 59.3575
v -6.74999 -6.24285 58.1695
v -6.75 -6.97584 60.0338
v -5.25 -7 60.2158
v -5.25 -4.95725 55.8802
v -6.75 -4.95725 55.8802
v -5.25 -1.50159 52.3786
v -5.24999 -6.53847 52.4883
v -5.25 -1.38776 53.1157
v -5.25 -4.24423 56.7748
v -5.25 -1.34085 51.8133
v -5.25 -6.35552 50.9862
v -5.25 -0.975986 51.3524
v -5.25 -5.39165 48.81
v -5.25 -4.16018 47.4969
v -5.25 -0.462531 51.0663
v -5.25 -3.1362 46.7964
v -5.24999 -2.00075 46.3083
v -5.25 0.121336 50.9984
v -5.24999 -0.559079 46.0077
v -5.25 0.686742 51.1591
v -5.25 1.22014 46.0957
v -5.25 3.21506 46.8124
v -5.25 4.62785 47.9261
v -5.25 1.24098 51.6254
v -5.24999 5.38632 48.8493
v -5.25 5.98126 49.9328
v -5.25 1.49641 52.3261
v -5.25 6.35766 51.115
v -5.25 1.44907 52.912
v -5.25 6.52066 52.9078
v -5.25 5.94183 55.2164
v -5.25 1.18111 53.4351
v -5.25 5.12432 56.4989
v -5.25 0.615706 53.8878
v -5.25001 1.24813 59.476
v -5.25 9.18485e-17 54
v -5.25 0 59.5
v -5.25 -0.0909124 59.4987
v -5.25 -0.181014 59.4977
v -5.25 -0.411968 53.9491
v -5.25 -1.08165 59.4226
v -5.25 -3.2295 57.5567
v -5.25 -2.31021 59.1147
v -5.25 -3.2295 58.7105
v -5.25 -0.935142 53.6811
v -5.25 -7 53.366
v -5.25 3.42845 59.6938
v -5.24999 5.6147 57.1246
v -5.25 5.06838 60.0948
v -5.25001 6.28626 58.2346
v -5.25 6.368 60.6307
v -5.25 6.8416 59.7641
v -5.25 7.02069 60.9197
v -5.25 7.01963 60.9976
v -5.25 7.01987 60.9978
v -5.25 7.0201 60.9979
v -5.25 7.02035 60.9981
v -5.25 7.02059 60.9982
v -5.25 -6.95451 53.0516
v 5.25 -4.95725 55.8802
v 5.25 -7 60.2158
v 5.25 -6.81314 59.5245
v 6.75 -6.99367 60.1497
v 5.24999 -6.14497 57.9824
v 6.74999 -6.37207 58.4099
v 5.25 -6.5 52.5
v 5.25 -6.35544 50.986
v 5.25 -1.51775 52.4622
v 5.25 -1.34085 53.1867
v 5.25 -0.975986 53.6476
v 5.25 -4.14514 56.8709
v 5.25 -3.2295 57.5567
v 5.25 -0.462531 53.9337
v 5.25 9.18485e-17 54
v 5.25 -1.37638 59.3821
v 5.25 -3.22625 58.7371
v 5.25 0.545931 53.9167
v 5.25001 0.780714 59.4827
v 5.25 5.12432 56.4989
v 5.25 1.14759 53.476
v 5.25 1.43373 52.9625
v 5.25 5.64185 55.741
v 5.25 6.2559 54.3351
v 5.25 1.50159 52.3786
v 5.25 6.49704 52.8565
v 5.24999 6.42032 51.3858
v 5.25 1.28294 51.6882
v 5.25 5.98112 49.9324
v 5.24999 5.38626 48.8493
v 5.25 4.62765 47.9259
v 5.25 0.733341 51.1841
v 5.25 3.21454 46.8122
v 5.25 0.173919 51.0036
v 5.25 0.963956 46.0382
v 5.25 -0.411968 51.0509
v 5.25 -0.834814 46.047
v 5.24999 -2.00065 46.3083
v 5.25 -0.935142 51.3189
v 5.25 -3.13635 46.7965
v 5.25 -4.16011 47.4968
v 5.25 -1.31595 51.7667
v 5.25 -5.39156 48.81
v 5.25 -7 53.366
v 5.25 -6.88709 52.8518
v 5.24999 5.61468 57.1246
v 5.25 2.79699 59.5991
v 5.25002 6.31846 58.2959
v 5.25 4.55829 59.9423
v 5.25 6.87307 59.8977
v 5.25 6.14956 60.5175
v 5.25 7.02069 60.9197
v 5.25 7.01963 60.9976
v 5.25 7.01987 60.9978
v 5.25 7.0201 60.9979
v 5.25 7.02035 60.9981
v 5.25 7.02059 60.9982
v 5.25 0 59.5
v 5.25 -0.0909124 59.4987
v 5.25 -0.181014 59.4977
v -1.16646 -2.89678 70.6275
v -1.17133 -3.116 70.0589
v -1.3 -2.90785 70.6326
v -0.694159 -2.80977 69.9666
v -0.604667 -2.41828 69.8484
v -0.721325 -1.93787 70.2736
v -0.721145 -2.84513 67.9236
v -0.823949 -1.961 69.8908
v -1.26744 -1.85687 69.679
v -1.52756 -1.97959 69.4518
v -1.73681 -1.78108 70.2297
v -1.7336 -2.1807 69.2253
v -1.95244 -2.83438 68.282
v -1.96196 -2.81366 69.6496
v -1.73471 -2.98946 70.0208
v -1.64454 -4.03181 67.4654
v -1.88081 -4.08721 66.7442
v -1.92998 -4.49544 65.4216
v -1.97398 -4.21982 65.8697
v -1.97491 -4.96932 63.9057
v -1.99593 -4.86917 63.8755
v -1.82767 -5.37374 61.1458
v -1.58482 -5.20248 61.0941
v -1.67655 -4.26512 63.6932
v -1.58123 -4.21889 63.6793
v -1.58123 -3.88842 64.5402
v -1.68393 -3.56833 65.5022
v -1.69071 -2.72236 67.7261
v -1.57384 -3.11218 66.5676
v -1.04673 -3.08376 70.0492
v -1.03767 -2.86385 70.6126
v -0.89076 -2.79426 70.5819
v -0.758827 -2.68695 70.536
v -0.648591 -2.52115 70.4698
v -0.601624 -2.35905 70.4091
v -0.622325 -2.13495 70.3335
v -0.662715 -2.03263 70.3016
v -0.811461 -1.83963 70.2461
v -0.917917 -1.76134 70.2252
v -1.03761 -1.70376 70.2105
v -1.16654 -1.66844 70.2017
v -1.3717 -1.6593 70.1995
v -1.9032 -2.16915 69.7733
v -1.94885 -2.05707 70.3091
v -1.99753 -2.21671 70.3599
v -1.98586 -2.44722 70.4413
v -1.85102 -2.6803 70.5333
v -1.55687 -2.8735 70.6168
v -1.3 -6.42743 61.4637
v -1.42535 -4.59953 66.1958
v -1.48362 -3.62259 68.7114
v -1.4883 -6.406 61.4573
v -1.65006 -4.5882 66.0349
v -1.77301 -5.03307 64.6673
v -1.80897 -4.63678 65.4763
v -1.86503 -4.86871 64.746
v -1.80842 -6.23956 61.4071
v -1.84751 -5.55611 63.0465
v -1.95676 -5.6906 62.1916
v -1.97247 -5.978 61.3281
v -2.00485 -5.41166 62.2008
v -1.98108 -5.60043 61.2142
v -1.53602 -4.93137 61.7699
v -1.47978 -4.18668 63.6696
v -1.48034 -3.04367 66.6368
v -1.36853 -3.28002 65.9813
v -1.37636 -2.70999 67.4653
v -1.22441 -5.15831 61.0808
v -1.32978 -4.78241 62.052
v -1.26738 -3.15781 66.2899
v -1.17 -4.0125 64.075
v -1.15812 -3.27772 66.0107
v -1.15922 -2.5611 67.8787
v -0.789791 -5.33534 61.1342
v -0.68271 -4.52317 63.6982
v -0.790807 -4.89481 62.3182
v -0.664219 -3.30499 66.9715
v -0.720165 -3.54057 66.0945
v -0.626527 -5.28843 62.0807
v -0.625242 -4.02921 65.3828
v -0.625697 -3.35871 67.1061
v -0.626806 -2.85738 68.4147
v -0.588563 -5.85921 61.2923
v -0.604658 -3.73609 66.4127
v -0.604752 -3.3356 67.46
v -0.600709 -3.88935 66.3114
v -0.600709 -3.19551 68.1231
v -0.615019 -3.66285 67.1969
v -0.723655 -6.15995 61.3831
v -1.14658 -5.13509 64.7962
v -0.894124 -4.15797 67.0242
v -1.17133 -4.59897 66.1956
v -1.17133 -4.76421 65.7651
v -1.03861 -4.38596 66.666
v -0.758383 -4.13884 66.7538
v -0.694159 -3.46658 68.2555
v -0.692386 -4.02913 66.7503
v -1.03908 -3.7024 68.4334
v -0.646814 -3.96251 66.6795
v -1.17133 -4.43373 66.6261
v -1.42535 -4.76477 65.7653
v -1.5538 -5.61736 63.4642
v -1.54692 -5.06468 64.8951
v -1.08936 -6.40082 61.4557
v -0.930606 -6.33595 61.4362
v -0.615337 -4.33036 65.5676
v -0.788721 -4.36676 63.7239
v -0.786496 -3.21512 66.7398
v -0.869313 -4.29986 63.7037
v -0.854962 -3.53435 65.7405
v -0.86864 -2.90309 67.3679
v -0.959911 -4.24539 63.6873
v -0.959911 -3.91491 64.5482
v -0.965371 -3.10346 66.6786
v -1.04106 -2.0989 69.1634
v -1.01494 -4.9068 61.886
v -1.05783 -3.87412 64.5359
v -1.06487 -3.065 66.6562
v -1.73436 -4.6605 62.766
v -1.76356 -3.99417 64.5721
v -1.7614 -3.49781 65.8738
v -1.76396 -2.92355 67.3255
v -1.8154 -4.06349 64.5267
v -1.83686 -3.36687 66.3959
v -1.85126 -2.68014 68.2513
v -1.93361 -5.2533 61.877
v -1.9032 -4.47835 63.7576
v -1.89976 -3.3242 66.7599
v -1.95182 -4.56908 63.785
v -1.95182 -4.2386 64.6459
v -1.95163 -3.50409 66.5608
v -1.98416 -4.66632 63.8143
v -1.984 -3.99978 65.5453
v -1.98426 -3.30659 67.3605
v -1.63745 -3.78883 68.1115
v -1.73874 -3.84459 67.7658
v -1.81504 -3.69395 67.992
v -1.78421 -3.80749 67.7697
v -1.85656 -3.13215 69.33
v -1.9365 -3.83701 67.1228
v -1.97467 -3.63987 67.3771
v -1.99598 -3.75631 66.7729
v -1.99903 -3.42295 67.3472
v -1.99899 -4.49947 64.5414
v -1.17133 -4.26849 67.0565
v -1.54828 -4.26675 66.9761
v -1.738 -4.47013 66.169
v -1.99957 -0.686637 51.1591
v -2 -0.238299 50.4386
v -2.00001 -0.242285 50.4443
v -2 -0.22823 50.4572
v -2.00002 -0.199556 50.1631
v -2 -0.171578 49.9398
v -2.00003 -0.155728 49.8864
v -2.00003 -0.1119 49.6097
v -2 -0.158406 49.939
v -2 -0.0869437 49.4008
v -1.99839 -0.728895 46.0215
v -1.99838 0.803362 51.2315
v -1.99526 2.53705 46.5079
v -1.9973 1.36757 46.1362
v -2.00004 0.456846 46.0159
v -2.00019 0.188296 58.2468
v -1.99448 0.426268 62.0162
v -1.98674 -0.0164861 58.2499
v -1.96018 0.282869 62.0312
v -1.95401 -8.32667e-16 59.5
v -1.95084 0.258171 62.0338
v -1.88311 -0.140764 59.4986
v -1.88109 -0.272491 58.2435
v -1.91969 0.446245 58.2331
v -1.96975 0.928208 63.5421
v -1.61331 0.754774 58.2008
v -1.68401 1.38567 64.686
v -1.36623 0.811274 58.1925
v -1.24664 1.26659 62.454
v -1.16301 0.798578 58.1943
v -1.08369 1.17151 61.9378
v -1.02972 0.758593 58.1997
v -0.886866 0.682012 58.2096
v -0.643781 0.383325 58.238
v -0.58902 0.0343839 58.2519
v -0.588492 0.698467 63.8119
v -0.653719 1.59921 69.6536
v -0.728525 1.01002 62.7997
v -0.879618 1.88325 69.6536
v -0.924921 1.50328 65.8053
v -1.4071 2.03714 69.6536
v -1.90486 1.68464 69.6536
v -2.00741 1.36122 69.6536
v -1.97615 1.13555 69.6536
v -1.96876 0.714178 65.8882
v -1.95084 0.663836 65.8935
v -1.33141 0.183688 65.5758
v -1.21897 0.592994 69.6536
v -1.75122 0.329749 65.5027
v -1.81193 0.823284 69.6536
v -0.84623 -0.436628 58.2344
v -0.914076 0.24656 65.1847
v -1.16791 -0.572067 58.2215
v -1.25605 -0.177943 62.0797
v -1.30233 -0.584971 58.2202
v -1.61845 -0.525322 58.2266
v -1.90979 -0.0943285 59.4987
v -1.94677 -0.149787 58.248
v -0.682997 -0.0884376 59.4991
v -0.748094 0.877429 69.6536
v -0.612958 1.14108 69.6536
v -2 -5.77238 52.5034
v 2 -5.65886 53.6407
v -2 -5.50945 54.1945
v -2 -4.81129 55.6817
v 2 -5.03478 55.3147
v -2 -3.6634 56.9554
v 2 -3.98489 56.6704
v -2 -2.19179 57.8355
v 2 -2.58289 57.6575
v -2 -1.02029 58.1588
v 2.00002 -1.23434 58.1238
v 1.37108 -0.58374 58.2203
v 1.16791 -0.572067 58.2215
v 0.851845 -0.435598 58.2342
v -2 -0.45337 58.2321
v 0.608824 -0.0336899 58.2511
v 1.16301 0.798578 58.1943
v 1.29767 0.812099 58.1924
v 2 1.15701 58.1324
v -2.00059 0.840388 58.192
v -2 2.10233 57.8682
v 2 2.2243 57.8188
v -2 3.74092 56.9117
v 2 3.5765 57.0218
v 2 4.61943 55.9436
v -2 4.61239 55.9334
v 2 0.640172 58.2143
v 1.50159 0.785201 58.1962
v 1.84679 0.577412 58.2225
v 2 -0.45337 58.2321
v 1.79575 -0.377343 58.2376
v 1.91975 -0.213472 58.2464
v 1.98674 -0.0164861 58.2499
v 0.67266 -0.0825463 59.4992
v -2 -1.50159 52.6214
v -2 -1.43373 52.0375
v -2 -1.34085 53.1867
v -2 -0.874616 53.741
v -2 -0.173919 53.9964
v -2 0.545931 53.9167
v -2 1.14759 53.476
v -2 1.43373 52.9625
v -2 6.26148 54.3166
v -2 1.50159 52.3786
v -2 6.49893 52.818
v -1.99999 6.44541 51.6115
v -2 1.28294 51.6882
v -2 6.17013 50.4353
v -2 5.68261 49.3305
v -2 4.97137 48.2984
v -2.00001 3.86113 47.2505
v -2 0.333132 51.0188
v -2 -0.292635 51.0288
v -2 -1.14759 51.524
v -2 -5.14092 48.4681
v -2 -2.21653 46.3829
v -2 -3.58528 47.0551
v -2 5.64632 55.7332
v -2 5.12432 56.4989
v -2 -6.46346 51.7323
v -2.00001 -6.12057 50.2642
v -1.99999 -6.49456 52.6231
v 1.48359 -2.88855 70.6237
v 1.3 -2.90785 70.6326
v 1.73471 -2.98946 70.0208
v 1.90122 -3.21589 67.0628
v 1.46997 -1.67568 70.2035
v 1.3743 -1.85975 69.6799
v 1.21443 -2.04414 69.1977
v 1.10642 -2.38569 68.3661
v 0.830427 -1.82092 70.2409
v 0.787029 -2.57679 68.3957
v 0.720923 -1.93844 70.2738
v 0.667036 -2.56284 70.486
v 0.756998 -2.89245 69.9915
v 1.09905 -3.46875 69.1013
v 0.60443 -4.75936 63.7328
v 0.641681 -5.08931 62.4575
v 1.65323 -2.82552 70.5955
v 1.84583 -2.68398 70.5349
v 1.97433 -2.47553 70.452
v 1.99955 -2.26806 70.3776
v 1.96912 -2.1022 70.3229
v 1.86617 -1.91772 70.2676
v 1.62752 -1.72946 70.2169
v 1.29955 -1.65655 70.1988
v 1.16625 -1.66849 70.2017
v 1.03745 -1.70382 70.2105
v 0.950461 -1.74266 70.2203
v 0.661622 -2.03462 70.3022
v 0.622127 -2.13512 70.3334
v 0.600337 -2.2501 70.3712
v 0.614285 -2.4187 70.4312
v 0.840134 -2.76371 70.5682
v 0.917786 -2.80973 70.5886
v 1.03783 -2.86391 70.6127
v 1.16658 -2.8968 70.6275
v 1.3 -6.42743 61.4637
v 1.17133 -4.59897 66.1956
v 1.17133 -4.43373 66.6261
v 1.17133 -4.26849 67.0565
v 1.04644 -4.18574 67.1787
v 1.16988 -6.41636 61.4604
v 1.04807 -4.88219 65.3874
v 0.901932 -4.98258 64.8783
v 0.756997 -5.20165 63.9758
v 0.694159 -5.11897 63.9509
v 0.646261 -5.02786 63.9234
v 0.615452 -4.75856 64.3793
v 0.957719 -6.35148 61.4408
v 0.72539 -6.16375 61.3842
v 0.66631 -5.85379 61.9101
v 0.614248 -5.91979 61.3106
v 0.600706 -5.4902 62.1416
v 0.621197 -5.58692 61.2101
v 1.03201 -5.1892 61.0901
v 0.626653 -3.68057 66.2462
v 0.728751 -3.98477 67.0628
v 1.26744 -4.827 61.9415
v 1.26744 -4.16605 63.6633
v 1.15162 -4.08732 63.9103
v 1.26787 -3.41372 65.6226
v 1.15984 -3.27593 66.0153
v 1.26834 -2.61313 67.7087
v 1.38686 -3.57124 65.2214
v 1.37499 -2.77224 67.3036
v 1.68076 -5.23536 61.1041
v 1.41924 -4.89045 61.7956
v 1.53642 -3.99338 64.1457
v 1.48008 -3.09796 66.5112
v 1.47455 -2.63858 67.7096
v 1.58123 -4.87986 61.9574
v 1.58123 -4.21889 63.6793
v 1.57654 -3.51202 65.5296
v 1.57211 -2.81473 67.338
v 1.69304 -3.4859 65.7569
v 1.66962 -2.67956 67.8119
v 1.97115 -5.6039 61.2153
v 1.99903 -5.42831 62.1229
v 1.98375 -4.65455 63.901
v 1.99899 -4.47318 64.6112
v 1.98435 -3.70477 66.3245
v 1.99902 -3.62835 66.8119
v 1.984 -2.94151 68.3092
v 1.97982 -5.99434 61.3331
v 1.9976 -4.94447 63.6676
v 1.99582 -4.55815 64.6912
v 1.99585 -3.51733 67.3995
v 1.97538 -4.16173 65.9943
v 1.97485 -3.53994 67.6288
v 1.96488 -5.52058 62.5725
v 1.93644 -4.45334 65.4953
v 1.93654 -3.69273 67.5068
v 1.88283 -5.48307 63.1001
v 1.87736 -4.86792 64.6792
v 1.88339 -4.15941 66.5624
v 1.87351 -3.61086 67.9536
v 1.61357 -6.37374 61.4475
v 1.54657 -5.58824 63.5512
v 1.81968 -4.06407 66.973
v 1.42535 -4.59953 66.1958
v 1.42535 -4.76477 65.7653
v 1.42535 -5.09525 64.9044
v 1.55718 -4.94278 65.2106
v 1.42535 -3.93857 67.9176
v 1.55694 -3.96967 67.7626
v 1.64353 -3.83066 67.992
v 1.72128 -3.82422 67.878
v 1.42535 -4.10381 67.4871
v 1.42535 -4.43429 66.6262
v 1.59734 -4.47255 66.3428
v 1.64783 -4.65285 65.8397
v 1.17133 -4.76421 65.7651
v 1.17133 -5.09469 64.9042
v 1.78051 -6.0304 62.0023
v 1.74194 -4.54032 65.9677
v 1.95182 -4.89956 62.924
v 1.95233 -3.64719 66.1751
v 1.94999 -3.04859 67.7465
v 1.9032 -5.13931 62.0357
v 1.90695 -4.18101 64.5303
v 1.77523 -4.93176 62.1411
v 1.87854 -4.10873 64.5922
v 1.83677 -3.48225 66.1159
v 1.83929 -2.82267 67.8024
v 1.76824 -3.51103 65.8573
v 1.76355 -2.01547 69.7268
v 0.998901 -4.75403 62.3033
v 1.04399 -3.21953 66.2631
v 0.971499 -3.31599 66.062
v 0.94668 -2.8804 67.251
v 0.79093 -4.92835 62.237
v 0.865154 -3.3004 66.3391
v 0.827662 -2.83555 67.6107
v 0.869313 -2.64746 68.0084
v 0.78827 -3.90381 64.976
v 0.782515 -3.27894 66.5761
v 0.720071 -4.4449 63.7475
v 0.703485 -3.87775 65.2697
v 0.715625 -3.16245 67.1128
v 0.699695 -3.60879 67.9019
v 1.42535 -4.26905 67.0567
v 0.768118 -3.6458 68.0648
v 0.647867 -3.54223 67.7736
v 0.615037 -3.63863 67.2652
v 0.627106 -3.04002 67.926
v 0.600685 -3.00806 68.6084
v 0.666354 -2.9226 67.9714
v 0.600708 -4.02448 65.9607
v 0.60464 -3.54625 66.9097
v 0.664901 -3.64342 66.0806
v 0.88905 -4.09358 67.1964
v 0.747913 -4.45075 65.9499
v 0.604617 -4.19176 65.2317
v 0.64317 -4.24523 65.9572
v 0.692187 -4.34794 65.9423
v 1.99882 -0.420055 46.007
v 1.9997 0.756179 46.0373
v 1.9956 2.2636 46.3859
v 2 -0.087473 49.4041
v 2 -0.17185 49.9415
v 2.00003 -0.1119 49.6097
v 2.00002 -0.199556 50.1631
v 2.00003 -0.155728 49.8864
v 2 -0.158406 49.939
v 2 -0.238299 50.4386
v 2.00001 -0.241897 50.4455
v 2 -0.2289 50.4557
v 1.99448 0.426268 62.0162
v 1.99299 0.262729 58.2454
v 1.43189 1.19299 61.9356
v 1.25605 1.20403 61.9344
v 1.00598 0.755968 58.2004
v 1.15893 -0.144662 62.3192
v 1.67534 -0.481463 58.23
v 1.87506 -0.152896 59.4984
v 1.89657 0.277253 63.272
v 1.95401 -8.32667e-16 59.5
v 1.96018 0.282869 62.0312
v 1.90981 -0.0943068 59.4987
v 1.25605 0.227722 65.9393
v 1.08369 0.260242 65.9359
v 1.21897 0.592994 69.6536
v 0.851271 0.364059 65.7687
v 0.690498 0.943398 69.6536
v 0.643556 0.301492 62.4512
v 0.6 1.31673 69.6536
v 0.6 0.513042 62.007
v 0.638462 1.56633 69.6536
v 1.80999 0.815288 69.6536
v 1.58619 0.0937764 64.2283
v 1.96066 0.540081 64.5042
v 2.01655 1.30706 69.6536
v 2.00467 1.09525 67.3713
v 1.81001 1.81814 69.6536
v 1.90609 1.18568 65.0003
v 1.3998 2.01525 69.6536
v 1.61172 1.375 64.1074
v 0.955638 1.94327 69.6536
v 1.1544 1.53698 65.1852
v 0.854365 1.36084 64.8633
v 0.676019 0.46268 58.2327
v 2.66918 2.65317 46.5492
v 1.99524 3.59805 47.0787
v 1.99999 4.561 47.8602
v 2.66936 4.56527 47.8516
v 2 5.34038 48.783
v 2 5.93542 49.8335
v 2.67019 5.53906 49.0751
v 2 6.33802 51.0176
v 2.66779 6.38686 51.2277
v 2.00001 6.50232 52.2557
v 2 6.43529 53.461
v 1.99999 6.14646 54.6337
v 1.99999 5.62156 55.7801
v 2.6623 5.71473 55.6193
v 2 5.12432 56.4989
v 1.9974 -1.55417 46.1817
v 1.99719 -2.99986 46.712
v 2 -4.70594 47.9683
v 2 -5.73863 49.4332
v 2.667 -6.41285 51.3131
v 2.00001 -6.20103 50.5287
v 2 -6.46349 51.7325
v 6.75001 -0.726636 59.492
v 6.75 -2.42636 59.0729
v 6.75 -3.2295 58.7105
v -6.75 -0.721693 59.4931
v -6.75 -2.42636 59.0729
v -6.75 -3.2295 58.7105
v -1.29647 6.99061 67.7513
v -1.29647 6.99464 66.0846
v -1.4 7.00424 67.7513
v -1.29647 6.99868 64.4179
v -1.4 7.01635 62.7513
v -1.29647 7.00272 62.7513
v -1.2 6.96276 62.7512
v -1.2 6.95872 64.4178
v -1.11716 6.89515 64.4177
v -1.05326 6.83234 62.7509
v -1.01363 6.71579 64.4394
v -1 6.61635 62.7503
v -1 6.60424 67.7503
v -1.02865 6.75806 67.7507
v -1.05358 6.81003 65.3537
v -1.11716 6.88708 67.751
v -1.11716 6.89112 66.0844
v -1.2 6.95065 67.7512
v -1.2 6.95468 66.0845
v -1 6.41635 62.7499
v -1 6.40424 67.7498
v -1.03139 6.24126 67.7494
v -1.01363 6.30678 65.24
v -1.02865 6.26253 62.7495
v -1.11715 6.12805 65.0001
v -1.20002 6.06387 65.2531
v -1.184 6.06961 62.749
v -1.29648 6.02314 65.5703
v -1.4 6.01635 62.7489
v -1.4 6.00424 67.7489
v -1.24618 6.03289 67.7489
v -1.11716 6.1214 67.7492
v -1.05359 6.21232 64.4166
v -1.5 6.00424 67.7489
v -1.5 6.01635 62.7489
v 1 6.41635 62.7499
v 1.01363 6.30662 65.3078
v 1 6.40424 67.7498
v 1.02865 6.25042 67.7495
v 1.05359 6.20828 66.0827
v 1.14717 6.09037 67.7491
v 1.2 6.06399 65.2074
v 1.29647 6.01787 67.7489
v 1.29646 6.02198 66.0529
v 1.4 6.00424 67.7489
v 1.4 6.01635 62.7489
v 1.24618 6.045 62.749
v 1.11714 6.12943 64.4397
v 1.08613 6.16352 62.7492
v 1.03538 6.2472 62.7494
v 1.5 6.01635 62.7489
v 1.5 6.00424 67.7489
v 1.29647 7.00272 62.7513
v 1.29647 6.99868 64.4179
v 1.4 7.01635 62.7513
v 1.29647 6.99464 66.0846
v 1.4 7.00424 67.7513
v 1.29647 6.99061 67.7513
v 1.2 6.95065 67.7512
v 1.2 6.95468 66.0845
v 1.11716 6.88708 67.751
v 1.11716 6.89112 66.0844
v 1.03139 6.76722 67.7507
v 1.01363 6.71397 65.1889
v 1 6.60424 67.7503
v 1 6.61635 62.7503
v 1.02865 6.77016 62.7507
v 1.05359 6.80979 65.4571
v 1.11716 6.89919 62.751
v 1.11716 6.89515 64.4177
v 1.2 6.96276 62.7512
v 1.2 6.95872 64.4178
v 1.5 4.50424 67.7452
v 1.5 4.51635 62.7453
v -1.5 4.51635 62.7453
v -1.5 4.50424 67.7452
v 2.61791 5.20256 56.5929
v -2.5803 5.28269 56.6917
v 2.5942 5.25482 56.6587
v 2.55759 5.36373 56.7943
v -2.55528 5.37464 56.8084
v -2.55 5.44454 56.8997
v 2.55 5.44454 56.8997
v 0 -6.62349 52.7182
v -2.55692 -6.83619 52.9306
v 1.99996 -6.49291 52.6244
v -1.99998 -6.18111 52.5144
v 2.00001 -5.76907 52.4776
v 1.99953 -0.73323 51.184
v 2 -0.292635 51.0288
v 2 0.121336 50.9984
v 2 -1.28294 51.6882
v 2 -1.50159 52.3786
v 2 -1.43373 52.9625
v 2 -1.04651 53.5999
v 2 -0.411968 53.9491
v 2 0.173919 53.9964
v 2 0.874616 53.741
v 2 1.34085 53.1867
v 2 1.50159 52.6214
v 2 1.43373 52.0375
v 2 1.14759 51.524
v 1.9986 0.685202 51.1584
v -6.75 -6.99944 60.7104
v -7.99999 -6.99323 60.6917
v -3.9581 -7.00007 56.508
v -3.45224 -7.00034 56.5581
v 3.234 -7 56.4103
v -3.09694 -7 56.2701
v 3.09018 -7 56.2618
v 3.02184 -7 56.1681
v -2.98776 -7 56.1147
v 2.95553 -7 56.0593
v -2.8987 -7 55.9485
v -2.71803 -6.998 55.4817
v -2.54743 -6.99687 53.3616
v 6.75 -7 60.7257
v 8 -7 69.5013
v 8 -7 60.7257
v -4.75377 -6.98683 53.1516
v -4.72147 -6.73614 52.6729
v -5.22949 7.02035 60.9981
v -5.20898 7.02035 60.9981
v -5.18848 7.02035 60.9981
v -5.20898 7.0201 60.9979
v -5.18848 7.0201 60.9979
v -5.20898 7.01987 60.9978
v -5.18848 7.01987 60.9978
v -5.16797 7.01987 60.9978
v -5.14746 7.01987 60.9978
v -5.14746 7.0201 60.9979
v -5.12695 7.0201 60.9979
v -5.12695 7.02035 60.9981
v -5.10645 7.02035 60.9981
v -5.08594 7.02035 60.9981
v -5.06543 7.02035 60.9981
v -5.08594 7.0201 60.9979
v -5.06543 7.0201 60.9979
v -5.08594 7.01987 60.9978
v -5.06543 7.01987 60.9978
v -5.04492 7.01987 60.9978
v -5.02441 7.01987 60.9978
v -5.02441 7.0201 60.9979
v -5.00391 7.0201 60.9979
v -5.00391 7.02035 60.9981
v -4.9834 7.02035 60.9981
v -4.96289 7.02035 60.9981
v -4.94238 7.02035 60.9981
v -4.96289 7.0201 60.9979
v -4.94238 7.0201 60.9979
v -4.96289 7.01987 60.9978
v -4.94238 7.01987 60.9978
v -4.92188 7.01987 60.9978
v -4.90137 7.01987 60.9978
v -4.90137 7.0201 60.9979
v -4.88086 7.0201 60.9979
v -4.88086 7.02035 60.9981
v -4.86035 7.02035 60.9981
v -4.83984 7.02035 60.9981
v -4.81934 7.02035 60.9981
v -4.83984 7.0201 60.9979
v -4.81934 7.0201 60.9979
v -4.83984 7.01987 60.9978
v -4.81934 7.01987 60.9978
v -4.79883 7.01987 60.9978
v -4.77832 7.01987 60.9978
v -4.77832 7.0201 60.9979
v -4.75781 7.0201 60.9979
v -4.75781 7.02035 60.9981
v -4.7373 7.02035 60.9981
v -4.7168 7.02035 60.9981
v -4.69629 7.02035 60.9981
v -4.7168 7.0201 60.9979
v -4.69629 7.0201 60.9979
v -4.7168 7.01987 60.9978
v -4.69629 7.01987 60.9978
v -4.67578 7.01987 60.9978
v -4.65527 7.01987 60.9978
v -4.65527 7.0201 60.9979
v -4.63477 7.0201 60.9979
v -4.63477 7.02035 60.9981
v -4.61426 7.02035 60.9981
v -4.59375 7.02035 60.9981
v -4.57324 7.02035 60.9981
v -4.59375 7.0201 60.9979
v -4.57324 7.0201 60.9979
v -4.59375 7.01987 60.9978
v -4.57324 7.01987 60.9978
v -4.55273 7.01987 60.9978
v -4.53223 7.01987 60.9978
v -4.53223 7.0201 60.9979
v -4.51172 7.0201 60.9979
v -4.51172 7.02035 60.9981
v -4.49121 7.02035 60.9981
v -4.4707 7.02035 60.9981
v -4.4502 7.02035 60.9981
v -4.4707 7.0201 60.9979
v -4.4502 7.0201 60.9979
v -4.4707 7.01987 60.9978
v -4.4502 7.01987 60.9978
v -4.42969 7.01987 60.9978
v -4.40918 7.01987 60.9978
v -4.40918 7.0201 60.9979
v -4.38867 7.0201 60.9979
v -4.38867 7.02035 60.9981
v -4.36816 7.02035 60.9981
v -4.34766 7.02035 60.9981
v -4.32715 7.02035 60.9981
v -4.34766 7.0201 60.9979
v -4.32715 7.0201 60.9979
v -4.34766 7.01987 60.9978
v -4.32715 7.01987 60.9978
v -4.30664 7.01987 60.9978
v -4.28613 7.01987 60.9978
v -4.28613 7.0201 60.9979
v -4.26562 7.0201 60.9979
v -4.26562 7.02035 60.9981
v -4.24512 7.02035 60.9981
v -4.22461 7.02035 60.9981
v -4.2041 7.02035 60.9981
v -4.22461 7.0201 60.9979
v -4.2041 7.0201 60.9979
v -4.22461 7.01987 60.9978
v -4.2041 7.01987 60.9978
v -4.18359 7.01987 60.9978
v -4.16309 7.01987 60.9978
v -4.16309 7.0201 60.9979
v -4.14258 7.0201 60.9979
v -4.14258 7.02035 60.9981
v -4.12207 7.02035 60.9981
v -4.10156 7.02035 60.9981
v -4.08105 7.02035 60.9981
v -4.10156 7.0201 60.9979
v -4.08105 7.0201 60.9979
v -4.10156 7.01987 60.9978
v -4.08105 7.01987 60.9978
v -4.06055 7.01987 60.9978
v -4.04004 7.01987 60.9978
v -4.04004 7.0201 60.9979
v -4.01953 7.0201 60.9979
v -4.01953 7.02035 60.9981
v -3.99902 7.02035 60.9981
v -3.97852 7.02035 60.9981
v -3.95801 7.02035 60.9981
v -3.97852 7.0201 60.9979
v -3.95801 7.0201 60.9979
v -3.97852 7.01987 60.9978
v -3.95801 7.01987 60.9978
v -3.9375 7.01987 60.9978
v -3.91699 7.01987 60.9978
v -3.91699 7.0201 60.9979
v -3.89648 7.0201 60.9979
v -3.89648 7.02035 60.9981
v -3.87598 7.02035 60.9981
v -3.85547 7.02035 60.9981
v -3.83496 7.02035 60.9981
v -3.85547 7.0201 60.9979
v -3.83496 7.0201 60.9979
v -3.85547 7.01987 60.9978
v -3.83496 7.01987 60.9978
v -3.81445 7.01987 60.9978
v -3.79395 7.01987 60.9978
v -3.79395 7.0201 60.9979
v -3.77344 7.0201 60.9979
v -3.77344 7.02035 60.9981
v -3.75293 7.02035 60.9981
v -3.73242 7.02035 60.9981
v -3.71191 7.02035 60.9981
v -3.73242 7.0201 60.9979
v -3.71191 7.0201 60.9979
v -3.73242 7.01987 60.9978
v -3.71191 7.01987 60.9978
v -3.69141 7.01987 60.9978
v -3.6709 7.01987 60.9978
v -3.6709 7.0201 60.9979
v -3.65039 7.0201 60.9979
v -3.65039 7.02035 60.9981
v -3.62988 7.02035 60.9981
v -3.60938 7.02035 60.9981
v -3.58887 7.02035 60.9981
v -3.60938 7.0201 60.9979
v -3.58887 7.0201 60.9979
v -3.60938 7.01987 60.9978
v -3.58887 7.01987 60.9978
v -3.56836 7.01987 60.9978
v -3.54785 7.01987 60.9978
v -3.54785 7.0201 60.9979
v -3.52734 7.0201 60.9979
v -3.52734 7.02035 60.9981
v -3.50684 7.02035 60.9981
v -3.48633 7.02035 60.9981
v -3.46582 7.02035 60.9981
v -3.48633 7.0201 60.9979
v -3.46582 7.0201 60.9979
v -3.48633 7.01987 60.9978
v -3.46582 7.01987 60.9978
v -3.44531 7.01987 60.9978
v -3.4248 7.01987 60.9978
v -3.4248 7.0201 60.9979
v -3.4043 7.0201 60.9979
v -3.4043 7.02035 60.9981
v -3.38379 7.02035 60.9981
v -3.36328 7.02035 60.9981
v -3.34277 7.02035 60.9981
v -3.36328 7.0201 60.9979
v -3.34277 7.0201 60.9979
v -3.36328 7.01987 60.9978
v -3.34277 7.01987 60.9978
v -3.32227 7.01987 60.9978
v -3.30176 7.01987 60.9978
v -3.30176 7.0201 60.9979
v -3.28125 7.0201 60.9979
v -3.28125 7.02035 60.9981
v -3.26074 7.02035 60.9981
v -3.24023 7.02035 60.9981
v -3.21973 7.02035 60.9981
v -3.24023 7.0201 60.9979
v -3.21973 7.0201 60.9979
v -3.24023 7.01987 60.9978
v -3.21973 7.01987 60.9978
v -3.19922 7.01987 60.9978
v -3.17871 7.01987 60.9978
v -3.17871 7.0201 60.9979
v -3.1582 7.0201 60.9979
v -3.1582 7.02035 60.9981
v -3.1377 7.02035 60.9981
v -3.11719 7.02035 60.9981
v -3.09668 7.02035 60.9981
v -3.11719 7.0201 60.9979
v -3.09668 7.0201 60.9979
v -3.11719 7.01987 60.9978
v -3.09668 7.01987 60.9978
v -3.07617 7.01987 60.9978
v -3.05566 7.01987 60.9978
v -3.05566 7.0201 60.9979
v -3.03516 7.0201 60.9979
v -3.03516 7.02035 60.9981
v -3.01465 7.02035 60.9981
v -2.99414 7.02035 60.9981
v -2.97363 7.02035 60.9981
v -2.99414 7.0201 60.9979
v -2.97363 7.0201 60.9979
v -2.99414 7.01987 60.9978
v -2.97363 7.01987 60.9978
v -2.95312 7.01987 60.9978
v -2.93262 7.01987 60.9978
v -2.93262 7.0201 60.9979
v -2.91211 7.0201 60.9979
v -2.91211 7.02035 60.9981
v -2.8916 7.02035 60.9981
v -2.87109 7.02035 60.9981
v -2.85059 7.02035 60.9981
v -2.87109 7.0201 60.9979
v -2.85059 7.0201 60.9979
v -2.87109 7.01987 60.9978
v -2.85059 7.01987 60.9978
v -2.83008 7.01987 60.9978
v -2.80957 7.01987 60.9978
v -2.80957 7.0201 60.9979
v -2.78906 7.0201 60.9979
v -2.78906 7.02035 60.9981
v -2.76855 7.02035 60.9981
v -2.74805 7.02035 60.9981
v -2.72754 7.02035 60.9981
v -2.74805 7.0201 60.9979
v -2.72754 7.0201 60.9979
v -2.74805 7.01987 60.9978
v -2.72754 7.01987 60.9978
v -2.70703 7.01987 60.9978
v -2.68652 7.01987 60.9978
v -2.68652 7.0201 60.9979
v -2.66602 7.0201 60.9979
v -2.66602 7.02035 60.9981
v -2.64551 7.02035 60.9981
v -2.625 7.02035 60.9981
v -2.60449 7.02035 60.9981
v -2.625 7.0201 60.9979
v -2.60449 7.0201 60.9979
v -2.625 7.01987 60.9978
v -2.60449 7.01987 60.9978
v 0 7.01963 60.9976
v -2.58398 7.01987 60.9978
v -2.56348 7.01987 60.9978
v -2.56348 7.0201 60.9979
v -2.54297 7.0201 60.9979
v -2.54297 7.02035 60.9981
v -2.52246 7.02035 60.9981
v -2.50195 7.02035 60.9981
v -2.48145 7.02035 60.9981
v -2.50195 7.0201 60.9979
v -2.48145 7.0201 60.9979
v -2.50195 7.01987 60.9978
v -2.48145 7.01987 60.9978
v -2.46094 7.01987 60.9978
v -2.44043 7.01987 60.9978
v -2.44043 7.0201 60.9979
v -2.41992 7.0201 60.9979
v -2.41992 7.02035 60.9981
v -2.39941 7.02035 60.9981
v -2.37891 7.02035 60.9981
v -2.3584 7.02035 60.9981
v -2.37891 7.0201 60.9979
v -2.3584 7.0201 60.9979
v -2.37891 7.01987 60.9978
v -2.3584 7.01987 60.9978
v -2.33789 7.01987 60.9978
v -2.31738 7.01987 60.9978
v -2.31738 7.0201 60.9979
v -2.29688 7.0201 60.9979
v -2.29688 7.02035 60.9981
v -2.27637 7.02035 60.9981
v -2.25586 7.02035 60.9981
v -2.23535 7.02035 60.9981
v -2.25586 7.0201 60.9979
v -2.23535 7.0201 60.9979
v -2.25586 7.01987 60.9978
v -2.23535 7.01987 60.9978
v -2.21484 7.01987 60.9978
v -2.19434 7.01987 60.9978
v -2.19434 7.0201 60.9979
v -2.17383 7.0201 60.9979
v -2.17383 7.02035 60.9981
v -2.15332 7.02035 60.9981
v -2.13281 7.02035 60.9981
v -2.1123 7.02035 60.9981
v -2.13281 7.0201 60.9979
v -2.1123 7.0201 60.9979
v -2.13281 7.01987 60.9978
v -2.1123 7.01987 60.9978
v -2.0918 7.01987 60.9978
v -2.07129 7.01987 60.9978
v -2.07129 7.0201 60.9979
v -2.05078 7.0201 60.9979
v -2.05078 7.02035 60.9981
v -2.03027 7.02035 60.9981
v -2.00977 7.02035 60.9981
v -1.98926 7.02035 60.9981
v -2.00977 7.0201 60.9979
v -1.98926 7.0201 60.9979
v -2.00977 7.01987 60.9978
v -1.98926 7.01987 60.9978
v -1.96875 7.01987 60.9978
v -1.94824 7.01987 60.9978
v -1.94824 7.0201 60.9979
v -1.92773 7.0201 60.9979
v -1.92773 7.02035 60.9981
v -1.90723 7.02035 60.9981
v -1.88672 7.02035 60.9981
v -1.86621 7.02035 60.9981
v -1.88672 7.0201 60.9979
v -1.86621 7.0201 60.9979
v -1.88672 7.01987 60.9978
v -1.86621 7.01987 60.9978
v -1.8457 7.01987 60.9978
v -1.8252 7.01987 60.9978
v -1.8252 7.0201 60.9979
v -1.80469 7.0201 60.9979
v -1.80469 7.02035 60.9981
v -1.78418 7.02035 60.9981
v -1.76367 7.02035 60.9981
v -1.74316 7.02035 60.9981
v -1.76367 7.0201 60.9979
v -1.74316 7.0201 60.9979
v -1.76367 7.01987 60.9978
v -1.74316 7.01987 60.9978
v -1.72266 7.01987 60.9978
v -1.70215 7.01987 60.9978
v -1.70215 7.0201 60.9979
v -1.68164 7.0201 60.9979
v -1.68164 7.02035 60.9981
v -1.66113 7.02035 60.9981
v -1.64062 7.02035 60.9981
v -1.62012 7.02035 60.9981
v -1.64062 7.0201 60.9979
v -1.62012 7.0201 60.9979
v -1.64062 7.01987 60.9978
v -1.62012 7.01987 60.9978
v -1.59961 7.01987 60.9978
v -1.5791 7.01987 60.9978
v -1.5791 7.0201 60.9979
v -1.55859 7.0201 60.9979
v -1.55859 7.02035 60.9981
v -1.53809 7.02035 60.9981
v -1.51758 7.02035 60.9981
v -1.49707 7.02035 60.9981
v -1.51758 7.0201 60.9979
v -1.49707 7.0201 60.9979
v -1.51758 7.01987 60.9978
v -1.49707 7.01987 60.9978
v -1.47656 7.01987 60.9978
v -1.45605 7.01987 60.9978
v -1.45605 7.0201 60.9979
v -1.43555 7.0201 60.9979
v -1.43555 7.02035 60.9981
v -1.41504 7.02035 60.9981
v -1.39453 7.02035 60.9981
v -1.37402 7.02035 60.9981
v -1.39453 7.0201 60.9979
v -1.37402 7.0201 60.9979
v -1.39453 7.01987 60.9978
v -1.37402 7.01987 60.9978
v -1.35352 7.01987 60.9978
v -1.33301 7.01987 60.9978
v -1.33301 7.0201 60.9979
v -1.3125 7.0201 60.9979
v -1.3125 7.02035 60.9981
v -1.29199 7.02035 60.9981
v -1.27148 7.02035 60.9981
v -1.25098 7.02035 60.9981
v -1.27148 7.0201 60.9979
v -1.25098 7.0201 60.9979
v -1.27148 7.01987 60.9978
v -1.25098 7.01987 60.9978
v -1.23047 7.01987 60.9978
v -1.20996 7.01987 60.9978
v -1.20996 7.0201 60.9979
v -1.18945 7.0201 60.9979
v -1.18945 7.02035 60.9981
v -1.16895 7.02035 60.9981
v -1.14844 7.02035 60.9981
v -1.12793 7.02035 60.9981
v -1.14844 7.0201 60.9979
v -1.12793 7.0201 60.9979
v -1.14844 7.01987 60.9978
v -1.12793 7.01987 60.9978
v -1.10742 7.01987 60.9978
v -1.08691 7.01987 60.9978
v -1.08691 7.0201 60.9979
v -1.06641 7.0201 60.9979
v -1.06641 7.02035 60.9981
v -1.0459 7.02035 60.9981
v -1.02539 7.02035 60.9981
v -1.00488 7.02035 60.9981
v -1.02539 7.0201 60.9979
v -1.00488 7.0201 60.9979
v -1.02539 7.01987 60.9978
v -1.00488 7.01987 60.9978
v -0.984375 7.01987 60.9978
v -0.963867 7.01987 60.9978
v -0.963867 7.0201 60.9979
v -0.943359 7.0201 60.9979
v -0.943359 7.02035 60.9981
v -0.922852 7.02035 60.9981
v -0.902344 7.02035 60.9981
v -0.881836 7.02035 60.9981
v -0.902344 7.0201 60.9979
v -0.881836 7.0201 60.9979
v -0.902344 7.01987 60.9978
v -0.881836 7.01987 60.9978
v -0.861328 7.01987 60.9978
v -0.84082 7.01987 60.9978
v -0.84082 7.0201 60.9979
v -0.820312 7.0201 60.9979
v -0.820312 7.02035 60.9981
v -0.799805 7.02035 60.9981
v -0.779297 7.02035 60.9981
v -0.758789 7.02035 60.9981
v -0.779297 7.0201 60.9979
v -0.758789 7.0201 60.9979
v -0.779297 7.01987 60.9978
v -0.758789 7.01987 60.9978
v -0.738281 7.01987 60.9978
v -0.717773 7.01987 60.9978
v -0.717773 7.0201 60.9979
v -0.697266 7.0201 60.9979
v -0.697266 7.02035 60.9981
v -0.676758 7.02035 60.9981
v -0.65625 7.02035 60.9981
v -0.635742 7.02035 60.9981
v -0.65625 7.0201 60.9979
v -0.635742 7.0201 60.9979
v -0.65625 7.01987 60.9978
v -0.635742 7.01987 60.9978
v -0.615234 7.01987 60.9978
v -0.594727 7.01987 60.9978
v -0.594727 7.0201 60.9979
v -0.574219 7.0201 60.9979
v -0.574219 7.02035 60.9981
v -0.553711 7.02035 60.9981
v -0.533203 7.02035 60.9981
v -0.512695 7.02035 60.9981
v -0.533203 7.0201 60.9979
v -0.512695 7.0201 60.9979
v -0.533203 7.01987 60.9978
v -0.512695 7.01987 60.9978
v -0.492188 7.01987 60.9978
v -0.47168 7.01987 60.9978
v -0.47168 7.0201 60.9979
v -0.451172 7.0201 60.9979
v -0.451172 7.02035 60.9981
v -0.430664 7.02035 60.9981
v -0.410156 7.02035 60.9981
v -0.389648 7.02035 60.9981
v -0.410156 7.0201 60.9979
v -0.389648 7.0201 60.9979
v -0.410156 7.01987 60.9978
v -0.389648 7.01987 60.9978
v -0.369141 7.01987 60.9978
v -0.348633 7.01987 60.9978
v -0.348633 7.0201 60.9979
v -0.328125 7.0201 60.9979
v -0.328125 7.02035 60.9981
v -0.307617 7.02035 60.9981
v -0.287109 7.02035 60.9981
v -0.266602 7.02035 60.9981
v -0.287109 7.0201 60.9979
v -0.266602 7.0201 60.9979
v -0.287109 7.01987 60.9978
v -0.266602 7.01987 60.9978
v -0.246094 7.01987 60.9978
v -0.225586 7.01987 60.9978
v -0.225586 7.0201 60.9979
v -0.205078 7.0201 60.9979
v -0.205078 7.02035 60.9981
v -0.18457 7.02035 60.9981
v -0.164062 7.02035 60.9981
v -0.143555 7.02035 60.9981
v -0.164062 7.0201 60.9979
v -0.143555 7.0201 60.9979
v -0.164062 7.01987 60.9978
v -0.143555 7.01987 60.9978
v -0.123047 7.01987 60.9978
v -0.102539 7.01987 60.9978
v -0.102539 7.0201 60.9979
v -0.0820312 7.0201 60.9979
v -0.0820312 7.02035 60.9981
v -0.0615234 7.02035 60.9981
v -0.0410156 7.02035 60.9981
v -0.0205078 7.02035 60.9981
v -0.0410156 7.0201 60.9979
v -0.0205078 7.0201 60.9979
v -0.0410156 7.01987 60.9978
v -0.0205078 7.01987 60.9978
v 0 7.01987 60.9978
v 0.0205078 7.01987 60.9978
v 0.0205078 7.0201 60.9979
v 0.0410156 7.0201 60.9979
v 0.0410156 7.02035 60.9981
v 0.0615234 7.02035 60.9981
v 0.0820312 7.02035 60.9981
v 0.102539 7.02035 60.9981
v 0.0820312 7.0201 60.9979
v 0.102539 7.0201 60.9979
v 0.0820312 7.01987 60.9978
v 0.102539 7.01987 60.9978
v 0.123047 7.01987 60.9978
v 0.143555 7.01987 60.9978
v 0.143555 7.0201 60.9979
v 0.164062 7.0201 60.9979
v 0.164062 7.02035 60.9981
v 0.18457 7.02035 60.9981
v 0.205078 7.02035 60.9981
v 0.225586 7.02035 60.9981
v 0.205078 7.0201 60.9979
v 0.225586 7.0201 60.9979
v 0.205078 7.01987 60.9978
v 0.225586 7.01987 60.9978
v 0.246094 7.01987 60.9978
v 0.266602 7.01987 60.9978
v 0.266602 7.0201 60.9979
v 0.287109 7.0201 60.9979
v 0.287109 7.02035 60.9981
v 0.307617 7.02035 60.9981
v 0.328125 7.02035 60.9981
v 0.348633 7.02035 60.9981
v 0.328125 7.0201 60.9979
v 0.348633 7.0201 60.9979
v 0.328125 7.01987 60.9978
v 0.348633 7.01987 60.9978
v 0.369141 7.01987 60.9978
v 0.389648 7.01987 60.9978
v 0.389648 7.0201 60.9979
v 0.410156 7.0201 60.9979
v 0.410156 7.02035 60.9981
v 0.430664 7.02035 60.9981
v 0.451172 7.02035 60.9981
v 0.47168 7.02035 60.9981
v 0.451172 7.0201 60.9979
v 0.47168 7.0201 60.9979
v 0.451172 7.01987 60.9978
v 0.47168 7.01987 60.9978
v 0.492188 7.01987 60.9978
v 0.512695 7.01987 60.9978
v 0.512695 7.0201 60.9979
v 0.533203 7.0201 60.9979
v 0.533203 7.02035 60.9981
v 0.553711 7.02035 60.9981
v 0.574219 7.02035 60.9981
v 0.594727 7.02035 60.9981
v 0.574219 7.0201 60.9979
v 0.594727 7.0201 60.9979
v 0.574219 7.01987 60.9978
v 0.594727 7.01987 60.9978
v 0.615234 7.01987 60.9978
v 0.635742 7.01987 60.9978
v 0.635742 7.0201 60.9979
v 0.65625 7.0201 60.9979
v 0.65625 7.02035 60.9981
v 0.676758 7.02035 60.9981
v 0.697266 7.02035 60.9981
v 0.717773 7.02035 60.9981
v 0.697266 7.0201 60.9979
v 0.717773 7.0201 60.9979
v 0.697266 7.01987 60.9978
v 0.717773 7.01987 60.9978
v 0.738281 7.01987 60.9978
v 0.758789 7.01987 60.9978
v 0.758789 7.0201 60.9979
v 0.779297 7.0201 60.9979
v 0.779297 7.02035 60.9981
v 0.799805 7.02035 60.9981
v 0.820312 7.02035 60.9981
v 0.84082 7.02035 60.9981
v 0.820312 7.0201 60.9979
v 0.84082 7.0201 60.9979
v 0.820312 7.01987 60.9978
v 0.84082 7.01987 60.9978
v 0.861328 7.01987 60.9978
v 0.881836 7.01987 60.9978
v 0.881836 7.0201 60.9979
v 0.902344 7.0201 60.9979
v 0.902344 7.02035 60.9981
v 0.922852 7.02035 60.9981
v 0.943359 7.02035 60.9981
v 0.963867 7.02035 60.9981
v 0.943359 7.0201 60.9979
v 0.963867 7.0201 60.9979
v 0.943359 7.01987 60.9978
v 0.963867 7.01987 60.9978
v 0.984375 7.01987 60.9978
v 1.00488 7.01987 60.9978
v 1.00488 7.0201 60.9979
v 1.02539 7.0201 60.9979
v 1.02539 7.02035 60.9981
v 1.0459 7.02035 60.9981
v 1.06641 7.02035 60.9981
v 1.08691 7.02035 60.9981
v 1.06641 7.0201 60.9979
v 1.08691 7.0201 60.9979
v 1.06641 7.01987 60.9978
v 1.08691 7.01987 60.9978
v 1.10742 7.01987 60.9978
v 1.12793 7.01987 60.9978
v 1.12793 7.0201 60.9979
v 1.14844 7.0201 60.9979
v 1.14844 7.02035 60.9981
v 1.16895 7.02035 60.9981
v 1.18945 7.02035 60.9981
v 1.20996 7.02035 60.9981
v 1.18945 7.0201 60.9979
v 1.20996 7.0201 60.9979
v 1.18945 7.01987 60.9978
v 1.20996 7.01987 60.9978
v 1.23047 7.01987 60.9978
v 1.25098 7.01987 60.9978
v 1.25098 7.0201 60.9979
v 1.27148 7.0201 60.9979
v 1.27148 7.02035 60.9981
v 1.29199 7.02035 60.9981
v 1.3125 7.02035 60.9981
v 1.33301 7.02035 60.9981
v 1.3125 7.0201 60.9979
v 1.33301 7.0201 60.9979
v 1.3125 7.01987 60.9978
v 1.33301 7.01987 60.9978
v 1.35352 7.01987 60.9978
v 1.37402 7.01987 60.9978
v 1.37402 7.0201 60.9979
v 1.39453 7.0201 60.9979
v 1.39453 7.02035 60.9981
v 1.41504 7.02035 60.9981
v 1.43555 7.02035 60.9981
v 1.45605 7.02035 60.9981
v 1.43555 7.0201 60.9979
v 1.45605 7.0201 60.9979
v 1.43555 7.01987 60.9978
v 1.45605 7.01987 60.9978
v 1.47656 7.01987 60.9978
v 1.49707 7.01987 60.9978
v 1.49707 7.0201 60.9979
v 1.51758 7.0201 60.9979
v 1.51758 7.02035 60.9981
v 1.53809 7.02035 60.9981
v 1.55859 7.02035 60.9981
v 1.5791 7.02035 60.9981
v 1.55859 7.0201 60.9979
v 1.5791 7.0201 60.9979
v 1.55859 7.01987 60.9978
v 1.5791 7.01987 60.9978
v 1.59961 7.01987 60.9978
v 1.62012 7.01987 60.9978
v 1.62012 7.0201 60.9979
v 1.64062 7.0201 60.9979
v 1.64062 7.02035 60.9981
v 1.66113 7.02035 60.9981
v 1.68164 7.02035 60.9981
v 1.70215 7.02035 60.9981
v 1.68164 7.0201 60.9979
v 1.70215 7.0201 60.9979
v 1.68164 7.01987 60.9978
v 1.70215 7.01987 60.9978
v 1.72266 7.01987 60.9978
v 1.74316 7.01987 60.9978
v 1.74316 7.0201 60.9979
v 1.76367 7.0201 60.9979
v 1.76367 7.02035 60.9981
v 1.78418 7.02035 60.9981
v 1.80469 7.02035 60.9981
v 1.8252 7.02035 60.9981
v 1.80469 7.0201 60.9979
v 1.8252 7.0201 60.9979
v 1.80469 7.01987 60.9978
v 1.8252 7.01987 60.9978
v 1.8457 7.01987 60.9978
v 1.86621 7.01987 60.9978
v 1.86621 7.0201 60.9979
v 1.88672 7.0201 60.9979
v 1.88672 7.02035 60.9981
v 1.90723 7.02035 60.9981
v 1.92773 7.02035 60.9981
v 1.94824 7.02035 60.9981
v 1.92773 7.0201 60.9979
v 1.94824 7.0201 60.9979
v 1.92773 7.01987 60.9978
v 1.94824 7.01987 60.9978
v 1.96875 7.01987 60.9978
v 1.98926 7.01987 60.9978
v 1.98926 7.0201 60.9979
v 2.00977 7.0201 60.9979
v 2.00977 7.02035 60.9981
v 2.03027 7.02035 60.9981
v 2.05078 7.02035 60.9981
v 2.07129 7.02035 60.9981
v 2.05078 7.0201 60.9979
v 2.07129 7.0201 60.9979
v 2.05078 7.01987 60.9978
v 2.07129 7.01987 60.9978
v 2.0918 7.01987 60.9978
v 2.1123 7.01987 60.9978
v 2.1123 7.0201 60.9979
v 2.13281 7.0201 60.9979
v 2.13281 7.02035 60.9981
v 2.15332 7.02035 60.9981
v 2.17383 7.02035 60.9981
v 2.19434 7.02035 60.9981
v 2.17383 7.0201 60.9979
v 2.19434 7.0201 60.9979
v 2.17383 7.01987 60.9978
v 2.19434 7.01987 60.9978
v 2.21484 7.01987 60.9978
v 2.23535 7.01987 60.9978
v 2.23535 7.0201 60.9979
v 2.25586 7.0201 60.9979
v 2.25586 7.02035 60.9981
v 2.27637 7.02035 60.9981
v 2.29688 7.02035 60.9981
v 2.31738 7.02035 60.9981
v 2.29688 7.0201 60.9979
v 2.31738 7.0201 60.9979
v 2.29688 7.01987 60.9978
v 2.31738 7.01987 60.9978
v 2.33789 7.01987 60.9978
v 2.3584 7.01987 60.9978
v 2.3584 7.0201 60.9979
v 2.37891 7.0201 60.9979
v 2.37891 7.02035 60.9981
v 2.39941 7.02035 60.9981
v 2.41992 7.02035 60.9981
v 2.44043 7.02035 60.9981
v 2.41992 7.0201 60.9979
v 2.44043 7.0201 60.9979
v 2.41992 7.01987 60.9978
v 2.44043 7.01987 60.9978
v 2.46094 7.01987 60.9978
v 2.48145 7.01987 60.9978
v 2.48145 7.0201 60.9979
v 2.50195 7.0201 60.9979
v 2.50195 7.02035 60.9981
v 2.52246 7.02035 60.9981
v 2.54297 7.02035 60.9981
v 2.56348 7.02035 60.9981
v 2.54297 7.0201 60.9979
v 2.56348 7.0201 60.9979
v 2.54297 7.01987 60.9978
v 2.56348 7.01987 60.9978
v 2.58398 7.01987 60.9978
v 2.60449 7.01987 60.9978
v 2.60449 7.0201 60.9979
v 2.625 7.0201 60.9979
v 2.625 7.02035 60.9981
v 2.64551 7.02035 60.9981
v 2.66602 7.02035 60.9981
v 2.68652 7.02035 60.9981
v 2.66602 7.0201 60.9979
v 2.68652 7.0201 60.9979
v 2.66602 7.01987 60.9978
v 2.68652 7.01987 60.9978
v 2.70703 7.01987 60.9978
v 2.72754 7.01987 60.9978
v 2.72754 7.0201 60.9979
v 2.74805 7.0201 60.9979
v 2.74805 7.02035 60.9981
v 2.76855 7.02035 60.9981
v 2.78906 7.02035 60.9981
v 2.80957 7.02035 60.9981
v 2.78906 7.0201 60.9979
v 2.80957 7.0201 60.9979
v 2.78906 7.01987 60.9978
v 2.80957 7.01987 60.9978
v 2.83008 7.01987 60.9978
v 2.85059 7.01987 60.9978
v 2.85059 7.0201 60.9979
v 2.87109 7.0201 60.9979
v 2.87109 7.02035 60.9981
v 2.8916 7.02035 60.9981
v 2.91211 7.02035 60.9981
v 2.93262 7.02035 60.9981
v 2.91211 7.0201 60.9979
v 2.93262 7.0201 60.9979
v 2.91211 7.01987 60.9978
v 2.93262 7.01987 60.9978
v 2.95312 7.01987 60.9978
v 2.97363 7.01987 60.9978
v 2.97363 7.0201 60.9979
v 2.99414 7.0201 60.9979
v 2.99414 7.02035 60.9981
v 3.01465 7.02035 60.9981
v 3.03516 7.02035 60.9981
v 3.05566 7.02035 60.9981
v 3.03516 7.0201 60.9979
v 3.05566 7.0201 60.9979
v 3.03516 7.01987 60.9978
v 3.05566 7.01987 60.9978
v 3.07617 7.01987 60.9978
v 3.09668 7.01987 60.9978
v 3.09668 7.0201 60.9979
v 3.11719 7.0201 60.9979
v 3.11719 7.02035 60.9981
v 3.1377 7.02035 60.9981
v 3.1582 7.02035 60.9981
v 3.17871 7.02035 60.9981
v 3.1582 7.0201 60.9979
v 3.17871 7.0201 60.9979
v 3.1582 7.01987 60.9978
v 3.17871 7.01987 60.9978
v 3.19922 7.01987 60.9978
v 3.21973 7.01987 60.9978
v 3.21973 7.0201 60.9979
v 3.24023 7.0201 60.9979
v 3.24023 7.02035 60.9981
v 3.26074 7.02035 60.9981
v 3.28125 7.02035 60.9981
v 3.30176 7.02035 60.9981
v 3.28125 7.0201 60.9979
v 3.30176 7.0201 60.9979
v 3.28125 7.01987 60.9978
v 3.30176 7.01987 60.9978
v 3.32227 7.01987 60.9978
v 3.34277 7.01987 60.9978
v 3.34277 7.0201 60.9979
v 3.36328 7.0201 60.9979
v 3.36328 7.02035 60.9981
v 3.38379 7.02035 60.9981
v 3.4043 7.02035 60.9981
v 3.4248 7.02035 60.9981
v 3.4043 7.0201 60.9979
v 3.4248 7.0201 60.9979
v 3.4043 7.01987 60.9978
v 3.4248 7.01987 60.9978
v 3.44531 7.01987 60.9978
v 3.46582 7.01987 60.9978
v 3.46582 7.0201 60.9979
v 3.48633 7.0201 60.9979
v 3.48633 7.02035 60.9981
v 3.50684 7.02035 60.9981
v 3.52734 7.02035 60.9981
v 3.54785 7.02035 60.9981
v 3.52734 7.0201 60.9979
v 3.54785 7.0201 60.9979
v 3.52734 7.01987 60.9978
v 3.54785 7.01987 60.9978
v 3.56836 7.01987 60.9978
v 3.58887 7.01987 60.9978
v 3.58887 7.0201 60.9979
v 3.60938 7.0201 60.9979
v 3.60938 7.02035 60.9981
v 3.62988 7.02035 60.9981
v 3.65039 7.02035 60.9981
v 3.6709 7.02035 60.9981
v 3.65039 7.0201 60.9979
v 3.6709 7.0201 60.9979
v 3.65039 7.01987 60.9978
v 3.6709 7.01987 60.9978
v 3.69141 7.01987 60.9978
v 3.71191 7.01987 60.9978
v 3.71191 7.0201 60.9979
v 3.73242 7.0201 60.9979
v 3.73242 7.02035 60.9981
v 3.75293 7.02035 60.9981
v 3.77344 7.02035 60.9981
v 3.79395 7.02035 60.9981
v 3.77344 7.0201 60.9979
v 3.79395 7.0201 60.9979
v 3.77344 7.01987 60.9978
v 3.79395 7.01987 60.9978
v 3.81445 7.01987 60.9978
v 3.83496 7.01987 60.9978
v 3.83496 7.0201 60.9979
v 3.85547 7.0201 60.9979
v 3.85547 7.02035 60.9981
v 3.87598 7.02035 60.9981
v 3.89648 7.02035 60.9981
v 3.91699 7.02035 60.9981
v 3.89648 7.0201 60.9979
v 3.91699 7.0201 60.9979
v 3.89648 7.01987 60.9978
v 3.91699 7.01987 60.9978
v 3.9375 7.01987 60.9978
v 3.95801 7.01987 60.9978
v 3.95801 7.0201 60.9979
v 3.97852 7.0201 60.9979
v 3.97852 7.02035 60.9981
v 3.99902 7.02035 60.9981
v 4.01953 7.02035 60.9981
v 4.04004 7.02035 60.9981
v 4.01953 7.0201 60.9979
v 4.04004 7.0201 60.9979
v 4.01953 7.01987 60.9978
v 4.04004 7.01987 60.9978
v 4.06055 7.01987 60.9978
v 4.08105 7.01987 60.9978
v 4.08105 7.0201 60.9979
v 4.10156 7.0201 60.9979
v 4.10156 7.02035 60.9981
v 4.12207 7.02035 60.9981
v 4.14258 7.02035 60.9981
v 4.16309 7.02035 60.9981
v 4.14258 7.0201 60.9979
v 4.16309 7.0201 60.9979
v 4.14258 7.01987 60.9978
v 4.16309 7.01987 60.9978
v 4.18359 7.01987 60.9978
v 4.2041 7.01987 60.9978
v 4.2041 7.0201 60.9979
v 4.22461 7.0201 60.9979
v 4.22461 7.02035 60.9981
v 4.24512 7.02035 60.9981
v 4.26562 7.02035 60.9981
v 4.28613 7.02035 60.9981
v 4.26562 7.0201 60.9979
v 4.28613 7.0201 60.9979
v 4.26562 7.01987 60.9978
v 4.28613 7.01987 60.9978
v 4.30664 7.01987 60.9978
v 4.32715 7.01987 60.9978
v 4.32715 7.0201 60.9979
v 4.34766 7.0201 60.9979
v 4.34766 7.02035 60.9981
v 4.36816 7.02035 60.9981
v 4.38867 7.02035 60.9981
v 4.40918 7.02035 60.9981
v 4.38867 7.0201 60.9979
v 4.40918 7.0201 60.9979
v 4.38867 7.01987 60.9978
v 4.40918 7.01987 60.9978
v 4.42969 7.01987 60.9978
v 4.4502 7.01987 60.9978
v 4.4502 7.0201 60.9979
v 4.4707 7.0201 60.9979
v 4.4707 7.02035 60.9981
v 4.49121 7.02035 60.9981
v 4.51172 7.02035 60.9981
v 4.53223 7.02035 60.9981
v 4.51172 7.0201 60.9979
v 4.53223 7.0201 60.9979
v 4.51172 7.01987 60.9978
v 4.53223 7.01987 60.9978
v 4.55273 7.01987 60.9978
v 4.57324 7.01987 60.9978
v 4.57324 7.0201 60.9979
v 4.59375 7.0201 60.9979
v 4.59375 7.02035 60.9981
v 4.61426 7.02035 60.9981
v 4.63477 7.02035 60.9981
v 4.65527 7.02035 60.9981
v 4.63477 7.0201 60.9979
v 4.65527 7.0201 60.9979
v 4.63477 7.01987 60.9978
v 4.65527 7.01987 60.9978
v 4.67578 7.01987 60.9978
v 4.69629 7.01987 60.9978
v 4.69629 7.0201 60.9979
v 4.7168 7.0201 60.9979
v 4.7168 7.02035 60.9981
v 4.7373 7.02035 60.9981
v 4.75781 7.02035 60.9981
v 4.77832 7.02035 60.9981
v 4.75781 7.0201 60.9979
v 4.77832 7.0201 60.9979
v 4.75781 7.01987 60.9978
v 4.77832 7.01987 60.9978
v 4.79883 7.01987 60.9978
v 4.81934 7.01987 60.9978
v 4.81934 7.0201 60.9979
v 4.83984 7.0201 60.9979
v 4.83984 7.02035 60.9981
v 4.86035 7.02035 60.9981
v 4.88086 7.02035 60.9981
v 4.90137 7.02035 60.9981
v 4.88086 7.0201 60.9979
v 4.90137 7.0201 60.9979
v 4.88086 7.01987 60.9978
v 4.90137 7.01987 60.9978
v 4.92188 7.01987 60.9978
v 4.94238 7.01987 60.9978
v 4.94238 7.0201 60.9979
v 4.96289 7.0201 60.9979
v 4.96289 7.02035 60.9981
v 4.9834 7.02035 60.9981
v 5.00391 7.02035 60.9981
v 5.02441 7.02035 60.9981
v 5.00391 7.0201 60.9979
v 5.02441 7.0201 60.9979
v 5.00391 7.01987 60.9978
v 5.02441 7.01987 60.9978
v 5.04492 7.01987 60.9978
v 5.06543 7.01987 60.9978
v 5.06543 7.0201 60.9979
v 5.08594 7.0201 60.9979
v 5.08594 7.02035 60.9981
v 5.10645 7.02035 60.9981
v 5.12695 7.02035 60.9981
v 5.14746 7.02035 60.9981
v 5.12695 7.0201 60.9979
v 5.14746 7.0201 60.9979
v 5.12695 7.01987 60.9978
v 5.14746 7.01987 60.9978
v 5.16797 7.01987 60.9978
v 5.18848 7.01987 60.9978
v 5.18848 7.0201 60.9979
v 5.20898 7.0201 60.9979
v 5.20898 7.02035 60.9981
v 5.22949 7.02035 60.9981
v 5.22949 7.0201 60.9979
v 5.22949 7.01987 60.9978
v 5.20898 7.01987 60.9978
v -5.22949 7.0201 60.9979
v -5.22949 7.01987 60.9978
v -2.64551 7.01987 60.9978
v -2.66602 7.01987 60.9978
v -2.64551 7.0201 60.9979
v 2.625 7.01987 60.9978
v 2.64551 7.01987 60.9978
v 1.11022e-15 7.02035 60.9981
v 0.0205078 7.02035 60.9981
v -5.16797 7.02035 60.9981
v -5.14746 7.02035 60.9981
v -5.16797 7.0201 60.9979
v -5.04492 7.02035 60.9981
v -5.04492 7.0201 60.9979
v -4.92188 7.02035 60.9981
v -4.90137 7.02035 60.9981
v -4.92188 7.0201 60.9979
v -4.79883 7.02035 60.9981
v -4.79883 7.0201 60.9979
v -4.67578 7.02035 60.9981
v -4.65527 7.02035 60.9981
v -4.67578 7.0201 60.9979
v -4.55273 7.02035 60.9981
v -4.55273 7.0201 60.9979
v -4.42969 7.02035 60.9981
v -4.40918 7.02035 60.9981
v -4.42969 7.0201 60.9979
v -4.30664 7.02035 60.9981
v -4.30664 7.0201 60.9979
v -4.18359 7.02035 60.9981
v -4.16309 7.02035 60.9981
v -4.18359 7.0201 60.9979
v -4.06055 7.02035 60.9981
v -4.06055 7.0201 60.9979
v -3.9375 7.02035 60.9981
v -3.91699 7.02035 60.9981
v -3.9375 7.0201 60.9979
v -3.81445 7.02035 60.9981
v -3.81445 7.0201 60.9979
v -3.69141 7.02035 60.9981
v -3.6709 7.02035 60.9981
v -3.69141 7.0201 60.9979
v -3.56836 7.02035 60.9981
v -3.56836 7.0201 60.9979
v -3.44531 7.02035 60.9981
v -3.4248 7.02035 60.9981
v -3.44531 7.0201 60.9979
v -3.32227 7.02035 60.9981
v -3.32227 7.0201 60.9979
v -3.19922 7.02035 60.9981
v -3.17871 7.02035 60.9981
v -3.19922 7.0201 60.9979
v -3.07617 7.02035 60.9981
v -3.07617 7.0201 60.9979
v -2.95312 7.02035 60.9981
v -2.93262 7.02035 60.9981
v -2.95312 7.0201 60.9979
v -2.83008 7.02035 60.9981
v -2.83008 7.0201 60.9979
v -2.70703 7.02035 60.9981
v -2.68652 7.02035 60.9981
v -2.70703 7.0201 60.9979
v -2.58398 7.02035 60.9981
v -2.58398 7.0201 60.9979
v -2.46094 7.02035 60.9981
v -2.44043 7.02035 60.9981
v -2.46094 7.0201 60.9979
v -2.33789 7.02035 60.9981
v -2.33789 7.0201 60.9979
v -2.21484 7.02035 60.9981
v -2.19434 7.02035 60.9981
v -2.21484 7.0201 60.9979
v -2.0918 7.02035 60.9981
v -2.0918 7.0201 60.9979
v -1.96875 7.02035 60.9981
v -1.94824 7.02035 60.9981
v -1.96875 7.0201 60.9979
v -1.8457 7.02035 60.9981
v -1.8457 7.0201 60.9979
v -1.72266 7.02035 60.9981
v -1.70215 7.02035 60.9981
v -1.72266 7.0201 60.9979
v -1.59961 7.02035 60.9981
v -1.59961 7.0201 60.9979
v -1.47656 7.02035 60.9981
v -1.45605 7.02035 60.9981
v -1.47656 7.0201 60.9979
v -1.35352 7.02035 60.9981
v -1.35352 7.0201 60.9979
v -1.23047 7.02035 60.9981
v -1.20996 7.02035 60.9981
v -1.23047 7.0201 60.9979
v -1.10742 7.02035 60.9981
v -1.10742 7.0201 60.9979
v -0.984375 7.02035 60.9981
v -0.963867 7.02035 60.9981
v -0.984375 7.0201 60.9979
v -0.861328 7.02035 60.9981
v -0.861328 7.0201 60.9979
v -0.738281 7.02035 60.9981
v -0.717773 7.02035 60.9981
v -0.738281 7.0201 60.9979
v -0.615234 7.02035 60.9981
v -0.615234 7.0201 60.9979
v -0.492188 7.02035 60.9981
v -0.47168 7.02035 60.9981
v -0.492188 7.0201 60.9979
v -0.369141 7.02035 60.9981
v -0.369141 7.0201 60.9979
v -0.246094 7.02035 60.9981
v -0.225586 7.02035 60.9981
v -0.246094 7.0201 60.9979
v -0.123047 7.02035 60.9981
v -0.123047 7.0201 60.9979
v -5.10645 7.01987 60.9978
v -5.10645 7.0201 60.9979
v 0.143555 7.02035 60.9981
v 0.123047 7.02035 60.9981
v -5.00391 7.01987 60.9978
v -4.9834 7.01987 60.9978
v -4.9834 7.0201 60.9979
v 0.246094 7.02035 60.9981
v 0.246094 7.0201 60.9979
v 0.266602 7.02035 60.9981
v -4.86035 7.01987 60.9978
v -4.86035 7.0201 60.9979
v 0.389648 7.02035 60.9981
v 0.369141 7.02035 60.9981
v -4.75781 7.01987 60.9978
v -4.7373 7.01987 60.9978
v -4.7373 7.0201 60.9979
v 0.492188 7.02035 60.9981
v 0.492188 7.0201 60.9979
v 0.512695 7.02035 60.9981
v -4.61426 7.01987 60.9978
v -4.61426 7.0201 60.9979
v 0.635742 7.02035 60.9981
v 0.615234 7.02035 60.9981
v -4.51172 7.01987 60.9978
v -4.49121 7.01987 60.9978
v -4.49121 7.0201 60.9979
v 0.738281 7.02035 60.9981
v 0.738281 7.0201 60.9979
v 0.758789 7.02035 60.9981
v -4.36816 7.01987 60.9978
v -4.36816 7.0201 60.9979
v 0.881836 7.02035 60.9981
v 0.861328 7.02035 60.9981
v -4.26562 7.01987 60.9978
v -4.24512 7.01987 60.9978
v -4.24512 7.0201 60.9979
v 0.984375 7.02035 60.9981
v 0.984375 7.0201 60.9979
v 1.00488 7.02035 60.9981
v -4.12207 7.01987 60.9978
v -4.12207 7.0201 60.9979
v 1.12793 7.02035 60.9981
v 1.10742 7.02035 60.9981
v -4.01953 7.01987 60.9978
v -3.99902 7.01987 60.9978
v -3.99902 7.0201 60.9979
v 1.23047 7.02035 60.9981
v 1.23047 7.0201 60.9979
v 1.25098 7.02035 60.9981
v -3.87598 7.01987 60.9978
v -3.87598 7.0201 60.9979
v 1.37402 7.02035 60.9981
v 1.35352 7.02035 60.9981
v -3.77344 7.01987 60.9978
v -3.75293 7.01987 60.9978
v -3.75293 7.0201 60.9979
v 1.47656 7.02035 60.9981
v 1.47656 7.0201 60.9979
v 1.49707 7.02035 60.9981
v -3.62988 7.01987 60.9978
v -3.62988 7.0201 60.9979
v 1.62012 7.02035 60.9981
v 1.59961 7.02035 60.9981
v -3.52734 7.01987 60.9978
v -3.50684 7.01987 60.9978
v -3.50684 7.0201 60.9979
v 1.72266 7.02035 60.9981
v 1.72266 7.0201 60.9979
v 1.74316 7.02035 60.9981
v -3.38379 7.01987 60.9978
v -3.38379 7.0201 60.9979
v 1.86621 7.02035 60.9981
v 1.8457 7.02035 60.9981
v -3.28125 7.01987 60.9978
v -3.26074 7.01987 60.9978
v -3.26074 7.0201 60.9979
v 1.96875 7.02035 60.9981
v 1.96875 7.0201 60.9979
v 1.98926 7.02035 60.9981
v -3.1377 7.01987 60.9978
v -3.1377 7.0201 60.9979
v 2.1123 7.02035 60.9981
v 2.0918 7.02035 60.9981
v -3.03516 7.01987 60.9978
v -3.01465 7.01987 60.9978
v -3.01465 7.0201 60.9979
v 2.21484 7.02035 60.9981
v 2.21484 7.0201 60.9979
v 2.23535 7.02035 60.9981
v -2.8916 7.01987 60.9978
v -2.8916 7.0201 60.9979
v 2.3584 7.02035 60.9981
v 2.33789 7.02035 60.9981
v -2.78906 7.01987 60.9978
v -2.76855 7.01987 60.9978
v -2.76855 7.0201 60.9979
v 2.46094 7.02035 60.9981
v 2.46094 7.0201 60.9979
v 2.48145 7.02035 60.9981
v 2.60449 7.02035 60.9981
v 2.58398 7.02035 60.9981
v 2.70703 7.02035 60.9981
v 2.70703 7.0201 60.9979
v -2.54297 7.01987 60.9978
v -2.52246 7.01987 60.9978
v 2.72754 7.02035 60.9981
v -2.41992 7.01987 60.9978
v -2.39941 7.01987 60.9978
v 2.85059 7.02035 60.9981
v 2.83008 7.02035 60.9981
v 2.95312 7.02035 60.9981
v 2.95312 7.0201 60.9979
v -2.29688 7.01987 60.9978
v -2.27637 7.01987 60.9978
v 2.97363 7.02035 60.9981
v -2.17383 7.01987 60.9978
v -2.15332 7.01987 60.9978
v 3.09668 7.02035 60.9981
v 3.07617 7.02035 60.9981
v 3.19922 7.02035 60.9981
v 3.19922 7.0201 60.9979
v -2.05078 7.01987 60.9978
v -2.03027 7.01987 60.9978
v 3.21973 7.02035 60.9981
v -1.92773 7.01987 60.9978
v -1.90723 7.01987 60.9978
v 3.34277 7.02035 60.9981
v 3.32227 7.02035 60.9981
v 3.44531 7.02035 60.9981
v 3.44531 7.0201 60.9979
v -1.80469 7.01987 60.9978
v -1.78418 7.01987 60.9978
v 3.46582 7.02035 60.9981
v -1.68164 7.01987 60.9978
v -1.66113 7.01987 60.9978
v 3.58887 7.02035 60.9981
v 3.56836 7.02035 60.9981
v 3.69141 7.02035 60.9981
v 3.69141 7.0201 60.9979
v -1.55859 7.01987 60.9978
v -1.53809 7.01987 60.9978
v 3.71191 7.02035 60.9981
v -1.43555 7.01987 60.9978
v -1.41504 7.01987 60.9978
v 3.83496 7.02035 60.9981
v 3.81445 7.02035 60.9981
v 3.9375 7.02035 60.9981
v 3.9375 7.0201 60.9979
v -1.3125 7.01987 60.9978
v -1.29199 7.01987 60.9978
v 3.95801 7.02035 60.9981
v -1.18945 7.01987 60.9978
v -1.16895 7.01987 60.9978
v 4.08105 7.02035 60.9981
v 4.06055 7.02035 60.9981
v 4.18359 7.02035 60.9981
v 4.18359 7.0201 60.9979
v -1.06641 7.01987 60.9978
v -1.0459 7.01987 60.9978
v 4.2041 7.02035 60.9981
v -0.943359 7.01987 60.9978
v -0.922852 7.01987 60.9978
v 4.32715 7.02035 60.9981
v 4.30664 7.02035 60.9981
v 4.42969 7.02035 60.9981
v 4.42969 7.0201 60.9979
v -0.820312 7.01987 60.9978
v -0.799805 7.01987 60.9978
v 4.4502 7.02035 60.9981
v -0.697266 7.01987 60.9978
v -0.676758 7.01987 60.9978
v 4.57324 7.02035 60.9981
v 4.55273 7.02035 60.9981
v 4.67578 7.02035 60.9981
v 4.67578 7.0201 60.9979
v -0.574219 7.01987 60.9978
v -0.553711 7.01987 60.9978
v 4.69629 7.02035 60.9981
v -0.451172 7.01987 60.9978
v -0.430664 7.01987 60.9978
v 4.81934 7.02035 60.9981
v 4.79883 7.02035 60.9981
v 4.92188 7.02035 60.9981
v 4.92188 7.0201 60.9979
v -0.328125 7.01987 60.9978
v -0.307617 7.01987 60.9978
v 4.94238 7.02035 60.9981
v -0.205078 7.01987 60.9978
v -0.18457 7.01987 60.9978
v 5.06543 7.02035 60.9981
v 5.04492 7.02035 60.9981
v 5.16797 7.02035 60.9981
v 5.16797 7.0201 60.9979
v -0.0820312 7.01987 60.9978
v -0.0615234 7.01987 60.9978
v 5.18848 7.02035 60.9981
v 0.0615234 7.01987 60.9978
v 0.0615234 7.0201 60.9979
v 0.164062 7.01987 60.9978
v 0.18457 7.01987 60.9978
v 0.18457 7.0201 60.9979
v 0.307617 7.01987 60.9978
v 0.307617 7.0201 60.9979
v 0.410156 7.01987 60.9978
v 0.430664 7.01987 60.9978
v 0.430664 7.0201 60.9979
v 0.553711 7.01987 60.9978
v 0.553711 7.0201 60.9979
v 0.65625 7.01987 60.9978
v 0.676758 7.01987 60.9978
v 0.676758 7.0201 60.9979
v 0.799805 7.01987 60.9978
v 0.799805 7.0201 60.9979
v 0.902344 7.01987 60.9978
v 0.922852 7.01987 60.9978
v 0.922852 7.0201 60.9979
v 1.0459 7.01987 60.9978
v 1.0459 7.0201 60.9979
v 1.14844 7.01987 60.9978
v 1.16895 7.01987 60.9978
v 1.16895 7.0201 60.9979
v 1.29199 7.01987 60.9978
v 1.29199 7.0201 60.9979
v 1.39453 7.01987 60.9978
v 1.41504 7.01987 60.9978
v 1.41504 7.0201 60.9979
v 1.53809 7.01987 60.9978
v 1.53809 7.0201 60.9979
v 1.64062 7.01987 60.9978
v 1.66113 7.01987 60.9978
v 1.66113 7.0201 60.9979
v 1.78418 7.01987 60.9978
v 1.78418 7.0201 60.9979
v 1.88672 7.01987 60.9978
v 1.90723 7.01987 60.9978
v 1.90723 7.0201 60.9979
v 2.03027 7.01987 60.9978
v 2.03027 7.0201 60.9979
v 2.13281 7.01987 60.9978
v 2.15332 7.01987 60.9978
v 2.15332 7.0201 60.9979
v 2.27637 7.01987 60.9978
v 2.27637 7.0201 60.9979
v 2.37891 7.01987 60.9978
v 2.39941 7.01987 60.9978
v 2.39941 7.0201 60.9979
v 2.52246 7.01987 60.9978
v 2.52246 7.0201 60.9979
v 2.74805 7.01987 60.9978
v 2.76855 7.01987 60.9978
v 2.87109 7.01987 60.9978
v 2.8916 7.01987 60.9978
v 2.99414 7.01987 60.9978
v 3.01465 7.01987 60.9978
v 3.11719 7.01987 60.9978
v 3.1377 7.01987 60.9978
v 3.24023 7.01987 60.9978
v 3.26074 7.01987 60.9978
v 3.36328 7.01987 60.9978
v 3.38379 7.01987 60.9978
v 3.48633 7.01987 60.9978
v 3.50684 7.01987 60.9978
v 3.60938 7.01987 60.9978
v 3.62988 7.01987 60.9978
v 3.73242 7.01987 60.9978
v 3.75293 7.01987 60.9978
v 3.85547 7.01987 60.9978
v 3.87598 7.01987 60.9978
v 3.97852 7.01987 60.9978
v 3.99902 7.01987 60.9978
v 4.10156 7.01987 60.9978
v 4.12207 7.01987 60.9978
v 4.22461 7.01987 60.9978
v 4.24512 7.01987 60.9978
v 4.34766 7.01987 60.9978
v 4.36816 7.01987 60.9978
v 4.4707 7.01987 60.9978
v 4.49121 7.01987 60.9978
v 4.59375 7.01987 60.9978
v 4.61426 7.01987 60.9978
v 4.7168 7.01987 60.9978
v 4.7373 7.01987 60.9978
v 4.83984 7.01987 60.9978
v 4.86035 7.01987 60.9978
v 4.96289 7.01987 60.9978
v 4.9834 7.01987 60.9978
v 5.08594 7.01987 60.9978
v 5.10645 7.01987 60.9978
v 0 7.0201 60.9979
v -5.02441 7.02035 60.9981
v -5.12695 7.01987 60.9978
v -4.77832 7.02035 60.9981
v -4.53223 7.02035 60.9981
v -4.88086 7.01987 60.9978
v -4.28613 7.02035 60.9981
v -4.04004 7.02035 60.9981
v -4.63477 7.01987 60.9978
v -3.79395 7.02035 60.9981
v -3.54785 7.02035 60.9981
v -4.38867 7.01987 60.9978
v -3.30176 7.02035 60.9981
v -3.05566 7.02035 60.9981
v -4.14258 7.01987 60.9978
v -2.80957 7.02035 60.9981
v -2.56348 7.02035 60.9981
v -3.89648 7.01987 60.9978
v -2.31738 7.02035 60.9981
v -2.07129 7.02035 60.9981
v -3.65039 7.01987 60.9978
v -1.8252 7.02035 60.9981
v -1.5791 7.02035 60.9981
v -3.4043 7.01987 60.9978
v -1.33301 7.02035 60.9981
v -1.08691 7.02035 60.9981
v -3.1582 7.01987 60.9978
v -0.84082 7.02035 60.9981
v -0.594727 7.02035 60.9981
v -2.91211 7.01987 60.9978
v -0.348633 7.02035 60.9981
v -0.102539 7.02035 60.9981
v -2.52246 7.0201 60.9979
v -2.39941 7.0201 60.9979
v -2.27637 7.0201 60.9979
v -2.15332 7.0201 60.9979
v -2.03027 7.0201 60.9979
v -1.90723 7.0201 60.9979
v -1.78418 7.0201 60.9979
v -1.66113 7.0201 60.9979
v -1.53809 7.0201 60.9979
v -1.41504 7.0201 60.9979
v -1.29199 7.0201 60.9979
v -1.16895 7.0201 60.9979
v -1.0459 7.0201 60.9979
v -0.922852 7.0201 60.9979
v -0.799805 7.0201 60.9979
v -0.676758 7.0201 60.9979
v -0.553711 7.0201 60.9979
v -0.430664 7.0201 60.9979
v -0.307617 7.0201 60.9979
v -0.18457 7.0201 60.9979
v -0.0615234 7.0201 60.9979
v 0.0410156 7.01987 60.9978
v 0.123047 7.0201 60.9979
v 0.287109 7.01987 60.9978
v 0.369141 7.0201 60.9979
v 0.533203 7.01987 60.9978
v 0.615234 7.0201 60.9979
v 0.779297 7.01987 60.9978
v 0.861328 7.0201 60.9979
v 1.02539 7.01987 60.9978
v 1.10742 7.0201 60.9979
v 1.27148 7.01987 60.9978
v 1.35352 7.0201 60.9979
v 1.51758 7.01987 60.9978
v 1.59961 7.0201 60.9979
v 1.76367 7.01987 60.9978
v 1.8457 7.0201 60.9979
v 2.00977 7.01987 60.9978
v 2.0918 7.0201 60.9979
v 2.25586 7.01987 60.9978
v 2.33789 7.0201 60.9979
v 2.50195 7.01987 60.9978
v 2.58398 7.0201 60.9979
v 2.64551 7.0201 60.9979
v 2.76855 7.0201 60.9979
v 2.83008 7.0201 60.9979
v 2.8916 7.0201 60.9979
v 3.01465 7.0201 60.9979
v 3.07617 7.0201 60.9979
v 3.1377 7.0201 60.9979
v 3.26074 7.0201 60.9979
v 3.32227 7.0201 60.9979
v 3.38379 7.0201 60.9979
v 3.50684 7.0201 60.9979
v 3.56836 7.0201 60.9979
v 3.62988 7.0201 60.9979
v 3.75293 7.0201 60.9979
v 3.81445 7.0201 60.9979
v 3.87598 7.0201 60.9979
v 3.99902 7.0201 60.9979
v 4.06055 7.0201 60.9979
v 4.12207 7.0201 60.9979
v 4.24512 7.0201 60.9979
v 4.30664 7.0201 60.9979
v 4.36816 7.0201 60.9979
v 4.49121 7.0201 60.9979
v 4.55273 7.0201 60.9979
v 4.61426 7.0201 60.9979
v 4.7373 7.0201 60.9979
v 4.79883 7.0201 60.9979
v 4.86035 7.0201 60.9979
v 4.9834 7.0201 60.9979
v 5.04492 7.0201 60.9979
v 5.10645 7.0201 60.9979
v -4.75127 5.51255 56.9914
v -3.96668 6.05244 57.8201
v -3.64952 6.07409 57.8584
v 3.76867 6.07258 57.8568
v 4.5154 5.85123 57.4847
v 4.70044 5.65841 57.1948
v 3.43215 6.06279 57.8383
v -3.43121 6.06269 57.8381
v 3.22315 6.02901 57.7792
v -3.22236 6.02883 57.7789
v 3.03243 5.97384 57.6849
v -3.03172 5.97358 57.6845
v 2.86669 5.89859 57.561
v -2.86618 5.89831 57.5605
v 2.73197 5.8054 57.4139
v -2.73153 5.80502 57.4134
v 2.6322 5.69648 57.2502
v -2.63195 5.69612 57.2497
v 2.57078 5.57489 57.0765
v -2.57072 5.57469 57.0763
v 4.63261 5.68417 55.6797
v 4.62901 6.26571 54.2768
v 4.63183 6.46892 53.1658
v 4.62898 6.49203 51.9818
v 4.63061 6.19385 50.4787
v 4.63454 5.5298 49.0637
v 4.63322 4.55341 47.8413
v 4.63049 0.398294 45.9968
v 4.63085 -1.13858 46.0907
v 4.6304 -2.60668 46.5289
v 4.63086 -3.94595 47.3226
v 4.6305 -5.03991 48.3708
v 4.63052 -6.36742 51.1188
v 4.70312 -6.70595 52.661
v 3.92772 3.77589 57.0787
v 4.23039 3.12192 57.7334
v 4.46938 4.75068 56.58
v 4.38356 5.59628 55.1502
v 4.26773 5.23937 55.6168
v 4.32136 5.93378 54.0537
v 4.50165 6.17588 51.2108
v 4.38893 5.45632 49.5776
v 4.24762 4.20359 48.1114
v 4.37874 3.78115 47.6076
v 4.40187 3.15562 47.1621
v 4.3907 2.11586 46.6821
v 4.3907 0.977481 46.3869
v 4.45806 0.277487 46.2602
v 4.3907 -0.78307 46.359
v 4.3907 -1.93017 46.6178
v 4.45806 -2.61047 46.8257
v 4.39069 -3.50811 47.3992
v 4.3907 -4.40942 48.1546
v 4.45806 -4.91903 48.6509
v 4.3907 -5.45439 49.5717
v 4.3907 -5.90974 50.656
v 4.45806 -6.13555 51.3307
v 4.3907 -6.18983 52.3943
v 4.3907 -5.78636 54.7008
v 4.38375 -5.25139 55.767
v 4.46291 -4.50898 56.8452
v 4.50599 6.19072 53.7785
v 4.50254 6.30623 52.2822
v 4.50207 5.86873 50.1835
v 4.50498 4.83393 48.4453
v 4.63802 3.32156 46.8976
v 4.63093 1.92087 46.2801
v 4.63101 -5.87796 49.702
v 4.63121 -6.50223 52.4954
v 4.45598 -6.1534 53.5742
v 4.61004 -5.54544 55.8542
v 4.62028 4.10798 57.5073
v 4.63075 5.13128 56.5095
v 4.75175 5.38196 56.8173
v 4.7401 3.63621 58.7652
v 4.60394 4.45525 58.6189
v 4.2937 5.20916 58.4468
v 4.13757 6.01772 57.7595
v 3.42032 5.00483 58.8412
v 4.0505 5.34906 58.5049
v 2.92664 5.63465 57.9736
v 2.642 5.01414 58.0326
v 2.62136 4.40888 57.4088
v 2.67211 5.12182 56.5104
v 2.91065 4.93421 56.233
v 3.4022 4.71656 56.0724
v 3.05267 5.06926 58.603
v 2.81927 5.05831 58.3522
v 3.23301 3.82597 57.0977
v 3.32291 4.24263 56.6663
v 3.56708 3.80204 57.0106
v 3.25355 5.22752 55.3988
v 3.56341 5.25786 55.2091
v 3.17634 5.28589 49.6587
v 3.59031 5.03436 49.4085
v 3.5176 5.73768 53.9279
v 3.09969 5.95725 53.4699
v 2.91959 6.16923 52.7519
v 2.89114 6.17212 51.9012
v 3.8207 5.86505 53.2251
v 2.91959 6.06616 51.3491
v 3.26802 5.9702 52.2946
v 3.49851 5.91381 52.6411
v 3.51401 5.83193 51.5687
v 2.8554 5.60001 49.7237
v 3.17817 5.69302 50.5803
v 3.551 5.60581 50.6308
v 3.63132 3.94752 48.1155
v 3.58242 4.47996 48.6597
v 3.25355 4.81151 48.9533
v 2.97197 4.93887 48.8573
v 2.76921 4.85691 48.402
v 2.97157 4.36597 48.1927
v 3.63558 2.99884 47.4209
v 3.31072 3.34023 47.5769
v 3.25377 4.04166 48.0901
v 2.67025 3.80833 47.2281
v 2.90629 3.68032 47.5254
v 3.63384 1.96864 46.9395
v 3.40703 2.56684 47.1533
v 3.02773 2.70935 47.0464
v 2.76651 2.71276 46.7585
v 3.63221 0.865789 46.6648
v 3.40744 1.50983 46.7646
v 3.10699 2.07663 46.8189
v 2.85839 1.59491 46.4663
v 2.67332 1.24686 46.1042
v 3.63064 -0.268807 46.6067
v 3.4077 0.398327 46.5827
v 3.10699 0.964862 46.5288
v 2.84003 0.643929 46.2651
v 2.66914 -0.358136 45.9947
v 3.73812 -1.25321 46.7289
v 3.40782 -0.727573 46.6141
v 3.107 -0.181771 46.454
v 2.67006 -1.42812 46.1559
v 3.48823 -1.58426 46.8047
v 3.5802 -2.57144 47.1822
v 3.24751 -1.88218 46.8223
v 3.25361 -2.89593 47.2687
v 2.91083 -2.38392 46.7908
v 2.66884 -3.27991 46.8709
v 3.58026 -3.53879 47.7706
v 2.97204 -3.47117 47.4368
v 3.2536 -3.83297 47.9107
v 2.76739 -3.57853 47.2551
v 2.6752 -4.46011 47.7539
v 3.58044 -4.37618 48.5329
v 2.97147 -4.15452 47.9894
v 3.25312 -4.44296 48.5082
v 2.78376 -4.70255 48.244
v 3.58074 -5.05274 49.4411
v 3.25362 -4.96992 49.1754
v 2.97205 -4.75617 48.6187
v 2.66832 -5.48283 48.9807
v 2.97204 -5.40434 49.5882
v 3.58115 -5.54358 50.4619
v 3.25361 -5.50896 50.1753
v 2.76738 -5.58299 49.4759
v 2.67063 -5.99314 49.9787
v 2.76147 -6.11252 50.734
v 3.63544 -5.88819 52.1541
v 3.58489 -5.79209 51.3718
v 3.25415 -5.88175 51.3972
v 3.63371 -5.84554 53.2904
v 3.40708 -5.92875 52.6592
v 2.88765 -6.21211 52.2912
v 2.66165 -6.5115 52.6251
v 3.1139 -6.04282 52.6506
v 2.55263 -6.86841 52.9877
v 3.63207 -5.58583 54.3968
v 3.33047 -5.80989 53.7774
v 2.97204 -6.09161 53.2601
v 2.54952 -6.99064 53.3706
v 2.74861 -6.06037 54.4732
v 2.68757 -6.2626 54.1385
v 3.73814 -5.1906 55.3169
v 3.40771 -5.44577 54.8489
v 3.03481 -5.78874 54.3833
v 2.5588 -6.99862 54.1668
v 2.66751 -6.99884 55.2431
v 3.11965 -5.27598 55.4437
v 2.97377 -5.37695 55.4593
v 2.78111 -5.52315 55.5802
v 3.48858 -5.02434 55.6146
v 2.56562 -6.38558 54.9983
v 2.56052 -6.27508 56.0631
v 2.87033 -6.99214 55.9706
v 3.64944 -7.00035 56.6046
v 3.90031 -6.58052 57.2036
v 4.2561 -6.99333 56.2537
v 3.69456 -4.25793 56.5893
v 3.09801 -4.74095 56.236
v 2.61404 -5.64955 56.0021
v 2.70794 -6.10881 56.9967
v 2.93846 -6.22844 57.2706
v 3.3277 -6.40177 57.4036
v 4.55028 -6.35306 56.7565
v 4.69848 -6.16339 56.5219
v 3.21601 -4.31086 56.6489
v 2.86096 -4.48704 56.8264
v 2.64028 -4.71857 57.0577
v 2.55004 -5.01265 57.3551
v 2.5923 -5.2748 57.6177
v 2.89 -5.59889 57.9442
v 3.24935 -5.75846 58.1044
v 3.68903 -5.81574 58.1598
v 4.20097 -5.71213 58.0575
v 4.36284 -6.19042 57.3345
v 4.61223 -5.41508 57.7597
v 4.7536 -5.09958 57.4425
v 4.69102 -4.77572 57.1167
v 4.23244 -4.36916 56.7079
v 3.92817 -4.64892 56.1914
v 4.08852 -5.10316 55.6478
v 4.02307 -5.57068 54.6311
v 4.0235 -5.87327 53.5397
v 4.02406 -5.96419 52.4109
v 4.02944 -5.85333 51.3513
v 3.92936 -5.46332 50.1712
v 4.10227 -5.64651 50.4656
v 3.92874 -4.92366 49.1793
v 4.10226 -5.15991 49.4345
v 3.92825 -4.20594 48.3074
v 4.10227 -4.4871 48.514
v 3.92794 -3.33608 47.587
v 4.10226 -3.65237 47.7374
v 3.9278 -2.34524 47.0441
v 4.10228 -2.68581 47.1327
v 4.0885 -1.59068 46.719
v 4.0228 -0.483272 46.5553
v 4.02311 0.649095 46.571
v 4.02354 1.75815 46.8004
v 4.02411 2.80391 47.2352
v 4.00408 3.77264 47.8867
v 4.18418 4.76821 48.7918
v 3.73132 5.49102 50.321
v 4.26773 6.02947 51.5994
v 3.97208 5.85473 51.4478
v 3.93077 5.93846 52.2526
v 4.08882 5.64981 54.4992
v 3.91442 5.67114 54.27
v 3.92381 5.27206 55.2237
v 4.11405 4.774 56.1583
v 3.88566 4.80721 55.9716
v 4.31518 4.10325 57.0478
v 3.83961 4.18328 56.6839
v 4.75332 -6.97107 53.0695
v 4.74296 -6.99865 54.0051
v 4.6142 -6.1426 54.5312
v 4.58797 -6.9992 55.4886
v 3.14763 -6.81452 56.678
v 2.66875 6.51044 52.7443
v 3.123 5.76259 54.3088
v 2.78477 6.27649 53.3429
v 2.86794 5.91581 54.4638
v 2.66869 6.27872 54.2276
v 2.89252 5.56273 55.2356
v 2.54427 4.87429 57.602
v 3.37955 5.814 58.1041
v 3.68529 5.33321 58.6132
v 4.4803 5.59094 57.8568
v 2.97262 -5.90387 50.8006
v 2.97212 4.04245 57.1178
v 3.09407 5.9141 51.2435
v 2.66924 6.10343 50.2742
v 3.09546 -1.29126 46.5842
v 2.81629 -0.886243 46.2769
v 2.67247 -2.19051 46.3861
v 4.75548 -6.40204 55.528
v 4.7114 -6.11788 55.3804
v 3.86861 4.81861 49.0288
v 4.08764 5.35929 49.8202
v 4.16679 5.69071 50.5172
v 4.17917 6.02464 52.7928
v -2.66844 -6.50721 52.6324
v -2.66856 -6.17611 50.4388
v -2.98332 -6.04743 51.4964
v -3.26653 -5.89266 51.5152
v -3.65991 -5.80363 51.465
v -3.49628 -5.53387 50.4107
v -3.12612 -5.51548 50.0405
v -2.85351 -5.44268 49.4323
v -2.6699 -4.81831 48.115
v -2.78305 -3.524 47.2384
v -2.89024 -6.20789 52.3857
v -3.11399 -6.04265 52.2409
v -3.39937 -5.92992 52.5632
v -3.58118 -5.89206 52.0973
v -2.55465 -6.99602 54.1353
v -2.60352 -6.5606 53.6551
v -2.79661 -6.20813 53.5878
v -2.90027 -5.81877 54.6141
v -3.31856 -5.5713 54.5941
v -2.82387 -6.39195 56.8885
v -2.91879 -5.62721 57.973
v -3.60392 -6.30001 57.6037
v -3.07995 -6.71448 56.7597
v -3.08124 -6.19605 57.4811
v -3.41255 -6.46036 57.3707
v -4.18911 -5.72457 58.0671
v -4.47671 -6.24466 57.0861
v -4.67337 -6.44434 56.2212
v -4.58528 -6.08171 54.5241
v -4.38942 -6.12144 53.4275
v -4.02817 -5.96417 52.6063
v -4.64153 -6.52144 52.4956
v -4.17838 -6.67979 56.8639
v -4.4104 -6.99895 55.9574
v -4.69725 -6.99778 54.8388
v -4.75352 -6.41611 55.351
v -4.43871 -6.22652 52.5091
v -4.62489 -6.35446 51.1415
v -4.45187 -5.87302 50.3448
v -4.24631 -5.66221 50.2802
v -3.73169 -5.28887 49.8745
v -4.63595 -6.03364 50.053
v -4.24456 -5.26704 49.4739
v -4.50606 -5.48692 49.3851
v -4.63039 -5.30315 48.7147
v -4.63233 -4.08329 47.4234
v -4.45039 -4.84088 48.56
v -4.09987 -4.74208 48.8201
v -3.73502 -4.7372 48.9708
v -4.38893 -2.85551 47.007
v -4.16741 -2.40857 46.9632
v -3.83679 -2.14151 46.9923
v -3.92886 -0.461231 46.5785
v -3.90315 0.964508 46.6382
v -3.92944 2.81395 47.2694
v -3.9176 3.94856 48.057
v -3.92241 4.77769 48.9746
v -3.92466 5.30481 49.8313
v -3.94152 5.73489 50.9181
v -4.08799 5.9555 53.1679
v -3.84018 5.76961 53.8019
v -3.94218 5.44262 54.9025
v -3.83071 4.98893 55.6717
v -3.92437 4.40514 56.4821
v -4.02576 3.80331 57.0874
v -4.5084 4.00045 57.3786
v -4.50123 4.59041 56.8276
v -4.72246 5.28288 56.6919
v -4.25014 4.65933 56.4132
v -4.63292 -2.88474 46.6631
v -3.73847 -1.5134 46.8062
v -4.33941 -1.90136 46.6654
v -4.6324 -1.31389 46.1186
v -4.24752 0.106232 46.4201
v -4.6288 0.0343424 45.9875
v -4.24753 1.25411 46.5499
v -4.50628 0.410178 46.1996
v -4.6325 1.74548 46.2226
v -4.63307 3.07434 46.7603
v -4.32551 2.84318 47.0689
v -4.24743 3.86915 47.8074
v -4.63325 4.08045 47.4367
v -4.63105 4.79472 48.1015
v -4.63084 5.48818 49.0121
v -4.6357 6.0508 50.0954
v -4.11612 5.92341 51.5009
v -4.50918 6.09604 50.8396
v -4.22148 6.04445 51.9808
v -4.63186 6.48104 51.8211
v -4.36071 6.15913 52.3012
v -4.62973 6.47627 53.1414
v -4.36071 6.10293 53.3536
v -4.24509 5.64453 54.7828
v -4.62924 6.3097 54.0884
v -4.50374 6.02544 54.3776
v -4.63098 5.85923 55.332
v -4.36071 5.46192 55.3534
v -4.63047 5.46811 56.0215
v -4.6237 5.11468 56.4884
v -4.7019 4.63586 58.1974
v -4.64303 5.73936 57.3134
v -4.3109 5.96161 57.6635
v -3.83668 5.68725 58.2639
v -3.50811 4.98819 58.8828
v -2.9897 4.96994 58.6273
v -2.8209 5.45972 57.9811
v -3.32768 5.53192 58.3687
v -3.42581 6.06003 57.847
v -3.06156 5.85565 57.8564
v -2.65627 5.13454 56.5131
v -2.55614 4.9409 57.6739
v -2.66854 5.83362 55.3941
v -2.66698 6.34622 53.9725
v -2.66731 6.51455 52.4035
v -2.66811 6.38886 51.287
v -2.66826 6.14315 50.3521
v -2.67279 5.6174 49.2151
v -3.5202 3.82106 47.9897
v -3.0257 3.80798 47.7436
v -2.66818 3.95994 47.3429
v -2.8577 5.11295 48.9205
v -3.2607 4.22457 48.2703
v -2.66598 4.82877 48.1309
v -2.86783 4.4892 48.1973
v -2.66198 2.85788 46.6337
v -3.03699 1.80998 46.6905
v -3.50345 0.817155 46.6383
v -3.7391 0.268226 46.6008
v -2.90666 0.103455 46.3108
v -2.67348 -0.314502 45.9921
v -2.66813 -1.73243 46.2277
v -2.85349 -2.10748 46.6185
v -3.30793 -2.63113 47.1596
v -3.25018 -3.52627 47.6752
v -2.66636 -3.76006 47.1887
v -3.28614 1.34773 46.6835
v -2.81685 2.43424 46.7098
v -3.09574 0.641631 46.4792
v -2.66564 1.18266 46.0939
v -2.8528 1.22581 46.3763
v -3.44819 -3.2583 47.5491
v -2.66739 -2.77451 46.6155
v -2.96951 -3.50348 47.4581
v -2.9095 -2.64057 46.9063
v -2.66876 -5.6528 49.2763
v -2.66685 -6.3733 51.1499
v -3.57926 4.00524 56.8431
v -3.39286 3.77707 57.0719
v -3.16453 4.02899 56.9714
v -3.09041 4.85593 56.1101
v -3.19798 5.34498 55.2174
v -3.10688 5.59007 54.8053
v -3.10689 5.90114 53.8191
v -3.10689 6.03961 52.7943
v -3.10689 6.00144 51.7609
v -3.17117 5.72745 50.6786
v -3.10688 5.40476 49.7885
v -3.23732 4.87132 49.0512
v -2.94989 4.14331 57.0604
v -2.85164 5.63152 55.2014
v -2.85164 6.00947 54.2023
v -2.85164 6.21164 53.1534
v -2.85164 6.23214 52.0854
v -2.85164 6.07036 51.0296
v -2.84969 5.68177 49.891
v -2.74906 4.37297 57.145
v -2.84994 5.11939 56.0792
v -2.61539 4.31235 57.5118
v -2.55166 3.53032 58.7416
v -3.92936 5.00107 58.8293
v -4.52434 5.15374 58.2036
v -4.69255 4.23875 57.6064
v -3.58211 5.64509 54.2178
v -3.79191 5.90247 52.7898
v -3.73473 5.82207 51.5053
v -3.58468 5.58785 50.5776
v -3.68347 3.33881 47.6431
v -3.74511 1.8416 46.8907
v -3.73732 -2.92832 47.3693
v -4.26279 -3.91235 47.8231
v -4.44795 -3.94234 47.6448
v -4.3933 -6.09831 51.4006
v -3.9256 -5.41458 50.0494
v -3.92217 -5.74418 50.9993
v -4.09693 -5.92548 51.561
v -3.73718 -5.86451 53.1987
v -4.63307 -5.39198 57.7362
v -3.65519 -5.73456 53.8722
v -4.09946 -5.66266 54.4925
v -4.38809 -5.6908 54.9489
v -4.61289 -5.6855 55.6031
v -4.44936 -5.11077 56.0774
v -4.68923 -4.77411 57.115
v -4.08649 -5.10726 55.6348
v -4.51249 -4.54719 56.8867
v -3.73687 -4.84487 55.8802
v -4.08764 -4.67033 56.2517
v -4.24624 -4.37431 56.7131
v -3.65663 -4.24445 56.582
v -4.75547 -5.09143 57.4343
v -3.68398 -5.81844 58.1644
v -3.79445 -6.5799 57.2223
v -2.60749 -5.30623 57.6494
v -2.55777 -4.92424 57.2662
v -2.56432 -6.13409 55.5802
v -2.69472 -4.6387 56.9789
v -2.83795 -5.32306 55.8007
v -2.97632 -5.50964 55.1955
v -2.97746 -4.40791 56.7454
v -3.10521 -5.00373 55.9117
v -3.39785 -4.65161 56.1784
v -3.39405 -5.12193 55.5041
v -2.99821 -4.58793 48.4539
v -2.8495 -4.32248 47.9921
v -3.32128 -5.00496 49.277
v -3.41743 -4.3238 48.4371
v -3.69453 -4.12982 48.2919
v -3.10796 -1.61337 46.6734
v -2.77353 -0.640311 46.1851
v -3.40777 -1.84962 46.8651
v -3.25204 -0.297076 46.532
v -3.49074 -0.593839 46.6152
v -2.91498 3.10681 47.1545
v -3.58085 2.46474 47.1348
v -3.25205 2.97437 47.3175
v -3.50238 5.11529 49.5432
v -3.40486 5.91211 51.956
v -3.40645 5.90124 53.0839
v -3.39222 5.74724 53.9908
v -3.64292 5.37584 54.9216
v -3.40472 5.00689 55.6767
v -3.52976 4.65994 56.1278
v -3.10338 -5.95421 53.5699
v -3.38872 -5.85411 53.4931
v -2.55976 -6.46292 55.7265
v -2.66465 -5.4543 56.0654
v -2.66354 -6.05009 54.9283
v -2.63177 -6.12867 56.7006
v -4.71224 -5.64974 56.1561
v -4.08769 -5.90647 53.5163
v -3.82937 -5.41246 54.882
v -4.71197 -6.46461 54.4202
v -4.61379 -6.37005 53.6274
v -3.94498 -3.83638 47.9594
v -4.07228 -3.15867 47.4122
v -4.3937 -0.924513 46.3745
v -4.0933 -1.01792 46.5918
v -4.42159 1.67583 46.5046
v -4.08875 2.19023 46.9226
v -4.4518 3.72416 47.473
v -4.31662 4.66768 48.5392
v -4.24758 5.2717 49.473
v -4.45189 5.23768 49.0826
v -4.24427 5.69442 50.3808
v -2.64217 5.0615 57.9944
v -4.25222 5.24736 58.4558
v -4.31926 4.04454 57.1117
v -3.51068 4.44515 48.6139
v -3.29339 2.4929 47.0854
v -3.07137 -0.91172 46.5145
v -3.17674 -4.27829 48.274
v -2.90507 -4.9795 48.8291
v -2.9305 -5.80538 50.4423
v -3.59156 1.0424 63.1672
v -3.274 1.15008 62.0424
v -3.24854 1.11031 63.4656
v -3.28781 1.27787 60.8207
v -3.28736 1.49869 59.9109
v -3.21865 2.79772 57.9121
v -2.98187 3.12497 57.8114
v -2.58067 2.64817 60.4215
v -4.12865 3.13824 62.8462
v -4.74703 2.21612 63.3007
v -4.73498 1.96283 63.8402
v -2.97677 1.27497 62.837
v -2.99233 1.3748 61.1744
v -3.20045 1.78018 59.2916
v -3.18826 2.03511 58.8531
v -3.20763 2.35613 58.3993
v -2.99197 1.59687 60.1086
v -2.92404 2.50728 58.488
v -2.79212 1.4647 62.5322
v -2.81633 2.04205 59.3857
v -2.73643 2.9519 58.306
v -2.5758 1.88233 63.6613
v -2.55082 2.17002 63.856
v -2.64555 2.57799 62.7874
v -2.57939 2.38068 62.9705
v -2.64387 2.83333 60.516
v -2.79327 2.82573 63.5384
v -2.73737 2.82452 61.5369
v -2.85839 2.96205 61.8241
v -2.79194 3.11293 60.5081
v -3.09516 3.10146 62.9572
v -3.00512 3.09721 61.731
v -3.13961 3.2328 61.3271
v -3.61649 3.24053 63.5453
v -4.30645 3.02385 63.3714
v -4.46268 2.88141 63.332
v -4.62488 2.65971 63.1112
v -4.72158 2.40049 62.5447
v -4.36561 1.305 63.6039
v -4.51306 1.46951 62.565
v -4.46053 1.57598 60.8136
v -4.44021 1.74389 60.0326
v -4.45379 2.07392 59.262
v -4.45538 2.57596 58.5218
v -4.57998 2.99738 58.2961
v -4.29841 3.11181 57.8048
v -3.91928 3.01487 57.6549
v -3.64996 2.73663 57.8475
v -3.60001 2.12803 58.543
v -3.92089 1.60661 59.5342
v -3.6101 1.76813 59.1214
v -3.60133 1.53776 59.6195
v -3.84526 1.27031 60.6103
v -3.60128 1.18936 61.0001
v -3.84496 1.12311 61.796
v -3.85705 1.06267 63.1768
v -3.60077 1.09288 61.9306
v -4.16653 1.16722 63.6769
v -4.72273 3.18497 58.5904
v -4.70095 3.46603 59.1339
v -4.69733 2.77144 60.4533
v -4.70129 3.02622 59.7962
v -4.66111 2.65005 61.693
v -4.51485 3.91102 59.1906
v -4.52195 3.46649 59.7108
v -4.50811 3.23883 60.187
v -4.44277 3.10779 60.8353
v -4.52373 2.92215 61.3683
v -4.28819 4.02312 59.3716
v -4.29403 3.28797 60.6509
v -4.29575 3.09613 61.8219
v -4.2134 3.64295 59.9546
v -4.12644 3.2531 61.3264
v -4.04186 4.16851 59.4195
v -3.08831 4.08729 59.3803
v -3.08563 3.68714 59.8836
v -2.92884 3.39319 60.1878
v -2.78604 4.07493 59.0436
v -2.67821 3.36644 59.57
v -2.72478 3.71755 59.2629
v -2.60343 3.15173 58.5033
v -3.57596 1.34074 60.2399
v -4.03692 1.13929 62.3042
v -3.91551 1.94122 58.8786
v -4.03276 2.48965 58.1968
v -4.30723 1.31067 61.8696
v -4.11372 1.31045 60.8766
v -4.14364 1.47511 60.1847
v -4.21306 1.75877 59.5078
v -4.17549 2.14712 58.7423
v -4.61876 1.71225 61.4448
v -4.66882 1.96705 60.5062
v -4.66864 2.32583 59.4848
v -4.69384 1.81169 62.6277
v -4.73747 2.10112 61.2329
v -4.74714 2.53609 59.8356
v -3.92812 3.20514 63.3104
v -3.64943 3.27082 62.3652
v -3.35433 3.21665 62.5013
v -2.55025 2.37753 60.3221
v -2.5502 3.00909 59.008
v -2.56032 2.06634 61.5886
v -2.60499 1.9311 60.9782
v -2.67801 1.62284 63.4136
v -2.68291 1.71209 61.4201
v -2.72766 1.7841 60.4554
v -2.63193 2.49014 59.1822
v -4.74659 2.41544 60.5434
v -3.94178 3.27662 61.6744
v -4.04362 3.47897 60.5142
v -3.42963 3.39356 61.0506
v -3.74798 3.35434 61.3432
v -3.64889 3.5208 60.6279
v -3.84829 3.81904 59.9185
v -3.66533 4.10146 59.5937
v -3.46923 3.71115 60.1135
v -3.46441 3.93685 59.7648
v -3.25812 3.51969 60.4099
v -3.532 4.33577 59.3753
v -4.06975 1.1127 70.0884
v -3.65 1.04047 70.0778
v -3.77112 1.04083 66.9077
v -3.43264 1.06246 70.0811
v -3.21806 1.12882 70.0916
v -3.28974 1.09404 67.7173
v -3.02243 1.23738 70.1103
v -2.85797 1.3771 70.1368
v -2.87506 1.35072 67.2923
v -2.72412 1.54703 70.1731
v -2.62428 1.74302 70.2205
v -2.61083 1.76082 67.3297
v -2.56646 1.95242 70.2779
v -2.55019 2.15997 70.3416
v -2.54901 2.25443 66.5639
v -2.57376 2.3663 70.4122
v -2.63695 2.56884 70.4884
v -2.73825 2.7551 70.565
v -2.70813 2.72033 66.9778
v -2.86981 2.91557 70.6361
v -3.03043 3.04871 70.6988
v -3.04877 3.06846 66.8455
v -3.22207 3.15345 70.7505
v -3.43375 3.21832 70.7837
v -3.52786 3.24194 68.0453
v -3.75614 3.23826 70.7939
v -4.16439 3.11864 70.7328
v -4.44101 2.91355 67.262
v -4.6319 2.68535 70.5323
v -4.75023 2.00351 70.2919
v -4.63925 1.6465 70.1957
v -4.62522 1.63047 63.374
v -4.3695 1.30436 70.1221
v 3.64813 1.03984 63.5603
v 3.85168 1.06627 62.8498
v 4.51055 1.45904 63.0159
v 4.57192 1.64865 61.1995
v 4.59288 1.87698 60.2541
v 4.44851 1.86387 59.6924
v 4.45355 2.31245 58.8721
v 4.56485 3.14847 58.1257
v 4.72934 3.18682 58.6161
v 4.66171 3.56947 59.1635
v 4.51198 3.67606 59.4507
v 3.85018 3.559 60.4555
v 2.78828 1.46908 62.5466
v 4.72703 1.90217 63.7532
v 4.6945 1.87618 61.5836
v 4.66713 2.49066 59.1787
v 4.73172 2.16396 60.5255
v 4.74709 2.20568 61.8236
v 4.7485 2.44871 60.0998
v 4.74923 4.00069 58.2061
v 4.72087 2.80315 60.0216
v 4.54189 2.79492 63.6903
v 4.03312 3.18555 62.8031
v 4.12602 3.1769 62.1117
v 3.8745 3.32355 61.4367
v 4.21256 3.22913 61.2385
v 3.90248 3.21052 63.8747
v 3.65087 3.24402 63.2789
v 3.54987 3.27938 62.1122
v 3.65009 3.41241 61.071
v 3.34655 3.21474 62.4971
v 3.35679 3.37668 61.0266
v 3.17131 3.22038 61.5122
v 2.54679 2.07083 63.8849
v 2.6244 1.73391 63.0167
v 3.57582 1.07951 62.1293
v 3.3683 1.0789 62.9418
v 3.33069 1.18932 61.2848
v 3.53457 1.34562 60.2197
v 3.43638 1.77046 59.1586
v 3.62393 2.10717 58.5732
v 3.36951 2.18844 58.5164
v 3.43154 2.80951 57.8136
v 3.74057 2.75 57.8427
v 3.74841 1.67098 59.3101
v 3.72504 1.1512 61.2634
v 3.14712 2.8485 57.914
v 3.14107 1.79533 59.3358
v 3.34686 1.54486 59.72
v 3.1201 1.32 60.9978
v 3.12955 1.17456 62.9411
v 2.85234 3.20817 57.8964
v 2.73425 2.91743 58.3433
v 2.71486 2.25265 59.2866
v 2.73063 1.92094 59.9755
v 2.71215 1.66083 61.2864
v 2.60458 2.04851 60.4818
v 2.57404 3.19325 58.5865
v 2.56606 2.42331 59.7364
v 2.56031 2.06472 61.6965
v 2.55627 3.41923 58.8883
v 2.55157 2.41904 60.4466
v 2.61908 3.55092 59.1101
v 2.59927 2.90153 60.0338
v 2.57821 2.40639 61.9007
v 2.92731 4.22238 59.1182
v 3.27335 4.02442 59.5831
v 3.26183 3.72466 59.9825
v 3.08837 3.40565 60.4765
v 3.45194 3.56019 60.4551
v 3.6481 4.19772 59.4911
v 3.64625 3.77885 60.0264
v 3.95057 3.98378 59.6782
v 4.04282 3.72274 59.9813
v 4.05591 4.28745 59.3272
v 3.91194 2.20049 58.4969
v 3.84405 1.33017 60.3352
v 3.02017 1.53632 60.2463
v 3.11786 2.18557 58.6866
v 2.64311 2.57334 62.7553
v 2.78653 2.81822 63.6214
v 2.73645 2.82497 61.5183
v 2.85769 2.92935 62.2568
v 3.08478 3.09495 62.9888
v 4.2975 3.03878 62.7411
v 4.19676 3.38898 60.5653
v 4.29187 3.49636 60.0914
v 4.51257 2.8796 61.9824
v 4.51179 3.01417 60.956
v 4.50365 3.31079 60.0372
v 4.64045 2.63748 62.6185
v 4.62419 3.06408 60.1523
v 4.66082 2.78077 60.7902
v 4.36781 1.31192 63.0492
v 4.30003 1.32749 61.6304
v 4.30103 1.42359 60.8699
v 4.24444 2.60992 58.219
v 4.16591 1.16791 63.3702
v 4.12172 1.38043 60.4934
v 4.14811 2.05137 58.8693
v 4.03494 1.1388 62.2985
v 4.09021 1.70008 59.4552
v 2.9297 1.31359 62.9184
v 2.92755 1.42646 61.2521
v 2.92507 1.99546 59.2511
v 2.9263 2.63428 58.349
v 2.64306 2.78259 60.76
v 2.93863 3.08926 61.4023
v 2.79448 3.64367 59.4801
v 2.79112 3.17488 60.3382
v 2.9341 3.53243 59.9206
v 3.15864 4.1862 59.3499
v 4.36114 3.90739 59.4251
v 3.86605 3.21835 70.7837
v 3.65 3.24009 70.795
v 3.65 3.24009 67.3377
v 3.43371 3.21831 70.7837
v 3.40523 3.21252 67.3377
v 3.22203 3.15343 70.7505
v 3.03039 3.04868 70.6988
v 3.04877 3.06846 66.8454
v 2.86978 2.91554 70.6361
v 2.73822 2.75506 70.565
v 2.70813 2.72033 66.9777
v 2.63693 2.5688 70.4884
v 2.57758 2.38501 67.3377
v 2.57376 2.36625 70.4122
v 2.55018 2.15993 70.3416
v 2.56647 1.95238 70.2779
v 2.55273 1.9996 67.8155
v 2.6243 1.74297 70.2205
v 2.72414 1.54699 70.1731
v 2.72036 1.54092 66.9675
v 2.858 1.37706 70.1368
v 3.02247 1.23736 70.1102
v 3.06843 1.19932 66.963
v 3.2181 1.1288 70.0916
v 3.40523 1.06805 67.3377
v 3.43268 1.06245 70.0811
v 3.65003 1.04047 67.3377
v 3.65005 1.04047 70.0778
v 4.05076 1.10484 70.0871
v 4.36951 1.30437 70.1221
v 4.63926 1.64654 70.1957
v 4.60374 1.58416 63.5376
v 4.75314 2.07438 70.3138
v 4.72106 2.41276 62.1271
v 4.63188 2.68538 70.5324
v 4.16435 3.11866 70.7328
v 5.5 -6.63244 71.5403
v 5.5 -6.59656 71.67
v -5.5 -6.63244 71.5403
v -1.83333 -6.5569 71.7653
v -5.5 -6.5497 71.794
v -1.83333 -6.42967 71.968
v -5.5 -6.39093 72.0139
v -1.83333 -6.34914 72.0567
v -5.5 -6.29391 72.1067
v -1.83333 -6.25857 72.1348
v 0.00268653 -6.11944 72.2226
v -5.5 -6.12571 72.2232
v -1.83333 -5.96687 72.2877
v -5.5 -5.94104 72.2967
v -1.83333 -5.8332 72.322
v -5.5 -5.80981 72.3268
v -1.83333 -5.69624 72.338
v -5.5 -5.67601 72.3389
v -1.83333 -5.55858 72.3347
v -5.5 -5.54187 72.333
v -1.83333 -5.42274 72.312
v -5.5 -5.40936 72.3091
v -1.83333 -5.29117 72.2707
v -5.5 -5.2814 72.2676
v -1.83333 -5.16629 72.2121
v -5.5 -5.16003 72.2093
v -1.83333 -5.05051 72.137
v -5.5 -5.04769 72.1353
v 1.83333 -5.05051 72.137
v 5.5 -4.86861 71.9701
v 5.5 -5.15967 72.2091
v 1.83333 -5.16629 72.2121
v 5.5 -5.28092 72.2674
v 1.83333 -5.29117 72.2707
v 5.5 -5.40879 72.3089
v 1.83333 -5.42274 72.312
v 5.5 -5.54088 72.3329
v 1.83333 -5.55858 72.3347
v 5.5 -5.67533 72.3389
v 1.83333 -5.69624 72.338
v 5.5 -5.80918 72.3269
v 1.83333 -5.8332 72.322
v 5.5 -5.94008 72.297
v 1.83333 -5.96687 72.2877
v 5.5 -6.1252 72.2235
v 1.83333 -6.25857 72.1348
v 5.5 -6.29314 72.1073
v 1.83333 -6.34914 72.0567
v 5.5 -6.39054 72.0143
v 1.83333 -6.42967 71.968
v 5.5 -6.52666 71.8277
v 8 -6.13456 73.6285
v 5.5 -6.13456 73.6285
v 8 -6.38732 72.6461
v 5.5 -6.40156 72.5862
v 8 -6.71558 71.147
v -8 -6.99409 69.7061
v -5.5 -6.40156 72.5862
v -5.5 -6.13456 73.6285
v -8 -6.14045 73.639
v -5.5 6.63244 71.5403
v -5.5 6.59656 71.67
v 5.5 6.63244 71.5403
v 1.83333 6.5569 71.7653
v 5.5 6.5497 71.794
v 1.83333 6.42967 71.968
v 5.5 6.39093 72.0139
v 1.83333 6.34914 72.0567
v 5.5 6.29391 72.1067
v 1.83333 6.25857 72.1348
v -0.00268653 6.11944 72.2226
v 5.5 6.12571 72.2232
v 1.83333 5.96687 72.2877
v 5.5 5.94104 72.2967
v 1.83333 5.8332 72.322
v 5.5 5.80981 72.3268
v 1.83333 5.69624 72.338
v 5.5 5.67601 72.3389
v 1.83333 5.55858 72.3347
v 5.5 5.54187 72.333
v 1.83333 5.42274 72.312
v 5.5 5.40936 72.3091
v 1.83333 5.29117 72.2707
v 5.5 5.2814 72.2676
v 1.83333 5.16629 72.2121
v 5.5 5.16003 72.2093
v 1.83333 5.05051 72.137
v 5.5 5.04769 72.1353
v -1.83333 5.05051 72.137
v -5.5 5.04761 72.1352
v -5.5 5.15967 72.2091
v -1.83333 5.16629 72.2121
v -5.5 5.28092 72.2674
v -1.83333 5.29117 72.2707
v -5.5 5.40879 72.3089
v -1.83333 5.42274 72.312
v -5.5 5.54088 72.3329
v -1.83333 5.55858 72.3347
v -5.5 5.67533 72.3389
v -1.83333 5.69624 72.338
v -5.5 5.80918 72.3269
v -1.83333 5.8332 72.322
v -5.5 5.94008 72.297
v -1.83333 5.96687 72.2877
v -5.5 6.1252 72.2235
v -1.83333 6.25857 72.1348
v -5.5 6.29314 72.1073
v -1.83333 6.34914 72.0567
v -5.5 6.39054 72.0143
v -1.83333 6.42967 71.968
v -5.5 6.52666 71.8277
v -5.5 6.13456 73.6285
v -5.5 6.40156 72.5862
v -8 6.16171 73.6363
v -8 6.81773 70.5794
v 8 6.98774 69.7443
v 5.5 6.40156 72.5862
v 5.5 6.13456 73.6285
v 8 6.14045 73.639
v -8 7 69.5013
v 5.5 5.75 77
v 6.75 5.7709 77.0062
v 5.5 5.65597 78.1074
v 5.5 5.13853 79.6183
v 6.75 5.50588 78.7162
v 5.5 4.17513 80.9785
v 6.75 4.78514 80.2191
v 5.5 2.863 82.0063
v 6.75 3.66472 81.4531
v 5.5 1.31173 82.616
v 6.75 2.23816 82.3151
v 5.5 -0.349182 82.7566
v 6.75 0.624713 82.7332
v 5.5 -1.98083 82.4163
v 6.75 -1.04093 82.6724
v 5.5 -3.44703 81.6236
v 6.75 -2.61967 82.1378
v 6.75 -3.75043 81.3666
v 5.5 -4.4909 80.6046
v 6.75 -4.4873 80.6018
v 6.75 -4.95725 79.9135
v 5.5 -4.95725 79.9135
v 5.5 7 77
v 6.75 7 77
v -5.5 7 77
v -6.75 5.75 77
v -6.74998 7.01329 77.006
v 5.5 -4.95725 81.9422
v 6.75 -4.95725 81.9422
v -6.75 6.76506 78.8711
v -6.75 5.65597 78.1074
v -6.75 6.01503 80.6175
v -6.75 5.13853 79.6183
v -6.75 4.82397 82.0986
v -6.75 4.17513 80.9785
v -6.75 3.54536 83.044
v -6.75 2.863 82.0063
v -6.75 2.3984 83.5838
v -6.75 1.5588 82.541
v -6.75 1.17306 83.9082
v -6.75 0.465065 82.7373
v -6.75 -0.0908695 84.0065
v -6.75 -1.35174 83.8754
v -6.75 -2.85769 83.4109
v -6.75 -0.903091 82.696
v -6.75 -4.22397 82.5907
v -6.75 -2.49433 82.1998
v -6.75 -4.95725 81.9422
v -6.75 -3.67517 81.4301
v -6.75 -4.4909 80.6046
v -6.75 -4.95725 79.9135
v -5.5 -4.95399 79.9441
v -5.5 -3.9796 81.1741
v -5.5 -2.84154 82.0058
v -5.5 -2.04024 82.3759
v -5.5 -1.2913 82.6094
v -5.5 0.0683406 82.7667
v -5.5 1.46376 82.5669
v -5.5 2.50613 82.1819
v -5.5 3.66472 81.4531
v -5.5 4.48283 80.6009
v -5.5 4.93624 79.9608
v -5.5 5.3254 79.1685
v -5.5 5.57682 78.4254
v -5.5 5.7709 77.0062
v -5.5 -4.95725 81.9422
v 6.75 6.94383 77.9398
v 6.75 6.56818 79.4751
v 6.75 5.66333 81.1465
v 6.75 4.34319 82.5139
v 6.75 2.98416 83.3399
v 6.75 1.79302 83.7738
v 6.75 0.234306 84.0151
v 6.75 -1.35174 83.8754
v 6.75 -2.85769 83.4109
v 6.75 -4.22397 82.5907
v -8.00001 -5.29967 81.5846
v -8 -4.40621 82.4482
v -8 -3.35667 83.1507
v -8 -2.46971 83.5499
v -8 -1.58938 83.8244
v -8 -0.338547 83.9989
v -8 0.923404 83.9459
v -8 2.15538 83.6673
v -8 3.31728 83.1721
v -8 4.37137 82.4763
v -8 5.07629 81.8199
v -8 5.67684 81.1077
v -8 6.32202 80.0218
v -8 6.66895 79.1272
v -8 6.83337 78.5182
v -8 6.98189 77.594
v -5.5 6.94801 76.0977
v -8.00001 6.97797 76.3564
v -5.5 6.60565 74.6335
v -8 6.74771 75.1132
v -8 -6.03588 80.5587
v -5.5 -5.72898 81.053
v -8 -6.68455 79.1385
v -5.5 -6.5808 79.4375
v -8 -6.9423 77.8969
v -5.5 -6.93988 77.9646
v -8 -7.01052 76.6731
v -5.5 -7.00216 76.7536
v -8 -6.8123 75.3899
v -5.5 -6.85486 75.5509
v -8 -6.55474 74.5249
v -5.5 -6.50297 74.3927
v 8.00001 6.97797 76.3564
v 8 6.98189 77.594
v 8 6.76181 78.8378
v 8 6.32202 80.0218
v 8 5.67684 81.1077
v 8 4.84719 82.06
v 8 3.86001 82.848
v 8 2.74745 83.446
v 8 1.23078 83.9102
v 8 -0.338547 83.9989
v 8 -1.90705 83.7548
v 8 -3.35667 83.1507
v 8 -4.40621 82.4482
v 5.5 -5.72898 81.053
v 8.00001 -5.29967 81.5846
v 8 -6.03588 80.5587
v 5.5 -6.45855 79.7167
v 8 -6.57221 79.4294
v 5.5 -6.83036 78.5617
v 8 -6.83337 78.5182
v 5.5 -6.99728 77.3603
v 8 -6.98086 77.6024
v 5.5 -6.91973 75.8331
v 8 -6.97663 76.3515
v 5.5 -6.50297 74.3927
v 8 -6.67482 74.8327
v 5.5 6.94801 76.0977
v 8 6.8123 75.3899
v 8 6.55279 74.5198
v 5.5 6.60565 74.6335
v -5.5 -1.44907 77.412
v -5.5 -1.48122 76.6669
v -8 -1.51775 77.0378
v -5.5 -1.04652 75.9001
v -8 -1.28293 76.1882
v -5.5 -0.259058 75.5041
v -8 -0.615693 75.6122
v -5.5 0.615693 75.6122
v -8 0.259058 75.5041
v -5.5 1.28293 76.1882
v -8 1.04652 75.9001
v -5.5 1.51775 77.0378
v -8 1.48122 76.6669
v -5.5 1.24098 77.8746
v -8 1.41666 77.5459
v -8 0.97597 78.1476
v -5.5 0.686758 78.3408
v -8 0.462524 78.4337
v -5.5 0.121336 78.5016
v -5.5 -0.61572 78.3878
v -8 -0.259047 78.496
v -8 -0.935125 78.1811
v -5.5 -1.18112 77.9351
v -8 -1.31595 77.7333
v -5.5 -4.11168 71.3117
v -5.5 -2.95584 70.6547
v -5.5 -2.39208 70.4214
v -5.5 -1.81014 70.2381
v -5.5 -0.703427 70.0171
v -5.5 0.908895 70.0526
v -5.5 2.13046 70.3246
v -5.5 2.95584 70.6547
v -5.5 3.49715 70.9362
v -5.5 4.25112 71.4303
v 5.5 -1.44907 76.588
v 5.5 -1.48121 77.3331
v 8 -1.51774 76.9622
v 5.5 -1.0465 78.0999
v 8 -1.28294 77.8118
v 5.5 -0.259047 78.496
v 8 -0.61572 78.3878
v 5.5 0.61572 78.3878
v 8 0.259047 78.496
v 5.5 1.28294 77.8118
v 8 1.0465 78.0999
v 5.5 1.51774 76.9622
v 8 1.48121 77.3331
v 5.5 1.24097 76.1254
v 8 1.41667 76.4541
v 5.5 0.545922 75.5833
v 8 0.874623 75.759
v 5.5 -0.333139 75.5188
v 8 0.037761 75.4823
v 5.5 -1.09991 75.9535
v 8 -0.811816 75.7171
v 8 -1.31595 76.2667
v 5.50002 4.05077 71.2612
v 5.5 2.95584 70.6547
v 5.5 2.13048 70.3246
v 5.5 1.21446 70.1062
v 5.50001 0.378001 70.0031
v 5.5 -0.900113 70.05
v 5.5 -1.81014 70.2381
v 5.5 -2.39208 70.4214
v 5.5 -2.95584 70.6547
v 5.5 -3.71563 71.0604
v -6.75 1.6397 59.5043
v -6.75 3.30725 59.6735
v -6.75 5.16044 60.1188
v -6.75 7.01605 60.982
v -6.75 -3.2295 57.5567
v -6.75 -4.14514 56.8709
v 0 7.0201 61.0001
v -6.75 7.0201 61.0001
v -6.75 -4.46589 60.1156
v -6.75 -2.38669 59.8165
v -6.75 0.133896 59.7117
v -6.75 2.57557 59.9378
v -6.75 4.76357 60.3517
v 6.75 7.0201 61.0001
v 6.75 6.02846 60.4571
v 6.75 4.26658 59.8671
v 6.75 2.32299 59.5437
v 6.75 -3.2295 57.5567
v 6.75 -3.85299 57.1052
v 6.75 -4.96514 55.9241
v 6.75 -3.47359 59.951
v 6.75 -1.02172 59.7175
v 6.75 1.38699 59.7937
v 6.75 4.27562 60.2305
v 6.75 7.01868 60.9955
v 6.75 -5.58965 60.3497
v -8 7.0201 61.0001
v -8 6.14324 60.7287
v -8 3.92891 60.1575
v -8 1.76003 59.8388
v -7.99999 0.00284667 59.7168
v -8.00001 -2.93114 59.8609
v 8 -6.12435 60.4883
v 8 -5.24863 60.2806
v 8 -4.37284 60.1036
v 8 -3.49698 59.9583
v 8 -2.62103 59.8464
v 8 -1.745 59.7697
v 7.99999 0.00284667 59.7168
v 8 1.76003 59.8388
v 8 2.63651 59.95
v 8 3.51308 60.0963
v 8 4.38972 60.2758
v 8 5.26644 60.4871
v 8 6.14324 60.7287
v 8 7.0201 61.0001
v 0 7.02058 61.0025
v -8 7.02058 61.0025
v 8 7.02058 61.0025
f 3 1 2
f 3 2 4
f 4 2 5
f 6 1 7
f 7 1 3
f 8 13 9
f 8 9 10
f 10 9 6
f 10 6 11
f 12 13 8
f 12 15 13
f 14 15 12
f 14 16 15
f 17 18 14
f 14 18 16
f 17 19 18
f 20 21 17
f 17 21 19
f 20 23 21
f 22 23 20
f 22 24 23
f 24 22 26
f 24 26 25
f 25 26 27
f 27 26 28
f 28 26 29
f 28 29 30
f 30 29 32
f 32 29 31
f 32 31 33
f 33 31 34
f 33 34 35
f 35 34 36
f 35 36 37
f 37 36 38
f 37 38 39
f 39 38 40
f 40 38 41
f 41 38 43
f 43 38 42
f 43 42 44
f 43 44 45
f 45 44 46
f 44 42 47
f 44 47 11
f 11 47 10
f 5 2 48
f 48 2 1
f 48 1 6
f 37 49 35
f 35 49 50
f 50 49 51
f 50 51 52
f 52 51 54
f 54 51 53
f 54 53 55
f 55 53 56
f 55 56 57
f 57 58 55
f 55 58 59
f 55 59 60
f 6 9 48
f 9 61 48
f 66 62 67
f 67 62 3457
f 63 64 65
f 65 64 67
f 67 64 66
f 70 68 69
f 68 70 62
f 62 70 71
f 72 73 71
f 71 73 62
f 73 72 74
f 74 72 75
f 76 77 75
f 75 77 74
f 74 77 78
f 79 80 76
f 80 79 108
f 108 79 81
f 81 79 82
f 81 82 84
f 84 82 83
f 84 83 85
f 85 83 87
f 87 83 86
f 87 86 88
f 88 86 90
f 90 86 89
f 90 89 91
f 91 89 92
f 92 89 94
f 94 89 93
f 94 93 96
f 96 93 95
f 96 95 98
f 98 95 97
f 98 97 99
f 99 97 101
f 101 97 100
f 101 100 102
f 102 100 104
f 104 100 103
f 104 103 69
f 69 103 70
f 68 62 105
f 105 62 66
f 66 64 105
f 64 63 105
f 106 68 105
f 107 108 81
f 108 107 110
f 110 107 109
f 110 109 112
f 112 109 111
f 112 111 113
f 112 113 114
f 114 113 115
f 115 113 116
f 116 113 117
f 117 113 118
f 80 119 76
f 76 119 120
f 76 120 121
f 121 77 76
f 122 123 124
f 126 157 203
f 203 157 158
f 158 127 128
f 128 127 129
f 194 236 130
f 131 132 133
f 133 132 246
f 246 132 164
f 164 165 134
f 134 165 255
f 172 169 124
f 137 267 174
f 137 174 259
f 259 174 268
f 259 268 176
f 140 139 141
f 140 141 142
f 142 141 182
f 247 183 143
f 240 143 144
f 144 184 240
f 240 184 145
f 145 184 146
f 145 146 148
f 148 146 147
f 148 147 150
f 148 150 149
f 149 150 131
f 149 131 133
f 123 122 151
f 151 122 152
f 151 152 153
f 125 154 155
f 156 157 126
f 129 127 159
f 129 159 160
f 129 160 236
f 236 160 161
f 236 161 162
f 236 162 130
f 162 163 130
f 163 132 131
f 164 132 165
f 255 166 264
f 166 167 264
f 167 168 135
f 135 168 260
f 260 168 136
f 136 168 169
f 170 171 124
f 124 171 172
f 174 223 178
f 174 178 175
f 175 178 179
f 175 179 176
f 176 179 177
f 177 179 180
f 141 180 182
f 223 173 178
f 178 180 179
f 178 181 180
f 180 181 182
f 181 183 182
f 146 184 185
f 146 185 147
f 147 185 186
f 147 186 150
f 150 186 131
f 184 144 190
f 184 190 185
f 185 190 187
f 185 187 186
f 186 187 188
f 186 188 131
f 131 188 163
f 144 189 190
f 187 190 191
f 187 191 188
f 188 191 130
f 188 130 163
f 190 189 192
f 190 192 191
f 191 192 193
f 191 193 194
f 191 194 130
f 237 189 195
f 237 195 197
f 195 196 197
f 199 196 198
f 199 198 128
f 128 198 158
f 196 195 200
f 196 200 201
f 196 201 198
f 198 201 202
f 198 202 203
f 198 203 158
f 195 204 200
f 200 204 205
f 200 205 201
f 201 205 202
f 202 205 206
f 202 206 203
f 203 206 126
f 204 227 205
f 205 227 207
f 205 207 206
f 206 207 208
f 206 208 126
f 126 208 156
f 207 227 209
f 207 209 208
f 208 209 156
f 225 170 211
f 225 211 226
f 226 211 215
f 226 215 212
f 124 213 170
f 170 213 214
f 170 214 211
f 211 214 215
f 212 154 216
f 216 154 217
f 216 217 218
f 218 217 220
f 124 221 213
f 213 221 215
f 171 170 222
f 222 170 223
f 222 223 224
f 224 223 174
f 255 165 166
f 209 155 156
f 153 219 151
f 219 123 151
f 210 226 216
f 216 226 212
f 227 210 216
f 227 216 218
f 204 210 227
f 220 227 218
f 228 197 196
f 228 196 229
f 229 196 199
f 229 199 128
f 229 128 129
f 230 197 228
f 230 228 231
f 231 228 229
f 231 229 232
f 232 229 129
f 237 197 233
f 233 197 230
f 233 230 234
f 234 230 231
f 234 231 235
f 235 231 232
f 235 232 236
f 236 232 129
f 192 189 237
f 237 233 238
f 238 233 234
f 238 234 239
f 239 234 235
f 239 235 236
f 240 145 241
f 241 145 148
f 241 148 242
f 242 148 243
f 243 148 149
f 243 149 133
f 143 240 244
f 244 240 241
f 244 241 242
f 244 242 245
f 245 242 243
f 245 243 246
f 246 243 133
f 247 143 248
f 248 143 244
f 248 244 249
f 249 244 245
f 249 245 246
f 249 246 164
f 250 247 248
f 250 248 251
f 251 248 249
f 251 249 252
f 252 249 134
f 134 249 164
f 183 247 182
f 182 247 253
f 253 247 250
f 253 250 254
f 254 250 251
f 254 251 252
f 254 252 255
f 255 252 134
f 223 170 173
f 169 172 256
f 256 172 267
f 256 267 137
f 136 169 256
f 136 256 257
f 257 256 137
f 257 137 259
f 260 136 258
f 258 136 257
f 258 257 259
f 260 258 138
f 138 258 259
f 138 259 176
f 135 260 261
f 261 260 138
f 261 138 139
f 262 135 261
f 262 261 140
f 140 261 139
f 167 135 263
f 263 135 262
f 263 262 140
f 263 140 142
f 264 167 263
f 264 263 265
f 265 263 142
f 265 142 182
f 239 236 194
f 209 220 155
f 220 217 155
f 155 217 125
f 217 154 125
f 154 212 153
f 212 219 153
f 124 123 266
f 266 123 219
f 266 219 215
f 215 219 212
f 124 266 221
f 221 266 215
f 239 194 193
f 267 172 171
f 267 171 222
f 267 222 224
f 174 267 224
f 268 174 175
f 138 176 177
f 138 177 139
f 139 177 180
f 139 180 141
f 254 255 264
f 215 214 213
f 176 268 175
f 254 264 265
f 238 239 193
f 238 193 192
f 220 209 227
f 253 254 265
f 237 238 192
f 182 253 265
f 173 170 183
f 183 170 225
f 225 226 183
f 183 226 210
f 183 210 204
f 204 195 189
f 204 189 144
f 204 144 143
f 204 143 183
f 183 181 178
f 183 178 173
f 270 272 271
f 271 269 273
f 273 269 274
f 273 274 275
f 275 274 276
f 275 276 277
f 277 276 280
f 280 278 279
f 274 278 276
f 276 278 280
f 280 279 281
f 283 282 279
f 279 282 281
f 275 277 273
f 273 277 270
f 273 270 271
f 284 293 285
f 284 285 286
f 286 285 287
f 286 287 288
f 288 287 289
f 288 289 290
f 290 289 317
f 290 317 324
f 290 324 291
f 293 284 292
f 293 292 294
f 293 294 295
f 294 296 297
f 297 296 298
f 297 298 299
f 299 298 300
f 299 300 301
f 306 301 302
f 302 303 304
f 303 327 304
f 304 329 305
f 304 305 306
f 306 305 307
f 306 307 308
f 308 307 297
f 297 307 309
f 297 309 295
f 295 309 310
f 310 311 293
f 311 312 313
f 313 312 314
f 313 314 287
f 287 314 289
f 327 303 319
f 327 319 320
f 316 320 315
f 316 315 317
f 316 317 318
f 318 314 312
f 320 319 321
f 320 321 322
f 322 321 323
f 322 323 324
f 290 291 325
f 325 291 326
f 325 326 288
f 288 326 286
f 316 328 320
f 320 328 329
f 320 329 327
f 327 329 304
f 302 304 306
f 301 306 308
f 301 308 299
f 299 308 297
f 311 285 293
f 310 293 295
f 287 285 313
f 313 285 311
f 297 295 294
f 322 315 320
f 317 315 324
f 324 315 322
f 314 318 317
f 289 314 317
f 316 318 328
f 328 318 329
f 329 318 312
f 329 312 311
f 329 311 305
f 305 311 310
f 305 310 307
f 307 310 309
f 707 330 331
f 331 330 332
f 331 332 334
f 334 332 333
f 334 333 336
f 336 333 335
f 336 335 338
f 338 335 337
f 338 337 340
f 340 337 339
f 340 339 323
f 340 323 341
f 341 323 342
f 342 323 321
f 342 321 343
f 343 321 319
f 323 339 324
f 324 339 344
f 324 344 291
f 291 344 326
f 326 344 286
f 286 344 284
f 343 319 345
f 345 319 303
f 302 591 303
f 303 591 345
f 591 302 301
f 591 301 562
f 562 301 300
f 298 346 300
f 300 346 562
f 346 298 347
f 347 298 296
f 347 296 348
f 348 296 349
f 348 349 350
f 349 296 294
f 294 292 349
f 349 292 284
f 348 350 351
f 351 350 352
f 351 352 353
f 353 352 354
f 354 352 355
f 356 357 348
f 348 357 347
f 356 559 358
f 356 358 357
f 340 341 359
f 359 341 564
f 564 360 359
f 359 360 361
f 361 362 359
f 359 362 559
f 290 325 41
f 41 325 40
f 40 325 288
f 40 288 39
f 364 330 365
f 365 330 390
f 366 332 364
f 364 332 330
f 332 366 333
f 333 366 367
f 333 367 335
f 335 367 337
f 337 367 368
f 337 368 339
f 339 368 344
f 344 368 284
f 284 368 349
f 349 368 369
f 349 369 350
f 350 369 352
f 352 369 370
f 352 370 355
f 355 370 371
f 355 371 372
f 372 371 374
f 374 371 373
f 374 373 375
f 375 373 377
f 377 373 376
f 377 376 378
f 378 376 379
f 379 376 380
f 380 376 280
f 280 381 277
f 277 381 272
f 381 382 272
f 272 382 271
f 271 382 269
f 274 269 383
f 274 383 384
f 384 383 390
f 390 383 365
f 385 279 386
f 386 279 278
f 386 278 384
f 384 278 274
f 277 272 270
f 380 280 281
f 355 372 387
f 387 388 355
f 706 389 330
f 330 389 390
f 389 706 391
f 495 392 408
f 486 409 410
f 486 410 482
f 482 410 479
f 479 410 477
f 412 413 395
f 516 414 466
f 401 400 402
f 402 419 537
f 537 419 420
f 537 420 535
f 535 420 421
f 534 403 533
f 534 544 438
f 534 438 538
f 394 408 409
f 410 411 477
f 411 412 473
f 516 413 414
f 396 415 397
f 397 415 398
f 415 416 398
f 398 416 399
f 399 416 417
f 399 417 418
f 421 422 536
f 536 422 534
f 403 423 404
f 423 424 405
f 405 424 425
f 405 425 426
f 405 426 393
f 427 428 393
f 393 428 429
f 393 429 430
f 430 429 431
f 432 439 433
f 433 439 434
f 434 439 440
f 434 440 435
f 435 440 441
f 435 441 436
f 436 441 437
f 437 441 438
f 438 443 538
f 538 443 406
f 441 440 442
f 442 443 438
f 442 444 443
f 443 444 406
f 444 407 406
f 445 521 444
f 407 446 406
f 406 446 543
f 406 543 538
f 545 544 447
f 431 541 405
f 521 445 517
f 445 448 450
f 450 448 449
f 450 449 451
f 450 451 452
f 452 451 453
f 452 453 399
f 399 453 398
f 448 445 457
f 448 457 449
f 449 457 454
f 449 454 451
f 451 454 455
f 451 455 453
f 453 455 398
f 398 455 397
f 445 456 457
f 454 457 458
f 454 458 459
f 454 459 455
f 455 459 460
f 455 460 397
f 397 460 396
f 456 461 457
f 457 461 458
f 458 461 462
f 458 462 463
f 458 463 459
f 459 463 464
f 459 464 460
f 460 464 396
f 396 464 414
f 461 456 511
f 461 511 462
f 462 511 465
f 462 465 463
f 463 465 464
f 464 465 466
f 464 466 414
f 511 456 509
f 509 456 467
f 467 468 469
f 469 468 470
f 469 470 471
f 471 470 472
f 471 472 473
f 473 472 411
f 467 474 468
f 468 474 475
f 468 475 470
f 470 475 476
f 470 476 472
f 472 476 477
f 472 477 411
f 474 480 475
f 475 480 476
f 476 480 478
f 476 478 477
f 477 478 479
f 480 481 478
f 478 481 479
f 479 481 482
f 480 474 483
f 480 483 481
f 481 483 484
f 481 484 485
f 481 485 482
f 482 485 486
f 504 474 487
f 504 487 488
f 487 427 488
f 393 490 427
f 427 490 491
f 427 491 492
f 492 491 493
f 393 392 494
f 494 392 495
f 393 494 498
f 498 494 495
f 393 499 490
f 490 499 500
f 493 488 492
f 492 488 427
f 393 430 405
f 405 430 431
f 428 427 502
f 502 427 503
f 502 503 433
f 534 422 403
f 501 488 493
f 504 488 505
f 505 488 501
f 483 474 504
f 489 504 505
f 506 467 469
f 506 469 507
f 507 469 471
f 507 471 508
f 508 471 473
f 508 473 412
f 509 467 506
f 509 506 510
f 510 506 507
f 510 507 395
f 395 507 508
f 395 508 412
f 511 509 512
f 512 509 510
f 512 510 513
f 513 510 395
f 513 395 514
f 514 395 413
f 515 511 512
f 515 512 513
f 515 513 514
f 515 514 516
f 516 514 413
f 517 445 450
f 517 450 518
f 518 450 452
f 518 452 399
f 519 517 518
f 519 518 520
f 520 518 399
f 520 399 418
f 521 517 522
f 522 517 519
f 522 519 520
f 522 520 523
f 523 520 524
f 524 520 400
f 400 520 418
f 525 521 522
f 525 522 526
f 526 522 523
f 401 523 524
f 401 524 400
f 527 521 525
f 527 525 528
f 528 525 529
f 529 525 526
f 529 526 523
f 529 523 401
f 529 401 402
f 438 441 442
f 503 427 432
f 423 532 404
f 404 532 530
f 404 530 403
f 403 530 533
f 537 529 402
f 486 489 409
f 489 497 409
f 409 497 394
f 497 496 394
f 394 496 408
f 496 495 408
f 393 498 531
f 531 498 495
f 489 486 485
f 405 541 423
f 423 541 532
f 393 531 499
f 499 531 495
f 499 495 500
f 500 495 496
f 500 496 501
f 501 496 497
f 501 497 505
f 505 497 489
f 541 447 532
f 532 447 530
f 530 447 533
f 536 539 421
f 421 539 535
f 515 516 466
f 539 446 535
f 535 446 540
f 535 540 537
f 537 540 529
f 515 466 465
f 447 544 533
f 533 544 534
f 534 538 536
f 536 538 539
f 431 429 433
f 433 429 428
f 433 428 502
f 541 431 433
f 541 433 434
f 447 541 542
f 542 541 434
f 542 434 435
f 538 543 539
f 539 543 446
f 447 542 545
f 540 528 529
f 501 493 500
f 500 493 491
f 500 491 490
f 545 542 436
f 436 542 435
f 489 485 484
f 432 433 503
f 544 545 437
f 544 437 438
f 437 545 436
f 446 407 540
f 540 407 527
f 540 527 528
f 521 527 407
f 511 515 465
f 504 489 484
f 504 484 483
f 444 521 407
f 432 427 474
f 474 427 487
f 467 444 474
f 474 444 442
f 474 442 440
f 444 467 456
f 456 445 444
f 474 440 439
f 474 439 432
f 548 547 607
f 546 607 547
f 549 593 608
f 607 608 593
f 607 593 548
f 550 551 549
f 549 551 722
f 549 722 593
f 708 552 550
f 550 552 553
f 550 553 551
f 551 553 554
f 551 554 722
f 708 556 552
f 552 556 555
f 552 555 554
f 552 554 553
f 556 557 555
f 362 558 559
f 358 559 585
f 358 585 587
f 358 587 357
f 357 587 560
f 357 560 347
f 347 560 561
f 347 561 346
f 346 561 562
f 562 590 591
f 591 577 345
f 345 577 363
f 343 563 342
f 342 563 341
f 341 563 580
f 341 580 564
f 360 564 565
f 565 566 567
f 567 566 568
f 567 568 362
f 362 568 558
f 362 361 567
f 567 361 569
f 569 361 565
f 565 361 360
f 363 343 345
f 572 580 570
f 572 570 571
f 572 571 573
f 572 573 574
f 574 573 575
f 574 575 576
f 576 575 577
f 576 577 578
f 578 577 591
f 580 572 579
f 580 579 566
f 566 579 581
f 581 579 582
f 581 582 583
f 581 583 558
f 558 583 559
f 583 582 585
f 583 585 559
f 582 584 585
f 585 584 587
f 584 586 587
f 560 587 561
f 587 586 589
f 587 589 561
f 561 589 562
f 586 588 589
f 562 589 590
f 589 588 590
f 588 578 590
f 590 578 591
f 363 577 575
f 363 575 573
f 363 573 343
f 343 573 563
f 563 573 571
f 563 571 570
f 563 570 580
f 564 580 565
f 565 580 566
f 566 581 568
f 568 581 558
f 579 572 574
f 579 574 582
f 582 574 576
f 582 576 578
f 582 578 584
f 584 578 588
f 584 588 586
f 547 2401 2406
f 547 2406 546
f 2401 547 548
f 2401 548 592
f 592 548 593
f 592 593 2391
f 2391 593 595
f 595 593 594
f 595 594 596
f 595 596 598
f 598 596 597
f 598 597 2540
f 2540 597 599
f 2540 599 600
f 600 599 601
f 600 601 2527
f 2527 601 602
f 2527 602 2531
f 2531 602 603
f 2531 603 605
f 605 603 604
f 605 604 2358
f 604 606 2358
f 546 2406 607
f 607 2406 2410
f 607 2410 2543
f 607 2543 608
f 608 2543 2416
f 608 2416 609
f 609 2416 2421
f 609 2421 2429
f 609 2429 610
f 610 2429 2434
f 610 2434 612
f 612 2434 611
f 612 611 613
f 613 611 2442
f 2442 705 613
f 121 565 119
f 121 119 614
f 614 119 80
f 565 567 119
f 121 614 77
f 77 614 615
f 77 615 78
f 78 615 616
f 288 290 39
f 39 290 41
f 39 41 617
f 617 41 43
f 617 43 45
f 617 45 618
f 618 45 46
f 618 46 619
f 39 617 37
f 119 567 120
f 120 567 569
f 120 569 121
f 121 569 565
f 620 621 622
f 622 621 623
f 622 623 624
f 624 623 625
f 625 623 626
f 626 623 627
f 626 627 629
f 629 627 628
f 629 628 634
f 629 634 630
f 629 630 631
f 631 630 632
f 632 630 633
f 633 630 634
f 633 634 635
f 635 634 636
f 635 636 637
f 637 636 638
f 637 638 620
f 620 638 621
f 627 623 621
f 627 621 638
f 628 627 638
f 628 638 636
f 634 628 636
f 631 632 639
f 639 632 640
f 641 642 640
f 640 642 639
f 639 642 643
f 643 642 652
f 643 652 646
f 646 652 644
f 646 644 645
f 646 645 647
f 646 647 648
f 648 647 649
f 649 647 650
f 650 647 645
f 650 645 651
f 651 645 644
f 651 644 641
f 641 644 652
f 641 652 642
f 649 653 648
f 648 653 654
f 669 656 655
f 655 656 657
f 657 656 658
f 658 656 659
f 658 659 660
f 660 659 667
f 660 667 661
f 660 661 662
f 662 661 663
f 662 663 664
f 664 663 665
f 665 663 666
f 666 663 661
f 666 661 668
f 668 661 667
f 668 667 669
f 659 656 669
f 667 659 669
f 665 670 664
f 664 670 671
f 672 673 674
f 674 673 675
f 674 675 676
f 676 675 677
f 677 675 678
f 678 675 679
f 678 679 680
f 680 679 681
f 680 681 682
f 682 681 687
f 682 687 683
f 682 683 684
f 684 683 685
f 685 683 686
f 686 683 687
f 686 687 688
f 688 687 689
f 688 689 690
f 690 689 691
f 690 691 672
f 672 691 673
f 679 675 673
f 679 673 691
f 681 679 691
f 681 691 689
f 687 681 689
f 655 657 685
f 685 657 684
f 671 670 692
f 692 670 693
f 654 653 694
f 694 653 695
f 622 676 620
f 620 676 677
f 620 677 637
f 637 677 678
f 637 678 635
f 635 678 680
f 635 680 633
f 633 680 682
f 633 682 632
f 632 682 684
f 632 684 640
f 640 684 657
f 640 657 641
f 641 657 658
f 641 658 651
f 651 658 660
f 651 660 695
f 695 660 692
f 692 660 662
f 662 664 692
f 692 664 671
f 653 649 695
f 695 649 650
f 650 651 695
f 674 624 672
f 672 624 625
f 672 625 690
f 690 625 626
f 690 626 688
f 688 626 629
f 688 629 686
f 686 629 685
f 685 629 631
f 685 631 655
f 655 631 639
f 655 639 669
f 669 639 643
f 669 643 668
f 668 643 646
f 668 646 693
f 693 646 694
f 646 648 694
f 694 648 654
f 670 665 693
f 693 665 666
f 666 668 693
f 692 693 695
f 695 693 694
f 355 388 354
f 354 388 606
f 606 388 696
f 606 696 2358
f 696 388 2659
f 2659 697 696
f 696 697 698
f 698 697 699
f 699 697 700
f 699 700 701
f 701 702 699
f 2550 391 703
f 2550 703 704
f 704 703 2444
f 704 2444 735
f 703 391 705
f 705 391 706
f 706 707 705
f 703 705 2442
f 703 2442 2444
f 735 2444 2448
f 556 708 709
f 556 709 557
f 557 709 710
f 557 710 554
f 557 554 555
f 549 609 550
f 550 609 711
f 550 711 708
f 549 608 609
f 711 609 610
f 711 610 612
f 711 612 707
f 707 612 613
f 707 613 705
f 331 712 707
f 707 712 711
f 712 331 713
f 713 331 334
f 713 334 714
f 714 334 336
f 714 336 338
f 714 338 715
f 715 338 340
f 340 359 715
f 715 359 716
f 716 359 559
f 716 559 356
f 716 356 348
f 716 348 351
f 716 351 717
f 351 353 717
f 717 353 354
f 606 604 354
f 354 604 603
f 354 603 718
f 718 603 719
f 719 603 602
f 719 602 601
f 719 601 720
f 720 601 599
f 720 599 597
f 720 597 721
f 721 597 596
f 721 596 594
f 594 593 722
f 594 722 721
f 722 554 710
f 718 717 354
f 4 5 723
f 723 5 3170
f 723 3170 724
f 48 2584 5
f 5 2584 2583
f 48 739 2584
f 5 2583 725
f 5 725 726
f 5 726 727
f 5 727 63
f 63 727 2463
f 726 728 727
f 727 728 729
f 729 728 730
f 730 728 731
f 730 731 732
f 732 731 733
f 732 733 2462
f 2462 733 734
f 2462 734 2455
f 2455 734 2564
f 2455 2564 2454
f 2454 2564 735
f 2454 735 2448
f 2463 2465 63
f 63 2465 2525
f 63 2525 105
f 105 2525 2523
f 105 2523 2522
f 65 736 63
f 63 736 737
f 63 737 3170
f 736 738 737
f 63 3170 5
f 739 48 61
f 739 61 740
f 740 61 9
f 740 9 2581
f 59 741 60
f 60 741 742
f 60 742 743
f 743 742 744
f 743 744 745
f 745 744 746
f 745 746 747
f 747 746 56
f 747 56 748
f 748 56 749
f 748 749 750
f 750 749 751
f 750 751 752
f 752 751 753
f 752 753 60
f 60 753 754
f 60 754 755
f 755 754 756
f 755 756 757
f 757 756 758
f 757 758 759
f 759 758 56
f 759 56 760
f 760 56 761
f 760 761 762
f 762 761 763
f 762 763 764
f 764 763 765
f 764 765 60
f 60 765 766
f 60 766 767
f 767 766 768
f 767 768 769
f 769 768 770
f 769 770 771
f 771 770 56
f 771 56 772
f 772 56 773
f 772 773 774
f 774 773 775
f 774 775 776
f 776 775 777
f 776 777 60
f 60 777 778
f 60 778 779
f 779 778 780
f 779 780 781
f 781 780 782
f 781 782 783
f 783 782 56
f 783 56 784
f 784 56 785
f 784 785 786
f 786 785 787
f 786 787 788
f 788 787 789
f 788 789 60
f 60 789 790
f 60 790 791
f 791 790 792
f 791 792 793
f 793 792 794
f 793 794 795
f 795 794 56
f 795 56 796
f 796 56 797
f 796 797 798
f 798 797 799
f 798 799 800
f 800 799 801
f 800 801 60
f 60 801 802
f 60 802 803
f 803 802 804
f 803 804 805
f 805 804 806
f 805 806 807
f 807 806 56
f 807 56 808
f 808 56 809
f 808 809 810
f 810 809 811
f 810 811 812
f 812 811 813
f 812 813 60
f 60 813 814
f 60 814 815
f 815 814 816
f 815 816 817
f 817 816 818
f 817 818 819
f 819 818 56
f 819 56 820
f 820 56 821
f 820 821 822
f 822 821 823
f 822 823 824
f 824 823 825
f 824 825 60
f 60 825 826
f 60 826 827
f 827 826 828
f 827 828 829
f 829 828 830
f 829 830 831
f 831 830 56
f 831 56 832
f 832 56 833
f 832 833 834
f 834 833 835
f 834 835 836
f 836 835 837
f 836 837 60
f 60 837 838
f 60 838 839
f 839 838 840
f 839 840 841
f 841 840 842
f 841 842 843
f 843 842 56
f 843 56 844
f 844 56 845
f 844 845 846
f 846 845 847
f 846 847 848
f 848 847 849
f 848 849 60
f 60 849 850
f 60 850 851
f 851 850 852
f 851 852 853
f 853 852 854
f 853 854 855
f 855 854 56
f 855 56 856
f 856 56 857
f 856 857 858
f 858 857 859
f 858 859 860
f 860 859 861
f 860 861 60
f 60 861 862
f 60 862 863
f 863 862 864
f 863 864 865
f 865 864 866
f 865 866 867
f 867 866 56
f 867 56 868
f 868 56 869
f 868 869 870
f 870 869 871
f 870 871 872
f 872 871 873
f 872 873 60
f 60 873 874
f 60 874 875
f 875 874 876
f 875 876 877
f 877 876 878
f 877 878 879
f 879 878 56
f 879 56 880
f 880 56 881
f 880 881 882
f 882 881 883
f 882 883 884
f 884 883 885
f 884 885 60
f 60 885 886
f 60 886 887
f 887 886 888
f 887 888 889
f 889 888 890
f 889 890 891
f 891 890 56
f 891 56 892
f 892 56 893
f 892 893 894
f 894 893 895
f 894 895 896
f 896 895 897
f 896 897 60
f 60 897 898
f 60 898 899
f 899 898 900
f 899 900 901
f 901 900 902
f 901 902 903
f 903 902 56
f 903 56 904
f 904 56 905
f 904 905 906
f 906 905 907
f 906 907 908
f 908 907 909
f 908 909 60
f 60 909 910
f 60 910 911
f 911 910 912
f 911 912 913
f 913 912 914
f 913 914 915
f 915 914 56
f 915 56 916
f 916 56 917
f 916 917 918
f 918 917 919
f 918 919 920
f 920 919 921
f 920 921 60
f 60 921 922
f 60 922 923
f 923 922 924
f 923 924 925
f 925 924 926
f 925 926 927
f 927 926 56
f 927 56 928
f 928 56 929
f 928 929 930
f 930 929 931
f 930 931 932
f 932 931 933
f 932 933 60
f 60 933 934
f 60 934 935
f 935 934 936
f 935 936 937
f 937 936 938
f 937 938 939
f 939 938 56
f 939 56 940
f 940 56 941
f 940 941 942
f 942 941 943
f 942 943 944
f 944 943 945
f 944 945 60
f 60 945 946
f 60 946 947
f 947 946 948
f 947 948 949
f 949 948 950
f 949 950 951
f 951 950 56
f 951 56 952
f 952 56 953
f 952 953 954
f 954 953 955
f 954 955 956
f 956 955 957
f 956 957 60
f 60 957 958
f 60 958 959
f 959 958 960
f 959 960 961
f 961 960 962
f 961 962 963
f 963 962 56
f 963 56 964
f 964 56 965
f 964 965 966
f 966 965 967
f 966 967 968
f 968 967 969
f 968 969 60
f 60 969 970
f 60 970 971
f 971 970 972
f 971 972 973
f 973 972 974
f 973 974 975
f 975 974 56
f 975 56 976
f 976 56 977
f 976 977 978
f 978 977 979
f 978 979 980
f 980 979 981
f 980 981 60
f 60 981 982
f 60 982 983
f 983 982 984
f 983 984 985
f 985 984 986
f 985 986 987
f 987 986 56
f 987 56 988
f 988 56 989
f 988 989 990
f 990 989 991
f 990 991 992
f 992 991 993
f 992 993 60
f 60 993 994
f 60 994 995
f 995 994 996
f 995 996 997
f 997 996 998
f 997 998 999
f 999 998 1000
f 999 1000 1001
f 1001 1000 1002
f 1001 1002 1003
f 1003 1002 1004
f 1003 1004 1005
f 1005 1004 1006
f 1005 1006 60
f 60 1006 1007
f 60 1007 1008
f 1008 1007 1009
f 1008 1009 1010
f 1010 1009 1011
f 1010 1011 1012
f 1012 1011 1000
f 1012 1000 1013
f 1013 1000 1014
f 1013 1014 1015
f 1015 1014 1016
f 1015 1016 1017
f 1017 1016 1018
f 1017 1018 60
f 60 1018 1019
f 60 1019 1020
f 1020 1019 1021
f 1020 1021 1022
f 1022 1021 1023
f 1022 1023 1024
f 1024 1023 1000
f 1024 1000 1025
f 1025 1000 1026
f 1025 1026 1027
f 1027 1026 1028
f 1027 1028 1029
f 1029 1028 1030
f 1029 1030 60
f 60 1030 1031
f 60 1031 1032
f 1032 1031 1033
f 1032 1033 1034
f 1034 1033 1035
f 1034 1035 1036
f 1036 1035 1000
f 1036 1000 1037
f 1037 1000 1038
f 1037 1038 1039
f 1039 1038 1040
f 1039 1040 1041
f 1041 1040 1042
f 1041 1042 60
f 60 1042 1043
f 60 1043 1044
f 1044 1043 1045
f 1044 1045 1046
f 1046 1045 1047
f 1046 1047 1048
f 1048 1047 1000
f 1048 1000 1049
f 1049 1000 1050
f 1049 1050 1051
f 1051 1050 1052
f 1051 1052 1053
f 1053 1052 1054
f 1053 1054 60
f 60 1054 1055
f 60 1055 1056
f 1056 1055 1057
f 1056 1057 1058
f 1058 1057 1059
f 1058 1059 1060
f 1060 1059 1000
f 1060 1000 1061
f 1061 1000 1062
f 1061 1062 1063
f 1063 1062 1064
f 1063 1064 1065
f 1065 1064 1066
f 1065 1066 60
f 60 1066 1067
f 60 1067 1068
f 1068 1067 1069
f 1068 1069 1070
f 1070 1069 1071
f 1070 1071 1072
f 1072 1071 1000
f 1072 1000 1073
f 1073 1000 1074
f 1073 1074 1075
f 1075 1074 1076
f 1075 1076 1077
f 1077 1076 1078
f 1077 1078 60
f 60 1078 1079
f 60 1079 1080
f 1080 1079 1081
f 1080 1081 1082
f 1082 1081 1083
f 1082 1083 1084
f 1084 1083 1000
f 1084 1000 1085
f 1085 1000 1086
f 1085 1086 1087
f 1087 1086 1088
f 1087 1088 1089
f 1089 1088 1090
f 1089 1090 60
f 60 1090 1091
f 60 1091 1092
f 1092 1091 1093
f 1092 1093 1094
f 1094 1093 1095
f 1094 1095 1096
f 1096 1095 1000
f 1096 1000 1097
f 1097 1000 1098
f 1097 1098 1099
f 1099 1098 1100
f 1099 1100 1101
f 1101 1100 1102
f 1101 1102 60
f 60 1102 1103
f 60 1103 1104
f 1104 1103 1105
f 1104 1105 1106
f 1106 1105 1107
f 1106 1107 1108
f 1108 1107 1000
f 1108 1000 1109
f 1109 1000 1110
f 1109 1110 1111
f 1111 1110 1112
f 1111 1112 1113
f 1113 1112 1114
f 1113 1114 60
f 60 1114 1115
f 60 1115 1116
f 1116 1115 1117
f 1116 1117 1118
f 1118 1117 1119
f 1118 1119 1120
f 1120 1119 1000
f 1120 1000 1121
f 1121 1000 1122
f 1121 1122 1123
f 1123 1122 1124
f 1123 1124 1125
f 1125 1124 1126
f 1125 1126 60
f 60 1126 1127
f 60 1127 1128
f 1128 1127 1129
f 1128 1129 1130
f 1130 1129 1131
f 1130 1131 1132
f 1132 1131 1000
f 1132 1000 1133
f 1133 1000 1134
f 1133 1134 1135
f 1135 1134 1136
f 1135 1136 1137
f 1137 1136 1138
f 1137 1138 60
f 60 1138 1139
f 60 1139 1140
f 1140 1139 1141
f 1140 1141 1142
f 1142 1141 1143
f 1142 1143 1144
f 1144 1143 1000
f 1144 1000 1145
f 1145 1000 1146
f 1145 1146 1147
f 1147 1146 1148
f 1147 1148 1149
f 1149 1148 1150
f 1149 1150 60
f 60 1150 1151
f 60 1151 1152
f 1152 1151 1153
f 1152 1153 1154
f 1154 1153 1155
f 1154 1155 1156
f 1156 1155 1000
f 1156 1000 1157
f 1157 1000 1158
f 1157 1158 1159
f 1159 1158 1160
f 1159 1160 1161
f 1161 1160 1162
f 1161 1162 60
f 60 1162 1163
f 60 1163 1164
f 1164 1163 1165
f 1164 1165 1166
f 1166 1165 1167
f 1166 1167 1168
f 1168 1167 1000
f 1168 1000 1169
f 1169 1000 1170
f 1169 1170 1171
f 1171 1170 1172
f 1171 1172 1173
f 1173 1172 1174
f 1173 1174 60
f 60 1174 1175
f 60 1175 1176
f 1176 1175 1177
f 1176 1177 1178
f 1178 1177 1179
f 1178 1179 1180
f 1180 1179 1000
f 1180 1000 1181
f 1181 1000 1182
f 1181 1182 1183
f 1183 1182 1184
f 1183 1184 1185
f 1185 1184 1186
f 1185 1186 60
f 60 1186 1187
f 60 1187 1188
f 1188 1187 1189
f 1188 1189 1190
f 1190 1189 1191
f 1190 1191 1192
f 1192 1191 1000
f 1192 1000 1193
f 1193 1000 1194
f 1193 1194 1195
f 1195 1194 1196
f 1195 1196 1197
f 1197 1196 1198
f 1197 1198 60
f 60 1198 1199
f 60 1199 1200
f 1200 1199 1201
f 1200 1201 1202
f 1202 1201 1203
f 1202 1203 1204
f 1204 1203 1000
f 1204 1000 1205
f 1205 1000 1206
f 1205 1206 1207
f 1207 1206 1208
f 1207 1208 1209
f 1209 1208 1210
f 1209 1210 60
f 60 1210 1211
f 60 1211 1212
f 1212 1211 1213
f 1212 1213 1214
f 1214 1213 1215
f 1214 1215 1216
f 1216 1215 1000
f 1216 1000 1217
f 1217 1000 1218
f 1217 1218 1219
f 1219 1218 1220
f 1219 1220 1221
f 1221 1220 1222
f 1221 1222 60
f 60 1222 1223
f 60 1223 1224
f 1224 1223 1225
f 1224 1225 1226
f 1226 1225 1227
f 1226 1227 1228
f 1228 1227 1000
f 1228 1000 1229
f 1229 1000 1230
f 1229 1230 1231
f 1231 1230 1232
f 1231 1232 1233
f 1233 1232 1234
f 1233 1234 60
f 60 1234 1235
f 60 1235 1236
f 1236 1235 1237
f 1236 1237 1238
f 1238 1237 1239
f 1238 1239 1240
f 1240 1239 1000
f 1240 1000 1241
f 1241 1000 1242
f 1241 1242 1243
f 1243 1242 1244
f 1243 1244 1245
f 1245 1244 1246
f 1245 1246 60
f 60 1246 1247
f 60 1247 1248
f 1248 1247 1249
f 1248 1249 1250
f 1250 1249 1251
f 1250 1251 1252
f 1252 1251 1000
f 1252 1000 1253
f 1253 1000 1254
f 1253 1254 1255
f 1255 1254 1256
f 1255 1256 1257
f 1257 1256 1258
f 1257 1258 118
f 118 1258 1259
f 118 1259 1260
f 1260 1259 1261
f 1260 1261 1262
f 1262 1261 1263
f 1262 1263 1264
f 1264 1263 1000
f 1264 1000 1265
f 1265 1000 1266
f 1265 1266 1267
f 1267 1266 1268
f 1267 1268 1269
f 1269 1268 1270
f 1269 1270 118
f 118 1270 1271
f 118 1271 1272
f 1272 1271 1273
f 1272 1273 1274
f 1274 1273 1275
f 1274 1275 1276
f 1276 1275 1000
f 1276 1000 1277
f 1277 1000 1278
f 1277 1278 1279
f 1279 1278 1280
f 1279 1280 1281
f 1281 1280 1282
f 1281 1282 118
f 118 1282 1283
f 118 1283 1284
f 1284 1283 1285
f 1284 1285 1286
f 1286 1285 1287
f 1286 1287 1288
f 1288 1287 1000
f 1288 1000 1289
f 1289 1000 1290
f 1289 1290 1291
f 1291 1290 1292
f 1291 1292 1293
f 1293 1292 1294
f 1293 1294 118
f 118 1294 1295
f 118 1295 1296
f 1296 1295 1297
f 1296 1297 1298
f 1298 1297 1299
f 1298 1299 1300
f 1300 1299 1000
f 1300 1000 1301
f 1301 1000 1302
f 1301 1302 1303
f 1303 1302 1304
f 1303 1304 1305
f 1305 1304 1306
f 1305 1306 118
f 118 1306 1307
f 118 1307 1308
f 1308 1307 1309
f 1308 1309 1310
f 1310 1309 1311
f 1310 1311 1312
f 1312 1311 1000
f 1312 1000 1313
f 1313 1000 1314
f 1313 1314 1315
f 1315 1314 1316
f 1315 1316 1317
f 1317 1316 1318
f 1317 1318 118
f 118 1318 1319
f 118 1319 1320
f 1320 1319 1321
f 1320 1321 1322
f 1322 1321 1323
f 1322 1323 1324
f 1324 1323 1000
f 1324 1000 1325
f 1325 1000 1326
f 1325 1326 1327
f 1327 1326 1328
f 1327 1328 1329
f 1329 1328 1330
f 1329 1330 118
f 118 1330 1331
f 118 1331 1332
f 1332 1331 1333
f 1332 1333 1334
f 1334 1333 1335
f 1334 1335 1336
f 1336 1335 1000
f 1336 1000 1337
f 1337 1000 1338
f 1337 1338 1339
f 1339 1338 1340
f 1339 1340 1341
f 1341 1340 1342
f 1341 1342 118
f 118 1342 1343
f 118 1343 1344
f 1344 1343 1345
f 1344 1345 1346
f 1346 1345 1347
f 1346 1347 1348
f 1348 1347 1000
f 1348 1000 1349
f 1349 1000 1350
f 1349 1350 1351
f 1351 1350 1352
f 1351 1352 1353
f 1353 1352 1354
f 1353 1354 118
f 118 1354 1355
f 118 1355 1356
f 1356 1355 1357
f 1356 1357 1358
f 1358 1357 1359
f 1358 1359 1360
f 1360 1359 1000
f 1360 1000 1361
f 1361 1000 1362
f 1361 1362 1363
f 1363 1362 1364
f 1363 1364 1365
f 1365 1364 1366
f 1365 1366 118
f 118 1366 1367
f 118 1367 1368
f 1368 1367 1369
f 1368 1369 1370
f 1370 1369 1371
f 1370 1371 1372
f 1372 1371 1000
f 1372 1000 1373
f 1373 1000 1374
f 1373 1374 1375
f 1375 1374 1376
f 1375 1376 1377
f 1377 1376 1378
f 1377 1378 118
f 118 1378 1379
f 118 1379 1380
f 1380 1379 1381
f 1380 1381 1382
f 1382 1381 1383
f 1382 1383 1384
f 1384 1383 1000
f 1384 1000 1385
f 1385 1000 1386
f 1385 1386 1387
f 1387 1386 1388
f 1387 1388 1389
f 1389 1388 1390
f 1389 1390 118
f 118 1390 1391
f 118 1391 1392
f 1392 1391 1393
f 1392 1393 1394
f 1394 1393 1395
f 1394 1395 1396
f 1396 1395 1000
f 1396 1000 1397
f 1397 1000 1398
f 1397 1398 1399
f 1399 1398 1400
f 1399 1400 1401
f 1401 1400 1402
f 1401 1402 118
f 118 1402 1403
f 118 1403 1404
f 1404 1403 1405
f 1404 1405 1406
f 1406 1405 1407
f 1406 1407 1408
f 1408 1407 1000
f 1408 1000 1409
f 1409 1000 1410
f 1409 1410 1411
f 1411 1410 1412
f 1411 1412 1413
f 1413 1412 1414
f 1413 1414 118
f 118 1414 1415
f 118 1415 1416
f 1416 1415 1417
f 1416 1417 1418
f 1418 1417 1419
f 1418 1419 1420
f 1420 1419 1000
f 1420 1000 1421
f 1421 1000 1422
f 1421 1422 1423
f 1423 1422 1424
f 1423 1424 1425
f 1425 1424 1426
f 1425 1426 118
f 118 1426 1427
f 118 1427 1428
f 1428 1427 1429
f 1428 1429 1430
f 1430 1429 1431
f 1430 1431 1432
f 1432 1431 1000
f 1432 1000 1433
f 1433 1000 1434
f 1433 1434 1435
f 1435 1434 1436
f 1435 1436 1437
f 1437 1436 1438
f 1437 1438 118
f 118 1438 1439
f 118 1439 1440
f 1440 1439 1441
f 1440 1441 1442
f 1442 1441 1443
f 1442 1443 1444
f 1444 1443 1000
f 1444 1000 1445
f 1445 1000 1446
f 1445 1446 1447
f 1447 1446 1448
f 1447 1448 1449
f 1449 1448 1450
f 1449 1450 118
f 118 1450 1451
f 118 1451 1452
f 1452 1451 1453
f 1452 1453 1454
f 1454 1453 1455
f 1454 1455 1456
f 1456 1455 1000
f 1456 1000 1457
f 1457 1000 1458
f 1457 1458 1459
f 1459 1458 1460
f 1459 1460 1461
f 1461 1460 1462
f 1461 1462 118
f 118 1462 1463
f 118 1463 1464
f 1464 1463 1465
f 1464 1465 1466
f 1466 1465 1467
f 1466 1467 1468
f 1468 1467 1000
f 1468 1000 1469
f 1469 1000 1470
f 1469 1470 1471
f 1471 1470 1472
f 1471 1472 1473
f 1473 1472 1474
f 1473 1474 118
f 118 1474 1475
f 118 1475 1476
f 1476 1475 1477
f 1476 1477 1478
f 1478 1477 1479
f 1478 1479 1480
f 1480 1479 1000
f 1480 1000 1481
f 1481 1000 1482
f 1481 1482 1483
f 1483 1482 1484
f 1483 1484 1485
f 1485 1484 1486
f 1485 1486 118
f 118 1486 1487
f 118 1487 1488
f 1488 1487 1489
f 1488 1489 1490
f 1490 1489 1491
f 1490 1491 1492
f 1492 1491 1000
f 1492 1000 1493
f 1493 1000 1494
f 1493 1494 1495
f 1495 1494 1496
f 1495 1496 1497
f 1497 1496 1498
f 1497 1498 118
f 118 1498 1499
f 118 1499 1500
f 1500 1499 1501
f 1500 1501 1502
f 1502 1501 1503
f 1502 1503 1504
f 1504 1503 1000
f 1504 1000 1505
f 1505 1000 1506
f 1505 1506 1507
f 1507 1506 1508
f 1507 1508 1509
f 1509 1508 1510
f 1509 1510 118
f 118 1510 1511
f 118 1511 1512
f 1512 1511 1513
f 1512 1513 1514
f 1514 1513 1515
f 1514 1515 1516
f 1516 1515 114
f 1516 114 1517
f 1517 114 1518
f 1517 1518 1519
f 1519 1518 1520
f 1519 1520 1521
f 1521 1520 1522
f 1521 1522 118
f 118 1522 1523
f 118 1523 1524
f 1524 1523 1525
f 1524 1525 1526
f 1526 1525 1527
f 1526 1527 1528
f 1528 1527 114
f 1528 114 1529
f 1529 114 1530
f 1529 1530 1531
f 1531 1530 1532
f 1531 1532 1533
f 1533 1532 1534
f 1533 1534 118
f 118 1534 1535
f 118 1535 1536
f 1536 1535 1537
f 1536 1537 1538
f 1538 1537 1539
f 1538 1539 1540
f 1540 1539 114
f 1540 114 1541
f 1541 114 1542
f 1541 1542 1543
f 1543 1542 1544
f 1543 1544 1545
f 1545 1544 1546
f 1545 1546 118
f 118 1546 1547
f 118 1547 1548
f 1548 1547 1549
f 1548 1549 1550
f 1550 1549 1551
f 1550 1551 1552
f 1552 1551 114
f 1552 114 1553
f 1553 114 1554
f 1553 1554 1555
f 1555 1554 1556
f 1555 1556 1557
f 1557 1556 1558
f 1557 1558 118
f 118 1558 1559
f 118 1559 1560
f 1560 1559 1561
f 1560 1561 1562
f 1562 1561 1563
f 1562 1563 1564
f 1564 1563 114
f 1564 114 1565
f 1565 114 1566
f 1565 1566 1567
f 1567 1566 1568
f 1567 1568 1569
f 1569 1568 1570
f 1569 1570 118
f 118 1570 1571
f 118 1571 1572
f 1572 1571 1573
f 1572 1573 1574
f 1574 1573 1575
f 1574 1575 1576
f 1576 1575 114
f 1576 114 1577
f 1577 114 1578
f 1577 1578 1579
f 1579 1578 1580
f 1579 1580 1581
f 1581 1580 1582
f 1581 1582 118
f 118 1582 1583
f 118 1583 1584
f 1584 1583 1585
f 1584 1585 1586
f 1586 1585 1587
f 1586 1587 1588
f 1588 1587 114
f 1588 114 1589
f 1589 114 1590
f 1589 1590 1591
f 1591 1590 1592
f 1591 1592 1593
f 1593 1592 1594
f 1593 1594 118
f 118 1594 1595
f 118 1595 1596
f 1596 1595 1597
f 1596 1597 1598
f 1598 1597 1599
f 1598 1599 1600
f 1600 1599 114
f 1600 114 1601
f 1601 114 1602
f 1601 1602 1603
f 1603 1602 1604
f 1603 1604 1605
f 1605 1604 1606
f 1605 1606 118
f 118 1606 1607
f 118 1607 1608
f 1608 1607 1609
f 1608 1609 1610
f 1610 1609 1611
f 1610 1611 1612
f 1612 1611 114
f 1612 114 1613
f 1613 114 1614
f 1613 1614 1615
f 1615 1614 1616
f 1615 1616 1617
f 1617 1616 1618
f 1617 1618 118
f 118 1618 1619
f 118 1619 1620
f 1620 1619 1621
f 1620 1621 1622
f 1622 1621 1623
f 1622 1623 1624
f 1624 1623 114
f 1624 114 1625
f 1625 114 1626
f 1625 1626 1627
f 1627 1626 1628
f 1627 1628 1629
f 1629 1628 1630
f 1629 1630 118
f 118 1630 1631
f 118 1631 1632
f 1632 1631 1633
f 1632 1633 1634
f 1634 1633 1635
f 1634 1635 1636
f 1636 1635 114
f 1636 114 1637
f 1637 114 1638
f 1637 1638 1639
f 1639 1638 1640
f 1639 1640 1641
f 1641 1640 1642
f 1641 1642 118
f 118 1642 1643
f 118 1643 1644
f 1644 1643 1645
f 1644 1645 1646
f 1646 1645 1647
f 1646 1647 1648
f 1648 1647 114
f 1648 114 1649
f 1649 114 1650
f 1649 1650 1651
f 1651 1650 1652
f 1651 1652 1653
f 1653 1652 1654
f 1653 1654 118
f 118 1654 1655
f 118 1655 1656
f 1656 1655 1657
f 1656 1657 1658
f 1658 1657 1659
f 1658 1659 1660
f 1660 1659 114
f 1660 114 1661
f 1661 114 1662
f 1661 1662 1663
f 1663 1662 1664
f 1663 1664 1665
f 1665 1664 1666
f 1665 1666 118
f 118 1666 1667
f 118 1667 1668
f 1668 1667 1669
f 1668 1669 1670
f 1670 1669 1671
f 1670 1671 1672
f 1672 1671 114
f 1672 114 1673
f 1673 114 1674
f 1673 1674 1675
f 1675 1674 1676
f 1675 1676 1677
f 1677 1676 1678
f 1677 1678 118
f 118 1678 1679
f 118 1679 1680
f 1680 1679 1681
f 1680 1681 1682
f 1682 1681 1683
f 1682 1683 1684
f 1684 1683 114
f 1684 114 1685
f 1685 114 1686
f 1685 1686 1687
f 1687 1686 1688
f 1687 1688 1689
f 1689 1688 1690
f 1689 1690 118
f 118 1690 1691
f 118 1691 1692
f 1692 1691 1693
f 1692 1693 1694
f 1694 1693 1695
f 1694 1695 1696
f 1696 1695 114
f 1696 114 1697
f 1697 114 1698
f 1697 1698 1699
f 1699 1698 1700
f 1699 1700 1701
f 1701 1700 1702
f 1701 1702 118
f 118 1702 1703
f 118 1703 1704
f 1704 1703 1705
f 1704 1705 1706
f 1706 1705 1707
f 1706 1707 1708
f 1708 1707 114
f 1708 114 1709
f 1709 114 1710
f 1709 1710 1711
f 1711 1710 1712
f 1711 1712 1713
f 1713 1712 1714
f 1713 1714 118
f 118 1714 1715
f 118 1715 1716
f 1716 1715 1717
f 1716 1717 1718
f 1718 1717 1719
f 1718 1719 1720
f 1720 1719 114
f 1720 114 1721
f 1721 114 1722
f 1721 1722 1723
f 1723 1722 1724
f 1723 1724 1725
f 1725 1724 1726
f 1725 1726 118
f 118 1726 1727
f 118 1727 1728
f 1728 1727 1729
f 1728 1729 1730
f 1730 1729 1731
f 1730 1731 1732
f 1732 1731 114
f 1732 114 1733
f 1733 114 1734
f 1733 1734 1735
f 1735 1734 1736
f 1735 1736 1737
f 1737 1736 1738
f 1737 1738 118
f 118 1738 1739
f 118 1739 1740
f 1740 1739 1741
f 1740 1741 1742
f 1742 1741 1743
f 1742 1743 1744
f 1744 1743 114
f 1744 114 1745
f 1745 114 1746
f 1745 1746 1747
f 1747 1746 1748
f 1747 1748 1749
f 1749 1748 1750
f 1749 1750 118
f 118 1750 1751
f 118 1751 1752
f 1752 1751 1753
f 1752 1753 1754
f 1754 1753 1755
f 1754 1755 1756
f 1756 1755 114
f 1756 114 1757
f 1757 114 1758
f 1757 1758 1759
f 1759 1758 1760
f 1759 1760 1761
f 1761 1760 1762
f 1761 1762 118
f 118 1762 117
f 117 1762 1763
f 117 1763 116
f 116 1763 1764
f 116 1764 115
f 115 1764 114
f 114 1764 1765
f 114 1765 1758
f 1758 1765 1760
f 59 58 741
f 741 58 1766
f 741 1766 742
f 742 1766 744
f 58 57 1766
f 1766 57 1767
f 1766 1767 744
f 744 1767 746
f 57 56 1767
f 1767 56 746
f 1000 998 56
f 56 998 1768
f 56 1768 1769
f 1769 1768 1770
f 1769 1770 991
f 991 1770 993
f 1506 1000 1771
f 1771 1000 114
f 1771 114 1772
f 1772 114 1515
f 1772 1515 1513
f 60 1773 118
f 118 1773 1774
f 118 1774 1257
f 1257 1774 1255
f 60 1775 1776
f 1776 1775 1777
f 1776 1777 750
f 750 1777 748
f 750 752 1776
f 1776 752 60
f 60 755 1778
f 1778 755 757
f 1778 757 1779
f 1779 757 759
f 1779 759 760
f 60 1780 1781
f 1781 1780 1782
f 1781 1782 774
f 774 1782 772
f 774 776 1781
f 1781 776 60
f 60 779 1783
f 1783 779 781
f 1783 781 1784
f 1784 781 783
f 1784 783 784
f 60 1785 1786
f 1786 1785 1787
f 1786 1787 798
f 798 1787 796
f 798 800 1786
f 1786 800 60
f 60 803 1788
f 1788 803 805
f 1788 805 1789
f 1789 805 807
f 1789 807 808
f 60 1790 1791
f 1791 1790 1792
f 1791 1792 822
f 822 1792 820
f 822 824 1791
f 1791 824 60
f 60 827 1793
f 1793 827 829
f 1793 829 1794
f 1794 829 831
f 1794 831 832
f 60 1795 1796
f 1796 1795 1797
f 1796 1797 846
f 846 1797 844
f 846 848 1796
f 1796 848 60
f 60 851 1798
f 1798 851 853
f 1798 853 1799
f 1799 853 855
f 1799 855 856
f 60 1800 1801
f 1801 1800 1802
f 1801 1802 870
f 870 1802 868
f 870 872 1801
f 1801 872 60
f 60 875 1803
f 1803 875 877
f 1803 877 1804
f 1804 877 879
f 1804 879 880
f 60 1805 1806
f 1806 1805 1807
f 1806 1807 894
f 894 1807 892
f 894 896 1806
f 1806 896 60
f 60 899 1808
f 1808 899 901
f 1808 901 1809
f 1809 901 903
f 1809 903 904
f 60 1810 1811
f 1811 1810 1812
f 1811 1812 918
f 918 1812 916
f 918 920 1811
f 1811 920 60
f 60 923 1813
f 1813 923 925
f 1813 925 1814
f 1814 925 927
f 1814 927 928
f 60 1815 1816
f 1816 1815 1817
f 1816 1817 942
f 942 1817 940
f 942 944 1816
f 1816 944 60
f 60 947 1818
f 1818 947 949
f 1818 949 1819
f 1819 949 951
f 1819 951 952
f 60 1820 1821
f 1821 1820 1822
f 1821 1822 966
f 966 1822 964
f 966 968 1821
f 1821 968 60
f 60 971 1823
f 1823 971 973
f 1823 973 1824
f 1824 973 975
f 1824 975 976
f 60 1825 1826
f 1826 1825 1827
f 1826 1827 990
f 990 1827 988
f 990 992 1826
f 1826 992 60
f 60 995 1828
f 1828 995 997
f 1828 997 1829
f 1829 997 999
f 1829 999 1001
f 60 1830 1831
f 1831 1830 1832
f 1831 1832 1015
f 1015 1832 1013
f 1015 1017 1831
f 1831 1017 60
f 60 1020 1833
f 1833 1020 1022
f 1833 1022 1834
f 1834 1022 1024
f 1834 1024 1025
f 60 1835 1836
f 1836 1835 1837
f 1836 1837 1039
f 1039 1837 1037
f 1039 1041 1836
f 1836 1041 60
f 60 1044 1838
f 1838 1044 1046
f 1838 1046 1839
f 1839 1046 1048
f 1839 1048 1049
f 60 1840 1841
f 1841 1840 1842
f 1841 1842 1063
f 1063 1842 1061
f 1063 1065 1841
f 1841 1065 60
f 60 1068 1843
f 1843 1068 1070
f 1843 1070 1844
f 1844 1070 1072
f 1844 1072 1073
f 60 1845 1846
f 1846 1845 1847
f 1846 1847 1087
f 1087 1847 1085
f 1087 1089 1846
f 1846 1089 60
f 60 1092 1848
f 1848 1092 1094
f 1848 1094 1849
f 1849 1094 1096
f 1849 1096 1097
f 60 1850 1851
f 1851 1850 1852
f 1851 1852 1111
f 1111 1852 1109
f 1111 1113 1851
f 1851 1113 60
f 60 1116 1853
f 1853 1116 1118
f 1853 1118 1854
f 1854 1118 1120
f 1854 1120 1121
f 60 1855 1856
f 1856 1855 1857
f 1856 1857 1135
f 1135 1857 1133
f 1135 1137 1856
f 1856 1137 60
f 60 1140 1858
f 1858 1140 1142
f 1858 1142 1859
f 1859 1142 1144
f 1859 1144 1145
f 60 1860 1861
f 1861 1860 1862
f 1861 1862 1159
f 1159 1862 1157
f 1159 1161 1861
f 1861 1161 60
f 60 1164 1863
f 1863 1164 1166
f 1863 1166 1864
f 1864 1166 1168
f 1864 1168 1169
f 60 1865 1866
f 1866 1865 1867
f 1866 1867 1183
f 1183 1867 1181
f 1183 1185 1866
f 1866 1185 60
f 60 1188 1868
f 1868 1188 1190
f 1868 1190 1869
f 1869 1190 1192
f 1869 1192 1193
f 60 1870 1871
f 1871 1870 1872
f 1871 1872 1207
f 1207 1872 1205
f 1207 1209 1871
f 1871 1209 60
f 60 1212 1873
f 1873 1212 1214
f 1873 1214 1874
f 1874 1214 1216
f 1874 1216 1217
f 60 1875 1876
f 1876 1875 1877
f 1876 1877 1231
f 1231 1877 1229
f 1231 1233 1876
f 1876 1233 60
f 60 1236 1878
f 1878 1236 1238
f 1878 1238 1879
f 1879 1238 1240
f 1879 1240 1241
f 56 758 1880
f 1880 758 756
f 1880 756 1881
f 1881 756 754
f 1881 754 753
f 1267 1269 1882
f 1882 1269 118
f 1882 118 1883
f 1883 118 1260
f 1883 1260 1262
f 761 56 1884
f 1884 56 1885
f 1884 1885 1886
f 1886 1885 768
f 1886 768 766
f 118 1272 1887
f 1887 1272 1274
f 1887 1274 1888
f 1888 1274 1276
f 1888 1276 1277
f 118 1887 1889
f 1889 1887 1888
f 1889 1888 1279
f 1279 1888 1277
f 56 782 1890
f 1890 782 780
f 1890 780 1891
f 1891 780 778
f 1891 778 777
f 1291 1293 1892
f 1892 1293 118
f 1892 118 1893
f 1893 118 1284
f 1893 1284 1286
f 785 56 1894
f 1894 56 1895
f 1894 1895 1896
f 1896 1895 792
f 1896 792 790
f 118 1296 1897
f 1897 1296 1298
f 1897 1298 1898
f 1898 1298 1300
f 1898 1300 1301
f 118 1897 1899
f 1899 1897 1898
f 1899 1898 1303
f 1303 1898 1301
f 56 806 1900
f 1900 806 804
f 1900 804 1901
f 1901 804 802
f 1901 802 801
f 1315 1317 1902
f 1902 1317 118
f 1902 118 1903
f 1903 118 1308
f 1903 1308 1310
f 809 56 1904
f 1904 56 1905
f 1904 1905 1906
f 1906 1905 816
f 1906 816 814
f 118 1320 1907
f 1907 1320 1322
f 1907 1322 1908
f 1908 1322 1324
f 1908 1324 1325
f 118 1907 1909
f 1909 1907 1908
f 1909 1908 1327
f 1327 1908 1325
f 56 830 1910
f 1910 830 828
f 1910 828 1911
f 1911 828 826
f 1911 826 825
f 1339 1341 1912
f 1912 1341 118
f 1912 118 1913
f 1913 118 1332
f 1913 1332 1334
f 833 56 1914
f 1914 56 1915
f 1914 1915 1916
f 1916 1915 840
f 1916 840 838
f 118 1344 1917
f 1917 1344 1346
f 1917 1346 1918
f 1918 1346 1348
f 1918 1348 1349
f 118 1917 1919
f 1919 1917 1918
f 1919 1918 1351
f 1351 1918 1349
f 56 854 1920
f 1920 854 852
f 1920 852 1921
f 1921 852 850
f 1921 850 849
f 1363 1365 1922
f 1922 1365 118
f 1922 118 1923
f 1923 118 1356
f 1923 1356 1358
f 857 56 1924
f 1924 56 1925
f 1924 1925 1926
f 1926 1925 864
f 1926 864 862
f 118 1368 1927
f 1927 1368 1370
f 1927 1370 1928
f 1928 1370 1372
f 1928 1372 1373
f 118 1927 1929
f 1929 1927 1928
f 1929 1928 1375
f 1375 1928 1373
f 56 878 1930
f 1930 878 876
f 1930 876 1931
f 1931 876 874
f 1931 874 873
f 1387 1389 1932
f 1932 1389 118
f 1932 118 1933
f 1933 118 1380
f 1933 1380 1382
f 881 56 1934
f 1934 56 1935
f 1934 1935 1936
f 1936 1935 888
f 1936 888 886
f 118 1392 1937
f 1937 1392 1394
f 1937 1394 1938
f 1938 1394 1396
f 1938 1396 1397
f 118 1937 1939
f 1939 1937 1938
f 1939 1938 1399
f 1399 1938 1397
f 56 902 1940
f 1940 902 900
f 1940 900 1941
f 1941 900 898
f 1941 898 897
f 1411 1413 1942
f 1942 1413 118
f 1942 118 1943
f 1943 118 1404
f 1943 1404 1406
f 905 56 1944
f 1944 56 1945
f 1944 1945 1946
f 1946 1945 912
f 1946 912 910
f 118 1416 1947
f 1947 1416 1418
f 1947 1418 1948
f 1948 1418 1420
f 1948 1420 1421
f 118 1947 1949
f 1949 1947 1948
f 1949 1948 1423
f 1423 1948 1421
f 56 926 1950
f 1950 926 924
f 1950 924 1951
f 1951 924 922
f 1951 922 921
f 1435 1437 1952
f 1952 1437 118
f 1952 118 1953
f 1953 118 1428
f 1953 1428 1430
f 929 56 1954
f 1954 56 1955
f 1954 1955 1956
f 1956 1955 936
f 1956 936 934
f 118 1440 1957
f 1957 1440 1442
f 1957 1442 1958
f 1958 1442 1444
f 1958 1444 1445
f 118 1957 1959
f 1959 1957 1958
f 1959 1958 1447
f 1447 1958 1445
f 56 950 1960
f 1960 950 948
f 1960 948 1961
f 1961 948 946
f 1961 946 945
f 1459 1461 1962
f 1962 1461 118
f 1962 118 1963
f 1963 118 1452
f 1963 1452 1454
f 953 56 1964
f 1964 56 1965
f 1964 1965 1966
f 1966 1965 960
f 1966 960 958
f 118 1464 1967
f 1967 1464 1466
f 1967 1466 1968
f 1968 1466 1468
f 1968 1468 1469
f 118 1967 1969
f 1969 1967 1968
f 1969 1968 1471
f 1471 1968 1469
f 56 974 1970
f 1970 974 972
f 1970 972 1971
f 1971 972 970
f 1971 970 969
f 1483 1485 1972
f 1972 1485 118
f 1972 118 1973
f 1973 118 1476
f 1973 1476 1478
f 977 56 1974
f 1974 56 1975
f 1974 1975 1976
f 1976 1975 984
f 1976 984 982
f 118 1488 1977
f 1977 1488 1490
f 1977 1490 1978
f 1978 1490 1492
f 1978 1492 1493
f 118 1977 1979
f 1979 1977 1978
f 1979 1978 1495
f 1495 1978 1493
f 1507 1509 1980
f 1980 1509 118
f 1980 118 1981
f 1981 118 1500
f 1981 1500 1502
f 118 1512 1982
f 1982 1512 1514
f 1982 1514 1983
f 1983 1514 1516
f 1983 1516 1517
f 1004 1002 1984
f 1984 1002 1000
f 1984 1000 1985
f 1985 1000 1011
f 1985 1011 1009
f 118 1982 1986
f 1986 1982 1983
f 1986 1983 1519
f 1519 1983 1517
f 1987 1000 1988
f 1988 1000 1023
f 1988 1023 1021
f 1531 1533 1989
f 1989 1533 118
f 1989 118 1990
f 1990 118 1524
f 1990 1524 1526
f 118 1536 1991
f 1991 1536 1538
f 1991 1538 1992
f 1992 1538 1540
f 1992 1540 1541
f 1028 1026 1993
f 1993 1026 1000
f 1993 1000 1994
f 1994 1000 1035
f 1994 1035 1033
f 118 1991 1995
f 1995 1991 1992
f 1995 1992 1543
f 1543 1992 1541
f 1996 1000 1997
f 1997 1000 1047
f 1997 1047 1045
f 1555 1557 1998
f 1998 1557 118
f 1998 118 1999
f 1999 118 1548
f 1999 1548 1550
f 118 1560 2000
f 2000 1560 1562
f 2000 1562 2001
f 2001 1562 1564
f 2001 1564 1565
f 1052 1050 2002
f 2002 1050 1000
f 2002 1000 2003
f 2003 1000 1059
f 2003 1059 1057
f 118 2000 2004
f 2004 2000 2001
f 2004 2001 1567
f 1567 2001 1565
f 2005 1000 2006
f 2006 1000 1071
f 2006 1071 1069
f 1579 1581 2007
f 2007 1581 118
f 2007 118 2008
f 2008 118 1572
f 2008 1572 1574
f 118 1584 2009
f 2009 1584 1586
f 2009 1586 2010
f 2010 1586 1588
f 2010 1588 1589
f 1076 1074 2011
f 2011 1074 1000
f 2011 1000 2012
f 2012 1000 1083
f 2012 1083 1081
f 118 2009 2013
f 2013 2009 2010
f 2013 2010 1591
f 1591 2010 1589
f 2014 1000 2015
f 2015 1000 1095
f 2015 1095 1093
f 1603 1605 2016
f 2016 1605 118
f 2016 118 2017
f 2017 118 1596
f 2017 1596 1598
f 118 1608 2018
f 2018 1608 1610
f 2018 1610 2019
f 2019 1610 1612
f 2019 1612 1613
f 1100 1098 2020
f 2020 1098 1000
f 2020 1000 2021
f 2021 1000 1107
f 2021 1107 1105
f 118 2018 2022
f 2022 2018 2019
f 2022 2019 1615
f 1615 2019 1613
f 2023 1000 2024
f 2024 1000 1119
f 2024 1119 1117
f 1627 1629 2025
f 2025 1629 118
f 2025 118 2026
f 2026 118 1620
f 2026 1620 1622
f 118 1632 2027
f 2027 1632 1634
f 2027 1634 2028
f 2028 1634 1636
f 2028 1636 1637
f 1124 1122 2029
f 2029 1122 1000
f 2029 1000 2030
f 2030 1000 1131
f 2030 1131 1129
f 118 2027 2031
f 2031 2027 2028
f 2031 2028 1639
f 1639 2028 1637
f 2032 1000 2033
f 2033 1000 1143
f 2033 1143 1141
f 1651 1653 2034
f 2034 1653 118
f 2034 118 2035
f 2035 118 1644
f 2035 1644 1646
f 118 1656 2036
f 2036 1656 1658
f 2036 1658 2037
f 2037 1658 1660
f 2037 1660 1661
f 1148 1146 2038
f 2038 1146 1000
f 2038 1000 2039
f 2039 1000 1155
f 2039 1155 1153
f 118 2036 2040
f 2040 2036 2037
f 2040 2037 1663
f 1663 2037 1661
f 2041 1000 2042
f 2042 1000 1167
f 2042 1167 1165
f 1675 1677 2043
f 2043 1677 118
f 2043 118 2044
f 2044 118 1668
f 2044 1668 1670
f 118 1680 2045
f 2045 1680 1682
f 2045 1682 2046
f 2046 1682 1684
f 2046 1684 1685
f 1172 1170 2047
f 2047 1170 1000
f 2047 1000 2048
f 2048 1000 1179
f 2048 1179 1177
f 118 2045 2049
f 2049 2045 2046
f 2049 2046 1687
f 1687 2046 1685
f 2050 1000 2051
f 2051 1000 1191
f 2051 1191 1189
f 1699 1701 2052
f 2052 1701 118
f 2052 118 2053
f 2053 118 1692
f 2053 1692 1694
f 118 1704 2054
f 2054 1704 1706
f 2054 1706 2055
f 2055 1706 1708
f 2055 1708 1709
f 1196 1194 2056
f 2056 1194 1000
f 2056 1000 2057
f 2057 1000 1203
f 2057 1203 1201
f 118 2054 2058
f 2058 2054 2055
f 2058 2055 1711
f 1711 2055 1709
f 2059 1000 2060
f 2060 1000 1215
f 2060 1215 1213
f 1723 1725 2061
f 2061 1725 118
f 2061 118 2062
f 2062 118 1716
f 2062 1716 1718
f 118 1728 2063
f 2063 1728 1730
f 2063 1730 2064
f 2064 1730 1732
f 2064 1732 1733
f 1220 1218 2065
f 2065 1218 1000
f 2065 1000 2066
f 2066 1000 1227
f 2066 1227 1225
f 118 2063 2067
f 2067 2063 2064
f 2067 2064 1735
f 1735 2064 1733
f 2068 1000 2069
f 2069 1000 1239
f 2069 1239 1237
f 1747 1749 2070
f 2070 1749 118
f 2070 118 2071
f 2071 118 1740
f 2071 1740 1742
f 118 1752 2072
f 2072 1752 1754
f 2072 1754 2073
f 2073 1754 1756
f 2073 1756 1757
f 1244 1242 2074
f 2074 1242 1000
f 2074 1000 2075
f 2075 1000 1251
f 2075 1251 1249
f 118 2072 2076
f 2076 2072 2073
f 2076 2073 1759
f 1759 2073 1757
f 1000 1263 2077
f 2077 1263 1261
f 2077 1261 2078
f 2078 1261 1259
f 2078 1259 1258
f 1266 1000 2079
f 2079 1000 2080
f 2079 2080 2081
f 2081 2080 1273
f 2081 1273 1271
f 1000 1287 2082
f 2082 1287 1285
f 2082 1285 2083
f 2083 1285 1283
f 2083 1283 1282
f 1290 1000 2084
f 2084 1000 2085
f 2084 2085 2086
f 2086 2085 1297
f 2086 1297 1295
f 1000 1311 2087
f 2087 1311 1309
f 2087 1309 2088
f 2088 1309 1307
f 2088 1307 1306
f 1314 1000 2089
f 2089 1000 2090
f 2089 2090 2091
f 2091 2090 1321
f 2091 1321 1319
f 1000 1335 2092
f 2092 1335 1333
f 2092 1333 2093
f 2093 1333 1331
f 2093 1331 1330
f 1338 1000 2094
f 2094 1000 2095
f 2094 2095 2096
f 2096 2095 1345
f 2096 1345 1343
f 1000 1359 2097
f 2097 1359 1357
f 2097 1357 2098
f 2098 1357 1355
f 2098 1355 1354
f 1362 1000 2099
f 2099 1000 2100
f 2099 2100 2101
f 2101 2100 1369
f 2101 1369 1367
f 1000 1383 2102
f 2102 1383 1381
f 2102 1381 2103
f 2103 1381 1379
f 2103 1379 1378
f 1386 1000 2104
f 2104 1000 2105
f 2104 2105 2106
f 2106 2105 1393
f 2106 1393 1391
f 1000 1407 2107
f 2107 1407 1405
f 2107 1405 2108
f 2108 1405 1403
f 2108 1403 1402
f 1410 1000 2109
f 2109 1000 2110
f 2109 2110 2111
f 2111 2110 1417
f 2111 1417 1415
f 1000 1431 2112
f 2112 1431 1429
f 2112 1429 2113
f 2113 1429 1427
f 2113 1427 1426
f 1434 1000 2114
f 2114 1000 2115
f 2114 2115 2116
f 2116 2115 1441
f 2116 1441 1439
f 1000 1455 2117
f 2117 1455 1453
f 2117 1453 2118
f 2118 1453 1451
f 2118 1451 1450
f 1458 1000 2119
f 2119 1000 2120
f 2119 2120 2121
f 2121 2120 1465
f 2121 1465 1463
f 1000 1479 2122
f 2122 1479 1477
f 2122 1477 2123
f 2123 1477 1475
f 2123 1475 1474
f 1482 1000 2124
f 2124 1000 2125
f 2124 2125 2126
f 2126 2125 1489
f 2126 1489 1487
f 1000 1503 2127
f 2127 1503 1501
f 2127 1501 2128
f 2128 1501 1499
f 2128 1499 1498
f 1508 1506 1771
f 2129 114 2130
f 2130 114 1527
f 2130 1527 1525
f 1532 1530 2131
f 2131 1530 114
f 2131 114 2132
f 2132 114 1539
f 2132 1539 1537
f 2133 114 2134
f 2134 114 1551
f 2134 1551 1549
f 1556 1554 2135
f 2135 1554 114
f 2135 114 2136
f 2136 114 1563
f 2136 1563 1561
f 2137 114 2138
f 2138 114 1575
f 2138 1575 1573
f 1580 1578 2139
f 2139 1578 114
f 2139 114 2140
f 2140 114 1587
f 2140 1587 1585
f 2141 114 2142
f 2142 114 1599
f 2142 1599 1597
f 1604 1602 2143
f 2143 1602 114
f 2143 114 2144
f 2144 114 1611
f 2144 1611 1609
f 2145 114 2146
f 2146 114 1623
f 2146 1623 1621
f 1628 1626 2147
f 2147 1626 114
f 2147 114 2148
f 2148 114 1635
f 2148 1635 1633
f 2149 114 2150
f 2150 114 1647
f 2150 1647 1645
f 1652 1650 2151
f 2151 1650 114
f 2151 114 2152
f 2152 114 1659
f 2152 1659 1657
f 2153 114 2154
f 2154 114 1671
f 2154 1671 1669
f 1676 1674 2155
f 2155 1674 114
f 2155 114 2156
f 2156 114 1683
f 2156 1683 1681
f 2157 114 2158
f 2158 114 1695
f 2158 1695 1693
f 1700 1698 2159
f 2159 1698 114
f 2159 114 2160
f 2160 114 1707
f 2160 1707 1705
f 2161 114 2162
f 2162 114 1719
f 2162 1719 1717
f 1724 1722 2163
f 2163 1722 114
f 2163 114 2164
f 2164 114 1731
f 2164 1731 1729
f 2165 114 2166
f 2166 114 1743
f 2166 1743 1741
f 1748 1746 2167
f 2167 1746 114
f 2167 114 2168
f 2168 114 1755
f 2168 1755 1753
f 1775 60 743
f 1255 1774 2169
f 2169 1774 1773
f 2169 1773 1250
f 1250 1773 1248
f 1252 1253 2169
f 2169 1253 1255
f 1252 2169 1250
f 1765 1764 1763
f 1765 1763 1760
f 1760 1763 1762
f 1775 743 745
f 748 1777 747
f 747 1777 745
f 1777 1775 745
f 60 1778 2170
f 2170 1778 1779
f 2170 1779 762
f 762 1779 760
f 751 749 2171
f 2171 749 56
f 2171 56 1880
f 1880 1881 2171
f 2171 1881 751
f 762 764 2170
f 2170 764 60
f 1881 753 751
f 1780 60 767
f 60 1783 2172
f 2172 1783 1784
f 2172 1784 786
f 786 1784 784
f 761 1884 763
f 763 1884 1886
f 763 1886 765
f 765 1886 766
f 786 788 2172
f 2172 788 60
f 770 768 1885
f 1785 60 791
f 770 1885 56
f 1780 767 769
f 772 1782 771
f 771 1782 769
f 1782 1780 769
f 60 1788 2173
f 2173 1788 1789
f 2173 1789 810
f 810 1789 808
f 775 773 2174
f 2174 773 56
f 2174 56 1890
f 1890 1891 2174
f 2174 1891 775
f 810 812 2173
f 2173 812 60
f 1891 777 775
f 1790 60 815
f 60 1793 2175
f 2175 1793 1794
f 2175 1794 834
f 834 1794 832
f 785 1894 787
f 787 1894 1896
f 787 1896 789
f 789 1896 790
f 834 836 2175
f 2175 836 60
f 794 792 1895
f 1795 60 839
f 794 1895 56
f 1785 791 793
f 796 1787 795
f 795 1787 793
f 1787 1785 793
f 60 1798 2176
f 2176 1798 1799
f 2176 1799 858
f 858 1799 856
f 799 797 2177
f 2177 797 56
f 2177 56 1900
f 1900 1901 2177
f 2177 1901 799
f 858 860 2176
f 2176 860 60
f 1901 801 799
f 1800 60 863
f 60 1803 2178
f 2178 1803 1804
f 2178 1804 882
f 882 1804 880
f 809 1904 811
f 811 1904 1906
f 811 1906 813
f 813 1906 814
f 882 884 2178
f 2178 884 60
f 818 816 1905
f 1805 60 887
f 818 1905 56
f 1790 815 817
f 820 1792 819
f 819 1792 817
f 1792 1790 817
f 60 1808 2179
f 2179 1808 1809
f 2179 1809 906
f 906 1809 904
f 823 821 2180
f 2180 821 56
f 2180 56 1910
f 1910 1911 2180
f 2180 1911 823
f 906 908 2179
f 2179 908 60
f 1911 825 823
f 1810 60 911
f 60 1813 2181
f 2181 1813 1814
f 2181 1814 930
f 930 1814 928
f 833 1914 835
f 835 1914 1916
f 835 1916 837
f 837 1916 838
f 930 932 2181
f 2181 932 60
f 842 840 1915
f 1815 60 935
f 842 1915 56
f 1795 839 841
f 844 1797 843
f 843 1797 841
f 1797 1795 841
f 60 1818 2182
f 2182 1818 1819
f 2182 1819 954
f 954 1819 952
f 847 845 2183
f 2183 845 56
f 2183 56 1920
f 1920 1921 2183
f 2183 1921 847
f 954 956 2182
f 2182 956 60
f 1921 849 847
f 1820 60 959
f 60 1823 2184
f 2184 1823 1824
f 2184 1824 978
f 978 1824 976
f 857 1924 859
f 859 1924 1926
f 859 1926 861
f 861 1926 862
f 978 980 2184
f 2184 980 60
f 866 864 1925
f 1825 60 983
f 866 1925 56
f 1800 863 865
f 868 1802 867
f 867 1802 865
f 1802 1800 865
f 60 1828 2185
f 2185 1828 1829
f 2185 1829 1003
f 1003 1829 1001
f 871 869 2186
f 2186 869 56
f 2186 56 1930
f 1930 1931 2186
f 2186 1931 871
f 1003 1005 2185
f 2185 1005 60
f 1931 873 871
f 1830 60 1008
f 60 1833 2187
f 2187 1833 1834
f 2187 1834 1027
f 1027 1834 1025
f 881 1934 883
f 883 1934 1936
f 883 1936 885
f 885 1936 886
f 1027 1029 2187
f 2187 1029 60
f 890 888 1935
f 1835 60 1032
f 890 1935 56
f 1805 887 889
f 892 1807 891
f 891 1807 889
f 1807 1805 889
f 60 1838 2188
f 2188 1838 1839
f 2188 1839 1051
f 1051 1839 1049
f 895 893 2189
f 2189 893 56
f 2189 56 1940
f 1940 1941 2189
f 2189 1941 895
f 1051 1053 2188
f 2188 1053 60
f 1941 897 895
f 1840 60 1056
f 60 1843 2190
f 2190 1843 1844
f 2190 1844 1075
f 1075 1844 1073
f 905 1944 907
f 907 1944 1946
f 907 1946 909
f 909 1946 910
f 1075 1077 2190
f 2190 1077 60
f 914 912 1945
f 1845 60 1080
f 914 1945 56
f 1810 911 913
f 916 1812 915
f 915 1812 913
f 1812 1810 913
f 60 1848 2191
f 2191 1848 1849
f 2191 1849 1099
f 1099 1849 1097
f 919 917 2192
f 2192 917 56
f 2192 56 1950
f 1950 1951 2192
f 2192 1951 919
f 1099 1101 2191
f 2191 1101 60
f 1951 921 919
f 1850 60 1104
f 60 1853 2193
f 2193 1853 1854
f 2193 1854 1123
f 1123 1854 1121
f 929 1954 931
f 931 1954 1956
f 931 1956 933
f 933 1956 934
f 1123 1125 2193
f 2193 1125 60
f 938 936 1955
f 1855 60 1128
f 938 1955 56
f 1815 935 937
f 940 1817 939
f 939 1817 937
f 1817 1815 937
f 60 1858 2194
f 2194 1858 1859
f 2194 1859 1147
f 1147 1859 1145
f 943 941 2195
f 2195 941 56
f 2195 56 1960
f 1960 1961 2195
f 2195 1961 943
f 1147 1149 2194
f 2194 1149 60
f 1961 945 943
f 1860 60 1152
f 60 1863 2196
f 2196 1863 1864
f 2196 1864 1171
f 1171 1864 1169
f 953 1964 955
f 955 1964 1966
f 955 1966 957
f 957 1966 958
f 1171 1173 2196
f 2196 1173 60
f 962 960 1965
f 1865 60 1176
f 962 1965 56
f 1820 959 961
f 964 1822 963
f 963 1822 961
f 1822 1820 961
f 60 1868 2197
f 2197 1868 1869
f 2197 1869 1195
f 1195 1869 1193
f 967 965 2198
f 2198 965 56
f 2198 56 1970
f 1970 1971 2198
f 2198 1971 967
f 1195 1197 2197
f 2197 1197 60
f 1971 969 967
f 1870 60 1200
f 60 1873 2199
f 2199 1873 1874
f 2199 1874 1219
f 1219 1874 1217
f 977 1974 979
f 979 1974 1976
f 979 1976 981
f 981 1976 982
f 1219 1221 2199
f 2199 1221 60
f 986 984 1975
f 1875 60 1224
f 986 1975 56
f 1825 983 985
f 988 1827 987
f 987 1827 985
f 1827 1825 985
f 1769 991 989
f 60 1878 2200
f 2200 1878 1879
f 2200 1879 1243
f 1243 1879 1241
f 1769 989 56
f 1243 1245 2200
f 2200 1245 60
f 994 993 1770
f 998 996 1768
f 1768 996 1770
f 1773 60 1248
f 996 994 1770
f 1004 1984 2201
f 2201 1984 1985
f 2201 1985 1009
f 1007 1006 2201
f 2201 1006 1004
f 1007 2201 1009
f 2081 1271 1270
f 1830 1008 1010
f 1013 1832 1012
f 1012 1832 1010
f 1279 1281 1889
f 1889 1281 118
f 1832 1830 1010
f 1000 1987 1014
f 1014 1987 1016
f 1016 1987 2202
f 2202 1987 1988
f 2202 1988 1021
f 1019 1018 2202
f 2202 1018 1016
f 1019 2202 1021
f 2086 1295 1294
f 1303 1305 1899
f 1899 1305 118
f 1028 1993 2203
f 2203 1993 1994
f 2203 1994 1033
f 1031 1030 2203
f 2203 1030 1028
f 1031 2203 1033
f 2091 1319 1318
f 1835 1032 1034
f 1037 1837 1036
f 1036 1837 1034
f 1327 1329 1909
f 1909 1329 118
f 1837 1835 1034
f 1000 1996 1038
f 1038 1996 1040
f 1040 1996 2204
f 2204 1996 1997
f 2204 1997 1045
f 1043 1042 2204
f 2204 1042 1040
f 1043 2204 1045
f 2096 1343 1342
f 1351 1353 1919
f 1919 1353 118
f 1052 2002 2205
f 2205 2002 2003
f 2205 2003 1057
f 1055 1054 2205
f 2205 1054 1052
f 1055 2205 1057
f 2101 1367 1366
f 1840 1056 1058
f 1061 1842 1060
f 1060 1842 1058
f 1375 1377 1929
f 1929 1377 118
f 1842 1840 1058
f 1000 2005 1062
f 1062 2005 1064
f 1064 2005 2206
f 2206 2005 2006
f 2206 2006 1069
f 1067 1066 2206
f 2206 1066 1064
f 1067 2206 1069
f 2106 1391 1390
f 1399 1401 1939
f 1939 1401 118
f 1076 2011 2207
f 2207 2011 2012
f 2207 2012 1081
f 1079 1078 2207
f 2207 1078 1076
f 1079 2207 1081
f 2111 1415 1414
f 1845 1080 1082
f 1085 1847 1084
f 1084 1847 1082
f 1423 1425 1949
f 1949 1425 118
f 1847 1845 1082
f 1000 2014 1086
f 1086 2014 1088
f 1088 2014 2208
f 2208 2014 2015
f 2208 2015 1093
f 1091 1090 2208
f 2208 1090 1088
f 1091 2208 1093
f 2116 1439 1438
f 1447 1449 1959
f 1959 1449 118
f 1100 2020 2209
f 2209 2020 2021
f 2209 2021 1105
f 1103 1102 2209
f 2209 1102 1100
f 1103 2209 1105
f 2121 1463 1462
f 1850 1104 1106
f 1109 1852 1108
f 1108 1852 1106
f 1471 1473 1969
f 1969 1473 118
f 1852 1850 1106
f 1000 2023 1110
f 1110 2023 1112
f 1112 2023 2210
f 2210 2023 2024
f 2210 2024 1117
f 1115 1114 2210
f 2210 1114 1112
f 1115 2210 1117
f 2126 1487 1486
f 1495 1497 1979
f 1979 1497 118
f 1124 2029 2211
f 2211 2029 2030
f 2211 2030 1129
f 1127 1126 2211
f 2211 1126 1124
f 1127 2211 1129
f 1855 1128 1130
f 1133 1857 1132
f 1132 1857 1130
f 1519 1521 1986
f 1986 1521 118
f 1857 1855 1130
f 1000 2032 1134
f 1134 2032 1136
f 1136 2032 2212
f 2212 2032 2033
f 2212 2033 1141
f 1139 1138 2212
f 2212 1138 1136
f 1139 2212 1141
f 1543 1545 1995
f 1995 1545 118
f 1148 2038 2213
f 2213 2038 2039
f 2213 2039 1153
f 1151 1150 2213
f 2213 1150 1148
f 1151 2213 1153
f 1860 1152 1154
f 1157 1862 1156
f 1156 1862 1154
f 1567 1569 2004
f 2004 1569 118
f 1862 1860 1154
f 1000 2041 1158
f 1158 2041 1160
f 1160 2041 2214
f 2214 2041 2042
f 2214 2042 1165
f 1163 1162 2214
f 2214 1162 1160
f 1163 2214 1165
f 1591 1593 2013
f 2013 1593 118
f 1172 2047 2215
f 2215 2047 2048
f 2215 2048 1177
f 1175 1174 2215
f 2215 1174 1172
f 1175 2215 1177
f 1865 1176 1178
f 1181 1867 1180
f 1180 1867 1178
f 1615 1617 2022
f 2022 1617 118
f 1867 1865 1178
f 1000 2050 1182
f 1182 2050 1184
f 1184 2050 2216
f 2216 2050 2051
f 2216 2051 1189
f 1187 1186 2216
f 2216 1186 1184
f 1187 2216 1189
f 1639 1641 2031
f 2031 1641 118
f 1196 2056 2217
f 2217 2056 2057
f 2217 2057 1201
f 1199 1198 2217
f 2217 1198 1196
f 1199 2217 1201
f 1870 1200 1202
f 1205 1872 1204
f 1204 1872 1202
f 1663 1665 2040
f 2040 1665 118
f 1872 1870 1202
f 1000 2059 1206
f 1206 2059 1208
f 1208 2059 2218
f 2218 2059 2060
f 2218 2060 1213
f 1211 1210 2218
f 2218 1210 1208
f 1211 2218 1213
f 1687 1689 2049
f 2049 1689 118
f 1220 2065 2219
f 2219 2065 2066
f 2219 2066 1225
f 1223 1222 2219
f 2219 1222 1220
f 1223 2219 1225
f 1875 1224 1226
f 1229 1877 1228
f 1228 1877 1226
f 1711 1713 2058
f 2058 1713 118
f 1877 1875 1226
f 1000 2068 1230
f 1230 2068 1232
f 1232 2068 2220
f 2220 2068 2069
f 2220 2069 1237
f 1235 1234 2220
f 2220 1234 1232
f 1235 2220 1237
f 1735 1737 2067
f 2067 1737 118
f 1244 2074 2221
f 2221 2074 2075
f 2221 2075 1249
f 1247 1246 2221
f 2221 1246 1244
f 1247 2221 1249
f 1759 1761 2076
f 2076 1761 118
f 1256 1254 2222
f 2222 1254 1000
f 2222 1000 2077
f 2077 2078 2222
f 2222 2078 1256
f 2078 1258 1256
f 1262 1264 2223
f 2223 1264 1265
f 2223 1265 1267
f 1882 1883 2223
f 2223 1883 1262
f 1882 2223 1267
f 1266 2079 1268
f 1268 2079 2081
f 1268 2081 1270
f 1275 1273 2080
f 1275 2080 1000
f 1280 1278 2224
f 2224 1278 1000
f 2224 1000 2082
f 2082 2083 2224
f 2224 2083 1280
f 2083 1282 1280
f 1286 1288 2225
f 2225 1288 1289
f 2225 1289 1291
f 1892 1893 2225
f 2225 1893 1286
f 1892 2225 1291
f 1290 2084 1292
f 1292 2084 2086
f 1292 2086 1294
f 1299 1297 2085
f 1299 2085 1000
f 1304 1302 2226
f 2226 1302 1000
f 2226 1000 2087
f 2087 2088 2226
f 2226 2088 1304
f 2088 1306 1304
f 1310 1312 2227
f 2227 1312 1313
f 2227 1313 1315
f 1902 1903 2227
f 2227 1903 1310
f 1902 2227 1315
f 1314 2089 1316
f 1316 2089 2091
f 1316 2091 1318
f 1323 1321 2090
f 1323 2090 1000
f 1328 1326 2228
f 2228 1326 1000
f 2228 1000 2092
f 2092 2093 2228
f 2228 2093 1328
f 2093 1330 1328
f 1334 1336 2229
f 2229 1336 1337
f 2229 1337 1339
f 1912 1913 2229
f 2229 1913 1334
f 1912 2229 1339
f 1338 2094 1340
f 1340 2094 2096
f 1340 2096 1342
f 1347 1345 2095
f 1347 2095 1000
f 1352 1350 2230
f 2230 1350 1000
f 2230 1000 2097
f 2097 2098 2230
f 2230 2098 1352
f 2098 1354 1352
f 1358 1360 2231
f 2231 1360 1361
f 2231 1361 1363
f 1922 1923 2231
f 2231 1923 1358
f 1922 2231 1363
f 1362 2099 1364
f 1364 2099 2101
f 1364 2101 1366
f 1371 1369 2100
f 1371 2100 1000
f 1376 1374 2232
f 2232 1374 1000
f 2232 1000 2102
f 2102 2103 2232
f 2232 2103 1376
f 2103 1378 1376
f 1382 1384 2233
f 2233 1384 1385
f 2233 1385 1387
f 1932 1933 2233
f 2233 1933 1382
f 1932 2233 1387
f 1386 2104 1388
f 1388 2104 2106
f 1388 2106 1390
f 1395 1393 2105
f 1395 2105 1000
f 1400 1398 2234
f 2234 1398 1000
f 2234 1000 2107
f 2107 2108 2234
f 2234 2108 1400
f 2108 1402 1400
f 1406 1408 2235
f 2235 1408 1409
f 2235 1409 1411
f 1942 1943 2235
f 2235 1943 1406
f 1942 2235 1411
f 1410 2109 1412
f 1412 2109 2111
f 1412 2111 1414
f 1419 1417 2110
f 1419 2110 1000
f 1424 1422 2236
f 2236 1422 1000
f 2236 1000 2112
f 2112 2113 2236
f 2236 2113 1424
f 2113 1426 1424
f 1430 1432 2237
f 2237 1432 1433
f 2237 1433 1435
f 1952 1953 2237
f 2237 1953 1430
f 1952 2237 1435
f 1434 2114 1436
f 1436 2114 2116
f 1436 2116 1438
f 1443 1441 2115
f 1443 2115 1000
f 1448 1446 2238
f 2238 1446 1000
f 2238 1000 2117
f 2117 2118 2238
f 2238 2118 1448
f 2118 1450 1448
f 1454 1456 2239
f 2239 1456 1457
f 2239 1457 1459
f 1962 1963 2239
f 2239 1963 1454
f 1962 2239 1459
f 1458 2119 1460
f 1460 2119 2121
f 1460 2121 1462
f 1467 1465 2120
f 1467 2120 1000
f 1472 1470 2240
f 2240 1470 1000
f 2240 1000 2122
f 2122 2123 2240
f 2240 2123 1472
f 2123 1474 1472
f 1478 1480 2241
f 2241 1480 1481
f 2241 1481 1483
f 1972 1973 2241
f 2241 1973 1478
f 1972 2241 1483
f 1482 2124 1484
f 1484 2124 2126
f 1484 2126 1486
f 1491 1489 2125
f 1491 2125 1000
f 1496 1494 2242
f 2242 1494 1000
f 2242 1000 2127
f 2127 2128 2242
f 2242 2128 1496
f 2128 1498 1496
f 1502 1504 2243
f 2243 1504 1505
f 2243 1505 1507
f 1980 1981 2243
f 2243 1981 1502
f 1980 2243 1507
f 1508 1771 2244
f 2244 1771 1772
f 2244 1772 1513
f 1511 1510 2244
f 2244 1510 1508
f 1511 2244 1513
f 114 2129 1518
f 1518 2129 1520
f 1520 2129 2245
f 2245 2129 2130
f 2245 2130 1525
f 1523 1522 2245
f 2245 1522 1520
f 1523 2245 1525
f 1526 1528 2246
f 2246 1528 1529
f 2246 1529 1531
f 1989 1990 2246
f 2246 1990 1526
f 1989 2246 1531
f 1532 2131 2247
f 2247 2131 2132
f 2247 2132 1537
f 1535 1534 2247
f 2247 1534 1532
f 1535 2247 1537
f 114 2133 1542
f 1542 2133 1544
f 1544 2133 2248
f 2248 2133 2134
f 2248 2134 1549
f 1547 1546 2248
f 2248 1546 1544
f 1547 2248 1549
f 1550 1552 2249
f 2249 1552 1553
f 2249 1553 1555
f 1998 1999 2249
f 2249 1999 1550
f 1998 2249 1555
f 1556 2135 2250
f 2250 2135 2136
f 2250 2136 1561
f 1559 1558 2250
f 2250 1558 1556
f 1559 2250 1561
f 114 2137 1566
f 1566 2137 1568
f 1568 2137 2251
f 2251 2137 2138
f 2251 2138 1573
f 1571 1570 2251
f 2251 1570 1568
f 1571 2251 1573
f 1574 1576 2252
f 2252 1576 1577
f 2252 1577 1579
f 2007 2008 2252
f 2252 2008 1574
f 2007 2252 1579
f 1580 2139 2253
f 2253 2139 2140
f 2253 2140 1585
f 1583 1582 2253
f 2253 1582 1580
f 1583 2253 1585
f 114 2141 1590
f 1590 2141 1592
f 1592 2141 2254
f 2254 2141 2142
f 2254 2142 1597
f 1595 1594 2254
f 2254 1594 1592
f 1595 2254 1597
f 1598 1600 2255
f 2255 1600 1601
f 2255 1601 1603
f 2016 2017 2255
f 2255 2017 1598
f 2016 2255 1603
f 1604 2143 2256
f 2256 2143 2144
f 2256 2144 1609
f 1607 1606 2256
f 2256 1606 1604
f 1607 2256 1609
f 114 2145 1614
f 1614 2145 1616
f 1616 2145 2257
f 2257 2145 2146
f 2257 2146 1621
f 1619 1618 2257
f 2257 1618 1616
f 1619 2257 1621
f 1622 1624 2258
f 2258 1624 1625
f 2258 1625 1627
f 2025 2026 2258
f 2258 2026 1622
f 2025 2258 1627
f 1628 2147 2259
f 2259 2147 2148
f 2259 2148 1633
f 1631 1630 2259
f 2259 1630 1628
f 1631 2259 1633
f 114 2149 1638
f 1638 2149 1640
f 1640 2149 2260
f 2260 2149 2150
f 2260 2150 1645
f 1643 1642 2260
f 2260 1642 1640
f 1643 2260 1645
f 1646 1648 2261
f 2261 1648 1649
f 2261 1649 1651
f 2034 2035 2261
f 2261 2035 1646
f 2034 2261 1651
f 1652 2151 2262
f 2262 2151 2152
f 2262 2152 1657
f 1655 1654 2262
f 2262 1654 1652
f 1655 2262 1657
f 114 2153 1662
f 1662 2153 1664
f 1664 2153 2263
f 2263 2153 2154
f 2263 2154 1669
f 1667 1666 2263
f 2263 1666 1664
f 1667 2263 1669
f 1670 1672 2264
f 2264 1672 1673
f 2264 1673 1675
f 2043 2044 2264
f 2264 2044 1670
f 2043 2264 1675
f 1676 2155 2265
f 2265 2155 2156
f 2265 2156 1681
f 1679 1678 2265
f 2265 1678 1676
f 1679 2265 1681
f 114 2157 1686
f 1686 2157 1688
f 1688 2157 2266
f 2266 2157 2158
f 2266 2158 1693
f 1691 1690 2266
f 2266 1690 1688
f 1691 2266 1693
f 1694 1696 2267
f 2267 1696 1697
f 2267 1697 1699
f 2052 2053 2267
f 2267 2053 1694
f 2052 2267 1699
f 1700 2159 2268
f 2268 2159 2160
f 2268 2160 1705
f 1703 1702 2268
f 2268 1702 1700
f 1703 2268 1705
f 114 2161 1710
f 1710 2161 1712
f 1712 2161 2269
f 2269 2161 2162
f 2269 2162 1717
f 1715 1714 2269
f 2269 1714 1712
f 1715 2269 1717
f 1718 1720 2270
f 2270 1720 1721
f 2270 1721 1723
f 2061 2062 2270
f 2270 2062 1718
f 2061 2270 1723
f 1724 2163 2271
f 2271 2163 2164
f 2271 2164 1729
f 1727 1726 2271
f 2271 1726 1724
f 1727 2271 1729
f 114 2165 1734
f 1734 2165 1736
f 1736 2165 2272
f 2272 2165 2166
f 2272 2166 1741
f 1739 1738 2272
f 2272 1738 1736
f 1739 2272 1741
f 1742 1744 2273
f 2273 1744 1745
f 2273 1745 1747
f 2070 2071 2273
f 2273 2071 1742
f 2070 2273 1747
f 1748 2167 2274
f 2274 2167 2168
f 2274 2168 1753
f 1751 1750 2274
f 2274 1750 1748
f 1751 2274 1753
f 55 60 113
f 113 60 118
f 2275 50 2650
f 2650 50 2651
f 2651 50 52
f 2651 52 2276
f 2276 52 2277
f 2277 52 109
f 109 52 54
f 109 54 111
f 111 54 55
f 111 55 113
f 2277 109 2278
f 2278 109 2352
f 2352 109 2279
f 2279 109 107
f 2279 107 2280
f 2280 107 2348
f 2278 2281 2277
f 2277 2281 2282
f 2282 2281 2283
f 2282 2283 2284
f 2284 2283 2285
f 2284 2285 2286
f 2286 2285 2287
f 2286 2287 2288
f 2288 2287 2289
f 2288 2289 2290
f 2290 2289 2291
f 2290 2291 2292
f 2292 2291 2293
f 2292 2293 2294
f 2294 2293 702
f 2294 702 701
f 81 2348 107
f 81 2347 2348
f 2347 81 2295
f 2295 81 84
f 2295 84 85
f 2295 85 2296
f 2296 85 2297
f 2297 85 87
f 2297 87 2298
f 2298 87 88
f 2298 88 2299
f 2299 88 90
f 2299 90 2300
f 2300 90 91
f 2300 91 2301
f 2301 91 92
f 2301 92 94
f 2301 94 2340
f 2340 94 2341
f 2341 94 96
f 2341 96 2302
f 2302 96 98
f 2302 98 2303
f 2303 98 99
f 2303 99 2304
f 2304 99 101
f 2304 101 2305
f 2305 101 102
f 2305 102 2306
f 2306 102 104
f 2306 104 2342
f 2342 104 69
f 2342 69 2307
f 2307 69 2343
f 2343 69 68
f 2343 68 106
f 2343 106 2308
f 2308 106 2522
f 2522 106 105
f 2313 2311 2312
f 2314 2336 2549
f 2549 2336 2337
f 2549 2337 2512
f 2512 2337 2315
f 2512 2315 2548
f 2548 2315 2338
f 2548 2338 2316
f 2510 2316 2339
f 2510 2339 2317
f 2317 2339 2318
f 2520 2972 2346
f 2520 2346 2311
f 2311 2295 2312
f 2312 2295 2314
f 2314 2295 2336
f 2337 2336 2297
f 2316 2338 2300
f 2316 2300 2339
f 2318 2339 2301
f 2318 2301 2319
f 2319 2301 2340
f 2319 2340 2320
f 2320 2340 2341
f 2320 2341 2321
f 2321 2341 2322
f 2323 2322 2303
f 2323 2303 2324
f 2324 2303 2325
f 2326 2325 2305
f 2326 2305 2327
f 2327 2305 2328
f 2329 2328 2342
f 2329 2342 2330
f 2330 2342 2331
f 2332 2331 2343
f 2332 2343 2344
f 2333 2344 2524
f 2333 2524 2345
f 2333 2345 2334
f 2334 2345 2335
f 2311 2346 2347
f 2536 2351 2352
f 2351 3039 2354
f 2351 2354 2352
f 2354 3039 2535
f 2353 3076 2361
f 2285 2355 2287
f 698 2358 696
f 2361 2362 2355
f 698 2357 2358
f 2357 3016 2358
f 2363 2365 2364
f 2365 2521 2364
f 2521 2360 2364
f 2360 2367 2366
f 2360 2366 2359
f 2359 605 2358
f 2370 2371 2528
f 2371 2372 2529
f 2529 2372 2527
f 600 2373 2540
f 2370 2374 2377
f 2373 2376 2375
f 2373 2375 2540
f 2378 2381 2380
f 2380 2368 2379
f 2381 2511 2369
f 2381 2369 2368
f 2369 2384 2368
f 2368 2384 2385
f 2368 2385 2379
f 2379 2386 598
f 2369 2383 2384
f 2383 2382 2390
f 2388 2389 2382
f 2382 2389 2390
f 2393 2394 2388
f 2397 2398 2393
f 2402 2403 2397
f 2407 2408 2402
f 2407 2411 2408
f 2411 2412 2413
f 2412 2417 2414
f 2417 2422 2419
f 2422 2426 2427
f 2426 2431 2432
f 2437 2436 2438
f 2439 2440 2436
f 2445 2446 2439
f 2451 2452 2445
f 2451 2459 2452
f 2459 2466 2467
f 2473 2485 2544
f 2466 2474 2467
f 2478 2479 2469
f 2480 2481 2471
f 2471 2481 2464
f 2482 2484 2483
f 2483 2484 2472
f 2472 2484 2473
f 2484 2485 2473
f 2488 2487 2466
f 2459 2488 2466
f 2488 2334 2487
f 2487 2334 2335
f 2459 2451 2488
f 2488 2451 2489
f 2445 2490 2451
f 2439 2491 2445
f 2436 2492 2439
f 2431 2493 2437
f 2493 2330 2331
f 2431 2494 2493
f 2493 2494 2495
f 2426 2494 2431
f 2495 2329 2330
f 2426 2496 2494
f 2494 2496 2497
f 2422 2496 2426
f 2497 2328 2329
f 2422 2498 2496
f 2496 2498 2499
f 2499 2327 2328
f 2417 2498 2422
f 2417 2500 2498
f 2498 2500 2501
f 2501 2326 2327
f 2412 2500 2417
f 2412 2502 2500
f 2500 2502 2503
f 2503 2325 2326
f 2411 2502 2412
f 2503 2324 2325
f 2411 2407 2502
f 2502 2407 2504
f 2504 2323 2324
f 2402 2505 2407
f 2505 2322 2323
f 2397 2506 2402
f 2506 2321 2322
f 2393 2507 2397
f 2507 2320 2321
f 2388 2508 2393
f 2508 2319 2320
f 2508 2318 2319
f 2382 2509 2388
f 2369 2546 2383
f 2383 2546 2382
f 2546 2369 2511
f 2548 2511 2513
f 2548 2513 2512
f 2511 2381 2513
f 2513 2381 2378
f 2513 2378 2514
f 2378 2377 2514
f 2514 2377 2374
f 2374 2370 2516
f 2516 2370 2367
f 2516 2367 2517
f 2313 2517 2518
f 2313 2518 2311
f 2517 2367 2519
f 2517 2519 2518
f 2519 2367 2360
f 2519 2360 2521
f 2518 2521 2520
f 2521 2365 2309
f 2308 2344 2343
f 2525 2544 2523
f 2465 2463 2464
f 2526 2463 727
f 2526 727 729
f 2462 2526 732
f 729 730 2526
f 2526 730 732
f 2453 2446 2452
f 2452 2446 2445
f 2435 611 2434
f 2434 2429 2433
f 2421 2416 2420
f 2410 2406 2542
f 2401 592 2396
f 2391 595 2386
f 2386 595 598
f 2371 2529 2530
f 2371 2530 2528
f 2370 2528 2367
f 2527 2531 2529
f 2528 2366 2367
f 2529 2531 2530
f 2528 2530 2366
f 2530 2531 2532
f 2530 2532 2366
f 2531 605 2532
f 2532 2359 2366
f 2532 605 2359
f 698 699 2357
f 2357 699 2533
f 699 702 2533
f 702 2293 2533
f 2533 2293 2356
f 2356 2293 2291
f 2356 2291 2289
f 2356 2289 2355
f 2355 2289 2287
f 2285 2283 2355
f 2355 2283 2534
f 2355 2534 2361
f 2361 2534 2353
f 2283 2281 2534
f 2534 2535 2353
f 2281 2278 2534
f 2534 2278 2535
f 2278 2352 2354
f 2278 2354 2535
f 2536 2352 2279
f 2351 2536 2350
f 2350 2280 2349
f 2280 2348 2349
f 2311 2347 2295
f 2295 2296 2336
f 2336 2296 2297
f 2297 2298 2337
f 2337 2298 2315
f 2315 2298 2299
f 2315 2299 2338
f 2338 2299 2300
f 2300 2301 2339
f 2341 2302 2322
f 2322 2302 2303
f 2303 2304 2325
f 2325 2304 2305
f 2305 2306 2328
f 2328 2306 2342
f 2342 2307 2331
f 2331 2307 2343
f 2431 2437 2438
f 2437 2493 2436
f 2538 2363 2364
f 2538 2364 2359
f 2359 2364 2360
f 2358 3016 2538
f 2356 3025 2533
f 2984 2348 2973
f 2973 2348 2346
f 2310 2520 2309
f 2355 2362 2356
f 2280 2350 2536
f 2349 2348 2984
f 2348 2347 2346
f 2521 2309 2520
f 2358 2538 2359
f 2280 2536 2279
f 2521 2518 2519
f 2518 2520 2311
f 2372 2373 2527
f 2527 2373 600
f 2377 2371 2370
f 2371 2377 2376
f 2371 2376 2372
f 2372 2376 2373
f 2376 2377 2539
f 2376 2539 2375
f 2375 2539 2540
f 2377 2378 2539
f 2539 2378 2380
f 2539 2380 2379
f 2539 2379 2540
f 2540 2379 598
f 2380 2381 2368
f 2379 2385 2386
f 2384 2383 2390
f 2385 2384 2387
f 2387 2384 2390
f 2386 2385 2387
f 2390 2392 2387
f 2387 2392 2386
f 2392 2391 2386
f 2389 2392 2390
f 2388 2394 2389
f 2394 2395 2389
f 2389 2395 2392
f 592 2391 2392
f 2395 2396 2392
f 2396 592 2392
f 2394 2399 2395
f 2393 2398 2394
f 2398 2399 2394
f 2399 2400 2395
f 2395 2400 2396
f 2400 2401 2396
f 2398 2404 2399
f 2404 2400 2399
f 2400 2405 2401
f 2397 2403 2398
f 2403 2404 2398
f 2404 2405 2400
f 2403 2409 2404
f 2409 2405 2404
f 2406 2401 2405
f 2402 2408 2403
f 2408 2409 2403
f 2409 2542 2405
f 2542 2406 2405
f 2408 2541 2409
f 2541 2542 2409
f 2541 2408 2413
f 2413 2408 2411
f 2541 2413 2415
f 2543 2410 2542
f 2543 2542 2415
f 2415 2542 2541
f 2413 2412 2414
f 2415 2413 2414
f 2543 2415 2416
f 2415 2414 2418
f 2420 2415 2418
f 2416 2415 2420
f 2414 2417 2419
f 2418 2414 2419
f 2418 2419 2423
f 2420 2418 2425
f 2425 2418 2423
f 2421 2420 2425
f 2419 2422 2424
f 2423 2419 2428
f 2428 2419 2424
f 2425 2423 2428
f 2424 2422 2427
f 2428 2424 2427
f 2421 2425 2429
f 2428 2427 2430
f 2425 2428 2433
f 2433 2428 2430
f 2429 2425 2433
f 2427 2426 2432
f 2430 2427 2432
f 2430 2432 2537
f 2433 2430 2435
f 2435 2430 2537
f 2434 2433 2435
f 2432 2431 2438
f 2537 2432 2438
f 2438 2441 2537
f 2537 2441 2435
f 2441 611 2435
f 2436 2440 2438
f 2440 2443 2438
f 2438 2443 2441
f 2442 611 2441
f 2443 2447 2441
f 2439 2446 2440
f 2440 2446 2443
f 2446 2447 2443
f 2447 2450 2441
f 2441 2450 2442
f 2450 2460 2442
f 2460 2444 2442
f 2446 2453 2447
f 2453 2449 2447
f 2447 2449 2450
f 2460 2448 2444
f 2452 2456 2453
f 2456 2457 2453
f 2457 2458 2453
f 2453 2458 2449
f 2458 2468 2449
f 2449 2468 2450
f 2468 2460 2450
f 2460 2461 2448
f 2448 2461 2454
f 2454 2461 2455
f 2459 2456 2452
f 2461 2469 2455
f 2469 2462 2455
f 2459 2467 2456
f 2456 2467 2457
f 2467 2476 2457
f 2457 2476 2458
f 2476 2468 2458
f 2468 2477 2460
f 2477 2461 2460
f 2478 2469 2461
f 2469 2470 2462
f 2462 2470 2526
f 2470 2471 2526
f 2526 2471 2463
f 2471 2464 2463
f 2464 2483 2465
f 2465 2483 2472
f 2545 2345 2524
f 2473 2544 2525
f 2473 2525 2472
f 2472 2525 2465
f 2475 2476 2467
f 2474 2475 2467
f 2476 2477 2468
f 2477 2478 2461
f 2469 2479 2470
f 2480 2471 2470
f 2479 2480 2470
f 2481 2482 2464
f 2464 2482 2483
f 2545 2544 2486
f 2345 2545 2486
f 2485 2486 2544
f 2335 2345 2486
f 2488 2489 2334
f 2489 2451 2490
f 2334 2489 2333
f 2333 2489 2490
f 2490 2445 2491
f 2333 2490 2344
f 2344 2490 2491
f 2344 2308 2524
f 2524 2308 2545
f 2308 2522 2545
f 2545 2522 2544
f 2522 2523 2544
f 2491 2439 2492
f 2344 2491 2332
f 2332 2491 2492
f 2492 2436 2493
f 2332 2492 2331
f 2331 2492 2493
f 2495 2330 2493
f 2494 2497 2495
f 2497 2329 2495
f 2496 2499 2497
f 2499 2328 2497
f 2498 2501 2499
f 2501 2327 2499
f 2500 2503 2501
f 2503 2326 2501
f 2502 2504 2503
f 2504 2324 2503
f 2504 2407 2505
f 2323 2504 2505
f 2505 2402 2506
f 2322 2505 2506
f 2506 2397 2507
f 2321 2506 2507
f 2507 2393 2508
f 2320 2507 2508
f 2508 2388 2509
f 2318 2508 2509
f 2318 2509 2317
f 2509 2382 2546
f 2317 2509 2510
f 2510 2509 2546
f 2547 2546 2511
f 2547 2511 2548
f 2547 2510 2546
f 2547 2316 2510
f 2316 2547 2548
f 2549 2512 2513
f 2549 2513 2514
f 2374 2549 2514
f 2516 2314 2374
f 2374 2314 2549
f 2515 2314 2516
f 2515 2313 2312
f 2314 2515 2312
f 2515 2516 2517
f 2515 2517 2313
f 2783 2737 2735
f 2783 2735 2562
f 734 2784 2564
f 2567 2757 2568
f 2568 2790 2737
f 2570 2573 2574
f 2751 725 2582
f 734 733 2569
f 2569 733 731
f 2569 731 2572
f 2572 731 728
f 728 726 2572
f 2572 726 2574
f 2572 2574 2573
f 2574 726 2751
f 2751 726 725
f 2563 2735 2580
f 2582 725 2583
f 2577 2583 2584
f 2584 739 2585
f 2584 2585 2577
f 2589 2592 2732
f 2590 2732 2598
f 2587 2591 2588
f 2732 2592 2597
f 2732 2597 2598
f 2588 2591 2593
f 2588 2593 2589
f 2589 2593 2592
f 2593 2591 2594
f 2593 2594 2596
f 2595 2596 2594
f 2620 2796 2602
f 2677 2602 2603
f 2727 2603 2798
f 2727 2798 2604
f 2726 2604 2605
f 2724 2608 2635
f 2723 2609 2610
f 2779 2611 2612
f 2595 2619 2599
f 2601 2600 2620
f 2599 2619 2621
f 2599 2621 2600
f 2600 2621 2620
f 2620 2621 2796
f 2621 2795 2796
f 2795 2622 2626
f 2795 2626 2623
f 2622 2624 2626
f 2623 2625 2603
f 2623 2626 2625
f 2626 2624 2627
f 2604 2629 2605
f 2627 2628 2629
f 2629 2630 2605
f 2629 2628 2799
f 2629 2799 2630
f 2635 2636 2637
f 2635 2637 2723
f 2634 2638 2636
f 2636 2638 2639
f 2636 2639 2637
f 2723 2637 2609
f 2637 2639 2609
f 2639 2638 2641
f 2639 2641 2609
f 2609 2641 2610
f 2638 2640 2641
f 2641 2642 2610
f 2610 2642 2611
f 2641 2640 2644
f 2641 2644 2642
f 2640 2643 2644
f 2644 2646 2642
f 2611 2642 2612
f 2643 2645 2644
f 2642 2646 2612
f 2644 2645 2646
f 2646 2618 2612
f 2612 2618 2613
f 2646 2645 2618
f 2645 2647 2648
f 2645 2648 2616
f 2645 2616 2618
f 2721 2617 2275
f 2275 2650 2649
f 2720 2650 2651
f 2719 2652 2653
f 2931 2653 2887
f 2887 2653 2654
f 2804 2292 2294
f 2276 2277 2652
f 2652 2277 2657
f 2652 2657 2656
f 2652 2656 2653
f 2657 2277 2282
f 2657 2282 2284
f 2657 2284 2658
f 2657 2658 2656
f 2653 2656 2654
f 2658 2284 2286
f 2656 2658 2654
f 2658 2286 2288
f 2658 2288 2655
f 2288 2290 2655
f 2655 2290 2804
f 2290 2292 2804
f 701 2660 2294
f 2294 2660 2804
f 2660 701 700
f 700 697 2659
f 2804 2660 2718
f 2670 2673 2707
f 2707 2673 2671
f 2666 2672 2670
f 2670 2672 2673
f 2673 2668 2671
f 2671 2668 2667
f 2673 2772 2668
f 2672 2669 2673
f 2673 2669 2772
f 2686 2689 2675
f 2675 2689 2687
f 2675 2687 2685
f 2674 2688 2686
f 2686 2688 2689
f 2685 2687 2676
f 2680 2691 2681
f 2681 2691 2693
f 2693 2692 2682
f 2682 2692 2683
f 2682 2683 2690
f 2559 2691 2684
f 2558 2694 2557
f 2557 2694 2812
f 2557 2812 2556
f 2556 2812 2555
f 2555 2812 2553
f 2555 2553 2554
f 2698 2708 2699
f 2699 2716 2700
f 2700 2716 2709
f 2700 2709 2701
f 2701 2709 2710
f 2701 2710 2702
f 2702 2710 2711
f 2702 2711 2703
f 2703 2711 2712
f 2703 2712 2704
f 2704 2712 2713
f 2704 2713 2705
f 2705 2713 2714
f 2705 2714 2706
f 2706 2714 2707
f 2707 2714 2670
f 2708 2715 2699
f 2699 2715 2716
f 2717 2718 2659
f 2890 2654 2655
f 2719 2886 2805
f 2805 2720 2651
f 2859 2696 2614
f 2614 2696 2613
f 2696 2781 2613
f 2613 2781 2612
f 2611 2779 2722
f 2611 2722 2610
f 2723 2724 2635
f 2724 2725 2608
f 2608 2725 2607
f 2607 2725 2775
f 2607 2775 2606
f 2775 2807 2606
f 2606 2807 2605
f 2605 2807 2667
f 2605 2667 2726
f 2726 2773 2604
f 2604 2773 2727
f 2603 2727 2676
f 2676 2677 2603
f 2677 2771 2602
f 2602 2771 2620
f 2595 2730 2596
f 2793 2728 2690
f 2793 2690 2766
f 2793 2766 2597
f 2793 2597 2729
f 2729 2597 2596
f 2589 2731 2588
f 2588 2731 2587
f 2732 2590 2555
f 2732 2555 2733
f 2587 2731 2581
f 2555 2554 2733
f 2731 2586 2581
f 2563 2580 2554
f 2735 2737 2738
f 2741 2744 2742
f 2746 2748 2747
f 2576 2736 2575
f 2575 2750 2751
f 2575 2751 2582
f 2574 2750 2570
f 2752 2753 2784
f 2784 2753 2754
f 2784 2754 2564
f 2758 2759 2756
f 2756 2759 2757
f 2757 2759 2568
f 2760 2758 2748
f 2745 2760 2748
f 2760 2759 2758
f 2790 2761 2745
f 2745 2761 2760
f 2735 2563 2562
f 2563 2554 2553
f 2556 2555 2764
f 2556 2764 2811
f 2556 2811 2557
f 2557 2811 2558
f 2555 2590 2764
f 2590 2598 2764
f 2762 2764 2810
f 2558 2763 2684
f 2764 2598 2765
f 2598 2766 2765
f 2810 2765 2683
f 2810 2683 2692
f 2690 2728 2682
f 2682 2728 2601
f 2682 2601 2769
f 2601 2620 2769
f 2767 2769 2809
f 2678 2770 2687
f 2771 2677 2676
f 2676 2727 2685
f 2675 2685 2808
f 2675 2808 2772
f 2675 2772 2686
f 2686 2772 2674
f 2685 2727 2773
f 2772 2774 2668
f 2808 2773 2726
f 2807 2775 2707
f 2707 2775 2706
f 2725 2724 2776
f 2724 2723 2776
f 2776 2777 2703
f 2776 2723 2777
f 2777 2723 2610
f 2777 2610 2778
f 2702 2778 2701
f 2610 2722 2778
f 2779 2780 2700
f 2700 2780 2699
f 2779 2612 2780
f 2780 2612 2781
f 2781 2696 2698
f 735 2564 2754
f 735 2754 704
f 704 2754 2565
f 2790 2568 2761
f 2761 2568 2759
f 2550 2560 2695
f 2695 2560 2551
f 2560 2561 2552
f 2560 2552 2551
f 2552 2561 2553
f 2561 2562 2553
f 2562 2563 2553
f 2550 704 2565
f 2550 2565 2566
f 2560 2550 2566
f 2560 2566 2782
f 2561 2560 2782
f 2562 2561 2783
f 2783 2561 2782
f 2754 2786 2565
f 2565 2786 2566
f 2786 2567 2566
f 2566 2567 2782
f 2567 2568 2782
f 2568 2737 2783
f 2782 2568 2783
f 2785 2786 2754
f 2785 2754 2755
f 2755 2754 2753
f 734 2569 2787
f 2787 2569 2752
f 2752 2569 2570
f 2784 734 2787
f 2756 2757 2567
f 2756 2567 2786
f 2756 2786 2785
f 2790 2745 2743
f 2740 2739 2741
f 2788 2585 2791
f 2577 2736 2576
f 2749 2585 2788
f 2577 2576 2583
f 2576 2582 2583
f 2738 2739 2789
f 2738 2789 2735
f 2740 2788 2791
f 2741 2739 2743
f 2743 2739 2738
f 2743 2738 2790
f 2578 2740 2791
f 2578 2792 2579
f 2789 2579 2580
f 2789 2580 2735
f 2739 2740 2578
f 2791 2585 739
f 2791 739 740
f 2737 2790 2738
f 2789 2739 2579
f 2579 2739 2578
f 2578 2791 2792
f 2792 2791 740
f 2792 740 2581
f 2579 2586 2580
f 2586 2792 2581
f 2792 2586 2579
f 2586 2731 2734
f 2586 2734 2580
f 2580 2734 2554
f 2734 2731 2589
f 2734 2589 2733
f 2733 2589 2732
f 2554 2734 2733
f 2592 2593 2596
f 2592 2596 2597
f 2729 2596 2730
f 2598 2597 2766
f 2729 2730 2794
f 2794 2793 2729
f 2595 2599 2730
f 2794 2730 2599
f 2793 2794 2728
f 2600 2794 2599
f 2728 2794 2601
f 2601 2794 2600
f 2619 2622 2621
f 2621 2622 2795
f 2796 2795 2623
f 2796 2623 2602
f 2603 2602 2623
f 2626 2797 2625
f 2603 2625 2798
f 2626 2627 2797
f 2625 2797 2798
f 2627 2629 2797
f 2798 2797 2629
f 2604 2798 2629
f 2628 2631 2799
f 2630 2800 2605
f 2605 2800 2606
f 2799 2631 2800
f 2799 2800 2630
f 2631 2632 2800
f 2800 2801 2606
f 2606 2801 2607
f 2800 2632 2802
f 2800 2802 2801
f 2632 2633 2802
f 2801 2803 2607
f 2607 2803 2608
f 2802 2633 2801
f 2801 2633 2803
f 2634 2636 2633
f 2633 2636 2803
f 2635 2803 2636
f 2608 2803 2635
f 2781 2698 2699
f 2716 2715 2659
f 2716 2659 2661
f 2716 2661 2709
f 2709 2661 2710
f 2710 2661 2662
f 2710 2662 2711
f 2711 2662 2663
f 2711 2663 2712
f 2712 2663 2664
f 2712 2664 2713
f 2713 2664 2665
f 2713 2665 2714
f 2714 2665 2666
f 2714 2666 2670
f 2659 2715 2717
f 700 2659 2718
f 2660 700 2718
f 2655 2804 2890
f 2658 2655 2654
f 2805 2652 2719
f 2651 2276 2805
f 2805 2276 2652
f 2617 2616 2648
f 2616 2806 2618
f 2781 2699 2780
f 2700 2701 2778
f 2722 2779 2700
f 2722 2700 2778
f 2778 2702 2777
f 2777 2702 2703
f 2776 2703 2704
f 2776 2704 2705
f 2725 2776 2705
f 2705 2706 2775
f 2775 2725 2705
f 2807 2707 2671
f 2667 2807 2671
f 2772 2669 2674
f 2668 2774 2667
f 2667 2774 2726
f 2774 2772 2808
f 2773 2808 2685
f 2808 2726 2774
f 2689 2678 2687
f 2689 2688 2678
f 2679 2678 2688
f 2678 2679 2768
f 2678 2809 2770
f 2770 2809 2771
f 2771 2809 2620
f 2676 2687 2770
f 2770 2771 2676
f 2809 2678 2768
f 2680 2681 2768
f 2768 2681 2809
f 2767 2809 2681
f 2769 2620 2809
f 2679 2680 2768
f 2693 2767 2681
f 2769 2767 2682
f 2682 2767 2693
f 2691 2559 2693
f 2693 2559 2692
f 2559 2684 2763
f 2692 2559 2763
f 2692 2763 2810
f 2810 2763 2762
f 2690 2683 2766
f 2766 2683 2765
f 2763 2558 2811
f 2763 2811 2762
f 2762 2811 2764
f 2765 2810 2764
f 2694 2551 2812
f 2812 2552 2553
f 2812 2551 2552
f 2618 2614 2613
f 2806 2614 2618
f 2721 2615 2616
f 2615 2806 2616
f 2617 2721 2616
f 2720 2649 2650
f 2696 2697 2698
f 2743 2745 2746
f 2743 2746 2741
f 2741 2746 2747
f 2741 2747 2744
f 2577 2585 2749
f 2571 2574 2751
f 2569 2572 2573
f 2748 2746 2745
f 2740 2741 2742
f 2740 2742 2788
f 2788 2742 2749
f 2577 2749 2736
f 2582 2576 2575
f 2571 2751 2750
f 2571 2750 2574
f 2569 2573 2570
f 2784 2787 2752
f 2756 2785 2758
f 2758 2785 2755
f 2761 2759 2760
f 2697 2818 2698
f 2698 2818 2819
f 2698 2819 2708
f 2708 2819 2715
f 2715 2819 2833
f 2923 2910 2924
f 2815 2824 2814
f 2814 2824 2825
f 2814 2825 2816
f 2816 2825 2829
f 2816 2829 2817
f 2817 2829 2826
f 2826 2829 2832
f 2826 2832 2827
f 2827 2832 2830
f 2827 2830 2828
f 2828 2830 2818
f 2818 2830 2819
f 2824 2831 2825
f 2825 2831 2918
f 2825 2918 2829
f 2829 2918 2832
f 2830 2832 2833
f 2830 2833 2819
f 2837 2836 2820
f 2820 2836 2838
f 2836 2839 2840
f 2836 2840 2838
f 2838 2840 2842
f 2840 2839 2841
f 2840 2841 2842
f 2839 2843 2844
f 2839 2844 2841
f 2841 2844 2842
f 2842 2844 2845
f 2844 2843 2845
f 2821 2847 2883
f 2847 2848 2883
f 2906 2823 2963
f 2852 2851 2898
f 2852 2898 2853
f 2857 2856 2858
f 2857 2858 2615
f 2615 2858 2806
f 2806 2858 2614
f 2614 2858 2859
f 2696 2859 2860
f 2860 2897 2861
f 2861 2897 2896
f 2861 2896 2863
f 2863 2896 2862
f 2863 2862 2864
f 2864 2862 2865
f 2864 2865 2894
f 2894 2865 2866
f 2866 2865 2867
f 2866 2867 2869
f 2869 2867 2868
f 2869 2868 2813
f 2857 2615 2721
f 2857 2721 2871
f 2871 2721 2275
f 2275 2649 2872
f 2873 2875 2850
f 2850 2875 2849
f 2872 2649 2876
f 2872 2876 2874
f 2874 2876 2877
f 2874 2877 2873
f 2873 2877 2878
f 2873 2878 2880
f 2873 2880 2875
f 2875 2880 2849
f 2649 2720 2876
f 2878 2879 2880
f 2849 2880 2848
f 2720 2805 2876
f 2876 2805 2881
f 2876 2881 2877
f 2877 2881 2884
f 2877 2884 2878
f 2878 2884 2882
f 2878 2882 2879
f 2879 2882 2883
f 2879 2883 2880
f 2880 2883 2848
f 2805 2886 2881
f 2881 2886 2884
f 2882 2884 2922
f 2882 2922 2885
f 2882 2885 2883
f 2883 2885 2821
f 2886 2719 2931
f 2931 2719 2653
f 2930 2888 2889
f 2930 2889 2845
f 2887 2654 2890
f 2887 2890 2892
f 2887 2892 2888
f 2888 2892 2889
f 2889 2842 2845
f 2892 2891 2889
f 2889 2891 2842
f 2890 2804 2892
f 2842 2891 2838
f 2804 2718 2892
f 2892 2718 2891
f 2891 2718 2820
f 2891 2820 2838
f 2913 2718 2717
f 2913 2717 2893
f 2893 2717 2833
f 2833 2717 2715
f 2818 2697 2860
f 2860 2697 2696
f 2870 2868 2895
f 2895 2868 2867
f 2895 2867 2899
f 2899 2867 2865
f 2899 2865 2900
f 2900 2865 2862
f 2902 2896 2897
f 2897 2860 2859
f 2870 2895 2898
f 2898 2895 2899
f 2901 2900 2862
f 2901 2862 2902
f 2902 2862 2896
f 2858 2897 2859
f 2963 2852 2903
f 2903 2852 2853
f 2903 2853 2904
f 2904 2853 2854
f 2904 2854 2905
f 2905 2854 2855
f 2905 2855 2856
f 2905 2856 2857
f 2906 2963 2903
f 2906 2903 2904
f 2871 2905 2857
f 2823 2906 2907
f 2907 2906 2904
f 2907 2904 2908
f 2908 2904 2905
f 2908 2905 2871
f 2909 2821 2921
f 2846 2909 2910
f 2910 2909 2921
f 2910 2921 2924
f 2911 2846 2910
f 2911 2910 2923
f 2835 2837 2912
f 2912 2837 2820
f 2912 2820 2913
f 2834 2835 2914
f 2914 2835 2912
f 2834 2914 2915
f 2915 2914 2912
f 2915 2912 2919
f 2919 2912 2913
f 2919 2913 2893
f 2916 2834 2915
f 2916 2915 2917
f 2917 2915 2918
f 2918 2915 2919
f 2919 2893 2833
f 2851 2870 2898
f 2898 2899 2853
f 2853 2899 2900
f 2853 2900 2854
f 2854 2900 2901
f 2854 2901 2855
f 2855 2901 2902
f 2855 2902 2856
f 2856 2902 2897
f 2856 2897 2858
f 2822 2823 2907
f 2822 2907 2920
f 2920 2907 2908
f 2908 2871 2275
f 2843 2911 2845
f 2845 2911 2923
f 2831 2916 2917
f 2831 2917 2918
f 2832 2918 2919
f 2832 2919 2833
f 2813 2815 2814
f 2813 2814 2869
f 2869 2814 2866
f 2866 2814 2816
f 2866 2816 2894
f 2894 2816 2817
f 2894 2817 2864
f 2864 2817 2826
f 2864 2826 2863
f 2863 2826 2861
f 2861 2826 2827
f 2861 2827 2828
f 2861 2828 2860
f 2860 2828 2818
f 2850 2822 2920
f 2850 2920 2873
f 2873 2920 2874
f 2874 2920 2872
f 2872 2920 2908
f 2872 2908 2275
f 2921 2821 2885
f 2921 2885 2922
f 2922 2884 2926
f 2926 2884 2886
f 2845 2923 2930
f 2924 2921 2922
f 2924 2922 2925
f 2925 2922 2926
f 2927 2926 2886
f 2927 2886 2931
f 2924 2925 2923
f 2928 2925 2926
f 2928 2926 2929
f 2929 2926 2927
f 2923 2925 2930
f 2930 2925 2928
f 2931 2929 2927
f 2888 2930 2928
f 2888 2928 2887
f 2887 2928 2929
f 2887 2929 2931
f 2913 2820 2718
f 2932 2933 2934
f 2934 2933 2935
f 2934 2935 2937
f 2937 2935 2936
f 2937 2936 2938
f 2937 2938 2940
f 2940 2938 2939
f 2940 2939 2941
f 2940 2941 2943
f 2943 2941 2942
f 2943 2942 2944
f 2943 2944 2946
f 2946 2944 2945
f 2946 2945 2947
f 2946 2947 2948
f 2946 2948 2950
f 2950 2948 2949
f 2950 2949 2951
f 2950 2951 2953
f 2953 2951 2952
f 2953 2952 2954
f 2953 2954 2956
f 2956 2954 2955
f 2956 2955 2957
f 2956 2957 2909
f 2909 2957 2958
f 2909 2958 2821
f 2821 2958 2959
f 2959 2958 2960
f 2959 2960 2849
f 2849 2960 2822
f 2822 2960 2961
f 2961 2962 2963
f 2963 2962 2852
f 2852 2962 2964
f 2868 2934 2813
f 2813 2934 2937
f 2934 2868 2932
f 2932 2868 2870
f 2932 2870 2964
f 2964 2870 2851
f 2964 2851 2852
f 2961 2963 2823
f 2961 2823 2822
f 2822 2850 2849
f 2959 2849 2848
f 2959 2848 2847
f 2959 2847 2821
f 2956 2909 2846
f 2956 2846 2911
f 2956 2911 2843
f 2956 2843 2953
f 2953 2843 2839
f 2953 2839 2950
f 2950 2839 2836
f 2950 2836 2837
f 2950 2837 2946
f 2946 2837 2835
f 2946 2835 2834
f 2946 2834 2943
f 2943 2834 2916
f 2943 2916 2831
f 2943 2831 2940
f 2940 2831 2824
f 2940 2824 2815
f 2940 2815 2937
f 2937 2815 2813
f 2747 2748 2758
f 2747 2758 2744
f 2744 2758 2755
f 2744 2755 2742
f 2742 2755 2753
f 2742 2753 2749
f 2749 2753 2752
f 2749 2752 2736
f 2736 2752 2570
f 2736 2570 2575
f 2575 2570 2750
f 706 330 707
f 282 283 2688
f 2688 283 2679
f 2679 283 279
f 2679 279 2680
f 2680 279 385
f 2680 385 2691
f 2691 385 386
f 2691 386 2684
f 2684 386 2558
f 2558 386 384
f 2558 384 2694
f 2694 384 390
f 2694 390 2551
f 2551 390 2695
f 2695 390 389
f 2695 389 2550
f 2550 389 391
f 282 2688 2674
f 282 2674 281
f 281 2674 380
f 380 2674 2669
f 380 2669 2672
f 380 2672 379
f 379 2672 2666
f 379 2666 378
f 378 2666 2665
f 378 2665 377
f 377 2665 2664
f 377 2664 375
f 375 2664 2663
f 375 2663 374
f 374 2663 2662
f 374 2662 372
f 372 2662 2661
f 372 2661 387
f 387 2661 2659
f 387 2659 388
f 2967 3109 2968
f 2970 2969 2980
f 2970 2980 2971
f 2971 2980 2972
f 2346 2972 2973
f 3072 3047 3046
f 3109 2978 2979
f 3109 2979 2968
f 2968 2979 2969
f 2969 2979 2981
f 2969 2981 2980
f 2980 2973 2972
f 2979 2978 2981
f 2981 2983 2980
f 2980 2983 2973
f 2978 2982 2981
f 2981 2982 2983
f 2973 2983 2984
f 2982 3111 2985
f 2982 2985 2983
f 2983 2985 2349
f 2983 2349 2984
f 2988 2987 2989
f 2988 2989 2990
f 2990 2989 3050
f 3050 2989 2976
f 3050 2976 3038
f 2991 2992 2987
f 2987 2992 2989
f 2989 2994 2976
f 2992 2993 2989
f 2989 2993 2994
f 2994 3034 2976
f 2992 2995 2993
f 2993 2995 2994
f 2994 2995 2996
f 2994 2996 3034
f 2995 3048 2997
f 2995 2997 2996
f 3001 3000 3002
f 3006 3004 3005
f 2365 3007 3008
f 3008 3007 3006
f 3008 3006 3005
f 3005 3004 3009
f 3009 3004 3013
f 3009 3013 3003
f 3010 3003 3002
f 3010 3002 3000
f 2965 3000 3001
f 2365 2363 3007
f 3007 2363 3011
f 3007 3011 3006
f 3006 3011 3043
f 3004 3006 3012
f 3004 3012 3013
f 3003 3013 3042
f 3003 3042 3014
f 3003 3014 3002
f 3011 2363 2538
f 3011 2538 3016
f 2977 3020 2999
f 3016 2357 3017
f 3017 2357 3022
f 3017 3022 3018
f 3018 3022 3023
f 3018 3023 3021
f 3018 3021 3019
f 3019 3021 3020
f 3020 3021 2999
f 3021 3023 3024
f 3021 3024 2999
f 2999 3024 2998
f 2357 2533 3022
f 3022 2533 3025
f 3022 3025 3023
f 3023 3025 3026
f 3023 3026 3024
f 3024 3026 2998
f 3025 3027 3026
f 3026 3027 3028
f 3026 3028 3029
f 3026 3029 2998
f 3027 3025 2356
f 3027 2356 2362
f 3027 2362 3030
f 3030 2362 2361
f 3030 2361 3076
f 3033 3032 3034
f 3033 3034 2996
f 3033 2996 2997
f 3076 2353 3035
f 3076 3035 3031
f 3031 3035 3032
f 3032 3035 3036
f 3032 3036 3034
f 2353 2535 3035
f 3035 3037 3036
f 3034 3036 2976
f 2535 3039 3035
f 3035 3039 3037
f 3037 3038 3036
f 3036 3038 2976
f 3039 2351 2350
f 2974 2350 2349
f 2310 2972 2520
f 2310 2309 3008
f 3008 2309 2365
f 3005 3040 3008
f 3005 3009 3040
f 3003 3041 3009
f 3010 3041 3003
f 3000 2966 3010
f 2965 2966 3000
f 3015 3001 3002
f 3015 3002 3014
f 3042 3013 3012
f 3043 3012 3006
f 3045 3044 3046
f 3047 3045 3046
f 3048 3045 3047
f 3048 3047 3072
f 3049 2987 2988
f 3049 2988 2990
f 3051 3050 3038
f 2986 3049 3052
f 3052 3049 2990
f 3052 2990 3053
f 3053 2990 3050
f 3053 3050 3054
f 3054 3050 3051
f 3054 3051 2975
f 3055 2986 3052
f 3056 3053 3054
f 3055 3052 3057
f 3057 3052 3053
f 3057 3053 3056
f 3056 3054 2974
f 2974 3054 2975
f 3058 2967 3059
f 3059 2967 2968
f 3059 2968 3060
f 3060 2968 2970
f 2970 2968 2969
f 3061 2971 2972
f 3061 2972 2310
f 3062 3058 3059
f 3063 3060 2970
f 3063 2970 3066
f 3066 2970 3064
f 3064 2970 2971
f 3064 2971 3061
f 3065 3062 3059
f 3065 3059 3063
f 3063 3059 3060
f 3040 3064 3061
f 3065 2966 3062
f 3067 3015 3068
f 3068 3015 3014
f 3068 3014 3042
f 3069 3042 3012
f 3069 3012 3043
f 3069 3043 3070
f 3070 3043 3011
f 3070 3011 3016
f 2997 3048 3072
f 3111 3055 3057
f 3111 3057 2985
f 2985 3057 3056
f 2985 3056 2974
f 2985 2974 2349
f 2966 3065 3010
f 3010 3065 3063
f 3010 3063 3041
f 3041 3063 3066
f 3041 3066 3009
f 3009 3066 3040
f 3040 3066 3064
f 3008 3040 3061
f 3008 3061 2310
f 2977 3067 3068
f 2977 3068 3020
f 3020 3068 3042
f 3020 3042 3019
f 3019 3042 3069
f 3019 3069 3018
f 3018 3069 3017
f 3017 3069 3070
f 3017 3070 3016
f 3044 3029 3071
f 3071 3029 3028
f 3072 3033 2997
f 3046 3044 3071
f 3046 3071 3074
f 3074 3071 3028
f 3074 3028 3073
f 3073 3028 3027
f 3072 3046 3074
f 3075 3074 3073
f 3030 3073 3027
f 3072 3074 3033
f 3033 3074 3075
f 3075 3073 3076
f 3076 3073 3030
f 3033 3075 3032
f 3032 3075 3031
f 3031 3075 3076
f 3051 3038 3077
f 3077 3038 3037
f 3077 3037 3039
f 3051 3077 2975
f 2975 3077 2350
f 2975 2350 2974
f 3039 2350 3077
f 3078 3079 3080
f 3080 3079 3081
f 3080 3081 3082
f 3082 3081 3083
f 3082 3083 3085
f 3085 3083 3084
f 3085 3084 3086
f 3085 3086 3088
f 3088 3086 3087
f 3088 3087 3089
f 3088 3089 3090
f 3090 3089 3091
f 3090 3091 3092
f 3090 3092 3094
f 3094 3092 3093
f 3094 3093 3095
f 3094 3095 3097
f 3097 3095 3096
f 3097 3096 3098
f 3097 3098 3100
f 3100 3098 3099
f 3100 3099 3101
f 3100 3101 3102
f 3102 3101 3103
f 3102 3103 3104
f 3104 3103 3105
f 3104 3105 3106
f 3109 3107 3108
f 3109 3108 2978
f 2978 3108 3110
f 2978 3110 2982
f 2982 3110 3111
f 3111 3110 3112
f 3111 3112 2986
f 2986 3112 3049
f 3049 3112 3113
f 3049 3113 2987
f 2987 3113 2991
f 2991 3113 3078
f 2991 3078 3080
f 3001 3102 2965
f 2965 3102 3104
f 2965 3104 2966
f 2966 3104 3106
f 3102 3001 3100
f 3100 3001 3015
f 3100 3015 3067
f 3100 3067 3097
f 3097 3067 2977
f 3097 2977 2999
f 3097 2999 3094
f 3094 2999 2998
f 3094 2998 3090
f 3090 2998 3029
f 3090 3029 3088
f 3088 3029 3044
f 3088 3044 3045
f 3088 3045 3085
f 3085 3045 3048
f 3085 3048 3082
f 3082 3048 2995
f 3082 2995 3080
f 3080 2995 2992
f 3080 2992 2991
f 2986 3055 3111
f 3109 2967 3058
f 3109 3058 3107
f 3107 3058 3062
f 3107 3062 3106
f 3106 3062 2966
f 2474 2466 2487
f 2474 2487 2475
f 2475 2487 2335
f 2475 2335 2476
f 2476 2335 2486
f 2476 2486 2477
f 2477 2486 2485
f 2477 2485 2478
f 2478 2485 2484
f 2478 2484 2479
f 2479 2484 2482
f 2479 2482 2480
f 2480 2482 2481
f 3114 3115 3116
f 3116 3115 3117
f 3116 3117 3118
f 3118 3117 3119
f 3118 3119 3120
f 3120 3119 3121
f 3120 3121 3122
f 3122 3121 3123
f 3122 3123 3125
f 3125 3123 3124
f 3125 3124 3126
f 3125 3126 3127
f 3127 3126 3128
f 3127 3128 3129
f 3129 3128 3130
f 3129 3130 3131
f 3131 3130 3132
f 3131 3132 3133
f 3133 3132 3134
f 3133 3134 3135
f 3135 3134 3136
f 3135 3136 3137
f 3137 3136 3138
f 3137 3138 3139
f 3139 3138 3140
f 3139 3140 3141
f 3141 3140 3142
f 3141 3142 3143
f 3143 3142 3144
f 3144 3142 3145
f 3144 3145 3146
f 3146 3145 3147
f 3146 3147 3148
f 3148 3147 3149
f 3148 3149 3150
f 3150 3149 3151
f 3150 3151 3152
f 3152 3151 3153
f 3152 3153 3154
f 3154 3153 3155
f 3154 3155 3156
f 3156 3155 3157
f 3156 3157 3158
f 3158 3157 3124
f 3158 3124 3159
f 3158 3159 3160
f 3160 3159 3161
f 3160 3161 3162
f 3162 3161 3163
f 3162 3163 3164
f 3115 3164 3117
f 3143 3396 3141
f 3140 3138 3142
f 3142 3138 3145
f 3138 3136 3145
f 3145 3136 3147
f 3136 3134 3147
f 3147 3134 3149
f 3134 3132 3149
f 3149 3132 3151
f 3132 3130 3151
f 3151 3130 3153
f 3130 3128 3153
f 3153 3128 3155
f 3128 3126 3155
f 3155 3126 3157
f 3126 3124 3157
f 3124 3123 3159
f 3123 3121 3159
f 3159 3121 3161
f 3117 3164 3163
f 3121 3119 3161
f 3161 3119 3163
f 3119 3117 3163
f 3165 3166 3167
f 3167 3166 3168
f 3167 3168 3169
f 3169 3168 3114
f 3169 3114 3170
f 3114 3116 3170
f 3170 3116 3171
f 3170 3171 3173
f 3173 3171 3172
f 3170 737 3169
f 3174 3175 3176
f 3176 3175 3177
f 3176 3177 3178
f 3178 3177 3179
f 3178 3179 3180
f 3180 3179 3181
f 3180 3181 3182
f 3182 3181 3183
f 3182 3183 3185
f 3185 3183 3184
f 3185 3184 3186
f 3185 3186 3187
f 3187 3186 3188
f 3187 3188 3189
f 3189 3188 3190
f 3189 3190 3191
f 3191 3190 3192
f 3191 3192 3193
f 3193 3192 3194
f 3193 3194 3195
f 3195 3194 3196
f 3195 3196 3197
f 3197 3196 3198
f 3197 3198 3199
f 3199 3198 3200
f 3199 3200 3201
f 3201 3200 3202
f 3201 3202 3405
f 3405 3202 3203
f 3203 3202 3204
f 3204 3202 3205
f 3204 3205 3206
f 3206 3205 3207
f 3206 3207 3208
f 3208 3207 3209
f 3208 3209 3210
f 3210 3209 3211
f 3210 3211 3212
f 3212 3211 3213
f 3212 3213 3214
f 3214 3213 3215
f 3214 3215 3216
f 3216 3215 3217
f 3216 3217 3218
f 3218 3217 3184
f 3218 3184 3219
f 3218 3219 3220
f 3220 3219 3221
f 3220 3221 3222
f 3222 3221 3223
f 3222 3223 3224
f 3175 3224 3177
f 3405 3428 3201
f 3200 3198 3202
f 3202 3198 3205
f 3198 3196 3205
f 3205 3196 3207
f 3196 3194 3207
f 3207 3194 3209
f 3194 3192 3209
f 3209 3192 3211
f 3192 3190 3211
f 3211 3190 3213
f 3190 3188 3213
f 3213 3188 3215
f 3188 3186 3215
f 3215 3186 3217
f 3186 3184 3217
f 3184 3183 3219
f 3183 3181 3219
f 3219 3181 3221
f 3177 3224 3223
f 3181 3179 3221
f 3221 3179 3223
f 3179 3177 3223
f 3227 3225 3226
f 3227 3226 3174
f 3227 3174 3228
f 3228 3174 3176
f 3228 3176 3229
f 3229 3176 3230
f 3229 3230 3232
f 3232 3230 3231
f 3228 3229 3233
f 3235 3234 3236
f 3235 3236 3238
f 3238 3236 3237
f 3238 3237 3240
f 3240 3237 3239
f 3240 3239 3242
f 3242 3239 3241
f 3242 3241 3244
f 3244 3241 3243
f 3244 3243 3246
f 3246 3243 3245
f 3246 3245 3248
f 3248 3245 3247
f 3248 3247 3250
f 3250 3247 3249
f 3250 3249 3251
f 3251 3249 3252
f 3251 3252 3253
f 3253 3252 3254
f 3254 3252 3255
f 3256 3234 3257
f 3257 3234 3235
f 3298 3258 3259
f 3259 3258 3260
f 3255 3261 3254
f 3254 3261 3262
f 3259 3260 3264
f 3264 3260 3263
f 3264 3263 3266
f 3266 3263 3265
f 3266 3265 3268
f 3268 3265 3267
f 3268 3267 3270
f 3270 3267 3269
f 3270 3269 3272
f 3272 3269 3271
f 3272 3271 3273
f 3272 3273 3274
f 3274 3273 3275
f 3274 3275 3278
f 3278 3275 3276
f 3278 3276 3277
f 3278 3277 3280
f 3280 3277 3279
f 3280 3279 3282
f 3282 3279 3281
f 3282 3281 3283
f 3283 3281 3284
f 3284 3285 3283
f 3283 3285 3286
f 3283 3286 3282
f 3282 3286 3287
f 3282 3287 3280
f 3280 3287 3288
f 3280 3288 3289
f 3280 3289 3278
f 3278 3289 3290
f 3278 3290 3274
f 3274 3290 3291
f 3274 3291 3272
f 3272 3291 3292
f 3272 3292 3270
f 3270 3292 3293
f 3270 3293 3268
f 3268 3293 3294
f 3268 3294 3295
f 3268 3295 3266
f 3266 3295 3296
f 3266 3296 3297
f 3266 3297 3264
f 3264 3297 3298
f 3264 3298 3259
f 3299 3285 3281
f 3281 3285 3284
f 3257 3235 3300
f 3300 3235 3238
f 3300 3238 3301
f 3301 3238 3240
f 3301 3240 3302
f 3302 3240 3242
f 3302 3242 3303
f 3303 3242 3244
f 3303 3244 3304
f 3304 3244 3246
f 3304 3246 3305
f 3305 3246 3306
f 3306 3246 3248
f 3306 3248 3307
f 3307 3248 3308
f 3308 3248 3250
f 3308 3250 3309
f 3309 3250 3251
f 3309 3251 3262
f 3262 3251 3253
f 3262 3253 3254
f 3331 3299 3310
f 3310 3299 3281
f 3310 3281 3311
f 3311 3281 3279
f 3311 3279 3312
f 3312 3279 3277
f 3312 3277 3313
f 3313 3277 3314
f 3314 3277 3276
f 3314 3276 3315
f 3315 3276 3275
f 3315 3275 3316
f 3316 3275 3273
f 3316 3273 3317
f 3317 3273 3271
f 3317 3271 3318
f 3318 3271 3269
f 3318 3269 3319
f 3319 3269 3267
f 3319 3267 3320
f 3320 3267 3321
f 3321 3267 3265
f 3321 3265 3322
f 3322 3265 3263
f 3322 3263 3323
f 3323 3263 3324
f 3324 3263 3325
f 3325 3263 3260
f 3325 3260 3327
f 3327 3260 3258
f 3327 3258 3326
f 3327 3326 3329
f 3329 3326 3328
f 3329 3328 3227
f 3227 3328 3225
f 3331 3310 3330
f 3331 3330 3333
f 3333 3330 3332
f 3333 3332 3335
f 3335 3332 3334
f 3335 3334 3336
f 3335 3336 3337
f 3337 3336 3339
f 3339 3336 3338
f 3339 3338 3340
f 3339 3340 3341
f 3341 3340 3173
f 3341 3173 3172
f 3368 3256 3342
f 3342 3256 3257
f 3342 3257 3343
f 3343 3257 3300
f 3343 3300 3344
f 3344 3300 3301
f 3344 3301 3345
f 3345 3301 3302
f 3345 3302 3346
f 3346 3302 3347
f 3347 3302 3303
f 3347 3303 3348
f 3348 3303 3304
f 3348 3304 3349
f 3349 3304 3305
f 3349 3305 3350
f 3350 3305 3306
f 3350 3306 3351
f 3351 3306 3307
f 3351 3307 3352
f 3352 3307 3308
f 3352 3308 3353
f 3353 3308 3309
f 3353 3309 3354
f 3354 3309 3262
f 3354 3262 3356
f 3356 3262 3261
f 3356 3261 3355
f 3356 3355 3357
f 3357 3355 3358
f 3357 3358 3359
f 3359 3358 3360
f 3359 3360 3361
f 3361 3360 3363
f 3363 3360 3362
f 3363 3362 3365
f 3365 3362 3364
f 3365 3364 3367
f 3367 3364 3366
f 3367 3366 3165
f 3165 3366 3166
f 3368 3342 3369
f 3368 3369 3371
f 3371 3369 3370
f 3371 3370 3232
f 3371 3232 3231
f 3374 3372 3373
f 3374 3373 3376
f 3376 3373 3375
f 3376 3375 3378
f 3378 3375 3377
f 3378 3377 3380
f 3380 3377 3379
f 3380 3379 3382
f 3382 3379 3381
f 3382 3381 3384
f 3384 3381 3383
f 3384 3383 3386
f 3386 3383 3385
f 3386 3385 3387
f 3387 3385 3388
f 3387 3388 3389
f 3389 3388 3390
f 3389 3390 3392
f 3392 3390 3391
f 3392 3391 3393
f 3393 3391 3394
f 3393 3394 3395
f 3395 3394 3372
f 3395 3372 3374
f 3299 3331 3285
f 3331 3333 3285
f 3333 3335 3285
f 3285 3335 3372
f 3372 3335 3373
f 3373 3335 3337
f 3373 3337 3339
f 3373 3339 3341
f 3373 3341 3375
f 3375 3341 3172
f 3375 3172 3141
f 3375 3141 3396
f 3171 3129 3172
f 3172 3129 3131
f 3172 3131 3133
f 3116 3118 3171
f 3118 3120 3171
f 3171 3120 3122
f 3171 3122 3125
f 3171 3125 3127
f 3171 3127 3129
f 3133 3135 3172
f 3172 3135 3137
f 3172 3137 3139
f 3139 3141 3172
f 3375 3396 3377
f 3377 3396 3397
f 3397 3398 3377
f 3377 3398 3399
f 3377 3399 3400
f 3377 3400 3401
f 3377 3401 3379
f 3379 3401 3402
f 3379 3402 3403
f 3379 3403 3404
f 3404 3405 3379
f 3379 3405 3381
f 3381 3405 3203
f 3381 3203 3225
f 3225 3203 3204
f 3225 3204 3206
f 3206 3208 3225
f 3225 3208 3210
f 3225 3210 3212
f 3212 3214 3225
f 3225 3214 3226
f 3226 3214 3216
f 3226 3216 3218
f 3226 3218 3220
f 3226 3220 3222
f 3222 3224 3226
f 3226 3224 3175
f 3175 3174 3226
f 3381 3225 3328
f 3381 3328 3298
f 3328 3326 3298
f 3298 3326 3258
f 3298 3383 3381
f 3383 3298 3297
f 3383 3297 3385
f 3385 3297 3296
f 3385 3296 3295
f 3385 3295 3294
f 3385 3294 3293
f 3385 3293 3388
f 3388 3293 3292
f 3388 3292 3390
f 3390 3292 3291
f 3291 3290 3390
f 3290 3289 3390
f 3390 3289 3391
f 3391 3289 3288
f 3391 3288 3287
f 3391 3287 3286
f 3391 3286 3394
f 3394 3286 3285
f 3394 3285 3372
f 3408 3406 3407
f 3408 3407 3410
f 3410 3407 3409
f 3410 3409 3412
f 3412 3409 3411
f 3412 3411 3414
f 3414 3411 3413
f 3414 3413 3416
f 3416 3413 3415
f 3416 3415 3418
f 3418 3415 3417
f 3418 3417 3420
f 3420 3417 3419
f 3420 3419 3422
f 3422 3419 3421
f 3422 3421 3424
f 3424 3421 3423
f 3424 3423 3426
f 3426 3423 3425
f 3426 3425 3427
f 3427 3425 3406
f 3427 3406 3408
f 3256 3368 3234
f 3234 3368 3371
f 3234 3371 3419
f 3419 3371 3231
f 3419 3231 3201
f 3419 3201 3428
f 3230 3189 3231
f 3231 3189 3191
f 3231 3191 3193
f 3176 3178 3230
f 3178 3180 3230
f 3230 3180 3182
f 3230 3182 3185
f 3230 3185 3187
f 3230 3187 3189
f 3193 3195 3231
f 3231 3195 3197
f 3231 3197 3199
f 3199 3201 3231
f 3419 3428 3421
f 3421 3428 3429
f 3429 3430 3421
f 3421 3430 3431
f 3431 3432 3421
f 3421 3432 3423
f 3423 3432 3433
f 3423 3433 3434
f 3434 3435 3423
f 3423 3435 3436
f 3423 3436 3437
f 3423 3437 3425
f 3425 3437 3143
f 3425 3143 3166
f 3166 3143 3144
f 3166 3144 3146
f 3146 3148 3166
f 3166 3148 3150
f 3166 3150 3152
f 3152 3154 3166
f 3166 3154 3168
f 3168 3154 3156
f 3168 3156 3158
f 3168 3158 3160
f 3168 3160 3162
f 3162 3164 3168
f 3168 3164 3115
f 3115 3114 3168
f 3425 3166 3366
f 3425 3366 3406
f 3406 3366 3364
f 3406 3364 3407
f 3407 3364 3362
f 3360 3255 3362
f 3362 3255 3407
f 3255 3360 3358
f 3358 3355 3255
f 3355 3261 3255
f 3252 3409 3255
f 3255 3409 3407
f 3409 3252 3249
f 3409 3249 3411
f 3411 3249 3247
f 3411 3247 3245
f 3245 3243 3411
f 3411 3243 3413
f 3243 3241 3413
f 3413 3241 3239
f 3413 3239 3415
f 3415 3239 3237
f 3415 3237 3236
f 3415 3236 3417
f 3417 3236 3234
f 3417 3234 3419
f 617 3438 37
f 37 3438 3439
f 37 3439 49
f 49 3439 3440
f 49 3440 51
f 51 3440 53
f 53 3440 3441
f 53 3441 56
f 3442 619 44
f 44 619 46
f 6 7 11
f 11 7 3443
f 11 3443 44
f 44 3443 3442
f 1000 56 3444
f 3444 56 3445
f 3445 56 3441
f 4 723 3446
f 3447 618 3446
f 3446 618 619
f 3446 619 4
f 4 619 3
f 3 619 3442
f 3 3442 3443
f 618 3447 617
f 617 3447 3448
f 617 3448 3438
f 3438 3448 3449
f 3438 3449 3439
f 3439 3449 3450
f 3439 3450 3440
f 3440 3450 3441
f 3443 7 3
f 1000 3444 114
f 114 3444 3451
f 114 3451 3462
f 3462 3452 112
f 3462 112 114
f 112 3452 110
f 110 3452 3453
f 110 3453 108
f 108 3453 3454
f 108 3454 80
f 80 3454 614
f 616 3455 78
f 78 3455 74
f 74 3455 73
f 73 3455 3456
f 73 3456 3457
f 73 3457 62
f 67 3457 3456
f 67 3456 3455
f 3455 616 67
f 67 616 3458
f 616 615 3458
f 3458 615 3459
f 3459 615 614
f 3459 614 3460
f 3460 614 3454
f 3460 3454 3461
f 3461 3454 3453
f 3461 3453 3452
f 3461 3452 3462
f 3458 3463 67
f 67 3463 65
f 65 3463 736
f 50 2617 35
f 35 2617 2648
f 2275 2617 50
f 2581 9 13
f 2581 13 2587
f 2587 13 2591
f 2591 13 15
f 2591 15 2594
f 2594 15 2595
f 2595 15 16
f 2595 16 18
f 2595 18 2619
f 2619 18 19
f 2619 19 2622
f 2622 19 21
f 2622 21 2624
f 2624 21 23
f 2624 23 2627
f 2627 23 24
f 2627 24 2628
f 2628 24 2631
f 2631 24 25
f 2631 25 2632
f 2632 25 27
f 2632 27 2633
f 2633 27 28
f 2633 28 2634
f 2634 28 30
f 2634 30 2638
f 2638 30 32
f 2638 32 2640
f 2640 32 2643
f 2643 32 33
f 2643 33 2645
f 2645 33 2647
f 2647 33 35
f 2647 35 2648
f 365 8 364
f 364 8 10
f 364 10 366
f 366 10 367
f 367 10 47
f 367 47 42
f 367 42 368
f 368 42 38
f 368 38 369
f 369 38 36
f 369 36 370
f 370 36 34
f 370 34 371
f 371 34 31
f 371 31 373
f 373 31 29
f 373 29 376
f 376 29 26
f 376 26 280
f 280 26 22
f 280 22 381
f 381 22 20
f 381 20 382
f 382 20 17
f 382 17 269
f 269 17 14
f 269 14 383
f 383 14 12
f 383 12 365
f 365 12 8
f 713 70 712
f 712 70 711
f 711 70 103
f 711 103 100
f 711 100 708
f 708 100 97
f 708 97 709
f 709 97 710
f 710 97 95
f 710 95 722
f 722 95 93
f 722 93 721
f 721 93 89
f 721 89 720
f 720 89 86
f 720 86 719
f 719 86 83
f 719 83 718
f 718 83 82
f 718 82 717
f 717 82 79
f 717 79 716
f 716 79 76
f 716 76 715
f 715 76 75
f 715 75 714
f 714 75 72
f 714 72 71
f 714 71 713
f 713 71 70
f 3445 3441 3464
f 3464 3441 3465
f 3465 3441 3450
f 3465 3450 3466
f 3466 3450 3449
f 3466 3449 3467
f 3467 3449 3448
f 3467 3448 3468
f 3468 3448 3469
f 3469 3448 3447
f 3469 3447 3446
f 3469 3446 724
f 724 3446 723
f 736 3463 738
f 738 3463 3470
f 3470 3463 3471
f 3471 3463 3472
f 3472 3463 3458
f 3472 3458 3473
f 3473 3458 3474
f 3474 3458 3459
f 3474 3459 3475
f 3475 3459 3476
f 3476 3459 3460
f 3476 3460 3477
f 3477 3460 3478
f 3478 3460 3461
f 3478 3461 3479
f 3479 3461 3480
f 3480 3461 3481
f 3481 3461 3482
f 3482 3461 3462
f 3482 3462 3483
f 3483 3462 3451
f 3444 3445 3484
f 3484 3445 3485
f 3485 3445 3464
f 3374 3336 3395
f 3395 3336 3334
f 3395 3334 3393
f 3393 3334 3392
f 3392 3334 3332
f 3374 3376 3336
f 3336 3376 3338
f 3338 3376 3378
f 3338 3378 3380
f 3338 3380 3340
f 3340 3380 3173
f 3173 3380 3170
f 3170 3380 3469
f 3468 3380 3467
f 3467 3380 3466
f 3466 3380 3382
f 3466 3382 3228
f 3228 3382 3227
f 3227 3382 3384
f 3227 3384 3329
f 3329 3384 3327
f 3327 3384 3325
f 3325 3384 3324
f 3324 3384 3386
f 3324 3386 3387
f 3387 3389 3324
f 3324 3389 3392
f 3228 3233 3466
f 3466 3233 3465
f 3465 3233 3485
f 3465 3485 3464
f 3468 3469 3380
f 3469 724 3170
f 3392 3332 3330
f 3330 3310 3392
f 3392 3310 3311
f 3392 3311 3312
f 3312 3313 3392
f 3392 3313 3314
f 3314 3315 3392
f 3392 3315 3316
f 3392 3316 3317
f 3317 3318 3392
f 3392 3318 3319
f 3392 3319 3320
f 3392 3320 3321
f 3392 3321 3322
f 3322 3323 3392
f 3392 3323 3324
f 674 3484 624
f 624 3484 3485
f 624 3485 622
f 622 3485 3233
f 622 3233 676
f 676 3233 3229
f 676 3229 3486
f 3484 674 3486
f 3486 674 676
f 3444 3484 3451
f 3451 3484 3486
f 3451 3486 3483
f 169 3397 124
f 124 3397 3436
f 124 3436 393
f 393 3436 392
f 392 3436 408
f 408 3436 409
f 409 3436 3435
f 409 3435 410
f 410 3435 411
f 411 3435 412
f 412 3435 3434
f 412 3434 413
f 413 3434 414
f 414 3434 396
f 396 3434 415
f 415 3434 3433
f 415 3433 3400
f 3400 3433 3432
f 3400 3432 3401
f 3401 3432 2933
f 2933 3432 3105
f 2933 3105 3103
f 3397 169 168
f 3397 168 3398
f 3398 168 167
f 167 166 3398
f 3398 166 165
f 3398 165 3399
f 3399 165 132
f 3399 132 163
f 3399 163 3400
f 3400 163 415
f 163 162 415
f 415 162 416
f 416 162 161
f 416 161 417
f 417 161 160
f 417 160 418
f 418 160 159
f 418 159 400
f 400 159 127
f 400 127 402
f 402 127 158
f 402 158 419
f 419 158 157
f 419 157 420
f 420 157 156
f 420 156 421
f 421 156 422
f 422 156 155
f 422 155 403
f 403 155 154
f 403 154 423
f 423 154 153
f 423 153 424
f 424 153 152
f 424 152 425
f 425 152 122
f 425 122 426
f 426 122 124
f 426 124 393
f 2933 2932 3401
f 2932 2964 3401
f 3401 2964 2962
f 3401 2962 3402
f 3402 2962 2961
f 3402 2961 2960
f 3402 2960 3403
f 3403 2960 2958
f 3403 2958 2957
f 3403 2957 3404
f 3404 2957 3079
f 3079 2957 2955
f 3079 2955 3081
f 3081 2955 2954
f 3081 2954 3083
f 3083 2954 2952
f 3083 2952 3084
f 3084 2952 2951
f 3084 2951 3086
f 3086 2951 2949
f 3086 2949 3087
f 3087 2949 2948
f 3087 2948 3089
f 3089 2948 2947
f 3089 2947 3091
f 3091 2947 2945
f 3091 2945 3092
f 3092 2945 2944
f 3092 2944 3093
f 3093 2944 2942
f 3093 2942 3095
f 3095 2942 2941
f 3095 2941 3096
f 3096 2941 2939
f 3096 2939 3098
f 3098 2939 2938
f 3098 2938 3099
f 3099 2938 2936
f 3099 2936 3101
f 3101 2936 2935
f 3101 2935 3103
f 3103 2935 2933
f 3404 3079 3428
f 3428 3079 3078
f 3428 3078 3429
f 3429 3078 3113
f 3113 3112 3429
f 3429 3112 3430
f 3112 3110 3430
f 3430 3110 3108
f 3430 3108 3431
f 3431 3108 3107
f 3431 3107 3106
f 3431 3106 3432
f 3432 3106 3105
f 3396 3143 3437
f 3396 3437 3397
f 3397 3437 3436
f 3404 3428 3405
f 3408 3361 3363
f 3408 3410 3361
f 3410 3412 3361
f 3412 3414 3361
f 3361 3414 3359
f 3359 3414 3357
f 3357 3414 3356
f 3356 3414 3354
f 3354 3414 3353
f 3353 3414 3352
f 3352 3414 3351
f 3351 3414 3350
f 3350 3414 3416
f 3350 3416 3349
f 3349 3416 3418
f 3349 3418 3348
f 3348 3418 3347
f 3347 3418 3346
f 3346 3418 3345
f 3345 3418 3344
f 3344 3418 3343
f 3343 3418 3342
f 3342 3418 3369
f 3369 3418 3420
f 3369 3420 3422
f 3369 3422 3424
f 3424 3167 3232
f 3167 3424 3165
f 3165 3424 3426
f 3165 3426 3427
f 3427 3408 3165
f 3165 3408 3367
f 3367 3408 3365
f 3365 3408 3363
f 3232 3167 3229
f 3229 3167 3169
f 3229 3169 737
f 3229 737 3486
f 3486 737 738
f 3486 738 3483
f 3483 738 3482
f 3482 738 3481
f 3481 738 3470
f 3481 3470 3471
f 3481 3471 3480
f 3480 3471 3472
f 3480 3472 3479
f 3479 3472 3473
f 3479 3473 3478
f 3478 3473 3474
f 3478 3474 3477
f 3477 3474 3475
f 3477 3475 3476
f 3232 3370 3424
f 3424 3370 3369
