v -16.4755 5.51223 -109.287
v -19.4767 5.51224 -109.39
v -19.2223 5.51221 -106.24
v -15.9315 5.51222 -111.077
v -18.633 5.51222 -112.474
v -14.8101 5.51223 -112.766
v -17.2636 5.51222 -114.479
v -12.6409 5.51223 -114.193
v -15.4662 5.51223 -116.088
v -13.2672 5.51222 -117.117
v -10.8108 5.51222 -114.549
v -10.9026 5.51223 -117.588
v -8.84 5.51222 -114.371
v -8.48331 5.51222 -117.332
v -6.57683 5.5122 -113.142
v -6.20833 5.51223 -116.508
v -4.26644 5.51222 -115.063
v -5.34486 5.51222 -111.651
v -2.72344 5.51223 -113.19
v -4.5844 5.51222 -109.862
v -1.57573 5.51221 -110.073
v -4.52117 5.51222 -107.909
v -1.60734 5.51223 -106.916
v -5.05078 5.51223 -105.942
v -2.37728 5.51222 -104.653
v -6.6424 5.51223 -103.908
v -3.71498 5.51222 -102.57
v -6.21292 5.51223 -100.605
v -8.938 5.51223 -102.727
v -8.48331 5.51222 -99.7836
v -10.8108 5.51222 -102.567
v -10.9106 5.51222 -99.5284
v -12.7823 5.51223 -102.978
v -14.0246 5.51222 -100.252
v -14.3703 5.51222 -103.985
v -16.6854 5.51223 -101.979
v -15.6931 5.51223 -105.509
v -18.212 5.51222 -103.942
v -16.3457 5.51222 -107.268
v 2.85573 5.51223 -109.274
v -0.144195 5.51223 -109.37
v 0.117469 5.51222 -106.217
v 3.40155 5.51222 -111.077
v 0.665788 5.51221 -112.398
v 4.51088 5.51223 -112.754
v 2.06936 5.51222 -114.479
v 6.67351 5.51223 -114.187
v 3.80989 5.51221 -116.057
v 6.06585 5.51222 -117.117
v 8.52217 5.51222 -114.549
v 8.46972 5.51223 -117.595
v 10.5231 5.51223 -114.354
v 10.8497 5.51222 -117.332
v 12.8021 5.51223 -113.115
v 13.2157 5.51223 -116.464
v 15.0666 5.51222 -115.063
v 13.9881 5.51222 -111.651
v 16.6283 5.51222 -113.148
v 14.7534 5.51223 -109.792
v 17.7391 5.51221 -110.156
v 14.8118 5.51222 -107.909
v 17.7401 5.51221 -106.965
v 14.2959 5.51223 -105.966
v 16.9557 5.51222 -104.653
v 12.704 5.51223 -103.918
v 15.6961 5.51222 -102.667
v 13.2143 5.51223 -100.65
v 10.3992 5.51223 -102.727
v 10.8497 5.51222 -99.7836
v 8.52217 5.51222 -102.567
v 8.45827 5.51223 -99.5217
v 6.55401 5.51223 -102.977
v 5.21117 5.51222 -100.289
v 4.96268 5.51222 -103.985
v 2.55869 5.51221 -102.072
v 3.64391 5.51223 -105.502
v 1.12096 5.51222 -103.942
v 2.98728 5.51222 -107.268
v -10.7768 -0.466222 -114.569
v -16.1683 -0.454806 -121.543
v -17.8818 -0.46347 -124.558
v -13.579 -0.468126 -117.572
v -12.3867 2.1629 -124.558
v -15.4965 0.873163 -124.558
v -7.62292 3.0022 -124.558
v -8.77305 -0.163735 -114.326
v -2.91723 2.70757 -124.558
v 1.41649 1.38249 -124.558
v -27.4576 -0.487776 -124.558
v -27.3764 7.51222 -124.57
v 24.8176 7.51222 -124.558
v 24.8176 -0.487776 -124.558
v 5.14313 -0.487776 -124.558
v 4.76021 -0.437179 -124.558
v 3.1522 -0.476156 -121.375
v 2.5154 -0.372176 -120.854
v -2.39708 -0.476122 -114.42
v -4.65479 -0.478919 -113.08
v -6.48879 -0.410216 -113.094
v 0.0217347 -0.468528 -116.911
v 3.48612 -0.487782 -111.327
v 5.14442 -0.487783 -113.322
v 7.48713 -0.487785 -114.437
v 10.0812 -0.487783 -114.464
v 25.68 -0.487776 -116.558
v 25.68 -0.487776 -124.558
v 25.8233 -0.487776 -115.789
v 12.4472 -0.487783 -113.4
v 24.1091 -0.48777 -113.005
v 26.0095 -0.48785 -114.17
v 27.4301 -0.487806 -114.539
v 27.68 -0.487776 -114.558
v 28.18 -0.487776 -114.558
v 22.7135 -0.487732 -111.102
v 14.1476 -0.487784 -111.441
v 22.1566 -0.487777 -108.81
v 14.8683 -0.487783 -108.949
v 22.4856 -0.487876 -106.616
v 14.4759 -0.487784 -106.384
v 23.9097 -0.487734 -104.233
v 13.043 -0.487784 -104.222
v 11.3663 -0.487776 -103.113
v 25.9416 -0.487776 -102.991
v 10.1368 -0.487776 -102.698
v 27.0401 -0.487776 -102.667
v 8.847 -0.487776 -102.558
v 28.18 -0.487776 -102.558
v -5.01351 -0.487788 -111.066
v 2.81877 -0.487784 -108.82
v -4.525 -0.487776 -109.241
v 3.0657 -0.487776 -106.953
v -4.55685 -0.487789 -107.454
v 3.88916 -0.487784 -105.119
v -5.27238 -0.487776 -105.588
v 5.79146 -0.487784 -103.355
v -6.36575 -0.487788 -104.153
v -8.03276 -0.487776 -103.082
v 7.55718 -0.487776 -102.698
v -9.23166 -0.487776 -102.691
v -10.486 -0.487776 -102.558
v -25.136 -24.3055 -124.557
v -25.8612 -22.9695 -124.558
v -22.5616 -23.0032 -114.118
v -23.4077 -22.6318 -114.752
v -22.1002 -22.7478 -111.609
v -23.7937 -22.5169 -114.628
v -23.6573 -22.4928 -113.733
v -19.7762 -22.5195 -102.558
v -26.671 -22.5801 -124.558
v -26.966 -22.5136 -124.558
v -27.3005 -22.4878 -124.558
v -18.6638 -23.0471 -102.558
v -29.0971 -22.4878 -124.558
v -22.5728 -28.9984 -124.558
v -29.0971 -44.4878 -124.558
v -19.3838 -32.3468 -124.558
v -15.6516 -34.8381 -124.558
v -11.0496 -36.5209 -124.558
v -5.31886 -37.0391 -124.558
v 26.4571 -44.4878 -124.558
v 0.358428 -35.8208 -124.558
v 4.50194 -33.7159 -124.558
v 7.94146 -30.8673 -124.558
v 26.4571 -22.4878 -124.558
v 10.8527 -26.9769 -124.558
v 12.5296 -23.3296 -124.558
v 14.2548 -22.4878 -124.558
v 13.937 -22.5109 -124.558
v -16.7253 -25.8864 -102.558
v -14.566 -27.8431 -102.558
v -12.074 -29.3389 -102.558
v -8.49965 -30.3846 -102.558
v -5.5663 -30.4667 -102.558
v -2.72187 -29.9854 -102.558
v 0.796783 -28.3896 -102.558
v 3.67958 -25.8863 -102.558
v 9.78249 -23.253 -115.724
v 10.7549 -22.4878 -113.54
v 10.2425 -22.5152 -112.995
v 5.64237 -23.0555 -102.558
v 13.2434 -22.7009 -124.558
v 6.41677 -22.6345 -102.558
v 7.14644 -22.4878 -102.558
v 27.68 -22.4878 -114.558
v 26.4405 -0.487776 -114.967
v 25.848 -11.4878 -115.799
v 25.68 -22.4878 -116.558
v 25.837 -22.4878 -115.743
v 26.6636 -22.4878 -114.797
v 25.68 -2.48778 -122.975
v 25.68 -2.48778 -124.558
v 26.0038 -22.4878 -124.091
v 26.4802 -19.2878 -124.576
v 26.4802 -27.6878 -124.576
v 26.88 -44.4878 -124.808
v 26.4802 -36.0878 -124.576
v 26.66 -44.4878 -124.698
v 25.7055 -22.4878 -123.314
v 25.7335 -19.2878 -123.435
v 25.8291 -2.48778 -123.754
v 26.3573 -2.48778 -124.483
v 26.88 -2.48778 -124.808
v 27.8027 -2.48778 -125.413
v 28.5113 -2.48778 -126.532
v 28.7078 -2.48778 -128.418
v 28.68 -44.4878 -127.558
v 28.4815 -23.4878 -126.542
v 27.7314 -23.4878 -125.397
v 28.4953 -44.4878 -126.471
v 27.7532 -44.4878 -125.374
v -28.5206 -22.4878 -123.919
v -28.32 -22.4878 -122.975
v -28.3461 -2.48778 -123.334
v -28.62 -2.48778 -124.088
v -29.1202 -10.8878 -124.576
v -29.52 -2.48778 -124.808
v -29.1202 -19.2878 -124.576
v -29.1202 -27.6878 -124.576
v -29.1202 -36.0878 -124.576
v -29.2311 -44.4878 -124.653
v -29.3723 -44.4878 -124.737
v -29.52 -44.4878 -124.808
v -30.4427 -44.4878 -125.413
v -31.1513 -44.4878 -126.532
v -31.32 -44.4878 -127.558
v -31.1215 -23.4878 -126.542
v -30.3714 -23.4878 -125.397
v -31.1353 -2.48778 -126.471
v -30.3932 -2.48778 -125.374
v -28.3685 -22.4878 -115.987
v -28.32 -2.48778 -116.542
v -28.4517 -2.48778 -115.787
v -29.0469 -2.48778 -114.98
v -29.8725 -2.48778 -114.581
v -31.5142 -22.4878 -114.31
v -29.1728 -22.4878 -114.856
v -27.4577 -2.48778 -114.564
v -27.4576 -0.487776 -114.558
v -27.4576 -2.48778 -124.558
v -25.7146 -0.487799 -112.977
v -15.8166 -0.487785 -111.385
v -14.126 -0.487784 -113.37
v -12.3003 -0.487776 -114.277
v -16.396 -0.487776 -109.593
v -24.0514 -0.487822 -110.435
v -16.4372 -0.487785 -107.562
v -23.8529 -0.487776 -107.931
v -15.8062 -0.487776 -105.784
v -24.2675 -0.487805 -106.204
v -14.6064 -0.487784 -104.15
v -25.7146 -0.487802 -104.139
v -13.0202 -0.487776 -103.119
v -27.3796 -0.487776 -103.077
v -11.7838 -0.487776 -102.7
v -28.5725 -0.487776 -102.689
v -29.82 -0.487776 -102.558
v -28.4516 -0.487434 -114.499
v -14.4291 -24.6982 -102.558
v -16.4598 -21.7984 -102.558
v -11.5847 -26.8057 -102.558
v -9.16978 -27.6775 -102.558
v -7.42282 -27.9638 -102.558
v -4.92999 -27.9072 -102.558
v -2.22492 -27.1263 -102.558
v 0.165556 -25.7771 -102.558
v 2.60057 -23.2075 -102.558
v 4.09654 -19.9989 -102.558
v 4.49949 -16.4818 -102.558
v 28.18 -22.4878 -102.558
v 4.04697 -13.9546 -102.558
v 2.97301 -11.3694 -102.558
v 0.823034 -8.75506 -102.558
v -2.26642 -6.82009 -102.558
v -5.70933 -5.99614 -102.558
v -9.23599 -6.30485 -102.558
v -12.4834 -7.71446 -102.558
v -14.4458 -9.36998 -102.558
v -16.1476 -11.5926 -102.558
v -17.3367 -14.7617 -102.558
v -17.4677 -18.4048 -102.558
v -31.1547 -22.4878 -102.614
v -33.37 -22.4878 -113.436
v -33.4977 -22.4878 -103.817
v -34.6734 -22.4878 -112.086
v -34.82 -22.4878 -105.18
v -35.6128 -22.4878 -110.245
v -35.7811 -22.4878 -107.624
v 28.18 -22.4878 -114.558
v 30.1189 -22.4878 -102.846
v 32.2854 -22.4878 -104.139
v 33.7325 -22.4878 -106.204
v 34.199 -22.4878 -108.558
v 33.7325 -22.4878 -110.912
v 32.6389 -22.4878 -112.573
v 31.2707 -22.4878 -113.738
v 29.4275 -22.4878 -114.427
v 28.4376 2.51215 -102.538
v 30.4008 2.51222 -102.984
v 32.0212 2.51222 -103.907
v 33.6129 2.51222 -105.938
v 34.2234 2.51222 -108.558
v 33.8659 2.51222 -110.474
v 32.9269 2.51222 -112.28
v 31.5471 2.51222 -113.524
v 29.6869 2.51228 -114.405
v 27.129 2.51227 -114.502
v 24.7458 2.51222 -113.516
v 23.0062 2.51225 -111.659
v 22.1885 2.51223 -109.252
v 22.4575 2.51223 -106.624
v 23.8346 2.51223 -104.375
v 25.9443 2.51225 -102.956
v -30.7155 2.51231 -114.513
v -33.1171 2.51223 -113.61
v -34.9371 2.51223 -111.753
v -35.6797 2.51222 -109.848
v -35.8271 2.51223 -107.995
v -35.0325 2.51223 -105.519
v -33.2692 2.51223 -103.607
v -30.8387 2.51232 -102.607
v -28.2727 2.51224 -102.727
v -25.9787 2.51223 -103.907
v -24.3871 2.51222 -105.938
v -23.7766 2.51223 -108.558
v -24.3871 2.51222 -111.178
v -25.464 2.51222 -112.684
v -27.062 2.51223 -113.923
v -28.8493 2.51222 -114.479
v -38.9854 2.95128 -105.246
v -39.1739 4.64797 -110.264
v -38.9166 5.43923 -111.382
v -38.8621 5.44785 -111.357
v -38.4711 6.26204 -112.429
v -38.421 6.26505 -112.403
v -37.8915 7.07368 -113.433
v -37.8462 7.07169 -113.406
v -37.1764 7.84079 -114.382
v -37.1365 7.83437 -114.354
v -36.3145 8.53764 -115.267
v -36.2805 8.52738 -115.238
v -35.2949 9.13213 -116.071
v -35.2676 9.11866 -116.042
v -34.1282 9.57736 -116.761
v -34.108 9.56149 -116.73
v -32.7203 9.94898 -117.346
v -32.7061 9.93249 -117.314
v -31.2266 10.2673 -117.699
v -31.2185 10.2504 -117.665
v -29.6938 10.5296 -117.8
v -29.6918 10.5123 -117.766
v -28.157 10.7386 -117.647
v -28.1611 10.7211 -117.614
v -26.6592 10.8954 -117.237
v -26.6692 10.8778 -117.206
v -25.2433 11.0013 -116.579
v -25.2589 10.9836 -116.55
v -23.9553 11.057 -115.695
v -23.976 11.0393 -115.669
v -22.8369 11.0635 -114.606
v -22.862 11.0459 -114.585
v -21.963 11.0267 -113.422
v -21.9917 11.0091 -113.405
v -21.2898 10.9507 -112.121
v -21.3214 10.9334 -112.109
v -20.8297 10.8378 -110.726
v -20.8634 10.8207 -110.719
v -20.5945 10.6924 -109.282
v -20.6295 10.6755 -109.281
v -20.5911 10.5184 -107.833
v -20.6264 10.5018 -107.838
v -20.8169 10.3136 -106.376
v -20.8515 10.2974 -106.387
v -21.2635 10.0859 -104.995
v -21.2965 10.07 -105.012
v -21.923 9.83116 -103.697
v -21.9535 9.81557 -103.718
v -22.875 9.51714 -102.401
v -22.9017 9.50199 -102.428
v -24.0368 9.16434 -101.291
v -24.0588 9.14973 -101.324
v -25.3852 8.75368 -100.431
v -25.4027 8.73178 -100.474
v -26.8267 8.29503 -99.8361
v -26.8332 8.27358 -99.873
v -28.3335 7.81242 -99.4442
v -28.3337 7.79165 -99.4835
v -29.871 7.2948 -99.3072
v -29.8645 7.27493 -99.3483
v -31.4016 6.76051 -99.4235
v -31.3882 6.74175 -99.4658
v -32.8927 6.24269 -99.7891
v -32.8725 6.2252 -99.8317
v -36.3262 4.34196 -102.229
v -37.2942 3.5519 -103.493
v -37.926 3.08741 -104.551
v -36.1483 4.11427 -102.16
v -32.3032 5.98401 -99.9025
v -30.7222 6.61381 -99.5832
v -28.3678 7.3971 -99.6456
v -26.8122 7.97513 -100.074
v -25.433 8.41345 -100.698
v -25.861 8.2054 -100.461
v -24.2684 8.76929 -101.472
v -23.0381 9.1629 -102.639
v -22.8235 9.13744 -102.828
v -22.1233 9.47725 -103.893
v -21.4895 9.73252 -105.15
v -21.4616 9.71565 -105.176
v -21.0606 9.96097 -106.487
v -20.8446 10.1666 -107.897
v -20.8077 10.0307 -107.886
v -20.8493 10.3415 -109.3
v -21.0777 10.4879 -110.697
v -21.0651 10.4712 -110.735
v -21.5231 10.6018 -112.048
v -22.1742 10.6786 -113.307
v -21.8867 10.5423 -112.836
v -23.1436 10.7016 -114.619
v -23.0192 10.7162 -114.453
v -24.1004 10.7104 -115.508
v -25.3454 10.6552 -116.366
v -25.301 10.5645 -116.388
v -26.714 10.5498 -117.005
v -28.1615 10.3933 -117.405
v -29.6465 10.1846 -117.557
v -28.4641 10.3295 -117.502
v -31.1271 9.92245 -117.464
v -31.2455 9.88534 -117.466
v -32.5694 9.60408 -117.128
v -33.9283 9.23216 -116.567
v -33.4596 9.29393 -116.8
v -35.0143 8.7929 -115.909
v -35.1187 8.72867 -115.85
v -35.9617 8.20665 -115.139
v -36.7605 7.5195 -114.292
v -36.799 7.39346 -114.283
v -37.4207 6.76298 -113.382
v -37.7696 6.20205 -112.777
v -37.953 5.96226 -112.419
v -38.1302 5.57022 -112.014
v -38.3587 5.14984 -111.413
v -38.5798 4.50295 -110.65
v -38.7853 3.67108 -109.369
v -38.8455 3.35276 -108.545
v -38.9681 3.32741 -108.101
v -39.2622 3.42347 -108.053
v -39.1294 3.0496 -106.718
v -38.7154 3.11785 -105.247
v -38.7935 2.94979 -106.794
v -38.5042 2.93253 -105.801
v -38.776 2.85882 -107.556
v -33.2987 5.79143 -100.235
v -34.2229 5.48916 -100.658
v -35.1973 4.91239 -101.302
v -36.4503 4.53776 -102.066
v -33.7358 5.9823 -100.063
v -32.9159 6.25646 -99.734
v -31.4159 6.77665 -99.3688
v -29.8768 7.31298 -99.2542
v -28.3311 7.83222 -99.3938
v -26.8165 8.31605 -99.789
v -25.3688 8.76758 -100.394
v -24.0134 9.17515 -101.259
v -22.8468 9.5286 -102.373
v -21.891 9.84316 -103.675
v -21.229 10.0983 -104.979
v -20.7808 10.3265 -106.366
v -20.5545 10.5317 -107.829
v -20.5582 10.706 -109.284
v -20.7946 10.8517 -110.733
v -21.2569 10.965 -112.134
v -21.9331 11.0412 -113.44
v -22.8106 11.0782 -114.629
v -23.9337 11.0718 -115.721
v -25.2269 11.0161 -116.609
v -26.6485 10.9101 -117.27
v -28.1522 10.7531 -117.681
v -29.6952 10.5438 -117.835
v -31.2343 10.2812 -117.734
v -32.7343 9.96226 -117.38
v -34.1483 9.58988 -116.793
v -35.3218 9.14185 -116.103
v -36.3475 8.54364 -115.298
v -37.2148 7.84238 -114.412
v -37.9347 7.07023 -113.464
v -38.5185 6.25295 -112.459
v -32.9336 6.2615 -99.6866
v -31.4261 6.78429 -99.3218
v -29.8798 7.32285 -99.2086
v -28.3273 7.84384 -99.3505
v -26.8061 8.32899 -99.7487
v -25.3509 8.77753 -100.357
v -23.9887 9.18205 -101.226
v -22.8174 9.53626 -102.346
v -21.8579 9.85146 -103.653
v -21.1933 10.1072 -104.963
v -20.7436 10.3358 -106.356
v -20.5167 10.5415 -107.825
v -20.5208 10.7162 -109.286
v -20.7586 10.8624 -110.741
v -21.2231 10.976 -112.148
v -21.9022 11.0525 -113.459
v -22.7836 11.0897 -114.652
v -23.9113 11.0834 -115.749
v -25.2097 11.0277 -116.64
v -26.6371 10.9217 -117.304
v -28.1469 10.7645 -117.717
v -29.6962 10.5549 -117.871
v -31.2416 10.2918 -117.77
v -32.7478 9.97221 -117.415
v -34.168 9.59893 -116.826
v -35.3478 9.14771 -116.136
v -36.3791 8.54531 -115.33
v -37.2513 7.83912 -114.445
v -37.9751 7.0614 -113.497
v -38.7885 5.87533 -112.06
v -39.5259 3.11658 -107.669
v -37.4854 3.84078 -103.314
v -32.9636 6.25425 -99.5898
v -37.0543 4.30791 -102.26
v -36.2635 4.74601 -101.339
v -31.4412 6.78382 -99.2257
v -30.7786 7.01035 -99.1009
v -29.8809 7.32817 -99.1156
v -28.315 7.85374 -99.2621
v -27.2785 8.17852 -99.4255
v -26.781 8.34232 -99.6664
v -25.3367 8.78137 -100.302
v -23.4409 9.34076 -101.646
v -22.3398 9.63802 -102.489
v -21.0616 10.1517 -105.161
v -20.8776 10.918 -111.307
v -21.2975 11.0004 -112.409
v -21.7352 11.1325 -113.888
v -23.3329 11.1007 -115.283
v -24.2334 11.0814 -116.046
v -26.2876 10.9588 -117.206
v -27.4025 10.8549 -117.585
v -34.6162 9.49477 -116.736
v -35.9641 8.83013 -115.736
v -39.0425 5.33968 -111.353
v -39.408 4.13558 -109.563
v -38.2152 3.1514 -104.891
v -39.0996 4.65536 -110.244
v -38.7933 5.44882 -111.333
v -38.358 6.26038 -112.377
v -37.7898 7.06198 -113.378
v -37.0872 7.82024 -114.324
v -36.2388 8.50942 -115.207
v -35.2343 9.09753 -116.009
v -34.0837 9.53802 -116.696
v -32.6888 9.90846 -117.278
v -31.2084 10.2259 -117.627
v -29.6889 10.4875 -117.728
v -28.1652 10.6961 -117.576
v -26.6802 10.8527 -117.17
v -25.2764 10.9585 -116.517
v -23.9994 11.0142 -115.64
v -22.8907 11.0207 -114.56
v -22.0246 10.9841 -113.386
v -21.3576 10.9084 -112.096
v -20.9019 10.7959 -110.712
v -20.6694 10.651 -109.281
v -20.6666 10.4775 -107.844
v -20.8909 10.2733 -106.4
v -21.334 10.0462 -105.031
v -21.9879 9.79212 -103.744
v -22.9316 9.47893 -102.461
v -24.083 9.12717 -101.362
v -25.415 8.70982 -100.508
v -26.8378 8.24858 -99.9078
v -28.3321 7.76708 -99.5206
v -29.8565 7.25088 -99.3869
v -31.3737 6.71833 -99.5053
v -32.8514 6.20247 -99.8713
v -35.5865 4.83242 -101.532
v -39.0371 4.65226 -110.233
v -38.7356 5.44171 -111.319
v -38.3056 6.24968 -112.36
v -37.743 7.04809 -113.359
v -37.0464 7.80355 -114.303
v -36.2046 8.4903 -115.184
v -35.2071 9.07642 -115.986
v -34.0641 9.51543 -116.671
v -32.6746 9.88557 -117.25
v -31.1998 10.2028 -117.599
v -29.6859 10.4643 -117.699
v -28.1679 10.6727 -117.547
v -26.6882 10.8292 -117.142
v -25.2895 10.9349 -116.492
v -24.0172 10.9906 -115.617
v -22.9125 10.9972 -114.542
v -22.0497 10.9606 -113.371
v -21.3852 10.885 -112.086
v -20.9314 10.7725 -110.707
v -20.6999 10.6277 -109.281
v -20.6973 10.4543 -107.849
v -20.9208 10.2502 -106.41
v -21.3623 10.0232 -105.047
v -22.0138 9.76931 -103.765
v -22.9538 9.45633 -102.486
v -24.1006 9.10484 -101.392
v -25.4254 8.68451 -100.54
v -26.8406 8.22036 -99.9403
v -28.329 7.73902 -99.555
v -29.8473 7.22301 -99.4226
v -31.3583 6.69063 -99.5416
v -32.8298 6.17492 -99.9076
v -38.9747 4.6412 -110.228
v -38.678 5.42776 -111.31
v -38.2533 6.23313 -112.348
v -37.6964 7.02918 -113.345
v -37.0059 7.78254 -114.287
v -36.1707 8.4675 -115.165
v -35.1803 9.05213 -115.964
v -34.0448 9.49007 -116.648
v -32.6605 9.86004 -117.225
v -31.1911 10.1771 -117.572
v -29.6826 10.4385 -117.671
v -28.1698 10.6469 -117.521
v -26.6953 10.8033 -117.117
v -25.3014 10.909 -116.468
v -24.0335 10.9646 -115.597
v -22.9328 10.9712 -114.524
v -22.0729 10.9345 -113.358
v -21.4109 10.8589 -112.077
v -20.9588 10.7465 -110.702
v -20.7282 10.6017 -109.281
v -20.7256 10.4284 -107.855
v -20.9484 10.2243 -106.421
v -21.3883 9.99736 -105.062
v -22.0374 9.74351 -103.785
v -22.9738 9.43064 -102.511
v -24.1162 9.07931 -101.42
v -25.4337 8.65616 -100.57
v -26.8416 8.18922 -99.9702
v -28.3243 7.70781 -99.5863
v -29.8367 7.19166 -99.4549
v -31.342 6.65904 -99.5742
v -32.8081 6.14296 -99.9398
v -39.0613 3.91635 -109.105
v -38.9138 4.62264 -110.228
v -38.6217 5.40744 -111.307
v -38.2021 6.21112 -112.341
v -37.6508 7.00562 -113.334
v -36.9663 7.75758 -114.273
v -36.1375 8.44132 -115.15
v -35.1541 9.02495 -115.946
v -34.0262 9.46217 -116.627
v -32.6467 9.8321 -117.202
v -31.1823 10.1492 -117.548
v -29.6788 10.4105 -117.647
v -28.1711 10.6188 -117.496
v -26.7014 10.7752 -117.094
v -25.3121 10.8808 -116.447
v -24.0483 10.9364 -115.578
v -22.9512 10.9429 -114.509
v -22.0942 10.9062 -113.346
v -21.4344 10.8306 -112.069
v -20.9838 10.7181 -110.699
v -20.754 10.5732 -109.282
v -20.7514 10.3999 -107.86
v -20.9735 10.1958 -106.431
v -21.4118 9.96884 -105.077
v -22.0585 9.71498 -103.803
v -22.9915 9.40214 -102.534
v -24.1295 9.05086 -101.447
v -25.4399 8.62505 -100.597
v -26.8401 8.14679 -100.003
v -28.3163 7.665 -99.6206
v -29.8221 7.14827 -99.4896
v -31.321 6.6148 -99.6088
v -32.7813 6.09758 -99.9736
v -38.8558 4.59704 -110.234
v -38.5679 5.38118 -111.308
v -38.1529 6.18409 -112.339
v -37.6068 6.97779 -113.329
v -36.9279 7.72901 -114.264
v -36.1054 8.41208 -115.137
v -35.1288 8.99516 -115.931
v -34.0083 9.432 -116.609
v -32.6333 9.802 -117.182
v -31.1735 10.1191 -117.527
v -29.6747 10.3804 -117.625
v -28.1716 10.5887 -117.474
v -26.7065 10.7451 -117.073
v -25.3214 10.8507 -116.428
v -24.0615 10.9062 -115.561
v -22.9677 10.9127 -114.495
v -22.1134 10.8759 -113.336
v -21.4556 10.8002 -112.062
v -21.0063 10.6876 -110.696
v -20.7771 10.5426 -109.284
v -20.7745 10.3692 -107.866
v -20.9957 10.165 -106.441
v -21.4325 9.93793 -105.091
v -22.0769 9.684 -103.821
v -23.0065 9.3711 -102.555
v -24.1405 9.01978 -101.472
v -25.4446 8.58288 -100.628
v -26.8373 8.11472 -100.023
v -28.3093 7.63248 -99.6411
v -29.8109 7.11508 -99.5102
v -31.3058 6.58068 -99.6288
v -32.7628 6.06226 -99.9928
v -38.7898 4.55599 -110.248
v -38.506 5.34082 -111.318
v -38.096 6.144 -112.343
v -37.5554 6.93774 -113.328
v -36.8829 7.68889 -114.259
v -36.0675 8.37184 -115.127
v -35.0989 8.95481 -115.917
v -33.9872 9.39159 -116.591
v -32.6172 9.76182 -117.162
v -31.1626 10.0791 -117.504
v -29.6691 10.3405 -117.601
v -28.1713 10.5488 -117.451
v -26.7113 10.7052 -117.05
v -25.331 10.8107 -116.407
v -24.0754 10.8662 -115.543
v -22.9854 10.8725 -114.48
v -22.1339 10.8356 -113.325
v -21.4783 10.7597 -112.055
v -21.0305 10.647 -110.694
v -20.8019 10.5018 -109.286
v -20.7991 10.3281 -107.873
v -21.0192 10.1237 -106.453
v -21.4541 9.89648 -105.107
v -22.0958 9.64237 -103.842
v -23.0215 9.3293 -102.58
v -24.1507 8.97781 -101.5
v -25.4457 8.55111 -100.647
v -26.833 8.08121 -100.04
v -28.3012 7.59839 -99.6586
v -29.799 7.08016 -99.5272
v -31.2906 6.5446 -99.645
v -32.7449 6.02469 -100.008
v -38.9007 3.79924 -109.146
v -38.7487 4.52141 -110.264
v -38.4669 5.30769 -111.33
v -38.0594 6.11184 -112.351
v -37.5221 6.90625 -113.332
v -36.8535 7.65789 -114.259
v -36.0425 8.3412 -115.124
v -35.0791 8.92444 -115.91
v -33.9734 9.36144 -116.581
v -32.6064 9.73191 -117.15
v -31.1551 10.0493 -117.491
v -29.6649 10.3108 -117.588
v -28.1704 10.5192 -117.437
v -26.7136 10.6756 -117.037
v -25.3363 10.7811 -116.394
v -24.0835 10.8365 -115.532
v -22.9958 10.8428 -114.472
v -22.1461 10.8058 -113.319
v -21.4918 10.7297 -112.052
v -21.0448 10.6168 -110.693
v -20.8165 10.4714 -109.288
v -20.8134 10.2975 -107.878
v -21.0327 10.0929 -106.461
v -21.4663 9.8655 -105.117
v -22.1062 9.61122 -103.855
v -23.0294 9.29795 -102.595
v -24.1555 8.94627 -101.517
v -25.4451 8.51799 -100.664
v -26.8274 8.04654 -100.055
v -28.2921 7.56305 -99.6728
v -29.7867 7.04385 -99.5407
v -31.2754 6.50694 -99.6573
v -32.7278 5.98531 -100.019
v -38.8644 3.75766 -109.167
v -38.7129 4.48295 -110.283
v -38.4321 5.27137 -111.346
v -38.0265 6.07703 -112.363
v -37.4917 6.87257 -113.34
v -36.8262 7.62506 -114.262
v -36.0192 8.30902 -115.123
v -35.0607 8.89278 -115.905
v -33.9605 9.33017 -116.574
v -32.5962 9.70095 -117.141
v -31.1477 10.0185 -117.48
v -29.6605 10.2802 -117.576
v -28.169 10.4886 -117.425
v -26.715 10.645 -117.025
v -25.3404 10.7505 -116.384
v -24.09 10.8059 -115.523
v -23.0044 10.812 -114.465
v -22.1562 10.7749 -113.314
v -21.5031 10.6987 -112.049
v -21.0567 10.5855 -110.693
v -20.8286 10.4399 -109.291
v -20.8252 10.2658 -107.883
v -21.0437 10.061 -106.468
v -21.476 9.83336 -105.127
v -22.1142 9.57887 -103.866
v -23.035 9.26537 -102.609
v -24.1582 8.91345 -101.533
v -25.4428 8.48379 -100.678
v -26.8204 8.01101 -100.066
v -28.2822 7.52677 -99.6836
v -29.7739 7.00649 -99.5504
v -38.8349 3.71228 -109.19
v -38.6828 4.44138 -110.305
v -38.4022 5.23248 -111.365
v -37.9975 6.04011 -112.379
v -37.4644 6.83713 -113.351
v -36.8015 7.59077 -114.269
v -35.9979 8.27564 -115.126
v -35.0436 8.8601 -115.904
v -33.9486 9.29802 -116.569
v -32.5866 9.66915 -117.134
v -31.1406 9.98698 -117.472
v -29.656 10.2487 -117.567
v -28.167 10.4573 -117.416
v -26.7156 10.6137 -117.016
v -25.3433 10.7192 -116.376
v -24.095 10.7745 -115.516
v -23.0112 10.7805 -114.459
v -22.1644 10.7432 -113.31
v -21.5121 10.6668 -112.048
v -21.0662 10.5535 -110.694
v -20.8381 10.4076 -109.293
v -20.8343 10.2333 -107.888
v -21.052 10.0282 -106.475
v -21.4832 9.80029 -105.136
v -22.1198 9.54556 -103.877
v -23.0384 9.2318 -102.621
v -24.1589 8.8796 -101.546
v -25.4387 8.44878 -100.689
v -38.8126 3.66403 -109.216
v -38.659 4.39746 -110.33
v -38.3775 5.19167 -111.387
v -37.9728 6.00159 -112.397
v -37.4406 6.80037 -113.365
v -36.7794 7.55539 -114.279
v -35.9786 8.24133 -115.131
v -35.0281 8.82665 -115.905
v -33.9378 9.2652 -116.567
v -32.5776 9.63672 -117.13
v -31.1337 9.95481 -117.467
v -29.6512 10.2167 -117.561
v -28.1645 10.4254 -117.409
v -26.7152 10.5818 -117.01
v -25.345 10.6873 -116.37
v -24.0985 10.7425 -115.511
v -23.0161 10.7485 -114.456
v -22.1704 10.711 -113.308
v -21.5188 10.6344 -112.047
v -21.0732 10.5208 -110.695
v -20.8451 10.3747 -109.296
v -20.8408 10.2001 -107.892
v -21.0577 9.9947 -106.481
v -21.4877 9.76653 -105.144
v -22.1228 9.51153 -103.886
v -23.0394 9.19748 -102.631
v -24.1575 8.84497 -101.557
v -26.7943 8.33778 -99.7076
v -28.3219 7.85104 -99.3064
v -29.8812 7.32793 -99.1623
v -31.4345 6.78669 -99.2739
v -32.9495 6.26076 -99.6383
v 19.8246 10.0498 -103.563
v 19.3711 10.304 -105.313
v 20.1777 10.0083 -103.633
v 20.9213 9.78072 -102.552
v 23.1796 9.17049 -100.574
v 25.1637 8.62489 -99.5084
v 29.0705 7.4569 -99.116
v 31.3822 6.68425 -99.5745
v 33.499 5.23239 -97.8174
v 34.3942 4.44885 -97.241
v 19.0541 10.947 -110.647
v 19.459 11.0473 -111.948
v 20.0462 11.1165 -113.172
v 20.809 11.1526 -114.306
v 21.7872 11.1803 -115.581
v 22.7759 11.1156 -116.181
v 17.3769 12.019 -118.48
v 15.4758 12.3127 -119.558
v 11.6434 12.6118 -119.558
v 11.0878 12.4415 -117.801
v 7.79748 12.8317 -119.558
v 3.9376 12.9698 -119.558
v 0.0634651 13.0243 -119.558
v -4.05715 12.9899 -119.558
v -8.19373 12.862 -119.558
v -8.95393 12.595 -117.785
v -12.3459 12.6427 -119.558
v 23.9445 11.04 -116.889
v 25.1929 10.9265 -117.416
v 26.4995 10.7746 -117.757
v 24.7859 11.052 -117.871
v 27.8375 10.5844 -117.908
v 30.68 10.3805 -119.558
v 23.1021 11.4882 -119.558
v 31.6325 10.2531 -119.678
v 34.8552 9.13369 -119.424
v 35.6069 7.56418 -114.566
v 36.3142 6.77675 -113.687
v 32.4405 9.57595 -116.925
v 33.1595 9.27877 -116.561
v 33.2573 9.7124 -118.831
v 34.3826 8.58027 -115.732
v 36.9289 5.90017 -112.661
v 37.8709 3.56463 -109.141
v 37.9169 2.93812 -107.43
v 37.3083 3.26504 -105.143
v 34.6896 3.51989 -94.4738
v 35.3856 0.953532 -87.5587
v 36.2073 4.16559 -103.075
v 34.0117 5.58206 -100.929
v 32.8005 6.14364 -100.167
v -20.0287 10.8987 -110.291
v -18.3268 11.5635 -114.378
v -28.6816 10.712 -117.878
v -29.0987 10.9205 -119.558
v -16.0296 11.9587 -116.136
v -0.686191 11.9013 -110.584
v -0.972762 11.6928 -109.056
v 4.69491 12.6576 -117.185
v 18.5526 10.5527 -106.536
v 12.5784 10.2588 -99.6946
v 17.4697 8.51245 -87.5584
v 12.7295 8.85592 -87.558
v -9.6417 10.3047 -98.8147
v 9.7568 10.2834 -98.8503
v 4.40508 9.71641 -93.408
v -0.747039 11.4358 -106.925
v -1.82314 11.0628 -103.952
v -15.1159 10.1609 -99.8528
v -37.7169 1.77191 -97.8625
v -34.7236 5.57218 -100.545
v -32.1136 6.4667 -98.9358
v -27.8276 7.12534 -93.3796
v -19.4547 8.28961 -87.5583
v -36.7509 2.83516 -97.0665
v -35.8063 3.25112 -95.3712
v -35.7207 2.78603 -93.7217
v -36.2764 1.71736 -92.4608
v -35.0613 1.36345 -87.5581
v -33.3357 2.98348 -87.5629
v -31.8437 4.10034 -87.5601
v -30.0917 5.16938 -87.5585
v -32.7161 5.23385 -94.5334
v -27.3223 6.43916 -87.5582
v -23.1191 7.67441 -87.5583
v -15.6339 8.68917 -87.558
v -6.57466 8.98811 -87.5584
v 20.0473 8.20869 -87.558
v 22.3747 9.20737 -99.6729
v 24.6462 7.28775 -87.5582
v 27.8315 6.24348 -87.5583
v 31.0312 4.63305 -87.5601
v 31.6521 5.16422 -92.1889
v 33.8307 3.90573 -93.0715
v 33.3959 2.97776 -87.5584
v 37.9039 6.59794 -119.415
v 36.2333 8.24874 -119.408
v -16.5131 12.3353 -119.558
v -20.6947 11.9435 -119.558
v -36.3675 8.56904 -115.387
v -35.6928 9.7966 -119.45
v -40.1258 2.18858 -108.206
v -37.2229 9.20758 -119.463
v -37.8283 7.40112 -114.148
v -39.5041 7.69801 -119.574
v -41.483 5.19144 -119.555
v 30.0415 6.05993 -92.7136
v 29.0345 6.7088 -94.166
v 27.1331 7.29848 -93.5843
v 29.4228 6.86176 -96.1214
v 27.2623 8.01672 -99.0704
v 30.2508 6.69278 -96.9866
v 32.0162 6.09196 -97.8554
v -33.2014 10.3177 -119.55
v -26.5646 11.2598 -119.555
v -26.3868 8.4603 -99.7687
v -29.2223 7.5368 -99.0054
v 39.3253 4.19861 -119.332
v -24.9263 8.84959 -100.135
v -38.8184 2.51111 -109.419
v -37.9611 2.51222 -112.457
v -36.118 2.51221 -115.043
v -33.3796 2.5122 -116.86
v -30.2246 2.51221 -117.583
v -26.9989 2.51222 -117.142
v -24.132 2.51223 -115.58
v -22.0065 2.51223 -113.1
v -20.936 2.51224 -110.167
v -20.9114 2.51223 -107.038
v -22.0299 2.51222 -103.979
v -24.1543 2.51221 -101.52
v -26.9995 2.51221 -99.9753
v -30.1929 2.51221 -99.5314
v -33.3027 2.51239 -100.226
v -35.4314 2.51222 -101.521
v -37.1708 2.51136 -103.314
v -38.496 2.5327 -106.189
v 19.4661 10.2833 -105.35
v 19.0938 10.471 -106.555
v 19.5521 10.2383 -105.388
v 19.1303 10.4584 -106.565
v 19.1653 10.4423 -106.575
v 18.9477 10.622 -107.815
v 18.9832 10.6056 -107.82
v 18.937 10.7664 -109.077
v 18.9722 10.7497 -109.076
v 19.099 10.8902 -110.334
v 19.1334 10.8734 -110.328
v 19.4325 10.9907 -111.561
v 19.4652 10.9737 -111.551
v 19.928 11.0645 -112.727
v 19.9585 11.0472 -112.713
v 20.5829 11.1094 -113.82
v 20.6106 11.092 -113.801
v 21.3804 11.1236 -114.815
v 21.4048 11.1062 -114.793
v 22.4184 11.1007 -115.781
v 22.4386 11.0832 -115.754
v 23.5975 11.0354 -116.58
v 23.6131 11.0179 -116.551
v 24.8771 10.9281 -117.189
v 24.8877 10.9107 -117.157
v 26.2262 10.7786 -117.592
v 26.2314 10.7614 -117.559
v 27.6172 10.5866 -117.788
v 27.6169 10.5696 -117.754
v 29.0149 10.3523 -117.772
v 29.0091 10.3356 -117.738
v 30.3896 10.0753 -117.548
v 30.3781 10.059 -117.515
v 31.7082 9.75699 -117.127
v 31.6911 9.7412 -117.094
v 32.7173 9.42374 -116.664
v 32.6944 9.40973 -116.632
v 33.6377 8.98357 -116.112
v 33.6092 8.97191 -116.081
v 34.4636 8.45955 -115.487
v 34.4299 8.45073 -115.456
v 35.1911 7.87436 -114.807
v 35.1528 7.86878 -114.775
v 35.8249 7.24543 -114.079
v 35.7822 7.24348 -114.048
v 36.3562 6.57496 -113.275
v 37.5934 3.12432 -107.107
v 32.3938 6.31384 -100.137
v 32.3702 6.3104 -100.183
v 31.3389 6.69872 -99.7149
v 31.3211 6.69255 -99.7609
v 30.0545 7.12689 -99.3788
v 30.0431 7.11868 -99.4247
v 28.7411 7.55639 -99.2261
v 28.7358 7.54644 -99.2711
v 27.2852 8.01153 -99.271
v 27.2865 8.00005 -99.3144
v 25.8443 8.43637 -99.5404
v 25.8518 8.42371 -99.5815
v 24.4531 8.82447 -100.033
v 24.4667 8.81094 -100.072
v 23.1484 9.17579 -100.743
v 23.1675 9.1616 -100.777
v 21.9638 9.49395 -101.657
v 21.9878 9.47926 -101.687
v 20.9403 9.78109 -102.749
v 20.9685 9.76599 -102.775
v 20.1044 10.0416 -103.993
v 20.1359 10.0262 -104.013
v 20.172 10.0025 -104.038
v 20.199 9.97963 -104.057
v 20.2236 9.95376 -104.076
v 21.046 9.69414 -102.853
v 21.0652 9.66551 -102.874
v 22.0679 9.37948 -101.804
v 22.081 9.34825 -101.828
v 23.2368 9.03147 -100.936
v 23.2447 8.98908 -100.965
v 24.5119 8.63943 -100.276
v 24.5118 8.60739 -100.295
v 25.8584 8.22127 -99.8188
v 25.8534 8.18747 -99.8357
v 27.2438 7.76469 -99.5779
v 27.2345 7.7291 -99.5915
v 28.6357 7.27555 -99.5521
v 28.6232 7.23808 -99.5611
v 29.8855 6.80884 -99.7126
v 30.8397 6.36774 -99.9534
v 32.8708 5.5739 -100.846
v 33.8681 5.09088 -101.58
v 34.6381 4.55866 -102.29
v 34.635 4.61767 -102.282
v 34.6561 4.66389 -102.29
v 34.6812 4.70895 -102.293
v 34.4408 5.15954 -101.84
v 35.2816 4.36771 -102.955
v 35.8094 4.36663 -103.141
v 19.2058 10.418 -106.587
v 19.6238 10.1719 -105.425
v 19.2362 10.3949 -106.596
v 19.2643 10.369 -106.606
v 19.0553 10.5579 -107.831
v 19.0839 10.5319 -107.836
v 19.0439 10.7018 -109.077
v 19.0725 10.6758 -109.078
v 19.2032 10.8251 -110.319
v 19.2311 10.7991 -110.316
v 19.5318 10.9252 -111.532
v 19.5584 10.8991 -111.524
v 20.0206 10.9985 -112.684
v 20.0454 10.9725 -112.672
v 20.667 11.0432 -113.763
v 20.6894 11.0171 -113.748
v 21.4543 11.0572 -114.747
v 21.4739 11.0312 -114.729
v 22.4793 11.0342 -115.701
v 22.4953 11.0082 -115.68
v 23.6439 10.969 -116.491
v 23.6558 10.9431 -116.467
v 24.9079 10.862 -117.093
v 24.9154 10.8361 -117.067
v 26.2404 10.7129 -117.491
v 26.2432 10.687 -117.464
v 27.6143 10.5215 -117.685
v 27.6123 10.4957 -117.657
v 28.9946 10.2879 -117.669
v 28.9877 10.2622 -117.641
v 30.3518 10.0118 -117.447
v 30.3399 9.98623 -117.421
v 31.6532 9.69478 -117.03
v 31.6365 9.66932 -117.005
v 32.6427 9.36618 -116.57
v 32.6196 9.34154 -116.546
v 33.5444 8.93219 -116.02
v 33.5154 8.90866 -115.997
v 34.3528 8.41567 -115.397
v 34.318 8.39348 -115.375
v 35.064 7.83907 -114.718
v 35.0239 7.81843 -114.698
v 35.6826 7.21977 -113.993
v 35.6374 7.20085 -113.974
v 36.2026 6.54831 -113.197
v 37.4987 3.81262 -109.429
v 19.6767 10.0881 -105.457
v 19.2898 10.3404 -106.615
v 19.11 10.5034 -107.842
v 19.0986 10.6473 -109.079
v 19.2567 10.7706 -110.313
v 19.5828 10.8707 -111.518
v 20.0681 10.9441 -112.662
v 20.7099 10.9888 -113.735
v 21.4918 11.0029 -114.713
v 22.5098 10.98 -115.661
v 23.6664 10.9149 -116.446
v 24.9218 10.8079 -117.044
v 26.2452 10.6589 -117.44
v 27.6097 10.4676 -117.632
v 28.9805 10.2341 -117.616
v 30.3281 9.95818 -117.397
v 31.6202 9.64131 -116.983
v 32.597 9.31409 -116.525
v 33.4867 8.88196 -115.977
v 34.2838 8.3677 -115.358
v 34.9843 7.79371 -114.682
v 35.5928 7.17731 -113.961
v 36.6253 5.87261 -112.369
v 19.7076 9.99211 -105.484
v 19.3366 10.268 -106.635
v 19.3125 10.3095 -106.625
v 19.7146 9.88978 -105.502
v 19.3618 10.205 -106.65
v 19.3505 10.2371 -106.643
v 19.1582 10.4313 -107.854
v 19.1334 10.4726 -107.847
v 19.122 10.6165 -109.081
v 19.3651 10.0811 -106.742
v 19.3795 10.1045 -106.667
v 19.3763 10.1384 -106.662
v 19.3704 10.1721 -106.656
v 19.1939 10.336 -107.869
v 19.1847 10.3687 -107.864
v 19.174 10.5133 -109.089
v 19.1618 10.5449 -109.086
v 19.3187 10.6688 -110.31
v 19.3042 10.6991 -110.31
v 19.6283 10.7995 -111.507
v 19.6047 10.8402 -111.513
v 20.0885 10.9137 -112.654
v 19.2043 10.269 -107.877
v 19.1957 10.2538 -108.024
v 19.1948 10.4143 -109.098
v 19.2119 10.4048 -109.316
v 19.352 10.5391 -110.315
v 19.4148 10.5324 -110.599
v 19.6745 10.6405 -111.503
v 19.8007 10.6329 -111.842
v 20.1535 10.7151 -112.631
v 20.3603 10.7023 -113.012
v 20.7862 10.7607 -113.689
v 21.0875 10.7387 -114.096
v 21.5566 10.7756 -114.653
v 21.9594 10.7395 -115.062
v 22.5594 10.7532 -115.588
v 22.9628 10.7025 -115.89
v 23.6985 10.6883 -116.363
v 24.0772 10.6274 -116.567
v 24.9347 10.5814 -116.954
v 25.2676 10.5146 -117.074
v 26.238 10.4321 -117.346
v 26.5136 10.3635 -117.402
v 27.5817 10.2402 -117.539
v 27.7893 10.1742 -117.549
v 28.9315 10.0059 -117.528
v 29.0661 9.94666 -117.514
v 30.2587 9.72874 -117.315
v 30.3199 9.68061 -117.299
v 31.5313 9.41014 -116.912
v 32.12 9.19319 -116.678
v 32.472 9.08172 -116.47
v 33.3292 8.64798 -115.941
v 33.9245 8.21387 -115.486
v 34.0973 8.13162 -115.342
v 34.8663 7.41163 -114.583
v 35.1272 7.18543 -114.296
v 35.6444 6.65017 -113.621
v 36.2783 5.65348 -112.494
v 36.151 6.03947 -112.826
v 35.723 6.42975 -113.472
v 36.7086 5.08796 -111.592
v 36.8392 4.65816 -111.114
v 37.0704 3.97946 -110.116
v 37.1682 3.3174 -109.16
v 36.4094 3.20974 -104.886
v 28.8501 7.08189 -99.5473
v 28.6108 7.20008 -99.5663
v 27.2245 7.69257 -99.6016
v 25.8472 8.1525 -99.8497
v 24.5102 8.57397 -100.312
v 23.2481 8.95726 -100.983
v 22.0937 9.30602 -101.854
v 21.0818 9.63434 -102.895
v 20.2458 9.92514 -104.093
v 27.214 7.65557 -99.6082
v 26.4287 7.8031 -99.7198
v 25.8315 8.08036 -99.868
v 24.373 8.43932 -100.374
v 24.4962 8.46829 -100.345
v 23.2431 8.8195 -101.031
v 22.5087 8.94265 -101.552
v 21.5412 9.31583 -102.442
v 20.9756 9.40567 -103.118
v 20.5015 9.62193 -103.81
v 20.3116 9.75493 -104.162
v 20.2853 9.85215 -104.129
v 20.2966 9.82087 -104.141
v 20.3053 9.78839 -104.152
v 21.1144 9.52811 -102.945
v 21.1188 9.49441 -102.956
v 22.1066 9.20753 -101.898
v 22.1067 9.17281 -101.908
v 23.2471 8.85489 -101.023
v 20.2652 9.89403 -104.11
v 21.0986 9.59227 -102.918
v 21.1077 9.56081 -102.932
v 22.1001 9.27439 -101.871
v 22.1044 9.24147 -101.885
v 23.2496 8.92412 -100.999
v 23.2493 8.8899 -101.012
v 24.507 8.53943 -100.326
v 24.5023 8.50406 -100.337
v 25.8398 8.11664 -99.8605
v 20.0715 10.0535 -103.972
v 20.9107 9.7925 -102.723
v 21.9384 9.50485 -101.626
v 23.1279 9.18608 -100.707
v 24.4382 8.83398 -99.9944
v 25.8353 8.44483 -99.4984
v 27.2825 8.01857 -99.2266
v 28.7449 7.56157 -99.1801
v 30.3814 7.02741 -99.3586
v 31.3552 6.69937 -99.6679
v 32.4154 6.31135 -100.09
v 33.1616 5.94265 -100.743
v 35.1264 4.96011 -101.957
v 36.4458 6.56882 -113.368
v 35.8653 7.24199 -114.113
v 35.2277 7.87503 -114.84
v 34.4959 8.46393 -115.521
v 33.6653 8.99122 -116.146
v 32.7397 9.4341 -116.698
v 31.725 9.76941 -117.16
v 30.4007 10.0884 -117.583
v 29.0204 10.3659 -117.808
v 27.6169 10.6006 -117.823
v 26.2203 10.7928 -117.627
v 24.8658 10.9425 -117.222
v 23.581 11.0499 -116.61
v 22.3971 11.1152 -115.808
v 21.3549 11.1381 -114.839
v 20.554 11.1238 -113.839
v 19.8963 11.0786 -112.743
v 19.3985 11.0047 -111.572
v 19.0634 10.9039 -110.34
v 18.9004 10.7797 -109.077
v 18.9108 10.635 -107.811
v 20.0374 10.0616 -103.952
v 20.8799 9.8001 -102.697
v 21.9118 9.51186 -101.595
v 23.1062 9.19238 -100.672
v 24.422 8.83936 -99.9552
v 25.825 8.44898 -99.4561
v 27.2784 8.02108 -99.182
v 31.3698 6.69446 -99.6206
v 32.4348 6.30298 -100.042
v 37.6008 4.51724 -110.762
v 37.0398 5.61437 -112.156
v 35.9028 7.23321 -114.149
v 35.262 7.87078 -114.876
v 34.5265 8.4638 -115.556
v 33.6917 8.99475 -116.181
v 31.7413 9.77836 -117.196
v 30.4114 10.0981 -117.619
v 29.0253 10.3762 -117.844
v 27.6161 10.6113 -117.86
v 26.2138 10.8039 -117.662
v 24.8538 10.9538 -117.256
v 23.5638 11.0613 -116.642
v 22.3751 11.1266 -115.836
v 21.3285 11.1494 -114.863
v 20.5243 11.1349 -113.86
v 19.8637 11.0896 -112.759
v 19.3636 11.0153 -111.583
v 19.0268 10.9142 -110.346
v 18.8627 10.7896 -109.079
v 18.8728 10.6445 -107.807
v 19.2005 10.3026 -107.873
v 19.1906 10.4477 -109.095
v 19.3475 10.5722 -110.313
v 19.6701 10.6734 -111.502
v 20.1493 10.7478 -112.632
v 20.7826 10.7933 -113.69
v 21.5539 10.808 -114.655
v 22.5578 10.7855 -115.591
v 23.6983 10.7206 -116.367
v 24.9361 10.6136 -116.958
v 26.241 10.4644 -117.351
v 27.5863 10.2727 -117.543
v 28.9378 10.0386 -117.531
v 30.2664 9.76165 -117.318
v 31.5404 9.4434 -116.913
v 32.4849 9.11545 -116.468
v 33.3452 8.68235 -115.936
v 34.1158 8.1668 -115.333
v 34.793 7.59111 -114.676
v 19.1727 10.4006 -107.859
v 19.0243 10.5811 -107.826
v 19.0131 10.7251 -109.076
v 19.1732 10.8485 -110.323
v 19.5031 10.9486 -111.54
v 19.9939 11.022 -112.696
v 20.6427 11.0667 -113.779
v 21.4331 11.0808 -114.767
v 22.4619 11.0578 -115.724
v 23.6308 10.9925 -116.517
v 24.8994 10.8854 -117.121
v 26.2368 10.7362 -117.52
v 27.6158 10.5447 -117.714
v 29.0013 10.311 -117.698
v 30.3636 10.0347 -117.476
v 31.6701 9.71743 -117.058
v 32.6659 9.38773 -116.596
v 33.5735 8.95227 -116.045
v 34.3875 8.43395 -115.421
v 35.1041 7.85529 -114.741
v 35.7277 7.23367 -114.015
v 36.2635 6.58304 -113.247
v 37.1306 4.90814 -111.124
v 37.6008 3.21766 -107.859
v 36.9971 3.55696 -104.59
v 19.1836 10.4808 -109.092
v 19.3308 10.6373 -110.31
v 19.6422 10.7693 -111.505
v 20.1104 10.8731 -112.645
v 20.7283 10.9585 -113.723
v 19.1471 10.5754 -109.084
v 19.3405 10.6051 -110.311
v 19.6632 10.706 -111.502
v 20.1429 10.7802 -112.633
v 20.777 10.8256 -113.693
v 21.5493 10.8402 -114.659
v 22.5546 10.8176 -115.597
v 23.6969 10.7526 -116.373
v 24.9365 10.6457 -116.965
v 26.2433 10.4965 -117.358
v 27.5907 10.3049 -117.55
v 28.9442 10.0709 -117.537
v 30.2747 9.79428 -117.323
v 31.5504 9.47636 -116.917
v 32.4992 9.14883 -116.469
v 33.3631 8.71631 -115.934
v 34.1366 8.20148 -115.328
v 34.8161 7.62668 -114.668
v 35.4058 7.00908 -113.962
v 19.2796 10.74 -110.311
v 19.6539 10.7381 -111.503
v 20.1234 10.8431 -112.64
v 20.748 10.9181 -113.711
v 21.5077 10.9726 -114.698
v 20.1343 10.8121 -112.636
v 20.7693 10.8572 -113.698
v 21.5429 10.8717 -114.665
v 22.5499 10.8491 -115.604
v 23.6941 10.7841 -116.382
v 24.936 10.6771 -116.974
v 26.2451 10.528 -117.368
v 27.5949 10.3365 -117.559
v 28.9507 10.1027 -117.546
v 30.2835 9.82627 -117.33
v 31.5614 9.50865 -116.923
v 32.5147 9.18147 -116.473
v 33.3825 8.74942 -115.935
v 34.1595 8.23519 -115.326
v 34.8419 7.66112 -114.662
v 35.4339 7.04443 -113.953
v 35.9407 6.39891 -113.203
v 20.7596 10.8881 -113.703
v 21.5247 10.9323 -114.682
v 22.5225 10.9497 -115.643
v 21.5347 10.9025 -114.673
v 22.5437 10.8798 -115.613
v 23.6902 10.8148 -116.392
v 24.9345 10.7078 -116.986
v 26.2463 10.5588 -117.379
v 27.5987 10.3673 -117.571
v 28.9572 10.1337 -117.557
v 30.2928 9.8574 -117.34
v 31.5731 9.54005 -116.932
v 32.5312 9.21312 -116.48
v 33.4034 8.78139 -115.939
v 34.1842 8.26759 -115.327
v 34.8699 7.69405 -114.66
v 35.4648 7.07802 -113.948
v 35.974 6.43335 -113.195
v 36.4016 5.7727 -112.405
v 22.536 10.9095 -115.624
v 23.6756 10.8846 -116.426
v 23.685 10.8445 -116.405
v 24.9321 10.7375 -117
v 26.2468 10.5885 -117.394
v 27.6023 10.3971 -117.585
v 28.9638 10.1636 -117.571
v 30.3023 9.88748 -117.353
v 31.5856 9.57034 -116.943
v 32.5487 9.24352 -116.489
v 33.4256 8.81196 -115.946
v 34.2106 8.29836 -115.332
v 34.9001 7.7251 -114.662
v 35.4983 7.10944 -113.946
v 36.0104 6.46525 -113.19
v 36.4406 5.80526 -112.397
v 24.9271 10.7777 -117.022
v 26.2464 10.6287 -117.417
v 27.6067 10.4374 -117.609
v 28.9731 10.2039 -117.594
v 30.3165 9.92794 -117.375
v 31.6044 9.611 -116.963
v 32.575 9.2841 -116.507
v 33.4589 8.8524 -115.961
v 34.2504 8.33867 -115.344
v 34.9458 7.76527 -114.67
v 35.5494 7.1495 -113.951
v 36.0894 6.51745 -113.191
v 37.2953 3.55089 -109.076
v 35.6873 3.84597 -103.588
v 37.333 3.15187 -107.91
v 37.0876 2.80993 -107.161
v 37.1846 2.9547 -107.925
v 37.2205 3.05389 -107.063
v 37.064 3.24608 -105.892
v 36.8321 2.94747 -106.029
v 36.5786 3.41054 -105.026
v 35.9091 4.03776 -103.695
v 36.8211 3.47334 -105.117
v 33.8883 5.13535 -101.585
v 33.039 5.58504 -100.97
v 32.1162 6.00218 -100.454
v 31.1207 6.38039 -100.043
v 33.9117 5.17882 -101.586
v 33.0601 5.62718 -100.968
v 32.1347 6.04319 -100.449
v 31.1362 6.42043 -100.036
v 29.8998 6.84745 -99.7049
v 33.9378 5.22049 -101.582
v 33.0834 5.66772 -100.961
v 32.1547 6.08277 -100.441
v 31.1527 6.45919 -100.026
v 29.9144 6.88491 -99.6932
v 28.648 7.31198 -99.5394
v 33.9664 5.25976 -101.573
v 33.1085 5.70614 -100.951
v 32.176 6.12046 -100.428
v 31.17 6.49625 -100.011
v 29.9293 6.92085 -99.6777
v 28.66 7.34702 -99.523
v 27.2524 7.799 -99.5611
v 32.1984 6.15579 -100.411
v 31.1879 6.53118 -99.993
v 29.9443 6.95487 -99.6585
v 28.6716 7.38033 -99.5032
v 27.2602 7.83173 -99.541
v 25.8623 8.25359 -99.7989
v 32.2315 6.20105 -100.38
v 31.2141 6.57636 -99.9605
v 29.9653 6.9992 -99.6251
v 28.6872 7.42401 -99.4693
v 27.2696 7.8749 -99.5072
v 25.8655 8.29641 -99.766
v 24.5094 8.682 -100.245
v 32.2586 6.23265 -100.35
v 31.2354 6.60834 -99.9294
v 29.9819 7.0309 -99.5936
v 28.6988 7.45554 -99.4378
v 27.2757 7.90631 -99.4762
v 25.8663 8.32775 -99.736
v 24.5051 8.7133 -100.216
v 23.2279 9.06274 -100.909
v 32.286 6.25964 -100.316
v 31.2566 6.63611 -99.8945
v 29.9978 7.05881 -99.5584
v 28.7094 7.48359 -99.4028
v 27.2805 7.93452 -99.442
v 25.8655 8.3561 -99.7031
v 24.4989 8.74177 -100.185
v 23.2168 9.09129 -100.881
v 22.0524 9.40808 -101.779
v 32.313 6.28158 -100.278
v 31.2774 6.65929 -99.8562
v 30.013 7.08254 -99.52
v 28.719 7.50782 -99.3648
v 27.284 7.95921 -99.405
v 25.8631 8.38116 -99.6678
v 24.4909 8.76711 -100.152
v 23.2037 9.11683 -100.851
v 22.0347 9.43377 -101.752
v 21.0245 9.71993 -102.83
v 32.3393 6.29806 -100.237
v 31.2976 6.67747 -99.8151
v 30.0272 7.10172 -99.4788
v 28.7273 7.52787 -99.3242
v 27.286 7.98004 -99.3657
v 25.859 8.4026 -99.6303
v 24.4811 8.78901 -100.117
v 23.1886 9.13906 -100.819
v 22.0149 9.45626 -101.724
v 21.0007 9.74261 -102.806
v 19.1845 2.51222 -109.36
v 19.4645 2.51219 -106.173
v 20.0334 2.51222 -112.473
v 21.9385 2.51222 -115.086
v 24.6328 2.51221 -116.871
v 27.7769 2.51222 -117.58
v 31.0379 2.51218 -117.138
v 33.8322 2.51221 -115.602
v 35.9562 2.51217 -113.163
v 37.0918 2.51158 -110.045
v 37.0447 2.51424 -106.824
v 35.9128 2.51166 -103.882
v 33.7834 2.51219 -101.474
v 31.7172 2.51222 -100.282
v 29.4044 2.51222 -99.603
v 26.1125 2.51222 -99.7593
v 23.2079 2.51223 -101.023
v 20.8919 2.51222 -103.211
v -2.62018 12.3604 -114.278
v -12.8728 12.3881 -117.749
v -17.464 11.6115 -114.758
v -19.0921 10.2803 -104.438
v -19.2809 10.2446 -105.507
v -18.6352 10.8057 -112.421
v -18.512 11.2496 -113.216
v -17.95 10.9515 -113.606
v -20.0759 10.5891 -107.823
v -18.9568 9.83112 -105.473
v -19.5917 10.3432 -108.317
v -19.7063 10.7173 -109.75
v -19.5717 10.3364 -106.855
v -19.3438 9.88623 -106.913
v -19.4983 10.0402 -108.52
v -19.4219 10.2943 -109.717
v -19.1081 10.4583 -111.17
v -14.7773 11.5627 -116.481
v -9.34923 12.0801 -117.489
v -4.20862 11.9293 -115.018
v -3.3421 11.8111 -114.041
v -2.54554 11.6091 -112.812
v -1.52443 11.0766 -107.476
v -1.8592 10.7015 -105.969
v -3.0222 10.4117 -103.508
v -6.20549 9.98576 -100.63
v -7.4713 9.84115 -100.073
v -8.79542 9.82839 -99.7069
v -13.0781 9.65887 -99.9271
v -17.6415 9.61392 -103.09
v -14.3907 9.79929 -100.41
v -11.6383 9.70594 -99.6219
v -10.3267 9.75225 -99.548
v -7.37756 10.288 -99.8642
v -3.82235 10.7378 -101.917
v -2.83659 10.8621 -103.196
v -1.8997 10.9527 -105.331
v -2.40068 12.0071 -112.893
v -3.57389 12.2738 -114.721
v -18.441 9.80944 -104.298
v -17.9637 10.1897 -102.424
v -15.2308 10.1094 -100.383
v -7.09919 10.4332 -99.4116
v -1.63461 11.1651 -105.125
v -1.13964 11.4941 -108.009
v -1.47295 11.8016 -110.815
v -1.48173 11.1245 -108.798
v -3.99515 10.2465 -102.308
v -4.97854 10.1179 -101.432
v -2.34717 10.5763 -104.699
v -5.74114 12.5855 -116.736
v -1.63467 11.3216 -110.231
v -1.97745 11.5521 -111.528
v -5.40829 12.1565 -116.013
v -7.88549 12.4873 -117.395
v -14.9123 11.9594 -116.609
v -6.58778 12.2116 -116.695
v -10.7565 12.4097 -117.782
v -12.2119 12.0192 -117.41
v -13.5655 11.8922 -117.04
v -7.90637 12.0973 -117.187
v -16.0136 11.3975 -115.669
v -16.9824 11.197 -114.8
v -10.6661 12.0176 -117.564
v -19.2927 10.8212 -111.117
v -8.79603 10.2519 -99.3963
v -15.558 9.63258 -101.112
v -16.7606 9.64334 -102.088
v -17.8045 10.0174 -102.978
v -4.86638 10.5356 -101.158
v -6.07054 10.4095 -100.395
v -16.3046 9.96618 -101.381
v -10.2815 10.1774 -99.2588
v -11.7405 10.1289 -99.3379
v -13.1327 10.0828 -99.6537
v 0.599486 12.1749 -113.112
v 0.777092 11.9892 -112.929
v 0.977878 11.6966 -112.991
v -0.526106 11.5895 -108.859
v -0.26248 11.4698 -109.349
v -0.132901 11.1552 -109.363
v -0.312372 11.3032 -106.675
v 0.107972 10.9431 -106.228
v -0.138074 11.0531 -107.594
v 0.18908 11.4568 -111.102
v 4.41825 12.4421 -116.592
v 18.2817 10.6145 -107.334
v 17.2745 10.2999 -104.601
v 16.5536 10.2265 -103.331
v 15.748 10.2578 -101.571
v 15.6421 10.1784 -102.194
v 14.5573 10.1511 -101.207
v 13.3379 10.1407 -100.406
v 10.6009 10.162 -99.4201
v 2.72624 10.6715 -101.105
v 0.543847 11.0262 -103.788
v 1.1451 10.7945 -103.472
v 3.89608 9.97144 -101.036
v 5.17567 9.93534 -100.33
v 6.52656 10.027 -99.813
v 9.17599 9.94088 -99.5075
v 8.45916 10.2746 -99.109
v 3.39876 11.9403 -115.723
v 5.95775 12.0552 -117.088
v 7.13333 12.3796 -117.509
v 10.0041 12.2468 -117.602
v 13.7911 12.1028 -116.657
v 4.61648 12.0206 -116.506
v 8.53174 12.2072 -117.583
v 12.6138 11.8397 -116.767
v 7.38722 12.0442 -117.445
v 13.8884 11.6625 -116.056
v 17.1613 11.4479 -113.35
v 9.72339 11.919 -117.521
v 11.2358 11.9916 -117.265
v 15.1881 11.6806 -115.224
v 18.3887 10.9202 -109.782
v 17.4898 11.005 -111.686
v 14.9262 11.2568 -115.2
v 16.7767 11.0416 -112.913
v 18.1431 10.6919 -108.836
v 15.9902 11.247 -114.1
v 17.7887 10.4012 -105.965
v 17.3145 10.6105 -111.627
v 17.7222 10.6193 -110.31
v 17.8546 10.2615 -108.849
v 17.7591 9.96076 -107.272
v 17.483 9.94713 -105.981
v 15.5921 9.72103 -102.586
v 14.5332 9.69499 -101.571
v 13.3364 9.68988 -100.747
v 11.9967 9.86866 -100.08
v 10.633 9.73645 -99.7233
v 3.0614 10.1676 -101.644
v 0.447062 10.9139 -104.87
v 2.12097 10.4303 -102.509
v 1.32796 10.4211 -103.587
v 0.530782 10.643 -105.038
v 3.20106 12.367 -115.792
v 2.45045 11.924 -114.905
v 5.74525 12.4789 -117.192
v 7.81088 12.6206 -117.949
v 1.93003 11.9942 -114.389
v 1.97986 12.39 -114.937
v -0.0541391 11.8358 -111.128
v 17.8874 10.3466 -107.442
v 16.9483 9.84216 -104.61
v 16.342 9.8036 -103.551
v 7.83352 9.90605 -99.5825
v 4.06632 10.3272 -100.754
v 5.18378 10.3743 -100.01
v 2.87604 10.5808 -101.436
v 6.10446 10.4122 -99.3986
v -5.82008 12.9468 -254.558
v -5.82008 24.0122 -254.558
v 3.17992 24.0122 -254.558
v 2.75153 13.023 -254.55
v -7.82008 24.0122 -256.558
v -7.78169 24.0122 -256.168
v -7.82008 12.8774 -256.558
v -7.78163 12.8789 -256.168
v -7.66808 24.0122 -255.793
v -7.66783 12.8834 -255.793
v -7.48341 24.0122 -255.447
v -7.4829 12.8906 -255.447
v -7.23505 24.0122 -255.144
v -7.23437 12.8999 -255.144
v -6.93219 24.0122 -254.896
v -6.93129 12.9108 -254.895
v -6.58686 24.0122 -254.711
v -6.58566 12.9227 -254.71
v -6.21112 24.0122 -254.597
v -6.21017 12.9349 -254.596
v -7.82008 24.0122 -265.558
v -7.82008 12.8774 -265.558
v -5.52733 12.9769 -267.564
v -5.82008 24.0122 -267.558
v -6.21064 12.9349 -267.519
v -6.211 24.0122 -267.519
v -6.58572 12.9227 -267.406
v -6.58653 24.0122 -267.405
v -6.93156 12.9108 -267.221
v -6.93226 24.0122 -267.22
v -7.23458 12.8999 -266.972
v -7.23462 24.0122 -266.972
v -7.48314 12.8906 -266.669
v -7.48336 24.0122 -266.669
v -7.66789 12.8834 -266.323
v -7.66797 24.0122 -266.323
v -7.78166 12.8789 -265.948
v -7.7817 24.0122 -265.948
v 3.17992 12.9871 -267.558
v 3.17992 24.0122 -267.558
v 5.17992 24.0122 -265.558
v 5.14152 24.0122 -265.948
v 5.17992 12.9345 -265.558
v 5.14146 12.9357 -265.948
v 5.02791 24.0122 -266.323
v 5.02769 12.9393 -266.323
v 4.84324 24.0122 -266.669
v 4.84276 12.9449 -266.669
v 4.59488 24.0122 -266.971
v 4.59427 12.9522 -266.972
v 4.29202 24.0122 -267.22
v 4.29115 12.9606 -267.221
v 3.94669 24.0122 -267.405
v 3.94554 12.9696 -267.406
v 3.57096 24.0122 -267.519
v 3.57001 12.9786 -267.52
v 5.17992 24.0122 -256.558
v 5.17992 12.9345 -256.558
v 3.57051 12.9786 -254.596
v 3.57083 24.0122 -254.597
v 3.94559 12.9696 -254.71
v 3.94636 24.0122 -254.711
v 4.29147 12.9606 -254.895
v 4.29209 24.0122 -254.896
v 4.59447 12.9522 -255.144
v 4.59445 24.0122 -255.144
v 4.84304 12.9449 -255.447
v 4.84319 24.0122 -255.447
v 5.02775 12.9392 -255.793
v 5.02781 24.0122 -255.793
v 5.14151 12.9357 -256.168
v 5.14153 24.0122 -256.168
v 53.6802 -18.5129 -227.635
v 53.6799 -18.4878 -277.558
v 53.1857 -25.5287 -277.558
v 52.0146 -33.1413 -227.769
v 51.9391 -33.4884 -277.558
v 50.8095 -37.8461 -227.366
v 50.6484 -38.4128 -277.558
v 50.0947 -40.1093 -227.558
v 50.0947 -40.1093 -277.558
v 49.4903 -41.746 -227.558
v 49.4903 -41.746 -277.558
v 48.8339 -43.3213 -227.558
v 48.8339 -43.3213 -277.558
v 48.1241 -44.8336 -227.558
v 48.1241 -44.8336 -277.558
v 47.3597 -46.2813 -227.558
v 47.3597 -46.2813 -277.558
v 46.5392 -47.6628 -227.558
v 46.5392 -47.6628 -277.558
v 45.5841 -49.0859 -227.558
v 45.5841 -49.0859 -277.558
v 44.5617 -50.4296 -227.558
v 44.5617 -50.4296 -277.558
v 43.4724 -51.6942 -227.558
v 43.4724 -51.6942 -277.558
v 42.3162 -52.8799 -227.558
v 42.3162 -52.8799 -277.558
v 41.094 -53.9876 -227.558
v 41.094 -53.9876 -277.558
v 39.8072 -55.019 -227.558
v 39.8072 -55.019 -277.558
v 38.1718 -56.1633 -227.626
v 35.8307 -57.56 -227.648
v 36.4582 -57.2492 -277.558
v 32.5152 -59.0659 -277.558
v 30.3563 -59.8452 -227.604
v 30.0614 -59.9462 -277.558
v 27.4859 -60.6829 -277.558
v 26.2701 -60.9112 -227.558
v 26.2701 -60.9112 -277.558
v 25.0354 -60.9878 -227.558
v 25.0354 -60.9878 -277.558
v -27.6755 -60.9878 -277.558
v -28.9103 -60.9112 -227.558
v -28.9103 -60.9112 -277.558
v -30.009 -60.7085 -227.584
v -33.3222 -59.7367 -227.705
v -31.719 -60.2885 -277.558
v -37.8343 -57.9015 -277.558
v -41.3867 -55.7804 -277.558
v -42.6641 -54.8539 -227.558
v -42.6641 -54.8539 -277.558
v -43.8837 -53.8591 -227.558
v -43.8837 -53.8591 -277.558
v -45.0443 -52.7946 -227.558
v -45.0443 -52.7946 -277.558
v -46.1449 -51.6592 -227.558
v -46.1449 -51.6592 -277.558
v -47.1843 -50.4516 -227.558
v -47.1843 -50.4516 -277.558
v -48.1625 -49.1717 -227.558
v -48.1625 -49.1717 -277.558
v -49.0796 -47.8196 -227.558
v -49.0796 -47.8196 -277.558
v -49.9358 -46.3956 -227.558
v -49.9358 -46.3956 -277.558
v -50.6623 -45.0381 -227.558
v -50.6623 -45.0381 -277.558
v -51.4346 -43.4099 -227.575
v -52.5943 -40.5131 -227.586
v -52.1744 -41.6924 -277.558
v -53.6676 -37.1251 -227.621
v -54.4842 -33.8187 -227.59
v -54.0922 -35.6004 -277.558
v -55.7596 -26.4133 -277.558
v -56.3201 -18.4878 -277.558
v -27.6755 24.0122 -277.558
v 25.6363 24.0122 -277.558
v 25.6363 24.0122 -227.558
v 26.7909 23.9453 -227.558
v -27.6755 24.0122 -227.558
v -27.6755 24.0122 -246.888
v -28.9103 23.9356 -246.454
v -28.9103 23.9356 -277.558
v -30.1261 23.7073 -277.558
v -56.0714 -14.3135 -227.508
v -52.5946 3.53204 -227.578
v -50.8092 7.83944 -227.731
v -49.9384 9.41546 -236.505
v -48.6903 11.4561 -227.516
v -49.086 10.8341 -237.117
v -48.1732 12.1814 -237.729
v -46.8638 13.8797 -227.555
v -47.1997 13.4571 -238.341
v -46.1655 14.6611 -238.954
v -44.9745 15.8881 -227.57
v -45.0707 15.7934 -239.566
v -43.2898 17.3974 -227.559
v -43.9162 16.8554 -240.178
v -42.7033 17.8482 -240.791
v -40.037 19.7097 -227.67
v -41.4329 18.7732 -241.403
v -40.1842 19.5845 -241.98
v -38.887 20.3384 -242.557
v -33.2274 22.7981 -227.558
v -29.556 23.8462 -227.512
v 26.7909 23.9453 -277.558
v 27.9302 23.7456 -227.558
v 27.9302 23.7456 -277.558
v 31.4149 22.7662 -227.573
v 32.9548 22.2324 -277.558
v 37.3417 20.0109 -227.758
v 36.7335 20.3484 -277.558
v 38.1292 19.489 -227.558
v 38.1292 19.489 -277.558
v 39.4619 18.5523 -227.558
v 39.4619 18.5523 -277.558
v 40.7319 17.5369 -227.558
v 40.7319 17.5369 -277.558
v 41.9394 16.4413 -227.558
v 41.9394 16.4413 -277.558
v 43.0846 15.2642 -227.558
v 43.0846 15.2642 -277.558
v 44.1679 14.0047 -227.558
v 44.1679 14.0047 -277.558
v 45.1895 12.6625 -227.558
v 45.1895 12.6625 -277.558
v 46.1501 11.2374 -227.558
v 46.1501 11.2374 -277.558
v 46.9845 9.84546 -227.558
v 46.9845 9.84546 -277.558
v 47.7679 8.38382 -227.558
v 47.7679 8.38382 -277.558
v 48.5009 6.85411 -227.558
v 48.5009 6.85411 -277.558
v 49.1841 5.25802 -227.558
v 49.1841 5.25802 -277.558
v 49.8182 3.59721 -227.558
v 49.8182 3.59721 -277.558
v 50.4038 1.87337 -227.558
v 50.4038 1.87337 -277.558
v 51.4567 -1.77237 -227.714
v 52.3074 -5.79278 -227.589
v 51.8131 -3.16618 -277.558
v 53.2373 -12.0719 -277.558
v -34.5536 22.3574 -277.558
v -38.887 20.3384 -277.558
v -40.1842 19.5845 -277.558
v -41.4329 18.7732 -277.558
v -42.7033 17.8482 -277.558
v -43.9162 16.8554 -277.558
v -45.0707 15.7934 -277.558
v -46.1655 14.6611 -277.558
v -47.1997 13.4571 -277.558
v -48.1732 12.1814 -277.558
v -49.086 10.8341 -277.558
v -49.9384 9.41546 -277.558
v -50.6646 8.05808 -277.558
v -50.9962 7.40394 -277.558
v -52.9781 2.49855 -277.558
v -54.742 -4.29285 -277.558
v -55.8659 -11.8504 -277.558
v -44.3336 -6.95083 -277.558
v -42.1863 3.73815 -277.558
v -45.1258 -17.5679 -277.558
v -44.6659 -27.075 -277.558
v -42.8096 -38.5106 -277.558
v -41.6688 -41.8751 -277.558
v -39.7433 -44.4613 -277.558
v -36.9519 -46.3582 -277.558
v -33.2252 -47.354 -277.558
v -14.5236 -49.5205 -277.558
v 1.8546 -50.0428 -277.558
v 18.0433 -49.0966 -277.558
v 35.8139 -45.5757 -277.558
v 38.0363 -43.4846 -277.558
v 39.5289 -40.7887 -277.558
v 41.6875 -30.0714 -277.558
v 42.486 -19.4113 -277.558
v 42.0224 -9.86575 -277.558
v 40.1535 1.60717 -277.558
v 39.0161 4.96645 -277.558
v 37.1133 7.53622 -277.558
v 34.9562 9.09225 -277.558
v 32.951 9.9543 -277.558
v 25.3585 11.1969 -277.558
v 14.9998 12.3822 -277.558
v 7.44504 12.8478 -277.558
v 3.33256 12.9839 -277.558
v -0.79612 13.0249 -277.558
v -4.9411 12.9704 -277.558
v -9.10215 12.8217 -277.558
v -38.428 8.55242 -277.558
v -40.6776 6.4532 -277.558
v -31.2582 -37.4286 -222.558
v -31.2813 -37.2719 -217.558
v -26.1041 -42.4491 -222.558
v -28.067 -41.8512 -222.558
v -26.8454 -42.3514 -217.558
v -29.5626 -40.7304 -222.558
v -29.2239 -41.0781 -217.558
v -30.5838 -39.4211 -222.558
v -30.6834 -39.2348 -217.558
v 18.6208 -42.4259 -222.558
v 18.4641 -42.4491 -217.558
v 23.6413 -37.2719 -222.558
v 23.0434 -39.2348 -222.558
v 23.5436 -38.0132 -217.558
v 21.9226 -40.7304 -222.558
v 22.2704 -40.3917 -217.558
v 20.6134 -41.7516 -222.558
v 20.427 -41.8512 -217.558
v 23.6182 -22.5469 -222.558
v 23.6413 -22.7037 -217.558
v 17.68 -17.4878 -217.558
v 18.4641 -17.5265 -222.558
v 20.427 -18.1244 -222.558
v 19.4324 -17.7109 -217.558
v 21.9226 -19.2451 -222.558
v 21.5839 -18.8974 -217.558
v 22.9438 -20.5544 -222.558
v 23.0434 -20.7408 -217.558
v -26.6227 -17.5761 -217.558
v -31.2813 -22.7037 -222.558
v -30.6834 -20.7408 -222.558
v -31.1836 -21.9624 -217.558
v -29.5626 -19.2451 -222.558
v -29.9104 -19.5838 -217.558
v -28.2534 -18.224 -222.558
v -28.6534 -18.499 -217.558
v -26.2608 -17.5496 -222.558
v -0.289962 -32.9837 -217.558
v 4.28 -37.4878 -217.558
v 0.249413 -32.3665 -217.558
v 4.28 -26.2878 -217.558
v 0.215889 -23.6177 -217.558
v -0.401229 -23.0784 -217.558
v -9.15004 -23.1119 -217.558
v -14.72 -25.6878 -217.558
v -9.68941 -23.729 -217.558
v -9.65589 -32.4778 -217.558
v -14.72 -37.4878 -217.558
v -9.03878 -33.0172 -217.558
v 17.28 -37.4878 -217.558
v 17.28 -26.2878 -217.558
v -24.22 -25.6878 -217.558
v -24.22 -37.4878 -217.558
v 4.28 -37.4878 -212.558
v 4.28 -26.2878 -212.558
v 17.28 -26.2878 -212.558
v -24.22 -37.4878 -212.558
v -24.22 -25.6878 -212.558
v -14.72 -25.6878 -212.558
v -8.91033 -23.0603 -212.558
v -0.40973 -23.0835 -212.558
v 0.221346 -23.6028 -212.558
v 0.175233 -32.6014 -212.558
v -0.529664 -33.0352 -212.558
v -42.8096 1.53508 -222.558
v -44.6659 -9.90054 -222.558
v -45.0752 -16.9513 -222.558
v -44.883 -24.9226 -222.558
v -43.6151 -34.2431 -222.558
v -42.2128 -40.64 -222.558
v -35.6609 9.85102 -277.558
v -37.1419 9.28171 -222.558
v -39.8891 7.32756 -222.558
v -41.2274 5.62124 -250.058
v -41.6688 4.8996 -222.558
v 7.44504 12.8478 -222.558
v 3.33256 12.9839 -222.558
v -0.79612 13.0249 -222.558
v -4.9411 12.9704 -222.558
v -9.10215 12.8217 -222.558
v -16.5358 12.365 -277.558
v -27.8778 11.0904 -277.558
v -34.0307 10.2079 -222.558
v 18.0433 12.121 -222.558
v -19.6403 12.0939 -222.558
v 39.5552 3.73993 -222.558
v 38.8433 5.28494 -222.558
v 37.569 7.01738 -222.558
v 36.3497 8.16455 -250.058
v 35.5647 8.766 -222.558
v 32.8581 9.98765 -222.558
v 40.1535 -38.5827 -222.558
v 42.0224 -27.1098 -222.558
v 42.4663 -18.8159 -222.558
v 42.092 -10.5797 -222.558
v 40.9632 -2.66764 -222.558
v 32.8581 -46.9632 -277.558
v 34.5429 -46.3066 -222.558
v 37.2573 -44.3544 -222.558
v 38.5798 -42.6584 -250.058
v 39.0161 -41.942 -222.558
v -33.4947 -47.2976 -222.558
v -15.7045 -49.4289 -222.558
v 0.701419 -50.0543 -222.558
v 16.894 -49.2105 -222.558
v 31.3967 -47.2649 -222.558
v -41.494 -42.1961 -222.558
v -40.2045 -43.9397 -222.558
v -38.9704 -45.0913 -250.058
v -37.9876 -45.7982 -222.558
v -36.0138 -46.6962 -222.558
v -9.27363 -32.943 -212.558
v -9.70743 -32.2381 -212.558
v 17.28 -37.4878 -212.558
v -9.61523 -23.4941 -212.558
v -14.72 -37.4878 -212.558
v 5.77973 -10.3094 -93.6189
v 2.8434 -11.2193 -93.5866
v 6.1779 -10.999 -94.1574
v 3.38121 -12.2091 -93.8299
v 6.34944 -11.2961 -95.2417
v 3.63102 -12.767 -94.5942
v 6.05177 -10.7806 -96.2108
v 3.59806 -12.6875 -95.7275
v 5.50961 -9.8415 -96.5538
v 3.23047 -11.9038 -96.4687
v 5.02509 -9.0023 -95.9585
v 2.65422 -10.9296 -96.3833
v 4.85356 -8.70519 -94.8742
v 2.22011 -10.3243 -95.5218
v 5.21876 -9.33775 -93.7884
v 2.2726 -10.3925 -94.3883
v 22.0179 -0.130037 -92.2071
v 4.18013 -7.53872 -95.4372
v 12.4005 -5.61331 -97.9043
v 5.96605 -10.6321 -97.8097
v 19.661 -3.8545 -97.368
v 34.8357 3.80017 -96.1541
v 7.0256 -12.4672 -94.6864
v 19.5671 -4.59459 -93.3397
v 32.8605 4.46362 -92.4039
v 5.38052 -9.61793 -92.2206
v 6.11948 -10.8978 -92.3797
v 6.71965 -11.9374 -93.2566
v 6.9406 -12.3201 -96.0939
v 6.5022 -11.5607 -97.2943
v 5.44775 -9.73437 -97.9131
v 4.7177 -8.46986 -97.322
v 4.36741 -7.86316 -96.483
v 4.70079 -8.4406 -92.8217
v 4.27567 -7.70422 -93.9574
v -18.469 -9.69195 -93.6189
v -16.2128 -11.7799 -93.5866
v -18.0708 -9.0023 -94.1574
v -15.6246 -10.8193 -93.8299
v -17.8993 -8.70519 -95.2417
v -15.2663 -10.324 -94.5942
v -18.1969 -9.22076 -96.2108
v -15.3187 -10.3923 -95.7276
v -18.7391 -10.1598 -96.5538
v -15.8135 -11.1024 -96.4687
v -19.2236 -10.999 -95.9585
v -16.3691 -12.0886 -96.3833
v -19.3952 -11.2961 -94.8742
v -16.6762 -12.7672 -95.5218
v -19.03 -10.6636 -93.7884
v -16.6434 -12.6876 -94.3883
v -38.3005 0.855646 -97.9106
v -19.0151 -10.6378 -97.8062
v -38.701 -0.166459 -97.4852
v -38.8193 -1.07117 -96.7033
v -38.7403 -1.57503 -95.8163
v -20.0705 -12.4659 -95.0712
v -38.3265 -1.54707 -93.7023
v -38.0792 -1.11667 -93.0224
v -19.6521 -11.741 -93.0448
v -37.675 -0.418142 -92.4722
v -37.0455 0.424141 -92.1993
v -18.4578 -9.67248 -92.214
v -17.7691 -8.47972 -92.7873
v -17.3221 -7.70545 -93.9602
v -17.2244 -7.53613 -95.0582
v -17.316 -7.69481 -96.1308
v -19.1937 -10.9472 -92.405
v -17.5289 -8.0636 -96.8569
v -17.9356 -8.76796 -97.5229
v -18.3889 -9.5532 -97.8722
v -19.5436 -11.5532 -97.2985
v -19.9604 -12.2751 -96.2192
v -19.9863 -12.3201 -94.022
v -5.7384 -45.5294 -92.2923
v -7.14669 -45.5833 -92.2607
v -6.8899 -30 -92.2114
v -7.94786 -30 -92.5898
v -8.12854 -45.6438 -92.6894
v -8.94907 -45.7743 -93.5313
v -8.79503 -30 -93.3047
v -9.27575 -30 -94.3203
v -9.33743 -45.9328 -94.5451
v -9.31391 -46.1174 -95.7119
v -9.36884 -30 -95.4282
v -8.99104 -30 -96.483
v -8.86094 -46.2779 -96.7059
v -8.01494 -46.4126 -97.506
v -8.27047 -30 -97.3346
v -7.2605 -30 -97.8108
v -6.97161 -46.4803 -97.8823
v -6.13929 -30 -97.9031
v -5.78489 -46.4724 -97.8305
v -4.92489 -46.3784 -97.4302
v -4.78499 -30 -97.3426
v -3.98227 -46.5449 -96.4207
v -4.05469 -30 -96.483
v -3.67071 -46.4476 -95.227
v -3.67123 -30 -95.4327
v -3.8145 -46.2818 -94.0645
v -3.76997 -30 -94.3203
v -4.80436 -45.9159 -92.7359
v -4.24445 -30 -93.3156
v -5.39071 -30 -92.4147
v -8.01874 -30 -95.2417
v -7.42341 -30 -96.2108
v -6.70124 -30 -96.5099
v -7.45055 -30 -93.8702
v -6.34449 -30 -93.606
v -5.33524 -30 -94.1302
v -5.07088 -30 -95.2364
v -5.59517 -30 -96.2457
v -0.204777 -45.2116 -92.898
v 1.24011 -43.8995 -93.4833
v 0.320063 -41.5566 -87.558
v 1.33249 -48.4936 -110.137
v 4.06127 -49.1737 -115.607
v 7.33116 -49.8275 -119.542
v 6.0987 -48.6295 -114.765
v -2.89198 -48.5825 -110.814
v -1.70996 -49.9723 -119.376
v 5.49065 -47.7975 -111.507
v 4.01713 -47.3686 -108.374
v 3.69011 -45.4543 -102.667
v 2.88669 -46.4731 -103.651
v 1.88775 -43.452 -94.7778
v 0.0587877 -42.6119 -87.558
v -0.45604 -43.5696 -87.558
v -1.19226 -44.3696 -87.558
v -2.00225 -44.9078 -87.5581
v -4.56118 -45.3731 -87.5577
v -6.29278 -44.7487 -87.5581
v 0.583245 -44.5702 -93.0415
v 2.15258 -45.6166 -99.6653
v 2.77052 -48.2154 -110.088
v -0.376493 -46.1811 -96.3226
v 0.606247 -47.1551 -102.349
v -3.22628 -45.3255 -87.5589
v -0.0468507 -48.743 -110.881
v -2.92109 -46.8654 -97.8794
v -7.75035 -27.9328 -95.8611
v -6.98553 -27.9957 -96.4687
v -5.8537 -27.9838 -96.3833
v -5.11249 -27.9105 -95.5219
v -5.19779 -27.9218 -94.3883
v -6.05992 -27.9952 -93.6473
v -7.19207 -27.9836 -93.7326
v -7.99402 -27.9028 -94.7334
v -4.8811 -48.298 -109.136
v -7.5 -44.8205 -87.558
v -33.5031 -44.8205 -87.558
v -32.895 -45.5129 -95.5688
v -20.2548 -45.9074 -95.3599
v -16.2339 -47.2758 -104.343
v -32.5868 -45.8175 -98.8577
v -32.1018 -46.3901 -105.306
v -25.4224 -47.3158 -109.27
v -17.1233 -49.028 -117.729
v -8.79341 -49.8567 -119.93
v -31.7579 -46.8803 -110.938
v -22.9592 -48.4894 -117.924
v -24.7641 -46.8572 -104.628
v 2.77423 -11.1215 -87.558
v 1.71076 -9.70632 -87.558
v -16.2629 -11.8887 -87.558
v -16.9568 -13.5173 -87.558
v -7.84877 -27.9205 -87.558
v -6.07994 -27.9917 -87.558
v -4.32258 -27.7784 -87.558
v -15.8967 -22.8224 -87.5579
v -13.5707 -25.4912 -87.5579
v -10.5193 -27.2861 -87.5579
v -16.9568 -20.484 -87.558
v -17.5285 -17.7993 -87.5579
v -17.3804 -15.2361 -87.558
v -14.8135 -9.71184 -87.5579
v -12.7716 -7.94784 -87.558
v -10.3519 -6.65177 -87.5579
v -6.87771 -5.97182 -87.558
v -3.36696 -6.42703 -87.5579
v -0.181044 -7.97056 -87.5579
v 3.93477 -13.4652 -87.5579
v 4.51133 -17.0902 -87.5579
v 3.91512 -20.5798 -87.5579
v 2.24456 -23.7009 -87.5579
v 0.434036 -25.5213 -87.558
v -1.87348 -27.0079 -87.5579
v 31.3191 7.51222 -213.224
v 31.0799 2.51222 -214.117
v 30.6728 7.51222 -214.648
v 29.8722 2.51222 -215.11
v 29.2093 7.51222 -215.197
v 28.3163 2.51222 -214.958
v 27.7858 7.51222 -214.551
v 27.3236 2.51222 -213.75
v 27.2363 7.51222 -213.087
v 27.4756 2.51222 -212.194
v 27.8826 7.51222 -211.664
v 28.6833 2.51222 -211.202
v 29.3462 7.51222 -211.114
v 30.2391 2.51222 -211.354
v 30.7696 7.51222 -211.761
v 31.2319 2.51222 -212.561
v 30.7213 2.51222 -213.381
v 30.6403 2.51222 -212.629
v 30.1942 2.51222 -212.018
v 29.5026 2.51222 -211.712
v 28.7506 2.51222 -211.793
v 28.14 2.51222 -212.239
v 27.8341 2.51222 -212.931
v 27.9151 2.51222 -213.683
v 28.3612 2.51222 -214.293
v 29.0529 2.51222 -214.599
v 29.8048 2.51222 -214.518
v 30.4155 2.51222 -214.072
v -29.8763 7.51222 -124.029
v -30.1156 2.51222 -124.922
v -30.5226 7.51222 -125.452
v -31.3232 2.51222 -125.914
v -31.9862 7.51222 -126.002
v -32.8792 2.51222 -125.762
v -33.4096 7.51222 -125.355
v -33.8719 2.51222 -124.555
v -33.9591 7.51222 -123.892
v -33.7199 2.51222 -122.999
v -33.3128 7.51222 -122.468
v -32.5122 2.51222 -122.006
v -31.8493 7.51222 -121.919
v -30.9563 2.51222 -122.158
v -30.4258 7.51222 -122.565
v -29.9636 2.51222 -123.366
v -30.4741 2.51222 -124.185
v -30.5551 2.51222 -123.433
v -31.0012 2.51222 -122.822
v -31.6929 2.51222 -122.517
v -32.4448 2.51222 -122.598
v -33.0555 2.51222 -123.044
v -33.3613 2.51222 -123.735
v -33.2803 2.51222 -124.487
v -32.8342 2.51222 -125.098
v -32.1426 2.51222 -125.404
v -31.3907 2.51222 -125.323
v -30.7799 2.51222 -124.877
v -29.8763 7.51222 -213.224
v -30.1156 2.51222 -214.117
v -30.5226 7.51222 -214.648
v -31.3232 2.51222 -215.11
v -31.9862 7.51222 -215.197
v -32.8792 2.51222 -214.958
v -33.4096 7.51222 -214.551
v -33.8719 2.51222 -213.75
v -33.9591 7.51222 -213.087
v -33.7199 2.51222 -212.194
v -33.3128 7.51222 -211.664
v -32.5122 2.51222 -211.202
v -31.8493 7.51222 -211.114
v -30.9563 2.51222 -211.354
v -30.4258 7.51222 -211.761
v -29.9636 2.51222 -212.561
v -30.4741 2.51222 -213.381
v -30.5551 2.51222 -212.629
v -31.0012 2.51222 -212.018
v -31.6929 2.51222 -211.712
v -32.4448 2.51222 -211.793
v -33.0555 2.51222 -212.239
v -33.3613 2.51222 -212.931
v -33.2803 2.51222 -213.683
v -32.8343 2.51222 -214.293
v -32.1426 2.51222 -214.599
v -31.3907 2.51222 -214.518
v -30.78 2.51222 -214.072
v 31.3191 7.51222 -124.029
v 31.0799 2.51222 -124.922
v 30.6728 7.51222 -125.452
v 29.8722 2.51222 -125.914
v 29.2093 7.51222 -126.002
v 28.3163 2.51222 -125.762
v 27.7858 7.51222 -125.355
v 27.3236 2.51222 -124.555
v 27.2363 7.51222 -123.892
v 27.4756 2.51222 -122.999
v 27.8826 7.51222 -122.468
v 28.6833 2.51222 -122.006
v 29.3462 7.51222 -121.919
v 30.2392 2.51222 -122.158
v 30.7696 7.51222 -122.565
v 31.2319 2.51222 -123.366
v 30.7213 2.51222 -124.185
v 30.6403 2.51222 -123.433
v 30.1942 2.51222 -122.822
v 29.5026 2.51222 -122.517
v 28.7506 2.51222 -122.598
v 28.1399 2.51222 -123.044
v 27.8341 2.51222 -123.735
v 27.9151 2.51222 -124.487
v 28.3612 2.51222 -125.098
v 29.0529 2.51222 -125.404
v 29.8048 2.51222 -125.323
v 30.4155 2.51222 -124.877
v 27.7977 -2.48778 -124.01
v 30.7202 -2.48778 -124.295
v 30.5347 -2.48778 -123.177
v 28.1961 -2.48778 -122.949
v 29.8048 -2.48778 -122.598
v 29.0529 -2.48778 -122.517
v 28.14 -2.48778 -124.877
v 30.1942 -2.48778 -125.098
v 28.7507 -2.48778 -125.323
v 29.5026 -2.48778 -125.404
v -33.3977 -2.48778 -124.01
v -30.4753 -2.48778 -124.295
v -30.6608 -2.48778 -123.177
v -32.9993 -2.48778 -122.949
v -31.3906 -2.48778 -122.598
v -32.1426 -2.48778 -122.517
v -33.0555 -2.48778 -124.877
v -31.0012 -2.48778 -125.098
v -32.4448 -2.48778 -125.323
v -31.6929 -2.48778 -125.404
v 30.7578 0.512224 -213.106
v 30.4155 0.512224 -212.239
v 29.8048 0.512224 -211.793
v 29.0529 0.512224 -211.712
v 28.1961 0.512224 -212.144
v 27.7977 0.512224 -213.205
v 28.14 0.512224 -214.072
v 28.7507 0.512224 -214.518
v 29.5026 0.512224 -214.599
v 30.3594 0.512224 -214.167
v -30.4377 0.512224 -213.106
v -30.78 0.512224 -212.239
v -31.3906 0.512224 -211.793
v -32.1426 0.512224 -211.712
v -32.9993 0.512224 -212.144
v -33.3978 0.512224 -213.205
v -33.0555 0.512224 -214.072
v -32.4448 0.512224 -214.518
v -31.6929 0.512224 -214.599
v -30.8361 0.512224 -214.167
v -27.4576 -2.48778 -212.558
v -27.4576 7.51222 -212.558
v -27.6915 -2.48778 -211.61
v -27.8704 7.51222 -211.154
v -28.4466 -2.48778 -210.255
v -29.0167 7.51222 -209.685
v -31.2639 7.51222 -208.629
v -29.916 -2.48778 -209.108
v -28.32 -2.48778 -212.558
v -29.0965 -2.48778 -212.456
v -30.2162 -2.48778 -211.912
v -31.1051 -2.48778 -210.712
v -31.3512 -2.48778 -208.699
v 25.68 -44.4878 -212.558
v 25.68 -2.48778 -212.558
v 24.8176 -2.48778 -212.558
v -28.32 -44.4878 -212.558
v 24.7514 7.51222 -212.502
v -29.0965 -16.4878 -212.456
v -29.0965 -30.4878 -212.456
v -29.4736 -44.4878 -212.343
v -30.4413 -23.4878 -211.679
v -30.674 -44.4878 -211.454
v -30.9181 -23.4878 -211.058
v -31.2178 -44.4878 -210.334
v -31.2178 -30.4878 -210.334
v -31.32 -44.4878 -209.558
v -31.2178 -16.4878 -210.334
v -29.82 -23.4878 -212.156
v -31.3561 -2.48778 -128.406
v -31.32 7.51222 -128.42
v 33.68 7.51222 -214.558
v 28.68 7.51222 -208.696
v 28.6239 7.51222 -128.487
v 27.2759 7.51222 -209.108
v 25.8066 7.51222 -210.255
v 30.68 7.51222 -217.558
v -33.8541 7.51223 -217.525
v 31.8349 7.51222 -217.349
v 33.062 7.51222 -216.426
v 33.5778 7.51222 -215.334
v -28.4466 7.51222 -126.861
v -29.916 7.51222 -128.008
v -33.32 7.51222 -119.558
v -34.4854 7.51223 -119.771
v -35.6986 7.51224 -120.692
v -36.2938 7.51228 -122.024
v -35.1768 7.51222 -216.947
v -36.1095 7.51222 -215.718
v -36.32 7.51222 -214.558
v 33.68 7.51222 -122.558
v 33.4773 7.51223 -121.416
v 32.5457 7.51222 -120.172
v 31.4565 7.51222 -119.66
v 30.68 7.51222 -119.558
v 25.1845 7.51222 -125.886
v 26.3767 7.51222 -127.431
v 24.7514 -2.48778 -124.614
v 25.8066 -2.48778 -126.861
v 27.2759 -2.48778 -128.008
v 28.7203 -2.48778 -208.715
v 28.68 -44.4878 -209.558
v 27.2678 -2.48778 -209.092
v 26.0957 -2.48778 -209.974
v 25.2304 -2.48778 -211.154
v 28.4446 -2.48778 -210.78
v 27.463 -2.48778 -211.999
v 26.4565 -2.48778 -212.456
v 28.5778 -23.4878 -210.334
v 28.4651 -44.4878 -210.712
v 28.2781 -23.4878 -211.058
v 27.8013 -23.4878 -211.679
v 27.5762 -44.4878 -211.912
v 27.18 -23.4878 -212.156
v 26.4565 -44.4878 -212.456
v 26.4565 -30.4878 -212.456
v 26.4565 -16.4878 -212.456
v -29.0167 -2.48778 -127.431
v -30.3721 -2.48778 -128.186
v -27.8245 -2.48778 -125.886
v 14.4912 -47.6218 -116.016
v 17.9867 -46.9895 -116.219
v 22.0417 -45.7871 -115.921
v 18.7526 -41.9553 -110.492
v 14.464 -40.5091 -106.536
v 12.8671 -41.7269 -106.535
v 10.4935 -42.8216 -105.636
v 9.72203 -41.9099 -103.654
v 7.49263 -41.8548 -100.763
v 4.61327 -42.0546 -96.6306
v 2.84748 -41.0921 -91.7891
v 1.03568 -40.7584 -87.558
v 1.67026 -39.8943 -87.558
v 2.21823 -38.9729 -87.558
v 4.18964 -38.8833 -91.6178
v 2.83271 -37.6325 -87.5579
v 5.10469 -36.4708 -91.7617
v 3.43616 -34.9274 -87.5578
v 5.47848 -33.4357 -91.558
v 5.89384 -30.779 -91.6034
v 8.90869 -33.8381 -96.5831
v 8.63577 -31.3618 -95.2534
v 11.3021 -36.4304 -100.604
v 9.91161 -38.4384 -100.559
v 8.7313 -40.0987 -100.488
v 18.6915 -48.9833 -119.551
v 9.14046 -48.9224 -117.018
v 14.2367 -48.9356 -118.538
v 11.9068 -48.347 -116.531
v 22.1444 -47.8014 -118.461
v 15.9809 -48.169 -117.502
v 12.8712 -35.8199 -101.648
v 14.9139 -39.4852 -105.948
v 3.5 -26.0347 -87.558
v 4.02748 -43.2251 -97.8714
v 7.38101 -43.3614 -102.889
v 8.87429 -44.575 -106.674
v 11.267 -43.7883 -107.695
v 15.8326 -45.0334 -112.531
v 18.4653 -44.0053 -112.502
v 5.33878 -44.1751 -101.756
v 12.9536 -45.7552 -111.987
v 6.27046 -45.4153 -105.621
v 6.71881 -46.1068 -107.748
v 11.8171 -46.7708 -113.159
v 8.18462 -47.5099 -112.554
v 10.0036 -47.1143 -112.759
v 12.065 -39.3827 -103.558
v 7.95249 -36.229 -96.5757
v 6.63787 -38.2131 -95.6739
v 6.73704 -39.4671 -96.9094
v 5.58491 -40.8341 -96.5015
v -42.5061 -37.3773 -117.047
v -41.8745 -39.1719 -114.855
v -41.3248 -38.8403 -110.98
v -40.9578 -38.7883 -108.378
v -40.0038 -38.4207 -101.492
v -39.1787 -38.0678 -95.5973
v -38.8459 -37.674 -96.5754
v -38.4669 -37.7692 -90.4831
v -38.0682 -37.5284 -91.9656
v -39.0708 -38.1358 -87.5587
v -39.9123 -38.98 -87.558
v -40.5745 -40.5913 -91.407
v -40.6504 -41.3754 -92.7867
v -40.5785 -42.134 -94.7004
v -38.7325 -45.1369 -109.59
v -37.6283 -45.9113 -111.583
v -35.3608 -46.8964 -119.539
v -32.616 -47.2389 -115.998
v -36.2034 -46.6295 -119.531
v -40.5796 -41.3203 -98.6468
v -40.5044 -40.5698 -96.6734
v -40.3798 -40.0123 -98.0695
v -39.5218 -38.5486 -93.6298
v -41.2149 -41.7913 -115.039
v -40.7247 -42.1554 -109.998
v -40.6347 -40.9763 -102.731
v -40.8086 -42.7469 -115.983
v -40.5863 -42.0337 -105.557
v -40.5812 -43.4637 -119.333
v -40.0384 -43.6888 -112.641
v -39.2955 -44.5991 -111.464
v -39.9618 -43.7355 -99.6743
v -40.3626 -42.9439 -96.6763
v -40.3998 -39.8017 -87.56
v -33.7885 -46.8896 -109.868
v -40.3025 -43.444 -91.7429
v -40.7572 -42.358 -87.5589
v -40.8008 -41.9977 -87.558
v -40.5784 -43.0695 -87.558
v -40.1077 -44.0247 -87.558
v -37.8141 -45.7663 -87.5583
v -34.7666 -46.4198 -99.1448
v -39.4958 -44.7595 -87.558
v -38.6399 -45.3936 -87.5588
v -34.6694 -46.019 -92.7833
v -36.9663 -45.9571 -87.5581
v -33.5706 -45.9506 -96.2229
v -36.0672 -45.9647 -87.5584
v -34.5492 -45.5475 -87.5582
v -40.7441 -40.8323 -87.558
v -37.4689 -37.3851 -87.5578
v -37.2 -37.301 -90.5317
v -37.996 -37.2987 -94.6309
v -39.0322 -37.449 -99.1012
v -39.7464 -37.5884 -102.697
v -40.8744 -37.6933 -108.783
v -41.9285 -37.9059 -114.447
v -35.9849 -37.2883 -87.5589
v -38.1503 -37.0336 -97.0721
v -39.8294 -36.8074 -104.543
v -41.2531 -36.7154 -110.902
v -37.6039 -46.0077 -119.559
v -38.6109 -45.3425 -119.354
v -40.3652 -42.9637 -109.552
v -40.9542 -41.1265 -109.391
v -40.5731 -40.1955 -102.557
v -41.6397 -40.3243 -114.52
v -41.1283 -39.895 -109.463
v -40.427 -39.3063 -102.536
v -40.0238 -38.9685 -98.5586
v -40.0464 -39.3306 -92.9886
v -35.4332 -46.6266 -106.045
v -39.8634 -43.8316 -107.684
v -40.4671 -42.3885 -101.446
v -37.2248 -46.1061 -106.366
v -38.782 -45.1953 -96.9307
v -39.4148 -44.5826 -97.0087
v -39.6328 -44.2445 -99.6637
v -44.5324 -8.91201 -119.598
v -42.2976 -3.71905 -113.711
v -39.9421 -4.7612 -103.892
v -40.9411 -4.38204 -108.038
v -38.6723 -5.23241 -98.633
v -36.0022 -6.26795 -87.5583
v -41.2757 -24.4929 -106.509
v -41.6555 -28.4782 -108.761
v -41.4564 -32.551 -109.49
v -44.9612 -23.1121 -119.611
v -44.502 -28.3953 -119.577
v -38.2397 -28.4904 -95.8694
v -36.0094 -21.6999 -87.558
v -43.9427 -15.5852 -115.752
v -41.7159 -11.7839 -108.501
v -38.7388 -14.5565 -97.3935
v -36.0485 0.0187502 -87.5582
v -37.0995 -1.52978 -87.5577
v -39.9314 -3.43364 -102.297
v -38.5561 -1.79896 -94.6563
v -39.3183 -2.32411 -98.5659
v -40.9372 -2.77429 -107.201
v -41.4966 -0.846921 -110.752
v -38.792 -3.98885 -96.6898
v -37.355 -2.7897 -87.5577
v -37.297 -3.75073 -87.5581
v -37.2284 -5.35313 -90.7942
v -37.0253 -4.76537 -87.5581
v -36.3336 -5.89976 -87.558
v -41.1517 0.239984 -109.996
v 40.0637 -3.88096 -111.672
v 38.7887 -5.60296 -104.162
v 37.4116 -5.90816 -95.9471
v 35.9988 -6.27617 -87.5581
v 39.3428 -4.0426 -106.281
v 39.1228 1.39505 -111.52
v 37.9769 -0.79968 -96.7843
v 37.2027 -1.979 -87.5582
v 37.3654 -3.19568 -87.5579
v 36.8674 -1.09275 -87.558
v 35.9752 0.112673 -87.5593
v 38.6156 -3.19595 -99.6479
v 39.371 -1.81328 -107.063
v 37.0241 -4.80302 -87.5581
v 38.2527 -4.2854 -97.5575
v 38.0713 -4.96193 -97.6631
v 41.337 -4.99317 -119.404
v 37.9361 1.16141 -102.872
v 40.4538 -27.2093 -111.558
v 42.3462 -22.3434 -119.54
v 39.0524 -21.975 -102.883
v 41.8366 -8.41904 -119.644
v 40.0332 -11.1102 -108.735
v 36 -26.0347 -87.558
v 37.8879 -13.3353 -97.1697
v 37.4834 -26.426 -95.5559
v 38.2269 -26.622 -99.558
v 38.9692 -26.8178 -103.558
v 39.7115 -27.0135 -107.558
v 42.1512 -11.3495 -119.675
v 42.4556 -18.2652 -119.623
v 31.7594 -47.1799 -119.562
v 35.8238 -45.5271 -119.562
v 34.2853 -40.1633 -113.456
v 39.3637 -41.1329 -119.567
v 36.0293 -38.0962 -113.426
v 35.3548 -34.2859 -109.497
v 34.6202 -35.3024 -109.49
v 31.934 -32.4033 -103.452
v 29.9662 -30.8208 -99.5192
v 26.7378 -29.5946 -95.565
v 28.6155 -29.047 -95.558
v 27.8318 -27.5814 -92.0811
v 27.875 -26.0347 -87.558
v 30.8434 -27.9451 -94.446
v 32.4518 -27.9238 -95.558
v 36.0775 -27.7452 -99.558
v 37.1747 -28.3153 -103.558
v 38.6494 -29.1165 -108.95
v 37.1599 -30.934 -108.528
v 36.3958 -31.9652 -108.536
v 36.0758 -33.2587 -109.494
v 38.2496 -35.9862 -115.173
v 39.4397 -33.2418 -115.518
v 40.4661 -30.0258 -115.558
v 39.3689 -29.4556 -111.558
v 37.9642 -32.2477 -111.64
v 34.9804 -27.175 -95.558
v 31.012 -26.9793 -91.558
v 33.8832 -26.6049 -91.558
v 31.9375 -26.0347 -87.558
v 19.75 -26.0347 -87.558
v 24.8365 -27.8046 -91.6294
v 29.4247 -32.5572 -101.55
v 33.2985 -35.8212 -108.531
v 15.6875 -26.0347 -87.558
v 23.6426 -29.2333 -93.8128
v 20.3136 -28.9873 -92.6821
v 24.643 -31.4859 -97.553
v 28.2779 -33.1282 -101.537
v 10.6322 -26.0238 -87.5589
v 21.6856 -33.536 -99.4457
v 17.0653 -31.6249 -96.0808
v 29.7604 -37.818 -107.915
v 29.4627 -39.3815 -109.498
v 21.2412 -35.3974 -101.871
v 27.4621 -40.1026 -109.489
v 24.5822 -40.1646 -108.902
v 32.9237 -37.1692 -109.494
v 30.2568 -36.5172 -106.79
v 24.2709 -33.8772 -100.643
v 18.3665 -29.0843 -92.5111
v 34.8912 -30.1748 -103.572
v 33.3741 -29.1473 -99.591
v 33.4415 -31.3105 -103.558
v 30.8334 -29.3578 -97.6464
v -42.4968 -39.5897 -119.489
v -40.1407 -47.3686 -147.411
v -36.419 -50.1476 -156.018
v -30.3257 -54.8726 -181.622
v -27.5727 -58.8851 -209.316
v -11.9935 -60.0264 -218.164
v 15.9117 -56.0312 -181.538
v 10.5086 -57.6482 -195.628
v 15.1414 -53.0269 -153.538
v 14.6944 -51.0245 -134.865
v 7.73292 -52.5183 -145.694
v 12.5464 -49.5326 -119.609
v 22.1585 -50.1869 -133.065
v 31.4688 -50.5515 -151.411
v 33.4384 -50.1959 -153.289
v 34.858 -49.687 -153.376
v -43.3202 -35.8677 -119.655
v -43.794 -38.3414 -130.932
v -41.9714 -40.9674 -118.614
v -41.5244 -46.6333 -151.239
v -38.7657 -48.0697 -145.564
v -37.9501 -49.3074 -153.463
v -31.7736 -57.1751 -203.416
v -27.6832 -60.9876 -227.556
v -49.9965 -21.9437 -168.167
v -49.2761 -24.9839 -163.393
v -56.0894 -22.4484 -227.582
v -55.7264 -26.2483 -227.608
v -45.1115 -18.7061 -119.682
v -56.3197 -18.44 -227.676
v -55.1944 -30.0781 -227.609
v -48.0951 -27.8395 -154.85
v -50.7914 -32.2393 -188.34
v -47.5207 -30.5764 -153.043
v -49.884 -35.2238 -185.771
v -47.0021 -33.4513 -153.053
v -43.9699 -32.1016 -119.527
v -49.5162 -38.5781 -191.228
v -45.627 -35.8213 -144.198
v -48.4295 -41.1976 -189.239
v -49.145 -43.7537 -206.837
v -45.4526 -39.5802 -152.703
v -48.1022 -44.6691 -200.73
v -46.89 -42.7671 -179.649
v -44.4082 -41.2323 -146.903
v -45.3255 -44.0183 -169.106
v -47.3515 -47.2392 -207.417
v -45.4498 -46.3569 -183.866
v -43.1724 -44.0027 -147.246
v -46.1534 -49.3517 -210.599
v -43.5677 -46.5958 -168.081
v -44.2594 -49.6788 -196.955
v -43.6278 -51.6899 -208.122
v -42.3259 -52.8328 -208.805
v -41.4895 -49.8171 -177.473
v -41.2766 -55.8512 -227.563
v -40.6 -53.7593 -206.544
v -39.6008 -51.7474 -183.857
v -37.6633 -52.3018 -180.589
v -38.5643 -57.4743 -227.606
v -35.9163 -58.7495 -227.579
v 24.6659 -60.0225 -219.073
v 27.4437 -60.6935 -227.576
v 26.1705 -56.8279 -193.576
v 25.0562 -52.4692 -155.66
v 28.1362 -56.0891 -191.373
v 28.4404 -51.4646 -152.946
v 32.39 -59.1168 -227.579
v 30.7733 -55.0258 -188.804
v 36.0441 -55.0282 -207.102
v 39.4892 -52.8383 -206.717
v 41.7592 -49.0512 -193.209
v 43.5377 -48.9075 -207.84
v 44.9579 -47.3019 -210.583
v 47.6815 -40.7896 -206.82
v 47.1549 -43.8944 -214.008
v 45.65 -39.5057 -182.374
v 43.4331 -37.1967 -152.829
v 40.5318 -36.5023 -119.529
v 45.6874 -29.4292 -159.378
v 47.0027 -36.9945 -188.227
v 45.8069 -34.0992 -169.244
v 52.8953 -27.8124 -227.574
v 53.3689 -23.4832 -227.629
v 46.0507 -23.8155 -156.686
v 51.6694 -21.051 -209.449
v 46.8822 -18.482 -162.222
v 32.2239 -48.0974 -129.663
v 26.0106 -49.4948 -131.88
v 1.71093 -49.9205 -118.904
v -23.1805 -50.2722 -133.092
v -14.604 -50.7093 -130.963
v -7.49074 -52.1294 -141.408
v -34.4872 -47.0931 -119.799
v -30.7958 -47.5981 -119.004
v -23.6464 -51.3764 -142.764
v -41.6577 -42.4837 -123.176
v -39.6103 -44.4889 -119.074
v -35.0589 -48.4923 -135.668
v -36.9111 -48.4204 -140.535
v 24.2782 -48.3114 -119.549
v 28.5864 -48.1299 -123.549
v 29.9886 -49.1045 -134.954
v 33.3528 -46.7666 -119.547
v 34.5911 -46.2543 -119.559
v 35.8152 -48.3551 -145.303
v 37.1792 -47.6883 -147.192
v 36.9643 -44.6056 -119.559
v 39.0175 -47.7548 -160.764
v 40.856 -50.6186 -198.051
v 37.9504 -43.5373 -119.558
v 39.3857 -45.6047 -147.237
v 38.7058 -42.439 -119.573
v 41.5825 -46.1513 -171.259
v 41.3647 -43.5108 -153.412
v 43.4151 -45.8332 -187.187
v 39.831 -39.696 -119.536
v 40.7984 -40.5361 -133.954
v 41.9651 -42.0942 -153.381
v 44.2391 -44.041 -186.247
v 42.2508 -36.1759 -137.651
v 42.6908 -39.8749 -153.123
v 44.3029 -42.2294 -178.941
v 41.0874 -33.5349 -119.522
v 41.9364 -27.6031 -119.55
v -33.2991 -50.5519 -151.547
v -30.1825 -49.3151 -134.08
v -30.4593 -51.2363 -151.505
v 23.2235 -52.7052 -155.352
v 25.289 -58.5005 -206.229
v 24.3949 -56.0596 -184.784
v 41.5983 -30.2685 -119.48
v 43.5122 -32.9431 -143.593
v 42.8033 -24.9131 -125.637
v -15.68 -52.8609 -151.262
v -26.3228 -52.3758 -154.219
v -27.6012 -55.9387 -185.232
v 46.6464 -26.1937 -164.776
v -23.6399 -53.4173 -160.157
v -26.1759 -56.4127 -187.332
v -0.277992 -55.1317 -170.007
v -17.7991 -56.9465 -189.714
v 33.7729 -55.9511 -205.928
v 32.6845 -53.443 -180.63
v 34.7885 -52.6932 -181.114
v 48.1381 -31.3478 -186.645
v 37.4816 -51.184 -180.053
v 38.9619 -50.562 -183.83
v -34.6188 -53.2504 -178.735
v -36.9326 -55.19 -202.694
v -7.7742 -57.1556 -190.092
v 36.3209 -52.2724 -183.79
v -34.2741 10.1678 -119.686
v -35.6776 9.93662 -120.62
v -36.2986 9.8533 -122.057
v -42.4356 2.81171 -119.521
v -43.6723 -3.06189 -119.551
v -49.9653 -15.1367 -167.754
v -42.7829 8.77617 -155.119
v -37.3363 13.7407 -164.747
v -39.2868 11.6269 -153.409
v -36.3199 13.4799 -159.002
v -40.2355 15.0007 -189.237
v -43.1657 11.5083 -178.863
v -36.3213 16.4243 -185.496
v -42.3786 15.2042 -203.645
v -36.2936 20.0336 -215.01
v -35.9573 20.2855 -216.024
v -36.1437 21.6802 -227.582
v -30.2838 22.4156 -217.558
v -27.9599 22.8701 -217.558
v -34.966 20.831 -217.107
v -33.688 21.3631 -217.544
v -0.0973335 22.9932 -217.558
v 26.3102 22.8491 -217.558
v 31.2459 21.5879 -217.542
v 32.5677 21.0191 -216.902
v 33.3222 20.6149 -216.016
v 34.7311 21.3976 -227.592
v 37.4798 16.3249 -196.93
v 39.1984 11.5654 -167.865
v 42.3671 -15.129 -119.556
v 36.7639 13.4731 -168.238
v 33.6803 17.7133 -193.053
v 33.6534 20.359 -214.993
v 41.5898 7.20601 -159.806
v 34.9057 16.4425 -186.306
v 37.9426 12.4297 -166.161
v 40.3724 7.85635 -151.178
v 41.6215 0.531011 -134.557
v 39.6837 9.44921 -155.648
v 40.847 -1.86329 -120.057
v 33.68 14.1589 -161.597
v 36.9151 10.517 -143.279
v 40.7405 3.56728 -133.649
v 39.8072 2.77459 -119.407
v 35.4802 14.2692 -169.186
v 38.7158 5.44474 -119.525
v 33.6804 10.7902 -130.069
v 37.267 8.10638 -125.638
v 33.6674 9.95495 -122.112
v 35.5643 11.1771 -141.549
v 33.0832 10.0124 -120.681
v 45.6007 -12.0533 -153.372
v 44.0035 -6.57078 -144.425
v 47.8208 -14.8295 -172.887
v 44.7503 -9.22862 -148.062
v 43.8434 0.045404 -157.209
v 47.5111 0.65052 -195.941
v 45.928 5.25973 -196.284
v 44.1381 7.65935 -188.781
v 39.0921 14.5397 -191.505
v 53.4096 -14.1268 -227.574
v 53.0092 -10.293 -227.669
v 48.6289 3.71996 -216.55
v 46.6518 8.34166 -216.767
v 45.0127 11.1312 -216.243
v 43.1982 12.3711 -207.61
v 40.9995 14.7742 -207.128
v 39.4934 16.5059 -210.51
v -41.4069 17.5269 -217.159
v -53.6731 0.120764 -227.484
v -49.5642 0.507566 -188.408
v -48.961 -2.66876 -174.489
v -54.4492 -3.00495 -227.571
v -49.9875 -5.71868 -178.603
v -55.6909 -10.4489 -227.563
v -44.8209 -12.0548 -119.542
v -45.0184 -15.271 -119.551
v 43.7782 -4.86003 -145.166
v 47.8246 -7.7242 -180.603
v 46.8795 -4.69273 -176.63
v 44.5507 3.21497 -174.588
v 47.1676 -1.8747 -185.779
v 45.6416 1.89252 -181.184
v 43.1559 9.56731 -189.196
v -38.3044 8.60152 -119.555
v -39.8982 7.81523 -123.807
v -40.7695 6.28398 -119.597
v -43.1785 7.03174 -147.328
v -42.0175 4.08404 -119.547
v -43.0896 -0.0769294 -119.473
v -46.0263 1.11017 -154.408
v -45.1737 -0.199886 -141.843
v -45.811 -3.28112 -141.434
v -45.9416 -6.53037 -137.01
v -38.4262 12.8885 -160.961
v -40.0294 10.2455 -145.394
v -49.5848 -11.1057 -167.284
v -40.631 13.1612 -175.08
v -42.1385 12.617 -180.186
v -44.8494 10.9661 -189.009
v -45.5026 9.35436 -184.19
v -46.0107 7.66372 -179.364
v -46.1784 5.38941 -170.477
v -47.3252 6.93567 -189.242
v -48.5889 4.02762 -190.027
v -50.1954 5.64894 -212.25
v -45.3056 4.37565 -157.166
v -49.3129 -8.62784 -167.549
v -55.178 -6.81455 -227.485
v -38.9621 16.1662 -193.517
v 41.4378 12.3806 -192.233
v 41.6654 9.93581 -177.096
v 42.4673 5.96068 -163.298
v 42.4791 3.3333 -152.975
v 43.5823 -2.72573 -147.558
f 1 2 3
f 2 1 5
f 5 1 4
f 5 4 6
f 5 6 7
f 7 6 9
f 9 6 8
f 9 8 10
f 10 8 12
f 12 8 11
f 12 11 13
f 12 13 14
f 14 13 16
f 16 13 15
f 16 15 17
f 17 15 19
f 19 15 18
f 19 18 20
f 19 20 21
f 21 20 23
f 23 20 22
f 23 22 24
f 23 24 25
f 25 24 27
f 27 24 26
f 27 26 28
f 28 26 29
f 28 29 30
f 30 29 32
f 32 29 31
f 32 31 33
f 32 33 34
f 34 33 36
f 36 33 35
f 36 35 37
f 36 37 38
f 38 37 3
f 3 37 39
f 3 39 1
f 40 41 42
f 41 40 44
f 44 40 43
f 44 43 45
f 44 45 46
f 46 45 48
f 48 45 47
f 48 47 49
f 49 47 51
f 51 47 50
f 51 50 52
f 51 52 53
f 53 52 55
f 55 52 54
f 55 54 56
f 56 54 58
f 58 54 57
f 58 57 59
f 58 59 60
f 60 59 62
f 62 59 61
f 62 61 63
f 62 63 64
f 64 63 66
f 66 63 65
f 66 65 67
f 67 65 68
f 67 68 69
f 69 68 71
f 71 68 70
f 71 70 72
f 71 72 73
f 73 72 75
f 75 72 74
f 75 74 76
f 75 76 77
f 77 76 42
f 42 76 78
f 42 78 40
f 86 79 83
f 83 79 82
f 83 82 84
f 84 82 80
f 84 80 81
f 83 85 86
f 86 85 99
f 99 85 98
f 98 85 87
f 98 87 97
f 97 87 88
f 97 88 100
f 100 88 96
f 96 88 94
f 81 89 84
f 84 89 83
f 83 89 90
f 83 90 85
f 85 90 91
f 85 91 87
f 87 91 88
f 88 91 92
f 88 92 94
f 94 92 93
f 96 94 95
f 95 94 93
f 100 96 95
f 99 98 128
f 128 98 101
f 101 98 97
f 101 97 102
f 102 97 100
f 102 100 95
f 102 95 103
f 103 95 104
f 104 95 92
f 104 92 105
f 105 92 106
f 95 93 92
f 104 105 108
f 108 105 107
f 108 107 109
f 109 107 110
f 110 107 185
f 110 185 111
f 111 112 113
f 108 109 115
f 115 109 114
f 115 114 117
f 117 114 116
f 117 116 118
f 117 118 119
f 119 118 120
f 119 120 121
f 121 120 122
f 122 120 123
f 122 123 124
f 124 123 125
f 124 125 126
f 126 125 127
f 128 101 129
f 128 129 130
f 130 129 132
f 132 129 131
f 132 131 133
f 132 133 134
f 134 133 136
f 136 133 135
f 136 135 137
f 137 135 138
f 137 138 139
f 139 138 126
f 139 126 140
f 141 142 143
f 145 143 144
f 145 144 146
f 145 146 147
f 143 142 144
f 142 149 144
f 144 149 146
f 146 149 150
f 150 151 146
f 146 151 147
f 147 148 145
f 148 152 145
f 145 152 143
f 143 152 141
f 150 149 151
f 151 149 142
f 151 142 153
f 153 142 141
f 141 154 153
f 153 154 155
f 155 154 156
f 155 156 157
f 157 158 155
f 155 158 159
f 155 159 160
f 160 159 161
f 160 161 162
f 162 163 160
f 160 163 164
f 164 163 165
f 165 166 164
f 164 166 167
f 167 166 181
f 167 181 168
f 141 152 154
f 154 152 169
f 154 169 156
f 156 169 170
f 156 170 157
f 157 170 171
f 157 171 158
f 158 171 172
f 158 172 159
f 159 172 173
f 159 173 174
f 159 174 161
f 161 174 175
f 161 175 162
f 162 175 163
f 163 175 176
f 163 176 165
f 165 176 180
f 165 180 177
f 165 177 166
f 167 168 178
f 178 168 179
f 180 182 177
f 179 168 181
f 179 181 182
f 179 182 183
f 179 183 178
f 166 177 181
f 181 177 182
f 184 112 111
f 186 185 107
f 186 107 105
f 105 187 186
f 186 187 188
f 186 188 185
f 185 188 189
f 185 189 111
f 111 189 184
f 198 187 190
f 190 187 105
f 190 105 106
f 106 191 190
f 164 192 193
f 164 193 194
f 194 193 195
f 194 195 196
f 196 195 197
f 199 192 198
f 199 198 190
f 199 190 200
f 192 200 201
f 201 202 193
f 193 202 195
f 197 160 196
f 196 160 164
f 196 164 194
f 201 193 192
f 200 192 199
f 210 195 208
f 208 195 202
f 208 202 203
f 208 203 207
f 207 203 204
f 207 204 205
f 205 206 207
f 206 209 207
f 207 209 208
f 209 210 208
f 212 211 213
f 214 215 216
f 216 215 217
f 216 217 218
f 218 217 153
f 218 153 219
f 219 153 155
f 219 155 220
f 214 211 215
f 211 153 217
f 211 217 215
f 220 221 219
f 219 221 218
f 222 216 221
f 221 216 218
f 214 213 211
f 229 216 227
f 227 216 222
f 227 222 223
f 227 223 226
f 226 223 224
f 226 224 225
f 225 2475 226
f 2475 228 226
f 226 228 227
f 228 229 227
f 230 231 232
f 234 235 236
f 234 236 233
f 233 236 232
f 232 236 230
f 257 237 238
f 212 213 230
f 230 213 231
f 238 237 89
f 89 237 239
f 2503 191 92
f 92 191 106
f 80 240 81
f 81 240 238
f 81 238 89
f 240 80 82
f 240 82 245
f 245 82 241
f 241 82 242
f 79 243 82
f 82 243 242
f 245 241 244
f 245 244 246
f 245 246 247
f 247 246 249
f 249 246 248
f 249 248 250
f 249 250 251
f 251 250 252
f 251 252 253
f 253 252 254
f 253 254 255
f 255 254 140
f 255 140 256
f 240 257 238
f 258 152 259
f 152 258 169
f 169 258 260
f 169 260 170
f 170 260 171
f 171 260 261
f 171 261 172
f 172 261 262
f 172 262 263
f 172 263 173
f 173 263 174
f 174 263 175
f 175 263 264
f 175 264 265
f 175 265 176
f 176 265 266
f 176 266 180
f 180 266 267
f 180 267 182
f 182 267 183
f 183 267 268
f 183 268 269
f 269 268 270
f 269 270 127
f 127 270 271
f 127 271 126
f 126 271 272
f 272 273 126
f 126 273 274
f 126 274 140
f 140 274 275
f 140 275 276
f 140 276 256
f 256 276 277
f 277 278 256
f 256 278 279
f 256 279 281
f 281 279 280
f 281 280 148
f 148 280 259
f 148 259 152
f 148 147 281
f 281 147 236
f 151 212 147
f 147 212 230
f 153 211 151
f 211 212 151
f 147 230 236
f 236 235 281
f 281 235 282
f 281 282 283
f 283 282 285
f 285 282 284
f 285 284 286
f 285 286 287
f 184 288 112
f 112 288 113
f 178 187 167
f 167 187 198
f 183 269 178
f 178 269 189
f 289 184 269
f 269 184 189
f 184 289 290
f 290 291 184
f 184 291 292
f 184 292 293
f 293 294 184
f 184 294 288
f 288 294 295
f 295 296 288
f 189 188 178
f 178 188 187
f 198 192 167
f 167 192 164
f 39 246 1
f 1 246 244
f 1 244 241
f 1 241 4
f 4 241 6
f 6 241 242
f 6 242 8
f 8 242 243
f 8 243 79
f 8 79 11
f 11 79 13
f 13 79 86
f 13 86 99
f 246 39 37
f 246 37 248
f 248 37 250
f 250 37 35
f 250 35 33
f 250 33 252
f 252 33 254
f 254 33 31
f 254 31 140
f 140 31 29
f 140 29 139
f 139 29 137
f 137 29 26
f 137 26 136
f 136 26 24
f 136 24 134
f 134 24 132
f 132 24 22
f 132 22 20
f 132 20 130
f 130 20 128
f 128 20 18
f 128 18 99
f 99 18 15
f 99 15 13
f 125 297 127
f 127 297 269
f 269 297 289
f 289 297 298
f 289 298 299
f 289 299 290
f 290 299 300
f 290 300 291
f 291 300 301
f 291 301 292
f 292 301 293
f 293 301 302
f 293 302 303
f 293 303 294
f 294 303 295
f 295 303 304
f 295 304 305
f 295 305 296
f 296 305 288
f 288 305 113
f 113 305 306
f 113 306 111
f 111 306 110
f 110 306 307
f 110 307 109
f 109 307 308
f 109 308 114
f 114 308 309
f 114 309 116
f 116 309 310
f 116 310 118
f 118 310 120
f 120 310 311
f 120 311 312
f 120 312 123
f 123 312 125
f 125 312 297
f 78 129 40
f 40 129 101
f 40 101 43
f 43 101 45
f 45 101 102
f 45 102 47
f 47 102 103
f 47 103 50
f 50 103 104
f 50 104 52
f 52 104 108
f 52 108 54
f 54 108 115
f 54 115 57
f 57 115 59
f 59 115 117
f 59 117 61
f 61 117 119
f 61 119 63
f 63 119 121
f 63 121 65
f 65 121 122
f 65 122 68
f 68 122 124
f 68 124 126
f 68 126 70
f 70 126 138
f 70 138 72
f 72 138 135
f 72 135 74
f 74 135 133
f 74 133 76
f 76 133 131
f 76 131 78
f 78 131 129
f 234 313 235
f 235 313 314
f 235 314 282
f 282 314 315
f 282 315 284
f 284 315 286
f 286 315 316
f 286 316 317
f 286 317 287
f 287 317 318
f 287 318 285
f 285 318 319
f 285 319 283
f 283 319 281
f 281 319 320
f 281 320 256
f 256 320 321
f 256 321 255
f 255 321 253
f 253 321 322
f 253 322 251
f 251 322 323
f 251 323 249
f 249 323 324
f 249 324 247
f 247 324 245
f 245 324 325
f 245 325 240
f 240 325 326
f 240 326 327
f 240 327 257
f 257 327 328
f 257 328 313
f 257 313 234
f 234 237 257
f 542 330 331
f 331 330 332
f 331 332 333
f 333 332 334
f 333 334 335
f 335 334 336
f 335 336 337
f 337 336 338
f 337 338 339
f 339 338 340
f 339 340 341
f 341 340 342
f 341 342 343
f 343 342 344
f 343 344 345
f 345 344 346
f 345 346 347
f 347 346 348
f 347 348 349
f 349 348 350
f 349 350 351
f 351 350 352
f 351 352 353
f 353 352 354
f 353 354 355
f 355 354 356
f 355 356 357
f 357 356 358
f 357 358 359
f 359 358 360
f 359 360 361
f 361 360 362
f 361 362 363
f 363 362 364
f 363 364 365
f 365 364 366
f 365 366 367
f 367 366 368
f 367 368 369
f 369 368 370
f 369 370 371
f 371 370 372
f 371 372 373
f 373 372 374
f 373 374 375
f 375 374 376
f 375 376 377
f 377 376 378
f 377 378 379
f 379 378 380
f 379 380 381
f 381 380 382
f 381 382 383
f 383 382 384
f 383 384 385
f 385 384 386
f 385 386 387
f 387 386 388
f 387 388 389
f 389 388 390
f 389 390 391
f 391 390 392
f 391 392 456
f 455 932 576
f 455 576 518
f 518 576 393
f 518 393 394
f 399 400 402
f 402 400 401
f 402 401 403
f 405 403 404
f 405 404 406
f 405 406 408
f 408 406 407
f 408 407 409
f 408 409 411
f 411 409 410
f 411 410 412
f 411 412 414
f 414 412 413
f 414 413 415
f 414 415 417
f 417 415 416
f 417 416 418
f 418 416 419
f 418 419 420
f 418 420 422
f 422 420 421
f 422 421 423
f 422 423 426
f 426 423 424
f 426 424 425
f 426 425 428
f 428 425 427
f 428 427 429
f 428 429 431
f 431 429 430
f 431 430 433
f 433 430 432
f 433 432 434
f 433 434 436
f 436 434 435
f 436 435 437
f 436 437 438
f 438 437 439
f 438 439 440
f 440 439 441
f 440 441 442
f 451 444 445
f 517 447 446
f 329 518 448
f 448 518 543
f 447 448 449
f 543 518 395
f 543 395 450
f 449 451 445
f 395 518 394
f 453 932 456
f 391 456 457
f 391 457 389
f 389 457 458
f 389 458 387
f 387 458 459
f 387 459 385
f 385 459 460
f 385 460 383
f 383 460 461
f 383 461 381
f 381 461 462
f 381 462 379
f 379 462 463
f 379 463 377
f 377 463 464
f 377 464 375
f 375 464 465
f 375 465 373
f 373 465 466
f 373 466 371
f 371 466 467
f 371 467 369
f 369 467 468
f 369 468 367
f 367 468 469
f 367 469 365
f 365 469 470
f 365 470 363
f 363 470 471
f 363 471 361
f 361 471 472
f 361 472 359
f 359 472 473
f 359 473 357
f 357 473 474
f 357 474 355
f 355 474 475
f 355 475 353
f 353 475 476
f 353 476 351
f 351 476 477
f 351 477 349
f 349 477 478
f 349 478 347
f 347 478 479
f 347 479 345
f 345 479 480
f 345 480 343
f 343 480 481
f 343 481 341
f 341 481 482
f 341 482 339
f 339 482 483
f 339 483 337
f 337 483 484
f 337 484 335
f 335 484 485
f 335 485 333
f 333 485 486
f 333 486 331
f 331 486 541
f 331 541 542
f 446 542 517
f 447 517 329
f 447 329 448
f 457 456 487
f 457 487 458
f 458 487 488
f 458 488 459
f 459 488 489
f 459 489 460
f 460 489 490
f 460 490 461
f 461 490 491
f 461 491 462
f 462 491 492
f 462 492 463
f 463 492 493
f 463 493 464
f 464 493 494
f 464 494 465
f 465 494 495
f 465 495 466
f 466 495 496
f 466 496 467
f 467 496 497
f 467 497 468
f 468 497 498
f 468 498 469
f 469 498 499
f 469 499 470
f 470 499 500
f 470 500 471
f 471 500 501
f 471 501 472
f 472 501 502
f 472 502 473
f 473 502 503
f 473 503 474
f 474 503 504
f 474 504 475
f 475 504 505
f 475 505 476
f 476 505 506
f 476 506 477
f 477 506 507
f 477 507 478
f 478 507 508
f 478 508 479
f 479 508 509
f 479 509 480
f 480 509 510
f 480 510 481
f 481 510 511
f 481 511 482
f 482 511 512
f 482 512 483
f 483 512 513
f 483 513 484
f 484 513 514
f 484 514 485
f 485 514 515
f 485 515 486
f 486 515 516
f 486 516 541
f 519 456 933
f 455 518 520
f 518 329 520
f 519 933 522
f 522 933 523
f 522 523 524
f 524 523 978
f 524 978 525
f 525 978 526
f 525 526 527
f 527 526 977
f 527 977 528
f 528 980 493
f 493 980 529
f 493 529 494
f 494 529 530
f 494 530 495
f 495 530 531
f 495 531 496
f 496 531 497
f 497 531 1580
f 497 1580 498
f 498 1580 913
f 498 913 499
f 499 913 500
f 500 913 532
f 500 532 501
f 501 532 533
f 501 533 502
f 502 533 534
f 502 534 503
f 503 534 535
f 503 535 504
f 504 535 536
f 504 536 505
f 505 536 976
f 505 976 537
f 505 537 506
f 506 537 538
f 506 538 507
f 507 538 915
f 507 915 508
f 508 915 975
f 508 975 509
f 509 975 510
f 510 975 539
f 510 539 511
f 511 539 512
f 512 539 540
f 512 540 513
f 513 540 961
f 513 961 514
f 514 961 965
f 514 965 515
f 515 965 516
f 446 449 445
f 450 395 998
f 448 543 450
f 449 450 998
f 449 448 450
f 447 449 446
f 449 998 451
f 330 542 544
f 330 544 332
f 332 544 545
f 332 545 334
f 334 545 546
f 334 546 336
f 336 546 547
f 336 547 338
f 338 547 548
f 338 548 340
f 340 548 549
f 340 549 342
f 342 549 550
f 342 550 344
f 344 550 551
f 344 551 346
f 346 551 552
f 346 552 348
f 348 552 553
f 348 553 350
f 350 553 554
f 350 554 352
f 352 554 555
f 352 555 354
f 354 555 556
f 354 556 356
f 356 556 557
f 356 557 358
f 358 557 558
f 358 558 360
f 360 558 559
f 360 559 362
f 362 559 560
f 362 560 364
f 364 560 561
f 364 561 366
f 366 561 562
f 366 562 368
f 368 562 563
f 368 563 370
f 370 563 564
f 370 564 372
f 372 564 565
f 372 565 374
f 374 565 566
f 374 566 376
f 376 566 567
f 376 567 378
f 378 567 568
f 378 568 380
f 380 568 569
f 380 569 382
f 382 569 570
f 382 570 384
f 384 570 571
f 384 571 386
f 386 571 572
f 386 572 388
f 388 572 573
f 388 573 390
f 390 573 574
f 390 574 392
f 392 574 575
f 392 575 456
f 932 453 454
f 932 454 576
f 542 446 641
f 542 641 544
f 544 641 577
f 544 577 545
f 545 577 578
f 545 578 546
f 546 578 579
f 546 579 547
f 547 579 580
f 547 580 548
f 548 580 581
f 548 581 549
f 549 581 582
f 549 582 550
f 550 582 583
f 550 583 551
f 551 583 584
f 551 584 552
f 552 584 585
f 552 585 553
f 553 585 586
f 553 586 554
f 554 586 587
f 554 587 555
f 555 587 588
f 555 588 556
f 556 588 589
f 556 589 557
f 557 589 590
f 557 590 558
f 558 590 591
f 558 591 559
f 559 591 592
f 559 592 560
f 560 592 593
f 560 593 561
f 561 593 594
f 561 594 562
f 562 594 595
f 562 595 563
f 563 595 596
f 563 596 564
f 564 596 597
f 564 597 565
f 565 597 598
f 565 598 566
f 566 598 599
f 566 599 567
f 567 599 600
f 567 600 568
f 568 600 601
f 568 601 569
f 569 601 602
f 569 602 570
f 570 602 603
f 570 603 571
f 571 603 604
f 571 604 572
f 572 604 605
f 572 605 573
f 573 605 606
f 573 606 574
f 574 606 607
f 574 607 575
f 575 607 608
f 575 608 456
f 576 454 393
f 577 641 609
f 577 609 578
f 578 609 610
f 578 610 579
f 579 610 611
f 579 611 580
f 580 611 612
f 580 612 581
f 581 612 613
f 581 613 582
f 582 613 614
f 582 614 583
f 583 614 615
f 583 615 584
f 584 615 616
f 584 616 585
f 585 616 617
f 585 617 586
f 586 617 618
f 586 618 587
f 587 618 619
f 587 619 588
f 588 619 620
f 588 620 589
f 589 620 621
f 589 621 590
f 590 621 622
f 590 622 591
f 591 622 623
f 591 623 592
f 592 623 624
f 592 624 593
f 593 624 625
f 593 625 594
f 594 625 626
f 594 626 595
f 595 626 627
f 595 627 596
f 596 627 628
f 596 628 597
f 597 628 629
f 597 629 598
f 598 629 630
f 598 630 599
f 599 630 631
f 599 631 600
f 600 631 632
f 600 632 601
f 601 632 633
f 601 633 602
f 602 633 634
f 602 634 603
f 603 634 635
f 603 635 604
f 604 635 636
f 604 636 605
f 605 636 637
f 605 637 606
f 606 637 638
f 606 638 607
f 607 638 639
f 607 639 608
f 608 639 640
f 608 640 456
f 456 640 452
f 456 452 453
f 393 396 394
f 446 445 641
f 609 641 642
f 609 642 610
f 610 642 643
f 610 643 611
f 611 643 644
f 611 644 612
f 612 644 645
f 612 645 613
f 613 645 646
f 613 646 614
f 614 646 647
f 614 647 615
f 615 647 648
f 615 648 616
f 616 648 649
f 616 649 617
f 617 649 650
f 617 650 618
f 618 650 651
f 618 651 619
f 619 651 652
f 619 652 620
f 620 652 653
f 620 653 621
f 621 653 654
f 621 654 622
f 622 654 655
f 622 655 623
f 623 655 656
f 623 656 624
f 624 656 657
f 624 657 625
f 625 657 658
f 625 658 626
f 626 658 659
f 626 659 627
f 627 659 660
f 627 660 628
f 628 660 661
f 628 661 629
f 629 661 662
f 629 662 630
f 630 662 663
f 630 663 631
f 631 663 664
f 631 664 632
f 632 664 665
f 632 665 633
f 633 665 666
f 633 666 634
f 634 666 667
f 634 667 635
f 635 667 668
f 635 668 636
f 636 668 669
f 636 669 637
f 637 669 670
f 637 670 638
f 638 670 671
f 638 671 639
f 639 671 672
f 639 672 640
f 640 672 673
f 640 673 452
f 393 454 396
f 642 641 674
f 642 674 643
f 643 674 675
f 643 675 644
f 644 675 676
f 644 676 645
f 645 676 677
f 645 677 646
f 646 677 678
f 646 678 647
f 647 678 679
f 647 679 648
f 648 679 680
f 648 680 649
f 649 680 681
f 649 681 650
f 650 681 682
f 650 682 651
f 651 682 683
f 651 683 652
f 652 683 684
f 652 684 653
f 653 684 685
f 653 685 654
f 654 685 686
f 654 686 655
f 655 686 687
f 655 687 656
f 656 687 688
f 656 688 657
f 657 688 689
f 657 689 658
f 658 689 690
f 658 690 659
f 659 690 691
f 659 691 660
f 660 691 692
f 660 692 661
f 661 692 693
f 661 693 662
f 662 693 694
f 662 694 663
f 663 694 695
f 663 695 664
f 664 695 696
f 664 696 665
f 665 696 697
f 665 697 666
f 666 697 698
f 666 698 667
f 667 698 699
f 667 699 668
f 668 699 700
f 668 700 669
f 669 700 701
f 669 701 670
f 670 701 702
f 670 702 671
f 671 702 703
f 671 703 672
f 672 703 704
f 672 704 673
f 673 704 705
f 673 705 452
f 674 641 706
f 674 706 675
f 675 706 707
f 675 707 676
f 676 707 708
f 676 708 677
f 677 708 709
f 677 709 678
f 678 709 710
f 678 710 679
f 679 710 711
f 679 711 680
f 680 711 712
f 680 712 681
f 681 712 713
f 681 713 682
f 682 713 714
f 682 714 683
f 683 714 715
f 683 715 684
f 684 715 716
f 684 716 685
f 685 716 717
f 685 717 686
f 686 717 718
f 686 718 687
f 687 718 719
f 687 719 688
f 688 719 720
f 688 720 689
f 689 720 721
f 689 721 690
f 690 721 722
f 690 722 691
f 691 722 723
f 691 723 692
f 692 723 724
f 692 724 693
f 693 724 725
f 693 725 694
f 694 725 726
f 694 726 695
f 695 726 727
f 695 727 696
f 696 727 728
f 696 728 697
f 697 728 729
f 697 729 698
f 698 729 730
f 698 730 699
f 699 730 731
f 699 731 700
f 700 731 732
f 700 732 701
f 701 732 733
f 701 733 702
f 702 733 734
f 702 734 703
f 703 734 735
f 703 735 704
f 704 735 736
f 704 736 705
f 705 736 737
f 705 737 452
f 445 444 641
f 641 444 738
f 641 738 706
f 706 738 739
f 706 739 707
f 707 739 740
f 707 740 708
f 708 740 741
f 708 741 709
f 709 741 742
f 709 742 710
f 710 742 743
f 710 743 711
f 711 743 744
f 711 744 712
f 712 744 745
f 712 745 713
f 713 745 746
f 713 746 714
f 714 746 747
f 714 747 715
f 715 747 748
f 715 748 716
f 716 748 749
f 716 749 717
f 717 749 750
f 717 750 718
f 718 750 751
f 718 751 719
f 719 751 752
f 719 752 720
f 720 752 753
f 720 753 721
f 721 753 754
f 721 754 722
f 722 754 755
f 722 755 723
f 723 755 756
f 723 756 724
f 724 756 757
f 724 757 725
f 725 757 758
f 725 758 726
f 726 758 759
f 726 759 727
f 727 759 760
f 727 760 728
f 728 760 761
f 728 761 729
f 729 761 762
f 729 762 730
f 730 762 763
f 730 763 731
f 731 763 764
f 731 764 732
f 732 764 765
f 732 765 733
f 733 765 766
f 733 766 734
f 734 766 767
f 734 767 735
f 735 767 768
f 735 768 736
f 736 768 769
f 736 769 737
f 737 769 770
f 737 770 452
f 738 444 771
f 738 771 739
f 739 771 772
f 739 772 740
f 740 772 773
f 740 773 741
f 741 773 774
f 741 774 742
f 742 774 775
f 742 775 743
f 743 775 776
f 743 776 744
f 744 776 777
f 744 777 745
f 745 777 778
f 745 778 746
f 746 778 779
f 746 779 747
f 747 779 780
f 747 780 748
f 748 780 781
f 748 781 749
f 749 781 782
f 749 782 750
f 750 782 783
f 750 783 751
f 751 783 784
f 751 784 752
f 752 784 785
f 752 785 753
f 753 785 786
f 753 786 754
f 754 786 787
f 754 787 755
f 755 787 788
f 755 788 756
f 756 788 789
f 756 789 757
f 757 789 790
f 757 790 758
f 758 790 791
f 758 791 759
f 759 791 792
f 759 792 760
f 760 792 793
f 760 793 761
f 761 793 794
f 761 794 762
f 762 794 795
f 762 795 763
f 763 795 796
f 763 796 764
f 764 796 797
f 764 797 765
f 765 797 798
f 765 798 766
f 766 798 799
f 766 799 767
f 767 799 800
f 767 800 768
f 768 800 801
f 768 801 769
f 769 801 398
f 769 398 770
f 770 398 397
f 770 397 452
f 771 444 802
f 771 802 772
f 772 802 803
f 772 803 773
f 773 803 804
f 773 804 774
f 774 804 805
f 774 805 775
f 775 805 806
f 775 806 776
f 776 806 807
f 776 807 777
f 777 807 808
f 777 808 778
f 778 808 809
f 778 809 779
f 779 809 810
f 779 810 780
f 780 810 811
f 780 811 781
f 781 811 812
f 781 812 782
f 782 812 813
f 782 813 783
f 783 813 814
f 783 814 784
f 784 814 815
f 784 815 785
f 785 815 816
f 785 816 786
f 786 816 817
f 786 817 787
f 787 817 818
f 787 818 788
f 788 818 819
f 788 819 789
f 789 819 820
f 789 820 790
f 790 820 821
f 790 821 791
f 791 821 822
f 791 822 792
f 792 822 823
f 792 823 793
f 793 823 824
f 793 824 794
f 794 824 825
f 794 825 795
f 795 825 826
f 795 826 796
f 796 826 827
f 796 827 797
f 797 827 828
f 797 828 798
f 798 828 829
f 798 829 799
f 799 829 400
f 799 400 800
f 800 400 399
f 800 399 801
f 801 399 398
f 802 444 830
f 802 830 803
f 803 830 831
f 803 831 804
f 804 831 832
f 804 832 805
f 805 832 833
f 805 833 806
f 806 833 834
f 806 834 807
f 807 834 835
f 807 835 808
f 808 835 836
f 808 836 809
f 809 836 837
f 809 837 810
f 810 837 838
f 810 838 811
f 811 838 839
f 811 839 812
f 812 839 840
f 812 840 813
f 813 840 841
f 813 841 814
f 814 841 842
f 814 842 815
f 815 842 843
f 815 843 816
f 816 843 844
f 816 844 817
f 817 844 845
f 817 845 818
f 818 845 846
f 818 846 819
f 819 846 847
f 819 847 820
f 820 847 848
f 820 848 821
f 821 848 849
f 821 849 822
f 822 849 850
f 822 850 823
f 823 850 851
f 823 851 824
f 824 851 852
f 824 852 825
f 825 852 853
f 825 853 826
f 826 853 854
f 826 854 827
f 827 854 855
f 827 855 828
f 828 855 856
f 828 856 829
f 829 856 401
f 829 401 400
f 830 444 443
f 830 443 831
f 831 443 442
f 831 442 832
f 832 442 441
f 832 441 833
f 833 441 439
f 833 439 834
f 834 439 437
f 834 437 835
f 835 437 435
f 835 435 836
f 836 435 434
f 836 434 837
f 837 434 432
f 837 432 838
f 838 432 430
f 838 430 839
f 839 430 429
f 839 429 840
f 840 429 427
f 840 427 841
f 841 427 425
f 841 425 842
f 842 425 424
f 842 424 843
f 843 424 423
f 843 423 844
f 844 423 421
f 844 421 845
f 845 421 420
f 845 420 846
f 846 420 419
f 846 419 847
f 847 419 416
f 847 416 848
f 848 416 415
f 848 415 849
f 849 415 413
f 849 413 850
f 850 413 412
f 850 412 851
f 851 412 410
f 851 410 852
f 852 410 409
f 852 409 853
f 853 409 407
f 853 407 854
f 854 407 406
f 854 406 855
f 855 406 404
f 855 404 856
f 856 404 403
f 856 403 401
f 528 493 492
f 527 528 492
f 527 492 857
f 857 492 491
f 857 491 858
f 858 491 490
f 858 490 859
f 859 490 489
f 859 489 860
f 860 489 488
f 860 488 861
f 861 488 487
f 861 487 456
f 525 527 857
f 525 857 858
f 524 525 858
f 524 858 859
f 522 524 859
f 522 859 860
f 519 522 860
f 519 860 861
f 456 519 861
f 520 932 455
f 520 521 932
f 921 862 863
f 864 862 865
f 865 862 950
f 866 950 867
f 868 972 973
f 868 973 1278
f 1278 973 869
f 869 973 974
f 873 1688 872
f 1688 873 1684
f 1684 873 874
f 1684 874 875
f 875 876 1684
f 1684 876 878
f 878 879 881
f 881 879 880
f 1713 881 882
f 1713 882 920
f 920 882 883
f 920 883 884
f 920 884 1572
f 1572 885 1622
f 1622 885 887
f 887 886 888
f 887 888 1573
f 889 892 877
f 877 892 876
f 889 890 892
f 891 892 890
f 891 893 892
f 892 893 896
f 892 896 894
f 892 894 895
f 902 896 900
f 900 901 902
f 902 901 903
f 902 903 897
f 897 903 898
f 898 899 958
f 898 958 897
f 906 907 2696
f 909 907 910
f 910 2128 909
f 909 2128 908
f 910 1282 871
f 910 871 2128
f 870 871 911
f 870 911 912
f 870 912 974
f 871 1282 911
f 912 869 974
f 1575 531 530
f 531 1575 1580
f 914 534 913
f 913 534 533
f 913 533 532
f 535 534 976
f 538 976 915
f 915 976 916
f 915 916 975
f 918 1647 1572
f 1647 1715 1572
f 1572 1715 920
f 881 1678 878
f 1678 1684 878
f 862 921 1661
f 862 1661 923
f 923 922 924
f 924 927 948
f 923 1661 922
f 926 927 924
f 927 926 1724
f 927 1724 1666
f 927 1666 929
f 929 1666 1667
f 928 929 1667
f 929 1606 948
f 948 1614 925
f 948 1606 1614
f 930 1612 935
f 935 1612 530
f 530 1612 1575
f 963 931 329
f 931 936 329
f 329 936 520
f 520 936 521
f 521 941 932
f 936 937 521
f 939 2168 2672
f 2672 940 939
f 942 943 944
f 944 933 456
f 943 945 944
f 944 945 934
f 944 934 933
f 945 946 934
f 977 980 528
f 980 530 529
f 923 949 862
f 949 950 862
f 949 951 950
f 950 951 867
f 953 956 2131
f 909 908 956
f 2696 2703 906
f 906 2967 979
f 879 878 895
f 895 878 876
f 895 876 892
f 880 882 881
f 884 885 1572
f 885 886 887
f 1573 888 917
f 917 888 959
f 917 959 914
f 914 959 960
f 914 960 534
f 534 960 976
f 962 961 540
f 517 963 329
f 962 964 961
f 961 3008 965
f 964 3008 961
f 3008 966 965
f 966 516 965
f 516 966 3010
f 3010 967 517
f 967 3012 517
f 3012 963 517
f 954 968 953
f 970 969 971
f 970 971 972
f 970 972 867
f 972 971 973
f 517 542 3010
f 542 541 3010
f 3010 541 516
f 540 539 962
f 962 539 2924
f 539 975 2924
f 976 538 537
f 976 536 535
f 977 526 980
f 530 980 946
f 530 946 935
f 978 523 933
f 957 904 1313
f 904 957 899
f 957 958 899
f 2969 957 1313
f 979 2969 905
f 979 905 906
f 905 2969 1313
f 932 941 944
f 932 944 456
f 941 521 937
f 941 937 938
f 941 938 940
f 933 934 978
f 978 934 526
f 526 934 980
f 930 935 947
f 930 947 925
f 925 947 948
f 927 929 948
f 924 922 926
f 942 944 941
f 934 946 980
f 968 969 970
f 970 867 951
f 970 951 952
f 940 938 939
f 968 970 952
f 968 952 953
f 2131 954 953
f 956 955 2131
f 955 956 908
f 909 2696 907
f 981 443 444
f 981 444 451
f 982 442 981
f 981 442 443
f 982 438 440
f 982 440 442
f 438 982 436
f 436 982 983
f 436 983 433
f 433 983 984
f 433 984 431
f 431 984 428
f 428 984 985
f 428 985 426
f 426 985 986
f 426 986 422
f 422 986 987
f 422 987 418
f 418 987 988
f 418 988 417
f 417 988 414
f 414 988 989
f 414 989 411
f 411 989 990
f 411 990 408
f 408 990 991
f 408 991 405
f 405 991 992
f 405 992 403
f 403 992 402
f 402 992 993
f 402 993 399
f 399 993 994
f 399 994 398
f 398 994 397
f 397 994 995
f 397 995 452
f 452 995 453
f 453 995 996
f 453 996 454
f 454 996 396
f 396 996 997
f 396 997 394
f 394 997 395
f 395 997 998
f 451 998 981
f 921 863 999
f 921 999 1000
f 1000 999 1001
f 1000 1001 1002
f 1002 1001 1003
f 1002 1003 1004
f 1004 1003 1005
f 1004 1005 1006
f 1006 1005 1007
f 1006 1007 1008
f 1008 1007 1009
f 1008 1009 1010
f 1010 1009 1011
f 1010 1011 1012
f 1012 1011 1013
f 1012 1013 1014
f 1014 1013 1015
f 1014 1015 1016
f 1016 1015 1017
f 1016 1017 1018
f 1018 1017 1019
f 1018 1019 1020
f 1020 1019 1021
f 1020 1021 1022
f 1022 1021 1023
f 1022 1023 1024
f 1024 1023 1025
f 1024 1025 1026
f 1026 1025 1027
f 1026 1027 1028
f 1028 1027 1029
f 1028 1029 1030
f 1030 1029 1031
f 1030 1031 1032
f 1032 1031 1033
f 1032 1033 1034
f 1034 1033 1035
f 1034 1035 1036
f 1036 1035 1037
f 1036 1037 1038
f 1038 1037 1039
f 1038 1039 1040
f 1040 1039 1041
f 1040 1041 1042
f 1042 1041 1043
f 1042 1043 1044
f 1046 1281 1047
f 1046 1047 1048
f 1048 1047 1049
f 1048 1049 1050
f 1050 1049 1051
f 1050 1051 1052
f 1052 1051 1053
f 1052 1053 1054
f 1054 1053 1055
f 1054 1055 1056
f 1056 1055 1057
f 1056 1057 1058
f 1058 1057 1059
f 1058 1059 1060
f 1060 1059 1061
f 1060 1061 1062
f 1062 1061 1063
f 1062 1063 1064
f 1064 1063 1065
f 1064 1065 1066
f 1066 1065 1067
f 1066 1067 999
f 999 1067 1068
f 999 1068 1001
f 1001 1068 1069
f 1001 1069 1070
f 1070 1069 1071
f 1070 1071 1072
f 1072 1071 1073
f 1072 1073 1074
f 1074 1073 1075
f 1074 1075 1076
f 1076 1075 1077
f 1076 1077 1078
f 1078 1077 1079
f 1078 1079 1080
f 1080 1079 1081
f 1080 1081 1082
f 1082 1081 1083
f 1082 1083 1084
f 1084 1083 1085
f 1084 1085 1232
f 1232 1085 1086
f 1087 1088 1089
f 1089 1088 1090
f 1089 1090 1094
f 1094 1090 1091
f 1094 1091 1092
f 1094 1092 1093
f 1094 1093 1095
f 1003 1001 1096
f 1096 1001 1097
f 1096 1097 1098
f 1098 1097 1099
f 1098 1099 1100
f 1100 1099 1101
f 1100 1101 1102
f 1102 1101 1103
f 1102 1103 1104
f 1104 1103 1105
f 1104 1105 1106
f 1106 1105 1107
f 1106 1107 1108
f 1108 1107 1109
f 1108 1109 1110
f 1110 1109 1111
f 1110 1111 1112
f 1112 1111 1113
f 1112 1113 1114
f 1114 1113 1115
f 1114 1115 1116
f 1116 1115 1117
f 1116 1117 1118
f 1118 1117 1119
f 1118 1119 1120
f 1120 1119 1121
f 1120 1121 1122
f 1122 1121 1123
f 1122 1123 1124
f 1124 1123 1125
f 1124 1125 1126
f 1126 1125 1127
f 1126 1127 1128
f 1128 1127 1129
f 1128 1129 1130
f 1130 1129 1131
f 1130 1131 1132
f 1132 1131 1133
f 1132 1133 1134
f 1134 1133 1135
f 1134 1135 1136
f 1136 1135 1137
f 1136 1137 1138
f 1138 1137 1139
f 1138 1139 1140
f 1097 1142 1099
f 1099 1142 1143
f 1099 1143 1101
f 1101 1143 1144
f 1101 1144 1103
f 1103 1144 1145
f 1103 1145 1105
f 1105 1145 1146
f 1105 1146 1107
f 1107 1146 1147
f 1107 1147 1109
f 1109 1147 1148
f 1109 1148 1111
f 1111 1148 1149
f 1111 1149 1113
f 1113 1149 1150
f 1113 1150 1115
f 1115 1150 1151
f 1115 1151 1117
f 1117 1151 1152
f 1117 1152 1119
f 1119 1152 1153
f 1119 1153 1121
f 1121 1153 1154
f 1121 1154 1123
f 1123 1154 1155
f 1123 1155 1125
f 1125 1155 1156
f 1125 1156 1127
f 1127 1156 1157
f 1127 1157 1129
f 1129 1157 1158
f 1129 1158 1131
f 1131 1158 1159
f 1131 1159 1133
f 1133 1159 1160
f 1133 1160 1135
f 1135 1160 1161
f 1135 1161 1137
f 1137 1161 1162
f 1137 1162 1139
f 1139 1162 1163
f 1139 1163 1140
f 1140 1163 1470
f 1140 1470 1164
f 1141 1471 1376
f 1376 1471 1473
f 1376 1473 1045
f 1045 1473 1476
f 1045 1476 1477
f 1481 1479 1095
f 1095 1479 1480
f 1165 1166 1142
f 1142 1166 1167
f 1142 1167 1143
f 1143 1167 1144
f 1168 1169 1165
f 1165 1169 1170
f 1165 1170 1166
f 1166 1170 1171
f 1166 1171 1172
f 1172 1171 1173
f 1172 1173 1145
f 1145 1173 1146
f 1174 1175 1168
f 1168 1175 1176
f 1168 1176 1177
f 1177 1176 1178
f 1177 1178 1179
f 1179 1178 1180
f 1179 1180 1181
f 1181 1180 1182
f 1181 1182 1183
f 1183 1182 1184
f 1183 1184 1185
f 1185 1184 1186
f 1185 1186 1148
f 1148 1186 1149
f 1175 1174 1187
f 1187 1174 1188
f 1187 1188 1189
f 1189 1188 1190
f 1189 1190 1191
f 1191 1190 1192
f 1191 1192 1193
f 1193 1192 1194
f 1193 1194 1195
f 1195 1194 1196
f 1195 1196 1197
f 1197 1196 1198
f 1197 1198 1199
f 1199 1198 1200
f 1199 1200 1201
f 1201 1200 1202
f 1201 1202 1203
f 1203 1202 1204
f 1203 1204 1205
f 1205 1204 1206
f 1205 1206 1207
f 1207 1206 1208
f 1207 1208 1209
f 1209 1208 1210
f 1209 1210 1211
f 1211 1210 1212
f 1211 1212 1213
f 1213 1212 1214
f 1213 1214 1215
f 1215 1214 1216
f 1215 1216 1217
f 1217 1216 1218
f 1218 1216 1219
f 1218 1219 1220
f 1220 1219 1221
f 1220 1221 1222
f 1225 1223 1224
f 1225 1224 1227
f 1228 1229 1141
f 1141 1229 1471
f 1221 1226 1222
f 1222 1226 1223
f 1223 1226 1224
f 1094 1472 1089
f 1232 1233 1084
f 1084 1233 1234
f 1084 1234 1082
f 1082 1234 1235
f 1082 1235 1080
f 1080 1235 1236
f 1080 1236 1078
f 1078 1236 1237
f 1078 1237 1076
f 1076 1237 1238
f 1076 1238 1074
f 1074 1238 1239
f 1074 1239 1072
f 1072 1239 1240
f 1072 1240 1070
f 1070 1240 1001
f 1233 1232 1241
f 1241 1232 1242
f 1241 1242 1243
f 1243 1242 1244
f 1243 1244 1245
f 1245 1244 1246
f 1246 1244 1247
f 1246 1247 1248
f 1248 1247 1249
f 1248 1249 1250
f 1165 1250 1168
f 1142 1251 1165
f 1165 1251 1250
f 1097 1252 1142
f 1142 1252 1253
f 1142 1253 1254
f 1254 1253 1255
f 1254 1255 1256
f 1256 1255 1257
f 1256 1257 1258
f 1258 1257 1259
f 1258 1259 1246
f 1246 1259 1245
f 1001 1240 1097
f 1097 1240 1260
f 1097 1260 1252
f 1252 1260 1261
f 1252 1261 1262
f 1262 1261 1263
f 1262 1263 1264
f 1264 1263 1265
f 1264 1265 1266
f 1266 1265 1267
f 1266 1267 1268
f 1268 1267 1269
f 1268 1269 1243
f 1243 1269 1241
f 999 863 1066
f 1066 863 1270
f 1066 1270 1064
f 1064 1270 1271
f 1064 1271 1062
f 1062 1271 1272
f 1062 1272 1060
f 1060 1272 1273
f 1060 1273 1058
f 1058 1273 1274
f 1058 1274 1056
f 1056 1274 1275
f 1056 1275 1054
f 1054 1275 1276
f 1054 1276 1052
f 1052 1276 1277
f 1052 1277 1050
f 1050 1277 1278
f 1050 1278 1048
f 1048 1278 1279
f 1048 1279 1046
f 1046 1279 1280
f 1046 1280 1281
f 1045 907 906
f 1044 1314 1283
f 1044 1283 1042
f 1042 1283 1284
f 1042 1284 1040
f 1040 1284 1285
f 1040 1285 1038
f 1038 1285 1286
f 1038 1286 1036
f 1036 1286 1287
f 1036 1287 1034
f 1034 1287 1288
f 1034 1288 1032
f 1032 1288 1289
f 1032 1289 1030
f 1030 1289 1290
f 1030 1290 1028
f 1028 1290 1291
f 1028 1291 1026
f 1026 1291 1292
f 1026 1292 1024
f 1024 1292 1293
f 1024 1293 1022
f 1022 1293 1294
f 1022 1294 1020
f 1020 1294 1295
f 1020 1295 1018
f 1018 1295 1296
f 1018 1296 1016
f 1016 1296 1297
f 1016 1297 1014
f 1014 1297 1298
f 1014 1298 1012
f 1012 1298 1299
f 1012 1299 1010
f 1010 1299 1300
f 1010 1300 1008
f 1008 1300 1301
f 1008 1301 1006
f 1006 1301 1302
f 1006 1302 1004
f 1004 1302 1303
f 1004 1303 1002
f 1002 1303 1000
f 1270 863 1304
f 1304 863 862
f 1304 862 864
f 1304 864 1305
f 1305 864 865
f 1305 865 1306
f 1306 865 950
f 1306 950 866
f 1306 866 1307
f 1307 866 1308
f 1308 866 867
f 1308 867 1309
f 1309 867 1310
f 1310 867 972
f 1310 972 868
f 1311 1278 869
f 1311 869 1312
f 1312 869 912
f 1312 912 911
f 1282 910 1377
f 910 907 1377
f 1313 904 1314
f 1314 904 1283
f 1283 904 899
f 1283 899 1315
f 1315 899 898
f 1315 898 1316
f 1316 898 903
f 1316 903 1317
f 1317 903 1318
f 1317 1318 1287
f 1287 1318 1288
f 903 901 1318
f 1318 901 900
f 1318 900 1288
f 1288 900 1289
f 900 1319 1289
f 1289 1319 1290
f 1319 900 896
f 1319 896 1320
f 1320 896 1321
f 1321 896 893
f 1321 893 1322
f 1322 893 891
f 1322 891 1323
f 1323 891 890
f 1323 890 1324
f 1324 890 889
f 1324 889 1325
f 1325 889 877
f 1325 877 1326
f 1326 877 876
f 1326 876 1327
f 1327 876 875
f 1327 875 1328
f 1328 875 874
f 1328 874 1329
f 1329 874 873
f 1329 873 1330
f 1330 873 872
f 1330 872 1331
f 1331 872 1688
f 1331 1688 1332
f 1332 1688 1333
f 1333 1688 921
f 1169 1168 1177
f 1176 1175 1334
f 1334 1175 1187
f 1334 1187 1335
f 1335 1187 1189
f 1335 1189 1336
f 1336 1189 1191
f 1336 1191 1337
f 1337 1191 1193
f 1337 1193 1338
f 1338 1193 1195
f 1338 1195 1339
f 1339 1195 1197
f 1339 1197 1340
f 1340 1197 1199
f 1340 1199 1341
f 1341 1199 1201
f 1341 1201 1342
f 1342 1201 1203
f 1342 1203 1343
f 1343 1203 1205
f 1343 1205 1344
f 1344 1205 1207
f 1344 1207 1345
f 1345 1207 1209
f 1345 1209 1346
f 1346 1209 1211
f 1346 1211 1347
f 1347 1211 1213
f 1347 1213 1348
f 1348 1213 1215
f 1348 1215 1349
f 1349 1215 1217
f 1349 1217 1350
f 1350 1217 1218
f 1350 1218 1351
f 1351 1218 1220
f 1351 1220 1352
f 1352 1220 1222
f 1352 1222 1223
f 1177 1179 1169
f 1169 1179 1353
f 1169 1353 1170
f 1170 1353 1171
f 1144 1167 1172
f 1172 1167 1166
f 1005 1003 1096
f 1096 1098 1354
f 1354 1098 1100
f 1354 1100 1355
f 1355 1100 1102
f 1355 1102 1356
f 1356 1102 1104
f 1356 1104 1357
f 1357 1104 1106
f 1357 1106 1358
f 1358 1106 1108
f 1358 1108 1359
f 1359 1108 1110
f 1359 1110 1360
f 1360 1110 1112
f 1360 1112 1361
f 1361 1112 1114
f 1361 1114 1362
f 1362 1114 1116
f 1362 1116 1363
f 1363 1116 1118
f 1363 1118 1364
f 1364 1118 1120
f 1364 1120 1365
f 1365 1120 1122
f 1365 1122 1366
f 1366 1122 1124
f 1366 1124 1367
f 1367 1124 1126
f 1367 1126 1368
f 1368 1126 1128
f 1368 1128 1369
f 1369 1128 1130
f 1369 1130 1370
f 1370 1130 1132
f 1370 1132 1371
f 1371 1132 1134
f 1371 1134 1372
f 1372 1134 1136
f 1372 1136 1373
f 1373 1136 1138
f 1373 1138 1374
f 1374 1138 1140
f 1374 1140 1164
f 905 1375 1141
f 1377 1477 1481
f 1333 921 1000
f 1333 1000 1303
f 1176 1334 1178
f 1178 1334 1378
f 1178 1378 1180
f 1180 1378 1379
f 1180 1379 1182
f 1182 1379 1380
f 1182 1380 1184
f 1184 1380 1381
f 1184 1381 1186
f 1186 1381 1382
f 1186 1382 1149
f 1149 1382 1150
f 1378 1334 1335
f 1179 1181 1353
f 1353 1181 1383
f 1353 1383 1171
f 1171 1383 1173
f 1145 1144 1172
f 1007 1005 1354
f 1354 1005 1096
f 1007 1354 1355
f 1332 1333 1303
f 1332 1303 1302
f 1378 1335 1384
f 1384 1335 1336
f 1384 1336 1385
f 1385 1336 1337
f 1385 1337 1386
f 1386 1337 1338
f 1386 1338 1387
f 1387 1338 1339
f 1387 1339 1388
f 1388 1339 1340
f 1388 1340 1389
f 1389 1340 1341
f 1389 1341 1390
f 1390 1341 1342
f 1390 1342 1391
f 1391 1342 1343
f 1391 1343 1392
f 1392 1343 1344
f 1392 1344 1393
f 1393 1344 1345
f 1393 1345 1394
f 1394 1345 1346
f 1394 1346 1395
f 1395 1346 1347
f 1395 1347 1396
f 1396 1347 1348
f 1396 1348 1397
f 1397 1348 1349
f 1397 1349 1398
f 1398 1349 1350
f 1398 1350 1399
f 1399 1350 1351
f 1399 1351 1400
f 1400 1351 1352
f 1400 1352 1401
f 1401 1352 1223
f 1401 1223 1225
f 1181 1183 1383
f 1383 1183 1402
f 1383 1402 1173
f 1173 1402 1146
f 1009 1007 1355
f 1009 1355 1356
f 1331 1332 1302
f 1331 1302 1301
f 1378 1384 1379
f 1379 1384 1403
f 1379 1403 1380
f 1380 1403 1404
f 1380 1404 1381
f 1381 1404 1405
f 1381 1405 1382
f 1382 1405 1406
f 1382 1406 1150
f 1150 1406 1151
f 1403 1384 1385
f 1147 1146 1402
f 1147 1402 1185
f 1185 1402 1183
f 1011 1009 1356
f 1011 1356 1357
f 1330 1331 1301
f 1330 1301 1300
f 1403 1385 1407
f 1407 1385 1386
f 1407 1386 1408
f 1408 1386 1387
f 1408 1387 1409
f 1409 1387 1388
f 1409 1388 1410
f 1410 1388 1389
f 1410 1389 1411
f 1411 1389 1390
f 1411 1390 1412
f 1412 1390 1391
f 1412 1391 1413
f 1413 1391 1392
f 1413 1392 1414
f 1414 1392 1393
f 1414 1393 1415
f 1415 1393 1394
f 1415 1394 1416
f 1416 1394 1395
f 1416 1395 1417
f 1417 1395 1396
f 1417 1396 1418
f 1418 1396 1397
f 1418 1397 1419
f 1419 1397 1398
f 1419 1398 1420
f 1420 1398 1399
f 1420 1399 1421
f 1421 1399 1400
f 1421 1400 1422
f 1422 1400 1401
f 1422 1401 1423
f 1423 1401 1225
f 1148 1147 1185
f 1013 1011 1357
f 1013 1357 1358
f 1329 1330 1300
f 1329 1300 1299
f 1403 1407 1404
f 1404 1407 1424
f 1404 1424 1405
f 1405 1424 1425
f 1405 1425 1406
f 1406 1425 1426
f 1406 1426 1151
f 1151 1426 1152
f 1424 1407 1408
f 1015 1013 1358
f 1015 1358 1359
f 1328 1329 1299
f 1328 1299 1298
f 1424 1408 1427
f 1427 1408 1409
f 1427 1409 1428
f 1428 1409 1410
f 1428 1410 1429
f 1429 1410 1411
f 1429 1411 1430
f 1430 1411 1412
f 1430 1412 1431
f 1431 1412 1413
f 1431 1413 1432
f 1432 1413 1414
f 1432 1414 1433
f 1433 1414 1415
f 1433 1415 1434
f 1434 1415 1416
f 1434 1416 1435
f 1435 1416 1417
f 1435 1417 1436
f 1436 1417 1418
f 1436 1418 1437
f 1437 1418 1419
f 1437 1419 1438
f 1438 1419 1420
f 1438 1420 1439
f 1439 1420 1421
f 1439 1421 1440
f 1440 1421 1422
f 1440 1422 1441
f 1441 1422 1423
f 1441 1423 1442
f 1442 1423 1225
f 1442 1225 1227
f 1017 1015 1359
f 1017 1359 1360
f 1327 1328 1298
f 1327 1298 1297
f 1424 1427 1425
f 1425 1427 1443
f 1425 1443 1426
f 1426 1443 1444
f 1426 1444 1152
f 1152 1444 1153
f 1443 1427 1428
f 1019 1017 1360
f 1019 1360 1361
f 1326 1327 1297
f 1326 1297 1296
f 1443 1428 1445
f 1445 1428 1429
f 1445 1429 1446
f 1446 1429 1430
f 1446 1430 1447
f 1447 1430 1431
f 1447 1431 1448
f 1448 1431 1432
f 1448 1432 1449
f 1449 1432 1433
f 1449 1433 1450
f 1450 1433 1434
f 1450 1434 1451
f 1451 1434 1435
f 1451 1435 1452
f 1452 1435 1436
f 1452 1436 1453
f 1453 1436 1437
f 1453 1437 1454
f 1454 1437 1438
f 1454 1438 1455
f 1455 1438 1439
f 1455 1439 1456
f 1456 1439 1440
f 1456 1440 1457
f 1457 1440 1441
f 1457 1441 1458
f 1458 1441 1442
f 1458 1442 1227
f 1021 1019 1361
f 1021 1361 1362
f 1325 1326 1296
f 1325 1296 1295
f 1443 1445 1444
f 1444 1445 1459
f 1444 1459 1153
f 1153 1459 1154
f 1459 1445 1446
f 1023 1021 1362
f 1023 1362 1363
f 1324 1325 1295
f 1324 1295 1294
f 1459 1446 1460
f 1460 1446 1447
f 1460 1447 1461
f 1461 1447 1448
f 1461 1448 1462
f 1462 1448 1449
f 1462 1449 1463
f 1463 1449 1450
f 1463 1450 1464
f 1464 1450 1451
f 1464 1451 1465
f 1465 1451 1452
f 1465 1452 1466
f 1466 1452 1453
f 1466 1453 1467
f 1467 1453 1454
f 1467 1454 1468
f 1468 1454 1455
f 1468 1455 1469
f 1469 1455 1456
f 1469 1456 1470
f 1470 1456 1457
f 1470 1457 1164
f 1164 1457 1458
f 1164 1458 1375
f 1375 1458 1227
f 1375 1227 1228
f 1375 1228 1141
f 1025 1023 1363
f 1025 1363 1364
f 1323 1324 1294
f 1323 1294 1293
f 1155 1154 1460
f 1460 1154 1459
f 1155 1460 1461
f 1027 1025 1364
f 1027 1364 1365
f 1322 1323 1293
f 1322 1293 1292
f 1156 1155 1461
f 1156 1461 1462
f 1029 1027 1365
f 1029 1365 1366
f 1321 1322 1292
f 1321 1292 1291
f 1157 1156 1462
f 1157 1462 1463
f 1031 1029 1366
f 1031 1366 1367
f 1320 1321 1291
f 1320 1291 1290
f 1158 1157 1463
f 1158 1463 1464
f 1033 1031 1367
f 1033 1367 1368
f 1319 1320 1290
f 1159 1158 1464
f 1159 1464 1465
f 1035 1033 1368
f 1035 1368 1369
f 1160 1159 1465
f 1160 1465 1466
f 1037 1035 1369
f 1037 1369 1370
f 1161 1160 1466
f 1161 1466 1467
f 1039 1037 1370
f 1039 1370 1371
f 1317 1287 1286
f 1162 1161 1467
f 1162 1467 1468
f 1041 1039 1371
f 1041 1371 1372
f 1316 1317 1286
f 1316 1286 1285
f 1162 1468 1163
f 1163 1468 1469
f 1163 1469 1470
f 1041 1372 1043
f 1043 1372 1373
f 1043 1373 1044
f 1044 1373 1374
f 1044 1374 1314
f 1314 1374 1164
f 1314 1164 1375
f 1314 1375 1313
f 1313 1375 905
f 905 1141 906
f 906 1141 1376
f 906 1376 1045
f 907 1045 1477
f 907 1477 1377
f 1377 1481 1095
f 1377 1095 1282
f 1316 1285 1315
f 1315 1285 1284
f 1315 1284 1283
f 1228 1227 1224
f 1479 1478 1231
f 1473 1475 1476
f 1471 1229 1230
f 1471 1230 1475
f 1479 1231 1472
f 1471 1475 1473
f 1476 1475 1474
f 1476 1474 1478
f 1480 1479 1472
f 1480 1472 1094
f 1477 1476 1478
f 1477 1478 1479
f 1477 1479 1481
f 1480 1094 1095
f 1091 1090 1482
f 1482 1090 1088
f 1482 1088 1483
f 1483 1088 1087
f 1483 1087 1484
f 1484 1087 1485
f 1485 1087 1086
f 1485 1086 1085
f 1092 1091 1486
f 1486 1091 1482
f 1486 1482 1487
f 1487 1482 1483
f 1487 1483 1488
f 1488 1483 1484
f 1488 1484 1489
f 1489 1484 1485
f 1489 1485 1490
f 1490 1485 1085
f 1490 1085 1083
f 1093 1092 1491
f 1491 1092 1486
f 1491 1486 1492
f 1492 1486 1487
f 1492 1487 1493
f 1493 1487 1488
f 1493 1488 1494
f 1494 1488 1489
f 1494 1489 1495
f 1495 1489 1490
f 1495 1490 1496
f 1496 1490 1083
f 1496 1083 1081
f 1497 1093 1491
f 1497 1491 1498
f 1498 1491 1492
f 1498 1492 1499
f 1499 1492 1493
f 1499 1493 1500
f 1500 1493 1494
f 1500 1494 1501
f 1501 1494 1495
f 1501 1495 1502
f 1502 1495 1496
f 1502 1496 1503
f 1503 1496 1081
f 1503 1081 1079
f 1093 1497 1281
f 1281 1497 1498
f 1281 1498 1504
f 1504 1498 1499
f 1504 1499 1505
f 1505 1499 1500
f 1505 1500 1506
f 1506 1500 1501
f 1506 1501 1507
f 1507 1501 1502
f 1507 1502 1508
f 1508 1502 1503
f 1508 1503 1509
f 1509 1503 1079
f 1509 1079 1077
f 1510 1281 1504
f 1510 1504 1511
f 1511 1504 1505
f 1511 1505 1512
f 1512 1505 1506
f 1512 1506 1513
f 1513 1506 1507
f 1513 1507 1514
f 1514 1507 1508
f 1514 1508 1515
f 1515 1508 1509
f 1515 1509 1516
f 1516 1509 1077
f 1516 1077 1075
f 1517 1281 1510
f 1517 1510 1518
f 1518 1510 1511
f 1518 1511 1519
f 1519 1511 1512
f 1519 1512 1520
f 1520 1512 1513
f 1520 1513 1521
f 1521 1513 1514
f 1521 1514 1522
f 1522 1514 1515
f 1522 1515 1523
f 1523 1515 1516
f 1523 1516 1524
f 1524 1516 1075
f 1524 1075 1073
f 1525 1281 1517
f 1525 1517 1526
f 1526 1517 1518
f 1526 1518 1527
f 1527 1518 1519
f 1527 1519 1528
f 1528 1519 1520
f 1528 1520 1529
f 1529 1520 1521
f 1529 1521 1530
f 1530 1521 1522
f 1530 1522 1531
f 1531 1522 1523
f 1531 1523 1532
f 1532 1523 1524
f 1532 1524 1533
f 1533 1524 1073
f 1533 1073 1071
f 1534 1281 1525
f 1534 1525 1535
f 1535 1525 1526
f 1535 1526 1536
f 1536 1526 1527
f 1536 1527 1537
f 1537 1527 1528
f 1537 1528 1538
f 1538 1528 1529
f 1538 1529 1539
f 1539 1529 1530
f 1539 1530 1540
f 1540 1530 1531
f 1540 1531 1541
f 1541 1531 1532
f 1541 1532 1542
f 1542 1532 1533
f 1542 1533 1543
f 1543 1533 1071
f 1543 1071 1069
f 1544 1281 1534
f 1544 1534 1545
f 1545 1534 1535
f 1545 1535 1546
f 1546 1535 1536
f 1546 1536 1547
f 1547 1536 1537
f 1547 1537 1548
f 1548 1537 1538
f 1548 1538 1549
f 1549 1538 1539
f 1549 1539 1550
f 1550 1539 1540
f 1550 1540 1551
f 1551 1540 1541
f 1551 1541 1552
f 1552 1541 1542
f 1552 1542 1553
f 1553 1542 1543
f 1553 1543 1068
f 1068 1543 1069
f 911 1282 1281
f 911 1281 1312
f 1312 1281 1280
f 1312 1280 1311
f 1311 1280 1279
f 1311 1279 1278
f 868 1278 1277
f 868 1277 1310
f 1310 1277 1276
f 1310 1276 1309
f 1309 1276 1275
f 1309 1275 1308
f 1308 1275 1274
f 1308 1274 1307
f 1307 1274 1273
f 1307 1273 1306
f 1306 1273 1272
f 1306 1272 1305
f 1305 1272 1271
f 1305 1271 1304
f 1304 1271 1270
f 1282 1093 1281
f 1047 1281 1544
f 1047 1544 1049
f 1049 1544 1545
f 1049 1545 1051
f 1051 1545 1546
f 1051 1546 1053
f 1053 1546 1547
f 1053 1547 1055
f 1055 1547 1548
f 1055 1548 1057
f 1057 1548 1549
f 1057 1549 1059
f 1059 1549 1550
f 1059 1550 1061
f 1061 1550 1551
f 1061 1551 1063
f 1063 1551 1552
f 1063 1552 1065
f 1065 1552 1553
f 1065 1553 1067
f 1067 1553 1068
f 1093 1282 1095
f 1233 1241 1234
f 1234 1241 1269
f 1234 1269 1235
f 1235 1269 1267
f 1235 1267 1236
f 1236 1267 1265
f 1236 1265 1237
f 1237 1265 1263
f 1237 1263 1238
f 1238 1263 1261
f 1238 1261 1239
f 1239 1261 1260
f 1239 1260 1240
f 1243 1245 1268
f 1268 1245 1259
f 1268 1259 1266
f 1266 1259 1257
f 1266 1257 1264
f 1264 1257 1255
f 1264 1255 1262
f 1262 1255 1253
f 1262 1253 1252
f 1246 1248 1258
f 1258 1248 1256
f 1256 1248 1251
f 1256 1251 1254
f 1254 1251 1142
f 1248 1250 1251
f 1554 1190 1188
f 1554 1188 1555
f 1555 1188 1174
f 1555 1174 1168
f 1555 1168 1250
f 1190 1554 1192
f 1192 1554 1556
f 1192 1556 1194
f 1194 1556 1196
f 1196 1556 1198
f 1198 1556 1557
f 1198 1557 1200
f 1200 1557 1202
f 1202 1557 1558
f 1202 1558 1204
f 1204 1558 1206
f 1206 1558 1208
f 1208 1558 1559
f 1208 1559 1210
f 1210 1559 1212
f 1212 1559 1560
f 1212 1560 1214
f 1214 1560 1216
f 1216 1560 1561
f 1216 1561 1219
f 1219 1561 1221
f 1221 1561 1562
f 1221 1562 1226
f 1226 1562 1224
f 1224 1562 1228
f 1228 1562 1563
f 1228 1563 1229
f 1229 1563 1230
f 1230 1563 1475
f 1475 1563 1564
f 1475 1564 1474
f 1474 1564 1478
f 1478 1564 1231
f 1231 1564 1565
f 1231 1565 1472
f 1472 1565 1089
f 1089 1565 1566
f 1089 1566 1087
f 1087 1566 1567
f 1087 1567 1086
f 1086 1567 1568
f 1086 1568 1232
f 1232 1568 1569
f 1232 1569 1242
f 1242 1569 1244
f 1244 1569 1570
f 1244 1570 1247
f 1247 1570 1571
f 1247 1571 1249
f 1249 1571 1250
f 1250 1571 1555
f 1616 928 919
f 1574 917 914
f 1575 1576 1580
f 1580 1576 1584
f 913 1580 1583
f 1578 1577 1579
f 913 1583 1636
f 913 1636 1578
f 1580 1584 1582
f 1580 1582 1583
f 1578 1636 1577
f 1576 1581 1584
f 1584 1581 1585
f 1611 1581 1576
f 1611 1576 1575
f 1612 930 1613
f 1608 1615 1594
f 1606 929 1607
f 1607 929 1615
f 1615 1616 1594
f 929 928 1615
f 1616 919 1617
f 1615 928 1616
f 1616 1618 1594
f 1608 1621 1607
f 1607 1621 1596
f 1607 1596 1606
f 1606 1596 1619
f 1606 1619 1641
f 1641 1619 1620
f 1641 1620 1642
f 1642 1620 1597
f 1642 1597 1605
f 1605 1597 1598
f 1605 1598 1599
f 1608 1594 1595
f 1608 1595 1621
f 1618 1616 1623
f 1623 1616 1617
f 1623 1617 1624
f 1624 1617 1609
f 1625 1610 1622
f 1626 1622 887
f 1629 887 1573
f 1627 1573 917
f 1628 1625 1622
f 1628 1622 1626
f 1578 1574 914
f 1578 914 913
f 1592 1609 1610
f 1592 1610 1591
f 1591 1610 1625
f 1630 1629 1573
f 1630 1573 1631
f 1631 1573 1627
f 919 918 1617
f 1617 918 1609
f 1609 918 1610
f 1593 1624 1609
f 1593 1609 1592
f 1572 1610 918
f 1622 1610 1572
f 1632 1628 1626
f 1632 1626 1590
f 1590 1626 887
f 1590 887 1635
f 1635 887 1629
f 1635 1629 1630
f 1633 1627 917
f 1633 917 1634
f 1634 917 1574
f 1634 1574 1579
f 1579 1574 1578
f 1589 1631 1627
f 1589 1627 1633
f 1587 1636 1583
f 1587 1583 1582
f 1588 1577 1636
f 1588 1636 1587
f 1585 1582 1584
f 1586 1587 1582
f 1585 1586 1582
f 1615 1608 1607
f 1637 1605 1599
f 1637 1599 1644
f 1644 1599 1604
f 1644 1604 1645
f 1645 1604 1603
f 1645 1603 1646
f 1646 1603 1600
f 1646 1600 1602
f 1640 1639 1601
f 1640 1601 1611
f 1643 1602 1638
f 1643 1638 1639
f 1643 1639 1640
f 1614 1606 1641
f 1614 1641 1642
f 1614 1642 1605
f 1575 1640 1611
f 1614 1605 1637
f 1614 1637 925
f 1613 1646 1602
f 1613 1602 1643
f 1613 1643 1612
f 1612 1643 1640
f 1644 925 1637
f 925 1644 1645
f 930 925 1645
f 930 1645 1646
f 1613 930 1646
f 1575 1612 1640
f 919 928 918
f 1653 1706 1654
f 1654 1706 1709
f 1653 928 1706
f 1652 1656 1651
f 1651 1656 1716
f 1651 1716 1650
f 1650 1716 918
f 1714 1649 1711
f 1674 1679 1657
f 1657 1679 1712
f 1676 1680 1713
f 1713 1680 881
f 1688 1692 1658
f 921 1658 1694
f 921 1694 1659
f 921 1659 1661
f 1661 1659 1660
f 1661 1660 1662
f 1661 1662 1663
f 1661 1663 1664
f 1661 1664 922
f 926 922 1665
f 926 1665 1673
f 1724 1722 1666
f 928 1667 1706
f 1704 1672 1665
f 1665 1672 1673
f 1679 1675 1712
f 1712 1675 1676
f 1680 1677 881
f 1675 1682 1676
f 1676 1682 1680
f 1677 1686 881
f 881 1686 1678
f 1686 1681 1678
f 1678 1687 1684
f 1680 1685 1677
f 1677 1685 1686
f 1681 1683 1678
f 1678 1683 1687
f 1682 1685 1680
f 1687 1693 1684
f 1684 1693 1691
f 1684 1691 1689
f 1689 1696 1688
f 1688 1696 1692
f 1683 1690 1687
f 1687 1690 1693
f 1691 1695 1689
f 1689 1695 1696
f 1692 1717 1658
f 1658 1717 1694
f 1696 1697 1692
f 1692 1697 1717
f 1719 1718 1700
f 1707 1708 1668
f 1668 1708 1706
f 1669 1707 1705
f 1708 1709 1706
f 1724 926 1673
f 921 1688 1658
f 1676 1713 1712
f 1657 1710 1674
f 1674 1710 1711
f 1710 1714 1711
f 1713 920 1712
f 1712 920 1657
f 1714 1715 1649
f 1657 920 1710
f 1710 1715 1714
f 1715 1648 1649
f 920 1715 1710
f 1650 918 928
f 1651 1650 1655
f 1651 1655 1652
f 928 1653 1650
f 1655 1650 1653
f 1655 1653 1654
f 1648 1656 1649
f 1716 1656 1648
f 1647 1716 1648
f 918 1716 1647
f 1715 1647 1648
f 1688 1684 1689
f 1717 1699 1694
f 1694 1699 1659
f 1697 1698 1717
f 1717 1698 1699
f 1699 1718 1659
f 1659 1718 1660
f 1718 1719 1660
f 1660 1719 1662
f 1719 1700 1662
f 1662 1700 1663
f 1700 1701 1663
f 1663 1701 1664
f 1664 1703 922
f 922 1703 1665
f 1701 1702 1664
f 1664 1702 1703
f 1703 1704 1665
f 1721 1670 1669
f 1721 1669 1705
f 1722 1671 1670
f 1722 1670 1721
f 1723 1721 1705
f 1723 1705 1707
f 1673 1672 1720
f 1673 1720 1671
f 1724 1673 1671
f 1724 1671 1722
f 1666 1722 1721
f 1666 1721 1723
f 1666 1723 1707
f 1666 1707 1668
f 1667 1666 1668
f 1667 1668 1706
f 2 1586 3
f 3 1586 1585
f 5 1588 2
f 2 1588 1587
f 2 1587 1586
f 5 1577 1588
f 7 1579 5
f 5 1579 1577
f 9 1634 7
f 7 1634 1579
f 9 1589 1633
f 9 1633 1634
f 1589 9 10
f 1589 10 1631
f 1631 10 1630
f 1630 10 12
f 1630 12 1635
f 1635 12 1590
f 1590 12 14
f 1590 14 1632
f 1632 14 16
f 1632 16 1628
f 1628 16 1625
f 1625 16 17
f 1625 17 1591
f 1591 17 19
f 1591 19 1592
f 1592 19 1593
f 1593 19 1624
f 1624 19 21
f 1624 21 1623
f 1623 21 1618
f 1618 21 1594
f 1594 21 23
f 1594 23 1595
f 1595 23 25
f 1595 25 1621
f 1621 25 1596
f 1596 25 27
f 1596 27 1619
f 1619 27 1620
f 1620 27 28
f 1620 28 1597
f 1597 28 1598
f 1598 28 30
f 1598 30 1599
f 1599 30 32
f 1599 32 1604
f 1604 32 1603
f 1603 32 1600
f 1600 32 34
f 1600 34 1602
f 1602 34 1638
f 1638 34 36
f 1638 36 1639
f 1639 36 1601
f 1601 36 38
f 1601 38 1611
f 1611 38 3
f 1611 3 1581
f 1581 3 1585
f 41 1652 1655
f 41 1655 42
f 42 1655 1654
f 44 1656 41
f 41 1656 1652
f 44 1649 1656
f 1649 44 46
f 1649 46 1711
f 1711 46 48
f 1711 48 1674
f 1674 48 1679
f 1679 48 49
f 1679 49 1675
f 1675 49 51
f 1675 51 1682
f 1682 51 1685
f 1685 51 1686
f 1686 51 53
f 1686 53 1681
f 1681 53 55
f 1681 55 1683
f 1683 55 1690
f 1690 55 56
f 1690 56 1693
f 1693 56 58
f 1693 58 1691
f 1691 58 1695
f 1695 58 60
f 1695 60 1696
f 1696 60 1697
f 1697 60 62
f 1697 62 1698
f 1698 62 1699
f 1699 62 64
f 1699 64 1718
f 1718 64 66
f 1718 66 1700
f 1700 66 1701
f 1701 66 67
f 1701 67 1702
f 1702 67 1703
f 1703 67 69
f 1703 69 1704
f 1704 69 71
f 1704 71 1672
f 1672 71 1720
f 1720 71 1671
f 1671 71 73
f 1671 73 1670
f 1670 73 1669
f 1669 73 75
f 1669 75 1707
f 1707 75 1708
f 1708 75 77
f 1708 77 1709
f 1709 77 42
f 1709 42 1654
f 309 1554 1555
f 1554 309 1556
f 1556 309 308
f 1556 308 1557
f 1557 308 307
f 1557 307 1558
f 1558 307 306
f 1558 306 1559
f 1559 306 305
f 1559 305 1560
f 1560 305 304
f 1560 304 1561
f 1561 304 303
f 1561 303 1562
f 1562 303 302
f 1562 302 1563
f 1563 302 301
f 1563 301 1564
f 1564 301 300
f 1564 300 1565
f 1565 300 299
f 1565 299 1566
f 1566 299 1567
f 1567 299 298
f 1567 298 1568
f 1568 298 297
f 1568 297 1569
f 1569 297 312
f 1569 312 1570
f 1570 312 311
f 1570 311 1571
f 1571 311 310
f 1571 310 1555
f 1555 310 309
f 316 981 317
f 317 981 998
f 981 316 982
f 982 316 315
f 982 315 983
f 983 315 314
f 983 314 984
f 984 314 313
f 984 313 985
f 985 313 328
f 985 328 986
f 986 328 327
f 986 327 987
f 987 327 326
f 987 326 988
f 988 326 325
f 988 325 989
f 989 325 324
f 989 324 990
f 990 324 323
f 990 323 991
f 991 323 322
f 991 322 992
f 992 322 993
f 993 322 321
f 993 321 994
f 994 321 320
f 994 320 995
f 995 320 319
f 995 319 996
f 996 319 997
f 997 319 318
f 997 318 998
f 998 318 317
f 1725 1726 1728
f 1728 1726 1727
f 1729 1730 1731
f 1731 1730 1732
f 1732 1730 1733
f 1732 1733 1734
f 1734 1733 1735
f 1734 1735 1736
f 1736 1735 1737
f 1736 1737 1738
f 1738 1737 1739
f 1738 1739 1740
f 1740 1739 1741
f 1740 1741 1742
f 1742 1741 1743
f 1742 1743 1744
f 1744 1743 1725
f 1725 1743 1726
f 1745 1729 1746
f 1746 1729 1731
f 1747 1748 1749
f 1749 1748 1750
f 1749 1750 1751
f 1751 1750 1752
f 1751 1752 1753
f 1753 1752 1754
f 1753 1754 1755
f 1755 1754 1756
f 1755 1756 1757
f 1757 1756 1758
f 1757 1758 1759
f 1759 1758 1760
f 1759 1760 1761
f 1761 1760 1762
f 1761 1762 1746
f 1746 1762 1745
f 1763 1764 1747
f 1747 1764 1748
f 1765 1766 1767
f 1767 1766 1768
f 1768 1766 1769
f 1768 1769 1770
f 1770 1769 1771
f 1770 1771 1772
f 1772 1771 1773
f 1772 1773 1774
f 1774 1773 1775
f 1774 1775 1776
f 1776 1775 1777
f 1776 1777 1778
f 1778 1777 1779
f 1778 1779 1780
f 1780 1779 1764
f 1780 1764 1763
f 1781 1765 1782
f 1782 1765 1767
f 1728 1727 1783
f 1783 1727 1784
f 1783 1784 1785
f 1785 1784 1786
f 1785 1786 1787
f 1787 1786 1788
f 1787 1788 1789
f 1789 1788 1790
f 1789 1790 1791
f 1791 1790 1792
f 1791 1792 1793
f 1793 1792 1794
f 1793 1794 1795
f 1795 1794 1796
f 1795 1796 1782
f 1782 1796 1781
f 1797 2855 1798
f 1798 2855 1799
f 1799 2855 2854
f 1799 2854 1800
f 1799 1800 1801
f 1801 1800 1802
f 1801 1802 1803
f 1803 1802 1804
f 1803 1804 1805
f 1805 1804 1806
f 1805 1806 1807
f 1807 1806 1808
f 1807 1808 1809
f 1809 1808 1810
f 1809 1810 1811
f 1811 1810 1812
f 1811 1812 1813
f 1813 1812 1814
f 1813 1814 1815
f 1815 1814 1816
f 1815 1816 1817
f 1817 1816 1818
f 1817 1818 1819
f 1819 1818 1820
f 1819 1820 1821
f 1821 1820 1822
f 1821 1822 1823
f 1823 1822 1824
f 1823 1824 1825
f 1825 1824 1826
f 1825 1826 1827
f 1827 1826 1828
f 1827 1828 1830
f 1830 1828 1829
f 1830 1829 2839
f 1830 2839 1831
f 1831 2839 1832
f 1831 1832 1833
f 1833 1832 2834
f 1833 2834 1834
f 1834 2834 1835
f 1834 1835 1836
f 1836 1835 1837
f 1836 1837 1838
f 1838 1837 2795
f 1838 2795 1839
f 1839 2795 1840
f 1839 1840 1841
f 1841 1840 1842
f 1841 1842 1844
f 1844 1842 1843
f 1844 1843 2832
f 1844 2832 1845
f 1845 2832 2831
f 1845 2831 2827
f 1845 2827 1846
f 1846 2827 1847
f 1846 1847 1848
f 1848 1847 1849
f 1848 1849 1850
f 1850 1849 1851
f 1850 1851 1852
f 1852 1851 1853
f 1852 1853 1854
f 1854 1853 1855
f 1854 1855 1856
f 1856 1855 1857
f 1856 1857 1858
f 1858 1857 1859
f 1858 1859 1860
f 1860 1859 1861
f 1860 1861 1862
f 1862 1861 1863
f 1862 1863 1864
f 1864 1863 1865
f 1864 1865 1867
f 1867 1865 1866
f 1867 1866 1868
f 1867 1868 1870
f 1870 1868 1869
f 1870 1869 2802
f 1870 2802 1871
f 1871 2802 2799
f 1871 2799 2798
f 1871 2798 2801
f 1871 2801 1872
f 1750 1748 1873
f 1873 1748 1764
f 1873 1764 1874
f 1874 1764 1779
f 1874 1779 1777
f 1777 1775 1874
f 1874 1775 1773
f 1874 1773 1771
f 1771 1769 1874
f 1874 1769 1766
f 1874 1766 1765
f 1765 1781 1874
f 1874 1781 1875
f 1874 1875 1876
f 1781 1796 1875
f 1875 1796 1794
f 1875 1794 1792
f 1792 1790 1875
f 1875 1790 1788
f 1875 1788 1786
f 1786 1784 1875
f 1875 1784 1727
f 1875 1727 1877
f 1877 1727 1726
f 1877 1726 1743
f 1743 1741 1877
f 1877 1741 1739
f 1877 1739 1737
f 1737 1735 1877
f 1877 1735 1733
f 1877 1733 1730
f 1730 1729 1877
f 1877 1729 1878
f 1877 1878 1879
f 1879 1878 1880
f 1879 1880 1881
f 1729 1745 1878
f 1878 1745 1873
f 1878 1873 1880
f 1745 1762 1873
f 1873 1762 1760
f 1873 1760 1758
f 1758 1756 1873
f 1873 1756 1754
f 1873 1754 1752
f 1752 1750 1873
f 1872 2801 1882
f 1955 1884 1885
f 1885 1884 1886
f 1885 1886 1887
f 1887 1886 1888
f 1888 1886 1889
f 1888 1889 1890
f 1890 1889 1891
f 1891 1889 1892
f 1891 1892 1893
f 1893 1892 1894
f 1893 1894 1895
f 1895 1894 1896
f 1896 1894 1897
f 1896 1897 1898
f 1898 1897 1899
f 1899 1897 1900
f 1900 1897 2940
f 1879 1902 1877
f 1874 1876 1903
f 1903 1876 1904
f 1903 1904 1905
f 1905 1904 1906
f 1905 1906 1907
f 1907 1906 2950
f 1907 2950 1908
f 1907 1908 1909
f 1909 1908 1910
f 1909 1910 1911
f 1911 1910 1912
f 1911 1912 1913
f 1913 1912 1914
f 1913 1914 1915
f 1915 1914 1916
f 1915 1916 1917
f 1917 1916 1918
f 1917 1918 1919
f 1919 1918 1920
f 1919 1920 1921
f 1921 1920 1922
f 1921 1922 1923
f 1923 1922 1924
f 1923 1924 1925
f 1925 1924 1926
f 1925 1926 1927
f 1927 1926 1928
f 1927 1928 1929
f 1929 1928 1930
f 1929 1930 1931
f 1931 1930 1932
f 1931 1932 1933
f 1933 1932 1934
f 1933 1934 1935
f 1935 1934 1936
f 1935 1936 1937
f 1937 1936 1938
f 1937 1938 1940
f 1940 1938 1939
f 1940 1939 2985
f 1940 2985 1941
f 1941 2985 2984
f 1941 2984 1797
f 1941 1797 1798
f 1879 1881 1902
f 1902 1881 1942
f 1902 1942 1901
f 1901 1942 2940
f 2940 1942 1943
f 2940 1943 1900
f 1900 1943 1944
f 1900 1944 1899
f 1899 1944 1945
f 1899 1945 1898
f 1898 1945 1946
f 1898 1946 1896
f 1896 1946 1947
f 1896 1947 1895
f 1895 1947 1948
f 1895 1948 1893
f 1893 1948 1949
f 1893 1949 1891
f 1891 1949 1950
f 1891 1950 1890
f 1890 1950 1951
f 1890 1951 1888
f 1888 1951 1952
f 1888 1952 1887
f 1887 1952 1953
f 1887 1953 1885
f 1885 1953 1954
f 1885 1954 1955
f 1884 1955 1956
f 1884 1956 1883
f 1883 1956 2993
f 2993 1956 1957
f 2993 1957 2996
f 2996 1957 3032
f 3032 1957 1958
f 3032 1958 2998
f 2998 1958 1882
f 1882 1958 1872
f 1959 1956 1960
f 1960 1956 1955
f 1956 1959 1957
f 1957 1959 1958
f 1958 1959 1961
f 1958 1961 1872
f 1872 1961 1871
f 1871 1961 1962
f 1963 1870 1962
f 1962 1870 1871
f 1870 1963 1867
f 1867 1963 1964
f 1867 1964 1864
f 1864 1964 1862
f 1862 1964 1965
f 1862 1965 1860
f 1860 1965 1858
f 1858 1965 1856
f 1856 1965 1854
f 1854 1965 1966
f 1854 1966 1852
f 1852 1966 1850
f 1850 1966 1848
f 1848 1966 1846
f 1846 1966 1967
f 1846 1967 1845
f 1845 1967 1844
f 1844 1967 1841
f 1841 1967 1839
f 1839 1967 1968
f 1839 1968 1969
f 1839 1969 1838
f 1969 1970 1838
f 1838 1970 1836
f 1836 1970 1834
f 1834 1970 1833
f 1833 1970 2087
f 1833 2087 1831
f 1831 2087 1830
f 1830 2087 1827
f 1827 2087 1825
f 1825 2087 1971
f 1825 1971 1823
f 1823 1971 1821
f 1821 1971 1819
f 1819 1971 1817
f 1817 1971 1972
f 1817 1972 1815
f 1815 1972 1813
f 1813 1972 1811
f 1811 1972 1973
f 1811 1973 1809
f 1809 1973 1807
f 1807 1973 1805
f 1805 1973 1803
f 1803 1973 1974
f 1803 1974 1801
f 1801 1974 1799
f 1799 1974 1975
f 1799 1975 1798
f 1798 1975 1941
f 1941 1975 1976
f 1941 1976 1940
f 1940 1976 1977
f 1940 1977 1937
f 1937 1977 1935
f 1935 1977 1933
f 1933 1977 1978
f 1933 1978 1931
f 1931 1978 1929
f 1929 1978 1927
f 1927 1978 1979
f 1927 1979 1925
f 1925 1979 1923
f 1923 1979 1921
f 1921 1979 1980
f 1921 1980 1919
f 1919 1980 1917
f 1917 1980 1981
f 1917 1981 1915
f 1915 1981 1913
f 1913 1981 1911
f 1911 1981 1909
f 1909 1981 1907
f 1907 1981 1982
f 1907 1982 1905
f 1905 1982 1903
f 1903 1982 1874
f 1874 1982 1983
f 1874 1983 1984
f 1874 1984 1985
f 1985 1986 1874
f 1874 1986 1873
f 1873 1986 1987
f 1873 1987 1988
f 1988 2071 1873
f 2071 2072 1873
f 1873 2072 1880
f 1880 2072 1881
f 1881 2072 1942
f 1942 2072 1943
f 1943 2072 2061
f 1943 2061 1944
f 1944 2061 1945
f 1945 2061 1946
f 1946 2061 1947
f 1947 2061 1989
f 1947 1989 1948
f 1948 1989 1949
f 1949 1989 1950
f 1950 1989 1951
f 1951 1989 1990
f 1951 1990 1952
f 1952 1990 1953
f 1953 1990 1954
f 1954 1990 1960
f 1954 1960 1955
f 1991 2020 1992
f 1992 2020 2022
f 1995 1993 1994
f 1995 1994 1997
f 1997 1994 1996
f 1997 1996 1998
f 1997 1998 1999
f 1999 1998 1991
f 1999 1991 1992
f 2000 1993 2001
f 2001 1993 1995
f 2004 2002 2003
f 2004 2003 2006
f 2006 2003 2005
f 2006 2005 2007
f 2006 2007 2008
f 2008 2007 2000
f 2008 2000 2001
f 2009 2002 2010
f 2010 2002 2004
f 2011 2012 2014
f 2014 2012 2013
f 2014 2013 2016
f 2016 2013 2015
f 2016 2015 2017
f 2016 2017 2018
f 2018 2017 2009
f 2018 2009 2010
f 2027 2012 2019
f 2019 2012 2011
f 2022 2020 2021
f 2022 2021 2024
f 2024 2021 2023
f 2024 2023 2025
f 2024 2025 2026
f 2026 2025 2019
f 2019 2025 2027
f 2039 2028 2029
f 2029 2028 2030
f 2029 2030 2031
f 2031 2030 2032
f 2031 2032 2011
f 2031 2011 2018
f 2018 2011 2016
f 2016 2011 2014
f 2011 2032 2033
f 2011 2033 2019
f 2019 2033 2034
f 2019 2034 2035
f 2035 2034 2036
f 2035 2036 2037
f 2035 2037 2038
f 2038 2037 2039
f 2038 2039 2029
f 2038 2029 1995
f 1995 2029 2001
f 2001 2029 2040
f 2001 2040 2008
f 2008 2040 2006
f 2006 2040 2004
f 2004 2040 2041
f 2004 2041 2010
f 2010 2041 2018
f 2018 2041 2031
f 2019 2035 2024
f 2024 2035 2042
f 2024 2042 2022
f 2022 2042 1992
f 1992 2042 2043
f 1992 2043 1999
f 1999 2043 1997
f 1997 2043 1995
f 2043 2038 1995
f 2019 2024 2026
f 2029 2031 2044
f 2044 2031 2045
f 2031 2041 2045
f 2045 2041 2046
f 2043 2042 2047
f 2047 2042 2048
f 2042 2035 2048
f 2048 2035 2049
f 2034 2033 2050
f 2050 2033 2051
f 2051 2033 2052
f 2052 2033 2032
f 2032 2030 2052
f 2052 2030 2053
f 2053 2030 2028
f 2053 2028 2054
f 1960 2055 1959
f 1959 2055 2056
f 1959 2056 1961
f 1961 2056 2057
f 1961 2057 2058
f 1961 2058 1962
f 1962 2058 2059
f 1962 2059 1963
f 1963 2059 2060
f 2061 2073 2062
f 1989 2062 2063
f 2064 2063 2065
f 2064 2065 1960
f 1960 2065 2055
f 2064 1960 1990
f 2064 1990 2063
f 2063 1990 1989
f 2062 1989 2061
f 1747 1986 1763
f 1763 1986 1985
f 1763 1985 1780
f 1780 1985 1778
f 1778 1985 1776
f 1776 1985 1774
f 1774 1985 1772
f 1772 1985 1984
f 1772 1984 1770
f 1770 1984 1768
f 1768 1984 1767
f 1767 1984 1782
f 1782 1984 2066
f 1782 2066 1795
f 1795 2066 2067
f 1795 2067 1793
f 1793 2067 1791
f 1791 2067 1789
f 1789 2067 1787
f 1787 2067 1785
f 1785 2067 1783
f 1783 2067 1728
f 1728 2067 2068
f 1728 2068 2069
f 1728 2069 1725
f 1725 2069 1744
f 1744 2069 1742
f 1742 2069 1740
f 1740 2069 2070
f 1740 2070 1738
f 1738 2070 1736
f 1736 2070 1734
f 1734 2070 1732
f 1732 2070 1731
f 1731 2070 2071
f 1731 2071 1988
f 2071 2075 2072
f 2072 2073 2061
f 1986 1747 1987
f 1987 1747 1749
f 1749 1751 1987
f 1987 1751 1753
f 1987 1753 1988
f 1988 1753 1755
f 1988 1755 1757
f 1757 1759 1988
f 1988 1759 1761
f 1988 1761 1746
f 1746 1731 1988
f 1981 2081 1982
f 1982 2081 2074
f 1982 2074 1983
f 1983 2074 2066
f 1983 2066 1984
f 2070 2075 2071
f 2075 2073 2072
f 1978 1977 2076
f 2079 2078 2080
f 2079 2080 1980
f 1980 2080 2081
f 2081 1981 1980
f 2079 1980 1979
f 2079 1979 2078
f 2078 1979 2077
f 2077 1979 1978
f 2077 1978 2076
f 1973 2082 1974
f 1974 2082 2083
f 1974 2083 1975
f 1975 2083 2084
f 1975 2084 2085
f 1975 2085 1976
f 1976 2085 2086
f 1976 2086 1977
f 1977 2086 2076
f 2087 2096 2088
f 1971 2088 2089
f 2090 2089 2091
f 2090 2091 1973
f 1973 2091 2082
f 2090 1973 1972
f 2090 1972 2089
f 2089 1972 1971
f 2088 1971 2087
f 1967 2092 2093
f 1967 2093 1968
f 1968 2093 2094
f 1968 2094 1969
f 1969 2094 2095
f 1969 2095 1970
f 1970 2095 2096
f 1970 2096 2087
f 1964 1963 2060
f 2099 2098 2100
f 2092 1967 2101
f 2101 1967 1966
f 2101 1966 2100
f 2100 1966 2099
f 2099 1966 1965
f 2099 1965 2098
f 2098 1965 2097
f 2097 1965 1964
f 2097 1964 2060
f 2009 2083 2002
f 2002 2083 2082
f 2083 2009 2084
f 2084 2009 2017
f 2084 2017 2015
f 2084 2015 2085
f 2085 2015 2013
f 2085 2013 2012
f 2085 2012 2086
f 2086 2012 2074
f 2074 2012 2066
f 2066 2012 2067
f 2067 2012 2068
f 2068 2012 2069
f 2069 2012 2027
f 2069 2027 2070
f 2070 2027 2075
f 2075 2027 2055
f 2075 2055 2073
f 2073 2055 2065
f 2055 2027 2056
f 2056 2027 2025
f 2056 2025 2023
f 2056 2023 2057
f 2057 2023 2021
f 2057 2021 2058
f 2058 2021 2020
f 2058 2020 1991
f 2058 1991 2059
f 2059 1991 2060
f 2060 1991 1998
f 1998 2097 2060
f 1996 2100 1998
f 1998 2100 2098
f 1998 2098 2097
f 1994 2092 1996
f 1996 2092 2101
f 1996 2101 2100
f 2092 1994 1993
f 2092 1993 2093
f 2093 1993 2094
f 2094 1993 2000
f 2094 2000 2095
f 2095 2000 2007
f 2095 2007 2096
f 2096 2007 2005
f 2096 2005 2003
f 2003 2089 2088
f 2002 2091 2003
f 2003 2091 2089
f 2091 2002 2082
f 2073 2065 2063
f 2063 2062 2073
f 2074 2081 2086
f 2086 2081 2076
f 2076 2081 2077
f 2077 2081 2078
f 2078 2081 2080
f 2088 2096 2003
f 2028 2039 2054
f 2054 2039 2102
f 2102 2039 2037
f 2102 2037 2103
f 2041 2040 2046
f 2046 2040 2104
f 2040 2029 2104
f 2104 2029 2044
f 2037 2036 2103
f 2103 2036 2105
f 2105 2036 2034
f 2105 2034 2050
f 2035 2038 2049
f 2049 2038 2106
f 2038 2043 2106
f 2106 2043 2047
f 2108 2107 2110
f 2110 2107 2109
f 2110 2109 2112
f 2112 2109 2111
f 2112 2111 2114
f 2114 2111 2113
f 2114 2113 2116
f 2116 2113 2115
f 2116 2115 2118
f 2118 2115 2117
f 2118 2117 2120
f 2120 2117 2119
f 2120 2119 2122
f 2122 2119 2121
f 2122 2121 2108
f 2108 2121 2107
f 954 2123 968
f 968 2141 969
f 969 2141 2124
f 969 2124 971
f 971 2138 973
f 973 2138 974
f 974 2138 2125
f 974 2125 870
f 870 2125 2126
f 870 2126 2127
f 870 2127 871
f 871 2127 2128
f 2128 2129 908
f 908 2129 2130
f 908 2130 955
f 955 2130 2131
f 954 2131 2123
f 2132 2123 2133
f 2133 2123 2131
f 2133 2131 2134
f 2134 2131 2130
f 2134 2130 2129
f 2135 2129 2128
f 2135 2128 2136
f 2136 2128 2127
f 2136 2127 2126
f 2137 2126 2125
f 2137 2125 2138
f 2139 2138 971
f 2139 971 2124
f 2123 2132 968
f 968 2132 2140
f 968 2140 2141
f 2121 2132 2107
f 2107 2132 2133
f 2107 2133 2109
f 2109 2133 2134
f 2109 2134 2111
f 2111 2134 2129
f 2111 2129 2135
f 2132 2121 2140
f 2140 2121 2119
f 2140 2119 2141
f 2141 2119 2124
f 2124 2119 2139
f 2139 2119 2117
f 2139 2117 2138
f 2138 2117 2115
f 2138 2115 2137
f 2137 2115 2126
f 2126 2115 2113
f 2126 2113 2136
f 2136 2113 2111
f 2136 2111 2135
f 2143 2142 2145
f 2145 2142 2144
f 2145 2144 2147
f 2147 2144 2146
f 2147 2146 2149
f 2149 2146 2148
f 2149 2148 2151
f 2151 2148 2150
f 2151 2150 2153
f 2153 2150 2152
f 2153 2152 2155
f 2155 2152 2154
f 2155 2154 2157
f 2157 2154 2156
f 2157 2156 2143
f 2143 2156 2142
f 2159 2158 2160
f 2178 2160 2161
f 2162 2675 2163
f 2164 2165 2166
f 2166 2165 2174
f 2174 2165 2167
f 2174 2167 2168
f 2174 2168 2169
f 2169 2168 939
f 2169 939 2170
f 2170 939 938
f 2170 938 2171
f 2171 938 937
f 2171 937 2172
f 2172 937 2173
f 2173 937 936
f 2173 936 2175
f 2175 936 2176
f 2176 936 931
f 2176 931 2177
f 2177 931 2158
f 2177 2158 2159
f 2178 2159 2160
f 2179 2178 2161
f 2179 2161 2162
f 2179 2162 2163
f 2180 2163 2675
f 2180 2675 2164
f 2180 2164 2166
f 2156 2174 2142
f 2142 2174 2169
f 2142 2169 2170
f 2142 2170 2144
f 2144 2170 2171
f 2144 2171 2146
f 2146 2171 2172
f 2146 2172 2173
f 2174 2156 2166
f 2166 2156 2154
f 2166 2154 2180
f 2180 2154 2163
f 2163 2154 2179
f 2179 2154 2152
f 2179 2152 2178
f 2178 2152 2150
f 2178 2150 2159
f 2159 2150 2177
f 2177 2150 2148
f 2177 2148 2176
f 2176 2148 2175
f 2175 2148 2146
f 2175 2146 2173
f 2208 2181 2210
f 2210 2181 2183
f 2183 2181 2182
f 2183 2182 2184
f 2184 2182 2185
f 2184 2185 2187
f 2187 2185 2186
f 2187 2186 2188
f 2188 2186 2189
f 2188 2189 2191
f 2191 2189 2190
f 2191 2190 2192
f 2192 2190 2193
f 2192 2193 2195
f 2195 2193 2194
f 2195 2194 2196
f 2196 2194 2197
f 2196 2197 2198
f 2198 2197 2199
f 2198 2199 2201
f 2201 2199 2200
f 2201 2200 2202
f 2201 2202 2203
f 2203 2202 2205
f 2205 2202 2204
f 2205 2204 2206
f 2205 2206 2207
f 2207 2206 2209
f 2209 2206 2208
f 2209 2208 2210
f 2211 2188 2191
f 2211 2191 2192
f 2211 2192 2212
f 2212 2192 2195
f 2212 2195 2213
f 2213 2195 2196
f 2213 2196 2198
f 2211 2214 2188
f 2188 2214 2187
f 2187 2214 2184
f 2184 2214 2183
f 2183 2214 2215
f 2183 2215 2210
f 2210 2215 2216
f 2210 2216 2209
f 2209 2216 2207
f 2207 2216 2205
f 2205 2216 2217
f 2205 2217 2218
f 2205 2218 2203
f 2203 2218 2201
f 2201 2218 2198
f 2198 2218 2213
f 2181 2208 2238
f 2220 2232 2221
f 2237 2208 2206
f 2246 2206 2204
f 2204 2202 2246
f 2223 2861 2224
f 2223 2224 2225
f 2202 2200 2226
f 2245 2227 2861
f 2229 2228 2230
f 2229 2230 2231
f 2231 2230 2240
f 2240 2230 2232
f 2240 2232 2220
f 2221 2233 2220
f 2220 2233 2239
f 2233 2234 2239
f 2239 2234 2219
f 2234 2235 2219
f 2219 2235 2236
f 2242 2236 2244
f 2237 2238 2208
f 2220 2239 2240
f 2229 2241 2228
f 2228 2241 2225
f 2225 2241 2223
f 2239 2219 2240
f 2240 2219 2242
f 2240 2242 2231
f 2231 2242 2243
f 2231 2243 2229
f 2229 2243 2241
f 2241 2222 2223
f 2219 2236 2242
f 2242 2244 2243
f 2243 2244 2222
f 2243 2222 2241
f 2244 2245 2222
f 2244 2237 2246
f 2244 2246 2245
f 2206 2246 2237
f 2246 2202 2226
f 2246 2226 2245
f 2245 2226 2227
f 2222 2245 2861
f 2861 2223 2222
f 2254 2211 2247
f 2247 2211 2212
f 2247 2212 2248
f 2248 2212 2213
f 2248 2213 2249
f 2249 2213 2218
f 2249 2218 2250
f 2250 2218 2217
f 2250 2217 2251
f 2251 2217 2216
f 2251 2216 2252
f 2252 2216 2215
f 2252 2215 2253
f 2253 2215 2214
f 2253 2214 2254
f 2254 2214 2211
f 2199 2197 2255
f 2255 2197 2194
f 2255 2194 2193
f 2255 2193 2260
f 2260 2193 2259
f 2259 2193 2190
f 2190 2189 2259
f 2259 2189 2186
f 2259 2186 2256
f 2256 2186 2185
f 2256 2185 2182
f 2256 2182 2238
f 2238 2182 2181
f 2257 2259 2256
f 2257 2258 2259
f 2259 2258 2268
f 2259 2268 2260
f 2258 2261 2268
f 2268 2261 2262
f 2268 2262 2263
f 2262 2266 2263
f 2263 2266 2267
f 2263 2267 2264
f 2267 2266 2866
f 2255 2227 2226
f 2255 2226 2199
f 2199 2226 2200
f 2260 2268 2264
f 2260 2264 2265
f 2255 2260 2227
f 2264 2268 2263
f 2227 2260 2265
f 2114 270 2112
f 2112 270 2288
f 2112 2288 2110
f 2110 2288 2269
f 2110 2269 2108
f 2108 2269 2122
f 2122 2269 2270
f 2122 2270 2120
f 2120 2270 272
f 2120 272 271
f 270 2114 271
f 271 2114 2116
f 271 2116 2118
f 271 2118 2120
f 2149 277 2147
f 2147 277 2282
f 2147 2282 2145
f 2145 2282 2271
f 2145 2271 2143
f 2143 2271 2157
f 2157 2271 2272
f 2157 2272 2155
f 2155 2272 279
f 2155 279 278
f 277 2149 278
f 278 2149 2151
f 278 2151 2153
f 278 2153 2155
f 2254 261 2273
f 2254 2273 2253
f 2253 2273 2274
f 2253 2274 2252
f 2252 2274 2251
f 2251 2274 2275
f 2251 2275 2250
f 2250 2275 263
f 261 2254 262
f 262 2254 2247
f 262 2247 2248
f 262 2248 263
f 263 2248 2249
f 263 2249 2250
f 259 2276 258
f 258 2276 2277
f 258 2277 260
f 260 2277 2278
f 260 2278 261
f 261 2278 2273
f 2276 259 2279
f 2279 259 280
f 2279 280 2280
f 2280 280 279
f 2280 279 2281
f 2281 279 2272
f 2282 277 276
f 2282 276 2283
f 2283 276 2284
f 2284 276 275
f 2284 275 2285
f 2285 275 274
f 2285 274 2286
f 2286 274 273
f 2286 273 2287
f 2287 273 272
f 2287 272 2270
f 2288 270 268
f 2288 268 2289
f 2289 268 267
f 2289 267 2290
f 2290 267 266
f 2290 266 2291
f 2291 266 265
f 2291 265 2292
f 2292 265 2293
f 2293 265 264
f 2293 264 263
f 2293 263 2275
f 2309 2294 2295
f 2295 2294 2296
f 2295 2296 2297
f 2297 2296 2298
f 2297 2298 2299
f 2299 2298 2300
f 2299 2300 2301
f 2301 2300 2302
f 2301 2302 2303
f 2303 2302 2304
f 2303 2304 2305
f 2305 2304 2306
f 2305 2306 2307
f 2307 2306 2308
f 2307 2308 2309
f 2309 2308 2294
f 2309 2310 2311
f 2309 2311 2312
f 2309 2312 2307
f 2307 2312 2313
f 2307 2313 2305
f 2305 2313 2314
f 2305 2314 2303
f 2303 2314 2315
f 2303 2315 2316
f 2303 2316 2301
f 2301 2316 2317
f 2301 2317 2318
f 2301 2318 2299
f 2299 2318 2319
f 2299 2319 2297
f 2297 2319 2320
f 2297 2320 2295
f 2295 2320 2321
f 2295 2321 2310
f 2295 2310 2309
f 2337 2322 2323
f 2323 2322 2324
f 2323 2324 2325
f 2325 2324 2326
f 2325 2326 2327
f 2327 2326 2328
f 2327 2328 2329
f 2329 2328 2330
f 2329 2330 2331
f 2331 2330 2332
f 2331 2332 2333
f 2333 2332 2334
f 2333 2334 2335
f 2335 2334 2336
f 2335 2336 2337
f 2337 2336 2322
f 2337 2338 2339
f 2337 2339 2340
f 2337 2340 2335
f 2335 2340 2341
f 2335 2341 2333
f 2333 2341 2342
f 2333 2342 2331
f 2331 2342 2343
f 2331 2343 2344
f 2331 2344 2329
f 2329 2344 2345
f 2329 2345 2346
f 2329 2346 2327
f 2327 2346 2347
f 2327 2347 2325
f 2325 2347 2348
f 2325 2348 2323
f 2323 2348 2349
f 2323 2349 2338
f 2323 2338 2337
f 2365 2350 2351
f 2351 2350 2352
f 2351 2352 2353
f 2353 2352 2354
f 2353 2354 2355
f 2355 2354 2356
f 2355 2356 2357
f 2357 2356 2358
f 2357 2358 2359
f 2359 2358 2360
f 2359 2360 2361
f 2361 2360 2362
f 2361 2362 2363
f 2363 2362 2364
f 2363 2364 2365
f 2365 2364 2350
f 2365 2366 2367
f 2365 2367 2368
f 2365 2368 2363
f 2363 2368 2369
f 2363 2369 2361
f 2361 2369 2370
f 2361 2370 2359
f 2359 2370 2371
f 2359 2371 2372
f 2359 2372 2357
f 2357 2372 2373
f 2357 2373 2374
f 2357 2374 2355
f 2355 2374 2375
f 2355 2375 2353
f 2353 2375 2376
f 2353 2376 2351
f 2351 2376 2377
f 2351 2377 2366
f 2351 2366 2365
f 2393 2378 2379
f 2379 2378 2380
f 2379 2380 2381
f 2381 2380 2382
f 2381 2382 2383
f 2383 2382 2384
f 2383 2384 2385
f 2385 2384 2386
f 2385 2386 2387
f 2387 2386 2388
f 2387 2388 2389
f 2389 2388 2390
f 2389 2390 2391
f 2391 2390 2392
f 2391 2392 2393
f 2393 2392 2378
f 2393 2394 2395
f 2393 2395 2396
f 2393 2396 2391
f 2391 2396 2397
f 2391 2397 2389
f 2389 2397 2398
f 2389 2398 2387
f 2387 2398 2399
f 2387 2399 2400
f 2387 2400 2385
f 2385 2400 2401
f 2385 2401 2402
f 2385 2402 2383
f 2383 2402 2403
f 2383 2403 2381
f 2381 2403 2404
f 2381 2404 2379
f 2379 2404 2405
f 2379 2405 2394
f 2379 2394 2393
f 2407 2406 2408
f 2408 2406 2409
f 2408 2409 2410
f 2410 2409 2411
f 2406 2407 2412
f 2412 2407 2413
f 2412 2413 2414
f 2414 2413 2415
f 2417 2416 2418
f 2418 2416 2419
f 2418 2419 2420
f 2420 2419 2421
f 2416 2417 2422
f 2422 2417 2423
f 2422 2423 2424
f 2424 2423 2425
f 2338 2417 2339
f 2339 2417 2418
f 2339 2418 2340
f 2340 2418 2420
f 2340 2420 2341
f 2341 2420 2421
f 2341 2421 2342
f 2342 2421 2419
f 2342 2419 2343
f 2343 2419 2344
f 2344 2419 2416
f 2344 2416 2345
f 2345 2416 2422
f 2345 2422 2346
f 2346 2422 2424
f 2346 2424 2347
f 2347 2424 2425
f 2347 2425 2348
f 2348 2425 2423
f 2348 2423 2349
f 2349 2423 2417
f 2349 2417 2338
f 2310 2426 2311
f 2311 2426 2427
f 2311 2427 2312
f 2312 2427 2428
f 2312 2428 2313
f 2313 2428 2429
f 2313 2429 2314
f 2314 2429 2430
f 2314 2430 2315
f 2315 2430 2316
f 2316 2430 2431
f 2316 2431 2317
f 2317 2431 2432
f 2317 2432 2318
f 2318 2432 2433
f 2318 2433 2319
f 2319 2433 2434
f 2319 2434 2320
f 2320 2434 2435
f 2320 2435 2321
f 2321 2435 2310
f 2310 2435 2426
f 2426 2431 2427
f 2427 2431 2430
f 2427 2430 2428
f 2428 2430 2429
f 2431 2426 2432
f 2432 2426 2435
f 2432 2435 2433
f 2433 2435 2434
f 2394 2407 2395
f 2395 2407 2408
f 2395 2408 2396
f 2396 2408 2410
f 2396 2410 2397
f 2397 2410 2411
f 2397 2411 2398
f 2398 2411 2409
f 2398 2409 2399
f 2399 2409 2400
f 2400 2409 2406
f 2400 2406 2401
f 2401 2406 2412
f 2401 2412 2402
f 2402 2412 2414
f 2402 2414 2403
f 2403 2414 2415
f 2403 2415 2404
f 2404 2415 2413
f 2404 2413 2405
f 2405 2413 2407
f 2405 2407 2394
f 2366 2436 2367
f 2367 2436 2437
f 2367 2437 2368
f 2368 2437 2438
f 2368 2438 2369
f 2369 2438 2439
f 2369 2439 2370
f 2370 2439 2440
f 2370 2440 2371
f 2371 2440 2372
f 2372 2440 2441
f 2372 2441 2373
f 2373 2441 2442
f 2373 2442 2374
f 2374 2442 2443
f 2374 2443 2375
f 2375 2443 2444
f 2375 2444 2376
f 2376 2444 2445
f 2376 2445 2377
f 2377 2445 2366
f 2366 2445 2436
f 2436 2441 2437
f 2437 2441 2440
f 2437 2440 2438
f 2438 2440 2439
f 2441 2436 2442
f 2442 2436 2445
f 2442 2445 2443
f 2443 2445 2444
f 2446 2447 2448
f 2448 2447 2449
f 2448 2449 2450
f 2450 2449 2451
f 2450 2451 2453
f 2453 2451 2452
f 2453 2452 2458
f 2446 2448 2454
f 2454 2448 2455
f 2455 2448 2450
f 2455 2450 2456
f 2456 2450 2457
f 2457 2450 2453
f 2457 2453 2458
f 2045 2053 2044
f 2046 2052 2045
f 2104 2459 2046
f 2046 2459 2460
f 2046 2460 2461
f 2104 2044 2459
f 2459 2044 2462
f 2462 2044 2106
f 2462 2106 2047
f 2045 2052 2053
f 2044 2053 2054
f 2044 2054 2102
f 2044 2102 2106
f 2106 2102 2103
f 2106 2103 2049
f 2049 2103 2105
f 2049 2105 2446
f 2446 2105 2050
f 2050 2051 2446
f 2446 2051 2461
f 2446 2461 2447
f 2447 2461 2463
f 2461 2051 2052
f 2047 2048 2462
f 2462 2048 2454
f 2454 2048 2446
f 2446 2048 2049
f 2052 2046 2461
f 2455 2464 2454
f 2454 2464 2465
f 2454 2465 2462
f 2462 2465 2466
f 2466 2465 2474
f 2466 2474 2468
f 2468 2474 2467
f 2468 2467 2469
f 2468 2469 2470
f 2470 2469 2471
f 2470 2471 2472
f 2472 2471 2473
f 2472 2473 2458
f 2458 2473 2457
f 2457 2473 2469
f 2457 2469 2456
f 2456 2469 2467
f 2456 2467 2474
f 2456 2474 2455
f 2455 2474 2464
f 2474 2465 2464
f 2471 2469 2473
f 2472 2458 2475
f 2472 2475 225
f 2452 2476 2458
f 2458 2476 2475
f 2477 2294 2308
f 2477 2308 2478
f 2477 2478 2479
f 2478 2308 2306
f 2478 2306 2480
f 2480 2306 2304
f 2302 2481 2304
f 2304 2481 2480
f 2481 2302 2463
f 2463 2302 2300
f 2463 2300 2482
f 2463 2482 2483
f 2482 2300 2298
f 2482 2298 2296
f 2482 2296 2484
f 2484 2296 2485
f 2485 2296 2294
f 2485 2294 2486
f 2486 2294 2477
f 2322 90 2487
f 2322 2487 2324
f 2324 2487 2488
f 2322 2336 90
f 90 2336 2489
f 2489 2336 2334
f 2489 2334 2332
f 2489 2332 2490
f 2490 2332 2491
f 2491 2332 2330
f 2491 2330 2492
f 2330 2328 2492
f 2492 2328 2476
f 2476 2328 2326
f 2476 2326 2488
f 2488 2326 2324
f 2350 2449 2447
f 2350 2447 2352
f 2352 2447 2483
f 2352 2483 2354
f 2354 2483 2356
f 2356 2483 2493
f 2356 2493 2494
f 2449 2350 2364
f 2449 2364 2451
f 2451 2364 2452
f 2452 2364 2362
f 2362 2360 2452
f 2452 2360 2495
f 2495 2360 2358
f 2495 2358 2494
f 2494 2358 2356
f 2496 2378 2497
f 2497 2378 2392
f 2497 2392 2498
f 2498 2392 2499
f 2499 2392 2500
f 2500 2392 2390
f 2500 2390 2388
f 2500 2388 91
f 91 2388 2386
f 91 2386 2501
f 2501 2386 2384
f 2501 2384 2502
f 2502 2384 2479
f 2479 2384 2382
f 2382 2380 2479
f 2479 2380 2496
f 2496 2380 2378
f 2447 2463 2483
f 2500 91 2489
f 2489 91 90
f 2476 2452 2492
f 2492 2452 2495
f 2496 2477 2479
f 91 2501 92
f 92 2501 2503
f 2503 2501 2504
f 2504 2501 2502
f 2504 2502 2505
f 2505 2502 2479
f 2505 2479 205
f 191 2503 2504
f 191 2504 201
f 201 2504 202
f 202 2504 203
f 203 2504 2505
f 203 2505 204
f 204 2505 205
f 191 201 200
f 200 190 191
f 206 205 2506
f 206 2506 2507
f 2479 2478 205
f 205 2478 2506
f 2506 2478 2508
f 2508 2478 2480
f 2508 2480 2481
f 2508 2481 2509
f 2509 2481 2510
f 2510 2481 2463
f 2510 2463 2461
f 2506 2508 2511
f 2511 2508 2509
f 2511 2509 2512
f 2512 2509 2510
f 2512 2510 2513
f 2513 2510 2460
f 2460 2510 2461
f 2511 2514 2506
f 2506 2514 2507
f 2507 2514 2515
f 2515 2514 2516
f 2515 2516 2518
f 2518 2516 2517
f 2518 2517 2519
f 2518 2519 2520
f 2520 2519 2521
f 2520 2521 2459
f 2459 2521 2522
f 2459 2522 2460
f 2460 2522 2513
f 2513 2522 2512
f 2512 2522 2519
f 2512 2519 2517
f 2512 2517 2511
f 2511 2517 2516
f 2511 2516 2514
f 2521 2519 2522
f 214 216 2523
f 2523 216 229
f 2523 229 2524
f 2524 229 228
f 2524 228 2475
f 214 2523 2525
f 214 2525 239
f 237 231 239
f 239 231 213
f 239 213 214
f 237 233 232
f 233 237 234
f 237 232 231
f 239 2525 89
f 89 2525 90
f 90 2525 2487
f 2487 2525 2523
f 2487 2523 2488
f 2488 2523 2524
f 2488 2524 2476
f 2476 2524 2475
f 197 195 206
f 206 195 210
f 210 209 206
f 2507 2459 206
f 206 2459 160
f 206 160 197
f 2507 2515 2518
f 2518 2520 2507
f 2507 2520 2459
f 2459 2462 160
f 160 2462 155
f 155 2462 225
f 155 225 220
f 220 225 221
f 221 225 222
f 222 225 223
f 223 225 224
f 225 2462 2472
f 2472 2462 2466
f 2466 2468 2472
f 2472 2468 2470
f 2783 2552 2224
f 2224 2552 2225
f 2565 2528 2529
f 2565 2530 2531
f 2532 2531 2533
f 2560 2535 2536
f 2560 2536 2232
f 2232 2536 2221
f 2221 2536 2537
f 2537 2536 2538
f 2538 2536 2539
f 2539 2536 2540
f 2539 2540 2541
f 2541 2540 2542
f 2541 2542 2543
f 2543 2542 2544
f 2543 2544 2545
f 2545 2544 2546
f 2547 2546 2557
f 2557 2546 2548
f 2551 2553 2783
f 2783 2553 2552
f 2872 2555 2551
f 2551 2555 2553
f 2553 2555 2556
f 2556 2526 2554
f 2528 2555 2872
f 2556 2555 2527
f 2556 2527 2526
f 2565 2529 2558
f 2558 2529 2557
f 2558 2557 2548
f 2546 2547 2545
f 2545 2547 2559
f 2545 2559 2543
f 2535 2560 2534
f 2534 2560 2561
f 2534 2561 2533
f 2533 2561 2532
f 2532 2563 2531
f 2531 2563 2564
f 2531 2564 2565
f 2560 2232 2566
f 2560 2566 2561
f 2561 2562 2532
f 2532 2562 2563
f 2563 2567 2564
f 2232 2230 2566
f 2561 2566 2562
f 2563 2562 2567
f 2565 2564 2528
f 2566 2230 2568
f 2566 2568 2562
f 2562 2570 2567
f 2567 2570 2564
f 2564 2570 2527
f 2564 2527 2528
f 2568 2569 2562
f 2562 2569 2572
f 2562 2572 2570
f 2570 2526 2527
f 2568 2230 2569
f 2569 2571 2572
f 2230 2228 2569
f 2569 2228 2571
f 2571 2228 2225
f 2571 2225 2552
f 2555 2528 2527
f 2554 2553 2556
f 2552 2553 2554
f 2554 2526 2570
f 2572 2554 2570
f 2552 2554 2571
f 2571 2554 2572
f 2565 2558 2530
f 2531 2530 2573
f 2531 2573 2533
f 2533 2573 2550
f 2533 2550 2534
f 2530 2558 2573
f 2573 2558 2548
f 2548 2549 2573
f 2549 2550 2573
f 2549 2548 2574
f 2574 2548 2546
f 2574 2546 2544
f 2550 2549 2576
f 2576 2549 2574
f 2576 2574 2575
f 2575 2574 2542
f 2542 2574 2544
f 2534 2550 2577
f 2577 2550 2576
f 2576 2575 2540
f 2540 2575 2542
f 2534 2577 2535
f 2535 2577 2536
f 2577 2576 2540
f 2540 2536 2577
f 2578 2788 2772
f 2578 2772 2579
f 2578 2579 2634
f 2634 2579 2580
f 2633 2580 2581
f 2633 2581 2632
f 2632 2581 2582
f 2632 2582 2631
f 2631 2582 2584
f 2584 2582 2583
f 2584 2583 2586
f 2586 2583 2585
f 2586 2585 2628
f 2628 2585 2587
f 2587 2648 2588
f 2588 2648 2611
f 2654 2655 2592
f 2654 2592 2593
f 2866 2595 2865
f 2607 2650 2651
f 2579 2772 2790
f 2601 2790 2604
f 2642 2601 2602
f 2642 2602 2603
f 2599 2603 2598
f 2601 2604 2602
f 2602 2605 2603
f 2603 2605 2597
f 2603 2597 2598
f 2607 2869 2650
f 2869 2640 2608
f 2869 2608 2650
f 2866 2266 2595
f 2593 2652 2653
f 2593 2653 2654
f 2595 2266 2612
f 2612 2619 2649
f 2612 2266 2619
f 2613 2616 2614
f 2266 2262 2619
f 2613 2654 2617
f 2613 2617 2616
f 2649 2619 2623
f 2649 2623 2618
f 2654 2653 2617
f 2262 2261 2624
f 2262 2624 2619
f 2653 2621 2620
f 2653 2620 2617
f 2619 2624 2622
f 2619 2622 2625
f 2619 2625 2623
f 2261 2258 2624
f 2624 2258 2626
f 2626 2258 2257
f 2626 2622 2624
f 2626 2625 2622
f 2614 2615 2590
f 2590 2615 2627
f 2590 2627 2589
f 2627 2611 2589
f 2586 2628 2629
f 2586 2629 2630
f 2586 2630 2584
f 2584 2630 2631
f 2580 2633 2634
f 2628 2635 2629
f 2629 2635 2630
f 2630 2635 2636
f 2630 2636 2631
f 2631 2636 2632
f 2632 2636 2637
f 2632 2637 2633
f 2633 2637 2638
f 2633 2638 2634
f 2634 2638 2578
f 2596 2593 2639
f 2606 2869 2607
f 2641 2607 2651
f 2643 2642 2603
f 2643 2603 2599
f 2790 2601 2644
f 2644 2601 2645
f 2645 2601 2642
f 2645 2642 2646
f 2646 2642 2643
f 2646 2643 2647
f 2647 2643 2599
f 2647 2599 2600
f 2600 2599 2648
f 2599 2598 2648
f 2600 2648 2587
f 2600 2587 2585
f 2607 2604 2606
f 2644 2579 2790
f 2865 2595 2612
f 2865 2612 2649
f 2649 2594 2865
f 2608 2592 2609
f 2608 2609 2650
f 2639 2593 2592
f 2640 2639 2592
f 2608 2640 2592
f 2604 2607 2602
f 2602 2607 2641
f 2602 2641 2605
f 2605 2641 2651
f 2605 2651 2597
f 2579 2644 2580
f 2580 2644 2645
f 2580 2645 2581
f 2581 2645 2582
f 2582 2645 2646
f 2582 2646 2647
f 2582 2647 2583
f 2583 2647 2600
f 2583 2600 2585
f 2593 2596 2652
f 2652 2596 2594
f 2594 2649 2618
f 2594 2618 2652
f 2609 2655 2613
f 2609 2613 2610
f 2610 2613 2614
f 2610 2614 2591
f 2591 2614 2590
f 2592 2655 2609
f 2650 2609 2610
f 2650 2610 2651
f 2651 2610 2591
f 2651 2591 2590
f 2651 2590 2597
f 2597 2590 2589
f 2597 2589 2598
f 2598 2589 2611
f 2598 2611 2648
f 2652 2618 2621
f 2652 2621 2653
f 2655 2654 2613
f 2928 2656 2657
f 2657 2656 2659
f 2660 2671 2661
f 2661 2671 2668
f 2638 2664 2578
f 2578 2664 2808
f 2808 2664 2666
f 2999 3000 2669
f 3000 2800 2669
f 2808 2788 2578
f 2664 2638 2637
f 2664 2637 2636
f 2667 2636 2635
f 2635 2668 2667
f 2666 2664 2663
f 2665 2666 2662
f 2662 2666 2663
f 2800 2665 2662
f 2800 2662 2668
f 2669 2800 2671
f 2671 2800 2668
f 2999 2669 2670
f 2670 2669 2671
f 2656 2999 2659
f 2659 2999 2670
f 2659 2670 2658
f 2658 2670 2660
f 2660 2670 2671
f 2663 2664 2667
f 2663 2667 2662
f 2662 2667 2668
f 2667 2664 2636
f 2672 2168 2673
f 2168 2167 2673
f 2680 2676 2674
f 2680 2165 2164
f 2164 2675 2680
f 2675 2162 2676
f 2678 2685 3013
f 2678 2677 2676
f 2158 931 963
f 2158 963 2160
f 2685 2160 2927
f 2685 2927 3013
f 963 3012 2927
f 2928 2657 3013
f 3013 2657 2678
f 2678 2657 2677
f 2657 2659 2677
f 2677 2659 2674
f 2674 2679 2680
f 2680 2679 2681
f 2659 2658 2674
f 2674 2658 2679
f 2682 2660 2661
f 2661 2684 2682
f 2682 2684 2683
f 2680 2675 2676
f 2676 2677 2674
f 2679 2660 2683
f 2683 2660 2682
f 2679 2683 2681
f 2673 2167 2165
f 2673 2165 2680
f 2161 2160 2685
f 2161 2685 2162
f 2658 2660 2679
f 2685 2678 2162
f 2162 2678 2676
f 2927 2160 963
f 2702 2963 2686
f 2686 2690 2687
f 2967 2698 2963
f 2691 2967 906
f 906 2703 2691
f 2694 2697 2698
f 2694 2699 2697
f 2697 2699 2700
f 2697 2700 2690
f 2697 2690 2698
f 2699 2701 2700
f 2700 2701 2690
f 2701 2699 2689
f 2701 2689 2688
f 2687 2702 2686
f 2698 2967 2691
f 2692 2698 2691
f 2686 2963 2698
f 2690 2686 2698
f 2703 2692 2691
f 2687 2690 2701
f 2692 2703 2695
f 2692 2695 2693
f 2688 2687 2701
f 2694 2698 2692
f 2694 2692 2693
f 2695 2703 2696
f 2896 2705 2704
f 2707 2702 2687
f 2707 2687 2708
f 2710 2709 2706
f 2687 2688 2710
f 2710 2688 2689
f 2689 2709 2710
f 2710 2708 2687
f 2706 2709 2711
f 2711 2712 2706
f 2706 2712 2713
f 2706 2713 2714
f 2706 2714 2705
f 2705 2714 2704
f 2715 2707 2708
f 2953 2715 2708
f 2705 2716 2706
f 2708 2710 2953
f 2953 2710 2716
f 2706 2716 2710
f 2528 2872 2717
f 2879 2882 2719
f 2719 2882 2884
f 2884 2720 2721
f 2721 2720 2888
f 2888 2738 2723
f 2723 2738 2722
f 2723 2722 2724
f 2726 2725 2727
f 2726 2727 2748
f 2748 2727 2728
f 2748 2728 2729
f 2729 2728 2730
f 2731 2730 2769
f 2731 2769 2732
f 2732 2769 2733
f 2732 2733 2713
f 2713 2733 2714
f 2714 2733 2734
f 2888 2850 2738
f 2722 2738 2737
f 2738 2850 2739
f 2739 2850 2895
f 2739 2895 2903
f 2739 2903 2740
f 2740 2903 2896
f 2740 2896 2704
f 2714 2734 2704
f 2704 2734 2741
f 2704 2741 2740
f 2740 2741 2742
f 2740 2742 2739
f 2739 2742 2737
f 2739 2737 2738
f 2713 2712 2732
f 2732 2712 2743
f 2732 2743 2731
f 2731 2743 2744
f 2731 2744 2730
f 2730 2744 2729
f 2712 2711 2743
f 2743 2711 2745
f 2743 2745 2744
f 2744 2745 2746
f 2744 2746 2729
f 2711 2709 2745
f 2745 2709 2746
f 2729 2747 2748
f 2725 2726 2749
f 2725 2749 2724
f 2724 2749 2723
f 2723 2749 2750
f 2723 2750 2721
f 2723 2721 2888
f 2751 2753 2747
f 2747 2753 2752
f 2726 2752 2749
f 2756 2767 2751
f 2751 2767 2753
f 2749 2755 2750
f 2559 2547 2756
f 2756 2547 2758
f 2757 2761 2762
f 2757 2762 2760
f 2759 2760 2879
f 2759 2879 2719
f 2547 2557 2758
f 2758 2557 2761
f 2761 2763 2762
f 2760 2762 2718
f 2760 2718 2879
f 2761 2557 2763
f 2762 2876 2718
f 2557 2529 2763
f 2762 2763 2875
f 2762 2875 2876
f 2763 2717 2875
f 2763 2529 2528
f 2719 2884 2764
f 2764 2884 2721
f 2763 2528 2717
f 2742 2741 2735
f 2735 2741 2734
f 2736 2742 2735
f 2737 2742 2736
f 2721 2750 2764
f 2759 2765 2766
f 2766 2767 2757
f 2757 2767 2758
f 2758 2767 2756
f 2719 2764 2765
f 2719 2765 2759
f 2760 2759 2766
f 2760 2766 2757
f 2761 2757 2758
f 2735 2734 2768
f 2768 2734 2733
f 2768 2733 2769
f 2736 2735 2768
f 2737 2736 2770
f 2770 2736 2768
f 2770 2768 2771
f 2771 2768 2769
f 2771 2769 2730
f 2771 2730 2728
f 2722 2737 2724
f 2724 2737 2770
f 2724 2770 2725
f 2725 2770 2771
f 2725 2771 2727
f 2727 2771 2728
f 2764 2750 2755
f 2764 2755 2765
f 2765 2755 2754
f 2765 2754 2766
f 2766 2754 2753
f 2766 2753 2767
f 2754 2755 2752
f 2752 2755 2749
f 2752 2726 2748
f 2753 2754 2752
f 2747 2752 2748
f 2668 2280 2281
f 2668 2281 2661
f 2661 2281 2272
f 2661 2272 2271
f 2271 2282 2661
f 2661 2282 2283
f 2661 2283 2684
f 2684 2283 2284
f 2284 2285 2684
f 2684 2285 942
f 942 2285 943
f 943 2285 945
f 945 2285 946
f 946 2285 935
f 935 2285 947
f 947 2285 948
f 948 2285 2286
f 948 2286 924
f 924 2286 2287
f 2270 923 2287
f 2287 923 924
f 2269 951 2270
f 2270 951 949
f 2288 2689 2269
f 2269 2689 951
f 2689 2288 2747
f 2689 2747 2729
f 2288 2289 2747
f 2747 2289 2751
f 2751 2289 2290
f 2751 2290 2756
f 2756 2290 2291
f 2756 2291 2559
f 2559 2291 2292
f 2292 2293 2559
f 2559 2293 2543
f 2543 2293 2275
f 2275 2274 2543
f 2543 2274 2541
f 2541 2274 2273
f 2541 2273 2539
f 2539 2273 2278
f 2539 2278 2635
f 2635 2278 2277
f 2635 2277 2276
f 2635 2276 2668
f 2668 2276 2279
f 2279 2280 2668
f 2729 2746 2689
f 2689 2746 2709
f 2699 2694 2689
f 2689 2694 2696
f 2696 2694 2693
f 2696 2693 2695
f 2696 909 2689
f 2689 909 956
f 956 953 2689
f 2689 953 952
f 2689 952 951
f 949 923 2270
f 942 941 2684
f 2684 941 940
f 940 2672 2684
f 2684 2672 2683
f 2683 2672 2681
f 2681 2672 2680
f 2680 2672 2673
f 2635 2628 2587
f 2635 2587 2539
f 2587 2588 2539
f 2539 2588 2538
f 2538 2588 2611
f 2538 2611 2627
f 2615 2221 2627
f 2627 2221 2537
f 2627 2537 2538
f 2221 2615 2233
f 2233 2615 2614
f 2233 2614 2616
f 2233 2616 2234
f 2234 2616 2617
f 2234 2617 2235
f 2235 2617 2620
f 2235 2620 2238
f 2238 2620 2256
f 2256 2620 2257
f 2257 2620 2621
f 2257 2621 2626
f 2626 2621 2618
f 2626 2618 2623
f 2626 2623 2625
f 2235 2238 2236
f 2236 2238 2237
f 2236 2237 2244
f 2777 2795 1837
f 2777 1837 2833
f 2779 2778 2782
f 2782 2778 2780
f 2782 2780 2781
f 2782 2781 2224
f 2224 2781 2783
f 2551 2783 2784
f 2787 2786 2923
f 2787 2923 2918
f 2847 1810 1808
f 2793 2792 2829
f 2793 2829 2830
f 2797 2665 2796
f 2797 2796 2799
f 2799 2796 2798
f 2800 2796 2665
f 2796 2800 2801
f 2796 2801 2798
f 2799 2802 2803
f 2799 2803 2797
f 2797 2803 2665
f 2665 2803 2666
f 2802 1869 2804
f 2802 2804 2803
f 2803 2804 2805
f 2803 2805 2666
f 1869 1868 2804
f 2804 1868 2806
f 2804 2806 2805
f 2805 2806 2807
f 2805 2807 2666
f 2666 2807 2808
f 1868 1866 2809
f 1868 2809 2806
f 2806 2809 2807
f 2807 2809 2810
f 2807 2810 2808
f 2808 2810 2788
f 1866 1865 2809
f 2809 1865 2811
f 2809 2811 2810
f 2810 2811 2813
f 2810 2813 2789
f 2810 2789 2788
f 1865 1863 2812
f 1865 2812 2811
f 2811 2812 2815
f 2811 2815 2813
f 1863 1861 2812
f 2812 1861 2814
f 2812 2814 2815
f 2813 2815 2816
f 2813 2816 2789
f 1861 1859 2814
f 2814 1859 2818
f 2814 2818 2817
f 2814 2817 2815
f 2815 2817 2816
f 2816 2817 2790
f 1859 1857 2818
f 2817 2818 2819
f 2817 2819 2820
f 2817 2820 2790
f 1857 1855 2818
f 2818 1855 2821
f 2818 2821 2819
f 2819 2821 2822
f 2819 2822 2820
f 1855 1853 2821
f 2821 1853 2823
f 2821 2823 2822
f 2822 2823 2791
f 1853 1851 2823
f 2823 1851 2824
f 2823 2824 2826
f 2823 2826 2791
f 2791 2826 2773
f 1851 1849 2824
f 2824 2825 2826
f 2773 2826 2792
f 1849 1847 2824
f 2824 1847 2825
f 2825 2828 2829
f 2825 2829 2826
f 2826 2829 2792
f 1847 2827 2825
f 2825 2827 2828
f 2827 2831 2828
f 2828 2831 2921
f 2828 2921 2829
f 2829 2921 2830
f 1843 1842 2794
f 1842 1840 2776
f 1840 2795 2776
f 2833 1837 1835
f 2833 1835 2901
f 2901 1835 2834
f 2834 2837 2835
f 2835 2837 2836
f 2834 1832 2837
f 2836 2837 2838
f 2836 2838 2860
f 1832 2839 2840
f 1832 2840 2837
f 2837 2840 2838
f 2914 2839 1829
f 2841 1829 1828
f 1828 1826 2842
f 2842 1826 1824
f 2842 1824 1822
f 2842 1822 2881
f 2881 1822 1820
f 2881 1820 2843
f 2843 1820 1818
f 2843 1818 2844
f 2844 1818 1816
f 2844 1816 2845
f 2845 1816 1814
f 2845 1814 1812
f 2845 1812 2847
f 2847 1812 1810
f 1808 1806 2847
f 2847 1806 2846
f 2893 2848 2849
f 1806 1804 2846
f 2846 1804 1802
f 2846 1802 2852
f 2846 2852 2848
f 2848 2852 2849
f 2849 2852 2853
f 2852 1802 2853
f 1802 1800 2853
f 2853 1800 2917
f 2853 2917 2851
f 2854 2855 2909
f 2909 2855 2856
f 2855 2857 2856
f 2856 2857 2705
f 2855 1797 2857
f 2857 1797 2858
f 2857 2858 2705
f 2705 2858 2716
f 2905 2705 2896
f 2859 2874 2785
f 2859 2785 2786
f 2859 2717 2873
f 2873 2717 2872
f 2874 2860 2838
f 2873 2872 2860
f 2224 2861 2782
f 2227 2265 2864
f 2227 2864 2861
f 2264 2863 2265
f 2265 2863 2864
f 2264 2267 2862
f 2264 2862 2863
f 2866 2862 2267
f 2782 2912 2779
f 2865 2594 2596
f 2606 2604 2868
f 2868 2604 2790
f 2772 2788 2789
f 2868 2790 2820
f 2606 2868 2820
f 2869 2606 2791
f 2640 2869 2773
f 2773 2869 2791
f 2639 2640 2792
f 2792 2640 2773
f 2596 2639 2871
f 2871 2639 2792
f 2871 2792 2793
f 2865 2596 2870
f 2870 2596 2871
f 2871 2793 2774
f 2897 2870 2871
f 2872 2551 2784
f 2872 2784 2860
f 2873 2860 2874
f 2785 2874 2838
f 2875 2717 2859
f 2875 2859 2787
f 2787 2859 2786
f 2876 2875 2877
f 2877 2875 2787
f 2877 2787 2918
f 2718 2876 2878
f 2878 2876 2877
f 2878 2877 2918
f 2878 2918 2919
f 2879 2718 2878
f 2879 2878 2880
f 2880 2878 2919
f 2880 2919 2881
f 2882 2879 2883
f 2883 2879 2880
f 2883 2880 2843
f 2843 2880 2881
f 2884 2882 2883
f 2884 2883 2885
f 2885 2883 2843
f 2885 2843 2844
f 2720 2884 2886
f 2886 2884 2885
f 2886 2885 2887
f 2887 2885 2844
f 2887 2844 2845
f 2888 2720 2889
f 2889 2720 2890
f 2890 2720 2886
f 2890 2886 2891
f 2891 2886 2887
f 2892 2888 2889
f 2893 2889 2890
f 2893 2890 2894
f 2894 2890 2891
f 2891 2887 2847
f 2847 2887 2845
f 2895 2850 2892
f 2895 2892 2904
f 2904 2892 2853
f 2853 2892 2849
f 2870 2898 2865
f 2865 2898 2866
f 2898 2867 2866
f 2899 2870 2897
f 2897 2871 2774
f 2897 2774 2920
f 2898 2870 2899
f 2899 2897 2775
f 2775 2897 2920
f 2867 2898 2907
f 2867 2910 2906
f 2864 2863 2906
f 2906 2863 2862
f 2781 2784 2783
f 2784 2781 2900
f 2900 2781 2780
f 2900 2780 2902
f 2902 2780 2778
f 2902 2778 2901
f 2901 2778 2779
f 2901 2779 2833
f 2836 2860 2784
f 2873 2874 2859
f 2892 2850 2888
f 2892 2889 2849
f 2849 2889 2893
f 2848 2893 2894
f 2848 2894 2891
f 2848 2891 2846
f 2846 2891 2847
f 2895 2904 2903
f 2903 2904 2851
f 2851 2904 2853
f 2856 2705 2905
f 2856 2905 2903
f 2903 2905 2896
f 2789 2816 2772
f 2772 2816 2790
f 2899 2907 2898
f 2907 2899 2775
f 2864 2906 2922
f 2864 2922 2912
f 2908 2907 2775
f 2864 2912 2861
f 2861 2912 2782
f 2900 2836 2784
f 2836 2900 2902
f 2836 2902 2835
f 2835 2902 2901
f 2835 2901 2834
f 2851 2909 2903
f 2903 2909 2856
f 2862 2867 2906
f 2820 2822 2606
f 2606 2822 2791
f 2793 2830 2774
f 2774 2830 2920
f 2908 2911 2907
f 2907 2911 2867
f 2911 2910 2867
f 2911 2908 2776
f 2910 2913 2906
f 2906 2913 2922
f 2913 2910 2911
f 2913 2911 2776
f 2913 2776 2777
f 2840 2915 2838
f 2838 2915 2785
f 2915 2840 2914
f 2914 2840 2839
f 2915 2916 2785
f 2785 2916 2786
f 2786 2916 2923
f 2916 2915 2841
f 2841 2915 2914
f 2841 2914 1829
f 2851 2917 2854
f 2854 2917 1800
f 2909 2851 2854
f 2921 2920 2830
f 1843 2794 2920
f 2908 2775 2794
f 2922 2913 2777
f 2841 2923 2916
f 2923 2841 1828
f 2919 2918 2842
f 2919 2842 2881
f 2918 2923 2842
f 2842 2923 1828
f 2920 2794 2775
f 2921 1843 2920
f 1843 2921 2832
f 2832 2921 2831
f 2908 2794 1842
f 2908 1842 2776
f 2776 2795 2777
f 2922 2833 2779
f 2922 2779 2912
f 2833 2922 2777
f 2866 2867 2862
f 962 2924 2925
f 962 2925 964
f 964 2925 2926
f 966 3008 3009
f 966 3009 3010
f 2656 3020 2999
f 3026 3030 3025
f 3022 2932 3021
f 3021 2932 3018
f 2926 2933 3018
f 2931 2933 2936
f 2931 2936 3033
f 3022 2937 1892
f 3022 1892 2935
f 2937 2992 1894
f 2937 1894 1892
f 3033 2936 2938
f 2938 2939 2940
f 2940 2944 1901
f 1901 2944 2941
f 1901 2941 1902
f 1902 2941 2942
f 2939 2943 2940
f 2940 2943 2944
f 1877 2945 1875
f 1875 2945 2946
f 2948 2949 1906
f 1906 2949 2950
f 3037 3036 2966
f 3037 2966 2961
f 2955 2964 2958
f 3036 2957 2966
f 2957 2960 979
f 2957 979 2966
f 2958 2964 2968
f 2961 2966 2967
f 2961 2967 2963
f 2966 979 2967
f 2964 2970 2968
f 2965 2973 958
f 2965 958 2971
f 2968 2970 2973
f 2970 2972 2973
f 2973 2972 897
f 2972 2974 897
f 897 2974 902
f 902 2974 896
f 897 958 2973
f 958 957 2971
f 2858 2953 2716
f 1797 2977 2858
f 1797 2984 2977
f 2984 2985 2977
f 2985 1939 3002
f 1939 1938 3002
f 1938 1936 3005
f 3005 1936 2980
f 1936 1934 2980
f 2980 1934 2986
f 1934 1932 2986
f 2980 2986 3006
f 1932 1930 2986
f 2986 1930 2981
f 2986 2981 3006
f 1930 1928 2981
f 2981 1928 2987
f 1928 1926 2987
f 2981 2987 2982
f 1926 1924 2987
f 2987 1924 2988
f 2987 2988 2982
f 1924 1922 2988
f 2982 2988 3007
f 1922 1920 2988
f 2988 1920 2989
f 2988 2989 3007
f 1920 1918 2989
f 2989 1918 3034
f 1918 1916 3034
f 3034 1916 2990
f 1916 1914 2990
f 2990 1914 2991
f 2990 2991 2983
f 1914 1912 2991
f 2983 2991 2951
f 1912 1910 2991
f 2991 1910 1908
f 2991 1908 2951
f 1908 2950 2951
f 2948 1906 2947
f 2947 1906 1904
f 2947 1904 2946
f 2946 1904 1876
f 2946 1876 1875
f 1902 2942 1877
f 1877 2942 2945
f 2940 1897 2938
f 2938 1897 3033
f 3033 1897 2992
f 2992 1897 1894
f 1892 1889 2935
f 3029 1884 1883
f 1883 2993 2994
f 2994 2995 3014
f 2994 2993 2995
f 2993 2996 2997
f 2993 2997 2995
f 2998 1882 3020
f 3020 1882 2929
f 1882 2801 2929
f 2800 2929 2801
f 2656 2928 3017
f 2800 3000 2929
f 3008 964 3019
f 3009 3008 3019
f 3009 3019 2935
f 3010 3009 2930
f 2930 3009 2935
f 967 3010 3011
f 3011 3010 2930
f 3012 967 3011
f 3012 3011 3025
f 2927 3012 3030
f 3030 3012 3025
f 3015 2927 3014
f 3014 2927 3030
f 3013 2927 3015
f 3015 3016 3013
f 3013 3016 2928
f 3015 3014 2995
f 3016 3017 2928
f 3016 3015 2995
f 2656 3017 3031
f 2656 3031 3020
f 3018 2932 2926
f 2926 2932 964
f 2932 3019 964
f 3017 3016 2997
f 2997 3016 2995
f 3000 2999 2929
f 3018 2933 2931
f 3019 2932 3022
f 2935 3019 3022
f 2999 3020 2929
f 3011 2930 3024
f 3011 3024 3025
f 3031 3017 2997
f 3018 2931 2934
f 2934 2931 3033
f 3021 3018 2934
f 3021 2934 2937
f 3022 3021 2937
f 2930 2935 3023
f 3023 2935 1889
f 3024 2930 3023
f 3024 3023 1889
f 3024 1889 1886
f 3025 3024 1886
f 3026 3025 3027
f 3027 3025 1884
f 1884 3025 1886
f 3026 3027 3028
f 3028 3027 3029
f 3029 3027 1884
f 3030 3026 3028
f 3032 2997 2996
f 3031 2997 3032
f 2994 3014 3030
f 2994 3030 3028
f 2994 3028 1883
f 1883 3028 3029
f 3020 3031 2998
f 2998 3031 3032
f 2937 2934 2992
f 2992 2934 3033
f 2951 2950 2956
f 2956 2950 2949
f 2951 2956 2958
f 2958 2956 2955
f 2951 2958 2968
f 2983 2952 2990
f 2990 2952 3034
f 3034 3035 2989
f 2989 3035 3007
f 2981 3004 3006
f 3005 3003 1938
f 1938 3003 3002
f 2983 2951 2959
f 2983 2959 2952
f 2979 2963 3038
f 2976 3001 2707
f 2976 2707 2715
f 2959 2951 2954
f 2954 2951 2968
f 3035 2957 3007
f 3007 2957 3036
f 3007 3036 2982
f 2982 3036 3004
f 2982 3004 2981
f 3006 2979 2980
f 2980 2979 3005
f 3005 3001 3003
f 3002 2975 2985
f 2985 2975 2977
f 3035 3034 2962
f 2962 3034 2952
f 2957 3035 2960
f 2960 3035 2962
f 3036 3037 3004
f 3004 3037 2979
f 3004 2979 3006
f 2979 3038 3005
f 3005 3038 3001
f 3001 2976 3003
f 3003 2976 2978
f 3003 2978 3002
f 3002 2978 2975
f 2858 2977 2953
f 2953 2977 2975
f 2959 2954 2973
f 2973 2954 2968
f 2952 2959 2965
f 2965 2959 2973
f 2962 2952 2971
f 2971 2952 2965
f 2960 2962 957
f 957 2962 2971
f 2963 2979 2961
f 2961 2979 3037
f 979 2960 2969
f 2969 2960 957
f 3001 3038 2963
f 2976 2715 2978
f 2978 2715 2975
f 2975 2715 2953
f 2702 3001 2963
f 2707 3001 2702
f 2947 2946 2482
f 2482 2946 2945
f 2482 2945 2483
f 2483 2945 2944
f 2944 2945 2942
f 2944 2942 2941
f 2483 2944 2943
f 2483 2943 2493
f 2493 2943 2939
f 2493 2939 2494
f 2494 2939 2938
f 2494 2938 2495
f 2938 2936 2495
f 2495 2936 2933
f 2495 2933 2492
f 2492 2933 2926
f 2492 2926 2925
f 2492 2925 2491
f 2491 2925 2490
f 2490 2925 2924
f 2490 2924 2489
f 2489 2924 975
f 2489 975 2500
f 2500 975 894
f 894 975 916
f 894 916 895
f 895 916 976
f 895 976 960
f 895 960 879
f 879 960 959
f 879 959 880
f 880 959 888
f 880 888 882
f 882 888 886
f 882 886 883
f 883 886 885
f 883 885 884
f 894 896 2500
f 2500 896 2499
f 2499 896 2498
f 2498 896 2974
f 2498 2974 2497
f 2497 2974 2972
f 2972 2496 2497
f 2496 2972 2970
f 2496 2970 2477
f 2477 2970 2964
f 2477 2964 2955
f 2477 2955 2956
f 2477 2956 2486
f 2486 2956 2949
f 2486 2949 2485
f 2485 2949 2948
f 2485 2948 2484
f 2484 2948 2947
f 2484 2947 2482
