v -0.0408102 -0.0278912 -0.0264343
v -0.0418482 -0.0279071 -0.0266276
v -0.0418422 -0.027896 -0.0266486
v -0.0416991 -0.027941 -0.026568
v -0.0417404 -0.0279309 -0.0265845
v -0.041502 -0.0279978 -0.0264892
v -0.0414279 -0.0280234 -0.0264596
v -0.0414483 -0.028014 -0.0264701
v -0.0413409 -0.0280569 -0.0264249
v -0.0412655 -0.0280359 -0.0264425
v -0.0413054 -0.0280718 -0.0264107
v -0.0411948 -0.0281238 -0.0263666
v -0.0411757 -0.028115 -0.0263731
v -0.0409474 -0.028289 -0.0262679
v -0.0432009 -0.0277254 -0.0288444
v -0.0430055 -0.0276153 -0.0285785
v -0.0422636 -0.0270595 -0.0280622
v -0.0436411 -0.0281496 -0.0279057
v -0.043684 -0.0281779 -0.0279213
v -0.0436416 -0.028176 -0.0279654
v -0.0426235 -0.0276653 -0.0277386
v -0.0438904 -0.0280353 -0.0275617
v -0.0439556 -0.0279774 -0.0274706
v -0.0427123 -0.0278194 -0.0269731
v -0.0423687 -0.0278069 -0.0269594
v -0.0424216 -0.0278309 -0.0268568
v -0.0407774 -0.0285852 -0.0262004
v -0.0404655 -0.0282293 -0.0262003
v -0.0405072 -0.0283024 -0.0262
v -0.0406008 -0.0284327 -0.0262004
v -0.0403563 -0.027971 -0.0262
v -0.0403694 -0.0279697 -0.026211
v -0.0402974 -0.0276534 -0.0262024
v -0.041036 -0.0269268 -0.0269451
v -0.0424251 -0.0266699 -0.0283375
v -0.0430189 -0.0269393 -0.0289325
v -0.0428054 -0.0269669 -0.0287118
v -0.0432982 -0.0272524 -0.0292095
v -0.0433282 -0.0271876 -0.0292429
v -0.0431844 -0.0270595 -0.0290985
v -0.0421626 -0.0278559 -0.0267532
v -0.0420502 -0.027851 -0.02676
v -0.0422786 -0.0278429 -0.0267996
v -0.0423289 -0.0278382 -0.0268197
v -0.0423364 -0.0278342 -0.0268375
v -0.0422249 -0.0278257 -0.0268493
v -0.0424938 -0.0278265 -0.0268857
v -0.0424979 -0.0278262 -0.0268873
v -0.0424953 -0.027823 -0.0269083
v -0.0426048 -0.0278217 -0.0269301
v -0.0426258 -0.02782 -0.026953
v -0.0426679 -0.0278201 -0.0269553
v -0.0427854 -0.0278192 -0.0270023
v -0.0428392 -0.0278197 -0.0270238
v -0.0429164 -0.0278227 -0.0270713
v -0.0430042 -0.0278251 -0.0270898
v -0.0430105 -0.0278254 -0.0270923
v -0.0419141 -0.0278199 -0.0268029
v -0.0423887 -0.0277932 -0.0270209
v -0.0425057 -0.0277896 -0.0271018
v -0.0420396 -0.0277966 -0.0268865
v -0.0424281 -0.0277664 -0.0271544
v -0.0421101 -0.0277791 -0.0269519
v -0.0421221 -0.0277513 -0.0270229
v -0.042993 -0.0278297 -0.0271329
v -0.0431487 -0.0278344 -0.0271476
v -0.0431777 -0.0278369 -0.0271592
v -0.0432912 -0.0278481 -0.0272046
v -0.0433436 -0.0278542 -0.0272256
v -0.0434997 -0.0278763 -0.0272881
v -0.0435064 -0.0278773 -0.0272908
v -0.0435442 -0.0278936 -0.0273308
v -0.0436341 -0.0279 -0.0273419
v -0.0436615 -0.0279054 -0.0273529
v -0.0436929 -0.0279221 -0.0273853
v -0.0437887 -0.0279332 -0.0274038
v -0.043949 -0.0279755 -0.027468
v -0.0439088 -0.0279739 -0.0274665
v -0.0438136 -0.0279392 -0.0274138
v -0.0433543 -0.0278627 -0.027254
v -0.0437734 -0.0279625 -0.0274547
v -0.0439547 -0.0280141 -0.0275199
v -0.0440914 -0.0280211 -0.027525
v -0.0427002 -0.0278165 -0.0270361
v -0.0430811 -0.0278404 -0.0271874
v -0.0431531 -0.0278577 -0.027274
v -0.0433278 -0.0278856 -0.0273422
v -0.0435075 -0.0279149 -0.027389
v -0.0440269 -0.0280547 -0.0275686
v -0.0441083 -0.0280449 -0.0275517
v -0.0440264 -0.0281143 -0.0276425
v -0.044077 -0.0280948 -0.027611
v -0.0441089 -0.0280814 -0.0275924
v -0.0482572 -0.029341 -0.0288902
v -0.0436652 -0.0279781 -0.0275047
v -0.0429137 -0.027831 -0.0272635
v -0.0428122 -0.0278191 -0.0271794
v -0.0426511 -0.0278085 -0.0270925
v -0.0433497 -0.0279093 -0.0274243
v -0.0432744 -0.0278851 -0.0273603
v -0.0438482 -0.0280757 -0.027635
v -0.0435753 -0.0279857 -0.0275513
v -0.0435391 -0.0279611 -0.0275027
v -0.043001 -0.0278426 -0.0272934
v -0.0437904 -0.0280729 -0.0276507
v -0.0433893 -0.0279289 -0.0274755
v -0.0436493 -0.0280344 -0.0276334
v -0.043319 -0.0279227 -0.0274983
v -0.0432223 -0.0278967 -0.027457
v -0.0430912 -0.027865 -0.0273993
v -0.0427718 -0.02781 -0.027253
v -0.0419099 -0.0277592 -0.0269173
v -0.0434622 -0.0279717 -0.0275755
v -0.0438652 -0.02816 -0.0277584
v -0.043784 -0.028121 -0.0277372
v -0.0435646 -0.0280585 -0.0277467
v -0.0435659 -0.0280298 -0.027672
v -0.0434367 -0.0279983 -0.0276852
v -0.043396 -0.0279742 -0.0276377
v -0.0433003 -0.0279429 -0.0276134
v -0.0431503 -0.0278937 -0.0275459
v -0.0431101 -0.0278766 -0.0274763
v -0.0429554 -0.0278415 -0.0274932
v -0.0428893 -0.0278258 -0.0273727
v -0.0437986 -0.0281711 -0.0278139
v -0.0437877 -0.0281724 -0.0278234
v -0.0436879 -0.0281257 -0.0278063
v -0.043713 -0.0281777 -0.0278926
v -0.0432221 -0.0279298 -0.0276968
v -0.0426246 -0.0277697 -0.0273255
v -0.0421968 -0.0277207 -0.0271316
v -0.0420484 -0.0277317 -0.0270279
v -0.041737 -0.0277324 -0.0268917
v -0.0421292 -0.0276099 -0.0273063
v -0.0419018 -0.0274996 -0.0273062
v -0.0422709 -0.027591 -0.0274811
v -0.042146 -0.0275618 -0.0274182
v -0.0424378 -0.0276254 -0.02759
v -0.0425374 -0.0275838 -0.0278089
v -0.0420548 -0.0276827 -0.0271175
v -0.0420263 -0.0276789 -0.0271209
v -0.0421623 -0.0276824 -0.0272016
v -0.0424373 -0.0277141 -0.0273431
v -0.0425686 -0.0277313 -0.0274357
v -0.0428176 -0.0277928 -0.0275546
v -0.0431668 -0.0279112 -0.0277248
v -0.0433667 -0.0280127 -0.0278644
v -0.0420585 -0.0276453 -0.0272018
v -0.0424429 -0.0276887 -0.0274164
v -0.0428863 -0.0278014 -0.0276984
v -0.0435473 -0.0280861 -0.0278509
v -0.0418502 -0.02764 -0.02708
v -0.0426291 -0.0277157 -0.0275829
v -0.0431599 -0.0279156 -0.0278314
v -0.0432556 -0.0279665 -0.02791
v -0.0435032 -0.0281135 -0.0280067
v -0.0434365 -0.02808 -0.0280291
v -0.0435109 -0.0281511 -0.0281198
v -0.0435741 -0.0281671 -0.0280413
v -0.0435601 -0.0281192 -0.0279322
v -0.0430885 -0.0278781 -0.0279115
v -0.0431313 -0.0278959 -0.0280099
v -0.0431952 -0.0279277 -0.028105
v -0.0430064 -0.0278162 -0.0280382
v -0.0433442 -0.0280275 -0.0280302
v -0.0426673 -0.027708 -0.0276727
v -0.0425026 -0.0275916 -0.0277395
v -0.0424834 -0.0275381 -0.027825
v -0.0418076 -0.0273769 -0.0273678
v -0.0417411 -0.0274542 -0.027238
v -0.0418129 -0.027549 -0.0271796
v -0.0413742 -0.027227 -0.0271359
v -0.0413504 -0.0271046 -0.0271769
v -0.0415522 -0.0268682 -0.027437
v -0.0416718 -0.0270063 -0.0275029
v -0.0402832 -0.0273634 -0.0262031
v -0.0422891 -0.0269346 -0.0281465
v -0.0425333 -0.0274808 -0.0279876
v -0.0425966 -0.0275445 -0.0279777
v -0.0428139 -0.0275699 -0.0282902
v -0.0428349 -0.0276687 -0.0281341
v -0.0429362 -0.0277594 -0.028083
v -0.0431001 -0.0278618 -0.0281931
v -0.0421706 -0.0274452 -0.0276167
v -0.0422486 -0.0273589 -0.0278005
v -0.0423469 -0.02734 -0.0279337
v -0.0425821 -0.0272559 -0.028308
v -0.042753 -0.0276244 -0.0280744
v -0.0427739 -0.0275947 -0.0281761
v -0.043043 -0.0277112 -0.0284985
v -0.0430798 -0.0277995 -0.0283901
v -0.0431808 -0.0279163 -0.0282651
v -0.0433787 -0.0280841 -0.028317
v -0.0431293 -0.0278406 -0.0284292
v -0.0430066 -0.0277431 -0.0283457
v -0.0429597 -0.0276203 -0.0284831
v -0.043031 -0.0278442 -0.0279219
v -0.0430598 -0.0275809 -0.0287169
v -0.0426644 -0.0273167 -0.0283592
v -0.042595 -0.0273986 -0.0281767
v -0.043352 -0.0280624 -0.0283647
v -0.043249 -0.0279662 -0.0283841
v -0.0432091 -0.0277939 -0.0287693
v -0.043153 -0.0277152 -0.0287449
v -0.042661 -0.027014 -0.0285347
v -0.0420934 -0.0267349 -0.0280014
v -0.0428504 -0.027278 -0.0286419
v -0.0431125 -0.0274997 -0.0288845
v -0.0430863 -0.027284 -0.0289539
v -0.0432774 -0.0273028 -0.0291809
v -0.0442833 -0.0282796 -0.0301899
v -0.0404102 -0.0281164 -0.0262
v -0.0413901 -0.0273893 -0.0270494
v -0.0409116 -0.0276572 -0.0265966
v -0.0410617 -0.0275339 -0.0267451
v -0.0410888 -0.0274361 -0.0268177
v -0.041179 -0.0273547 -0.0269224
v -0.041731 -0.0271105 -0.0275058
v -0.0402986 -0.027727 -0.026201
v -0.0405816 -0.0277208 -0.0263919
v -0.0406588 -0.027832 -0.0263963
v -0.040773 -0.027685 -0.0265119
v -0.0409454 -0.0274243 -0.0267275
v -0.0408474 -0.0274158 -0.0266657
v -0.0408988 -0.0272579 -0.0267557
v -0.0407968 -0.0284985 -0.026208
v -0.0408019 -0.028485 -0.02621
v -0.0408142 -0.0284576 -0.0262149
v -0.0408033 -0.0284329 -0.02622
v -0.0408328 -0.0283715 -0.0262363
v -0.0408496 -0.0283982 -0.026229
v -0.0408628 -0.0283801 -0.0262342
v -0.0408746 -0.028365 -0.0262389
v -0.0408762 -0.028363 -0.0262395
v -0.0409077 -0.0283276 -0.0262521
v -0.040883 -0.0283131 -0.0262575
v -0.0409347 -0.0283007 -0.0262628
v -0.040751 -0.0285889 -0.0262
v -0.040742 -0.0285287 -0.0262033
v -0.0407828 -0.028393 -0.026228
v -0.0410081 -0.0282389 -0.0262921
v -0.04093 -0.0282597 -0.0262799
v -0.0410614 -0.0282013 -0.0263133
v -0.0410719 -0.0281944 -0.0263175
v -0.0410953 -0.0281797 -0.0263268
v -0.0406421 -0.0284797 -0.0262008
v -0.0410762 -0.0281531 -0.0263434
v -0.040657 -0.0281369 -0.0262816
v -0.0411549 -0.028145 -0.0263506
v -0.0412429 -0.0281 -0.0263858
v -0.0411581 -0.0280793 -0.0263988
v -0.0407439 -0.0283444 -0.0262366
v -0.0412868 -0.0280799 -0.0264033
v -0.0410042 -0.0280721 -0.0263873
v -0.0408033 -0.0281547 -0.0263124
v -0.0408786 -0.0281812 -0.0263092
v -0.0407033 -0.028269 -0.0262532
v -0.0412959 -0.0279831 -0.0264919
v -0.0412695 -0.02792 -0.0265445
v -0.0410437 -0.0279861 -0.0264466
v -0.0409331 -0.0279691 -0.0264341
v -0.0406948 -0.0280494 -0.0263278
v -0.0415592 -0.0279798 -0.0265121
v -0.041526 -0.0279629 -0.0265325
v -0.0415599 -0.0279796 -0.0265124
v -0.0416181 -0.0279626 -0.0265356
v -0.0416717 -0.0279481 -0.026557
v -0.041665 -0.0279213 -0.0265963
v -0.0419336 -0.0278907 -0.0266617
v -0.0419134 -0.0278825 -0.0266787
v -0.0420012 -0.0278791 -0.0266887
v -0.0420693 -0.0278685 -0.0267159
v -0.0421382 -0.027859 -0.0267435
v -0.041453 -0.0279739 -0.0265148
v -0.0417267 -0.0277582 -0.0268504
v -0.0414729 -0.0277965 -0.0267184
v -0.0415728 -0.0278061 -0.0267358
v -0.0415767 -0.0278872 -0.0266341
v -0.0409172 -0.0278967 -0.0264701
v -0.0410986 -0.0278589 -0.0265507
v -0.0411489 -0.0277558 -0.0266436
v -0.0413962 -0.027758 -0.0267313
v -0.0413768 -0.0279206 -0.0265628
v -0.0414185 -0.0278442 -0.0266517
v -0.0416322 -0.0276756 -0.0269217
v -0.0417141 -0.027849 -0.0267114
v -0.0417763 -0.0278219 -0.026767
v -0.041289 -0.0276918 -0.0267524
v -0.0409484 -0.0277462 -0.0265668
v -0.0413529 -0.0276093 -0.0268506
v -0.0422809 -0.0271722 -0.0280138
v -0.0419283 -0.0272013 -0.0276239
v -0.0419056 -0.0273047 -0.0275224
v -0.0416306 -0.027306 -0.0272883
v -0.0414021 -0.0275364 -0.0269391
v -0.0406148 -0.0278896 -0.0263545
v -0.0439395 -0.0280816 -0.0276192
v -0.0439449 -0.0281406 -0.0276979
v -0.0434818 -0.0281408 -0.028159
v -0.0434077 -0.0280777 -0.0281151
v -0.0434526 -0.0281282 -0.0282002
v -0.0433995 -0.0280986 -0.0282821
v -0.0433497 -0.0280527 -0.0282519
v -0.0432115 -0.0278659 -0.0286357
v -0.0432464 -0.0279174 -0.0286116
v -0.0432752 -0.0279715 -0.0285301
v -0.0433105 -0.0280199 -0.0284476
v -0.0433271 -0.0280384 -0.028413
v -0.0433434 -0.0280546 -0.028381
v -0.0446911 -0.0293273 -0.0293748
v -0.044675 -0.0293272 -0.0294278
v -0.0446839 -0.0293272 -0.0300551
v -0.0447206 -0.0293274 -0.03019
v -0.0447166 -0.0293217 -0.03019
v -0.0446534 -0.0293271 -0.0298941
v -0.0446432 -0.0293271 -0.0297859
v -0.0446407 -0.0293271 -0.0297219
v -0.0446414 -0.0293271 -0.0296595
v -0.0446452 -0.0293271 -0.0295988
v -0.044652 -0.0293271 -0.0295399
v -0.044662 -0.0293272 -0.0294828
v -0.0447573 -0.0293276 -0.0292295
v -0.0447102 -0.0293274 -0.0293241
v -0.0447323 -0.0293275 -0.0292756
v -0.044816 -0.0293278 -0.0291447
v -0.0447852 -0.0293277 -0.0291859
v -0.0448495 -0.029328 -0.0291062
v -0.0448858 -0.0293281 -0.0290704
v -0.0449248 -0.0293283 -0.0290373
v -0.0449663 -0.0293285 -0.029007
v -0.0450104 -0.0293286 -0.0289796
v -0.0451058 -0.0293291 -0.0289335
v -0.0450569 -0.0293288 -0.0289551
v -0.0452102 -0.0293295 -0.0288993
v -0.0451569 -0.0293293 -0.0289149
v -0.0452656 -0.0293297 -0.0288868
v -0.045323 -0.02933 -0.0288774
v -0.0453822 -0.0293302 -0.028871
v -0.0454772 -0.0293306 -0.0288673
v -0.0442714 -0.0281127 -0.03019
v -0.0442747 -0.0282101 -0.03019
v -0.0442806 -0.0282748 -0.03019
v -0.0443675 -0.0286699 -0.03019
v -0.0444683 -0.0288971 -0.03019
v -0.044541 -0.0290397 -0.03019
v -0.0446239 -0.0291815 -0.03019
v -0.0442852 -0.0248937 -0.03019
v -0.0439622 -0.0243672 -0.0298648
v -0.0439045 -0.0243293 -0.0298069
v -0.0442072 -0.0246528 -0.030111
v -0.0441909 -0.0246224 -0.0300946
v -0.0441732 -0.0245927 -0.0300768
v -0.0441543 -0.0245638 -0.0300577
v -0.0441342 -0.0245358 -0.0300375
v -0.0441128 -0.0245086 -0.030016
v -0.0435106 -0.0242165 -0.0294125
v -0.0442482 -0.0247478 -0.0301524
v -0.0442359 -0.0247156 -0.03014
v -0.0442223 -0.0246839 -0.0301262
v -0.0437149 -0.0242473 -0.029617
v -0.0436478 -0.0242312 -0.0295498
v -0.0435795 -0.0242209 -0.0294815
v -0.0440668 -0.0244572 -0.0299697
v -0.0440164 -0.02441 -0.0299192
v -0.0442766 -0.0248474 -0.0301812
v -0.0442686 -0.0248138 -0.0301731
v -0.0442591 -0.0247806 -0.0301634
v -0.0438437 -0.0242966 -0.029746
v -0.0437804 -0.0242692 -0.0296826
v -0.0442831 -0.0248813 -0.0301879
v -0.0484073 -0.0293432 -0.03019
v -0.0482971 -0.0249127 -0.03019
v -0.0482852 -0.0249108 -0.03019
v -0.0483686 -0.0249378 -0.03019
v -0.0484033 -0.024964 -0.0301899
v -0.0484257 -0.0250395 -0.03019
v -0.0483195 -0.0248967 -0.0301883
v -0.0490377 -0.0245818 -0.0293774
v -0.0490122 -0.0245518 -0.0293376
v -0.049159 -0.0247541 -0.0292973
v -0.0492838 -0.0252411 -0.0292
v -0.0492828 -0.0251921 -0.0292098
v -0.0491461 -0.0250286 -0.0296995
v -0.0492051 -0.0250037 -0.029553
v -0.0482859 -0.0247651 -0.0301524
v -0.0482856 -0.024831 -0.0301731
v -0.0487612 -0.0249308 -0.0300676
v -0.0487379 -0.0244915 -0.0298084
v -0.0487929 -0.0244669 -0.0297197
v -0.0488156 -0.0243919 -0.0294354
v -0.0489532 -0.0244942 -0.0293491
v -0.0488212 -0.0250704 -0.0300436
v -0.048889 -0.0250802 -0.0299963
v -0.0490119 -0.0251028 -0.0298859
v -0.0492671 -0.0252049 -0.029381
v -0.049268 -0.0252059 -0.0293758
v -0.0492728 -0.0252118 -0.0293466
v -0.0492837 -0.0252374 -0.0292187
v -0.04925 -0.0251897 -0.0294564
v -0.0492603 -0.025161 -0.0294173
v -0.0491946 -0.0251584 -0.029612
v -0.0492175 -0.025112 -0.0295593
v -0.0492215 -0.0251716 -0.0295462
v -0.0492255 -0.0251738 -0.0295353
v -0.0492364 -0.0251551 -0.0295038
v -0.0492478 -0.0251881 -0.0294646
v -0.049137 -0.0250766 -0.02972
v -0.0491505 -0.0251408 -0.0296986
v -0.0490661 -0.0251155 -0.0298234
v -0.0491147 -0.0251291 -0.0297566
v -0.0489527 -0.025091 -0.0299437
v -0.0489882 -0.025068 -0.02991
v -0.0487747 -0.0250134 -0.0300708
v -0.0487196 -0.0249901 -0.0300985
v -0.0485976 -0.0250483 -0.0301496
v -0.0482853 -0.0248984 -0.0301879
v -0.0489346 -0.0244798 -0.0294157
v -0.0490507 -0.0246098 -0.02946
v -0.048898 -0.0244662 -0.0295181
v -0.0489897 -0.0245526 -0.02952
v -0.0490717 -0.024658 -0.0295161
v -0.0487497 -0.0243522 -0.0293773
v -0.0486756 -0.024317 -0.0293843
v -0.048714 -0.0243356 -0.0294532
v -0.0486339 -0.0243003 -0.0293876
v -0.0485997 -0.0242883 -0.02939
v -0.0485703 -0.0242809 -0.0294557
v -0.0485212 -0.0242656 -0.0293944
v -0.0484408 -0.0242494 -0.0293976
v -0.0483822 -0.0242418 -0.0293991
v -0.0482881 -0.0242369 -0.0294
v -0.0483372 -0.0242383 -0.0293998
v -0.0484506 -0.0242531 -0.0294699
v -0.0486832 -0.0243299 -0.0295052
v -0.0483471 -0.0242496 -0.0295333
v -0.0484008 -0.024264 -0.029573
v -0.0484563 -0.0242721 -0.0295693
v -0.0485109 -0.024283 -0.0295644
v -0.0485352 -0.0242991 -0.0296117
v -0.0487883 -0.0243897 -0.0295213
v -0.0488832 -0.0245965 -0.0297908
v -0.0489649 -0.0245902 -0.0296649
v -0.0488268 -0.0245254 -0.0297648
v -0.048814 -0.024446 -0.029642
v -0.0483543 -0.0242861 -0.0296681
v -0.0483678 -0.0243354 -0.0297775
v -0.0485696 -0.0243779 -0.0297789
v -0.04862 -0.0243569 -0.0297
v -0.0485481 -0.0243359 -0.0297009
v -0.0485059 -0.0243125 -0.02968
v -0.0483614 -0.0244241 -0.0299088
v -0.0483559 -0.0244591 -0.0299498
v -0.0484638 -0.0244312 -0.0298966
v -0.0482874 -0.0244083 -0.0298949
v -0.0483582 -0.0243777 -0.0298476
v -0.0482875 -0.0243734 -0.029847
v -0.0482878 -0.0243156 -0.029746
v -0.048288 -0.0242669 -0.029617
v -0.0490621 -0.0247234 -0.0296503
v -0.0489554 -0.0248302 -0.0298946
v -0.0489694 -0.0247565 -0.0298383
v -0.0490325 -0.0247542 -0.0297392
v -0.0490294 -0.0247106 -0.0297022
v -0.0488562 -0.0250328 -0.0300199
v -0.0489513 -0.024989 -0.0299417
v -0.0489217 -0.024909 -0.0299567
v -0.0488481 -0.0248617 -0.0299943
v -0.0487758 -0.0247501 -0.0300073
v -0.0488677 -0.0247777 -0.0299443
v -0.0488248 -0.0247025 -0.0299417
v -0.0488831 -0.0246604 -0.0298533
v -0.0488938 -0.024629 -0.0298119
v -0.0489305 -0.0249971 -0.0299612
v -0.0488517 -0.0244516 -0.0295865
v -0.0490048 -0.0246048 -0.0295945
v -0.0487775 -0.0246444 -0.0299424
v -0.0487253 -0.0247292 -0.0300176
v -0.0486613 -0.0247875 -0.0300782
v -0.0487002 -0.0248567 -0.0300812
v -0.0485895 -0.0246778 -0.0300571
v -0.0485216 -0.0246244 -0.0300525
v -0.0485989 -0.0245412 -0.0299557
v -0.0486072 -0.0245146 -0.029926
v -0.04831 -0.0244873 -0.0299808
v -0.0482871 -0.0244753 -0.0299697
v -0.048702 -0.0245052 -0.029856
v -0.0484826 -0.024556 -0.0300125
v -0.0485085 -0.0244392 -0.0299004
v -0.0483876 -0.0245686 -0.0300419
v -0.0484394 -0.0247344 -0.0301285
v -0.0487824 -0.0244044 -0.0295865
v -0.0487484 -0.024566 -0.0298856
v -0.0484741 -0.0248389 -0.0301579
v -0.0485657 -0.0249229 -0.0301538
v -0.0486407 -0.024949 -0.0301299
v -0.0487497 -0.0250618 -0.0300851
v -0.04851 -0.025043 -0.0301741
v -0.0484282 -0.0250097 -0.0301897
v -0.0483413 -0.0245424 -0.0300286
v -0.048675 -0.0250544 -0.0301205
v -0.0483785 -0.0248158 -0.0301642
v -0.0485864 -0.0250085 -0.0301524
v -0.048287 -0.0245026 -0.0299954
v -0.0482869 -0.0245265 -0.030016
v -0.0482866 -0.0245815 -0.0300577
v -0.0482864 -0.0246399 -0.0300946
v -0.0483362 -0.024663 -0.0301063
v -0.0482861 -0.0247012 -0.0301262
v -0.0492733 -0.0251149 -0.0293087
v -0.0492659 -0.0251002 -0.0293653
v -0.0492668 -0.0251475 -0.029385
v -0.0492744 -0.0251446 -0.0293249
v -0.0492238 -0.0249566 -0.0294547
v -0.0491635 -0.0249129 -0.0296055
v -0.0491195 -0.0249016 -0.0296906
v -0.0491414 -0.0249564 -0.0296813
v -0.049147 -0.0249404 -0.029657
v -0.0491646 -0.0250278 -0.0296628
v -0.0492382 -0.0250564 -0.0294737
v -0.0492791 -0.0252218 -0.0292966
v -0.0491995 -0.0249429 -0.0295285
v -0.0491889 -0.0251558 -0.0296245
v -0.0492192 -0.0250681 -0.02954
v -0.0491719 -0.0251076 -0.0296592
v -0.0490461 -0.0250927 -0.0298478
v -0.0490778 -0.0250689 -0.0298076
v -0.0490814 -0.0249603 -0.0297786
v -0.0492804 -0.0251559 -0.029217
v -0.0492817 -0.0251913 -0.0292725
v -0.0492793 -0.0251431 -0.0292196
v -0.0492797 -0.0251471 -0.0292188
v -0.0492352 -0.0249301 -0.0293179
v -0.049197 -0.024831 -0.029282
v -0.049265 -0.0250461 -0.029239
v -0.0492696 -0.0250678 -0.0292596
v -0.0492529 -0.0249924 -0.0292497
v -0.0492489 -0.0249774 -0.0292527
v -0.0492414 -0.0249509 -0.029258
v -0.0492689 -0.0250692 -0.0293016
v -0.0492512 -0.0250492 -0.0294117
v -0.0492173 -0.0248827 -0.0293299
v -0.0491553 -0.024748 -0.0293243
v -0.0491928 -0.0248226 -0.0293304
v -0.0492496 -0.0250163 -0.0293837
v -0.0491207 -0.0246907 -0.0293516
v -0.0491433 -0.0247266 -0.0293028
v -0.0490848 -0.0246377 -0.0293452
v -0.0490894 -0.0246447 -0.0293191
v -0.0489919 -0.0245332 -0.0294085
v -0.0490986 -0.0246875 -0.0294834
v -0.0491017 -0.0246674 -0.0293949
v -0.0488895 -0.0244415 -0.0293596
v -0.0491773 -0.0248076 -0.0294299
v -0.0492226 -0.0249494 -0.0294646
v -0.0488598 -0.0244206 -0.0294029
v -0.0488214 -0.0243939 -0.0293691
v -0.0490385 -0.0246614 -0.0296214
v -0.0491034 -0.0248571 -0.0296918
v -0.0491052 -0.0248389 -0.0296751
v -0.0491441 -0.0248253 -0.0295776
v -0.0491427 -0.0247905 -0.0295385
v -0.0482881 -0.024251 -0.0295498
v -0.0482881 -0.0242456 -0.029518
v -0.0482881 -0.024241 -0.0294815
v -0.0483457 -0.0242389 -0.0294306
v -0.049236 -0.0286365 -0.0294558
v -0.0485792 -0.0293439 -0.0301498
v -0.0484185 -0.0293432 -0.0301883
v -0.0484997 -0.0293436 -0.0301724
v -0.0486567 -0.0293442 -0.0301206
v -0.0487314 -0.0293446 -0.0300852
v -0.048803 -0.0293449 -0.0300438
v -0.0488709 -0.0293452 -0.0299965
v -0.0489347 -0.0293454 -0.0299438
v -0.0489939 -0.0293457 -0.029886
v -0.0490481 -0.0293459 -0.0298235
v -0.0490969 -0.0293461 -0.0297568
v -0.0491094 -0.0293462 -0.0297377
v -0.0491415 -0.0292123 -0.0296848
v -0.0491792 -0.0290265 -0.0296111
v -0.0491555 -0.0291475 -0.0296591
v -0.0492284 -0.0287026 -0.0294822
v -0.0492106 -0.0288354 -0.0295351
v -0.0491958 -0.0289312 -0.0295732
v -0.0491993 -0.0289093 -0.0295645
v -0.0492518 -0.0284722 -0.0293902
v -0.0492546 -0.028436 -0.0293757
v -0.0492665 -0.0282344 -0.0292951
v -0.049272 -0.0280042 -0.0292031
v -0.0492719 -0.0280246 -0.0292112
v -0.0492667 -0.0282304 -0.0292936
v -0.0491056 -0.0293462 -0.0297281
v -0.0487285 -0.0293445 -0.0291443
v -0.048997 -0.0293451 -0.0295009
v -0.0484073 -0.0293432 -0.0289333
v -0.0480722 -0.0279576 -0.0274147
v -0.0480723 -0.0279246 -0.0273545
v -0.0480727 -0.0278421 -0.0270238
v -0.0480715 -0.02813 -0.026385
v -0.0480719 -0.028022 -0.0275059
v -0.0480693 -0.0286417 -0.0262
v -0.0480696 -0.0285724 -0.026203
v -0.0480698 -0.0285297 -0.0262079
v -0.0480699 -0.0285036 -0.026212
v -0.04807 -0.0284621 -0.0262204
v -0.0480702 -0.0284359 -0.0262269
v -0.0480703 -0.0283959 -0.0262387
v -0.0480704 -0.0283697 -0.0262477
v -0.0480707 -0.0283055 -0.0262741
v -0.0480706 -0.0283315 -0.0262626
v -0.048071 -0.0282439 -0.0263059
v -0.0480711 -0.0282101 -0.0263265
v -0.0480709 -0.0282694 -0.0262919
v -0.0480714 -0.0281539 -0.026366
v -0.0480712 -0.0281852 -0.026343
v -0.0480716 -0.0281013 -0.0264101
v -0.0480717 -0.0280787 -0.0264317
v -0.0480718 -0.0280527 -0.0264587
v -0.0480719 -0.0280316 -0.0264826
v -0.0480721 -0.027989 -0.0265374
v -0.048072 -0.0280084 -0.0265112
v -0.0480722 -0.0279514 -0.0265957
v -0.0480722 -0.0279688 -0.0265673
v -0.0480723 -0.0279342 -0.0266266
v -0.0480724 -0.027919 -0.026657
v -0.0480725 -0.027892 -0.0267209
v -0.0480725 -0.0278808 -0.0267531
v -0.0480724 -0.0279048 -0.0266887
v -0.0480726 -0.0278624 -0.0268192
v -0.0480726 -0.0278706 -0.026787
v -0.0480726 -0.0278551 -0.0268546
v -0.0480727 -0.0278498 -0.0268868
v -0.0480727 -0.0278454 -0.0269233
v -0.0480727 -0.027843 -0.0269551
v -0.0480727 -0.0278418 -0.0269926
v -0.0480726 -0.0278579 -0.0271601
v -0.0480727 -0.0278525 -0.0271308
v -0.0480727 -0.0278471 -0.0270923
v -0.0480727 -0.0278441 -0.0270619
v -0.0480725 -0.0278968 -0.0272917
v -0.0480725 -0.0278869 -0.027265
v -0.0480726 -0.0278745 -0.0272267
v -0.0480726 -0.0278668 -0.0271987
v -0.0480724 -0.0279127 -0.0273294
v -0.0480723 -0.027944 -0.0273914
v -0.048072 -0.0279957 -0.0274719
v -0.0480721 -0.0279805 -0.0274504
v -0.0482125 -0.0280981 -0.0263954
v -0.0482364 -0.0278829 -0.0266832
v -0.0491638 -0.0273843 -0.0262
v -0.0489894 -0.0277198 -0.0262003
v -0.0482562 -0.0284437 -0.0262066
v -0.0481779 -0.0278585 -0.0272306
v -0.0481746 -0.027852 -0.0268311
v -0.0483342 -0.0282897 -0.0262456
v -0.048401 -0.0283675 -0.0262001
v -0.0487242 -0.0280482 -0.0262054
v -0.0485726 -0.0280462 -0.0263027
v -0.0489299 -0.0277948 -0.0262148
v -0.0485089 -0.0278881 -0.0265319
v -0.0486674 -0.0277942 -0.0265494
v -0.0488096 -0.0276744 -0.0265941
v -0.0491392 -0.0274267 -0.0262112
v -0.0481848 -0.0279527 -0.0274305
v -0.0486327 -0.0278863 -0.0275587
v -0.0491614 -0.0275761 -0.0280408
v -0.0492018 -0.027507 -0.0281082
v -0.0492336 -0.0274355 -0.0281778
v -0.0492565 -0.0273624 -0.0282491
v -0.0492705 -0.027288 -0.0283214
v -0.0492761 -0.0269945 -0.0281475
v -0.0492554 -0.0271748 -0.0279663
v -0.0492655 -0.0270859 -0.0279663
v -0.0492484 -0.0270898 -0.0277428
v -0.0491349 -0.0273909 -0.0277194
v -0.048997 -0.0276419 -0.0277257
v -0.0490021 -0.0275632 -0.027614
v -0.0488074 -0.0276857 -0.0274733
v -0.0487167 -0.027745 -0.0274485
v -0.0486219 -0.0278052 -0.027415
v -0.0484571 -0.0279018 -0.0274595
v -0.0492716 -0.0269088 -0.0276932
v -0.0483136 -0.0278356 -0.027226
v -0.0485764 -0.0277425 -0.0271298
v -0.0488884 -0.0275297 -0.0271213
v -0.0490229 -0.0273852 -0.0271425
v -0.0491361 -0.0272316 -0.02723
v -0.049163 -0.0272003 -0.0273707
v -0.0492654 -0.0269156 -0.027427
v -0.0492386 -0.0269847 -0.0273036
v -0.0486617 -0.0276899 -0.0269492
v -0.04927 -0.0268292 -0.0272088
v -0.0491661 -0.0271544 -0.0269965
v -0.049261 -0.0268768 -0.0268529
v -0.0484338 -0.0277964 -0.0268811
v -0.0488204 -0.0275986 -0.0268402
v -0.049073 -0.0273338 -0.0268942
v -0.0490604 -0.0273566 -0.0267669
v -0.0491695 -0.0271923 -0.0266322
v -0.049205 -0.0272549 -0.0262018
v -0.0484251 -0.0278303 -0.026743
v -0.0485802 -0.0277644 -0.026757
v -0.0489506 -0.0275715 -0.026496
v -0.0492668 -0.0269767 -0.0262004
v -0.0492749 -0.0268961 -0.0262
v -0.0492838 -0.0252411 -0.0262
v -0.0400759 -0.02695 -0.0262
v -0.0408061 -0.0321298 -0.0262
v -0.0408004 -0.0321306 -0.0262
v -0.0530499 -0.025 -0.0262
v -0.0492554 -0.025 -0.0262
v -0.0492683 -0.0250614 -0.0262
v -0.0407902 -0.0321387 -0.0262001
v -0.0382164 -0.0251584 -0.0262005
v -0.0518499 -0.0262 -0.0262
v -0.0492798 -0.025147 -0.0262
v -0.0492838 -0.0252333 -0.0262
v -0.0258499 -0.0446218 -0.0262
v -0.0367184 -0.0249536 -0.0262002
v -0.0258192 -0.025326 -0.0262001
v -0.0403929 -0.0325993 -0.0262001
v -0.0354121 -0.0260451 -0.0262
v -0.040272 -0.0329999 -0.0262
v -0.049241 -0.0355599 -0.0262
v -0.0492362 -0.0356461 -0.0262
v -0.0518499 -0.0446218 -0.0262
v -0.0352556 -0.027234 -0.0262
v -0.049224 -0.0357316 -0.0262
v -0.0492045 -0.0358158 -0.0262
v -0.0491777 -0.0358979 -0.0262
v -0.049144 -0.0359774 -0.0262
v -0.0491036 -0.0360537 -0.0262
v -0.0490567 -0.0361263 -0.0262
v -0.038456 -0.0285536 -0.0262
v -0.0410168 -0.0365169 -0.0262
v -0.037478 -0.0289515 -0.0262
v -0.0490038 -0.0361945 -0.0262
v -0.0489451 -0.0362579 -0.0262
v -0.0488812 -0.036316 -0.0262
v -0.038108 -0.0287566 -0.0262
v -0.0359669 -0.0286143 -0.0262
v -0.048069 -0.0321625 -0.0262
v -0.0488125 -0.0363684 -0.0262
v -0.0487396 -0.0364146 -0.0262
v -0.0486629 -0.0364544 -0.0262
v -0.0485831 -0.0364874 -0.0262
v -0.0485008 -0.0365134 -0.0262
v -0.0484165 -0.0365323 -0.0262
v -0.0483309 -0.0365437 -0.0262
v -0.0482446 -0.0365478 -0.0262
v -0.0482368 -0.0365478 -0.0262
v -0.049241 -0.035552 -0.0262
v -0.0405083 -0.0323982 -0.0262
v -0.0379502 -0.0288234 -0.0262
v -0.0407121 -0.0356785 -0.0262
v -0.0405625 -0.0351677 -0.0262
v -0.0404933 -0.0348909 -0.0262
v -0.0404022 -0.0344553 -0.0262
v -0.048206 -0.0322849 -0.0262019
v -0.0491199 -0.0333528 -0.0262006
v -0.0486015 -0.0326226 -0.0262003
v -0.0492083 -0.033634 -0.0262
v -0.0492442 -0.0338365 -0.0262
v -0.0492475 -0.0340293 -0.0276878
v -0.0492472 -0.0341023 -0.0265747
v -0.0492455 -0.0340766 -0.0271263
v -0.0480528 -0.0327865 -0.0274726
v -0.0480529 -0.0327607 -0.0275059
v -0.0480527 -0.0328243 -0.0274161
v -0.0481353 -0.0328028 -0.0274545
v -0.0480525 -0.0328572 -0.0273566
v -0.0482421 -0.0328644 -0.0273694
v -0.0480524 -0.0328849 -0.0272946
v -0.0481749 -0.0328823 -0.0273148
v -0.0480523 -0.0329072 -0.0272304
v -0.0481349 -0.0328972 -0.0272698
v -0.0480522 -0.032924 -0.0271645
v -0.0480522 -0.0329352 -0.0270975
v -0.0480522 -0.0329301 -0.0271327
v -0.0483683 -0.0329751 -0.0270562
v -0.0480522 -0.0329406 -0.0270297
v -0.0481365 -0.0329418 -0.0270614
v -0.0488405 -0.0328847 -0.0262001
v -0.0480553 -0.0322186 -0.0262035
v -0.0484644 -0.0325164 -0.0262114
v -0.0484103 -0.0324441 -0.0262007
v -0.0484718 -0.0326918 -0.0263215
v -0.0486902 -0.032878 -0.0263521
v -0.0488742 -0.033015 -0.0262916
v -0.0491638 -0.0335783 -0.0264077
v -0.0492093 -0.0336668 -0.0262845
v -0.0480548 -0.032338 -0.0262243
v -0.048055 -0.032287 -0.0262132
v -0.048055 -0.0322714 -0.0262104
v -0.0480547 -0.0323543 -0.0262287
v -0.0480545 -0.0324031 -0.0262438
v -0.0480544 -0.03242 -0.0262499
v -0.0480542 -0.0324663 -0.0262688
v -0.0480541 -0.0324836 -0.0262768
v -0.0480539 -0.0325272 -0.026299
v -0.0480539 -0.0325447 -0.026309
v -0.0480537 -0.0325852 -0.0263343
v -0.0482921 -0.0325007 -0.0262614
v -0.0480536 -0.0326028 -0.0263464
v -0.0480535 -0.0326401 -0.0263744
v -0.0480534 -0.0326574 -0.0263886
v -0.0480532 -0.0326914 -0.026419
v -0.0480532 -0.0327082 -0.0264354
v -0.048053 -0.0327387 -0.0264678
v -0.048053 -0.0327548 -0.0264864
v -0.0480529 -0.0327817 -0.0265205
v -0.0480528 -0.0327968 -0.0265413
v -0.0480527 -0.0328201 -0.0265766
v -0.0480526 -0.0328339 -0.0265995
v -0.0480525 -0.0328536 -0.0266357
v -0.0482236 -0.0327636 -0.0264654
v -0.0480525 -0.0328658 -0.0266608
v -0.0480524 -0.0328819 -0.0266975
v -0.0480524 -0.0328924 -0.0267245
v -0.0480523 -0.0329049 -0.0267615
v -0.0480523 -0.0329133 -0.0267903
v -0.0480523 -0.0329223 -0.0268271
v -0.0480522 -0.0329285 -0.0268577
v -0.0480522 -0.0329342 -0.0268941
v -0.0481825 -0.0329436 -0.0269295
v -0.0480522 -0.0329403 -0.0269618
v -0.0482349 -0.0329512 -0.0269942
v -0.0484711 -0.0328054 -0.0264371
v -0.0483212 -0.0328456 -0.0265587
v -0.0485606 -0.0329112 -0.0265104
v -0.0487508 -0.0330728 -0.0265683
v -0.0489811 -0.0332038 -0.0263598
v -0.0483568 -0.0329036 -0.0266615
v -0.0485592 -0.0329698 -0.0266131
v -0.048974 -0.0333019 -0.0265759
v -0.0483058 -0.0329468 -0.0268326
v -0.0488246 -0.0331848 -0.0267152
v -0.0492386 -0.033943 -0.0265628
v -0.0486678 -0.0330851 -0.0267683
v -0.048871 -0.0332673 -0.0269356
v -0.048969 -0.0333631 -0.0268351
v -0.0490847 -0.0335382 -0.0269308
v -0.0491988 -0.0337857 -0.0268823
v -0.04856 -0.0330527 -0.0269549
v -0.0492243 -0.0338807 -0.0270769
v -0.0486953 -0.0331196 -0.0271556
v -0.0488217 -0.0331785 -0.0273185
v -0.049003 -0.033387 -0.0272649
v -0.0483232 -0.0329391 -0.0272001
v -0.0485275 -0.0329961 -0.0272678
v -0.0491096 -0.0335238 -0.0274256
v -0.0492246 -0.0338776 -0.027254
v -0.0489704 -0.033265 -0.0275024
v -0.0491821 -0.0335772 -0.027722
v -0.0492361 -0.0337531 -0.027865
v -0.0485119 -0.0329541 -0.0273673
v -0.0486089 -0.0329353 -0.0274903
v -0.0490637 -0.0333275 -0.0276619
v -0.0492478 -0.0336741 -0.0282209
v -0.0488539 -0.0330434 -0.0276525
v -0.0486435 -0.0328609 -0.0276265
v -0.0486977 -0.0329086 -0.0276238
v -0.0489302 -0.0330397 -0.0277717
v -0.0491796 -0.0333079 -0.0280109
v -0.0480531 -0.0327147 -0.0275575
v -0.0483082 -0.0327945 -0.0275037
v -0.0489711 -0.033026 -0.0278563
v -0.0490345 -0.0330858 -0.0279142
v -0.0490905 -0.0331493 -0.0279758
v -0.0491386 -0.0332161 -0.0280405
v -0.0491783 -0.0332856 -0.028108
v -0.0492095 -0.0333573 -0.0281776
v -0.0492319 -0.0334307 -0.0282488
v -0.0492452 -0.0335051 -0.0283212
v -0.0348499 -0.0511 -0.0038
v -0.0336245 -0.0185 -0.0034
v -0.0360753 -0.0185 -0.0058
v -0.0336245 -0.0511 -0.014
v -0.0360753 -0.0511 -0.0116
v -0.0338696 -0.0174286 -0.01136
v -0.0323762 -0.0200353 -0.012816
v -0.0360753 -0.0185 -0.014
v -0.043216 -0.0496 0.0126
v -0.0436245 -0.0185 0.013
v -0.0460753 -0.0185 0.0106
v -0.0436245 -0.0511 0.0024
v -0.0458302 -0.0516 0.00504
v -0.0436245 -0.0185 0.0048
v -0.0460753 -0.0185 0.0024
v -0.0438696 -0.0521714 -0.00604
v -0.0423991 -0.0496 -0.0046
v -0.0460753 -0.0511 -0.0034
v -0.0436245 -0.0185 -0.0034
v -0.0460753 -0.0185 -0.0058
v -0.0368592 -0.0500286 -0.00833054
v -0.0482205 -0.0495798 -0.0154864
v -0.0448499 -0.0516 -0.0128
v -0.0268499 -0.025 0.0262
v -0.0268499 -0.0446 0.0262
v -0.0267628 -0.0446 0.0261962
v -0.0267628 -0.025 0.0261962
v -0.0266763 -0.0446 0.0261848
v -0.0266763 -0.025 0.0261848
v -0.0265911 -0.0446 0.0261659
v -0.0265911 -0.025 0.0261659
v -0.0265079 -0.0446 0.0261397
v -0.0265079 -0.025 0.0261397
v -0.0264273 -0.0446 0.0261063
v -0.0264273 -0.025 0.0261063
v -0.0263499 -0.0446 0.026066
v -0.0263499 -0.025 0.026066
v -0.0262763 -0.0446 0.0260192
v -0.0262763 -0.025 0.0260192
v -0.0262071 -0.0446 0.025966
v -0.0262071 -0.025 0.025966
v -0.0261428 -0.0446 0.0259071
v -0.0261428 -0.025 0.0259071
v -0.0260839 -0.0446 0.0258428
v -0.0260839 -0.025 0.0258428
v -0.0260308 -0.0446 0.0257736
v -0.0260308 -0.025 0.0257736
v -0.0259839 -0.0446 0.0257
v -0.0259839 -0.025 0.0257
v -0.0259436 -0.0446 0.0256226
v -0.0259436 -0.025 0.0256226
v -0.0259102 -0.0446 0.025542
v -0.0259102 -0.025 0.025542
v -0.025884 -0.0446 0.0254588
v -0.025884 -0.025 0.0254588
v -0.0258651 -0.0446 0.0253736
v -0.0258651 -0.025 0.0253736
v -0.0258537 -0.0446 0.0252872
v -0.0258537 -0.025 0.0252872
v -0.0258499 -0.0446 0.0252
v -0.0258506 -0.0230369 0.0250151
v -0.0529371 -0.0525962 0.0182
v -0.0538499 -0.0516 0.0182
v -0.0538499 -0.0516 -0.0174
v -0.0538461 -0.0516872 -0.0174
v -0.0529371 -0.0525962 -0.0174
v -0.0528499 -0.0526 0.0077
v -0.0538461 -0.0516872 0.0182
v -0.0538347 -0.0517736 -0.0174
v -0.0538347 -0.0517736 0.0182
v -0.0538158 -0.0518588 -0.0174
v -0.0538158 -0.0518588 0.0182
v -0.0537896 -0.051942 -0.0174
v -0.0537896 -0.051942 0.0182
v -0.0537562 -0.0520226 -0.0174
v -0.0537562 -0.0520226 0.0182
v -0.0537159 -0.0521 -0.0174
v -0.0537159 -0.0521 0.0182
v -0.0536691 -0.0521736 -0.0174
v -0.0536691 -0.0521736 0.0182
v -0.053616 -0.0522428 -0.0174
v -0.053616 -0.0522428 0.0182
v -0.053557 -0.0523071 -0.0174
v -0.053557 -0.0523071 0.0182
v -0.0534927 -0.052366 -0.0174
v -0.0534927 -0.052366 0.0182
v -0.0534235 -0.0524192 -0.0174
v -0.0534235 -0.0524192 0.0182
v -0.0533499 -0.052466 -0.0174
v -0.0533499 -0.052466 0.0182
v -0.0532725 -0.0525063 -0.0174
v -0.0532725 -0.0525063 0.0182
v -0.0531919 -0.0525397 -0.0174
v -0.0531919 -0.0525397 0.0182
v -0.0531087 -0.0525659 -0.0174
v -0.0531087 -0.0525659 0.0182
v -0.0530236 -0.0525848 -0.0174
v -0.0530236 -0.0525848 0.0182
v -0.0538499 -0.045058 0.0251866
v -0.0538461 -0.0446 0.0252872
v -0.0538347 -0.0446 0.0253736
v -0.0538158 -0.0446 0.0254588
v -0.0537896 -0.0446 0.025542
v -0.0537562 -0.0446 0.0256226
v -0.0537159 -0.0446 0.0257
v -0.0536691 -0.0446 0.0257736
v -0.053616 -0.0446 0.0258428
v -0.053557 -0.0446 0.0259071
v -0.0533182 -0.0460139 0.0260104
v -0.0534927 -0.0446 0.025966
v -0.0534235 -0.0446 0.0260192
v -0.0533499 -0.0446 0.026066
v -0.0532725 -0.0446 0.0261063
v -0.0531919 -0.0446 0.0261397
v -0.0531087 -0.0446 0.0261659
v -0.0530236 -0.0446 0.0261848
v -0.0529371 -0.0446 0.0261962
v -0.0529377 -0.0457596 0.0261199
v -0.0528499 -0.0446 0.0262
v -0.0528499 -0.0452972 0.0261696
v -0.0538313 -0.0455161 0.0254677
v -0.0538464 -0.0473209 0.0248548
v -0.0537858 -0.0468886 0.0252349
v -0.0537183 -0.0462144 0.0255273
v -0.053619 -0.0462483 0.0256707
v -0.0534265 -0.0462897 0.025843
v -0.053119 -0.0467136 0.0259016
v -0.0529625 -0.0472431 0.0257669
v -0.0535926 -0.0481502 0.0250464
v -0.0533823 -0.0478992 0.025343
v -0.0533674 -0.0487537 0.0249155
v -0.05292 -0.0483889 0.0252499
v -0.0537983 -0.0491218 0.0240052
v -0.0537579 -0.0485803 0.0244693
v -0.053672 -0.0486654 0.0245987
v -0.0531172 -0.0485093 0.0251598
v -0.0534924 -0.0491012 0.0245593
v -0.0530358 -0.0499642 0.0241739
v -0.0528499 -0.0491886 0.0247532
v -0.0538424 -0.0493912 0.0235167
v -0.053672 -0.0497148 0.0237955
v -0.0531163 -0.0501885 0.023905
v -0.0528499 -0.0497423 0.0243284
v -0.0536114 -0.0500495 0.0236012
v -0.0534264 -0.0505128 0.0233399
v -0.0528499 -0.0502569 0.0238569
v -0.0538491 -0.0507261 0.021727
v -0.0538462 -0.0502002 0.0225525
v -0.0538185 -0.0503474 0.0226447
v -0.0537388 -0.0505175 0.0227546
v -0.0528499 -0.0507284 0.0233423
v -0.0537075 -0.0507906 0.0225014
v -0.0532312 -0.0510685 0.0228163
v -0.0530248 -0.0513421 0.0224966
v -0.0528499 -0.0511532 0.0227886
v -0.0538124 -0.0510042 0.021688
v -0.0534385 -0.0516656 0.0215775
v -0.0528499 -0.0515282 0.0222
v -0.0537545 -0.0514764 0.0210358
v -0.0533249 -0.0516731 0.0217826
v -0.0529817 -0.0519905 0.0212622
v -0.0528499 -0.0518505 0.0215809
v -0.0538469 -0.0515931 0.019586
v -0.0538209 -0.0517211 0.0197089
v -0.0535837 -0.0515276 0.021664
v -0.0528499 -0.0521175 0.0209362
v -0.0537586 -0.0517682 0.0201296
v -0.0535267 -0.0520758 0.0202748
v -0.0533976 -0.0523557 0.019483
v -0.0532783 -0.0523229 0.0199157
v -0.0530693 -0.0524788 0.0195913
v -0.0422493 -0.0526372 0.0201614
v -0.0537093 -0.0520361 0.0193559
v -0.0536528 -0.0521165 0.0195079
v -0.0528499 -0.0525696 0.0188972
v -0.0538499 -0.025 0.0252
v -0.0538461 -0.025 0.0252872
v -0.0538347 -0.025 0.0253736
v -0.0538158 -0.025 0.0254588
v -0.0537896 -0.025 0.025542
v -0.0537562 -0.025 0.0256226
v -0.0537159 -0.025 0.0257
v -0.0536691 -0.025 0.0257736
v -0.053616 -0.025 0.0258428
v -0.053557 -0.025 0.0259071
v -0.0534927 -0.025 0.025966
v -0.0534235 -0.025 0.0260192
v -0.0533499 -0.025 0.026066
v -0.0532725 -0.025 0.0261063
v -0.0531919 -0.025 0.0261397
v -0.0531087 -0.025 0.0261659
v -0.0530236 -0.025 0.0261848
v -0.0529371 -0.025 0.0261962
v -0.0538499 -0.018 0.0182
v -0.0538461 -0.0179177 0.0187672
v -0.0538347 -0.0178264 0.0182
v -0.0537992 -0.0177496 0.0193835
v -0.0537896 -0.017658 0.0182
v -0.0537562 -0.0175774 0.0182
v -0.0537159 -0.0175 0.0182
v -0.0536691 -0.0174264 0.0182
v -0.053616 -0.0173572 0.0182
v -0.053557 -0.0172929 0.0182
v -0.0534927 -0.017234 0.0182
v -0.0534397 -0.0172676 0.0194647
v -0.0533499 -0.017134 0.0182
v -0.0532424 -0.0171417 0.0194093
v -0.0531919 -0.0170603 0.0182
v -0.0531087 -0.0170341 0.0182
v -0.0530356 -0.0170331 0.0187431
v -0.0529371 -0.0170038 0.0182
v -0.0538484 -0.0182087 0.0202594
v -0.0538088 -0.0180915 0.0206642
v -0.0536488 -0.0174853 0.0195137
v -0.0532826 -0.0173982 0.0204872
v -0.0528499 -0.0171215 0.0195892
v -0.0530358 -0.0175517 0.0211975
v -0.0528499 -0.0172726 0.0202706
v -0.0536424 -0.0183479 0.0219693
v -0.05359 -0.017901 0.0211334
v -0.0534981 -0.0178203 0.0211678
v -0.0534102 -0.0180185 0.0218263
v -0.0530794 -0.0177339 0.0215341
v -0.0528499 -0.0174825 0.0209362
v -0.0528499 -0.0177495 0.0215809
v -0.0538463 -0.018968 0.021967
v -0.0538003 -0.019215 0.0227364
v -0.0537579 -0.0187307 0.0221803
v -0.053233 -0.0181368 0.0221621
v -0.0528499 -0.0180718 0.0222
v -0.0532356 -0.0187061 0.023026
v -0.0531129 -0.0186738 0.0230516
v -0.0529817 -0.0186528 0.0230693
v -0.0528499 -0.0184468 0.0227886
v -0.0538561 -0.0197767 0.022916
v -0.0536458 -0.019381 0.0233384
v -0.0535287 -0.0192874 0.0234269
v -0.0533118 -0.0194946 0.0238814
v -0.0528499 -0.0188716 0.0233423
v -0.0529817 -0.0195947 0.0240975
v -0.0528499 -0.0193431 0.0238569
v -0.0538309 -0.0205674 0.023904
v -0.0537119 -0.0200656 0.0239039
v -0.0535262 -0.0200255 0.024127
v -0.0528499 -0.0198577 0.0243284
v -0.0534958 -0.0208184 0.0247537
v -0.0532751 -0.0207445 0.0248741
v -0.0530248 -0.0207034 0.0249421
v -0.0528499 -0.0204114 0.0247532
v -0.0538066 -0.0221712 0.0249614
v -0.0537405 -0.021827 0.0249691
v -0.0528499 -0.021 0.0251282
v -0.0535858 -0.0218687 0.025238
v -0.0531543 -0.0219467 0.0255638
v -0.0528499 -0.0216191 0.0254505
v -0.0538458 -0.022218 0.0247803
v -0.0528499 -0.0222638 0.0257175
v -0.0537107 -0.0236468 0.0256088
v -0.0535447 -0.0237486 0.0258436
v -0.0534981 -0.023313 0.0257835
v -0.0533294 -0.0235813 0.0259703
v -0.0530789 -0.0236499 0.0260835
v -0.0529386 -0.023267 0.0260138
v -0.0528499 -0.0229294 0.0259274
v -0.0538278 -0.0242697 0.0254103
v -0.0538046 -0.0237255 0.0253885
v -0.0528499 -0.0236108 0.0260785
v -0.0528499 -0.0243028 0.0261696
v -0.0273022 -0.0534665 -0.0206889
v -0.0538499 -0.0534665 -0.0206889
v -0.0538499 -0.0535262 -0.020723
v -0.0273619 -0.0535262 -0.020723
v -0.0538499 -0.0535828 -0.0207621
v -0.0274185 -0.0535828 -0.0207621
v -0.0538499 -0.0536358 -0.0208059
v -0.0274715 -0.0536358 -0.0208059
v -0.0538499 -0.0536848 -0.0208541
v -0.0275205 -0.0536848 -0.0208541
v -0.0538499 -0.0537296 -0.0209064
v -0.0275652 -0.0537296 -0.0209064
v -0.0538499 -0.0537696 -0.0209623
v -0.0538499 -0.0538047 -0.0210214
v -0.0276404 -0.0538047 -0.0210214
v -0.0276235 -0.0537878 -0.0209915
v -0.0276053 -0.0537696 -0.0209623
v -0.0275859 -0.0537502 -0.0209339
v -0.0538499 -0.0538347 -0.0210833
v -0.0538499 -0.0538591 -0.0211476
v -0.0276948 -0.0538591 -0.0211476
v -0.0276833 -0.0538476 -0.0211152
v -0.0276703 -0.0538347 -0.0210833
v -0.0276561 -0.0538204 -0.021052
v -0.0538499 -0.053878 -0.0212137
v -0.0538499 -0.0538911 -0.0212812
v -0.0277268 -0.0538911 -0.0212812
v -0.027721 -0.0538853 -0.0212473
v -0.0277137 -0.053878 -0.0212137
v -0.027705 -0.0538693 -0.0211805
v -0.0538499 -0.0538984 -0.0213496
v -0.0538499 -0.0538998 -0.0214184
v -0.0277355 -0.0538998 -0.0214184
v -0.0277355 -0.0538998 -0.021384
v -0.0277341 -0.0538984 -0.0213496
v -0.0277312 -0.0538955 -0.0213153
v -0.0538499 -0.0538953 -0.021487
v -0.0538499 -0.0538848 -0.021555
v -0.0277205 -0.0538848 -0.021555
v -0.0277265 -0.0538908 -0.0215211
v -0.0277309 -0.0538953 -0.021487
v -0.027734 -0.0538983 -0.0214527
v -0.0538499 -0.0538686 -0.0216218
v -0.0538499 -0.0538467 -0.021687
v -0.0276824 -0.0538467 -0.021687
v -0.0276941 -0.0538584 -0.0216546
v -0.0277043 -0.0538686 -0.0216218
v -0.0277132 -0.0538775 -0.0215886
v -0.0538499 -0.0538193 -0.0217501
v -0.0538499 -0.0537866 -0.0218106
v -0.0276223 -0.0537866 -0.0218106
v -0.0276393 -0.0538036 -0.0217807
v -0.027655 -0.0538193 -0.0217501
v -0.0276694 -0.0538337 -0.0217188
v -0.0275419 -0.0537062 -0.021922
v -0.0275638 -0.0537281 -0.0218955
v -0.0538499 -0.0537488 -0.021868
v -0.0275845 -0.0537488 -0.021868
v -0.027604 -0.0537683 -0.0218397
v -0.0538499 -0.0537062 -0.021922
v -0.0538499 -0.0536592 -0.0219721
v -0.0274948 -0.0536592 -0.0219721
v -0.0538499 -0.0536079 -0.0220181
v -0.0274436 -0.0536079 -0.0220181
v -0.0538499 -0.053553 -0.0220594
v -0.0273887 -0.053553 -0.0220594
v -0.0538499 -0.0534947 -0.0220959
v -0.0273304 -0.0534947 -0.0220959
v -0.0538499 -0.0534335 -0.0221272
v -0.0272692 -0.0534335 -0.0221272
v -0.0538499 -0.0533698 -0.0221531
v -0.0272055 -0.0533698 -0.0221531
v -0.0538499 -0.0533041 -0.0221735
v -0.0271398 -0.0533041 -0.0221735
v -0.0538499 -0.0532369 -0.0221882
v -0.0270726 -0.0532369 -0.0221882
v -0.0538499 -0.0531687 -0.022197
v -0.0270044 -0.0531687 -0.022197
v -0.0538499 -0.0531 -0.0222
v -0.0269357 -0.0531 -0.0222
v -0.0538499 -0.0531 -0.0174
v -0.0262763 -0.0524192 -0.0174
v -0.0269357 -0.0531 -0.0174
v -0.0262071 -0.052366 -0.0174
v -0.0261428 -0.0523071 -0.0174
v -0.0263499 -0.052466 -0.0174
v -0.0264273 -0.0525063 -0.0174
v -0.0265079 -0.0525397 -0.0174
v -0.0265911 -0.0525659 -0.0174
v -0.0266763 -0.0525848 -0.0174
v -0.0267628 -0.0525962 -0.0174
v -0.0398499 -0.0526 -0.0174
v -0.0528499 -0.0526 -0.0174
v -0.0538499 -0.0531687 -0.017403
v -0.0270044 -0.0531687 -0.017403
v -0.0538499 -0.0532369 -0.0174118
v -0.0270726 -0.0532369 -0.0174118
v -0.0538499 -0.0533041 -0.0174265
v -0.0271398 -0.0533041 -0.0174265
v -0.0538499 -0.0533698 -0.0174469
v -0.0272055 -0.0533698 -0.0174469
v -0.0538499 -0.0534335 -0.0174728
v -0.0272692 -0.0534335 -0.0174728
v -0.0538499 -0.0534947 -0.0175041
v -0.0273304 -0.0534947 -0.0175041
v -0.0538499 -0.053553 -0.0175406
v -0.0273887 -0.053553 -0.0175406
v -0.0538499 -0.0536079 -0.0175819
v -0.0274436 -0.0536079 -0.0175819
v -0.0538499 -0.0536592 -0.0176279
v -0.0274948 -0.0536592 -0.0176279
v -0.0538499 -0.0537062 -0.017678
v -0.0538499 -0.0537488 -0.017732
v -0.0538499 -0.0537866 -0.0177894
v -0.0276223 -0.0537866 -0.0177894
v -0.027604 -0.0537683 -0.0177603
v -0.0275845 -0.0537488 -0.017732
v -0.02755 -0.0537143 -0.0176871
v -0.0538499 -0.0538193 -0.0178499
v -0.0538499 -0.0538467 -0.017913
v -0.0276824 -0.0538467 -0.017913
v -0.0276694 -0.0538337 -0.0178812
v -0.027655 -0.0538193 -0.0178499
v -0.0276393 -0.0538036 -0.0178193
v -0.0538499 -0.0538686 -0.0179782
v -0.0538499 -0.0538848 -0.018045
v -0.0277205 -0.0538848 -0.018045
v -0.0277132 -0.0538775 -0.0180114
v -0.0277043 -0.0538686 -0.0179782
v -0.0276941 -0.0538584 -0.0179454
v -0.0538499 -0.0538953 -0.018113
v -0.0538499 -0.0538998 -0.0181816
v -0.0277355 -0.0538998 -0.0181816
v -0.027734 -0.0538983 -0.0181473
v -0.0277309 -0.0538953 -0.018113
v -0.0277265 -0.0538908 -0.0180789
v -0.0538499 -0.0538984 -0.0182504
v -0.0538499 -0.0538911 -0.0183188
v -0.0277268 -0.0538911 -0.0183188
v -0.0277312 -0.0538955 -0.0182847
v -0.0277341 -0.0538984 -0.0182504
v -0.0277355 -0.0538998 -0.018216
v -0.0538499 -0.053878 -0.0183863
v -0.0538499 -0.0538591 -0.0184524
v -0.0276948 -0.0538591 -0.0184524
v -0.027705 -0.0538693 -0.0184195
v -0.0277137 -0.053878 -0.0183863
v -0.027721 -0.0538853 -0.0183527
v -0.0538499 -0.0538347 -0.0185167
v -0.0538499 -0.0538047 -0.0185786
v -0.0276404 -0.0538047 -0.0185786
v -0.0276561 -0.0538204 -0.018548
v -0.0276703 -0.0538347 -0.0185167
v -0.0276833 -0.0538476 -0.0184848
v -0.0275652 -0.0537296 -0.0186936
v -0.0275859 -0.0537502 -0.0186661
v -0.0538499 -0.0537696 -0.0186377
v -0.0276053 -0.0537696 -0.0186377
v -0.0276235 -0.0537878 -0.0186085
v -0.0538499 -0.0537296 -0.0186936
v -0.0538499 -0.0536848 -0.0187459
v -0.0275205 -0.0536848 -0.0187459
v -0.0538499 -0.0536358 -0.0187941
v -0.0274715 -0.0536358 -0.0187941
v -0.0538499 -0.0535828 -0.0188379
v -0.0274185 -0.0535828 -0.0188379
v -0.0538499 -0.0535262 -0.018877
v -0.0273619 -0.0535262 -0.018877
v -0.0538499 -0.0534665 -0.0189111
v -0.0273022 -0.0534665 -0.0189111
v -0.0538499 -0.0534342 -0.0189376
v -0.0272754 -0.0534397 -0.0189313
v -0.0538499 -0.0534397 -0.0189313
v -0.0272814 -0.0534457 -0.0189254
v -0.0538499 -0.0534457 -0.0189254
v -0.0272879 -0.0534522 -0.01892
v -0.0538499 -0.0534522 -0.01892
v -0.0272949 -0.0534592 -0.0189153
v -0.0538499 -0.0534592 -0.0189153
v -0.0538499 -0.0534292 -0.0189444
v -0.0272673 -0.0534316 -0.0189409
v -0.0272699 -0.0534342 -0.0189376
v -0.0538499 -0.0534248 -0.0189516
v -0.0272626 -0.0534269 -0.0189479
v -0.0272649 -0.0534292 -0.0189444
v -0.0538499 -0.053421 -0.0189591
v -0.0272585 -0.0534228 -0.0189553
v -0.0272605 -0.0534248 -0.0189516
v -0.0538499 -0.0534179 -0.0189669
v -0.0272551 -0.0534194 -0.018963
v -0.0272567 -0.053421 -0.0189591
v -0.0538499 -0.0534155 -0.018975
v -0.0272523 -0.0534166 -0.0189709
v -0.0272536 -0.0534179 -0.0189669
v -0.0538499 -0.0534137 -0.0189832
v -0.0272502 -0.0534145 -0.0189791
v -0.0272512 -0.0534155 -0.018975
v -0.0538499 -0.0534127 -0.0189916
v -0.0272488 -0.0534131 -0.0189874
v -0.0272494 -0.0534137 -0.0189832
v -0.0538499 -0.0534123 -0.019
v -0.0272481 -0.0534124 -0.0189958
v -0.0272484 -0.0534127 -0.0189916
v -0.0538499 -0.0534127 -0.0190084
v -0.0272481 -0.0534124 -0.0190042
v -0.027248 -0.0534123 -0.019
v -0.0538499 -0.0534137 -0.0190168
v -0.0272488 -0.0534131 -0.0190126
v -0.0272484 -0.0534127 -0.0190084
v -0.0538499 -0.0534155 -0.019025
v -0.0272502 -0.0534145 -0.0190209
v -0.0272494 -0.0534137 -0.0190168
v -0.0538499 -0.0534179 -0.0190331
v -0.0272523 -0.0534166 -0.0190291
v -0.0272512 -0.0534155 -0.019025
v -0.0538499 -0.053421 -0.0190409
v -0.0272551 -0.0534194 -0.019037
v -0.0272536 -0.0534179 -0.0190331
v -0.0538499 -0.0534248 -0.0190484
v -0.0272585 -0.0534228 -0.0190447
v -0.0272567 -0.053421 -0.0190409
v -0.0538499 -0.0534292 -0.0190556
v -0.0272626 -0.0534269 -0.0190521
v -0.0272605 -0.0534248 -0.0190484
v -0.0272699 -0.0534342 -0.0190624
v -0.0272661 -0.0534304 -0.0190573
v -0.0538499 -0.0534342 -0.0190624
v -0.0538499 -0.0534397 -0.0190687
v -0.0272754 -0.0534397 -0.0190687
v -0.0538499 -0.0534457 -0.0190746
v -0.0272814 -0.0534457 -0.0190746
v -0.0538499 -0.0534522 -0.0190799
v -0.0272879 -0.0534522 -0.0190799
v -0.0538499 -0.0534592 -0.0190847
v -0.0272949 -0.0534592 -0.0190847
v -0.0538499 -0.0534665 -0.0190889
v -0.0273022 -0.0534665 -0.0190889
v -0.0538499 -0.053525 -0.0191222
v -0.0273607 -0.053525 -0.0191222
v -0.0538499 -0.0535805 -0.0191604
v -0.0274162 -0.0535805 -0.0191604
v -0.0538499 -0.0536326 -0.0192031
v -0.0274683 -0.0536326 -0.0192031
v -0.0538499 -0.053681 -0.01925
v -0.0275167 -0.053681 -0.01925
v -0.0538499 -0.0537252 -0.0193008
v -0.0275609 -0.0537252 -0.0193008
v -0.0538499 -0.0537649 -0.0193552
v -0.0538499 -0.0538 -0.0194127
v -0.0276357 -0.0538 -0.0194127
v -0.0276188 -0.0537831 -0.0193836
v -0.0276006 -0.0537649 -0.0193552
v -0.0275813 -0.0537456 -0.0193276
v -0.0538499 -0.0538301 -0.019473
v -0.0538499 -0.053855 -0.0195356
v -0.0276907 -0.053855 -0.0195356
v -0.0276789 -0.0538432 -0.019504
v -0.0276658 -0.0538301 -0.019473
v -0.0276514 -0.0538157 -0.0194425
v -0.0538499 -0.0538746 -0.0196
v -0.0538499 -0.0538887 -0.0196659
v -0.0277244 -0.0538887 -0.0196659
v -0.027718 -0.0538823 -0.0196328
v -0.0277103 -0.0538746 -0.0196
v -0.0277012 -0.0538655 -0.0195676
v -0.0538499 -0.0538972 -0.0197327
v -0.0538499 -0.0539 -0.0198
v -0.0277357 -0.0539 -0.0198
v -0.027735 -0.0538993 -0.0197663
v -0.0277329 -0.0538972 -0.0197327
v -0.0277293 -0.0538936 -0.0196992
v -0.0538499 -0.0538972 -0.0198673
v -0.0538499 -0.0538887 -0.0199341
v -0.0277244 -0.0538887 -0.0199341
v -0.0277293 -0.0538936 -0.0199008
v -0.0277329 -0.0538972 -0.0198673
v -0.027735 -0.0538993 -0.0198337
v -0.0538499 -0.0538746 -0.02
v -0.0538499 -0.053855 -0.0200644
v -0.0276907 -0.053855 -0.0200644
v -0.0277012 -0.0538655 -0.0200324
v -0.0277103 -0.0538746 -0.02
v -0.027718 -0.0538823 -0.0199672
v -0.0538499 -0.0538301 -0.020127
v -0.0538499 -0.0538 -0.0201873
v -0.0276357 -0.0538 -0.0201873
v -0.0276514 -0.0538157 -0.0201575
v -0.0276658 -0.0538301 -0.020127
v -0.0276789 -0.0538432 -0.020096
v -0.0275609 -0.0537252 -0.0202992
v -0.0275813 -0.0537456 -0.0202724
v -0.0538499 -0.0537649 -0.0202448
v -0.0276006 -0.0537649 -0.0202448
v -0.0276188 -0.0537831 -0.0202164
v -0.0538499 -0.0537252 -0.0202992
v -0.0538499 -0.053681 -0.02035
v -0.0275167 -0.053681 -0.02035
v -0.0538499 -0.0536326 -0.0203969
v -0.0274683 -0.0536326 -0.0203969
v -0.0538499 -0.0535805 -0.0204396
v -0.0274162 -0.0535805 -0.0204396
v -0.0538499 -0.053525 -0.0204778
v -0.0273607 -0.053525 -0.0204778
v -0.0538499 -0.0534665 -0.0205111
v -0.0273022 -0.0534665 -0.0205111
v -0.0492495 -0.0249771 -0.0262
v -0.0492235 -0.0248948 -0.0261993
v -0.0491905 -0.024815 -0.0261979
v -0.0491507 -0.0247383 -0.0261957
v -0.0491044 -0.0246654 -0.026193
v -0.0490521 -0.0245967 -0.0261898
v -0.048994 -0.0245328 -0.0261863
v -0.0489306 -0.0244741 -0.0261827
v -0.0488623 -0.0244212 -0.026179
v -0.0487898 -0.0243743 -0.0261755
v -0.0487135 -0.0243339 -0.0261722
v -0.0486402 -0.0243025 -0.0261695
v -0.048634 -0.0243002 -0.0261693
v -0.0485518 -0.0242734 -0.0261669
v -0.0484677 -0.0242539 -0.0261651
v -0.0483822 -0.0242417 -0.026164
v -0.048296 -0.0242369 -0.0261635
v -0.0482881 -0.0242369 -0.0261635
v -0.0402819 -0.0241995 -0.0261763
v -0.0402935 -0.0246381 -0.0261946
v -0.053747 -0.0243029 -0.0261696
v -0.0258499 -0.0243028 -0.0261696
v -0.0258699 -0.017801 -0.0216892
v -0.0538486 -0.0179498 -0.0219809
v -0.053846 -0.0179119 -0.0219093
v -0.0258538 -0.0179119 -0.0219093
v -0.0258512 -0.0179498 -0.0219809
v -0.0538499 -0.018 -0.022073
v -0.0258652 -0.0178257 -0.0217397
v -0.0538346 -0.0178257 -0.0217397
v -0.0538299 -0.017801 -0.0216892
v -0.0258818 -0.0177494 -0.0215807
v -0.053818 -0.0177494 -0.0215807
v -0.0538155 -0.0177401 -0.0215607
v -0.053789 -0.0176563 -0.0213734
v -0.0537558 -0.0175764 -0.0211818
v -0.0259761 -0.0175137 -0.0210205
v -0.025944 -0.0175764 -0.0211818
v -0.0537158 -0.0174997 -0.0209831
v -0.0259114 -0.0176547 -0.0213697
v -0.0259102 -0.0176579 -0.021377
v -0.0537237 -0.0175137 -0.0210205
v -0.0258843 -0.0177401 -0.0215607
v -0.0260953 -0.0173438 -0.02052
v -0.0260839 -0.0173572 -0.0205637
v -0.0536159 -0.0173572 -0.0205637
v -0.0536354 -0.0173811 -0.0206397
v -0.0536045 -0.0173438 -0.02052
v -0.0535562 -0.0172921 -0.020342
v -0.0261436 -0.0172921 -0.020342
v -0.0535359 -0.0172724 -0.0202698
v -0.0261639 -0.0172724 -0.0202698
v -0.0260645 -0.0173811 -0.0206397
v -0.0537055 -0.0174823 -0.0209359
v -0.0536686 -0.0174257 -0.0207749
v -0.0260312 -0.0174257 -0.0207749
v -0.0259943 -0.0174823 -0.0209359
v -0.0259841 -0.0174997 -0.0209831
v -0.053423 -0.0171805 -0.0198899
v -0.0533492 -0.0171335 -0.0196556
v -0.0263507 -0.0171335 -0.0196556
v -0.0263723 -0.0171215 -0.0195887
v -0.0534537 -0.0172028 -0.01999
v -0.0262768 -0.0171805 -0.0198899
v -0.0262461 -0.0172028 -0.01999
v -0.053492 -0.0172334 -0.0201183
v -0.0262078 -0.0172334 -0.0201183
v -0.0533276 -0.0171215 -0.0195887
v -0.0532751 -0.0170949 -0.0194285
v -0.0264247 -0.0170949 -0.0194285
v -0.0532725 -0.0170937 -0.0194207
v -0.0531914 -0.0170601 -0.0191789
v -0.0531084 -0.017034 -0.0189367
v -0.0264273 -0.0170937 -0.0194207
v -0.0265084 -0.0170601 -0.0191789
v -0.0528559 -0.017 -0.0182169
v -0.0513402 -0.0169996 -0.018305
v -0.053094 -0.0170301 -0.0188944
v -0.0530234 -0.0170152 -0.0186923
v -0.0529369 -0.0170038 -0.0184462
v -0.0398499 -0.017 -0.0182
v -0.0266051 -0.0170304 -0.0188971
v -0.0265914 -0.017034 -0.0189367
v -0.0267629 -0.0170038 -0.0184462
v -0.0266764 -0.0170152 -0.0186923
v -0.026626 -0.0170254 -0.0188368
v -0.0258499 -0.0236108 -0.0260785
v -0.0538499 -0.0236108 -0.0260785
v -0.0258499 -0.018 -0.022073
v -0.0258499 -0.0180718 -0.0222
v -0.0538499 -0.0180718 -0.0222
v -0.0258499 -0.0184468 -0.0227886
v -0.0538499 -0.0184468 -0.0227886
v -0.0258499 -0.0188716 -0.0233423
v -0.0538499 -0.0188716 -0.0233423
v -0.0258499 -0.0193431 -0.0238569
v -0.0538499 -0.0193431 -0.0238569
v -0.0258499 -0.0198577 -0.0243284
v -0.0538499 -0.0198577 -0.0243284
v -0.0258499 -0.0204114 -0.0247532
v -0.0538499 -0.0204114 -0.0247532
v -0.0258499 -0.021 -0.0251282
v -0.0538499 -0.021 -0.0251282
v -0.0258499 -0.0216191 -0.0254505
v -0.0538499 -0.0216191 -0.0254505
v -0.0258499 -0.0222638 -0.0257175
v -0.0538499 -0.0222638 -0.0257175
v -0.0258499 -0.0229294 -0.0259274
v -0.0538499 -0.0229294 -0.0259274
v -0.0261428 -0.0523071 -0.0222
v -0.0272484 -0.0534127 -0.0205916
v -0.0272481 -0.0534124 -0.0205958
v -0.0272879 -0.0534522 -0.02068
v -0.0272814 -0.0534457 -0.0206746
v -0.0272949 -0.0534592 -0.0206847
v -0.0272949 -0.0534592 -0.0205153
v -0.027248 -0.0534123 -0.0206
v -0.0272481 -0.0534124 -0.0206042
v -0.0272484 -0.0534127 -0.0206084
v -0.0272502 -0.0534145 -0.0205791
v -0.0272494 -0.0534137 -0.0205832
v -0.0272488 -0.0534131 -0.0205874
v -0.0272488 -0.0534131 -0.0206126
v -0.0272494 -0.0534137 -0.0206168
v -0.0272502 -0.0534145 -0.0206209
v -0.0272512 -0.0534155 -0.020625
v -0.0272523 -0.0534166 -0.0206291
v -0.0272536 -0.0534179 -0.0206331
v -0.0272754 -0.0534397 -0.0206687
v -0.0272551 -0.0534194 -0.020637
v -0.0272567 -0.053421 -0.0206409
v -0.0272585 -0.0534228 -0.0206447
v -0.0272605 -0.0534248 -0.0206484
v -0.0272626 -0.0534269 -0.0206521
v -0.0272661 -0.0534304 -0.0206574
v -0.0272699 -0.0534342 -0.0206624
v -0.0272551 -0.0534194 -0.020563
v -0.0272536 -0.0534179 -0.0205669
v -0.0272523 -0.0534166 -0.0205709
v -0.0272512 -0.0534155 -0.020575
v -0.0272605 -0.0534248 -0.0205516
v -0.0272585 -0.0534228 -0.0205553
v -0.0272567 -0.053421 -0.0205591
v -0.0272673 -0.0534316 -0.0205409
v -0.0272649 -0.0534292 -0.0205444
v -0.0272626 -0.0534269 -0.0205479
v -0.0272879 -0.0534522 -0.0205201
v -0.0272814 -0.0534457 -0.0205254
v -0.0272754 -0.0534397 -0.0205313
v -0.0272699 -0.0534342 -0.0205376
v -0.0538499 -0.0534342 -0.0205376
v -0.0538499 -0.0534397 -0.0205313
v -0.0538499 -0.0534457 -0.0205254
v -0.0538499 -0.0534522 -0.0205201
v -0.0538499 -0.0534592 -0.0205153
v -0.0538499 -0.0534292 -0.0205444
v -0.0538499 -0.0534248 -0.0205516
v -0.0538499 -0.053421 -0.0205591
v -0.0538499 -0.0534179 -0.0205669
v -0.0538499 -0.0534155 -0.020575
v -0.0538499 -0.0534137 -0.0205832
v -0.0538499 -0.0534127 -0.0205916
v -0.0538499 -0.0534123 -0.0206
v -0.0538499 -0.0534127 -0.0206084
v -0.0538499 -0.0534137 -0.0206168
v -0.0538499 -0.0534155 -0.020625
v -0.0538499 -0.0534179 -0.0206331
v -0.0538499 -0.053421 -0.0206409
v -0.0538499 -0.0534248 -0.0206484
v -0.0538499 -0.0534292 -0.0206556
v -0.0538499 -0.0534342 -0.0206624
v -0.0538499 -0.0534397 -0.0206687
v -0.0538499 -0.0534457 -0.0206746
v -0.0538499 -0.0534522 -0.02068
v -0.0538499 -0.0534592 -0.0206847
v -0.0258499 -0.0516 0.0182
v -0.0258565 -0.0517254 0.0187419
v -0.0258537 -0.0516872 0.0182
v -0.0258651 -0.0517736 0.0182
v -0.025884 -0.0518588 0.0182
v -0.0259102 -0.051942 0.0182
v -0.0259706 -0.0519967 0.0195239
v -0.0259436 -0.0520226 0.0182
v -0.0259839 -0.0521 0.0182
v -0.0260308 -0.0521736 0.0182
v -0.0260839 -0.0522428 0.0182
v -0.0261388 -0.0522844 0.0188012
v -0.0262071 -0.052366 0.0182
v -0.0262763 -0.0524192 0.0182
v -0.0265511 -0.0525679 0.018653
v -0.0263499 -0.052466 0.0182
v -0.0264273 -0.0525063 0.0182
v -0.0265079 -0.0525397 0.0182
v -0.0265911 -0.0525659 0.0182
v -0.0266763 -0.0525848 0.0182
v -0.0267628 -0.0525962 0.0182
v -0.0267843 -0.0525292 0.0193018
v -0.0258573 -0.0514656 0.020314
v -0.0262599 -0.0521093 0.0204816
v -0.026358 -0.0520122 0.0210632
v -0.0266141 -0.0523274 0.0202459
v -0.0258946 -0.051095 0.021604
v -0.0259456 -0.0517361 0.0203978
v -0.0260808 -0.051671 0.0211205
v -0.0268499 -0.0521175 0.0209362
v -0.0265349 -0.0515971 0.0220785
v -0.0268499 -0.0518505 0.0215809
v -0.025851 -0.0504858 0.0221185
v -0.0259803 -0.0506718 0.0226504
v -0.0260473 -0.050625 0.0228871
v -0.0261614 -0.0514578 0.0218364
v -0.0262854 -0.0511697 0.0224661
v -0.0268499 -0.0515282 0.0222
v -0.0268499 -0.0511532 0.0227886
v -0.0258581 -0.0503067 0.0225378
v -0.0262216 -0.0504054 0.0233944
v -0.0268499 -0.0507284 0.0233423
v -0.0263471 -0.0499229 0.0240033
v -0.0264869 -0.0504699 0.0235938
v -0.0267103 -0.0505208 0.0236232
v -0.0268499 -0.0502569 0.0238569
v -0.025882 -0.0497188 0.0234015
v -0.0259408 -0.0491343 0.0240856
v -0.0260999 -0.048967 0.0245216
v -0.0261736 -0.0495745 0.0241271
v -0.0268499 -0.0497423 0.0243284
v -0.026385 -0.0488469 0.0248593
v -0.0267025 -0.0483548 0.0252963
v -0.0268499 -0.0491886 0.0247532
v -0.0258528 -0.0482822 0.0242956
v -0.0259214 -0.0480307 0.0247463
v -0.0260505 -0.0478308 0.0251031
v -0.0268499 -0.0486 0.0251282
v -0.0262599 -0.0470381 0.0256599
v -0.0265057 -0.0476442 0.0255431
v -0.0268499 -0.0479809 0.0254505
v -0.0258519 -0.0467849 0.0249283
v -0.0258813 -0.0468109 0.025121
v -0.0259953 -0.0462204 0.0255861
v -0.0268499 -0.0473362 0.0257175
v -0.0260808 -0.0462634 0.0256674
v -0.0265394 -0.0458782 0.026076
v -0.0267181 -0.0463324 0.02601
v -0.0268499 -0.0466706 0.0259274
v -0.0258647 -0.0454281 0.0253762
v -0.0268499 -0.0459892 0.0260785
v -0.0261626 -0.0458104 0.025856
v -0.0268499 -0.0452972 0.0261696
v -0.0259128 -0.023691 0.0255184
v -0.0263789 -0.0243191 0.0260752
v -0.0267476 -0.0240026 0.0261431
v -0.0258763 -0.0227283 0.0251061
v -0.0259456 -0.0228022 0.0253361
v -0.026204 -0.0233227 0.025791
v -0.0264229 -0.0226954 0.0257994
v -0.0265414 -0.0229396 0.0259015
v -0.0268499 -0.0236108 0.0260785
v -0.0267181 -0.0225953 0.0258298
v -0.0268499 -0.0229294 0.0259274
v -0.0260808 -0.0220794 0.025271
v -0.0268499 -0.0222638 0.0257175
v -0.0266319 -0.0213128 0.0252865
v -0.0268499 -0.0216191 0.0254505
v -0.0258535 -0.021233 0.024232
v -0.0259016 -0.0204782 0.0240053
v -0.0259419 -0.0210197 0.0244693
v -0.0260278 -0.0209346 0.0245987
v -0.0261973 -0.0214986 0.0251692
v -0.0263157 -0.0204076 0.0245827
v -0.0263877 -0.0210564 0.0250313
v -0.0268499 -0.021 0.0251282
v -0.0265028 -0.0201654 0.0245052
v -0.026675 -0.0201341 0.0245434
v -0.0268499 -0.0204114 0.0247532
v -0.0258565 -0.0202134 0.023515
v -0.0262219 -0.0195183 0.0237483
v -0.0268499 -0.0198577 0.0243284
v -0.0264247 -0.0191662 0.0235498
v -0.026675 -0.0191065 0.023602
v -0.0268499 -0.0193431 0.0238569
v -0.0258506 -0.0188737 0.0217221
v -0.0258536 -0.0193998 0.0225524
v -0.0258813 -0.0192525 0.0226447
v -0.0259788 -0.0195533 0.0234048
v -0.0260621 -0.018683 0.0224867
v -0.0261118 -0.0191204 0.023135
v -0.0268499 -0.0188716 0.0233423
v -0.0262733 -0.0184008 0.0224096
v -0.0265057 -0.0182971 0.0224731
v -0.0267182 -0.0182535 0.0224991
v -0.0268499 -0.0184468 0.0227886
v -0.0259891 -0.0181939 0.0214246
v -0.0268499 -0.0180718 0.0222
v -0.0261397 -0.0178748 0.0211583
v -0.0263471 -0.0177261 0.021217
v -0.0265893 -0.0176322 0.0212538
v -0.0267192 -0.0173017 0.0204741
v -0.0268499 -0.0177495 0.0215809
v -0.0258567 -0.0186087 0.0214807
v -0.0258724 -0.0181199 0.0203969
v -0.025983 -0.0175541 0.0195583
v -0.0268499 -0.0174825 0.0209362
v -0.0260278 -0.0176007 0.0198499
v -0.0263715 -0.0171866 0.0195116
v -0.0264247 -0.0172729 0.0199162
v -0.0268499 -0.0172726 0.0202706
v -0.0258552 -0.0179624 0.0193966
v -0.0268499 -0.0171215 0.0195892
v -0.0267628 -0.0170342 0.0188969
v -0.0268499 -0.0170304 0.0188972
v -0.0258499 -0.018 0.0182
v -0.0258537 -0.0179128 0.0182
v -0.0258651 -0.0178264 0.0182
v -0.025884 -0.0177412 0.0182
v -0.0259102 -0.017658 0.0182
v -0.0259436 -0.0175774 0.0182
v -0.0259839 -0.0175 0.0182
v -0.0260308 -0.0174264 0.0182
v -0.0260839 -0.0173572 0.0182
v -0.0261428 -0.0172929 0.0182
v -0.0262071 -0.017234 0.0182
v -0.0262763 -0.0171808 0.0182
v -0.0263499 -0.017134 0.0182
v -0.0264273 -0.0170937 0.0182
v -0.0265079 -0.0170603 0.0182
v -0.0265911 -0.0170341 0.0182
v -0.0266763 -0.0170152 0.0182
v -0.0267628 -0.0170038 0.0182
v -0.0348174 -0.0176638 0.0142287
v -0.0260839 -0.0522428 -0.0222
v -0.0268499 -0.0526 -0.0174
v -0.0268499 -0.0526 0.0077
v -0.0268499 -0.0526 -0.0005
v -0.0260308 -0.0521736 -0.0222
v -0.0259839 -0.0521 -0.0222
v -0.0259436 -0.0520226 -0.0222
v -0.0259102 -0.051942 -0.0222
v -0.025884 -0.0518588 -0.0222
v -0.0258651 -0.0517736 -0.0222
v -0.0258537 -0.0516872 -0.0222
v -0.0258499 -0.0516 -0.0222
v -0.0268499 -0.020019 -0.0186358
v -0.0267628 -0.0199962 -0.0182
v -0.0261206 -0.0198095 -0.0185865
v -0.0266763 -0.0199848 -0.0182
v -0.0265911 -0.0199659 -0.0182
v -0.0265079 -0.0199397 -0.0182
v -0.0264273 -0.0199063 -0.0182
v -0.0263499 -0.019866 -0.0182
v -0.0262763 -0.0198192 -0.0182
v -0.0262071 -0.019766 -0.0182
v -0.0261428 -0.0197071 -0.0182
v -0.0260839 -0.0196428 -0.0182
v -0.0260308 -0.0195736 -0.0182
v -0.0259839 -0.0195 -0.0182
v -0.0259436 -0.0194226 -0.0182
v -0.0259102 -0.019342 -0.0182
v -0.025884 -0.0192588 -0.0182
v -0.0258651 -0.0191736 -0.0182
v -0.0258537 -0.0190872 -0.0182
v -0.0258512 -0.0191662 -0.0195546
v -0.0258499 -0.019 -0.0182
v -0.0268499 -0.020076 -0.0190682
v -0.0267249 -0.0202025 -0.0197137
v -0.0266121 -0.0201823 -0.0197218
v -0.0264804 -0.020143 -0.0197346
v -0.0263798 -0.0200985 -0.019751
v -0.0262547 -0.0200234 -0.0197747
v -0.0261668 -0.0199536 -0.0197998
v -0.0260646 -0.0198479 -0.0198333
v -0.0259951 -0.019752 -0.0198678
v -0.0258949 -0.0195598 -0.0199525
v -0.0258626 -0.0193055 -0.0194566
v -0.0268499 -0.0201704 -0.0194941
v -0.0268499 -0.0203015 -0.0199101
v -0.0268499 -0.0204685 -0.0203131
v -0.0258564 -0.0201023 -0.0214319
v -0.0268499 -0.0206699 -0.0207
v -0.0264339 -0.0209461 -0.0213143
v -0.0262128 -0.0208374 -0.0214004
v -0.0260405 -0.0206832 -0.0215017
v -0.0259256 -0.0202628 -0.0212261
v -0.0268499 -0.0209042 -0.0210679
v -0.0268499 -0.0211698 -0.0214139
v -0.0259444 -0.0210085 -0.0221014
v -0.0258515 -0.0213005 -0.0229345
v -0.0268499 -0.0214645 -0.0217355
v -0.0266798 -0.0210055 -0.0212665
v -0.0258813 -0.0213188 -0.0226232
v -0.0268499 -0.0217861 -0.0220302
v -0.0266354 -0.0222918 -0.0224532
v -0.0264023 -0.0222475 -0.0225276
v -0.0262547 -0.0222 -0.0226052
v -0.0261134 -0.0217599 -0.0224286
v -0.0268499 -0.0221321 -0.0222958
v -0.0260041 -0.021826 -0.0226632
v -0.0268499 -0.0225 -0.0225301
v -0.0261215 -0.0228536 -0.023078
v -0.0259583 -0.0222301 -0.023014
v -0.0258831 -0.0225186 -0.0233841
v -0.0268499 -0.0228869 -0.0227315
v -0.0268499 -0.0232899 -0.0228985
v -0.0264271 -0.0234689 -0.0230603
v -0.0262405 -0.0232189 -0.0230918
v -0.025948 -0.0230749 -0.0234267
v -0.0258527 -0.0234939 -0.0239313
v -0.0268499 -0.0237059 -0.0230296
v -0.0262737 -0.0241454 -0.0233148
v -0.0260883 -0.0240601 -0.0234829
v -0.0258828 -0.0239774 -0.0238404
v -0.0258726 -0.0234904 -0.0237834
v -0.0268499 -0.0241318 -0.023124
v -0.0266305 -0.0239284 -0.0231283
v -0.0268499 -0.0245642 -0.023181
v -0.0259581 -0.0243026 -0.0237001
v -0.0268499 -0.025 -0.0232
v -0.0267628 -0.025 -0.0232038
v -0.0266763 -0.025 -0.0232152
v -0.0265911 -0.025 -0.0232341
v -0.0265079 -0.025 -0.0232603
v -0.0264273 -0.025 -0.0232937
v -0.0263499 -0.025 -0.023334
v -0.0262763 -0.025 -0.0233808
v -0.0262071 -0.025 -0.023434
v -0.0261428 -0.025 -0.0234929
v -0.0260839 -0.025 -0.0235572
v -0.0260308 -0.025 -0.0236264
v -0.0259839 -0.025 -0.0237
v -0.0259436 -0.025 -0.0237774
v -0.0259102 -0.025 -0.023858
v -0.025884 -0.025 -0.0239412
v -0.0258651 -0.025 -0.0240264
v -0.0258537 -0.025 -0.0241128
v -0.0268499 -0.02 0.0182
v -0.0268499 -0.02 0.0077
v -0.0267628 -0.0199962 0.0182
v -0.0268499 -0.02 -0.0005
v -0.0268499 -0.02 -0.0087
v -0.0266763 -0.0199848 0.0182
v -0.0265911 -0.0199659 0.0182
v -0.0265079 -0.0199397 0.0182
v -0.0264273 -0.0199063 0.0182
v -0.0263499 -0.019866 0.0182
v -0.0262763 -0.0198192 0.0182
v -0.0262071 -0.019766 0.0182
v -0.0261428 -0.0197071 0.0182
v -0.0260839 -0.0196428 0.0182
v -0.0260308 -0.0195736 0.0182
v -0.0259839 -0.0195 0.0182
v -0.0259436 -0.0194226 0.0182
v -0.0259102 -0.019342 0.0182
v -0.025884 -0.0192588 0.0182
v -0.0258651 -0.0191736 0.0182
v -0.0258537 -0.0190872 0.0182
v -0.0258499 -0.019 0.0182
v -0.0268499 -0.025 0.0232
v -0.0268499 -0.0245642 0.023181
v -0.0267628 -0.025 0.0232038
v -0.0266763 -0.025 0.0232152
v -0.0265911 -0.025 0.0232341
v -0.0265079 -0.025 0.0232603
v -0.0264273 -0.025 0.0232937
v -0.0263499 -0.025 0.023334
v -0.0262763 -0.025 0.0233808
v -0.0262392 -0.0242485 0.0233637
v -0.0261428 -0.025 0.0234929
v -0.0260839 -0.025 0.0235572
v -0.02589 -0.0245991 0.0238287
v -0.0260308 -0.025 0.0236264
v -0.0259839 -0.025 0.0237
v -0.0259436 -0.025 0.0237774
v -0.0259102 -0.025 0.023858
v -0.025884 -0.025 0.0239412
v -0.0258651 -0.025 0.0240264
v -0.0258537 -0.025 0.0241128
v -0.0258499 -0.025 0.0242
v -0.0268499 -0.0241318 0.023124
v -0.0266558 -0.0237403 0.0230967
v -0.0264685 -0.0238991 0.0231586
v -0.0262128 -0.0234163 0.0232062
v -0.0261038 -0.0233796 0.023308
v -0.025911 -0.023764 0.0237245
v -0.0258591 -0.023633 0.0238874
v -0.0258515 -0.0240103 0.0240535
v -0.0268499 -0.0237059 0.0230296
v -0.0268499 -0.0232899 0.0228985
v -0.0264392 -0.0233419 0.0230231
v -0.0268499 -0.0228869 0.0227315
v -0.0258561 -0.0225923 0.0235473
v -0.0268499 -0.0225 0.0225301
v -0.0266885 -0.0219545 0.0222087
v -0.0265091 -0.0218802 0.0222103
v -0.0263269 -0.0218486 0.0222995
v -0.0260968 -0.0224872 0.0230065
v -0.0260066 -0.0220589 0.0228072
v -0.025921 -0.0229967 0.0234999
v -0.0258527 -0.0215777 0.0230377
v -0.0268499 -0.0221321 0.0222958
v -0.0259285 -0.0216029 0.0226697
v -0.0268499 -0.0217861 0.0220302
v -0.0260336 -0.0212084 0.0220858
v -0.0258817 -0.0210735 0.0224223
v -0.0268499 -0.0214645 0.0217355
v -0.0258519 -0.0206243 0.0222113
v -0.0268499 -0.0211698 0.0214139
v -0.0265336 -0.0207179 0.0209238
v -0.0264023 -0.0206724 0.0209525
v -0.026233 -0.021377 0.0220324
v -0.0261118 -0.0209224 0.0216229
v -0.0259631 -0.0206299 0.0216057
v -0.0259222 -0.0207066 0.0218573
v -0.0268499 -0.0209042 0.0210679
v -0.0266763 -0.0210192 0.021254
v -0.0261179 -0.0205287 0.0210865
v -0.0258554 -0.0201438 0.0214801
v -0.0268499 -0.0206699 0.0207
v -0.0261879 -0.020192 0.0203297
v -0.0259784 -0.0202296 0.0209555
v -0.0258531 -0.0197641 0.0209321
v -0.0268499 -0.0204685 0.0203131
v -0.0259285 -0.0198232 0.0203723
v -0.0268499 -0.0203015 0.0199101
v -0.0265911 -0.0201966 0.0197137
v -0.0263877 -0.0201963 0.0199488
v -0.0259563 -0.0196596 0.0197058
v -0.0258652 -0.0195104 0.0201242
v -0.0258515 -0.0194359 0.0202696
v -0.0268499 -0.0201704 0.0194941
v -0.0266599 -0.020386 0.0202164
v -0.0263065 -0.0199227 0.0191478
v -0.0268499 -0.020076 0.0190682
v -0.0261482 -0.0198811 0.0195794
v -0.0259532 -0.0195084 0.0189672
v -0.0258499 -0.0190912 0.0192419
v -0.0268499 -0.020019 0.0186358
v -0.0267245 -0.0200367 0.018892
v -0.0265023 -0.0199806 0.0188439
v -0.0258572 -0.0191849 0.0189273
v -0.0266763 -0.0442152 0.0232152
v -0.0267194 -0.0442086 0.0232086
v -0.0267628 -0.0442038 0.0232038
v -0.0268063 -0.044201 0.023201
v -0.0268499 -0.0442 0.0232
v -0.0265079 -0.0442603 0.0232603
v -0.0265492 -0.0442463 0.0232463
v -0.0265911 -0.0442341 0.0232341
v -0.0266335 -0.0442237 0.0232237
v -0.0263499 -0.044334 0.023334
v -0.0263882 -0.044313 0.023313
v -0.0264273 -0.0442937 0.0232937
v -0.0264672 -0.0442761 0.0232761
v -0.0262071 -0.044434 0.023434
v -0.0262411 -0.0444066 0.0234066
v -0.0262763 -0.0443808 0.0233808
v -0.0263126 -0.0443566 0.0233566
v -0.0261428 -0.0444929 0.0234929
v -0.0260839 -0.0445572 0.0235572
v -0.0260308 -0.0446264 0.0236264
v -0.0259839 -0.0447 0.0237
v -0.0259436 -0.0447774 0.0237774
v -0.0259102 -0.044858 0.023858
v -0.025884 -0.0449412 0.0239412
v -0.0258651 -0.0450264 0.0240264
v -0.0258537 -0.0451128 0.0241128
v -0.0258499 -0.0452 0.0242
v -0.0262071 -0.044434 0.015634
v -0.0261428 -0.0444929 0.0156929
v -0.0260839 -0.0445572 0.0157572
v -0.0260308 -0.0446264 0.0158264
v -0.0259839 -0.0447 0.0159
v -0.0259436 -0.0447774 0.0159774
v -0.0259102 -0.044858 0.016058
v -0.025884 -0.0449412 0.0161412
v -0.0258651 -0.0450264 0.0162264
v -0.0258537 -0.0451128 0.0163128
v -0.0258499 -0.0452 0.0164
v -0.0268499 -0.0442 0.0154
v -0.0268063 -0.044201 0.015401
v -0.0267628 -0.0442038 0.0154038
v -0.0267194 -0.0442086 0.0154086
v -0.0266763 -0.0442152 0.0154152
v -0.0266335 -0.0442237 0.0154237
v -0.0265911 -0.0442341 0.0154341
v -0.0265492 -0.0442463 0.0154463
v -0.0265079 -0.0442603 0.0154603
v -0.0264672 -0.0442761 0.0154761
v -0.0264273 -0.0442937 0.0154937
v -0.0263882 -0.044313 0.015513
v -0.0263499 -0.044334 0.015534
v -0.0263126 -0.0443566 0.0155566
v -0.0262763 -0.0443808 0.0155808
v -0.0262411 -0.0444066 0.0156066
v -0.0258499 -0.0506 0.0164
v -0.0258537 -0.0505128 0.0163128
v -0.0258651 -0.0504264 0.0162264
v -0.025884 -0.0503412 0.0161412
v -0.0259102 -0.050258 0.016058
v -0.0259436 -0.0501774 0.0159774
v -0.0259839 -0.0501 0.0159
v -0.0260308 -0.0500264 0.0158264
v -0.0260839 -0.0499572 0.0157572
v -0.0261428 -0.0498929 0.0156929
v -0.0262071 -0.049834 0.015634
v -0.0262411 -0.0498066 0.0156066
v -0.0262763 -0.0497808 0.0155808
v -0.0263126 -0.0497566 0.0155566
v -0.0263499 -0.049734 0.015534
v -0.0263882 -0.049713 0.015513
v -0.0264273 -0.0496937 0.0154937
v -0.0264672 -0.0496761 0.0154761
v -0.0265079 -0.0496603 0.0154603
v -0.0265492 -0.0496463 0.0154463
v -0.0265911 -0.0496341 0.0154341
v -0.0266335 -0.0496237 0.0154237
v -0.0266763 -0.0496152 0.0154152
v -0.0267194 -0.0496086 0.0154086
v -0.0267628 -0.0496038 0.0154038
v -0.0268063 -0.049601 0.015401
v -0.0268499 -0.0496 0.0154
v -0.0268063 -0.049601 -0.016401
v -0.0268499 -0.0496 -0.0164
v -0.0268499 -0.0496 -0.0087
v -0.0262071 -0.049834 -0.016634
v -0.0261428 -0.0498929 -0.0166929
v -0.0260839 -0.0499572 -0.0167572
v -0.0260308 -0.0500264 -0.0168264
v -0.0259839 -0.0501 -0.0169
v -0.0259436 -0.0501774 -0.0169774
v -0.0259102 -0.050258 -0.017058
v -0.025884 -0.0503412 -0.0171412
v -0.0258651 -0.0504264 -0.0172264
v -0.0258537 -0.0505128 -0.0173128
v -0.0258499 -0.0506 -0.0174
v -0.0262411 -0.0498066 -0.0166066
v -0.0262763 -0.0497808 -0.0165808
v -0.0263126 -0.0497566 -0.0165566
v -0.0263499 -0.049734 -0.016534
v -0.0263882 -0.049713 -0.016513
v -0.0264273 -0.0496937 -0.0164937
v -0.0264672 -0.0496761 -0.0164761
v -0.0265079 -0.0496603 -0.0164603
v -0.0265492 -0.0496463 -0.0164463
v -0.0265911 -0.0496341 -0.0164341
v -0.0266335 -0.0496237 -0.0164237
v -0.0266763 -0.0496152 -0.0164152
v -0.0267194 -0.0496086 -0.0164086
v -0.0267628 -0.0496038 -0.0164038
v -0.0268499 -0.0496 0.0148
v -0.0268499 -0.0496 -0.0005
v -0.0268499 -0.0496 0.0077
v -0.0265908 -0.046024 -0.0164342
v -0.0265075 -0.0460953 -0.0164604
v -0.026427 -0.0461724 -0.0164938
v -0.0263498 -0.0462552 -0.016534
v -0.0262763 -0.0463435 -0.0165809
v -0.0261946 -0.0464554 -0.0166446
v -0.0262069 -0.0464374 -0.0166341
v -0.0258499 -0.0475779 -0.0174
v -0.0258499 -0.0475706 -0.0173948
v -0.0258535 -0.0474586 -0.0173157
v -0.0258537 -0.0474546 -0.0173129
v -0.0258569 -0.0474112 -0.0172822
v -0.0258651 -0.047332 -0.0172265
v -0.0258752 -0.0472603 -0.0171762
v -0.0258839 -0.0472106 -0.0171414
v -0.0259102 -0.0470905 -0.017058
v -0.0259125 -0.0470815 -0.0170518
v -0.0259434 -0.0469734 -0.0169777
v -0.0259604 -0.0469225 -0.0169432
v -0.0259689 -0.0468983 -0.0169269
v -0.0259837 -0.0468586 -0.0169003
v -0.0260216 -0.0467672 -0.0168397
v -0.0260307 -0.0467468 -0.0168264
v -0.0260318 -0.0467445 -0.0168249
v -0.0260836 -0.0466397 -0.0167575
v -0.0260956 -0.0466175 -0.0167435
v -0.0261078 -0.0465956 -0.0167298
v -0.0261424 -0.0465365 -0.0166933
v -0.0261818 -0.0464746 -0.016656
v -0.0262781 -0.0463412 -0.0165796
v -0.0263791 -0.0462225 -0.0165176
v -0.0264462 -0.0461532 -0.0164851
v -0.0265383 -0.0460681 -0.0164498
v -0.026621 -0.046 -0.0164266
v -0.0266763 -0.046 -0.0164152
v -0.0267628 -0.046 -0.0164038
v -0.0268499 -0.046 -0.0164
v -0.0538499 -0.019 0.0182
v -0.0538499 -0.019 -0.0182
v -0.0538461 -0.0190872 -0.0182
v -0.0538461 -0.0190872 0.0182
v -0.0538347 -0.0191736 -0.0182
v -0.0538347 -0.0191736 0.0182
v -0.0538158 -0.0192588 -0.0182
v -0.0538158 -0.0192588 0.0182
v -0.0537896 -0.019342 -0.0182
v -0.0537896 -0.019342 0.0182
v -0.0537562 -0.0194226 -0.0182
v -0.0537562 -0.0194226 0.0182
v -0.0537159 -0.0195 -0.0182
v -0.0537159 -0.0195 0.0182
v -0.0536691 -0.0195736 -0.0182
v -0.0536691 -0.0195736 0.0182
v -0.053616 -0.0196428 -0.0182
v -0.053616 -0.0196428 0.0182
v -0.053557 -0.0197071 -0.0182
v -0.053557 -0.0197071 0.0182
v -0.0534927 -0.019766 -0.0182
v -0.0534927 -0.019766 0.0182
v -0.0534235 -0.0198192 -0.0182
v -0.0534235 -0.0198192 0.0182
v -0.0533499 -0.019866 -0.0182
v -0.0533499 -0.019866 0.0182
v -0.0532725 -0.0199063 -0.0182
v -0.0532725 -0.0199063 0.0182
v -0.0531919 -0.0199397 -0.0182
v -0.0531919 -0.0199397 0.0182
v -0.0531087 -0.0199659 -0.0182
v -0.0531087 -0.0199659 0.0182
v -0.0530236 -0.0199848 -0.0182
v -0.0530236 -0.0199848 0.0182
v -0.0529371 -0.0199962 -0.0182
v -0.0529371 -0.0199962 0.0182
v -0.0528499 -0.02 -0.0182
v -0.0528499 -0.02 0.0077
v -0.0528499 -0.020019 0.0186358
v -0.0535792 -0.0198095 0.0185865
v -0.0528499 -0.020076 0.0190682
v -0.0529749 -0.0202025 0.0197137
v -0.0530878 -0.0201823 0.0197218
v -0.0532194 -0.020143 0.0197346
v -0.05332 -0.0200985 0.019751
v -0.0534451 -0.0200234 0.0197747
v -0.053533 -0.0199535 0.0197998
v -0.0536352 -0.0198479 0.0198333
v -0.0537047 -0.019752 0.0198678
v -0.0537718 -0.0196285 0.0199088
v -0.0538415 -0.0192834 0.0194475
v -0.0538485 -0.0190985 0.018891
v -0.0528499 -0.0201704 0.0194941
v -0.0528499 -0.0203015 0.0199101
v -0.0538407 -0.0196363 0.0205338
v -0.0538483 -0.0194074 0.0201911
v -0.0528499 -0.0204685 0.0203131
v -0.0528499 -0.0206699 0.0207
v -0.0532659 -0.0209461 0.0213143
v -0.053487 -0.0208373 0.0214004
v -0.0536593 -0.0206832 0.0215017
v -0.0537742 -0.0202628 0.0212261
v -0.0528499 -0.0209042 0.0210679
v -0.0538437 -0.020152 0.0214997
v -0.0528499 -0.0211698 0.0214139
v -0.0537555 -0.0210085 0.0221014
v -0.0538467 -0.0208313 0.0224063
v -0.0528499 -0.0214645 0.0217355
v -0.05302 -0.0210055 0.0212665
v -0.0538272 -0.020901 0.0222805
v -0.0528499 -0.0217861 0.0220302
v -0.0530644 -0.0222918 0.0224532
v -0.0532975 -0.0222475 0.0225276
v -0.0534451 -0.0222 0.0226052
v -0.0535864 -0.0217599 0.0224286
v -0.0537978 -0.0218981 0.0229604
v -0.0528499 -0.0221321 0.0222958
v -0.0536957 -0.021826 0.0226632
v -0.0538479 -0.0218095 0.0232058
v -0.0528499 -0.0225 0.0225301
v -0.0535783 -0.0228536 0.023078
v -0.0538168 -0.0225186 0.0233841
v -0.0528499 -0.0228869 0.0227315
v -0.0538687 -0.020319 0.0232272
v -0.0528499 -0.0232899 0.0228985
v -0.0532727 -0.0234689 0.0230603
v -0.0534593 -0.0232189 0.0230918
v -0.0536972 -0.0230842 0.0233366
v -0.0538467 -0.0232186 0.0238308
v -0.0528499 -0.0237059 0.0230296
v -0.0534262 -0.0241454 0.0233148
v -0.0536115 -0.0240601 0.0234829
v -0.0537788 -0.0236324 0.0236745
v -0.0538272 -0.0234905 0.0237833
v -0.0528499 -0.0241318 0.023124
v -0.0530694 -0.0239284 0.0231283
v -0.0538412 -0.0242621 0.0240207
v -0.0528499 -0.0245642 0.023181
v -0.0537417 -0.0243026 0.0237001
v -0.0528499 -0.025 0.0232
v -0.0529371 -0.025 0.0232038
v -0.0530236 -0.025 0.0232152
v -0.0531087 -0.025 0.0232341
v -0.0531919 -0.025 0.0232603
v -0.0532725 -0.025 0.0232937
v -0.0533499 -0.025 0.023334
v -0.0534235 -0.025 0.0233808
v -0.0534927 -0.025 0.023434
v -0.053557 -0.025 0.0234929
v -0.053616 -0.025 0.0235572
v -0.0536691 -0.025 0.0236264
v -0.0537159 -0.025 0.0237
v -0.0537562 -0.025 0.0237774
v -0.0537896 -0.025 0.023858
v -0.0538158 -0.025 0.0239412
v -0.0538347 -0.025 0.0240264
v -0.0538461 -0.025 0.0241128
v -0.0538613 -0.0247415 0.0244175
v -0.0538499 -0.0452 0.0242
v -0.0538461 -0.0451128 0.0241128
v -0.0538347 -0.0450264 0.0240264
v -0.0538158 -0.0449412 0.0239412
v -0.0537896 -0.044858 0.023858
v -0.0537562 -0.0447774 0.0237774
v -0.0537159 -0.0447 0.0237
v -0.0536691 -0.0446264 0.0236264
v -0.053616 -0.0445572 0.0235572
v -0.053557 -0.0444929 0.0234929
v -0.0534927 -0.044434 0.023434
v -0.0533499 -0.044334 0.023334
v -0.0533872 -0.0443566 0.0233566
v -0.0534235 -0.0443808 0.0233808
v -0.0534587 -0.0444066 0.0234066
v -0.0531919 -0.0442603 0.0232603
v -0.0532326 -0.0442761 0.0232761
v -0.0532725 -0.0442937 0.0232937
v -0.0533117 -0.044313 0.023313
v -0.0530236 -0.0442152 0.0232152
v -0.0530663 -0.0442237 0.0232237
v -0.0531087 -0.0442341 0.0232341
v -0.0531506 -0.0442463 0.0232463
v -0.0528499 -0.0442 0.0232
v -0.0528935 -0.044201 0.023201
v -0.0529371 -0.0442038 0.0232038
v -0.0529804 -0.0442086 0.0232086
v -0.0528499 -0.0442 0.0154
v -0.0528935 -0.044201 0.015401
v -0.0529371 -0.0442038 0.0154038
v -0.0529804 -0.0442086 0.0154086
v -0.0530236 -0.0442152 0.0154152
v -0.0530663 -0.0442237 0.0154237
v -0.0531087 -0.0442341 0.0154341
v -0.0531506 -0.0442463 0.0154463
v -0.0531919 -0.0442603 0.0154603
v -0.0532326 -0.0442761 0.0154761
v -0.0532725 -0.0442937 0.0154937
v -0.0533117 -0.044313 0.015513
v -0.0533499 -0.044334 0.015534
v -0.0533872 -0.0443566 0.0155566
v -0.0534235 -0.0443808 0.0155808
v -0.0534587 -0.0444066 0.0156066
v -0.0534927 -0.044434 0.015634
v -0.053557 -0.0444929 0.0156929
v -0.053616 -0.0445572 0.0157572
v -0.0536691 -0.0446264 0.0158264
v -0.0537159 -0.0447 0.0159
v -0.0537562 -0.0447774 0.0159774
v -0.0537896 -0.044858 0.016058
v -0.0538158 -0.0449412 0.0161412
v -0.0538347 -0.0450264 0.0162264
v -0.0538461 -0.0451128 0.0163128
v -0.0538499 -0.0452 0.0164
v -0.053557 -0.0498929 0.0156929
v -0.053616 -0.0499572 0.0157572
v -0.0536691 -0.0500264 0.0158264
v -0.0537159 -0.0501 0.0159
v -0.0537562 -0.0501774 0.0159774
v -0.0537896 -0.050258 0.016058
v -0.0538158 -0.0503412 0.0161412
v -0.0538347 -0.0504264 0.0162264
v -0.0538461 -0.0505128 0.0163128
v -0.0538499 -0.0506 0.0164
v -0.0534235 -0.0497808 0.0155808
v -0.0534587 -0.0498066 0.0156066
v -0.0534927 -0.049834 0.015634
v -0.0528499 -0.0496 0.0154
v -0.0528935 -0.049601 0.015401
v -0.0529371 -0.0496038 0.0154038
v -0.0529804 -0.0496086 0.0154086
v -0.0530236 -0.0496152 0.0154152
v -0.0530663 -0.0496237 0.0154237
v -0.0531087 -0.0496341 0.0154341
v -0.0531506 -0.0496463 0.0154463
v -0.0531919 -0.0496603 0.0154603
v -0.0532326 -0.0496761 0.0154761
v -0.0532725 -0.0496937 0.0154937
v -0.0533117 -0.049713 0.015513
v -0.0533499 -0.049734 0.015534
v -0.0533872 -0.0497566 0.0155566
v -0.0436245 -0.0185 -0.014
v -0.0460753 -0.01925 -0.0116
v -0.0336245 -0.01925 0.0024
v -0.0360753 -0.0185 0.0048
v -0.0336136 -0.0502667 0.00563928
v -0.0360753 -0.0511 0.0024
v -0.0348499 -0.0185 0.011
v -0.0348318 -0.0526773 0.0142059
v -0.0345776 -0.0517 0.0118
v -0.0424737 -0.0475064 0.0164154
v -0.0416235 -0.0482692 0.0154
v -0.0416235 -0.0482692 0.0176
v -0.0415499 -0.048316 0.0154
v -0.0415499 -0.048316 0.0176
v -0.0414725 -0.0483563 0.0154
v -0.0414725 -0.0483563 0.0176
v -0.0413919 -0.0483897 0.0154
v -0.0413919 -0.0483897 0.0176
v -0.0413087 -0.0484159 0.0154
v -0.0413087 -0.0484159 0.0176
v -0.0412236 -0.0484348 0.0154
v -0.0412236 -0.0484348 0.0176
v -0.0411371 -0.0484462 0.0154
v -0.0411371 -0.0484462 0.0176
v -0.0410499 -0.04845 0.0154
v -0.0410499 -0.04845 0.0176
v -0.0409628 -0.0484462 0.0154
v -0.0409628 -0.0484462 0.0176
v -0.0408763 -0.0484348 0.0154
v -0.0408763 -0.0484348 0.0176
v -0.0407911 -0.0484159 0.0154
v -0.0407911 -0.0484159 0.0176
v -0.0407079 -0.0483897 0.0154
v -0.0407079 -0.0483897 0.0176
v -0.0406273 -0.0483563 0.0154
v -0.0406273 -0.0483563 0.0176
v -0.0405499 -0.048316 0.0154
v -0.0405499 -0.048316 0.0176
v -0.0404763 -0.0482692 0.0154
v -0.0404763 -0.0482692 0.0176
v -0.0404071 -0.048216 0.0154
v -0.0404071 -0.048216 0.0176
v -0.0403428 -0.0481571 0.0154
v -0.0403428 -0.0481571 0.0176
v -0.0402839 -0.0480928 0.0154
v -0.0402839 -0.0480928 0.0176
v -0.0402308 -0.0480236 0.0154
v -0.0402308 -0.0480236 0.0176
v -0.0401839 -0.04795 0.0154
v -0.0401839 -0.04795 0.0176
v -0.0401436 -0.0478726 0.0154
v -0.0401436 -0.0478726 0.0176
v -0.0401102 -0.047792 0.0154
v -0.0401102 -0.047792 0.0176
v -0.040084 -0.0477088 0.0154
v -0.040084 -0.0477088 0.0176
v -0.0400651 -0.0476236 0.0154
v -0.0400651 -0.0476236 0.0176
v -0.0400537 -0.0475372 0.0154
v -0.0400537 -0.0475372 0.0176
v -0.0400499 -0.04745 0.0154
v -0.0400499 -0.04745 0.0176
v -0.0400537 -0.0473628 0.0154
v -0.0400537 -0.0473628 0.0176
v -0.0400651 -0.0472764 0.0154
v -0.0400651 -0.0472764 0.0176
v -0.040084 -0.0471912 0.0154
v -0.040084 -0.0471912 0.0176
v -0.0401102 -0.047108 0.0154
v -0.0401102 -0.047108 0.0176
v -0.0401436 -0.0470274 0.0154
v -0.0401436 -0.0470274 0.0176
v -0.0401839 -0.04695 0.0154
v -0.0401839 -0.04695 0.0176
v -0.0402308 -0.0468764 0.0154
v -0.0402308 -0.0468764 0.0176
v -0.0402839 -0.0468072 0.0154
v -0.0402839 -0.0468072 0.0176
v -0.0403428 -0.0467429 0.0154
v -0.0403428 -0.0467429 0.0176
v -0.0404071 -0.046684 0.0154
v -0.0404071 -0.046684 0.0176
v -0.0404763 -0.0466308 0.0154
v -0.0404763 -0.0466308 0.0176
v -0.0405499 -0.046584 0.0154
v -0.0405499 -0.046584 0.0176
v -0.0406273 -0.0465437 0.0154
v -0.0406273 -0.0465437 0.0176
v -0.0407079 -0.0465103 0.0154
v -0.0407079 -0.0465103 0.0176
v -0.0407911 -0.0464841 0.0154
v -0.0407911 -0.0464841 0.0176
v -0.0408763 -0.0464652 0.0154
v -0.0408763 -0.0464652 0.0176
v -0.0409628 -0.0464538 0.0154
v -0.0409628 -0.0464538 0.0176
v -0.0410499 -0.04645 0.0154
v -0.0410499 -0.04645 0.0176
v -0.0411371 -0.0464538 0.0154
v -0.0411371 -0.0464538 0.0176
v -0.0412236 -0.0464652 0.0154
v -0.0412236 -0.0464652 0.0176
v -0.0413087 -0.0464841 0.0154
v -0.0413087 -0.0464841 0.0176
v -0.0413919 -0.0465103 0.0154
v -0.0413919 -0.0465103 0.0176
v -0.0414725 -0.0465437 0.0154
v -0.0414725 -0.0465437 0.0176
v -0.0415499 -0.046584 0.0154
v -0.0415499 -0.046584 0.0176
v -0.0416235 -0.0466308 0.0154
v -0.0416235 -0.0466308 0.0176
v -0.0416927 -0.046684 0.0154
v -0.04274 -0.0472452 0.01716
v -0.0414943 -0.025 0.0232
v -0.0406055 -0.025 0.0232
v -0.041049 -0.0249365 0.0232
v -0.037293 -0.0249372 -0.0232
v -0.0386653 -0.025537 -0.0232
v -0.0382247 -0.02518 -0.0232
v -0.0376943 -0.025 -0.0232
v -0.0401505 -0.0271246 -0.0232
v -0.0376014 -0.0289681 -0.0232
v -0.0363348 -0.0287521 -0.0232
v -0.0354121 -0.0278549 -0.0232
v -0.0352556 -0.026666 -0.0232
v -0.0359394 -0.025314 -0.0232009
v -0.0258569 -0.0474111 -0.0222
v -0.0258499 -0.0475779 -0.0222
v -0.0258777 -0.0472455 -0.0222
v -0.0259123 -0.0470821 -0.0222
v -0.0259604 -0.0469223 -0.0222
v -0.0260217 -0.046767 -0.0222
v -0.0260957 -0.0466173 -0.0222
v -0.0261819 -0.0464744 -0.0222
v -0.0262797 -0.0463391 -0.0222
v -0.0263885 -0.0462125 -0.0222
v -0.0265075 -0.0460954 -0.0222
v -0.0266358 -0.0459886 -0.0183
v -0.026621 -0.046 -0.0183
v -0.0266358 -0.0459886 -0.0222
v -0.0267726 -0.0458928 -0.0222
v -0.0267726 -0.0458928 -0.0183
v -0.0269169 -0.0458089 -0.0222
v -0.0269169 -0.0458089 -0.0183
v -0.0270676 -0.0457372 -0.0222
v -0.0270676 -0.0457372 -0.0183
v -0.0304683 -0.0447271 -0.02172
v -0.0500753 -0.0496 0.0154
v -0.0528499 -0.0496 0.0148
v -0.0452016 -0.0506 0.0099
v -0.0528499 -0.0496 -0.0005
v -0.0500753 -0.0496 -0.0005
v -0.0528499 -0.0496 -0.0087
v -0.0500753 -0.0496 -0.0087
v -0.0398499 -0.0496 -0.0164
v -0.0398499 -0.0496 -0.0005
v -0.0398499 -0.0496 0.0148
v -0.0398499 -0.0496 0.0154
v -0.0518499 -0.046 -0.0183
v -0.0518499 -0.046 -0.0164
v -0.0342081 -0.044 -0.0232
v -0.0516115 -0.0416335 -0.02145
v -0.0398499 -0.02 -0.0182
v -0.0528499 -0.020019 -0.0186358
v -0.0528499 -0.0200715 -0.0190423
v -0.0528499 -0.020076 -0.0190682
v -0.0528499 -0.0201603 -0.0194559
v -0.052924 -0.0201584 -0.0194586
v -0.0528499 -0.0202838 -0.0198605
v -0.0529872 -0.0203375 -0.0200294
v -0.0528499 -0.020441 -0.0202532
v -0.0529156 -0.0205165 -0.0204178
v -0.0528499 -0.0206309 -0.0206313
v -0.0529284 -0.0206312 -0.0206377
v -0.0528499 -0.0208521 -0.0209919
v -0.0529295 -0.0208535 -0.0209992
v -0.0528499 -0.0211029 -0.0213325
v -0.0529305 -0.0211055 -0.0213406
v -0.0528499 -0.0213817 -0.0216507
v -0.0529314 -0.0213856 -0.0216594
v -0.0528499 -0.0216863 -0.0219443
v -0.0528499 -0.0220147 -0.022211
v -0.0529327 -0.0220217 -0.0222202
v -0.0528499 -0.0223644 -0.022449
v -0.0529331 -0.0223732 -0.0224582
v -0.0528499 -0.022733 -0.0226566
v -0.0529262 -0.0228689 -0.0227257
v -0.0528499 -0.0231179 -0.0228322
v -0.0529336 -0.0231303 -0.0228408
v -0.0528499 -0.0235162 -0.0229748
v -0.0529337 -0.0235305 -0.0229827
v -0.0528499 -0.0239251 -0.0230831
v -0.0528865 -0.024162 -0.0231319
v -0.0528499 -0.0243417 -0.0231565
v -0.0528499 -0.0247631 -0.0231944
v -0.0528499 -0.025 -0.0232
v -0.0528654 -0.0200007 -0.018375
v -0.0500753 -0.02 -0.0005
v -0.0500753 -0.02 0.0077
v -0.0528499 -0.02 0.0182
v -0.0398499 -0.02 0.0182
v -0.0398499 -0.02 0.0077
v -0.0398499 -0.02 -0.0167
v -0.0420131 -0.0251615 0.0262005
v -0.0439557 -0.0272329 0.0262404
v -0.0396994 -0.0286032 0.0262
v -0.0395843 -0.025405 0.0262
v -0.0390364 -0.0270103 0.0262
v -0.0414827 -0.0289242 0.0262
v -0.0500753 -0.0526 -0.0087
v -0.0398499 -0.0526 -0.0005
v -0.0500753 -0.0526 0.0036
v -0.0448852 -0.0526613 0.0142112
v -0.0449626 -0.017 0.0182
v -0.0500753 -0.017 0.0036
v -0.0268499 -0.017 0.0077
v -0.0398499 -0.017 0.0077
v -0.0268499 -0.017 -0.0005
v -0.0398499 -0.017 -0.0005
v -0.0268474 -0.017 -0.0182158
v -0.0398499 -0.017 -0.0167
v -0.0500753 -0.017 -0.0087
v -0.052907 -0.0170159 0.0189107
v -0.0528499 -0.017 -0.0087
v -0.041093 -0.0249372 0.0261996
v -0.0268499 -0.0446 -0.0232
v -0.0267628 -0.0446 -0.0232038
v -0.0266763 -0.0446 -0.0232152
v -0.0265911 -0.0446 -0.0232341
v -0.0265079 -0.0446 -0.0232603
v -0.0264273 -0.0446 -0.0232937
v -0.0263499 -0.0446 -0.023334
v -0.0262763 -0.0446 -0.0233808
v -0.0262071 -0.0446 -0.023434
v -0.0261428 -0.0446 -0.0234929
v -0.0260839 -0.0446 -0.0235572
v -0.0260308 -0.0446 -0.0236264
v -0.0259839 -0.0446 -0.0237
v -0.0259436 -0.0446 -0.0237774
v -0.0259102 -0.0446 -0.023858
v -0.025884 -0.0446 -0.0239412
v -0.0258651 -0.0446 -0.0240264
v -0.0258537 -0.0446 -0.0241128
v -0.0258499 -0.0446 -0.0242
v -0.0538499 -0.05155 -0.0222
v -0.0258499 -0.05155 -0.0222
v -0.0258499 -0.0446 -0.0222
v -0.0258499 -0.0497641 -0.0243284
v -0.0258499 -0.0492104 -0.0247532
v -0.0258499 -0.051175 -0.0227886
v -0.0258499 -0.0507502 -0.0233423
v -0.0258499 -0.0502787 -0.0238569
v -0.0258499 -0.0486218 -0.0251282
v -0.0258499 -0.0480027 -0.0254505
v -0.0258499 -0.047358 -0.0257175
v -0.0258499 -0.0466923 -0.0259274
v -0.0258499 -0.046011 -0.0260785
v -0.0258499 -0.045319 -0.0261696
v -0.0518499 -0.0482 -0.0164
v -0.0518499 -0.0482 -0.0253552
v -0.0518499 -0.0262 -0.0232
v -0.0518499 -0.045319 -0.0261696
v -0.0518499 -0.046011 -0.0260785
v -0.0518499 -0.0471195 -0.0258211
v -0.0529371 -0.0496038 -0.0164
v -0.0530236 -0.0496152 -0.0164
v -0.0531087 -0.0496341 -0.0164
v -0.0531919 -0.0496603 -0.0164
v -0.0532725 -0.0496937 -0.0164
v -0.0533499 -0.049734 -0.0164
v -0.0534235 -0.0497808 -0.0164
v -0.0534927 -0.049834 -0.0164
v -0.053557 -0.0498929 -0.0164
v -0.053616 -0.0499572 -0.0164
v -0.0536691 -0.0500264 -0.0164
v -0.0537159 -0.0501 -0.0164
v -0.0537562 -0.0501774 -0.0164
v -0.0537896 -0.050258 -0.0164
v -0.0538158 -0.0503412 -0.0164
v -0.0538347 -0.0504264 -0.0164
v -0.0538461 -0.0505128 -0.0164
v -0.0538499 -0.0506 -0.0164
v -0.0518699 -0.0482 -0.0164
v -0.0518699 -0.0482 -0.0253552
v -0.0522917 -0.0486218 -0.0251282
v -0.0538499 -0.05018 -0.0239538
v -0.0538499 -0.05018 -0.0164
v -0.053434 -0.0497641 -0.0243284
v -0.0528803 -0.0492104 -0.0247532
v -0.0530819 -0.0200343 -0.0190108
v -0.0529645 -0.0250854 -0.0232026
v -0.0532297 -0.0248199 -0.0232713
v -0.0534021 -0.0246472 -0.0233526
v -0.0536811 -0.0243593 -0.023621
v -0.0537765 -0.0241512 -0.0237558
v -0.0537231 -0.0243268 -0.0236689
v -0.0537909 -0.024259 -0.023811
v -0.0538327 -0.0233783 -0.0237594
v -0.0538419 -0.024208 -0.0240117
v -0.0539061 -0.0241537 -0.0261197
v -0.0531761 -0.0244795 -0.0232125
v -0.053166 -0.0238274 -0.0231158
v -0.0535186 -0.0244905 -0.0234689
v -0.0532198 -0.0227943 -0.0227861
v -0.0534162 -0.0229009 -0.0229487
v -0.0536477 -0.0231082 -0.023259
v -0.0537471 -0.0228507 -0.0233396
v -0.0538182 -0.0226135 -0.0234264
v -0.0531507 -0.0226565 -0.0226787
v -0.0536145 -0.0221362 -0.0227325
v -0.0536691 -0.0225397 -0.0230366
v -0.0538482 -0.0213853 -0.0229601
v -0.0537929 -0.0217428 -0.0228216
v -0.0538272 -0.0219627 -0.0231221
v -0.0530133 -0.0218121 -0.0220663
v -0.0534815 -0.0215256 -0.0221115
v -0.0533385 -0.0212526 -0.0217177
v -0.0536388 -0.0209853 -0.021814
v -0.0532079 -0.0215935 -0.0219615
v -0.0537424 -0.0209739 -0.0220279
v -0.0538168 -0.0205554 -0.0218433
v -0.0531264 -0.0208952 -0.0211455
v -0.0534114 -0.0209325 -0.0214153
v -0.0534895 -0.0207818 -0.0213018
v -0.0538487 -0.0200699 -0.021547
v -0.0536416 -0.0204242 -0.0210519
v -0.0537513 -0.0203913 -0.0213249
v -0.0532623 -0.0205237 -0.0206463
v -0.0534153 -0.0203791 -0.0205345
v -0.0537713 -0.0199948 -0.0207425
v -0.0535483 -0.0201712 -0.0203633
v -0.0537429 -0.0197921 -0.0201098
v -0.0538117 -0.0197673 -0.0205369
v -0.0538452 -0.0197247 -0.020881
v -0.0532906 -0.0200908 -0.0195983
v -0.0534593 -0.0200897 -0.0199295
v -0.0538473 -0.0191743 -0.0193881
v -0.0535164 -0.0198068 -0.0190223
v -0.053588 -0.0198471 -0.0195383
v -0.0537989 -0.0194228 -0.0192492
v -0.0533122 -0.0199609 -0.0190616
v -0.053722 -0.0195422 -0.0189107
v -0.0538499 -0.0502787 -0.0238569
v -0.0538499 -0.0507502 -0.0233423
v -0.0538499 -0.051175 -0.0227886
v -0.0352956 -0.0470247 -0.0186
v -0.0352664 -0.0471936 -0.0186
v -0.0362537 -0.0473628 -0.0186
v -0.0352517 -0.0473643 -0.0186
v -0.0362499 -0.04745 -0.0186
v -0.0352517 -0.0475357 -0.0186
v -0.0362537 -0.0475372 -0.0186
v -0.0352664 -0.0477064 -0.0186
v -0.0362651 -0.0476236 -0.0186
v -0.0352956 -0.0478753 -0.0186
v -0.036284 -0.0477088 -0.0186
v -0.0353392 -0.048041 -0.0186
v -0.0363102 -0.047792 -0.0186
v -0.0353968 -0.0482024 -0.0186
v -0.0363436 -0.0478726 -0.0186
v -0.035468 -0.0483583 -0.0186
v -0.0363839 -0.04795 -0.0186
v -0.0355523 -0.0485075 -0.0186
v -0.0364308 -0.0480236 -0.0186
v -0.0356491 -0.0486489 -0.0186
v -0.0364839 -0.0480928 -0.0186
v -0.0357576 -0.0487816 -0.0186
v -0.0365428 -0.0481571 -0.0186
v -0.0358771 -0.0489044 -0.0186
v -0.0366071 -0.048216 -0.0186
v -0.0360066 -0.0490166 -0.0186
v -0.0366763 -0.0482692 -0.0186
v -0.0361453 -0.0491173 -0.0186
v -0.0367499 -0.048316 -0.0186
v -0.0362921 -0.0492057 -0.0186
v -0.0368273 -0.0483563 -0.0186
v -0.0364459 -0.0492813 -0.0186
v -0.0369079 -0.0483897 -0.0186
v -0.0366056 -0.0493434 -0.0186
v -0.0369911 -0.0484159 -0.0186
v -0.0367701 -0.0493916 -0.0186
v -0.0370763 -0.0484348 -0.0186
v -0.0369381 -0.0494255 -0.0186
v -0.0371628 -0.0484462 -0.0186
v -0.0371083 -0.049445 -0.0186
v -0.0372499 -0.04845 -0.0186
v -0.0372796 -0.0494498 -0.0186
v -0.0373371 -0.0484462 -0.0186
v -0.0374507 -0.0494399 -0.0186
v -0.0374236 -0.0484348 -0.0186
v -0.0376203 -0.0494154 -0.0186
v -0.0375087 -0.0484159 -0.0186
v -0.0377872 -0.0493765 -0.0186
v -0.0375919 -0.0483897 -0.0186
v -0.0379502 -0.0493234 -0.0186
v -0.0376725 -0.0483563 -0.0186
v -0.038108 -0.0492566 -0.0186
v -0.0377499 -0.048316 -0.0186
v -0.0382595 -0.0491765 -0.0186
v -0.0378235 -0.0482692 -0.0186
v -0.0384036 -0.0490837 -0.0186
v -0.0378927 -0.048216 -0.0186
v -0.0385392 -0.048979 -0.0186
v -0.0394525 -0.0475276 -0.0186
v -0.037957 -0.0467429 -0.0186
v -0.0386653 -0.046037 -0.0186
v -0.0378927 -0.046684 -0.0186
v -0.0385392 -0.045921 -0.0186
v -0.0378235 -0.0466308 -0.0186
v -0.0384036 -0.0458163 -0.0186
v -0.0377499 -0.046584 -0.0186
v -0.0382595 -0.0457235 -0.0186
v -0.0376725 -0.0465437 -0.0186
v -0.038108 -0.0456434 -0.0186
v -0.0375919 -0.0465103 -0.0186
v -0.0379502 -0.0455766 -0.0186
v -0.0375087 -0.0464841 -0.0186
v -0.0377872 -0.0455235 -0.0186
v -0.0374236 -0.0464652 -0.0186
v -0.0376203 -0.0454846 -0.0186
v -0.0373371 -0.0464538 -0.0186
v -0.0374507 -0.0454601 -0.0186
v -0.0372499 -0.04645 -0.0186
v -0.0372796 -0.0454502 -0.0186
v -0.0371628 -0.0464538 -0.0186
v -0.0371083 -0.045455 -0.0186
v -0.0370763 -0.0464652 -0.0186
v -0.0369381 -0.0454745 -0.0186
v -0.0369911 -0.0464841 -0.0186
v -0.0367701 -0.0455084 -0.0186
v -0.0369079 -0.0465103 -0.0186
v -0.0366056 -0.0455566 -0.0186
v -0.0368273 -0.0465437 -0.0186
v -0.0364459 -0.0456187 -0.0186
v -0.0367499 -0.046584 -0.0186
v -0.0362921 -0.0456943 -0.0186
v -0.0366763 -0.0466308 -0.0186
v -0.0361453 -0.0457827 -0.0186
v -0.0366071 -0.046684 -0.0186
v -0.0360066 -0.0458834 -0.0186
v -0.0365428 -0.0467429 -0.0186
v -0.0358771 -0.0459956 -0.0186
v -0.0364839 -0.0468072 -0.0186
v -0.0357576 -0.0461184 -0.0186
v -0.0364308 -0.0468764 -0.0186
v -0.0356491 -0.0462511 -0.0186
v -0.0363839 -0.04695 -0.0186
v -0.0355523 -0.0463925 -0.0186
v -0.0363436 -0.0470274 -0.0186
v -0.035468 -0.0465417 -0.0186
v -0.0363102 -0.047108 -0.0186
v -0.0353968 -0.0466976 -0.0186
v -0.036284 -0.0471912 -0.0186
v -0.0353392 -0.046859 -0.0186
v -0.0362651 -0.0472764 -0.0186
v -0.0386653 -0.048863 -0.0249832
v -0.0385392 -0.048979 -0.0249093
v -0.0384036 -0.0490837 -0.0248401
v -0.038108 -0.0492566 -0.0247206
v -0.0382337 -0.049192 -0.0247664
v -0.0377872 -0.0493765 -0.0246337
v -0.0378694 -0.0493516 -0.024652
v -0.0379502 -0.0493234 -0.0246726
v -0.0380298 -0.0492917 -0.0246956
v -0.0374507 -0.0494399 -0.0245864
v -0.0375362 -0.0494294 -0.0245943
v -0.0376203 -0.0494154 -0.0246048
v -0.0377045 -0.0493976 -0.024618
v -0.0371939 -0.0494492 -0.0245793
v -0.0372796 -0.0494498 -0.0245789
v -0.0373651 -0.0494467 -0.0245813
v -0.0370231 -0.0494371 -0.0245885
v -0.0371083 -0.049445 -0.0245825
v -0.0368533 -0.0494103 -0.0246086
v -0.0369381 -0.0494255 -0.0245972
v -0.0366871 -0.0493692 -0.0246391
v -0.0367701 -0.0493916 -0.0246225
v -0.0363942 -0.0492583 -0.0247197
v -0.036525 -0.049314 -0.0246794
v -0.0366056 -0.0493434 -0.0246581
v -0.0362921 -0.0492057 -0.0247565
v -0.0362175 -0.0491629 -0.0247862
v -0.0361453 -0.0491173 -0.0248174
v -0.0360066 -0.0490166 -0.0248847
v -0.0358771 -0.0489044 -0.0249571
v -0.0357576 -0.0487816 -0.0250335
v -0.0356491 -0.0486489 -0.0251125
v -0.0356295 -0.0486223 -0.0251279
v -0.0355523 -0.0485075 -0.025193
v -0.035468 -0.0483583 -0.0252738
v -0.0353968 -0.0482024 -0.025354
v -0.0353392 -0.048041 -0.0254325
v -0.0353279 -0.048003 -0.0254503
v -0.0352956 -0.0478753 -0.0255085
v -0.0352664 -0.0477064 -0.0255814
v -0.0352517 -0.0475357 -0.0256505
v -0.0352517 -0.0473643 -0.0257152
v -0.035252 -0.047358 -0.0257175
v -0.0352664 -0.0471936 -0.0257754
v -0.0352956 -0.0470247 -0.0258306
v -0.0353392 -0.046859 -0.0258808
v -0.0353663 -0.0467777 -0.025904
v -0.0353968 -0.0466976 -0.025926
v -0.035399 -0.0466923 -0.0259274
v -0.035468 -0.0465417 -0.0259662
v -0.0355084 -0.0464665 -0.0259844
v -0.0355523 -0.0463925 -0.0260016
v -0.0355993 -0.0463206 -0.0260175
v -0.0356491 -0.0462511 -0.0260323
v -0.035702 -0.0461836 -0.0260461
v -0.0357576 -0.0461184 -0.0260588
v -0.0358609 -0.046011 -0.0260785
v -0.0358771 -0.0459956 -0.0260812
v -0.0359404 -0.0459383 -0.0260909
v -0.0360066 -0.0458834 -0.0260999
v -0.0360751 -0.0458314 -0.026108
v -0.0361453 -0.0457827 -0.0261153
v -0.0362921 -0.0456943 -0.0261278
v -0.0364459 -0.0456187 -0.0261376
v -0.0366056 -0.0455566 -0.0261452
v -0.0367701 -0.0455084 -0.0261507
v -0.0369381 -0.0454745 -0.0261544
v -0.0371083 -0.045455 -0.0261565
v -0.0372796 -0.0454502 -0.026157
v -0.0374507 -0.0454601 -0.026156
v -0.0376203 -0.0454846 -0.0261533
v -0.0377872 -0.0455235 -0.026149
v -0.0379502 -0.0455766 -0.0261428
v -0.038108 -0.0456434 -0.0261345
v -0.0382595 -0.0457235 -0.0261238
v -0.0384036 -0.0458163 -0.0261103
v -0.0384724 -0.0458671 -0.0261025
v -0.0385392 -0.045921 -0.0260938
v -0.0386389 -0.046011 -0.0260785
v -0.0423392 -0.045921 0.0176
v -0.0399453 -0.0457827 0.0176
v -0.0400921 -0.0456943 0.0261248
v -0.0400921 -0.0456943 0.0176
v -0.0402459 -0.0456187 0.0261349
v -0.0402459 -0.0456187 0.0176
v -0.0404056 -0.0455566 0.0261426
v -0.0404056 -0.0455566 0.0176
v -0.0405701 -0.0455084 0.0261483
v -0.0405701 -0.0455084 0.0176
v -0.0407381 -0.0454745 0.0261521
v -0.0407381 -0.0454745 0.0176
v -0.0409083 -0.045455 0.0261542
v -0.0409083 -0.045455 0.0176
v -0.0410796 -0.0454502 0.0261547
v -0.0410796 -0.0454502 0.0176
v -0.0412507 -0.0454601 0.0261536
v -0.0412507 -0.0454601 0.0176
v -0.0414203 -0.0454846 0.0261509
v -0.0414203 -0.0454846 0.0176
v -0.0415872 -0.0455235 0.0261465
v -0.0415872 -0.0455235 0.0176
v -0.0417502 -0.0455766 0.0261402
v -0.0417502 -0.0455766 0.0176
v -0.041908 -0.0456434 0.0261317
v -0.041908 -0.0456434 0.0176
v -0.0420595 -0.0457235 0.0261207
v -0.0420595 -0.0457235 0.0176
v -0.0422036 -0.0458163 0.026107
v -0.0422036 -0.0458163 0.0176
v -0.0422725 -0.0458672 0.026099
v -0.0426466 -0.0462044 0.0260452
v -0.0398066 -0.0458834 0.0176
v -0.0398747 -0.0458317 0.0261046
v -0.0399453 -0.0457827 0.0261121
v -0.0396771 -0.0459956 0.0176
v -0.0396839 -0.0459892 0.0260785
v -0.0398066 -0.0458834 0.0260964
v -0.0395576 -0.0461184 0.0176
v -0.0396161 -0.0460557 0.0260665
v -0.0396771 -0.0459956 0.0260773
v -0.0394491 -0.0462511 0.0176
v -0.0395019 -0.0461837 0.0260417
v -0.0395576 -0.0461184 0.0260546
v -0.0393523 -0.0463925 0.0176
v -0.0393991 -0.046321 0.0260127
v -0.0394491 -0.0462511 0.0260278
v -0.0392681 -0.0465417 0.0176
v -0.0393086 -0.0464663 0.0259793
v -0.0393523 -0.0463925 0.0259966
v -0.0390664 -0.0471936 0.0176
v -0.0390956 -0.0470247 0.0258237
v -0.0390956 -0.0470247 0.0176
v -0.0391392 -0.046859 0.0258744
v -0.0391392 -0.046859 0.0176
v -0.0391968 -0.0466976 0.0259201
v -0.0391968 -0.0466976 0.0176
v -0.039208 -0.0466706 0.0259274
v -0.0392681 -0.0465417 0.0259608
v -0.0390956 -0.0478753 0.0176
v -0.0390664 -0.0477064 0.0255723
v -0.0390664 -0.0477064 0.0176
v -0.0390517 -0.0475357 0.0256419
v -0.0390517 -0.0475357 0.0176
v -0.0390517 -0.0473643 0.0257072
v -0.0390517 -0.0473643 0.0176
v -0.0390532 -0.0473361 0.0257176
v -0.0390664 -0.0471936 0.0257679
v -0.0393523 -0.0485075 0.0176
v -0.0392681 -0.0483583 0.0252622
v -0.0392681 -0.0483583 0.0176
v -0.0391968 -0.0482024 0.025343
v -0.0391968 -0.0482024 0.0176
v -0.0391392 -0.048041 0.0254221
v -0.0391392 -0.048041 0.0176
v -0.0391218 -0.0479813 0.0254503
v -0.0390956 -0.0478753 0.0254988
v -0.0394491 -0.0486489 0.0250997
v -0.039379 -0.0485505 0.0251573
v -0.0394491 -0.0486489 0.0176
v -0.0395576 -0.0487816 0.0176
v -0.0395576 -0.0487816 0.0250202
v -0.0396771 -0.0489044 0.0176
v -0.0396771 -0.0489044 0.0249433
v -0.0398066 -0.0490166 0.0176
v -0.0398066 -0.0490166 0.0248703
v -0.0399453 -0.0491173 0.0176
v -0.0400921 -0.0492057 0.0176
v -0.0402459 -0.0492813 0.0176
v -0.0402459 -0.0492813 0.0246873
v -0.0401679 -0.049245 0.0247133
v -0.0400921 -0.0492057 0.0247412
v -0.0399858 -0.0491444 0.0247847
v -0.0404056 -0.0493434 0.0176
v -0.0405701 -0.0493916 0.0176
v -0.0405701 -0.0493916 0.0246063
v -0.0404871 -0.0493692 0.024623
v -0.0404056 -0.0493434 0.0246421
v -0.040325 -0.049314 0.0246636
v -0.0407381 -0.0494255 0.0176
v -0.0409083 -0.049445 0.0176
v -0.0409083 -0.049445 0.024566
v -0.0408229 -0.0494371 0.024572
v -0.0407381 -0.0494255 0.0245808
v -0.0406533 -0.0494103 0.0245923
v -0.0412507 -0.0494399 0.0176
v -0.0411653 -0.0494467 0.0245647
v -0.0410796 -0.0494498 0.0176
v -0.0410796 -0.0494498 0.0245624
v -0.0409941 -0.0494492 0.0245628
v -0.0414203 -0.0494154 0.0176
v -0.0413356 -0.0494295 0.0245778
v -0.0412507 -0.0494399 0.0245699
v -0.0415872 -0.0493765 0.0176
v -0.0415046 -0.0493976 0.0246018
v -0.0414203 -0.0494154 0.0245884
v -0.0417502 -0.0493234 0.0176
v -0.0416695 -0.0493516 0.024636
v -0.0415872 -0.0493765 0.0246176
v -0.041908 -0.0492566 0.0176
v -0.0418298 -0.0492917 0.0246798
v -0.0417502 -0.0493234 0.0246567
v -0.0420595 -0.0491765 0.0247617
v -0.0419565 -0.0492333 0.024722
v -0.0420595 -0.0491765 0.0176
v -0.0422036 -0.0490837 0.0176
v -0.0422036 -0.0490837 0.0248254
v -0.0423392 -0.048979 0.0176
v -0.0423392 -0.048979 0.0248951
v -0.0438913 -0.0474691 0.0176
v -0.0400746 -0.0474418 -0.0257177
v -0.0389061 -0.0486218 -0.0251282
v -0.0378235 -0.0482692 -0.0164
v -0.0364839 -0.0480928 -0.0164
v -0.0365428 -0.0481571 -0.0164
v -0.0372499 -0.04845 -0.0164
v -0.0373371 -0.0484462 -0.0164
v -0.0374236 -0.0484348 -0.0164
v -0.0375087 -0.0484159 -0.0164
v -0.0375919 -0.0483897 -0.0164
v -0.0378927 -0.048216 -0.0164
v -0.037957 -0.0481571 -0.0164
v -0.0386641 -0.04745 -0.0164
v -0.0376725 -0.0483563 -0.0164
v -0.0377499 -0.048316 -0.0164
v -0.0366071 -0.046684 -0.0164
v -0.0365428 -0.0467429 -0.0164
v -0.0364839 -0.0468072 -0.0164
v -0.0364308 -0.0468764 -0.0164
v -0.0369079 -0.0483897 -0.0164
v -0.0368273 -0.0483563 -0.0164
v -0.0367499 -0.048316 -0.0164
v -0.0378927 -0.046684 -0.0164
v -0.0378235 -0.0466308 -0.0164
v -0.0377499 -0.046584 -0.0164
v -0.0376725 -0.0465437 -0.0164
v -0.0362651 -0.0472764 -0.0164
v -0.036284 -0.0471912 -0.0164
v -0.0363102 -0.047108 -0.0164
v -0.0366071 -0.048216 -0.0164
v -0.0366763 -0.0482692 -0.0164
v -0.0369911 -0.0484159 -0.0164
v -0.0370763 -0.0484348 -0.0164
v -0.0371628 -0.0484462 -0.0164
v -0.037957 -0.0467429 -0.0164
v -0.0363839 -0.04695 -0.0164
v -0.0363436 -0.0470274 -0.0164
v -0.0362651 -0.0476236 -0.0164
v -0.036284 -0.0477088 -0.0164
v -0.0363102 -0.047792 -0.0164
v -0.0363436 -0.0478726 -0.0164
v -0.0375919 -0.0465103 -0.0164
v -0.0375087 -0.0464841 -0.0164
v -0.0374236 -0.0464652 -0.0164
v -0.0370763 -0.0464652 -0.0164
v -0.0369911 -0.0464841 -0.0164
v -0.0369079 -0.0465103 -0.0164
v -0.0368273 -0.0465437 -0.0164
v -0.0367499 -0.046584 -0.0164
v -0.0366763 -0.0466308 -0.0164
v -0.0362537 -0.0473628 -0.0164
v -0.0362499 -0.04745 -0.0164
v -0.0362537 -0.0475372 -0.0164
v -0.0363839 -0.04795 -0.0164
v -0.0364308 -0.0480236 -0.0164
v -0.0373371 -0.0464538 -0.0164
v -0.0372499 -0.04645 -0.0164
v -0.0371628 -0.0464538 -0.0164
v -0.0444861 -0.0267227 0.0232
v -0.0391046 -0.0278723 0.0232
v -0.0395819 -0.0254474 0.0232
v -0.041021 -0.0290098 0.0232
v -0.043888 -0.0474624 0.0257681
v -0.0482368 -0.0365478 -0.0293998
v -0.0440104 -0.0365297 -0.0293998
v -0.0490566 -0.036126 -0.0293147
v -0.0482858 -0.0365467 -0.0293995
v -0.0483205 -0.0365446 -0.029399
v -0.0484003 -0.0365349 -0.029397
v -0.04848 -0.0365186 -0.0293937
v -0.0484279 -0.0365301 -0.0293964
v -0.0485587 -0.0364958 -0.0293891
v -0.0485007 -0.0365133 -0.0293926
v -0.0486353 -0.0364666 -0.0293832
v -0.048709 -0.0364313 -0.0293761
v -0.0487791 -0.0363904 -0.0293678
v -0.0489104 -0.0362904 -0.0293477
v -0.0488811 -0.0363158 -0.0293528
v -0.0489695 -0.0362326 -0.0293361
v -0.0491141 -0.0360342 -0.0292963
v -0.0491032 -0.0360534 -0.0293001
v -0.0491626 -0.0359342 -0.0292763
v -0.0491961 -0.0358419 -0.0292578
v -0.0492236 -0.0357315 -0.0292357
v -0.0492267 -0.0357145 -0.0292323
v -0.049236 -0.0356461 -0.0292186
v -0.0492375 -0.0356301 -0.0292154
v -0.0490898 -0.0360286 -0.0295063
v -0.0491506 -0.0359254 -0.0294427
v -0.0492345 -0.0356606 -0.0292769
v -0.0484787 -0.036517 -0.0294807
v -0.048239 -0.0360263 -0.0301497
v -0.0482387 -0.0360899 -0.0301229
v -0.048818 -0.0359765 -0.0299607
v -0.0487415 -0.0359753 -0.0300156
v -0.048905 -0.0359656 -0.0298867
v -0.0482395 -0.0358972 -0.0301857
v -0.0482381 -0.0359017 -0.0301862
v -0.048606 -0.0358158 -0.0301281
v -0.0485218 -0.0357685 -0.0301588
v -0.0483918 -0.0357739 -0.0301875
v -0.0483961 -0.035746 -0.0301875
v -0.0484742 -0.0357432 -0.0301718
v -0.0484352 -0.0357448 -0.0301804
v -0.0485769 -0.0357375 -0.0301412
v -0.0487031 -0.035727 -0.030086
v -0.048669 -0.0357934 -0.0301015
v -0.0486676 -0.0357304 -0.0301037
v -0.0487486 -0.0357507 -0.0300602
v -0.0488348 -0.035765 -0.0300029
v -0.0487749 -0.035719 -0.0300446
v -0.0488746 -0.0357051 -0.0299726
v -0.0489474 -0.0356922 -0.0299068
v -0.0489499 -0.0357215 -0.0299036
v -0.0489658 -0.0356885 -0.0298879
v -0.0490435 -0.0356703 -0.0297954
v -0.0490555 -0.0356898 -0.0297782
v -0.0491137 -0.0356488 -0.0296862
v -0.049111 -0.0356497 -0.029691
v -0.0491639 -0.0356282 -0.0295822
v -0.0491856 -0.0356395 -0.0295257
v -0.0491971 -0.0356099 -0.0294899
v -0.0492059 -0.0356038 -0.0294592
v -0.0492093 -0.0356266 -0.0294471
v -0.0492256 -0.0356346 -0.0293701
v -0.0492212 -0.035591 -0.0293947
v -0.0492298 -0.0355813 -0.0293464
v -0.0492333 -0.0356015 -0.0293207
v -0.049239 -0.0355899 -0.0292609
v -0.0492372 -0.0355691 -0.0292849
v -0.0482829 -0.0358804 -0.0301875
v -0.0483622 -0.0358336 -0.0301875
v -0.0484515 -0.0357982 -0.0301756
v -0.0486209 -0.0358911 -0.0301074
v -0.0486438 -0.035961 -0.0300794
v -0.0484991 -0.0359833 -0.0301264
v -0.0483829 -0.0358952 -0.0301758
v -0.0484702 -0.0359992 -0.0301363
v -0.0489012 -0.0357566 -0.0299487
v -0.0489812 -0.0359836 -0.0297831
v -0.0484874 -0.0362544 -0.0299746
v -0.048238 -0.0362637 -0.0300112
v -0.0483023 -0.0362355 -0.0300299
v -0.0482381 -0.0362367 -0.030033
v -0.0482382 -0.0362091 -0.0300534
v -0.0482385 -0.036151 -0.0300907
v -0.0482384 -0.0361718 -0.0300781
v -0.0490395 -0.0361186 -0.0294921
v -0.0490195 -0.0361515 -0.0294842
v -0.0489794 -0.0361824 -0.0295466
v -0.048896 -0.036158 -0.0297604
v -0.0486654 -0.0362022 -0.0299291
v -0.0490102 -0.0361808 -0.029404
v -0.0489188 -0.0362579 -0.0295413
v -0.0484051 -0.0362822 -0.0299817
v -0.0484462 -0.0362942 -0.0299547
v -0.0485999 -0.0363785 -0.0297734
v -0.0487729 -0.0362768 -0.0297601
v -0.0487949 -0.0363296 -0.0296523
v -0.0488153 -0.0363459 -0.0295471
v -0.0488517 -0.0363233 -0.0295193
v -0.0488525 -0.0363365 -0.0294446
v -0.04834 -0.0363398 -0.0299303
v -0.048562 -0.0363705 -0.0298127
v -0.0487184 -0.0363311 -0.0297507
v -0.048706 -0.0364004 -0.0295943
v -0.0489562 -0.0362439 -0.0294144
v -0.0483385 -0.0363857 -0.0298745
v -0.0482378 -0.0363145 -0.0299644
v -0.0482565 -0.0363796 -0.0298945
v -0.0483634 -0.0364256 -0.029808
v -0.0484464 -0.036404 -0.0298195
v -0.0483793 -0.0364807 -0.029697
v -0.048381 -0.0365045 -0.0296383
v -0.0484421 -0.0365018 -0.0296058
v -0.0485694 -0.0364697 -0.0295689
v -0.0486125 -0.0364622 -0.029526
v -0.0486216 -0.0364697 -0.0294618
v -0.0486829 -0.0364431 -0.029435
v -0.0487392 -0.0364139 -0.0294114
v -0.0483593 -0.0365395 -0.0294508
v -0.0482377 -0.0363381 -0.0299396
v -0.0482376 -0.036361 -0.0299135
v -0.0482374 -0.0363883 -0.029879
v -0.0482374 -0.036403 -0.0298587
v -0.0482372 -0.0364401 -0.0298005
v -0.0482963 -0.0364602 -0.0297617
v -0.0482371 -0.0364721 -0.0297394
v -0.048237 -0.036486 -0.029708
v -0.048237 -0.0364987 -0.0296757
v -0.0482369 -0.0365197 -0.0296099
v -0.0492207 -0.0357186 -0.0293485
v -0.0492139 -0.0357651 -0.0293451
v -0.0491801 -0.0358126 -0.0294721
v -0.0491598 -0.035878 -0.0294836
v -0.0491277 -0.0359329 -0.0295298
v -0.0490193 -0.0360546 -0.0296594
v -0.0489707 -0.0360952 -0.0297068
v -0.0489366 -0.0361017 -0.0297543
v -0.0488346 -0.0361033 -0.0298757
v -0.0487311 -0.0362045 -0.0298964
v -0.048684 -0.036056 -0.0300162
v -0.0485471 -0.0360806 -0.0300693
v -0.0484435 -0.0360847 -0.0300995
v -0.0483486 -0.0360845 -0.0301184
v -0.0490788 -0.0360317 -0.0295365
v -0.0491178 -0.0359915 -0.0294672
v -0.0490267 -0.0360994 -0.0295804
v -0.048489 -0.0361826 -0.0300276
v -0.0485471 -0.0361551 -0.0300239
v -0.0486292 -0.0361625 -0.0299807
v -0.0492104 -0.0357928 -0.0292719
v -0.0491923 -0.0358496 -0.0293442
v -0.049178 -0.0358763 -0.0293872
v -0.0491328 -0.035998 -0.0293707
v -0.0491481 -0.0359473 -0.0294126
v -0.0490905 -0.0360682 -0.0294029
v -0.0490861 -0.0360808 -0.0293493
v -0.0491494 -0.0359618 -0.029338
v -0.0491828 -0.0358821 -0.0293025
v -0.0490146 -0.0361812 -0.029369
v -0.0491392 -0.0359874 -0.0293249
v -0.0491639 -0.0356978 -0.0295822
v -0.0491323 -0.0357721 -0.0296321
v -0.049033 -0.0357152 -0.0298091
v -0.0490924 -0.035713 -0.0297204
v -0.048881 -0.0359368 -0.0299349
v -0.0488558 -0.0358364 -0.0299803
v -0.0489129 -0.0358324 -0.0299279
v -0.0489477 -0.035819 -0.0298956
v -0.0490103 -0.0357752 -0.02983
v -0.0487919 -0.0358753 -0.0300172
v -0.0492049 -0.0357095 -0.0294457
v -0.049177 -0.0357184 -0.0295368
v -0.0491398 -0.0358265 -0.0295885
v -0.0490256 -0.0358743 -0.0297794
v -0.0490005 -0.0358033 -0.0298405
v -0.0491498 -0.0356365 -0.0296147
v -0.0490525 -0.0359724 -0.0296793
v -0.0490828 -0.0359098 -0.0296592
v -0.048935 -0.0357365 -0.0299189
v -0.0492144 -0.0357129 -0.0293915
v -0.0482368 -0.0365349 -0.0295426
v -0.0482368 -0.0365443 -0.0294742
v -0.0482788 -0.0365436 -0.0294802
v -0.0482368 -0.0365468 -0.0294393
v -0.0482368 -0.0365477 -0.0294053
v -0.0483455 -0.0361831 -0.0300636
v -0.0482379 -0.0362822 -0.0299951
v -0.049146 -0.0316442 -0.0296591
v -0.0491295 -0.0315656 -0.0296902
v -0.0491017 -0.0314457 -0.0297375
v -0.0490979 -0.0314457 -0.0297278
v -0.0490416 -0.0314454 -0.0296011
v -0.0489778 -0.0314451 -0.0294819
v -0.0486606 -0.0314438 -0.0290755
v -0.0481933 -0.0314418 -0.0288734
v -0.0492493 -0.0325586 -0.0292949
v -0.0492493 -0.0325597 -0.0292945
v -0.0492473 -0.0354379 -0.0291541
v -0.0492529 -0.0327682 -0.0292111
v -0.0492387 -0.0323515 -0.0293777
v -0.0492381 -0.0323428 -0.0293812
v -0.0492216 -0.0321494 -0.0294583
v -0.0492366 -0.0323215 -0.0293897
v -0.0491973 -0.0319481 -0.0295385
v -0.0492153 -0.0320908 -0.0294817
v -0.0491666 -0.0317534 -0.0296158
v -0.049183 -0.0318511 -0.029577
v -0.0490852 -0.0314456 -0.0297625
v -0.0490352 -0.0314454 -0.0298297
v -0.0489798 -0.0314451 -0.0298925
v -0.0489193 -0.0314449 -0.0299504
v -0.0488542 -0.0314446 -0.030003
v -0.0487849 -0.0314443 -0.03005
v -0.048712 -0.031444 -0.0300911
v -0.0486358 -0.0314437 -0.0301259
v -0.048557 -0.0314433 -0.0301542
v -0.0484761 -0.031443 -0.0301758
v -0.0483909 -0.0314426 -0.030191
v -0.0483937 -0.0314426 -0.0301906
v -0.0443264 -0.0364476 -0.0297556
v -0.044313 -0.0364554 -0.0297392
v -0.0445921 -0.0358721 -0.0301874
v -0.044016 -0.0365297 -0.0294049
v -0.044081 -0.0365265 -0.0294742
v -0.0440835 -0.0365263 -0.0294769
v -0.0441433 -0.0365174 -0.0295425
v -0.0442031 -0.0365025 -0.0296098
v -0.0441518 -0.0365157 -0.029552
v -0.0442782 -0.0364734 -0.0296973
v -0.0442597 -0.0364818 -0.0296754
v -0.0442158 -0.0364984 -0.0296244
v -0.0443625 -0.0364236 -0.0298004
v -0.0444489 -0.0363448 -0.0299135
v -0.0444461 -0.036348 -0.0299097
v -0.0444102 -0.0363846 -0.0298616
v -0.0444079 -0.0363867 -0.0298587
v -0.0443703 -0.0364179 -0.0298103
v -0.0445051 -0.0362677 -0.0299937
v -0.0444852 -0.0362985 -0.0299644
v -0.0444803 -0.0363053 -0.0299574
v -0.0444521 -0.0363411 -0.0299179
v -0.0445165 -0.0362479 -0.0300111
v -0.0445267 -0.0362284 -0.030027
v -0.0445429 -0.0361933 -0.0300533
v -0.0445453 -0.0361875 -0.0300574
v -0.0445506 -0.036174 -0.0300666
v -0.0445797 -0.0360743 -0.0301229
v -0.0445718 -0.0361083 -0.0301059
v -0.044564 -0.0361353 -0.0300907
v -0.0445929 -0.0359808 -0.0301604
v -0.0445946 -0.0359451 -0.0301709
v -0.0445899 -0.0360107 -0.0301497
v -0.0445843 -0.0360499 -0.030134
v -0.0445947 -0.0359038 -0.0301811
v -0.0443737 -0.0346921 -0.0301882
v -0.0431929 -0.0336919 -0.0291086
v -0.0402632 -0.0333198 -0.0262011
v -0.0457328 -0.0314347 -0.0301909
v -0.0452587 -0.0315366 -0.0301909
v -0.0448897 -0.0316924 -0.0301908
v -0.044515 -0.0319818 -0.0301904
v -0.0442469 -0.0326909 -0.0301899
v -0.0446398 -0.0314746 -0.029343
v -0.0445588 -0.0315198 -0.0294449
v -0.0444721 -0.0315908 -0.0295643
v -0.0443252 -0.0318145 -0.0298083
v -0.0442268 -0.0322049 -0.030051
v -0.0442878 -0.0323787 -0.0301895
v -0.0453069 -0.0314294 -0.0288748
v -0.0440583 -0.0326767 -0.0275829
v -0.0432287 -0.0328045 -0.0284208
v -0.0438249 -0.0325409 -0.0278432
v -0.0445829 -0.0319453 -0.0283933
v -0.0436454 -0.0325133 -0.0292573
v -0.0446811 -0.0314547 -0.0292807
v -0.0448937 -0.0314271 -0.0290521
v -0.043963 -0.0320759 -0.029138
v -0.0443749 -0.0317142 -0.0297103
v -0.0442913 -0.0319041 -0.0298795
v -0.044259 -0.0320268 -0.029964
v -0.044237 -0.0322493 -0.0300831
v -0.0442385 -0.0323705 -0.0301309
v -0.043897 -0.0327247 -0.0298061
v -0.0432647 -0.0328177 -0.0286743
v -0.0431621 -0.032966 -0.0286835
v -0.0433889 -0.0328873 -0.029117
v -0.0435546 -0.0329433 -0.0294294
v -0.0434929 -0.0332956 -0.0294225
v -0.0436761 -0.0326121 -0.0278473
v -0.0434904 -0.0326431 -0.0280044
v -0.0439816 -0.03207 -0.0288537
v -0.0435687 -0.0324756 -0.0288486
v -0.0412542 -0.0335408 -0.0270368
v -0.0408345 -0.0333566 -0.0266672
v -0.0410309 -0.0334617 -0.0268402
v -0.0412126 -0.0326112 -0.0263753
v -0.0412034 -0.0326069 -0.0263718
v -0.0412761 -0.0326791 -0.0264343
v -0.0411586 -0.0326851 -0.0264305
v -0.041558 -0.0329252 -0.0267288
v -0.0414082 -0.0328864 -0.026649
v -0.0413558 -0.0329049 -0.0266539
v -0.0410127 -0.0324975 -0.0262997
v -0.0409926 -0.0324828 -0.0262919
v -0.0408555 -0.0325891 -0.0263336
v -0.0407803 -0.0324126 -0.0262532
v -0.0412512 -0.033235 -0.0268678
v -0.0439047 -0.0327896 -0.0274431
v -0.0433029 -0.0327307 -0.0282775
v -0.0429959 -0.0331105 -0.0285091
v -0.0427706 -0.0332858 -0.0283377
v -0.0416112 -0.0335557 -0.0273216
v -0.0419057 -0.0341827 -0.0277662
v -0.0411133 -0.0339931 -0.0269895
v -0.0411281 -0.0339235 -0.027006
v -0.0406016 -0.0325656 -0.0262679
v -0.0405813 -0.0323109 -0.0262007
v -0.0406805 -0.0322109 -0.0262002
v -0.0418937 -0.0339724 -0.0277455
v -0.0414849 -0.0339114 -0.0273419
v -0.0420481 -0.0337905 -0.0278468
v -0.041638 -0.0337634 -0.0274409
v -0.0423871 -0.0339133 -0.0282414
v -0.0424208 -0.0340938 -0.0282938
v -0.0428768 -0.033735 -0.0287586
v -0.0426792 -0.0337294 -0.0285236
v -0.0423859 -0.0336591 -0.0281463
v -0.0428987 -0.0335481 -0.0287337
v -0.0430703 -0.0333986 -0.02891
v -0.0421471 -0.0334643 -0.0277338
v -0.042304 -0.0333507 -0.0277855
v -0.0424172 -0.0333014 -0.0278487
v -0.0422966 -0.0334485 -0.0278814
v -0.0421222 -0.033387 -0.0276362
v -0.0427213 -0.0334188 -0.0284048
v -0.0426147 -0.0335394 -0.0283538
v -0.0420649 -0.0336875 -0.0278132
v -0.0421185 -0.0335835 -0.0278008
v -0.0424625 -0.0335 -0.0281243
v -0.0428508 -0.0335119 -0.028652
v -0.0425373 -0.0337434 -0.0283562
v -0.042884 -0.0333367 -0.0285812
v -0.0428197 -0.0333836 -0.0285193
v -0.0430969 -0.0331628 -0.0287894
v -0.0430611 -0.0332937 -0.028842
v -0.0429706 -0.0331919 -0.0285724
v -0.0430994 -0.0331053 -0.0287313
v -0.0425517 -0.0333389 -0.0280751
v -0.0426822 -0.0331941 -0.0280497
v -0.0432136 -0.0328199 -0.0283916
v -0.0431247 -0.0329081 -0.0283827
v -0.0430105 -0.0330126 -0.0283362
v -0.0429507 -0.0330095 -0.0281506
v -0.0418367 -0.0333748 -0.0273695
v -0.0420022 -0.033244 -0.0273608
v -0.0418977 -0.0333223 -0.0273658
v -0.0420625 -0.0333464 -0.0275377
v -0.0418142 -0.0332056 -0.0271817
v -0.0420118 -0.0331615 -0.0272512
v -0.0422662 -0.0330811 -0.0273017
v -0.0422341 -0.0330723 -0.0272562
v -0.0419677 -0.0330672 -0.0270817
v -0.0420994 -0.0330846 -0.027188
v -0.0422186 -0.0330199 -0.0271332
v -0.0423335 -0.0330132 -0.0271897
v -0.0430608 -0.0330319 -0.0285155
v -0.0424366 -0.0332249 -0.027754
v -0.0425491 -0.0332387 -0.0279294
v -0.0424234 -0.0331846 -0.0276674
v -0.0422397 -0.033156 -0.0274252
v -0.0425055 -0.033013 -0.0273337
v -0.0418595 -0.0330167 -0.026951
v -0.0418516 -0.0329674 -0.0268723
v -0.0419391 -0.0329647 -0.0268965
v -0.0420516 -0.0330045 -0.0270136
v -0.0419465 -0.0329237 -0.0268253
v -0.0420153 -0.0329203 -0.0268342
v -0.0421287 -0.0329578 -0.026948
v -0.0420866 -0.0328877 -0.0267753
v -0.0422073 -0.0329203 -0.0268781
v -0.0420963 -0.032872 -0.026738
v -0.0422152 -0.032877 -0.0267532
v -0.0422384 -0.0328799 -0.0267622
v -0.0423972 -0.0328974 -0.0268241
v -0.042352 -0.0329041 -0.0268505
v -0.0422499 -0.0328921 -0.0268012
v -0.0425374 -0.0329085 -0.0268793
v -0.0425236 -0.0329146 -0.0269173
v -0.0424053 -0.0328981 -0.0268273
v -0.0430779 -0.0329138 -0.0270968
v -0.0430536 -0.0329148 -0.0270868
v -0.0430834 -0.0329079 -0.0271482
v -0.0428241 -0.0329187 -0.0269937
v -0.0428457 -0.0329188 -0.0270475
v -0.0426804 -0.0329193 -0.0269806
v -0.0426669 -0.0329151 -0.0269307
v -0.0428027 -0.0331878 -0.028246
v -0.0428455 -0.0330976 -0.0281538
v -0.0426505 -0.0331036 -0.0278048
v -0.0430043 -0.0330292 -0.0283564
v -0.0429258 -0.0329607 -0.0278714
v -0.0428324 -0.0330398 -0.0279575
v -0.0427532 -0.0330974 -0.0279648
v -0.042539 -0.0331571 -0.0277573
v -0.0429956 -0.032909 -0.0276715
v -0.0430576 -0.0328853 -0.0276452
v -0.0422888 -0.0331206 -0.0274132
v -0.0424959 -0.0330728 -0.0275082
v -0.0426079 -0.0330115 -0.0274402
v -0.0426383 -0.0330129 -0.0275245
v -0.0427101 -0.0330086 -0.0275991
v -0.0427905 -0.0329795 -0.0276102
v -0.0429065 -0.0329516 -0.0277378
v -0.0431295 -0.0328555 -0.0277942
v -0.0432582 -0.032771 -0.0283039
v -0.0432502 -0.0327757 -0.0282513
v -0.0431541 -0.0328576 -0.0282414
v -0.0430873 -0.0329069 -0.0281992
v -0.0430416 -0.0329385 -0.0281697
v -0.0433635 -0.0326852 -0.0282186
v -0.0434214 -0.0326534 -0.0281436
v -0.0430304 -0.0329315 -0.0280858
v -0.0431172 -0.0328774 -0.0281091
v -0.0432767 -0.0327717 -0.0280234
v -0.0432049 -0.032815 -0.027951
v -0.0433471 -0.032742 -0.0279338
v -0.043474 -0.0326851 -0.0279074
v -0.0436149 -0.0326198 -0.0278902
v -0.0433214 -0.032885 -0.0272413
v -0.0433694 -0.0328909 -0.0272173
v -0.0433781 -0.0328272 -0.0274553
v -0.0433448 -0.0328016 -0.027593
v -0.0435151 -0.032838 -0.0273718
v -0.0435491 -0.0328577 -0.0273151
v -0.0436533 -0.0328375 -0.0273597
v -0.0436736 -0.0328443 -0.0273451
v -0.0435155 -0.0328717 -0.0272785
v -0.0435288 -0.0326805 -0.0278322
v -0.0429339 -0.032988 -0.0280242
v -0.0432971 -0.0327952 -0.0277241
v -0.0436322 -0.032692 -0.0277072
v -0.043681 -0.0326449 -0.0277746
v -0.0437425 -0.0326109 -0.0277962
v -0.0438176 -0.0326525 -0.0276816
v -0.0437736 -0.032823 -0.0273874
v -0.0435542 -0.0327687 -0.027551
v -0.043739 -0.0328024 -0.0274258
v -0.0437658 -0.0327622 -0.0275016
v -0.0437073 -0.0327413 -0.027555
v -0.0437715 -0.0326639 -0.0276829
v -0.0438572 -0.0326445 -0.027678
v -0.0440544 -0.0327229 -0.0275314
v -0.0439375 -0.0326575 -0.0276319
v -0.0440967 -0.032728 -0.0275248
v -0.0438566 -0.0326978 -0.0275919
v -0.043947 -0.0327239 -0.0275395
v -0.0439288 -0.0327689 -0.0274737
v -0.044069 -0.0327379 -0.027513
v -0.04364 -0.032731 -0.0276064
v -0.0431174 -0.0329118 -0.027113
v -0.0405846 -0.0327855 -0.0263333
v -0.0405189 -0.0325614 -0.0262432
v -0.0404396 -0.0326072 -0.0262225
v -0.0406932 -0.0328137 -0.0263885
v -0.0407244 -0.0323357 -0.0262265
v -0.0407798 -0.0325668 -0.0263103
v -0.0406828 -0.0324267 -0.026246
v -0.041067 -0.0326944 -0.0264255
v -0.0409385 -0.0325634 -0.0263311
v -0.0408726 -0.032543 -0.026315
v -0.0409711 -0.0327313 -0.0264321
v -0.0407773 -0.0323561 -0.0262365
v -0.0408079 -0.0322403 -0.0262109
v -0.0408065 -0.0322345 -0.0262099
v -0.0407459 -0.0322051 -0.0262044
v -0.0408293 -0.0322984 -0.026223
v -0.0408184 -0.0323313 -0.0262314
v -0.0408547 -0.032385 -0.0262489
v -0.0408763 -0.0323721 -0.0262446
v -0.0408593 -0.0323494 -0.0262371
v -0.0408334 -0.0323067 -0.026225
v -0.0407695 -0.03228 -0.026218
v -0.0409564 -0.0325295 -0.0263154
v -0.0408784 -0.0324813 -0.0262877
v -0.0411314 -0.0326294 -0.0263877
v -0.0410207 -0.0325736 -0.0263438
v -0.0409095 -0.03241 -0.0262586
v -0.0408942 -0.032467 -0.0262818
v -0.0409361 -0.032436 -0.0262695
v -0.040946 -0.0324449 -0.0262734
v -0.0411276 -0.0325971 -0.0263632
v -0.0411052 -0.032556 -0.026335
v -0.0410606 -0.0325294 -0.0263181
v -0.0410546 -0.0325256 -0.0263158
v -0.0411675 -0.032797 -0.0265178
v -0.040954 -0.0328228 -0.0264802
v -0.040813 -0.0327793 -0.0264108
v -0.0408358 -0.0329741 -0.0265174
v -0.0406672 -0.0329115 -0.0264149
v -0.0418747 -0.0330726 -0.0270408
v -0.0417174 -0.0330456 -0.0269317
v -0.0417219 -0.0329518 -0.0268095
v -0.0431288 -0.0328645 -0.0275691
v -0.0430438 -0.0328896 -0.0275282
v -0.0429299 -0.0329199 -0.0274724
v -0.0426936 -0.0329673 -0.0273535
v -0.0426043 -0.0329807 -0.0273077
v -0.04243 -0.0330079 -0.027247
v -0.0421477 -0.0330082 -0.0270675
v -0.0418065 -0.0329174 -0.0267816
v -0.0414362 -0.0327253 -0.026485
v -0.041325 -0.0327222 -0.026476
v -0.0412678 -0.0327402 -0.0264871
v -0.0413086 -0.032653 -0.026411
v -0.0413344 -0.0326633 -0.0264205
v -0.0414496 -0.0327054 -0.0264633
v -0.0414647 -0.0327105 -0.0264689
v -0.0415936 -0.0327505 -0.026517
v -0.0416077 -0.0327545 -0.0265222
v -0.041722 -0.0328063 -0.0265981
v -0.0415367 -0.0328064 -0.0265845
v -0.0416275 -0.0329071 -0.0267246
v -0.0417928 -0.0328958 -0.0267448
v -0.0432975 -0.0328427 -0.027434
v -0.0432186 -0.032862 -0.0273911
v -0.043128 -0.0328801 -0.0273506
v -0.0430681 -0.0328908 -0.0273242
v -0.0430077 -0.0329006 -0.0272974
v -0.0429468 -0.0329094 -0.0272701
v -0.0428565 -0.0329209 -0.0272301
v -0.0427327 -0.0329329 -0.0271741
v -0.0426376 -0.0329391 -0.0271303
v -0.0425751 -0.0329421 -0.0271017
v -0.0425125 -0.032944 -0.0270731
v -0.0424202 -0.0329453 -0.0270313
v -0.042291 -0.032937 -0.0269517
v -0.0422264 -0.0329629 -0.026998
v -0.0418693 -0.0328801 -0.0267318
v -0.0413354 -0.0328612 -0.0266083
v -0.0415148 -0.0328483 -0.0266291
v -0.041668 -0.0328548 -0.0266628
v -0.0419128 -0.0328273 -0.0266371
v -0.0418987 -0.0328244 -0.0266318
v -0.0417749 -0.0327975 -0.026585
v -0.0417562 -0.0327931 -0.0265779
v -0.042035 -0.0328498 -0.0266837
v -0.0419413 -0.0328457 -0.0266742
v -0.0418326 -0.0328501 -0.0266752
v -0.0416987 -0.032779 -0.0265563
v -0.0415774 -0.0327671 -0.0265383
v -0.0413427 -0.0327947 -0.026547
v -0.041223 -0.032763 -0.0265003
v -0.04043 -0.0328334 -0.0262719
v -0.0405128 -0.0332839 -0.0264153
v -0.0405976 -0.033106 -0.0264417
v -0.0405597 -0.033012 -0.0263906
v -0.0406124 -0.0329611 -0.0264047
v -0.0409251 -0.0336167 -0.0267997
v -0.0407168 -0.0334498 -0.0266011
v -0.0411878 -0.0336551 -0.0270223
v -0.0410027 -0.0335282 -0.0268402
v -0.0411457 -0.0328673 -0.0265622
v -0.0412364 -0.0329389 -0.026647
v -0.0412044 -0.0329671 -0.0266581
v -0.0411155 -0.0329882 -0.0266395
v -0.0411929 -0.0331821 -0.0268012
v -0.0410196 -0.0330774 -0.0266543
v -0.0408628 -0.0332358 -0.0266432
v -0.0414388 -0.0330412 -0.0268105
v -0.0409121 -0.0331207 -0.0266209
v -0.0409669 -0.0332235 -0.026701
v -0.0409681 -0.0333261 -0.0267462
v -0.0415504 -0.0336965 -0.0273393
v -0.0416458 -0.033621 -0.0273854
v -0.0411079 -0.0334639 -0.0268963
v -0.0412735 -0.0333272 -0.0269398
v -0.0412577 -0.0333798 -0.0269593
v -0.0412518 -0.0334506 -0.0269908
v -0.0415158 -0.0332265 -0.0270163
v -0.0413855 -0.0331718 -0.0268968
v -0.0414157 -0.0331357 -0.0268825
v -0.0416274 -0.0330996 -0.0269528
v -0.0415107 -0.0329873 -0.0267829
v -0.042072 -0.0328559 -0.0266979
f 4 5 268
f 8 6 274
f 7 8 274
f 11 9 10
f 18 19 20
f 28 29 248
f 29 30 248
f 220 219 31
f 38 39 40
f 42 43 45
f 43 44 45
f 26 47 49
f 47 48 49
f 49 50 51
f 51 52 84
f 84 52 24
f 24 53 84
f 53 54 84
f 55 56 65
f 56 57 65
f 65 66 85
f 66 67 85
f 85 68 80
f 68 69 80
f 80 70 72
f 70 71 72
f 72 73 75
f 73 74 75
f 75 76 81
f 81 76 79
f 49 51 84
f 84 55 65
f 85 80 86
f 86 80 87
f 80 72 88
f 72 75 88
f 88 75 81
f 81 78 82
f 22 81 82
f 89 82 90
f 82 83 90
f 91 89 92
f 92 89 93
f 89 90 93
f 22 95 81
f 81 95 88
f 88 87 80
f 85 96 65
f 96 97 65
f 65 97 84
f 97 111 84
f 111 98 84
f 49 84 46
f 297 101 22
f 101 95 22
f 88 99 87
f 99 100 87
f 87 100 86
f 101 102 95
f 102 103 95
f 95 103 88
f 103 99 88
f 100 99 86
f 86 104 85
f 85 104 96
f 98 59 84
f 59 25 84
f 84 25 46
f 101 105 102
f 103 102 99
f 102 106 99
f 105 107 102
f 102 108 106
f 106 108 99
f 108 109 99
f 109 110 99
f 99 110 86
f 86 110 104
f 110 96 104
f 96 111 97
f 111 60 98
f 98 60 59
f 59 61 25
f 25 61 58
f 112 64 132
f 105 115 107
f 107 113 102
f 102 113 108
f 96 124 111
f 125 126 127
f 126 128 127
f 119 118 120
f 125 127 115
f 116 118 117
f 122 121 123
f 123 130 124
f 124 130 111
f 130 131 111
f 131 62 111
f 132 64 62
f 62 64 60
f 64 112 60
f 60 112 63
f 112 61 63
f 171 134 137
f 166 138 134
f 138 136 134
f 134 136 137
f 136 138 137
f 138 167 137
f 137 167 184
f 184 135 137
f 137 135 171
f 149 150 153
f 158 156 159
f 159 156 160
f 160 151 20
f 20 151 18
f 162 300 163
f 300 165 157
f 166 21 138
f 138 21 167
f 167 139 184
f 128 19 127
f 19 18 127
f 18 151 127
f 127 151 116
f 116 151 118
f 151 146 118
f 118 146 129
f 129 145 118
f 118 145 120
f 145 123 120
f 120 123 121
f 123 143 130
f 140 131 130
f 131 132 62
f 132 133 112
f 169 170 184
f 184 170 135
f 170 171 135
f 171 152 134
f 175 174 173
f 174 34 176
f 182 195 181
f 195 190 181
f 190 180 181
f 194 190 191
f 166 161 197
f 197 162 21
f 162 163 21
f 21 163 167
f 163 164 167
f 164 182 167
f 167 182 139
f 182 181 139
f 139 181 188
f 188 181 189
f 189 181 180
f 179 178 168
f 139 168 184
f 190 195 191
f 193 201 202
f 192 202 194
f 202 304 194
f 194 304 190
f 15 198 204
f 204 198 16
f 304 203 204
f 291 17 292
f 206 177 205
f 199 207 187
f 207 17 187
f 17 207 177
f 177 207 205
f 205 207 37
f 40 36 38
f 36 37 38
f 38 37 210
f 211 210 209
f 209 210 37
f 37 35 206
f 166 197 21
f 139 188 168
f 168 188 179
f 179 188 178
f 188 189 178
f 189 180 178
f 180 16 200
f 200 16 199
f 199 16 198
f 31 32 220
f 295 213 215
f 172 218 173
f 173 218 175
f 215 213 216
f 216 213 217
f 217 213 172
f 213 294 172
f 172 294 218
f 294 292 218
f 292 17 218
f 218 17 175
f 17 177 175
f 175 177 174
f 177 206 174
f 221 222 32
f 32 222 220
f 222 223 220
f 220 223 219
f 223 224 219
f 224 225 219
f 219 225 33
f 225 176 33
f 224 223 225
f 208 209 207
f 207 209 37
f 37 206 205
f 206 34 174
f 176 225 174
f 174 225 173
f 173 225 172
f 225 223 172
f 172 223 217
f 217 223 216
f 216 223 215
f 223 222 215
f 215 222 214
f 226 227 239
f 239 227 229
f 227 228 229
f 229 231 230
f 230 231 232
f 232 233 230
f 233 234 230
f 230 234 236
f 234 235 236
f 236 237 242
f 242 237 14
f 27 239 238
f 239 229 240
f 229 230 240
f 230 236 240
f 243 244 247
f 244 245 247
f 236 242 240
f 242 246 240
f 240 246 239
f 242 247 256
f 12 13 249
f 13 250 251
f 249 13 247
f 13 251 247
f 256 252 242
f 242 252 246
f 11 10 253
f 7 274 10
f 241 243 242
f 243 247 242
f 247 251 256
f 256 251 254
f 254 251 10
f 251 250 10
f 10 250 253
f 254 248 255
f 255 248 256
f 256 248 257
f 248 30 257
f 30 256 257
f 255 256 254
f 283 258 10
f 258 259 10
f 10 259 254
f 246 252 30
f 30 252 256
f 254 259 248
f 248 259 260
f 261 262 260
f 260 262 248
f 262 28 248
f 6 263 264
f 263 265 264
f 266 267 268
f 3 269 270
f 270 271 42
f 271 272 42
f 272 273 42
f 42 273 41
f 46 58 42
f 58 270 42
f 42 45 46
f 6 264 274
f 268 267 4
f 58 46 25
f 46 45 49
f 49 45 26
f 274 283 10
f 258 283 259
f 262 296 28
f 296 32 28
f 32 212 28
f 279 262 280
f 282 288 280
f 278 277 283
f 277 276 283
f 283 276 284
f 284 276 280
f 276 282 280
f 288 281 280
f 287 286 268
f 268 286 278
f 286 287 278
f 287 277 278
f 277 282 276
f 285 282 277
f 287 268 3
f 3 268 2
f 152 148 134
f 148 149 134
f 149 153 134
f 134 153 166
f 153 150 166
f 150 154 166
f 166 154 161
f 154 155 161
f 270 58 3
f 3 58 287
f 287 275 277
f 275 285 277
f 285 140 152
f 140 141 152
f 141 142 152
f 142 143 152
f 152 143 148
f 148 143 149
f 143 144 149
f 144 145 149
f 145 146 149
f 149 146 150
f 146 151 150
f 150 151 154
f 151 147 154
f 147 157 154
f 154 157 155
f 155 157 161
f 157 165 161
f 165 300 161
f 161 300 197
f 197 300 162
f 164 163 182
f 182 163 183
f 289 288 290
f 208 199 198
f 200 186 180
f 180 186 178
f 186 185 178
f 185 184 178
f 178 184 168
f 170 295 171
f 295 290 171
f 171 290 152
f 152 290 285
f 290 288 285
f 285 288 282
f 288 289 281
f 289 296 281
f 281 296 280
f 296 1 280
f 280 1 279
f 279 1 262
f 17 291 187
f 187 291 199
f 291 292 199
f 199 292 200
f 200 292 186
f 186 292 185
f 292 293 185
f 185 293 184
f 293 294 184
f 184 294 169
f 169 295 170
f 296 262 1
f 77 23 78
f 23 82 78
f 82 89 22
f 89 91 22
f 22 91 297
f 297 298 101
f 101 298 105
f 298 114 105
f 105 114 115
f 115 127 107
f 127 116 107
f 116 117 107
f 107 117 113
f 117 118 113
f 118 119 113
f 119 120 113
f 113 120 108
f 120 121 108
f 108 121 109
f 109 121 110
f 121 122 110
f 122 123 110
f 110 123 96
f 123 124 96
f 111 62 60
f 60 63 59
f 63 61 59
f 61 112 58
f 58 112 287
f 287 112 275
f 112 133 275
f 275 133 285
f 133 132 285
f 285 132 140
f 132 131 140
f 141 140 142
f 140 130 142
f 142 130 143
f 143 123 144
f 144 123 145
f 145 129 146
f 151 160 147
f 147 160 157
f 160 156 157
f 156 158 157
f 158 299 157
f 157 299 300
f 300 301 163
f 301 302 163
f 302 303 163
f 193 202 303
f 303 202 163
f 202 192 163
f 163 192 183
f 192 194 183
f 183 194 182
f 194 191 182
f 182 191 195
f 190 196 180
f 180 196 16
f 196 190 16
f 16 190 204
f 190 304 204
f 304 202 305
f 305 202 306
f 306 202 307
f 307 202 308
f 308 202 309
f 202 201 309
f 198 343 208
f 208 207 199
f 293 292 294
f 294 213 169
f 169 213 295
f 215 214 295
f 295 214 290
f 290 214 289
f 214 222 289
f 222 221 289
f 289 221 296
f 221 32 296
f 262 261 280
f 261 260 280
f 260 259 280
f 259 283 280
f 280 283 284
f 283 274 278
f 278 274 268
f 274 264 268
f 264 265 268
f 268 265 266
f 310 311 301
f 312 313 314
f 315 312 306
f 306 312 305
f 312 314 305
f 305 314 304
f 315 306 316
f 306 307 316
f 316 307 317
f 307 308 317
f 317 308 318
f 308 309 318
f 309 201 318
f 318 201 319
f 201 193 319
f 319 193 320
f 193 303 320
f 320 303 302
f 301 311 302
f 311 321 302
f 302 321 320
f 158 159 322
f 301 300 310
f 300 299 310
f 310 299 323
f 299 158 323
f 323 158 324
f 158 322 324
f 160 325 159
f 325 326 159
f 159 326 322
f 160 20 325
f 325 20 327
f 20 19 327
f 327 19 328
f 19 128 328
f 328 128 329
f 128 126 329
f 329 126 330
f 126 125 330
f 330 125 331
f 125 115 331
f 331 115 114
f 298 332 114
f 332 333 114
f 114 333 331
f 297 334 298
f 334 335 298
f 298 335 332
f 297 91 334
f 334 91 336
f 91 92 336
f 336 92 337
f 92 93 337
f 337 93 338
f 338 93 339
f 93 90 339
f 339 90 94
f 340 39 341
f 39 38 341
f 341 38 342
f 38 210 342
f 210 211 342
f 211 209 343
f 209 208 343
f 343 198 344
f 198 15 344
f 344 15 345
f 15 346 345
f 15 204 346
f 204 203 346
f 346 203 314
f 203 304 314
f 39 340 347
f 348 349 36
f 176 34 1467
f 1467 34 1466
f 350 351 40
f 351 352 40
f 352 353 40
f 40 353 36
f 353 354 36
f 36 354 355
f 35 37 1466
f 1466 37 356
f 37 36 356
f 357 358 40
f 358 359 40
f 40 359 350
f 360 361 36
f 361 362 36
f 36 362 356
f 355 363 36
f 363 364 36
f 36 364 348
f 365 366 40
f 366 367 40
f 40 367 357
f 349 368 36
f 368 369 36
f 36 369 360
f 39 347 40
f 347 370 40
f 40 370 365
f 34 206 1466
f 206 35 1466
f 313 371 314
f 371 372 314
f 314 372 346
f 347 340 373
f 340 372 373
f 343 344 372
f 344 345 372
f 372 345 346
f 374 498 375
f 371 376 372
f 376 498 372
f 372 498 377
f 340 341 372
f 341 342 372
f 372 342 211
f 374 377 498
f 211 343 372
f 378 379 549
f 529 381 382
f 385 386 377
f 549 391 417
f 396 397 529
f 381 529 398
f 402 403 405
f 403 404 405
f 526 410 407
f 416 373 372
f 416 372 377
f 390 422 424
f 423 425 424
f 425 426 424
f 424 426 427
f 427 428 433
f 433 429 565
f 429 430 565
f 431 565 432
f 435 433 565
f 427 434 424
f 441 442 443
f 443 442 389
f 389 442 444
f 444 442 474
f 488 389 447
f 449 448 450
f 453 488 447
f 454 451 455
f 446 456 455
f 446 445 457
f 412 473 411
f 473 464 393
f 467 466 468
f 466 460 468
f 469 460 470
f 460 461 470
f 476 461 471
f 461 462 471
f 471 462 472
f 462 463 472
f 466 387 465
f 465 387 473
f 473 387 464
f 474 442 419
f 419 442 420
f 420 442 475
f 475 442 557
f 557 442 459
f 459 442 463
f 442 441 463
f 463 441 472
f 441 492 472
f 472 492 471
f 492 476 471
f 476 470 461
f 470 477 469
f 469 477 460
f 477 468 460
f 468 478 467
f 467 478 466
f 478 479 466
f 479 387 466
f 453 447 452
f 452 447 451
f 447 448 455
f 455 448 446
f 448 449 446
f 446 449 450
f 450 439 446
f 446 439 445
f 389 488 388
f 388 488 486
f 486 488 483
f 483 488 482
f 482 488 487
f 453 452 488
f 488 489 487
f 487 489 481
f 481 490 480
f 482 487 476
f 487 481 476
f 480 490 468
f 468 490 478
f 491 444 474
f 443 492 441
f 491 448 444
f 448 447 444
f 447 389 444
f 389 388 443
f 388 486 443
f 443 486 492
f 486 483 492
f 483 482 492
f 492 482 476
f 476 481 470
f 481 480 470
f 470 480 477
f 477 480 468
f 497 494 498
f 413 414 496
f 495 500 414
f 501 493 490
f 494 502 495
f 501 377 493
f 498 494 375
f 494 493 375
f 377 374 493
f 493 374 375
f 485 503 484
f 503 504 484
f 484 504 499
f 505 506 499
f 499 506 507
f 507 508 490
f 508 385 490
f 490 385 501
f 385 377 501
f 502 415 495
f 510 511 512
f 529 520 398
f 402 519 523
f 521 519 513
f 513 519 540
f 540 519 510
f 510 519 511
f 519 402 511
f 395 396 400
f 396 529 400
f 400 529 511
f 522 401 402
f 405 406 400
f 400 406 399
f 514 384 521
f 521 384 519
f 384 523 519
f 518 384 516
f 383 407 524
f 407 408 524
f 409 526 525
f 526 407 383
f 516 517 515
f 516 527 518
f 518 527 383
f 382 528 529
f 535 529 530
f 530 529 531
f 529 528 531
f 532 533 543
f 534 536 535
f 535 536 532
f 536 537 532
f 537 538 532
f 397 520 529
f 509 529 539
f 529 535 539
f 543 541 532
f 532 539 535
f 509 539 540
f 542 543 380
f 532 544 539
f 539 544 540
f 546 545 542
f 548 547 545
f 551 378 418
f 418 378 549
f 547 551 545
f 545 551 553
f 521 554 514
f 554 560 514
f 553 551 550
f 550 551 418
f 417 552 555
f 435 436 433
f 436 437 433
f 437 438 433
f 433 438 427
f 438 439 427
f 427 439 434
f 434 440 424
f 424 440 390
f 440 419 390
f 418 420 421
f 420 557 421
f 521 513 554
f 554 553 560
f 560 553 561
f 524 402 383
f 402 523 383
f 383 523 518
f 518 523 384
f 384 514 516
f 516 514 517
f 517 514 515
f 515 514 558
f 558 514 559
f 559 514 560
f 561 553 557
f 557 553 421
f 553 550 421
f 550 418 421
f 418 549 420
f 549 417 420
f 420 417 419
f 417 555 419
f 419 555 390
f 555 556 390
f 524 522 402
f 405 400 402
f 402 400 511
f 511 529 512
f 512 529 510
f 529 509 510
f 510 509 540
f 540 544 513
f 544 532 513
f 513 532 554
f 532 541 554
f 554 541 553
f 553 541 543
f 543 542 553
f 553 542 545
f 551 547 378
f 378 547 379
f 455 451 447
f 392 464 413
f 464 387 413
f 413 387 414
f 414 387 495
f 387 479 495
f 479 478 495
f 495 478 494
f 494 478 493
f 478 490 493
f 490 481 507
f 481 489 507
f 507 489 499
f 489 488 499
f 488 452 499
f 499 452 484
f 484 452 485
f 394 525 412
f 525 526 412
f 412 526 473
f 473 526 465
f 465 526 466
f 526 383 466
f 383 527 466
f 466 527 460
f 527 516 460
f 460 516 461
f 516 515 461
f 515 558 461
f 558 559 461
f 461 559 462
f 559 560 462
f 560 561 462
f 462 561 463
f 463 561 459
f 561 557 459
f 557 420 475
f 419 440 474
f 474 440 491
f 491 440 448
f 440 434 448
f 448 434 450
f 434 439 450
f 438 437 439
f 439 437 445
f 437 436 445
f 436 435 445
f 445 435 458
f 458 435 562
f 562 435 563
f 563 435 564
f 435 565 564
f 400 399 566
f 495 415 567
f 376 371 568
f 494 497 569
f 569 497 568
f 497 498 568
f 568 498 376
f 567 415 569
f 415 502 569
f 569 502 494
f 414 570 496
f 570 571 496
f 496 571 413
f 414 500 570
f 570 500 567
f 500 495 567
f 464 572 393
f 572 573 393
f 393 573 473
f 464 392 572
f 572 392 571
f 392 413 571
f 412 574 394
f 574 575 394
f 394 575 525
f 412 411 574
f 574 411 573
f 411 473 573
f 526 576 410
f 576 577 410
f 410 577 407
f 526 409 576
f 576 409 575
f 409 525 575
f 577 578 579
f 407 577 408
f 577 579 408
f 408 579 524
f 403 402 580
f 402 401 580
f 580 401 581
f 401 522 581
f 581 522 579
f 522 524 579
f 566 399 582
f 399 406 582
f 582 406 583
f 580 584 403
f 584 585 403
f 403 585 404
f 585 583 404
f 404 583 405
f 583 406 405
f 400 566 395
f 566 586 395
f 395 586 396
f 586 587 396
f 396 587 397
f 587 588 397
f 397 588 520
f 671 381 589
f 381 398 589
f 589 398 590
f 398 520 590
f 590 520 591
f 520 588 591
f 594 592 371
f 569 568 574
f 339 315 316
f 313 312 339
f 312 315 339
f 371 592 568
f 592 578 568
f 568 578 577
f 316 317 339
f 317 318 339
f 339 318 319
f 593 594 371
f 577 576 568
f 576 575 568
f 568 575 574
f 571 574 572
f 574 573 572
f 571 570 574
f 570 567 574
f 574 567 569
f 371 595 593
f 371 94 595
f 313 339 371
f 339 94 371
f 327 328 325
f 328 329 325
f 325 329 326
f 329 330 326
f 326 330 322
f 330 331 322
f 322 331 324
f 331 333 324
f 324 333 323
f 333 332 323
f 323 332 310
f 332 335 310
f 310 335 311
f 335 334 311
f 311 334 321
f 334 336 321
f 321 336 320
f 336 337 320
f 320 337 319
f 337 338 319
f 319 338 339
f 349 446 457
f 507 506 350
f 373 416 347
f 416 370 347
f 386 366 365
f 370 416 365
f 416 377 365
f 365 377 386
f 366 386 367
f 386 385 367
f 367 385 357
f 357 385 358
f 385 508 358
f 358 508 359
f 359 508 350
f 508 507 350
f 354 353 505
f 353 352 505
f 505 352 506
f 352 351 506
f 506 351 350
f 505 499 354
f 499 504 354
f 354 504 355
f 504 503 355
f 355 503 363
f 503 485 363
f 363 485 364
f 485 452 364
f 452 451 364
f 451 454 364
f 364 454 348
f 454 455 348
f 455 456 348
f 348 456 349
f 456 446 349
f 445 369 457
f 369 368 457
f 457 368 349
f 445 458 369
f 369 458 360
f 458 562 360
f 360 562 361
f 562 563 361
f 361 563 362
f 563 564 362
f 362 564 356
f 564 565 356
f 565 431 356
f 356 431 1466
f 81 79 596
f 75 74 597
f 84 54 598
f 253 250 599
f 238 601 27
f 601 602 27
f 27 602 239
f 239 602 226
f 602 603 226
f 226 603 227
f 603 604 227
f 227 604 228
f 604 605 228
f 228 605 229
f 606 231 605
f 231 229 605
f 607 608 235
f 235 234 607
f 234 233 607
f 607 233 606
f 233 232 606
f 606 232 231
f 609 14 610
f 14 237 610
f 610 237 608
f 237 236 608
f 608 236 235
f 611 612 245
f 245 244 611
f 244 243 611
f 611 243 613
f 243 241 613
f 613 241 609
f 241 242 609
f 609 242 14
f 599 250 614
f 250 13 614
f 13 12 614
f 614 12 615
f 12 249 615
f 615 249 612
f 249 247 612
f 612 247 245
f 253 599 11
f 599 616 11
f 11 616 9
f 616 617 9
f 9 617 10
f 10 617 7
f 617 618 7
f 7 618 8
f 619 6 618
f 6 8 618
f 620 266 621
f 266 265 621
f 621 265 619
f 265 263 619
f 619 263 6
f 622 5 623
f 5 4 623
f 623 4 620
f 4 267 620
f 620 267 266
f 624 625 269
f 269 3 624
f 3 2 624
f 624 2 622
f 2 268 622
f 622 268 5
f 626 627 41
f 41 273 626
f 273 272 626
f 626 272 628
f 272 271 628
f 628 271 625
f 271 270 625
f 625 270 269
f 629 44 630
f 44 43 630
f 630 43 627
f 43 42 627
f 627 42 41
f 631 632 48
f 48 47 631
f 47 26 631
f 631 26 629
f 26 45 629
f 629 45 44
f 633 634 52
f 52 51 633
f 51 50 633
f 633 50 632
f 50 49 632
f 632 49 48
f 598 54 635
f 54 53 635
f 635 53 634
f 53 24 634
f 634 24 52
f 636 67 637
f 67 66 637
f 637 66 638
f 66 65 638
f 65 57 638
f 638 57 639
f 57 56 639
f 639 56 598
f 56 55 598
f 598 55 84
f 640 71 641
f 71 70 641
f 641 70 642
f 70 80 642
f 80 69 642
f 642 69 643
f 69 68 643
f 643 68 636
f 68 85 636
f 636 85 67
f 597 74 644
f 74 73 644
f 644 73 640
f 73 72 640
f 640 72 71
f 596 79 645
f 79 76 645
f 645 76 597
f 76 75 597
f 94 90 600
f 90 83 600
f 600 83 646
f 83 82 646
f 82 23 646
f 646 23 647
f 23 77 647
f 647 77 596
f 77 78 596
f 596 78 81
f 612 611 648
f 614 615 648
f 616 599 648
f 618 617 648
f 621 619 649
f 623 620 649
f 624 622 649
f 628 625 649
f 603 602 652
f 602 601 652
f 600 646 664
f 647 596 664
f 645 597 664
f 644 640 664
f 641 642 653
f 643 636 653
f 637 638 653
f 639 598 653
f 635 634 654
f 633 632 654
f 631 629 654
f 630 627 654
f 628 649 626
f 613 609 652
f 609 610 652
f 610 608 652
f 608 607 652
f 607 606 652
f 606 605 652
f 605 604 652
f 652 604 603
f 652 656 655
f 655 656 658
f 611 613 648
f 613 652 648
f 648 652 655
f 615 612 648
f 599 614 648
f 648 655 658
f 617 616 648
f 658 657 660
f 619 618 649
f 618 648 649
f 620 621 649
f 660 657 661
f 661 657 659
f 703 659 651
f 622 623 649
f 649 648 658
f 703 651 663
f 625 624 649
f 662 659 703
f 663 650 700
f 627 626 654
f 626 649 654
f 649 658 701
f 701 658 660
f 661 659 662
f 594 675 666
f 666 675 667
f 675 672 667
f 667 672 668
f 668 672 669
f 669 672 670
f 670 672 671
f 674 672 675
f 677 675 676
f 680 665 681
f 683 681 653
f 681 664 653
f 600 664 94
f 646 647 664
f 672 673 671
f 596 645 664
f 665 680 679
f 672 674 673
f 673 674 671
f 597 644 664
f 674 682 671
f 640 641 664
f 641 653 664
f 683 684 681
f 681 684 680
f 680 684 679
f 678 685 677
f 685 686 677
f 686 687 677
f 677 687 675
f 687 688 675
f 675 688 674
f 688 689 674
f 674 689 682
f 642 643 653
f 688 687 689
f 687 690 689
f 636 637 653
f 684 691 679
f 679 691 678
f 691 685 678
f 687 692 690
f 690 692 689
f 638 639 653
f 686 693 687
f 687 693 692
f 598 635 653
f 635 654 653
f 653 654 683
f 654 649 683
f 649 695 683
f 683 695 684
f 684 695 691
f 691 696 685
f 696 697 685
f 685 697 686
f 686 697 693
f 697 694 693
f 693 694 692
f 634 633 654
f 696 698 697
f 697 699 694
f 699 700 694
f 632 631 654
f 649 701 695
f 695 701 691
f 701 702 691
f 702 696 691
f 696 703 698
f 703 663 698
f 663 699 698
f 698 699 697
f 700 704 694
f 704 705 694
f 629 630 654
f 701 660 702
f 702 660 696
f 660 661 696
f 661 662 696
f 696 662 703
f 663 700 699
f 585 584 667
f 579 578 592
f 666 581 594
f 581 579 594
f 667 584 666
f 584 580 666
f 666 580 581
f 668 582 667
f 582 583 667
f 667 583 585
f 669 670 588
f 588 587 669
f 587 586 669
f 669 586 668
f 586 566 668
f 668 566 582
f 671 589 670
f 589 590 670
f 590 591 670
f 670 591 588
f 681 595 664
f 664 595 94
f 665 595 681
f 665 593 595
f 679 593 665
f 579 592 594
f 675 594 676
f 676 594 677
f 594 593 677
f 677 593 678
f 678 593 679
f 692 694 706
f 694 705 706
f 381 671 682
f 682 689 381
f 381 689 706
f 689 692 706
f 176 1467 707
f 707 1467 714
f 30 29 708
f 31 219 709
f 710 711 712
f 707 713 709
f 219 33 707
f 33 176 707
f 710 712 715
f 712 716 715
f 715 716 717
f 723 721 707
f 709 28 212
f 709 219 707
f 720 718 741
f 720 722 719
f 707 3378 713
f 708 29 709
f 29 28 709
f 724 725 726
f 238 239 708
f 239 246 708
f 246 30 708
f 741 727 720
f 212 32 709
f 709 32 31
f 700 650 715
f 725 728 726
f 728 729 726
f 726 729 730
f 730 731 726
f 731 732 726
f 726 732 733
f 707 734 723
f 720 727 722
f 717 706 715
f 706 705 715
f 705 704 715
f 715 704 700
f 733 737 726
f 737 738 726
f 726 738 739
f 734 740 723
f 723 740 3317
f 735 736 718
f 736 741 718
f 651 726 663
f 726 715 663
f 715 650 663
f 651 659 726
f 238 708 601
f 708 742 601
f 739 743 726
f 743 744 726
f 726 744 745
f 745 746 726
f 746 747 726
f 726 747 748
f 748 749 726
f 749 750 726
f 726 750 718
f 750 751 718
f 718 751 735
f 659 657 726
f 726 657 658
f 763 752 726
f 726 752 724
f 721 753 707
f 753 3377 707
f 3377 3378 707
f 736 735 754
f 735 755 754
f 754 755 740
f 755 756 740
f 740 756 757
f 658 656 726
f 757 758 740
f 758 3317 740
f 656 652 726
f 742 759 601
f 786 761 601
f 726 652 601
f 601 783 760
f 761 783 601
f 601 759 786
f 760 762 601
f 601 762 726
f 762 763 726
f 3258 764 859
f 763 765 752
f 752 765 766
f 752 766 3258
f 3258 766 764
f 767 768 866
f 778 779 780
f 761 786 785
f 832 760 789
f 791 760 790
f 763 762 791
f 792 759 793
f 793 759 794
f 794 759 784
f 759 742 784
f 795 796 803
f 797 798 803
f 799 800 803
f 801 802 803
f 804 805 816
f 806 807 816
f 808 809 816
f 810 811 816
f 812 813 816
f 814 815 816
f 817 818 833
f 819 820 836
f 821 822 836
f 823 824 825
f 825 826 827
f 781 782 827
f 792 795 759
f 795 803 759
f 759 803 786
f 796 797 803
f 798 799 803
f 786 803 785
f 785 803 761
f 800 801 803
f 803 816 761
f 816 787 761
f 802 804 803
f 804 816 803
f 787 828 761
f 761 828 783
f 805 806 816
f 816 828 787
f 828 788 783
f 807 808 816
f 788 789 783
f 809 810 816
f 816 829 828
f 829 830 828
f 828 830 788
f 830 789 788
f 783 789 760
f 811 812 816
f 830 831 789
f 831 832 789
f 813 814 816
f 816 833 829
f 829 833 830
f 833 834 830
f 834 831 830
f 831 835 832
f 832 835 760
f 791 762 760
f 815 817 816
f 817 833 816
f 834 833 831
f 833 839 831
f 835 790 760
f 790 838 791
f 791 838 763
f 818 819 833
f 819 836 833
f 836 839 833
f 839 837 831
f 831 837 835
f 838 765 763
f 820 821 836
f 839 840 837
f 837 840 835
f 840 841 835
f 841 842 835
f 835 842 790
f 842 843 790
f 822 823 836
f 823 825 836
f 825 827 836
f 827 844 836
f 836 844 839
f 790 843 838
f 838 766 765
f 844 840 839
f 841 840 842
f 843 766 838
f 782 780 827
f 827 780 844
f 780 846 844
f 844 846 840
f 842 845 843
f 843 845 766
f 778 780 782
f 780 849 846
f 846 847 840
f 847 848 840
f 840 848 842
f 848 851 842
f 842 851 845
f 852 766 845
f 779 777 780
f 777 849 780
f 849 850 846
f 851 852 845
f 852 764 766
f 775 776 849
f 776 774 849
f 774 850 849
f 850 847 846
f 847 853 848
f 848 853 851
f 851 854 852
f 854 855 852
f 852 855 764
f 773 774 776
f 774 772 850
f 772 856 850
f 771 772 774
f 772 857 856
f 856 857 850
f 850 857 847
f 857 860 847
f 847 860 853
f 853 858 851
f 858 854 851
f 855 859 764
f 769 770 772
f 770 866 772
f 772 866 857
f 860 864 853
f 853 864 858
f 858 864 854
f 767 866 770
f 866 861 857
f 861 862 857
f 857 862 860
f 860 863 864
f 854 864 855
f 855 864 859
f 768 865 866
f 862 861 860
f 863 867 864
f 867 868 864
f 868 869 864
f 869 870 864
f 870 871 864
f 871 872 864
f 872 873 864
f 873 874 864
f 864 874 859
f 881 880 882
f 883 2547 2484
f 2484 2547 883
f 2484 887 886
f 891 890 892
f 898 899 900
f 898 900 901
f 900 902 901
f 901 902 903
f 902 904 903
f 903 904 905
f 904 906 905
f 905 906 907
f 906 908 907
f 907 908 909
f 908 910 909
f 909 910 911
f 910 912 911
f 911 912 913
f 912 914 913
f 913 914 915
f 914 916 915
f 915 916 917
f 916 918 917
f 917 918 919
f 918 920 919
f 919 920 921
f 920 922 921
f 921 922 923
f 922 924 923
f 923 924 925
f 924 926 925
f 925 926 927
f 926 928 927
f 927 928 929
f 928 930 929
f 929 930 931
f 930 932 931
f 931 932 933
f 932 934 933
f 933 934 935
f 937 938 939
f 940 1235 941
f 937 939 942
f 939 943 942
f 942 943 944
f 943 945 944
f 944 945 946
f 945 947 946
f 946 947 948
f 947 949 948
f 948 949 950
f 949 951 950
f 950 951 952
f 951 953 952
f 952 953 954
f 953 955 954
f 954 955 956
f 955 957 956
f 956 957 958
f 957 959 958
f 958 959 960
f 959 961 960
f 960 961 962
f 961 963 962
f 962 963 964
f 963 965 964
f 964 965 966
f 965 967 966
f 966 967 968
f 967 969 968
f 968 969 970
f 969 971 970
f 970 971 972
f 971 940 972
f 972 940 936
f 940 941 936
f 936 941 2547
f 973 995 974
f 974 995 975
f 975 995 976
f 976 995 977
f 977 995 978
f 978 995 979
f 979 995 980
f 980 995 981
f 981 995 982
f 995 983 982
f 982 983 984
f 984 983 985
f 985 983 986
f 986 983 987
f 987 983 988
f 988 983 989
f 989 983 990
f 990 983 991
f 983 992 991
f 991 992 993
f 992 994 993
f 996 997 995
f 997 998 995
f 998 999 995
f 995 999 983
f 999 1000 983
f 1001 992 983
f 1001 1002 992
f 998 997 999
f 997 1003 999
f 999 1003 1000
f 1003 1004 1000
f 1000 1004 983
f 983 1004 1001
f 1004 1005 1001
f 1005 1010 1001
f 1001 1010 1002
f 1002 1006 3061
f 996 1007 997
f 1007 1008 997
f 1008 1009 997
f 997 1009 1003
f 1003 1011 1004
f 1010 1006 1002
f 1011 1005 1004
f 1010 1012 1006
f 1012 1013 1006
f 996 1014 1007
f 1008 1007 1009
f 1007 1015 1009
f 1009 1015 1003
f 1015 1018 1003
f 1018 1011 1003
f 1005 1016 1010
f 1010 1016 1012
f 1012 1017 1013
f 1018 1019 1011
f 1011 1019 1005
f 1005 1019 1016
f 1012 1020 1017
f 1021 1022 1014
f 1022 1023 1014
f 1014 1023 1007
f 1023 1024 1007
f 1007 1024 1015
f 1024 1026 1015
f 1026 1018 1015
f 1019 1027 1016
f 1012 1025 1020
f 1026 1039 1018
f 1018 1039 1019
f 1019 1034 1027
f 1027 1028 1016
f 1016 1028 1012
f 1012 1028 1025
f 1028 1029 1025
f 1022 1021 1023
f 1021 1030 1023
f 1023 1030 1024
f 1030 1026 1024
f 1039 1031 1019
f 1019 1031 1034
f 1028 1032 1029
f 1030 1033 1026
f 1033 1039 1026
f 1027 1034 1028
f 1034 1035 1028
f 1028 1035 1032
f 1035 1036 1032
f 1021 1037 1030
f 1037 1038 1030
f 1038 1033 1030
f 1039 1042 1031
f 1035 1040 1036
f 1038 1041 1033
f 1033 1041 1039
f 1039 1048 1042
f 1042 1043 1031
f 1031 1043 1034
f 1043 1044 1034
f 1044 1045 1034
f 1034 1045 1035
f 1035 1045 1040
f 1045 1046 1040
f 1038 1047 1041
f 1041 1047 1039
f 1039 1047 1048
f 1048 1043 1042
f 1044 1043 1045
f 1045 1049 1046
f 937 942 1037
f 942 944 1037
f 1037 944 1038
f 944 946 1038
f 946 948 1038
f 1038 948 1047
f 948 950 1047
f 1047 950 1048
f 950 952 1048
f 952 954 1048
f 954 956 1048
f 956 958 1048
f 1048 958 1043
f 958 960 1043
f 960 962 1043
f 962 964 1043
f 964 966 1043
f 1043 966 1045
f 966 968 1045
f 968 970 1045
f 970 972 1045
f 972 936 1045
f 1045 936 1049
f 936 2547 1049
f 1050 973 974
f 1050 974 1051
f 974 975 1051
f 1051 975 1052
f 975 976 1052
f 1052 976 1053
f 976 977 1053
f 1053 977 1054
f 977 978 1054
f 1054 978 1055
f 978 979 1055
f 1055 979 1056
f 979 980 1056
f 1056 980 1057
f 980 981 1057
f 1057 981 1058
f 981 982 1058
f 1058 982 1059
f 982 984 1059
f 1059 984 1060
f 984 985 1060
f 1060 985 1061
f 985 986 1061
f 1061 986 1062
f 986 987 1062
f 1062 987 1063
f 987 988 1063
f 1063 988 1064
f 988 989 1064
f 1064 989 1065
f 989 990 1065
f 1065 990 1066
f 990 991 1066
f 1066 991 1067
f 991 993 1067
f 1067 993 2539
f 1070 1069 1071
f 1072 1071 1073
f 1073 1071 1074
f 1071 1088 1074
f 1074 1088 1075
f 1075 1088 1076
f 1076 1088 1077
f 1077 1088 1078
f 1088 1079 1078
f 1080 1079 1081
f 1082 1081 1083
f 1083 1081 1084
f 1084 2557 1085
f 1086 1087 1069
f 1069 1087 1071
f 1079 1089 1081
f 1084 1081 2557
f 1081 1091 2557
f 2557 1091 1090
f 1091 1092 1090
f 1071 1087 1088
f 1087 1093 1088
f 1093 1094 1088
f 1088 1094 1079
f 1094 1095 1079
f 1095 1096 1079
f 1079 1096 1089
f 1089 1097 1081
f 1081 1097 1091
f 1091 1098 1092
f 1091 1099 1098
f 1086 1100 1087
f 1100 1101 1087
f 1101 1102 1087
f 1102 1093 1087
f 1094 1093 1095
f 1095 1093 1096
f 1096 1103 1089
f 1089 1103 1097
f 1091 1104 1099
f 1096 1105 1103
f 1103 1105 1097
f 1105 1106 1097
f 1106 1107 1097
f 1097 1107 1091
f 1091 1107 1104
f 1107 1108 1104
f 1100 1109 1101
f 1102 1101 1093
f 1101 1117 1093
f 1117 1110 1093
f 1110 1111 1093
f 1093 1111 1096
f 1111 1112 1096
f 1096 1112 1105
f 1107 1113 1108
f 1105 1112 1106
f 1106 1112 1107
f 1112 1114 1107
f 1107 1114 1113
f 1114 1115 1113
f 2218 1116 1109
f 1109 1116 1101
f 1116 1117 1101
f 1110 1117 1111
f 1117 1118 1111
f 1111 1118 1112
f 1114 1119 1115
f 1117 1120 1118
f 1118 1120 1112
f 1120 1121 1112
f 1121 1122 1112
f 1112 1122 1114
f 1114 1122 1119
f 1122 1123 1119
f 2218 1130 1116
f 1130 1124 1116
f 1116 1124 1117
f 1124 1125 1117
f 1125 1127 1117
f 1117 1127 1120
f 1122 1126 1123
f 1120 1127 1121
f 1127 1128 1121
f 1121 1128 1122
f 1122 1128 1126
f 1128 1129 1126
f 1128 1131 1129
f 1124 1132 1125
f 1125 1132 1127
f 1132 1133 1127
f 1133 1134 1127
f 1134 1135 1127
f 1127 1135 1128
f 1135 1136 1128
f 1136 1137 1128
f 1128 1137 1131
f 1137 1138 1131
f 2252 1139 1130
f 1130 1139 1124
f 1139 1140 1124
f 1124 1140 1132
f 1137 1141 1138
f 1140 1139 1132
f 1134 1133 1135
f 1137 1136 1141
f 1136 1142 1141
f 2252 1050 1139
f 1050 1051 1139
f 1051 1052 1139
f 1052 1053 1139
f 1053 1054 1139
f 1054 1055 1139
f 1139 1055 1132
f 1055 1056 1132
f 1056 1057 1132
f 1132 1057 1133
f 1057 1058 1133
f 1058 1059 1133
f 1059 1060 1133
f 1060 1061 1133
f 1133 1061 1135
f 1061 1062 1135
f 1062 1063 1135
f 1135 1063 1136
f 1063 1064 1136
f 1064 1065 1136
f 1065 1066 1136
f 1066 1067 1136
f 1136 1067 1142
f 1067 2539 1142
f 1143 1144 1145
f 1143 1145 1146
f 1145 1147 1146
f 1146 1147 1148
f 1147 1149 1148
f 1148 1149 1150
f 1149 1151 1150
f 1150 1151 1152
f 1151 1153 1152
f 1152 1153 1154
f 1155 1156 1157
f 1157 1158 1155
f 1158 1159 1155
f 1155 1159 1153
f 1159 1160 1153
f 1153 1160 1154
f 1161 1162 1163
f 1163 1164 1161
f 1164 1165 1161
f 1161 1165 1156
f 1165 1166 1156
f 1156 1166 1157
f 1167 1168 1169
f 1169 1170 1167
f 1170 1171 1167
f 1167 1171 1162
f 1171 1172 1162
f 1162 1172 1163
f 1173 1174 1175
f 1175 1176 1173
f 1176 1177 1173
f 1173 1177 1168
f 1177 1178 1168
f 1168 1178 1169
f 1179 1180 1181
f 1181 1182 1179
f 1182 1183 1179
f 1179 1183 1174
f 1183 1184 1174
f 1174 1184 1175
f 1185 1186 1187
f 1187 1188 1185
f 1188 1189 1185
f 1185 1189 1180
f 1189 1190 1180
f 1180 1190 1181
f 1191 1192 1193
f 1193 1194 1191
f 1194 1195 1191
f 1191 1195 1186
f 1195 1196 1186
f 1186 1196 1187
f 1197 1198 1199
f 1198 1200 1199
f 1199 1200 1192
f 1200 1201 1192
f 1192 1201 1193
f 1199 1202 1197
f 1202 1203 1197
f 1197 1203 1204
f 1203 1205 1204
f 1204 1205 1206
f 1205 1207 1206
f 1206 1207 1208
f 1207 1209 1208
f 1208 1209 1210
f 1209 1211 1210
f 1210 1211 1212
f 1211 1213 1212
f 1212 1213 1214
f 1213 1215 1214
f 1214 1215 1216
f 1215 1217 1216
f 1216 1217 1218
f 1217 1219 1218
f 1218 1219 1220
f 1219 1221 1220
f 1220 1221 1222
f 947 945 1223
f 945 943 1223
f 943 939 1223
f 1223 939 938
f 1223 955 953
f 953 951 1223
f 951 949 1223
f 1223 949 947
f 1224 1225 1226
f 1225 1227 1226
f 967 965 1223
f 965 963 1223
f 1223 963 961
f 1224 1228 1225
f 1228 1229 1225
f 1225 1229 1230
f 1235 940 1223
f 961 959 1223
f 959 957 1223
f 1223 957 955
f 1230 1231 1225
f 1231 1232 1225
f 1225 1232 1233
f 940 971 1223
f 971 969 1223
f 1223 969 967
f 1233 1778 1225
f 1778 1234 1225
f 1225 1234 1223
f 1234 1235 1223
f 1225 1223 1236
f 1225 1236 1237
f 1236 1238 1237
f 1237 1238 1239
f 1238 1240 1239
f 1239 1240 1241
f 1240 1242 1241
f 1241 1242 1243
f 1242 1244 1243
f 1243 1244 1245
f 1244 1246 1245
f 1245 1246 1247
f 1246 1248 1247
f 1247 1248 1249
f 1248 1250 1249
f 1249 1250 1251
f 1250 1252 1251
f 1251 1252 1253
f 1252 1254 1253
f 1253 1254 1260
f 1255 1256 1257
f 1257 1258 1255
f 1258 1259 1255
f 1255 1259 1254
f 1259 1260 1254
f 1261 1262 1263
f 1263 1264 1261
f 1264 1265 1261
f 1261 1265 1256
f 1265 1266 1256
f 1256 1266 1257
f 1267 1268 1269
f 1269 1270 1267
f 1270 1271 1267
f 1267 1271 1262
f 1271 1272 1262
f 1262 1272 1263
f 1273 1274 1275
f 1275 1276 1273
f 1276 1277 1273
f 1273 1277 1268
f 1277 1278 1268
f 1268 1278 1269
f 1279 1280 1281
f 1281 1282 1279
f 1282 1283 1279
f 1279 1283 1274
f 1283 1284 1274
f 1274 1284 1275
f 1285 1286 1287
f 1287 1288 1285
f 1288 1289 1285
f 1285 1289 1280
f 1289 1290 1280
f 1280 1290 1281
f 1291 1292 1293
f 1293 1294 1291
f 1294 1295 1291
f 1291 1295 1286
f 1295 1296 1286
f 1286 1296 1287
f 1297 1298 1299
f 1298 1300 1299
f 1299 1300 1292
f 1300 1301 1292
f 1292 1301 1293
f 1299 1302 1297
f 1302 1303 1297
f 1297 1303 1304
f 1303 1305 1304
f 1304 1305 1306
f 1305 1307 1306
f 1306 1307 1308
f 1307 1309 1308
f 1308 1309 1310
f 1309 1311 1310
f 1310 1311 1312
f 1313 1314 1315
f 1314 1316 1315
f 1315 1316 1317
f 1316 1318 1317
f 1317 1318 1319
f 1318 1320 1319
f 1319 1320 1321
f 1320 1312 1321
f 1321 1312 1311
f 1322 1323 1313
f 1323 1324 1313
f 1313 1324 1314
f 1325 1326 1322
f 1326 1327 1322
f 1322 1327 1323
f 1328 1329 1325
f 1329 1330 1325
f 1325 1330 1326
f 1331 1332 1328
f 1332 1333 1328
f 1328 1333 1329
f 1334 1335 1331
f 1335 1336 1331
f 1331 1336 1332
f 1337 1338 1334
f 1338 1339 1334
f 1334 1339 1335
f 1340 1341 1337
f 1341 1342 1337
f 1337 1342 1338
f 1343 1344 1340
f 1344 1345 1340
f 1340 1345 1341
f 1346 1347 1343
f 1347 1348 1343
f 1343 1348 1344
f 1349 1350 1346
f 1350 1351 1346
f 1346 1351 1347
f 1352 1353 1349
f 1353 1354 1349
f 1349 1354 1350
f 1355 1356 1352
f 1356 1357 1352
f 1352 1357 1353
f 1358 1359 1355
f 1359 1360 1355
f 1355 1360 1356
f 1361 1362 1358
f 1362 1363 1358
f 1358 1363 1359
f 1364 1365 1361
f 1365 1366 1361
f 1361 1366 1362
f 1367 1368 1364
f 1364 1368 1365
f 1364 1369 1367
f 1369 1370 1367
f 1367 1370 1371
f 1370 1372 1371
f 1371 1372 1373
f 1372 1374 1373
f 1373 1374 1375
f 1374 1376 1375
f 1375 1376 1377
f 1376 1378 1377
f 1377 1378 1379
f 1379 1378 1380
f 1379 1380 1381
f 1380 1382 1381
f 1381 1382 1383
f 1382 1384 1383
f 1383 1384 1385
f 1384 1386 1385
f 1385 1386 1387
f 1386 1388 1387
f 1387 1388 1389
f 1390 1391 1392
f 1392 1393 1390
f 1393 1394 1390
f 1390 1394 1388
f 1394 1395 1388
f 1388 1395 1389
f 1396 1397 1398
f 1398 1399 1396
f 1399 1400 1396
f 1396 1400 1391
f 1400 1401 1391
f 1391 1401 1392
f 1402 1403 1404
f 1404 1405 1402
f 1405 1406 1402
f 1402 1406 1397
f 1406 1407 1397
f 1397 1407 1398
f 1408 1409 1410
f 1410 1411 1408
f 1411 1412 1408
f 1408 1412 1403
f 1412 1413 1403
f 1403 1413 1404
f 1414 1415 1416
f 1416 1417 1414
f 1417 1418 1414
f 1414 1418 1409
f 1418 1419 1409
f 1409 1419 1410
f 1420 1421 1422
f 1422 1423 1420
f 1423 1424 1420
f 1420 1424 1415
f 1424 1425 1415
f 1415 1425 1416
f 1426 1427 1428
f 1428 1429 1426
f 1429 1430 1426
f 1426 1430 1421
f 1430 1431 1421
f 1421 1431 1422
f 1432 1433 1434
f 1433 1435 1434
f 1434 1435 1427
f 1435 1436 1427
f 1427 1436 1428
f 1434 1437 1432
f 1437 1438 1432
f 1432 1438 1439
f 1438 1440 1439
f 1439 1440 1441
f 1440 1442 1441
f 1441 1442 1443
f 1442 1444 1443
f 1443 1444 1445
f 1444 1446 1445
f 1445 1446 1447
f 711 536 534
f 711 534 712
f 534 535 712
f 535 530 712
f 712 530 716
f 381 706 382
f 706 717 382
f 382 717 528
f 717 716 528
f 528 716 531
f 716 530 531
f 536 711 537
f 711 1448 537
f 537 1448 538
f 1448 1449 538
f 538 1449 532
f 1450 533 1449
f 533 532 1449
f 1451 380 1450
f 380 543 1450
f 1450 543 533
f 545 546 1452
f 1452 546 1451
f 546 542 1451
f 1451 542 380
f 545 1452 548
f 1452 1453 548
f 548 1453 547
f 1454 379 1453
f 379 547 1453
f 1455 391 1454
f 391 549 1454
f 1454 549 379
f 1456 552 1455
f 552 417 1455
f 1455 417 391
f 390 556 1457
f 1457 556 1456
f 556 555 1456
f 1456 555 552
f 390 1457 422
f 1457 1458 422
f 422 1458 424
f 424 1458 423
f 1458 1459 423
f 423 1459 425
f 1459 1460 425
f 425 1460 426
f 1460 1461 426
f 426 1461 427
f 433 428 1462
f 1462 428 1461
f 428 427 1461
f 433 1462 429
f 1462 1463 429
f 429 1463 430
f 1463 1464 430
f 430 1464 565
f 565 1464 432
f 1464 1465 432
f 432 1465 431
f 1465 1466 431
f 1460 1459 1468
f 1469 720 719
f 719 714 1467
f 1470 1471 1472
f 1473 1474 1475
f 1471 1470 1475
f 1470 1476 1475
f 1475 1476 1473
f 1472 1477 1470
f 1477 1478 1470
f 1470 1478 1479
f 1478 1480 1479
f 1479 1480 1481
f 1481 1482 1479
f 1479 1482 1483
f 1484 1485 1486
f 1485 1487 1486
f 1486 1487 1488
f 1483 1489 1479
f 1489 1486 1479
f 1479 1486 1490
f 1486 1488 1490
f 1491 1492 1493
f 1493 1492 1494
f 1493 1495 1491
f 1495 1496 1491
f 1491 1496 1497
f 1496 1498 1497
f 1497 1498 1499
f 1500 1501 1492
f 1501 1502 1492
f 1492 1502 1494
f 1500 1503 1501
f 1503 1504 1501
f 1501 1504 1486
f 1504 1505 1486
f 1486 1505 1484
f 1506 1507 1508
f 1508 1507 1509
f 1506 1508 1510
f 1508 1511 1510
f 1510 1511 1512
f 1498 1513 1499
f 1513 1510 1499
f 1499 1510 1514
f 1510 1512 1514
f 1507 1515 1509
f 1515 1516 1509
f 1509 1516 1517
f 1516 1518 1517
f 1518 1519 1517
f 1519 1520 1517
f 1517 1520 1521
f 1520 1522 1521
f 1525 1526 1524
f 1526 1527 1524
f 1524 1527 1523
f 1524 1528 1525
f 1528 1529 1525
f 1525 1529 1520
f 1529 1530 1520
f 1520 1530 1522
f 2554 1531 1528
f 1531 1532 1528
f 1532 1533 1528
f 1528 1533 1529
f 719 1467 1469
f 1469 1467 1534
f 1467 1466 1534
f 1465 1464 1535
f 1464 1463 1535
f 1463 1462 1535
f 1535 1462 2634
f 2634 1462 1468
f 1462 1461 1468
f 1468 1461 1460
f 1459 1458 1468
f 1458 1457 1468
f 1468 1457 1456
f 1456 1455 1468
f 1455 1454 1468
f 1468 1454 1453
f 1453 1452 1468
f 1452 1451 1468
f 1468 1451 1450
f 711 710 1448
f 710 1468 1448
f 1448 1468 1449
f 1468 1450 1449
f 1474 1536 1475
f 1536 1537 1475
f 1475 1537 1538
f 1537 1539 1538
f 1538 1539 1540
f 1539 1541 1540
f 1540 1541 1542
f 1541 1543 1542
f 1542 1543 1544
f 1543 1545 1544
f 1544 1545 1546
f 1545 1547 1546
f 1546 1547 1548
f 1547 1549 1548
f 1548 1549 1550
f 1549 1551 1550
f 1550 1551 1552
f 1551 1553 1552
f 1552 1553 1554
f 1553 1555 1554
f 1554 1555 1556
f 1555 1534 1556
f 1556 1534 1535
f 1534 1466 1535
f 1535 1466 1465
f 1316 1227 1318
f 1227 1225 1318
f 1318 1225 1320
f 1316 1314 1227
f 1314 1324 1227
f 1227 1324 1323
f 1557 1227 1348
f 1341 1345 1227
f 1345 1344 1227
f 1227 1344 1348
f 1320 1225 1312
f 1225 1237 1312
f 1312 1237 1239
f 1558 1559 1557
f 1560 1160 1561
f 1160 1159 1561
f 1561 1159 1158
f 1146 1148 1143
f 1148 1562 1143
f 1348 1347 1557
f 1347 1351 1557
f 1557 1351 1350
f 1148 1150 1562
f 1150 1152 1562
f 1562 1152 1560
f 1152 1154 1560
f 1560 1154 1160
f 1308 1310 1259
f 1310 1312 1259
f 1259 1312 1260
f 1339 1338 1227
f 1338 1342 1227
f 1227 1342 1341
f 1368 1367 1557
f 1557 1367 1371
f 1375 1377 1563
f 1377 1379 1563
f 1563 1379 1447
f 1559 1564 1557
f 1564 1565 1557
f 1557 1565 1566
f 1359 1363 1557
f 1363 1362 1557
f 1445 1447 1395
f 1567 1568 1557
f 1568 1569 1557
f 1557 1569 1558
f 1566 1570 1557
f 1570 1571 1557
f 1557 1571 1572
f 1572 1573 1557
f 1573 1574 1557
f 1557 1574 1575
f 1220 1222 1561
f 1222 1557 1561
f 1561 1557 1576
f 1239 1241 1312
f 1241 1243 1312
f 1312 1243 1245
f 1350 1354 1557
f 1354 1353 1557
f 1557 1353 1357
f 1362 1366 1557
f 1366 1365 1557
f 1557 1365 1368
f 1575 1577 1557
f 1577 1578 1557
f 1557 1578 1579
f 1297 1304 1259
f 1304 1306 1259
f 1259 1306 1308
f 1332 1336 1227
f 1336 1335 1227
f 1227 1335 1339
f 1357 1356 1557
f 1356 1360 1557
f 1557 1360 1359
f 1579 1580 1557
f 1580 1581 1557
f 1557 1581 1582
f 1582 1583 1557
f 1557 1583 1576
f 1193 1201 1561
f 1245 1247 1312
f 1247 1249 1312
f 1312 1249 1251
f 1584 1585 1371
f 1585 1586 1371
f 1371 1586 1557
f 1586 1587 1557
f 1557 1587 1567
f 1214 1216 1561
f 1216 1218 1561
f 1561 1218 1220
f 1251 1253 1312
f 1253 1260 1312
f 1330 1329 1227
f 1329 1333 1227
f 1227 1333 1332
f 1379 1381 1447
f 1381 1383 1447
f 1447 1383 1385
f 1201 1200 1561
f 1200 1198 1561
f 1561 1198 1197
f 1385 1387 1447
f 1387 1389 1447
f 1447 1389 1395
f 1439 1441 1395
f 1441 1443 1395
f 1395 1443 1445
f 1196 1195 1561
f 1195 1194 1561
f 1561 1194 1193
f 1588 1589 1371
f 1589 1590 1371
f 1371 1590 1584
f 1323 1327 1227
f 1327 1326 1227
f 1227 1326 1330
f 1429 1428 1392
f 1428 1436 1392
f 1392 1436 1393
f 1436 1435 1393
f 1393 1435 1394
f 1435 1433 1394
f 1394 1433 1395
f 1433 1432 1395
f 1395 1432 1439
f 1208 1210 1561
f 1210 1212 1561
f 1561 1212 1214
f 1591 1592 1371
f 1592 1593 1371
f 1371 1593 1588
f 1563 1594 1375
f 1594 1595 1375
f 1375 1595 1373
f 1595 1596 1373
f 1373 1596 1371
f 1596 1597 1371
f 1371 1597 1591
f 1197 1204 1561
f 1204 1206 1561
f 1561 1206 1208
f 1392 1401 1429
f 1401 1400 1429
f 1429 1400 1430
f 1400 1431 1430
f 1297 1259 1298
f 1259 1258 1298
f 1298 1258 1300
f 1258 1257 1300
f 1300 1257 1301
f 1257 1266 1301
f 1301 1266 1293
f 1266 1265 1293
f 1293 1265 1294
f 1265 1264 1294
f 1294 1264 1295
f 1264 1263 1295
f 1295 1263 1296
f 1263 1272 1296
f 1296 1272 1287
f 1272 1271 1287
f 1287 1271 1288
f 1271 1270 1288
f 1288 1270 1289
f 1270 1269 1289
f 1289 1269 1290
f 1269 1278 1290
f 1290 1278 1281
f 1278 1277 1281
f 1281 1277 1282
f 1277 1276 1282
f 1282 1276 1283
f 1276 1275 1283
f 1283 1275 1284
f 1400 1399 1431
f 1399 1398 1431
f 1431 1398 1422
f 1398 1407 1422
f 1422 1407 1423
f 1407 1406 1423
f 1423 1406 1424
f 1406 1405 1424
f 1424 1405 1425
f 1405 1404 1425
f 1425 1404 1416
f 1404 1417 1416
f 1158 1157 1561
f 1157 1166 1561
f 1561 1166 1196
f 1166 1165 1196
f 1196 1165 1187
f 1165 1164 1187
f 1187 1164 1188
f 1164 1163 1188
f 1188 1163 1189
f 1163 1172 1189
f 1189 1172 1190
f 1172 1171 1190
f 1190 1171 1181
f 1171 1170 1181
f 1181 1170 1182
f 1170 1169 1182
f 1182 1169 1183
f 1169 1178 1183
f 1183 1178 1184
f 1178 1177 1184
f 1184 1177 1175
f 1177 1176 1175
f 1404 1413 1417
f 1413 1412 1417
f 1417 1412 1418
f 1412 1411 1418
f 1418 1411 1419
f 1411 1410 1419
f 1598 1596 1599
f 1596 1595 1599
f 1599 1595 1600
f 1595 1594 1600
f 1600 1594 1601
f 1594 1563 1601
f 1601 1563 1602
f 1563 1447 1602
f 1602 1447 1446
f 1603 1591 1598
f 1591 1597 1598
f 1598 1597 1596
f 1604 1593 1603
f 1593 1592 1603
f 1603 1592 1591
f 1605 1589 1604
f 1589 1588 1604
f 1604 1588 1593
f 1606 1584 1605
f 1584 1590 1605
f 1605 1590 1589
f 1607 1586 1606
f 1586 1585 1606
f 1606 1585 1584
f 1608 1567 1607
f 1567 1587 1607
f 1607 1587 1586
f 1609 1569 1608
f 1569 1568 1608
f 1608 1568 1567
f 1610 1559 1609
f 1559 1558 1609
f 1609 1558 1569
f 1611 1565 1610
f 1565 1564 1610
f 1610 1564 1559
f 1612 1570 1611
f 1570 1566 1611
f 1611 1566 1565
f 1613 1572 1612
f 1572 1571 1612
f 1612 1571 1570
f 1614 1574 1613
f 1574 1573 1613
f 1613 1573 1572
f 1615 1577 1614
f 1577 1575 1614
f 1614 1575 1574
f 1616 1579 1615
f 1579 1578 1615
f 1615 1578 1577
f 1617 1581 1616
f 1581 1580 1616
f 1616 1580 1579
f 1583 1582 1617
f 1617 1582 1581
f 1617 1618 1583
f 1618 1619 1583
f 1583 1619 1576
f 1619 1620 1576
f 1576 1620 1561
f 1620 1621 1561
f 1561 1621 1560
f 1621 1622 1560
f 1560 1622 1562
f 1622 1144 1562
f 1562 1144 1143
f 1623 1624 1625
f 1625 1624 1626
f 1626 1624 1627
f 1627 1624 1628
f 1624 1629 1628
f 1628 1629 1630
f 1630 1629 1631
f 1631 1629 1632
f 1632 1629 1633
f 1629 1634 1633
f 1635 1634 1636
f 1634 1637 1636
f 1636 1637 1638
f 1638 1637 1639
f 1639 1637 1640
f 1640 1637 1641
f 1641 1637 1642
f 1642 1637 1643
f 1624 1645 1629
f 1645 1650 1629
f 1629 1646 1634
f 1634 1646 1637
f 1646 1647 1637
f 1647 1648 1637
f 1648 1644 1637
f 1648 1046 1644
f 1645 1649 1650
f 1650 1651 1629
f 1629 1651 1646
f 1651 1658 1646
f 1648 1652 1046
f 1647 1653 1648
f 1648 1653 1652
f 1653 1654 1652
f 1655 1662 1645
f 1662 1649 1645
f 1649 1656 1650
f 1650 1656 1651
f 1656 1657 1651
f 1657 1658 1651
f 1658 1659 1646
f 1659 1647 1646
f 1653 1660 1654
f 1659 1666 1647
f 1647 1666 1653
f 1653 1667 1660
f 1667 1661 1660
f 1662 1669 1649
f 1649 1669 1656
f 1657 1663 1658
f 1658 1663 1659
f 1659 1663 1666
f 1667 1664 1661
f 1663 1665 1666
f 1653 1666 1667
f 1667 1668 1664
f 1655 1677 1662
f 1677 1669 1662
f 1669 1670 1656
f 1656 1670 1657
f 1670 1671 1657
f 1657 1671 1663
f 1671 1672 1663
f 1663 1672 1665
f 1667 1673 1668
f 1672 1671 1665
f 1671 1674 1665
f 1665 1674 1666
f 1674 1675 1666
f 1666 1675 1667
f 1667 1675 1673
f 1675 1676 1673
f 1677 1678 1669
f 1669 1678 1670
f 1670 1678 1671
f 1678 1679 1671
f 1675 1680 1676
f 1679 1681 1671
f 1671 1681 1674
f 1681 1682 1674
f 1674 1682 1675
f 1675 1683 1680
f 1684 1685 1677
f 1677 1685 1678
f 1685 1686 1678
f 1678 1686 1679
f 1675 1687 1683
f 1686 1688 1679
f 1679 1688 1681
f 1688 1694 1681
f 1681 1689 1682
f 1682 1689 1675
f 1689 1690 1675
f 1675 1690 1687
f 1690 1691 1687
f 1684 1692 1685
f 1685 1692 1686
f 1690 1693 1691
f 1686 1694 1688
f 1694 1689 1681
f 1690 1689 1693
f 1689 1695 1693
f 934 932 1692
f 932 930 1692
f 930 928 1692
f 928 926 1692
f 926 924 1692
f 1692 924 1686
f 924 922 1686
f 922 920 1686
f 1686 920 1694
f 920 918 1694
f 918 916 1694
f 916 914 1694
f 914 912 1694
f 1694 912 1689
f 912 910 1689
f 910 908 1689
f 908 906 1689
f 906 904 1689
f 904 902 1689
f 902 900 1689
f 1689 900 1695
f 900 899 1695
f 935 1696 933
f 933 1696 931
f 931 1696 929
f 929 1696 927
f 927 1696 925
f 925 1696 923
f 923 1696 921
f 921 1696 919
f 919 1696 917
f 1696 1697 917
f 917 1697 915
f 915 1697 913
f 913 1697 911
f 911 1697 909
f 909 1697 907
f 907 1697 905
f 905 1697 903
f 903 1697 901
f 1697 1698 901
f 901 1698 898
f 935 1699 1696
f 1699 1700 1696
f 1696 1701 1697
f 1701 1702 1697
f 1702 1703 1697
f 1703 1698 1697
f 1703 1705 1698
f 1698 1705 1704
f 1705 1706 1704
f 1700 1707 1696
f 1696 1707 1701
f 1707 1715 1701
f 1701 1715 1702
f 1705 1708 1706
f 1702 1709 1703
f 1703 1709 1705
f 1705 1709 1708
f 1709 1710 1708
f 935 1711 1699
f 1711 1712 1699
f 1699 1712 1700
f 1712 1713 1700
f 1713 1714 1700
f 1700 1714 1707
f 1714 1715 1707
f 1716 1717 1715
f 1715 1717 1702
f 1702 1717 1709
f 1709 1718 1710
f 1717 1716 1709
f 1716 1719 1709
f 1719 1720 1709
f 1709 1720 1718
f 1720 1721 1718
f 1711 1722 1712
f 1713 1712 1714
f 1712 1731 1714
f 1714 1731 1715
f 1731 1723 1715
f 1715 1723 1716
f 1720 1724 1721
f 1723 1725 1716
f 1716 1725 1719
f 1719 1725 1720
f 1725 1726 1720
f 1720 1726 1724
f 1726 1727 1724
f 1728 1729 1722
f 1729 1730 1722
f 1722 1730 1712
f 1730 1731 1712
f 1732 1733 1731
f 1731 1733 1723
f 1726 1734 1727
f 1733 1732 1723
f 1732 1735 1723
f 1723 1735 1725
f 1735 1736 1725
f 1725 1736 1726
f 1736 1737 1726
f 1726 1737 1734
f 1737 1738 1734
f 1729 1728 1730
f 1728 1746 1730
f 1730 1746 1731
f 1746 1739 1731
f 1731 1739 1732
f 1737 1740 1738
f 1739 1741 1732
f 1732 1741 1735
f 1741 1742 1735
f 1735 1742 1736
f 1742 1743 1736
f 1736 1743 1737
f 1743 1744 1737
f 1737 1744 1740
f 1744 1745 1740
f 1747 1748 1746
f 1746 1748 1739
f 1744 1749 1745
f 1748 1750 1739
f 1739 1750 1741
f 1750 1751 1741
f 1741 1751 1742
f 1751 1752 1742
f 1742 1752 1743
f 1752 1744 1743
f 1744 1753 1749
f 1746 1754 1747
f 1747 1754 1748
f 1744 1755 1753
f 1750 1748 1751
f 1752 1751 1744
f 1751 1756 1744
f 1744 1756 1755
f 1756 1757 1755
f 1758 1759 1754
f 1759 1760 1754
f 1754 1760 1748
f 1760 1761 1748
f 1761 1762 1748
f 1762 1763 1748
f 1763 1764 1748
f 1764 1765 1748
f 1765 1766 1748
f 1766 1767 1748
f 1767 1768 1748
f 1748 1768 1751
f 1768 1769 1751
f 1769 1770 1751
f 1770 1771 1751
f 1771 1772 1751
f 1772 1773 1751
f 1773 1774 1751
f 1751 1774 1756
f 1774 1775 1756
f 1756 1775 1757
f 1775 1776 1757
f 1227 1557 1777
f 1637 2341 1643
f 2341 1779 1643
f 1643 1779 1780
f 1633 1634 1227
f 1634 1635 1227
f 1227 1635 1226
f 1635 1636 1226
f 1226 1636 1224
f 1636 1638 1224
f 1224 1638 1228
f 1638 1639 1228
f 1228 1639 1229
f 1639 1640 1229
f 1229 1640 1230
f 1640 1641 1230
f 1230 1641 1231
f 1641 1642 1231
f 1231 1642 1232
f 1642 1643 1232
f 1232 1643 1233
f 1643 1780 1233
f 1233 1780 1778
f 1227 1777 1633
f 1777 1781 1633
f 1633 1781 1632
f 1781 1782 1632
f 1632 1782 1631
f 1782 1783 1631
f 1631 1783 1630
f 1783 1784 1630
f 1630 1784 1628
f 1784 1785 1628
f 1628 1785 1627
f 1785 1786 1627
f 1627 1786 1626
f 1786 1787 1626
f 1626 1787 1625
f 1787 1788 1625
f 1625 1788 1623
f 881 1789 1790
f 1789 1791 1790
f 1790 1791 1792
f 1792 1791 1793
f 1793 1791 1794
f 1794 1791 1795
f 1795 1791 1796
f 1796 1791 1797
f 1797 1791 1798
f 1798 1791 1799
f 1799 1791 1800
f 1800 1791 1801
f 1801 1791 1802
f 1802 1791 1803
f 1803 1791 1804
f 1804 1791 1805
f 1805 1791 1806
f 1806 1791 1807
f 1791 1808 1807
f 1807 1808 1809
f 1789 1810 1791
f 1810 1811 1791
f 1811 1812 1791
f 1812 1813 1791
f 1813 1814 1791
f 1814 1815 1791
f 1815 1816 1791
f 1816 1817 1791
f 1817 1818 1791
f 1818 1819 1791
f 1819 1820 1791
f 1791 1820 1808
f 1810 1821 1811
f 1821 1822 1811
f 1819 1808 1820
f 1822 1823 1811
f 1819 1824 1808
f 1823 1825 1811
f 1825 1835 1811
f 1811 1835 1812
f 1812 1835 1813
f 1835 1826 1813
f 1813 1826 1814
f 1814 1826 1815
f 1826 1827 1815
f 1815 1827 1816
f 1816 1827 1817
f 1827 1828 1817
f 1817 1828 1818
f 1818 1828 1819
f 1828 1829 1819
f 1829 1824 1819
f 1825 1830 1835
f 1830 1831 1835
f 1828 1832 1829
f 1829 1832 1824
f 1831 1834 1835
f 1832 1836 1824
f 1824 1836 1833
f 1834 1837 1835
f 1837 1838 1835
f 1835 1838 1826
f 1838 1839 1826
f 1826 1839 1827
f 1839 1840 1827
f 1840 1841 1827
f 1827 1841 1828
f 1841 1843 1828
f 1828 1843 1832
f 1837 1842 1838
f 1843 1846 1832
f 1832 1846 1836
f 1842 1844 1838
f 1840 1845 1841
f 1841 1845 1843
f 1846 1847 1836
f 1836 1847 1833
f 1844 1848 1838
f 1845 1852 1843
f 1843 1852 1846
f 1848 1849 1838
f 1849 1860 1838
f 1860 1850 1838
f 1838 1850 1839
f 1839 1850 1840
f 1850 1851 1840
f 1840 1851 1845
f 1846 1852 1847
f 1847 1853 1833
f 1849 1854 1860
f 1850 1855 1851
f 1851 1855 1845
f 1855 1856 1845
f 1852 1857 1847
f 1857 1858 1847
f 1847 1858 1853
f 1854 1859 1860
f 1860 1855 1850
f 1856 1862 1845
f 1845 1862 1852
f 1852 1862 1857
f 1858 1857 1853
f 1859 1861 1860
f 1857 720 1853
f 1861 1863 1860
f 1863 1864 1860
f 1864 1865 1860
f 1865 1866 1860
f 1866 1867 1860
f 1867 1868 1860
f 1860 1868 1855
f 1868 1869 1855
f 1869 1870 1855
f 1870 1871 1855
f 1871 1872 1855
f 1855 1872 1856
f 1872 1873 1856
f 1873 1874 1856
f 1856 1874 1862
f 1874 1875 1862
f 1875 1876 1862
f 1876 1877 1862
f 1862 1877 1857
f 1877 1878 1857
f 1878 1879 1857
f 1879 1880 1857
f 1857 1880 720
f 1881 1882 1883
f 1882 1884 1883
f 1883 1884 1885
f 1790 1885 881
f 1885 1790 1883
f 1790 1792 1883
f 1883 1792 1886
f 1792 1793 1886
f 1886 1793 1887
f 1793 1794 1887
f 1887 1794 1888
f 1794 1795 1888
f 1888 1795 1889
f 1795 1796 1889
f 1889 1796 1890
f 1796 1797 1890
f 1890 1797 1891
f 1797 1798 1891
f 1891 1798 1892
f 1798 1799 1892
f 1892 1799 1893
f 1799 1800 1893
f 1893 1800 1894
f 1800 1801 1894
f 1894 1801 1895
f 1801 1802 1895
f 1895 1802 1896
f 1802 1803 1896
f 1896 1803 1897
f 1803 1804 1897
f 1897 1804 1898
f 1804 1805 1898
f 1898 1805 1899
f 1805 1806 1899
f 1899 1806 1900
f 1806 1807 1900
f 1900 1807 1901
f 1807 1809 1901
f 1901 1809 1902
f 1903 1904 1905
f 1904 1925 1905
f 1905 1925 1906
f 1906 1925 1907
f 1907 1925 1908
f 1908 1925 1909
f 1909 1925 1910
f 1910 1925 1911
f 1925 1912 1911
f 1913 1912 1914
f 1912 1915 1914
f 1914 1915 1916
f 1916 1915 1917
f 1917 1915 1918
f 1918 1915 1919
f 1919 1915 1920
f 1920 1915 1921
f 1921 1915 1922
f 1922 1915 1923
f 1904 1924 1925
f 1934 1926 1925
f 1926 1912 1925
f 1912 1927 1915
f 1927 1928 1915
f 1928 1941 1915
f 1941 1943 1915
f 1943 1929 1915
f 1929 1930 1915
f 1930 1931 1915
f 1924 1932 1925
f 1932 1933 1925
f 1926 1934 1912
f 1912 1934 1927
f 1929 1943 1930
f 1943 1936 1930
f 1933 1935 1925
f 1935 1937 1925
f 1937 1938 1925
f 1925 1938 1934
f 1938 1939 1934
f 1939 1940 1934
f 1934 1940 1927
f 1940 1955 1927
f 1955 1941 1927
f 1927 1941 1928
f 1941 1942 1943
f 1937 1945 1938
f 1942 1946 1943
f 1943 1946 1936
f 1946 1949 1936
f 1936 1949 1944
f 1945 1947 1938
f 1941 1948 1942
f 1942 1948 1946
f 1947 1950 1938
f 1948 1958 1946
f 1946 1958 1949
f 1949 1951 1944
f 1950 1952 1938
f 1952 1960 1938
f 1938 1960 1939
f 1960 1953 1939
f 1953 1954 1939
f 1939 1954 1940
f 1954 1955 1940
f 1955 1956 1941
f 1941 1956 1948
f 1948 1957 1958
f 1952 1959 1960
f 1955 1961 1956
f 1956 1961 1948
f 1961 1965 1948
f 1948 1965 1957
f 1958 1962 1949
f 1949 1962 1951
f 1959 1963 1960
f 1963 1976 1960
f 1960 1976 1953
f 1954 1964 1955
f 1955 1964 1961
f 1957 1965 1958
f 1958 1965 1962
f 1963 1967 1976
f 1961 1964 1965
f 1965 1968 1962
f 1968 1973 1962
f 1962 1973 1966
f 1967 1969 1976
f 1976 1970 1953
f 1953 1970 1954
f 1970 1971 1954
f 1954 1971 1964
f 1964 1972 1965
f 1965 1972 1968
f 1973 1974 1966
f 1969 1975 1976
f 1970 1977 1971
f 1971 1977 1964
f 1964 1977 1979
f 1968 1972 1973
f 1975 1978 1976
f 1978 1983 1976
f 1976 1983 1970
f 1983 1984 1970
f 1970 1984 1977
f 1964 1979 1972
f 1972 1980 1973
f 1980 1985 1973
f 1978 1982 1983
f 1977 1980 1979
f 1979 1980 1972
f 1973 1985 1981
f 1982 1881 1983
f 1881 1883 1983
f 1983 1883 1984
f 1883 1886 1984
f 1886 1887 1984
f 1887 1888 1984
f 1888 1889 1984
f 1889 1890 1984
f 1984 1890 1977
f 1890 1891 1977
f 1891 1892 1977
f 1892 1893 1977
f 1977 1893 1980
f 1893 1894 1980
f 1894 1895 1980
f 1895 1896 1980
f 1896 1897 1980
f 1897 1898 1980
f 1898 1899 1980
f 1980 1899 1985
f 1899 1900 1985
f 1900 1901 1985
f 1901 1902 1985
f 1905 1906 1986
f 1986 1987 1905
f 1987 1988 1905
f 1905 1988 1903
f 1988 1989 1903
f 1903 1989 1990
f 1907 1908 1991
f 1991 1992 1907
f 1992 1993 1907
f 1907 1993 1906
f 1993 1994 1906
f 1906 1994 1986
f 1909 1910 1995
f 1995 1996 1909
f 1996 1997 1909
f 1909 1997 1908
f 1997 1998 1908
f 1908 1998 1991
f 1999 2000 1911
f 2000 2001 1911
f 1911 2001 1910
f 2001 2002 1910
f 1910 2002 1995
f 1911 1912 1999
f 1912 1913 1999
f 1999 1913 2003
f 1913 1914 2003
f 2003 1914 2004
f 1914 1916 2004
f 2004 1916 2005
f 1916 1917 2005
f 2005 1917 2006
f 1917 1918 2006
f 2006 1918 2007
f 1918 1919 2007
f 2007 1919 2008
f 1919 1920 2008
f 2008 1920 2009
f 1920 1921 2009
f 2009 1921 2010
f 1921 1922 2010
f 2010 1922 2011
f 1922 1923 2011
f 2011 1923 2012
f 2013 2003 2014
f 2003 2004 2014
f 2014 2004 2015
f 2004 2005 2015
f 2015 2005 2016
f 2005 2006 2016
f 2016 2006 2017
f 2006 2007 2017
f 2017 2007 2018
f 2007 2008 2018
f 2018 2008 2019
f 2008 2009 2019
f 2019 2009 2020
f 2009 2010 2020
f 2020 2010 2021
f 2010 2011 2021
f 2021 2011 2022
f 2011 2012 2022
f 2022 2012 2023
f 2001 2000 2013
f 2000 1999 2013
f 2013 1999 2003
f 2024 1990 2025
f 1990 1989 2025
f 2025 1989 2026
f 1989 1988 2026
f 2026 1988 2027
f 1988 1987 2027
f 2027 1987 2028
f 1987 1986 2028
f 2028 1986 2029
f 1986 1994 2029
f 2029 1994 2030
f 1994 1993 2030
f 2030 1993 2031
f 1993 1992 2031
f 2031 1992 2032
f 1992 1991 2032
f 2032 1991 2033
f 1991 1998 2033
f 2033 1998 2034
f 1998 1997 2034
f 2034 1997 2035
f 1997 1996 2035
f 2035 1996 2036
f 1996 1995 2036
f 2036 1995 2037
f 1995 2002 2037
f 2037 2002 2038
f 2002 2001 2038
f 2038 2001 2039
f 2001 2013 2039
f 2023 2040 2041
f 2023 2041 2022
f 2041 2042 2022
f 2022 2042 2021
f 2042 2043 2021
f 2021 2043 2020
f 2043 2044 2020
f 2020 2044 2019
f 2044 2045 2019
f 2019 2045 2018
f 2045 2046 2018
f 2018 2046 2017
f 2046 2047 2017
f 2017 2047 2016
f 2047 2048 2016
f 2016 2048 2015
f 2048 2049 2015
f 2015 2049 2014
f 2049 2050 2014
f 2014 2050 2013
f 2050 2051 2013
f 2013 2051 2039
f 2051 2052 2039
f 2039 2052 2038
f 2052 2053 2038
f 2038 2053 2037
f 2053 2054 2037
f 2037 2054 2036
f 2054 2055 2036
f 2036 2055 2035
f 2055 2056 2035
f 2035 2056 2034
f 2056 2057 2034
f 2034 2057 2033
f 2057 2058 2033
f 2033 2058 2032
f 2058 2059 2032
f 2032 2059 2031
f 2059 2060 2031
f 2031 2060 2030
f 2060 2061 2030
f 2030 2061 2029
f 2061 2062 2029
f 2029 2062 2028
f 2062 2063 2028
f 2028 2063 2027
f 2063 2064 2027
f 2027 2064 2026
f 2064 2065 2026
f 2026 2065 2025
f 2065 2066 2025
f 2025 2066 2024
f 2067 2068 2069
f 2070 2049 2071
f 2049 2048 2071
f 2071 2048 2072
f 2048 2047 2072
f 2072 2047 2073
f 2047 2046 2073
f 2073 2046 2074
f 2046 2045 2074
f 2074 2045 2075
f 2045 2044 2075
f 2075 2044 2076
f 2044 2043 2076
f 2076 2043 2077
f 2043 2042 2077
f 2077 2042 2078
f 2042 2041 2078
f 2078 2041 2079
f 2041 2040 2079
f 2079 2040 2080
f 2052 2051 2070
f 2051 2050 2070
f 2070 2050 2049
f 2070 2081 2052
f 2081 2082 2052
f 2052 2082 2053
f 2082 2054 2053
f 2082 2083 2054
f 2083 2084 2054
f 2054 2084 2055
f 2084 2056 2055
f 2084 2085 2056
f 2085 2086 2056
f 2056 2086 2057
f 2086 2058 2057
f 2086 2087 2058
f 2087 2088 2058
f 2058 2088 2059
f 2088 2060 2059
f 2088 2089 2060
f 2089 2090 2060
f 2060 2090 2061
f 2090 2062 2061
f 2090 2091 2062
f 2091 2092 2062
f 2062 2092 2063
f 2092 2064 2063
f 2092 2093 2064
f 2093 2094 2064
f 2064 2094 2065
f 2095 2066 2065
f 2067 2069 2094
f 2069 2096 2094
f 2094 2096 2065
f 2096 2097 2065
f 2065 2097 2095
f 2091 2090 2098
f 2089 2088 2099
f 2087 2086 2100
f 2085 2084 2101
f 2083 2082 2102
f 2103 2104 2070
f 2080 2105 2079
f 2105 2106 2079
f 2106 2107 2079
f 2107 2108 2079
f 2079 2108 2078
f 2108 2109 2078
f 2109 2110 2078
f 2078 2110 2077
f 2110 2111 2077
f 2111 2112 2077
f 2112 2113 2077
f 2077 2113 2076
f 2113 2075 2076
f 2113 2114 2075
f 2114 2115 2075
f 2075 2115 2074
f 2115 2116 2074
f 2116 2117 2074
f 2117 2118 2074
f 2074 2118 2073
f 2118 2119 2073
f 2119 2120 2073
f 2073 2120 2072
f 2120 2121 2072
f 2121 2122 2072
f 2072 2122 2071
f 2122 2123 2071
f 2123 2124 2071
f 2124 2125 2071
f 2071 2125 2070
f 2125 2126 2070
f 2070 2126 2103
f 2102 2082 2104
f 2082 2081 2104
f 2104 2081 2070
f 2083 2102 2084
f 2102 2127 2084
f 2084 2127 2101
f 2100 2086 2128
f 2085 2101 2086
f 2101 2128 2086
f 2087 2100 2088
f 2100 2129 2088
f 2088 2129 2099
f 2089 2099 2090
f 2099 2130 2090
f 2090 2130 2098
f 2091 2098 2092
f 2098 2131 2092
f 2092 2131 2132
f 2133 2134 2068
f 2068 2067 2133
f 2067 2094 2133
f 2133 2094 2132
f 2094 2093 2132
f 2132 2093 2092
f 2135 2136 2137
f 2135 2137 2138
f 2137 2139 2138
f 2138 2139 2140
f 2139 2141 2140
f 2140 2141 2142
f 2141 2143 2142
f 2142 2143 2144
f 2143 2145 2144
f 2144 2145 2146
f 2145 2147 2146
f 2146 2147 2148
f 2147 2149 2148
f 2148 2149 2150
f 2149 2151 2150
f 2150 2151 2152
f 2151 2153 2152
f 2152 2153 2154
f 2153 2155 2154
f 2154 2155 2156
f 2155 2157 2156
f 2156 2157 2158
f 2157 2159 2158
f 2158 2159 2160
f 2159 2161 2160
f 2160 2161 2162
f 2161 2163 2162
f 2162 2163 2164
f 2163 2165 2164
f 2164 2165 2166
f 2165 2167 2166
f 2166 2167 2168
f 2167 2169 2168
f 2168 2169 2170
f 2534 2170 2172
f 2170 2169 2172
f 2172 2169 2171
f 2534 2173 2170
f 2173 2174 2170
f 2170 2174 2168
f 2168 2174 2166
f 2166 2174 2164
f 2164 2174 2162
f 2162 2174 2160
f 2160 2174 2158
f 2158 2174 2156
f 2156 2174 2154
f 2154 2174 2152
f 2152 2174 2150
f 2150 2174 2148
f 2148 2174 2146
f 2146 2174 2144
f 2144 2174 2142
f 2142 2174 2140
f 2140 2174 2138
f 2174 2186 2138
f 2138 2186 2135
f 2173 2175 2174
f 2175 2176 2174
f 2176 2177 2174
f 2177 2178 2174
f 2178 2179 2174
f 2179 2180 2174
f 2180 2181 2174
f 2181 2182 2174
f 2182 2183 2174
f 2183 2184 2174
f 2184 2185 2174
f 2174 2185 2186
f 2175 2187 2176
f 2187 2188 2176
f 2184 2189 2185
f 2189 2190 2185
f 2188 2191 2176
f 2191 2192 2176
f 2192 2203 2176
f 2176 2203 2177
f 2177 2203 2178
f 2203 2193 2178
f 2178 2193 2179
f 2179 2193 2180
f 2193 2194 2180
f 2180 2194 2181
f 2181 2194 2182
f 2194 2195 2182
f 2182 2195 2183
f 2183 2195 2184
f 2195 2196 2184
f 2184 2196 2189
f 2196 2198 2189
f 2192 2197 2203
f 2197 2199 2203
f 2195 2200 2196
f 2196 2200 2198
f 2201 1109 2198
f 2199 2202 2203
f 2200 2204 2198
f 2198 2204 2201
f 2202 2205 2203
f 2205 2206 2203
f 2203 2206 2193
f 2206 2207 2193
f 2193 2207 2194
f 2207 2208 2194
f 2208 2209 2194
f 2194 2209 2195
f 2209 2212 2195
f 2195 2212 2200
f 2200 2210 2204
f 2204 2210 2201
f 2205 2211 2206
f 2212 2210 2200
f 2210 2213 2201
f 2211 2214 2206
f 2208 2215 2209
f 2209 2215 2212
f 2210 2216 2213
f 2214 2217 2206
f 2215 2222 2212
f 2212 2222 2210
f 2216 2218 2213
f 2217 2219 2206
f 2219 2230 2206
f 2230 2220 2206
f 2206 2220 2207
f 2207 2220 2208
f 2220 2221 2208
f 2208 2221 2215
f 2222 2227 2210
f 2210 2227 2216
f 2216 2223 2218
f 2219 2224 2230
f 2220 2225 2221
f 2221 2225 2215
f 2225 2226 2215
f 2227 2228 2216
f 2216 2228 2223
f 2224 2229 2230
f 2230 2225 2220
f 2226 2233 2215
f 2215 2233 2222
f 2222 2233 2227
f 2227 2231 2228
f 2228 2231 2223
f 2231 2252 2223
f 2229 2232 2230
f 2232 2234 2230
f 2234 2235 2230
f 2235 2236 2230
f 2236 2237 2230
f 2237 2238 2230
f 2238 2239 2230
f 2230 2239 2225
f 2239 2240 2225
f 2240 2241 2225
f 2241 2242 2225
f 2242 2243 2225
f 2225 2243 2226
f 2243 2244 2226
f 2244 2245 2226
f 2226 2245 2233
f 2245 2246 2233
f 2246 2247 2233
f 2247 2248 2233
f 2233 2248 2227
f 2248 2249 2227
f 2227 2249 2231
f 2249 2250 2231
f 2250 2251 2231
f 2231 2251 2252
f 2253 2252 2251
f 2253 2251 2254
f 2251 2250 2254
f 2254 2250 2255
f 2250 2249 2255
f 2255 2249 2256
f 2249 2248 2256
f 2256 2248 2257
f 2248 2247 2257
f 2257 2247 2258
f 2247 2246 2258
f 2258 2246 2259
f 2246 2245 2259
f 2259 2245 2260
f 2245 2244 2260
f 2260 2244 2261
f 2244 2243 2261
f 2261 2243 2262
f 2243 2242 2262
f 2262 2242 2263
f 2241 2240 2264
f 2264 2265 2241
f 2265 2266 2241
f 2241 2266 2242
f 2266 2267 2242
f 2242 2267 2263
f 2239 2238 2268
f 2268 2269 2239
f 2269 2270 2239
f 2239 2270 2240
f 2270 2271 2240
f 2240 2271 2264
f 2237 2236 2272
f 2272 2273 2237
f 2273 2274 2237
f 2237 2274 2238
f 2274 2275 2238
f 2238 2275 2268
f 2235 2234 2276
f 2276 2277 2235
f 2277 2278 2235
f 2235 2278 2236
f 2278 2279 2236
f 2236 2279 2272
f 2276 2280 2281
f 2276 2281 2277
f 2281 2282 2277
f 2277 2282 2278
f 2282 2283 2278
f 2278 2283 2279
f 2283 2284 2279
f 2279 2284 2272
f 2284 2285 2272
f 2272 2285 2273
f 2285 2286 2273
f 2273 2286 2274
f 2286 2287 2274
f 2274 2287 2275
f 2287 2288 2275
f 2275 2288 2268
f 2288 2289 2268
f 2268 2289 2269
f 2289 2290 2269
f 2269 2290 2270
f 2290 2291 2270
f 2270 2291 2271
f 2291 2292 2271
f 2271 2292 2264
f 2292 2293 2264
f 2264 2293 2265
f 2293 2294 2265
f 2265 2294 2266
f 2294 2295 2266
f 2266 2295 2267
f 2295 2296 2267
f 2267 2296 2263
f 2296 2297 2263
f 2263 2297 2262
f 2297 2298 2262
f 2262 2298 2261
f 2298 2299 2261
f 2261 2299 2260
f 2299 2300 2260
f 2260 2300 2259
f 2300 2301 2259
f 2259 2301 2258
f 2301 2302 2258
f 2258 2302 2257
f 2302 2303 2257
f 2257 2303 2256
f 2303 2304 2256
f 2256 2304 2255
f 2304 2305 2255
f 2255 2305 2254
f 2305 2306 2254
f 2254 2306 2253
f 2296 2307 2297
f 2307 2308 2297
f 2297 2308 2298
f 2308 2309 2298
f 2298 2309 2299
f 2309 2310 2299
f 2299 2310 2300
f 2310 2311 2300
f 2300 2311 2301
f 2311 2312 2301
f 2301 2312 2302
f 2312 2313 2302
f 2302 2313 2303
f 2313 2314 2303
f 2303 2314 2304
f 2314 2315 2304
f 2304 2315 2305
f 2315 2316 2305
f 2305 2316 2306
f 2317 2318 2296
f 2318 2319 2296
f 2296 2319 2307
f 2280 2320 2281
f 2320 2321 2281
f 2281 2321 2282
f 2321 2322 2282
f 2282 2322 2283
f 2322 2323 2283
f 2283 2323 2284
f 2323 2324 2284
f 2284 2324 2285
f 2324 2325 2285
f 2285 2325 2286
f 2325 2326 2286
f 2286 2326 2287
f 2326 2327 2287
f 2287 2327 2288
f 2327 2328 2288
f 2288 2328 2289
f 2328 2329 2289
f 2289 2329 2290
f 2329 2330 2290
f 2290 2330 2291
f 2330 2331 2291
f 2291 2331 2292
f 2331 2332 2292
f 2292 2332 2293
f 2332 2333 2293
f 2293 2333 2294
f 2333 2317 2294
f 2294 2317 2295
f 2317 2296 2295
f 2343 2345 2344
f 2344 2345 2346
f 2345 2347 2346
f 2346 2347 2348
f 2347 2349 2348
f 2348 2349 2350
f 2349 2351 2350
f 2350 2351 2352
f 2351 2353 2352
f 2352 2353 2354
f 2353 2355 2354
f 2354 2355 2356
f 2355 2357 2356
f 2356 2357 2358
f 2357 2359 2358
f 2358 2359 2360
f 2359 2361 2360
f 2360 2361 2362
f 2361 2363 2362
f 2362 2363 2364
f 2363 2365 2364
f 2364 2365 2366
f 2365 2367 2366
f 2366 2367 2368
f 2367 2369 2368
f 2368 2369 2370
f 2369 2371 2370
f 2370 2371 2372
f 2371 2373 2372
f 2372 2373 2374
f 2373 2375 2374
f 2374 2375 2376
f 2375 2377 2376
f 2376 2377 2378
f 2377 2379 2378
f 2378 2379 2380
f 2379 2381 2380
f 2380 2381 2382
f 2381 2383 2382
f 2382 2383 2384
f 2383 2385 2384
f 2384 2385 2386
f 2385 2387 2386
f 2386 2387 2388
f 2387 2389 2388
f 2388 2389 2390
f 2389 2391 2390
f 2390 2391 2392
f 2391 2393 2392
f 2392 2393 2394
f 2393 2395 2394
f 2394 2395 2396
f 2395 2397 2396
f 2396 2397 2398
f 2397 2399 2398
f 2398 2399 2400
f 2399 2401 2400
f 2400 2401 2402
f 2401 2403 2402
f 2402 2403 2404
f 2403 2405 2404
f 2404 2405 2406
f 2405 2407 2406
f 2406 2407 2408
f 2407 2409 2408
f 2408 2409 2410
f 2409 2411 2410
f 2410 2411 2412
f 2411 2413 2412
f 2412 2413 2414
f 2413 2415 2414
f 2414 2415 2416
f 2415 2417 2416
f 2416 2417 2418
f 2417 2419 2418
f 2418 2419 2420
f 2419 2421 2420
f 2420 2421 2422
f 2421 2423 2422
f 2422 2423 2424
f 2423 2425 2424
f 2424 2425 2426
f 2425 2427 2426
f 2426 2427 2428
f 2427 2429 2428
f 2428 2429 2430
f 2429 2431 2430
f 2430 2431 2432
f 2431 2433 2432
f 2432 2433 2434
f 2433 2435 2434
f 2434 2435 2436
f 2435 2437 2436
f 2436 2437 2438
f 2437 2439 2438
f 2438 2439 2440
f 2439 2441 2440
f 2440 2441 2442
f 2441 2443 2442
f 2442 2443 2444
f 2443 2445 2444
f 2444 2445 2446
f 2445 2447 2446
f 2448 2449 2450
f 2452 714 2453
f 2453 714 2454
f 2454 714 2451
f 714 719 2451
f 2455 2456 734
f 734 2456 740
f 740 2456 754
f 754 2456 736
f 736 2456 741
f 2456 2457 741
f 2457 2458 741
f 741 2458 727
f 2458 2459 727
f 727 2459 722
f 2459 2460 722
f 722 2460 719
f 2460 2451 719
f 2460 2454 2451
f 2461 2109 2108
f 2105 2462 2106
f 2462 2461 2106
f 2106 2461 2107
f 2461 2108 2107
f 2109 2461 2110
f 2461 2463 2110
f 2110 2463 2111
f 2114 2113 2464
f 2113 2112 2464
f 2464 2112 2463
f 2112 2111 2463
f 2114 2464 2115
f 2464 2465 2115
f 2115 2465 2116
f 2116 2465 2117
f 2465 2466 2117
f 2117 2466 2118
f 2467 2123 2122
f 2122 2121 2467
f 2121 2120 2467
f 2467 2120 2466
f 2120 2119 2466
f 2466 2119 2118
f 2123 2467 2124
f 2467 2468 2124
f 2124 2468 2125
f 2469 2127 2102
f 2102 2104 2469
f 2104 2103 2469
f 2469 2103 2468
f 2103 2126 2468
f 2468 2126 2125
f 2127 2469 2101
f 2469 2470 2101
f 2101 2470 2128
f 2471 2100 2470
f 2100 2128 2470
f 2472 2473 2471
f 2473 2131 2098
f 2098 2130 2473
f 2130 2099 2473
f 2473 2099 2471
f 2099 2129 2471
f 2471 2129 2100
f 2471 2474 2472
f 2474 2475 2472
f 2472 2475 2476
f 2475 2477 2476
f 2476 2477 2478
f 2477 2479 2478
f 2478 2479 2480
f 2479 2481 2480
f 2024 2280 1990
f 2280 2276 1990
f 2483 2320 2482
f 2483 2484 2485
f 2484 2486 2485
f 2485 2486 2487
f 2486 2488 2487
f 2487 2488 896
f 896 897 2489
f 897 895 2489
f 895 897 2488
f 897 896 2488
f 2486 2490 892
f 892 2490 891
f 2490 895 891
f 891 895 890
f 895 2488 890
f 890 2488 892
f 2488 2486 892
f 2484 2338 887
f 887 2338 886
f 2338 2490 886
f 2490 2486 886
f 886 2486 2484
f 2484 2483 883
f 2483 2491 883
f 2491 2338 883
f 883 2338 2484
f 2068 2489 878
f 878 2489 879
f 2489 895 879
f 895 2069 879
f 879 2069 878
f 2069 2068 878
f 2069 875 2096
f 2096 875 2490
f 2490 875 895
f 895 875 2069
f 2096 2338 2097
f 2338 2339 2490
f 2490 2339 2096
f 2339 2338 2096
f 2097 2342 2095
f 2095 2342 2491
f 2491 2342 2338
f 2338 2342 2097
f 2482 2492 2483
f 2483 2492 2491
f 2492 2066 2491
f 2491 2066 2095
f 2493 2494 2473
f 2494 2134 2473
f 2134 2133 2473
f 2133 2132 2473
f 2473 2132 2131
f 2493 2473 2472
f 2480 2481 2493
f 2481 2496 2493
f 2472 2476 2493
f 2476 2478 2493
f 2493 2478 2480
f 1789 881 2497
f 2531 2498 2497
f 2497 2498 1789
f 2498 2499 1789
f 1789 2499 1810
f 2499 2500 1810
f 2500 2501 1810
f 1810 2501 1821
f 2501 2502 1821
f 2502 2503 1821
f 1821 2503 1822
f 2503 2504 1822
f 2504 2505 1822
f 1822 2505 1823
f 2505 2506 1823
f 2506 2507 1823
f 1823 2507 1825
f 2507 2508 1825
f 2508 2509 1825
f 1825 2509 1830
f 2509 2510 1830
f 2510 2511 1830
f 1830 2511 1831
f 2511 2512 1831
f 2512 2513 1831
f 1831 2513 1834
f 2513 2514 1834
f 2514 2515 1834
f 1834 2515 1837
f 2515 2649 1837
f 2649 2516 1837
f 1837 2516 1842
f 2516 2517 1842
f 2517 2518 1842
f 1842 2518 1844
f 2518 2519 1844
f 2519 2520 1844
f 1844 2520 1848
f 2520 2521 1848
f 2521 2522 1848
f 1848 2522 1849
f 2522 2523 1849
f 2523 2524 1849
f 1849 2524 1854
f 2524 2525 1854
f 2525 2526 1854
f 1854 2526 1859
f 2526 2527 1859
f 2527 2528 1859
f 1859 2528 1861
f 2528 2635 1861
f 1861 2635 2529
f 2529 2530 2454
f 2529 2454 1861
f 2454 2460 1861
f 1861 2460 1863
f 2531 2532 2171
f 2171 2532 2172
f 2532 2533 2172
f 2172 2533 2534
f 2534 884 2535
f 2535 884 2536
f 884 885 2536
f 2536 885 2533
f 2533 885 2534
f 885 884 2534
f 2532 2336 889
f 889 2336 888
f 2336 2536 888
f 2536 2533 888
f 888 2533 889
f 2533 2532 889
f 2531 2335 894
f 894 2335 893
f 2335 2336 893
f 2336 2532 893
f 893 2532 894
f 2532 2531 894
f 2335 2531 2334
f 2531 2537 2334
f 2537 2335 2334
f 1881 2340 1882
f 1882 2340 2536
f 2536 2340 2535
f 2340 1776 2535
f 2535 1776 1881
f 1776 2340 1881
f 1882 2336 1884
f 2336 2337 2536
f 2536 2337 1882
f 2337 2336 1882
f 1884 876 1885
f 876 877 1885
f 1885 877 2335
f 2335 877 2336
f 877 876 2336
f 2336 876 1884
f 881 882 2537
f 2537 882 2335
f 882 880 2335
f 2335 880 1885
f 880 881 1885
f 2531 2497 2537
f 2497 881 2537
f 2535 1881 1982
f 2234 2232 2448
f 2232 2449 2448
f 1903 2449 1904
f 2449 2232 1904
f 1904 2232 1924
f 2232 2229 1924
f 1924 2229 1932
f 2229 2224 1932
f 1932 2224 1933
f 2224 2219 1933
f 1933 2219 1935
f 2219 2217 1935
f 1935 2217 1937
f 2217 2214 1937
f 1937 2214 1945
f 2214 2211 1945
f 1945 2211 1947
f 2211 2205 1947
f 1947 2205 1950
f 2205 2202 1950
f 1950 2202 1952
f 2202 2199 1952
f 1952 2199 1959
f 2199 2197 1959
f 1959 2197 1963
f 2197 2192 1963
f 1963 2192 1967
f 2192 2191 1967
f 1967 2191 1969
f 2191 2188 1969
f 1969 2188 1975
f 2188 2187 1975
f 1975 2187 1978
f 2187 2175 1978
f 1978 2175 1982
f 2175 2173 1982
f 1982 2173 2535
f 2173 2534 2535
f 899 898 2540
f 2541 2542 898
f 898 2542 2540
f 993 2543 2539
f 899 2540 993
f 2540 2543 993
f 878 1778 879
f 1778 890 879
f 890 1234 879
f 879 1234 878
f 1234 1778 878
f 1780 2545 875
f 2545 890 875
f 875 890 895
f 890 1778 895
f 895 1778 875
f 1778 1780 875
f 1779 2342 2338
f 2338 2342 2339
f 2342 2545 2339
f 2545 1780 2339
f 2339 1780 2338
f 1780 1779 2338
f 2341 2342 1779
f 2342 2341 2547
f 1235 897 2544
f 2544 897 890
f 890 897 1234
f 1234 897 1235
f 2544 892 2546
f 2546 892 2545
f 892 890 2545
f 890 892 2544
f 2546 887 2342
f 887 886 2342
f 2342 886 2545
f 2545 886 2546
f 886 887 2546
f 2546 2342 2484
f 2342 2547 2484
f 2547 2546 2484
f 2341 1637 2547
f 2544 2546 1235
f 1235 2546 941
f 2546 2547 941
f 2557 2548 2549
f 2550 2551 2340
f 2551 2548 2340
f 2340 2548 1776
f 1776 2550 2340
f 2552 2336 2550
f 2336 2337 2550
f 2550 2337 2551
f 2551 2337 2553
f 2337 2336 2553
f 2553 2336 2552
f 2554 876 2552
f 2552 876 2553
f 876 877 2553
f 2553 877 880
f 880 877 2554
f 877 876 2554
f 880 2554 882
f 2554 2555 882
f 2555 880 882
f 2548 2551 884
f 884 2551 885
f 2551 2549 885
f 2549 2548 885
f 885 2548 884
f 889 2549 888
f 2549 2551 888
f 2551 2553 888
f 888 2553 889
f 2553 2549 889
f 894 2549 893
f 2549 2553 893
f 2553 880 893
f 893 880 894
f 880 2556 894
f 2556 2549 894
f 2556 2335 1524
f 2335 2334 1524
f 1524 2334 2555
f 2555 2334 880
f 2334 2335 880
f 880 2335 2556
f 2554 1528 2555
f 2555 1528 1524
f 2549 2556 2557
f 2557 2556 2558
f 2556 1524 2558
f 2539 2538 1142
f 2538 2559 1142
f 1698 2559 898
f 2559 2541 898
f 1757 1776 2548
f 2559 1698 1142
f 1698 1704 1142
f 1142 1704 1141
f 1704 1706 1141
f 1141 1706 1138
f 1706 1708 1138
f 1138 1708 1131
f 1708 1710 1131
f 1131 1710 1129
f 1710 1718 1129
f 1129 1718 1126
f 1718 1721 1126
f 1126 1721 1123
f 1721 1724 1123
f 1123 1724 1119
f 1724 1727 1119
f 1119 1727 1115
f 1727 1734 1115
f 1115 1734 1113
f 1734 1738 1113
f 1113 1738 1108
f 1738 1740 1108
f 1108 1740 1104
f 1740 1745 1104
f 1104 1745 1099
f 1745 1749 1099
f 1099 1749 1098
f 1749 1753 1098
f 1098 1753 1092
f 1753 1755 1092
f 1092 1755 1090
f 1755 1757 1090
f 1090 1757 2557
f 1757 2548 2557
f 2495 2496 2481
f 1506 1079 1080
f 1472 1069 1070
f 1069 1472 1068
f 1472 1471 1068
f 1068 1471 1475
f 1481 1480 1070
f 1480 1478 1070
f 1478 1477 1070
f 1070 1477 1472
f 1070 1071 1481
f 1071 1072 1481
f 1481 1072 1482
f 1073 1483 1072
f 1483 1482 1072
f 1074 1075 1502
f 1502 1501 1074
f 1501 1486 1074
f 1074 1486 1073
f 1486 1489 1073
f 1073 1489 1483
f 1076 1077 1496
f 1496 1495 1076
f 1495 1493 1076
f 1076 1493 1075
f 1493 1494 1075
f 1075 1494 1502
f 1079 1506 1078
f 1506 1510 1078
f 1510 1513 1078
f 1078 1513 1077
f 1513 1498 1077
f 1077 1498 1496
f 1518 1516 1080
f 1516 1515 1080
f 1515 1507 1080
f 1080 1507 1506
f 1080 1081 1518
f 1081 1082 1518
f 1518 1082 1519
f 1082 1083 1519
f 1519 1083 1520
f 1526 1525 1083
f 1083 1525 1520
f 1523 1527 1085
f 1527 1526 1085
f 1085 1526 1084
f 1526 1083 1084
f 2557 2558 1085
f 1085 2558 1523
f 2558 1524 1523
f 2550 1776 1775
f 2552 2550 1531
f 1531 2554 2552
f 2550 1775 1531
f 1775 1774 1531
f 1531 1774 1532
f 1532 1774 1533
f 1774 1773 1533
f 1533 1773 1529
f 1529 1773 1530
f 1773 1772 1530
f 1530 1772 1522
f 1772 1771 1522
f 1522 1771 1521
f 1521 1771 1517
f 1771 1770 1517
f 1517 1770 1509
f 1509 1770 1508
f 1770 1769 1508
f 1508 1769 1511
f 1511 1769 1512
f 1769 1768 1512
f 1512 1768 1514
f 1514 1768 1499
f 1768 1767 1499
f 1499 1767 1497
f 1497 1767 1491
f 1767 1766 1491
f 1491 1766 1492
f 1492 1766 1500
f 1766 1765 1500
f 1500 1765 1503
f 1503 1765 1504
f 1765 1764 1504
f 1504 1764 1505
f 1505 1764 1484
f 1764 1763 1484
f 1484 1763 1485
f 1485 1763 1487
f 1763 1762 1487
f 1487 1762 1488
f 1762 1761 1488
f 1488 1761 1490
f 1490 1761 1479
f 1761 1760 1479
f 1479 1760 1470
f 1470 1760 1476
f 1760 1759 1476
f 1476 1759 1473
f 1473 1759 1474
f 1759 1758 1474
f 1474 1758 1536
f 1863 2560 2561
f 1863 2561 1864
f 2561 2562 1864
f 1864 2562 1865
f 2562 2563 1865
f 1865 2563 1866
f 2563 2564 1866
f 1866 2564 1867
f 2564 2565 1867
f 1867 2565 1868
f 2565 2566 1868
f 1868 2566 1869
f 2566 2567 1869
f 1869 2567 1870
f 2567 2568 1870
f 1870 2568 1871
f 2568 2569 1871
f 1871 2569 1872
f 2569 2570 1872
f 1872 2570 1873
f 2570 2571 1873
f 1873 2571 1874
f 2571 2572 1874
f 1874 2572 1875
f 2572 2573 1875
f 1875 2573 1876
f 2573 2574 1876
f 1876 2574 1877
f 2574 2575 1877
f 1877 2575 1878
f 2575 2576 1878
f 1878 2576 1879
f 2576 2577 1879
f 1879 2577 1880
f 2577 2578 1880
f 1880 2578 720
f 2579 2580 1788
f 1222 1221 1557
f 1221 2579 1557
f 1557 2579 1777
f 1783 2579 1784
f 2579 1785 1784
f 1783 1782 2579
f 1782 1781 2579
f 2579 1781 1777
f 1788 1787 2579
f 1787 1786 2579
f 2579 1786 1785
f 2578 2577 2581
f 2577 2576 2581
f 2581 2576 2575
f 2581 2572 2571
f 2575 2574 2581
f 2574 2573 2581
f 2581 2573 2572
f 2571 2570 2581
f 2570 2569 2581
f 2581 2569 2568
f 2568 2567 2581
f 2567 2566 2581
f 2581 2566 2565
f 2565 2564 2581
f 2564 2563 2581
f 2581 2563 2562
f 2481 2581 2560
f 2560 2581 2561
f 2581 2562 2561
f 2465 2464 2581
f 2464 2463 2581
f 2463 2461 2581
f 2581 2461 2462
f 2468 2467 2581
f 2467 2466 2581
f 2581 2466 2465
f 2581 2479 2477
f 2477 2475 2581
f 2475 2474 2581
f 2581 2474 2471
f 2581 2481 2479
f 2471 2470 2581
f 2470 2469 2581
f 2581 2469 2468
f 2462 2582 2583
f 1809 1536 1758
f 1809 1808 1536
f 2580 2584 2105
f 2584 2585 2105
f 2105 2585 2462
f 2585 2586 2462
f 2462 2586 2582
f 1655 1645 2023
f 2580 2105 1788
f 2105 2080 1788
f 1788 2080 1623
f 2080 2040 1623
f 1623 2040 1624
f 2040 2023 1624
f 1624 2023 1645
f 2583 2587 2462
f 2587 2588 2462
f 2462 2588 2581
f 2588 2589 2581
f 2581 2589 2578
f 2589 2590 2578
f 2578 2590 2591
f 1677 1655 2023
f 2591 2592 2578
f 2592 718 2578
f 2578 718 720
f 720 1469 1853
f 1469 1534 1853
f 1534 1555 1853
f 1555 1553 1853
f 1853 1553 1833
f 1553 1551 1833
f 1551 1549 1833
f 1549 1547 1833
f 1547 1545 1833
f 1545 1543 1833
f 1543 1541 1833
f 1833 1541 1824
f 1541 1539 1824
f 1539 1537 1824
f 1537 1536 1824
f 1824 1536 1808
f 934 2012 935
f 2012 1923 935
f 1923 1915 935
f 1915 1931 935
f 1931 1930 935
f 1930 1936 935
f 935 1936 1711
f 1936 1944 1711
f 1711 1944 1722
f 1944 1951 1722
f 1722 1951 1728
f 1951 1962 1728
f 1962 1966 1728
f 1728 1966 1746
f 1966 1974 1746
f 1974 1973 1746
f 1746 1973 1754
f 1973 1981 1754
f 1981 1985 1754
f 1754 1985 1758
f 1985 1902 1758
f 1758 1902 1809
f 1684 1677 2023
f 934 1692 2012
f 2012 1692 2023
f 1692 1684 2023
f 2593 2494 2493
f 2496 2598 2493
f 2598 2594 2493
f 2493 2594 2593
f 2595 715 2496
f 715 726 2496
f 2496 726 2596
f 2596 2597 2496
f 2597 2598 2496
f 2322 2321 2483
f 2483 2321 2320
f 896 2599 2487
f 2599 2485 2487
f 2599 2600 2324
f 2483 2485 2322
f 2485 2599 2322
f 2322 2599 2323
f 2599 2324 2323
f 2601 2602 2328
f 2328 2327 2601
f 2327 2326 2601
f 2601 2326 2600
f 2326 2325 2600
f 2600 2325 2324
f 2603 2604 2332
f 2332 2331 2603
f 2331 2330 2603
f 2603 2330 2602
f 2330 2329 2602
f 2602 2329 2328
f 2319 2318 2605
f 2318 2317 2605
f 2605 2317 2604
f 2317 2333 2604
f 2604 2333 2332
f 2605 2606 2319
f 2606 2607 2319
f 2319 2607 2307
f 2607 2608 2307
f 2307 2608 2308
f 2608 2609 2308
f 2308 2609 2309
f 2609 2610 2309
f 2309 2610 2310
f 2610 2611 2310
f 2310 2611 2311
f 2611 2612 2311
f 2311 2612 2312
f 2612 2613 2312
f 2312 2613 2313
f 2613 2614 2313
f 2313 2614 2314
f 2614 2615 2314
f 2314 2615 2315
f 2615 2616 2315
f 2315 2616 2316
f 2595 2455 2452
f 2453 2530 2452
f 2530 2625 2452
f 2452 2625 2595
f 2458 2457 2495
f 2530 2453 2454
f 1863 2460 2459
f 2560 1863 2481
f 1863 2459 2481
f 2481 2459 2495
f 2495 2459 2458
f 2457 2456 2495
f 2595 2496 2455
f 2495 2456 2496
f 2456 2455 2496
f 2593 2594 2617
f 2594 2618 2617
f 2617 2618 2619
f 2620 2621 2622
f 2621 2617 2622
f 2622 2617 2623
f 2617 2619 2623
f 2498 2531 2624
f 2530 2529 2635
f 2530 2635 2625
f 2635 2626 2625
f 2629 2630 2628
f 2629 2631 2630
f 2632 2634 2633
f 2501 2500 2624
f 2498 2624 2499
f 2527 2636 2635
f 2626 2635 2627
f 2635 2528 2527
f 2636 2637 2635
f 2635 2637 2627
f 2628 2640 2629
f 2631 2629 2633
f 2526 2525 2527
f 2527 2525 2636
f 2636 2638 2637
f 2638 2639 2637
f 2640 2641 2629
f 2641 2632 2629
f 2629 2632 2633
f 2524 2523 2525
f 2525 2523 2636
f 2523 2521 2636
f 2521 2643 2636
f 2643 2638 2636
f 2639 2640 2637
f 2637 2640 2628
f 2641 2642 2632
f 2642 2634 2632
f 2522 2521 2523
f 2644 2645 2640
f 2645 2641 2640
f 2642 2646 2634
f 2520 2519 2521
f 2519 2643 2521
f 2639 2644 2640
f 2645 2644 2641
f 2644 2647 2641
f 2641 2647 2642
f 2647 2648 2642
f 2642 2648 2646
f 2518 2517 2519
f 2519 2517 2643
f 2517 2649 2643
f 2643 2649 2638
f 2649 2653 2638
f 2638 2650 2639
f 2639 2650 2644
f 2648 2647 2646
f 2516 2649 2517
f 2653 2651 2638
f 2651 2650 2638
f 2650 2652 2644
f 2644 2652 2647
f 2652 2654 2647
f 2515 2514 2649
f 2514 2656 2649
f 2656 2653 2649
f 2651 2657 2650
f 2654 2655 2647
f 2647 2655 2646
f 2513 2512 2514
f 2514 2512 2656
f 2656 2651 2653
f 2657 2658 2650
f 2658 2652 2650
f 2652 2661 2654
f 2655 2659 2646
f 2511 2510 2512
f 2512 2510 2656
f 2656 2662 2651
f 2662 2657 2651
f 2652 2660 2661
f 2654 2661 2655
f 2655 2668 2659
f 2509 2508 2510
f 2510 2508 2656
f 2508 2506 2656
f 2662 2663 2657
f 2657 2663 2658
f 2658 2663 2652
f 2663 2665 2652
f 2652 2665 2660
f 2661 2664 2655
f 2664 2667 2655
f 2655 2667 2668
f 2507 2506 2508
f 2506 2504 2656
f 2504 2662 2656
f 2665 2666 2660
f 2660 2666 2661
f 2661 2666 2664
f 2505 2504 2506
f 2504 2669 2662
f 2662 2669 2663
f 2669 2670 2663
f 2663 2670 2665
f 2664 2666 2667
f 2503 2502 2504
f 2502 2624 2504
f 2504 2624 2669
f 2669 2672 2670
f 2670 2672 2665
f 2672 2673 2665
f 2665 2673 2666
f 2666 2674 2667
f 2667 2674 2668
f 2668 2674 2671
f 2501 2624 2502
f 2624 2675 2669
f 2673 2672 2666
f 2672 2676 2666
f 2666 2676 2674
f 2500 2499 2624
f 2624 2672 2675
f 2675 2672 2669
f 2531 2171 2624
f 2171 2169 2624
f 2169 2167 2624
f 2167 2165 2624
f 2165 2163 2624
f 2163 2161 2624
f 2624 2161 2672
f 2161 2159 2672
f 2159 2157 2672
f 2157 2155 2672
f 2155 2153 2672
f 2672 2153 2676
f 2153 2151 2676
f 2151 2149 2676
f 2149 2147 2676
f 2147 2145 2676
f 2145 2143 2676
f 2676 2143 2674
f 2143 2141 2674
f 2674 2141 2671
f 2141 2139 2671
f 2139 2137 2671
f 2137 2136 2671
f 938 937 2316
f 2621 2620 2677
f 2316 937 2306
f 937 1037 2306
f 2316 2616 938
f 2616 2621 938
f 938 2621 2579
f 995 2306 996
f 2253 2306 995
f 2677 2678 2621
f 2678 2679 2621
f 2621 2679 2579
f 1021 1014 2306
f 2306 1014 996
f 1037 1021 2306
f 1621 1620 2579
f 1309 1307 1311
f 1307 1321 1311
f 1535 2634 1556
f 1556 2634 1554
f 1554 2634 1552
f 2634 2646 1552
f 1552 2646 1550
f 1550 2646 1548
f 1548 2646 1546
f 1546 2646 1544
f 1544 2646 1542
f 2646 2659 1542
f 1542 2659 1540
f 1540 2659 1538
f 1538 2659 1475
f 2659 2668 1475
f 1475 2668 2671
f 995 973 2253
f 2253 973 2252
f 973 1050 2252
f 2252 1130 2223
f 2223 1130 2218
f 2213 2218 2201
f 2218 1109 2201
f 1109 1100 2198
f 2198 1100 2189
f 1100 1086 2189
f 2189 1086 2190
f 2190 1086 2185
f 2185 1086 2186
f 1086 1069 2186
f 2186 1069 2135
f 1069 1068 2135
f 2135 1068 2136
f 1068 1475 2136
f 2136 1475 2671
f 1620 1619 2579
f 1619 1618 2579
f 2579 1618 1617
f 1603 1598 1372
f 1598 1599 1372
f 1372 1599 1374
f 1444 1442 1446
f 1442 1602 1446
f 1352 1349 938
f 1322 1313 938
f 1313 1315 938
f 1315 1317 938
f 1317 1319 938
f 938 1319 1223
f 1307 1305 1321
f 1305 1303 1321
f 1321 1303 1319
f 1614 1613 2579
f 1613 1612 2579
f 2579 1612 1611
f 1607 1606 1372
f 1369 2579 1370
f 2579 1372 1370
f 1352 938 1355
f 1349 1346 938
f 1346 1343 938
f 938 1343 1340
f 1340 1337 938
f 1337 1334 938
f 938 1334 1331
f 1331 1328 938
f 1328 1325 938
f 938 1325 1322
f 1617 1616 2579
f 1616 1615 2579
f 2579 1615 1614
f 1611 1610 2579
f 1610 1609 2579
f 2579 1609 1372
f 1609 1608 1372
f 1372 1608 1607
f 1606 1605 1372
f 1605 1604 1372
f 1372 1604 1603
f 1434 1600 1601
f 1442 1440 1602
f 1440 1438 1602
f 1602 1438 1601
f 1438 1437 1601
f 1601 1437 1434
f 1369 1364 2579
f 1364 1361 2579
f 2579 1361 938
f 1361 1358 938
f 938 1358 1355
f 1621 2579 1622
f 2579 1221 1622
f 1622 1221 1144
f 1221 1219 1144
f 1144 1219 1217
f 1600 1378 1599
f 1378 1376 1599
f 1599 1376 1374
f 1303 1302 1319
f 1302 1299 1319
f 1319 1299 1252
f 1299 1292 1252
f 1252 1292 1254
f 1256 1255 1286
f 1217 1215 1144
f 1215 1213 1144
f 1144 1213 1211
f 1211 1209 1144
f 1209 1207 1144
f 1144 1207 1205
f 1180 1179 1202
f 1205 1203 1144
f 1203 1202 1144
f 1144 1202 1145
f 1202 1147 1145
f 1397 1396 1421
f 1254 1292 1255
f 1292 1291 1255
f 1255 1291 1286
f 1252 1250 1319
f 1250 1248 1319
f 1319 1248 1246
f 1246 1244 1319
f 1244 1242 1319
f 1319 1242 1240
f 1240 1238 1319
f 1238 1236 1319
f 1319 1236 1223
f 1199 1192 1191
f 1180 1202 1185
f 1179 1174 1202
f 1174 1173 1202
f 1202 1173 1168
f 1161 1156 1202
f 1156 1155 1202
f 1202 1155 1153
f 1397 1421 1402
f 1199 1191 1202
f 1191 1186 1202
f 1202 1186 1185
f 1168 1167 1202
f 1167 1162 1202
f 1202 1162 1161
f 1153 1151 1202
f 1151 1149 1202
f 1202 1149 1147
f 1409 1408 1414
f 1408 1403 1414
f 1414 1403 1415
f 1388 1386 1421
f 1386 1384 1421
f 1421 1384 1382
f 1434 1427 1600
f 1427 1426 1600
f 1600 1426 1378
f 1426 1421 1378
f 1378 1421 1380
f 1421 1382 1380
f 1285 1262 1286
f 1262 1261 1286
f 1286 1261 1256
f 1268 1279 1273
f 1279 1274 1273
f 1285 1280 1262
f 1280 1279 1262
f 1262 1279 1267
f 1279 1268 1267
f 1402 1421 1403
f 1421 1420 1403
f 1403 1420 1415
f 1396 1391 1421
f 1391 1390 1421
f 1421 1390 1388
f 710 715 2595
f 2634 2595 2633
f 2595 2625 2633
f 710 2595 1468
f 2595 2634 1468
f 2633 2625 2626
f 2626 2627 2633
f 2633 2627 2637
f 2633 2628 2630
f 2637 2628 2633
f 2631 2633 2630
f 2680 2681 2682
f 2681 2683 2682
f 2682 2683 2684
f 2683 2685 2684
f 2684 2685 2686
f 2685 2687 2686
f 2686 2687 2688
f 2687 2689 2688
f 2688 2689 2690
f 2689 2691 2690
f 2690 2691 2692
f 2691 2693 2692
f 2692 2693 2694
f 2693 2695 2694
f 2694 2695 2696
f 2695 2697 2696
f 2696 2697 2698
f 2697 2699 2698
f 2698 2699 2700
f 2699 2701 2700
f 2700 2701 2702
f 2701 2703 2702
f 2702 2703 2704
f 2703 2705 2704
f 2704 2705 2706
f 2705 2707 2706
f 2706 2707 2708
f 2707 2709 2708
f 2708 2709 2710
f 2709 2711 2710
f 2710 2711 2712
f 2711 2713 2712
f 2712 2713 2714
f 2713 2715 2714
f 2714 2715 2716
f 2715 2717 2716
f 2716 2717 2718
f 2717 2719 2718
f 2718 2719 2720
f 2719 2721 2720
f 2720 2721 2722
f 2721 2723 2722
f 2722 2723 2724
f 2723 2725 2724
f 2724 2725 2726
f 2725 2727 2726
f 2726 2727 2728
f 2727 2729 2728
f 2728 2729 2730
f 2729 2731 2730
f 2730 2731 2732
f 2731 2733 2732
f 2732 2733 2734
f 2733 2735 2734
f 2734 2735 2736
f 2735 2737 2736
f 2736 2737 2738
f 2738 2740 2739
f 2739 2740 2741
f 2740 2742 2741
f 2741 2742 2743
f 2742 2744 2743
f 2743 2744 2745
f 2744 2746 2745
f 2745 2746 2747
f 2746 2748 2747
f 2747 2748 2749
f 2748 2750 2749
f 2749 2750 2751
f 2750 2752 2751
f 2751 2752 2753
f 2752 2754 2753
f 2753 2754 2755
f 2754 2756 2755
f 2755 2756 2757
f 2756 2758 2757
f 2757 2758 2759
f 2758 2760 2759
f 2759 2760 2761
f 2760 2762 2761
f 2761 2762 2763
f 2762 2764 2763
f 2763 2764 2765
f 2764 2766 2765
f 2765 2766 2767
f 2766 2768 2767
f 2767 2768 2769
f 2768 2770 2769
f 2769 2770 2771
f 2770 2772 2771
f 2771 2772 2773
f 2772 2774 2773
f 2773 2774 2775
f 2774 2776 2775
f 2775 2776 2777
f 2776 2778 2777
f 2777 2778 2779
f 2778 2780 2779
f 2779 2780 2781
f 2780 2782 2781
f 2781 2782 2783
f 2782 2784 2783
f 2783 2784 2785
f 2784 2786 2785
f 2785 2786 2787
f 2786 2788 2787
f 2787 2788 2789
f 2788 2680 2789
f 2789 2680 2682
f 2790 2738 2737
f 2790 2737 2791
f 2737 2735 2791
f 2791 2735 2792
f 2735 2733 2792
f 2792 2733 2794
f 2731 2793 2733
f 2793 2794 2733
f 2729 2727 2795
f 2795 2796 2729
f 2796 2797 2729
f 2729 2797 2731
f 2797 2798 2731
f 2731 2798 2793
f 2725 2723 2799
f 2799 2800 2725
f 2800 2801 2725
f 2725 2801 2727
f 2801 2802 2727
f 2727 2802 2795
f 2719 2803 2721
f 2803 2804 2721
f 2721 2804 2723
f 2804 2805 2723
f 2723 2805 2799
f 2717 2806 2719
f 2806 2807 2719
f 2719 2807 2803
f 2715 2808 2717
f 2808 2809 2717
f 2717 2809 2806
f 2713 2810 2715
f 2810 2811 2715
f 2715 2811 2808
f 2812 2813 2711
f 2711 2813 2713
f 2813 2814 2713
f 2713 2814 2810
f 2812 2711 2815
f 2711 2709 2815
f 2815 2709 2816
f 2709 2707 2816
f 2816 2707 2817
f 2707 2705 2817
f 2817 2705 2818
f 2705 2703 2818
f 2818 2703 2819
f 2703 2701 2819
f 2819 2701 2820
f 2701 2699 2820
f 2820 2699 2821
f 2821 2699 2822
f 2699 2697 2822
f 2822 2697 2823
f 2697 2695 2823
f 2823 2695 2824
f 2695 2693 2824
f 2824 2693 2825
f 2693 2691 2825
f 2825 2691 2826
f 2826 2691 2827
f 2691 2689 2827
f 2827 2689 2828
f 2689 2687 2828
f 2828 2687 2829
f 2687 2685 2829
f 2829 2685 2830
f 2685 2683 2830
f 2830 2683 2831
f 2831 2683 2832
f 2683 2681 2832
f 2832 2681 2833
f 2681 2680 2833
f 2833 2680 2834
f 2680 2788 2834
f 2834 2788 2835
f 2835 2788 2836
f 2788 2786 2836
f 2836 2786 2837
f 2837 2786 2838
f 2786 2784 2838
f 2838 2784 2839
f 2839 2784 2840
f 2784 2782 2840
f 2840 2782 2841
f 2841 2782 2842
f 2782 2780 2842
f 2842 2780 2843
f 2843 2780 2844
f 2780 2778 2844
f 2844 2778 2845
f 2845 2778 2846
f 2778 2776 2846
f 2846 2776 2847
f 2847 2776 2848
f 2776 2774 2848
f 2848 2774 2849
f 2849 2774 2850
f 2774 2772 2850
f 2850 2772 2851
f 2772 2770 2851
f 2851 2770 2852
f 2770 2768 2852
f 2852 2768 2853
f 2768 2766 2853
f 2853 2766 2854
f 2766 2764 2854
f 2854 2764 2855
f 2764 2762 2855
f 2855 2762 2856
f 2762 2760 2856
f 2856 2760 2857
f 2760 2758 2857
f 2857 2758 2858
f 2758 2756 2858
f 2858 2756 2859
f 2756 2754 2859
f 2859 2754 2860
f 2754 2752 2860
f 2860 2752 2861
f 2752 2750 2861
f 2861 2750 2862
f 2750 2748 2862
f 2862 2748 2863
f 2748 2746 2863
f 2863 2746 2864
f 2746 2744 2864
f 2864 2744 2865
f 2865 2744 2866
f 2744 2742 2866
f 2866 2742 2867
f 2867 2742 2868
f 2742 2740 2868
f 2868 2740 2999
f 2447 2869 2900
f 2870 2871 2872
f 2871 2873 2872
f 2872 2873 2874
f 2873 2875 2874
f 2874 2875 2876
f 2875 2877 2876
f 2876 2877 2878
f 2877 2879 2878
f 2878 2879 2880
f 2879 2881 2880
f 2880 2881 2882
f 2881 2883 2882
f 2882 2883 2884
f 2883 2885 2884
f 2884 2885 2886
f 2885 2887 2886
f 2886 2887 2888
f 2887 2889 2888
f 2888 2889 2890
f 2889 2891 2890
f 2890 2891 2892
f 2891 2893 2892
f 2892 2893 2894
f 2893 2895 2894
f 2894 2895 2896
f 2895 2897 2896
f 2896 2897 2898
f 2897 2899 2898
f 2898 2899 2869
f 2899 2900 2869
f 2901 2902 2870
f 2902 2903 2870
f 2870 2903 2871
f 2904 2905 2901
f 2905 2906 2901
f 2901 2906 2902
f 2907 2908 2904
f 2908 2909 2904
f 2904 2909 2905
f 2910 2911 2907
f 2911 2912 2907
f 2907 2912 2908
f 2913 2914 2910
f 2914 2915 2910
f 2910 2915 2911
f 2916 2917 2913
f 2917 2918 2913
f 2913 2918 2914
f 2919 2920 2921
f 2920 2922 2921
f 2921 2922 2923
f 2922 2924 2923
f 2923 2924 2925
f 2924 2926 2925
f 2925 2926 2916
f 2926 2927 2916
f 2916 2927 2917
f 2928 2929 2930
f 2929 2931 2930
f 2930 2931 2932
f 2931 2933 2932
f 2932 2933 2934
f 2933 2935 2934
f 2934 2935 2919
f 2935 2936 2919
f 2919 2936 2920
f 2937 2938 2939
f 2938 2940 2939
f 2939 2940 2941
f 2940 2942 2941
f 2941 2942 2943
f 2942 2944 2943
f 2943 2944 2928
f 2944 2945 2928
f 2928 2945 2929
f 2946 2947 2937
f 2937 2947 2938
f 2937 2948 2946
f 2948 2949 2946
f 2946 2949 2950
f 2949 2951 2950
f 2950 2951 2952
f 2951 2953 2952
f 2952 2953 2954
f 2953 2955 2954
f 2954 2955 2961
f 2956 2957 2958
f 2958 2959 2956
f 2959 2960 2956
f 2956 2960 2955
f 2960 2961 2955
f 2962 2963 2964
f 2964 2965 2962
f 2965 2966 2962
f 2962 2966 2957
f 2966 2967 2957
f 2957 2967 2958
f 2968 2969 2970
f 2970 2971 2968
f 2971 2972 2968
f 2968 2972 2963
f 2972 2973 2963
f 2963 2973 2964
f 2974 2975 2976
f 2975 2977 2976
f 2976 2977 2969
f 2977 2978 2969
f 2969 2978 2970
f 2979 2980 2974
f 2980 2981 2974
f 2974 2981 2975
f 2982 2983 2979
f 2983 2984 2979
f 2979 2984 2980
f 2985 2986 2982
f 2986 2987 2982
f 2982 2987 2983
f 2988 2989 2985
f 2989 2990 2985
f 2985 2990 2986
f 2991 2992 2988
f 2988 2992 2989
f 2988 2993 2991
f 2993 2994 2991
f 2991 2994 2995
f 2994 2996 2995
f 2995 2996 2997
f 2996 2998 2997
f 2997 2998 3061
f 2452 2455 714
f 2455 707 714
f 2455 734 707
f 718 2592 726
f 2592 2596 726
f 2848 2849 2592
f 2849 2850 2592
f 2850 2851 2592
f 2851 2852 2592
f 2592 2852 2853
f 2861 2862 2596
f 2861 2596 2860
f 2853 2854 2592
f 2854 2855 2592
f 2592 2855 2856
f 2856 2857 2592
f 2857 2858 2592
f 2592 2858 2596
f 2858 2859 2596
f 2596 2859 2860
f 2862 2863 2596
f 2863 2864 2596
f 2596 2864 2865
f 2865 2866 2596
f 2866 2867 2596
f 2596 2867 2597
f 2867 2868 2597
f 2597 2868 2598
f 2868 2999 2598
f 2598 2999 2594
f 2999 3000 2594
f 2791 2792 2623
f 2618 2594 2619
f 2594 3000 2619
f 2619 3000 2623
f 3000 2790 2623
f 2623 2790 2791
f 2799 2805 2622
f 2799 2622 2800
f 2795 2802 2622
f 2802 2801 2622
f 2622 2801 2800
f 2798 2797 2622
f 2797 2796 2622
f 2622 2796 2795
f 2792 2794 2623
f 2623 2794 2622
f 2794 2793 2622
f 2622 2793 2798
f 2804 2803 2582
f 2803 2807 2582
f 2807 2806 2582
f 2806 2809 2582
f 2582 2809 2808
f 2808 2811 2582
f 2811 2810 2582
f 2582 2810 2814
f 2844 2845 2591
f 2845 2846 2591
f 2591 2846 2592
f 2846 2847 2592
f 2592 2847 2848
f 2840 2841 2591
f 2841 2842 2591
f 2842 2843 2591
f 2591 2843 2844
f 2589 2832 2590
f 2832 2833 2590
f 2833 2834 2590
f 2834 2835 2590
f 2590 2835 2836
f 2836 2837 2590
f 2837 2838 2590
f 2590 2838 2591
f 2838 2839 2591
f 2591 2839 2840
f 2828 2829 2588
f 2829 2830 2588
f 2588 2830 2589
f 2830 2831 2589
f 2589 2831 2832
f 2823 2824 2587
f 2824 2825 2587
f 2825 2826 2587
f 2587 2826 2588
f 2826 2827 2588
f 2588 2827 2828
f 2815 2816 2583
f 2814 2813 2582
f 2813 2812 2582
f 2582 2812 2583
f 2583 2812 2815
f 2816 2817 2583
f 2817 2818 2583
f 2583 2818 2819
f 2819 2820 2583
f 2820 2821 2583
f 2583 2821 2587
f 2821 2822 2587
f 2587 2822 2823
f 2805 2804 2622
f 2804 2582 2622
f 2622 2582 2620
f 2582 2586 2620
f 2620 2586 2677
f 2586 2585 2677
f 2677 2585 2678
f 2585 2584 2678
f 2678 2584 2679
f 2584 2580 2679
f 2679 2580 2579
f 2740 2738 2999
f 2790 3000 2738
f 3000 2999 2738
f 896 2489 3001
f 3002 3003 2068
f 2621 2616 2615
f 2489 3004 3005
f 3005 3006 2489
f 3006 3007 2489
f 2489 3007 3008
f 3009 3010 2599
f 3010 3011 2599
f 2599 3011 2600
f 3009 2599 3001
f 2599 896 3001
f 3008 3012 2489
f 3012 3013 2489
f 2489 3013 3001
f 3014 3015 2134
f 3015 3016 2134
f 2134 3016 3017
f 2615 2614 2621
f 2614 2613 2621
f 2621 2613 2612
f 2612 2611 2621
f 2611 2610 2621
f 2621 2610 2609
f 3018 2068 3019
f 2068 3020 3019
f 3021 3022 2494
f 3022 3023 2494
f 2494 3023 3024
f 3025 2134 3026
f 2134 3027 3026
f 3003 3028 2068
f 3028 3029 2068
f 2068 3029 3020
f 3018 3030 2068
f 3030 3031 2068
f 2068 3031 2489
f 3031 3032 2489
f 2489 3032 3004
f 2605 2604 2617
f 2604 2603 2617
f 2617 2600 2593
f 2600 3011 2593
f 2593 3011 2494
f 3011 3033 2494
f 2494 3033 3021
f 3017 3034 2134
f 3034 3035 2134
f 2134 3035 3027
f 3036 3037 2068
f 3037 3038 2068
f 2068 3038 3039
f 2603 2602 2617
f 2602 2601 2617
f 2617 2601 2600
f 3024 3040 2494
f 3040 3041 2494
f 2494 3041 3042
f 3043 3044 2134
f 3044 3045 2134
f 2134 3045 3046
f 3046 3047 2134
f 3047 3048 2134
f 2134 3048 3014
f 3025 3049 2134
f 3049 3050 2134
f 2134 3050 2068
f 3050 3051 2068
f 2068 3051 3036
f 3039 3052 2068
f 3052 3053 2068
f 2068 3053 3002
f 2609 2608 2621
f 2608 2607 2621
f 2621 2607 2617
f 2607 2606 2617
f 2617 2606 2605
f 3042 3054 2494
f 3054 3055 2494
f 2494 3055 2134
f 3055 3056 2134
f 2134 3056 3043
f 3033 2739 3021
f 2739 2741 3021
f 3021 2741 3022
f 2741 2743 3022
f 3022 2743 3023
f 2743 2745 3023
f 3023 2745 3024
f 2745 2747 3024
f 3024 2747 3040
f 2747 2749 3040
f 3040 2749 3041
f 2749 2751 3041
f 3041 2751 3042
f 2751 2753 3042
f 3042 2753 3054
f 2753 2755 3054
f 3054 2755 3055
f 2755 2757 3055
f 3055 2757 3056
f 2757 2759 3056
f 3056 2759 3043
f 2759 2761 3043
f 3043 2761 3044
f 2761 2763 3044
f 3044 2763 3045
f 2763 2765 3045
f 3045 2765 3046
f 2765 2767 3046
f 3046 2767 3047
f 2767 2769 3047
f 3047 2769 3048
f 2769 2771 3048
f 3048 2771 3014
f 2771 2773 3014
f 3014 2773 3015
f 2773 2775 3015
f 3015 2775 3016
f 2775 2777 3016
f 3016 2777 3017
f 2777 2779 3017
f 3017 2779 3034
f 2779 2781 3034
f 3034 2781 3035
f 2781 2783 3035
f 3035 2783 3027
f 2783 2785 3027
f 3027 2785 3026
f 2785 2787 3026
f 3026 2787 3025
f 2787 2789 3025
f 3025 2789 3049
f 2789 2682 3049
f 3049 2682 3050
f 2682 2684 3050
f 3050 2684 3051
f 2684 2686 3051
f 3051 2686 3036
f 2686 2688 3036
f 3036 2688 3037
f 2688 2690 3037
f 3037 2690 3038
f 2690 2692 3038
f 3038 2692 3039
f 2692 2694 3039
f 3039 2694 3052
f 2694 2696 3052
f 3052 2696 3053
f 2696 2698 3053
f 3053 2698 3002
f 2698 2700 3002
f 3002 2700 3003
f 2700 2702 3003
f 3003 2702 3028
f 2702 2704 3028
f 3028 2704 3029
f 2704 2706 3029
f 3029 2706 3020
f 2706 2708 3020
f 3020 2708 3019
f 2708 2710 3019
f 3019 2710 3018
f 2710 2712 3018
f 3018 2712 3030
f 2712 2714 3030
f 3030 2714 3031
f 2714 2716 3031
f 3031 2716 3032
f 2716 2718 3032
f 3032 2718 3004
f 2718 2720 3004
f 3004 2720 3005
f 2720 2722 3005
f 3005 2722 3006
f 2722 2724 3006
f 3006 2724 3007
f 2724 2726 3007
f 3007 2726 3008
f 2726 2728 3008
f 3008 2728 3012
f 2728 2730 3012
f 3012 2730 3013
f 2730 2732 3013
f 3013 2732 3001
f 2732 2734 3001
f 3001 2734 3009
f 2734 2736 3009
f 3009 2736 3010
f 2736 2738 3010
f 3011 3010 2738
f 3033 3011 2739
f 3011 2738 2739
f 3059 2449 1903
f 2448 3057 2234
f 1990 3058 1903
f 2234 3057 2276
f 3057 3060 2276
f 1903 3058 3059
f 2276 3060 1990
f 1990 3060 3058
f 2539 2543 3057
f 3057 2543 3060
f 2543 2540 3060
f 3060 2540 3058
f 2540 2542 3058
f 2542 2541 3058
f 3058 2541 3059
f 3059 2541 2449
f 2449 2541 2450
f 2541 2559 2450
f 3057 2448 2538
f 2538 2448 2559
f 2448 2450 2559
f 3057 2538 2539
f 2991 2995 1013
f 2972 2971 1673
f 2972 1673 2973
f 2966 2965 1673
f 2965 2964 1673
f 1673 2964 2973
f 2959 2958 1673
f 2958 2967 1673
f 1673 2967 2966
f 2971 2970 1673
f 2970 2978 1673
f 1673 2978 2977
f 2977 2975 1017
f 2975 2981 1017
f 2981 2980 1017
f 2980 2984 1017
f 1017 2984 2983
f 2983 2987 1017
f 2987 2986 1017
f 1017 2986 2990
f 2990 2989 1017
f 2989 2992 1017
f 1017 2992 1013
f 1013 2992 2991
f 2952 2954 1676
f 2952 1676 2950
f 2954 2961 1676
f 1676 2961 1673
f 2961 2960 1673
f 1673 2960 2959
f 1680 2940 2938
f 2938 2947 1680
f 1680 2947 1676
f 2947 2946 1676
f 1676 2946 2950
f 1683 2931 2929
f 2929 2945 1683
f 2945 2944 1683
f 1683 2944 1680
f 2944 2942 1680
f 1680 2942 2940
f 2924 2922 1691
f 2922 2920 1691
f 2920 2936 1691
f 1691 2936 1687
f 2936 2935 1687
f 1687 2935 1683
f 2935 2933 1683
f 1683 2933 2931
f 2909 2908 1693
f 2908 2912 1693
f 1693 2912 2911
f 2911 2915 1693
f 2915 2914 1693
f 1693 2914 2918
f 2918 2917 1693
f 2917 2927 1693
f 1693 2927 1691
f 2927 2926 1691
f 1691 2926 2924
f 2897 2895 994
f 2897 994 2899
f 2877 2875 1695
f 2895 2893 994
f 2893 2891 994
f 994 2891 2889
f 2883 2881 1695
f 2881 2879 1695
f 1695 2879 2877
f 2889 2887 994
f 2887 2885 994
f 994 2885 2883
f 2875 2873 1695
f 2873 2871 1695
f 1695 2871 2903
f 2903 2902 1695
f 2902 2906 1695
f 1695 2906 1693
f 2906 2905 1693
f 1693 2905 2909
f 992 2900 994
f 994 2900 2899
f 992 1002 2900
f 1002 3061 2900
f 2995 2997 1013
f 2997 3061 1013
f 1013 3061 1006
f 2883 1695 994
f 1695 899 994
f 994 899 993
f 2977 1017 1673
f 1017 1020 1673
f 1673 1020 1668
f 1020 1025 1668
f 1668 1025 1664
f 1025 1029 1664
f 1664 1029 1661
f 1029 1032 1661
f 1661 1032 1660
f 1032 1036 1660
f 1660 1036 1654
f 1036 1040 1654
f 1654 1040 1652
f 1040 1046 1652
f 1046 1049 1644
f 2547 1637 1049
f 1049 1637 1644
f 2998 2447 3061
f 3061 2447 2900
f 2930 2932 2395
f 2932 2934 2395
f 2395 2934 2397
f 2934 2919 2397
f 2397 2919 2399
f 2919 2921 2399
f 2399 2921 2401
f 2921 2923 2401
f 2401 2923 2403
f 2923 2925 2403
f 2403 2925 2405
f 2925 2916 2405
f 2405 2916 2407
f 2916 2913 2407
f 2407 2913 2409
f 2913 2910 2409
f 2409 2910 2411
f 2910 2907 2411
f 2411 2907 2413
f 2907 2904 2413
f 2413 2904 2415
f 2904 2901 2415
f 2415 2901 2417
f 2901 2870 2417
f 2417 2870 2419
f 2870 2872 2419
f 2419 2872 2421
f 2872 2874 2421
f 2421 2874 2423
f 2874 2876 2423
f 2423 2876 2425
f 2876 2878 2425
f 2425 2878 2427
f 2878 2880 2427
f 2427 2880 2429
f 2880 2882 2429
f 2429 2882 2431
f 2882 2884 2431
f 2431 2884 2433
f 2884 2886 2433
f 2433 2886 2435
f 2886 2888 2435
f 2435 2888 2437
f 2888 2890 2437
f 2437 2890 2439
f 2890 2892 2439
f 2439 2892 2441
f 2892 2894 2441
f 2441 2894 2443
f 2894 2896 2443
f 2443 2896 2445
f 2896 2898 2445
f 2445 2898 2447
f 2898 2869 2447
f 2447 2998 2343
f 2998 2996 2343
f 2343 2996 2345
f 2996 2994 2345
f 2345 2994 2347
f 2994 2993 2347
f 2347 2993 2349
f 2993 2988 2349
f 2349 2988 2351
f 2988 2985 2351
f 2351 2985 2353
f 2985 2982 2353
f 2353 2982 2355
f 2982 2979 2355
f 2355 2979 2357
f 2979 2974 2357
f 2357 2974 2359
f 2974 2976 2359
f 2359 2976 2361
f 2976 2969 2361
f 2361 2969 2363
f 2969 2968 2363
f 2363 2968 2365
f 2968 2963 2365
f 2365 2963 2367
f 2963 2962 2367
f 2367 2962 2369
f 2962 2957 2369
f 2369 2957 2371
f 2957 2956 2371
f 2371 2956 2373
f 2956 2955 2373
f 2373 2955 2375
f 2955 2953 2375
f 2375 2953 2377
f 2953 2951 2377
f 2377 2951 2379
f 2951 2949 2379
f 2379 2949 2381
f 2949 2948 2381
f 2381 2948 2383
f 2948 2937 2383
f 2383 2937 2385
f 2937 2939 2385
f 2385 2939 2387
f 2939 2941 2387
f 2387 2941 2389
f 2941 2943 2389
f 2389 2943 2391
f 2943 2928 2391
f 2391 2928 2393
f 2928 2930 2393
f 2393 2930 2395
f 2384 2066 2382
f 2066 2380 2382
f 2343 2344 2482
f 2344 2346 2482
f 2372 2374 2492
f 2374 2376 2492
f 2492 2376 2066
f 2376 2378 2066
f 2066 2378 2380
f 2384 2386 2066
f 2386 2388 2066
f 2066 2388 2390
f 2398 2400 2024
f 2400 2402 2024
f 2024 2402 2404
f 2024 2410 2412
f 2352 2492 2350
f 2492 2482 2350
f 2350 2482 2348
f 2482 2346 2348
f 2390 2392 2066
f 2392 2394 2066
f 2066 2394 2024
f 2394 2396 2024
f 2024 2396 2398
f 2404 2406 2024
f 2406 2408 2024
f 2024 2408 2410
f 2352 2354 2492
f 2354 2356 2492
f 2492 2356 2358
f 2492 2364 2366
f 2412 2414 2024
f 2414 2416 2024
f 2024 2416 2418
f 2440 2442 2280
f 2442 2444 2280
f 2358 2360 2492
f 2360 2362 2492
f 2492 2362 2364
f 2366 2368 2492
f 2368 2370 2492
f 2492 2370 2372
f 2444 2446 2280
f 2446 2447 2280
f 2280 2447 2320
f 2447 2343 2320
f 2320 2343 2482
f 2432 2434 2280
f 2434 2436 2280
f 2436 2438 2280
f 2280 2438 2440
f 2418 2420 2024
f 2420 2422 2024
f 2024 2422 2424
f 2424 2426 2024
f 2426 2428 2024
f 2024 2428 2280
f 2428 2430 2280
f 2280 2430 2432
f 3062 3063 751
f 3063 735 751
f 3216 3064 733
f 3062 751 3065
f 751 750 3065
f 3065 750 3066
f 750 749 3066
f 3066 749 3179
f 3179 749 3067
f 749 748 3067
f 3067 748 3069
f 747 3068 748
f 3068 3069 748
f 746 3070 747
f 3070 3071 747
f 747 3071 3068
f 745 3072 746
f 3072 3176 746
f 746 3176 3070
f 744 3073 745
f 3073 3177 745
f 745 3177 3072
f 3160 3074 743
f 743 3074 744
f 3074 3178 744
f 744 3178 3073
f 738 3075 739
f 3075 3076 739
f 739 3076 743
f 3076 3160 743
f 3219 3077 737
f 737 3077 738
f 3077 3165 738
f 738 3165 3075
f 733 3064 737
f 3064 3219 737
f 3220 3078 731
f 731 3078 732
f 3078 3079 732
f 732 3079 733
f 3079 3216 733
f 3220 731 3080
f 731 730 3080
f 3080 730 3218
f 729 3081 730
f 3081 3218 730
f 729 3210 3081
f 3210 729 3082
f 729 728 3082
f 3082 728 3083
f 728 725 3083
f 3083 725 3084
f 725 724 3084
f 3084 724 3085
f 724 752 3085
f 3085 752 3258
f 3203 3090 3091
f 3100 3099 3131
f 3131 3102 3100
f 3105 3106 3097
f 3105 3107 3104
f 3107 3108 3109
f 3239 3110 3108
f 3111 3239 3112
f 3116 3117 3224
f 3123 3124 3122
f 3126 3127 3128
f 3096 3129 3095
f 3131 3099 3130
f 3130 3135 3131
f 3131 3098 3101
f 3108 3107 3105
f 3097 3136 3132
f 3136 3203 3134
f 3103 3098 3097
f 3098 3131 3097
f 3131 3135 3097
f 3097 3135 3136
f 3094 3138 3225
f 3225 3138 3237
f 3140 3141 3142
f 3142 3141 3143
f 3144 3145 3246
f 3152 3160 3165
f 3160 3076 3165
f 3161 3166 3170
f 3166 3169 3170
f 3158 3160 3159
f 3177 3073 3178
f 3179 3067 3089
f 3089 3067 3069
f 3066 3179 3065
f 3069 3068 3089
f 3068 3071 3089
f 3071 3070 3089
f 3070 3176 3089
f 3176 3072 3177
f 3167 3180 3168
f 3180 3181 3168
f 3181 3182 3168
f 3182 3183 3168
f 3183 3184 3168
f 3184 3185 3168
f 3186 3187 3185
f 3185 3187 3172
f 3187 3188 3172
f 3188 3189 3172
f 3173 3089 3174
f 3174 3089 3175
f 3175 3089 3176
f 3192 3194 3193
f 3206 3086 3204
f 3091 3144 3203
f 3144 3246 3203
f 3203 3246 3202
f 3202 3246 3201
f 3246 3207 3201
f 3207 3208 3201
f 3208 3209 3201
f 3201 3209 3200
f 3196 3206 3195
f 3195 3206 3237
f 3237 3206 3194
f 3206 3204 3194
f 3204 3086 3194
f 3086 3205 3194
f 3210 3082 3088
f 3082 3083 3088
f 3083 3084 3088
f 3088 3084 3085
f 3088 3191 3210
f 3191 3211 3210
f 3213 3211 3212
f 3211 3218 3210
f 3215 3213 3214
f 3213 3212 3214
f 3212 3211 3191
f 3190 3191 3088
f 3088 3085 3258
f 3216 3220 3213
f 3220 3217 3213
f 3213 3217 3211
f 3217 3218 3211
f 3218 3081 3210
f 3079 3078 3220
f 3213 3215 3216
f 3161 3170 3154
f 3170 3162 3154
f 3155 3163 3199
f 3163 3164 3156
f 3156 3164 3157
f 3219 3064 3216
f 3151 3165 3219
f 3160 3152 3159
f 3139 3153 3154
f 3215 3219 3216
f 3220 3216 3079
f 3151 3147 3165
f 3147 3148 3165
f 3165 3148 3152
f 3152 3149 3159
f 3159 3149 3158
f 3158 3149 3157
f 3199 3150 3155
f 3155 3150 3162
f 3162 3150 3154
f 3150 3209 3154
f 3154 3209 3139
f 3139 3209 3153
f 3220 3080 3218
f 3191 3194 3212
f 3194 3087 3212
f 3087 3205 3212
f 3212 3205 3214
f 3205 3215 3214
f 3217 3220 3218
f 3122 3121 3119
f 3119 3121 3120
f 3088 3127 3126
f 3126 3125 3123
f 3115 3114 3223
f 3115 3223 3224
f 3133 3132 3134
f 3134 3132 3136
f 3132 3230 3097
f 3230 3226 3097
f 3097 3226 3105
f 3226 3108 3105
f 3108 3137 3239
f 3239 3229 3112
f 3223 3113 3112
f 3239 3137 3229
f 3229 3137 3235
f 3137 3108 3235
f 3235 3108 3228
f 3228 3108 3227
f 3227 3108 3226
f 3226 3230 3225
f 3230 3132 3133
f 3232 3221 3222
f 3231 3221 3232
f 3232 3222 3233
f 3236 3116 3221
f 3116 3224 3221
f 3221 3224 3222
f 3224 3235 3222
f 3222 3235 3234
f 3225 3237 3234
f 3237 3238 3234
f 3234 3238 3222
f 3238 3233 3222
f 3233 3192 3232
f 3192 3231 3232
f 3093 3092 3133
f 3133 3092 3230
f 3092 3094 3230
f 3230 3094 3225
f 3225 3234 3226
f 3226 3234 3227
f 3227 3234 3228
f 3234 3235 3228
f 3235 3224 3229
f 3224 3223 3229
f 3229 3223 3112
f 3206 3215 3086
f 3215 3205 3086
f 3205 3087 3194
f 3194 3191 3193
f 3193 3191 3192
f 3191 3190 3192
f 3192 3190 3240
f 3190 3088 3240
f 3088 3258 3127
f 3189 3241 3172
f 3172 3241 3243
f 3242 3244 3243
f 3243 3244 3245
f 3185 3172 3171
f 3173 3172 3089
f 3172 3243 3089
f 3089 3243 3179
f 3179 3243 3065
f 3243 3245 3065
f 3065 3245 3062
f 3143 3141 3246
f 3246 3141 3153
f 3141 3140 3153
f 3140 3247 3153
f 3074 3160 3178
f 3160 3158 3178
f 3158 3157 3178
f 3178 3157 3177
f 3157 3164 3177
f 3177 3164 3176
f 3176 3164 3175
f 3164 3163 3175
f 3175 3163 3174
f 3163 3155 3174
f 3174 3155 3173
f 3155 3162 3173
f 3173 3162 3172
f 3162 3170 3172
f 3172 3170 3171
f 3170 3169 3171
f 3171 3169 3185
f 3169 3166 3185
f 3185 3166 3168
f 3166 3161 3168
f 3154 3153 3161
f 3161 3153 3168
f 3168 3153 3167
f 3246 3153 3207
f 3207 3153 3208
f 3208 3153 3209
f 3209 3150 3200
f 3200 3150 3199
f 3199 3163 3198
f 3163 3156 3198
f 3156 3157 3198
f 3157 3149 3198
f 3149 3152 3197
f 3197 3152 3196
f 3152 3148 3196
f 3196 3148 3206
f 3148 3147 3206
f 3147 3146 3206
f 3206 3146 3215
f 3146 3147 3215
f 3147 3151 3215
f 3215 3151 3219
f 3219 3165 3077
f 3165 3076 3075
f 3130 3129 3135
f 3129 3096 3135
f 3135 3096 3136
f 3096 3090 3136
f 3090 3203 3136
f 3203 3202 3134
f 3134 3202 3133
f 3202 3201 3133
f 3201 3200 3133
f 3133 3200 3093
f 3200 3199 3093
f 3093 3199 3092
f 3199 3198 3092
f 3092 3198 3094
f 3198 3149 3094
f 3149 3197 3094
f 3094 3197 3138
f 3197 3196 3138
f 3196 3195 3138
f 3138 3195 3237
f 3237 3194 3238
f 3238 3194 3233
f 3194 3192 3233
f 3192 3240 3231
f 3240 3088 3231
f 3231 3088 3123
f 3088 3126 3123
f 3123 3122 3231
f 3122 3119 3231
f 3231 3119 3221
f 3119 3118 3221
f 3221 3118 3236
f 3248 870 3249
f 870 869 3249
f 3249 869 3250
f 3250 869 3251
f 869 868 3251
f 3251 868 3252
f 868 867 3252
f 3252 867 3253
f 867 863 3253
f 3253 863 3254
f 863 860 3254
f 861 3254 860
f 861 866 3254
f 3255 3254 866
f 866 865 3255
f 874 3256 3257
f 859 874 3258
f 3258 874 3259
f 874 3257 3259
f 3256 874 3260
f 874 873 3260
f 3260 873 3261
f 872 3262 873
f 3262 3263 873
f 873 3263 3261
f 871 3264 872
f 3264 3265 872
f 872 3265 3262
f 3248 3266 870
f 3266 3267 870
f 870 3267 871
f 871 3267 3264
f 3257 3126 3128
f 3249 3250 3268
f 3268 3115 3224
f 3116 3236 3266
f 3224 3117 3268
f 3268 3117 3249
f 3117 3116 3249
f 3249 3116 3248
f 3116 3266 3248
f 3264 3267 3118
f 3236 3118 3266
f 3266 3118 3267
f 3118 3119 3264
f 3264 3119 3120
f 3121 3122 3261
f 3122 3124 3261
f 3261 3124 3260
f 3261 3263 3121
f 3263 3262 3121
f 3121 3262 3120
f 3262 3265 3120
f 3120 3265 3264
f 3124 3123 3260
f 3260 3123 3125
f 3126 3257 3125
f 3257 3256 3125
f 3125 3256 3260
f 3127 3258 3128
f 3258 3259 3128
f 3128 3259 3257
f 3115 3268 3114
f 3268 3269 3114
f 3114 3269 3223
f 3270 3113 3269
f 3113 3223 3269
f 3239 3111 3271
f 3271 3111 3270
f 3111 3112 3270
f 3270 3112 3113
f 3239 3271 3110
f 3271 3272 3110
f 3110 3272 3108
f 3273 3109 3272
f 3109 3108 3272
f 3274 3104 3273
f 3104 3107 3273
f 3273 3107 3109
f 3097 3106 3275
f 3275 3106 3274
f 3106 3105 3274
f 3274 3105 3104
f 3097 3275 3103
f 3275 3276 3103
f 3103 3276 3098
f 3277 3101 3276
f 3101 3098 3276
f 3278 3100 3279
f 3100 3102 3279
f 3279 3102 3277
f 3102 3131 3277
f 3277 3131 3101
f 3280 3281 3186
f 3095 3129 3282
f 3283 3063 3062
f 3062 3245 3283
f 3245 3244 3283
f 3283 3244 3284
f 3244 3242 3284
f 3284 3242 3285
f 3242 3286 3285
f 3241 3189 3287
f 3242 3243 3286
f 3243 3241 3286
f 3286 3241 3288
f 3241 3287 3288
f 3186 3281 3187
f 3281 3289 3187
f 3187 3289 3188
f 3289 3290 3188
f 3188 3290 3189
f 3290 3291 3189
f 3189 3291 3287
f 3185 3184 3292
f 3280 3186 3292
f 3186 3185 3292
f 3181 3293 3182
f 3293 3294 3182
f 3182 3294 3183
f 3294 3295 3183
f 3295 3296 3183
f 3183 3296 3184
f 3296 3297 3184
f 3184 3297 3292
f 3153 3298 3167
f 3298 3299 3167
f 3167 3299 3180
f 3299 3300 3180
f 3180 3300 3181
f 3300 3301 3181
f 3181 3301 3293
f 3153 3247 3298
f 3298 3247 3302
f 3247 3140 3302
f 3302 3140 3303
f 3140 3142 3303
f 3303 3142 3304
f 3142 3143 3304
f 3304 3143 3305
f 3143 3306 3305
f 3091 3307 3144
f 3307 3308 3144
f 3143 3246 3306
f 3246 3145 3306
f 3306 3145 3309
f 3145 3144 3309
f 3309 3144 3308
f 3310 3090 3311
f 3310 3312 3090
f 3090 3312 3091
f 3312 3313 3091
f 3091 3313 3307
f 3282 3314 3095
f 3314 3311 3095
f 3095 3311 3096
f 3311 3090 3096
f 3315 758 757
f 3315 3373 758
f 3373 3374 758
f 758 3374 3317
f 3322 3316 3315
f 3316 3384 3315
f 3315 3384 3373
f 3289 3281 757
f 3281 3280 757
f 757 3280 3292
f 3292 3297 757
f 3297 3296 757
f 757 3296 3295
f 3295 3294 757
f 3294 3293 757
f 757 3293 3301
f 3301 3300 757
f 3300 3299 757
f 757 3299 3298
f 3298 3302 757
f 3302 3303 757
f 757 3303 3304
f 3304 3305 757
f 3305 3306 757
f 757 3306 3309
f 3309 3308 757
f 757 3308 3307
f 3307 3313 757
f 3313 3312 757
f 757 3312 3310
f 757 3310 3311
f 3311 3314 757
f 3314 3282 757
f 757 3282 3315
f 3283 3284 756
f 3283 756 3063
f 756 755 3063
f 3063 755 735
f 3284 3285 756
f 3285 3286 756
f 756 3286 3288
f 3288 3287 756
f 3287 3291 756
f 756 3291 757
f 3291 3290 757
f 757 3290 3289
f 3099 3100 3129
f 3100 3278 3129
f 3278 3318 3129
f 3129 3318 3282
f 3318 3319 3282
f 3129 3130 3099
f 3319 3320 3282
f 3282 3320 3321
f 3282 3321 3328
f 3282 3322 3315
f 3282 3328 3322
f 3319 3318 3323
f 3318 3336 3335
f 3323 3318 3335
f 3324 3319 3323
f 3324 3325 3319
f 3319 3325 3320
f 3325 3338 3320
f 3338 3326 3320
f 3320 3326 3321
f 3326 3339 3321
f 3339 3340 3321
f 3340 3327 3321
f 3327 3341 3321
f 3321 3341 3328
f 3342 3328 3341
f 3268 3250 3251
f 3276 3275 3268
f 3278 3252 3253
f 3252 3278 3251
f 3278 3279 3251
f 3251 3279 3268
f 3279 3277 3268
f 3268 3277 3276
f 3253 3254 3278
f 3270 3273 3271
f 3273 3272 3271
f 3275 3274 3268
f 3274 3273 3268
f 3268 3273 3269
f 3273 3270 3269
f 3318 3329 3336
f 3278 3254 3255
f 3278 3255 3318
f 3255 3329 3318
f 3329 3255 3330
f 3255 865 3330
f 3325 3324 3351
f 3338 3325 3337
f 3334 3326 3338
f 3343 3322 3328
f 3326 3334 3339
f 3339 3334 3340
f 3334 3327 3340
f 3327 3343 3341
f 3341 3343 3342
f 3343 3328 3342
f 3334 3346 3347
f 3332 3333 3330
f 3330 3333 3329
f 3333 3336 3329
f 3333 3332 3336
f 3332 3350 3336
f 3336 3350 3335
f 3350 3351 3335
f 3335 3351 3323
f 3323 3351 3324
f 3331 3337 3351
f 3351 3337 3325
f 3352 3331 3344
f 3322 3348 3316
f 3331 3352 3337
f 3337 3352 3338
f 3352 3344 3338
f 3338 3344 3334
f 3344 3345 3334
f 3345 3346 3334
f 3334 3347 3327
f 3327 3347 3343
f 3347 3348 3343
f 3343 3348 3322
f 3356 3357 3551
f 3363 3364 3548
f 3613 721 723
f 753 3376 3377
f 3378 3377 3525
f 3525 3377 3366
f 713 3378 3535
f 708 709 713
f 3384 3316 3385
f 3316 3348 3385
f 3385 3348 3347
f 3401 3383 3386
f 3396 3387 3401
f 3374 3373 3375
f 3346 3389 3347
f 3401 3387 3381
f 3392 3391 3390
f 3372 3394 3417
f 3387 3397 3381
f 3381 3397 3382
f 3396 3399 3387
f 3399 3398 3387
f 3387 3398 3397
f 3397 3398 3382
f 3395 3371 3396
f 3371 3399 3396
f 3347 3389 3385
f 3389 3405 3385
f 3385 3405 3388
f 3388 3405 3400
f 3400 3405 3401
f 3401 3405 3402
f 3404 3346 3407
f 3371 3457 3408
f 3457 3409 3408
f 3408 3409 3428
f 3405 3406 3402
f 3406 3370 3371
f 3371 3370 3457
f 3344 3331 3411
f 3331 3410 3411
f 3411 3413 3412
f 3389 3346 3405
f 3346 3404 3405
f 3404 3407 3405
f 3405 3407 3406
f 3407 3345 3406
f 3406 3426 3370
f 3414 3417 3416
f 3416 3417 3415
f 3418 3415 3419
f 3415 3420 3419
f 3424 3423 3425
f 3346 3345 3407
f 3406 3345 3426
f 3370 3426 3457
f 3468 3429 3470
f 3467 3429 3468
f 3417 3430 3415
f 3415 3430 3420
f 3431 3568 3420
f 3441 3446 3442
f 3442 3446 3443
f 3444 3446 3445
f 3447 3445 3448
f 3445 3449 3444
f 3450 3451 3452
f 3451 3454 3452
f 3453 3455 3454
f 3455 3456 3448
f 3458 3409 3457
f 3428 3459 3427
f 3459 3428 3463
f 3411 3460 3426
f 3426 3460 3457
f 3457 3460 3458
f 3409 3463 3428
f 3463 3461 3459
f 3461 3473 3459
f 3461 3463 3462
f 3463 3409 3413
f 3469 3468 3470
f 3372 3390 3394
f 3390 3391 3394
f 3394 3391 3427
f 3408 3428 3393
f 3393 3428 3390
f 3390 3428 3392
f 3428 3427 3392
f 3392 3427 3391
f 3464 3427 3459
f 3473 3472 3459
f 3472 3471 3459
f 3471 3470 3459
f 3459 3470 3464
f 3470 3429 3464
f 3464 3429 3427
f 3427 3429 3394
f 3394 3429 3417
f 3429 3467 3417
f 3417 3467 3430
f 3430 3467 3420
f 3420 3467 3431
f 3410 3475 3411
f 3475 3476 3411
f 3476 3477 3411
f 3477 3478 3411
f 3411 3478 3413
f 3478 3479 3413
f 3369 3331 3351
f 3369 3351 3480
f 3480 3481 3483
f 3483 3481 3484
f 3485 3484 3486
f 3476 3369 3483
f 3369 3480 3483
f 3480 3351 3481
f 3452 3489 3490
f 3496 3494 3495
f 3495 3494 3493
f 3494 3497 3493
f 3497 3489 3493
f 3491 3506 3493
f 3498 3349 3502
f 3503 3502 3332
f 3332 3502 3349
f 3488 3349 3498
f 3488 3498 3487
f 3483 3499 3482
f 3519 3501 3510
f 3368 3507 3517
f 3517 3507 3516
f 3516 3507 3508
f 3508 3506 3509
f 3506 3519 3509
f 3519 3510 3509
f 3515 3513 3516
f 3516 3512 3517
f 3517 3512 3518
f 3512 3514 3518
f 3516 3508 3515
f 3508 3509 3515
f 3513 3511 3332
f 3511 3504 3332
f 3504 3510 3332
f 3510 3501 3332
f 3332 3501 3503
f 3503 3501 3502
f 3502 3501 3498
f 3501 3500 3498
f 3498 3500 3487
f 3500 3474 3487
f 3487 3474 3486
f 3486 3474 3485
f 3474 3461 3485
f 3485 3461 3484
f 3484 3461 3483
f 3505 3495 3507
f 3495 3493 3507
f 3507 3493 3508
f 3508 3493 3506
f 3506 3492 3519
f 3351 3350 3481
f 3481 3350 3484
f 3484 3350 3486
f 3486 3350 3487
f 3487 3350 3488
f 3350 3332 3488
f 3332 3349 3488
f 3452 3520 3450
f 3521 3522 3523
f 3376 753 3522
f 3366 3377 3527
f 3522 3557 3376
f 3376 3526 3527
f 3526 3365 3366
f 3557 3556 3376
f 3376 3556 3526
f 3556 3531 3526
f 3526 3531 3365
f 3531 3528 3365
f 3528 3529 3365
f 3529 3530 3365
f 3365 3530 3366
f 3528 3531 3622
f 3557 3524 3558
f 3558 3524 3521
f 3524 3557 3521
f 3521 3557 3522
f 3376 3527 3377
f 3527 3526 3366
f 3533 3534 3535
f 3542 3537 3536
f 3538 3539 3537
f 3539 3540 3537
f 3537 3541 3536
f 3542 3532 3537
f 3537 3532 3538
f 3366 3532 3525
f 3532 3542 3525
f 3525 3542 3378
f 3378 3542 3535
f 3535 3542 3533
f 3547 3548 3549
f 3529 3543 3544
f 3543 3548 3544
f 3364 3550 3548
f 3548 3550 3549
f 3546 3545 3551
f 3551 3552 3546
f 3552 3553 3546
f 3546 3553 3554
f 3529 3546 3543
f 3543 3546 3548
f 3546 3554 3548
f 3548 3554 3363
f 3528 3545 3529
f 3545 3546 3529
f 3530 3529 3366
f 3529 3544 3366
f 3544 3548 3366
f 3366 3548 3532
f 3532 3548 3538
f 3548 3547 3538
f 3555 3528 3622
f 3622 3531 3556
f 3556 3557 3625
f 3558 3521 3559
f 3420 3425 3421
f 3425 3423 3421
f 3421 3423 3420
f 3420 3423 3419
f 3423 3422 3419
f 3419 3422 3418
f 3418 3422 3560
f 3560 3422 3432
f 3466 3563 3465
f 3563 3564 3465
f 3465 3564 3473
f 3564 3565 3473
f 3473 3565 3472
f 3472 3565 3471
f 3471 3565 3470
f 3470 3566 3469
f 3469 3566 3468
f 3566 3567 3468
f 3468 3567 3467
f 3467 3567 3431
f 3568 3425 3420
f 3424 3569 3423
f 3423 3569 3422
f 3569 3435 3422
f 3422 3435 3432
f 3435 3434 3432
f 3434 3433 3432
f 3545 3358 3574
f 3574 3358 3575
f 3577 3576 3571
f 3576 3358 3571
f 3571 3358 3572
f 3572 3358 3573
f 3358 3359 3573
f 3610 3579 3578
f 3572 3573 3571
f 3573 3610 3571
f 3610 3578 3571
f 3602 3603 3608
f 3604 3605 3580
f 3602 3608 3607
f 3608 3598 3439
f 3597 3596 3438
f 3596 3440 3438
f 3438 3440 3437
f 3440 3439 3437
f 3584 3585 3563
f 3563 3585 3564
f 3564 3585 3565
f 3585 3586 3565
f 3586 3587 3565
f 3587 3588 3565
f 3565 3588 3470
f 3588 3589 3470
f 3589 3590 3470
f 3470 3590 3566
f 3566 3590 3567
f 3590 3591 3567
f 3567 3591 3431
f 3591 3592 3431
f 3431 3592 3568
f 3592 3593 3568
f 3568 3593 3425
f 3593 3594 3425
f 3594 3595 3425
f 3425 3595 3424
f 3595 3596 3424
f 3424 3596 3569
f 3596 3597 3569
f 3569 3597 3435
f 3597 3438 3435
f 3435 3438 3434
f 3438 3437 3434
f 3437 3436 3434
f 3610 3573 3581
f 3581 3573 3611
f 3573 3612 3611
f 3555 3612 3528
f 3612 3573 3528
f 3573 3359 3528
f 3528 3359 3545
f 3359 3358 3545
f 3551 3545 3356
f 3317 3614 723
f 3614 3615 723
f 723 3615 3613
f 3615 3616 3613
f 3616 3617 3613
f 3380 3620 3618
f 3618 3621 3354
f 3354 3621 3355
f 3603 3580 3608
f 3580 3581 3608
f 3608 3581 3601
f 3601 3581 3600
f 3361 3599 3362
f 3362 3599 3622
f 3570 3583 3562
f 3583 3582 3562
f 3562 3582 3360
f 3360 3643 3562
f 3354 3619 3618
f 3618 3620 3621
f 3621 3620 3355
f 3398 3633 3382
f 3633 3353 3382
f 3398 3634 3633
f 3634 3353 3633
f 3638 3635 3353
f 3634 3372 3353
f 3372 3638 3353
f 3636 3639 3367
f 3626 3639 3640
f 3561 3562 3643
f 3643 3629 3561
f 3561 3629 3642
f 3642 3629 3641
f 3626 3367 3639
f 3367 3630 3636
f 3636 3630 3637
f 3630 3631 3637
f 3631 3628 3637
f 3637 3628 3638
f 3628 3632 3638
f 3638 3632 3635
f 3598 3608 3583
f 3608 3601 3583
f 3601 3600 3583
f 3583 3600 3582
f 3600 3599 3582
f 3582 3599 3360
f 3599 3361 3360
f 3360 3361 3643
f 3361 3362 3643
f 3362 3622 3643
f 3622 3623 3643
f 3643 3623 3629
f 3623 3624 3629
f 3624 3625 3629
f 3629 3625 3641
f 3641 3625 3640
f 3625 3626 3640
f 3626 3627 3367
f 3367 3627 3630
f 3630 3628 3631
f 3628 3354 3632
f 3632 3354 3635
f 3354 3355 3635
f 3355 3620 3635
f 3635 3620 3353
f 3353 3620 3382
f 3620 3380 3382
f 3382 3380 3381
f 3380 3379 3381
f 3381 3379 3401
f 3401 3379 3383
f 3616 3615 3617
f 3615 3559 3617
f 3617 3559 3613
f 3559 3521 3613
f 3613 3521 721
f 3521 3523 721
f 3523 3522 721
f 721 3522 753
f 3605 3609 3580
f 3609 3610 3580
f 3580 3610 3581
f 3581 3611 3600
f 3600 3611 3599
f 3611 3612 3599
f 3612 3555 3599
f 3555 3622 3599
f 3622 3556 3623
f 3623 3556 3624
f 3624 3556 3625
f 3625 3557 3626
f 3626 3557 3627
f 3557 3558 3627
f 3627 3558 3630
f 3558 3559 3630
f 3559 3615 3630
f 3630 3615 3628
f 3628 3615 3354
f 3615 3614 3354
f 3354 3614 3619
f 3614 3317 3619
f 3619 3317 3618
f 3317 3375 3618
f 3618 3375 3380
f 3500 3501 3492
f 3492 3501 3519
f 3509 3510 3515
f 3510 3504 3515
f 3504 3511 3515
f 3515 3511 3513
f 3332 3330 3513
f 3513 3330 3516
f 3516 3330 3512
f 3331 3369 3410
f 3410 3369 3475
f 3475 3369 3476
f 3476 3483 3477
f 3477 3483 3478
f 3478 3483 3479
f 3479 3483 3413
f 3483 3482 3413
f 3482 3499 3413
f 3345 3344 3426
f 3426 3344 3411
f 3411 3412 3460
f 3412 3413 3460
f 3460 3413 3458
f 3458 3413 3409
f 3413 3499 3463
f 3463 3499 3462
f 3499 3483 3462
f 3462 3483 3461
f 3461 3474 3473
f 3473 3474 3465
f 3474 3500 3465
f 3465 3500 3466
f 3500 3492 3466
f 3466 3492 3563
f 3492 3506 3563
f 3563 3506 3584
f 3506 3491 3584
f 3491 3493 3584
f 3584 3493 3585
f 3493 3489 3585
f 3585 3489 3586
f 3586 3489 3587
f 3587 3489 3588
f 3489 3452 3588
f 3588 3452 3589
f 3589 3452 3590
f 3590 3452 3591
f 3452 3454 3591
f 3591 3454 3592
f 3592 3454 3593
f 3454 3455 3593
f 3593 3455 3594
f 3594 3455 3595
f 3455 3448 3595
f 3595 3448 3596
f 3448 3445 3596
f 3596 3445 3440
f 3445 3446 3440
f 3440 3446 3439
f 3446 3441 3439
f 3644 3606 3441
f 3606 3607 3441
f 3441 3607 3439
f 3607 3608 3439
f 3439 3598 3437
f 3598 3583 3437
f 3437 3583 3436
f 3583 3570 3436
f 3436 3570 3434
f 3570 3562 3434
f 3434 3562 3433
f 3433 3562 3432
f 3432 3562 3561
f 3432 3561 3560
f 3561 3642 3560
f 3560 3642 3418
f 3642 3641 3418
f 3641 3640 3418
f 3640 3639 3418
f 3639 3636 3418
f 3418 3636 3415
f 3636 3637 3415
f 3415 3637 3416
f 3416 3637 3414
f 3637 3638 3414
f 3414 3638 3417
f 3417 3638 3372
f 3372 3634 3390
f 3634 3398 3390
f 3390 3398 3393
f 3393 3398 3408
f 3398 3399 3408
f 3408 3399 3371
f 3371 3395 3406
f 3406 3395 3402
f 3402 3395 3403
f 3395 3396 3403
f 3403 3396 3402
f 3402 3396 3401
f 3400 3401 3388
f 3401 3386 3388
f 3388 3386 3385
f 3386 3383 3385
f 3385 3383 3384
f 3383 3379 3384
f 3384 3379 3373
f 3379 3380 3373
f 3373 3380 3375
f 3375 3317 3374
f 3517 3518 767
f 767 3518 768
f 3518 3514 768
f 768 3514 865
f 3514 3512 865
f 865 3512 3330
f 3368 769 3507
f 3517 767 3368
f 767 770 3368
f 3368 770 769
f 771 3495 3505
f 3507 769 3505
f 769 772 3505
f 3505 772 771
f 3494 3496 773
f 3495 771 3496
f 771 774 3496
f 3496 774 773
f 3497 775 3489
f 3494 773 3497
f 773 776 3497
f 3497 776 775
f 777 3452 3490
f 3489 775 3490
f 775 849 3490
f 3490 849 777
f 781 3454 3451
f 3452 777 3520
f 777 779 3520
f 3520 779 3450
f 779 778 3450
f 3450 778 3451
f 778 782 3451
f 3451 782 781
f 3455 3453 826
f 3454 781 3453
f 781 827 3453
f 3453 827 826
f 3448 3456 824
f 3455 826 3456
f 826 825 3456
f 3456 825 824
f 823 3447 824
f 3447 3448 824
f 3446 3444 821
f 821 3444 822
f 3444 3449 822
f 822 3449 823
f 3449 3445 823
f 823 3445 3447
f 3446 821 3443
f 821 820 3443
f 3443 820 3442
f 820 819 3442
f 3442 819 3441
f 3441 819 3644
f 819 818 3644
f 3644 818 3606
f 818 817 3606
f 3606 817 3607
f 3607 817 3602
f 817 815 3602
f 3602 815 3603
f 815 814 3603
f 3603 814 3580
f 3580 814 3604
f 814 813 3604
f 3604 813 3605
f 3605 813 3609
f 813 812 3609
f 3609 812 3610
f 3610 812 3579
f 812 811 3579
f 3579 811 3578
f 811 810 3578
f 3578 810 3571
f 3571 810 3577
f 810 809 3577
f 3577 809 3576
f 809 808 3576
f 3576 808 3358
f 3358 808 3575
f 808 807 3575
f 3575 807 3574
f 807 806 3574
f 3574 806 3545
f 3545 806 3356
f 806 805 3356
f 3356 805 3357
f 805 804 3357
f 3357 804 3551
f 3551 804 3552
f 804 802 3552
f 3552 802 3553
f 802 801 3553
f 3553 801 3554
f 3554 801 3363
f 801 800 3363
f 3363 800 3364
f 800 799 3364
f 3364 799 3550
f 3550 799 3549
f 799 798 3549
f 3549 798 3547
f 798 797 3547
f 3547 797 3538
f 3538 797 3539
f 797 796 3539
f 3539 796 3540
f 796 795 3540
f 3540 795 3537
f 3537 795 3541
f 795 792 3541
f 3541 792 3536
f 792 793 3536
f 3536 793 3542
f 3535 3534 784
f 784 3534 794
f 3534 3533 794
f 794 3533 793
f 3533 3542 793
f 742 708 784
f 708 713 784
f 713 3535 784
