# https://github.com/mikedh/trimesh
mtllib material.mtl
usemtl material_0
v 0.00690695 -0.02632743 0.34770043
v -0.01739591 -0.02225679 0.34780400
v -0.02615924 -0.01100444 0.34774672
v -0.02636180 0.00935347 0.34769490
v -0.00439537 -0.02804849 0.34807292
v -0.01115064 0.02589279 0.34771102
v 0.00900704 0.02658235 0.34769832
v 0.02611656 -0.01079289 0.34777751
v 0.01949070 -0.02015024 0.34782442
v 0.02686421 0.00867585 0.34772173
v -0.01639184 -0.02293401 0.37211772
v -0.02562043 -0.01210215 0.37221291
v -0.02814903 0.00204664 0.37218721
v -0.00329500 -0.02812116 0.37221401
v -0.02809683 0.00326548 0.34873021
v -0.02446466 0.01370975 0.37219542
v 0.00973957 -0.02650056 0.34862822
v 0.01040951 -0.02641230 0.37211052
v -0.02418652 0.01422673 0.34839922
v -0.01950875 0.01998141 0.37217952
v -0.01958820 0.01986736 0.34840001
v -0.01196283 0.02559704 0.37210051
v 0.01989333 -0.01972568 0.37219081
v -0.00018816 0.02802703 0.34836861
v 0.02655659 -0.00982029 0.37214571
v -0.00073581 0.02800507 0.37219411
v 0.00823415 0.02680928 0.37219222
v 0.02788881 -0.00078953 0.34840001
v 0.02791035 -0.00091263 0.37219133
v 0.01868456 0.02121486 0.37220320
v 0.02641055 0.00984345 0.37221291
v 0.01965709 0.02038657 0.34861153
v -0.01744633 -0.02482068 0.37222972
v -0.02789579 -0.01162329 0.37233983
v -0.03014547 0.00269096 0.37220851
v -0.00291560 -0.03014444 0.37286940
v -0.02181148 0.02191130 0.37225862
v 0.02202959 -0.02088676 0.37222023
v -0.00399301 0.02974611 0.37221822
v 0.01223635 0.02808547 0.37242223
v 0.03015962 0.00381574 0.37234911
v 0.02458963 0.01786655 0.37229692
v -0.02411818 -0.01831434 0.37471593
v -0.02985675 -0.00369393 0.37470473
v -0.01165356 -0.02790924 0.37470772
v -0.02830355 0.01058452 0.37471581
v 0.01420300 -0.02754040 0.37472023
v -0.01919083 0.02327153 0.37470653
v -0.00452113 0.03030012 0.37467623
v 0.02851286 -0.01049287 0.37471291
v 0.01158659 0.02778341 0.37469881
v 0.02973937 0.00506475 0.37470903
v 0.02391247 0.01843983 0.37471092
v -0.03862863 -0.02324424 0.42808861
v -0.04203261 -0.02259947 0.42787233
v -0.04244326 -0.02296707 0.42824712
v -0.04414570 -0.02482916 0.42760122
v -0.04451246 -0.02662225 0.42750042
v -0.03744937 -0.02663262 0.42721062
v -0.03744073 -0.02641509 0.42763833
v -0.03952989 -0.02933591 0.42703762
v -0.03668852 -0.02439171 0.42004763
v -0.03771796 -0.02189208 0.42050033
v -0.03839642 -0.02160770 0.42055813
v -0.03824336 -0.01577112 0.38778160
v -0.04095000 -0.01897401 0.38721712
v -0.04127810 -0.01475376 0.38795742
v -0.04447892 -0.01652692 0.38766042
v -0.03665885 -0.01873008 0.38725011
v -0.04203328 -0.02306962 0.38650701
v -0.04503121 -0.02047470 0.38693953
v -0.03837975 -0.02253320 0.38659951
v -0.04451245 -0.01642143 0.39003243
v -0.04237110 -0.01484512 0.39033062
v -0.04561576 -0.01866505 0.38966982
v -0.04495295 -0.02201378 0.38900722
v -0.03927114 -0.01504402 0.39029781
v -0.03690652 -0.01692516 0.38995412
v -0.03634247 -0.02076310 0.38944942
v -0.03846094 -0.02332076 0.38884011
v -0.04194586 -0.02405306 0.38863411
v -0.04225088 -0.01520337 0.39001622
v -0.03937637 -0.01502600 0.39056700
v -0.04402206 -0.01591942 0.39023793
v -0.03657280 -0.01784765 0.38990471
v -0.04545769 -0.01794573 0.38987783
v -0.04541871 -0.02099250 0.38928450
v -0.04364604 -0.02311049 0.38890721
v -0.03721258 -0.02206380 0.38912703
v -0.03899531 -0.02364974 0.38887371
v -0.04149098 -0.02367008 0.38868212
v -0.03994369 -0.01535214 0.39029131
v -0.03763629 -0.01670242 0.39001442
v -0.04473489 -0.01735823 0.38994921
v -0.03663193 -0.01991402 0.38945632
v -0.04513859 -0.01998749 0.38947313
v -0.04424602 -0.02208505 0.38916262
v -0.03834218 -0.02271324 0.38898311
v -0.04392667 -0.01852667 0.40562111
v -0.04374925 -0.01714136 0.39560363
v -0.04526888 -0.02039982 0.40504943
v -0.04499059 -0.01914405 0.39541372
v -0.04547958 -0.02265833 0.40366512
v -0.04069803 -0.02453857 0.39449053
v -0.03917671 -0.02625843 0.40419692
v -0.04111046 -0.02672613 0.40424431
v -0.04254349 -0.02609932 0.40314183
v -0.03901502 -0.01662289 0.39566542
v -0.04125106 -0.01614256 0.39576741
v -0.03894728 -0.01789997 0.40457460
v -0.04113857 -0.01751897 0.40572243
v -0.03731135 -0.01806746 0.39547142
v -0.03667923 -0.02026473 0.39499532
v -0.03640154 -0.02187098 0.40387081
v -0.04517627 -0.02072468 0.39484731
v -0.03711615 -0.02473621 0.40442522
v -0.03720041 -0.02239246 0.39463613
v -0.04433098 -0.02298638 0.39444661
v -0.04422066 -0.02500191 0.40329393
v -0.03889132 -0.02399545 0.39430001
v -0.04245959 -0.02425625 0.39428182
v -0.04302966 -0.01813234 0.40680263
v -0.04473389 -0.01948974 0.40614223
v -0.04004325 -0.01765281 0.40611593
v -0.04558539 -0.02244797 0.40426561
v -0.03779736 -0.01863700 0.40469753
v -0.03893006 -0.02663179 0.40524321
v -0.03656292 -0.02374221 0.40496752
v -0.03704979 -0.01953665 0.40430001
v -0.04302140 -0.02614296 0.40394762
v -0.03649045 -0.02091701 0.40423003
v -0.04445928 -0.02470931 0.40351122
v -0.04152548 -0.02053330 0.41333172
v -0.03850573 -0.01942399 0.41354711
v -0.04380871 -0.01949321 0.41353283
v -0.03823834 -0.02200223 0.41306923
v -0.04359817 -0.02223509 0.41303951
v -0.03620258 -0.02325197 0.41286412
v -0.04558802 -0.02455865 0.41263173
v -0.04354460 -0.02516921 0.41252352
v -0.03852246 -0.02505972 0.41254241
v -0.03754935 -0.02661452 0.41206481
v -0.04024852 -0.02635383 0.41231713
v -0.04025108 -0.02810290 0.41201052
v -0.04374124 -0.02715834 0.41217492
v -0.03958105 -0.01889214 0.41299563
v -0.04230335 -0.01901575 0.41297893
v -0.04403840 -0.01989018 0.41281121
v -0.03700290 -0.02084150 0.41267363
v -0.04533659 -0.02184357 0.41250692
v -0.03620920 -0.02393688 0.41208953
v -0.04055349 -0.01774440 0.40757741
v -0.04248864 -0.01826111 0.40921053
v -0.04297326 -0.01881234 0.41139763
v -0.03807758 -0.01875157 0.40754863
v -0.04561061 -0.02408403 0.41208132
v -0.04339735 -0.01894149 0.41124801
v -0.03656229 -0.02063930 0.40711922
v -0.04475506 -0.01971447 0.40735103
v -0.04569990 -0.02208211 0.40679683
v -0.04432722 -0.02661201 0.41165542
v -0.03634991 -0.02388764 0.40651973
v -0.03955252 -0.02783761 0.41138662
v -0.04205101 -0.02784837 0.41139873
v -0.04499985 -0.02484176 0.40645742
v -0.03832223 -0.02631037 0.40620021
v -0.04328985 -0.02652614 0.40617211
v -0.04078484 -0.02709714 0.40607741
v -0.04405753 -0.01909767 0.40937252
v -0.04095000 -0.02611095 0.42769271
v -0.04254310 -0.02913325 0.42705852
v -0.03868389 -0.02241406 0.42550252
v -0.04411609 -0.02323489 0.42516042
v -0.03740247 -0.02579000 0.42519912
v -0.04366794 -0.02832096 0.42455913
v -0.03944448 -0.02925828 0.42441652
v -0.03689166 -0.02516302 0.42476592
v -0.03754129 -0.02771096 0.42423482
v -0.04194418 -0.02943249 0.42396331
v -0.03765385 -0.02708402 0.41960402
v -0.03967378 -0.02857742 0.41934792
v -0.04386307 -0.02738301 0.41953212
v -0.04216856 -0.02856226 0.41934292
v -0.04037578 -0.01998531 0.42086333
v -0.04423666 -0.02128856 0.42062383
v -0.04109869 -0.02076246 0.42072341
v -0.04583760 -0.02533598 0.41992070
v -0.04396137 -0.02192681 0.42051061
v -0.04507712 -0.02509380 0.41994582
v -0.03719510 -0.02787260 0.41946331
v -0.04392535 -0.02870719 0.41916533
v -0.04146077 -0.02967658 0.41900643
v -0.04343036 -0.02034393 0.42049202
v -0.03985587 -0.01974167 0.42057903
v -0.04574003 -0.02296052 0.42000231
v -0.03659835 -0.02196822 0.42019552
v -0.04572871 -0.02641045 0.41941613
v -0.03604303 -0.02614300 0.41948571
v -0.03844883 -0.02907838 0.41895421
v -0.04535183 -0.02118553 0.41479223
v -0.04547957 -0.02571285 0.41640883
v -0.04564256 -0.02326800 0.41686062
v -0.04542333 -0.02621240 0.41388082
v -0.04557809 -0.02624322 0.41638891
v -0.04090912 -0.01871613 0.41522872
v -0.04220513 -0.01964450 0.41759621
v -0.03655591 -0.02121112 0.41479802
v -0.03722353 -0.02119578 0.41721532
v -0.03673472 -0.02139807 0.41735311
v -0.03655308 -0.02673779 0.41615343
v -0.03654488 -0.02629085 0.41390282
v -0.03638047 -0.02278265 0.41697103
v -0.04048115 -0.01930909 0.41754342
v -0.04097562 -0.02878832 0.41344603
v -0.03939031 -0.02869189 0.41602742
v -0.04159262 -0.02895079 0.41579683
v -0.04514147 -0.02138850 0.41710582
v -0.04428208 -0.02754192 0.41602623
v -0.03671375 -0.02615622 0.41367031
v -0.04105016 -0.02854547 0.41325203
v -0.04521646 -0.02604175 0.41369741
v -0.04513610 -0.02121073 0.41454162
v -0.03671141 -0.02132067 0.41453032
v -0.04082141 -0.01888962 0.41495012
v -0.04203744 -0.02099428 0.41459081
v -0.03890584 -0.02149906 0.41450972
v -0.04396845 -0.02365561 0.41411281
v -0.03811747 -0.02455986 0.41396392
v -0.04004533 -0.02656873 0.41359423
v -0.04237151 -0.02627085 0.41365102
v -0.04251404 -0.01941387 0.41775551
v -0.03909321 -0.01956248 0.41760683
v -0.04598128 -0.02380486 0.41682662
v -0.03586247 -0.02412012 0.41677303
v -0.03660923 -0.02674386 0.41633623
v -0.04331708 -0.02861185 0.41595931
v -0.03912296 -0.02896248 0.41578963
v -0.03741533 0.02503751 0.42743932
v -0.03744053 0.02590663 0.42772042
v -0.03907514 0.02312503 0.42812313
v -0.04446954 0.02629159 0.42766012
v -0.04355280 0.02381599 0.42777523
v -0.04222396 0.02278873 0.42822481
v -0.04452386 0.02660871 0.42723983
v -0.03771625 0.02726432 0.42718581
v -0.03941007 0.02929281 0.42705901
v -0.04251943 0.02934962 0.42712533
v -0.04271241 0.02902705 0.42688463
v -0.04366910 0.02764561 0.41950182
v -0.04464023 0.02783241 0.41946331
v -0.04503274 0.02517460 0.41994741
v -0.04195809 0.01479246 0.38794301
v -0.04470046 0.01703774 0.38755742
v -0.04095000 0.01897401 0.38721712
v -0.03653940 0.01938530 0.38713222
v -0.03817085 0.01578999 0.38777733
v -0.04493418 0.02075227 0.38691393
v -0.04263916 0.02282715 0.38655071
v -0.03933453 0.02297299 0.38652721
v -0.04462241 0.02220306 0.38901302
v -0.04580286 0.01949741 0.38953661
v -0.04250366 0.01498987 0.39027452
v -0.03937004 0.01490033 0.39035433
v -0.04247003 0.02388616 0.38890172
v -0.04461234 0.01644332 0.39005751
v -0.03714344 0.01668688 0.38996822
v -0.03940374 0.02374689 0.38878463
v -0.03728740 0.02232977 0.38898201
v -0.03616671 0.01939237 0.38952492
v -0.03842150 0.01545270 0.39020522
v -0.04225998 0.01485588 0.39049382
v -0.04484561 0.01680271 0.39002922
v -0.03669561 0.01761452 0.38990993
v -0.04534011 0.01948198 0.38926732
v -0.03660653 0.01973293 0.38925402
v -0.04459344 0.02171082 0.38931823
v -0.03691433 0.02185526 0.38915813
v -0.03960596 0.02389450 0.38890251
v -0.04160500 0.01515303 0.39032640
v -0.03780870 0.01632055 0.39014522
v -0.04435262 0.01680762 0.39004763
v -0.03794806 0.02236973 0.38904811
v -0.04251880 0.02336960 0.38887950
v -0.03980173 0.02339168 0.38887392
v -0.04041550 0.01618708 0.39604891
v -0.04008628 0.01758206 0.40554152
v -0.04243260 0.01776909 0.40579793
v -0.03789056 0.01851984 0.40439583
v -0.03649559 0.02279398 0.40372542
v -0.03770841 0.02311559 0.39474392
v -0.03690298 0.02443526 0.40464983
v -0.03841254 0.02593913 0.40429732
v -0.04030078 0.02674842 0.40419973
v -0.03990330 0.02447522 0.39442241
v -0.04330933 0.01684775 0.39567092
v -0.04479977 0.01954619 0.40536351
v -0.03783808 0.01744046 0.39552733
v -0.04488865 0.01875117 0.39526793
v -0.03679727 0.01944514 0.39531002
v -0.04544411 0.02147099 0.40393721
v -0.04516357 0.02086447 0.39485183
v -0.03680721 0.02123113 0.39485921
v -0.04507472 0.02388187 0.40353502
v -0.04436586 0.02286030 0.39445610
v -0.04337810 0.02569469 0.40319811
v -0.04246598 0.02424615 0.39426992
v -0.04130998 0.01761434 0.40647673
v -0.04342620 0.01834989 0.40676442
v -0.04531028 0.02051736 0.40561422
v -0.03810056 0.01836465 0.40498653
v -0.03828480 0.02627818 0.40529912
v -0.04547876 0.02282339 0.40396151
v -0.04193302 0.02664853 0.40444542
v -0.03632873 0.02249288 0.40459172
v -0.03654811 0.02081888 0.40403212
v -0.03669887 0.02047663 0.40425753
v -0.04419903 0.02512592 0.40349233
v -0.04062366 0.02061273 0.41332561
v -0.04318428 0.02143594 0.41317241
v -0.04287340 0.01898309 0.41362273
v -0.03756828 0.02018456 0.41340303
v -0.03812779 0.02221481 0.41304451
v -0.04574678 0.02337327 0.41285073
v -0.03631356 0.02252996 0.41278811
v -0.04366683 0.02495970 0.41254763
v -0.03734959 0.02652038 0.41228963
v -0.03885460 0.02559378 0.41245122
v -0.04367274 0.02732621 0.41214583
v -0.04088498 0.02634911 0.41231502
v -0.04003345 0.02796939 0.41182583
v -0.04231396 0.01894964 0.41297701
v -0.03994980 0.01890553 0.41302501
v -0.04398917 0.01993522 0.41281682
v -0.03787150 0.01986298 0.41282573
v -0.04553909 0.02214177 0.41242263
v -0.04321588 0.01884254 0.41126522
v -0.04127679 0.01781731 0.40768551
v -0.03871756 0.01827355 0.40746813
v -0.04357090 0.01913805 0.41134011
v -0.04523221 0.02532988 0.41188222
v -0.04518326 0.02026884 0.40713231
v -0.04396608 0.01906725 0.40906853
v -0.03673517 0.02033403 0.40725222
v -0.03651710 0.02483007 0.41193093
v -0.04565229 0.02288297 0.40682012
v -0.04298335 0.02763162 0.41143813
v -0.03619430 0.02265608 0.40685442
v -0.03784984 0.02690893 0.41155031
v -0.04481724 0.02514172 0.40632543
v -0.03703275 0.02505070 0.40643831
v -0.04213046 0.02703989 0.40596352
v -0.03901407 0.02668771 0.40613372
v -0.04245931 0.01822595 0.40952611
v -0.04095000 0.02611095 0.42769271
v -0.04112259 0.02180100 0.42557882
v -0.04375411 0.02367161 0.42558291
v -0.04492129 0.02576835 0.42489101
v -0.03729293 0.02677357 0.42459652
v -0.04239278 0.02919895 0.42429503
v -0.03973645 0.02925794 0.42449303
v -0.04380815 0.02260750 0.42513534
v -0.04376425 0.02833434 0.42424132
v -0.03844229 0.02871744 0.42410921
v -0.03714197 0.02371553 0.42017882
v -0.03702824 0.02575910 0.41983721
v -0.03828537 0.02778051 0.41948861
v -0.04105217 0.02881379 0.41929091
v -0.03785988 0.02098475 0.42068801
v -0.04119784 0.02076969 0.42071813
v -0.04219144 0.02017306 0.42082042
v -0.03846975 0.02148949 0.42058162
v -0.04409641 0.02207632 0.42052804
v -0.04539591 0.02271629 0.42037453
v -0.03594894 0.02435677 0.41993242
v -0.03642393 0.02692054 0.41949923
v -0.04023697 0.02953818 0.41917333
v -0.03990664 0.01977889 0.42056322
v -0.04338838 0.02032101 0.42049602
v -0.03694643 0.02162043 0.42026082
v -0.04542794 0.02234289 0.42013503
v -0.04596564 0.02513512 0.41962633
v -0.04509134 0.02755466 0.41921572
v -0.03851967 0.02911540 0.41894851
v -0.04213991 0.02959622 0.41887633
v -0.04082271 0.01871697 0.41522402
v -0.03722128 0.02120536 0.41720372
v -0.03923690 0.01977760 0.41747591
v -0.03645721 0.02132303 0.41473772
v -0.03672055 0.02141178 0.41724071
v -0.04531093 0.02111323 0.41480132
v -0.04401874 0.02063952 0.41742632
v -0.04547262 0.02607913 0.41395473
v -0.04548609 0.02571473 0.41641433
v -0.04556116 0.02625588 0.41643953
v -0.04088592 0.02920031 0.41575811
v -0.04109692 0.02878472 0.41341903
v -0.04457567 0.02725112 0.41618212
v -0.04537644 0.02169857 0.41704061
v -0.04110817 0.01916926 0.41743813
v -0.03627064 0.02317406 0.41679821
v -0.03660902 0.02639502 0.41389592
v -0.03672989 0.02621124 0.41365792
v -0.04110996 0.02850256 0.41325942
v -0.03661176 0.02674015 0.41615423
v -0.03668867 0.02138600 0.41451873
v -0.04089897 0.01888848 0.41495083
v -0.04525700 0.02603666 0.41369661
v -0.04517593 0.02127910 0.41452562
v -0.04270538 0.02135606 0.41452761
v -0.03940345 0.02116318 0.41455211
v -0.04394638 0.02423182 0.41402883
v -0.03799238 0.02386083 0.41407622
v -0.03897246 0.02598696 0.41369603
v -0.04173506 0.02652529 0.41361821
v -0.03860646 0.01978241 0.41753591
v -0.04338416 0.01982885 0.41753911
v -0.04590897 0.02374340 0.41687111
v -0.03588041 0.02456326 0.41667821
v -0.03724327 0.02757509 0.41615361
v -0.04372229 0.02838881 0.41601641
v -0.04018400 0.02912147 0.41586342
v 0.01635395 -0.00531501 0.38912432
v 0.02277170 -0.00139302 0.38871672
v 0.01607698 0.00102236 0.38870320
v 0.02300105 0.00196228 0.38876021
v 0.02670496 0.00594765 0.38936382
v 0.01916566 0.00620870 0.38938192
v 0.01631530 0.00622128 0.38922542
v 0.02666729 -0.00615764 0.38942250
v 0.01608640 -0.01460190 0.39206322
v 0.01902986 -0.01108812 0.39063631
v 0.01898113 0.01094112 0.39062261
v 0.01629451 0.01501349 0.39244063
v 0.01892297 0.01405775 0.39278112
v 0.01901033 0.01628840 0.39329262
v 0.01634837 0.02147143 0.39689373
v 0.01906372 -0.01573179 0.39277501
v 0.01625627 -0.02125748 0.39669292
v 0.01918649 0.01863169 0.39571102
v 0.01897186 -0.01990604 0.39568581
v 0.02590210 -0.01117478 0.39069231
v 0.02801478 -0.01029854 0.39012651
v 0.02712082 -0.01600093 0.39293962
v 0.02790515 0.01546544 0.39266793
v 0.02796517 0.02142381 0.39683931
v 0.02605051 0.01949118 0.39571523
v 0.02792432 -0.02166895 0.39702443
v 0.02621866 -0.01956731 0.39567833
v 0.02786714 0.02161481 0.39268242
v 0.02800358 0.01359705 0.38601061
v 0.02808220 0.01056329 0.38785253
v 0.02747516 0.01051737 0.39043932
v 0.02805983 -0.01045051 0.38784713
v 0.02782280 -0.01419635 0.38534761
v 0.02278693 0.00143847 0.38634041
v 0.02308160 -0.00205851 0.38645140
v 0.01601441 0.00249549 0.38639281
v 0.01600026 0.00992066 0.38779451
v 0.02658699 0.00569235 0.38683931
v 0.02663771 -0.00557085 0.38683342
v 0.01600000 -0.00507360 0.38677733
v 0.01599971 -0.00963485 0.38776033
v 0.01602279 0.01323837 0.38424962
v 0.01599376 0.01242574 0.38678572
v 0.01600502 0.02048038 0.38229293
v 0.01604335 -0.02137698 0.38249971
v 0.01599684 -0.01319728 0.38378942
v 0.01574999 -0.01255559 0.38185482
v 0.01599772 -0.01238370 0.38686153
v 0.01601429 -0.02188152 0.39691433
v 0.01600032 0.01136922 0.39030422
v 0.01603365 0.02153027 0.39652111
v 0.01599843 -0.00725638 0.38909963
v 0.01870271 0.02356126 0.38758940
v 0.01631176 0.02274205 0.38227993
v 0.01635849 0.02270235 0.39187841
v 0.01848845 0.02369066 0.38098500
v 0.01901488 -0.02340303 0.38734102
v 0.01663292 -0.02314138 0.39147432
v 0.01688443 -0.02321029 0.38253353
v 0.01818297 -0.02397444 0.38060741
v 0.01681866 0.02618612 0.39370302
v 0.01893405 0.02436141 0.38990111
v 0.02289182 0.02818329 0.39182991
v 0.02200804 0.02363993 0.38823320
v 0.01648771 -0.02553716 0.39442211
v 0.02081272 -0.02805077 0.39170552
v 0.01980476 -0.02453151 0.38949681
v 0.02466913 -0.01964923 0.38582433
v 0.02790668 -0.02293807 0.39710292
v 0.01624644 -0.02272572 0.39724962
v 0.02775977 0.02289280 0.39712441
v 0.01610219 0.02297969 0.39703151
v -0.01593008 0.02545113 0.37799962
v -0.00932633 0.02853490 0.37865282
v -0.01574076 0.02569043 0.37472032
v -0.01560576 -0.02588325 0.37472963
v -0.00943915 -0.02845077 0.37851223
v -0.01590628 -0.02512187 0.37870772
v -0.00657836 0.02926987 0.37510002
v -0.00657836 -0.02926987 0.37510002
v -0.00749125 -0.02881474 0.38030953
v -0.00751054 0.02869930 0.38045500
v -0.00650443 0.02932722 0.38890691
v -0.00679506 -0.02928606 0.38939052
v -0.00198371 0.03000047 0.38721862
v 0.00112138 0.03009982 0.37511812
v -0.00151198 -0.02996187 0.37510002
v -0.00291026 -0.02992987 0.38716362
v 0.00305700 0.03014751 0.38060192
v 0.00262362 -0.02990065 0.38062322
v 0.00677923 -0.02933478 0.37512862
v 0.00225044 -0.02995205 0.38913662
v 0.00227137 0.02993989 0.38970952
v 0.01102625 0.02799487 0.37511952
v 0.00977717 -0.02852307 0.38033403
v 0.01256636 0.02730444 0.38038811
v 0.01576460 -0.02562240 0.37510781
v 0.01996092 0.02263333 0.37511632
v 0.02158019 -0.02083975 0.37510002
v 0.02269294 -0.01972925 0.38429491
v 0.02350629 0.01877517 0.38349083
v 0.02643030 0.01445383 0.37510802
v 0.02680814 -0.01400477 0.38168062
v 0.02719383 0.01275855 0.37991762
v 0.02846337 0.00951086 0.37776390
v 0.02973406 0.00480274 0.37505232
v 0.02865541 -0.00901340 0.37772432
v 0.02624299 -0.01468858 0.37513362
v 0.02975466 -0.00451958 0.37510601
v 0.03000559 0.00019463 0.37764562
v -0.01630067 0.01833240 0.37848622
v -0.01561077 0.01919072 0.37829402
v -0.01720435 0.02229225 0.37868892
v -0.01582788 0.02351235 0.37840413
v -0.01455661 0.02522639 0.37883382
v -0.00861098 0.02343091 0.37878713
v -0.00724630 0.03211392 0.40158071
v -0.00421413 0.03450271 0.40011812
v -0.00726701 0.03567969 0.39950942
v 0.00220488 0.03228663 0.40148201
v -0.00274138 0.03331684 0.40078301
v -0.00404074 0.03842493 0.39791780
v -0.00173483 0.03615839 0.39908022
v -0.00002130 0.03787273 0.39821581
v -0.00089848 0.03435271 0.40023891
v 0.00223368 0.03590662 0.39906441
v 0.00239024 0.00247119 0.38418291
v 0.00236797 0.01026150 0.38552852
v -0.00640507 0.00951908 0.38530831
v 0.00219899 0.01602264 0.38778762
v 0.00219279 0.02042925 0.39027773
v 0.00228162 0.02704962 0.39594612
v -0.00637558 0.02618748 0.39503243
v 0.00245879 0.03122925 0.40155013
v -0.00700157 0.03100404 0.40115703
v -0.00687760 0.01609277 0.38784383
v -0.00724715 0.00228675 0.38411302
v -0.00676824 0.02048785 0.39042592
v -0.00701395 -0.02042439 0.39025292
v -0.00635741 -0.02650327 0.39536293
v 0.00228638 -0.02566699 0.39451653
v -0.00680752 -0.03110885 0.40146013
v 0.00220488 -0.03094124 0.40115010
v -0.00695843 -0.00202432 0.38417153
v -0.00636791 -0.00964731 0.38534481
v 0.00236699 -0.00875586 0.38511113
v -0.00675252 -0.01606822 0.38782183
v 0.00219100 -0.01603066 0.38779552
v -0.00741843 -0.00973804 0.38589443
v -0.00747899 -0.01719593 0.38820562
v 0.00877385 0.02061331 0.38067372
v 0.01232377 0.02687712 0.38071062
v 0.00393016 0.02961974 0.38069103
v 0.01000000 0.01732051 0.38070003
v 0.01148868 0.01807135 0.38065792
v 0.00443367 0.01956116 0.38068752
v 0.01424287 0.01415993 0.38067421
v 0.01457622 0.01848122 0.38065963
v 0.00451000 -0.02951311 0.38068163
v 0.00865431 -0.02230480 0.38065691
v 0.00478631 -0.01952467 0.38068871
v 0.01010524 -0.01874936 0.38064733
v 0.01293566 -0.01549457 0.38065972
v 0.01284996 -0.02653733 0.38073473
v 0.01472906 -0.01839719 0.38078990
v -0.00521655 0.01950879 0.37514153
v -0.00682041 0.01882696 0.37921562
v -0.01140346 0.01674456 0.37510573
v -0.00707167 -0.01867731 0.37878963
v -0.00543009 -0.01935559 0.37507201
v -0.01079329 -0.01704043 0.37474562
v -0.00591008 0.01929455 0.38493331
v -0.00625279 -0.01890888 0.38546923
v -0.00218785 -0.01996021 0.38485881
v 0.00209057 0.01989044 0.37510002
v 0.00209057 -0.01989044 0.37510002
v 0.00170040 -0.01989319 0.38622081
v 0.00256057 -0.01987579 0.38176131
v 0.00251258 0.01995602 0.38204332
v 0.00207023 0.01991605 0.38620253
v 0.00618034 0.01902113 0.37510002
v 0.00782856 -0.01848417 0.37473403
v 0.00251760 -0.01831624 0.38713802
v 0.01207949 0.01602435 0.37474642
v 0.01309561 -0.01507315 0.37472811
v 0.01701562 0.01089647 0.37515801
v 0.01618034 -0.01175570 0.37510002
v 0.01566728 0.01238939 0.38158513
v 0.01633678 0.01152079 0.37948052
v 0.01813560 0.00854785 0.37768663
v 0.01679127 -0.01087840 0.37877101
v 0.01812226 -0.00856354 0.37767482
v 0.01910415 -0.00626615 0.37509963
v 0.01993438 0.00278763 0.37769573
v 0.02001118 0.00178010 0.37513002
v 0.01956295 -0.00415823 0.37770003
v 0.02120531 0.02390686 0.39597982
v 0.02052153 0.02574627 0.39417092
v 0.02367777 0.02538533 0.39455452
v 0.02760203 0.02551657 0.39438881
v 0.02082870 -0.02409631 0.39585662
v 0.02042610 -0.02543197 0.39445681
v 0.02225082 -0.02622950 0.39368163
v 0.02614403 -0.02658792 0.39341613
v 0.02372305 -0.02482949 0.39503322
v -0.01096776 -0.02522762 0.37855321
v -0.01561584 -0.02409880 0.37829161
v -0.00226867 -0.03331395 0.40078771
v 0.00250660 -0.03179253 0.40161092
v -0.00731101 -0.03227856 0.40148882
v -0.00410750 -0.03430205 0.40025283
v -0.00577848 -0.03751897 0.39836202
v -0.00239012 -0.03738464 0.39859612
v -0.00082352 -0.03446134 0.40014721
v 0.00192478 -0.03646632 0.39892031
v 0.00236021 0.00081489 0.38497753
v 0.00249750 0.00079878 0.38250872
v 0.00252996 0.01080731 0.38404961
v 0.00239968 -0.00162540 0.38435350
v 0.00250000 -0.00772737 0.38339192
v 0.00251138 0.01987364 0.38981942
v 0.00250195 0.02963967 0.38248162
v 0.00237907 0.03054409 0.39154851
v 0.00250440 -0.02961417 0.38208922
v 0.00251258 -0.01705332 0.38829253
v 0.00252938 -0.03027932 0.39285781
v 0.00250000 -0.01269522 0.38477733
v 0.00252250 0.01689781 0.38710741
v 0.00249835 -0.02623353 0.39464031
v -0.00753208 0.01927303 0.38631322
v -0.00750242 0.02009878 0.38958483
v -0.00751183 0.02021749 0.38051833
v -0.00748790 0.02879155 0.39093831
v -0.00749992 -0.02853280 0.38978981
v -0.00745039 -0.01947630 0.38548052
v -0.00708726 0.00972869 0.38379601
v -0.00758621 -0.00127116 0.38340322
v -0.00732713 0.00030125 0.38521422
v -0.00682069 -0.01656942 0.38641951
v -0.00717920 -0.00946054 0.38376451
v -0.00756143 0.01651404 0.38730220
v -0.00740368 0.01721504 0.38937783
v -0.00750294 -0.03153926 0.40112062
v -0.00756470 -0.03408622 0.39981063
v -0.00736745 0.03372332 0.39619670
v -0.00750223 0.03133442 0.40123333
v -0.01514676 0.01721907 0.37471892
v -0.01777524 0.02158198 0.37482283
v -0.01440112 -0.01693195 0.37475011
v -0.01474428 -0.02082836 0.37468972
v -0.01759535 -0.02083868 0.37474083
v -0.01188755 0.02366531 0.37468523
v -0.01472243 0.02137467 0.37477553
v -0.01230884 0.01941705 0.37469731
v -0.00617500 0.02540032 0.37470003
v -0.00667342 0.02886622 0.37469341
v -0.01329283 -0.02374211 0.37468993
v -0.00617500 -0.02540032 0.37470003
v -0.01133006 -0.02001791 0.37469292
v -0.00669193 0.01934626 0.37464263
v -0.01089545 -0.02327342 0.37469182
v -0.01033773 0.02099450 0.37469881
v -0.00338009 -0.02974343 0.37469011
v -0.00083277 -0.02047621 0.37470772
v 0.00256519 0.02959693 0.37471141
v 0.00005561 0.02717731 0.37471132
v -0.00204192 0.02544498 0.37470281
v -0.00186298 -0.02620497 0.37437633
v -0.00104187 0.02315416 0.37471691
v 0.00534420 0.02052257 0.37468730
v -0.00121473 -0.02330410 0.37469591
v 0.00177196 -0.02372708 0.37425841
v 0.00173073 -0.02637261 0.37469841
v 0.00214300 0.02485380 0.37457012
v 0.01165640 -0.02747341 0.37467943
v 0.01204437 0.02719453 0.37469893
v 0.00617500 0.02540032 0.37470003
v 0.00617500 -0.02540032 0.37470003
v 0.01029879 -0.02097005 0.37470372
v 0.01240767 0.02379334 0.37468761
v 0.00979442 0.02120815 0.37470763
v 0.01200392 -0.02388218 0.37466771
v 0.01280893 -0.01932962 0.37469731
v 0.01301661 0.01944753 0.37470262
v 0.01650395 0.01199082 0.37470003
v 0.01908292 0.02249868 0.37469512
v 0.01483066 0.02185964 0.37467693
v 0.01749119 -0.02387924 0.37470003
v 0.01982218 0.01357002 0.37470211
v 0.01715032 -0.01700032 0.37470003
v 0.01478466 -0.02200141 0.37469472
v 0.01774933 -0.01021598 0.37471111
v 0.01967486 -0.01194229 0.37473482
v 0.02017719 0.01102206 0.37470122
v 0.01986695 0.00500442 0.37469841
v 0.02330448 -0.01846401 0.37470522
v 0.02108505 -0.01449564 0.37470073
v 0.02027233 -0.00344299 0.37469271
v 0.02570032 -0.00662500 0.37470003
v 0.02225837 -0.01052745 0.37470113
v 0.02273972 0.01054412 0.37469823
v 0.02570032 0.00662500 0.37470003
v 0.02382869 0.00203968 0.37469942
v 0.02267014 -0.00028128 0.37470632
v 0.02428540 -0.00231831 0.37470961
v 0.02300686 0.01401536 0.37473473
v 0.02633563 0.01391274 0.37470763
v 0.02369577 -0.01301678 0.37471562
v 0.02725471 -0.01171204 0.37469533
v 0.02693358 0.00141983 0.37473723
v 0.02698224 -0.00157962 0.37469582
v 0.02977539 0.00155610 0.37467162
v 0.02599575 0.00873339 0.39106682
v 0.01898368 0.00789974 0.39092293
v 0.02618165 -0.01727799 0.39489971
v 0.01904645 -0.01769635 0.39570262
v 0.02595034 0.01244456 0.39238692
v 0.02590520 0.01696950 0.39461773
v 0.02594817 -0.01379643 0.39297512
v 0.01902201 -0.01275663 0.39277523
v 0.02594898 -0.00864919 0.39101751
v 0.01906104 -0.00827725 0.39108342
v 0.01900000 -0.00640696 0.38955220
v -0.00091296 0.03519852 0.39356871
v -0.00396409 0.03512788 0.39332662
v 0.00023030 -0.03087002 0.38941332
v -0.00319870 -0.03490193 0.39260091
v 0.00052784 -0.03516543 0.39475161
v -0.00197053 -0.03829320 0.39768703
v -0.00651974 -0.03440805 0.39536052
v 0.02789443 -0.01326351 0.38547771
v 0.02789797 0.01330049 0.38537361
v 0.02678763 -0.01230666 0.38124022
v 0.02732705 -0.01080572 0.37868862
v 0.02670788 0.01202968 0.38058443
v 0.02317357 0.00161545 0.37769872
v 0.02439160 -0.00230243 0.37769951
v 0.02281355 -0.00077248 0.37769863
v 0.02653366 0.00193441 0.37768041
v 0.02679536 -0.00148588 0.37769771
v 0.02058825 -0.01069480 0.37293102
v 0.02090082 -0.01446690 0.37280321
v 0.02360984 -0.01169903 0.37285420
v 0.02136551 0.01470419 0.37295571
v 0.02050901 0.01092823 0.37272121
v 0.02365619 0.01262217 0.37278282
v -0.00074153 0.02690178 0.37279201
v -0.00063643 0.02341659 0.37270790
v -0.00082499 -0.02320684 0.37283333
v 0.00087733 -0.02685637 0.37290511
v 0.02643207 0.01572566 0.38393203
v 0.02614731 0.02432804 0.39099163
v 0.02548069 -0.02684429 0.39230333
v 0.02780471 -0.02454393 0.39450023
v -0.00680984 -0.00029333 0.38251503
v -0.00639327 0.01696990 0.38649382
v 0.00076965 0.01768252 0.38691301
v 0.00081939 -0.01776773 0.38692351
v 0.00224679 -0.01964761 0.38999562
v 0.00214379 -0.01713157 0.38929131
v -0.00721067 -0.01783215 0.38982753
v 0.00220689 0.01784043 0.38984243
v -0.00720585 0.01897616 0.39011263
v -0.00379858 0.02902041 0.39217693
v -0.00126655 0.03138090 0.39140471
v -0.00365952 0.03138079 0.39147182
v -0.00117024 0.02924528 0.39266713
v -0.00376766 0.03565262 0.39900521
v 0.02076595 0.01767558 0.38933602
v 0.02328440 0.01902342 0.38726232
v 0.02067059 0.01944717 0.38759981
v 0.02315897 0.01773887 0.38935393
v 0.02251620 0.02600254 0.39344341
v 0.02326942 0.02394615 0.39545122
v -0.01163858 0.02496107 0.37573943
v -0.01581696 0.02042486 0.37575472
v -0.01251204 0.01833119 0.37575661
v -0.00908977 0.02200452 0.37574712
v -0.01554027 0.02384627 0.37580593
v -0.00978735 0.01902741 0.37580312
v -0.01276706 0.02554201 0.37829100
v -0.01177718 0.01798586 0.37842583
v -0.00902928 0.01953726 0.37889852
v -0.01158437 -0.01824401 0.37568581
v -0.01571364 -0.02248530 0.37576332
v -0.01366965 -0.02495732 0.37573680
v -0.00904129 -0.02147360 0.37576503
v -0.01552495 -0.01944687 0.37580001
v -0.00990743 -0.02445871 0.37577922
v -0.01599327 -0.01970226 0.37885521
v -0.01261133 -0.01770401 0.37833153
v -0.00792183 -0.02024070 0.37951363
v 0.00951972 -0.02287566 0.37722191
v 0.01256685 -0.01833815 0.37719933
v 0.01216991 -0.02482591 0.37724272
v 0.01547084 -0.02037008 0.37725783
v 0.00947017 -0.01944267 0.37730022
v 0.01584157 -0.02361651 0.37731032
v 0.01062566 -0.02498018 0.38040612
v 0.01526679 -0.02455920 0.38038021
v 0.01331229 0.02482565 0.37716851
v 0.00934957 0.02149968 0.37720333
v 0.01196985 0.01949940 0.37705101
v 0.01458300 0.02065824 0.37699193
v 0.01021957 0.02469531 0.37726613
v 0.01505045 0.01896790 0.37730001
v 0.01619416 0.02157919 0.37730870
v 0.01112058 0.01807157 0.37725713
v 0.00922173 0.02386027 0.38049193
v 0.01435868 0.02521706 0.38029833
v -0.01763597 -0.02215301 0.37796593
v -0.01621006 -0.01802511 0.37803273
v -0.01229831 -0.01676791 0.37853133
v -0.01172393 0.01671198 0.37809120
v -0.00373342 -0.03138092 0.39140471
v -0.00119360 -0.02901074 0.39219472
v -0.00382976 -0.02924528 0.39266713
v -0.00134048 -0.03138079 0.39147182
v -0.00351611 -0.03590340 0.39876061
v -0.00123234 -0.03565262 0.39900521
v 0.02066467 -0.01912502 0.38723412
v 0.02310032 -0.01761817 0.38928243
v 0.02084088 -0.01773906 0.38935363
v 0.02332638 -0.01945206 0.38759752
v 0.02243237 -0.02368580 0.39582903
v 0.00249527 0.02636767 0.39470302
v 0.01603455 -0.02288361 0.39818752
v 0.01601659 -0.02845912 0.40577922
v 0.02769478 -0.02803941 0.40493731
v 0.02788192 0.03056001 0.41081932
v 0.01610484 0.03142959 0.41399163
v 0.01611380 0.02769329 0.40446822
v 0.02790705 0.02331400 0.39820482
v 0.01607670 -0.03155533 0.41486193
v 0.02768417 -0.03148676 0.41430471
v 0.02763234 0.03215578 0.42013472
v 0.01617451 0.03169864 0.42647811
v 0.01618239 -0.03164216 0.42734993
v 0.02783386 -0.03192518 0.42607802
v 0.02769973 0.02979013 0.43321911
v 0.01630000 0.02763959 0.43682622
v 0.01630000 -0.02763959 0.43682622
v 0.02770000 -0.02763959 0.43682622
v 0.02766082 0.02304356 0.44308883
v 0.01633922 -0.02304358 0.44308874
v 0.02780395 -0.02334628 0.44270791
v 0.02759525 0.01473544 0.44930651
v 0.01630766 0.01538201 0.44893831
v 0.01639791 -0.01506020 0.44910033
v 0.02768216 -0.01569622 0.44872381
v 0.02757036 0.00508790 0.45225872
v 0.01643637 0.00563723 0.45232802
v 0.01676795 -0.00577179 0.45211803
v 0.02752956 -0.00490740 0.45251632
v 0.01839904 -0.02839310 0.39860442
v 0.01635163 -0.02995036 0.40516973
v 0.01649675 -0.02897559 0.39739452
v 0.02216642 -0.02965370 0.40484932
v 0.02793816 -0.02976533 0.40497423
v 0.02137009 -0.02982986 0.39510723
v 0.02143662 -0.02896418 0.39250493
v 0.02650031 -0.02919241 0.39652040
v 0.02541508 -0.02776532 0.39837862
v 0.02154319 -0.02392418 0.39675103
v 0.01984084 -0.02576128 0.39492351
v 0.01613294 -0.02551140 0.39524602
v 0.02801211 -0.02292763 0.39808883
v 0.02348899 -0.02605754 0.39440221
v 0.02752052 -0.02619040 0.39457982
v 0.02121422 0.02672485 0.39383001
v 0.02122739 0.02396746 0.39672811
v 0.01646445 0.02634692 0.39451201
v 0.01600368 0.02291807 0.39811431
v 0.02091135 0.02934065 0.39316402
v 0.02703680 0.02664791 0.39413942
v 0.02403451 0.02489329 0.39571721
v 0.02444277 0.02901492 0.39585060
v 0.01897059 0.02899438 0.39637032
v 0.02574080 0.02987208 0.39527022
v 0.01636154 0.03353234 0.41532933
v 0.02251913 0.02978876 0.40500933
v 0.01588224 0.02853369 0.39981441
v 0.01870074 0.02802093 0.40003942
v 0.02781091 0.03376760 0.41644942
v 0.02817924 0.02912234 0.40300521
v 0.02586450 0.02805174 0.39904772
v 0.02777019 -0.03352250 0.41529763
v 0.01608129 0.03308720 0.42749852
v 0.02789871 0.03294492 0.42834783
v 0.01618608 -0.03379116 0.41642812
v 0.02772796 -0.03297703 0.42821663
v 0.01617083 0.02973846 0.43648351
v 0.02792301 0.02964363 0.43668151
v 0.01635109 -0.03285446 0.42885241
v 0.02789795 -0.02985004 0.43628313
v 0.01613114 0.02414968 0.44459261
v 0.02766781 0.02269371 0.44594134
v 0.01607719 -0.02964437 0.43668081
v 0.02786392 -0.02417476 0.44457012
v 0.01604259 0.01321174 0.45176192
v 0.02783718 0.01241176 0.45211352
v 0.01633608 -0.02268097 0.44595391
v 0.02799118 -0.01322836 0.45175542
v 0.01613680 0.00536673 0.45399273
v 0.02770000 0.00522710 0.45399221
v 0.01613303 -0.01234335 0.45213521
v 0.02782585 -0.00290155 0.45444591
v 0.01609484 -0.00229867 0.45439223
v 0.01619605 0.02334628 0.44270791
v 0.02217112 0.02502438 0.39962612
v 0.01981710 -0.02574253 0.39918972
v 0.02296909 -0.02494666 0.40000911
v 0.00224323 0.03630291 0.41416332
v -0.00647128 0.03636510 0.41585311
v -0.00645554 0.03225038 0.40260671
v 0.00244650 0.03192408 0.40258312
v 0.00220000 0.03634835 0.42498452
v 0.00241782 0.03435961 0.43382754
v -0.00650771 0.03599507 0.42879033
v -0.00646607 0.02860629 0.44410421
v -0.00744104 0.03003041 0.44114663
v 0.00232139 0.02899862 0.44323513
v 0.00218870 0.02071337 0.45107293
v -0.00649271 0.01617479 0.45361822
v 0.00215967 0.01077023 0.45572802
v -0.00678118 0.00300730 0.45747692
v 0.00238377 -0.00119322 0.45713582
v -0.00747551 0.03676948 0.42265862
v -0.00752356 0.03242108 0.40379473
v -0.00746423 0.01846894 0.45231722
v -0.00747122 0.03723069 0.41231112
v -0.00393432 0.03711987 0.41115203
v -0.00580495 0.03833753 0.40252642
v 0.00248340 0.03717138 0.41208852
v -0.00058096 0.03953507 0.39989922
v -0.00687148 0.03759559 0.39994732
v 0.00002755 0.03723274 0.40974691
v 0.00084157 0.03811647 0.40250341
v 0.00244976 0.03806934 0.40446602
v -0.00294069 0.03332217 0.40126952
v -0.00412968 0.03673934 0.39952510
v -0.00041950 0.03605481 0.39990441
v 0.00235939 0.03550359 0.40020333
v -0.00667220 -0.03187519 0.40262822
v -0.00648927 -0.03470013 0.40924352
v 0.00247922 -0.03197537 0.40254943
v -0.00745778 -0.03619263 0.41838012
v 0.00220227 -0.03601083 0.41280541
v 0.00244978 -0.03576370 0.43012572
v -0.00646479 -0.03678350 0.42107903
v -0.00652416 -0.03440787 0.43345913
v 0.00236801 -0.02810768 0.44466472
v -0.00640462 -0.02722290 0.44571291
v -0.00647361 -0.01597423 0.45370962
v -0.00650664 -0.00359104 0.45728472
v 0.00238889 -0.01459502 0.45483282
v -0.00732235 -0.00097410 0.45667272
v -0.00739489 0.03791305 0.42541362
v 0.00237146 0.03786909 0.42149932
v -0.00750578 -0.03722894 0.41192482
v 0.00242612 -0.03711310 0.41241533
v 0.00225966 -0.03791802 0.42543462
v 0.00230667 0.03578302 0.43402273
v -0.00742099 0.03389666 0.43771343
v -0.00731370 -0.03776485 0.42684121
v 0.00220000 -0.03378635 0.43787243
v -0.00742664 0.02933351 0.44490691
v 0.00240271 0.02738899 0.44736693
v -0.00741907 -0.03373488 0.43803231
v 0.00215230 -0.02910088 0.44518291
v -0.00743974 0.01857398 0.45420461
v -0.00741572 -0.02859403 0.44577782
v 0.00220000 -0.02229460 0.45134902
v -0.00736276 -0.02121350 0.45213421
v 0.00210578 -0.01189636 0.45701311
v 0.00233612 0.01456149 0.45580993
v -0.00743722 0.00327926 0.45862972
v 0.00236893 0.00242108 0.45873492
v -0.00742446 -0.00966739 0.45757983
v -0.00595408 -0.03806579 0.40264492
v -0.00561119 -0.03737016 0.40864711
v -0.00743899 -0.03811646 0.40431102
v -0.00212708 -0.03702649 0.41157583
v -0.00233809 -0.04008492 0.39932012
v -0.00096987 -0.03886601 0.40137261
v 0.00223314 -0.03795621 0.40551653
v -0.00749230 -0.03239255 0.40319301
v -0.00744880 -0.03539626 0.40030953
v -0.00232915 -0.03321118 0.40142070
v -0.00457316 -0.03611119 0.39986061
v -0.00109065 -0.03659224 0.39945372
v 0.00213536 -0.03624492 0.39980132
v -0.00744046 -0.03456673 0.43208452
v -0.00746416 -0.02726343 0.44452212
v -0.00750822 -0.01696540 0.45308633
v -0.00438231 -0.03385476 0.40401143
v -0.00009599 -0.03410597 0.40351763
v -0.00515573 0.03436402 0.40361263
v -0.00099601 0.03335710 0.40420571
vt 0.00000000 0.00000000
vt 0.00000000 0.00000000
vt 0.00000000 0.00000000
vt 0.00000000 0.00000000
vt 0.00000000 0.00000000
vt 0.00000000 0.00000000
vt 0.00000000 0.00000000
vt 0.00000000 0.00000000
vt 0.00000000 0.00000000
vt 0.00000000 0.00000000
vt 0.00000000 0.00000000
vt 0.00000000 0.00000000
vt 0.00000000 0.00000000
vt 0.00000000 0.00000000
vt 0.00000000 0.00000000
vt 0.00000000 0.00000000
vt 0.00000000 0.00000000
vt 0.00000000 0.00000000
vt 0.00000000 0.00000000
vt 0.00000000 0.00000000
vt 0.00000000 0.00000000
vt 0.00000000 0.00000000
vt 0.00000000 0.00000000
vt 0.00000000 0.00000000
vt 0.00000000 0.00000000
vt 0.00000000 0.00000000
vt 0.00000000 0.00000000
vt 0.00000000 0.00000000
vt 0.00000000 0.00000000
vt 0.00000000 0.00000000
vt 0.00000000 0.00000000
vt 0.00000000 0.00000000
vt 0.00000000 0.00000000
vt 0.00000000 0.00000000
vt 0.00000000 0.00000000
vt 0.00000000 0.00000000
vt 0.00000000 0.00000000
vt 0.00000000 0.00000000
vt 0.00000000 0.00000000
vt 0.00000000 0.00000000
vt 0.00000000 0.00000000
vt 0.00000000 0.00000000
vt 0.00000000 0.00000000
vt 0.00000000 0.00000000
vt 0.00000000 0.00000000
vt 0.00000000 0.00000000
vt 0.00000000 0.00000000
vt 0.00000000 0.00000000
vt 0.00000000 0.00000000
vt 0.00000000 0.00000000
vt 0.00000000 0.00000000
vt 0.00000000 0.00000000
vt 0.00000000 0.00000000
vt 0.00000000 0.00000000
vt 0.00000000 0.00000000
vt 0.00000000 0.00000000
vt 0.00000000 0.00000000
vt 0.00000000 0.00000000
vt 0.00000000 0.00000000
vt 0.00000000 0.00000000
vt 0.00000000 0.00000000
vt 0.00000000 0.00000000
vt 0.00000000 0.00000000
vt 0.00000000 0.00000000
vt 0.00000000 0.00000000
vt 0.00000000 0.00000000
vt 0.00000000 0.00000000
vt 0.00000000 0.00000000
vt 0.00000000 0.00000000
vt 0.00000000 0.00000000
vt 0.00000000 0.00000000
vt 0.00000000 0.00000000
vt 0.00000000 0.00000000
vt 0.00000000 0.00000000
vt 0.00000000 0.00000000
vt 0.00000000 0.00000000
vt 0.00000000 0.00000000
vt 0.00000000 0.00000000
vt 0.00000000 0.00000000
vt 0.00000000 0.00000000
vt 0.00000000 0.00000000
vt 0.00000000 0.00000000
vt 0.00000000 0.00000000
vt 0.00000000 0.00000000
vt 0.00000000 0.00000000
vt 0.00000000 0.00000000
vt 0.00000000 0.00000000
vt 0.00000000 0.00000000
vt 0.00000000 0.00000000
vt 0.00000000 0.00000000
vt 0.00000000 0.00000000
vt 0.00000000 0.00000000
vt 0.00000000 0.00000000
vt 0.00000000 0.00000000
vt 0.00000000 0.00000000
vt 0.00000000 0.00000000
vt 0.00000000 0.00000000
vt 0.00000000 0.00000000
vt 0.00000000 0.00000000
vt 0.00000000 0.00000000
vt 0.00000000 0.00000000
vt 0.00000000 0.00000000
vt 0.00000000 0.00000000
vt 0.00000000 0.00000000
vt 0.00000000 0.00000000
vt 0.00000000 0.00000000
vt 0.00000000 0.00000000
vt 0.00000000 0.00000000
vt 0.00000000 0.00000000
vt 0.00000000 0.00000000
vt 0.00000000 0.00000000
vt 0.00000000 0.00000000
vt 0.00000000 0.00000000
vt 0.00000000 0.00000000
vt 0.00000000 0.00000000
vt 0.00000000 0.00000000
vt 0.00000000 0.00000000
vt 0.00000000 0.00000000
vt 0.00000000 0.00000000
vt 0.00000000 0.00000000
vt 0.00000000 0.00000000
vt 0.00000000 0.00000000
vt 0.00000000 0.00000000
vt 0.00000000 0.00000000
vt 0.00000000 0.00000000
vt 0.00000000 0.00000000
vt 0.00000000 0.00000000
vt 0.00000000 0.00000000
vt 0.00000000 0.00000000
vt 0.00000000 0.00000000
vt 0.00000000 0.00000000
vt 0.00000000 0.00000000
vt 0.00000000 0.00000000
vt 0.00000000 0.00000000
vt 0.00000000 0.00000000
vt 0.00000000 0.00000000
vt 0.00000000 0.00000000
vt 0.00000000 0.00000000
vt 0.00000000 0.00000000
vt 0.00000000 0.00000000
vt 0.00000000 0.00000000
vt 0.00000000 0.00000000
vt 0.00000000 0.00000000
vt 0.00000000 0.00000000
vt 0.00000000 0.00000000
vt 0.00000000 0.00000000
vt 0.00000000 0.00000000
vt 0.00000000 0.00000000
vt 0.00000000 0.00000000
vt 0.00000000 0.00000000
vt 0.00000000 0.00000000
vt 0.00000000 0.00000000
vt 0.00000000 0.00000000
vt 0.00000000 0.00000000
vt 0.00000000 0.00000000
vt 0.00000000 0.00000000
vt 0.00000000 0.00000000
vt 0.00000000 0.00000000
vt 0.00000000 0.00000000
vt 0.00000000 0.00000000
vt 0.00000000 0.00000000
vt 0.00000000 0.00000000
vt 0.00000000 0.00000000
vt 0.00000000 0.00000000
vt 0.00000000 0.00000000
vt 0.00000000 0.00000000
vt 0.00000000 0.00000000
vt 0.00000000 0.00000000
vt 0.00000000 0.00000000
vt 0.00000000 0.00000000
vt 0.00000000 0.00000000
vt 0.00000000 0.00000000
vt 0.00000000 0.00000000
vt 0.00000000 0.00000000
vt 0.00000000 0.00000000
vt 0.00000000 0.00000000
vt 0.00000000 0.00000000
vt 0.00000000 0.00000000
vt 0.00000000 0.00000000
vt 0.00000000 0.00000000
vt 0.00000000 0.00000000
vt 0.00000000 0.00000000
vt 0.00000000 0.00000000
vt 0.00000000 0.00000000
vt 0.00000000 0.00000000
vt 0.00000000 0.00000000
vt 0.00000000 0.00000000
vt 0.00000000 0.00000000
vt 0.00000000 0.00000000
vt 0.00000000 0.00000000
vt 0.00000000 0.00000000
vt 0.00000000 0.00000000
vt 0.00000000 0.00000000
vt 0.00000000 0.00000000
vt 0.00000000 0.00000000
vt 0.00000000 0.00000000
vt 0.00000000 0.00000000
vt 0.00000000 0.00000000
vt 0.00000000 0.00000000
vt 0.00000000 0.00000000
vt 0.00000000 0.00000000
vt 0.00000000 0.00000000
vt 0.00000000 0.00000000
vt 0.00000000 0.00000000
vt 0.00000000 0.00000000
vt 0.00000000 0.00000000
vt 0.00000000 0.00000000
vt 0.00000000 0.00000000
vt 0.00000000 0.00000000
vt 0.00000000 0.00000000
vt 0.00000000 0.00000000
vt 0.00000000 0.00000000
vt 0.00000000 0.00000000
vt 0.00000000 0.00000000
vt 0.00000000 0.00000000
vt 0.00000000 0.00000000
vt 0.00000000 0.00000000
vt 0.00000000 0.00000000
vt 0.00000000 0.00000000
vt 0.00000000 0.00000000
vt 0.00000000 0.00000000
vt 0.00000000 0.00000000
vt 0.00000000 0.00000000
vt 0.00000000 0.00000000
vt 0.00000000 0.00000000
vt 0.00000000 0.00000000
vt 0.00000000 0.00000000
vt 0.00000000 0.00000000
vt 0.00000000 0.00000000
vt 0.00000000 0.00000000
vt 0.00000000 0.00000000
vt 0.00000000 0.00000000
vt 0.00000000 0.00000000
vt 0.00000000 0.00000000
vt 0.00000000 0.00000000
vt 0.00000000 0.00000000
vt 0.00000000 0.00000000
vt 0.00000000 0.00000000
vt 0.00000000 0.00000000
vt 0.00000000 0.00000000
vt 0.00000000 0.00000000
vt 0.00000000 0.00000000
vt 0.00000000 0.00000000
vt 0.00000000 0.00000000
vt 0.00000000 0.00000000
vt 0.00000000 0.00000000
vt 0.00000000 0.00000000
vt 0.00000000 0.00000000
vt 0.00000000 0.00000000
vt 0.00000000 0.00000000
vt 0.00000000 0.00000000
vt 0.00000000 0.00000000
vt 0.00000000 0.00000000
vt 0.00000000 0.00000000
vt 0.00000000 0.00000000
vt 0.00000000 0.00000000
vt 0.00000000 0.00000000
vt 0.00000000 0.00000000
vt 0.00000000 0.00000000
vt 0.00000000 0.00000000
vt 0.00000000 0.00000000
vt 0.00000000 0.00000000
vt 0.00000000 0.00000000
vt 0.00000000 0.00000000
vt 0.00000000 0.00000000
vt 0.00000000 0.00000000
vt 0.00000000 0.00000000
vt 0.00000000 0.00000000
vt 0.00000000 0.00000000
vt 0.00000000 0.00000000
vt 0.00000000 0.00000000
vt 0.00000000 0.00000000
vt 0.00000000 0.00000000
vt 0.00000000 0.00000000
vt 0.00000000 0.00000000
vt 0.00000000 0.00000000
vt 0.00000000 0.00000000
vt 0.00000000 0.00000000
vt 0.00000000 0.00000000
vt 0.00000000 0.00000000
vt 0.00000000 0.00000000
vt 0.00000000 0.00000000
vt 0.00000000 0.00000000
vt 0.00000000 0.00000000
vt 0.00000000 0.00000000
vt 0.00000000 0.00000000
vt 0.00000000 0.00000000
vt 0.00000000 0.00000000
vt 0.00000000 0.00000000
vt 0.00000000 0.00000000
vt 0.00000000 0.00000000
vt 0.00000000 0.00000000
vt 0.00000000 0.00000000
vt 0.00000000 0.00000000
vt 0.00000000 0.00000000
vt 0.00000000 0.00000000
vt 0.00000000 0.00000000
vt 0.00000000 0.00000000
vt 0.00000000 0.00000000
vt 0.00000000 0.00000000
vt 0.00000000 0.00000000
vt 0.00000000 0.00000000
vt 0.00000000 0.00000000
vt 0.00000000 0.00000000
vt 0.00000000 0.00000000
vt 0.00000000 0.00000000
vt 0.00000000 0.00000000
vt 0.00000000 0.00000000
vt 0.00000000 0.00000000
vt 0.00000000 0.00000000
vt 0.00000000 0.00000000
vt 0.00000000 0.00000000
vt 0.00000000 0.00000000
vt 0.00000000 0.00000000
vt 0.00000000 0.00000000
vt 0.00000000 0.00000000
vt 0.00000000 0.00000000
vt 0.00000000 0.00000000
vt 0.00000000 0.00000000
vt 0.00000000 0.00000000
vt 0.00000000 0.00000000
vt 0.00000000 0.00000000
vt 0.00000000 0.00000000
vt 0.00000000 0.00000000
vt 0.00000000 0.00000000
vt 0.00000000 0.00000000
vt 0.00000000 0.00000000
vt 0.00000000 0.00000000
vt 0.00000000 0.00000000
vt 0.00000000 0.00000000
vt 0.00000000 0.00000000
vt 0.00000000 0.00000000
vt 0.00000000 0.00000000
vt 0.00000000 0.00000000
vt 0.00000000 0.00000000
vt 0.00000000 0.00000000
vt 0.00000000 0.00000000
vt 0.00000000 0.00000000
vt 0.00000000 0.00000000
vt 0.00000000 0.00000000
vt 0.00000000 0.00000000
vt 0.00000000 0.00000000
vt 0.00000000 0.00000000
vt 0.00000000 0.00000000
vt 0.00000000 0.00000000
vt 0.00000000 0.00000000
vt 0.00000000 0.00000000
vt 0.00000000 0.00000000
vt 0.00000000 0.00000000
vt 0.00000000 0.00000000
vt 0.00000000 0.00000000
vt 0.00000000 0.00000000
vt 0.00000000 0.00000000
vt 0.00000000 0.00000000
vt 0.00000000 0.00000000
vt 0.00000000 0.00000000
vt 0.00000000 0.00000000
vt 0.00000000 0.00000000
vt 0.00000000 0.00000000
vt 0.00000000 0.00000000
vt 0.00000000 0.00000000
vt 0.00000000 0.00000000
vt 0.00000000 0.00000000
vt 0.00000000 0.00000000
vt 0.00000000 0.00000000
vt 0.00000000 0.00000000
vt 0.00000000 0.00000000
vt 0.00000000 0.00000000
vt 0.00000000 0.00000000
vt 0.00000000 0.00000000
vt 0.00000000 0.00000000
vt 0.00000000 0.00000000
vt 0.00000000 0.00000000
vt 0.00000000 0.00000000
vt 0.00000000 0.00000000
vt 0.00000000 0.00000000
vt 0.00000000 0.00000000
vt 0.00000000 0.00000000
vt 0.00000000 0.00000000
vt 0.00000000 0.00000000
vt 0.00000000 0.00000000
vt 0.00000000 0.00000000
vt 0.00000000 0.00000000
vt 0.00000000 0.00000000
vt 0.00000000 0.00000000
vt 0.00000000 0.00000000
vt 0.00000000 0.00000000
vt 0.00000000 0.00000000
vt 0.00000000 0.00000000
vt 0.00000000 0.00000000
vt 0.00000000 0.00000000
vt 0.00000000 0.00000000
vt 0.00000000 0.00000000
vt 0.00000000 0.00000000
vt 0.00000000 0.00000000
vt 0.00000000 0.00000000
vt 0.00000000 0.00000000
vt 0.00000000 0.00000000
vt 0.00000000 0.00000000
vt 0.00000000 0.00000000
vt 0.00000000 0.00000000
vt 0.00000000 0.00000000
vt 0.00000000 0.00000000
vt 0.00000000 0.00000000
vt 0.00000000 0.00000000
vt 0.00000000 0.00000000
vt 0.00000000 0.00000000
vt 0.00000000 0.00000000
vt 0.00000000 0.00000000
vt 0.00000000 0.00000000
vt 0.00000000 0.00000000
vt 0.00000000 0.00000000
vt 0.00000000 0.00000000
vt 0.00000000 0.00000000
vt 0.00000000 0.00000000
vt 0.00000000 0.00000000
vt 0.00000000 0.00000000
vt 0.00000000 0.00000000
vt 0.00000000 0.00000000
vt 0.00000000 0.00000000
vt 0.00000000 0.00000000
vt 0.00000000 0.00000000
vt 0.00000000 0.00000000
vt 0.00000000 0.00000000
vt 0.00000000 0.00000000
vt 0.00000000 0.00000000
vt 0.00000000 0.00000000
vt 0.00000000 0.00000000
vt 0.00000000 0.00000000
vt 0.00000000 0.00000000
vt 0.00000000 0.00000000
vt 0.00000000 0.00000000
vt 0.00000000 0.00000000
vt 0.00000000 0.00000000
vt 0.00000000 0.00000000
vt 0.00000000 0.00000000
vt 0.00000000 0.00000000
vt 0.00000000 0.00000000
vt 0.00000000 0.00000000
vt 0.00000000 0.00000000
vt 0.00000000 0.00000000
vt 0.00000000 0.00000000
vt 0.00000000 0.00000000
vt 0.00000000 0.00000000
vt 0.00000000 0.00000000
vt 0.00000000 0.00000000
vt 0.00000000 0.00000000
vt 0.00000000 0.00000000
vt 0.00000000 0.00000000
vt 0.00000000 0.00000000
vt 0.00000000 0.00000000
vt 0.00000000 0.00000000
vt 0.00000000 0.00000000
vt 0.00000000 0.00000000
vt 0.00000000 0.00000000
vt 0.00000000 0.00000000
vt 0.00000000 0.00000000
vt 0.00000000 0.00000000
vt 0.00000000 0.00000000
vt 0.00000000 0.00000000
vt 0.00000000 0.00000000
vt 0.00000000 0.00000000
vt 0.00000000 0.00000000
vt 0.00000000 0.00000000
vt 0.00000000 0.00000000
vt 0.00000000 0.00000000
vt 0.00000000 0.00000000
vt 0.00000000 0.00000000
vt 0.00000000 0.00000000
vt 0.00000000 0.00000000
vt 0.00000000 0.00000000
vt 0.00000000 0.00000000
vt 0.00000000 0.00000000
vt 0.00000000 0.00000000
vt 0.00000000 0.00000000
vt 0.00000000 0.00000000
vt 0.00000000 0.00000000
vt 0.00000000 0.00000000
vt 0.00000000 0.00000000
vt 0.00000000 0.00000000
vt 0.00000000 0.00000000
vt 0.00000000 0.00000000
vt 0.00000000 0.00000000
vt 0.00000000 0.00000000
vt 0.00000000 0.00000000
vt 0.00000000 0.00000000
vt 0.00000000 0.00000000
vt 0.00000000 0.00000000
vt 0.00000000 0.00000000
vt 0.00000000 0.00000000
vt 0.00000000 0.00000000
vt 0.00000000 0.00000000
vt 0.00000000 0.00000000
vt 0.00000000 0.00000000
vt 0.00000000 0.00000000
vt 0.00000000 0.00000000
vt 0.00000000 0.00000000
vt 0.00000000 0.00000000
vt 0.00000000 0.00000000
vt 0.00000000 0.00000000
vt 0.00000000 0.00000000
vt 0.00000000 0.00000000
vt 0.00000000 0.00000000
vt 0.00000000 0.00000000
vt 0.00000000 0.00000000
vt 0.00000000 0.00000000
vt 0.00000000 0.00000000
vt 0.00000000 0.00000000
vt 0.00000000 0.00000000
vt 0.00000000 0.00000000
vt 0.00000000 0.00000000
vt 0.00000000 0.00000000
vt 0.00000000 0.00000000
vt 0.00000000 0.00000000
vt 0.00000000 0.00000000
vt 0.00000000 0.00000000
vt 0.00000000 0.00000000
vt 0.00000000 0.00000000
vt 0.00000000 0.00000000
vt 0.00000000 0.00000000
vt 0.00000000 0.00000000
vt 0.00000000 0.00000000
vt 0.00000000 0.00000000
vt 0.00000000 0.00000000
vt 0.00000000 0.00000000
vt 0.00000000 0.00000000
vt 0.00000000 0.00000000
vt 0.00000000 0.00000000
vt 0.00000000 0.00000000
vt 0.00000000 0.00000000
vt 0.00000000 0.00000000
vt 0.00000000 0.00000000
vt 0.00000000 0.00000000
vt 0.00000000 0.00000000
vt 0.00000000 0.00000000
vt 0.00000000 0.00000000
vt 0.00000000 0.00000000
vt 0.00000000 0.00000000
vt 0.00000000 0.00000000
vt 0.00000000 0.00000000
vt 0.00000000 0.00000000
vt 0.00000000 0.00000000
vt 0.00000000 0.00000000
vt 0.00000000 0.00000000
vt 0.00000000 0.00000000
vt 0.00000000 0.00000000
vt 0.00000000 0.00000000
vt 0.00000000 0.00000000
vt 0.00000000 0.00000000
vt 0.00000000 0.00000000
vt 0.00000000 0.00000000
vt 0.00000000 0.00000000
vt 0.00000000 0.00000000
vt 0.00000000 0.00000000
vt 0.00000000 0.00000000
vt 0.00000000 0.00000000
vt 0.00000000 0.00000000
vt 0.00000000 0.00000000
vt 0.00000000 0.00000000
vt 0.00000000 0.00000000
vt 0.00000000 0.00000000
vt 0.00000000 0.00000000
vt 0.00000000 0.00000000
vt 0.00000000 0.00000000
vt 0.00000000 0.00000000
vt 0.00000000 0.00000000
vt 0.00000000 0.00000000
vt 0.00000000 0.00000000
vt 0.00000000 0.00000000
vt 0.00000000 0.00000000
vt 0.00000000 0.00000000
vt 0.00000000 0.00000000
vt 0.00000000 0.00000000
vt 0.00000000 0.00000000
vt 0.00000000 0.00000000
vt 0.00000000 0.00000000
vt 0.00000000 0.00000000
vt 0.00000000 0.00000000
vt 0.00000000 0.00000000
vt 0.00000000 0.00000000
vt 0.00000000 0.00000000
vt 0.00000000 0.00000000
vt 0.00000000 0.00000000
vt 0.00000000 0.00000000
vt 0.00000000 0.00000000
vt 0.00000000 0.00000000
vt 0.00000000 0.00000000
vt 0.00000000 0.00000000
vt 0.00000000 0.00000000
vt 0.00000000 0.00000000
vt 0.00000000 0.00000000
vt 0.00000000 0.00000000
vt 0.00000000 0.00000000
vt 0.00000000 0.00000000
vt 0.00000000 0.00000000
vt 0.00000000 0.00000000
vt 0.00000000 0.00000000
vt 0.00000000 0.00000000
vt 0.00000000 0.00000000
vt 0.00000000 0.00000000
vt 0.00000000 0.00000000
vt 0.00000000 0.00000000
vt 0.00000000 0.00000000
vt 0.00000000 0.00000000
vt 0.00000000 0.00000000
vt 0.00000000 0.00000000
vt 0.00000000 0.00000000
vt 0.00000000 0.00000000
vt 0.00000000 0.00000000
vt 0.00000000 0.00000000
vt 0.00000000 0.00000000
vt 0.00000000 0.00000000
vt 0.00000000 0.00000000
vt 0.00000000 0.00000000
vt 0.00000000 0.00000000
vt 0.00000000 0.00000000
vt 0.00000000 0.00000000
vt 0.00000000 0.00000000
vt 0.00000000 0.00000000
vt 0.00000000 0.00000000
vt 0.00000000 0.00000000
vt 0.00000000 0.00000000
vt 0.00000000 0.00000000
vt 0.00000000 0.00000000
vt 0.00000000 0.00000000
vt 0.00000000 0.00000000
vt 0.00000000 0.00000000
vt 0.00000000 0.00000000
vt 0.00000000 0.00000000
vt 0.00000000 0.00000000
vt 0.00000000 0.00000000
vt 0.00000000 0.00000000
vt 0.00000000 0.00000000
vt 0.00000000 0.00000000
vt 0.00000000 0.00000000
vt 0.00000000 0.00000000
vt 0.00000000 0.00000000
vt 0.00000000 0.00000000
vt 0.00000000 0.00000000
vt 0.00000000 0.00000000
vt 0.00000000 0.00000000
vt 0.00000000 0.00000000
vt 0.00000000 0.00000000
vt 0.00000000 0.00000000
vt 0.00000000 0.00000000
vt 0.00000000 0.00000000
vt 0.00000000 0.00000000
vt 0.00000000 0.00000000
vt 0.00000000 0.00000000
vt 0.00000000 0.00000000
vt 0.00000000 0.00000000
vt 0.00000000 0.00000000
vt 0.00000000 0.00000000
vt 0.00000000 0.00000000
vt 0.00000000 0.00000000
vt 0.00000000 0.00000000
vt 0.00000000 0.00000000
vt 0.00000000 0.00000000
vt 0.00000000 0.00000000
vt 0.00000000 0.00000000
vt 0.00000000 0.00000000
vt 0.00000000 0.00000000
vt 0.00000000 0.00000000
vt 0.00000000 0.00000000
vt 0.00000000 0.00000000
vt 0.00000000 0.00000000
vt 0.00000000 0.00000000
vt 0.00000000 0.00000000
vt 0.00000000 0.00000000
vt 0.00000000 0.00000000
vt 0.00000000 0.00000000
vt 0.00000000 0.00000000
vt 0.00000000 0.00000000
vt 0.00000000 0.00000000
vt 0.00000000 0.00000000
vt 0.00000000 0.00000000
vt 0.00000000 0.00000000
vt 0.00000000 0.00000000
vt 0.00000000 0.00000000
vt 0.00000000 0.00000000
vt 0.00000000 0.00000000
vt 0.00000000 0.00000000
vt 0.00000000 0.00000000
vt 0.00000000 0.00000000
vt 0.00000000 0.00000000
vt 0.00000000 0.00000000
vt 0.00000000 0.00000000
vt 0.00000000 0.00000000
vt 0.00000000 0.00000000
vt 0.00000000 0.00000000
vt 0.00000000 0.00000000
vt 0.00000000 0.00000000
vt 0.00000000 0.00000000
vt 0.00000000 0.00000000
vt 0.00000000 0.00000000
vt 0.00000000 0.00000000
vt 0.00000000 0.00000000
vt 0.00000000 0.00000000
vt 0.00000000 0.00000000
vt 0.00000000 0.00000000
vt 0.00000000 0.00000000
vt 0.00000000 0.00000000
vt 0.00000000 0.00000000
vt 0.00000000 0.00000000
vt 0.00000000 0.00000000
vt 0.00000000 0.00000000
vt 0.00000000 0.00000000
vt 0.00000000 0.00000000
vt 0.00000000 0.00000000
vt 0.00000000 0.00000000
vt 0.00000000 0.00000000
vt 0.00000000 0.00000000
vt 0.00000000 0.00000000
vt 0.00000000 0.00000000
vt 0.00000000 0.00000000
vt 0.00000000 0.00000000
vt 0.00000000 0.00000000
vt 0.00000000 0.00000000
vt 0.00000000 0.00000000
vt 0.00000000 0.00000000
vt 0.00000000 0.00000000
vt 0.00000000 0.00000000
vt 0.00000000 0.00000000
vt 0.00000000 0.00000000
vt 0.00000000 0.00000000
vt 0.00000000 0.00000000
vt 0.00000000 0.00000000
vt 0.00000000 0.00000000
vt 0.00000000 0.00000000
vt 0.00000000 0.00000000
vt 0.00000000 0.00000000
vt 0.00000000 0.00000000
vt 0.00000000 0.00000000
vt 0.00000000 0.00000000
vt 0.00000000 0.00000000
vt 0.00000000 0.00000000
vt 0.00000000 0.00000000
vt 0.00000000 0.00000000
vt 0.00000000 0.00000000
vt 0.00000000 0.00000000
vt 0.00000000 0.00000000
vt 0.00000000 0.00000000
vt 0.00000000 0.00000000
vt 0.00000000 0.00000000
vt 0.00000000 0.00000000
vt 0.00000000 0.00000000
vt 0.00000000 0.00000000
vt 0.00000000 0.00000000
vt 0.00000000 0.00000000
vt 0.00000000 0.00000000
vt 0.00000000 0.00000000
vt 0.00000000 0.00000000
vt 0.00000000 0.00000000
vt 0.00000000 0.00000000
vt 0.00000000 0.00000000
vt 0.00000000 0.00000000
vt 0.00000000 0.00000000
vt 0.00000000 0.00000000
vt 0.00000000 0.00000000
vt 0.00000000 0.00000000
vt 0.00000000 0.00000000
vt 0.00000000 0.00000000
vt 0.00000000 0.00000000
vt 0.00000000 0.00000000
vt 0.00000000 0.00000000
vt 0.00000000 0.00000000
vt 0.00000000 0.00000000
vt 0.00000000 0.00000000
vt 0.00000000 0.00000000
vt 0.00000000 0.00000000
vt 0.00000000 0.00000000
vt 0.00000000 0.00000000
vt 0.00000000 0.00000000
vt 0.00000000 0.00000000
vt 0.00000000 0.00000000
vt 0.00000000 0.00000000
vt 0.00000000 0.00000000
vt 0.00000000 0.00000000
vt 0.00000000 0.00000000
vt 0.00000000 0.00000000
vt 0.00000000 0.00000000
vt 0.00000000 0.00000000
vt 0.00000000 0.00000000
vt 0.00000000 0.00000000
vt 0.00000000 0.00000000
vt 0.00000000 0.00000000
vt 0.00000000 0.00000000
vt 0.00000000 0.00000000
vt 0.00000000 0.00000000
vt 0.00000000 0.00000000
vt 0.00000000 0.00000000
vt 0.00000000 0.00000000
vt 0.00000000 0.00000000
vt 0.00000000 0.00000000
vt 0.00000000 0.00000000
vt 0.00000000 0.00000000
vt 0.00000000 0.00000000
vt 0.00000000 0.00000000
vt 0.00000000 0.00000000
vt 0.00000000 0.00000000
vt 0.00000000 0.00000000
vt 0.00000000 0.00000000
vt 0.00000000 0.00000000
vt 0.00000000 0.00000000
vt 0.00000000 0.00000000
vt 0.00000000 0.00000000
vt 0.00000000 0.00000000
vt 0.00000000 0.00000000
vt 0.00000000 0.00000000
vt 0.00000000 0.00000000
vt 0.00000000 0.00000000
vt 0.00000000 0.00000000
vt 0.00000000 0.00000000
vt 0.00000000 0.00000000
vt 0.00000000 0.00000000
vt 0.00000000 0.00000000
vt 0.00000000 0.00000000
vt 0.00000000 0.00000000
vt 0.00000000 0.00000000
vt 0.00000000 0.00000000
vt 0.00000000 0.00000000
vt 0.00000000 0.00000000
vt 0.00000000 0.00000000
vt 0.00000000 0.00000000
vt 0.00000000 0.00000000
vt 0.00000000 0.00000000
vt 0.00000000 0.00000000
vt 0.00000000 0.00000000
vt 0.00000000 0.00000000
vt 0.00000000 0.00000000
vt 0.00000000 0.00000000
vt 0.00000000 0.00000000
vt 0.00000000 0.00000000
vt 0.00000000 0.00000000
vt 0.00000000 0.00000000
vt 0.00000000 0.00000000
vt 0.00000000 0.00000000
vt 0.00000000 0.00000000
vt 0.00000000 0.00000000
vt 0.00000000 0.00000000
vt 0.00000000 0.00000000
vt 0.00000000 0.00000000
vt 0.00000000 0.00000000
vt 0.00000000 0.00000000
vt 0.00000000 0.00000000
vt 0.00000000 0.00000000
vt 0.00000000 0.00000000
vt 0.00000000 0.00000000
vt 0.00000000 0.00000000
vt 0.00000000 0.00000000
vt 0.00000000 0.00000000
vt 0.00000000 0.00000000
vt 0.00000000 0.00000000
vt 0.00000000 0.00000000
vt 0.00000000 0.00000000
vt 0.00000000 0.00000000
vt 0.00000000 0.00000000
vt 0.00000000 0.00000000
vt 0.00000000 0.00000000
vt 0.00000000 0.00000000
vt 0.00000000 0.00000000
vt 0.00000000 0.00000000
vt 0.00000000 0.00000000
vt 0.00000000 0.00000000
vt 0.00000000 0.00000000
vt 0.00000000 0.00000000
vt 0.00000000 0.00000000
vt 0.00000000 0.00000000
vt 0.00000000 0.00000000
vt 0.00000000 0.00000000
vt 0.00000000 0.00000000
vt 0.00000000 0.00000000
vt 0.00000000 0.00000000
vt 0.00000000 0.00000000
vt 0.00000000 0.00000000
vt 0.00000000 0.00000000
vt 0.00000000 0.00000000
vt 0.00000000 0.00000000
vt 0.00000000 0.00000000
vt 0.00000000 0.00000000
vt 0.00000000 0.00000000
vt 0.00000000 0.00000000
vt 0.00000000 0.00000000
vt 0.00000000 0.00000000
vt 0.00000000 0.00000000
vt 0.00000000 0.00000000
vt 0.00000000 0.00000000
vt 0.00000000 0.00000000
vt 0.00000000 0.00000000
vt 0.00000000 0.00000000
vt 0.00000000 0.00000000
vt 0.00000000 0.00000000
vt 0.00000000 0.00000000
vt 0.00000000 0.00000000
vt 0.00000000 0.00000000
vt 0.00000000 0.00000000
vt 0.00000000 0.00000000
vt 0.00000000 0.00000000
vt 0.00000000 0.00000000
vt 0.00000000 0.00000000
vt 0.00000000 0.00000000
vt 0.00000000 0.00000000
vt 0.00000000 0.00000000
vt 0.00000000 0.00000000
vt 0.00000000 0.00000000
vt 0.00000000 0.00000000
vt 0.00000000 0.00000000
vt 0.00000000 0.00000000
vt 0.00000000 0.00000000
vt 0.00000000 0.00000000
vt 0.00000000 0.00000000
vt 0.00000000 0.00000000
vt 0.00000000 0.00000000
vt 0.00000000 0.00000000
vt 0.00000000 0.00000000
vt 0.00000000 0.00000000
vt 0.00000000 0.00000000
vt 0.00000000 0.00000000
vt 0.00000000 0.00000000
vt 0.00000000 0.00000000
vt 0.00000000 0.00000000
vt 0.00000000 0.00000000
vt 0.00000000 0.00000000
vt 0.00000000 0.00000000
vt 0.00000000 0.00000000
vt 0.00000000 0.00000000
vt 0.00000000 0.00000000
vt 0.00000000 0.00000000
vt 0.00000000 0.00000000
vt 0.00000000 0.00000000
vt 0.00000000 0.00000000
vt 0.00000000 0.00000000
vt 0.00000000 0.00000000
vt 0.00000000 0.00000000
vt 0.00000000 0.00000000
vt 0.00000000 0.00000000
vt 0.00000000 0.00000000
vt 0.00000000 0.00000000
vt 0.00000000 0.00000000
vt 0.00000000 0.00000000
vt 0.00000000 0.00000000
vt 0.00000000 0.00000000
vt 0.00000000 0.00000000
vt 0.00000000 0.00000000
vt 0.00000000 0.00000000
vt 0.00000000 0.00000000
vt 0.00000000 0.00000000
vt 0.00000000 0.00000000
vt 0.00000000 0.00000000
vt 0.00000000 0.00000000
vt 0.00000000 0.00000000
vt 0.00000000 0.00000000
vt 0.00000000 0.00000000
vt 0.00000000 0.00000000
vt 0.00000000 0.00000000
vt 0.00000000 0.00000000
vt 0.00000000 0.00000000
vt 0.00000000 0.00000000
vt 0.00000000 0.00000000
vt 0.00000000 0.00000000
vt 0.00000000 0.00000000
vt 0.00000000 0.00000000
vt 0.00000000 0.00000000
vt 0.00000000 0.00000000
vt 0.00000000 0.00000000
vt 0.00000000 0.00000000
vt 0.00000000 0.00000000
vt 0.00000000 0.00000000
vt 0.00000000 0.00000000
vt 0.00000000 0.00000000
vt 0.00000000 0.00000000
vt 0.00000000 0.00000000
vt 0.00000000 0.00000000
vt 0.00000000 0.00000000
vt 0.00000000 0.00000000
vt 0.00000000 0.00000000
vt 0.00000000 0.00000000
vt 0.00000000 0.00000000
vt 0.00000000 0.00000000
vt 0.00000000 0.00000000
vt 0.00000000 0.00000000
vt 0.00000000 0.00000000
vt 0.00000000 0.00000000
vt 0.00000000 0.00000000
vt 0.00000000 0.00000000
vt 0.00000000 0.00000000
vt 0.00000000 0.00000000
vt 0.00000000 0.00000000
vt 0.00000000 0.00000000
vt 0.00000000 0.00000000
vt 0.00000000 0.00000000
vt 0.00000000 0.00000000
vt 0.00000000 0.00000000
vt 0.00000000 0.00000000
vt 0.00000000 0.00000000
vt 0.00000000 0.00000000
vt 0.00000000 0.00000000
vt 0.00000000 0.00000000
vt 0.00000000 0.00000000
vt 0.00000000 0.00000000
vt 0.00000000 0.00000000
vt 0.00000000 0.00000000
vt 0.00000000 0.00000000
vt 0.00000000 0.00000000
vt 0.00000000 0.00000000
vt 0.00000000 0.00000000
vt 0.00000000 0.00000000
vt 0.00000000 0.00000000
vt 0.00000000 0.00000000
vt 0.00000000 0.00000000
vt 0.00000000 0.00000000
vt 0.00000000 0.00000000
vt 0.00000000 0.00000000
vt 0.00000000 0.00000000
vt 0.00000000 0.00000000
vt 0.00000000 0.00000000
vt 0.00000000 0.00000000
vt 0.00000000 0.00000000
vt 0.00000000 0.00000000
vt 0.00000000 0.00000000
f 1/1 2/2 3/3
f 4/4 1/1 3/3
f 1/1 5/5 2/2
f 6/6 7/7 4/4
f 8/8 9/9 1/1
f 10/10 8/8 1/1
f 7/7 10/10 1/1
f 2/2 11/11 12/12
f 3/3 12/12 13/13
f 5/5 14/14 11/11
f 15/15 13/13 16/16
f 17/17 18/18 14/14
f 19/19 16/16 20/20
f 21/21 20/20 22/22
f 9/9 23/23 17/17
f 6/6 22/22 24/24
f 8/8 25/25 23/23
f 24/24 26/26 27/27
f 28/28 29/29 25/25
f 7/7 27/27 30/30
f 10/10 31/31 28/28
f 32/32 30/30 31/31
f 12/12 33/33 34/34
f 13/13 12/12 34/34
f 35/35 13/13 34/34
f 12/12 11/11 33/33
f 11/11 36/36 33/33
f 14/14 36/36 11/11
f 16/16 13/13 35/35
f 37/37 16/16 35/35
f 20/20 16/16 37/37
f 14/14 18/18 36/36
f 22/22 20/20 37/37
f 23/23 38/38 18/18
f 39/39 22/22 37/37
f 39/39 26/26 22/22
f 25/25 38/38 23/23
f 40/40 26/26 39/39
f 40/40 27/27 26/26
f 40/40 30/30 27/27
f 31/31 41/41 29/29
f 41/41 25/25 29/29
f 42/42 30/30 40/40
f 42/42 31/31 30/30
f 42/42 41/41 31/31
f 33/33 43/43 34/34
f 44/44 35/35 34/34
f 33/33 45/45 43/43
f 44/44 46/46 35/35
f 46/46 37/37 35/35
f 36/36 45/45 33/33
f 18/18 47/47 36/36
f 38/38 47/47 18/18
f 48/48 49/49 37/37
f 38/38 50/50 47/47
f 49/49 40/40 39/39
f 25/25 50/50 38/38
f 49/49 51/51 40/40
f 41/41 50/50 25/25
f 41/41 52/52 50/50
f 53/53 42/42 40/40
f 51/51 53/53 40/40
f 42/42 52/52 41/41
f 42/42 53/53 52/52
f 51/51 44/44 43/43
f 45/45 47/47 43/43
f 51/51 46/46 44/44
f 51/51 48/48 46/46
f 51/51 49/49 48/48
f 52/52 53/53 51/51
f 50/50 52/52 51/51
f 47/47 50/50 51/51
f 44/44 34/34 43/43
f 36/36 47/47 45/45
f 48/48 37/37 46/46
f 49/49 39/39 37/37
f 15/15 4/4 3/3
f 19/19 4/4 15/15
f 1/1 17/17 5/5
f 21/21 4/4 19/19
f 21/21 6/6 4/4
f 1/1 9/9 17/17
f 24/24 7/7 6/6
f 10/10 28/28 8/8
f 32/32 10/10 7/7
f 7/7 1/1 4/4
f 2/2 12/12 3/3
f 3/3 13/13 15/15
f 5/5 11/11 2/2
f 15/15 16/16 19/19
f 17/17 14/14 5/5
f 19/19 20/20 21/21
f 21/21 22/22 6/6
f 23/23 18/18 17/17
f 22/22 26/26 24/24
f 8/8 23/23 9/9
f 24/24 27/27 7/7
f 28/28 25/25 8/8
f 7/7 30/30 32/32
f 31/31 29/29 28/28
f 32/32 31/31 10/10
f 47/47 51/51 43/43
f 54/54 55/55 56/56
f 55/55 57/57 56/56
f 57/57 58/58 56/56
f 59/59 54/54 60/60
f 61/61 59/59 60/60
f 62/62 63/63 64/64
f 65/65 66/66 67/67
f 66/66 68/68 67/67
f 69/69 66/66 65/65
f 66/66 70/70 71/71
f 66/66 69/69 72/72
f 68/68 73/73 74/74
f 68/68 75/75 73/73
f 68/68 71/71 75/75
f 71/71 76/76 75/75
f 77/77 67/67 74/74
f 67/67 68/68 74/74
f 65/65 67/67 77/77
f 78/78 65/65 77/77
f 72/72 79/79 80/80
f 70/70 81/81 76/76
f 81/81 72/72 80/80
f 69/69 65/65 78/78
f 70/70 72/72 81/81
f 79/79 69/69 78/78
f 72/72 69/69 79/79
f 71/71 70/70 76/76
f 74/74 82/82 83/83
f 83/83 77/77 74/74
f 74/74 84/84 82/82
f 83/83 78/78 77/77
f 74/74 73/73 84/84
f 85/85 78/78 83/83
f 73/73 86/86 84/84
f 73/73 75/75 86/86
f 85/85 79/79 78/78
f 75/75 87/87 86/86
f 75/75 76/76 87/87
f 76/76 88/88 87/87
f 89/89 80/80 79/79
f 90/90 80/80 89/89
f 76/76 81/81 88/88
f 81/81 91/91 88/88
f 90/90 81/81 80/80
f 81/81 90/90 91/91
f 82/82 92/92 83/83
f 93/93 83/83 92/92
f 94/94 82/82 84/84
f 93/93 85/85 83/83
f 86/86 94/94 84/84
f 95/95 85/85 93/93
f 86/86 96/96 94/94
f 87/87 96/96 86/86
f 79/79 85/85 95/95
f 87/87 97/97 96/96
f 89/89 79/79 95/95
f 98/98 89/89 95/95
f 88/88 97/97 87/87
f 90/90 89/89 98/98
f 88/88 91/91 97/97
f 91/91 90/90 98/98
f 99/99 100/100 101/101
f 102/102 103/103 101/101
f 104/104 105/105 106/106
f 107/107 104/104 106/106
f 108/108 109/109 110/110
f 109/109 100/100 111/111
f 112/112 108/108 110/110
f 113/113 112/112 114/114
f 102/102 115/115 103/103
f 116/116 117/117 114/114
f 117/117 113/113 114/114
f 115/115 118/118 103/103
f 118/118 119/119 103/103
f 120/120 117/117 116/116
f 118/118 121/121 119/119
f 105/105 120/120 116/116
f 104/104 120/120 105/105
f 121/121 104/104 107/107
f 92/92 82/82 109/109
f 108/108 92/92 109/109
f 82/82 100/100 109/109
f 93/93 92/92 108/108
f 112/112 93/93 108/108
f 82/82 94/94 100/100
f 94/94 102/102 100/100
f 95/95 93/93 113/113
f 94/94 96/96 115/115
f 117/117 95/95 113/113
f 96/96 97/97 118/118
f 98/98 95/95 117/117
f 120/120 98/98 117/117
f 97/97 91/91 121/121
f 91/91 98/98 120/120
f 91/91 104/104 121/121
f 111/111 99/99 122/122
f 99/99 123/123 122/122
f 124/124 111/111 122/122
f 99/99 101/101 123/123
f 110/110 111/111 124/124
f 101/101 125/125 123/123
f 126/126 110/110 124/124
f 105/105 116/116 127/127
f 116/116 128/128 127/127
f 106/106 105/105 127/127
f 129/129 110/110 126/126
f 116/116 114/114 128/128
f 101/101 103/103 125/125
f 130/130 106/106 127/127
f 114/114 131/131 128/128
f 131/131 129/129 126/126
f 114/114 129/129 131/131
f 107/107 106/106 130/130
f 119/119 107/107 130/130
f 103/103 132/132 125/125
f 132/132 119/119 130/130
f 103/103 119/119 132/132
f 133/133 134/134 135/135
f 133/133 136/136 134/134
f 137/137 133/133 135/135
f 136/136 138/138 134/134
f 139/139 137/137 135/135
f 139/139 140/140 137/137
f 141/141 138/138 136/136
f 141/141 142/142 138/138
f 143/143 144/144 141/141
f 144/144 142/142 141/141
f 139/139 145/145 140/140
f 140/140 145/145 143/143
f 134/134 146/146 135/135
f 146/146 147/147 135/135
f 147/147 148/148 135/135
f 149/149 146/146 134/134
f 138/138 149/149 134/134
f 148/148 150/150 135/135
f 151/151 149/149 138/138
f 152/152 153/153 146/146
f 150/150 139/139 135/135
f 154/154 148/148 147/147
f 153/153 154/154 147/147
f 155/155 152/152 146/146
f 149/149 155/155 146/146
f 150/150 156/156 139/139
f 154/154 157/157 148/148
f 158/158 155/155 149/149
f 157/157 159/159 148/148
f 159/159 150/150 148/148
f 142/142 151/151 138/138
f 159/159 160/160 150/150
f 151/151 158/158 149/149
f 160/160 156/156 150/150
f 161/161 145/145 139/139
f 156/156 161/161 139/139
f 162/162 158/158 151/151
f 144/144 163/163 142/142
f 164/164 144/144 145/145
f 161/161 164/164 145/145
f 164/164 163/163 144/144
f 160/160 165/165 156/156
f 165/165 161/161 156/156
f 142/142 162/162 151/151
f 166/166 162/162 142/142
f 165/165 167/167 161/161
f 163/163 166/166 142/142
f 167/167 164/164 161/161
f 167/167 168/168 164/164
f 168/168 163/163 164/164
f 152/152 122/122 153/153
f 122/122 169/169 153/153
f 169/169 159/159 157/157
f 122/122 159/159 169/169
f 163/163 168/168 166/166
f 124/124 122/122 152/152
f 155/155 126/126 152/152
f 126/126 124/124 152/152
f 123/123 159/159 122/122
f 158/158 126/126 155/155
f 123/123 160/160 159/159
f 131/131 126/126 158/158
f 123/123 125/125 160/160
f 162/162 131/131 158/158
f 128/128 131/131 162/162
f 125/125 165/165 160/160
f 132/132 130/130 167/167
f 125/125 132/132 165/165
f 127/127 128/128 162/162
f 166/166 127/127 162/162
f 168/168 127/127 166/166
f 130/130 168/168 167/167
f 130/130 127/127 168/168
f 153/153 157/157 154/154
f 153/153 169/169 157/157
f 170/170 54/54 56/56
f 58/58 170/170 56/56
f 170/170 60/60 54/54
f 58/58 171/171 170/170
f 61/61 60/60 170/170
f 171/171 61/61 170/170
f 172/172 55/55 54/54
f 173/173 57/57 55/55
f 174/174 172/172 54/54
f 173/173 58/58 57/57
f 175/175 171/171 58/58
f 61/61 176/176 59/59
f 176/176 174/174 59/59
f 176/176 61/61 171/171
f 175/175 176/176 171/171
f 174/174 177/177 172/172
f 178/178 177/177 174/174
f 176/176 178/178 174/174
f 179/179 176/176 175/175
f 178/178 62/62 177/177
f 180/180 62/62 178/178
f 176/176 181/181 178/178
f 175/175 182/182 179/179
f 179/179 181/181 176/176
f 183/183 181/181 179/179
f 184/184 185/185 186/186
f 64/64 63/63 184/184
f 186/186 64/64 184/184
f 187/187 188/188 185/185
f 187/187 189/189 188/188
f 180/180 190/190 62/62
f 187/187 182/182 189/189
f 191/191 182/182 187/187
f 181/181 190/190 180/180
f 191/191 183/183 182/182
f 192/192 190/190 181/181
f 183/183 192/192 181/181
f 191/191 192/192 183/183
f 193/193 185/185 184/184
f 194/194 193/193 184/184
f 63/63 194/194 184/184
f 193/193 195/195 185/185
f 196/196 194/194 63/63
f 195/195 187/187 185/185
f 62/62 196/196 63/63
f 195/195 197/197 187/187
f 198/198 196/196 62/62
f 190/190 198/198 62/62
f 197/197 191/191 187/187
f 199/199 198/198 190/190
f 192/192 199/199 190/190
f 200/200 201/201 202/202
f 200/200 203/203 201/201
f 203/203 204/204 201/201
f 205/205 200/200 206/206
f 207/207 205/205 208/208
f 207/207 208/208 209/209
f 210/210 211/211 212/212
f 211/211 207/207 212/212
f 212/212 207/207 209/209
f 205/205 206/206 213/213
f 214/214 215/215 216/216
f 200/200 202/202 217/217
f 203/203 218/218 204/204
f 214/214 211/211 210/210
f 215/215 214/214 210/210
f 214/214 219/219 211/211
f 214/214 220/220 219/219
f 203/203 216/216 218/218
f 203/203 214/214 216/216
f 221/221 220/220 203/203
f 220/220 214/214 203/203
f 222/222 203/203 200/200
f 221/221 203/203 222/222
f 211/211 219/219 207/207
f 219/219 223/223 207/207
f 207/207 223/223 205/205
f 223/223 224/224 205/205
f 225/225 222/222 224/224
f 223/223 226/226 224/224
f 226/226 225/225 224/224
f 225/225 227/227 222/222
f 227/227 221/221 222/222
f 219/219 228/228 223/223
f 228/228 226/226 223/223
f 219/219 229/229 228/228
f 230/230 221/221 227/227
f 220/220 221/221 230/230
f 219/219 220/220 229/229
f 229/229 220/220 230/230
f 224/224 200/200 205/205
f 222/222 200/200 224/224
f 172/172 186/186 55/55
f 188/188 173/173 55/55
f 186/186 188/188 55/55
f 64/64 186/186 172/172
f 189/189 58/58 173/173
f 188/188 189/189 173/173
f 177/177 62/62 64/64
f 58/58 189/189 175/175
f 189/189 182/182 175/175
f 231/231 193/193 194/194
f 232/232 231/231 194/194
f 196/196 209/209 232/232
f 217/217 195/195 193/193
f 231/231 217/217 193/193
f 217/217 233/233 195/195
f 198/198 234/234 196/196
f 234/234 209/209 196/196
f 233/233 197/197 195/195
f 233/233 204/204 197/197
f 235/235 234/234 198/198
f 204/204 191/191 197/197
f 199/199 235/235 198/198
f 204/204 236/236 191/191
f 237/237 235/235 199/199
f 236/236 192/192 191/191
f 192/192 237/237 199/199
f 236/236 237/237 192/192
f 232/232 208/208 213/213
f 232/232 206/206 231/231
f 213/213 206/206 232/232
f 206/206 217/217 231/231
f 209/209 208/208 232/232
f 202/202 233/233 217/217
f 234/234 212/212 209/209
f 210/210 212/212 234/234
f 202/202 204/204 233/233
f 235/235 210/210 234/234
f 201/201 204/204 202/202
f 218/218 236/236 204/204
f 237/237 215/215 235/235
f 215/215 210/210 235/235
f 218/218 216/216 236/236
f 216/216 237/237 236/236
f 216/216 215/215 237/237
f 226/226 133/133 225/225
f 136/136 133/133 226/226
f 133/133 137/137 225/225
f 137/137 227/227 225/225
f 228/228 136/136 226/226
f 137/137 140/140 227/227
f 229/229 141/141 228/228
f 141/141 136/136 228/228
f 140/140 230/230 227/227
f 143/143 141/141 229/229
f 140/140 143/143 230/230
f 143/143 229/229 230/230
f 66/66 71/71 68/68
f 66/66 72/72 70/70
f 100/100 102/102 101/101
f 109/109 111/111 110/110
f 100/100 99/99 111/111
f 112/112 110/110 129/129
f 112/112 129/129 114/114
f 121/121 107/107 119/119
f 93/93 112/112 113/113
f 94/94 115/115 102/102
f 96/96 118/118 115/115
f 97/97 121/121 118/118
f 91/91 120/120 104/104
f 145/145 144/144 143/143
f 153/153 147/147 146/146
f 132/132 167/167 165/165
f 174/174 54/54 59/59
f 181/181 180/180 178/178
f 182/182 183/183 179/179
f 185/185 188/188 186/186
f 200/200 217/217 206/206
f 205/205 213/213 208/208
f 177/177 64/64 172/172
f 196/196 232/232 194/194
f 238/238 239/239 240/240
f 241/241 242/242 243/243
f 244/244 242/242 241/241
f 238/238 245/245 239/239
f 245/245 246/246 239/239
f 247/247 244/244 241/241
f 248/248 244/244 247/247
f 246/246 248/248 247/247
f 249/249 250/250 251/251
f 252/252 253/253 254/254
f 254/254 255/255 256/256
f 257/257 258/258 254/254
f 259/259 255/255 254/254
f 258/258 259/259 254/254
f 260/260 257/257 261/261
f 262/262 252/252 263/263
f 252/252 256/256 263/263
f 264/264 257/257 260/260
f 265/265 252/252 262/262
f 256/256 266/266 263/263
f 253/253 252/252 265/265
f 258/258 257/257 264/264
f 259/259 267/267 268/268
f 261/261 253/253 265/265
f 255/255 269/269 266/266
f 256/256 255/255 266/266
f 259/259 264/264 267/267
f 259/259 258/258 264/264
f 257/257 253/253 261/261
f 255/255 268/268 269/269
f 255/255 259/259 268/268
f 263/263 270/270 271/271
f 271/271 262/262 263/263
f 271/271 265/265 262/262
f 272/272 265/265 271/271
f 263/263 266/266 270/270
f 266/266 273/273 270/270
f 272/272 261/261 265/265
f 266/266 269/269 273/273
f 274/274 261/261 272/272
f 269/269 275/275 273/273
f 276/276 261/261 274/274
f 269/269 277/277 275/275
f 276/276 260/260 261/261
f 269/269 268/268 277/277
f 276/276 264/264 260/260
f 268/268 278/278 277/277
f 268/268 267/267 278/278
f 267/267 264/264 278/278
f 270/270 279/279 271/271
f 280/280 279/279 270/270
f 279/279 272/272 271/271
f 281/281 272/272 279/279
f 273/273 280/280 270/270
f 274/274 272/272 281/281
f 273/273 275/275 280/280
f 277/277 282/282 275/275
f 278/278 282/282 277/277
f 264/264 276/276 283/283
f 278/278 284/284 282/282
f 283/283 284/284 264/264
f 285/285 286/286 287/287
f 285/285 288/288 286/286
f 289/289 290/290 291/291
f 290/290 292/292 291/291
f 290/290 293/293 292/292
f 290/290 294/294 293/293
f 287/287 295/295 285/285
f 296/296 295/295 287/287
f 285/285 297/297 288/288
f 298/298 295/295 296/296
f 297/297 299/299 288/288
f 300/300 298/298 296/296
f 301/301 298/298 300/300
f 299/299 302/302 289/289
f 303/303 301/301 300/300
f 304/304 301/301 303/303
f 302/302 290/290 289/289
f 305/305 304/304 303/303
f 306/306 304/304 305/305
f 293/293 306/306 305/305
f 294/294 306/306 293/293
f 295/295 279/279 285/285
f 279/279 280/280 285/285
f 280/280 297/297 285/285
f 281/281 279/279 295/295
f 298/298 281/281 295/295
f 280/280 299/299 297/297
f 274/274 281/281 298/298
f 301/301 274/274 298/298
f 280/280 275/275 299/299
f 275/275 302/302 299/299
f 304/304 276/276 301/301
f 276/276 274/274 301/301
f 275/275 282/282 302/302
f 304/304 306/306 283/283
f 282/282 284/284 294/294
f 294/294 284/284 306/306
f 287/287 307/307 308/308
f 296/296 287/287 308/308
f 287/287 286/286 307/307
f 309/309 296/296 308/308
f 286/286 310/310 307/307
f 300/300 296/296 309/309
f 292/292 293/293 311/311
f 291/291 292/292 311/311
f 286/286 288/288 310/310
f 312/312 300/300 309/309
f 293/293 313/313 311/311
f 314/314 291/291 311/311
f 289/289 291/291 314/314
f 315/315 289/289 314/314
f 288/288 316/316 310/310
f 316/316 315/315 314/314
f 288/288 315/315 316/316
f 303/303 300/300 312/312
f 293/293 305/305 313/313
f 305/305 317/317 313/313
f 317/317 303/303 312/312
f 305/305 303/303 317/317
f 318/318 319/319 320/320
f 321/321 318/318 320/320
f 322/322 318/318 321/321
f 319/319 323/323 320/320
f 324/324 322/322 321/321
f 325/325 323/323 319/319
f 326/326 327/327 322/322
f 324/324 326/326 322/322
f 328/328 323/323 325/325
f 326/326 329/329 327/327
f 329/329 328/328 325/325
f 326/326 330/330 329/329
f 330/330 328/328 329/329
f 331/331 332/332 320/320
f 332/332 321/321 320/320
f 333/333 331/331 320/320
f 332/332 334/334 321/321
f 335/335 333/333 320/320
f 323/323 335/335 320/320
f 334/334 324/324 321/321
f 336/336 337/337 331/331
f 337/337 332/332 331/331
f 337/337 338/338 332/332
f 339/339 336/336 331/331
f 338/338 334/334 332/332
f 333/333 339/339 331/331
f 340/340 335/335 323/323
f 341/341 342/342 335/335
f 342/342 339/339 333/333
f 338/338 343/343 334/334
f 343/343 324/324 334/334
f 344/344 326/326 324/324
f 328/328 340/340 323/323
f 345/345 341/341 335/335
f 346/346 340/340 328/328
f 343/343 347/347 324/324
f 344/344 348/348 326/326
f 340/340 345/345 335/335
f 347/347 344/344 324/324
f 348/348 330/330 326/326
f 330/330 346/346 328/328
f 349/349 345/345 340/340
f 347/347 350/350 344/344
f 350/350 348/348 344/344
f 346/346 349/349 340/340
f 351/351 349/349 346/346
f 352/352 330/330 348/348
f 330/330 351/351 346/346
f 352/352 351/351 330/330
f 353/353 337/337 336/336
f 308/308 337/337 353/353
f 342/342 308/308 353/353
f 341/341 308/308 342/342
f 350/350 352/352 348/348
f 307/307 338/338 337/337
f 308/308 307/307 337/337
f 307/307 310/310 338/338
f 310/310 343/343 338/338
f 309/309 308/308 341/341
f 316/316 314/314 347/347
f 310/310 316/316 343/343
f 345/345 312/312 341/341
f 312/312 309/309 341/341
f 349/349 312/312 345/345
f 314/314 350/350 347/347
f 317/317 312/312 349/349
f 314/314 311/311 350/350
f 351/351 317/317 349/349
f 311/311 352/352 350/350
f 313/313 317/317 351/351
f 311/311 351/351 352/352
f 311/311 313/313 351/351
f 342/342 336/336 339/339
f 342/342 353/353 336/336
f 240/240 354/354 243/243
f 239/239 354/354 240/240
f 354/354 241/241 243/243
f 247/247 241/241 354/354
f 246/246 247/247 354/354
f 239/239 246/246 354/354
f 355/355 240/240 243/243
f 242/242 356/356 243/243
f 244/244 356/356 242/242
f 357/357 356/356 244/244
f 358/358 245/245 238/238
f 359/359 357/357 248/248
f 360/360 246/246 245/245
f 358/358 360/360 245/245
f 360/360 359/359 248/248
f 356/356 361/361 355/355
f 357/357 361/361 356/356
f 359/359 362/362 357/357
f 358/358 363/363 360/360
f 238/238 364/364 358/358
f 358/358 365/365 366/366
f 359/359 249/249 362/362
f 363/363 366/366 360/360
f 367/367 249/249 359/359
f 367/367 359/359 360/360
f 368/368 369/369 370/370
f 371/371 369/369 368/368
f 369/369 372/372 370/370
f 372/372 373/373 370/370
f 364/364 371/371 368/368
f 374/374 364/364 368/368
f 251/251 373/373 372/372
f 365/365 364/364 374/374
f 250/250 373/373 251/251
f 375/375 365/365 374/374
f 366/366 365/365 375/375
f 376/376 366/366 375/375
f 367/367 250/250 249/249
f 376/376 367/367 366/366
f 376/376 250/250 367/367
f 377/377 368/368 370/370
f 378/378 377/377 370/370
f 377/377 379/379 368/368
f 373/373 378/378 370/370
f 380/380 378/378 373/373
f 379/379 374/374 368/368
f 381/381 380/380 373/373
f 250/250 381/381 373/373
f 382/382 381/381 250/250
f 383/383 376/376 375/375
f 384/384 382/382 250/250
f 376/376 384/384 250/250
f 383/383 384/384 376/376
f 385/385 386/386 387/387
f 386/386 388/388 389/389
f 385/385 388/388 386/386
f 390/390 385/385 391/391
f 392/392 390/390 393/393
f 394/394 392/392 393/393
f 395/395 396/396 397/397
f 396/396 392/392 397/397
f 397/397 392/392 394/394
f 398/398 390/390 391/391
f 385/385 387/387 399/399
f 388/388 400/400 389/389
f 401/401 396/396 395/395
f 402/402 396/396 401/401
f 403/403 396/396 402/402
f 388/388 404/404 400/400
f 388/388 401/401 404/404
f 405/405 402/402 388/388
f 402/402 401/401 388/388
f 406/406 388/388 385/385
f 405/405 388/388 406/406
f 396/396 407/407 392/392
f 396/396 403/403 407/407
f 407/407 408/408 390/390
f 392/392 407/407 390/390
f 408/408 409/409 406/406
f 409/409 410/410 406/406
f 410/410 405/405 406/406
f 407/407 411/411 408/408
f 411/411 409/409 408/408
f 410/410 412/412 405/405
f 412/412 402/402 405/405
f 413/413 402/402 412/412
f 407/407 414/414 411/411
f 403/403 402/402 413/413
f 407/407 403/403 414/414
f 414/414 403/403 413/413
f 390/390 408/408 385/385
f 408/408 406/406 385/385
f 371/371 240/240 355/355
f 369/369 371/371 355/355
f 361/361 369/369 355/355
f 372/372 369/369 361/361
f 357/357 251/251 372/372
f 362/362 251/251 357/357
f 249/249 251/251 362/362
f 240/240 371/371 238/238
f 371/371 364/364 238/238
f 378/378 399/399 377/377
f 399/399 415/415 377/377
f 416/416 399/399 378/378
f 415/415 379/379 377/377
f 378/378 380/380 416/416
f 415/415 389/389 379/379
f 389/389 374/374 379/379
f 380/380 381/381 417/417
f 389/389 418/418 374/374
f 418/418 375/375 374/374
f 394/394 417/417 381/381
f 382/382 394/394 381/381
f 418/418 419/419 375/375
f 419/419 383/383 375/375
f 384/384 420/420 382/382
f 420/420 394/394 382/382
f 419/419 421/421 383/383
f 421/421 384/384 383/383
f 421/421 420/420 384/384
f 417/417 393/393 398/398
f 387/387 415/415 399/399
f 391/391 399/399 416/416
f 398/398 391/391 416/416
f 387/387 389/389 415/415
f 386/386 389/389 387/387
f 400/400 418/418 389/389
f 394/394 393/393 417/417
f 404/404 418/418 400/400
f 404/404 419/419 418/418
f 420/420 397/397 394/394
f 395/395 421/421 419/419
f 404/404 395/395 419/419
f 395/395 397/397 420/420
f 421/421 395/395 420/420
f 409/409 318/318 410/410
f 318/318 322/322 410/410
f 319/319 318/318 409/409
f 322/322 412/412 410/410
f 411/411 319/319 409/409
f 325/325 319/319 411/411
f 322/322 327/327 412/412
f 327/327 413/413 412/412
f 414/414 325/325 411/411
f 327/327 329/329 413/413
f 329/329 414/414 413/413
f 329/329 325/325 414/414
f 252/252 254/254 256/256
f 257/257 254/254 253/253
f 284/284 278/278 264/264
f 299/299 315/315 288/288
f 299/299 289/289 315/315
f 282/282 290/290 302/302
f 304/304 283/283 276/276
f 282/282 294/294 290/290
f 284/284 283/283 306/306
f 342/342 333/333 335/335
f 316/316 347/347 343/343
f 356/356 355/355 243/243
f 357/357 244/244 248/248
f 360/360 248/248 246/246
f 364/364 365/365 358/358
f 358/358 366/366 363/363
f 366/366 367/367 360/360
f 385/385 399/399 391/391
f 390/390 398/398 393/393
f 401/401 395/395 404/404
f 357/357 372/372 361/361
f 380/380 398/398 416/416
f 380/380 417/417 398/398
f 422/422 423/423 424/424
f 423/423 425/425 424/424
f 426/426 427/427 428/428
f 425/425 426/426 428/428
f 429/429 423/423 422/422
f 430/430 431/431 422/422
f 427/427 432/432 428/428
f 432/432 433/433 428/428
f 432/432 434/434 433/433
f 434/434 435/435 433/433
f 435/435 436/436 433/433
f 437/437 431/431 430/430
f 438/438 437/437 430/430
f 435/435 439/439 436/436
f 440/440 437/437 438/438
f 441/441 442/442 429/429
f 443/443 442/442 441/441
f 444/444 445/445 446/446
f 447/447 443/443 448/448
f 449/449 444/444 450/450
f 444/444 451/451 450/450
f 444/444 452/452 451/451
f 445/445 444/444 449/449
f 453/453 442/442 454/454
f 442/442 447/447 454/454
f 455/455 456/456 457/457
f 458/458 459/459 457/457
f 459/459 455/455 457/457
f 456/456 460/460 461/461
f 460/460 462/462 461/461
f 451/451 459/459 458/458
f 460/460 453/453 462/462
f 463/463 464/464 465/465
f 466/466 467/467 468/468
f 469/469 467/467 466/466
f 470/470 469/469 466/466
f 471/471 472/472 464/464
f 457/457 461/461 424/424
f 424/424 458/458 457/457
f 462/462 473/473 461/461
f 458/458 471/471 464/464
f 430/430 462/462 469/469
f 470/470 430/430 469/469
f 424/424 471/471 458/458
f 430/430 473/473 462/462
f 474/474 475/475 476/476
f 474/474 477/477 475/475
f 478/478 479/479 480/480
f 481/481 478/478 480/480
f 482/482 483/483 476/476
f 484/484 483/483 482/482
f 484/484 485/485 483/483
f 479/479 486/486 470/470
f 487/487 486/486 479/479
f 488/488 487/487 479/479
f 489/489 487/487 488/488
f 483/483 474/474 476/476
f 485/485 474/474 483/483
f 478/478 488/488 479/479
f 489/489 488/488 478/478
f 490/490 447/447 491/491
f 447/447 438/438 491/491
f 436/436 492/492 493/493
f 445/445 492/492 436/436
f 494/494 495/495 496/496
f 497/497 498/498 499/499
f 495/495 500/500 496/496
f 501/501 498/498 497/497
f 501/501 502/502 498/498
f 503/503 500/500 495/495
f 504/504 500/500 503/503
f 501/501 505/505 502/502
f 504/504 506/506 500/500
f 506/506 507/507 500/500
f 508/508 509/509 501/501
f 509/509 505/505 501/501
f 506/506 510/510 507/507
f 511/511 509/509 508/508
f 512/512 511/511 508/508
f 511/511 513/513 509/509
f 514/514 510/510 506/506
f 510/510 515/515 507/507
f 516/516 511/511 512/512
f 510/510 517/517 515/515
f 518/518 516/516 512/512
f 517/517 519/519 515/515
f 481/481 516/516 518/518
f 477/477 519/519 517/517
f 520/520 481/481 518/518
f 474/474 519/519 477/477
f 520/520 521/521 481/481
f 521/521 478/478 481/481
f 522/522 519/519 474/474
f 522/522 523/523 519/519
f 524/524 521/521 520/520
f 522/522 525/525 523/523
f 526/526 523/523 525/525
f 526/526 527/527 523/523
f 528/528 524/524 529/529
f 530/530 528/528 529/529
f 526/526 531/531 527/527
f 530/530 531/531 528/528
f 531/531 530/530 527/527
f 532/532 533/533 534/534
f 535/535 536/536 534/534
f 537/537 495/495 536/536
f 538/538 539/539 540/540
f 541/541 542/542 538/538
f 542/542 539/539 538/538
f 539/539 543/543 540/540
f 539/539 544/544 543/543
f 545/545 543/543 544/544
f 546/546 545/545 544/544
f 541/541 546/546 542/542
f 547/547 545/545 546/546
f 541/541 547/547 546/546
f 548/548 549/549 550/550
f 549/549 551/551 550/550
f 552/552 553/553 554/554
f 553/553 555/555 556/556
f 550/550 557/557 558/558
f 559/559 554/554 556/556
f 560/560 561/561 562/562
f 561/561 563/563 564/564
f 565/565 566/566 567/567
f 566/566 568/568 569/569
f 563/563 561/561 560/560
f 570/570 566/566 565/565
f 568/568 566/566 570/570
f 571/571 568/568 570/570
f 572/572 573/573 574/574
f 575/575 576/576 577/577
f 576/576 572/572 577/577
f 578/578 576/576 575/575
f 578/578 579/579 576/576
f 580/580 581/581 582/582
f 583/583 584/584 582/582
f 581/581 583/583 582/582
f 585/585 581/581 580/580
f 586/586 584/584 583/583
f 587/587 588/588 589/589
f 590/590 591/591 592/592
f 587/587 593/593 588/588
f 594/594 591/591 590/590
f 594/594 595/595 591/591
f 587/587 596/596 593/593
f 595/595 597/597 591/591
f 598/598 599/599 595/595
f 577/577 600/600 596/596
f 600/600 601/601 596/596
f 602/602 577/577 596/596
f 599/599 582/582 597/597
f 582/582 603/603 597/597
f 604/604 599/599 598/598
f 605/605 575/575 602/602
f 575/575 577/577 602/602
f 584/584 603/603 582/582
f 578/578 575/575 605/605
f 584/584 606/606 603/603
f 607/607 578/578 605/605
f 584/584 468/468 608/608
f 607/607 609/609 578/578
f 607/607 610/610 609/609
f 611/611 610/610 607/607
f 468/468 612/612 608/608
f 612/612 613/613 608/608
f 613/613 614/614 608/608
f 615/615 611/611 607/607
f 616/616 615/615 607/607
f 617/617 614/614 613/613
f 617/617 616/616 614/614
f 615/615 616/616 617/617
f 492/492 618/618 493/493
f 619/619 482/482 618/618
f 619/619 484/484 482/482
f 620/620 484/484 619/619
f 492/492 620/620 618/618
f 621/621 484/484 620/620
f 492/492 621/621 620/620
f 622/622 491/491 486/486
f 622/622 490/490 491/491
f 623/623 622/622 486/486
f 487/487 623/623 486/486
f 624/624 623/623 487/487
f 487/487 625/625 624/624
f 626/626 490/490 622/622
f 625/625 626/626 624/624
f 625/625 490/490 626/626
f 627/627 628/628 499/499
f 498/498 627/627 499/499
f 629/629 630/630 631/631
f 632/632 629/629 631/631
f 633/633 632/632 631/631
f 634/634 632/632 633/633
f 635/635 630/630 629/629
f 634/634 636/636 635/635
f 636/636 630/630 635/635
f 548/548 637/637 638/638
f 549/549 548/548 638/638
f 639/639 549/549 638/638
f 640/640 641/641 638/638
f 642/642 600/600 643/643
f 643/643 644/644 642/642
f 604/604 645/645 599/599
f 646/646 647/647 604/604
f 640/640 567/567 641/641
f 567/567 648/648 641/641
f 649/649 549/549 639/639
f 567/567 646/646 648/648
f 642/642 601/601 600/600
f 642/642 649/649 601/601
f 646/646 650/650 647/647
f 547/547 555/555 644/644
f 630/630 647/647 650/650
f 630/630 636/636 647/647
f 651/651 652/652 653/653
f 652/652 654/654 503/503
f 502/502 655/655 656/656
f 558/558 657/657 658/658
f 658/658 659/659 558/558
f 660/660 571/571 661/661
f 570/570 658/658 661/661
f 571/571 570/570 661/661
f 558/558 662/662 657/657
f 651/651 662/662 663/663
f 571/571 660/660 656/656
f 664/664 571/571 655/655
f 665/665 664/664 655/655
f 652/652 666/666 654/654
f 667/667 666/666 652/652
f 667/667 540/540 666/666
f 496/496 668/668 669/669
f 670/670 671/671 672/672
f 671/671 497/497 672/672
f 673/673 674/674 496/496
f 674/674 668/668 496/496
f 674/674 675/675 668/668
f 676/676 673/673 496/496
f 677/677 676/676 496/496
f 678/678 679/679 497/497
f 671/671 678/678 497/497
f 670/670 592/592 680/680
f 681/681 668/668 675/675
f 682/682 679/679 678/678
f 683/683 681/681 675/675
f 679/679 684/684 497/497
f 676/676 683/683 673/673
f 680/680 685/685 682/682
f 685/685 679/679 682/682
f 676/676 681/681 683/683
f 592/592 685/685 680/680
f 686/686 687/687 677/677
f 687/687 688/688 677/677
f 688/688 676/676 677/677
f 679/679 689/689 684/684
f 688/688 690/690 676/676
f 690/690 691/691 681/681
f 685/685 692/692 679/679
f 692/692 689/689 679/679
f 693/693 692/692 685/685
f 689/689 694/694 684/684
f 695/695 691/691 690/690
f 686/686 695/695 687/687
f 696/696 684/684 694/694
f 686/686 697/697 695/695
f 698/698 691/691 695/695
f 699/699 694/694 693/693
f 685/685 699/699 693/693
f 699/699 696/696 694/694
f 697/697 698/698 695/695
f 700/700 699/699 603/603
f 701/701 702/702 697/697
f 702/702 691/691 698/698
f 703/703 696/696 699/699
f 700/700 703/703 699/699
f 702/702 605/605 691/691
f 704/704 700/700 603/603
f 606/606 704/704 603/603
f 705/705 605/605 702/702
f 706/706 605/605 705/705
f 707/707 708/708 697/697
f 708/708 701/701 697/697
f 703/703 709/709 696/696
f 707/707 710/710 705/705
f 708/708 707/707 705/705
f 711/711 712/712 704/704
f 606/606 711/711 704/704
f 712/712 709/709 703/703
f 713/713 714/714 711/711
f 711/711 709/709 712/712
f 710/710 715/715 706/706
f 715/715 716/716 706/706
f 717/717 709/709 711/711
f 714/714 718/718 711/711
f 718/718 717/717 711/711
f 719/719 720/720 721/721
f 721/721 714/714 713/713
f 722/722 723/723 716/716
f 723/723 724/724 716/716
f 724/724 725/725 716/716
f 725/725 719/719 716/716
f 726/726 720/720 719/719
f 725/725 726/726 719/719
f 707/707 727/727 710/710
f 728/728 727/727 707/707
f 729/729 717/717 718/718
f 720/720 730/730 721/721
f 728/728 723/723 722/722
f 727/727 728/728 722/722
f 730/730 717/717 729/729
f 723/723 731/731 724/724
f 732/732 720/720 726/726
f 728/728 733/733 723/723
f 733/733 731/731 723/723
f 732/732 730/730 720/720
f 733/733 730/730 732/732
f 733/733 732/732 731/731
f 426/426 734/734 735/735
f 735/735 432/432 427/427
f 452/452 734/734 426/426
f 448/448 736/736 737/737
f 440/440 737/737 437/437
f 736/736 448/448 443/443
f 738/738 434/434 432/432
f 738/738 444/444 434/434
f 444/444 738/738 452/452
f 739/739 439/439 435/435
f 739/739 446/446 439/439
f 446/446 739/739 444/444
f 740/740 441/441 741/741
f 740/740 741/741 437/437
f 437/437 741/741 431/431
f 740/740 443/443 441/441
f 742/742 429/429 743/743
f 431/431 744/744 422/422
f 431/431 743/743 744/744
f 742/742 441/441 429/429
f 426/426 735/735 427/427
f 452/452 738/738 432/432
f 444/444 739/739 435/435
f 448/448 737/737 440/440
f 447/447 448/448 440/440
f 438/438 447/447 440/440
f 736/736 443/443 437/437
f 737/737 736/736 437/437
f 443/443 740/740 437/437
f 741/741 441/441 431/431
f 441/441 742/742 431/431
f 744/744 429/429 422/422
f 743/743 429/429 744/744
f 735/735 734/734 432/432
f 734/734 452/452 432/432
f 444/444 435/435 434/434
f 446/446 436/436 439/439
f 446/446 445/445 436/436
f 745/745 506/506 746/746
f 543/543 745/745 746/746
f 545/545 745/745 543/543
f 745/745 644/644 506/506
f 545/545 547/547 745/745
f 547/547 644/644 745/745
f 666/666 504/504 654/654
f 543/543 666/666 540/540
f 666/666 746/746 504/504
f 543/543 746/746 666/666
f 746/746 506/506 504/504
f 747/747 748/748 509/509
f 747/747 749/749 748/748
f 749/749 750/750 748/748
f 749/749 636/636 750/750
f 647/647 749/749 747/747
f 647/647 636/636 749/749
f 505/505 751/751 665/665
f 751/751 633/633 665/665
f 748/748 751/751 505/505
f 748/748 633/633 751/751
f 509/509 748/748 505/505
f 748/748 750/750 633/633
f 469/469 752/752 467/467
f 462/462 453/453 469/469
f 453/453 752/752 469/469
f 753/753 464/464 463/463
f 753/753 451/451 464/464
f 451/451 458/458 464/464
f 467/467 754/754 468/468
f 752/752 754/754 467/467
f 754/754 612/612 468/468
f 754/754 755/755 612/612
f 755/755 613/613 612/612
f 755/755 528/528 613/613
f 526/526 756/756 610/610
f 611/611 526/526 610/610
f 610/610 756/756 609/609
f 756/756 463/463 609/609
f 756/756 753/753 463/463
f 615/615 757/757 611/611
f 757/757 526/526 611/611
f 528/528 758/758 613/613
f 758/758 617/617 613/613
f 759/759 757/757 615/615
f 758/758 759/759 617/617
f 759/759 615/615 617/617
f 760/760 526/526 757/757
f 528/528 761/761 758/758
f 531/531 526/526 760/760
f 531/531 760/760 761/761
f 528/528 531/531 761/761
f 714/714 762/762 763/763
f 763/763 718/718 714/714
f 714/714 721/721 762/762
f 721/721 764/764 762/762
f 763/763 729/729 718/718
f 721/721 729/729 764/764
f 764/764 729/729 763/763
f 764/764 763/763 762/762
f 710/710 765/765 766/766
f 766/766 715/715 710/710
f 710/710 727/727 765/765
f 766/766 722/722 715/715
f 727/727 767/767 765/765
f 767/767 722/722 766/766
f 767/767 727/727 722/722
f 767/767 766/766 765/765
f 688/688 768/768 769/769
f 769/769 690/690 688/688
f 688/688 687/687 768/768
f 769/769 695/695 690/690
f 687/687 695/695 768/768
f 692/692 770/770 689/689
f 771/771 694/694 689/689
f 692/692 693/693 770/770
f 693/693 694/694 771/771
f 771/771 689/689 770/770
f 693/693 771/771 770/770
f 695/695 769/769 768/768
f 485/485 522/522 474/474
f 485/485 772/772 522/522
f 772/772 525/525 522/522
f 521/521 489/489 478/478
f 524/524 489/489 521/521
f 773/773 772/772 485/485
f 484/484 773/773 485/485
f 621/621 773/773 484/484
f 449/449 772/772 773/773
f 621/621 449/449 773/773
f 445/445 449/449 621/621
f 450/450 753/753 772/772
f 753/753 525/525 772/772
f 449/449 450/450 772/772
f 489/489 774/774 487/487
f 454/454 774/774 489/489
f 454/454 775/775 774/774
f 454/454 489/489 524/524
f 514/514 506/506 644/644
f 513/513 747/747 509/509
f 513/513 647/647 747/747
f 657/657 639/639 638/638
f 641/641 661/661 776/776
f 641/641 648/648 661/661
f 777/777 778/778 639/639
f 648/648 660/660 661/661
f 648/648 779/779 660/660
f 649/649 639/639 778/778
f 648/648 604/604 779/779
f 601/601 777/777 593/593
f 601/601 778/778 777/777
f 601/601 649/649 778/778
f 598/598 595/595 594/594
f 660/660 779/779 594/594
f 604/604 598/598 779/779
f 555/555 538/538 556/556
f 555/555 541/541 538/538
f 630/630 563/563 631/631
f 630/630 564/564 563/563
f 640/640 659/659 565/565
f 640/640 637/637 659/659
f 780/780 781/781 782/782
f 783/783 784/784 663/663
f 781/781 569/569 568/568
f 782/782 781/781 568/568
f 780/780 782/782 560/560
f 558/558 659/659 637/637
f 551/551 663/663 557/557
f 551/551 783/783 663/663
f 784/784 783/783 559/559
f 785/785 786/786 787/787
f 788/788 786/786 785/785
f 787/787 789/789 785/785
f 789/789 539/539 785/785
f 542/542 785/785 539/539
f 786/786 544/544 787/787
f 544/544 789/789 787/787
f 542/542 788/788 785/785
f 546/546 788/788 542/542
f 788/788 546/546 786/786
f 546/546 544/544 786/786
f 789/789 544/544 539/539
f 790/790 791/791 792/792
f 790/790 793/793 791/791
f 619/619 790/790 792/792
f 618/618 790/790 619/619
f 791/791 794/794 792/792
f 794/794 619/619 792/792
f 618/618 793/793 790/790
f 795/795 793/793 618/618
f 620/620 794/794 791/791
f 795/795 791/791 793/793
f 620/620 791/791 795/795
f 794/794 620/620 619/619
f 620/620 795/795 618/618
f 673/673 796/796 674/674
f 796/796 797/797 674/674
f 798/798 675/675 674/674
f 799/799 675/675 798/798
f 799/799 796/796 673/673
f 799/799 683/683 675/675
f 683/683 799/799 673/673
f 797/797 796/796 800/800
f 801/801 799/799 798/798
f 800/800 535/535 797/797
f 535/535 533/533 797/797
f 796/796 802/802 800/800
f 802/802 535/535 800/800
f 533/533 798/798 797/797
f 803/803 798/798 533/533
f 803/803 801/801 798/798
f 796/796 537/537 802/802
f 803/803 804/804 801/801
f 799/799 537/537 796/796
f 804/804 537/537 801/801
f 537/537 799/799 801/801
f 805/805 806/806 671/671
f 806/806 678/678 671/671
f 807/807 678/678 806/806
f 680/680 805/805 671/671
f 807/807 682/682 678/678
f 808/808 682/682 807/807
f 808/808 805/805 680/680
f 808/808 680/680 682/682
f 806/806 805/805 809/809
f 810/810 808/808 807/807
f 809/809 811/811 806/806
f 811/811 628/628 806/806
f 628/628 807/807 806/806
f 805/805 812/812 809/809
f 812/812 811/811 809/809
f 627/627 807/807 628/628
f 627/627 810/810 807/807
f 805/805 813/813 812/812
f 808/808 813/813 805/805
f 627/627 813/813 810/810
f 813/813 808/808 810/810
f 814/814 703/703 700/700
f 704/704 815/815 700/700
f 815/815 814/814 700/700
f 816/816 703/703 814/814
f 817/817 815/815 704/704
f 712/712 817/817 704/704
f 816/816 712/712 703/703
f 817/817 712/712 816/816
f 814/814 815/815 818/818
f 819/819 817/817 816/816
f 818/818 581/581 814/814
f 583/583 581/581 818/818
f 820/820 814/814 581/581
f 820/820 816/816 814/814
f 815/815 583/583 818/818
f 586/586 583/583 815/815
f 821/821 819/819 816/816
f 820/820 821/821 816/816
f 817/817 586/586 815/815
f 817/817 466/466 586/586
f 819/819 466/466 817/817
f 479/479 470/470 466/466
f 466/466 819/819 821/821
f 724/724 757/757 725/725
f 757/757 759/759 725/725
f 759/759 726/726 725/725
f 758/758 726/726 759/759
f 731/731 760/760 724/724
f 760/760 757/757 724/724
f 758/758 761/761 726/726
f 761/761 760/760 731/731
f 701/701 822/822 702/702
f 822/822 823/823 702/702
f 824/824 702/702 823/823
f 824/824 705/705 702/702
f 825/825 705/705 824/824
f 708/708 822/822 701/701
f 825/825 708/708 705/705
f 825/825 822/822 708/708
f 823/823 822/822 826/826
f 827/827 828/828 829/829
f 572/572 829/829 823/823
f 830/830 572/572 823/823
f 826/826 830/830 823/823
f 576/576 829/829 572/572
f 826/826 831/831 830/830
f 822/822 831/831 826/826
f 579/579 827/827 829/829
f 576/576 579/579 829/829
f 465/465 827/827 579/579
f 828/828 831/831 822/822
f 828/828 475/475 831/831
f 465/465 828/828 827/827
f 472/472 828/828 465/465
f 476/476 472/472 482/482
f 476/476 475/475 828/828
f 472/472 476/476 828/828
f 832/832 833/833 672/672
f 497/497 832/832 672/672
f 497/497 499/499 832/832
f 833/833 670/670 672/672
f 834/834 592/592 670/670
f 833/833 834/834 670/670
f 834/834 590/590 592/592
f 532/532 534/534 669/669
f 494/494 496/496 669/669
f 534/534 494/494 669/669
f 668/668 532/532 669/669
f 668/668 835/835 532/532
f 589/589 835/835 668/668
f 500/500 677/677 496/496
f 684/684 501/501 497/497
f 507/507 677/677 500/500
f 684/684 508/508 501/501
f 507/507 686/686 677/677
f 684/684 512/512 508/508
f 507/507 515/515 686/686
f 515/515 697/697 686/686
f 696/696 512/512 684/684
f 696/696 518/518 512/512
f 515/515 519/519 697/697
f 519/519 707/707 697/697
f 709/709 518/518 696/696
f 717/717 518/518 709/709
f 717/717 520/520 518/518
f 519/519 523/523 707/707
f 523/523 728/728 707/707
f 717/717 529/529 520/520
f 730/730 529/529 717/717
f 523/523 527/527 728/728
f 527/527 733/733 728/728
f 730/730 530/530 529/529
f 733/733 530/530 730/730
f 527/527 530/530 733/733
f 681/681 589/589 668/668
f 587/587 589/589 681/681
f 691/691 587/587 681/681
f 591/591 685/685 592/592
f 596/596 587/587 691/691
f 597/597 685/685 591/591
f 691/691 602/602 596/596
f 603/603 685/685 597/597
f 691/691 605/605 602/602
f 608/608 713/713 606/606
f 706/706 607/607 605/605
f 614/614 713/713 608/608
f 716/716 607/607 706/706
f 716/716 616/616 607/607
f 719/719 713/713 614/614
f 616/616 719/719 614/614
f 719/719 616/616 716/716
f 425/425 423/423 455/455
f 423/423 456/456 455/455
f 429/429 456/456 423/423
f 480/480 479/479 466/466
f 586/586 468/468 584/584
f 466/466 468/468 586/586
f 609/609 579/579 578/578
f 609/609 465/465 579/579
f 463/463 465/465 609/609
f 481/481 480/480 821/821
f 821/821 480/480 466/466
f 477/477 831/831 475/475
f 645/645 580/580 599/599
f 580/580 582/582 599/599
f 574/574 643/643 600/600
f 577/577 574/574 600/600
f 830/830 573/573 572/572
f 831/831 573/573 830/830
f 585/585 820/820 581/581
f 585/585 821/821 820/820
f 499/499 628/628 811/811
f 812/812 834/834 811/811
f 590/590 834/834 812/812
f 813/813 590/590 812/812
f 798/798 674/674 797/797
f 533/533 535/535 534/534
f 802/802 536/536 535/535
f 835/835 803/803 532/532
f 803/803 533/533 532/532
f 537/537 536/536 802/802
f 835/835 804/804 803/803
f 829/829 824/824 823/823
f 829/829 825/825 824/824
f 828/828 825/825 829/829
f 825/825 828/828 822/822
f 498/498 813/813 627/627
f 502/502 813/813 498/498
f 502/502 656/656 813/813
f 804/804 653/653 537/537
f 653/653 503/503 537/537
f 537/537 503/503 495/495
f 505/505 665/665 655/655
f 502/502 505/505 655/655
f 811/811 833/833 832/832
f 499/499 811/811 832/832
f 811/811 834/834 833/833
f 656/656 594/594 813/813
f 594/594 590/590 813/813
f 660/660 594/594 656/656
f 657/657 776/776 658/658
f 776/776 661/661 658/658
f 777/777 657/657 662/662
f 593/593 777/777 651/651
f 651/651 777/777 662/662
f 588/588 651/651 653/653
f 588/588 593/593 651/651
f 835/835 588/588 804/804
f 588/588 653/653 804/804
f 536/536 494/494 534/534
f 536/536 495/495 494/494
f 654/654 504/504 503/503
f 836/836 837/837 838/838
f 836/836 839/839 837/837
f 632/632 836/836 838/838
f 840/840 836/836 632/632
f 837/837 629/629 838/838
f 629/629 632/632 838/838
f 840/840 839/839 836/836
f 841/841 839/839 840/840
f 635/635 629/629 837/837
f 841/841 837/837 839/839
f 635/635 837/837 841/841
f 634/634 840/840 632/632
f 634/634 841/841 840/840
f 635/635 841/841 634/634
f 842/842 843/843 844/844
f 845/845 843/843 842/842
f 844/844 622/622 842/842
f 622/622 623/623 842/842
f 624/624 842/842 623/623
f 843/843 846/846 844/844
f 846/846 622/622 844/844
f 624/624 845/845 842/842
f 626/626 846/846 843/843
f 626/626 845/845 624/624
f 845/845 626/626 843/843
f 626/626 622/622 846/846
f 429/429 460/460 456/456
f 442/442 453/453 429/429
f 455/455 459/459 425/425
f 451/451 426/426 459/459
f 451/451 452/452 426/426
f 573/573 510/510 574/574
f 573/573 517/517 510/510
f 831/831 477/477 573/573
f 477/477 517/517 573/573
f 643/643 574/574 510/510
f 514/514 643/643 510/510
f 514/514 644/644 643/643
f 645/645 513/513 511/511
f 645/645 647/647 513/513
f 511/511 580/580 645/645
f 511/511 516/516 580/580
f 516/516 585/585 580/580
f 481/481 821/821 585/585
f 516/516 481/481 585/585
f 541/541 555/555 547/547
f 667/667 538/538 540/540
f 642/642 553/553 552/552
f 642/642 847/847 553/553
f 847/847 555/555 553/553
f 556/556 538/538 667/667
f 783/783 642/642 552/552
f 649/649 783/783 551/551
f 649/649 642/642 783/783
f 556/556 667/667 652/652
f 559/559 556/556 652/652
f 549/549 649/649 551/551
f 663/663 784/784 652/652
f 784/784 559/559 652/652
f 557/557 663/663 662/662
f 569/569 646/646 567/567
f 781/781 646/646 569/569
f 558/558 557/557 662/662
f 780/780 646/646 781/781
f 562/562 650/650 780/780
f 650/650 646/646 780/780
f 564/564 630/630 562/562
f 630/630 650/650 562/562
f 565/565 659/659 658/658
f 636/636 634/634 750/750
f 570/570 565/565 658/658
f 633/633 631/631 665/665
f 750/750 634/634 633/633
f 631/631 664/664 665/665
f 782/782 568/568 571/571
f 631/631 563/563 664/664
f 560/560 782/782 571/571
f 664/664 560/560 571/571
f 563/563 560/560 664/664
f 493/493 482/482 472/472
f 492/492 445/445 621/621
f 436/436 493/493 472/472
f 473/473 422/422 424/424
f 428/428 471/471 424/424
f 430/430 422/422 473/473
f 433/433 472/472 471/471
f 428/428 433/433 471/471
f 470/470 438/438 430/430
f 433/433 436/436 472/472
f 491/491 438/438 470/470
f 447/447 442/442 443/443
f 486/486 491/491 470/470
f 774/774 625/625 487/487
f 775/775 625/625 774/774
f 775/775 490/490 625/625
f 775/775 447/447 490/490
f 450/450 451/451 753/753
f 453/453 454/454 752/752
f 526/526 525/525 756/756
f 524/524 755/755 754/754
f 524/524 528/528 755/755
f 754/754 752/752 524/524
f 525/525 753/753 756/756
f 425/425 428/428 424/424
f 447/447 775/775 454/454
f 456/456 461/461 457/457
f 464/464 472/472 465/465
f 461/461 473/473 424/424
f 524/524 520/520 529/529
f 548/548 550/550 558/558
f 551/551 557/557 550/550
f 552/552 554/554 559/559
f 553/553 556/556 554/554
f 560/560 562/562 780/780
f 561/561 564/564 562/562
f 565/565 567/567 640/640
f 566/566 569/569 567/567
f 572/572 574/574 577/577
f 588/588 835/835 589/589
f 596/596 601/601 593/593
f 599/599 597/597 595/595
f 584/584 608/608 606/606
f 482/482 493/493 618/618
f 637/637 640/640 638/638
f 644/644 847/847 642/642
f 647/647 645/645 604/604
f 646/646 604/604 648/648
f 555/555 847/847 644/644
f 652/652 503/503 653/653
f 655/655 571/571 656/656
f 651/651 663/663 652/652
f 670/670 680/680 671/671
f 690/690 681/681 676/676
f 699/699 685/685 603/603
f 702/702 698/698 697/697
f 710/710 706/706 705/705
f 713/713 711/711 606/606
f 719/719 721/721 713/713
f 722/722 716/716 715/715
f 730/730 729/729 721/721
f 742/742 743/743 431/431
f 657/657 638/638 776/776
f 641/641 776/776 638/638
f 777/777 639/639 657/657
f 779/779 598/598 594/594
f 558/558 637/637 548/548
f 783/783 552/552 559/559
f 761/761 732/732 726/726
f 761/761 731/731 732/732
f 453/453 460/460 429/429
f 459/459 426/426 425/425
f 752/752 454/454 524/524
f 848/848 849/849 850/850
f 851/851 852/852 853/853
f 854/854 851/851 853/853
f 849/849 855/855 856/856
f 857/857 858/858 852/852
f 851/851 857/857 852/852
f 855/855 859/859 860/860
f 857/857 861/861 858/858
f 861/861 862/862 858/858
f 859/859 863/863 864/864
f 861/861 865/865 862/862
f 863/863 866/866 867/867
f 865/865 868/868 869/869
f 866/866 870/870 871/871
f 868/868 872/872 873/873
f 870/870 874/874 871/871
f 872/872 875/875 873/873
f 876/876 877/877 878/878
f 876/876 879/879 877/877
f 879/879 880/880 877/877
f 881/881 876/876 878/878
f 882/882 883/883 881/881
f 884/884 880/880 879/879
f 883/883 880/880 884/884
f 882/882 881/881 878/878
f 885/885 886/886 848/848
f 886/886 887/887 848/848
f 888/888 885/885 848/848
f 886/886 882/882 887/887
f 889/889 882/882 886/886
f 890/890 882/882 889/889
f 888/888 889/889 885/885
f 888/888 890/890 889/889
f 891/891 892/892 893/893
f 892/892 854/854 894/894
f 895/895 891/891 893/893
f 896/896 891/891 895/895
f 897/897 854/854 892/892
f 896/896 897/897 891/891
f 896/896 854/854 897/897
f 898/898 895/895 899/899
f 898/898 900/900 895/895
f 901/901 902/902 903/903
f 902/902 904/904 903/903
f 901/901 905/905 902/902
f 904/904 899/899 903/903
f 899/899 895/895 903/903
f 906/906 907/907 902/902
f 907/907 900/900 898/898
f 906/906 900/900 907/907
f 877/877 880/880 908/908
f 909/909 910/910 905/905
f 911/911 908/908 912/912
f 913/913 914/914 910/910
f 915/915 912/912 916/916
f 917/917 918/918 914/914
f 919/919 916/916 920/920
f 921/921 922/922 918/918
f 923/923 920/920 924/924
f 925/925 926/926 922/922
f 927/927 924/924 928/928
f 929/929 928/928 926/926
f 906/906 854/854 896/896
f 905/905 851/851 906/906
f 910/910 851/851 905/905
f 867/867 920/920 916/916
f 894/894 903/903 893/893
f 849/849 848/848 887/887
f 878/878 849/849 887/887
f 853/853 903/903 894/894
f 853/853 852/852 903/903
f 911/911 855/855 849/849
f 859/859 855/855 911/911
f 930/930 917/917 913/913
f 929/929 925/925 921/921
f 902/902 931/931 904/904
f 902/902 907/907 931/931
f 904/904 931/931 899/899
f 907/907 898/898 931/931
f 899/899 892/892 891/891
f 931/931 892/892 899/899
f 931/931 897/897 892/892
f 898/898 899/899 891/891
f 897/897 898/898 891/891
f 898/898 897/897 931/931
f 932/932 879/879 876/876
f 933/933 879/879 932/932
f 884/884 879/879 933/933
f 881/881 932/932 876/876
f 884/884 933/933 932/932
f 883/883 884/884 881/881
f 885/885 932/932 886/886
f 881/881 886/886 932/932
f 881/881 889/889 886/886
f 884/884 932/932 885/885
f 884/884 889/889 881/881
f 889/889 884/884 885/885
f 882/882 878/878 887/887
f 890/890 883/883 882/882
f 880/880 883/883 890/890
f 888/888 880/880 890/890
f 900/900 896/896 895/895
f 906/906 896/896 900/900
f 895/895 893/893 903/903
f 860/860 912/912 908/908
f 860/860 916/916 912/912
f 928/928 922/922 926/926
f 878/878 877/877 849/849
f 852/852 901/901 903/903
f 877/877 911/911 849/849
f 909/909 901/901 852/852
f 915/915 859/859 911/911
f 915/915 919/919 859/859
f 850/850 880/880 888/888
f 906/906 851/851 854/854
f 856/856 908/908 850/850
f 908/908 880/880 850/850
f 860/860 908/908 856/856
f 851/851 910/910 857/857
f 910/910 861/861 857/857
f 910/910 914/914 861/861
f 864/864 916/916 860/860
f 914/914 865/865 861/861
f 867/867 916/916 864/864
f 914/914 918/918 865/865
f 918/918 868/868 865/865
f 871/871 920/920 867/867
f 924/924 920/920 871/871
f 918/918 922/922 868/868
f 922/922 872/872 868/868
f 875/875 924/924 871/871
f 928/928 924/924 875/875
f 922/922 928/928 872/872
f 928/928 875/875 872/872
f 852/852 858/858 909/909
f 858/858 913/913 909/909
f 863/863 859/859 919/919
f 862/862 930/930 913/913
f 858/858 862/862 913/913
f 866/866 863/863 919/919
f 923/923 866/866 919/919
f 870/870 866/866 923/923
f 869/869 921/921 917/917
f 930/930 869/869 917/917
f 927/927 870/870 923/923
f 874/874 870/870 927/927
f 873/873 929/929 921/921
f 869/869 873/873 921/921
f 929/929 874/874 927/927
f 873/873 874/874 929/929
f 854/854 853/853 894/894
f 848/848 850/850 888/888
f 849/849 856/856 850/850
f 855/855 860/860 856/856
f 859/859 864/864 860/860
f 865/865 930/930 862/862
f 863/863 867/867 864/864
f 865/865 869/869 930/930
f 866/866 871/871 867/867
f 868/868 873/873 869/869
f 874/874 875/875 871/871
f 875/875 874/874 873/873
f 892/892 894/894 893/893
f 905/905 906/906 902/902
f 877/877 908/908 911/911
f 909/909 905/905 901/901
f 911/911 912/912 915/915
f 913/913 910/910 909/909
f 915/915 916/916 919/919
f 917/917 914/914 913/913
f 919/919 920/920 923/923
f 921/921 918/918 917/917
f 923/923 924/924 927/927
f 925/925 922/922 921/921
f 927/927 928/928 929/929
f 929/929 926/926 925/925
f 934/934 935/935 936/936
f 937/937 934/934 936/936
f 934/934 938/938 935/935
f 938/938 939/939 940/940
f 941/941 942/942 939/939
f 939/939 943/943 941/941
f 944/944 945/945 941/941
f 943/943 944/944 941/941
f 946/946 947/947 945/945
f 944/944 946/946 945/945
f 946/946 948/948 947/947
f 936/936 949/949 950/950
f 936/936 935/935 949/949
f 935/935 940/940 949/949
f 940/940 942/942 949/949
f 941/941 951/951 942/942
f 941/941 945/945 951/951
f 945/945 947/947 951/951
f 952/952 953/953 954/954
f 955/955 953/953 952/952
f 954/954 956/956 957/957
f 955/955 958/958 953/953
f 959/959 956/956 954/954
f 960/960 956/956 959/959
f 955/955 960/960 958/958
f 961/961 936/936 957/957
f 962/962 961/961 957/957
f 961/961 937/937 936/936
f 956/956 962/962 957/957
f 956/956 963/963 962/962
f 963/963 964/964 961/961
f 964/964 937/937 961/961
f 956/956 964/964 963/963
f 965/965 966/966 967/967
f 966/966 968/968 969/969
f 970/970 969/969 971/971
f 972/972 970/970 971/971
f 973/973 970/970 972/972
f 974/974 973/973 972/972
f 974/974 975/975 973/973
f 976/976 977/977 975/975
f 948/948 977/977 976/976
f 978/978 948/948 976/976
f 979/979 980/980 952/952
f 981/981 982/982 983/983
f 984/984 980/980 979/979
f 985/985 984/984 979/979
f 986/986 983/983 987/987
f 988/988 989/989 985/985
f 990/990 987/987 991/991
f 992/992 989/989 988/988
f 993/993 991/991 994/994
f 995/995 994/994 996/996
f 997/997 989/989 992/992
f 998/998 997/997 992/992
f 999/999 997/997 998/998
f 1000/1000 996/996 999/999
f 1001/1001 1002/1002 1003/1003
f 1002/1002 981/981 1003/1003
f 1002/1002 1004/1004 981/981
f 1004/1004 982/982 981/981
f 1005/1005 1001/1001 1003/1003
f 1006/1006 1001/1001 1005/1005
f 1005/1005 1007/1007 1006/1006
f 1007/1007 982/982 1004/1004
f 1008/1008 965/965 1009/1009
f 965/965 1010/1010 1009/1009
f 1010/1010 1011/1011 1009/1009
f 1011/1011 1005/1005 1009/1009
f 967/967 1010/1010 965/965
f 1012/1012 1005/1005 1011/1011
f 1013/1013 1005/1005 1012/1012
f 1010/1010 967/967 1013/1013
f 960/960 937/937 964/964
f 967/967 1007/1007 1013/1013
f 960/960 955/955 937/937
f 982/982 1007/1007 967/967
f 980/980 934/934 955/955
f 999/999 977/977 948/948
f 1003/1003 1008/1008 1009/1009
f 981/981 1008/1008 1003/1003
f 950/950 952/952 957/957
f 949/949 952/952 950/950
f 981/981 968/968 1008/1008
f 979/979 952/952 949/949
f 986/986 968/968 981/981
f 986/986 1014/1014 968/968
f 985/985 979/979 949/949
f 942/942 985/985 949/949
f 990/990 1014/1014 986/986
f 988/988 985/985 942/942
f 990/990 1015/1015 1014/1014
f 993/993 1015/1015 990/990
f 942/942 951/951 988/988
f 993/993 995/995 1015/1015
f 1000/1000 1016/1016 995/995
f 998/998 992/992 951/951
f 1000/1000 978/978 1016/1016
f 1000/1000 998/998 978/978
f 960/960 964/964 956/956
f 1013/1013 1007/1007 1005/1005
f 1005/1005 1003/1003 1009/1009
f 1008/1008 966/966 965/965
f 968/968 966/966 1008/1008
f 1014/1014 971/971 968/968
f 972/972 971/971 1014/1014
f 1014/1014 1015/1015 972/972
f 975/975 974/974 1015/1015
f 1016/1016 975/975 1015/1015
f 976/976 975/975 1016/1016
f 978/978 976/976 1016/1016
f 1017/1017 1001/1001 1011/1011
f 1010/1010 1017/1017 1011/1011
f 1001/1001 1012/1012 1011/1011
f 1006/1006 1012/1012 1001/1001
f 1018/1018 1017/1017 1010/1010
f 1018/1018 1012/1012 1006/1006
f 1012/1012 1018/1018 1010/1010
f 1017/1017 1002/1002 1001/1001
f 1017/1017 1004/1004 1002/1002
f 1018/1018 1004/1004 1017/1017
f 1007/1007 1004/1004 1018/1018
f 1007/1007 1018/1018 1006/1006
f 954/954 961/961 962/962
f 1019/1019 961/961 954/954
f 959/959 954/954 962/962
f 963/963 959/959 962/962
f 1020/1020 961/961 1019/1019
f 1020/1020 963/963 961/961
f 959/959 963/963 1020/1020
f 953/953 1019/1019 954/954
f 953/953 1020/1020 1019/1019
f 953/953 958/958 1020/1020
f 959/959 1020/1020 958/958
f 947/947 948/948 978/978
f 939/939 980/980 984/984
f 970/970 987/987 983/983
f 989/989 939/939 984/984
f 973/973 991/991 987/987
f 970/970 973/973 987/987
f 943/943 939/939 989/989
f 973/973 994/994 991/991
f 977/977 996/996 994/994
f 973/973 977/977 994/994
f 977/977 999/999 996/996
f 952/952 954/954 957/957
f 969/969 982/982 967/967
f 983/983 982/982 969/969
f 970/970 983/983 969/969
f 998/998 947/947 978/978
f 937/937 955/955 934/934
f 980/980 938/938 934/934
f 980/980 939/939 938/938
f 943/943 989/989 944/944
f 989/989 997/997 944/944
f 997/997 946/946 944/944
f 997/997 999/999 946/946
f 999/999 948/948 946/946
f 951/951 947/947 998/998
f 957/957 936/936 950/950
f 938/938 940/940 935/935
f 942/942 940/940 939/939
f 960/960 959/959 958/958
f 966/966 969/969 967/967
f 968/968 971/971 969/969
f 975/975 977/977 973/973
f 980/980 955/955 952/952
f 981/981 983/983 986/986
f 986/986 987/987 990/990
f 989/989 984/984 985/985
f 990/990 991/991 993/993
f 993/993 994/994 995/995
f 995/995 996/996 1000/1000
f 1000/1000 999/999 998/998
f 1010/1010 1013/1013 1012/1012
f 951/951 992/992 988/988
f 995/995 1016/1016 1015/1015
f 1015/1015 974/974 972/972

