# https://github.com/mikedh/trimesh
mtllib material.mtl
usemtl material_0
v -0.04781099 -0.07425680 0.02677795
v -0.04669269 -0.07352317 0.02383478
v -0.04699552 -0.06718644 0.02555097
v -0.04754653 -0.06705326 0.02808712
v -0.04781099 -0.07425680 0.02677795
v -0.04699552 -0.06718644 0.02555097
v -0.03451554 -0.12292840 -0.02360213
v -0.03954552 -0.11605640 -0.02663434
v -0.03325587 -0.12092670 -0.02775507
v -0.02446642 -0.05587710 0.03045411
v -0.02448256 -0.05034687 0.02387862
v -0.02449715 -0.04886013 0.02409961
v -0.04143307 -0.09134710 -0.03627475
v -0.04130468 -0.08149997 -0.03709384
v -0.04137379 -0.07815316 -0.03354096
v -0.02449124 -0.05373164 0.03023406
v -0.03411169 -0.07916607 0.04336464
v -0.03758875 -0.07274919 0.03916252
v -0.03350098 -0.07238375 0.04173511
v -0.03126989 -0.04675864 0.01419086
v -0.03124548 -0.04496497 0.01452409
v -0.02453093 -0.04545649 0.01420989
v -0.04048041 -0.10019271 0.03712930
v -0.03981917 -0.10208951 0.03675880
v -0.03295000 -0.10059460 0.03706198
v -0.04144400 -0.09996708 -0.01018466
v -0.04136067 -0.09530732 -0.01577588
v -0.04089792 -0.09574937 -0.01328279
v -0.02446639 -0.05504692 -0.02962392
v -0.02448375 -0.05127441 -0.02742259
v -0.02450803 -0.05044702 -0.02403749
v -0.04222786 -0.10563260 -0.00954275
v -0.04223765 -0.10867971 -0.00793355
v -0.04235251 -0.10674991 -0.00623819
v -0.03351747 -0.04158652 -0.00956046
v -0.04077304 -0.04601602 -0.00202746
v -0.03342089 -0.04056018 -0.00227574
v -0.04070169 -0.09142154 0.03917073
v -0.03461285 -0.08756060 0.04412734
v -0.04067524 -0.08319612 0.03952566
v -0.03451554 -0.12292840 -0.02360213
v -0.03709450 -0.12170311 -0.02139775
v -0.03954552 -0.11605640 -0.02663434
v -0.03998434 -0.07394549 -0.02380504
v -0.04302423 -0.07383197 -0.02287735
v -0.04179249 -0.07347847 -0.02139459
v -0.03664739 -0.11916111 -0.02296200
v -0.03711172 -0.07763762 -0.03088094
v -0.03568528 -0.07736734 -0.02838752
v -0.04221374 -0.07896325 0.03266115
v -0.04195215 -0.08242878 0.03728164
v -0.04222884 -0.07077179 0.03394173
v -0.03981917 -0.10208951 0.03675880
v -0.03296295 -0.10219810 0.03680093
v -0.03295000 -0.10059460 0.03706198
v -0.03731996 -0.12248160 0.01514063
v -0.03670913 -0.12225531 0.01659149
v -0.03703459 -0.07750209 0.02367228
v -0.04716152 -0.06791330 0.03027554
v -0.04781099 -0.07425680 0.02677795
v -0.04754653 -0.06705326 0.02808712
v -0.04236577 -0.10717801 0.00799033
v -0.04472000 -0.10872990 0.00831731
v -0.04468660 -0.10601271 0.00967041
v -0.02451028 -0.12803571 0.01101322
v -0.02447284 -0.12723781 0.00797767
v -0.02444911 -0.12694440 0.01360455
v -0.02449453 -0.05672487 -0.03309780
v -0.04220278 -0.10729011 -0.01258309
v -0.04218960 -0.07670730 0.01987978
v -0.04220198 -0.06665940 0.02155408
v -0.04223352 -0.06381990 0.02366206
v -0.04221508 -0.06344118 0.01626403
v -0.04010858 -0.07198347 0.03696053
v -0.04120875 -0.07769545 0.03656217
v -0.04038800 -0.06966140 0.03564369
v -0.04143021 -0.07391912 -0.01327663
v -0.04142334 -0.08181502 -0.01807438
v -0.04143140 -0.07550164 -0.01920308
v -0.04146297 -0.06636301 -0.02251221
v -0.04141292 -0.05393712 -0.01899323
v -0.04142972 -0.05202585 -0.00880476
v -0.03866635 -0.06808652 0.03725640
v -0.03538618 -0.06721305 0.03952735
v -0.03343666 -0.06037354 0.03730002
v -0.04156059 -0.10652661 -0.00544168
v -0.04137032 -0.11534340 -0.00798520
v -0.04144400 -0.09996708 -0.01018466
v -0.03755381 -0.07409668 -0.02428254
v -0.04142334 -0.08181502 -0.01807438
v -0.03828778 -0.07610155 -0.02078346
v -0.04143140 -0.07550164 -0.01920308
v -0.04222884 -0.07077179 0.03394173
v -0.04195215 -0.08242878 0.03728164
v -0.04080466 -0.07713134 0.03857685
v -0.03389770 -0.12735010 0.01294896
v -0.03412193 -0.12889310 0.00569467
v -0.03991900 -0.12427941 0.00699504
v -0.03295106 -0.04809650 -0.01757447
v -0.03295319 -0.04876476 -0.01553272
v -0.03294943 -0.04719480 -0.01405562
v -0.03409561 -0.05935703 -0.03517683
v -0.02842276 -0.05921621 -0.03511853
v -0.03404376 -0.05322811 -0.02959649
v -0.03760004 -0.09206067 0.01846886
v -0.03745305 -0.09098495 0.01618774
v -0.03745146 -0.08540278 0.01685640
v -0.01946547 -0.04623334 -0.02197295
v -0.03279376 -0.04543391 -0.02053871
v -0.03175754 -0.04303555 -0.01504825
v -0.03795290 -0.06707126 -0.00850921
v -0.03798194 -0.06489186 -0.00777716
v -0.03794362 -0.06512609 -0.00493276
v -0.04470713 -0.07885717 0.03161448
v -0.04718679 -0.07842289 0.02995071
v -0.04848813 -0.07796235 0.02694451
v -0.04671556 -0.07437080 0.03004323
v -0.04781099 -0.07425680 0.02677795
v -0.04716152 -0.06791330 0.03027554
v -0.03895350 -0.09212455 -0.01622447
v -0.03868536 -0.09324897 -0.01745088
v -0.03739914 -0.09181443 -0.01877610
v -0.03889674 -0.08493618 0.01785617
v -0.03745146 -0.08540278 0.01685640
v -0.04082633 -0.08153141 0.01626347
v -0.03749990 -0.09944108 -0.00123298
v -0.03774773 -0.09881025 0.00485807
v -0.03747201 -0.09471142 0.01053911
v -0.03749990 -0.08673299 0.01394107
v -0.03774773 -0.08064193 0.01331023
v -0.03747201 -0.07496090 0.00921142
v -0.02448456 -0.12930120 0.00208968
v -0.02447786 -0.12798260 -0.00055065
v -0.02449706 -0.12205861 0.02422543
v -0.02448383 -0.12054091 0.02404460
v -0.02449370 -0.11713901 0.03037055
v -0.02448559 -0.06146436 0.03504912
v -0.02453093 -0.04545649 0.01420989
v -0.02448455 -0.04372079 0.00778053
v -0.02449762 -0.04291880 0.01082971
v -0.04226733 -0.06258471 -0.02704014
v -0.04221080 -0.05909844 -0.02011746
v -0.04224541 -0.05535325 -0.01857013
v -0.04138671 -0.04906830 -0.00504937
v -0.04039086 -0.04718513 -0.00630364
v -0.04100312 -0.04737923 0.00284334
v -0.04038800 -0.06966140 0.03564369
v -0.04139523 -0.06846422 0.03346858
v -0.03998362 -0.06216033 0.03180334
v -0.04133258 -0.06448391 0.03093996
v -0.04139279 -0.05702510 0.02361552
v -0.04015515 -0.05745111 0.02747318
v -0.03976770 -0.04528382 0.00266392
v -0.04074091 -0.04679764 0.00785072
v -0.03351887 -0.04164533 0.00978520
v -0.03300122 -0.13055201 -0.00086333
v -0.03323258 -0.13033460 0.00335226
v -0.03608639 -0.12842391 0.00497715
v -0.03416458 -0.12673021 -0.01674986
v -0.03329715 -0.12966251 -0.00895031
v -0.03683161 -0.12548530 -0.01430897
v -0.03329715 -0.12966251 -0.00895031
v -0.04081333 -0.12463840 -0.00630243
v -0.03866051 -0.12445280 -0.01329501
v -0.04063157 -0.05245531 0.02180925
v -0.03383940 -0.04790491 0.02422020
v -0.03626101 -0.04681074 0.01847167
v -0.04142754 -0.12061201 0.01083358
v -0.04144408 -0.10471821 0.01127884
v -0.04145053 -0.10325320 0.01215490
v -0.04144894 -0.10149300 0.01062051
v -0.04120114 -0.10200981 0.00289736
v -0.04101414 -0.10020501 0.00808051
v -0.04120114 -0.10200981 0.00289736
v -0.03745114 -0.10136831 0.00449437
v -0.04101414 -0.10020501 0.00808051
v -0.03752820 -0.12354610 -0.01303339
v -0.03651612 -0.12133571 -0.01476312
v -0.03830150 -0.12000331 -0.01290173
v -0.03552608 -0.12329251 -0.01980289
v -0.03651612 -0.12133571 -0.01476312
v -0.03546935 -0.12084301 -0.01733580
v -0.03669041 -0.07627602 -0.02245733
v -0.04782284 -0.06760550 -0.02521192
v -0.04755105 -0.07715071 -0.02302863
v -0.04608839 -0.06726030 -0.02326494
v -0.03252863 -0.12187781 0.01436198
v -0.03693480 -0.12205671 0.01390834
v -0.03581594 -0.12090281 0.01608769
v -0.02836227 -0.12892701 0.00605060
v -0.03389770 -0.12735010 0.01294896
v -0.02840432 -0.12702121 0.01375841
v -0.04018443 -0.08583809 -0.03920354
v -0.03417071 -0.07963852 -0.04339673
v -0.04023485 -0.07985176 -0.03881112
v -0.03766094 -0.04879901 -0.01859688
v -0.03405767 -0.04948497 -0.02486101
v -0.03351597 -0.04665897 -0.02017772
v -0.03385470 -0.04375122 0.01310531
v -0.03847552 -0.04577204 0.00791550
v -0.03406239 -0.04247264 0.00803298
v -0.03405733 -0.06062784 0.03600703
v -0.03998362 -0.06216033 0.03180334
v -0.03404581 -0.05590145 0.03227006
v -0.03745023 -0.09146248 -0.01575951
v -0.03742614 -0.08581450 -0.01977760
v -0.03745075 -0.08537033 -0.01684828
v -0.03165700 -0.10053930 -0.04246765
v -0.03351147 -0.09509115 -0.04390697
v -0.01948746 -0.09275843 -0.04442261
v -0.04038502 -0.07133715 -0.03627403
v -0.03252045 -0.07233887 -0.03799073
v -0.03253790 -0.07060900 -0.03594506
v -0.03122127 -0.12254281 -0.01513625
v -0.03126873 -0.12424161 -0.01419051
v -0.02434369 -0.12409471 -0.01424025
v -0.03292461 -0.12429111 -0.01824410
v -0.03295008 -0.12627951 -0.01658401
v -0.03295078 -0.12231131 -0.01669406
v -0.04584074 -0.06432184 0.02627065
v -0.04700547 -0.06500464 0.02909119
v -0.04224491 -0.06253277 0.02706364
v -0.04498661 -0.06777501 0.03255689
v -0.04716152 -0.06791330 0.03027554
v -0.04470575 -0.06482476 0.03015606
v -0.03709450 -0.12170311 -0.02139775
v -0.03634789 -0.12402221 -0.01857724
v -0.03645000 -0.07792121 -0.02620710
v -0.03119479 -0.09975454 -0.03775528
v -0.03066243 -0.10005710 -0.04094576
v -0.03354526 -0.09861760 -0.04173157
v -0.03408852 -0.10637651 0.03841022
v -0.03272283 -0.10496950 0.03850405
v -0.03056511 -0.10411120 0.03920917
v -0.04469397 -0.10986991 0.01110289
v -0.04222723 -0.11005620 0.01162504
v -0.04468668 -0.10702840 0.01229516
v -0.04468668 -0.10702840 0.01229516
v -0.04223024 -0.10732390 0.01260027
v -0.04221276 -0.10565011 0.01016962
v -0.03995000 -0.08235875 0.01364304
v -0.03995000 -0.08001986 -0.01287629
v -0.03994995 -0.07638668 0.01074997
v -0.02447784 -0.12066370 -0.02386314
v -0.02449425 -0.12443451 -0.02022614
v -0.02449881 -0.11983500 -0.02728709
v -0.02449218 -0.09335315 -0.04314536
v -0.02449253 -0.08548368 -0.04386021
v -0.02446618 -0.08491326 -0.04248090
v -0.02449382 -0.07134935 -0.04000771
v -0.02449628 -0.07771315 -0.04315612
v -0.02448034 -0.07221234 -0.04178424
v -0.02449296 -0.05961115 0.03539767
v -0.02449394 -0.04719276 -0.01827397
v -0.02444841 -0.04407054 0.01365126
v -0.04234035 -0.12273611 -0.00427614
v -0.03831124 -0.12275421 -0.00303226
v -0.04057586 -0.12189621 -0.00531558
v -0.04221321 -0.10340120 -0.00407273
v -0.04222121 -0.10197420 0.00058786
v -0.04224252 -0.06362206 -0.02370892
v -0.04220535 -0.06360176 -0.01627324
v -0.03828040 -0.04515766 0.00498489
v -0.04100312 -0.04737923 0.00284334
v -0.03938416 -0.04563578 -0.00138190
v -0.03949926 -0.10296891 0.03574684
v -0.04022481 -0.10832960 0.03188612
v -0.04099740 -0.10022990 0.03513827
v -0.04002832 -0.09793741 0.03743246
v -0.04142076 -0.08968111 0.03681291
v -0.04014232 -0.09069008 0.03895059
v -0.04145776 -0.07780915 0.03413687
v -0.04156740 -0.07527269 0.03247793
v -0.04120875 -0.07769545 0.03656217
v -0.03998362 -0.06216033 0.03180334
v -0.04146597 -0.06657817 0.02249046
v -0.04144300 -0.07095143 0.01004792
v -0.04139968 -0.06821305 0.00344818
v -0.04151658 -0.06378972 -0.02524715
v -0.04144311 -0.05184785 -0.00631433
v -0.04138671 -0.04906830 -0.00504937
v -0.04143051 -0.05083777 0.00415027
v -0.04143669 -0.06423973 -0.00548164
v -0.03794362 -0.06512609 -0.00493276
v -0.03798194 -0.06489186 -0.00777716
v -0.04061077 -0.07879660 -0.01517167
v -0.04142334 -0.08181502 -0.01807438
v -0.04143021 -0.07391912 -0.01327663
v -0.03735216 -0.04585918 0.01416617
v -0.03386419 -0.04410274 0.01669919
v -0.03351887 -0.04164533 0.00978520
v -0.03608639 -0.12842391 0.00497715
v -0.03336522 -0.12937841 0.00994108
v -0.04098223 -0.12449261 0.00628966
v -0.03346200 -0.09585931 0.04374132
v -0.03461285 -0.08756060 0.04412734
v -0.04070169 -0.09142154 0.03917073
v -0.04080466 -0.07713134 0.03857685
v -0.03741313 -0.07139524 0.03960340
v -0.03968298 -0.07127993 0.03786299
v -0.03741313 -0.07139524 0.03960340
v -0.03349898 -0.07602956 0.04394335
v -0.03411242 -0.06910599 0.04137002
v -0.04072478 -0.05610671 0.02649850
v -0.03324884 -0.05131826 0.02930758
v -0.03383940 -0.04790491 0.02422020
v -0.03337331 -0.11605121 -0.03302188
v -0.03954552 -0.11605640 -0.02663434
v -0.04067399 -0.10945761 -0.03158193
v -0.04067399 -0.10945761 -0.03158193
v -0.04057696 -0.10104161 -0.03669732
v -0.03866361 -0.10291381 -0.03725701
v -0.04138552 -0.09548308 0.01564138
v -0.04137645 -0.11512131 -0.01220550
v -0.03745573 -0.10199031 -0.00239508
v -0.04079550 -0.10192490 -0.00264457
v -0.04045142 -0.10016930 -0.00784266
v -0.03745669 -0.09952720 -0.00867506
v -0.04045142 -0.10016930 -0.00784266
v -0.04089792 -0.09574937 -0.01328279
v -0.04714762 -0.12824210 0.00196194
v -0.04747708 -0.12834220 -0.00067266
v -0.04642953 -0.12843081 0.00330568
v -0.04149109 -0.12848600 -0.00587131
v -0.03625823 -0.12826850 -0.00511169
v -0.03652038 -0.12850521 -0.00293608
v -0.03651867 -0.12853310 0.00277701
v -0.03608639 -0.12842391 0.00497715
v -0.04080081 -0.12329931 -0.00674279
v -0.03959035 -0.12347710 -0.01171356
v -0.04113566 -0.12130181 -0.01129136
v -0.04113566 -0.12130181 -0.01129136
v -0.03959035 -0.12347710 -0.01171356
v -0.03830150 -0.12000331 -0.01290173
v -0.03546935 -0.12084301 -0.01733580
v -0.03568528 -0.07736734 -0.02838752
v -0.03545367 -0.07705070 -0.02635272
v -0.03742614 -0.08581450 -0.01977760
v -0.03669041 -0.07627602 -0.02245733
v -0.03828778 -0.07610155 -0.02078346
v -0.04142334 -0.08181502 -0.01807438
v -0.03948379 -0.08334748 -0.01870827
v -0.03828778 -0.07610155 -0.02078346
v -0.03581594 -0.12090281 0.01608769
v -0.03693480 -0.12205671 0.01390834
v -0.03760004 -0.09206067 0.01846886
v -0.04702223 -0.06770124 -0.02527521
v -0.04771675 -0.06803849 -0.02821141
v -0.04607571 -0.06502315 -0.02776527
v -0.04048802 -0.12276921 0.01144187
v -0.04131653 -0.12190230 0.00673950
v -0.04142754 -0.12061201 0.01083358
v -0.04141292 -0.05393712 -0.01899323
v -0.04001855 -0.05344821 -0.02294910
v -0.04039241 -0.04988003 -0.01575335
v -0.03407626 -0.11752711 0.02984580
v -0.03748081 -0.11759160 0.02599060
v -0.04002227 -0.11267411 0.02843140
v -0.03412193 -0.12889310 0.00569467
v -0.03592003 -0.12777201 0.00264200
v -0.03991900 -0.12427941 0.00699504
v -0.03291631 -0.04544755 -0.01769334
v -0.02832203 -0.12073730 -0.02607284
v -0.02447784 -0.12066370 -0.02386314
v -0.02446513 -0.11512730 -0.03044927
v -0.02446639 -0.05504692 -0.02962392
v -0.02450803 -0.05044702 -0.02403749
v -0.02841583 -0.04937023 -0.02475118
v -0.03412543 -0.04217033 -0.00633856
v -0.02847248 -0.04207973 -0.00632247
v -0.03412742 -0.04174463 0.00147441
v -0.02841858 -0.09355284 0.04304892
v -0.03363182 -0.09863821 0.04176037
v -0.03405222 -0.09337900 0.04304873
v -0.03243818 -0.12710811 -0.01348840
v -0.02830338 -0.12858771 -0.00760074
v -0.02834956 -0.12700921 -0.01375876
v -0.04018443 -0.08583809 -0.03920354
v -0.03410087 -0.08787263 -0.04370401
v -0.03417071 -0.07963852 -0.04339673
v -0.03411169 -0.07916607 0.04336464
v -0.04014061 -0.08144687 0.03915971
v -0.03758875 -0.07274919 0.03916252
v -0.03745050 -0.07489653 -0.01263195
v -0.04043842 -0.07444377 -0.01250963
v -0.03745433 -0.07064946 -0.00754270
v -0.03264537 -0.12441321 -0.02266814
v -0.03451554 -0.12292840 -0.02360213
v -0.03325587 -0.12092670 -0.02775507
v -0.03211204 -0.06215518 -0.03856180
v -0.03386864 -0.05568258 -0.03329531
v -0.03147674 -0.05627069 -0.03428435
v -0.03264537 -0.12441321 -0.02266814
v -0.03325587 -0.12092670 -0.02775507
v -0.01947494 -0.11956911 -0.02940543
v -0.03346200 -0.09585931 0.04374132
v -0.01947547 -0.09393452 0.04419908
v -0.03282799 -0.09107512 0.04467140
v -0.04039241 -0.04988003 -0.01575335
v -0.03256100 -0.04956252 -0.01487619
v -0.03860896 -0.04800194 -0.01313233
v -0.01895272 -0.10183120 0.03679609
v -0.03123082 -0.09981573 0.03777700
v -0.01895117 -0.09998394 0.03779088
v -0.03295000 -0.07040539 -0.03706198
v -0.03982484 -0.06893199 -0.03674960
v -0.03296278 -0.06880336 -0.03680069
v -0.03741743 -0.09960393 -0.03960102
v -0.03382163 -0.10200921 -0.04146273
v -0.03294752 -0.10001430 -0.04018491
v -0.03801482 -0.06918956 -0.00435130
v -0.04221374 -0.07896325 0.03266115
v -0.03868173 -0.07880854 0.03078987
v -0.03642200 -0.12406721 0.01831210
v -0.03676527 -0.12189341 0.02046122
v -0.03645000 -0.07795218 0.02621604
v -0.04770896 -0.06726110 0.02506212
v -0.04700547 -0.06500464 0.02909119
v -0.04584074 -0.06432184 0.02627065
v -0.04223352 -0.06381990 0.02366206
v -0.04584074 -0.06432184 0.02627065
v -0.04224491 -0.06253277 0.02706364
v -0.03109272 -0.12612250 0.01455811
v -0.03389770 -0.12735010 0.01294896
v -0.03126361 -0.12392041 0.01414529
v -0.04469397 -0.10986991 0.01110289
v -0.04218248 -0.10983990 0.00856836
v -0.04222723 -0.11005620 0.01162504
v -0.04468660 -0.10601271 0.00967041
v -0.04469397 -0.10986991 0.01110289
v -0.04468668 -0.10702840 0.01229516
v -0.04223475 -0.11049531 -0.01095844
v -0.04468838 -0.10811610 -0.01237940
v -0.04220278 -0.10729011 -0.01258309
v -0.04220278 -0.10729011 -0.01258309
v -0.04465730 -0.10626680 -0.01121765
v -0.04222786 -0.10563260 -0.00954275
v -0.03777111 -0.09101613 -0.01294633
v -0.03747996 -0.09604090 -0.00920948
v -0.03749889 -0.08474910 -0.01404574
v -0.02448706 -0.12727491 -0.00782860
v -0.02452984 -0.12390150 0.01822888
v -0.02446588 -0.11594710 0.02962966
v -0.02449339 -0.11122490 0.03551358
v -0.02447994 -0.10936590 0.03516203
v -0.02447784 -0.10569610 0.03895270
v -0.02463130 -0.09948021 -0.04011318
v -0.02448369 -0.09878326 -0.04181844
v -0.02448235 -0.09349138 -0.04173927
v -0.02450301 -0.08149726 0.04367476
v -0.02446492 -0.08608857 0.04248054
v -0.02447653 -0.07752385 0.04173975
v -0.02448822 -0.07234214 0.04191185
v -0.02461561 -0.07149794 0.04010570
v -0.02445210 -0.06714315 -0.03852176
v -0.02447638 -0.06510038 -0.03895730
v -0.02447723 -0.06163211 -0.03515951
v -0.02452065 -0.04652858 -0.02019728
v -0.02445499 -0.04527593 -0.01426002
v -0.02450024 -0.04369655 -0.01327680
v -0.02447999 -0.04376140 -0.00799060
v -0.02446574 -0.04301916 0.00058831
v -0.02448735 -0.04168328 0.00184429
v -0.04223024 -0.10732390 0.01260027
v -0.04208034 -0.12012031 0.01224087
v -0.04223560 -0.05982310 0.00744059
v -0.04221023 -0.05889823 -0.00442504
v -0.04099740 -0.10022990 0.03513827
v -0.04139828 -0.10883900 0.02863892
v -0.04142076 -0.08968111 0.03681291
v -0.04002832 -0.09793741 0.03743246
v -0.04099740 -0.10022990 0.03513827
v -0.04142076 -0.08968111 0.03681291
v -0.04142076 -0.08968111 0.03681291
v -0.04120875 -0.07769545 0.03656217
v -0.04014061 -0.08144687 0.03915971
v -0.04120875 -0.07769545 0.03656217
v -0.04156740 -0.07527269 0.03247793
v -0.04139523 -0.06846422 0.03346858
v -0.04065415 -0.04933108 0.01413298
v -0.04143602 -0.04989377 0.00815841
v -0.04033261 -0.04754050 0.00922251
v -0.04141976 -0.06665580 -0.00911833
v -0.04150873 -0.06332373 -0.02909968
v -0.03795290 -0.06707126 -0.00850921
v -0.04142490 -0.06462416 -0.00812231
v -0.03798194 -0.06489186 -0.00777716
v -0.04043842 -0.07444377 -0.01250963
v -0.04143021 -0.07391912 -0.01327663
v -0.04118886 -0.06995671 -0.00717138
v -0.03741374 -0.04589664 -0.01410477
v -0.03967728 -0.04763528 -0.01422081
v -0.04064839 -0.04675820 -0.00804162
v -0.03411277 -0.04412995 -0.01639339
v -0.03741374 -0.04589664 -0.01410477
v -0.03351747 -0.04158652 -0.00956046
v -0.04074091 -0.04679764 0.00785072
v -0.03735216 -0.04585918 0.01416617
v -0.03351887 -0.04164533 0.00978520
v -0.04064839 -0.04675820 -0.00804162
v -0.03976770 -0.04528382 0.00266392
v -0.03332033 -0.04080131 0.00505181
v -0.03342089 -0.04056018 -0.00227574
v -0.03610333 -0.06696894 -0.03878196
v -0.03982484 -0.06893199 -0.03674960
v -0.03976770 -0.06313988 -0.03353301
v -0.04073627 -0.05260141 -0.02184108
v -0.04059957 -0.04880002 -0.01551780
v -0.03866814 -0.04824513 -0.01741284
v -0.03346050 -0.04819952 -0.02512271
v -0.04073627 -0.05260141 -0.02184108
v -0.03866814 -0.04824513 -0.01741284
v -0.03741743 -0.09960393 -0.03960102
v -0.03967323 -0.09972229 -0.03786146
v -0.04072859 -0.09094597 -0.03924621
v -0.03341798 -0.08774598 -0.04494144
v -0.03351147 -0.09509115 -0.04390697
v -0.04072859 -0.09094597 -0.03924621
v -0.03353085 -0.07575037 -0.04386132
v -0.04074412 -0.08277816 -0.03943310
v -0.04084294 -0.07682154 -0.03845088
v -0.03735097 -0.07133339 -0.03964162
v -0.04084294 -0.07682154 -0.03845088
v -0.04008962 -0.07100145 -0.03740000
v -0.04098223 -0.12449261 0.00628966
v -0.03336522 -0.12937841 0.00994108
v -0.04083538 -0.12316630 0.01180767
v -0.04048041 -0.10019271 0.03712930
v -0.03748117 -0.09963167 0.03955266
v -0.04070169 -0.09142154 0.03917073
v -0.04067524 -0.08319612 0.03952566
v -0.03349898 -0.07602956 0.04394335
v -0.04080466 -0.07713134 0.03857685
v -0.03967656 -0.06155100 0.03258808
v -0.03866635 -0.06808652 0.03725640
v -0.03343666 -0.06037354 0.03730002
v -0.03967656 -0.06155100 0.03258808
v -0.03343666 -0.06037354 0.03730002
v -0.03347842 -0.05513220 0.03313907
v -0.04072478 -0.05610671 0.02649850
v -0.03347842 -0.05513220 0.03313907
v -0.03324884 -0.05131826 0.02930758
v -0.03983347 -0.04875096 0.01656711
v -0.04063157 -0.05245531 0.02180925
v -0.03626101 -0.04681074 0.01847167
v -0.03626101 -0.04681074 0.01847167
v -0.03383940 -0.04790491 0.02422020
v -0.03386419 -0.04410274 0.01669919
v -0.03634789 -0.12402221 -0.01857724
v -0.03709450 -0.12170311 -0.02139775
v -0.03451554 -0.12292840 -0.02360213
v -0.03337331 -0.11605121 -0.03302188
v -0.03325587 -0.12092670 -0.02775507
v -0.03954552 -0.11605640 -0.02663434
v -0.04131653 -0.12190230 0.00673950
v -0.04144426 -0.11932421 0.00634771
v -0.04155427 -0.10722500 0.00552647
v -0.04145822 -0.10347980 0.00884233
v -0.03745573 -0.10199031 -0.00239508
v -0.04045142 -0.10016930 -0.00784266
v -0.03745669 -0.09952720 -0.00867506
v -0.04101414 -0.10020501 0.00808051
v -0.03745040 -0.09954828 0.00863933
v -0.03745045 -0.09664869 0.01215378
v -0.03745237 -0.09663257 -0.01216664
v -0.04089792 -0.09574937 -0.01328279
v -0.03745023 -0.09146248 -0.01575951
v -0.04460540 -0.12834821 0.00512977
v -0.04138152 -0.12848241 0.00584960
v -0.04166964 -0.07527610 -0.03237231
v -0.04189773 -0.07518452 -0.03073988
v -0.03784400 -0.07503077 -0.02953389
v -0.03948889 -0.07491989 -0.02935028
v -0.04491566 -0.07500254 -0.02982062
v -0.04554882 -0.07492701 -0.03110941
v -0.04609563 -0.07475489 -0.02824580
v -0.04770404 -0.07416951 -0.02644563
v -0.04541135 -0.07404577 -0.02426890
v -0.04136067 -0.09530732 -0.01577588
v -0.03834890 -0.11516331 -0.01389036
v -0.03868536 -0.09324897 -0.01745088
v -0.03834890 -0.11516331 -0.01389036
v -0.03651612 -0.12133571 -0.01476312
v -0.03868536 -0.09324897 -0.01745088
v -0.04100183 -0.10677550 -0.02824980
v -0.04137379 -0.07815316 -0.03354096
v -0.03866437 -0.07831894 -0.03211479
v -0.03742614 -0.08581450 -0.01977760
v -0.03739914 -0.09181443 -0.01877610
v -0.03669041 -0.07627602 -0.02245733
v -0.03642200 -0.12406721 0.01831210
v -0.03321378 -0.12468151 0.02219781
v -0.03718110 -0.12095111 0.02298355
v -0.04077769 -0.10729760 0.03289913
v -0.03739032 -0.10353991 0.03799489
v -0.03981917 -0.10208951 0.03675880
v -0.03581594 -0.12090281 0.01608769
v -0.03760004 -0.09206067 0.01846886
v -0.03606535 -0.07648555 0.02356639
v -0.04146297 -0.06636301 -0.02251221
v -0.04490305 -0.06741558 -0.02328892
v -0.04491420 -0.06488299 -0.02532338
v -0.04216102 -0.10914130 0.02756535
v -0.04077769 -0.10729760 0.03289913
v -0.04190974 -0.10427581 0.03239479
v -0.04159200 -0.06595549 0.03329682
v -0.04022589 -0.06980773 0.03677555
v -0.03967656 -0.06155100 0.03258808
v -0.04206047 -0.06269841 0.02949488
v -0.04159200 -0.06595549 0.03329682
v -0.04072478 -0.05610671 0.02649850
v -0.04051155 -0.05735107 -0.02822273
v -0.04189822 -0.05585227 -0.02289319
v -0.04073627 -0.05260141 -0.02184108
v -0.04191676 -0.05563063 0.02247398
v -0.04063157 -0.05245531 0.02180925
v -0.04056232 -0.04837590 0.01466464
v -0.04218426 -0.07095340 -0.03391382
v -0.04614176 -0.07868042 -0.03091945
v -0.04545026 -0.06782260 -0.03315090
v -0.04215972 -0.09015301 -0.03668124
v -0.04215368 -0.10940671 -0.02765057
v -0.04218753 -0.07891159 -0.03262400
v -0.04048802 -0.12276921 0.01144187
v -0.03991900 -0.12427941 0.00699504
v -0.04131653 -0.12190230 0.00673950
v -0.04166964 -0.07527610 -0.03237231
v -0.04142531 -0.12205980 -0.01233125
v -0.04224712 -0.12174351 -0.00622843
v -0.04216408 -0.11995691 -0.01185706
v -0.04848813 -0.07796235 0.02694451
v -0.04718679 -0.07842289 0.02995071
v -0.04750800 -0.06845632 0.03118915
v -0.04599670 -0.07705263 0.02145955
v -0.04630132 -0.06669400 0.02361435
v -0.04220198 -0.06665940 0.02155408
v -0.04150873 -0.06332373 -0.02909968
v -0.04119343 -0.06612168 -0.03245405
v -0.04004194 -0.06237439 -0.03181570
v -0.03593818 -0.12608861 0.01459583
v -0.03294178 -0.12574511 0.01459701
v -0.03295018 -0.12379790 0.01400294
v -0.03354526 -0.09861760 -0.04173157
v -0.02833341 -0.09196765 -0.04335765
v -0.03406023 -0.09373813 -0.04297213
v -0.03413029 -0.11201661 -0.03484411
v -0.02831126 -0.11502550 -0.03231979
v -0.02841460 -0.11024930 -0.03613297
v -0.02553058 -0.04497755 -0.01351264
v -0.02447999 -0.04376140 -0.00799060
v -0.02847248 -0.04207973 -0.00632247
v -0.03066326 -0.04455396 -0.01455702
v -0.02839010 -0.04398000 -0.01375012
v -0.03381079 -0.04372730 -0.01299292
v -0.02842187 -0.04245204 0.00806377
v -0.03406239 -0.04247264 0.00803298
v -0.02831966 -0.04176606 0.00198249
v -0.02448256 -0.05034687 0.02387862
v -0.02553034 -0.04729149 0.01909877
v -0.02445618 -0.04698123 0.01835392
v -0.02831432 -0.05597720 0.03232379
v -0.03404581 -0.05590145 0.03227006
v -0.02842303 -0.05038134 0.02628372
v -0.02841376 -0.09961706 0.04134998
v -0.03363182 -0.09863821 0.04176037
v -0.02841858 -0.09355284 0.04304892
v -0.02447994 -0.10936590 0.03516203
v -0.02846712 -0.11176700 0.03514443
v -0.02464112 -0.10386061 0.03832958
v -0.03835366 -0.04557161 -0.00763071
v -0.03412543 -0.04217033 -0.00633856
v -0.03412742 -0.04174463 0.00147441
v -0.04045915 -0.06895401 0.00019201
v -0.03747143 -0.06970143 0.00473421
v -0.03745552 -0.06901223 0.00006346
v -0.03745040 -0.07895565 -0.01513827
v -0.03745050 -0.07489653 -0.01263195
v -0.03384726 -0.10971560 0.03759510
v -0.03149451 -0.10830710 0.03885362
v -0.03212764 -0.10178901 0.04203149
v -0.03165700 -0.10053930 -0.04246765
v -0.03382163 -0.10200921 -0.04146273
v -0.03351147 -0.09509115 -0.04390697
v -0.03383940 -0.04790491 0.02422020
v -0.03194884 -0.04691636 0.02330700
v -0.03212070 -0.04346325 0.01627248
v -0.03346200 -0.09585931 0.04374132
v -0.03212764 -0.10178901 0.04203149
v -0.01947547 -0.09393452 0.04419908
v -0.03331993 -0.08280735 0.04492279
v -0.01948322 -0.07824002 0.04442011
v -0.03349898 -0.07602956 0.04394335
v -0.03279357 -0.06496139 0.04006614
v -0.03175793 -0.07045176 0.04246445
v -0.01946548 -0.06352701 0.03926665
v -0.03347842 -0.05513220 0.03313907
v -0.01947628 -0.05698178 0.03481377
v -0.03324884 -0.05131826 0.02930758
v -0.03332033 -0.04080131 0.00505181
v -0.01947010 -0.04050558 0.00074236
v -0.03342089 -0.04056018 -0.00227574
v -0.03252035 -0.06794284 0.03616982
v -0.04038800 -0.06966140 0.03564369
v -0.03765967 -0.06691812 0.03669158
v -0.02409335 -0.12255651 -0.01695065
v -0.03122127 -0.12254281 -0.01513625
v -0.01895649 -0.12291691 -0.01466191
v -0.03118015 -0.06893583 -0.03677249
v -0.01895193 -0.07067888 -0.03736864
v -0.02413487 -0.06844767 -0.03713407
v -0.03124548 -0.10389251 -0.03893267
v -0.02457682 -0.10380700 -0.03831657
v -0.03116864 -0.10219810 -0.03695682
v -0.03866814 -0.04824513 -0.01741284
v -0.03295106 -0.04809650 -0.01757447
v -0.03538608 -0.04597278 -0.01828714
v -0.03735097 -0.07133339 -0.03964162
v -0.03300028 -0.07154280 -0.03914001
v -0.03352321 -0.06883725 -0.04153736
v -0.03300028 -0.07154280 -0.03914001
v -0.03296278 -0.06880336 -0.03680069
v -0.03292951 -0.06733496 -0.03863026
v -0.03741743 -0.09960393 -0.03960102
v -0.03294752 -0.10001430 -0.04018491
v -0.03293976 -0.09955591 -0.03830507
v -0.03294752 -0.10001430 -0.04018491
v -0.03295198 -0.10103480 -0.03673494
v -0.03293976 -0.09955591 -0.03830507
v -0.03634789 -0.12402221 -0.01857724
v -0.03416458 -0.12673021 -0.01674986
v -0.03292461 -0.12429111 -0.01824410
v -0.03294919 -0.12528321 -0.01410162
v -0.03294178 -0.12574511 0.01459701
v -0.03325364 -0.12703051 0.01720051
v -0.03295018 -0.12379790 0.01400294
v -0.03292898 -0.10366491 0.03863074
v -0.03739032 -0.10353991 0.03799489
v -0.03432334 -0.10320791 0.04076592
v -0.03295000 -0.10059460 0.03706198
v -0.03294643 -0.09958303 0.03839150
v -0.04048041 -0.10019271 0.03712930
v -0.03292898 -0.10366491 0.03863074
v -0.03293564 -0.10075940 0.04078354
v -0.03294643 -0.09958303 0.03839150
v -0.03295288 -0.06996386 0.03673501
v -0.03294787 -0.07144437 0.03830508
v -0.03295025 -0.06792553 0.03740349
v -0.04319558 -0.05817773 -0.00574410
v -0.04319451 -0.05836641 0.00619666
v -0.04319955 -0.05107286 -0.00124718
v -0.04050350 -0.05070264 -0.00657902
v -0.03797023 -0.05162842 -0.00845128
v -0.03786624 -0.04988416 -0.00620803
v -0.03786624 -0.04988416 -0.00620803
v -0.03788830 -0.04988513 -0.01032416
v -0.03835366 -0.04557161 -0.00763071
v -0.04143602 -0.04989377 0.00815841
v -0.03793929 -0.05109620 0.00622291
v -0.03790235 -0.04922088 0.00776818
v -0.04035783 -0.07706626 0.02101659
v -0.04599670 -0.07705263 0.02145955
v -0.04218960 -0.07670730 0.01987978
v -0.04542279 -0.06873230 0.03314286
v -0.04222884 -0.07077179 0.03394173
v -0.04159200 -0.06595549 0.03329682
v -0.04223352 -0.06381990 0.02366206
v -0.04630132 -0.06669400 0.02361435
v -0.04584074 -0.06432184 0.02627065
v -0.03866846 -0.07716488 -0.02162618
v -0.03866051 -0.12445280 -0.01329501
v -0.04219595 -0.07670536 -0.01986147
v -0.04477873 -0.07339083 0.02224518
v -0.04192279 -0.07382647 0.02288850
v -0.04170007 -0.07341993 0.02139733
v -0.04498661 -0.06777501 0.03255689
v -0.04671556 -0.07437080 0.03004323
v -0.04716152 -0.06791330 0.03027554
v -0.03805631 -0.11559221 -0.02516243
v -0.03703630 -0.11887591 -0.02485579
v -0.04138735 -0.10890671 -0.02868722
v -0.03295363 -0.12434820 -0.02009982
v -0.03552608 -0.12329251 -0.01980289
v -0.03546935 -0.12084301 -0.01733580
v -0.03124548 -0.10002411 0.04053502
v -0.03123082 -0.09981573 0.03777700
v -0.03363182 -0.09863821 0.04176037
v -0.03122127 -0.12254281 -0.01513625
v -0.03127215 -0.12267341 -0.01716951
v -0.03240118 -0.12139981 -0.01703502
v -0.03253790 -0.07060900 -0.03594506
v -0.03252045 -0.07233887 -0.03799073
v -0.03121227 -0.07122605 -0.03790553
v -0.03243750 -0.04934388 0.01756368
v -0.03252510 -0.04955046 0.01488971
v -0.03119636 -0.04842230 0.01503803
v -0.03745075 -0.08537033 -0.01684828
v -0.03742614 -0.08581450 -0.01977760
v -0.03893957 -0.08487575 -0.01783651
v -0.04048778 -0.07158427 0.00897890
v -0.04049866 -0.06951873 0.00471329
v -0.04139968 -0.06821305 0.00344818
v -0.04218248 -0.10983990 0.00856836
v -0.04469397 -0.10986991 0.01110289
v -0.04472000 -0.10872990 0.00831731
v -0.04218248 -0.10983990 0.00856836
v -0.04472000 -0.10872990 0.00831731
v -0.04236577 -0.10717801 0.00799033
v -0.04196572 -0.10319540 0.00078988
v -0.04152169 -0.10325670 -0.00231576
v -0.04079550 -0.10192490 -0.00264457
v -0.04236577 -0.10717801 0.00799033
v -0.04468660 -0.10601271 0.00967041
v -0.04221276 -0.10565011 0.01016962
v -0.04468668 -0.10702840 0.01229516
v -0.04221276 -0.10565011 0.01016962
v -0.04468660 -0.10601271 0.00967041
v -0.04152169 -0.10325670 -0.00231576
v -0.04144400 -0.09996708 -0.01018466
v -0.04045142 -0.10016930 -0.00784266
v -0.04468838 -0.10811610 -0.01237940
v -0.04468176 -0.10998160 -0.01074103
v -0.04468497 -0.10638560 -0.00882635
v -0.03994999 -0.09097676 0.01287866
v -0.03994996 -0.09624997 0.00911333
v -0.03995000 -0.09914306 0.00314125
v -0.03995000 -0.09944601 -0.00122842
v -0.03994999 -0.09837871 -0.00547654
v -0.03995000 -0.08672844 0.01394601
v -0.03994999 -0.07262134 0.00547675
v -0.03995000 -0.07185696 -0.00314125
v -0.03995000 -0.07155400 0.00122842
v -0.03747996 -0.09604090 -0.00920948
v -0.03745000 -0.09270343 -0.01200460
v -0.03749889 -0.08474910 -0.01404574
v -0.03745000 -0.08235875 0.01364304
v -0.03749990 -0.08673299 0.01394107
v -0.03745000 -0.07829657 0.01200460
v -0.03749990 -0.07155893 0.00123298
v -0.03745000 -0.07349540 -0.00720344
v -0.03745000 -0.07185696 -0.00314125
v -0.03747202 -0.07628859 -0.01053911
v -0.03749990 -0.07155893 0.00123298
v -0.03774773 -0.07218973 -0.00485795
v -0.02448722 -0.12897541 -0.00576328
v -0.02457413 -0.12560580 -0.01407961
v -0.02456255 -0.12551471 0.01413889
v -0.02445542 -0.12402740 -0.01836039
v -0.02446513 -0.11512730 -0.03044927
v -0.02449759 -0.11443471 -0.03295384
v -0.02448408 -0.10954410 -0.03504175
v -0.02445585 -0.10604361 -0.03892271
v -0.02464112 -0.10386061 0.03832958
v -0.02449915 -0.09863672 0.04193495
v -0.02457237 -0.09971590 0.04006212
v -0.02448566 -0.09327762 0.04178020
v -0.02449658 -0.08938305 0.04368272
v -0.02448519 -0.07770959 -0.04177883
v -0.02449118 -0.06528129 0.03893869
v -0.02451182 -0.06721865 0.03830847
v -0.02444332 -0.04651942 0.02011693
v -0.02449390 -0.04206184 -0.00602264
v -0.03066326 -0.04455396 -0.01455702
v -0.02553058 -0.04497755 -0.01351264
v -0.02839010 -0.04398000 -0.01375012
v -0.02553050 -0.12370851 -0.01909874
v -0.03065961 -0.12474660 -0.01866006
v -0.02409335 -0.12255651 -0.01695065
v -0.03831124 -0.12275421 -0.00303226
v -0.03714391 -0.12285031 -0.00027772
v -0.03617657 -0.12207490 -0.00161321
v -0.03831124 -0.12275421 -0.00303226
v -0.03617657 -0.12207490 -0.00161321
v -0.04057586 -0.12189621 -0.00531558
v -0.04234035 -0.12273611 -0.00427614
v -0.04057586 -0.12189621 -0.00531558
v -0.04529226 -0.12185190 -0.00378534
v -0.04216408 -0.11995691 -0.01185706
v -0.04224712 -0.12174351 -0.00622843
v -0.04223475 -0.11049531 -0.01095844
v -0.04225735 -0.12163431 0.00619093
v -0.04222723 -0.11005620 0.01162504
v -0.04236577 -0.10717801 0.00799033
v -0.04221276 -0.10565011 0.01016962
v -0.04220984 -0.10401921 0.00469963
v -0.04219595 -0.07670536 -0.01986147
v -0.04221171 -0.06649974 -0.02159671
v -0.04224491 -0.06253277 0.02706364
v -0.04223140 -0.05559288 0.01899884
v -0.04100312 -0.04737923 0.00284334
v -0.04039086 -0.04718513 -0.00630364
v -0.03938416 -0.04563578 -0.00138190
v -0.04014232 -0.09069008 0.03895059
v -0.04142076 -0.08968111 0.03681291
v -0.04014061 -0.08144687 0.03915971
v -0.04014061 -0.08144687 0.03915971
v -0.04120875 -0.07769545 0.03656217
v -0.04010858 -0.07198347 0.03696053
v -0.04133258 -0.06448391 0.03093996
v -0.04158015 -0.06333318 0.02806745
v -0.04139279 -0.05702510 0.02361552
v -0.04015515 -0.05745111 0.02747318
v -0.04139279 -0.05702510 0.02361552
v -0.04021155 -0.05348957 0.02262615
v -0.04139279 -0.05702510 0.02361552
v -0.04143602 -0.04989377 0.00815841
v -0.04065415 -0.04933108 0.01413298
v -0.04021155 -0.05348957 0.02262615
v -0.04065415 -0.04933108 0.01413298
v -0.03932117 -0.04966175 0.01761293
v -0.04142396 -0.07643196 0.01506851
v -0.04118886 -0.06995671 -0.00717138
v -0.04142490 -0.06462416 -0.00812231
v -0.04158015 -0.06333318 0.02806745
v -0.04147657 -0.06393018 0.02511607
v -0.04139279 -0.05702510 0.02361552
v -0.04144181 -0.05134416 0.00655012
v -0.04143602 -0.04989377 0.00815841
v -0.04143669 -0.06423973 -0.00548164
v -0.03795351 -0.06918013 -0.00686749
v -0.04118886 -0.06995671 -0.00717138
v -0.04141976 -0.06665580 -0.00911833
v -0.03795351 -0.06918013 -0.00686749
v -0.04141976 -0.06665580 -0.00911833
v -0.03795290 -0.06707126 -0.00850921
v -0.03795290 -0.06707126 -0.00850921
v -0.04141976 -0.06665580 -0.00911833
v -0.04142490 -0.06462416 -0.00812231
v -0.04143669 -0.06423973 -0.00548164
v -0.04145549 -0.06631552 -0.00411293
v -0.03794362 -0.06512609 -0.00493276
v -0.04060653 -0.08181032 -0.01630119
v -0.04043842 -0.07444377 -0.01250963
v -0.04061077 -0.07879660 -0.01517167
v -0.04143021 -0.07391912 -0.01327663
v -0.04056232 -0.04837590 0.01466464
v -0.03735216 -0.04585918 0.01416617
v -0.04074091 -0.04679764 0.00785072
v -0.04145776 -0.07780915 0.03413687
v -0.04095543 -0.10608770 0.02829624
v -0.04084280 -0.07814904 0.03318569
v -0.04077304 -0.04601602 -0.00202746
v -0.03976770 -0.04528382 0.00266392
v -0.03342089 -0.04056018 -0.00227574
v -0.03352321 -0.06883725 -0.04153736
v -0.03610333 -0.06696894 -0.03878196
v -0.03383806 -0.06129315 -0.03760380
v -0.03610333 -0.06696894 -0.03878196
v -0.03976770 -0.06313988 -0.03353301
v -0.03383806 -0.06129315 -0.03760380
v -0.03383806 -0.06129315 -0.03760380
v -0.03976770 -0.06313988 -0.03353301
v -0.04051155 -0.05735107 -0.02822273
v -0.03336534 -0.05194396 -0.02991657
v -0.04051155 -0.05735107 -0.02822273
v -0.03346050 -0.04819952 -0.02512271
v -0.04073627 -0.05260141 -0.02184108
v -0.03346050 -0.04819952 -0.02512271
v -0.03866814 -0.04824513 -0.01741284
v -0.03538608 -0.04597278 -0.01828714
v -0.03341798 -0.08774598 -0.04494144
v -0.04072859 -0.09094597 -0.03924621
v -0.04074412 -0.08277816 -0.03943310
v -0.03335195 -0.08051426 -0.04470375
v -0.03353085 -0.07575037 -0.04386132
v -0.04084294 -0.07682154 -0.03845088
v -0.03735097 -0.07133339 -0.03964162
v -0.03353085 -0.07575037 -0.04386132
v -0.03735097 -0.07133339 -0.03964162
v -0.03352321 -0.06883725 -0.04153736
v -0.03300122 -0.13055201 -0.00086333
v -0.03608639 -0.12842391 0.00497715
v -0.03625823 -0.12826850 -0.00511169
v -0.03323258 -0.13033460 0.00335226
v -0.03336522 -0.12937841 0.00994108
v -0.03608639 -0.12842391 0.00497715
v -0.03336522 -0.12937841 0.00994108
v -0.03593818 -0.12608861 0.01459583
v -0.04083538 -0.12316630 0.01180767
v -0.03329715 -0.12966251 -0.00895031
v -0.03625823 -0.12826850 -0.00511169
v -0.04081333 -0.12463840 -0.00630243
v -0.03748117 -0.09963167 0.03955266
v -0.03485109 -0.10120160 0.04105572
v -0.03346200 -0.09585931 0.04374132
v -0.03748117 -0.09963167 0.03955266
v -0.03346200 -0.09585931 0.04374132
v -0.04070169 -0.09142154 0.03917073
v -0.04067524 -0.08319612 0.03952566
v -0.03461285 -0.08756060 0.04412734
v -0.03331993 -0.08280735 0.04492279
v -0.03331993 -0.08280735 0.04492279
v -0.04080466 -0.07713134 0.03857685
v -0.03349898 -0.07602956 0.04394335
v -0.03741313 -0.07139524 0.03960340
v -0.04022589 -0.06980773 0.03677555
v -0.03866635 -0.06808652 0.03725640
v -0.03967656 -0.06155100 0.03258808
v -0.04072478 -0.05610671 0.02649850
v -0.03967656 -0.06155100 0.03258808
v -0.03347842 -0.05513220 0.03313907
v -0.04063157 -0.05245531 0.02180925
v -0.03337331 -0.11605121 -0.03302188
v -0.04067399 -0.10945761 -0.03158193
v -0.03345294 -0.11072561 -0.03723526
v -0.03528910 -0.10379770 -0.03959416
v -0.03345294 -0.11072561 -0.03723526
v -0.03866361 -0.10291381 -0.03725701
v -0.03345294 -0.11072561 -0.03723526
v -0.04067399 -0.10945761 -0.03158193
v -0.03866361 -0.10291381 -0.03725701
v -0.04152169 -0.10325670 -0.00231576
v -0.04136067 -0.09530732 -0.01577588
v -0.04079550 -0.10192490 -0.00264457
v -0.03745573 -0.10199031 -0.00239508
v -0.04120114 -0.10200981 0.00289736
v -0.04120114 -0.10200981 0.00289736
v -0.03745573 -0.10199031 -0.00239508
v -0.03745114 -0.10136831 0.00449437
v -0.04101414 -0.10020501 0.00808051
v -0.03745114 -0.10136831 0.00449437
v -0.03745040 -0.09954828 0.00863933
v -0.03745669 -0.09952720 -0.00867506
v -0.04089792 -0.09574937 -0.01328279
v -0.03745237 -0.09663257 -0.01216664
v -0.04103240 -0.09580398 0.01323840
v -0.04101414 -0.10020501 0.00808051
v -0.03745045 -0.09664869 0.01215378
v -0.04103240 -0.09580398 0.01323840
v -0.03745045 -0.09664869 0.01215378
v -0.03745305 -0.09098495 0.01618774
v -0.04667902 -0.12842861 -0.00291146
v -0.04467319 -0.12836211 -0.00519183
v -0.03880532 -0.07422191 -0.02537811
v -0.04080081 -0.12329931 -0.00674279
v -0.04113566 -0.12130181 -0.01129136
v -0.04141882 -0.11951261 -0.00634782
v -0.03959035 -0.12347710 -0.01171356
v -0.03752820 -0.12354610 -0.01303339
v -0.03830150 -0.12000331 -0.01290173
v -0.03830150 -0.12000331 -0.01290173
v -0.03651612 -0.12133571 -0.01476312
v -0.03834890 -0.11516331 -0.01389036
v -0.04137645 -0.11512131 -0.01220550
v -0.03834890 -0.11516331 -0.01389036
v -0.04136067 -0.09530732 -0.01577588
v -0.03868536 -0.09324897 -0.01745088
v -0.03651612 -0.12133571 -0.01476312
v -0.03739914 -0.09181443 -0.01877610
v -0.03805631 -0.11559221 -0.02516243
v -0.04100183 -0.10677550 -0.02824980
v -0.03866437 -0.07831894 -0.03211479
v -0.03664739 -0.11916111 -0.02296200
v -0.03805631 -0.11559221 -0.02516243
v -0.03711172 -0.07763762 -0.03088094
v -0.03805631 -0.11559221 -0.02516243
v -0.03866437 -0.07831894 -0.03211479
v -0.03711172 -0.07763762 -0.03088094
v -0.03546935 -0.12084301 -0.01733580
v -0.03552608 -0.12329251 -0.01980289
v -0.03568528 -0.07736734 -0.02838752
v -0.03546935 -0.12084301 -0.01733580
v -0.03545367 -0.07705070 -0.02635272
v -0.03573577 -0.07661316 -0.02431278
v -0.03546935 -0.12084301 -0.01733580
v -0.03573577 -0.07661316 -0.02431278
v -0.03669041 -0.07627602 -0.02245733
v -0.03739914 -0.09181443 -0.01877610
v -0.03651612 -0.12133571 -0.01476312
v -0.03669041 -0.07627602 -0.02245733
v -0.03948379 -0.08334748 -0.01870827
v -0.03742614 -0.08581450 -0.01977760
v -0.03828778 -0.07610155 -0.02078346
v -0.03642200 -0.12406721 0.01831210
v -0.03325364 -0.12703051 0.01720051
v -0.03321378 -0.12468151 0.02219781
v -0.03321378 -0.12468151 0.02219781
v -0.03339994 -0.12108471 0.02748137
v -0.03718110 -0.12095111 0.02298355
v -0.04225735 -0.12163431 0.00619093
v -0.04083538 -0.12316630 0.01180767
v -0.04208034 -0.12012031 0.01224087
v -0.03820843 -0.11539181 0.02536435
v -0.03620713 -0.12061751 0.02203769
v -0.03641526 -0.07778913 0.02993593
v -0.03561986 -0.07726233 0.02788265
v -0.03539711 -0.12182651 0.01851922
v -0.03546780 -0.07702568 0.02565164
v -0.03752945 -0.08572416 0.01953423
v -0.04139919 -0.06938134 -0.03346212
v -0.04119343 -0.06612168 -0.03245405
v -0.04501673 -0.06790940 -0.03246914
v -0.04771675 -0.06803849 -0.02821141
v -0.04697145 -0.06794738 -0.03052891
v -0.04607571 -0.06502315 -0.02776527
v -0.04702223 -0.06770124 -0.02527521
v -0.04607571 -0.06502315 -0.02776527
v -0.04491420 -0.06488299 -0.02532338
v -0.04077769 -0.10729760 0.03289913
v -0.03981917 -0.10208951 0.03675880
v -0.04048041 -0.10019271 0.03712930
v -0.04195215 -0.08242878 0.03728164
v -0.04070169 -0.09142154 0.03917073
v -0.04067524 -0.08319612 0.03952566
v -0.04074412 -0.08277816 -0.03943310
v -0.04215972 -0.09015301 -0.03668124
v -0.04190513 -0.07752124 -0.03649354
v -0.03982484 -0.06893199 -0.03674960
v -0.04158298 -0.06633353 -0.03345352
v -0.03976770 -0.06313988 -0.03353301
v -0.03976770 -0.06313988 -0.03353301
v -0.04158298 -0.06633353 -0.03345352
v -0.04051155 -0.05735107 -0.02822273
v -0.04189822 -0.05585227 -0.02289319
v -0.04226733 -0.06258471 -0.02704014
v -0.04224541 -0.05535325 -0.01857013
v -0.04223140 -0.05559288 0.01899884
v -0.04191676 -0.05563063 0.02247398
v -0.04192735 -0.05085017 0.01407834
v -0.04192735 -0.05085017 0.01407834
v -0.04232985 -0.05105268 0.00867228
v -0.04192735 -0.05085017 0.01407834
v -0.04191898 -0.04839851 0.00451691
v -0.04227930 -0.05013239 -0.00166997
v -0.04232985 -0.05105268 0.00867228
v -0.04191898 -0.04839851 0.00451691
v -0.04191777 -0.04844763 -0.00524518
v -0.04191898 -0.04839851 0.00451691
v -0.04077304 -0.04601602 -0.00202746
v -0.04837131 -0.07774997 -0.02540722
v -0.04755105 -0.07715071 -0.02302863
v -0.04782284 -0.06760550 -0.02521192
v -0.04809244 -0.07811390 -0.02838656
v -0.04614176 -0.07868042 -0.03091945
v -0.04837131 -0.07774997 -0.02540722
v -0.03681450 -0.07813029 -0.02707743
v -0.03645000 -0.07792121 -0.02620710
v -0.03703459 -0.07747412 -0.02366280
v -0.04718679 -0.07842289 0.02995071
v -0.04542279 -0.06873230 0.03314286
v -0.04750800 -0.06845632 0.03118915
v -0.04218960 -0.07670730 0.01987978
v -0.04599670 -0.07705263 0.02145955
v -0.04220198 -0.06665940 0.02155408
v -0.04143307 -0.09134710 -0.03627475
v -0.04025544 -0.09165716 -0.03870751
v -0.04130468 -0.08149997 -0.03709384
v -0.04134192 -0.05027289 -0.01062735
v -0.04039241 -0.04988003 -0.01575335
v -0.03985597 -0.04776176 -0.01194212
v -0.03249042 -0.12351410 0.01310548
v -0.03389770 -0.12735010 0.01294896
v -0.03756724 -0.12379671 0.01293635
v -0.03249042 -0.12351410 0.01310548
v -0.03693480 -0.12205671 0.01390834
v -0.03252863 -0.12187781 0.01436198
v -0.03295700 -0.12213570 0.01623889
v -0.03642200 -0.12406721 0.01831210
v -0.03670913 -0.12225531 0.01659149
v -0.02553050 -0.12370851 -0.01909874
v -0.02445542 -0.12402740 -0.01836039
v -0.02447784 -0.12066370 -0.02386314
v -0.02839010 -0.09925013 -0.04152000
v -0.02463130 -0.09948021 -0.04011318
v -0.02833341 -0.09196765 -0.04335765
v -0.02833341 -0.09196765 -0.04335765
v -0.02446618 -0.08491326 -0.04248090
v -0.02832003 -0.08352166 -0.04373436
v -0.03354526 -0.09861760 -0.04173157
v -0.02839010 -0.09925013 -0.04152000
v -0.02833341 -0.09196765 -0.04335765
v -0.03410087 -0.08787263 -0.04370401
v -0.02833341 -0.09196765 -0.04335765
v -0.02832003 -0.08352166 -0.04373436
v -0.03417071 -0.07963852 -0.04339673
v -0.02841566 -0.07745324 -0.04304911
v -0.03369630 -0.07236612 -0.04176291
v -0.02553038 -0.06640123 -0.03820853
v -0.02445210 -0.06714315 -0.03852176
v -0.02447723 -0.06163211 -0.03515951
v -0.02553038 -0.06640123 -0.03820853
v -0.02447723 -0.06163211 -0.03515951
v -0.02842276 -0.05921621 -0.03511853
v -0.02447999 -0.04376140 -0.00799060
v -0.02446574 -0.04301916 0.00058831
v -0.02847248 -0.04207973 -0.00632247
v -0.02842187 -0.04245204 0.00806377
v -0.03385470 -0.04375122 0.01310531
v -0.03406239 -0.04247264 0.00803298
v -0.03412742 -0.04174463 0.00147441
v -0.02448256 -0.05034687 0.02387862
v -0.02842303 -0.05038134 0.02628372
v -0.02553034 -0.04729149 0.01909877
v -0.02844145 -0.06624303 0.03922838
v -0.03353742 -0.06531459 0.03883554
v -0.02841591 -0.06074787 0.03612916
v -0.02841858 -0.09355284 0.04304892
v -0.02831689 -0.08747039 0.04373314
v -0.02446492 -0.08608857 0.04248054
v -0.03350098 -0.07238375 0.04173511
v -0.03066199 -0.07094295 0.04094590
v -0.02839010 -0.07174988 0.04152000
v -0.02452984 -0.12390150 0.01822888
v -0.02844592 -0.12472970 0.01928326
v -0.02840507 -0.12161151 0.02477512
v -0.02831787 -0.11780011 0.02954917
v -0.03407626 -0.11752711 0.02984580
v -0.02846712 -0.11176700 0.03514443
v -0.02447786 -0.12798260 -0.00055065
v -0.02836227 -0.12892701 0.00605060
v -0.02447284 -0.12723781 0.00797767
v -0.02836227 -0.12892701 0.00605060
v -0.02840432 -0.12702121 0.01375841
v -0.02456255 -0.12551471 0.01413889
v -0.03552608 -0.12329251 -0.01980289
v -0.03295363 -0.12434820 -0.02009982
v -0.03409824 -0.12167950 -0.02461820
v -0.03703630 -0.11887591 -0.02485579
v -0.03552608 -0.12329251 -0.01980289
v -0.03409824 -0.12167950 -0.02461820
v -0.03410708 -0.11781180 -0.02952177
v -0.03413029 -0.11201661 -0.03484411
v -0.04000855 -0.11264911 -0.02849514
v -0.04005504 -0.10872240 -0.03177946
v -0.03414404 -0.10590240 -0.03866683
v -0.03987024 -0.10322210 -0.03534607
v -0.04025544 -0.09165716 -0.03870751
v -0.03410087 -0.08787263 -0.04370401
v -0.04018443 -0.08583809 -0.03920354
v -0.04004194 -0.06237439 -0.03181570
v -0.03748608 -0.06676956 -0.03675183
v -0.03409561 -0.05935703 -0.03517683
v -0.04062479 -0.05798842 -0.02746042
v -0.03404376 -0.05322811 -0.02959649
v -0.04001855 -0.05344821 -0.02294910
v -0.04001855 -0.05344821 -0.02294910
v -0.03405767 -0.04948497 -0.02486101
v -0.03766094 -0.04879901 -0.01859688
v -0.03783620 -0.04662461 0.01283585
v -0.03847552 -0.04577204 0.00791550
v -0.03385470 -0.04375122 0.01310531
v -0.03835366 -0.04557161 -0.00763071
v -0.03829426 -0.04633153 -0.01056806
v -0.03412543 -0.04217033 -0.00633856
v -0.03765967 -0.06691812 0.03669158
v -0.03998362 -0.06216033 0.03180334
v -0.03405733 -0.06062784 0.03600703
v -0.03409997 -0.05034342 0.02616873
v -0.03932117 -0.04966175 0.01761293
v -0.03352460 -0.04671662 0.02023826
v -0.03745040 -0.07895565 -0.01513827
v -0.04061077 -0.07879660 -0.01517167
v -0.03745050 -0.07489653 -0.01263195
v -0.04045959 -0.07554840 0.01337624
v -0.03745166 -0.07491130 0.01264509
v -0.04048778 -0.07158427 0.00897890
v -0.03801482 -0.06918956 -0.00435130
v -0.04093634 -0.06891770 -0.00416844
v -0.04045915 -0.06895401 0.00019201
v -0.03745040 -0.09954828 0.00863933
v -0.03745114 -0.10136831 0.00449437
v -0.03745087 -0.07897583 0.01514586
v -0.03745433 -0.07064946 -0.00754270
v -0.03336522 -0.12937841 0.00994108
v -0.03325364 -0.12703051 0.01720051
v -0.03593818 -0.12608861 0.01459583
v -0.03161197 -0.12754001 -0.01623839
v -0.03329715 -0.12966251 -0.00895031
v -0.03416458 -0.12673021 -0.01674986
v -0.03346200 -0.09585931 0.04374132
v -0.03282799 -0.09107512 0.04467140
v -0.03461285 -0.08756060 0.04412734
v -0.03207609 -0.06921756 -0.04203368
v -0.03353085 -0.07575037 -0.04386132
v -0.03352321 -0.06883725 -0.04153736
v -0.03386419 -0.04410274 0.01669919
v -0.03175754 -0.04303555 -0.01504825
v -0.03411277 -0.04412995 -0.01639339
v -0.03351747 -0.04158652 -0.00956046
v -0.03336522 -0.12937841 0.00994108
v -0.01948119 -0.12801540 0.01476829
v -0.03325364 -0.12703051 0.01720051
v -0.03339994 -0.12108471 0.02748137
v -0.03321378 -0.12468151 0.02219781
v -0.01947011 -0.12044741 0.02835862
v -0.01948746 -0.09275843 -0.04442261
v -0.03341798 -0.08774598 -0.04494144
v -0.01947802 -0.08481356 -0.04500034
v -0.03331993 -0.08280735 0.04492279
v -0.01947500 -0.08621528 0.04499143
v -0.01948322 -0.07824002 0.04442011
v -0.03349898 -0.07602956 0.04394335
v -0.01948322 -0.07824002 0.04442011
v -0.03175793 -0.07045176 0.04246445
v -0.03343666 -0.06037354 0.03730002
v -0.01946548 -0.06352701 0.03926665
v -0.01947628 -0.05698178 0.03481377
v -0.03351887 -0.04164533 0.00978520
v -0.01946019 -0.04132628 0.00860307
v -0.03332033 -0.04080131 0.00505181
v -0.03332033 -0.04080131 0.00505181
v -0.01946019 -0.04132628 0.00860307
v -0.01947010 -0.04050558 0.00074236
v -0.03272283 -0.10496950 0.03850405
v -0.03949926 -0.10296891 0.03574684
v -0.03243761 -0.10306791 0.03615815
v -0.03251850 -0.09866775 0.03797326
v -0.03989824 -0.09963253 0.03636872
v -0.03661916 -0.09849994 0.03877041
v -0.03252510 -0.04955046 0.01488971
v -0.04065415 -0.04933108 0.01413298
v -0.03252505 -0.04750425 0.01315740
v -0.04038502 -0.07133715 -0.03627403
v -0.03253790 -0.07060900 -0.03594506
v -0.03992732 -0.06875302 -0.03573115
v -0.03992732 -0.06875302 -0.03573115
v -0.03243753 -0.06793644 -0.03615606
v -0.03748608 -0.06676956 -0.03675183
v -0.03127215 -0.12267341 -0.01716951
v -0.02456255 -0.12551471 0.01413889
v -0.03109272 -0.12612250 0.01455811
v -0.03126361 -0.12392041 0.01414529
v -0.02256656 -0.12366460 0.01424114
v -0.03126361 -0.12392041 0.01414529
v -0.03127302 -0.12228390 0.01560313
v -0.03127302 -0.12228390 0.01560313
v -0.02416128 -0.12301420 0.01738664
v -0.02246738 -0.12233780 0.01601769
v -0.01895117 -0.09998394 0.03779088
v -0.03123082 -0.09981573 0.03777700
v -0.02457237 -0.09971590 0.04006212
v -0.03116915 -0.06880059 0.03695745
v -0.03124548 -0.06710749 0.03893267
v -0.02451182 -0.06721865 0.03830847
v -0.03117120 -0.04778182 -0.01428498
v -0.01898057 -0.04860531 -0.01597171
v -0.02413513 -0.04718838 -0.01420117
v -0.03121227 -0.07122605 -0.03790553
v -0.03124548 -0.07097591 -0.04053502
v -0.02449382 -0.07134935 -0.04000771
v -0.03295525 -0.04869925 0.01669675
v -0.03626101 -0.04681074 0.01847167
v -0.03286572 -0.04678861 0.01818598
v -0.03300028 -0.07154280 -0.03914001
v -0.04008962 -0.07100145 -0.03740000
v -0.03295000 -0.07040539 -0.03706198
v -0.03296278 -0.06880336 -0.03680069
v -0.03982484 -0.06893199 -0.03674960
v -0.03610333 -0.06696894 -0.03878196
v -0.03352321 -0.06883725 -0.04153736
v -0.03528910 -0.10379770 -0.03959416
v -0.03294723 -0.10353650 -0.03940616
v -0.03382163 -0.10200921 -0.04146273
v -0.03295198 -0.10103480 -0.03673494
v -0.04057696 -0.10104161 -0.03669732
v -0.03967323 -0.09972229 -0.03786146
v -0.03416458 -0.12673021 -0.01674986
v -0.03295008 -0.12627951 -0.01658401
v -0.03292461 -0.12429111 -0.01824410
v -0.03739032 -0.10353991 0.03799489
v -0.03292898 -0.10366491 0.03863074
v -0.03296295 -0.10219810 0.03680093
v -0.03293564 -0.10075940 0.04078354
v -0.03748117 -0.09963167 0.03955266
v -0.03294643 -0.09958303 0.03839150
v -0.03296295 -0.10219810 0.03680093
v -0.03295288 -0.06996386 0.03673501
v -0.03295025 -0.06792553 0.03740349
v -0.03866635 -0.06808652 0.03725640
v -0.03411242 -0.06910599 0.04137002
v -0.03538618 -0.06721305 0.03952735
v -0.03288845 -0.06780786 0.04004487
v -0.04050350 -0.05070264 -0.00657902
v -0.03786624 -0.04988416 -0.00620803
v -0.04039086 -0.04718513 -0.00630364
v -0.03795351 -0.06918013 -0.00686749
v -0.03793929 -0.05109620 0.00622291
v -0.04144181 -0.05134416 0.00655012
v -0.04143051 -0.05083777 0.00415027
v -0.03793929 -0.05109620 0.00622291
v -0.03789943 -0.04954771 0.00372925
v -0.03790235 -0.04922088 0.00776818
v -0.03828040 -0.04515766 0.00498489
v -0.03703459 -0.07840226 0.02875981
v -0.03681450 -0.07785097 0.02532666
v -0.03645000 -0.07795218 0.02621604
v -0.04771754 -0.07727875 0.02324249
v -0.03703459 -0.07750209 0.02367228
v -0.03867443 -0.07713972 0.02162420
v -0.04153928 -0.10578290 0.02745018
v -0.04221374 -0.07896325 0.03266115
v -0.03868173 -0.07880854 0.03078987
v -0.03676527 -0.12189341 0.02046122
v -0.03703459 -0.07840226 0.02875981
v -0.03645000 -0.07795218 0.02621604
v -0.03794866 -0.12371940 0.01408089
v -0.03731996 -0.12248160 0.01514063
v -0.03867443 -0.07713972 0.02162420
v -0.03885126 -0.12348841 0.01328823
v -0.03867443 -0.07713972 0.02162420
v -0.04218960 -0.07670730 0.01987978
v -0.04542279 -0.06873230 0.03314286
v -0.04159200 -0.06595549 0.03329682
v -0.04503678 -0.06583892 0.03227773
v -0.04504608 -0.06649322 0.02368920
v -0.04146597 -0.06657817 0.02249046
v -0.04147657 -0.06393018 0.02511607
v -0.04470575 -0.06482476 0.03015606
v -0.04754653 -0.06705326 0.02808712
v -0.04495038 -0.06440741 0.02700428
v -0.04133258 -0.06448391 0.03093996
v -0.04470575 -0.06482476 0.03015606
v -0.04158015 -0.06333318 0.02806745
v -0.04218426 -0.07095340 -0.03391382
v -0.04545026 -0.06782260 -0.03315090
v -0.04158298 -0.06633353 -0.03345352
v -0.04782284 -0.06760550 -0.02521192
v -0.04661739 -0.06547261 -0.02517591
v -0.04835464 -0.06693754 -0.02875000
v -0.04608839 -0.06726030 -0.02326494
v -0.04221171 -0.06649974 -0.02159671
v -0.04224252 -0.06362206 -0.02370892
v -0.04556540 -0.06377081 -0.02780511
v -0.04224252 -0.06362206 -0.02370892
v -0.04226733 -0.06258471 -0.02704014
v -0.04099215 -0.07514807 0.03052864
v -0.03713565 -0.07466764 0.02746863
v -0.03880532 -0.07475951 0.02826026
v -0.03834136 -0.07395309 0.02353477
v -0.03948889 -0.07405684 0.02428893
v -0.04491566 -0.07397364 0.02381868
v -0.04487376 -0.07506668 0.03140239
v -0.04671556 -0.07437080 0.03004323
v -0.04498661 -0.06777501 0.03255689
v -0.03664739 -0.11916111 -0.02296200
v -0.03703630 -0.11887591 -0.02485579
v -0.03805631 -0.11559221 -0.02516243
v -0.04100183 -0.10677550 -0.02824980
v -0.04138735 -0.10890671 -0.02868722
v -0.04137379 -0.07815316 -0.03354096
v -0.03989824 -0.09963253 0.03636872
v -0.04099740 -0.10022990 0.03513827
v -0.04002832 -0.09793741 0.03743246
v -0.03983163 -0.07312326 -0.03759876
v -0.03708398 -0.07254625 -0.03881625
v -0.04038502 -0.07133715 -0.03627403
v -0.03121162 -0.04860352 -0.01670989
v -0.03351597 -0.04665897 -0.02017772
v -0.03124549 -0.04656733 -0.01839252
v -0.04143602 -0.04989377 0.00815841
v -0.03847552 -0.04577204 0.00791550
v -0.04033261 -0.04754050 0.00922251
v -0.03241450 -0.10466391 -0.03834398
v -0.03124548 -0.10389251 -0.03893267
v -0.03116864 -0.10219810 -0.03695682
v -0.03789943 -0.04954771 0.00372925
v -0.04021311 -0.04865531 0.00373009
v -0.03828040 -0.04515766 0.00498489
v -0.03256473 -0.10037281 -0.03593408
v -0.03116864 -0.10219810 -0.03695682
v -0.03119479 -0.09975454 -0.03775528
v -0.03128088 -0.10127791 0.03691308
v -0.03243761 -0.10306791 0.03615815
v -0.03256365 -0.10038940 0.03592958
v -0.03126361 -0.12392041 0.01414529
v -0.03249042 -0.12351410 0.01310548
v -0.03127302 -0.12228390 0.01560313
v -0.03126873 -0.12424161 -0.01419051
v -0.03122127 -0.12254281 -0.01513625
v -0.03256291 -0.12343901 -0.01312091
v -0.03256100 -0.04956252 -0.01487619
v -0.03121162 -0.04860352 -0.01670989
v -0.03117120 -0.04778182 -0.01428498
v -0.03350098 -0.07238375 0.04173511
v -0.03244412 -0.07235666 0.03798734
v -0.03119565 -0.07124285 0.03776160
v -0.04060653 -0.08181032 -0.01630119
v -0.03948379 -0.08334748 -0.01870827
v -0.04142334 -0.08181502 -0.01807438
v -0.04142396 -0.07643196 0.01506851
v -0.04045959 -0.07554840 0.01337624
v -0.04144300 -0.07095143 0.01004792
v -0.04045959 -0.07554840 0.01337624
v -0.04048778 -0.07158427 0.00897890
v -0.04144300 -0.07095143 0.01004792
v -0.04101414 -0.10020501 0.00808051
v -0.04103240 -0.09580398 0.01323840
v -0.04138552 -0.09548308 0.01564138
v -0.04468668 -0.10702840 0.01229516
v -0.04222723 -0.11005620 0.01162504
v -0.04223024 -0.10732390 0.01260027
v -0.04120114 -0.10200981 0.00289736
v -0.04196572 -0.10319540 0.00078988
v -0.04079550 -0.10192490 -0.00264457
v -0.04472000 -0.10872990 0.00831731
v -0.04079550 -0.10192490 -0.00264457
v -0.04045142 -0.10016930 -0.00784266
v -0.04144400 -0.09996708 -0.01018466
v -0.04089792 -0.09574937 -0.01328279
v -0.04468176 -0.10998160 -0.01074103
v -0.04223475 -0.11049531 -0.01095844
v -0.04468101 -0.10914881 -0.00851878
v -0.04468101 -0.10914881 -0.00851878
v -0.04223475 -0.11049531 -0.01095844
v -0.04223765 -0.10867971 -0.00793355
v -0.04223475 -0.11049531 -0.01095844
v -0.04468176 -0.10998160 -0.01074103
v -0.04468838 -0.10811610 -0.01237940
v -0.04468101 -0.10914881 -0.00851878
v -0.04223765 -0.10867971 -0.00793355
v -0.04468497 -0.10638560 -0.00882635
v -0.04468497 -0.10638560 -0.00882635
v -0.04223765 -0.10867971 -0.00793355
v -0.04222786 -0.10563260 -0.00954275
v -0.04220278 -0.10729011 -0.01258309
v -0.04468838 -0.10811610 -0.01237940
v -0.04465730 -0.10626680 -0.01121765
v -0.04222786 -0.10563260 -0.00954275
v -0.04465730 -0.10626680 -0.01121765
v -0.04468497 -0.10638560 -0.00882635
v -0.04468101 -0.10914881 -0.00851878
v -0.04465730 -0.10626680 -0.01121765
v -0.03995000 -0.09606051 -0.00919107
v -0.03995000 -0.09270343 -0.01200460
v -0.03995510 -0.08634896 -0.01411091
v -0.03994940 -0.07474984 -0.00911302
v -0.03745000 -0.09914306 0.00314125
v -0.03749990 -0.09944108 -0.00123298
v -0.03745000 -0.09750461 0.00720344
v -0.03747201 -0.09471142 0.01053911
v -0.03745000 -0.08864125 -0.01364304
v -0.03747201 -0.07496090 0.00921142
v -0.03747202 -0.07628859 -0.01053911
v -0.02452467 -0.12733790 -0.01322021
v -0.02444102 -0.12449061 0.02005256
v -0.02449394 -0.04719276 -0.01827397
v -0.03124549 -0.04656733 -0.01839252
v -0.02841366 -0.04627883 -0.01925676
v -0.02457682 -0.10380700 -0.03831657
v -0.03124549 -0.04656733 -0.01839252
v -0.03351597 -0.04665897 -0.02017772
v -0.02841366 -0.04627883 -0.01925676
v -0.02553034 -0.04729149 0.01909877
v -0.02409189 -0.04845333 0.01693544
v -0.02445618 -0.04698123 0.01835392
v -0.02409189 -0.04845333 0.01693544
v -0.02553034 -0.04729149 0.01909877
v -0.03066240 -0.04625337 0.01866010
v -0.03066240 -0.04625337 0.01866010
v -0.02553034 -0.04729149 0.01909877
v -0.02839009 -0.04641812 0.01963625
v -0.02445618 -0.04698123 0.01835392
v -0.02553058 -0.04497755 -0.01351264
v -0.02413513 -0.04718838 -0.01420117
v -0.02445499 -0.04527593 -0.01426002
v -0.02413513 -0.04718838 -0.01420117
v -0.02553058 -0.04497755 -0.01351264
v -0.03066326 -0.04455396 -0.01455702
v -0.02449382 -0.07134935 -0.04000771
v -0.03124548 -0.07097591 -0.04053502
v -0.02841368 -0.07138299 -0.04135010
v -0.02840432 -0.12702121 0.01375841
v -0.03389770 -0.12735010 0.01294896
v -0.03109272 -0.12612250 0.01455811
v -0.02445542 -0.12402740 -0.01836039
v -0.02553050 -0.12370851 -0.01909874
v -0.02409335 -0.12255651 -0.01695065
v -0.02553050 -0.12370851 -0.01909874
v -0.02839007 -0.12458191 -0.01963625
v -0.03065961 -0.12474660 -0.01866006
v -0.03094880 -0.12640031 -0.01463492
v -0.02834956 -0.12700921 -0.01375876
v -0.02457413 -0.12560580 -0.01407961
v -0.03094880 -0.12640031 -0.01463492
v -0.02457413 -0.12560580 -0.01407961
v -0.02434369 -0.12409471 -0.01424025
v -0.03094880 -0.12640031 -0.01463492
v -0.03243818 -0.12710811 -0.01348840
v -0.02834956 -0.12700921 -0.01375876
v -0.03991900 -0.12427941 0.00699504
v -0.03770852 -0.12559170 0.00480418
v -0.04131653 -0.12190230 0.00673950
v -0.03714391 -0.12285031 -0.00027772
v -0.03727218 -0.12103331 0.00084936
v -0.03617657 -0.12207490 -0.00161321
v -0.04131653 -0.12190230 0.00673950
v -0.03770852 -0.12559170 0.00480418
v -0.04144426 -0.11932421 0.00634771
v -0.04218248 -0.10983990 0.00856836
v -0.03592003 -0.12777201 0.00264200
v -0.03426025 -0.12920641 -0.00139438
v -0.03534819 -0.12788460 -0.00066498
v -0.03534819 -0.12788460 -0.00066498
v -0.03426025 -0.12920641 -0.00139438
v -0.03659694 -0.12659810 -0.00368469
v -0.04221202 -0.05974039 0.02005622
v -0.04143051 -0.05083777 0.00415027
v -0.04138671 -0.04906830 -0.00504937
v -0.04100312 -0.04737923 0.00284334
v -0.03426025 -0.12920641 -0.00139438
v -0.03818431 -0.12588511 -0.00533026
v -0.03659694 -0.12659810 -0.00368469
v -0.03991900 -0.12427941 0.00699504
v -0.03592003 -0.12777201 0.00264200
v -0.03770852 -0.12559170 0.00480418
v -0.04002227 -0.11267411 0.02843140
v -0.04139828 -0.10883900 0.02863892
v -0.04022481 -0.10832960 0.03188612
v -0.04022481 -0.10832960 0.03188612
v -0.04139828 -0.10883900 0.02863892
v -0.04099740 -0.10022990 0.03513827
v -0.04142076 -0.08968111 0.03681291
v -0.04145776 -0.07780915 0.03413687
v -0.04120875 -0.07769545 0.03656217
v -0.04038800 -0.06966140 0.03564369
v -0.04120875 -0.07769545 0.03656217
v -0.04139523 -0.06846422 0.03346858
v -0.03998362 -0.06216033 0.03180334
v -0.04139523 -0.06846422 0.03346858
v -0.04133258 -0.06448391 0.03093996
v -0.04139279 -0.05702510 0.02361552
v -0.04065415 -0.04933108 0.01413298
v -0.04021155 -0.05348957 0.02262615
v -0.04137402 -0.08144813 0.01818201
v -0.04135139 -0.07558113 0.01940578
v -0.03818431 -0.12588511 -0.00533026
v -0.04080081 -0.12329931 -0.00674279
v -0.04141882 -0.11951261 -0.00634782
v -0.04170007 -0.07341993 0.02139733
v -0.04145549 -0.06631552 -0.00411293
v -0.03529012 -0.12349670 0.01994723
v -0.03620713 -0.12061751 0.02203769
v -0.03748081 -0.11759160 0.02599060
v -0.03798194 -0.06489186 -0.00777716
v -0.04142490 -0.06462416 -0.00812231
v -0.04143669 -0.06423973 -0.00548164
v -0.03748081 -0.11759160 0.02599060
v -0.03620713 -0.12061751 0.02203769
v -0.04002227 -0.11267411 0.02843140
v -0.04002227 -0.11267411 0.02843140
v -0.03620713 -0.12061751 0.02203769
v -0.03820843 -0.11539181 0.02536435
v -0.04002227 -0.11267411 0.02843140
v -0.03820843 -0.11539181 0.02536435
v -0.04139828 -0.10883900 0.02863892
v -0.03741374 -0.04589664 -0.01410477
v -0.04064839 -0.04675820 -0.00804162
v -0.03351747 -0.04158652 -0.00956046
v -0.03976770 -0.04528382 0.00266392
v -0.03351887 -0.04164533 0.00978520
v -0.03332033 -0.04080131 0.00505181
v -0.03386864 -0.05568258 -0.03329531
v -0.03386864 -0.05568258 -0.03329531
v -0.04051155 -0.05735107 -0.02822273
v -0.03336534 -0.05194396 -0.02991657
v -0.03382163 -0.10200921 -0.04146273
v -0.03741743 -0.09960393 -0.03960102
v -0.03351147 -0.09509115 -0.04390697
v -0.03351147 -0.09509115 -0.04390697
v -0.04139828 -0.10883900 0.02863892
v -0.03820843 -0.11539181 0.02536435
v -0.04095543 -0.10608770 0.02829624
v -0.04139828 -0.10883900 0.02863892
v -0.04095543 -0.10608770 0.02829624
v -0.04145776 -0.07780915 0.03413687
v -0.03341798 -0.08774598 -0.04494144
v -0.04074412 -0.08277816 -0.03943310
v -0.03335195 -0.08051426 -0.04470375
v -0.03329715 -0.12966251 -0.00895031
v -0.03300122 -0.13055201 -0.00086333
v -0.03625823 -0.12826850 -0.00511169
v -0.03683161 -0.12548530 -0.01430897
v -0.03329715 -0.12966251 -0.00895031
v -0.03866051 -0.12445280 -0.01329501
v -0.03718110 -0.12095111 0.02298355
v -0.03339994 -0.12108471 0.02748137
v -0.04097969 -0.11348520 0.02786905
v -0.04077769 -0.10729760 0.03289913
v -0.03432334 -0.10320791 0.04076592
v -0.03739032 -0.10353991 0.03799489
v -0.04098223 -0.12449261 0.00628966
v -0.04083538 -0.12316630 0.01180767
v -0.04225735 -0.12163431 0.00619093
v -0.03529012 -0.12349670 0.01994723
v -0.03539711 -0.12182651 0.01851922
v -0.03620713 -0.12061751 0.02203769
v -0.04095543 -0.10608770 0.02829624
v -0.03820843 -0.11539181 0.02536435
v -0.03836011 -0.07801836 0.03202503
v -0.03620713 -0.12061751 0.02203769
v -0.03539711 -0.12182651 0.01851922
v -0.03561986 -0.07726233 0.02788265
v -0.03546780 -0.07702568 0.02565164
v -0.03581594 -0.12090281 0.01608769
v -0.03606535 -0.07648555 0.02356639
v -0.03606535 -0.07648555 0.02356639
v -0.03752945 -0.08572416 0.01953423
v -0.03772269 -0.07612487 0.02121298
v -0.03772269 -0.07612487 0.02121298
v -0.04137402 -0.08144813 0.01818201
v -0.04135139 -0.07558113 0.01940578
v -0.04697145 -0.06794738 -0.03052891
v -0.04501673 -0.06790940 -0.03246914
v -0.04493965 -0.06491886 -0.03023781
v -0.04501673 -0.06790940 -0.03246914
v -0.04119343 -0.06612168 -0.03245405
v -0.04493965 -0.06491886 -0.03023781
v -0.04607571 -0.06502315 -0.02776527
v -0.04493965 -0.06491886 -0.03023781
v -0.04150873 -0.06332373 -0.02909968
v -0.04491420 -0.06488299 -0.02532338
v -0.04607571 -0.06502315 -0.02776527
v -0.04150873 -0.06332373 -0.02909968
v -0.04067399 -0.10945761 -0.03158193
v -0.03954552 -0.11605640 -0.02663434
v -0.04127247 -0.11280391 -0.02747166
v -0.04127247 -0.11280391 -0.02747166
v -0.04215368 -0.10940671 -0.02765057
v -0.04067399 -0.10945761 -0.03158193
v -0.04067399 -0.10945761 -0.03158193
v -0.04215368 -0.10940671 -0.02765057
v -0.04188224 -0.10261191 -0.03338687
v -0.04190974 -0.10427581 0.03239479
v -0.04077769 -0.10729760 0.03289913
v -0.04048041 -0.10019271 0.03712930
v -0.04216102 -0.10914130 0.02756535
v -0.04190974 -0.10427581 0.03239479
v -0.04214744 -0.09452388 0.03573408
v -0.04190974 -0.10427581 0.03239479
v -0.04048041 -0.10019271 0.03712930
v -0.04214744 -0.09452388 0.03573408
v -0.04214744 -0.09452388 0.03573408
v -0.04048041 -0.10019271 0.03712930
v -0.04070169 -0.09142154 0.03917073
v -0.04057696 -0.10104161 -0.03669732
v -0.04188224 -0.10261191 -0.03338687
v -0.04215972 -0.09015301 -0.03668124
v -0.04084294 -0.07682154 -0.03845088
v -0.04190513 -0.07752124 -0.03649354
v -0.04218426 -0.07095340 -0.03391382
v -0.04080466 -0.07713134 0.03857685
v -0.03968298 -0.07127993 0.03786299
v -0.04022589 -0.06980773 0.03677555
v -0.03982484 -0.06893199 -0.03674960
v -0.04008962 -0.07100145 -0.03740000
v -0.04158298 -0.06633353 -0.03345352
v -0.04222884 -0.07077179 0.03394173
v -0.04080466 -0.07713134 0.03857685
v -0.04159200 -0.06595549 0.03329682
v -0.04072478 -0.05610671 0.02649850
v -0.04159200 -0.06595549 0.03329682
v -0.03967656 -0.06155100 0.03258808
v -0.04051155 -0.05735107 -0.02822273
v -0.04200017 -0.06307476 -0.03001753
v -0.04189822 -0.05585227 -0.02289319
v -0.04073627 -0.05260141 -0.02184108
v -0.04189822 -0.05585227 -0.02289319
v -0.04192160 -0.05114105 -0.01469151
v -0.04232985 -0.05105268 0.00867228
v -0.04223140 -0.05559288 0.01899884
v -0.04192735 -0.05085017 0.01407834
v -0.04191777 -0.04844763 -0.00524518
v -0.04227930 -0.05013239 -0.00166997
v -0.04191898 -0.04839851 0.00451691
v -0.03967728 -0.04763528 -0.01422081
v -0.04059957 -0.04880002 -0.01551780
v -0.04064839 -0.04675820 -0.00804162
v -0.04064839 -0.04675820 -0.00804162
v -0.04191777 -0.04844763 -0.00524518
v -0.04077304 -0.04601602 -0.00202746
v -0.04809244 -0.07811390 -0.02838656
v -0.04837131 -0.07774997 -0.02540722
v -0.04835464 -0.06693754 -0.02875000
v -0.04835464 -0.06693754 -0.02875000
v -0.04837131 -0.07774997 -0.02540722
v -0.04782284 -0.06760550 -0.02521192
v -0.04218753 -0.07891159 -0.03262400
v -0.03867443 -0.07872824 -0.03079990
v -0.04042424 -0.07887310 -0.03146814
v -0.03703459 -0.07836827 -0.02875139
v -0.04480654 -0.07693103 -0.02080276
v -0.03866846 -0.07716488 -0.02162618
v -0.04219595 -0.07670536 -0.01986147
v -0.04138735 -0.10890671 -0.02868722
v -0.04470713 -0.07885717 0.03161448
v -0.04221374 -0.07896325 0.03266115
v -0.04222884 -0.07077179 0.03394173
v -0.04470713 -0.07885717 0.03161448
v -0.04222884 -0.07077179 0.03394173
v -0.04542279 -0.06873230 0.03314286
v -0.04848813 -0.07796235 0.02694451
v -0.04750800 -0.06845632 0.03118915
v -0.04848516 -0.06809227 0.02836339
v -0.04771754 -0.07727875 0.02324249
v -0.04848813 -0.07796235 0.02694451
v -0.04848516 -0.06809227 0.02836339
v -0.04599670 -0.07705263 0.02145955
v -0.04771754 -0.07727875 0.02324249
v -0.04770896 -0.06726110 0.02506212
v -0.04599670 -0.07705263 0.02145955
v -0.04770896 -0.06726110 0.02506212
v -0.04630132 -0.06669400 0.02361435
v -0.04138735 -0.10890671 -0.02868722
v -0.04005504 -0.10872240 -0.03177946
v -0.04104803 -0.10033590 -0.03506219
v -0.04104803 -0.10033590 -0.03506219
v -0.03941545 -0.09838778 -0.03773315
v -0.04025544 -0.09165716 -0.03870751
v -0.04018443 -0.08583809 -0.03920354
v -0.04130468 -0.08149997 -0.03709384
v -0.04018443 -0.08583809 -0.03920354
v -0.04023485 -0.07985176 -0.03881112
v -0.04130468 -0.08149997 -0.03709384
v -0.04023485 -0.07985176 -0.03881112
v -0.03983163 -0.07312326 -0.03759876
v -0.04130468 -0.08149997 -0.03709384
v -0.04038502 -0.07133715 -0.03627403
v -0.04139919 -0.06938134 -0.03346212
v -0.04134192 -0.05027289 -0.01062735
v -0.04141292 -0.05393712 -0.01899323
v -0.04039241 -0.04988003 -0.01575335
v -0.04022481 -0.10832960 0.03188612
v -0.03949926 -0.10296891 0.03574684
v -0.03408852 -0.10637651 0.03841022
v -0.04080081 -0.12329931 -0.00674279
v -0.03818431 -0.12588511 -0.00533026
v -0.03959035 -0.12347710 -0.01171356
v -0.03756724 -0.12379671 0.01293635
v -0.03693480 -0.12205671 0.01390834
v -0.03249042 -0.12351410 0.01310548
v -0.03593818 -0.12608861 0.01459583
v -0.03325364 -0.12703051 0.01720051
v -0.03294178 -0.12574511 0.01459701
v -0.02833341 -0.09196765 -0.04335765
v -0.02448235 -0.09349138 -0.04173927
v -0.02446618 -0.08491326 -0.04248090
v -0.02446618 -0.08491326 -0.04248090
v -0.02448519 -0.07770959 -0.04177883
v -0.02841566 -0.07745324 -0.04304911
v -0.02841566 -0.07745324 -0.04304911
v -0.02448519 -0.07770959 -0.04177883
v -0.02449382 -0.07134935 -0.04000771
v -0.02839007 -0.12458191 -0.01963625
v -0.02553050 -0.12370851 -0.01909874
v -0.02832203 -0.12073730 -0.02607284
v -0.02841460 -0.11024930 -0.03613297
v -0.02446513 -0.11512730 -0.03044927
v -0.02448408 -0.10954410 -0.03504175
v -0.02884223 -0.10479890 -0.03926941
v -0.02841460 -0.11024930 -0.03613297
v -0.02457682 -0.10380700 -0.03831657
v -0.03066243 -0.10005710 -0.04094576
v -0.02839010 -0.09925013 -0.04152000
v -0.03354526 -0.09861760 -0.04173157
v -0.03295363 -0.12434820 -0.02009982
v -0.02839007 -0.12458191 -0.01963625
v -0.02832203 -0.12073730 -0.02607284
v -0.03413029 -0.11201661 -0.03484411
v -0.02841460 -0.11024930 -0.03613297
v -0.03414404 -0.10590240 -0.03866683
v -0.02447723 -0.06163211 -0.03515951
v -0.02446639 -0.05504692 -0.02962392
v -0.02842276 -0.05921621 -0.03511853
v -0.02842276 -0.05921621 -0.03511853
v -0.02446639 -0.05504692 -0.02962392
v -0.02831433 -0.05317492 -0.02952146
v -0.02841583 -0.04937023 -0.02475118
v -0.02450803 -0.05044702 -0.02403749
v -0.02449394 -0.04719276 -0.01827397
v -0.02841583 -0.04937023 -0.02475118
v -0.02449394 -0.04719276 -0.01827397
v -0.02841366 -0.04627883 -0.01925676
v -0.03066250 -0.06683989 -0.03924663
v -0.02839008 -0.06586377 -0.03908188
v -0.03350433 -0.06526941 -0.03878765
v -0.02453093 -0.04545649 0.01420989
v -0.02841339 -0.04415047 0.01411721
v -0.02842187 -0.04245204 0.00806377
v -0.02847248 -0.04207973 -0.00632247
v -0.02446574 -0.04301916 0.00058831
v -0.02831966 -0.04176606 0.00198249
v -0.03381079 -0.04372730 -0.01299292
v -0.02847248 -0.04207973 -0.00632247
v -0.03412543 -0.04217033 -0.00633856
v -0.02448559 -0.06146436 0.03504912
v -0.02451182 -0.06721865 0.03830847
v -0.02841591 -0.06074787 0.03612916
v -0.02446642 -0.05587710 0.03045411
v -0.02841591 -0.06074787 0.03612916
v -0.02831432 -0.05597720 0.03232379
v -0.02446642 -0.05587710 0.03045411
v -0.02831432 -0.05597720 0.03232379
v -0.02842303 -0.05038134 0.02628372
v -0.02842303 -0.05038134 0.02628372
v -0.03409997 -0.05034342 0.02616873
v -0.03352460 -0.04671662 0.02023826
v -0.02448566 -0.09327762 0.04178020
v -0.02457237 -0.09971590 0.04006212
v -0.02841858 -0.09355284 0.04304892
v -0.02448566 -0.09327762 0.04178020
v -0.02446492 -0.08608857 0.04248054
v -0.02842025 -0.07924878 0.04341660
v -0.02447653 -0.07752385 0.04173975
v -0.02447653 -0.07752385 0.04173975
v -0.02842025 -0.07924878 0.04341660
v -0.02461561 -0.07149794 0.04010570
v -0.02831689 -0.08747039 0.04373314
v -0.03404820 -0.08733586 0.04374905
v -0.02842025 -0.07924878 0.04341660
v -0.02842025 -0.07924878 0.04341660
v -0.03350098 -0.07238375 0.04173511
v -0.02839010 -0.07174988 0.04152000
v -0.02446588 -0.11594710 0.02962966
v -0.02846712 -0.11176700 0.03514443
v -0.02447994 -0.10936590 0.03516203
v -0.02846712 -0.11176700 0.03514443
v -0.02839008 -0.10513620 0.03908188
v -0.02464112 -0.10386061 0.03832958
v -0.02840507 -0.12161151 0.02477512
v -0.03341447 -0.12434661 0.02010280
v -0.03405961 -0.12149591 0.02489410
v -0.02840507 -0.12161151 0.02477512
v -0.03405961 -0.12149591 0.02489410
v -0.02831787 -0.11780011 0.02954917
v -0.03411481 -0.11196190 0.03488295
v -0.03408852 -0.10637651 0.03841022
v -0.03056511 -0.10411120 0.03920917
v -0.02839008 -0.10513620 0.03908188
v -0.02830338 -0.12858771 -0.00760074
v -0.02447786 -0.12798260 -0.00055065
v -0.02448706 -0.12727491 -0.00782860
v -0.02834956 -0.12700921 -0.01375876
v -0.02830338 -0.12858771 -0.00760074
v -0.02457413 -0.12560580 -0.01407961
v -0.03426025 -0.12920641 -0.00139438
v -0.02836093 -0.12925011 -0.00183227
v -0.03411098 -0.12865841 -0.00703587
v -0.02836227 -0.12892701 0.00605060
v -0.03412193 -0.12889310 0.00569467
v -0.03389770 -0.12735010 0.01294896
v -0.02451028 -0.12803571 0.01101322
v -0.02444911 -0.12694440 0.01360455
v -0.02444102 -0.12449061 0.02005256
v -0.02444332 -0.04651942 0.02011693
v -0.02444841 -0.04407054 0.01365126
v -0.02449762 -0.04291880 0.01082971
v -0.03409824 -0.12167950 -0.02461820
v -0.03410708 -0.11781180 -0.02952177
v -0.03703630 -0.11887591 -0.02485579
v -0.03703630 -0.11887591 -0.02485579
v -0.03410708 -0.11781180 -0.02952177
v -0.04000855 -0.11264911 -0.02849514
v -0.03941545 -0.09838778 -0.03773315
v -0.03354526 -0.09861760 -0.04173157
v -0.03406023 -0.09373813 -0.04297213
v -0.04025544 -0.09165716 -0.03870751
v -0.03406023 -0.09373813 -0.04297213
v -0.03410087 -0.08787263 -0.04370401
v -0.04023485 -0.07985176 -0.03881112
v -0.03417071 -0.07963852 -0.04339673
v -0.03983163 -0.07312326 -0.03759876
v -0.03983163 -0.07312326 -0.03759876
v -0.03417071 -0.07963852 -0.04339673
v -0.03369630 -0.07236612 -0.04176291
v -0.03748608 -0.06676956 -0.03675183
v -0.03350433 -0.06526941 -0.03878765
v -0.03409561 -0.05935703 -0.03517683
v -0.03992732 -0.06875302 -0.03573115
v -0.03748608 -0.06676956 -0.03675183
v -0.04004194 -0.06237439 -0.03181570
v -0.04001855 -0.05344821 -0.02294910
v -0.03404376 -0.05322811 -0.02959649
v -0.03405767 -0.04948497 -0.02486101
v -0.04039241 -0.04988003 -0.01575335
v -0.04001855 -0.05344821 -0.02294910
v -0.03766094 -0.04879901 -0.01859688
v -0.03985597 -0.04776176 -0.01194212
v -0.03381079 -0.04372730 -0.01299292
v -0.03829426 -0.04633153 -0.01056806
v -0.03938416 -0.04563578 -0.00138190
v -0.03835366 -0.04557161 -0.00763071
v -0.03412742 -0.04174463 0.00147441
v -0.03409997 -0.05034342 0.02616873
v -0.04021155 -0.05348957 0.02262615
v -0.03932117 -0.04966175 0.01761293
v -0.03341447 -0.12434661 0.02010280
v -0.03529012 -0.12349670 0.01994723
v -0.03405961 -0.12149591 0.02489410
v -0.04045959 -0.07554840 0.01337624
v -0.04082633 -0.08153141 0.01626347
v -0.03745087 -0.07897583 0.01514586
v -0.04061077 -0.07879660 -0.01517167
v -0.04043842 -0.07444377 -0.01250963
v -0.03745050 -0.07489653 -0.01263195
v -0.03745433 -0.07064946 -0.00754270
v -0.04043842 -0.07444377 -0.01250963
v -0.04118886 -0.06995671 -0.00717138
v -0.04048778 -0.07158427 0.00897890
v -0.03745270 -0.07173022 0.00907722
v -0.04049866 -0.06951873 0.00471329
v -0.04049866 -0.06951873 0.00471329
v -0.03747143 -0.06970143 0.00473421
v -0.04045915 -0.06895401 0.00019201
v -0.03745433 -0.07064946 -0.00754270
v -0.03801482 -0.06918956 -0.00435130
v -0.03745552 -0.06901223 0.00006346
v -0.03745573 -0.10199031 -0.00239508
v -0.03745669 -0.09952720 -0.00867506
v -0.03745237 -0.09663257 -0.01216664
v -0.03739914 -0.09181443 -0.01877610
v -0.03745166 -0.07491130 0.01264509
v -0.03161197 -0.12754001 -0.01623839
v -0.03416458 -0.12673021 -0.01674986
v -0.03264537 -0.12441321 -0.02266814
v -0.03264537 -0.12441321 -0.02266814
v -0.03416458 -0.12673021 -0.01674986
v -0.03451554 -0.12292840 -0.02360213
v -0.03384726 -0.10971560 0.03759510
v -0.03181848 -0.11444880 0.03453786
v -0.03149451 -0.10830710 0.03885362
v -0.03432334 -0.10320791 0.04076592
v -0.03212764 -0.10178901 0.04203149
v -0.03346200 -0.09585931 0.04374132
v -0.03485109 -0.10120160 0.04105572
v -0.03432334 -0.10320791 0.04076592
v -0.03346200 -0.09585931 0.04374132
v -0.03461285 -0.08756060 0.04412734
v -0.03282799 -0.09107512 0.04467140
v -0.03331993 -0.08280735 0.04492279
v -0.03411242 -0.06910599 0.04137002
v -0.03349898 -0.07602956 0.04394335
v -0.03175793 -0.07045176 0.04246445
v -0.03411242 -0.06910599 0.04137002
v -0.03175793 -0.07045176 0.04246445
v -0.03279357 -0.06496139 0.04006614
v -0.03207609 -0.06921756 -0.04203368
v -0.03352321 -0.06883725 -0.04153736
v -0.03383806 -0.06129315 -0.03760380
v -0.03211204 -0.06215518 -0.03856180
v -0.03383806 -0.06129315 -0.03760380
v -0.03383940 -0.04790491 0.02422020
v -0.03324884 -0.05131826 0.02930758
v -0.03194884 -0.04691636 0.02330700
v -0.03323258 -0.13033460 0.00335226
v -0.01947953 -0.12993281 0.00716483
v -0.03336522 -0.12937841 0.00994108
v -0.03336522 -0.12937841 0.00994108
v -0.01947953 -0.12993281 0.00716483
v -0.01948119 -0.12801540 0.01476829
v -0.03325364 -0.12703051 0.01720051
v -0.01948119 -0.12801540 0.01476829
v -0.03321378 -0.12468151 0.02219781
v -0.03341109 -0.11652971 0.03258072
v -0.01947011 -0.12044741 0.02835862
v -0.03181848 -0.11444880 0.03453786
v -0.03282799 -0.09107512 0.04467140
v -0.01947547 -0.09393452 0.04419908
v -0.01947500 -0.08621528 0.04499143
v -0.03282799 -0.09107512 0.04467140
v -0.01947500 -0.08621528 0.04499143
v -0.03331993 -0.08280735 0.04492279
v -0.03279357 -0.06496139 0.04006614
v -0.01946548 -0.06352701 0.03926665
v -0.03343666 -0.06037354 0.03730002
v -0.01947070 -0.05070596 -0.02853852
v -0.03336534 -0.05194396 -0.02991657
v -0.03346050 -0.04819952 -0.02512271
v -0.01947070 -0.05070596 -0.02853852
v -0.03346050 -0.04819952 -0.02512271
v -0.01946547 -0.04623334 -0.02197295
v -0.03351887 -0.04164533 0.00978520
v -0.03212070 -0.04346325 0.01627248
v -0.01946019 -0.04132628 0.00860307
v -0.03295363 -0.12434820 -0.02009982
v -0.03546935 -0.12084301 -0.01733580
v -0.03240118 -0.12139981 -0.01703502
v -0.03252360 -0.12186680 -0.01439541
v -0.03240118 -0.12139981 -0.01703502
v -0.03546935 -0.12084301 -0.01733580
v -0.03661916 -0.09849994 0.03877041
v -0.03363182 -0.09863821 0.04176037
v -0.03251850 -0.09866775 0.03797326
v -0.03758875 -0.07274919 0.03916252
v -0.04010858 -0.07198347 0.03696053
v -0.03244412 -0.07235666 0.03798734
v -0.03255263 -0.07062439 0.03594008
v -0.04038800 -0.06966140 0.03564369
v -0.03252035 -0.06794284 0.03616982
v -0.03252510 -0.04955046 0.01488971
v -0.03932117 -0.04966175 0.01761293
v -0.04065415 -0.04933108 0.01413298
v -0.03252505 -0.04750425 0.01315740
v -0.04065415 -0.04933108 0.01413298
v -0.03783620 -0.04662461 0.01283585
v -0.03256100 -0.04956252 -0.01487619
v -0.04039241 -0.04988003 -0.01575335
v -0.03252058 -0.04933018 -0.01755729
v -0.03860896 -0.04800194 -0.01313233
v -0.03243770 -0.04751656 -0.01314728
v -0.03381079 -0.04372730 -0.01299292
v -0.04038502 -0.07133715 -0.03627403
v -0.03708398 -0.07254625 -0.03881625
v -0.03252045 -0.07233887 -0.03799073
v -0.03748608 -0.06676956 -0.03675183
v -0.03243753 -0.06793644 -0.03615606
v -0.03350433 -0.06526941 -0.03878765
v -0.03662850 -0.10371991 -0.03660469
v -0.03241450 -0.10466391 -0.03834398
v -0.03251891 -0.10304091 -0.03616226
v -0.03986013 -0.10118001 -0.03570772
v -0.03662850 -0.10371991 -0.03660469
v -0.03251891 -0.10304091 -0.03616226
v -0.03256473 -0.10037281 -0.03593408
v -0.03244335 -0.09864822 -0.03797452
v -0.03941545 -0.09838778 -0.03773315
v -0.02456255 -0.12551471 0.01413889
v -0.03126361 -0.12392041 0.01414529
v -0.02256656 -0.12366460 0.01424114
v -0.01895272 -0.10183120 0.03679609
v -0.03128088 -0.10127791 0.03691308
v -0.03123082 -0.09981573 0.03777700
v -0.03126355 -0.04833233 0.01716384
v -0.02409189 -0.04845333 0.01693544
v -0.03066240 -0.04625337 0.01866010
v -0.01895339 -0.04801518 0.01460147
v -0.03119636 -0.04842230 0.01503803
v -0.03126989 -0.04675864 0.01419086
v -0.01898057 -0.04860531 -0.01597171
v -0.03121162 -0.04860352 -0.01670989
v -0.02449394 -0.04719276 -0.01827397
v -0.03121162 -0.04860352 -0.01670989
v -0.03124549 -0.04656733 -0.01839252
v -0.02449394 -0.04719276 -0.01827397
v -0.04056232 -0.04837590 0.01466464
v -0.03983347 -0.04875096 0.01656711
v -0.03295000 -0.04843802 0.01509461
v -0.03295525 -0.04869925 0.01669675
v -0.03983347 -0.04875096 0.01656711
v -0.03626101 -0.04681074 0.01847167
v -0.03735216 -0.04585918 0.01416617
v -0.03294789 -0.04531592 0.01462876
v -0.03386419 -0.04410274 0.01669919
v -0.03295000 -0.04843802 0.01509461
v -0.03295525 -0.04869925 0.01669675
v -0.03294789 -0.04531592 0.01462876
v -0.04059957 -0.04880002 -0.01551780
v -0.03295319 -0.04876476 -0.01553272
v -0.03866814 -0.04824513 -0.01741284
v -0.03538608 -0.04597278 -0.01828714
v -0.03295106 -0.04809650 -0.01757447
v -0.03291631 -0.04544755 -0.01769334
v -0.03538608 -0.04597278 -0.01828714
v -0.03291631 -0.04544755 -0.01769334
v -0.03411277 -0.04412995 -0.01639339
v -0.03735097 -0.07133339 -0.03964162
v -0.04008962 -0.07100145 -0.03740000
v -0.03300028 -0.07154280 -0.03914001
v -0.03295000 -0.07040539 -0.03706198
v -0.04008962 -0.07100145 -0.03740000
v -0.03982484 -0.06893199 -0.03674960
v -0.03296278 -0.06880336 -0.03680069
v -0.03610333 -0.06696894 -0.03878196
v -0.03292951 -0.06733496 -0.03863026
v -0.03295000 -0.07040539 -0.03706198
v -0.03294723 -0.10353650 -0.03940616
v -0.03295098 -0.10307451 -0.03740354
v -0.03382163 -0.10200921 -0.04146273
v -0.03294919 -0.12528321 -0.01410162
v -0.03778849 -0.12309121 -0.01438938
v -0.03294780 -0.12273460 -0.01470629
v -0.03634789 -0.12402221 -0.01857724
v -0.03295078 -0.12231131 -0.01669406
v -0.03681026 -0.12218960 -0.01619493
v -0.03292898 -0.10366491 0.03863074
v -0.03432334 -0.10320791 0.04076592
v -0.03293564 -0.10075940 0.04078354
v -0.03741313 -0.07139524 0.03960340
v -0.03294787 -0.07144437 0.03830508
v -0.03968298 -0.07127993 0.03786299
v -0.03294787 -0.07144437 0.03830508
v -0.03741313 -0.07139524 0.03960340
v -0.03294636 -0.07098588 0.04018467
v -0.03294636 -0.07098588 0.04018467
v -0.03741313 -0.07139524 0.03960340
v -0.03411242 -0.06910599 0.04137002
v -0.03968298 -0.07127993 0.03786299
v -0.03294787 -0.07144437 0.03830508
v -0.03295288 -0.06996386 0.03673501
v -0.03866635 -0.06808652 0.03725640
v -0.03295025 -0.06792553 0.03740349
v -0.03538618 -0.06721305 0.03952735
v -0.03294636 -0.07098588 0.04018467
v -0.03288845 -0.06780786 0.04004487
v -0.04321115 -0.06244417 -0.01677772
v -0.04319617 -0.05232341 -0.00959377
v -0.04319941 -0.05247409 0.01039917
v -0.04050350 -0.05070264 -0.00657902
v -0.04142972 -0.05202585 -0.00880476
v -0.03797023 -0.05162842 -0.00845128
v -0.04142972 -0.05202585 -0.00880476
v -0.04134192 -0.05027289 -0.01062735
v -0.03797023 -0.05162842 -0.00845128
v -0.04143602 -0.04989377 0.00815841
v -0.04144181 -0.05134416 0.00655012
v -0.03793929 -0.05109620 0.00622291
v -0.03793929 -0.05109620 0.00622291
v -0.04143051 -0.05083777 0.00415027
v -0.03789943 -0.04954771 0.00372925
v -0.04143051 -0.05083777 0.00415027
v -0.04021311 -0.04865531 0.00373009
v -0.03789943 -0.04954771 0.00372925
v -0.03827137 -0.11813871 0.02363274
v -0.04153928 -0.10578290 0.02745018
v -0.03868173 -0.07880854 0.03078987
v -0.03676527 -0.12189341 0.02046122
v -0.03827137 -0.11813871 0.02363274
v -0.03703459 -0.07840226 0.02875981
v -0.03827137 -0.11813871 0.02363274
v -0.03868173 -0.07880854 0.03078987
v -0.03703459 -0.07840226 0.02875981
v -0.03670913 -0.12225531 0.01659149
v -0.03642200 -0.12406721 0.01831210
v -0.03645000 -0.07795218 0.02621604
v -0.03731996 -0.12248160 0.01514063
v -0.03703459 -0.07750209 0.02367228
v -0.03867443 -0.07713972 0.02162420
v -0.03885126 -0.12348841 0.01328823
v -0.03794866 -0.12371940 0.01408089
v -0.03867443 -0.07713972 0.02162420
v -0.04750800 -0.06845632 0.03118915
v -0.04542279 -0.06873230 0.03314286
v -0.04503678 -0.06583892 0.03227773
v -0.04848516 -0.06809227 0.02836339
v -0.04750800 -0.06845632 0.03118915
v -0.04700547 -0.06500464 0.02909119
v -0.04750800 -0.06845632 0.03118915
v -0.04503678 -0.06583892 0.03227773
v -0.04700547 -0.06500464 0.02909119
v -0.04770896 -0.06726110 0.02506212
v -0.04848516 -0.06809227 0.02836339
v -0.04700547 -0.06500464 0.02909119
v -0.04220198 -0.06665940 0.02155408
v -0.04630132 -0.06669400 0.02361435
v -0.04223352 -0.06381990 0.02366206
v -0.04630132 -0.06669400 0.02361435
v -0.04770896 -0.06726110 0.02506212
v -0.04584074 -0.06432184 0.02627065
v -0.04700547 -0.06500464 0.02909119
v -0.04503678 -0.06583892 0.03227773
v -0.04206047 -0.06269841 0.02949488
v -0.04503678 -0.06583892 0.03227773
v -0.04159200 -0.06595549 0.03329682
v -0.04206047 -0.06269841 0.02949488
v -0.04139523 -0.06846422 0.03346858
v -0.04498661 -0.06777501 0.03255689
v -0.04133258 -0.06448391 0.03093996
v -0.04218753 -0.07891159 -0.03262400
v -0.04171248 -0.10800621 -0.02716091
v -0.03867443 -0.07872824 -0.03079990
v -0.03867443 -0.07872824 -0.03079990
v -0.03886243 -0.11674611 -0.02439428
v -0.03703459 -0.07836827 -0.02875139
v -0.03634789 -0.12402221 -0.01857724
v -0.03681026 -0.12218960 -0.01619493
v -0.03645000 -0.07792121 -0.02620710
v -0.03681026 -0.12218960 -0.01619493
v -0.03778849 -0.12309121 -0.01438938
v -0.03866846 -0.07716488 -0.02162618
v -0.03778849 -0.12309121 -0.01438938
v -0.03866051 -0.12445280 -0.01329501
v -0.03866846 -0.07716488 -0.02162618
v -0.04545026 -0.06782260 -0.03315090
v -0.04774439 -0.06871158 -0.03084170
v -0.04835464 -0.06693754 -0.02875000
v -0.04661739 -0.06547261 -0.02517591
v -0.04158298 -0.06633353 -0.03345352
v -0.04531376 -0.06472589 -0.03103453
v -0.04200017 -0.06307476 -0.03001753
v -0.04487376 -0.07506668 0.03140239
v -0.04504824 -0.07507608 0.02997077
v -0.04781099 -0.07425680 0.02677795
v -0.04609467 -0.07425193 0.02539142
v -0.04155427 -0.10722500 0.00552647
v -0.04189222 -0.10461561 0.00386028
v -0.04120114 -0.10200981 0.00289736
v -0.04197085 -0.11931141 -0.00525563
v -0.04141882 -0.11951261 -0.00634782
v -0.04156059 -0.10652661 -0.00544168
v -0.03987024 -0.10322210 -0.03534607
v -0.03662850 -0.10371991 -0.03660469
v -0.03986013 -0.10118001 -0.03570772
v -0.03987024 -0.10322210 -0.03534607
v -0.03986013 -0.10118001 -0.03570772
v -0.04104803 -0.10033590 -0.03506219
v -0.03986013 -0.10118001 -0.03570772
v -0.03941545 -0.09838778 -0.03773315
v -0.04104803 -0.10033590 -0.03506219
v -0.03745433 -0.07064946 -0.00754270
v -0.04118886 -0.06995671 -0.00717138
v -0.03795351 -0.06918013 -0.00686749
v -0.04039086 -0.04718513 -0.00630364
v -0.03786624 -0.04988416 -0.00620803
v -0.03835366 -0.04557161 -0.00763071
v -0.04144311 -0.05184785 -0.00631433
v -0.04142972 -0.05202585 -0.00880476
v -0.04050350 -0.05070264 -0.00657902
v -0.04144311 -0.05184785 -0.00631433
v -0.04050350 -0.05070264 -0.00657902
v -0.04138671 -0.04906830 -0.00504937
v -0.04138671 -0.04906830 -0.00504937
v -0.04050350 -0.05070264 -0.00657902
v -0.04039086 -0.04718513 -0.00630364
v -0.03124548 -0.06710749 0.03893267
v -0.03116915 -0.06880059 0.03695745
v -0.03353742 -0.06531459 0.03883554
v -0.04021311 -0.04865531 0.00373009
v -0.04100312 -0.04737923 0.00284334
v -0.03828040 -0.04515766 0.00498489
v -0.03056511 -0.10411120 0.03920917
v -0.03272283 -0.10496950 0.03850405
v -0.03099510 -0.10269861 0.03731613
v -0.03099510 -0.10269861 0.03731613
v -0.03123082 -0.09981573 0.03777700
v -0.03128088 -0.10127791 0.03691308
v -0.03256365 -0.10038940 0.03592958
v -0.02461561 -0.07149794 0.04010570
v -0.03066199 -0.07094295 0.04094590
v -0.02253270 -0.07129219 0.03824222
v -0.03065961 -0.12474660 -0.01866006
v -0.03295363 -0.12434820 -0.02009982
v -0.03127215 -0.12267341 -0.01716951
v -0.03127215 -0.12267341 -0.01716951
v -0.03295363 -0.12434820 -0.02009982
v -0.03240118 -0.12139981 -0.01703502
v -0.03252360 -0.12186680 -0.01439541
v -0.03122127 -0.12254281 -0.01513625
v -0.03240118 -0.12139981 -0.01703502
v -0.03253790 -0.07060900 -0.03594506
v -0.03121227 -0.07122605 -0.03790553
v -0.03118015 -0.06893583 -0.03677249
v -0.03243753 -0.06793644 -0.03615606
v -0.03118015 -0.06893583 -0.03677249
v -0.03350433 -0.06526941 -0.03878765
v -0.03244412 -0.07235666 0.03798734
v -0.03255263 -0.07062439 0.03594008
v -0.03119565 -0.07124285 0.03776160
v -0.03116915 -0.06880059 0.03695745
v -0.03255263 -0.07062439 0.03594008
v -0.03252035 -0.06794284 0.03616982
v -0.03119636 -0.04842230 0.01503803
v -0.03252510 -0.04955046 0.01488971
v -0.03252505 -0.04750425 0.01315740
v -0.03119636 -0.04842230 0.01503803
v -0.03252505 -0.04750425 0.01315740
v -0.03126989 -0.04675864 0.01419086
v -0.03126989 -0.04675864 0.01419086
v -0.03252505 -0.04750425 0.01315740
v -0.03385470 -0.04375122 0.01310531
v -0.03745023 -0.09146248 -0.01575951
v -0.04089792 -0.09574937 -0.01328279
v -0.03895350 -0.09212455 -0.01622447
v -0.03895350 -0.09212455 -0.01622447
v -0.03739914 -0.09181443 -0.01877610
v -0.03745023 -0.09146248 -0.01575951
v -0.03742614 -0.08581450 -0.01977760
v -0.03948379 -0.08334748 -0.01870827
v -0.03893957 -0.08487575 -0.01783651
v -0.03752945 -0.08572416 0.01953423
v -0.03745146 -0.08540278 0.01685640
v -0.03889674 -0.08493618 0.01785617
v -0.04137402 -0.08144813 0.01818201
v -0.03889674 -0.08493618 0.01785617
v -0.04082633 -0.08153141 0.01626347
v -0.04138552 -0.09548308 0.01564138
v -0.04103240 -0.09580398 0.01323840
v -0.03745305 -0.09098495 0.01618774
v -0.03760004 -0.09206067 0.01846886
v -0.04138552 -0.09548308 0.01564138
v -0.03745305 -0.09098495 0.01618774
v -0.04049866 -0.06951873 0.00471329
v -0.04045915 -0.06895401 0.00019201
v -0.04139968 -0.06821305 0.00344818
v -0.03293564 -0.10075940 0.04078354
v -0.03432334 -0.10320791 0.04076592
v -0.03485109 -0.10120160 0.04105572
v -0.04083538 -0.12316630 0.01180767
v -0.03794866 -0.12371940 0.01408089
v -0.03885126 -0.12348841 0.01328823
v -0.04083538 -0.12316630 0.01180767
v -0.03593818 -0.12608861 0.01459583
v -0.03794866 -0.12371940 0.01408089
v -0.04208034 -0.12012031 0.01224087
v -0.04083538 -0.12316630 0.01180767
v -0.03885126 -0.12348841 0.01328823
v -0.04208034 -0.12012031 0.01224087
v -0.03718110 -0.12095111 0.02298355
v -0.04097969 -0.11348520 0.02786905
v -0.03827137 -0.11813871 0.02363274
v -0.03676527 -0.12189341 0.02046122
v -0.03718110 -0.12095111 0.02298355
v -0.03827137 -0.11813871 0.02363274
v -0.03642200 -0.12406721 0.01831210
v -0.03718110 -0.12095111 0.02298355
v -0.03676527 -0.12189341 0.02046122
v -0.03827137 -0.11813871 0.02363274
v -0.04216102 -0.10914130 0.02756535
v -0.04153928 -0.10578290 0.02745018
v -0.03827137 -0.11813871 0.02363274
v -0.04097969 -0.11348520 0.02786905
v -0.04216102 -0.10914130 0.02756535
v -0.04153928 -0.10578290 0.02745018
v -0.04216102 -0.10914130 0.02756535
v -0.04221374 -0.07896325 0.03266115
v -0.03683161 -0.12548530 -0.01430897
v -0.03866051 -0.12445280 -0.01329501
v -0.03778849 -0.12309121 -0.01438938
v -0.04142531 -0.12205980 -0.01233125
v -0.04216408 -0.11995691 -0.01185706
v -0.04219595 -0.07670536 -0.01986147
v -0.04142531 -0.12205980 -0.01233125
v -0.04127247 -0.11280391 -0.02747166
v -0.03886243 -0.11674611 -0.02439428
v -0.04215368 -0.10940671 -0.02765057
v -0.03954552 -0.11605640 -0.02663434
v -0.03886243 -0.11674611 -0.02439428
v -0.04127247 -0.11280391 -0.02747166
v -0.03954552 -0.11605640 -0.02663434
v -0.03709450 -0.12170311 -0.02139775
v -0.03886243 -0.11674611 -0.02439428
v -0.04215368 -0.10940671 -0.02765057
v -0.03886243 -0.11674611 -0.02439428
v -0.04171248 -0.10800621 -0.02716091
v -0.04215368 -0.10940671 -0.02765057
v -0.04171248 -0.10800621 -0.02716091
v -0.04218753 -0.07891159 -0.03262400
v -0.04250199 -0.10723790 0.00610424
v -0.04225735 -0.12163431 0.00619093
v -0.04218248 -0.10983990 0.00856836
v -0.04250199 -0.10723790 0.00610424
v -0.04218248 -0.10983990 0.00856836
v -0.04220984 -0.10401921 0.00469963
v -0.04224712 -0.12174351 -0.00622843
v -0.04235251 -0.10674991 -0.00623819
v -0.04223765 -0.10867971 -0.00793355
v -0.04081333 -0.12463840 -0.00630243
v -0.04467319 -0.12836211 -0.00519183
v -0.04224712 -0.12174351 -0.00622843
v -0.03630560 -0.11972101 -0.00318161
v -0.03822838 -0.11952650 -0.00511464
v -0.03549222 -0.11952000 -0.00085216
v -0.04190357 -0.11951291 0.00529364
v -0.04583354 -0.11879880 0.00293886
v -0.04405081 -0.11880951 0.00458980
v -0.04190357 -0.11951291 0.00529364
v -0.04665330 -0.11935051 0.00068465
v -0.04583354 -0.11879880 0.00293886
v -0.04665330 -0.11935051 0.00068465
v -0.04447683 -0.11938211 -0.00443008
v -0.04642968 -0.11875631 -0.00185346
v -0.04179249 -0.07347847 -0.02139459
v -0.04302423 -0.07383197 -0.02287735
v -0.04506193 -0.07333088 -0.02235557
v -0.04506193 -0.07333088 -0.02235557
v -0.04770404 -0.07416951 -0.02644563
v -0.04696429 -0.07317183 -0.02419500
v -0.04302423 -0.07383197 -0.02287735
v -0.04541135 -0.07404577 -0.02426890
v -0.04506193 -0.07333088 -0.02235557
v -0.04541135 -0.07404577 -0.02426890
v -0.04770404 -0.07416951 -0.02644563
v -0.04506193 -0.07333088 -0.02235557
v -0.04770404 -0.07416951 -0.02644563
v -0.04554882 -0.07492701 -0.03110941
v -0.04727224 -0.07417531 -0.02900811
v -0.04609563 -0.07475489 -0.02824580
v -0.04554882 -0.07492701 -0.03110941
v -0.04770404 -0.07416951 -0.02644563
v -0.04781099 -0.07425680 0.02677795
v -0.04477873 -0.07339083 0.02224518
v -0.04669269 -0.07352317 0.02383478
v -0.04487376 -0.07506668 0.03140239
v -0.04781099 -0.07425680 0.02677795
v -0.04671556 -0.07437080 0.03004323
v -0.04143140 -0.07550164 -0.01920308
v -0.04179249 -0.07347847 -0.02139459
v -0.04146297 -0.06636301 -0.02251221
v -0.03959035 -0.12347710 -0.01171356
v -0.03243818 -0.12710811 -0.01348840
v -0.03752820 -0.12354610 -0.01303339
v -0.03408652 -0.12740681 -0.01259910
v -0.03243818 -0.12710811 -0.01348840
v -0.03959035 -0.12347710 -0.01171356
v -0.04141882 -0.11951261 -0.00634782
v -0.04056020 -0.11970601 -0.01119355
v -0.04053697 -0.11909060 -0.00794656
v -0.04141882 -0.11951261 -0.00634782
v -0.04113566 -0.12130181 -0.01129136
v -0.04056020 -0.11970601 -0.01119355
v -0.04141882 -0.11951261 -0.00634782
v -0.04053697 -0.11909060 -0.00794656
v -0.04137032 -0.11534340 -0.00798520
v -0.03339994 -0.12108471 0.02748137
v -0.03341109 -0.11652971 0.03258072
v -0.04097969 -0.11348520 0.02786905
v -0.04097969 -0.11348520 0.02786905
v -0.03341109 -0.11652971 0.03258072
v -0.03384726 -0.10971560 0.03759510
v -0.04077769 -0.10729760 0.03289913
v -0.04077769 -0.10729760 0.03289913
v -0.03384726 -0.10971560 0.03759510
v -0.03432334 -0.10320791 0.04076592
v -0.03756724 -0.12379671 0.01293635
v -0.04048802 -0.12276921 0.01144187
v -0.04138552 -0.09548308 0.01564138
v -0.03760004 -0.09206067 0.01846886
v -0.03693480 -0.12205671 0.01390834
v -0.03756724 -0.12379671 0.01293635
v -0.03760004 -0.09206067 0.01846886
v -0.04084280 -0.07814904 0.03318569
v -0.04095543 -0.10608770 0.02829624
v -0.03836011 -0.07801836 0.03202503
v -0.03836011 -0.07801836 0.03202503
v -0.03820843 -0.11539181 0.02536435
v -0.03641526 -0.07778913 0.02993593
v -0.03641526 -0.07778913 0.02993593
v -0.03620713 -0.12061751 0.02203769
v -0.03561986 -0.07726233 0.02788265
v -0.03539711 -0.12182651 0.01851922
v -0.03581594 -0.12090281 0.01608769
v -0.03546780 -0.07702568 0.02565164
v -0.03752945 -0.08572416 0.01953423
v -0.04137402 -0.08144813 0.01818201
v -0.03772269 -0.07612487 0.02121298
v -0.04607571 -0.06502315 -0.02776527
v -0.04697145 -0.06794738 -0.03052891
v -0.04493965 -0.06491886 -0.03023781
v -0.04490305 -0.06741558 -0.02328892
v -0.04702223 -0.06770124 -0.02527521
v -0.04491420 -0.06488299 -0.02532338
v -0.04146297 -0.06636301 -0.02251221
v -0.04491420 -0.06488299 -0.02532338
v -0.04151658 -0.06378972 -0.02524715
v -0.04493965 -0.06491886 -0.03023781
v -0.04119343 -0.06612168 -0.03245405
v -0.04150873 -0.06332373 -0.02909968
v -0.04151658 -0.06378972 -0.02524715
v -0.04491420 -0.06488299 -0.02532338
v -0.04150873 -0.06332373 -0.02909968
v -0.04216102 -0.10914130 0.02756535
v -0.04097969 -0.11348520 0.02786905
v -0.04077769 -0.10729760 0.03289913
v -0.04057696 -0.10104161 -0.03669732
v -0.04067399 -0.10945761 -0.03158193
v -0.04188224 -0.10261191 -0.03338687
v -0.04188224 -0.10261191 -0.03338687
v -0.04215368 -0.10940671 -0.02765057
v -0.04215972 -0.09015301 -0.03668124
v -0.03967323 -0.09972229 -0.03786146
v -0.04057696 -0.10104161 -0.03669732
v -0.04072859 -0.09094597 -0.03924621
v -0.04072859 -0.09094597 -0.03924621
v -0.04214744 -0.09452388 0.03573408
v -0.04070169 -0.09142154 0.03917073
v -0.04195215 -0.08242878 0.03728164
v -0.04072859 -0.09094597 -0.03924621
v -0.04215972 -0.09015301 -0.03668124
v -0.04074412 -0.08277816 -0.03943310
v -0.04084294 -0.07682154 -0.03845088
v -0.04195215 -0.08242878 0.03728164
v -0.04067524 -0.08319612 0.03952566
v -0.04080466 -0.07713134 0.03857685
v -0.04190513 -0.07752124 -0.03649354
v -0.04215972 -0.09015301 -0.03668124
v -0.04218426 -0.07095340 -0.03391382
v -0.04084294 -0.07682154 -0.03845088
v -0.04218426 -0.07095340 -0.03391382
v -0.04158298 -0.06633353 -0.03345352
v -0.04008962 -0.07100145 -0.03740000
v -0.04084294 -0.07682154 -0.03845088
v -0.04158298 -0.06633353 -0.03345352
v -0.04080466 -0.07713134 0.03857685
v -0.04022589 -0.06980773 0.03677555
v -0.04159200 -0.06595549 0.03329682
v -0.04158298 -0.06633353 -0.03345352
v -0.04200017 -0.06307476 -0.03001753
v -0.04051155 -0.05735107 -0.02822273
v -0.04200017 -0.06307476 -0.03001753
v -0.04226733 -0.06258471 -0.02704014
v -0.04189822 -0.05585227 -0.02289319
v -0.04224491 -0.06253277 0.02706364
v -0.04206047 -0.06269841 0.02949488
v -0.04191676 -0.05563063 0.02247398
v -0.04223140 -0.05559288 0.01899884
v -0.04191676 -0.05563063 0.02247398
v -0.04206047 -0.06269841 0.02949488
v -0.04072478 -0.05610671 0.02649850
v -0.04191676 -0.05563063 0.02247398
v -0.04072478 -0.05610671 0.02649850
v -0.04063157 -0.05245531 0.02180925
v -0.04224541 -0.05535325 -0.01857013
v -0.04228734 -0.05173895 -0.01101503
v -0.04192160 -0.05114105 -0.01469151
v -0.04189822 -0.05585227 -0.02289319
v -0.04224541 -0.05535325 -0.01857013
v -0.04192160 -0.05114105 -0.01469151
v -0.04059957 -0.04880002 -0.01551780
v -0.04056232 -0.04837590 0.01466464
v -0.04063157 -0.05245531 0.02180925
v -0.03983347 -0.04875096 0.01656711
v -0.04192160 -0.05114105 -0.01469151
v -0.04228734 -0.05173895 -0.01101503
v -0.04191777 -0.04844763 -0.00524518
v -0.04228734 -0.05173895 -0.01101503
v -0.04227930 -0.05013239 -0.00166997
v -0.04191777 -0.04844763 -0.00524518
v -0.04192160 -0.05114105 -0.01469151
v -0.04191777 -0.04844763 -0.00524518
v -0.04059957 -0.04880002 -0.01551780
v -0.04064839 -0.04675820 -0.00804162
v -0.04191898 -0.04839851 0.00451691
v -0.04192735 -0.05085017 0.01407834
v -0.04074091 -0.04679764 0.00785072
v -0.04056232 -0.04837590 0.01466464
v -0.04191898 -0.04839851 0.00451691
v -0.04074091 -0.04679764 0.00785072
v -0.04077304 -0.04601602 -0.00202746
v -0.04077304 -0.04601602 -0.00202746
v -0.04074091 -0.04679764 0.00785072
v -0.03976770 -0.04528382 0.00266392
v -0.04218753 -0.07891159 -0.03262400
v -0.04614176 -0.07868042 -0.03091945
v -0.04218426 -0.07095340 -0.03391382
v -0.04545026 -0.06782260 -0.03315090
v -0.04614176 -0.07868042 -0.03091945
v -0.04774439 -0.06871158 -0.03084170
v -0.04614176 -0.07868042 -0.03091945
v -0.04809244 -0.07811390 -0.02838656
v -0.04774439 -0.06871158 -0.03084170
v -0.04774439 -0.06871158 -0.03084170
v -0.04809244 -0.07811390 -0.02838656
v -0.04835464 -0.06693754 -0.02875000
v -0.04755105 -0.07715071 -0.02302863
v -0.04480654 -0.07693103 -0.02080276
v -0.04608839 -0.06726030 -0.02326494
v -0.04608839 -0.06726030 -0.02326494
v -0.04480654 -0.07693103 -0.02080276
v -0.04221171 -0.06649974 -0.02159671
v -0.04480654 -0.07693103 -0.02080276
v -0.04219595 -0.07670536 -0.01986147
v -0.04221171 -0.06649974 -0.02159671
v -0.04755105 -0.07715071 -0.02302863
v -0.04218426 -0.07095340 -0.03391382
v -0.03866051 -0.12445280 -0.01329501
v -0.04081333 -0.12463840 -0.00630243
v -0.04142531 -0.12205980 -0.01233125
v -0.04142531 -0.12205980 -0.01233125
v -0.04081333 -0.12463840 -0.00630243
v -0.04224712 -0.12174351 -0.00622843
v -0.04718679 -0.07842289 0.02995071
v -0.04470713 -0.07885717 0.03161448
v -0.04542279 -0.06873230 0.03314286
v -0.04771754 -0.07727875 0.02324249
v -0.04848516 -0.06809227 0.02836339
v -0.04770896 -0.06726110 0.02506212
v -0.04138735 -0.10890671 -0.02868722
v -0.04000855 -0.11264911 -0.02849514
v -0.04005504 -0.10872240 -0.03177946
v -0.03987024 -0.10322210 -0.03534607
v -0.04138735 -0.10890671 -0.02868722
v -0.04104803 -0.10033590 -0.03506219
v -0.04143307 -0.09134710 -0.03627475
v -0.04104803 -0.10033590 -0.03506219
v -0.04025544 -0.09165716 -0.03870751
v -0.04143307 -0.09134710 -0.03627475
v -0.04130468 -0.08149997 -0.03709384
v -0.03983163 -0.07312326 -0.03759876
v -0.04038502 -0.07133715 -0.03627403
v -0.04166964 -0.07527610 -0.03237231
v -0.04130468 -0.08149997 -0.03709384
v -0.04139919 -0.06938134 -0.03346212
v -0.04139919 -0.06938134 -0.03346212
v -0.04038502 -0.07133715 -0.03627403
v -0.04119343 -0.06612168 -0.03245405
v -0.04119343 -0.06612168 -0.03245405
v -0.04038502 -0.07133715 -0.03627403
v -0.03992732 -0.06875302 -0.03573115
v -0.04119343 -0.06612168 -0.03245405
v -0.03992732 -0.06875302 -0.03573115
v -0.04004194 -0.06237439 -0.03181570
v -0.04150873 -0.06332373 -0.02909968
v -0.04004194 -0.06237439 -0.03181570
v -0.04062479 -0.05798842 -0.02746042
v -0.04150873 -0.06332373 -0.02909968
v -0.04062479 -0.05798842 -0.02746042
v -0.04141292 -0.05393712 -0.01899323
v -0.04141292 -0.05393712 -0.01899323
v -0.04062479 -0.05798842 -0.02746042
v -0.04001855 -0.05344821 -0.02294910
v -0.04142972 -0.05202585 -0.00880476
v -0.04141292 -0.05393712 -0.01899323
v -0.04134192 -0.05027289 -0.01062735
v -0.03405961 -0.12149591 0.02489410
v -0.03529012 -0.12349670 0.01994723
v -0.03748081 -0.11759160 0.02599060
v -0.03405961 -0.12149591 0.02489410
v -0.03748081 -0.11759160 0.02599060
v -0.03407626 -0.11752711 0.02984580
v -0.03411481 -0.11196190 0.03488295
v -0.03407626 -0.11752711 0.02984580
v -0.04002227 -0.11267411 0.02843140
v -0.03411481 -0.11196190 0.03488295
v -0.04002227 -0.11267411 0.02843140
v -0.04022481 -0.10832960 0.03188612
v -0.03411481 -0.11196190 0.03488295
v -0.04022481 -0.10832960 0.03188612
v -0.03408852 -0.10637651 0.03841022
v -0.03412193 -0.12889310 0.00569467
v -0.03426025 -0.12920641 -0.00139438
v -0.03592003 -0.12777201 0.00264200
v -0.03426025 -0.12920641 -0.00139438
v -0.03411098 -0.12865841 -0.00703587
v -0.03818431 -0.12588511 -0.00533026
v -0.03408652 -0.12740681 -0.01259910
v -0.03959035 -0.12347710 -0.01171356
v -0.03818431 -0.12588511 -0.00533026
v -0.03411098 -0.12865841 -0.00703587
v -0.03408652 -0.12740681 -0.01259910
v -0.03818431 -0.12588511 -0.00533026
v -0.03389770 -0.12735010 0.01294896
v -0.03991900 -0.12427941 0.00699504
v -0.04048802 -0.12276921 0.01144187
v -0.04142076 -0.08968111 0.03681291
v -0.04139828 -0.10883900 0.02863892
v -0.04145776 -0.07780915 0.03413687
v -0.04214744 -0.09452388 0.03573408
v -0.04195215 -0.08242878 0.03728164
v -0.04221374 -0.07896325 0.03266115
v -0.04216102 -0.10914130 0.02756535
v -0.03539711 -0.12182651 0.01851922
v -0.03341447 -0.12434661 0.02010280
v -0.03228504 -0.12142361 0.01693794
v -0.03539711 -0.12182651 0.01851922
v -0.03228504 -0.12142361 0.01693794
v -0.03581594 -0.12090281 0.01608769
v -0.03252863 -0.12187781 0.01436198
v -0.03581594 -0.12090281 0.01608769
v -0.03228504 -0.12142361 0.01693794
v -0.03794866 -0.12371940 0.01408089
v -0.03593818 -0.12608861 0.01459583
v -0.03295018 -0.12379790 0.01400294
v -0.03325364 -0.12703051 0.01720051
v -0.03642200 -0.12406721 0.01831210
v -0.03293991 -0.12418551 0.01813606
v -0.03794866 -0.12371940 0.01408089
v -0.03295018 -0.12379790 0.01400294
v -0.03731996 -0.12248160 0.01514063
v -0.03731996 -0.12248160 0.01514063
v -0.03295018 -0.12379790 0.01400294
v -0.03295700 -0.12213570 0.01623889
v -0.03293991 -0.12418551 0.01813606
v -0.03642200 -0.12406721 0.01831210
v -0.03295700 -0.12213570 0.01623889
v -0.03731996 -0.12248160 0.01514063
v -0.03295700 -0.12213570 0.01623889
v -0.03670913 -0.12225531 0.01659149
v -0.03293209 -0.04531626 -0.01451387
v -0.02463130 -0.09948021 -0.04011318
v -0.02448235 -0.09349138 -0.04173927
v -0.02833341 -0.09196765 -0.04335765
v -0.02832003 -0.08352166 -0.04373436
v -0.02841566 -0.07745324 -0.04304911
v -0.02449382 -0.07134935 -0.04000771
v -0.02841368 -0.07138299 -0.04135010
v -0.02553050 -0.12370851 -0.01909874
v -0.02447784 -0.12066370 -0.02386314
v -0.02832203 -0.12073730 -0.02607284
v -0.02832203 -0.12073730 -0.02607284
v -0.02446513 -0.11512730 -0.03044927
v -0.02831126 -0.11502550 -0.03231979
v -0.02831126 -0.11502550 -0.03231979
v -0.02841460 -0.11024930 -0.03613297
v -0.02448408 -0.10954410 -0.03504175
v -0.02457682 -0.10380700 -0.03831657
v -0.03406023 -0.09373813 -0.04297213
v -0.02833341 -0.09196765 -0.04335765
v -0.03410087 -0.08787263 -0.04370401
v -0.03410087 -0.08787263 -0.04370401
v -0.02832003 -0.08352166 -0.04373436
v -0.03417071 -0.07963852 -0.04339673
v -0.03417071 -0.07963852 -0.04339673
v -0.02832003 -0.08352166 -0.04373436
v -0.02841566 -0.07745324 -0.04304911
v -0.03369630 -0.07236612 -0.04176291
v -0.02841566 -0.07745324 -0.04304911
v -0.02841368 -0.07138299 -0.04135010
v -0.03065961 -0.12474660 -0.01866006
v -0.02839007 -0.12458191 -0.01963625
v -0.03295363 -0.12434820 -0.02009982
v -0.03295363 -0.12434820 -0.02009982
v -0.02832203 -0.12073730 -0.02607284
v -0.03409824 -0.12167950 -0.02461820
v -0.03409824 -0.12167950 -0.02461820
v -0.02832203 -0.12073730 -0.02607284
v -0.03410708 -0.11781180 -0.02952177
v -0.03410708 -0.11781180 -0.02952177
v -0.02832203 -0.12073730 -0.02607284
v -0.02831126 -0.11502550 -0.03231979
v -0.03410708 -0.11781180 -0.02952177
v -0.02831126 -0.11502550 -0.03231979
v -0.03413029 -0.11201661 -0.03484411
v -0.03414404 -0.10590240 -0.03866683
v -0.02841460 -0.11024930 -0.03613297
v -0.02884223 -0.10479890 -0.03926941
v -0.02839008 -0.06586377 -0.03908188
v -0.02553038 -0.06640123 -0.03820853
v -0.02842276 -0.05921621 -0.03511853
v -0.02831433 -0.05317492 -0.02952146
v -0.03350433 -0.06526941 -0.03878765
v -0.02839008 -0.06586377 -0.03908188
v -0.02842276 -0.05921621 -0.03511853
v -0.03350433 -0.06526941 -0.03878765
v -0.02842276 -0.05921621 -0.03511853
v -0.03409561 -0.05935703 -0.03517683
v -0.02831433 -0.05317492 -0.02952146
v -0.03404376 -0.05322811 -0.02959649
v -0.02831433 -0.05317492 -0.02952146
v -0.03405767 -0.04948497 -0.02486101
v -0.02841583 -0.04937023 -0.02475118
v -0.03405767 -0.04948497 -0.02486101
v -0.02841583 -0.04937023 -0.02475118
v -0.03351597 -0.04665897 -0.02017772
v -0.03351597 -0.04665897 -0.02017772
v -0.02841583 -0.04937023 -0.02475118
v -0.02841366 -0.04627883 -0.01925676
v -0.02553058 -0.04497755 -0.01351264
v -0.02445499 -0.04527593 -0.01426002
v -0.02447999 -0.04376140 -0.00799060
v -0.02839010 -0.04398000 -0.01375012
v -0.02553058 -0.04497755 -0.01351264
v -0.02847248 -0.04207973 -0.00632247
v -0.02446574 -0.04301916 0.00058831
v -0.02448455 -0.04372079 0.00778053
v -0.02842187 -0.04245204 0.00806377
v -0.02448455 -0.04372079 0.00778053
v -0.02453093 -0.04545649 0.01420989
v -0.02842187 -0.04245204 0.00806377
v -0.02831966 -0.04176606 0.00198249
v -0.03381079 -0.04372730 -0.01299292
v -0.02839010 -0.04398000 -0.01375012
v -0.02847248 -0.04207973 -0.00632247
v -0.02841339 -0.04415047 0.01411721
v -0.03385470 -0.04375122 0.01310531
v -0.02842187 -0.04245204 0.00806377
v -0.02831966 -0.04176606 0.00198249
v -0.02451182 -0.06721865 0.03830847
v -0.02844145 -0.06624303 0.03922838
v -0.02841591 -0.06074787 0.03612916
v -0.02448559 -0.06146436 0.03504912
v -0.02446642 -0.05587710 0.03045411
v -0.02842303 -0.05038134 0.02628372
v -0.02448256 -0.05034687 0.02387862
v -0.02553034 -0.04729149 0.01909877
v -0.02842303 -0.05038134 0.02628372
v -0.02839009 -0.04641812 0.01963625
v -0.02841591 -0.06074787 0.03612916
v -0.03353742 -0.06531459 0.03883554
v -0.03405733 -0.06062784 0.03600703
v -0.02841591 -0.06074787 0.03612916
v -0.03405733 -0.06062784 0.03600703
v -0.02831432 -0.05597720 0.03232379
v -0.03404581 -0.05590145 0.03227006
v -0.03409997 -0.05034342 0.02616873
v -0.02842303 -0.05038134 0.02628372
v -0.03352460 -0.04671662 0.02023826
v -0.02839009 -0.04641812 0.01963625
v -0.03352460 -0.04671662 0.02023826
v -0.03066240 -0.04625337 0.01866010
v -0.02839009 -0.04641812 0.01963625
v -0.02457237 -0.09971590 0.04006212
v -0.02841376 -0.09961706 0.04134998
v -0.02841858 -0.09355284 0.04304892
v -0.02446492 -0.08608857 0.04248054
v -0.02831689 -0.08747039 0.04373314
v -0.02842025 -0.07924878 0.04341660
v -0.02461561 -0.07149794 0.04010570
v -0.02842025 -0.07924878 0.04341660
v -0.02839010 -0.07174988 0.04152000
v -0.03405222 -0.09337900 0.04304873
v -0.03404820 -0.08733586 0.04374905
v -0.02831689 -0.08747039 0.04373314
v -0.02841858 -0.09355284 0.04304892
v -0.03411169 -0.07916607 0.04336464
v -0.02842025 -0.07924878 0.04341660
v -0.03411169 -0.07916607 0.04336464
v -0.03350098 -0.07238375 0.04173511
v -0.02448383 -0.12054091 0.02404460
v -0.02452984 -0.12390150 0.01822888
v -0.02840507 -0.12161151 0.02477512
v -0.02448383 -0.12054091 0.02404460
v -0.02840507 -0.12161151 0.02477512
v -0.02446588 -0.11594710 0.02962966
v -0.02831787 -0.11780011 0.02954917
v -0.02831787 -0.11780011 0.02954917
v -0.02846712 -0.11176700 0.03514443
v -0.02446588 -0.11594710 0.02962966
v -0.02844592 -0.12472970 0.01928326
v -0.03341447 -0.12434661 0.02010280
v -0.02840507 -0.12161151 0.02477512
v -0.03407626 -0.11752711 0.02984580
v -0.02846712 -0.11176700 0.03514443
v -0.03411481 -0.11196190 0.03488295
v -0.03408852 -0.10637651 0.03841022
v -0.02846712 -0.11176700 0.03514443
v -0.03408852 -0.10637651 0.03841022
v -0.02839008 -0.10513620 0.03908188
v -0.02836093 -0.12925011 -0.00183227
v -0.02836093 -0.12925011 -0.00183227
v -0.02836227 -0.12892701 0.00605060
v -0.02447786 -0.12798260 -0.00055065
v -0.02830338 -0.12858771 -0.00760074
v -0.02448706 -0.12727491 -0.00782860
v -0.02457413 -0.12560580 -0.01407961
v -0.02447284 -0.12723781 0.00797767
v -0.02836227 -0.12892701 0.00605060
v -0.02456255 -0.12551471 0.01413889
v -0.03426025 -0.12920641 -0.00139438
v -0.03412193 -0.12889310 0.00569467
v -0.02836227 -0.12892701 0.00605060
v -0.02836093 -0.12925011 -0.00183227
v -0.02830338 -0.12858771 -0.00760074
v -0.03411098 -0.12865841 -0.00703587
v -0.02830338 -0.12858771 -0.00760074
v -0.03408652 -0.12740681 -0.01259910
v -0.03408652 -0.12740681 -0.01259910
v -0.02830338 -0.12858771 -0.00760074
v -0.03243818 -0.12710811 -0.01348840
v -0.04000855 -0.11264911 -0.02849514
v -0.03413029 -0.11201661 -0.03484411
v -0.04005504 -0.10872240 -0.03177946
v -0.04005504 -0.10872240 -0.03177946
v -0.03413029 -0.11201661 -0.03484411
v -0.03414404 -0.10590240 -0.03866683
v -0.03941545 -0.09838778 -0.03773315
v -0.03406023 -0.09373813 -0.04297213
v -0.04025544 -0.09165716 -0.03870751
v -0.04062479 -0.05798842 -0.02746042
v -0.04004194 -0.06237439 -0.03181570
v -0.03409561 -0.05935703 -0.03517683
v -0.04062479 -0.05798842 -0.02746042
v -0.03409561 -0.05935703 -0.03517683
v -0.03404376 -0.05322811 -0.02959649
v -0.04065415 -0.04933108 0.01413298
v -0.04033261 -0.04754050 0.00922251
v -0.03783620 -0.04662461 0.01283585
v -0.03783620 -0.04662461 0.01283585
v -0.04033261 -0.04754050 0.00922251
v -0.03847552 -0.04577204 0.00791550
v -0.03938416 -0.04563578 -0.00138190
v -0.04039086 -0.04718513 -0.00630364
v -0.03835366 -0.04557161 -0.00763071
v -0.03829426 -0.04633153 -0.01056806
v -0.03381079 -0.04372730 -0.01299292
v -0.03412543 -0.04217033 -0.00633856
v -0.03847552 -0.04577204 0.00791550
v -0.03828040 -0.04515766 0.00498489
v -0.03412742 -0.04174463 0.00147441
v -0.03406239 -0.04247264 0.00803298
v -0.03828040 -0.04515766 0.00498489
v -0.03938416 -0.04563578 -0.00138190
v -0.03412742 -0.04174463 0.00147441
v -0.03765967 -0.06691812 0.03669158
v -0.04038800 -0.06966140 0.03564369
v -0.03998362 -0.06216033 0.03180334
v -0.03353742 -0.06531459 0.03883554
v -0.03765967 -0.06691812 0.03669158
v -0.03405733 -0.06062784 0.03600703
v -0.03998362 -0.06216033 0.03180334
v -0.04015515 -0.05745111 0.02747318
v -0.03404581 -0.05590145 0.03227006
v -0.04015515 -0.05745111 0.02747318
v -0.04021155 -0.05348957 0.02262615
v -0.03409997 -0.05034342 0.02616873
v -0.03404581 -0.05590145 0.03227006
v -0.04015515 -0.05745111 0.02747318
v -0.03409997 -0.05034342 0.02616873
v -0.03363182 -0.09863821 0.04176037
v -0.04002832 -0.09793741 0.03743246
v -0.03405222 -0.09337900 0.04304873
v -0.03405222 -0.09337900 0.04304873
v -0.04002832 -0.09793741 0.03743246
v -0.04014232 -0.09069008 0.03895059
v -0.03405222 -0.09337900 0.04304873
v -0.04014232 -0.09069008 0.03895059
v -0.03404820 -0.08733586 0.04374905
v -0.03404820 -0.08733586 0.04374905
v -0.04014232 -0.09069008 0.03895059
v -0.04014061 -0.08144687 0.03915971
v -0.03404820 -0.08733586 0.04374905
v -0.04014061 -0.08144687 0.03915971
v -0.03411169 -0.07916607 0.04336464
v -0.03758875 -0.07274919 0.03916252
v -0.04014061 -0.08144687 0.03915971
v -0.04010858 -0.07198347 0.03696053
v -0.04060653 -0.08181032 -0.01630119
v -0.04061077 -0.07879660 -0.01517167
v -0.03745040 -0.07895565 -0.01513827
v -0.03745075 -0.08537033 -0.01684828
v -0.04060653 -0.08181032 -0.01630119
v -0.03745040 -0.07895565 -0.01513827
v -0.04082633 -0.08153141 0.01626347
v -0.03745146 -0.08540278 0.01685640
v -0.03745087 -0.07897583 0.01514586
v -0.04045959 -0.07554840 0.01337624
v -0.03745087 -0.07897583 0.01514586
v -0.03745166 -0.07491130 0.01264509
v -0.04048778 -0.07158427 0.00897890
v -0.03745166 -0.07491130 0.01264509
v -0.03745270 -0.07173022 0.00907722
v -0.04049866 -0.06951873 0.00471329
v -0.03745270 -0.07173022 0.00907722
v -0.03747143 -0.06970143 0.00473421
v -0.03745552 -0.06901223 0.00006346
v -0.03752945 -0.08572416 0.01953423
v -0.03745045 -0.09664869 0.01215378
v -0.03745270 -0.07173022 0.00907722
v -0.03745552 -0.06901223 0.00006346
v -0.03747143 -0.06970143 0.00473421
v -0.03634789 -0.12402221 -0.01857724
v -0.03341109 -0.11652971 0.03258072
v -0.03181848 -0.11444880 0.03453786
v -0.03384726 -0.10971560 0.03759510
v -0.03432334 -0.10320791 0.04076592
v -0.03278377 -0.10609701 -0.04003944
v -0.03345294 -0.11072561 -0.03723526
v -0.03528910 -0.10379770 -0.03959416
v -0.03278377 -0.10609701 -0.04003944
v -0.03528910 -0.10379770 -0.03959416
v -0.03382163 -0.10200921 -0.04146273
v -0.03165700 -0.10053930 -0.04246765
v -0.03278377 -0.10609701 -0.04003944
v -0.03382163 -0.10200921 -0.04146273
v -0.03538618 -0.06721305 0.03952735
v -0.03411242 -0.06910599 0.04137002
v -0.03279357 -0.06496139 0.04006614
v -0.03343666 -0.06037354 0.03730002
v -0.03538618 -0.06721305 0.03952735
v -0.03279357 -0.06496139 0.04006614
v -0.03147674 -0.05627069 -0.03428435
v -0.03386864 -0.05568258 -0.03329531
v -0.03336534 -0.05194396 -0.02991657
v -0.03279376 -0.04543391 -0.02053871
v -0.03346050 -0.04819952 -0.02512271
v -0.03538608 -0.04597278 -0.01828714
v -0.03279376 -0.04543391 -0.02053871
v -0.03538608 -0.04597278 -0.01828714
v -0.03411277 -0.04412995 -0.01639339
v -0.03279376 -0.04543391 -0.02053871
v -0.03411277 -0.04412995 -0.01639339
v -0.03175754 -0.04303555 -0.01504825
v -0.03351887 -0.04164533 0.00978520
v -0.03386419 -0.04410274 0.01669919
v -0.03212070 -0.04346325 0.01627248
v -0.03323258 -0.13033460 0.00335226
v -0.03300122 -0.13055201 -0.00086333
v -0.01947953 -0.12993281 0.00716483
v -0.01947494 -0.11956911 -0.02940543
v -0.03325587 -0.12092670 -0.02775507
v -0.03337331 -0.11605121 -0.03302188
v -0.03339994 -0.12108471 0.02748137
v -0.01947011 -0.12044741 0.02835862
v -0.03341109 -0.11652971 0.03258072
v -0.01947494 -0.11956911 -0.02940543
v -0.03337331 -0.11605121 -0.03302188
v -0.01946667 -0.11397220 -0.03484133
v -0.01946667 -0.11397220 -0.03484133
v -0.03337331 -0.11605121 -0.03302188
v -0.03345294 -0.11072561 -0.03723526
v -0.01946667 -0.11397220 -0.03484133
v -0.03345294 -0.11072561 -0.03723526
v -0.01946639 -0.10748021 -0.03926314
v -0.03345294 -0.11072561 -0.03723526
v -0.03278377 -0.10609701 -0.04003944
v -0.01946639 -0.10748021 -0.03926314
v -0.01946639 -0.10748021 -0.03926314
v -0.03278377 -0.10609701 -0.04003944
v -0.03165700 -0.10053930 -0.04246765
v -0.01948746 -0.09275843 -0.04442261
v -0.03351147 -0.09509115 -0.04390697
v -0.03341798 -0.08774598 -0.04494144
v -0.01947802 -0.08481356 -0.04500034
v -0.03341798 -0.08774598 -0.04494144
v -0.03335195 -0.08051426 -0.04470375
v -0.01947802 -0.08481356 -0.04500034
v -0.03335195 -0.08051426 -0.04470375
v -0.01946083 -0.07689894 -0.04417470
v -0.01946083 -0.07689894 -0.04417470
v -0.03335195 -0.08051426 -0.04470375
v -0.03353085 -0.07575037 -0.04386132
v -0.01946083 -0.07689894 -0.04417470
v -0.03353085 -0.07575037 -0.04386132
v -0.03207609 -0.06921756 -0.04203368
v -0.03343666 -0.06037354 0.03730002
v -0.01947628 -0.05698178 0.03481377
v -0.03347842 -0.05513220 0.03313907
v -0.03147674 -0.05627069 -0.03428435
v -0.03336534 -0.05194396 -0.02991657
v -0.01947070 -0.05070596 -0.02853852
v -0.03346050 -0.04819952 -0.02512271
v -0.03279376 -0.04543391 -0.02053871
v -0.01946547 -0.04623334 -0.02197295
v -0.03175754 -0.04303555 -0.01504825
v -0.03351747 -0.04158652 -0.00956046
v -0.01949075 -0.04106863 -0.00722995
v -0.01949075 -0.04106863 -0.00722995
v -0.03351747 -0.04158652 -0.00956046
v -0.03342089 -0.04056018 -0.00227574
v -0.01949075 -0.04106863 -0.00722995
v -0.03342089 -0.04056018 -0.00227574
v -0.01947010 -0.04050558 0.00074236
v -0.03752820 -0.12354610 -0.01303339
v -0.03243818 -0.12710811 -0.01348840
v -0.03256291 -0.12343901 -0.01312091
v -0.03752820 -0.12354610 -0.01303339
v -0.03256291 -0.12343901 -0.01312091
v -0.03651612 -0.12133571 -0.01476312
v -0.03651612 -0.12133571 -0.01476312
v -0.03256291 -0.12343901 -0.01312091
v -0.03252360 -0.12186680 -0.01439541
v -0.03651612 -0.12133571 -0.01476312
v -0.03252360 -0.12186680 -0.01439541
v -0.03546935 -0.12084301 -0.01733580
v -0.03243761 -0.10306791 0.03615815
v -0.03949926 -0.10296891 0.03574684
v -0.03256365 -0.10038940 0.03592958
v -0.03256365 -0.10038940 0.03592958
v -0.03949926 -0.10296891 0.03574684
v -0.03989824 -0.09963253 0.03636872
v -0.03256365 -0.10038940 0.03592958
v -0.03989824 -0.09963253 0.03636872
v -0.03251850 -0.09866775 0.03797326
v -0.03758875 -0.07274919 0.03916252
v -0.03244412 -0.07235666 0.03798734
v -0.03350098 -0.07238375 0.04173511
v -0.03244412 -0.07235666 0.03798734
v -0.04010858 -0.07198347 0.03696053
v -0.03255263 -0.07062439 0.03594008
v -0.03255263 -0.07062439 0.03594008
v -0.04010858 -0.07198347 0.03696053
v -0.04038800 -0.06966140 0.03564369
v -0.03252035 -0.06794284 0.03616982
v -0.03765967 -0.06691812 0.03669158
v -0.03353742 -0.06531459 0.03883554
v -0.03252510 -0.04955046 0.01488971
v -0.03243750 -0.04934388 0.01756368
v -0.03932117 -0.04966175 0.01761293
v -0.03932117 -0.04966175 0.01761293
v -0.03243750 -0.04934388 0.01756368
v -0.03352460 -0.04671662 0.02023826
v -0.03252505 -0.04750425 0.01315740
v -0.03783620 -0.04662461 0.01283585
v -0.03385470 -0.04375122 0.01310531
v -0.03252058 -0.04933018 -0.01755729
v -0.04039241 -0.04988003 -0.01575335
v -0.03766094 -0.04879901 -0.01859688
v -0.03256100 -0.04956252 -0.01487619
v -0.03243770 -0.04751656 -0.01314728
v -0.03860896 -0.04800194 -0.01313233
v -0.03252058 -0.04933018 -0.01755729
v -0.03766094 -0.04879901 -0.01859688
v -0.03351597 -0.04665897 -0.02017772
v -0.03252045 -0.07233887 -0.03799073
v -0.03708398 -0.07254625 -0.03881625
v -0.03369630 -0.07236612 -0.04176291
v -0.03253790 -0.07060900 -0.03594506
v -0.03243753 -0.06793644 -0.03615606
v -0.03992732 -0.06875302 -0.03573115
v -0.03986013 -0.10118001 -0.03570772
v -0.03251891 -0.10304091 -0.03616226
v -0.03256473 -0.10037281 -0.03593408
v -0.03986013 -0.10118001 -0.03570772
v -0.03256473 -0.10037281 -0.03593408
v -0.03941545 -0.09838778 -0.03773315
v -0.03354526 -0.09861760 -0.04173157
v -0.03941545 -0.09838778 -0.03773315
v -0.03244335 -0.09864822 -0.03797452
v -0.03094880 -0.12640031 -0.01463492
v -0.02434369 -0.12409471 -0.01424025
v -0.03126873 -0.12424161 -0.01419051
v -0.02409335 -0.12255651 -0.01695065
v -0.03065961 -0.12474660 -0.01866006
v -0.03127215 -0.12267341 -0.01716951
v -0.03122127 -0.12254281 -0.01513625
v -0.02434369 -0.12409471 -0.01424025
v -0.01895649 -0.12291691 -0.01466191
v -0.03124547 -0.12443261 0.01839244
v -0.02416128 -0.12301420 0.01738664
v -0.03126989 -0.12292871 0.01735983
v -0.02246738 -0.12233780 0.01601769
v -0.03127302 -0.12228390 0.01560313
v -0.03126989 -0.12292871 0.01735983
v -0.02416128 -0.12301420 0.01738664
v -0.03099510 -0.10269861 0.03731613
v -0.03128088 -0.10127791 0.03691308
v -0.01895272 -0.10183120 0.03679609
v -0.03124548 -0.10002411 0.04053502
v -0.02457237 -0.09971590 0.04006212
v -0.03123082 -0.09981573 0.03777700
v -0.03119565 -0.07124285 0.03776160
v -0.02253270 -0.07129219 0.03824222
v -0.03066199 -0.07094295 0.04094590
v -0.02253270 -0.07129219 0.03824222
v -0.03119565 -0.07124285 0.03776160
v -0.02246603 -0.06950155 0.03684087
v -0.02246603 -0.06950155 0.03684087
v -0.03119565 -0.07124285 0.03776160
v -0.03116915 -0.06880059 0.03695745
v -0.02246603 -0.06950155 0.03684087
v -0.03116915 -0.06880059 0.03695745
v -0.02451182 -0.06721865 0.03830847
v -0.03126355 -0.04833233 0.01716384
v -0.03119636 -0.04842230 0.01503803
v -0.02409189 -0.04845333 0.01693544
v -0.01895339 -0.04801518 0.01460147
v -0.02453093 -0.04545649 0.01420989
v -0.03117120 -0.04778182 -0.01428498
v -0.03121162 -0.04860352 -0.01670989
v -0.01898057 -0.04860531 -0.01597171
v -0.03117120 -0.04778182 -0.01428498
v -0.02413513 -0.04718838 -0.01420117
v -0.03066326 -0.04455396 -0.01455702
v -0.03121227 -0.07122605 -0.03790553
v -0.02449382 -0.07134935 -0.04000771
v -0.01895193 -0.07067888 -0.03736864
v -0.03118015 -0.06893583 -0.03677249
v -0.03121227 -0.07122605 -0.03790553
v -0.01895193 -0.07067888 -0.03736864
v -0.03118015 -0.06893583 -0.03677249
v -0.02413487 -0.06844767 -0.03713407
v -0.03066250 -0.06683989 -0.03924663
v -0.03116864 -0.10219810 -0.03695682
v -0.02457682 -0.10380700 -0.03831657
v -0.02246888 -0.10151551 -0.03683908
v -0.03119479 -0.09975454 -0.03775528
v -0.03116864 -0.10219810 -0.03695682
v -0.02246888 -0.10151551 -0.03683908
v -0.03119479 -0.09975454 -0.03775528
v -0.02246888 -0.10151551 -0.03683908
v -0.02267760 -0.09967932 -0.03821429
v -0.02267760 -0.09967932 -0.03821429
v -0.03066243 -0.10005710 -0.04094576
v -0.03119479 -0.09975454 -0.03775528
v -0.03983347 -0.04875096 0.01656711
v -0.03295525 -0.04869925 0.01669675
v -0.03295000 -0.04843802 0.01509461
v -0.03295000 -0.04843802 0.01509461
v -0.03294197 -0.04710919 0.01408217
v -0.04056232 -0.04837590 0.01466464
v -0.04056232 -0.04837590 0.01466464
v -0.03294197 -0.04710919 0.01408217
v -0.03735216 -0.04585918 0.01416617
v -0.03735216 -0.04585918 0.01416617
v -0.03294197 -0.04710919 0.01408217
v -0.03294789 -0.04531592 0.01462876
v -0.03286572 -0.04678861 0.01818598
v -0.03626101 -0.04681074 0.01847167
v -0.03386419 -0.04410274 0.01669919
v -0.03294197 -0.04710919 0.01408217
v -0.03286572 -0.04678861 0.01818598
v -0.03386419 -0.04410274 0.01669919
v -0.03295319 -0.04876476 -0.01553272
v -0.03295106 -0.04809650 -0.01757447
v -0.03866814 -0.04824513 -0.01741284
v -0.03295319 -0.04876476 -0.01553272
v -0.04059957 -0.04880002 -0.01551780
v -0.03967728 -0.04763528 -0.01422081
v -0.03295319 -0.04876476 -0.01553272
v -0.03967728 -0.04763528 -0.01422081
v -0.03294943 -0.04719480 -0.01405562
v -0.03124548 -0.04496497 0.01452409
v -0.03385470 -0.04375122 0.01310531
v -0.02841339 -0.04415047 0.01411721
v -0.03294943 -0.04719480 -0.01405562
v -0.03967728 -0.04763528 -0.01422081
v -0.03741374 -0.04589664 -0.01410477
v -0.03294943 -0.04719480 -0.01405562
v -0.03741374 -0.04589664 -0.01410477
v -0.03293209 -0.04531626 -0.01451387
v -0.03293209 -0.04531626 -0.01451387
v -0.03741374 -0.04589664 -0.01410477
v -0.03411277 -0.04412995 -0.01639339
v -0.03293209 -0.04531626 -0.01451387
v -0.03411277 -0.04412995 -0.01639339
v -0.03291631 -0.04544755 -0.01769334
v -0.03610333 -0.06696894 -0.03878196
v -0.03352321 -0.06883725 -0.04153736
v -0.03292951 -0.06733496 -0.03863026
v -0.03294723 -0.10353650 -0.03940616
v -0.03528910 -0.10379770 -0.03959416
v -0.03295098 -0.10307451 -0.03740354
v -0.03295098 -0.10307451 -0.03740354
v -0.03528910 -0.10379770 -0.03959416
v -0.03866361 -0.10291381 -0.03725701
v -0.03866361 -0.10291381 -0.03725701
v -0.04057696 -0.10104161 -0.03669732
v -0.03295198 -0.10103480 -0.03673494
v -0.03295098 -0.10307451 -0.03740354
v -0.03866361 -0.10291381 -0.03725701
v -0.03295198 -0.10103480 -0.03673494
v -0.03295198 -0.10103480 -0.03673494
v -0.03967323 -0.09972229 -0.03786146
v -0.03293976 -0.09955591 -0.03830507
v -0.03967323 -0.09972229 -0.03786146
v -0.03741743 -0.09960393 -0.03960102
v -0.03293976 -0.09955591 -0.03830507
v -0.03295008 -0.12627951 -0.01658401
v -0.03416458 -0.12673021 -0.01674986
v -0.03294919 -0.12528321 -0.01410162
v -0.03294919 -0.12528321 -0.01410162
v -0.03416458 -0.12673021 -0.01674986
v -0.03683161 -0.12548530 -0.01430897
v -0.03294919 -0.12528321 -0.01410162
v -0.03683161 -0.12548530 -0.01430897
v -0.03778849 -0.12309121 -0.01438938
v -0.03634789 -0.12402221 -0.01857724
v -0.03292461 -0.12429111 -0.01824410
v -0.03295078 -0.12231131 -0.01669406
v -0.03294780 -0.12273460 -0.01470629
v -0.03778849 -0.12309121 -0.01438938
v -0.03681026 -0.12218960 -0.01619493
v -0.03294780 -0.12273460 -0.01470629
v -0.03681026 -0.12218960 -0.01619493
v -0.03295078 -0.12231131 -0.01669406
v -0.03294780 -0.12273460 -0.01470629
v -0.03293991 -0.12418551 0.01813606
v -0.02451182 -0.06721865 0.03830847
v -0.03124548 -0.06710749 0.03893267
v -0.02844145 -0.06624303 0.03922838
v -0.03295700 -0.12213570 0.01623889
v -0.03124548 -0.06710749 0.03893267
v -0.03353742 -0.06531459 0.03883554
v -0.02844145 -0.06624303 0.03922838
v -0.03981917 -0.10208951 0.03675880
v -0.03739032 -0.10353991 0.03799489
v -0.03296295 -0.10219810 0.03680093
v -0.03485109 -0.10120160 0.04105572
v -0.03748117 -0.09963167 0.03955266
v -0.03293564 -0.10075940 0.04078354
v -0.04048041 -0.10019271 0.03712930
v -0.03294643 -0.09958303 0.03839150
v -0.03748117 -0.09963167 0.03955266
v -0.03295000 -0.10059460 0.03706198
v -0.04022589 -0.06980773 0.03677555
v -0.03968298 -0.07127993 0.03786299
v -0.03295288 -0.06996386 0.03673501
v -0.03294636 -0.07098588 0.04018467
v -0.03411242 -0.06910599 0.04137002
v -0.03288845 -0.06780786 0.04004487
v -0.04022589 -0.06980773 0.03677555
v -0.03295288 -0.06996386 0.03673501
v -0.03866635 -0.06808652 0.03725640
v -0.03538618 -0.06721305 0.03952735
v -0.03295025 -0.06792553 0.03740349
v -0.03288845 -0.06780786 0.04004487
v -0.02461561 -0.07149794 0.04010570
v -0.02839010 -0.07174988 0.04152000
v -0.03066199 -0.07094295 0.04094590
v -0.04321131 -0.06257107 0.01658228
v -0.04320542 -0.05698525 0.01874249
v -0.04321360 -0.05661489 -0.01859002
v -0.03797023 -0.05162842 -0.00845128
v -0.04134192 -0.05027289 -0.01062735
v -0.03788830 -0.04988513 -0.01032416
v -0.03788830 -0.04988513 -0.01032416
v -0.04134192 -0.05027289 -0.01062735
v -0.03829426 -0.04633153 -0.01056806
v -0.03797023 -0.05162842 -0.00845128
v -0.02464112 -0.10386061 0.03832958
v -0.02839008 -0.10513620 0.03908188
v -0.03056511 -0.10411120 0.03920917
v -0.02464112 -0.10386061 0.03832958
v -0.03056511 -0.10411120 0.03920917
v -0.03099510 -0.10269861 0.03731613
v -0.03124548 -0.10002411 0.04053502
v -0.03363182 -0.09863821 0.04176037
v -0.02841376 -0.09961706 0.04134998
v -0.03124548 -0.10002411 0.04053502
v -0.02841376 -0.09961706 0.04134998
v -0.02457237 -0.09971590 0.04006212
v -0.03670913 -0.12225531 0.01659149
v -0.03645000 -0.07795218 0.02621604
v -0.03703459 -0.07750209 0.02367228
v -0.02844592 -0.12472970 0.01928326
v -0.02452984 -0.12390150 0.01822888
v -0.02416128 -0.12301420 0.01738664
v -0.03124547 -0.12443261 0.01839244
v -0.02844592 -0.12472970 0.01928326
v -0.02416128 -0.12301420 0.01738664
v -0.02456255 -0.12551471 0.01413889
v -0.02840432 -0.12702121 0.01375841
v -0.03109272 -0.12612250 0.01455811
v -0.04206047 -0.06269841 0.02949488
v -0.04133258 -0.06448391 0.03093996
v -0.04498661 -0.06777501 0.03255689
v -0.04470575 -0.06482476 0.03015606
v -0.04754653 -0.06705326 0.02808712
v -0.04699552 -0.06718644 0.02555097
v -0.04495038 -0.06440741 0.02700428
v -0.04699552 -0.06718644 0.02555097
v -0.04504608 -0.06649322 0.02368920
v -0.04495038 -0.06440741 0.02700428
v -0.04716152 -0.06791330 0.03027554
v -0.04754653 -0.06705326 0.02808712
v -0.04470575 -0.06482476 0.03015606
v -0.04504608 -0.06649322 0.02368920
v -0.04147657 -0.06393018 0.02511607
v -0.04495038 -0.06440741 0.02700428
v -0.04495038 -0.06440741 0.02700428
v -0.04147657 -0.06393018 0.02511607
v -0.04158015 -0.06333318 0.02806745
v -0.04470575 -0.06482476 0.03015606
v -0.04495038 -0.06440741 0.02700428
v -0.04158015 -0.06333318 0.02806745
v -0.04171248 -0.10800621 -0.02716091
v -0.03886243 -0.11674611 -0.02439428
v -0.03867443 -0.07872824 -0.03079990
v -0.03886243 -0.11674611 -0.02439428
v -0.03709450 -0.12170311 -0.02139775
v -0.03703459 -0.07836827 -0.02875139
v -0.03703459 -0.07836827 -0.02875139
v -0.03709450 -0.12170311 -0.02139775
v -0.03645000 -0.07792121 -0.02620710
v -0.03645000 -0.07792121 -0.02620710
v -0.03681026 -0.12218960 -0.01619493
v -0.03703459 -0.07747412 -0.02366280
v -0.03703459 -0.07747412 -0.02366280
v -0.03681026 -0.12218960 -0.01619493
v -0.03866846 -0.07716488 -0.02162618
v -0.04531376 -0.06472589 -0.03103453
v -0.04782284 -0.06760550 -0.02521192
v -0.04608839 -0.06726030 -0.02326494
v -0.04661739 -0.06547261 -0.02517591
v -0.04158298 -0.06633353 -0.03345352
v -0.04545026 -0.06782260 -0.03315090
v -0.04531376 -0.06472589 -0.03103453
v -0.04531376 -0.06472589 -0.03103453
v -0.04835464 -0.06693754 -0.02875000
v -0.04556540 -0.06377081 -0.02780511
v -0.04835464 -0.06693754 -0.02875000
v -0.04661739 -0.06547261 -0.02517591
v -0.04556540 -0.06377081 -0.02780511
v -0.04200017 -0.06307476 -0.03001753
v -0.04531376 -0.06472589 -0.03103453
v -0.04556540 -0.06377081 -0.02780511
v -0.04661739 -0.06547261 -0.02517591
v -0.04224252 -0.06362206 -0.02370892
v -0.04556540 -0.06377081 -0.02780511
v -0.04200017 -0.06307476 -0.03001753
v -0.04556540 -0.06377081 -0.02780511
v -0.04226733 -0.06258471 -0.02704014
v -0.04156740 -0.07527269 0.03247793
v -0.04156740 -0.07527269 0.03247793
v -0.04487376 -0.07506668 0.03140239
v -0.04139523 -0.06846422 0.03346858
v -0.04139523 -0.06846422 0.03346858
v -0.04487376 -0.07506668 0.03140239
v -0.04498661 -0.06777501 0.03255689
v -0.04145776 -0.07780915 0.03413687
v -0.04084280 -0.07814904 0.03318569
v -0.04156740 -0.07527269 0.03247793
v -0.04084280 -0.07814904 0.03318569
v -0.04072914 -0.07672847 0.03182991
v -0.04156740 -0.07527269 0.03247793
v -0.03552608 -0.12329251 -0.01980289
v -0.03703630 -0.11887591 -0.02485579
v -0.03664739 -0.11916111 -0.02296200
v -0.04144426 -0.11932421 0.00634771
v -0.04190357 -0.11951291 0.00529364
v -0.04155427 -0.10722500 0.00552647
v -0.04189222 -0.10461561 0.00386028
v -0.04196572 -0.10319540 0.00078988
v -0.04120114 -0.10200981 0.00289736
v -0.04141882 -0.11951261 -0.00634782
v -0.04137032 -0.11534340 -0.00798520
v -0.04156059 -0.10652661 -0.00544168
v -0.03363182 -0.09863821 0.04176037
v -0.03661916 -0.09849994 0.03877041
v -0.04002832 -0.09793741 0.03743246
v -0.03949926 -0.10296891 0.03574684
v -0.04099740 -0.10022990 0.03513827
v -0.03989824 -0.09963253 0.03636872
v -0.03529012 -0.12349670 0.01994723
v -0.03341447 -0.12434661 0.02010280
v -0.03539711 -0.12182651 0.01851922
v -0.03414404 -0.10590240 -0.03866683
v -0.02884223 -0.10479890 -0.03926941
v -0.03241450 -0.10466391 -0.03834398
v -0.03414404 -0.10590240 -0.03866683
v -0.03241450 -0.10466391 -0.03834398
v -0.03662850 -0.10371991 -0.03660469
v -0.03987024 -0.10322210 -0.03534607
v -0.03414404 -0.10590240 -0.03866683
v -0.03662850 -0.10371991 -0.03660469
v -0.04093634 -0.06891770 -0.00416844
v -0.03801482 -0.06918956 -0.00435130
v -0.04145549 -0.06631552 -0.00411293
v -0.03835366 -0.04557161 -0.00763071
v -0.03788830 -0.04988513 -0.01032416
v -0.03829426 -0.04633153 -0.01056806
v -0.03983163 -0.07312326 -0.03759876
v -0.03369630 -0.07236612 -0.04176291
v -0.03708398 -0.07254625 -0.03881625
v -0.04039241 -0.04988003 -0.01575335
v -0.03860896 -0.04800194 -0.01313233
v -0.03985597 -0.04776176 -0.01194212
v -0.03985597 -0.04776176 -0.01194212
v -0.03860896 -0.04800194 -0.01313233
v -0.03381079 -0.04372730 -0.01299292
v -0.03829426 -0.04633153 -0.01056806
v -0.04134192 -0.05027289 -0.01062735
v -0.03985597 -0.04776176 -0.01194212
v -0.03126989 -0.04675864 0.01419086
v -0.03385470 -0.04375122 0.01310531
v -0.03124548 -0.04496497 0.01452409
v -0.03272283 -0.10496950 0.03850405
v -0.03408852 -0.10637651 0.03841022
v -0.03949926 -0.10296891 0.03574684
v -0.03847552 -0.04577204 0.00791550
v -0.03790235 -0.04922088 0.00776818
v -0.03828040 -0.04515766 0.00498489
v -0.03661916 -0.09849994 0.03877041
v -0.03989824 -0.09963253 0.03636872
v -0.04002832 -0.09793741 0.03743246
v -0.03121227 -0.07122605 -0.03790553
v -0.03369630 -0.07236612 -0.04176291
v -0.03124548 -0.07097591 -0.04053502
v -0.04021311 -0.04865531 0.00373009
v -0.04143051 -0.05083777 0.00415027
v -0.04100312 -0.04737923 0.00284334
v -0.03805631 -0.11559221 -0.02516243
v -0.04138735 -0.10890671 -0.02868722
v -0.04100183 -0.10677550 -0.02824980
v -0.03703630 -0.11887591 -0.02485579
v -0.04000855 -0.11264911 -0.02849514
v -0.04138735 -0.10890671 -0.02868722
v -0.03241450 -0.10466391 -0.03834398
v -0.02884223 -0.10479890 -0.03926941
v -0.03124548 -0.10389251 -0.03893267
v -0.03341447 -0.12434661 0.02010280
v -0.03124547 -0.12443261 0.01839244
v -0.03126989 -0.12292871 0.01735983
v -0.04143602 -0.04989377 0.00815841
v -0.03790235 -0.04922088 0.00776818
v -0.03847552 -0.04577204 0.00791550
v -0.03341447 -0.12434661 0.02010280
v -0.02844592 -0.12472970 0.01928326
v -0.03124547 -0.12443261 0.01839244
v -0.03241450 -0.10466391 -0.03834398
v -0.03116864 -0.10219810 -0.03695682
v -0.03251891 -0.10304091 -0.03616226
v -0.03251891 -0.10304091 -0.03616226
v -0.03116864 -0.10219810 -0.03695682
v -0.03256473 -0.10037281 -0.03593408
v -0.03256473 -0.10037281 -0.03593408
v -0.03119479 -0.09975454 -0.03775528
v -0.03244335 -0.09864822 -0.03797452
v -0.03119479 -0.09975454 -0.03775528
v -0.03354526 -0.09861760 -0.04173157
v -0.03244335 -0.09864822 -0.03797452
v -0.03272283 -0.10496950 0.03850405
v -0.03243761 -0.10306791 0.03615815
v -0.03099510 -0.10269861 0.03731613
v -0.03123082 -0.09981573 0.03777700
v -0.03256365 -0.10038940 0.03592958
v -0.03251850 -0.09866775 0.03797326
v -0.03363182 -0.09863821 0.04176037
v -0.03123082 -0.09981573 0.03777700
v -0.03251850 -0.09866775 0.03797326
v -0.03126361 -0.12392041 0.01414529
v -0.03389770 -0.12735010 0.01294896
v -0.03249042 -0.12351410 0.01310548
v -0.03341447 -0.12434661 0.02010280
v -0.03126989 -0.12292871 0.01735983
v -0.03228504 -0.12142361 0.01693794
v -0.03252863 -0.12187781 0.01436198
v -0.03126989 -0.12292871 0.01735983
v -0.03127302 -0.12228390 0.01560313
v -0.03228504 -0.12142361 0.01693794
v -0.03127302 -0.12228390 0.01560313
v -0.03252863 -0.12187781 0.01436198
v -0.03228504 -0.12142361 0.01693794
v -0.03094880 -0.12640031 -0.01463492
v -0.03126873 -0.12424161 -0.01419051
v -0.03256291 -0.12343901 -0.01312091
v -0.03243818 -0.12710811 -0.01348840
v -0.03094880 -0.12640031 -0.01463492
v -0.03256291 -0.12343901 -0.01312091
v -0.03256291 -0.12343901 -0.01312091
v -0.03122127 -0.12254281 -0.01513625
v -0.03252360 -0.12186680 -0.01439541
v -0.02453093 -0.04545649 0.01420989
v -0.03124548 -0.04496497 0.01452409
v -0.02841339 -0.04415047 0.01411721
v -0.03252045 -0.07233887 -0.03799073
v -0.03369630 -0.07236612 -0.04176291
v -0.03121227 -0.07122605 -0.03790553
v -0.03253790 -0.07060900 -0.03594506
v -0.03118015 -0.06893583 -0.03677249
v -0.03243753 -0.06793644 -0.03615606
v -0.03118015 -0.06893583 -0.03677249
v -0.03066250 -0.06683989 -0.03924663
v -0.03350433 -0.06526941 -0.03878765
v -0.03256100 -0.04956252 -0.01487619
v -0.03252058 -0.04933018 -0.01755729
v -0.03121162 -0.04860352 -0.01670989
v -0.03256100 -0.04956252 -0.01487619
v -0.03117120 -0.04778182 -0.01428498
v -0.03243770 -0.04751656 -0.01314728
v -0.03252058 -0.04933018 -0.01755729
v -0.03351597 -0.04665897 -0.02017772
v -0.03121162 -0.04860352 -0.01670989
v -0.03243770 -0.04751656 -0.01314728
v -0.03117120 -0.04778182 -0.01428498
v -0.03381079 -0.04372730 -0.01299292
v -0.03117120 -0.04778182 -0.01428498
v -0.03066326 -0.04455396 -0.01455702
v -0.03381079 -0.04372730 -0.01299292
v -0.04145549 -0.06631552 -0.00411293
v -0.03801482 -0.06918956 -0.00435130
v -0.03794362 -0.06512609 -0.00493276
v -0.03350098 -0.07238375 0.04173511
v -0.03119565 -0.07124285 0.03776160
v -0.03066199 -0.07094295 0.04094590
v -0.03119565 -0.07124285 0.03776160
v -0.03255263 -0.07062439 0.03594008
v -0.03116915 -0.06880059 0.03695745
v -0.03116915 -0.06880059 0.03695745
v -0.03252035 -0.06794284 0.03616982
v -0.03353742 -0.06531459 0.03883554
v -0.03126355 -0.04833233 0.01716384
v -0.03243750 -0.04934388 0.01756368
v -0.03126355 -0.04833233 0.01716384
v -0.03352460 -0.04671662 0.02023826
v -0.03352460 -0.04671662 0.02023826
v -0.03126355 -0.04833233 0.01716384
v -0.03066240 -0.04625337 0.01866010
v -0.04136067 -0.09530732 -0.01577588
v -0.03868536 -0.09324897 -0.01745088
v -0.03895350 -0.09212455 -0.01622447
v -0.04089792 -0.09574937 -0.01328279
v -0.04136067 -0.09530732 -0.01577588
v -0.03895350 -0.09212455 -0.01622447
v -0.03745075 -0.08537033 -0.01684828
v -0.03893957 -0.08487575 -0.01783651
v -0.04060653 -0.08181032 -0.01630119
v -0.04060653 -0.08181032 -0.01630119
v -0.03893957 -0.08487575 -0.01783651
v -0.03948379 -0.08334748 -0.01870827
v -0.03752945 -0.08572416 0.01953423
v -0.03889674 -0.08493618 0.01785617
v -0.04137402 -0.08144813 0.01818201
v -0.04082633 -0.08153141 0.01626347
v -0.04045959 -0.07554840 0.01337624
v -0.04142396 -0.07643196 0.01506851
v -0.04137402 -0.08144813 0.01818201
v -0.04082633 -0.08153141 0.01626347
v -0.04142396 -0.07643196 0.01506851
v -0.04144300 -0.07095143 0.01004792
v -0.04045915 -0.06895401 0.00019201
v -0.04093634 -0.06891770 -0.00416844
v -0.04139968 -0.06821305 0.00344818
v -0.04093634 -0.06891770 -0.00416844
v -0.04145549 -0.06631552 -0.00411293
v -0.04139968 -0.06821305 0.00344818
v -0.04553396 -0.12241231 -0.00133678
v -0.04234035 -0.12273611 -0.00427614
v -0.04529226 -0.12185190 -0.00378534
v -0.04553396 -0.12241231 -0.00133678
v -0.04529226 -0.12185190 -0.00378534
v -0.04603643 -0.12135501 0.00071210
v -0.03389770 -0.12735010 0.01294896
v -0.04048802 -0.12276921 0.01144187
v -0.03756724 -0.12379671 0.01293635
v -0.04048802 -0.12276921 0.01144187
v -0.04142754 -0.12061201 0.01083358
v -0.04138552 -0.09548308 0.01564138
v -0.03369630 -0.07236612 -0.04176291
v -0.02841368 -0.07138299 -0.04135010
v -0.03124548 -0.07097591 -0.04053502
v -0.03066250 -0.06683989 -0.03924663
v -0.02553038 -0.06640123 -0.03820853
v -0.02839008 -0.06586377 -0.03908188
v -0.02413487 -0.06844767 -0.03713407
v -0.02553038 -0.06640123 -0.03820853
v -0.03066250 -0.06683989 -0.03924663
v -0.02553038 -0.06640123 -0.03820853
v -0.02413487 -0.06844767 -0.03713407
v -0.02445210 -0.06714315 -0.03852176
v -0.03124548 -0.10389251 -0.03893267
v -0.02884223 -0.10479890 -0.03926941
v -0.02457682 -0.10380700 -0.03831657
v -0.02839010 -0.09925013 -0.04152000
v -0.03066243 -0.10005710 -0.04094576
v -0.02463130 -0.09948021 -0.04011318
v -0.03066243 -0.10005710 -0.04094576
v -0.02267760 -0.09967932 -0.03821429
v -0.02463130 -0.09948021 -0.04011318
v -0.04113566 -0.12130181 -0.01129136
v -0.03830150 -0.12000331 -0.01290173
v -0.04056020 -0.11970601 -0.01119355
v -0.04221080 -0.05909844 -0.02011746
v -0.04321360 -0.05661489 -0.01859002
v -0.04224541 -0.05535325 -0.01857013
v -0.04221080 -0.05909844 -0.02011746
v -0.04321115 -0.06244417 -0.01677772
v -0.04321360 -0.05661489 -0.01859002
v -0.04220535 -0.06360176 -0.01627324
v -0.04321115 -0.06244417 -0.01677772
v -0.04221080 -0.05909844 -0.02011746
v -0.04319955 -0.05107286 -0.00124718
v -0.04232985 -0.05105268 0.00867228
v -0.04227930 -0.05013239 -0.00166997
v -0.04319941 -0.05247409 0.01039917
v -0.04319617 -0.05232341 -0.00959377
v -0.04319955 -0.05107286 -0.00124718
v -0.04227930 -0.05013239 -0.00166997
v -0.04228734 -0.05173895 -0.01101503
v -0.04319941 -0.05247409 0.01039917
v -0.04223140 -0.05559288 0.01899884
v -0.04232985 -0.05105268 0.00867228
v -0.04321360 -0.05661489 -0.01859002
v -0.04319617 -0.05232341 -0.00959377
v -0.04228734 -0.05173895 -0.01101503
v -0.04224541 -0.05535325 -0.01857013
v -0.04320542 -0.05698525 0.01874249
v -0.04221023 -0.05889823 -0.00442504
v -0.04319451 -0.05836641 0.00619666
v -0.04319558 -0.05817773 -0.00574410
v -0.04223560 -0.05982310 0.00744059
v -0.04223560 -0.05982310 0.00744059
v -0.04321131 -0.06257107 0.01658228
v -0.04319451 -0.05836641 0.00619666
v -0.04220535 -0.06360176 -0.01627324
v -0.04221023 -0.05889823 -0.00442504
v -0.04319558 -0.05817773 -0.00574410
v -0.04321115 -0.06244417 -0.01677772
v -0.04221508 -0.06344118 0.01626403
v -0.04320542 -0.05698525 0.01874249
v -0.04221202 -0.05974039 0.02005622
v -0.04223140 -0.05559288 0.01899884
v -0.04321131 -0.06257107 0.01658228
v -0.04221202 -0.05974039 0.02005622
v -0.04320542 -0.05698525 0.01874249
v -0.04221508 -0.06344118 0.01626403
v -0.04221202 -0.05974039 0.02005622
v -0.04321131 -0.06257107 0.01658228
v -0.03617657 -0.12207490 -0.00161321
v -0.04058143 -0.11946271 0.00173945
v -0.03999944 -0.11948501 -0.00118108
v -0.03727218 -0.12103331 0.00084936
v -0.04057586 -0.12189621 -0.00531558
v -0.03617657 -0.12207490 -0.00161321
v -0.03999944 -0.11948501 -0.00118108
v -0.03727218 -0.12103331 0.00084936
v -0.04028762 -0.12104631 0.00429197
v -0.04058143 -0.11946271 0.00173945
v -0.04211435 -0.11949470 -0.00168258
v -0.04057586 -0.12189621 -0.00531558
v -0.03999944 -0.11948501 -0.00118108
v -0.04028762 -0.12104631 0.00429197
v -0.04359208 -0.12101040 0.00362026
v -0.04058143 -0.11946271 0.00173945
v -0.04359208 -0.12101040 0.00362026
v -0.04324547 -0.11948111 0.00026628
v -0.04058143 -0.11946271 0.00173945
v -0.04324547 -0.11948111 0.00026628
v -0.04529226 -0.12185190 -0.00378534
v -0.04211435 -0.11949470 -0.00168258
v -0.04057586 -0.12189621 -0.00531558
v -0.04603643 -0.12135501 0.00071210
v -0.04603643 -0.12135501 0.00071210
v -0.04529226 -0.12185190 -0.00378534
v -0.04324547 -0.11948111 0.00026628
v -0.03606535 -0.07648555 0.02356639
v -0.03772269 -0.07612487 0.02121298
v -0.03829434 -0.07515767 0.02284589
v -0.03546780 -0.07702568 0.02565164
v -0.03606535 -0.07648555 0.02356639
v -0.03691138 -0.07567477 0.02577207
v -0.03573577 -0.07661316 -0.02431278
v -0.03773627 -0.07522297 -0.02339663
v -0.03669041 -0.07627602 -0.02245733
v -0.03568528 -0.07736734 -0.02838752
v -0.03694073 -0.07591449 -0.02740244
v -0.03545367 -0.07705070 -0.02635272
v -0.03866437 -0.07831894 -0.03211479
v -0.04137379 -0.07815316 -0.03354096
v -0.03711172 -0.07763762 -0.03088094
v -0.04179249 -0.07347847 -0.02139459
v -0.03773627 -0.07522297 -0.02339663
v -0.03755381 -0.07409668 -0.02428254
v -0.03773627 -0.07522297 -0.02339663
v -0.03694073 -0.07591449 -0.02740244
v -0.03755381 -0.07409668 -0.02428254
v -0.03694073 -0.07591449 -0.02740244
v -0.03784400 -0.07503077 -0.02953389
v -0.03755381 -0.07409668 -0.02428254
v -0.04143140 -0.07550164 -0.01920308
v -0.03773627 -0.07522297 -0.02339663
v -0.04179249 -0.07347847 -0.02139459
v -0.03828778 -0.07610155 -0.02078346
v -0.03669041 -0.07627602 -0.02245733
v -0.03773627 -0.07522297 -0.02339663
v -0.04143140 -0.07550164 -0.01920308
v -0.03828778 -0.07610155 -0.02078346
v -0.03773627 -0.07522297 -0.02339663
v -0.03694073 -0.07591449 -0.02740244
v -0.03829227 -0.07649742 -0.03034435
v -0.03784400 -0.07503077 -0.02953389
v -0.03573577 -0.07661316 -0.02431278
v -0.03694073 -0.07591449 -0.02740244
v -0.03773627 -0.07522297 -0.02339663
v -0.03829227 -0.07649742 -0.03034435
v -0.04166964 -0.07527610 -0.03237231
v -0.03784400 -0.07503077 -0.02953389
v -0.04137379 -0.07815316 -0.03354096
v -0.03573577 -0.07661316 -0.02431278
v -0.03545367 -0.07705070 -0.02635272
v -0.03694073 -0.07591449 -0.02740244
v -0.03568528 -0.07736734 -0.02838752
v -0.03829227 -0.07649742 -0.03034435
v -0.03694073 -0.07591449 -0.02740244
v -0.03568528 -0.07736734 -0.02838752
v -0.03711172 -0.07763762 -0.03088094
v -0.03829227 -0.07649742 -0.03034435
v -0.03711172 -0.07763762 -0.03088094
v -0.04137379 -0.07815316 -0.03354096
v -0.03829227 -0.07649742 -0.03034435
v -0.03829434 -0.07515767 0.02284589
v -0.04135139 -0.07558113 0.01940578
v -0.04170007 -0.07341993 0.02139733
v -0.03834136 -0.07395309 0.02353477
v -0.03691138 -0.07567477 0.02577207
v -0.03829434 -0.07515767 0.02284589
v -0.03834136 -0.07395309 0.02353477
v -0.03713565 -0.07466764 0.02746863
v -0.03691138 -0.07567477 0.02577207
v -0.03834136 -0.07395309 0.02353477
v -0.03763615 -0.07636267 0.02957730
v -0.03691138 -0.07567477 0.02577207
v -0.03713565 -0.07466764 0.02746863
v -0.03829434 -0.07515767 0.02284589
v -0.03772269 -0.07612487 0.02121298
v -0.04135139 -0.07558113 0.01940578
v -0.03691138 -0.07567477 0.02577207
v -0.03606535 -0.07648555 0.02356639
v -0.03829434 -0.07515767 0.02284589
v -0.04156740 -0.07527269 0.03247793
v -0.03763615 -0.07636267 0.02957730
v -0.03713565 -0.07466764 0.02746863
v -0.04072914 -0.07672847 0.03182991
v -0.03763615 -0.07636267 0.02957730
v -0.04156740 -0.07527269 0.03247793
v -0.03763615 -0.07636267 0.02957730
v -0.03561986 -0.07726233 0.02788265
v -0.03691138 -0.07567477 0.02577207
v -0.03561986 -0.07726233 0.02788265
v -0.03546780 -0.07702568 0.02565164
v -0.03691138 -0.07567477 0.02577207
v -0.03641526 -0.07778913 0.02993593
v -0.03561986 -0.07726233 0.02788265
v -0.03763615 -0.07636267 0.02957730
v -0.03836011 -0.07801836 0.03202503
v -0.03641526 -0.07778913 0.02993593
v -0.03763615 -0.07636267 0.02957730
v -0.04072914 -0.07672847 0.03182991
v -0.03836011 -0.07801836 0.03202503
v -0.03763615 -0.07636267 0.02957730
v -0.04084280 -0.07814904 0.03318569
v -0.03836011 -0.07801836 0.03202503
v -0.04072914 -0.07672847 0.03182991
v -0.03876900 -0.10412780 0.01035238
v -0.03885029 -0.10243510 0.00997979
v -0.03900262 -0.10284691 0.01170664
v -0.03876900 -0.10412780 0.01035238
v -0.04145822 -0.10347980 0.00884233
v -0.03885029 -0.10243510 0.00997979
v -0.04144408 -0.10471821 0.01127884
v -0.03876900 -0.10412780 0.01035238
v -0.03900262 -0.10284691 0.01170664
v -0.03876900 -0.10412780 0.01035238
v -0.04144408 -0.10471821 0.01127884
v -0.04145822 -0.10347980 0.00884233
v -0.04144894 -0.10149300 0.01062051
v -0.03900262 -0.10284691 0.01170664
v -0.03885029 -0.10243510 0.00997979
v -0.04144894 -0.10149300 0.01062051
v -0.04145053 -0.10325320 0.01215490
v -0.03900262 -0.10284691 0.01170664
v -0.03885029 -0.10243510 0.00997979
v -0.04145822 -0.10347980 0.00884233
v -0.04144894 -0.10149300 0.01062051
v -0.04145053 -0.10325320 0.01215490
v -0.04144408 -0.10471821 0.01127884
v -0.03900262 -0.10284691 0.01170664
v -0.04137645 -0.11512131 -0.01220550
v -0.03861400 -0.11563041 -0.00822136
v -0.03834890 -0.11516331 -0.01389036
v -0.04137032 -0.11534340 -0.00798520
v -0.03861400 -0.11563041 -0.00822136
v -0.03861292 -0.11918670 -0.00792446
v -0.03834890 -0.11516331 -0.01389036
v -0.03830150 -0.12000331 -0.01290173
v -0.04137032 -0.11534340 -0.00798520
v -0.03861292 -0.11918670 -0.00792446
v -0.03861400 -0.11563041 -0.00822136
v -0.04053697 -0.11909060 -0.00794656
v -0.03861292 -0.11918670 -0.00792446
v -0.04056020 -0.11970601 -0.01119355
v -0.03830150 -0.12000331 -0.01290173
v -0.04053697 -0.11909060 -0.00794656
v -0.04190357 -0.11951291 0.00529364
v -0.04410507 -0.10757741 0.00451986
v -0.04155427 -0.10722500 0.00552647
v -0.04447683 -0.11938211 -0.00443008
v -0.04197085 -0.11931141 -0.00525563
v -0.04156059 -0.10652661 -0.00544168
v -0.04420038 -0.10760120 -0.00450509
v -0.04447683 -0.11938211 -0.00443008
v -0.04156059 -0.10652661 -0.00544168
v -0.04190357 -0.11951291 0.00529364
v -0.04405081 -0.11880951 0.00458980
v -0.04410507 -0.10757741 0.00451986
v -0.04405081 -0.11880951 0.00458980
v -0.04593152 -0.10800410 0.00289144
v -0.04410507 -0.10757741 0.00451986
v -0.04597253 -0.10709961 -0.00267602
v -0.04447683 -0.11938211 -0.00443008
v -0.04420038 -0.10760120 -0.00450509
v -0.04583354 -0.11879880 0.00293886
v -0.04642968 -0.11875631 -0.00185346
v -0.04447683 -0.11938211 -0.00443008
v -0.04597253 -0.10709961 -0.00267602
v -0.04583354 -0.11879880 0.00293886
v -0.04665330 -0.11935051 0.00068465
v -0.04593152 -0.10800410 0.00289144
v -0.04665330 -0.11935051 0.00068465
v -0.04668051 -0.10728601 0.00004774
v -0.04593152 -0.10800410 0.00289144
v -0.04668051 -0.10728601 0.00004774
v -0.04642968 -0.11875631 -0.00185346
v -0.04597253 -0.10709961 -0.00267602
v -0.04665330 -0.11935051 0.00068465
v -0.04642968 -0.11875631 -0.00185346
v -0.04668051 -0.10728601 0.00004774
v -0.04485607 -0.10441460 -0.00059084
v -0.04152169 -0.10325670 -0.00231576
v -0.04196572 -0.10319540 0.00078988
v -0.04485671 -0.10488891 0.00225442
v -0.04485607 -0.10441460 -0.00059084
v -0.04196572 -0.10319540 0.00078988
v -0.04189222 -0.10461561 0.00386028
v -0.04485671 -0.10488891 0.00225442
v -0.04196572 -0.10319540 0.00078988
v -0.04485607 -0.10441460 -0.00059084
v -0.04421886 -0.10510351 -0.00302175
v -0.04152169 -0.10325670 -0.00231576
v -0.04421886 -0.10510351 -0.00302175
v -0.04156059 -0.10652661 -0.00544168
v -0.04152169 -0.10325670 -0.00231576
v -0.04485607 -0.10441460 -0.00059084
v -0.04597253 -0.10709961 -0.00267602
v -0.04421886 -0.10510351 -0.00302175
v -0.04668051 -0.10728601 0.00004774
v -0.04485607 -0.10441460 -0.00059084
v -0.04485671 -0.10488891 0.00225442
v -0.04597253 -0.10709961 -0.00267602
v -0.04410507 -0.10757741 0.00451986
v -0.04485671 -0.10488891 0.00225442
v -0.04189222 -0.10461561 0.00386028
v -0.04155427 -0.10722500 0.00552647
v -0.04410507 -0.10757741 0.00451986
v -0.04189222 -0.10461561 0.00386028
v -0.04421886 -0.10510351 -0.00302175
v -0.04420038 -0.10760120 -0.00450509
v -0.04156059 -0.10652661 -0.00544168
v -0.04410507 -0.10757741 0.00451986
v -0.04593152 -0.10800410 0.00289144
v -0.04485671 -0.10488891 0.00225442
v -0.04597253 -0.10709961 -0.00267602
v -0.04420038 -0.10760120 -0.00450509
v -0.04421886 -0.10510351 -0.00302175
v -0.04593152 -0.10800410 0.00289144
v -0.04668051 -0.10728601 0.00004774
v -0.04485671 -0.10488891 0.00225442
v -0.04572267 -0.10467830 -0.00243147
v -0.04572333 -0.10425801 0.00135860
v -0.04222121 -0.10197420 0.00058786
v -0.04572333 -0.10425801 0.00135860
v -0.04220984 -0.10401921 0.00469963
v -0.04222121 -0.10197420 0.00058786
v -0.04221321 -0.10340120 -0.00407273
v -0.04572267 -0.10467830 -0.00243147
v -0.04222121 -0.10197420 0.00058786
v -0.04572333 -0.10425801 0.00135860
v -0.04611840 -0.10675030 0.00370045
v -0.04220984 -0.10401921 0.00469963
v -0.04740785 -0.10729310 -0.00098089
v -0.04729520 -0.10753200 0.00131446
v -0.04572333 -0.10425801 0.00135860
v -0.04572267 -0.10467830 -0.00243147
v -0.04740785 -0.10729310 -0.00098089
v -0.04572333 -0.10425801 0.00135860
v -0.04611840 -0.10675030 0.00370045
v -0.04250199 -0.10723790 0.00610424
v -0.04220984 -0.10401921 0.00469963
v -0.04235251 -0.10674991 -0.00623819
v -0.04468241 -0.10757020 -0.00509418
v -0.04221321 -0.10340120 -0.00407273
v -0.04468241 -0.10757020 -0.00509418
v -0.04572267 -0.10467830 -0.00243147
v -0.04221321 -0.10340120 -0.00407273
v -0.04469705 -0.10760200 0.00505926
v -0.04250199 -0.10723790 0.00610424
v -0.04611840 -0.10675030 0.00370045
v -0.04729520 -0.10753200 0.00131446
v -0.04611840 -0.10675030 0.00370045
v -0.04572333 -0.10425801 0.00135860
v -0.04468241 -0.10757020 -0.00509418
v -0.04618597 -0.10782880 -0.00368608
v -0.04572267 -0.10467830 -0.00243147
v -0.04618597 -0.10782880 -0.00368608
v -0.04740785 -0.10729310 -0.00098089
v -0.04572267 -0.10467830 -0.00243147
v -0.03576544 -0.11953521 0.00211819
v -0.03534819 -0.12788460 -0.00066498
v -0.03549222 -0.11952000 -0.00085216
v -0.03592003 -0.12777201 0.00264200
v -0.03534819 -0.12788460 -0.00066498
v -0.03576544 -0.11953521 0.00211819
v -0.03534819 -0.12788460 -0.00066498
v -0.03630560 -0.11972101 -0.00318161
v -0.03549222 -0.11952000 -0.00085216
v -0.03771785 -0.11956290 0.00478232
v -0.03770852 -0.12559170 0.00480418
v -0.03576544 -0.11953521 0.00211819
v -0.03770852 -0.12559170 0.00480418
v -0.03592003 -0.12777201 0.00264200
v -0.03576544 -0.11953521 0.00211819
v -0.03534819 -0.12788460 -0.00066498
v -0.03659694 -0.12659810 -0.00368469
v -0.03630560 -0.11972101 -0.00318161
v -0.03659694 -0.12659810 -0.00368469
v -0.03822838 -0.11952650 -0.00511464
v -0.03630560 -0.11972101 -0.00318161
v -0.03659694 -0.12659810 -0.00368469
v -0.03818431 -0.12588511 -0.00533026
v -0.03822838 -0.11952650 -0.00511464
v -0.04144426 -0.11932421 0.00634771
v -0.03770852 -0.12559170 0.00480418
v -0.03771785 -0.11956290 0.00478232
v -0.03818431 -0.12588511 -0.00533026
v -0.04141882 -0.11951261 -0.00634782
v -0.03822838 -0.11952650 -0.00511464
v -0.03999944 -0.11948501 -0.00118108
v -0.04058143 -0.11946271 0.00173945
v -0.03549222 -0.11952000 -0.00085216
v -0.03576544 -0.11953521 0.00211819
v -0.03822838 -0.11952650 -0.00511464
v -0.03771785 -0.11956290 0.00478232
v -0.04190357 -0.11951291 0.00529364
v -0.04144426 -0.11932421 0.00634771
v -0.04141882 -0.11951261 -0.00634782
v -0.04211435 -0.11949470 -0.00168258
v -0.04197085 -0.11931141 -0.00525563
v -0.04447683 -0.11938211 -0.00443008
v -0.04324547 -0.11948111 0.00026628
v -0.04665330 -0.11935051 0.00068465
v -0.04469705 -0.10760200 0.00505926
v -0.04225735 -0.12163431 0.00619093
v -0.04250199 -0.10723790 0.00610424
v -0.04224712 -0.12174351 -0.00622843
v -0.04468241 -0.10757020 -0.00509418
v -0.04235251 -0.10674991 -0.00623819
v -0.04460540 -0.12834821 0.00512977
v -0.04467319 -0.12836211 -0.00519183
v -0.04611840 -0.10675030 0.00370045
v -0.04642953 -0.12843081 0.00330568
v -0.04469705 -0.10760200 0.00505926
v -0.04642953 -0.12843081 0.00330568
v -0.04460540 -0.12834821 0.00512977
v -0.04469705 -0.10760200 0.00505926
v -0.04467319 -0.12836211 -0.00519183
v -0.04618597 -0.10782880 -0.00368608
v -0.04468241 -0.10757020 -0.00509418
v -0.04729520 -0.10753200 0.00131446
v -0.04714762 -0.12824210 0.00196194
v -0.04611840 -0.10675030 0.00370045
v -0.04714762 -0.12824210 0.00196194
v -0.04642953 -0.12843081 0.00330568
v -0.04611840 -0.10675030 0.00370045
v -0.04467319 -0.12836211 -0.00519183
v -0.04667902 -0.12842861 -0.00291146
v -0.04618597 -0.10782880 -0.00368608
v -0.04667902 -0.12842861 -0.00291146
v -0.04740785 -0.10729310 -0.00098089
v -0.04618597 -0.10782880 -0.00368608
v -0.04740785 -0.10729310 -0.00098089
v -0.04747708 -0.12834220 -0.00067266
v -0.04729520 -0.10753200 0.00131446
v -0.04714762 -0.12824210 0.00196194
v -0.04667902 -0.12842861 -0.00291146
v -0.04747708 -0.12834220 -0.00067266
v -0.04740785 -0.10729310 -0.00098089
v -0.04460540 -0.12834821 0.00512977
v -0.04098223 -0.12449261 0.00628966
v -0.04225735 -0.12163431 0.00619093
v -0.04460540 -0.12834821 0.00512977
v -0.04138152 -0.12848241 0.00584960
v -0.04098223 -0.12449261 0.00628966
v -0.04081333 -0.12463840 -0.00630243
v -0.04149109 -0.12848600 -0.00587131
v -0.04467319 -0.12836211 -0.00519183
v -0.04138152 -0.12848241 0.00584960
v -0.03608639 -0.12842391 0.00497715
v -0.04098223 -0.12449261 0.00628966
v -0.03625823 -0.12826850 -0.00511169
v -0.04149109 -0.12848600 -0.00587131
v -0.04081333 -0.12463840 -0.00630243
v -0.04179249 -0.07347847 -0.02139459
v -0.04490305 -0.06741558 -0.02328892
v -0.04146297 -0.06636301 -0.02251221
v -0.04179249 -0.07347847 -0.02139459
v -0.04506193 -0.07333088 -0.02235557
v -0.04490305 -0.06741558 -0.02328892
v -0.04506193 -0.07333088 -0.02235557
v -0.04702223 -0.06770124 -0.02527521
v -0.04490305 -0.06741558 -0.02328892
v -0.04506193 -0.07333088 -0.02235557
v -0.04696429 -0.07317183 -0.02419500
v -0.04702223 -0.06770124 -0.02527521
v -0.04696429 -0.07317183 -0.02419500
v -0.04771675 -0.06803849 -0.02821141
v -0.04702223 -0.06770124 -0.02527521
v -0.04696429 -0.07317183 -0.02419500
v -0.04770404 -0.07416951 -0.02644563
v -0.04771675 -0.06803849 -0.02821141
v -0.04770404 -0.07416951 -0.02644563
v -0.04727224 -0.07417531 -0.02900811
v -0.04771675 -0.06803849 -0.02821141
v -0.04727224 -0.07417531 -0.02900811
v -0.04697145 -0.06794738 -0.03052891
v -0.04771675 -0.06803849 -0.02821141
v -0.04554882 -0.07492701 -0.03110941
v -0.04501673 -0.06790940 -0.03246914
v -0.04697145 -0.06794738 -0.03052891
v -0.04727224 -0.07417531 -0.02900811
v -0.04554882 -0.07492701 -0.03110941
v -0.04697145 -0.06794738 -0.03052891
v -0.04554882 -0.07492701 -0.03110941
v -0.04166964 -0.07527610 -0.03237231
v -0.04501673 -0.06790940 -0.03246914
v -0.04166964 -0.07527610 -0.03237231
v -0.04139919 -0.06938134 -0.03346212
v -0.04501673 -0.06790940 -0.03246914
v -0.04477873 -0.07339083 0.02224518
v -0.04170007 -0.07341993 0.02139733
v -0.04146597 -0.06657817 0.02249046
v -0.04504608 -0.06649322 0.02368920
v -0.04477873 -0.07339083 0.02224518
v -0.04146597 -0.06657817 0.02249046
v -0.04669269 -0.07352317 0.02383478
v -0.04477873 -0.07339083 0.02224518
v -0.04504608 -0.06649322 0.02368920
v -0.04699552 -0.06718644 0.02555097
v -0.04669269 -0.07352317 0.02383478
v -0.04504608 -0.06649322 0.02368920
v -0.00757096 -0.06925708 -0.03289436
v -0.00898728 -0.06864131 -0.03197035
v -0.00650775 -0.06846337 -0.03175398
v -0.00650775 -0.06846337 -0.03175398
v -0.00898728 -0.06864131 -0.03197035
v 0.00088464 -0.06789447 -0.03091353
v -0.00556861 -0.06911647 -0.03275959
v -0.01795000 -0.08977276 -0.02592876
v -0.01795000 -0.08784562 -0.02995671
v -0.01795000 -0.08609153 -0.02993025
v 0.00088464 -0.06789447 -0.03091353
v -0.01092192 -0.06760636 -0.03087169
v -0.00949943 -0.06595568 -0.03056189
v 0.00079771 -0.06561476 -0.03046345
v -0.02350596 -0.09821329 -0.00544999
v -0.02136920 -0.09781962 -0.00714992
v -0.02361079 -0.09581022 -0.00918564
v -0.01795000 -0.09203039 0.03520893
v -0.01795000 -0.08797618 0.03300355
v -0.01795000 -0.08606691 0.03334130
v -0.01794999 -0.05228482 -0.01421392
v -0.01795000 -0.05297308 -0.01529033
v -0.01794945 -0.04191426 -0.00234418
v -0.01062584 -0.05487080 -0.01870195
v 0.00099553 -0.05483010 -0.01770505
v -0.00851312 -0.05487509 -0.01898654
v -0.00756784 -0.05498580 -0.02036343
v -0.00851312 -0.05487509 -0.01898654
v -0.00650886 -0.05486161 -0.01897262
v -0.00558816 -0.05498467 -0.02036414
v -0.00450046 -0.05485985 -0.01903102
v -0.01794999 -0.08979798 0.03587214
v -0.00450046 -0.05485985 -0.01903102
v -0.00388063 -0.05495748 -0.02015120
v 0.00090142 -0.05517276 -0.01999111
v 0.00099553 -0.05483010 -0.01770505
v -0.00952100 -0.05287466 -0.01637034
v 0.00188080 -0.05307363 -0.01643143
v -0.01795000 -0.05174298 -0.01194900
v -0.01895120 -0.05123472 0.00732391
v -0.01895208 -0.09959835 -0.03206851
v -0.01895339 -0.04801518 0.01460147
v -0.01095499 -0.04983668 -0.00093236
v 0.00099298 -0.05007041 0.00002385
v -0.00809722 -0.04941856 -0.00126066
v -0.00754776 -0.04897339 -0.00226671
v 0.00028924 -0.04926620 -0.00166642
v -0.01794952 -0.09821744 0.04175777
v -0.01795000 -0.08852164 0.03581430
v -0.01795000 -0.08599183 0.03609666
v 0.00099298 -0.05007041 0.00002385
v -0.00974081 -0.04927458 0.00167417
v 0.00098441 -0.04917948 0.00215640
v -0.01795000 -0.05101805 -0.01068672
v -0.02043912 -0.09376403 0.01201592
v -0.02359242 -0.09468288 0.01031199
v -0.02348787 -0.09094696 0.01271468
v -0.01794994 -0.04996301 0.00035486
v -0.01095499 -0.04983668 -0.00093236
v -0.01795031 -0.05024436 -0.00265520
v -0.01795010 -0.10221971 0.03146019
v -0.01795000 -0.10299930 0.03094518
v -0.01094918 -0.10251910 0.03148196
v -0.01795644 -0.08858052 -0.01738038
v -0.01794492 -0.08703144 -0.01927750
v -0.01792301 -0.08577785 -0.01775100
v -0.01094919 -0.10425461 -0.03047997
v -0.01795010 -0.10438550 -0.03020977
v -0.01795000 -0.10354970 -0.03062743
v -0.01795010 -0.06661454 0.03020977
v -0.01795000 -0.06745035 0.03062743
v -0.01094919 -0.06674538 0.03047997
v -0.01794971 -0.08462050 0.03584480
v -0.01095040 -0.05229098 -0.01421668
v -0.01095136 -0.05166477 -0.01189347
v -0.01063733 -0.05079660 -0.01051179
v -0.01095000 -0.05296800 0.00748776
v -0.01095000 -0.05366403 0.00948877
v -0.01094993 -0.05131297 0.01164837
v -0.01095000 -0.05567999 -0.01435734
v -0.01095000 -0.05487693 0.01255364
v -0.01094993 -0.05402530 0.01711841
v -0.01070545 -0.05263536 0.01553850
v -0.01795000 -0.08671151 0.02625050
v -0.01795000 -0.08832009 0.02610069
v -0.01795000 -0.08500819 0.02212293
v -0.01095000 -0.05564497 0.00393291
v -0.01095000 -0.05604766 0.00577370
v -0.01090660 -0.05451904 -0.01787593
v -0.01095000 -0.05714604 -0.01730950
v -0.01095065 -0.05292634 -0.01526404
v -0.01095000 -0.05685184 0.00868638
v -0.01095000 -0.05396572 0.01084219
v -0.01095000 -0.06150185 -0.01802399
v -0.01095000 -0.05903508 -0.01436655
v -0.01095000 -0.05827886 -0.01264063
v -0.01095000 -0.05477987 -0.01306410
v -0.01898057 -0.04860531 -0.01597171
v -0.01894782 -0.05652303 -0.03243099
v -0.01895715 -0.04786169 0.00342984
v -0.01795000 -0.08654056 0.02213972
v -0.01795000 -0.05050529 -0.00819386
v -0.01095000 -0.05286830 0.00602696
v -0.01095146 -0.05113775 0.01026530
v -0.01065478 -0.05028804 0.00797873
v -0.01095000 -0.05916384 0.00120880
v -0.01095000 -0.05938489 0.00288469
v -0.01095000 -0.05983706 0.00553289
v -0.01095000 -0.05628465 0.00702633
v -0.01095000 -0.05815617 0.01864621
v -0.01095136 -0.05828235 0.02335546
v -0.01095040 -0.05658349 0.02165151
v -0.01095000 -0.05838393 0.01294700
v -0.01095000 -0.05928387 0.01445285
v -0.01095000 -0.05690904 0.01716161
v -0.01095000 -0.05773431 -0.01148793
v -0.01095000 -0.06148609 -0.01060809
v -0.01095000 -0.05721743 -0.00981154
v -0.01063904 -0.05904483 0.02479746
v -0.01095000 -0.06260037 -0.01955497
v -0.01095000 -0.05816735 -0.01916569
v -0.01795000 -0.08636267 -0.02374526
v -0.01795000 -0.08831248 -0.02205079
v -0.01795000 -0.08482962 -0.02724328
v -0.01095031 -0.06097061 -0.02649679
v -0.01095142 -0.05943205 -0.02462833
v -0.01094993 -0.05832559 -0.02378400
v -0.01095000 -0.06094232 0.01725388
v -0.01095000 -0.06027582 0.02161728
v -0.01095000 -0.05882609 0.02007236
v -0.01095000 -0.06327602 -0.00049213
v -0.01095000 -0.06340307 0.00105778
v -0.01095000 -0.06409774 -0.02524498
v -0.01095000 -0.06410588 0.00562887
v -0.01095000 -0.06055533 0.00825129
v -0.01095000 -0.05999067 0.00665798
v -0.01095000 -0.06476542 0.00783118
v -0.01095000 -0.06154821 0.01074761
v -0.01095000 -0.06090867 0.00926407
v -0.01095000 -0.06263046 0.02392385
v -0.01095013 -0.06171580 0.02718484
v -0.01095000 -0.06110193 0.02273098
v -0.01795000 -0.08705072 -0.02631824
v -0.01795000 -0.05005388 -0.00699634
v -0.01095000 -0.05711508 0.01005417
v -0.01095000 -0.05789168 0.01177101
v -0.01095000 -0.05523569 0.01408791
v -0.01095000 -0.06337215 0.01417445
v -0.01095000 -0.06430617 0.01549260
v -0.01095000 -0.06166832 0.01830182
v -0.01095136 -0.06373299 0.02850394
v -0.01083430 -0.06485920 0.02995660
v -0.01094802 -0.06695936 -0.00112816
v -0.01095000 -0.06285028 -0.00117777
v -0.01095000 -0.06220260 -0.00253549
v -0.01095177 -0.06463552 -0.01017692
v -0.01095002 -0.06754262 -0.00742032
v -0.01095000 -0.06318349 -0.00815812
v -0.01095000 -0.06684672 0.01197101
v -0.01095000 -0.06780970 -0.01346107
v -0.01095000 -0.06700148 -0.01213248
v -0.01095000 -0.06348309 -0.01450206
v -0.01095000 -0.06615544 0.01746498
v -0.01095000 -0.06510048 0.02163082
v -0.01095000 -0.06365848 0.02073013
v -0.01095000 -0.06480735 -0.02178807
v -0.01095000 -0.06787691 -0.01945831
v -0.01095000 -0.06365330 -0.02046684
v -0.01095000 -0.06518141 -0.01666469
v -0.01095000 -0.06835073 -0.01404108
v -0.01095000 -0.06421640 -0.01536906
v -0.01095000 -0.06909021 -0.02052500
v -0.01095609 -0.06993290 0.00752554
v -0.01095000 -0.06574370 0.00995395
v -0.01095000 -0.06499723 0.00858972
v -0.01092192 -0.06760636 -0.03087169
v -0.01095000 -0.06981415 -0.02914309
v -0.01095160 -0.06512207 -0.02950997
v -0.02449218 -0.09335315 -0.04314536
v -0.01972814 -0.08571117 -0.04397028
v -0.02449253 -0.08548368 -0.04386021
v -0.01895680 -0.05099597 0.00403603
v -0.01095000 -0.06697937 -0.01876273
v -0.01095000 -0.06992820 -0.01571342
v -0.01095000 -0.06588185 -0.01747707
v -0.01795000 -0.09385498 -0.03482110
v -0.01795000 -0.09616523 -0.03451719
v -0.01794951 -0.08784157 -0.04358607
v -0.01795000 -0.04280413 0.00832543
v -0.01095000 -0.06274942 -0.02442965
v -0.01095000 -0.06577367 -0.02261962
v -0.01095000 -0.06136450 -0.02282637
v -0.01095000 -0.07128508 -0.02220338
v -0.01095000 -0.06994423 -0.02117400
v -0.01095000 -0.06716650 -0.02388875
v -0.01095000 -0.06810427 0.02815589
v -0.01095790 -0.06757611 0.03067117
v -0.01095000 -0.06742888 0.02386639
v -0.01795000 -0.09252385 -0.03541011
v -0.01094698 -0.06889122 -0.00513521
v -0.01095000 -0.07474862 0.00765784
v -0.01795000 -0.08999067 -0.03565985
v -0.01095521 -0.07068228 0.00920713
v -0.01095000 -0.06609508 0.01063554
v -0.01095866 -0.06997593 -0.00825303
v -0.01095247 -0.07116880 -0.00973621
v -0.01095000 -0.07026355 0.01618633
v -0.01095000 -0.07084500 0.01870327
v -0.01095000 -0.06877598 0.02038042
v -0.01095190 -0.07180571 0.01062800
v -0.01095922 -0.07292054 0.01208650
v -0.01095000 -0.06884015 0.01427169
v -0.01095000 -0.07289437 -0.01818691
v -0.01095000 -0.07164477 -0.01729979
v -0.02351505 -0.08002391 -0.01269549
v -0.02044269 -0.07723392 -0.01201311
v -0.02359249 -0.07631710 -0.01031196
v -0.01795000 -0.08875406 -0.03598200
v -0.01095104 -0.07350627 -0.01250304
v -0.01095316 -0.07216440 -0.01124745
v -0.01095000 -0.06938855 -0.01516861
v -0.01095001 -0.07282808 0.01483624
v -0.01095161 -0.07479433 -0.01377426
v -0.01095000 -0.07099498 -0.01684494
v -0.01095000 -0.07481421 -0.01949259
v -0.01095000 -0.07353548 -0.01860761
v -0.01095615 -0.08804651 0.01213730
v -0.01094764 -0.07549688 0.01419971
v -0.01808956 -0.08421222 0.01690627
v -0.01095000 -0.07371619 -0.02348826
v -0.01095000 -0.07554436 -0.01980242
v -0.01095000 -0.07230764 -0.02269715
v -0.01095085 -0.07667962 0.00785644
v -0.01095000 -0.07265343 -0.02979061
v -0.01095000 -0.07731491 -0.02494401
v -0.01095000 -0.07386666 -0.02758324
v -0.01095371 -0.08559928 -0.00318099
v -0.01095629 -0.08222744 -0.00053983
v -0.01795102 -0.08609904 0.01763536
v -0.01095000 -0.07253389 -0.02717848
v -0.01095000 -0.07468650 -0.02394553
v -0.01095000 -0.07090763 -0.02622666
v -0.01095000 -0.07812864 -0.02618530
v -0.01095373 -0.07892379 0.01615918
v -0.01095000 -0.07744556 0.02064888
v -0.01095000 -0.07588932 0.02137363
v -0.01095000 -0.07746016 0.02499120
v -0.01095000 -0.07607223 0.02551713
v -0.02136920 -0.07318040 0.00714992
v -0.02361085 -0.07518953 0.00918527
v -0.02350590 -0.07278679 0.00545023
v -0.01095000 -0.07869855 0.02915322
v -0.01095595 -0.07874594 0.03244538
v -0.01095000 -0.08145378 -0.03313646
v -0.01095000 -0.07760091 -0.03402695
v -0.01095000 -0.07751400 -0.03520560
v -0.02245027 -0.07463508 0.03517978
v -0.01895083 -0.07469892 0.03369906
v -0.01896579 -0.07424771 0.03582968
v 0.01711771 -0.11559830 0.01111759
v 0.02448072 -0.11316871 0.01286612
v 0.01754828 -0.11323951 0.01292944
v -0.01095622 -0.08067633 0.01660179
v -0.01095000 -0.07816437 0.02098418
v -0.01095000 -0.08017350 0.02572836
v -0.01095000 -0.08001471 0.02960915
v -0.01095000 -0.07851133 0.02542071
v 0.01731016 -0.11670311 0.00634462
v 0.02448912 -0.11505391 0.00780778
v 0.01769953 -0.11506501 0.00787036
v -0.01095238 -0.08132244 -0.01693760
v -0.01095322 -0.07964197 -0.01627026
v -0.01095000 -0.07910046 -0.02128834
v 0.01726904 -0.11708821 -0.00488302
v 0.02448210 -0.11589130 -0.00268608
v 0.01754775 -0.11598281 -0.00267667
v -0.01095000 -0.08071210 -0.02294065
v -0.01095000 -0.07987909 -0.02143958
v 0.01722496 -0.11576921 -0.01034021
v 0.02447694 -0.11495981 -0.00793076
v 0.01754551 -0.11505420 -0.00793228
v -0.01795000 -0.08816346 0.02989451
v -0.01795000 -0.08563913 0.02627358
v -0.01795000 -0.08394931 0.02631824
v -0.01095548 -0.08242727 0.01717235
v -0.01095000 -0.08191471 0.02187226
v -0.01095000 -0.08122725 0.02592876
v -0.01095000 -0.08041932 0.02153723
v 0.01732135 -0.11348180 -0.01521408
v 0.02448159 -0.11314181 -0.01291904
v 0.01754349 -0.11323781 -0.01293501
v -0.01094989 -0.08458136 0.03581284
v -0.01095000 -0.08221624 0.03595034
v -0.01095000 -0.08106025 0.03279718
v -0.01795000 -0.08629066 0.03010257
v -0.01895083 -0.07469892 0.03369906
v -0.02245027 -0.07463508 0.03517978
v -0.02245272 -0.07371371 0.03254839
v -0.01095000 -0.08493309 -0.03334130
v -0.01095000 -0.08302383 -0.03300355
v -0.01095039 -0.08120674 -0.03586868
v 0.01754828 -0.10714431 -0.02163533
v 0.01731075 -0.10659550 -0.02385314
v 0.02447447 -0.10706440 -0.02158186
v -0.01095000 -0.08470935 -0.03010257
v -0.01095000 -0.08248497 -0.03025809
v 0.01755259 -0.10306041 -0.02506299
v 0.01733029 -0.10212641 -0.02716864
v 0.02448134 -0.10298401 -0.02500297
v -0.01090679 -0.08551266 0.03576928
v -0.01095000 -0.08256836 0.03325361
v -0.01095000 -0.08188984 0.02979500
v -0.01095000 -0.08482962 -0.02724328
v 0.01755058 -0.09841752 -0.02773855
v 0.01726301 -0.09705472 -0.02983440
v 0.02448247 -0.09836357 -0.02766520
v -0.01795000 -0.08490847 0.02993025
v -0.01795000 -0.08315441 0.02995671
v 0.01754493 -0.09340963 -0.02956121
v 0.01724468 -0.09170289 -0.03135619
v 0.02447688 -0.09336258 -0.02947832
v -0.01095000 -0.08490847 0.02993025
v -0.01095000 -0.08606691 0.03334130
v -0.01095000 -0.08315441 0.02995671
v -0.01095000 -0.08283181 0.02611666
v 0.01754533 -0.08816668 -0.03048902
v 0.01726388 -0.08543840 -0.03215084
v 0.02448177 -0.08813240 -0.03039816
v -0.01795259 -0.10310460 0.00124743
v -0.01796637 -0.10299460 -0.00057876
v -0.01892872 -0.10114911 -0.00167433
v -0.03745000 -0.08235875 0.01364304
v -0.03745000 -0.07829657 0.01200460
v -0.02371953 -0.07849833 0.01190904
v -0.01907186 -0.04644875 -0.01962660
v 0.01770004 -0.07753705 -0.02953923
v 0.01731047 -0.07539280 -0.03019505
v 0.02448912 -0.07748536 -0.02949833
v -0.01813646 -0.10207210 0.00305691
v -0.01795259 -0.10310460 0.00124743
v -0.01892872 -0.10114911 -0.00167433
v -0.01095000 -0.08424224 0.02208644
v -0.01095000 -0.08394931 0.02631824
v -0.01095000 -0.08268753 0.02205079
v -0.01095000 -0.08654056 0.02213972
v -0.01095000 -0.08671151 0.02625050
v -0.01095000 -0.08500819 0.02212293
v -0.01795252 -0.10297751 -0.00243952
v -0.01792016 -0.10246621 -0.00522285
v -0.01892872 -0.10114911 -0.00167433
v -0.01948975 -0.06519812 -0.03887738
v -0.01899484 -0.06682048 -0.03860541
v -0.01894782 -0.05652303 -0.03243099
v 0.01755096 -0.07257363 -0.02773867
v 0.01733033 -0.07028383 -0.02798324
v 0.02448161 -0.07258783 -0.02764294
v -0.01795000 -0.08493309 -0.03334130
v -0.01795000 -0.08302383 -0.03300355
v -0.01095000 -0.08816346 0.02989451
v -0.01095000 -0.08629066 0.03010257
v -0.01095000 -0.08563913 0.02627358
v 0.01754790 -0.06794477 -0.02506843
v 0.01732281 -0.06565378 -0.02491567
v 0.02448298 -0.06797570 -0.02497727
v -0.01796637 -0.10299460 -0.00057876
v -0.01795252 -0.10297751 -0.00243952
v -0.01892872 -0.10114911 -0.00167433
v 0.01754673 -0.06385386 -0.02162940
v 0.01723277 -0.06142057 -0.02104351
v 0.02447699 -0.06390213 -0.02154800
v -0.01948975 -0.06519812 -0.03887738
v -0.01894782 -0.05652303 -0.03243099
v -0.01978652 -0.05821202 -0.03445434
v -0.01095580 -0.08785100 0.01714282
v -0.01095000 -0.08733361 0.02215368
v -0.01095546 -0.08606475 0.01743604
v -0.01795000 -0.08843165 -0.03325361
v -0.01795000 -0.08500818 -0.03609666
v -0.01795000 -0.08247837 -0.03581429
v 0.01754255 -0.06042819 -0.01755376
v 0.01732231 -0.05833797 -0.01662810
v 0.02448164 -0.06049044 -0.01747881
v -0.01095000 -0.08832009 0.02610069
v 0.01754829 -0.05776053 -0.01292947
v 0.01711032 -0.05539871 -0.01111441
v 0.02448073 -0.05783126 -0.01286613
v -0.01795000 -0.08631350 -0.03320999
v -0.01797352 -0.10172900 0.00659072
v -0.01795112 -0.10245820 0.00488001
v -0.01813646 -0.10207210 0.00305691
v 0.01769923 -0.05593494 -0.00787040
v 0.01731005 -0.05429689 -0.00634460
v 0.02448912 -0.05594610 -0.00780777
v -0.01095261 -0.08967807 0.01693899
v -0.01795000 -0.08424224 0.02208644
v -0.01795000 -0.08268753 0.02205079
v 0.01754883 -0.05501411 -0.00267433
v 0.01733019 -0.05365708 -0.00081320
v 0.02448151 -0.05510434 -0.00263910
v -0.01095285 -0.09207593 -0.01615820
v -0.01095321 -0.09367057 -0.01523824
v 0.01754697 -0.05501726 0.00267885
v 0.01726980 -0.05391047 0.00488518
v 0.02448272 -0.05510863 0.00269092
v -0.01892872 -0.10114911 -0.00167433
v -0.01792016 -0.10246621 -0.00522285
v -0.01904933 -0.09979129 -0.00621511
v -0.01095133 -0.09807959 -0.01208665
v -0.01096403 -0.09170359 -0.00192468
v -0.01978652 -0.05821202 -0.03445434
v -0.01894782 -0.05652303 -0.03243099
v -0.01967317 -0.05100863 -0.02732014
v 0.01754346 -0.05776213 0.01293497
v 0.01732188 -0.05751822 0.01521386
v 0.02448160 -0.05785815 0.01291903
v -0.01792016 -0.10246621 -0.00522285
v -0.01792235 -0.10168510 -0.00755245
v -0.01904933 -0.09979129 -0.00621511
v -0.01795318 -0.08241925 0.01737722
v -0.01095000 -0.08881758 0.02175606
v -0.01096544 -0.09072999 0.01239343
v -0.01813646 -0.10207210 0.00305691
v -0.01892872 -0.10114911 -0.00167433
v -0.02042657 -0.09989544 0.00242507
v 0.01731074 -0.06440454 0.02385314
v 0.02448177 -0.06393569 0.02158193
v 0.01754828 -0.06385579 0.02163540
v -0.01095000 -0.08977276 -0.02592876
v -0.01095000 -0.09058069 -0.02153723
v -0.01095000 -0.08908529 -0.02187226
v -0.01095298 -0.08857277 -0.01717287
v 0.01726301 -0.07394529 0.02983440
v 0.02448247 -0.07263646 0.02766520
v 0.01755058 -0.07258248 0.02773855
v -0.01895145 -0.04867879 0.01651433
v -0.01895079 -0.07045732 0.03277154
v -0.01896146 -0.04683468 0.01875967
v -0.01095000 -0.09095283 0.02548539
v -0.01095000 -0.09253206 0.02928037
v -0.01095000 -0.08945507 0.02606553
v -0.01095000 -0.08816819 -0.02611666
v -0.01095253 -0.09883552 0.01124740
v -0.01095269 -0.09679103 0.01361680
v 0.01724445 -0.07929715 0.03135623
v 0.02447689 -0.07763743 0.02947832
v 0.01754522 -0.07759038 0.02956121
v -0.01095000 -0.09283564 -0.02098418
v -0.01095402 -0.09032370 -0.01660186
v 0.01726412 -0.08556163 0.03215083
v 0.02448177 -0.08286761 0.03039816
v 0.01754513 -0.08283333 0.03048903
v -0.01795000 -0.08256836 0.03325361
v -0.01095000 -0.09403309 0.02848191
v 0.01731027 -0.09560725 0.03019509
v 0.02448912 -0.09351465 0.02949832
v 0.01770035 -0.09346302 0.02953917
v -0.01095000 -0.09262439 0.01964079
v -0.01095000 -0.09478795 0.02467364
v -0.01095000 -0.09189956 0.02128834
v -0.01095000 -0.09528141 -0.03191741
v -0.01095000 -0.09320047 -0.03231514
v -0.01094993 -0.09251033 -0.03542572
v -0.01795153 -0.10107271 0.00829908
v -0.01797352 -0.10172900 0.00659072
v -0.01812292 -0.09946733 0.00955525
v 0.01732999 -0.10071740 0.02798337
v 0.02448157 -0.09841208 0.02764293
v 0.01755117 -0.09842627 0.02773867
v -0.01795000 -0.08468651 0.03320999
v -0.01095000 -0.09634726 0.03157110
v 0.01726718 -0.10552111 0.02491525
v 0.02448272 -0.10302650 0.02497418
v 0.01754549 -0.10306190 0.02505931
v -0.01964015 -0.04214410 -0.00702689
v -0.01900620 -0.04162159 0.00052614
v -0.02448735 -0.04168328 0.00184429
v -0.02361423 -0.08250909 0.01348645
v -0.01898223 -0.05397841 0.03057373
v 0.01723316 -0.10957911 0.02104353
v 0.02447687 -0.10709761 0.02154816
v 0.01754543 -0.10714601 0.02162980
v -0.01969702 -0.09023829 0.04374017
v -0.02449658 -0.08938305 0.04368272
v -0.02450301 -0.08149726 0.04367476
v -0.01095000 -0.09478389 0.03176752
v -0.01095022 -0.09714589 0.03418791
v -0.01095000 -0.09298658 0.03249485
v 0.01727977 -0.11044851 0.01993363
v 0.01732231 -0.11266201 0.01662810
v 0.01754256 -0.11057181 0.01755376
v 0.02451639 -0.11330201 0.01600894
v 0.01723872 -0.11352180 0.01546086
v 0.02448072 -0.11316871 0.01286612
v 0.01723872 -0.11352180 0.01546086
v 0.01754828 -0.11323951 0.01292944
v 0.02448072 -0.11316871 0.01286612
v -0.01892872 -0.10114911 -0.00167433
v -0.01904933 -0.09979129 -0.00621511
v -0.02109089 -0.09947982 -0.00308308
v 0.01723872 -0.11352180 0.01546086
v 0.02451639 -0.11330201 0.01600894
v 0.01732231 -0.11266201 0.01662810
v 0.01732231 -0.11266201 0.01662810
v 0.02451639 -0.11330201 0.01600894
v 0.02448164 -0.11050960 0.01747881
v -0.02042657 -0.09989544 0.00242507
v -0.01892872 -0.10114911 -0.00167433
v -0.02109089 -0.09947982 -0.00308308
v -0.01795000 -0.08470935 -0.03010257
v -0.01795000 -0.08248497 -0.03025809
v 0.02448732 -0.11572240 0.01082239
v 0.01769953 -0.11506501 0.00787036
v 0.02448912 -0.11505391 0.00780778
v 0.01711771 -0.11559830 0.01111759
v 0.02448732 -0.11572240 0.01082239
v 0.02448072 -0.11316871 0.01286612
v 0.01723441 -0.11713971 0.00489967
v 0.02454045 -0.11710731 0.00539586
v 0.01731016 -0.11670311 0.00634462
v 0.02454045 -0.11710731 0.00539586
v 0.01723441 -0.11713971 0.00489967
v 0.02448053 -0.11589631 0.00264259
v 0.01731016 -0.11670311 0.00634462
v 0.02454045 -0.11710731 0.00539586
v 0.02448912 -0.11505391 0.00780778
v 0.01723441 -0.11713971 0.00489967
v 0.01733065 -0.11734201 0.00081492
v 0.01754883 -0.11598591 0.00267436
v 0.01724730 -0.11748830 -0.00067360
v 0.02449505 -0.11764431 -0.00002102
v 0.01733065 -0.11734201 0.00081492
v 0.02449505 -0.11764431 -0.00002102
v 0.01724730 -0.11748830 -0.00067360
v 0.02448210 -0.11589130 -0.00268608
v 0.01724730 -0.11748830 -0.00067360
v 0.01754775 -0.11598281 -0.00267667
v 0.02448210 -0.11589130 -0.00268608
v 0.01754775 -0.11598281 -0.00267667
v 0.01724730 -0.11748830 -0.00067360
v 0.01726904 -0.11708821 -0.00488302
v 0.01726904 -0.11708821 -0.00488302
v 0.01726094 -0.11686541 -0.00623294
v 0.02453972 -0.11720031 -0.00541703
v 0.01726904 -0.11708821 -0.00488302
v 0.02453972 -0.11720031 -0.00541703
v 0.02448210 -0.11589130 -0.00268608
v 0.01726094 -0.11686541 -0.00623294
v 0.01754551 -0.11505420 -0.00793228
v 0.02447694 -0.11495981 -0.00793076
v 0.01754551 -0.11505420 -0.00793228
v 0.01726094 -0.11686541 -0.00623294
v 0.01722496 -0.11576921 -0.01034021
v -0.01792235 -0.10168510 -0.00755245
v -0.01795752 -0.10048111 -0.00934258
v -0.01904933 -0.09979129 -0.00621511
v 0.01722496 -0.11576921 -0.01034021
v 0.01727344 -0.11525251 -0.01162985
v 0.02452617 -0.11568911 -0.01092814
v -0.01904933 -0.09979129 -0.00621511
v -0.01795752 -0.10048111 -0.00934258
v -0.01797739 -0.09932670 -0.01076307
v -0.01795000 -0.08221624 0.03595034
v 0.02452617 -0.11568911 -0.01092814
v 0.01727344 -0.11525251 -0.01162985
v 0.02448159 -0.11314181 -0.01291904
v 0.01727344 -0.11525251 -0.01162985
v 0.01754349 -0.11323781 -0.01293501
v 0.02448159 -0.11314181 -0.01291904
v 0.01754349 -0.11323781 -0.01293501
v 0.01727344 -0.11525251 -0.01162985
v 0.01732135 -0.11348180 -0.01521408
v 0.01732135 -0.11348180 -0.01521408
v 0.02451672 -0.11326610 -0.01607187
v 0.02448159 -0.11314181 -0.01291904
v 0.01732135 -0.11348180 -0.01521408
v 0.01724971 -0.11286330 -0.01655800
v 0.02451672 -0.11326610 -0.01607187
v -0.02361996 -0.09898700 0.00298937
v -0.02042657 -0.09989544 0.00242507
v -0.02361749 -0.09925635 -0.00135048
v 0.02451672 -0.11326610 -0.01607187
v 0.01724971 -0.11286330 -0.01655800
v 0.02448061 -0.11047680 -0.01752863
v 0.01724971 -0.11286330 -0.01655800
v 0.01754685 -0.11056720 -0.01755890
v 0.02448061 -0.11047680 -0.01752863
v 0.01731978 -0.11041581 -0.01983423
v 0.02452089 -0.11000371 -0.02068353
v 0.02448061 -0.11047680 -0.01752863
v -0.02042657 -0.09989544 0.00242507
v -0.02109089 -0.09947982 -0.00308308
v -0.02361749 -0.09925635 -0.00135048
v -0.01794798 -0.08365903 0.04363681
v 0.01731978 -0.11041581 -0.01983423
v 0.01723520 -0.10960541 -0.02107875
v 0.02452089 -0.11000371 -0.02068353
v 0.02452089 -0.11000371 -0.02068353
v 0.01723520 -0.10960541 -0.02107875
v 0.02447447 -0.10706440 -0.02158186
v 0.01721127 -0.10558040 -0.02495276
v 0.01755259 -0.10306041 -0.02506299
v 0.02448134 -0.10298401 -0.02500297
v 0.01755259 -0.10306041 -0.02506299
v 0.01721127 -0.10558040 -0.02495276
v 0.01733029 -0.10212641 -0.02716864
v 0.02448134 -0.10298401 -0.02500297
v 0.01733029 -0.10212641 -0.02716864
v 0.02449845 -0.10154531 -0.02786482
v 0.01733029 -0.10212641 -0.02716864
v 0.01723166 -0.10093780 -0.02803501
v 0.02449845 -0.10154531 -0.02786482
v 0.02449845 -0.10154531 -0.02786482
v 0.01723166 -0.10093780 -0.02803501
v 0.02448247 -0.09836357 -0.02766520
v 0.01723166 -0.10093780 -0.02803501
v 0.01755058 -0.09841752 -0.02773855
v 0.02448247 -0.09836357 -0.02766520
v 0.01755058 -0.09841752 -0.02773855
v 0.01723166 -0.10093780 -0.02803501
v 0.01726301 -0.09705472 -0.02983440
v 0.02448247 -0.09836357 -0.02766520
v 0.01726301 -0.09705472 -0.02983440
v 0.02452998 -0.09666346 -0.03016251
v 0.01726301 -0.09705472 -0.02983440
v 0.01726437 -0.09576780 -0.03027644
v 0.02452998 -0.09666346 -0.03016251
v 0.02452998 -0.09666346 -0.03016251
v 0.01726437 -0.09576780 -0.03027644
v 0.02447688 -0.09336258 -0.02947832
v 0.01726437 -0.09576780 -0.03027644
v 0.01754493 -0.09340963 -0.02956121
v 0.02447688 -0.09336258 -0.02947832
v 0.02447688 -0.09336258 -0.02947832
v 0.01724468 -0.09170289 -0.03135619
v 0.02452673 -0.09112735 -0.03160852
v 0.01724468 -0.09170289 -0.03135619
v 0.01726195 -0.09032718 -0.03158886
v 0.02452673 -0.09112735 -0.03160852
v 0.02452673 -0.09112735 -0.03160852
v 0.01726195 -0.09032718 -0.03158886
v 0.02448177 -0.08813240 -0.03039816
v 0.01726388 -0.08543840 -0.03215084
v 0.01754801 -0.08282767 -0.03048805
v 0.02448061 -0.08280835 -0.03039483
v 0.01754801 -0.08282767 -0.03048805
v 0.01726388 -0.08543840 -0.03215084
v 0.01711614 -0.08007489 -0.03162591
v 0.02448061 -0.08280835 -0.03039483
v 0.01711614 -0.08007489 -0.03162591
v 0.02448672 -0.07976024 -0.03158466
v 0.02448672 -0.07976024 -0.03158466
v 0.01770004 -0.07753705 -0.02953923
v 0.02448912 -0.07748536 -0.02949833
v -0.01813646 -0.10207210 0.00305691
v -0.02042657 -0.09989544 0.00242507
v -0.02038979 -0.09797088 0.00769656
v 0.02448912 -0.07748536 -0.02949833
v 0.01731047 -0.07539280 -0.03019505
v 0.02454511 -0.07436751 -0.03007025
v 0.01731047 -0.07539280 -0.03019505
v 0.01722052 -0.07393802 -0.02986979
v 0.02454511 -0.07436751 -0.03007025
v 0.02454511 -0.07436751 -0.03007025
v 0.01722052 -0.07393802 -0.02986979
v 0.02448161 -0.07258783 -0.02764294
v 0.01722052 -0.07393802 -0.02986979
v 0.01755096 -0.07257363 -0.02773867
v 0.02448161 -0.07258783 -0.02764294
v -0.01812292 -0.09946733 0.00955525
v 0.02448161 -0.07258783 -0.02764294
v 0.01733033 -0.07028383 -0.02798324
v 0.02449907 -0.06939277 -0.02782807
v 0.01733033 -0.07028383 -0.02798324
v 0.01723676 -0.06890129 -0.02735594
v 0.02449907 -0.06939277 -0.02782807
v -0.02361749 -0.09925635 -0.00135048
v -0.02109089 -0.09947982 -0.00308308
v -0.02350596 -0.09821329 -0.00544999
v 0.02449907 -0.06939277 -0.02782807
v 0.01723676 -0.06890129 -0.02735594
v 0.02448298 -0.06797570 -0.02497727
v 0.01754790 -0.06794477 -0.02506843
v 0.01723676 -0.06890129 -0.02735594
v 0.01732281 -0.06565378 -0.02491567
v -0.01955561 -0.08069249 0.04367416
v 0.02448298 -0.06797570 -0.02497727
v 0.01732281 -0.06565378 -0.02491567
v 0.02453487 -0.06495376 -0.02473330
v 0.01732281 -0.06565378 -0.02491567
v 0.01725531 -0.06442028 -0.02404908
v 0.02453487 -0.06495376 -0.02473330
v 0.02453487 -0.06495376 -0.02473330
v 0.01725531 -0.06442028 -0.02404908
v 0.02447699 -0.06390213 -0.02154800
v 0.01725531 -0.06442028 -0.02404908
v 0.01754673 -0.06385386 -0.02162940
v 0.02447699 -0.06390213 -0.02154800
v 0.01754255 -0.06042819 -0.01755376
v 0.01727981 -0.06055147 -0.01993359
v 0.01732231 -0.05833797 -0.01662810
v 0.02447699 -0.06390213 -0.02154800
v 0.01723277 -0.06142057 -0.02104351
v 0.02452650 -0.06094104 -0.02068035
v 0.01723277 -0.06142057 -0.02104351
v 0.01727981 -0.06055147 -0.01993359
v 0.02452650 -0.06094104 -0.02068035
v 0.02448164 -0.06049044 -0.01747881
v 0.02452650 -0.06094104 -0.02068035
v 0.01727981 -0.06055147 -0.01993359
v 0.01754255 -0.06042819 -0.01755376
v 0.02448164 -0.06049044 -0.01747881
v 0.01727981 -0.06055147 -0.01993359
v 0.02448164 -0.06049044 -0.01747881
v 0.01732231 -0.05833797 -0.01662810
v 0.02451638 -0.05769797 -0.01600893
v 0.01732231 -0.05833797 -0.01662810
v 0.01723863 -0.05747821 -0.01546106
v 0.02451638 -0.05769797 -0.01600893
v 0.01754829 -0.05776053 -0.01292947
v 0.02448073 -0.05783126 -0.01286613
v 0.01723863 -0.05747821 -0.01546106
v -0.01795000 -0.08283181 0.02611666
v -0.01795000 -0.08122725 0.02592876
v 0.01711032 -0.05539871 -0.01111441
v 0.01769923 -0.05593494 -0.00787040
v 0.02448707 -0.05527743 -0.01082212
v 0.01733019 -0.05365708 -0.00081320
v 0.01754883 -0.05501411 -0.00267433
v 0.01723442 -0.05386009 -0.00490012
v 0.02448912 -0.05594610 -0.00780777
v 0.01731005 -0.05429689 -0.00634460
v 0.02454501 -0.05389255 -0.00539579
v 0.01754883 -0.05501411 -0.00267433
v 0.02448151 -0.05510434 -0.00263910
v 0.01723442 -0.05386009 -0.00490012
v 0.01723442 -0.05386009 -0.00490012
v 0.02448151 -0.05510434 -0.00263910
v 0.02454501 -0.05389255 -0.00539579
v 0.01731005 -0.05429689 -0.00634460
v 0.01723442 -0.05386009 -0.00490012
v 0.02454501 -0.05389255 -0.00539579
v 0.01726980 -0.05391047 0.00488518
v 0.01754697 -0.05501726 0.00267885
v 0.01724961 -0.05350955 0.00065946
v 0.02448151 -0.05510434 -0.00263910
v 0.01733019 -0.05365708 -0.00081320
v 0.02449836 -0.05334564 0.00003566
v 0.01724961 -0.05350955 0.00065946
v 0.02448272 -0.05510863 0.00269092
v 0.02449836 -0.05334564 0.00003566
v 0.01733019 -0.05365708 -0.00081320
v 0.01724961 -0.05350955 0.00065946
v 0.02449836 -0.05334564 0.00003566
v 0.01754578 -0.05594585 0.00793225
v 0.02447693 -0.05604020 0.00793075
v 0.01726087 -0.05413440 0.00623286
v 0.01726087 -0.05413440 0.00623286
v 0.02447693 -0.05604020 0.00793075
v 0.02453141 -0.05379933 0.00541624
v 0.02448272 -0.05510863 0.00269092
v 0.01726980 -0.05391047 0.00488518
v 0.02453141 -0.05379933 0.00541624
v 0.01732188 -0.05751822 0.01521386
v 0.01754346 -0.05776213 0.01293497
v 0.01727232 -0.05574651 0.01162902
v 0.01754346 -0.05776213 0.01293497
v 0.02448160 -0.05785815 0.01291903
v 0.01727232 -0.05574651 0.01162902
v 0.01727232 -0.05574651 0.01162902
v 0.02452628 -0.05531092 0.01092821
v 0.01722476 -0.05523079 0.01034022
v -0.02042657 -0.09989544 0.00242507
v -0.02361996 -0.09898700 0.00298937
v -0.02369939 -0.09740533 0.00700772
v 0.01732002 -0.06058425 0.01983411
v 0.01754663 -0.06043283 0.01755889
v 0.01724969 -0.05813675 0.01655800
v 0.01754663 -0.06043283 0.01755889
v 0.02448060 -0.06052319 0.01752862
v 0.01724969 -0.05813675 0.01655800
v 0.01724969 -0.05813675 0.01655800
v 0.02448060 -0.06052319 0.01752862
v 0.02451688 -0.05773394 0.01607196
v 0.01724969 -0.05813675 0.01655800
v 0.02451688 -0.05773394 0.01607196
v 0.01732188 -0.05751822 0.01521386
v -0.02038979 -0.09797088 0.00769656
v 0.02448160 -0.05785815 0.01291903
v 0.01732188 -0.05751822 0.01521386
v 0.02451688 -0.05773394 0.01607196
v 0.01731074 -0.06440454 0.02385314
v 0.01754828 -0.06385579 0.02163540
v 0.01723520 -0.06139463 0.02107877
v 0.01723520 -0.06139463 0.02107877
v 0.02448177 -0.06393569 0.02158193
v 0.02451608 -0.06099609 0.02068318
v -0.02109089 -0.09947982 -0.00308308
v -0.01904933 -0.09979129 -0.00621511
v -0.02136920 -0.09781962 -0.00714992
v 0.01755259 -0.06793960 0.02506299
v 0.02448134 -0.06801606 0.02500297
v 0.01721127 -0.06541962 0.02495275
v 0.01721127 -0.06541962 0.02495275
v 0.02448134 -0.06801606 0.02500297
v 0.02454452 -0.06501660 0.02467066
v 0.01721127 -0.06541962 0.02495275
v 0.02454452 -0.06501660 0.02467066
v 0.01731074 -0.06440454 0.02385314
v -0.01904933 -0.09979129 -0.00621511
v -0.01797739 -0.09932670 -0.01076307
v -0.01916625 -0.09563405 -0.01190847
v -0.01795000 -0.08191471 0.02187226
v -0.01802704 -0.08071263 0.01638150
v 0.01726301 -0.07394529 0.02983440
v 0.01755058 -0.07258248 0.02773855
v 0.01723166 -0.07006218 0.02803501
v 0.01755058 -0.07258248 0.02773855
v 0.02448247 -0.07263646 0.02766520
v 0.01723166 -0.07006218 0.02803501
v 0.01723166 -0.07006218 0.02803501
v 0.02449845 -0.06945470 0.02786483
v 0.01733029 -0.06887358 0.02716864
v -0.01797739 -0.09932670 -0.01076307
v -0.01795220 -0.09820668 -0.01224792
v -0.01916625 -0.09563405 -0.01190847
v 0.01733029 -0.06887358 0.02716864
v 0.02449845 -0.06945470 0.02786483
v 0.02448134 -0.06801606 0.02500297
v 0.01724445 -0.07929715 0.03135623
v 0.01754522 -0.07759038 0.02956121
v 0.01726438 -0.07523223 0.03027645
v 0.01754522 -0.07759038 0.02956121
v 0.02447689 -0.07763743 0.02947832
v 0.01726438 -0.07523223 0.03027645
v 0.01726438 -0.07523223 0.03027645
v 0.02447689 -0.07763743 0.02947832
v 0.02453059 -0.07433779 0.03016236
v -0.02449390 -0.04206184 -0.00602264
v -0.01964015 -0.04214410 -0.00702689
v -0.02448735 -0.04168328 0.00184429
v -0.01095000 -0.05361535 -0.00976387
v -0.01095000 -0.05334657 -0.00784368
v -0.01095013 -0.05006513 -0.00700529
v 0.01726438 -0.07523223 0.03027645
v 0.02453059 -0.07433779 0.03016236
v 0.01726301 -0.07394529 0.02983440
v 0.01726301 -0.07394529 0.02983440
v 0.02453059 -0.07433779 0.03016236
v 0.02448247 -0.07263646 0.02766520
v 0.01726412 -0.08556163 0.03215083
v 0.01754513 -0.08283333 0.03048903
v 0.01726195 -0.08067283 0.03158886
v 0.01726195 -0.08067283 0.03158886
v 0.02448177 -0.08286761 0.03039816
v 0.02452678 -0.07987278 0.03160847
v 0.01724445 -0.07929715 0.03135623
v 0.02452678 -0.07987278 0.03160847
v 0.02447689 -0.07763743 0.02947832
v 0.01754801 -0.08817234 0.03048805
v 0.02448061 -0.08819168 0.03039483
v 0.01726412 -0.08556163 0.03215083
v 0.01726412 -0.08556163 0.03215083
v 0.02448061 -0.08819168 0.03039483
v 0.02451681 -0.08553659 0.03208197
v 0.01711616 -0.09092514 0.03162593
v 0.01770035 -0.09346302 0.02953917
v 0.02448674 -0.09123976 0.03158467
v -0.02350596 -0.09821329 -0.00544999
v -0.02109089 -0.09947982 -0.00308308
v -0.02136920 -0.09781962 -0.00714992
v -0.01795000 -0.08041932 0.02153723
v 0.01711616 -0.09092514 0.03162593
v 0.02448674 -0.09123976 0.03158467
v 0.02448061 -0.08819168 0.03039483
v 0.01732999 -0.10071740 0.02798337
v 0.01755117 -0.09842627 0.02773867
v 0.01721934 -0.09706264 0.02986979
v 0.01755117 -0.09842627 0.02773867
v 0.02448157 -0.09841208 0.02764293
v 0.01721934 -0.09706264 0.02986979
v 0.01721934 -0.09706264 0.02986979
v 0.02448157 -0.09841208 0.02764293
v 0.02454511 -0.09663237 0.03007019
v 0.01721934 -0.09706264 0.02986979
v 0.02454511 -0.09663237 0.03007019
v 0.01731027 -0.09560725 0.03019509
v 0.01731027 -0.09560725 0.03019509
v 0.02454511 -0.09663237 0.03007019
v 0.02448912 -0.09351465 0.02949832
v 0.01754549 -0.10306190 0.02505931
v 0.02448272 -0.10302650 0.02497418
v 0.01725839 -0.10206961 0.02736613
v 0.01725839 -0.10206961 0.02736613
v 0.02448272 -0.10302650 0.02497418
v 0.02449857 -0.10160660 0.02782938
v 0.01725839 -0.10206961 0.02736613
v 0.02449857 -0.10160660 0.02782938
v 0.01732999 -0.10071740 0.02798337
v 0.01732999 -0.10071740 0.02798337
v 0.02449857 -0.10160660 0.02782938
v 0.02448157 -0.09841208 0.02764293
v 0.01726718 -0.10552111 0.02491525
v 0.01754549 -0.10306190 0.02505931
v 0.01725839 -0.10206961 0.02736613
v 0.02452654 -0.11005900 0.02068033
v 0.01727977 -0.11044851 0.01993363
v 0.02448164 -0.11050960 0.01747881
v 0.01727977 -0.11044851 0.01993363
v 0.01754256 -0.11057181 0.01755376
v 0.02448164 -0.11050960 0.01747881
v -0.01916625 -0.09563405 -0.01190847
v -0.01795220 -0.09820668 -0.01224792
v -0.01797610 -0.09678367 -0.01339919
v 0.01723316 -0.10957911 0.02104353
v 0.02452654 -0.11005900 0.02068033
v 0.02447687 -0.10709761 0.02154816
v 0.01726197 -0.10658651 0.02403310
v 0.02447687 -0.10709761 0.02154816
v 0.02453155 -0.10604091 0.02474538
v -0.02136920 -0.09781962 -0.00714992
v -0.01904933 -0.09979129 -0.00621511
v -0.01916625 -0.09563405 -0.01190847
v 0.01726718 -0.10552111 0.02491525
v 0.02453155 -0.10604091 0.02474538
v 0.02448272 -0.10302650 0.02497418
v 0.01723316 -0.10957911 0.02104353
v 0.01754543 -0.10714601 0.02162980
v 0.01726197 -0.10658651 0.02403310
v -0.01795000 -0.08106025 0.03279718
v -0.01794980 -0.07859526 0.03215194
v -0.01795000 -0.08001471 0.02960915
v 0.01723872 -0.11352180 0.01546086
v 0.01732231 -0.11266201 0.01662810
v 0.01727977 -0.11044851 0.01993363
v -0.02110160 -0.09527009 -0.01046314
v -0.01795000 -0.08188984 0.02979500
v -0.01898548 -0.04769411 -0.01435201
v -0.02449253 -0.08548368 -0.04386021
v -0.01972814 -0.08571117 -0.04397028
v -0.01900758 -0.07875164 -0.04323032
v 0.01723441 -0.11713971 0.00489967
v 0.01731016 -0.11670311 0.00634462
v 0.01711771 -0.11559830 0.01111759
v 0.01711771 -0.11559830 0.01111759
v 0.01731016 -0.11670311 0.00634462
v 0.01769953 -0.11506501 0.00787036
v 0.01724730 -0.11748830 -0.00067360
v 0.01733065 -0.11734201 0.00081492
v 0.01723441 -0.11713971 0.00489967
v -0.01795343 -0.09900943 0.01135710
v -0.01812292 -0.09946733 0.00955525
v -0.01864462 -0.09479860 0.01332787
v -0.01797184 -0.09670411 0.01360437
v -0.01795343 -0.09900943 0.01135710
v -0.01864462 -0.09479860 0.01332787
v 0.01731978 -0.11041581 -0.01983423
v 0.01724971 -0.11286330 -0.01655800
v 0.01723520 -0.10960541 -0.02107875
v 0.01731075 -0.10659550 -0.02385314
v 0.01723520 -0.10960541 -0.02107875
v 0.01721127 -0.10558040 -0.02495276
v -0.02136920 -0.09781962 -0.00714992
v -0.02110160 -0.09527009 -0.01046314
v -0.02361079 -0.09581022 -0.00918564
v 0.01770004 -0.07753705 -0.02953923
v 0.01711614 -0.08007489 -0.03162591
v 0.01731047 -0.07539280 -0.03019505
v 0.01731047 -0.07539280 -0.03019505
v 0.01711614 -0.08007489 -0.03162591
v 0.01722052 -0.07393802 -0.02986979
v -0.01792919 -0.08331533 -0.01773181
v -0.01795000 -0.08071210 -0.02294065
v -0.01795000 -0.07987909 -0.02143958
v 0.01732281 -0.06565378 -0.02491567
v 0.01723676 -0.06890129 -0.02735594
v 0.01725531 -0.06442028 -0.02404908
v 0.01769923 -0.05593494 -0.00787040
v 0.01711032 -0.05539871 -0.01111441
v 0.01731005 -0.05429689 -0.00634460
v -0.01795205 -0.08124726 -0.01712598
v 0.01731005 -0.05429689 -0.00634460
v 0.01711032 -0.05539871 -0.01111441
v 0.01723442 -0.05386009 -0.00490012
v -0.01916625 -0.09563405 -0.01190847
v -0.01797610 -0.09678367 -0.01339919
v -0.01795134 -0.09538202 -0.01462119
v 0.01724969 -0.05813675 0.01655800
v 0.01732188 -0.05751822 0.01521386
v 0.01727232 -0.05574651 0.01162902
v 0.01721127 -0.06541962 0.02495275
v 0.01731074 -0.06440454 0.02385314
v 0.01723520 -0.06139463 0.02107877
v -0.01812292 -0.09946733 0.00955525
v -0.02038979 -0.09797088 0.00769656
v -0.02043912 -0.09376403 0.01201592
v -0.01864462 -0.09479860 0.01332787
v 0.01731027 -0.09560725 0.03019509
v 0.01770035 -0.09346302 0.02953917
v 0.01711616 -0.09092514 0.03162593
v 0.01721934 -0.09706264 0.02986979
v 0.01731027 -0.09560725 0.03019509
v 0.01711616 -0.09092514 0.03162593
v -0.01795057 -0.07745494 -0.03414864
v -0.01972673 -0.04224544 0.00742713
v -0.02449762 -0.04291880 0.01082971
v -0.01900620 -0.04162159 0.00052614
v -0.02043912 -0.09376403 0.01201592
v -0.02038979 -0.09797088 0.00769656
v -0.02359242 -0.09468288 0.01031199
v -0.02369939 -0.09740533 0.00700772
v -0.01795000 -0.08145378 -0.03313646
v 0.01099147 -0.06424080 -0.02888966
v 0.01097492 -0.07092472 -0.03288833
v 0.01091055 -0.06510705 -0.03356065
v -0.01795000 -0.07896962 -0.03520893
v -0.02361079 -0.09581022 -0.00918564
v -0.02110160 -0.09527009 -0.01046314
v -0.02371810 -0.09250042 -0.01191008
v -0.01794999 -0.08120201 -0.03587216
v -0.01790787 -0.09282817 0.01631089
v -0.01797184 -0.09670411 0.01360437
v -0.01864462 -0.09479860 0.01332787
v -0.01896966 -0.04471003 -0.01398826
v 0.01214042 -0.11737691 -0.00392667
v 0.01724730 -0.11748830 -0.00067360
v 0.01213021 -0.11735811 0.00318911
v 0.01724730 -0.11748830 -0.00067360
v 0.01214042 -0.11737691 -0.00392667
v 0.01726904 -0.11708821 -0.00488302
v 0.01213021 -0.11735811 0.00318911
v 0.01724730 -0.11748830 -0.00067360
v 0.01723441 -0.11713971 0.00489967
v 0.01213021 -0.11735811 0.00318911
v 0.01723441 -0.11713971 0.00489967
v 0.01214619 -0.11596280 0.01013765
v 0.01214042 -0.11737691 -0.00392667
v 0.01188501 -0.11586120 -0.01026734
v 0.01722496 -0.11576921 -0.01034021
v 0.01726094 -0.11686541 -0.00623294
v 0.01214042 -0.11737691 -0.00392667
v 0.01722496 -0.11576921 -0.01034021
v 0.01214619 -0.11596280 0.01013765
v 0.01723441 -0.11713971 0.00489967
v 0.01711771 -0.11559830 0.01111759
v 0.01722496 -0.11576921 -0.01034021
v 0.01188501 -0.11586120 -0.01026734
v 0.01727344 -0.11525251 -0.01162985
v -0.01795000 -0.07967768 0.02134229
v -0.01795812 -0.07887120 0.01636478
v 0.01214619 -0.11596280 0.01013765
v 0.01711771 -0.11559830 0.01111759
v 0.01213933 -0.11321750 0.01601536
v 0.01727344 -0.11525251 -0.01162985
v 0.01211423 -0.11304860 -0.01649709
v 0.01724971 -0.11286330 -0.01655800
v 0.01213933 -0.11321750 0.01601536
v 0.01723872 -0.11352180 0.01546086
v 0.01214989 -0.10945701 0.02140301
v 0.01724971 -0.11286330 -0.01655800
v 0.01211423 -0.11304860 -0.01649709
v 0.01723520 -0.10960541 -0.02107875
v 0.01723520 -0.10960541 -0.02107875
v 0.01211423 -0.11304860 -0.01649709
v 0.01209944 -0.10887841 -0.02188922
v 0.01723520 -0.10960541 -0.02107875
v 0.01209944 -0.10887841 -0.02188922
v 0.01721127 -0.10558040 -0.02495276
v 0.01721127 -0.10558040 -0.02495276
v 0.01209944 -0.10887841 -0.02188922
v 0.01212032 -0.10493451 -0.02546888
v 0.01214989 -0.10945701 0.02140301
v 0.01726197 -0.10658651 0.02403310
v 0.01214965 -0.10419410 0.02599012
v 0.01214965 -0.10419410 0.02599012
v 0.01726197 -0.10658651 0.02403310
v 0.01726718 -0.10552111 0.02491525
v 0.01212032 -0.10493451 -0.02546888
v 0.01220533 -0.09932550 -0.02893714
v 0.01723166 -0.10093780 -0.02803501
v 0.01214965 -0.10419410 0.02599012
v 0.01726718 -0.10552111 0.02491525
v 0.01725839 -0.10206961 0.02736613
v 0.01214965 -0.10419410 0.02599012
v 0.01725839 -0.10206961 0.02736613
v 0.01198881 -0.09790580 0.02961933
v 0.01723166 -0.10093780 -0.02803501
v 0.01220533 -0.09932550 -0.02893714
v 0.01198881 -0.09790580 0.02961933
v 0.01725839 -0.10206961 0.02736613
v 0.01721934 -0.09706264 0.02986979
v -0.01795134 -0.09538202 -0.01462119
v -0.01796450 -0.09375687 -0.01546654
v -0.01916625 -0.09563405 -0.01190847
v 0.01726437 -0.09576780 -0.03027644
v 0.01220533 -0.09932550 -0.02893714
v 0.01213221 -0.09270636 -0.03120717
v 0.01726437 -0.09576780 -0.03027644
v 0.01213221 -0.09270636 -0.03120717
v 0.01724468 -0.09170289 -0.03135619
v 0.01212577 -0.09182280 0.03139723
v 0.01721934 -0.09706264 0.02986979
v 0.01711616 -0.09092514 0.03162593
v 0.01724468 -0.09170289 -0.03135619
v 0.01213221 -0.09270636 -0.03120717
v 0.01726195 -0.09032718 -0.03158886
v 0.01726195 -0.09032718 -0.03158886
v 0.01213221 -0.09270636 -0.03120717
v 0.01206780 -0.08583641 -0.03210550
v 0.01206839 -0.08516983 0.03210482
v 0.01711616 -0.09092514 0.03162593
v 0.01726412 -0.08556163 0.03215083
v 0.01726195 -0.09032718 -0.03158886
v 0.01206780 -0.08583641 -0.03210550
v 0.01726388 -0.08543840 -0.03215084
v 0.01726388 -0.08543840 -0.03215084
v 0.01206780 -0.08583641 -0.03210550
v 0.01711614 -0.08007489 -0.03162591
v 0.01711614 -0.08007489 -0.03162591
v 0.01206780 -0.08583641 -0.03210550
v 0.01212959 -0.07917492 -0.03139705
v 0.01206839 -0.08516983 0.03210482
v 0.01726195 -0.08067283 0.03158886
v 0.01213221 -0.07829365 0.03120717
v -0.01898204 -0.09920028 0.04153962
v -0.01969702 -0.09023829 0.04374017
v -0.01894791 -0.08331248 0.04318581
v 0.01213221 -0.07829365 0.03120717
v 0.01726195 -0.08067283 0.03158886
v 0.01724445 -0.07929715 0.03135623
v 0.01212959 -0.07917492 -0.03139705
v 0.01193264 -0.07307959 -0.02961185
v 0.01722052 -0.07393802 -0.02986979
v 0.01213221 -0.07829365 0.03120717
v 0.01724445 -0.07929715 0.03135623
v 0.01726438 -0.07523223 0.03027645
v 0.01213221 -0.07829365 0.03120717
v 0.01726438 -0.07523223 0.03027645
v 0.01221086 -0.07163761 0.02892133
v 0.01221086 -0.07163761 0.02892133
v 0.01726438 -0.07523223 0.03027645
v 0.01726301 -0.07394529 0.02983440
v 0.01722052 -0.07393802 -0.02986979
v 0.01193264 -0.07307959 -0.02961185
v 0.01723676 -0.06890129 -0.02735594
v 0.01221086 -0.07163761 0.02892133
v 0.01723166 -0.07006218 0.02803501
v 0.01221086 -0.07163761 0.02892133
v 0.01723166 -0.07006218 0.02803501
v 0.01212032 -0.06606552 0.02546888
v 0.01193264 -0.07307959 -0.02961185
v 0.01213440 -0.06684871 -0.02602726
v 0.01723676 -0.06890129 -0.02735594
v 0.01721127 -0.06541962 0.02495275
v 0.01723676 -0.06890129 -0.02735594
v 0.01213440 -0.06684871 -0.02602726
v 0.01725531 -0.06442028 -0.02404908
v 0.01725531 -0.06442028 -0.02404908
v 0.01213440 -0.06684871 -0.02602726
v 0.01193065 -0.06161387 -0.02149136
v 0.01725531 -0.06442028 -0.02404908
v 0.01193065 -0.06161387 -0.02149136
v 0.01723277 -0.06142057 -0.02104351
v 0.01209943 -0.06212161 0.02188922
v 0.01721127 -0.06541962 0.02495275
v 0.01723520 -0.06139463 0.02107877
v 0.01723277 -0.06142057 -0.02104351
v 0.01193065 -0.06161387 -0.02149136
v 0.01727981 -0.06055147 -0.01993359
v 0.01193065 -0.06161387 -0.02149136
v 0.01213934 -0.05778254 -0.01601537
v 0.01723863 -0.05747821 -0.01546106
v 0.01727981 -0.06055147 -0.01993359
v 0.01193065 -0.06161387 -0.02149136
v 0.01723863 -0.05747821 -0.01546106
v 0.01202453 -0.05797415 0.01655056
v 0.01723520 -0.06139463 0.02107877
v 0.01724969 -0.05813675 0.01655800
v 0.01213934 -0.05778254 -0.01601537
v 0.01183670 -0.05544785 -0.01126659
v 0.01711032 -0.05539871 -0.01111441
v 0.01723863 -0.05747821 -0.01546106
v 0.01213934 -0.05778254 -0.01601537
v 0.01711032 -0.05539871 -0.01111441
v -0.02449253 -0.08548368 -0.04386021
v -0.01900758 -0.07875164 -0.04323032
v -0.02449628 -0.07771315 -0.04315612
v 0.01202453 -0.05797415 0.01655056
v 0.01727232 -0.05574651 0.01162902
v 0.01211123 -0.05516238 0.01026361
v 0.01211123 -0.05516238 0.01026361
v 0.01727232 -0.05574651 0.01162902
v 0.01722476 -0.05523079 0.01034022
v 0.01211123 -0.05516238 0.01026361
v 0.01722476 -0.05523079 0.01034022
v 0.01195499 -0.05356535 0.00366962
v 0.01183670 -0.05544785 -0.01126659
v 0.01215700 -0.05377365 -0.00482856
v 0.01723442 -0.05386009 -0.00490012
v 0.01195499 -0.05356535 0.00366962
v 0.01722476 -0.05523079 0.01034022
v 0.01726087 -0.05413440 0.00623286
v 0.01195499 -0.05356535 0.00366962
v 0.01726087 -0.05413440 0.00623286
v 0.01726980 -0.05391047 0.00488518
v -0.01894791 -0.08331248 0.04318581
v -0.01969702 -0.09023829 0.04374017
v -0.01955561 -0.08069249 0.04367416
v 0.01215700 -0.05377365 -0.00482856
v 0.01195499 -0.05356535 0.00366962
v 0.01724961 -0.05350955 0.00065946
v 0.01723442 -0.05386009 -0.00490012
v 0.01215700 -0.05377365 -0.00482856
v 0.01724961 -0.05350955 0.00065946
v -0.01795000 -0.07883136 0.03547872
v -0.01916625 -0.09563405 -0.01190847
v -0.01796450 -0.09375687 -0.01546654
v -0.01795402 -0.09212671 -0.01635833
v -0.01795000 -0.07851133 0.02542071
v -0.01900539 -0.04824262 0.00811768
v -0.01907137 -0.04399055 0.01373614
v -0.01894791 -0.08331248 0.04318581
v -0.01955561 -0.08069249 0.04367416
v -0.01901279 -0.07143862 0.04089033
v -0.02110160 -0.09527009 -0.01046314
v -0.01916625 -0.09563405 -0.01190847
v -0.02046881 -0.09050891 -0.01366765
v -0.02371810 -0.09250042 -0.01191008
v -0.02110160 -0.09527009 -0.01046314
v -0.02046881 -0.09050891 -0.01366765
v -0.01795000 -0.08017350 0.02572836
v -0.01901279 -0.07143862 0.04089033
v -0.01955561 -0.08069249 0.04367416
v -0.01974570 -0.07318106 0.04213764
v 0.01106624 -0.11849351 -0.00150569
v 0.01214042 -0.11737691 -0.00392667
v 0.01213021 -0.11735811 0.00318911
v 0.01106307 -0.11683340 0.01002293
v 0.01213021 -0.11735811 0.00318911
v 0.01214619 -0.11596280 0.01013765
v 0.01214042 -0.11737691 -0.00392667
v 0.01106624 -0.11849351 -0.00150569
v 0.01188501 -0.11586120 -0.01026734
v -0.01790787 -0.09282817 0.01631089
v -0.01864462 -0.09479860 0.01332787
v -0.01813920 -0.08941835 0.01629322
v 0.01106307 -0.11683340 0.01002293
v 0.01214619 -0.11596280 0.01013765
v 0.01104675 -0.11197040 0.01984040
v -0.01813920 -0.08941835 0.01629322
v -0.01864462 -0.09479860 0.01332787
v -0.02043002 -0.09003930 0.01375849
v 0.01104126 -0.11628570 -0.01213769
v 0.01105054 -0.11080540 -0.02092792
v 0.01211423 -0.11304860 -0.01649709
v 0.01104675 -0.11197040 0.01984040
v 0.01213933 -0.11321750 0.01601536
v 0.01214989 -0.10945701 0.02140301
v -0.01864462 -0.09479860 0.01332787
v -0.02043912 -0.09376403 0.01201592
v -0.02043002 -0.09003930 0.01375849
v 0.01211423 -0.11304860 -0.01649709
v 0.01105054 -0.11080540 -0.02092792
v 0.01209944 -0.10887841 -0.02188922
v -0.01936863 -0.09870936 -0.04177250
v -0.01901351 -0.09979111 -0.04021964
v -0.01902674 -0.09360325 -0.04301534
v -0.01795000 -0.07816437 0.02098418
v -0.02449762 -0.04291880 0.01082971
v -0.02448735 -0.04168328 0.00184429
v -0.01900620 -0.04162159 0.00052614
v -0.03995000 -0.08001986 -0.01287629
v -0.02351505 -0.08002391 -0.01269549
v -0.03747202 -0.07628859 -0.01053911
v 0.01105054 -0.11080540 -0.02092792
v 0.01106227 -0.10689051 -0.02499051
v 0.01212032 -0.10493451 -0.02546888
v 0.01209944 -0.10887841 -0.02188922
v 0.01104675 -0.11197040 0.01984040
v 0.01214989 -0.10945701 0.02140301
v 0.01105907 -0.10215790 0.02852138
v 0.01212032 -0.10493451 -0.02546888
v 0.01106227 -0.10689051 -0.02499051
v 0.01220533 -0.09932550 -0.02893714
v -0.02043912 -0.09376403 0.01201592
v -0.02348787 -0.09094696 0.01271468
v -0.02043002 -0.09003930 0.01375849
v 0.01107444 -0.09966250 -0.02966631
v 0.01109471 -0.09086058 -0.03245530
v 0.01213221 -0.09270636 -0.03120717
v 0.01220533 -0.09932550 -0.02893714
v 0.01213221 -0.09270636 -0.03120717
v 0.01109471 -0.09086058 -0.03245530
v 0.01206780 -0.08583641 -0.03210550
v 0.01105169 -0.09143071 0.03246845
v 0.01212577 -0.09182280 0.03139723
v 0.01206839 -0.08516983 0.03210482
v 0.01206780 -0.08583641 -0.03210550
v 0.01109471 -0.09086058 -0.03245530
v 0.01104837 -0.08124765 -0.03262319
v 0.01206780 -0.08583641 -0.03210550
v 0.01104837 -0.08124765 -0.03262319
v 0.01212959 -0.07917492 -0.03139705
v 0.01206839 -0.08516983 0.03210482
v 0.01213221 -0.07829365 0.03120717
v 0.01110242 -0.07982985 0.03238185
v -0.01972814 -0.08571117 -0.04397028
v -0.01902674 -0.09360325 -0.04301534
v -0.01900758 -0.07875164 -0.04323032
v 0.01212959 -0.07917492 -0.03139705
v 0.01104837 -0.08124765 -0.03262319
v 0.01193264 -0.07307959 -0.02961185
v 0.01193264 -0.07307959 -0.02961185
v 0.01104837 -0.08124765 -0.03262319
v 0.01104527 -0.07046601 -0.02964517
v 0.01110242 -0.07982985 0.03238185
v 0.01213221 -0.07829365 0.03120717
v 0.01107974 -0.07134481 0.02967321
v 0.01221086 -0.07163761 0.02892133
v -0.01916625 -0.09563405 -0.01190847
v -0.01795402 -0.09212671 -0.01635833
v -0.01802545 -0.09028766 -0.01638287
v 0.01193264 -0.07307959 -0.02961185
v 0.01104527 -0.07046601 -0.02964517
v 0.01213440 -0.06684871 -0.02602726
v 0.01107974 -0.07134481 0.02967321
v 0.01221086 -0.07163761 0.02892133
v 0.01106788 -0.06365227 0.02458642
v 0.01212032 -0.06606552 0.02546888
v 0.01213440 -0.06684871 -0.02602726
v 0.01104527 -0.07046601 -0.02964517
v 0.01193065 -0.06161387 -0.02149136
v 0.01193065 -0.06161387 -0.02149136
v 0.01104527 -0.07046601 -0.02964517
v 0.01105645 -0.05981043 -0.02102130
v 0.01212032 -0.06606552 0.02546888
v 0.01209943 -0.06212161 0.02188922
v 0.01106788 -0.06365227 0.02458642
v -0.01916625 -0.09563405 -0.01190847
v -0.01802545 -0.09028766 -0.01638287
v -0.02046881 -0.09050891 -0.01366765
v 0.01209943 -0.06212161 0.02188922
v 0.01202453 -0.05797415 0.01655056
v 0.01105966 -0.05642457 0.01582721
v 0.01193065 -0.06161387 -0.02149136
v 0.01105645 -0.05981043 -0.02102130
v 0.01213934 -0.05778254 -0.01601537
v 0.01183670 -0.05544785 -0.01126659
v 0.01105645 -0.05981043 -0.02102130
v 0.01100934 -0.05471909 -0.01237459
v 0.01202453 -0.05797415 0.01655056
v 0.01211123 -0.05516238 0.01026361
v 0.01105966 -0.05642457 0.01582721
v 0.01183670 -0.05544785 -0.01126659
v 0.01100934 -0.05471909 -0.01237459
v 0.01104549 -0.05297214 -0.00523903
v 0.01215700 -0.05377365 -0.00482856
v 0.01183670 -0.05544785 -0.01126659
v 0.01104549 -0.05297214 -0.00523903
v 0.01105966 -0.05642457 0.01582721
v 0.01211123 -0.05516238 0.01026361
v 0.01103882 -0.05255348 0.00307087
v 0.01195499 -0.05356535 0.00366962
v -0.02371810 -0.09250042 -0.01191008
v -0.02046881 -0.09050891 -0.01366765
v -0.02371836 -0.08858751 -0.01344981
v -0.01795000 -0.07869855 0.02915322
v -0.01955561 -0.08069249 0.04367416
v -0.02450301 -0.08149726 0.04367476
v -0.01974570 -0.07318106 0.04213764
v 0.01195499 -0.05356535 0.00366962
v 0.01215700 -0.05377365 -0.00482856
v 0.01104549 -0.05297214 -0.00523903
v -0.01900758 -0.07875164 -0.04323032
v -0.01896401 -0.07135060 -0.04060540
v -0.01967343 -0.07219163 -0.04180507
v 0.01195499 -0.05356535 0.00366962
v 0.01104549 -0.05297214 -0.00523903
v 0.01103882 -0.05255348 0.00307087
v -0.01795000 -0.07910046 -0.02128834
v -0.01795000 -0.07766568 -0.02068855
v 0.01078294 -0.12418361 0.00143985
v 0.01092098 -0.12474721 -0.00089208
v 0.01097477 -0.12127840 0.00382805
v -0.01810755 -0.07984864 -0.01590231
v 0.01091451 -0.10585480 -0.03357100
v 0.01079967 -0.10358880 -0.03423202
v 0.01097760 -0.09989931 -0.03285877
v -0.01797048 -0.08791346 0.01737712
v -0.01813920 -0.08941835 0.01629322
v -0.01808956 -0.08421222 0.01690627
v -0.01808956 -0.08421222 0.01690627
v -0.01813920 -0.08941835 0.01629322
v -0.02042477 -0.08588285 0.01456337
v 0.01086770 -0.06664518 0.03444697
v 0.01097889 -0.07107338 0.03286849
v 0.01094143 -0.06495515 0.03285683
v -0.01813920 -0.08941835 0.01629322
v -0.02043002 -0.09003930 0.01375849
v -0.02042477 -0.08588285 0.01456337
v 0.01095702 -0.10589911 0.03355512
v 0.01097632 -0.09999820 0.03287353
v 0.01082018 -0.10370160 0.03420898
v -0.01795000 -0.07751400 -0.03520560
v -0.02042477 -0.08588285 0.01456337
v -0.02043002 -0.09003930 0.01375849
v -0.02359364 -0.08684674 0.01375641
v 0.01097477 -0.12127840 0.00382805
v 0.01092098 -0.12474721 -0.00089208
v 0.01099129 -0.12114220 -0.00397341
v -0.02348787 -0.09094696 0.01271468
v 0.01106624 -0.11849351 -0.00150569
v 0.01099395 -0.11834250 0.01440884
v 0.01106307 -0.11683340 0.01002293
v -0.01795000 -0.07746016 0.02499120
v 0.01098946 -0.11838581 -0.01457522
v 0.01104126 -0.11628570 -0.01213769
v 0.01099155 -0.11879161 -0.02045369
v 0.01105054 -0.11080540 -0.02092792
v 0.01098243 -0.11445910 -0.02122308
v 0.01097986 -0.11456840 0.02118786
v 0.01097359 -0.11883021 0.02045493
v 0.01104675 -0.11197040 0.01984040
v 0.01098913 -0.11985950 0.01860873
v -0.02046881 -0.09050891 -0.01366765
v -0.01802545 -0.09028766 -0.01638287
v -0.01862146 -0.08524440 -0.01627552
v 0.01106227 -0.10689051 -0.02499051
v 0.01098514 -0.10672071 -0.02899211
v -0.01802545 -0.09028766 -0.01638287
v -0.01795644 -0.08858052 -0.01738038
v -0.01862146 -0.08524440 -0.01627552
v -0.01795000 -0.07812864 -0.02618530
v -0.01795000 -0.07731491 -0.02494401
v -0.01899803 -0.04674482 0.00643920
v -0.02450301 -0.08149726 0.04367476
v -0.02448822 -0.07234214 0.04191185
v -0.01974570 -0.07318106 0.04213764
v 0.01091451 -0.10585480 -0.03357100
v 0.01097760 -0.09989931 -0.03285877
v 0.01098281 -0.10676381 0.02888319
v 0.01097632 -0.09999820 0.03287353
v 0.01105907 -0.10215790 0.02852138
v 0.01105169 -0.09143071 0.03246845
v -0.02042389 -0.08511491 -0.01456365
v 0.01107444 -0.09966250 -0.02966631
v 0.01109471 -0.09086058 -0.03245530
v 0.01098189 -0.08941115 0.03569160
v 0.01098359 -0.08935469 -0.03575025
v 0.01098530 -0.08656858 0.03905915
v 0.01104837 -0.08124765 -0.03262319
v -0.01794972 -0.08637951 -0.03584480
v -0.01795000 -0.07717457 -0.04269587
v 0.01090875 -0.08654731 -0.03909742
v 0.01099138 -0.08443264 -0.03905794
v 0.01097789 -0.08444970 0.03909164
v 0.01098427 -0.08157096 0.03570337
v 0.01097889 -0.07107338 0.03286849
v 0.01110242 -0.07982985 0.03238185
v -0.02046881 -0.09050891 -0.01366765
v -0.02042389 -0.08511491 -0.01456365
v -0.02371836 -0.08858751 -0.01344981
v 0.01107974 -0.07134481 0.02967321
v 0.01104527 -0.07046601 -0.02964517
v 0.01098874 -0.08156186 -0.03566179
v 0.01097492 -0.07092472 -0.03288833
v 0.01099147 -0.06424080 -0.02888966
v -0.01797048 -0.08791346 0.01737712
v -0.01808956 -0.08421222 0.01690627
v -0.01795102 -0.08609904 0.01763536
v 0.01094143 -0.06495515 0.03285683
v 0.01098430 -0.06428129 0.02899885
v 0.01105645 -0.05981043 -0.02102130
v 0.01106788 -0.06365227 0.02458642
v 0.01099323 -0.05643532 -0.02118753
v 0.01099010 -0.05654283 0.02122265
v 0.01100934 -0.05471909 -0.01237459
v -0.01862146 -0.08524440 -0.01627552
v -0.01795644 -0.08858052 -0.01738038
v -0.01792301 -0.08577785 -0.01775100
v 0.01098605 -0.05216944 -0.02045273
v 0.01105966 -0.05642457 0.01582721
v 0.01099100 -0.05261625 0.01457436
v 0.01104549 -0.05297214 -0.00523903
v 0.01097437 -0.05264963 -0.01441029
v 0.01097950 -0.05113807 -0.01860029
v 0.01097893 -0.05112132 0.01863790
v 0.01097849 -0.04973209 -0.00382208
v 0.01098625 -0.04984457 0.00395347
v 0.01103882 -0.05255348 0.00307087
v 0.01094880 -0.04672029 0.00137735
v -0.02359364 -0.08684674 0.01375641
v -0.02361423 -0.08250909 0.01348645
v -0.02042477 -0.08588285 0.01456337
v -0.01795000 -0.07744556 0.02064888
v -0.01791692 -0.07684478 0.01561861
v -0.02371836 -0.08858751 -0.01344981
v -0.02042389 -0.08511491 -0.01456365
v -0.02367705 -0.08400657 -0.01372868
v -0.01900620 -0.04162159 0.00052614
v -0.01792301 -0.08577785 -0.01775100
v -0.01792919 -0.08331533 -0.01773181
v -0.01862146 -0.08524440 -0.01627552
v -0.01893970 -0.12894260 -0.00209453
v -0.01908733 -0.12713141 0.01332505
v -0.01900127 -0.12296181 0.01347030
v -0.02042477 -0.08588285 0.01456337
v -0.02361423 -0.08250909 0.01348645
v -0.02043740 -0.08041378 0.01364706
v -0.01936903 -0.12549950 0.01437574
v -0.02449628 -0.07771315 -0.04315612
v -0.01900758 -0.07875164 -0.04323032
v -0.01967343 -0.07219163 -0.04180507
v -0.03749990 -0.09944108 -0.00123298
v -0.03745000 -0.09914306 0.00314125
v -0.02361996 -0.09898700 0.00298937
v -0.02359249 -0.07631710 -0.01031196
v -0.01808956 -0.08421222 0.01690627
v -0.02042477 -0.08588285 0.01456337
v -0.02043740 -0.08041378 0.01364706
v -0.01795000 -0.07607223 0.02551713
v -0.01795318 -0.08241925 0.01737722
v -0.01808956 -0.08421222 0.01690627
v -0.01802704 -0.08071263 0.01638150
v -0.01802704 -0.08071263 0.01638150
v -0.01795000 -0.07588932 0.02137363
v -0.02367705 -0.08400657 -0.01372868
v -0.02042389 -0.08511491 -0.01456365
v -0.02042929 -0.08095958 -0.01375839
v -0.02351505 -0.08002391 -0.01269549
v -0.01795000 -0.07695109 -0.02041034
v -0.01795000 -0.07554436 -0.01980242
v -0.01795108 -0.07777964 -0.01586728
v -0.01792919 -0.08331533 -0.01773181
v -0.01795205 -0.08124726 -0.01712598
v -0.01810755 -0.07984864 -0.01590231
v -0.01794993 -0.07428221 -0.03434543
v -0.02448034 -0.07221234 -0.04178424
v -0.01862146 -0.08524440 -0.01627552
v -0.01792919 -0.08331533 -0.01773181
v -0.01810755 -0.07984864 -0.01590231
v -0.02042929 -0.08095958 -0.01375839
v -0.02042389 -0.08511491 -0.01456365
v -0.01810755 -0.07984864 -0.01590231
v -0.01794984 -0.07269152 -0.02978009
v -0.02042389 -0.08511491 -0.01456365
v -0.01862146 -0.08524440 -0.01627552
v -0.01795000 -0.07621206 -0.02467364
v -0.01795000 -0.07468650 -0.02394553
v -0.02043740 -0.08041378 0.01364706
v -0.02361423 -0.08250909 0.01348645
v -0.02371953 -0.07849833 0.01190904
v -0.01802704 -0.08071263 0.01638150
v -0.02043740 -0.08041378 0.01364706
v -0.01915632 -0.07533085 0.01186066
v -0.02351505 -0.08002391 -0.01269549
v -0.02042929 -0.08095958 -0.01375839
v -0.02044269 -0.07723392 -0.01201311
v -0.02361749 -0.09925635 -0.00135048
v -0.01795812 -0.07887120 0.01636478
v -0.01802704 -0.08071263 0.01638150
v -0.01915632 -0.07533085 0.01186066
v -0.01795000 -0.07431106 0.03432550
v -0.03995000 -0.09944601 -0.00122842
v -0.03774773 -0.09881025 0.00485807
v -0.03995000 -0.09944601 -0.00122842
v -0.03749990 -0.09944108 -0.00123298
v -0.03994999 -0.09837871 -0.00547654
v -0.03995000 -0.09606051 -0.00919107
v -0.03994999 -0.09837871 -0.00547654
v -0.03747996 -0.09604090 -0.00920948
v -0.03774773 -0.09881025 0.00485807
v -0.03994996 -0.09624997 0.00911333
v -0.03747201 -0.09471142 0.01053911
v -0.03995000 -0.09606051 -0.00919107
v -0.03747996 -0.09604090 -0.00920948
v -0.03995000 -0.09270343 -0.01200460
v -0.03777111 -0.09101613 -0.01294633
v -0.03747201 -0.09471142 0.01053911
v -0.03994996 -0.09624997 0.00911333
v -0.03994999 -0.09097676 0.01287866
v -0.01895861 -0.12139171 0.01113701
v -0.03995000 -0.09270343 -0.01200460
v -0.03777111 -0.09101613 -0.01294633
v -0.03995510 -0.08634896 -0.01411091
v -0.03995510 -0.08634896 -0.01411091
v -0.03777111 -0.09101613 -0.01294633
v -0.03749889 -0.08474910 -0.01404574
v -0.03995000 -0.08672844 0.01394601
v -0.03995000 -0.08235875 0.01364304
v -0.03774773 -0.08064193 0.01331023
v -0.03995510 -0.08634896 -0.01411091
v -0.03749889 -0.08474910 -0.01404574
v -0.03995000 -0.08001986 -0.01287629
v -0.03995000 -0.08235875 0.01364304
v -0.03994995 -0.07638668 0.01074997
v -0.03774773 -0.08064193 0.01331023
v -0.03994940 -0.07474984 -0.00911302
v -0.03994940 -0.07474984 -0.00911302
v -0.03747202 -0.07628859 -0.01053911
v -0.03774773 -0.07218973 -0.00485795
v -0.03994940 -0.07474984 -0.00911302
v -0.03774773 -0.07218973 -0.00485795
v -0.03995000 -0.07185696 -0.00314125
v -0.03994999 -0.07262134 0.00547675
v -0.03995000 -0.07155400 0.00122842
v -0.03749990 -0.07155893 0.00123298
v -0.03995000 -0.07155400 0.00122842
v -0.03774773 -0.07218973 -0.00485795
v -0.03749990 -0.07155893 0.00123298
v -0.01810755 -0.07984864 -0.01590231
v -0.01795108 -0.07777964 -0.01586728
v -0.01810961 -0.07662065 -0.01441946
v -0.02044269 -0.07723392 -0.01201311
v -0.02042929 -0.08095958 -0.01375839
v -0.01810961 -0.07662065 -0.01441946
v -0.01795000 -0.07386666 -0.02758324
v -0.01810755 -0.07984864 -0.01590231
v -0.01915632 -0.07533085 0.01186066
v -0.02043740 -0.08041378 0.01364706
v -0.02110161 -0.07572992 0.01046312
v -0.02043740 -0.08041378 0.01364706
v -0.02371953 -0.07849833 0.01190904
v -0.02110161 -0.07572992 0.01046312
v -0.01810961 -0.07662065 -0.01441946
v -0.01795000 -0.07353548 -0.01860761
v -0.01795812 -0.07887120 0.01636478
v -0.01915632 -0.07533085 0.01186066
v -0.01791692 -0.07684478 0.01561861
v -0.01795000 -0.07481421 -0.01949259
v -0.01896266 -0.12599691 -0.01420108
v -0.01791692 -0.07684478 0.01561861
v -0.01915632 -0.07533085 0.01186066
v -0.01792808 -0.07483793 0.01419690
v -0.02110161 -0.07572992 0.01046312
v -0.02371953 -0.07849833 0.01190904
v -0.02361085 -0.07518953 0.00918527
v -0.01794436 -0.07292965 0.01469613
v -0.01792808 -0.07483793 0.01419690
v -0.01795527 -0.07279084 0.01225111
v -0.02361749 -0.09925635 -0.00135048
v -0.03745000 -0.07829657 0.01200460
v -0.03747201 -0.07496090 0.00921142
v -0.02361085 -0.07518953 0.00918527
v -0.02359249 -0.07631710 -0.01031196
v -0.02044269 -0.07723392 -0.01201311
v -0.02038358 -0.07300613 -0.00767254
v -0.02369934 -0.07359469 -0.00700774
v -0.01795000 -0.07371619 -0.02348826
v -0.01795000 -0.07230764 -0.02269715
v -0.01895066 -0.07251319 0.03193102
v -0.02245272 -0.07371371 0.03254839
v -0.02244356 -0.07067694 0.03248183
v -0.01898672 -0.12399421 0.01832895
v -0.01936664 -0.12445100 0.02009326
v -0.01900993 -0.12112050 0.02541591
v -0.01810961 -0.07662065 -0.01441946
v -0.01795191 -0.07464885 -0.01391590
v -0.01797413 -0.07335675 -0.01261969
v -0.02110161 -0.07572992 0.01046312
v -0.02361085 -0.07518953 0.00918527
v -0.02136920 -0.07318040 0.00714992
v -0.01895649 -0.12291691 -0.01466191
v -0.01895079 -0.07045732 0.03277154
v -0.01915632 -0.07533085 0.01186066
v -0.02110161 -0.07572992 0.01046312
v -0.02136920 -0.07318040 0.00714992
v -0.01792808 -0.07483793 0.01419690
v -0.01915632 -0.07533085 0.01186066
v -0.01795527 -0.07279084 0.01225111
v -0.01795191 -0.07464885 -0.01391590
v -0.01795000 -0.07164477 -0.01729979
v -0.01897957 -0.11931080 0.01072179
v -0.01795000 -0.07289437 -0.01818691
v -0.01962960 -0.11702801 0.03063519
v -0.01974721 -0.11099850 0.03571410
v -0.01895550 -0.10532940 0.03906595
v -0.01810961 -0.07662065 -0.01441946
v -0.01797413 -0.07335675 -0.01261969
v -0.01817636 -0.07156269 -0.00953214
v -0.02044269 -0.07723392 -0.01201311
v -0.01810961 -0.07662065 -0.01441946
v -0.01817636 -0.07156269 -0.00953214
v -0.01900993 -0.12112050 0.02541591
v -0.01962960 -0.11702801 0.03063519
v -0.01895550 -0.10532940 0.03906595
v -0.02038358 -0.07300613 -0.00767254
v -0.01905336 -0.07043557 0.00476773
v -0.01795527 -0.07279084 0.01225111
v -0.01915632 -0.07533085 0.01186066
v -0.01797766 -0.07167302 0.01076335
v -0.02350596 -0.09821329 -0.00544999
v -0.02136920 -0.07318040 0.00714992
v -0.02350590 -0.07278679 0.00545023
v -0.02109080 -0.07152015 0.00308319
v -0.01905336 -0.07043557 0.00476773
v -0.02136920 -0.07318040 0.00714992
v -0.02109080 -0.07152015 0.00308319
v -0.01817636 -0.07156269 -0.00953214
v -0.01797413 -0.07335675 -0.01261969
v -0.01795159 -0.07199224 -0.01135599
v -0.01795000 -0.07126748 0.03317598
v -0.01896011 -0.11753051 0.01219287
v -0.02369934 -0.07359469 -0.00700774
v -0.02038358 -0.07300613 -0.00767254
v -0.02115461 -0.07130852 -0.00236209
v -0.02361996 -0.07201300 -0.00298937
v -0.01794843 -0.07195394 0.03241459
v -0.02109080 -0.07152015 0.00308319
v -0.02350590 -0.07278679 0.00545023
v -0.02361327 -0.07174366 0.00135084
v -0.01795000 -0.07253389 -0.02717848
v -0.01795000 -0.07090763 -0.02622666
v -0.01797766 -0.07167302 0.01076335
v -0.01915632 -0.07533085 0.01186066
v -0.01905336 -0.07043557 0.00476773
v -0.02361327 -0.07174366 0.00135084
v -0.02361996 -0.07201300 -0.00298937
v -0.02115461 -0.07130852 -0.00236209
v -0.02109080 -0.07152015 0.00308319
v -0.02361327 -0.07174366 0.00135084
v -0.02115461 -0.07130852 -0.00236209
v -0.01795000 -0.07084500 0.01870327
v -0.01964736 -0.10129171 -0.03608713
v -0.01906215 -0.10432461 -0.03886915
v -0.01894097 -0.10100780 -0.03369485
v -0.02115461 -0.07130852 -0.00236209
v -0.02038358 -0.07300613 -0.00767254
v -0.01910586 -0.07011978 -0.00293909
v -0.01795000 -0.07008792 0.03232308
v -0.01902066 -0.12431151 -0.01903350
v -0.01895704 -0.12234941 -0.01654749
v -0.01895065 -0.11894661 -0.02754389
v -0.02109080 -0.07152015 0.00308319
v -0.02115461 -0.07130852 -0.00236209
v -0.01905336 -0.07043557 0.00476773
v -0.01795000 -0.07026355 0.01618633
v -0.03745000 -0.09914306 0.00314125
v -0.03745000 -0.09750461 0.00720344
v -0.02369939 -0.09740533 0.00700772
v -0.02371953 -0.07849833 0.01190904
v -0.01797766 -0.07167302 0.01076335
v -0.01905336 -0.07043557 0.00476773
v -0.01795236 -0.07052526 0.00933778
v -0.01910586 -0.07011978 -0.00293909
v -0.01795236 -0.07052526 0.00933778
v -0.01905336 -0.07043557 0.00476773
v -0.01796704 -0.06972438 0.00766234
v -0.01795000 -0.07002917 0.02243432
v -0.01795000 -0.06994423 -0.02117400
v -0.02038358 -0.07300613 -0.00767254
v -0.01817636 -0.07156269 -0.00953214
v -0.01910586 -0.07011978 -0.00293909
v -0.01795000 -0.07128508 -0.02220338
v -0.01795000 -0.07099498 -0.01684494
v -0.01795000 -0.06992820 -0.01571342
v -0.01797413 -0.07335675 -0.01261969
v -0.01794969 -0.06571978 -0.03890903
v -0.01959314 -0.12158351 0.01579658
v -0.01898672 -0.12399421 0.01832895
v -0.01895905 -0.11794001 0.01503919
v -0.01796704 -0.06972438 0.00766234
v -0.01905336 -0.07043557 0.00476773
v -0.01795103 -0.06891188 0.00601991
v -0.01960782 -0.12386561 -0.02140095
v -0.01902066 -0.12431151 -0.01903350
v -0.01895065 -0.11894661 -0.02754389
v -0.01095000 -0.06285028 -0.00117777
v -0.01794996 -0.06324668 -0.00111344
v -0.01795000 -0.05889219 0.00025843
v -0.01795103 -0.06891188 0.00601991
v -0.01905336 -0.07043557 0.00476773
v -0.01796587 -0.06850698 0.00420385
v -0.01817636 -0.07156269 -0.00953214
v -0.01795033 -0.06986779 -0.00829787
v -0.01795499 -0.06775412 -0.00131647
v -0.01960782 -0.12386561 -0.02140095
v -0.01895065 -0.11894661 -0.02754389
v -0.01965156 -0.11854680 -0.02889699
v -0.00453246 -0.11119191 0.02567608
v -0.00348552 -0.10573951 0.03056122
v -0.00461124 -0.10443120 0.03064993
v -0.01910586 -0.07011978 -0.00293909
v -0.01895905 -0.11794001 0.01503919
v -0.01898672 -0.12399421 0.01832895
v -0.01900993 -0.12112050 0.02541591
v -0.01796587 -0.06850698 0.00420385
v -0.01905336 -0.07043557 0.00476773
v -0.01795525 -0.06801648 0.00244134
v -0.01965156 -0.11854680 -0.02889699
v -0.01895065 -0.11894661 -0.02754389
v -0.01956925 -0.11324781 -0.03399317
v -0.02361996 -0.09898700 0.00298937
v -0.01895034 -0.11175621 -0.03435584
v -0.01095000 -0.05889219 0.00025843
v -0.01795525 -0.06801648 0.00244134
v -0.01905336 -0.07043557 0.00476773
v -0.01796801 -0.06799910 0.00057965
v -0.01895550 -0.10532940 0.03906595
v -0.01905336 -0.07043557 0.00476773
v -0.01910586 -0.07011978 -0.00293909
v -0.01795499 -0.06775412 -0.00131647
v -0.01956925 -0.11324781 -0.03399317
v -0.01895034 -0.11175621 -0.03435584
v -0.01960513 -0.10658381 -0.03850646
v -0.01906215 -0.10432461 -0.03886915
v -0.01795000 -0.06981415 -0.02914309
v -0.01095000 -0.05889219 0.00025843
v -0.01795000 -0.05889219 0.00025843
v -0.01795000 -0.05547804 0.00272268
v -0.01905336 -0.07043557 0.00476773
v -0.01795499 -0.06775412 -0.00131647
v -0.01796801 -0.06799910 0.00057965
v -0.01797766 -0.07167302 0.01076335
v -0.01795000 -0.06974325 0.01558765
v -0.03300122 -0.13055201 -0.00086333
v -0.01945000 -0.13049271 -0.00081195
v -0.01947953 -0.12993281 0.00716483
v -0.01945000 -0.13049271 -0.00081195
v -0.03300122 -0.13055201 -0.00086333
v -0.03329715 -0.12966251 -0.00895031
v -0.00548420 -0.10584761 0.03051405
v -0.00453246 -0.11119191 0.02567608
v -0.00461124 -0.10443120 0.03064993
v -0.01095000 -0.05547804 0.00272268
v -0.01945000 -0.13049271 -0.00081195
v -0.03329715 -0.12966251 -0.00895031
v -0.01945000 -0.12966811 -0.00861251
v -0.01945000 -0.12966811 -0.00861251
v -0.03329715 -0.12966251 -0.00895031
v -0.03161197 -0.12754001 -0.01623839
v -0.00557517 -0.05950375 -0.02559262
v -0.00558816 -0.05498467 -0.02036414
v -0.00450046 -0.05485985 -0.01903102
v -0.01945000 -0.12966811 -0.00861251
v -0.03161197 -0.12754001 -0.01623839
v -0.01945000 -0.12750161 -0.01615139
v -0.01095000 -0.05547804 0.00272268
v -0.01795000 -0.05547804 0.00272268
v -0.01795000 -0.05286830 0.00602696
v -0.03321378 -0.12468151 0.02219781
v -0.01948119 -0.12801540 0.01476829
v -0.01945000 -0.12487080 0.02179317
v -0.01795000 -0.06929634 0.02918628
v -0.01945000 -0.12750161 -0.01615139
v -0.03161197 -0.12754001 -0.01623839
v -0.03264537 -0.12441321 -0.02266814
v -0.01945000 -0.12750161 -0.01615139
v -0.03264537 -0.12441321 -0.02266814
v -0.01945000 -0.12405881 -0.02319951
v -0.02359249 -0.07631710 -0.01031196
v -0.03745000 -0.07349540 -0.00720344
v -0.03321378 -0.12468151 0.02219781
v -0.01945000 -0.12487080 0.02179317
v -0.01947011 -0.12044741 0.02835862
v -0.02350596 -0.09821329 -0.00544999
v -0.01095000 -0.05286830 0.00602696
v -0.01945000 -0.12405881 -0.02319951
v -0.03264537 -0.12441321 -0.02266814
v -0.01947494 -0.11956911 -0.02940543
v -0.01795000 -0.06884015 0.01427169
v -0.02447638 -0.06510038 -0.03895730
v -0.01948975 -0.06519812 -0.03887738
v -0.01978652 -0.05821202 -0.03445434
v -0.03181848 -0.11444880 0.03453786
v -0.01947011 -0.12044741 0.02835862
v -0.01945000 -0.11504271 0.03394448
v -0.01795000 -0.06877598 0.02038042
v -0.01795000 -0.07015396 0.02625150
v -0.01095000 -0.05286830 0.00602696
v -0.01795000 -0.05286830 0.00602696
v -0.01795024 -0.05116624 0.01017980
v -0.03149451 -0.10830710 0.03885362
v -0.03181848 -0.11444880 0.03453786
v -0.01945000 -0.10869951 0.03855883
v -0.03181848 -0.11444880 0.03453786
v -0.01945000 -0.11504271 0.03394448
v -0.01945000 -0.10869951 0.03855883
v -0.01906215 -0.10432461 -0.03886915
v -0.01895034 -0.11175621 -0.03435584
v -0.01894097 -0.10100780 -0.03369485
v -0.01795000 -0.06844581 0.02481823
v -0.01895272 -0.10183120 0.03679609
v -0.01095146 -0.05113775 0.01026530
v -0.03212764 -0.10178901 0.04203149
v -0.03149451 -0.10830710 0.03885362
v -0.01945000 -0.10165140 0.04200159
v -0.01967285 -0.06475801 0.03863457
v -0.02449118 -0.06528129 0.03893869
v -0.01957931 -0.06024933 0.03586547
v -0.03149451 -0.10830710 0.03885362
v -0.01945000 -0.10869951 0.03855883
v -0.01945000 -0.10165140 0.04200159
v -0.01795000 -0.06978953 -0.02561420
v -0.01795000 -0.06838600 -0.02456177
v -0.01946639 -0.10748021 -0.03926314
v -0.03165700 -0.10053930 -0.04246765
v -0.01945000 -0.10012540 -0.04255700
v -0.00557517 -0.05950375 -0.02559262
v -0.00752575 -0.05945742 -0.02550441
v -0.00650886 -0.05486161 -0.01897262
v -0.03212764 -0.10178901 0.04203149
v -0.01945000 -0.10165140 0.04200159
v -0.01947547 -0.09393452 0.04419908
v -0.01795033 -0.06986779 -0.00829787
v -0.01095866 -0.06997593 -0.00825303
v -0.01794805 -0.06452848 -0.01019095
v -0.01945000 -0.10012540 -0.04255700
v -0.03165700 -0.10053930 -0.04246765
v -0.01948746 -0.09275843 -0.04442261
v -0.01795159 -0.07199224 -0.01135599
v -0.01795000 -0.06835073 -0.01404108
v 0.00079771 -0.06561476 -0.03046345
v -0.00949943 -0.06595568 -0.03056189
v -0.00752575 -0.05945742 -0.02550441
v -0.01795000 -0.06938855 -0.01516861
v -0.02361079 -0.09581022 -0.00918564
v -0.01095177 -0.06463552 -0.01017692
v -0.01795236 -0.07052526 0.00933778
v -0.01795000 -0.06831749 0.01375112
v -0.01957931 -0.06024933 0.03586547
v -0.02449118 -0.06528129 0.03893869
v -0.02449296 -0.05961115 0.03539767
v -0.01795000 -0.06802996 -0.03093781
v -0.00548421 -0.11601410 -0.02034756
v -0.00659804 -0.11613540 -0.01895099
v -0.00652006 -0.11123281 -0.02565042
v -0.01795000 -0.06799041 0.01956050
v -0.01794805 -0.06452848 -0.01019095
v -0.01095177 -0.06463552 -0.01017692
v -0.01795000 -0.05739829 -0.00883082
v -0.03175793 -0.07045176 0.04246445
v -0.01948322 -0.07824002 0.04442011
v -0.01945000 -0.07087458 0.04255700
v -0.00558816 -0.05498467 -0.02036414
v -0.00557517 -0.05950375 -0.02559262
v -0.00650886 -0.05486161 -0.01897262
v -0.01946083 -0.07689894 -0.04417470
v -0.03207609 -0.06921756 -0.04203368
v -0.01945000 -0.06934861 -0.04200159
v -0.03175793 -0.07045176 0.04246445
v -0.01945000 -0.07087458 0.04255700
v -0.01946548 -0.06352701 0.03926665
v -0.01095000 -0.05739829 -0.00883082
v -0.01945000 -0.06934861 -0.04200159
v -0.03207609 -0.06921756 -0.04203368
v -0.03211204 -0.06215518 -0.03856180
v -0.01795000 -0.06787691 -0.01945831
v -0.01795000 -0.06909021 -0.02052500
v -0.00756043 -0.10173440 0.03290887
v -0.00650793 -0.10254670 0.03174929
v -0.00648665 -0.09496116 0.03507941
v -0.01945000 -0.06934861 -0.04200159
v -0.03211204 -0.06215518 -0.03856180
v -0.01945000 -0.06230049 -0.03855883
v -0.01945000 -0.06230049 -0.03855883
v -0.03211204 -0.06215518 -0.03856180
v -0.03147674 -0.05627069 -0.03428435
v -0.00648460 -0.10254061 -0.03174953
v -0.00743666 -0.10174491 -0.03289099
v -0.00749500 -0.09534208 -0.03511280
v -0.01795000 -0.05739829 -0.00883082
v -0.01095000 -0.05739829 -0.00883082
v -0.01795000 -0.05306743 -0.00663266
v -0.01945000 -0.06230049 -0.03855883
v -0.03147674 -0.05627069 -0.03428435
v -0.01945000 -0.05595726 -0.03394448
v -0.03324884 -0.05131826 0.02930758
v -0.01947628 -0.05698178 0.03481377
v -0.01945000 -0.05155552 0.02954273
v -0.01945000 -0.05595726 -0.03394448
v -0.03147674 -0.05627069 -0.03428435
v -0.01947070 -0.05070596 -0.02853852
v -0.00801155 -0.05026483 0.00918190
v -0.00631591 -0.05035301 0.00920596
v -0.00974081 -0.04927458 0.00167417
v -0.02369934 -0.07359469 -0.00700774
v -0.03745000 -0.09750461 0.00720344
v -0.02359242 -0.09468288 0.01031199
v -0.01095000 -0.05306743 -0.00663266
v -0.03194884 -0.04691636 0.02330700
v -0.03324884 -0.05131826 0.02930758
v -0.01945000 -0.04694116 0.02319951
v -0.03324884 -0.05131826 0.02930758
v -0.01945000 -0.05155552 0.02954273
v -0.01945000 -0.04694116 0.02319951
v -0.00849158 -0.11157570 0.02525360
v -0.00649197 -0.11114780 0.02573696
v -0.00748772 -0.10584791 0.03051597
v -0.00839550 -0.09502408 0.03505593
v -0.00648665 -0.09496116 0.03507941
v -0.00743865 -0.08787514 0.03660616
v -0.00842615 -0.12059740 0.00937173
v -0.00635778 -0.12054481 0.00960450
v -0.00906543 -0.11774131 0.01667676
v -0.03212070 -0.04346325 0.01627248
v -0.03194884 -0.04691636 0.02330700
v -0.01945000 -0.04349841 0.01615139
v -0.00652006 -0.11123281 -0.02565042
v -0.00843860 -0.11114981 -0.02571240
v -0.00754372 -0.10558001 -0.03056814
v -0.03194884 -0.04691636 0.02330700
v -0.01945000 -0.04694116 0.02319951
v -0.01945000 -0.04349841 0.01615139
v -0.01795000 -0.05306743 -0.00663266
v -0.01095000 -0.05306743 -0.00663266
v -0.01795000 -0.04954967 -0.00328399
v -0.00631360 -0.07628643 -0.03514828
v -0.00948366 -0.07634768 -0.03522151
v -0.00757096 -0.06925708 -0.03289436
v -0.01795000 -0.06810427 0.02815589
v -0.01795000 -0.06745035 0.03062743
v -0.01946547 -0.04623334 -0.02197295
v -0.03175754 -0.04303555 -0.01504825
v -0.01945000 -0.04294300 -0.01462542
v -0.00802095 -0.05362423 0.01696991
v -0.00756309 -0.05260331 0.01624080
v -0.00801155 -0.05026483 0.00918190
v -0.03212070 -0.04346325 0.01627248
v -0.01945000 -0.04349841 0.01615139
v -0.01946019 -0.04132628 0.00860307
v -0.01945000 -0.04294300 -0.01462542
v -0.03175754 -0.04303555 -0.01504825
v -0.01949075 -0.04106863 -0.00722995
v -0.01075777 -0.04922703 -0.00288931
v -0.01795000 -0.07136210 0.04113842
v -0.02447638 -0.06510038 -0.03895730
v -0.01978652 -0.05821202 -0.03445434
v -0.02449453 -0.05672487 -0.03309780
v -0.00849158 -0.11157570 0.02525360
v -0.00748772 -0.10584791 0.03051597
v -0.00859761 -0.10443420 0.03064640
v -0.01795000 -0.06723117 0.01266478
v -0.01795000 -0.06780970 -0.01346107
v -0.01795000 -0.06700148 -0.01213248
v -0.01817636 -0.07156269 -0.00953214
v -0.01895117 -0.09998394 0.03779088
v -0.01795000 -0.06742888 0.02386639
v -0.01795000 -0.06693016 0.01808837
v -0.01095000 -0.09504609 0.02798822
v -0.01795000 -0.09504609 0.02798822
v -0.01095000 -0.09188008 0.02512614
v -0.01095000 -0.08952972 0.02156371
v -0.01795000 -0.08952972 0.02156371
v -0.01095580 -0.08785100 0.01714282
v -0.01975642 -0.12912661 -0.00552043
v -0.01976113 -0.12932011 0.00229299
v -0.01893970 -0.12894260 -0.00209453
v -0.02369939 -0.09740533 0.00700772
v -0.01976113 -0.12932011 0.00229299
v -0.01975642 -0.12912661 -0.00552043
v -0.02448722 -0.12897541 -0.00576328
v -0.01796704 -0.06972438 0.00766234
v -0.01795000 -0.06684672 0.01197101
v -0.01095815 -0.10310120 0.03085820
v -0.01795000 -0.10299930 0.03094518
v -0.01095000 -0.09882686 0.02996833
v -0.01095000 -0.10618960 0.00729201
v -0.01795000 -0.10618960 0.00729201
v -0.01095423 -0.10155230 0.00654570
v -0.01795010 -0.06661454 0.03020977
v -0.01795000 -0.06693016 0.01808837
v -0.01095000 -0.06884015 0.01427169
v -0.01095000 -0.06693016 0.01808837
v -0.01092893 -0.12118921 -0.00007024
v -0.01795000 -0.12104901 0.00031774
v -0.01095000 -0.11811680 0.00344277
v -0.01795000 -0.06832579 -0.02862592
v -0.01795000 -0.06663781 -0.02734561
v -0.01095000 -0.11451150 0.00572696
v -0.01795000 -0.11451150 0.00572696
v -0.01095000 -0.11044990 0.00703777
v -0.01893970 -0.12894260 -0.00209453
v -0.01976113 -0.12932011 0.00229299
v -0.01955351 -0.12854661 0.00854709
v -0.01795000 -0.10354970 -0.03062743
v -0.01095000 -0.10478991 -0.02652556
v -0.01092920 -0.10328560 -0.03094062
v -0.01095000 -0.10215990 -0.01427169
v -0.01795000 -0.10215990 -0.01427169
v -0.01095131 -0.09919426 -0.01062796
v -0.02448456 -0.12930120 0.00208968
v -0.01976113 -0.12932011 0.00229299
v -0.02448722 -0.12897541 -0.00576328
v -0.01795000 -0.06621010 0.02652556
v -0.01795000 -0.10478991 -0.02652556
v -0.01095000 -0.10496550 -0.02226125
v -0.01095000 -0.10478991 -0.02652556
v -0.01795000 -0.06615544 0.01746498
v -0.01901539 -0.09899328 -0.03748824
v -0.01895843 -0.09647632 -0.03566873
v -0.01902674 -0.09360325 -0.04301534
v -0.01795000 -0.06609508 0.01063554
v -0.01975642 -0.12912661 -0.00552043
v -0.01893970 -0.12894260 -0.00209453
v -0.01956458 -0.12727550 -0.01332917
v -0.01795000 -0.06603453 0.02226125
v -0.01956458 -0.12727550 -0.01332917
v -0.01893970 -0.12894260 -0.00209453
v -0.01896266 -0.12599691 -0.01420108
v -0.01893970 -0.12894260 -0.00209453
v -0.01955351 -0.12854661 0.00854709
v -0.01908733 -0.12713141 0.01332505
v -0.01795000 -0.06697937 -0.01876273
v -0.01795000 -0.06588185 -0.01747707
v -0.01901351 -0.09979111 -0.04021964
v -0.02267760 -0.09967932 -0.03821429
v -0.01901539 -0.09899328 -0.03748824
v -0.01901539 -0.09899328 -0.03748824
v -0.02267760 -0.09967932 -0.03821429
v -0.02245002 -0.09695489 -0.03584084
v -0.01901539 -0.09899328 -0.03748824
v -0.02245002 -0.09695489 -0.03584084
v -0.01895843 -0.09647632 -0.03566873
v -0.02457682 -0.10380700 -0.03831657
v -0.01906215 -0.10432461 -0.03886915
v -0.01964736 -0.10129171 -0.03608713
v -0.02457682 -0.10380700 -0.03831657
v -0.01964736 -0.10129171 -0.03608713
v -0.02246888 -0.10151551 -0.03683908
v -0.01795000 -0.06658690 -0.01148739
v -0.01795000 -0.06580616 -0.01016871
v -0.02246888 -0.10151551 -0.03683908
v -0.01964736 -0.10129171 -0.03608713
v -0.02245165 -0.10053400 -0.03291092
v -0.02245165 -0.10053400 -0.03291092
v -0.01964736 -0.10129171 -0.03608713
v -0.01894097 -0.10100780 -0.03369485
v -0.01795033 -0.06986779 -0.00829787
v -0.00960540 -0.05961083 -0.02572025
v -0.01936903 -0.12549950 0.01437574
v -0.02256656 -0.12366460 0.01424114
v -0.01900127 -0.12296181 0.01347030
v -0.01901351 -0.09979111 -0.04021964
v -0.01795000 -0.06577367 -0.02261962
v -0.01900127 -0.12296181 0.01347030
v -0.02256656 -0.12366460 0.01424114
v -0.02245183 -0.12096081 0.01106612
v -0.01900127 -0.12296181 0.01347030
v -0.02245183 -0.12096081 0.01106612
v -0.01895861 -0.12139171 0.01113701
v -0.02416128 -0.12301420 0.01738664
v -0.01898672 -0.12399421 0.01832895
v -0.01959314 -0.12158351 0.01579658
v -0.02416128 -0.12301420 0.01738664
v -0.01959314 -0.12158351 0.01579658
v -0.02246738 -0.12233780 0.01601769
v -0.01795000 -0.06716650 -0.02388875
v -0.01095040 -0.05658349 0.02165151
v -0.01063904 -0.05904483 0.02479746
v -0.01090790 -0.05452750 0.01789982
v -0.03747201 -0.07496090 0.00921142
v -0.03994999 -0.07262134 0.00547675
v -0.02350590 -0.07278679 0.00545023
v -0.02361079 -0.09581022 -0.00918564
v -0.03745000 -0.09270343 -0.01200460
v -0.02246738 -0.12233780 0.01601769
v -0.01959314 -0.12158351 0.01579658
v -0.02245098 -0.11840631 0.01503171
v -0.01976113 -0.12932011 0.00229299
v -0.02448456 -0.12930120 0.00208968
v -0.02451028 -0.12803571 0.01101322
v -0.02245098 -0.11840631 0.01503171
v -0.01959314 -0.12158351 0.01579658
v -0.01895905 -0.11794001 0.01503919
v -0.01795103 -0.06891188 0.00601991
v -0.01795000 -0.06574370 0.00995395
v -0.01957931 -0.06024933 0.03586547
v -0.02449296 -0.05961115 0.03539767
v -0.01898223 -0.05397841 0.03057373
v -0.01795000 -0.06603453 0.02226125
v -0.01095000 -0.06693016 0.01808837
v -0.01095000 -0.06603453 0.02226125
v -0.01895079 -0.07045732 0.03277154
v -0.02244356 -0.07067694 0.03248183
v -0.01960438 -0.06970182 0.03609619
v -0.01960438 -0.06970182 0.03609619
v -0.02244356 -0.07067694 0.03248183
v -0.02246603 -0.06950155 0.03684087
v -0.01795000 -0.07883136 0.03547872
v -0.00868030 -0.07621460 0.03516502
v -0.01095152 -0.07426229 0.03431796
v -0.01795000 -0.06521344 -0.02950881
v -0.01095045 -0.07127510 0.03318976
v -0.00958263 -0.06909398 0.03256656
v -0.01095790 -0.06757611 0.03067117
v -0.01960438 -0.06970182 0.03609619
v -0.02246603 -0.06950155 0.03684087
v -0.02451182 -0.06721865 0.03830847
v -0.02245027 -0.07463508 0.03517978
v -0.01896579 -0.07424771 0.03582968
v -0.01900564 -0.07171400 0.03774207
v -0.02245027 -0.07463508 0.03517978
v -0.01900564 -0.07171400 0.03774207
v -0.02253270 -0.07129219 0.03824222
v -0.01795000 -0.06499723 0.00858972
v -0.01795000 -0.07883136 0.03547872
v -0.01795000 -0.08221624 0.03595034
v -0.00868030 -0.07621460 0.03516502
v -0.01795000 -0.06490412 0.01645794
v -0.01794968 -0.12440780 -0.01978274
v -0.01795000 -0.12134751 -0.00426227
v -0.01795000 -0.12119871 -0.00281426
v -0.02245183 -0.12096081 0.01106612
v -0.02256656 -0.12366460 0.01424114
v -0.02246738 -0.12233780 0.01601769
v -0.01955351 -0.12854661 0.00854709
v -0.01976113 -0.12932011 0.00229299
v -0.02451028 -0.12803571 0.01101322
v -0.01795000 -0.12819591 -0.00832543
v -0.01795000 -0.12145031 0.00328399
v -0.01795000 -0.12100371 0.00466941
v -0.01795000 -0.06510048 0.02163082
v -0.01795010 -0.12110521 0.00125043
v -0.01795000 -0.11867611 0.01423231
v -0.01095021 -0.11868480 0.01422686
v -0.00906543 -0.11774131 0.01667676
v -0.01795000 -0.12104901 0.00031774
v -0.01796587 -0.06850698 0.00420385
v -0.01795000 -0.06476542 0.00783118
v -0.01795000 -0.11289110 0.02351458
v -0.00849158 -0.11157570 0.02525360
v -0.01095408 -0.10931621 0.02716200
v -0.02245098 -0.11840631 0.01503171
v -0.02245065 -0.11756911 0.01287486
v -0.00947538 -0.12077901 -0.00919898
v -0.01094993 -0.11968471 -0.01164174
v -0.00457010 -0.11793670 -0.01662356
v -0.02245210 -0.11862781 0.01122497
v -0.01795000 -0.06468081 0.02949189
v -0.01900758 -0.07875164 -0.04323032
v -0.01898223 -0.05397841 0.03057373
v -0.02449296 -0.05961115 0.03539767
v -0.02449124 -0.05373164 0.03023406
v -0.01794950 -0.12908831 0.00233535
v -0.01795000 -0.12094610 0.00699634
v -0.01895861 -0.12139171 0.01113701
v -0.02245183 -0.12096081 0.01106612
v -0.01897957 -0.11931080 0.01072179
v -0.01795000 -0.06430787 0.00636862
v -0.01897957 -0.11931080 0.01072179
v -0.02245183 -0.12096081 0.01106612
v -0.02245210 -0.11862781 0.01122497
v -0.01094988 -0.08877124 -0.03596498
v -0.01094991 -0.08641851 -0.03581272
v 0.00131667 -0.08719932 -0.03631640
v -0.01795000 -0.12080240 -0.00674901
v -0.01795000 -0.06430617 0.01549260
v -0.01095690 -0.11477311 -0.02113223
v -0.01795001 -0.11452260 -0.02164097
v -0.01000000 -0.11289120 -0.02351457
v -0.01795000 -0.12072581 -0.00802306
v -0.01795000 -0.06421640 -0.01536906
v -0.01897957 -0.11931080 0.01072179
v -0.02245210 -0.11862781 0.01122497
v -0.01896011 -0.11753051 0.01219287
v -0.01022863 -0.07452845 -0.03443370
v -0.01795002 -0.06869400 -0.03196342
v -0.00898728 -0.06864131 -0.03197035
v -0.01898204 -0.09920028 0.04153962
v -0.01894791 -0.08331248 0.04318581
v -0.01896579 -0.07424771 0.03582968
v -0.02448722 -0.12897541 -0.00576328
v -0.01975642 -0.12912661 -0.00552043
v -0.02452467 -0.12733790 -0.01322021
v -0.01795000 -0.06518141 -0.01666469
v -0.00947082 -0.09520116 -0.03514256
v -0.01095030 -0.09972230 -0.03319445
v -0.01095052 -0.09618548 -0.03448650
v -0.01896011 -0.11753051 0.01219287
v -0.02245210 -0.11862781 0.01122497
v -0.02245065 -0.11756911 0.01287486
v -0.01795000 -0.12049470 0.00819387
v -0.02245098 -0.11840631 0.01503171
v -0.01895905 -0.11794001 0.01503919
v -0.02245065 -0.11756911 0.01287486
v -0.01795000 -0.06544384 -0.02664046
v -0.01795000 -0.06409774 -0.02524498
v -0.01795000 -0.11998201 0.01068672
v -0.02245065 -0.11756911 0.01287486
v -0.01895905 -0.11794001 0.01503919
v -0.01896011 -0.11753051 0.01219287
v -0.01090660 -0.05451904 -0.01787593
v -0.01095040 -0.05229098 -0.01421668
v -0.01063733 -0.05079660 -0.01051179
v -0.01795000 -0.11983351 -0.01017494
v -0.01795525 -0.06801648 0.00244134
v -0.01795000 -0.06410588 0.00562887
v -0.02371810 -0.09250042 -0.01191008
v -0.01795000 -0.11967801 -0.01162224
v -0.01795000 -0.06370434 0.02841239
v -0.01095013 -0.06171580 0.02718484
v -0.01083430 -0.06485920 0.02995660
v -0.01063904 -0.05904483 0.02479746
v -0.02267760 -0.09967932 -0.03821429
v -0.02246888 -0.10151551 -0.03683908
v -0.02245002 -0.09695489 -0.03584084
v -0.01795000 -0.11925701 0.01194900
v -0.02245165 -0.10053400 -0.03291092
v -0.01795000 -0.11887790 -0.00056035
v -0.02245083 -0.09841507 -0.03208439
v -0.02245930 -0.09638546 -0.03359986
v -0.01795000 -0.06365330 -0.02046684
v -0.01795000 -0.11867611 0.01423231
v -0.01795000 -0.06480735 -0.02178807
v -0.01795000 -0.12663840 0.01413790
v -0.01795000 -0.11861310 -0.00266235
v -0.01795000 -0.06365934 0.00413925
v -0.01795000 -0.11859941 -0.00404892
v -0.01895083 -0.07469892 0.03369906
v -0.02245165 -0.10053400 -0.03291092
v -0.01894097 -0.10100780 -0.03369485
v -0.01895208 -0.09959835 -0.03206851
v -0.02452467 -0.12733790 -0.01322021
v -0.01975642 -0.12912661 -0.00552043
v -0.01956458 -0.12727550 -0.01332917
v -0.01795000 -0.11858160 0.00098720
v -0.01795000 -0.06365848 0.02073013
v -0.02245165 -0.10053400 -0.03291092
v -0.01895208 -0.09959835 -0.03206851
v -0.02245083 -0.09841507 -0.03208439
v -0.01795000 -0.11862771 -0.01394093
v -0.02245083 -0.09841507 -0.03208439
v -0.01895208 -0.09959835 -0.03206851
v -0.01897239 -0.09656331 -0.03276443
v -0.01795000 -0.06523436 0.02592609
v -0.01795000 -0.11828840 -0.01517290
v -0.02245083 -0.09841507 -0.03208439
v -0.01897239 -0.09656331 -0.03276443
v -0.02245930 -0.09638546 -0.03359986
v -0.01796801 -0.06799910 0.00057965
v -0.01795000 -0.06359033 0.00334909
v -0.01795000 -0.11831301 -0.02855797
v -0.01795000 -0.11826501 0.00639155
v -0.01795000 -0.06358225 0.02517955
v -0.01795000 -0.11811680 0.00344277
v -0.01955351 -0.12854661 0.00854709
v -0.02451028 -0.12803571 0.01101322
v -0.01908733 -0.12713141 0.01332505
v -0.01795000 -0.11808551 0.00458752
v -0.01895843 -0.09647632 -0.03566873
v -0.02245002 -0.09695489 -0.03584084
v -0.02245930 -0.09638546 -0.03359986
v -0.02449453 -0.05672487 -0.03309780
v -0.01978652 -0.05821202 -0.03445434
v -0.01967317 -0.05100863 -0.02732014
v -0.01795000 -0.11806391 -0.00591242
v -0.01895843 -0.09647632 -0.03566873
v -0.02245930 -0.09638546 -0.03359986
v -0.01897239 -0.09656331 -0.03276443
v -0.01795000 -0.11803200 -0.00748776
v -0.01795000 -0.11738470 0.00976387
v -0.01795000 -0.11765340 0.00784368
v -0.01795000 -0.06344686 0.00182336
v -0.01794969 -0.12208911 0.02380405
v -0.01795000 -0.11736890 0.01694744
v -0.02245000 -0.06305538 -0.03071314
v -0.02245779 -0.06466762 -0.02884087
v -0.02245687 -0.06117127 -0.03057987
v -0.02245090 -0.06334623 -0.02652858
v -0.02245168 -0.06098995 -0.02660235
v -0.01795499 -0.06775412 -0.00131647
v -0.01795000 -0.06340307 0.00105778
v -0.01795000 -0.11733600 -0.00948877
v -0.02244932 -0.06000963 -0.02875423
v -0.01795000 -0.06337215 0.01417445
v -0.01795000 -0.11703431 -0.01084219
v -0.01794972 -0.11698231 -0.01716075
v -0.02245779 -0.06466762 -0.02884087
v -0.01897293 -0.06366386 -0.03090186
v -0.01896853 -0.06463365 -0.02760867
v -0.01795000 -0.06327602 -0.00049213
v -0.01795000 -0.11651471 -0.01847427
v -0.02245779 -0.06466762 -0.02884087
v -0.01896853 -0.06463365 -0.02760867
v -0.02245090 -0.06334623 -0.02652858
v -0.01795018 -0.11615040 0.01781216
v -0.01795000 -0.11622011 0.01306410
v -0.01897293 -0.06366386 -0.03090186
v -0.02245779 -0.06466762 -0.02884087
v -0.02245000 -0.06305538 -0.03071314
v -0.02361085 -0.07518953 0.00918527
v -0.01795000 -0.11683320 0.01103614
v -0.02348787 -0.09094696 0.01271468
v -0.02245090 -0.06334623 -0.02652858
v -0.01896853 -0.06463365 -0.02760867
v -0.01898029 -0.06234092 -0.02611137
v -0.01795000 -0.11612311 -0.01255364
v -0.01095000 -0.05306743 -0.00663266
v -0.01094999 -0.05076757 -0.00306593
v -0.01075777 -0.04922703 -0.00288931
v -0.00960540 -0.05961083 -0.02572025
v -0.01094993 -0.05832559 -0.02378400
v -0.01062584 -0.05487080 -0.01870195
v -0.01897293 -0.06366386 -0.03090186
v -0.02245000 -0.06305538 -0.03071314
v -0.02245687 -0.06117127 -0.03057987
v -0.02449453 -0.05672487 -0.03309780
v -0.01967317 -0.05100863 -0.02732014
v -0.02448375 -0.05127441 -0.02742259
v -0.02245090 -0.06334623 -0.02652858
v -0.01898029 -0.06234092 -0.02611137
v -0.02245168 -0.06098995 -0.02660235
v -0.01795000 -0.11613601 0.01909568
v -0.01795002 -0.06869400 -0.03196342
v -0.01897293 -0.06366386 -0.03090186
v -0.02245687 -0.06117127 -0.03057987
v -0.01896361 -0.06047809 -0.03032874
v -0.01095056 -0.12053570 0.00815776
v -0.01095013 -0.12093490 0.00700530
v -0.01071361 -0.12023941 0.01047791
v -0.01795000 -0.11553781 -0.00079858
v -0.02359242 -0.09468288 0.01031199
v -0.01795000 -0.11552031 0.00236025
v -0.03745000 -0.07349540 -0.00720344
v -0.02369934 -0.07359469 -0.00700774
v -0.03745000 -0.07185696 -0.00314125
v -0.02245168 -0.06098995 -0.02660235
v -0.01898029 -0.06234092 -0.02611137
v -0.01897482 -0.06001101 -0.02763667
v -0.01795000 -0.11550921 0.00047596
v -0.01896361 -0.06047809 -0.03032874
v -0.02245687 -0.06117127 -0.03057987
v -0.02244932 -0.06000963 -0.02875423
v -0.01795000 -0.11576430 -0.01408791
v -0.01794845 -0.11551060 -0.01825774
v -0.02245168 -0.06098995 -0.02660235
v -0.01897482 -0.06001101 -0.02763667
v -0.02244932 -0.06000963 -0.02875423
v -0.01095000 -0.09507027 -0.02447380
v -0.01095000 -0.09355446 -0.02064888
v -0.01095000 -0.09353985 -0.02499120
v -0.01795000 -0.11535501 -0.00393291
v -0.01896361 -0.06047809 -0.03032874
v -0.02244932 -0.06000963 -0.02875423
v -0.01897482 -0.06001101 -0.02763667
v -0.01795000 -0.11532811 -0.00254027
v -0.01795000 -0.11510781 0.01602397
v -0.02244391 -0.05153134 0.00592455
v -0.02244617 -0.05020879 0.00788385
v -0.02245128 -0.05044240 0.00386908
v -0.01795000 -0.11532001 0.01435734
v -0.02245673 -0.04753640 0.00747160
v -0.01795001 -0.11452260 -0.02164097
v -0.02247729 -0.04830173 0.00364315
v -0.02245000 -0.04702862 0.00504700
v -0.01795000 -0.06286167 0.01958766
v -0.01795000 -0.11495231 -0.00577370
v -0.01795000 -0.11471531 -0.00702633
v -0.01795000 -0.06281597 0.01325726
v -0.01094993 -0.11968471 -0.01164174
v -0.01095055 -0.11863991 -0.01399565
v -0.01094988 -0.11828221 -0.01514951
v -0.01795000 -0.06348309 -0.01450206
v -0.01795000 -0.06267686 -0.01301631
v -0.01895120 -0.05123472 0.00732391
v -0.02244391 -0.05153134 0.00592455
v -0.01895680 -0.05099597 0.00403603
v -0.01895680 -0.05099597 0.00403603
v -0.02244391 -0.05153134 0.00592455
v -0.02245128 -0.05044240 0.00386908
v -0.01795000 -0.11451150 0.00572696
v -0.01900564 -0.07171400 0.03774207
v -0.01795000 -0.11520450 0.00371685
v -0.02244391 -0.05153134 0.00592455
v -0.01895120 -0.05123472 0.00732391
v -0.02244617 -0.05020879 0.00788385
v -0.01795000 -0.11443261 0.00685109
v -0.01795000 -0.11437360 0.00855025
v -0.01895680 -0.05099597 0.00403603
v -0.02245128 -0.05044240 0.00386908
v -0.01895715 -0.04786169 0.00342984
v -0.01795000 -0.11414821 -0.00868638
v -0.01795000 -0.06388501 -0.02891372
v -0.01795000 -0.06200397 -0.02719828
v -0.01795000 -0.11388491 -0.01005417
v -0.01795000 -0.11334550 -0.01221772
v -0.02244617 -0.05020879 0.00788385
v -0.01895120 -0.05123472 0.00732391
v -0.01900539 -0.04824262 0.00811768
v -0.01895715 -0.04786169 0.00342984
v -0.02245128 -0.05044240 0.00386908
v -0.02247729 -0.04830173 0.00364315
v -0.01896401 -0.07135060 -0.04060540
v -0.01795000 -0.11326571 0.01148793
v -0.02244617 -0.05020879 0.00788385
v -0.01900539 -0.04824262 0.00811768
v -0.02245673 -0.04753640 0.00747160
v -0.01795000 -0.11378261 0.00981154
v -0.01795000 -0.06193238 0.01181617
v -0.01795000 -0.11289110 0.02351458
v -0.01794959 -0.10932171 -0.03657690
v -0.02245673 -0.04753640 0.00747160
v -0.01900539 -0.04824262 0.00811768
v -0.01899803 -0.04674482 0.00643920
v -0.01795000 -0.06171793 0.02719907
v -0.01895715 -0.04786169 0.00342984
v -0.02247729 -0.04830173 0.00364315
v -0.02245000 -0.04702862 0.00504700
v -0.01095054 -0.12082621 -0.00680104
v -0.01095029 -0.12135781 -0.00427935
v -0.01095000 -0.11861310 -0.00266235
v -0.01795000 -0.11196490 0.01436655
v -0.01895715 -0.04786169 0.00342984
v -0.02245000 -0.04702862 0.00504700
v -0.01899803 -0.04674482 0.00643920
v -0.02245000 -0.04702862 0.00504700
v -0.02245673 -0.04753640 0.00747160
v -0.01899803 -0.04674482 0.00643920
v -0.01795000 -0.11272111 0.01264063
v -0.01794954 -0.06167593 0.03657567
v -0.01795000 -0.11183620 -0.00120880
v -0.03745000 -0.09270343 -0.01200460
v -0.02371810 -0.09250042 -0.01191008
v -0.03745000 -0.08864125 -0.01364304
v -0.01795000 -0.11173330 0.00153905
v -0.01095142 -0.11986271 -0.01026133
v -0.01095031 -0.12071161 -0.00799468
v -0.01095000 -0.11806391 -0.00591242
v -0.02245272 -0.07371371 0.03254839
v -0.02245027 -0.07463508 0.03517978
v -0.02253270 -0.07129219 0.03824222
v -0.01795000 -0.11175251 -0.00007636
v -0.01795000 -0.06263046 0.02392385
v -0.01795000 -0.06166832 0.01830182
v -0.01895066 -0.07251319 0.03193102
v -0.01795000 -0.11161510 -0.00288469
v -0.01795000 -0.11151201 0.00429321
v -0.01795000 -0.11164421 0.00260798
v -0.02244356 -0.07067694 0.03248183
v -0.02246603 -0.06950155 0.03684087
v -0.01795000 -0.11148011 -0.00394880
v -0.01795000 -0.11121940 0.01693084
v -0.01795000 -0.06154821 0.01074761
v -0.01095000 -0.09762124 -0.02341218
v -0.01095000 -0.09703818 -0.01900047
v -0.01095000 -0.09563241 -0.01966538
v -0.01795000 -0.11116291 -0.00553289
v -0.01095000 -0.09854323 -0.03068938
v -0.01095000 -0.09666166 -0.03115740
v -0.01095052 -0.09618548 -0.03448650
v -0.01795000 -0.11112461 0.01547740
v -0.01795000 -0.06260037 -0.01955497
v -0.01795000 -0.06150185 -0.01802399
v -0.01795000 -0.11120270 -0.00905622
v -0.01795000 -0.11100931 -0.00665798
v -0.02413487 -0.06844767 -0.03713407
v -0.01902650 -0.06890883 -0.03689897
v -0.02445210 -0.06714315 -0.03852176
v -0.01095668 -0.09983124 0.00973622
v -0.01095831 -0.09704754 0.00685573
v -0.01899484 -0.06682048 -0.03860541
v -0.02445210 -0.06714315 -0.03852176
v -0.01899484 -0.06682048 -0.03860541
v -0.02447638 -0.06510038 -0.03895730
v -0.01795000 -0.11044990 0.00703777
v -0.01948975 -0.06519812 -0.03887738
v -0.01795000 -0.11119471 0.00538351
v -0.01795000 -0.06216063 -0.01207605
v -0.01795000 -0.06148609 -0.01060809
v -0.01095000 -0.09588752 0.02358333
v -0.01095000 -0.09846614 0.02717848
v -0.01795000 -0.11029741 0.00802041
v -0.01795000 -0.11005091 0.00960759
v -0.01795001 -0.10927260 0.02717579
v -0.01096564 -0.09718776 0.00420081
v -0.01095131 -0.09919426 -0.01062796
v -0.01795000 -0.10928770 -0.02715429
v -0.02413487 -0.06844767 -0.03713407
v -0.01895193 -0.07067888 -0.03736864
v -0.01902650 -0.06890883 -0.03689897
v -0.01095000 -0.09994954 -0.02194922
v -0.01095000 -0.09890143 -0.01760874
v -0.01095000 -0.09767157 -0.01852304
v -0.01094918 -0.10251910 0.03148196
v -0.01083445 -0.10112220 0.03285386
v -0.01095000 -0.09781984 0.03051361
v -0.01795000 -0.10883941 0.01207605
v -0.01795000 -0.06136450 -0.02282637
v -0.01795000 -0.10951391 0.01060809
v -0.01795000 -0.06274942 -0.02442965
v -0.01095000 -0.09949965 -0.01712900
v -0.01095000 -0.10073651 -0.01618633
v -0.01095322 -0.09668065 -0.01323458
v -0.02448034 -0.07221234 -0.04178424
v -0.01967343 -0.07219163 -0.04180507
v -0.02449382 -0.07134935 -0.04000771
v -0.01095000 -0.10264930 0.01404108
v -0.01095000 -0.10335161 0.01594071
v -0.01896401 -0.07135060 -0.04060540
v -0.01794978 -0.10998450 -0.02195293
v -0.01795000 -0.10836950 -0.02392385
v -0.01795000 -0.10813830 -0.01958766
v -0.02449382 -0.07134935 -0.04000771
v -0.01896401 -0.07135060 -0.04060540
v -0.01895193 -0.07067888 -0.03736864
v -0.01795000 -0.06110193 0.02273098
v -0.01095533 -0.10281681 -0.00054690
v -0.01095605 -0.10289940 0.00126091
v -0.01795000 -0.10772400 0.00049213
v -0.01795000 -0.10759691 -0.00105778
v -0.02463130 -0.09948021 -0.04011318
v -0.02267760 -0.09967932 -0.03821429
v -0.01901351 -0.09979111 -0.04021964
v -0.01095423 -0.10155230 0.00654570
v -0.01095227 -0.10088260 0.00822901
v -0.01795000 -0.10755311 -0.00182336
v -0.02463130 -0.09948021 -0.04011318
v -0.01901351 -0.09979111 -0.04021964
v -0.02448369 -0.09878326 -0.04181844
v -0.01094993 -0.11697471 -0.01711841
v -0.01095000 -0.11612311 -0.01255364
v -0.01936863 -0.09870936 -0.04177250
v -0.01095000 -0.10222400 -0.02038042
v -0.01795000 -0.10751690 0.01450206
v -0.01901279 -0.07143862 0.04089033
v -0.01936664 -0.12445100 0.02009326
v -0.02444102 -0.12449061 0.02005256
v -0.02449706 -0.12205861 0.02422543
v -0.01795000 -0.10832310 0.01301631
v -0.01795000 -0.06090655 0.02620940
v -0.01898223 -0.05397841 0.03057373
v -0.02449124 -0.05373164 0.03023406
v -0.02449715 -0.04886013 0.02409961
v -0.01095000 -0.10215990 -0.01427169
v -0.01795000 -0.10745031 0.00280160
v -0.02445585 -0.10604361 -0.03892271
v -0.01960513 -0.10658381 -0.03850646
v -0.01906215 -0.10432461 -0.03886915
v -0.01795000 -0.10762720 0.00127938
v -0.02445585 -0.10604361 -0.03892271
v -0.01906215 -0.10432461 -0.03886915
v -0.02457682 -0.10380700 -0.03831657
v -0.01795000 -0.06094232 0.01725388
v -0.01795000 -0.10740970 -0.00334909
v -0.01795000 -0.10729571 -0.02841240
v -0.01795000 -0.06090867 0.00926407
v -0.01095000 -0.10091681 -0.02575071
v -0.01095000 -0.10255420 -0.02481823
v -0.01095000 -0.10083071 -0.02133754
v -0.01795000 -0.10834971 -0.00651726
v -0.01795000 -0.10734060 -0.00413925
v -0.01795000 -0.06055533 0.00825129
v -0.02449425 -0.12443451 -0.02022614
v -0.02445542 -0.12402740 -0.01836039
v -0.01902066 -0.12431151 -0.01903350
v -0.01900993 -0.12112050 0.02541591
v -0.01795000 -0.10722670 0.01690256
v -0.02449425 -0.12443451 -0.02022614
v -0.01902066 -0.12431151 -0.01903350
v -0.01960782 -0.12386561 -0.02140095
v -0.01795000 -0.05999067 0.00665798
v -0.01095000 -0.10417711 0.02732349
v -0.01095000 -0.10267421 0.02862592
v -0.01095000 -0.09975074 0.02607747
v -0.01902066 -0.12431151 -0.01903350
v -0.02445542 -0.12402740 -0.01836039
v -0.01895704 -0.12234941 -0.01654749
v -0.01095000 -0.10300960 -0.01956050
v -0.01095000 -0.10406991 -0.01808837
v -0.01095000 -0.10125680 -0.01558765
v -0.01795000 -0.10713601 0.00510200
v -0.02409335 -0.12255651 -0.01695065
v -0.01795000 -0.10733400 0.00355955
v -0.01795000 -0.05987540 -0.01547740
v -0.01095000 -0.10600010 0.00800493
v -0.01095000 -0.10560241 0.00948889
v -0.01795000 -0.10711500 0.02891372
v -0.01795000 -0.06072954 -0.01700970
v -0.01095000 -0.10687771 0.00585192
v -0.01095000 -0.10618960 0.00729201
v -0.01095480 -0.10225621 0.00485074
v -0.01795000 -0.10678360 0.01536906
v -0.01795000 -0.05983706 0.00553289
v -0.02409335 -0.12255651 -0.01695065
v -0.01895649 -0.12291691 -0.01466191
v -0.01895704 -0.12234941 -0.01654749
v -0.01095922 -0.10278131 -0.00238417
v -0.01094138 -0.10193821 -0.00560859
v -0.01795000 -0.10669381 -0.01549260
v -0.01795000 -0.10812581 -0.01510229
v -0.01795000 -0.06027582 0.02161728
v -0.01795000 -0.05982574 0.01573602
v -0.01980745 -0.04923294 0.02471383
v -0.02452467 -0.12733790 -0.01322021
v -0.01956458 -0.12727550 -0.01332917
v -0.02457413 -0.12560580 -0.01407961
v -0.01896266 -0.12599691 -0.01420108
v -0.01795000 -0.10578660 0.02950881
v -0.02457413 -0.12560580 -0.01407961
v -0.01896266 -0.12599691 -0.01420108
v -0.02434369 -0.12409471 -0.01424025
v -0.01895649 -0.12291691 -0.01466191
v -0.01795000 -0.10618960 0.00729201
v -0.01795000 -0.10687771 0.00585192
v -0.01795000 -0.06093893 -0.02649492
v -0.01795000 -0.05952151 -0.02464616
v -0.01095000 -0.10357110 -0.02386639
v -0.01095000 -0.10496550 -0.02226125
v -0.01795000 -0.10609591 -0.01645794
v -0.01795000 -0.10734150 -0.02073013
v -0.01795000 -0.10589950 -0.02163082
v -0.01908733 -0.12713141 0.01332505
v -0.02451028 -0.12803571 0.01101322
v -0.02444911 -0.12694440 0.01360455
v -0.01795000 -0.10583831 -0.01164262
v -0.01908733 -0.12713141 0.01332505
v -0.02444911 -0.12694440 0.01360455
v -0.01936903 -0.12549950 0.01437574
v -0.01095001 -0.10447230 -0.00455439
v -0.01095000 -0.10734060 -0.00413925
v -0.01795000 -0.10576571 -0.02592609
v -0.02456255 -0.12551471 0.01413889
v -0.01895193 -0.07067888 -0.03736864
v -0.01936903 -0.12549950 0.01437574
v -0.02456255 -0.12551471 0.01413889
v -0.02256656 -0.12366460 0.01424114
v -0.01795000 -0.10741781 -0.02517955
v -0.01095032 -0.10713070 0.02891401
v -0.01095000 -0.10478991 -0.02652556
v -0.01092920 -0.10328560 -0.03094062
v -0.01795000 -0.10600010 0.00800493
v -0.01795000 -0.10560241 0.00948889
v -0.02444102 -0.12449061 0.02005256
v -0.01936664 -0.12445100 0.02009326
v -0.02452984 -0.12390150 0.01822888
v -0.01095000 -0.10812581 -0.01510229
v -0.01095000 -0.10583831 -0.01164262
v -0.01095000 -0.10415330 -0.01197101
v -0.01898672 -0.12399421 0.01832895
v -0.01794996 -0.06324668 -0.00111344
v -0.01795071 -0.05999455 -0.00303239
v -0.01795000 -0.10484460 -0.01746498
v -0.01897239 -0.09656331 -0.03276443
v -0.02452984 -0.12390150 0.01822888
v -0.01898672 -0.12399421 0.01832895
v -0.02416128 -0.12301420 0.01738664
v -0.01082414 -0.10614261 -0.02995898
v -0.01095000 -0.10576571 -0.02592609
v -0.01094919 -0.10425461 -0.03047997
v -0.01795010 -0.10438550 -0.03020977
v -0.01095000 -0.10734150 -0.02073013
v -0.01095000 -0.10609591 -0.01645794
v -0.01095000 -0.10484460 -0.01746498
v -0.01795000 -0.10631920 -0.02949189
v -0.01095000 -0.10741781 -0.02517955
v -0.01795000 -0.10441311 0.01148739
v -0.01095000 -0.11044990 0.00703777
v -0.01795000 -0.10519381 0.01016871
v -0.02371836 -0.08858751 -0.01344981
v -0.02449425 -0.12443451 -0.02022614
v -0.01960782 -0.12386561 -0.02140095
v -0.02449881 -0.11983500 -0.02728709
v -0.02447784 -0.10569610 0.03895270
v -0.02464112 -0.10386061 0.03832958
v -0.01895550 -0.10532940 0.03906595
v -0.01795000 -0.10415330 -0.01197101
v -0.01895550 -0.10532940 0.03906595
v -0.02464112 -0.10386061 0.03832958
v -0.01895272 -0.10183120 0.03679609
v -0.03099510 -0.10269861 0.03731613
v -0.01084049 -0.10926301 -0.02738254
v -0.01095000 -0.10836950 -0.02392385
v -0.01095137 -0.10726700 -0.02850395
v -0.01795000 -0.10376880 -0.01266478
v -0.01794805 -0.06452848 -0.01019095
v -0.01095000 -0.10832310 0.01301631
v -0.01095000 -0.11196490 0.01436655
v -0.01095000 -0.10751690 0.01450206
v -0.01795000 -0.10406991 -0.01808837
v -0.01795000 -0.10496550 -0.02226125
v -0.01795000 -0.10357110 -0.02386639
v -0.01795000 -0.10335161 0.01594071
v -0.01095000 -0.11120270 -0.00905622
v -0.01095000 -0.11100931 -0.00665798
v -0.01095000 -0.10834971 -0.00651726
v -0.01795259 -0.10310460 0.00124743
v -0.01095000 -0.10951391 0.01060809
v -0.01095000 -0.11326571 0.01148793
v -0.01095000 -0.10883941 0.01207605
v -0.01796637 -0.10299460 -0.00057876
v -0.01095000 -0.11029741 0.00802041
v -0.01095000 -0.11437360 0.00855025
v -0.01095000 -0.11005091 0.00960759
v -0.01895117 -0.09998394 0.03779088
v -0.02457237 -0.09971590 0.04006212
v -0.01898204 -0.09920028 0.04153962
v -0.01095000 -0.11112461 0.01547740
v -0.01095000 -0.11121940 0.01693084
v -0.01095000 -0.10678360 0.01536906
v -0.01095000 -0.11520450 0.00371685
v -0.01095000 -0.11451150 0.00572696
v -0.01095000 -0.11119471 0.00538351
v -0.01795252 -0.10297751 -0.00243952
v -0.02457237 -0.09971590 0.04006212
v -0.02449915 -0.09863672 0.04193495
v -0.01898204 -0.09920028 0.04153962
v -0.01095000 -0.11535501 -0.00393291
v -0.01095000 -0.11183620 -0.00120880
v -0.01095000 -0.11161510 -0.00288469
v -0.01795000 -0.10319030 0.01346107
v -0.01795000 -0.05951993 0.00394880
v -0.01095000 -0.11272111 0.01264063
v -0.01095000 -0.11622011 0.01306410
v -0.01795000 -0.10399850 0.01213248
v -0.01094953 -0.11547251 -0.01821487
v -0.01095000 -0.11576430 -0.01408791
v -0.01095000 -0.11334550 -0.01221772
v -0.01795000 -0.05938489 0.00288469
v -0.01095000 -0.11443261 0.00685109
v -0.01095000 -0.11826501 0.00639155
v -0.01078667 -0.11648270 -0.01778957
v -0.01974570 -0.07318106 0.04213764
v -0.02448822 -0.07234214 0.04191185
v -0.01901279 -0.07143862 0.04089033
v -0.01795000 -0.05931669 -0.02024353
v -0.01095690 -0.11477311 -0.02113223
v -0.01794524 -0.10430690 -0.00450049
v -0.02448822 -0.07234214 0.04191185
v -0.02461561 -0.07149794 0.04010570
v -0.01901279 -0.07143862 0.04089033
v -0.02449881 -0.11983500 -0.02728709
v -0.01960782 -0.12386561 -0.02140095
v -0.01965156 -0.11854680 -0.02889699
v -0.01901279 -0.07143862 0.04089033
v -0.02461561 -0.07149794 0.04010570
v -0.02253270 -0.07129219 0.03824222
v -0.01795000 -0.06034325 -0.02188839
v -0.02448375 -0.05127441 -0.02742259
v -0.01967317 -0.05100863 -0.02732014
v -0.02452065 -0.04652858 -0.02019728
v -0.01095000 -0.11532001 0.01435734
v -0.01095000 -0.11510781 0.01602397
v -0.01900564 -0.07171400 0.03774207
v -0.01795000 -0.05928387 0.01445285
v -0.03994999 -0.09097676 0.01287866
v -0.03749990 -0.08673299 0.01394107
v -0.02359364 -0.08684674 0.01375641
v -0.02451182 -0.06721865 0.03830847
v -0.02449118 -0.06528129 0.03893869
v -0.01902024 -0.06661996 0.03887937
v -0.02361996 -0.07201300 -0.00298937
v -0.02452065 -0.04652858 -0.02019728
v -0.01967317 -0.05100863 -0.02732014
v -0.01907186 -0.04644875 -0.01962660
v -0.01902024 -0.06661996 0.03887937
v -0.02449118 -0.06528129 0.03893869
v -0.01967285 -0.06475801 0.03863457
v -0.01945000 -0.13049271 -0.00081195
v -0.01945000 -0.12966811 -0.00861251
v -0.01794950 -0.12908831 0.00233535
v -0.01900993 -0.12112050 0.02541591
v -0.02449706 -0.12205861 0.02422543
v -0.01962960 -0.11702801 0.03063519
v -0.01947953 -0.12993281 0.00716483
v -0.01945000 -0.13049271 -0.00081195
v -0.01794950 -0.12908831 0.00233535
v -0.01795000 -0.12819591 -0.00832543
v -0.01795000 -0.12819591 -0.00832543
v -0.01945000 -0.12966811 -0.00861251
v -0.01945000 -0.12750161 -0.01615139
v -0.01948119 -0.12801540 0.01476829
v -0.01947953 -0.12993281 0.00716483
v -0.01795000 -0.12663840 0.01413790
v -0.01794950 -0.12908831 0.00233535
v -0.01794968 -0.12440780 -0.01978274
v -0.01794968 -0.12440780 -0.01978274
v -0.01945000 -0.12750161 -0.01615139
v -0.01945000 -0.12405881 -0.02319951
v -0.01795000 -0.05916384 0.00120880
v -0.01945000 -0.12487080 0.02179317
v -0.01948119 -0.12801540 0.01476829
v -0.01794969 -0.12208911 0.02380405
v -0.01795000 -0.12663840 0.01413790
v -0.01794968 -0.12440780 -0.01978274
v -0.01945000 -0.12405881 -0.02319951
v -0.01947494 -0.11956911 -0.02940543
v -0.02409189 -0.04845333 0.01693544
v -0.01895145 -0.04867879 0.01651433
v -0.02445618 -0.04698123 0.01835392
v -0.01795000 -0.10300960 -0.01956050
v -0.01947011 -0.12044741 0.02835862
v -0.01945000 -0.12487080 0.02179317
v -0.01794969 -0.12208911 0.02380405
v -0.01896146 -0.04683468 0.01875967
v -0.01795000 -0.11831301 -0.02855797
v -0.01945000 -0.11504271 0.03394448
v -0.01947011 -0.12044741 0.02835862
v -0.01795000 -0.11405800 0.03281299
v -0.01794821 -0.05888044 -0.00610448
v -0.01794969 -0.12208911 0.02380405
v -0.01795000 -0.11831301 -0.02855797
v -0.01947494 -0.11956911 -0.02940543
v -0.01946667 -0.11397220 -0.03484133
v -0.02445618 -0.04698123 0.01835392
v -0.01896146 -0.04683468 0.01875967
v -0.02444332 -0.04651942 0.02011693
v -0.01794959 -0.10932171 -0.03657690
v -0.03995000 -0.07185696 -0.00314125
v -0.01945000 -0.11504271 0.03394448
v -0.01795000 -0.11405800 0.03281299
v -0.01795000 -0.10792621 0.03727354
v -0.01813646 -0.10207210 0.00305691
v -0.03994995 -0.07638668 0.01074997
v -0.01945000 -0.10869951 0.03855883
v -0.01794959 -0.10932171 -0.03657690
v -0.01946667 -0.11397220 -0.03484133
v -0.01946639 -0.10748021 -0.03926314
v -0.03774773 -0.08064193 0.01331023
v -0.03994995 -0.07638668 0.01074997
v -0.01945000 -0.10165140 0.04200159
v -0.01945000 -0.10869951 0.03855883
v -0.01794952 -0.09821744 0.04175777
v -0.01953029 -0.04662700 0.02022431
v -0.01795000 -0.10792621 0.03727354
v -0.03749990 -0.08673299 0.01394107
v -0.01794959 -0.10932171 -0.03657690
v -0.01946639 -0.10748021 -0.03926314
v -0.01945000 -0.10012540 -0.04255700
v -0.01895145 -0.04867879 0.01651433
v -0.02409189 -0.04845333 0.01693544
v -0.01895339 -0.04801518 0.01460147
v -0.01795000 -0.09963791 -0.04113842
v -0.03995000 -0.08672844 0.01394601
v -0.01947547 -0.09393452 0.04419908
v -0.01945000 -0.10165140 0.04200159
v -0.01794952 -0.09821744 0.04175777
v -0.01795000 -0.11405800 0.03281299
v -0.01795000 -0.10299930 0.03094518
v -0.01795000 -0.09963791 -0.04113842
v -0.01945000 -0.10012540 -0.04255700
v -0.01948746 -0.09275843 -0.04442261
v -0.01794951 -0.08784157 -0.04358607
v -0.01947500 -0.08621528 0.04499143
v -0.01947547 -0.09393452 0.04419908
v -0.01794798 -0.08365903 0.04363681
v -0.03995000 -0.09914306 0.00314125
v -0.03994996 -0.09624997 0.00911333
v -0.03774773 -0.09881025 0.00485807
v -0.03995000 -0.09914306 0.00314125
v -0.01794952 -0.09821744 0.04175777
v -0.01794951 -0.08784157 -0.04358607
v -0.01948746 -0.09275843 -0.04442261
v -0.01947802 -0.08481356 -0.04500034
v -0.01947500 -0.08621528 0.04499143
v -0.01794798 -0.08365903 0.04363681
v -0.01948322 -0.07824002 0.04442011
v -0.01794951 -0.08784157 -0.04358607
v -0.01947802 -0.08481356 -0.04500034
v -0.01946083 -0.07689894 -0.04417470
v -0.01795000 -0.07717457 -0.04269587
v -0.01948322 -0.07824002 0.04442011
v -0.01794798 -0.08365903 0.04363681
v -0.01795000 -0.07136210 0.04113842
v -0.01795000 -0.05900405 0.02451888
v -0.01945000 -0.07087458 0.04255700
v -0.01795000 -0.07717457 -0.04269587
v -0.01946083 -0.07689894 -0.04417470
v -0.01945000 -0.06934861 -0.04200159
v -0.01794969 -0.06571978 -0.03890903
v -0.01945000 -0.07087458 0.04255700
v -0.01795000 -0.07136210 0.04113842
v -0.01794954 -0.06167593 0.03657567
v -0.01946548 -0.06352701 0.03926665
v -0.01794969 -0.06571978 -0.03890903
v -0.01945000 -0.06934861 -0.04200159
v -0.01945000 -0.06230049 -0.03855883
v -0.01946548 -0.06352701 0.03926665
v -0.01794954 -0.06167593 0.03657567
v -0.01947628 -0.05698178 0.03481377
v -0.01794969 -0.06571978 -0.03890903
v -0.01945000 -0.06230049 -0.03855883
v -0.01945000 -0.05595726 -0.03394448
v -0.01895339 -0.04801518 0.01460147
v -0.02453093 -0.04545649 0.01420989
v -0.01907137 -0.04399055 0.01373614
v -0.01795000 -0.05694202 -0.03281299
v -0.01947628 -0.05698178 0.03481377
v -0.01794954 -0.06167593 0.03657567
v -0.01795000 -0.05268700 0.02855797
v -0.01945000 -0.05155552 0.02954273
v -0.01795000 -0.05694202 -0.03281299
v -0.01945000 -0.05595726 -0.03394448
v -0.01947070 -0.05070596 -0.02853852
v -0.02453093 -0.04545649 0.01420989
v -0.02444841 -0.04407054 0.01365126
v -0.01907137 -0.04399055 0.01373614
v -0.01794954 -0.04892155 -0.02381881
v -0.01945000 -0.05155552 0.02954273
v -0.01795000 -0.05268700 0.02855797
v -0.01794953 -0.04659111 0.01978015
v -0.01795000 -0.05889219 0.00025843
v -0.01945000 -0.04694116 0.02319951
v -0.01794954 -0.04892155 -0.02381881
v -0.01947070 -0.05070596 -0.02853852
v -0.01946547 -0.04623334 -0.02197295
v -0.01795000 -0.10478991 -0.02652556
v -0.01795000 -0.10354970 -0.03062743
v -0.01795000 -0.10289570 -0.02815589
v -0.01945000 -0.04694116 0.02319951
v -0.01794953 -0.04659111 0.01978015
v -0.01945000 -0.04349841 0.01615139
v -0.01794954 -0.04892155 -0.02381881
v -0.01946547 -0.04623334 -0.02197295
v -0.01945000 -0.04294300 -0.01462542
v -0.02444841 -0.04407054 0.01365126
v -0.02449762 -0.04291880 0.01082971
v -0.01907137 -0.04399055 0.01373614
v -0.01795000 -0.04436157 -0.01413790
v -0.01945000 -0.04349841 0.01615139
v -0.01794953 -0.04659111 0.01978015
v -0.01795000 -0.04280413 0.00832543
v -0.01795000 -0.05882609 0.02007236
v -0.01795000 -0.04280413 0.00832543
v -0.01794945 -0.04191426 -0.00234418
v -0.01946019 -0.04132628 0.00860307
v -0.01946019 -0.04132628 0.00860307
v -0.01795000 -0.04436157 -0.01413790
v -0.01945000 -0.04294300 -0.01462542
v -0.01949075 -0.04106863 -0.00722995
v -0.01794945 -0.04191426 -0.00234418
v -0.01794945 -0.04191426 -0.00234418
v -0.01949075 -0.04106863 -0.00722995
v -0.01947010 -0.04050558 0.00074236
v -0.01947010 -0.04050558 0.00074236
v -0.02413513 -0.04718838 -0.01420117
v -0.01898548 -0.04769411 -0.01435201
v -0.02445499 -0.04527593 -0.01426002
v -0.01896966 -0.04471003 -0.01398826
v -0.02445499 -0.04527593 -0.01426002
v -0.01896966 -0.04471003 -0.01398826
v -0.02450024 -0.04369655 -0.01327680
v -0.01792235 -0.10168510 -0.00755245
v -0.01795499 -0.06775412 -0.00131647
v -0.01794996 -0.06324668 -0.00111344
v -0.01094802 -0.06695936 -0.00112816
v -0.01972702 -0.04365268 -0.01317838
v -0.01795112 -0.10245820 0.00488001
v -0.01962960 -0.11702801 0.03063519
v -0.02449706 -0.12205861 0.02422543
v -0.02449370 -0.11713901 0.03037055
v -0.01094802 -0.06695936 -0.00112816
v -0.01794996 -0.06324668 -0.00111344
v -0.01095000 -0.06285028 -0.00117777
v -0.01795000 -0.10268251 -0.01375112
v -0.01795000 -0.05838393 0.01294700
v -0.01795000 -0.10267421 0.02862592
v -0.02413513 -0.04718838 -0.01420117
v -0.01898057 -0.04860531 -0.01597171
v -0.01898548 -0.04769411 -0.01435201
v -0.01795000 -0.10417711 0.02732349
v -0.01902650 -0.06890883 -0.03689897
v -0.01897293 -0.06366386 -0.03090186
v -0.01795000 -0.10264930 0.01404108
v -0.01792016 -0.10246621 -0.00522285
v -0.01795000 -0.05903508 -0.01436655
v -0.01795000 -0.05827886 -0.01264063
v -0.01898057 -0.04860531 -0.01597171
v -0.02449394 -0.04719276 -0.01827397
v -0.01907186 -0.04644875 -0.01962660
v -0.01896853 -0.06463365 -0.02760867
v -0.01980745 -0.04923294 0.02471383
v -0.02449715 -0.04886013 0.02409961
v -0.02444332 -0.04651942 0.02011693
v -0.02449394 -0.04719276 -0.01827397
v -0.02452065 -0.04652858 -0.02019728
v -0.01907186 -0.04644875 -0.01962660
v -0.01795499 -0.06775412 -0.00131647
v -0.01094802 -0.06695936 -0.00112816
v -0.01795000 -0.06327602 -0.00049213
v -0.01095000 -0.06327602 -0.00049213
v -0.01795000 -0.06327602 -0.00049213
v -0.01095000 -0.06327602 -0.00049213
v -0.01795000 -0.05916384 0.00120880
v -0.01795010 -0.10221971 0.03146019
v -0.01095000 -0.05916384 0.00120880
v -0.01795000 -0.05916384 0.00120880
v -0.01095000 -0.05916384 0.00120880
v -0.01795000 -0.05564497 0.00393291
v -0.01095000 -0.05564497 0.00393291
v -0.01795000 -0.05564497 0.00393291
v -0.01095000 -0.05564497 0.00393291
v -0.01795000 -0.05296800 0.00748776
v -0.01095000 -0.05296800 0.00748776
v -0.01795000 -0.05296800 0.00748776
v -0.01095000 -0.05296800 0.00748776
v -0.01795000 -0.05132202 0.01162224
v -0.01094993 -0.05131297 0.01164837
v -0.01095539 -0.06821865 0.00238419
v -0.01795525 -0.06801648 0.00244134
v -0.01795000 -0.06359033 0.00334909
v -0.01795000 -0.10215990 -0.01427169
v -0.01795000 -0.05815617 0.01864621
v -0.01095000 -0.06359033 0.00334909
v -0.01095000 -0.06359033 0.00334909
v -0.01795000 -0.06359033 0.00334909
v -0.01795000 -0.05983706 0.00553289
v -0.01797352 -0.10172900 0.00659072
v -0.01095000 -0.05983706 0.00553289
v -0.01095000 -0.05983706 0.00553289
v -0.01795000 -0.05983706 0.00553289
v -0.01795000 -0.05685184 0.00868638
v -0.01795000 -0.05827336 0.02325995
v -0.01095000 -0.05685184 0.00868638
v -0.01095000 -0.05685184 0.00868638
v -0.01795000 -0.05685184 0.00868638
v -0.01795000 -0.05487693 0.01255364
v -0.01095000 -0.05487693 0.01255364
v -0.01095000 -0.05487693 0.01255364
v -0.01795000 -0.05487693 0.01255364
v -0.01794972 -0.05401774 0.01716074
v -0.01094993 -0.05402530 0.01711841
v -0.01795103 -0.06891188 0.00601991
v -0.01095592 -0.06909208 0.00592503
v -0.01795000 -0.06499723 0.00858972
v -0.01095000 -0.06499723 0.00858972
v -0.01795000 -0.06499723 0.00858972
v -0.01095000 -0.06499723 0.00858972
v -0.01795000 -0.06193238 0.01181617
v -0.01795000 -0.05789168 0.01177101
v -0.01095000 -0.06193238 0.01181617
v -0.01795000 -0.06193238 0.01181617
v -0.01095000 -0.06193238 0.01181617
v -0.01795000 -0.05982574 0.01573602
v -0.01795153 -0.10107271 0.00829908
v -0.01095000 -0.05982574 0.01573602
v -0.01795000 -0.05982574 0.01573602
v -0.01095000 -0.05982574 0.01573602
v -0.01795000 -0.05882609 0.02007236
v -0.01795000 -0.05773431 -0.01148793
v -0.01795000 -0.05721743 -0.00981154
v -0.01899484 -0.06682048 -0.03860541
v -0.02449881 -0.11983500 -0.02728709
v -0.01965156 -0.11854680 -0.02889699
v -0.02449759 -0.11443471 -0.03295384
v -0.02348787 -0.09094696 0.01271468
v -0.01063904 -0.05904483 0.02479746
v -0.01795000 -0.05900405 0.02451888
v -0.01095000 -0.05882609 0.02007236
v -0.01795000 -0.05882609 0.02007236
v -0.01095000 -0.05882609 0.02007236
v -0.01095521 -0.07068228 0.00920713
v -0.01795236 -0.07052526 0.00933778
v -0.01795000 -0.06684672 0.01197101
v -0.01795000 -0.10125680 -0.01558765
v -0.01095000 -0.06684672 0.01197101
v -0.01095000 -0.06684672 0.01197101
v -0.01795000 -0.06684672 0.01197101
v -0.01795000 -0.06430617 0.01549260
v -0.01095000 -0.06430617 0.01549260
v -0.01095000 -0.06430617 0.01549260
v -0.01795000 -0.06430617 0.01549260
v -0.01795000 -0.06286167 0.01958766
v -0.01795000 -0.05816735 -0.01916569
v -0.01795000 -0.05714604 -0.01730950
v -0.01092893 -0.12118921 -0.00007024
v -0.01095160 -0.12124531 -0.00289282
v -0.01095136 -0.12106861 0.00459883
v -0.01083168 -0.12176761 0.00289532
v -0.01095000 -0.06286167 0.01958766
v -0.01095137 -0.11933520 0.01189347
v -0.01095021 -0.11868480 0.01422686
v -0.01095000 -0.11887790 -0.00056035
v -0.01095000 -0.11858160 0.00098720
v -0.01095000 -0.06286167 0.01958766
v -0.01795000 -0.06286167 0.01958766
v -0.01795000 -0.06263046 0.02392385
v -0.01795000 -0.10118590 0.02914309
v -0.01095000 -0.11808551 0.00458752
v -0.01094920 -0.12127370 0.00100201
v -0.01095000 -0.11859941 -0.00404892
v -0.01095000 -0.11765340 0.00784368
v -0.01095000 -0.11738470 0.00976387
v -0.01095000 -0.11803200 -0.00748776
v -0.01095000 -0.11733600 -0.00948877
v -0.01095000 -0.11683320 0.01103614
v -0.01095000 -0.11703431 -0.01084219
v -0.01095000 -0.06263046 0.02392385
v -0.01095000 -0.11552031 0.00236025
v -0.01095000 -0.11550921 0.00047596
v -0.01095000 -0.11553781 -0.00079858
v -0.01095000 -0.11532811 -0.00254027
v -0.01095000 -0.11811680 0.00344277
v -0.01795000 -0.06263046 0.02392385
v -0.01795000 -0.06370434 0.02841239
v -0.01095000 -0.06263046 0.02392385
v -0.01095000 -0.11495231 -0.00577370
v -0.01095000 -0.11471531 -0.00702633
v -0.01095000 -0.11414821 -0.00868638
v -0.01095000 -0.11378261 0.00981154
v -0.01095000 -0.11388491 -0.01005417
v -0.01095136 -0.06373299 0.02850394
v -0.01095000 -0.11175251 -0.00007636
v -0.01095000 -0.11173330 0.00153905
v -0.01095000 -0.11164421 0.00260798
v -0.01095000 -0.11151201 0.00429321
v -0.01095000 -0.11148011 -0.00394880
v -0.01095000 -0.11116291 -0.00553289
v -0.01795525 -0.06801648 0.00244134
v -0.01095539 -0.06821865 0.00238419
v -0.01795000 -0.06365934 0.00413925
v -0.01095595 -0.11003541 -0.02228138
v -0.01095000 -0.10813830 -0.01958766
v -0.01095000 -0.10762720 0.00127938
v -0.01095000 -0.10772400 0.00049213
v -0.01095000 -0.10759691 -0.00105778
v -0.01095000 -0.06365934 0.00413925
v -0.01095000 -0.10745031 0.00280160
v -0.01095000 -0.10755311 -0.00182336
v -0.01095000 -0.10740970 -0.00334909
v -0.01095000 -0.10733400 0.00355955
v -0.01095000 -0.10713601 0.00510200
v -0.01095000 -0.10722670 0.01690256
v -0.01095000 -0.10669381 -0.01549260
v -0.01795000 -0.06365934 0.00413925
v -0.01095000 -0.06365934 0.00413925
v -0.01795000 -0.05999067 0.00665798
v -0.01795000 -0.10091211 -0.03232308
v -0.01795000 -0.05711508 0.01005417
v -0.02449759 -0.11443471 -0.03295384
v -0.01965156 -0.11854680 -0.02889699
v -0.01956925 -0.11324781 -0.03399317
v -0.01095000 -0.10589950 -0.02163082
v -0.01095000 -0.10519381 0.01016871
v -0.01095159 -0.10587890 0.02950995
v -0.01095815 -0.10310120 0.03085820
v -0.01095000 -0.10441311 0.01148739
v -0.01095000 -0.05999067 0.00665798
v -0.01095408 -0.10931621 0.02716200
v -0.01095000 -0.10399850 0.01213248
v -0.01095000 -0.10319030 0.01346107
v -0.01895083 -0.07469892 0.03369906
v -0.02245272 -0.07371371 0.03254839
v -0.01895066 -0.07251319 0.03193102
v -0.01795000 -0.05999067 0.00665798
v -0.01095000 -0.05999067 0.00665798
v -0.01795000 -0.05711508 0.01005417
v -0.01795000 -0.10222400 -0.02038042
v -0.01795000 -0.10255420 -0.02481823
v -0.01795000 -0.10091681 -0.02575071
v -0.01095538 -0.10255230 0.00306544
v -0.01095000 -0.05711508 0.01005417
v -0.01095000 -0.10289570 -0.02815589
v -0.01095000 -0.10376880 -0.01266478
v -0.01095000 -0.10268251 -0.01375112
v -0.01795000 -0.05711508 0.01005417
v -0.01095000 -0.05711508 0.01005417
v -0.01795000 -0.05523569 0.01408791
v -0.01795000 -0.10083071 -0.02133754
v -0.01795000 -0.05686299 -0.02171895
v -0.01095000 -0.05523569 0.01408791
v -0.01095000 -0.10118590 0.02914309
v -0.01795000 -0.05523569 0.01408791
v -0.01095000 -0.05523569 0.01408791
v -0.01090790 -0.05452750 0.01789982
v -0.01095160 -0.10086751 -0.03240258
v -0.01095000 -0.10170370 -0.02918628
v -0.01095609 -0.10031881 -0.00920794
v -0.01095060 -0.10215890 -0.00825533
v -0.01095136 -0.04993136 -0.00459882
v -0.01795000 -0.04999632 -0.00466940
v -0.01795000 -0.04954967 -0.00328399
v -0.01795000 -0.05523569 0.01408791
v -0.01090790 -0.05452750 0.01789982
v -0.01795000 -0.05448530 0.01847427
v -0.01075777 -0.04922703 -0.00288931
v -0.01095000 -0.09975091 -0.03000796
v -0.01095030 -0.09972230 -0.03319445
v -0.01795000 -0.05834586 -0.02378788
v -0.01795000 -0.05132202 0.01162224
v -0.01094993 -0.05131297 0.01164837
v -0.01095146 -0.05113775 0.01026530
v -0.01795024 -0.05116624 0.01017980
v -0.01095592 -0.06909208 0.00592503
v -0.01795103 -0.06891188 0.00601991
v -0.01795000 -0.06476542 0.00783118
v -0.01095099 -0.09872388 0.01356447
v -0.01095000 -0.09982731 -0.02641277
v -0.01095000 -0.09856012 -0.02277351
v 0.01093620 -0.04618212 -0.00081958
v -0.01095000 -0.06476542 0.00783118
v -0.01795000 -0.10073651 -0.01618633
v -0.01095000 -0.09821412 -0.02710204
v -0.01794972 -0.05401774 0.01716074
v -0.01795000 -0.05448530 0.01847427
v -0.01090790 -0.05452750 0.01789982
v -0.01095052 -0.09727266 -0.03399472
v -0.01794972 -0.05401774 0.01716074
v -0.01090790 -0.05452750 0.01789982
v -0.01094993 -0.05402530 0.01711841
v -0.01095000 -0.06476542 0.00783118
v -0.01795000 -0.06476542 0.00783118
v -0.01795000 -0.06154821 0.01074761
v -0.01095136 -0.09930165 0.03310276
v 0.01095413 -0.05220893 0.02045816
v -0.01095000 -0.09882686 0.02996833
v -0.01095000 -0.09713334 0.02758324
v -0.01095000 -0.06154821 0.01074761
v -0.01795752 -0.10048111 -0.00934258
v -0.01795000 -0.05694202 -0.03281299
v -0.01795000 -0.05900405 0.02451888
v -0.01063904 -0.05904483 0.02479746
v -0.01095136 -0.05828235 0.02335546
v -0.01095000 -0.09702151 -0.02782166
v -0.01095000 -0.09605935 -0.02405869
v -0.01795000 -0.05827336 0.02325995
v -0.01095000 -0.06154821 0.01074761
v -0.01795000 -0.06154821 0.01074761
v -0.01795000 -0.05928387 0.01445285
v -0.01095286 -0.09529168 -0.01443781
v -0.01095000 -0.09522600 -0.02839332
v -0.01095000 -0.09504609 0.02798822
v -0.01095142 -0.09379480 -0.03488965
v -0.01095000 -0.05928387 0.01445285
v -0.01095000 -0.09368509 0.02494401
v -0.01095000 -0.09494751 -0.02001026
v -0.01795000 -0.06468081 0.02949189
v -0.01083430 -0.06485920 0.02995660
v -0.01095136 -0.06373299 0.02850394
v -0.01095000 -0.09402269 -0.02881440
v -0.01095056 -0.09595404 0.03442103
v -0.01063698 -0.09374665 0.03530926
v -0.01795000 -0.06370434 0.02841239
v -0.01095000 -0.05928387 0.01445285
v -0.01795000 -0.05928387 0.01445285
v -0.01795000 -0.05815617 0.01864621
v -0.01095000 -0.09230146 -0.02915322
v -0.01095000 -0.05815617 0.01864621
v -0.01794538 -0.05644035 -0.00682103
v -0.02449370 -0.11713901 0.03037055
v -0.02449339 -0.11122490 0.03551358
v -0.01974721 -0.11099850 0.03571410
v -0.01095136 -0.09211760 0.03524890
v -0.01095040 -0.08979251 0.03586819
v -0.01095000 -0.09187752 -0.03273058
v -0.01095000 -0.09188008 0.02512614
v -0.01795000 -0.07126748 0.03317598
v -0.01095045 -0.07127510 0.03318976
v -0.01095158 -0.07013308 0.03240361
v -0.01095000 -0.09160902 0.03265341
v -0.01095000 -0.09248870 -0.02542071
v -0.01095000 -0.09132232 -0.02134229
v -0.01095000 -0.09114425 0.02939919
v -0.01095000 -0.09112094 0.02143958
v -0.01795000 -0.07008792 0.03232308
v -0.01795000 -0.05815617 0.01864621
v -0.01795000 -0.05827336 0.02325995
v -0.01095000 -0.05815617 0.01864621
v -0.01095000 -0.09082651 -0.02572836
v -0.01095000 -0.09098529 -0.02960915
v -0.01095055 -0.08994939 -0.03569781
v -0.01096515 -0.09269597 0.01628634
v -0.01095000 -0.08993975 -0.03279718
v -0.01095136 -0.05828235 0.02335546
v 0.01095702 -0.10589911 0.03355512
v -0.01095000 -0.08954622 0.03313646
v -0.01095000 -0.08952972 0.02156371
v -0.01095000 -0.08943402 0.02978975
v -0.01094988 -0.08877124 -0.03596498
v -0.01095000 -0.08911017 -0.02979500
v -0.01794971 -0.08462050 0.03584480
v -0.01795000 -0.08599183 0.03609666
v -0.01090679 -0.08551266 0.03576928
v -0.01795191 -0.07464885 -0.01391590
v -0.01095161 -0.07479433 -0.01377426
v -0.01795000 -0.07099498 -0.01684494
v -0.01794971 -0.08462050 0.03584480
v -0.01090679 -0.08551266 0.03576928
v -0.01094989 -0.08458136 0.03581284
v -0.01095000 -0.08843165 -0.03325361
v -0.01095000 -0.07099498 -0.01684494
v 0.01090983 -0.11988421 -0.01863931
v -0.01795000 -0.05739829 -0.00883082
v -0.01115246 -0.08834835 -0.00075847
v -0.01095000 -0.08797618 0.03300355
v -0.01095000 -0.08784562 -0.02995671
v -0.01795000 -0.09348600 0.03520560
v -0.01063698 -0.09374665 0.03530926
v -0.01095136 -0.09211760 0.03524890
v -0.01795000 -0.07099498 -0.01684494
v -0.01095000 -0.07099498 -0.01684494
v -0.01795000 -0.06697937 -0.01876273
v -0.01795000 -0.09203039 0.03520893
v -0.01095000 -0.08831248 -0.02205079
v -0.01094991 -0.08703129 -0.01945114
v -0.01095000 -0.06697937 -0.01876273
v -0.01795000 -0.10063121 0.03277589
v -0.01094991 -0.08641851 -0.03581272
v -0.01095065 -0.08856778 0.03584164
v -0.01795000 -0.10063121 0.03277589
v -0.01083445 -0.10112220 0.03285386
v -0.01095136 -0.09930165 0.03310276
v -0.01795000 -0.06697937 -0.01876273
v -0.01095000 -0.06697937 -0.01876273
v -0.01795000 -0.06260037 -0.01955497
v -0.01095000 -0.08705072 -0.02631824
v -0.01095000 -0.08636267 -0.02374526
v -0.01795000 -0.09920804 0.03308179
v -0.01095000 -0.08609153 -0.02993025
v -0.01095000 -0.06260037 -0.01955497
v -0.01795000 -0.05690904 0.01716161
v -0.01094072 -0.08561412 -0.03569705
v -0.01094802 -0.08524507 -0.01736628
v -0.01095000 -0.08631350 -0.03320999
v -0.01795000 -0.10711500 0.02891372
v -0.01095032 -0.10713070 0.02891401
v -0.01095159 -0.10587890 0.02950995
v -0.01795000 -0.06260037 -0.01955497
v -0.01095000 -0.06260037 -0.01955497
v -0.01795000 -0.05816735 -0.01916569
v -0.01095000 -0.08468651 0.03320999
v -0.01095563 -0.08423391 0.01724671
v -0.01795000 -0.10578660 0.02950881
v -0.01095000 -0.05816735 -0.01916569
v -0.00859615 -0.08363768 -0.03635084
v -0.01095065 -0.08243235 -0.03584157
v 0.01091055 -0.06510705 -0.03356065
v 0.01097492 -0.07092472 -0.03288833
v 0.01083513 -0.06730889 -0.03420709
v -0.01795000 -0.11998201 0.01068672
v -0.01071361 -0.12023941 0.01047791
v -0.01095137 -0.11933520 0.01189347
v -0.01795000 -0.05816735 -0.01916569
v -0.01095000 -0.05816735 -0.01916569
v -0.01090660 -0.05451904 -0.01787593
v -0.01795000 -0.11925701 0.01194900
v -0.01095060 -0.08279634 -0.01839519
v -0.01795000 -0.05816735 -0.01916569
v -0.01090660 -0.05451904 -0.01787593
v -0.01795000 -0.05399346 -0.01762239
v -0.01795000 -0.12145031 0.00328399
v -0.01083168 -0.12176761 0.00289532
v -0.01095136 -0.12106861 0.00459883
v -0.01795000 -0.12100371 0.00466941
v -0.01095136 -0.07888240 -0.03524890
v -0.01095316 -0.07216440 -0.01124745
v -0.01795159 -0.07199224 -0.01135599
v -0.01795000 -0.06835073 -0.01404108
v -0.01095000 -0.07967768 0.02134229
v -0.01795000 -0.12134751 -0.00426227
v -0.01095029 -0.12135781 -0.00427935
v -0.01095160 -0.12124531 -0.00289282
v -0.01095000 -0.06835073 -0.01404108
v -0.01795000 -0.12119871 -0.00281426
v -0.01095285 -0.07789222 -0.01569890
v -0.01095000 -0.07766568 -0.02068855
v -0.01095000 -0.06835073 -0.01404108
v -0.01795000 -0.06835073 -0.01404108
v -0.01795000 -0.06421640 -0.01536906
v 0.01213934 -0.05778254 -0.01601537
v 0.01105645 -0.05981043 -0.02102130
v 0.01183670 -0.05544785 -0.01126659
v -0.01812292 -0.09946733 0.00955525
v -0.01795000 -0.05685184 0.00868638
v -0.01962960 -0.11702801 0.03063519
v -0.02449370 -0.11713901 0.03037055
v -0.01974721 -0.11099850 0.03571410
v -0.01095000 -0.07695109 -0.02041034
v -0.01098341 -0.08271471 0.00584269
v -0.01099289 -0.08420008 0.00267101
v 0.01106788 -0.06365227 0.02458642
v -0.01095000 -0.06421640 -0.01536906
v -0.01095060 -0.07687500 0.01647062
v -0.01094065 -0.07548494 0.00964297
v -0.01022863 -0.07452845 -0.03443370
v -0.01095318 -0.07638742 -0.01469650
v -0.01095000 -0.07621206 -0.02467364
v -0.01095142 -0.11986271 -0.01026133
v -0.01795000 -0.11983351 -0.01017494
v -0.01795000 -0.11967801 -0.01162224
v -0.01095000 -0.06421640 -0.01536906
v -0.01795000 -0.06421640 -0.01536906
v -0.01795000 -0.05987540 -0.01547740
v -0.01094993 -0.11968471 -0.01164174
v -0.01095000 -0.05987540 -0.01547740
v -0.01094993 -0.11697471 -0.01711841
v -0.01794972 -0.11698231 -0.01716075
v -0.01078667 -0.11648270 -0.01778957
v -0.01095000 -0.05987540 -0.01547740
v -0.01795000 -0.05987540 -0.01547740
v -0.01795000 -0.05567999 -0.01435734
v -0.01794771 -0.05752176 -0.00063315
v -0.01078667 -0.11648270 -0.01778957
v -0.01794972 -0.11698231 -0.01716075
v -0.01795000 -0.11651471 -0.01847427
v -0.01095152 -0.07426229 0.03431796
v -0.01095045 -0.07127510 0.03318976
v -0.01094985 -0.07195942 0.03235669
v -0.01095000 -0.05567999 -0.01435734
v 0.01105169 -0.09143071 0.03246845
v 0.01206839 -0.08516983 0.03210482
v 0.01110242 -0.07982985 0.03238185
v -0.01095000 -0.05567999 -0.01435734
v -0.01795000 -0.05567999 -0.01435734
v -0.01795000 -0.05174298 -0.01194900
v -0.01095137 -0.10726700 -0.02850395
v -0.01795000 -0.10729571 -0.02841240
v -0.01795000 -0.10631920 -0.02949189
v -0.01082414 -0.10614261 -0.02995898
v -0.01095136 -0.05166477 -0.01189347
v 0.01105169 -0.09143071 0.03246845
v 0.01198881 -0.09790580 0.02961933
v 0.01212577 -0.09182280 0.03139723
v -0.01795108 -0.07777964 -0.01586728
v -0.01095285 -0.07789222 -0.01569890
v -0.01795000 -0.07481421 -0.01949259
v 0.01105907 -0.10215790 0.02852138
v 0.01198881 -0.09790580 0.02961933
v 0.01105169 -0.09143071 0.03246845
v -0.01095160 -0.10086751 -0.03240258
v -0.01795000 -0.10091211 -0.03232308
v -0.01795000 -0.09973253 -0.03317598
v -0.01095000 -0.06978953 -0.02561420
v -0.01095030 -0.09972230 -0.03319445
v -0.01095000 -0.07481421 -0.01949259
v 0.01105907 -0.10215790 0.02852138
v 0.01214965 -0.10419410 0.02599012
v 0.01198881 -0.09790580 0.02961933
v -0.01095000 -0.07015396 0.02625150
v -0.01095000 -0.06929634 0.02918628
v 0.01107444 -0.09966250 -0.02966631
v -0.01095592 -0.06909208 0.00592503
v 0.01214965 -0.10419410 0.02599012
v -0.01795000 -0.07481421 -0.01949259
v -0.01095000 -0.07481421 -0.01949259
v -0.01795000 -0.07128508 -0.02220338
v -0.01095000 -0.06974325 0.01558765
v -0.01095000 -0.07002917 0.02243432
v -0.01095142 -0.09379480 -0.03488965
v -0.01795000 -0.09385498 -0.03482110
v -0.01795000 -0.09252385 -0.03541011
v -0.01095567 -0.06867553 0.00413524
v -0.01095158 -0.07013308 0.03240361
v -0.01094993 -0.09251033 -0.03542572
v -0.01095000 -0.07128508 -0.02220338
v -0.01095000 -0.06844581 0.02481823
v -0.01095000 -0.06838600 -0.02456177
v -0.01095000 -0.06832579 -0.02862592
v -0.01095508 -0.06818315 0.00054691
v -0.01095539 -0.06821865 0.00238419
v -0.01795000 -0.07128508 -0.02220338
v -0.01095000 -0.07128508 -0.02220338
v -0.01795000 -0.06716650 -0.02388875
v -0.01795029 -0.09869848 0.01357746
v -0.01794999 -0.05658279 0.02165822
v 0.01213933 -0.11321750 0.01601536
v -0.01094991 -0.08641851 -0.03581272
v -0.01794972 -0.08637951 -0.03584480
v -0.01094072 -0.08561412 -0.03569705
v 0.01188501 -0.11586120 -0.01026734
v 0.01104126 -0.11628570 -0.01213769
v 0.01211423 -0.11304860 -0.01649709
v -0.01094072 -0.08561412 -0.03569705
v -0.01794972 -0.08637951 -0.03584480
v -0.01795000 -0.08500818 -0.03609666
v -0.01095000 -0.06716650 -0.02388875
v 0.01106624 -0.11849351 -0.00150569
v 0.01104126 -0.11628570 -0.01213769
v 0.01188501 -0.11586120 -0.01026734
v -0.01795000 -0.06716650 -0.02388875
v -0.01095000 -0.06716650 -0.02388875
v -0.01795000 -0.06274942 -0.02442965
v -0.01795000 -0.09920804 0.03308179
v 0.01106624 -0.11849351 -0.00150569
v -0.01095025 -0.06713335 -0.00310277
v -0.01095000 -0.06723117 0.01266478
v -0.01095000 -0.06831749 0.01375112
v -0.01095000 -0.06693016 0.01808837
v -0.01095000 -0.06799041 0.01956050
v -0.01095000 -0.06663781 -0.02734561
v -0.01095000 -0.06658690 -0.01148739
v -0.01095136 -0.07888240 -0.03524890
v -0.01795000 -0.07896962 -0.03520893
v -0.01795000 -0.07751400 -0.03520560
v -0.01095000 -0.06274942 -0.02442965
v -0.01095000 -0.06621010 0.02652556
v -0.01095000 -0.06603453 0.02226125
v -0.01095000 -0.07751400 -0.03520560
v -0.01095000 -0.06580616 -0.01016871
v -0.01095000 -0.06544384 -0.02664046
v -0.01795000 -0.06274942 -0.02442965
v -0.01095000 -0.06274942 -0.02442965
v -0.01795000 -0.05834586 -0.02378788
v -0.01795000 -0.10170370 -0.02918628
v -0.01795000 -0.09975091 -0.03000796
v -0.01953029 -0.04662700 0.02022431
v -0.03745000 -0.08864125 -0.01364304
v -0.02371836 -0.08858751 -0.01344981
v -0.03745000 -0.07185696 -0.00314125
v -0.02361996 -0.07201300 -0.00298937
v -0.01095000 -0.06490412 0.01645794
v -0.01095000 -0.06523436 0.02592609
v -0.01094919 -0.06674538 0.03047997
v -0.01095000 -0.06430787 0.00636862
v -0.01095029 -0.06386507 -0.02891409
v -0.01095160 -0.06512207 -0.02950997
v -0.01795000 -0.06521344 -0.02950881
v -0.01795000 -0.06388501 -0.02891372
v -0.01094993 -0.05832559 -0.02378400
v -0.01095000 -0.06365934 0.00413925
v -0.01095000 -0.06358225 0.02517955
v -0.01095029 -0.06386507 -0.02891409
v -0.01095000 -0.06344686 0.00182336
v -0.01095000 -0.06359033 0.00334909
v -0.01095161 -0.07479433 -0.01377426
v -0.01795191 -0.07464885 -0.01391590
v -0.01795000 -0.07164477 -0.01729979
v -0.01095000 -0.06267686 -0.01301631
v -0.01095000 -0.06216063 -0.01207605
v -0.01095054 -0.06194701 -0.02719287
v -0.01095000 -0.06281597 0.01325726
v -0.01095000 -0.06193238 0.01181617
v -0.01095142 -0.05943205 -0.02462833
v -0.01795000 -0.05952151 -0.02464616
v -0.01795000 -0.05834586 -0.02378788
v -0.01095000 -0.07164477 -0.01729979
v -0.01095000 -0.06286167 0.01958766
v -0.01094993 -0.05832559 -0.02378400
v -0.01095000 -0.06072954 -0.01700970
v -0.01095000 -0.06034325 -0.02188839
v -0.01095000 -0.07164477 -0.01729979
v -0.01795000 -0.07164477 -0.01729979
v -0.01795000 -0.06787691 -0.01945831
v -0.01795000 -0.09963791 -0.04113842
v -0.01095000 -0.05987540 -0.01547740
v -0.01095000 -0.05982574 0.01573602
v -0.01095000 -0.05951993 0.00394880
v -0.01095000 -0.05931669 -0.02024353
v -0.01095056 -0.06091732 0.02626298
v -0.01062584 -0.05487080 -0.01870195
v -0.01794972 -0.05489722 -0.01868407
v -0.01090660 -0.05451904 -0.01787593
v -0.01095000 -0.06787691 -0.01945831
v -0.01095000 -0.05889219 0.00025843
v -0.01095000 -0.05831842 -0.00108112
v -0.01090660 -0.05451904 -0.01787593
v -0.01794972 -0.05489722 -0.01868407
v -0.01795000 -0.05399346 -0.01762239
v 0.01195499 -0.05356535 0.00366962
v 0.01726980 -0.05391047 0.00488518
v 0.01724961 -0.05350955 0.00065946
v -0.01095000 -0.05739829 -0.00883082
v -0.01095000 -0.05938294 -0.00778105
v -0.01095000 -0.06787691 -0.01945831
v -0.01795000 -0.06787691 -0.01945831
v -0.01795000 -0.06365330 -0.02046684
v 0.01711032 -0.05539871 -0.01111441
v 0.01183670 -0.05544785 -0.01126659
v 0.01723442 -0.05386009 -0.00490012
v -0.01095055 -0.05680948 -0.02170219
v 0.01202453 -0.05797415 0.01655056
v 0.01724969 -0.05813675 0.01655800
v 0.01727232 -0.05574651 0.01162902
v -0.01095000 -0.05634212 -0.01617969
v -0.01094988 -0.05598902 -0.02081547
v 0.01209943 -0.06212161 0.02188922
v 0.01723520 -0.06139463 0.02107877
v 0.01202453 -0.05797415 0.01655056
v -0.01095000 -0.06365330 -0.02046684
v -0.01095000 -0.05547804 0.00272268
v -0.01095364 -0.05252688 0.00364193
v 0.01212032 -0.06606552 0.02546888
v 0.01721127 -0.06541962 0.02495275
v 0.01209943 -0.06212161 0.02188922
v -0.01095000 -0.05633256 0.01590049
v -0.01095065 -0.05599411 0.02057758
v -0.01090790 -0.05452750 0.01789982
v -0.01095136 -0.05166477 -0.01189347
v -0.01795000 -0.05174298 -0.01194900
v -0.01795000 -0.05101805 -0.01068672
v -0.01062584 -0.05487080 -0.01870195
v -0.01063733 -0.05079660 -0.01051179
v -0.01095000 -0.06365330 -0.02046684
v -0.01795000 -0.06365330 -0.02046684
v -0.01795000 -0.05931669 -0.02024353
v 0.01711614 -0.08007489 -0.03162591
v 0.01212959 -0.07917492 -0.03139705
v 0.01722052 -0.07393802 -0.02986979
v -0.01095000 -0.05416680 -0.01103614
v 0.01206839 -0.08516983 0.03210482
v 0.01726412 -0.08556163 0.03215083
v 0.01726195 -0.08067283 0.03158886
v 0.01212577 -0.09182280 0.03139723
v 0.01711616 -0.09092514 0.03162593
v 0.01206839 -0.08516983 0.03210482
v -0.01095000 -0.05931669 -0.02024353
v -0.01095000 -0.05579115 -0.00648280
v 0.01198881 -0.09790580 0.02961933
v 0.01721934 -0.09706264 0.02986979
v 0.01212577 -0.09182280 0.03139723
v 0.01726301 -0.09705472 -0.02983440
v 0.01220533 -0.09932550 -0.02893714
v 0.01726437 -0.09576780 -0.03027644
v 0.01721127 -0.10558040 -0.02495276
v -0.01095000 -0.05931669 -0.02024353
v -0.01795000 -0.05931669 -0.02024353
v -0.01794972 -0.05489722 -0.01868407
v -0.01095055 -0.05236008 0.01399567
v 0.01214989 -0.10945701 0.02140301
v 0.01723316 -0.10957911 0.02104353
v 0.01726197 -0.10658651 0.02403310
v 0.01214989 -0.10945701 0.02140301
v 0.01727977 -0.11044851 0.01993363
v 0.01723316 -0.10957911 0.02104353
v -0.01095056 -0.05046426 -0.00815775
v 0.01214989 -0.10945701 0.02140301
v 0.01723872 -0.11352180 0.01546086
v 0.01727977 -0.11044851 0.01993363
v 0.01213933 -0.11321750 0.01601536
v 0.01711771 -0.11559830 0.01111759
v 0.01723872 -0.11352180 0.01546086
v -0.01062584 -0.05487080 -0.01870195
v 0.01727344 -0.11525251 -0.01162985
v 0.01188501 -0.11586120 -0.01026734
v 0.01211423 -0.11304860 -0.01649709
v -0.01095136 -0.04993136 -0.00459882
v -0.01095499 -0.04983668 -0.00093236
v 0.01726904 -0.11708821 -0.00488302
v 0.01214042 -0.11737691 -0.00392667
v 0.01726094 -0.11686541 -0.00623294
v -0.01795159 -0.07199224 -0.01135599
v -0.01095316 -0.07216440 -0.01124745
v -0.01795000 -0.06780970 -0.01346107
v -0.01795000 -0.05633256 0.01590049
v -0.01095000 -0.06780970 -0.01346107
v -0.01795000 -0.06780970 -0.01346107
v -0.01095000 -0.06780970 -0.01346107
v -0.01795000 -0.06348309 -0.01450206
v -0.01095000 -0.06348309 -0.01450206
v -0.01795000 -0.06348309 -0.01450206
v -0.01095000 -0.06348309 -0.01450206
v -0.01795000 -0.05903508 -0.01436655
v -0.01795000 -0.05628465 0.00702633
v -0.01896361 -0.06047809 -0.03032874
v -0.01095000 -0.05903508 -0.01436655
v -0.01795000 -0.05903508 -0.01436655
v -0.01095000 -0.05903508 -0.01436655
v -0.01795000 -0.05477987 -0.01306410
v -0.01092192 -0.06760636 -0.03087169
v -0.01095029 -0.06386507 -0.02891409
v -0.00960540 -0.05961083 -0.02572025
v -0.00960540 -0.05961083 -0.02572025
v -0.01095029 -0.06386507 -0.02891409
v -0.01095031 -0.06097061 -0.02649679
v -0.01095031 -0.06097061 -0.02649679
v -0.01094993 -0.05832559 -0.02378400
v -0.00960540 -0.05961083 -0.02572025
v -0.01095000 -0.05477987 -0.01306410
v -0.01094993 -0.05832559 -0.02378400
v -0.01094988 -0.05598902 -0.02081547
v -0.01062584 -0.05487080 -0.01870195
v -0.01795000 -0.05477987 -0.01306410
v -0.01095000 -0.05477987 -0.01306410
v -0.01795000 -0.05101805 -0.01068672
v -0.01797739 -0.09932670 -0.01076307
v -0.01795000 -0.05599472 0.02052395
v -0.01063733 -0.05079660 -0.01051179
v -0.01095013 -0.05006513 -0.00700529
v -0.01075777 -0.04922703 -0.00288931
v 0.01725839 -0.10206961 0.02736613
v 0.01732999 -0.10071740 0.02798337
v 0.01721934 -0.09706264 0.02986979
v -0.00859615 -0.08363768 -0.03635084
v -0.01095039 -0.08120674 -0.03586868
v -0.01095000 -0.07751400 -0.03520560
v -0.01063733 -0.05079660 -0.01051179
v -0.00859615 -0.08363768 -0.03635084
v -0.01095000 -0.07751400 -0.03520560
v -0.01022863 -0.07452845 -0.03443370
v -0.01794993 -0.07428221 -0.03434543
v -0.01092920 -0.10328560 -0.03094062
v -0.01095030 -0.09972230 -0.03319445
v -0.00947082 -0.09520116 -0.03514256
v -0.01095052 -0.09618548 -0.03448650
v -0.01094993 -0.09251033 -0.03542572
v -0.00947082 -0.09520116 -0.03514256
v -0.01095866 -0.06997593 -0.00825303
v -0.01795033 -0.06986779 -0.00829787
v -0.01795000 -0.06580616 -0.01016871
v -0.00947082 -0.09520116 -0.03514256
v -0.01094993 -0.09251033 -0.03542572
v 0.00131667 -0.08719932 -0.03631640
v -0.01094993 -0.09251033 -0.03542572
v -0.01094988 -0.08877124 -0.03596498
v 0.00131667 -0.08719932 -0.03631640
v -0.01078667 -0.11648270 -0.01778957
v -0.01095690 -0.11477311 -0.02113223
v -0.01000000 -0.11289120 -0.02351457
v 0.01723166 -0.07006218 0.02803501
v 0.01733029 -0.06887358 0.02716864
v 0.01721127 -0.06541962 0.02495275
v -0.01000000 -0.11289120 -0.02351457
v -0.01795001 -0.11452260 -0.02164097
v -0.01795000 -0.10928770 -0.02715429
v -0.01084049 -0.10926301 -0.02738254
v -0.01095000 -0.06580616 -0.01016871
v -0.01092893 -0.12118921 -0.00007024
v -0.01095029 -0.12135781 -0.00427935
v -0.00947538 -0.12077901 -0.00919898
v 0.01723520 -0.06139463 0.02107877
v 0.01732002 -0.06058425 0.01983411
v 0.01724969 -0.05813675 0.01655800
v -0.00947538 -0.12077901 -0.00919898
v -0.01095029 -0.12135781 -0.00427935
v -0.01095031 -0.12071161 -0.00799468
v -0.01095031 -0.12071161 -0.00799468
v -0.01094993 -0.11968471 -0.01164174
v -0.00947538 -0.12077901 -0.00919898
v -0.01094993 -0.11968471 -0.01164174
v -0.01094988 -0.11828221 -0.01514951
v -0.00457010 -0.11793670 -0.01662356
v -0.01094988 -0.11828221 -0.01514951
v -0.01094993 -0.11697471 -0.01711841
v -0.00457010 -0.11793670 -0.01662356
v -0.01095000 -0.06580616 -0.01016871
v -0.01795000 -0.06580616 -0.01016871
v -0.01795000 -0.06148609 -0.01060809
v -0.01795000 -0.05604766 0.00577370
v 0.01733019 -0.05365708 -0.00081320
v 0.01723442 -0.05386009 -0.00490012
v 0.01724961 -0.05350955 0.00065946
v -0.01095013 -0.12093490 0.00700530
v -0.01083168 -0.12176761 0.00289532
v -0.01071361 -0.12023941 0.01047791
v -0.01095021 -0.11868480 0.01422686
v -0.01071361 -0.12023941 0.01047791
v -0.00906543 -0.11774131 0.01667676
v -0.01795000 -0.11736890 0.01694744
v -0.01795000 -0.11613601 0.01909568
v -0.00699002 -0.11610611 0.01940716
v -0.00849158 -0.11157570 0.02525360
v -0.01795000 -0.11289110 0.02351458
v -0.01095000 -0.06148609 -0.01060809
v -0.01795001 -0.10927260 0.02717579
v 0.01732231 -0.05833797 -0.01662810
v 0.01727981 -0.06055147 -0.01993359
v 0.01723863 -0.05747821 -0.01546106
v -0.01095032 -0.10713070 0.02891401
v -0.01095408 -0.10931621 0.02716200
v -0.00955067 -0.10573391 0.03050058
v -0.01095408 -0.10931621 0.02716200
v -0.00849158 -0.11157570 0.02525360
v -0.00955067 -0.10573391 0.03050058
v -0.01095032 -0.10713070 0.02891401
v -0.00955067 -0.10573391 0.03050058
v -0.01095815 -0.10310120 0.03085820
v -0.01095022 -0.09714589 0.03418791
v -0.01083445 -0.10112220 0.03285386
v -0.01063698 -0.09374665 0.03530926
v -0.01095000 -0.06148609 -0.01060809
v -0.01795000 -0.06148609 -0.01060809
v -0.01795000 -0.05721743 -0.00981154
v 0.01733033 -0.07028383 -0.02798324
v 0.01722052 -0.07393802 -0.02986979
v 0.01723676 -0.06890129 -0.02735594
v -0.01095040 -0.08979251 0.03586819
v -0.01063698 -0.09374665 0.03530926
v -0.01090679 -0.08551266 0.03576928
v -0.01094989 -0.08458136 0.03581284
v -0.00918196 -0.08385820 0.03631645
v -0.01095000 -0.08221624 0.03595034
v -0.01095000 -0.08221624 0.03595034
v -0.01095000 -0.08221624 0.03595034
v -0.00918196 -0.08385820 0.03631645
v -0.00868030 -0.07621460 0.03516502
v -0.01795000 -0.07431106 0.03432550
v -0.01095045 -0.07127510 0.03318976
v -0.01095152 -0.07426229 0.03431796
v -0.00958263 -0.06909398 0.03256656
v -0.01095152 -0.07426229 0.03431796
v -0.00868030 -0.07621460 0.03516502
v -0.00958263 -0.06909398 0.03256656
v -0.01095000 -0.05721743 -0.00981154
v -0.01095000 -0.05721743 -0.00981154
v -0.01795000 -0.05721743 -0.00981154
v -0.01795000 -0.05334657 -0.00784368
v 0.01733029 -0.10212641 -0.02716864
v 0.01721127 -0.10558040 -0.02495276
v 0.01723166 -0.10093780 -0.02803501
v -0.01795000 -0.09949965 -0.01712900
v -0.01094993 -0.05131297 0.01164837
v -0.01070545 -0.05263536 0.01553850
v -0.01065478 -0.05028804 0.00797873
v -0.01794757 -0.04941963 0.00142341
v -0.01794919 -0.05023610 0.00808707
v -0.00974081 -0.04927458 0.00167417
v -0.01065478 -0.05028804 0.00797873
v 0.01732135 -0.11348180 -0.01521408
v 0.01727344 -0.11525251 -0.01162985
v 0.01724971 -0.11286330 -0.01655800
v -0.01095000 -0.05334657 -0.00784368
v -0.00851312 -0.05487509 -0.01898654
v -0.01095000 -0.05334657 -0.00784368
v -0.01795000 -0.05334657 -0.00784368
v -0.01795000 -0.04999632 -0.00466940
v -0.00847494 -0.10254001 -0.03174698
v -0.00947082 -0.09520116 -0.03514256
v -0.00749500 -0.09534208 -0.03511280
v -0.00749500 -0.09534208 -0.03511280
v -0.00847499 -0.12151630 -0.00111848
v -0.00947538 -0.12077901 -0.00919898
v -0.00699362 -0.12076681 -0.00902624
v -0.01095136 -0.04993136 -0.00459882
v -0.00699362 -0.12076681 -0.00902624
v -0.01083445 -0.10112220 0.03285386
v -0.01795000 -0.10063121 0.03277589
v -0.01095000 -0.09634726 0.03157110
v -0.01795000 -0.05567999 -0.01435734
v -0.02449759 -0.11443471 -0.03295384
v -0.01956925 -0.11324781 -0.03399317
v -0.02445585 -0.10604361 -0.03892271
v -0.01795000 -0.09634726 0.03157110
v -0.00988582 -0.05024616 0.00977241
v -0.00802095 -0.05362423 0.01696991
v -0.00801155 -0.05026483 0.00918190
v -0.00988582 -0.05024616 0.00977241
v -0.00801155 -0.05026483 0.00918190
v -0.00974081 -0.04927458 0.00167417
v -0.01795000 -0.10496550 -0.02226125
v -0.01795000 -0.10496550 -0.02226125
v -0.01795000 -0.10406991 -0.01808837
v -0.01095000 -0.10406991 -0.01808837
v -0.01095000 -0.10496550 -0.02226125
v -0.01795000 -0.10478991 -0.02652556
v -0.01795000 -0.10406991 -0.01808837
v -0.01795000 -0.10215990 -0.01427169
v -0.01095000 -0.10215990 -0.01427169
v -0.01095000 -0.10406991 -0.01808837
v -0.01797739 -0.09932670 -0.01076307
v -0.01095000 -0.09634726 0.03157110
v -0.01795000 -0.09634726 0.03157110
v -0.01095000 -0.09253206 0.02928037
v -0.01795343 -0.09900943 0.01135710
v -0.01794984 -0.07269152 -0.02978009
v -0.01095000 -0.07265343 -0.02979061
v -0.01795000 -0.06802996 -0.03093781
v -0.01092192 -0.06760636 -0.03087169
v -0.01795000 -0.11811680 0.00344277
v -0.01795000 -0.11811680 0.00344277
v -0.01795000 -0.11451150 0.00572696
v -0.01095000 -0.11451150 0.00572696
v -0.01095000 -0.11811680 0.00344277
v -0.01795000 -0.11044990 0.00703777
v -0.01795000 -0.11044990 0.00703777
v -0.01795000 -0.10618960 0.00729201
v -0.01095000 -0.10618960 0.00729201
v -0.01095000 -0.11044990 0.00703777
v -0.01797352 -0.10172900 0.00659072
v -0.01797766 -0.07167302 0.01076335
v -0.01095190 -0.07180571 0.01062800
v -0.01795000 -0.06884015 0.01427169
v -0.01095000 -0.06884015 0.01427169
v -0.01795000 -0.06884015 0.01427169
v -0.01795000 -0.09253206 0.02928037
v -0.01795000 -0.06745035 0.03062743
v -0.01795000 -0.06621010 0.02652556
v -0.01095000 -0.06621010 0.02652556
v -0.01095790 -0.06757611 0.03067117
v -0.01795000 -0.06693016 0.01808837
v -0.01795000 -0.06621010 0.02652556
v -0.01795000 -0.06603453 0.02226125
v -0.01095000 -0.06603453 0.02226125
v -0.01095000 -0.06621010 0.02652556
v -0.01795000 -0.09882686 0.02996833
v -0.01795000 -0.09882686 0.02996833
v -0.01795000 -0.09504609 0.02798822
v -0.01095000 -0.09504609 0.02798822
v -0.01095000 -0.09882686 0.02996833
v -0.01795000 -0.09188008 0.02512614
v -0.01795000 -0.09188008 0.02512614
v -0.01795000 -0.08952972 0.02156371
v -0.01095000 -0.08952972 0.02156371
v -0.01095000 -0.09188008 0.02512614
v -0.01797048 -0.08791346 0.01737712
v -0.01095000 -0.09253206 0.02928037
v -0.01795000 -0.09253206 0.02928037
v -0.01095000 -0.08945507 0.02606553
v 0.01726197 -0.10658651 0.02403310
v 0.02453155 -0.10604091 0.02474538
v -0.01795000 -0.05634212 -0.01617969
v -0.00828636 -0.05028296 -0.00914515
v -0.00809722 -0.04941856 -0.00126066
v -0.00754776 -0.04897339 -0.00226671
v 0.01754543 -0.10714601 0.02162980
v 0.02447687 -0.10709761 0.02154816
v 0.01726197 -0.10658651 0.02403310
v 0.01727977 -0.11044851 0.01993363
v 0.02452654 -0.11005900 0.02068033
v 0.01723316 -0.10957911 0.02104353
v -0.00756784 -0.05498580 -0.02036343
v -0.00752575 -0.05945742 -0.02550441
v -0.00851312 -0.05487509 -0.01898654
v -0.01795000 -0.08945507 0.02606553
v -0.00757096 -0.06925708 -0.03289436
v -0.00948366 -0.07634768 -0.03522151
v -0.00898728 -0.06864131 -0.03197035
v -0.00743666 -0.10174491 -0.03289099
v -0.00847494 -0.10254001 -0.03174698
v -0.00749500 -0.09534208 -0.03511280
v -0.00748774 -0.11601600 -0.02034785
v -0.00859674 -0.11613750 -0.01894877
v -0.00843860 -0.11114981 -0.02571240
v -0.01095000 -0.08945507 0.02606553
v -0.01795000 -0.08945507 0.02606553
v -0.01095000 -0.08733361 0.02215368
v -0.00754372 -0.10558001 -0.03056814
v -0.00809246 -0.10462641 -0.03062066
v -0.00809054 -0.12158060 0.00125242
v -0.00756051 -0.12211631 0.00239456
v -0.00842615 -0.12059740 0.00937173
v -0.01795000 -0.08733361 0.02215368
v -0.00809292 -0.10245481 0.03187449
v -0.00756043 -0.10173440 0.03290887
v -0.00839550 -0.09502408 0.03505593
v -0.00743865 -0.08787514 0.03660616
v -0.00847022 -0.08660705 0.03601649
v 0.01770035 -0.09346302 0.02953917
v 0.02448912 -0.09351465 0.02949832
v 0.02448674 -0.09123976 0.03158467
v -0.01095000 -0.08733361 0.02215368
v -0.01795000 -0.08733361 0.02215368
v -0.01095546 -0.08606475 0.01743604
v -0.01795000 -0.05564497 0.00393291
v 0.01726412 -0.08556163 0.03215083
v 0.02451681 -0.08553659 0.03208197
v 0.02448177 -0.08286761 0.03039816
v -0.00743675 -0.12210641 -0.00237652
v -0.00847499 -0.12151630 -0.00111848
v -0.00699362 -0.12076681 -0.00902624
v 0.01711616 -0.09092514 0.03162593
v 0.01754801 -0.08817234 0.03048805
v -0.01795102 -0.08609904 0.01763536
v -0.00859615 -0.08363768 -0.03635084
v -0.00948366 -0.07634768 -0.03522151
v -0.00631360 -0.07628643 -0.03514828
v 0.01726195 -0.08067283 0.03158886
v 0.02452678 -0.07987278 0.03160847
v 0.01724445 -0.07929715 0.03135623
v 0.01754513 -0.08283333 0.03048903
v 0.02448177 -0.08286761 0.03039816
v 0.01726195 -0.08067283 0.03158886
v -0.00748774 -0.11601600 -0.02034785
v -0.00843860 -0.11114981 -0.02571240
v -0.00652006 -0.11123281 -0.02565042
v -0.01795000 -0.10118590 0.02914309
v -0.01795000 -0.10578660 0.02950881
v -0.01095000 -0.10118590 0.02914309
v -0.00842615 -0.12059740 0.00937173
v -0.00756051 -0.12211631 0.00239456
v -0.00635778 -0.12054481 0.00960450
v -0.00849158 -0.11157570 0.02525360
v -0.00699002 -0.11610611 0.01940716
v -0.00649197 -0.11114780 0.02573696
v -0.00839550 -0.09502408 0.03505593
v -0.00756043 -0.10173440 0.03290887
v -0.00648665 -0.09496116 0.03507941
v -0.01095159 -0.10587890 0.02950995
v -0.00839779 -0.05989453 0.02578253
v -0.00750098 -0.06529499 0.03058786
v -0.00647574 -0.05975682 0.02563984
v -0.00801155 -0.05026483 0.00918190
v -0.00756309 -0.05260331 0.01624080
v -0.00631591 -0.05035301 0.00920596
v 0.01723166 -0.07006218 0.02803501
v 0.02448247 -0.07263646 0.02766520
v 0.02449845 -0.06945470 0.02786483
v -0.01795000 -0.09713334 0.02758324
v -0.01795000 -0.10118590 0.02914309
v -0.01095000 -0.09713334 0.02758324
v -0.01795000 -0.05547804 0.00272268
v 0.01731074 -0.06440454 0.02385314
v 0.02454452 -0.06501660 0.02467066
v 0.02448177 -0.06393569 0.02158193
v -0.00752575 -0.05945742 -0.02550441
v -0.00756784 -0.05498580 -0.02036343
v -0.00650886 -0.05486161 -0.01897262
v 0.01733029 -0.06887358 0.02716864
v 0.01755259 -0.06793960 0.02506299
v 0.01721127 -0.06541962 0.02495275
v -0.01095000 -0.10118590 0.02914309
v -0.00631360 -0.07628643 -0.03514828
v -0.00757096 -0.06925708 -0.03289436
v -0.00650775 -0.06846337 -0.03175398
v 0.02448060 -0.06052319 0.01752862
v 0.01732002 -0.06058425 0.01983411
v 0.02451608 -0.06099609 0.02068318
v 0.01723520 -0.06139463 0.02107877
v 0.02451608 -0.06099609 0.02068318
v 0.01732002 -0.06058425 0.01983411
v -0.00648383 -0.12151700 -0.00111854
v -0.00743675 -0.12210641 -0.00237652
v -0.00699362 -0.12076681 -0.00902624
v 0.01754828 -0.06385579 0.02163540
v 0.02448177 -0.06393569 0.02158193
v 0.01723520 -0.06139463 0.02107877
v -0.01795000 -0.09368509 0.02494401
v -0.01795000 -0.09713334 0.02758324
v -0.01095000 -0.09368509 0.02494401
v -0.00756051 -0.12211631 0.00239456
v -0.00650866 -0.12151890 0.00112521
v -0.00635778 -0.12054481 0.00960450
v -0.00748772 -0.10584791 0.03051597
v -0.00649197 -0.11114780 0.02573696
v -0.00659805 -0.10445060 0.03063574
v -0.01095000 -0.09713334 0.02758324
v -0.00743865 -0.08787514 0.03660616
v -0.00648301 -0.08660859 0.03601767
v 0.02447693 -0.05604020 0.00793075
v 0.01722476 -0.05523079 0.01034022
v 0.02452628 -0.05531092 0.01092821
v 0.01727232 -0.05574651 0.01162902
v 0.02448160 -0.05785815 0.01291903
v 0.02452628 -0.05531092 0.01092821
v -0.00750098 -0.06529499 0.03058786
v -0.00639405 -0.06654525 0.03063463
v -0.00647574 -0.05975682 0.02563984
v -0.01795000 -0.09112094 0.02143958
v -0.01795000 -0.09368509 0.02494401
v -0.01095000 -0.09112094 0.02143958
v -0.02445585 -0.10604361 -0.03892271
v -0.01956925 -0.11324781 -0.03399317
v -0.01960513 -0.10658381 -0.03850646
v 0.01726087 -0.05413440 0.00623286
v 0.02453141 -0.05379933 0.00541624
v 0.01726980 -0.05391047 0.00488518
v -0.00743870 -0.05498535 0.02036042
v -0.00648369 -0.05485948 0.01896358
v -0.00756309 -0.05260331 0.01624080
v -0.00650789 -0.05374977 0.01704455
v -0.00631591 -0.05035301 0.00920596
v 0.01722476 -0.05523079 0.01034022
v 0.01754578 -0.05594585 0.00793225
v 0.01726087 -0.05413440 0.00623286
v -0.01095000 -0.09368509 0.02494401
v 0.01754697 -0.05501726 0.00267885
v 0.02448272 -0.05510863 0.00269092
v 0.01724961 -0.05350955 0.00065946
v -0.00556861 -0.06911647 -0.03275959
v -0.00631360 -0.07628643 -0.03514828
v -0.00650775 -0.06846337 -0.03175398
v -0.01813920 -0.08941835 0.01629322
v -0.01795000 -0.09112094 0.02143958
v -0.01095261 -0.08967807 0.01693899
v -0.01795000 -0.09882686 0.02996833
v -0.00543338 -0.10174431 -0.03289226
v -0.00648460 -0.10254061 -0.03174953
v -0.00549334 -0.09532406 -0.03511628
v -0.00650866 -0.12151890 0.00112521
v -0.00561328 -0.12203701 0.00216781
v -0.00635778 -0.12054481 0.00960450
v -0.01095000 -0.09112094 0.02143958
v 0.01769923 -0.05593494 -0.00787040
v 0.02448912 -0.05594610 -0.00780777
v 0.02448707 -0.05527743 -0.01082212
v -0.00699002 -0.11610611 0.01940716
v -0.00557748 -0.11605101 0.02014687
v -0.00649197 -0.11114780 0.02573696
v -0.00548420 -0.10584761 0.03051405
v -0.00659805 -0.10445060 0.03063574
v 0.02448073 -0.05783126 -0.01286613
v 0.01711032 -0.05539871 -0.01111441
v 0.02448707 -0.05527743 -0.01082212
v -0.00650793 -0.10254670 0.03174929
v -0.00556572 -0.10185981 0.03276558
v -0.00648665 -0.09496116 0.03507941
v -0.01063698 -0.09374665 0.03530926
v -0.01795000 -0.09348600 0.03520560
v -0.01095000 -0.08954622 0.03313646
v 0.01723863 -0.05747821 -0.01546106
v 0.02448073 -0.05783126 -0.01286613
v 0.02451638 -0.05769797 -0.01600893
v -0.01795000 -0.09890143 -0.01760874
v -0.01795000 -0.09994954 -0.02194922
v -0.01795000 -0.09856012 -0.02277351
v -0.01794972 -0.05489722 -0.01868407
v -0.00543520 -0.08787703 0.03660713
v -0.00648301 -0.08660859 0.03601767
v -0.00544069 -0.12211151 -0.00223896
v -0.00648383 -0.12151700 -0.00111854
v 0.01754829 -0.05776053 -0.01292947
v 0.01723863 -0.05747821 -0.01546106
v 0.01711032 -0.05539871 -0.01111441
v -0.01795000 -0.08954622 0.03313646
v -0.00650789 -0.05374977 0.01704455
v -0.00556586 -0.05273817 0.01636972
v -0.00631591 -0.05035301 0.00920596
v -0.00557517 -0.05950375 -0.02559262
v -0.01095000 -0.08954622 0.03313646
v -0.01795000 -0.08954622 0.03313646
v -0.01095000 -0.08629066 0.03010257
v -0.00648460 -0.10254061 -0.03174953
v -0.00549334 -0.09532406 -0.03511628
v -0.00549334 -0.09532406 -0.03511628
v 0.01754673 -0.06385386 -0.02162940
v 0.01725531 -0.06442028 -0.02404908
v 0.01723277 -0.06142057 -0.02104351
v -0.01795000 -0.08629066 0.03010257
v 0.01723676 -0.06890129 -0.02735594
v 0.01754790 -0.06794477 -0.02506843
v 0.02448298 -0.06797570 -0.02497727
v -0.01095000 -0.08629066 0.03010257
v -0.01795000 -0.08629066 0.03010257
v -0.01095000 -0.08394931 0.02631824
v 0.01755096 -0.07257363 -0.02773867
v 0.01722052 -0.07393802 -0.02986979
v 0.01733033 -0.07028383 -0.02798324
v -0.01795000 -0.05596569 -0.02080910
v -0.00918196 -0.08385820 0.03631645
v 0.00112843 -0.08391375 0.03627906
v -0.00868030 -0.07621460 0.03516502
v -0.01795000 -0.08394931 0.02631824
v 0.02448672 -0.07976024 -0.03158466
v 0.01711614 -0.08007489 -0.03162591
v 0.01770004 -0.07753705 -0.02953923
v -0.01095000 -0.08394931 0.02631824
v -0.01795000 -0.08394931 0.02631824
v -0.01095000 -0.08268753 0.02205079
v -0.01795220 -0.09820668 -0.01224792
v 0.02451680 -0.08546344 -0.03208197
v 0.01726388 -0.08543840 -0.03215084
v 0.02448061 -0.08280835 -0.03039483
v 0.02448177 -0.08813240 -0.03039816
v 0.01726388 -0.08543840 -0.03215084
v 0.02451680 -0.08546344 -0.03208197
v 0.01754533 -0.08816668 -0.03048902
v 0.01726195 -0.09032718 -0.03158886
v -0.01795000 -0.08268753 0.02205079
v -0.00548421 -0.11601410 -0.02034756
v -0.00452360 -0.11117241 -0.02569737
v -0.00452360 -0.11117241 -0.02569737
v 0.01726195 -0.09032718 -0.03158886
v 0.01754533 -0.08816668 -0.03048902
v 0.02448177 -0.08813240 -0.03039816
v -0.00544069 -0.12211151 -0.00223896
v -0.00699362 -0.12076681 -0.00902624
v -0.00447698 -0.12055150 -0.00968520
v -0.00447698 -0.12055150 -0.00968520
v -0.00699362 -0.12076681 -0.00902624
v -0.00457010 -0.11793670 -0.01662356
v -0.00557748 -0.11605101 0.02014687
v -0.00453246 -0.11119191 0.02567608
v -0.00453246 -0.11119191 0.02567608
v -0.00548420 -0.10584761 0.03051405
v 0.01754493 -0.09340963 -0.02956121
v 0.01726437 -0.09576780 -0.03027644
v 0.01724468 -0.09170289 -0.03135619
v -0.01095000 -0.08268753 0.02205079
v -0.01795000 -0.08268753 0.02205079
v -0.01095548 -0.08242727 0.01717235
v -0.01795000 -0.09846614 0.02717848
v -0.01795000 -0.05523569 0.01408791
v -0.00556572 -0.10185981 0.03276558
v -0.00447929 -0.09503997 0.03504609
v -0.00447929 -0.09503997 0.03504609
v -0.00543520 -0.08787703 0.03660713
v -0.00557777 -0.06535945 0.03055494
v -0.00451077 -0.05982703 0.02569106
v -0.00647574 -0.05975682 0.02563984
v -0.00451077 -0.05982703 0.02569106
v -0.00543429 -0.05498534 0.02036253
v -0.01795318 -0.08241925 0.01737722
v -0.01795000 -0.09478389 0.03176752
v -0.01795000 -0.09920804 0.03308179
v -0.01095000 -0.09478389 0.03176752
v -0.01795000 -0.09975074 0.02607747
v 0.02454549 -0.10598340 -0.02467084
v 0.01721127 -0.10558040 -0.02495276
v 0.02448134 -0.10298401 -0.02500297
v -0.00448586 -0.10254030 -0.03174999
v -0.00543338 -0.10174431 -0.03289226
v -0.00549334 -0.09532406 -0.03511628
v 0.01731075 -0.10659550 -0.02385314
v 0.01721127 -0.10558040 -0.02495276
v 0.02454549 -0.10598340 -0.02467084
v -0.00447726 -0.12151620 -0.00112016
v -0.00544069 -0.12211151 -0.00223896
v -0.00447698 -0.12055150 -0.00968520
v 0.02447447 -0.10706440 -0.02158186
v 0.01731075 -0.10659550 -0.02385314
v 0.02454549 -0.10598340 -0.02467084
v 0.01754828 -0.10714431 -0.02163533
v 0.01723520 -0.10960541 -0.02107875
v 0.01731075 -0.10659550 -0.02385314
v -0.01095136 -0.09930165 0.03310276
v 0.01723520 -0.10960541 -0.02107875
v 0.01754828 -0.10714431 -0.02163533
v 0.02447447 -0.10706440 -0.02158186
v -0.01795000 -0.09114425 0.02939919
v -0.01795000 -0.09478389 0.03176752
v -0.01095000 -0.09114425 0.02939919
v 0.01754685 -0.11056720 -0.01755890
v 0.01724971 -0.11286330 -0.01655800
v 0.01731978 -0.11041581 -0.01983423
v -0.01974721 -0.11099850 0.03571410
v -0.02449339 -0.11122490 0.03551358
v -0.02447784 -0.10569610 0.03895270
v -0.03749889 -0.08474910 -0.01404574
v -0.02371836 -0.08858751 -0.01344981
v -0.02367705 -0.08400657 -0.01372868
v -0.00543520 -0.08787703 0.03660713
v -0.00447929 -0.09503997 0.03504609
v -0.00448414 -0.08659669 0.03601973
v -0.01095000 -0.09478389 0.03176752
v 0.01722496 -0.11576921 -0.01034021
v 0.02452617 -0.11568911 -0.01092814
v 0.02447694 -0.11495981 -0.00793076
v -0.00543429 -0.05498534 0.02036253
v -0.00451077 -0.05982703 0.02569106
v -0.00448509 -0.05485225 0.01895508
v 0.02453972 -0.11720031 -0.00541703
v 0.01726094 -0.11686541 -0.00623294
v 0.02447694 -0.11495981 -0.00793076
v -0.01795000 -0.08832009 0.02610069
v -0.01795000 -0.09114425 0.02939919
v -0.01095000 -0.08832009 0.02610069
v -0.00388063 -0.05495748 -0.02015120
v -0.00383275 -0.05969063 -0.02559592
v -0.00450046 -0.05485985 -0.01903102
v 0.01733065 -0.11734201 0.00081492
v 0.02449505 -0.11764431 -0.00002102
v 0.02448053 -0.11589631 0.00264259
v -0.01095000 -0.09114425 0.02939919
v -0.00343295 -0.10174421 -0.03289243
v -0.00448586 -0.10254030 -0.03174999
v -0.00302043 -0.09508487 -0.03514405
v -0.00348550 -0.11606110 -0.02023970
v -0.00461125 -0.11614950 -0.01893170
v -0.00452360 -0.11117241 -0.02569737
v -0.01795000 -0.08654056 0.02213972
v -0.01795000 -0.08832009 0.02610069
v -0.01095000 -0.08654056 0.02213972
v 0.01723441 -0.11713971 0.00489967
v 0.01754883 -0.11598591 0.00267436
v 0.02448053 -0.11589631 0.00264259
v -0.01795000 -0.05487693 0.01255364
v -0.01095000 -0.08832009 0.02610069
v -0.00447929 -0.09503997 0.03504609
v -0.00345284 -0.08784720 0.03662602
v -0.00448414 -0.08659669 0.03601973
v 0.02448732 -0.11572240 0.01082239
v 0.01711771 -0.11559830 0.01111759
v 0.01769953 -0.11506501 0.00787036
v -0.00344622 -0.12211020 -0.00224795
v -0.00447726 -0.12151620 -0.00112016
v -0.00447698 -0.12055150 -0.00968520
v 0.01723872 -0.11352180 0.01546086
v 0.01711771 -0.11559830 0.01111759
v 0.01754828 -0.11323951 0.01292944
v -0.01795102 -0.08609904 0.01763536
v -0.01795000 -0.08654056 0.02213972
v -0.01095546 -0.08606475 0.01743604
v -0.01795000 -0.09982731 -0.02641277
v -0.01795000 -0.09821412 -0.02710204
v -0.00383275 -0.05969063 -0.02559592
v -0.00383275 -0.05969063 -0.02559592
v -0.00450046 -0.05485985 -0.01903102
v -0.01095000 -0.08654056 0.02213972
v -0.00448586 -0.10254030 -0.03174999
v -0.00302043 -0.09508487 -0.03514405
v -0.01095032 -0.10713070 0.02891401
v -0.01795000 -0.10711500 0.02891372
v -0.01095000 -0.10267421 0.02862592
v 0.01732231 -0.11266201 0.01662810
v 0.02448164 -0.11050960 0.01747881
v 0.01754256 -0.11057181 0.01755376
v -0.01795000 -0.10267421 0.02862592
v -0.01095000 -0.10267421 0.02862592
v -0.01795000 -0.10267421 0.02862592
v -0.01095000 -0.09846614 0.02717848
v -0.01795000 -0.09846614 0.02717848
v 0.00088464 -0.06789447 -0.03091353
v 0.00079771 -0.06561476 -0.03046345
v 0.00150294 -0.06093091 -0.02685021
v -0.01095000 -0.09846614 0.02717848
v -0.01795000 -0.09846614 0.02717848
v -0.01095000 -0.09478795 0.02467364
v 0.01711616 -0.09092514 0.03162593
v 0.02448061 -0.08819168 0.03039483
v 0.01754801 -0.08817234 0.03048805
v -0.01795000 -0.09478795 0.02467364
v -0.01797352 -0.10172900 0.00659072
v -0.01813646 -0.10207210 0.00305691
v -0.01812292 -0.09946733 0.00955525
v -0.01095000 -0.09478795 0.02467364
v -0.01795000 -0.09478795 0.02467364
v -0.01095000 -0.09189956 0.02128834
v -0.01795000 -0.09767157 -0.01852304
v 0.00089551 -0.11101330 0.02603726
v 0.00089204 -0.11589690 0.01989990
v 0.00086638 -0.10579710 0.03037327
v -0.01795000 -0.09189956 0.02128834
v -0.01095000 -0.09189956 0.02128834
v -0.01795000 -0.09189956 0.02128834
v -0.01095261 -0.08967807 0.01693899
v -0.01795000 -0.09973253 -0.03317598
v -0.01795000 -0.09730626 -0.03394747
v -0.01795000 -0.05448530 0.01847427
v 0.01733029 -0.06887358 0.02716864
v 0.02448134 -0.06801606 0.02500297
v 0.01755259 -0.06793960 0.02506299
v -0.01813920 -0.08941835 0.01629322
v -0.00280431 -0.11114850 -0.02575537
v -0.00248373 -0.12053760 -0.00979531
v -0.01795527 -0.07279084 0.01225111
v -0.01095922 -0.07292054 0.01208650
v -0.01795000 -0.07026355 0.01618633
v -0.00280388 -0.11125580 0.02564819
v -0.00348552 -0.10573951 0.03056122
v -0.00278318 -0.09510338 0.03505664
v -0.00345284 -0.08784720 0.03662602
v 0.01754663 -0.06043283 0.01755889
v 0.01732002 -0.06058425 0.01983411
v 0.02448060 -0.06052319 0.01752862
v -0.00280396 -0.05985184 0.02575576
v -0.00344979 -0.05495457 0.02034531
v -0.01095000 -0.07026355 0.01618633
v -0.01095045 -0.07127510 0.03318976
v -0.01795000 -0.07126748 0.03317598
v -0.01095000 -0.06929634 0.02918628
v -0.01795000 -0.09716324 0.03419506
v -0.00185652 -0.10264161 -0.03174267
v -0.00343295 -0.10174421 -0.03289243
v -0.00302043 -0.09508487 -0.03514405
v 0.01754578 -0.05594585 0.00793225
v 0.01722476 -0.05523079 0.01034022
v 0.02447693 -0.05604020 0.00793075
v -0.01795000 -0.06929634 0.02918628
v -0.01795000 -0.07026355 0.01618633
v -0.01095000 -0.07026355 0.01618633
v -0.01795000 -0.06877598 0.02038042
v -0.00348552 -0.10573951 0.03056122
v -0.00280388 -0.11125580 0.02564819
v -0.00291402 -0.10468220 0.03058113
v -0.00345284 -0.08784720 0.03662602
v -0.00278318 -0.09510338 0.03505664
v -0.00290859 -0.08682886 0.03607700
v -0.01095000 -0.06877598 0.02038042
v -0.01795000 -0.06877598 0.02038042
v -0.01095000 -0.06877598 0.02038042
v -0.01795000 -0.06844581 0.02481823
v -0.01795000 -0.10792621 0.03727354
v -0.01902024 -0.06661996 0.03887937
v -0.01095000 -0.06929634 0.02918628
v -0.01795000 -0.06929634 0.02918628
v -0.01095000 -0.06844581 0.02481823
v -0.00143290 -0.10174421 -0.03289246
v -0.00185652 -0.10264161 -0.03174267
v -0.01795000 -0.06844581 0.02481823
v -0.01095000 -0.06844581 0.02481823
v -0.01795236 -0.07052526 0.00933778
v -0.01095521 -0.07068228 0.00920713
v -0.01795000 -0.06723117 0.01266478
v -0.01797184 -0.09670411 0.01360437
v -0.01795000 -0.05477987 -0.01306410
v -0.01795000 -0.05416680 -0.01103614
v -0.01095000 -0.06723117 0.01266478
v -0.01795000 -0.06723117 0.01266478
v -0.01095000 -0.06723117 0.01266478
v -0.01795000 -0.06490412 0.01645794
v 0.01754801 -0.08282767 -0.03048805
v 0.01711614 -0.08007489 -0.03162591
v 0.02448061 -0.08280835 -0.03039483
v -0.01095000 -0.06490412 0.01645794
v -0.01795000 -0.06490412 0.01645794
v -0.01095000 -0.06490412 0.01645794
v -0.01795000 -0.06365848 0.02073013
v -0.01095000 -0.06365848 0.02073013
v 0.00188080 -0.05307363 -0.01643143
v -0.00828636 -0.05028296 -0.00914515
v 0.00471452 -0.05033057 -0.00912010
v 0.00471452 -0.05033057 -0.00912010
v -0.00828636 -0.05028296 -0.00914515
v 0.00028924 -0.04926620 -0.00166642
v -0.01795000 -0.06365848 0.02073013
v -0.01095000 -0.06365848 0.02073013
v -0.01795000 -0.06358225 0.02517955
v -0.01797610 -0.09678367 -0.01339919
v -0.01083430 -0.06485920 0.02995660
v -0.01795000 -0.06468081 0.02949189
v -0.01095000 -0.06358225 0.02517955
v -0.00868030 -0.07621460 0.03516502
v 0.00112843 -0.08391375 0.03627906
v 0.00458271 -0.07616217 0.03505975
v -0.00868030 -0.07621460 0.03516502
v 0.00458271 -0.07616217 0.03505975
v 0.00127658 -0.06899356 0.03241530
v -0.01795000 -0.06358225 0.02517955
v -0.01795000 -0.05396572 0.01084219
v 0.01731978 -0.11041581 -0.01983423
v 0.02448061 -0.11047680 -0.01752863
v 0.01754685 -0.11056720 -0.01755890
v -0.01095000 -0.06358225 0.02517955
v -0.00143290 -0.10174421 -0.03289246
v -0.00028347 -0.09471194 -0.03509012
v -0.01095922 -0.07292054 0.01208650
v -0.01795527 -0.07279084 0.01225111
v -0.01795000 -0.06974325 0.01558765
v -0.00100000 -0.12157940 -0.00121932
v -0.00144988 -0.12211081 -0.00224769
v -0.00018341 -0.12052450 -0.00970044
v -0.01095000 -0.06974325 0.01558765
v -0.01795000 -0.06810427 0.02815589
v -0.01795000 -0.07008792 0.03232308
v -0.01095000 -0.06810427 0.02815589
v -0.01794972 -0.05401774 0.01716074
v 0.01733065 -0.11734201 0.00081492
v 0.02448053 -0.11589631 0.00264259
v 0.01754883 -0.11598591 0.00267436
v -0.01095158 -0.07013308 0.03240361
v -0.01095000 -0.06974325 0.01558765
v -0.01795000 -0.06974325 0.01558765
v -0.01795000 -0.06799041 0.01956050
v -0.01095000 -0.06799041 0.01956050
v -0.01967317 -0.05100863 -0.02732014
v -0.01095000 -0.06799041 0.01956050
v -0.01795000 -0.06799041 0.01956050
v -0.01795000 -0.06742888 0.02386639
v -0.01795000 -0.05361535 -0.00976387
v -0.01795000 -0.05334657 -0.00784368
v -0.01095000 -0.06742888 0.02386639
v -0.00006265 -0.05363114 0.01692976
v 0.00038583 -0.05280271 0.01630880
v -0.00006015 -0.05036537 0.00939042
v -0.01795000 -0.06742888 0.02386639
v -0.01795000 -0.06810427 0.02815589
v -0.01095000 -0.06742888 0.02386639
v 0.00188080 -0.05307363 -0.01643143
v -0.00952100 -0.05287466 -0.01637034
v -0.00828636 -0.05028296 -0.00914515
v 0.00098330 -0.08335067 -0.03632160
v -0.00859615 -0.08363768 -0.03635084
v -0.00009844 -0.07611864 -0.03512785
v -0.01095000 -0.06810427 0.02815589
v 0.00140192 -0.10180640 -0.03255141
v -0.00185652 -0.10264161 -0.03174267
v -0.00028347 -0.09471194 -0.03509012
v 0.00197422 -0.12174300 -0.00414825
v -0.00100000 -0.12157940 -0.00121932
v -0.00018341 -0.12052450 -0.00970044
v -0.01974721 -0.11099850 0.03571410
v -0.02447784 -0.10569610 0.03895270
v -0.01895550 -0.10532940 0.03906595
v -0.01090679 -0.08551266 0.03576928
v -0.01795000 -0.08599183 0.03609666
v -0.01795000 -0.08256836 0.03325361
v -0.00958263 -0.06909398 0.03256656
v -0.00868030 -0.07621460 0.03516502
v 0.00127658 -0.06899356 0.03241530
v -0.01090679 -0.08551266 0.03576928
v -0.01795000 -0.08256836 0.03325361
v -0.01095000 -0.08256836 0.03325361
v -0.01795000 -0.09854323 -0.03068938
v -0.01795000 -0.09666166 -0.03115740
v -0.00006015 -0.05036537 0.00939042
v 0.00098441 -0.04917948 0.00215640
v 0.00150294 -0.06093091 -0.02685021
v -0.00383275 -0.05969063 -0.02559592
v -0.00388063 -0.05495748 -0.02015120
v 0.00090142 -0.05517276 -0.01999111
v -0.00754776 -0.04897339 -0.00226671
v -0.01095000 -0.08256836 0.03325361
v -0.01795000 -0.08256836 0.03325361
v -0.01095000 -0.08001471 0.02960915
v -0.00009844 -0.07611864 -0.03512785
v -0.00556861 -0.06911647 -0.03275959
v 0.00239011 -0.06794752 -0.03166071
v -0.00028347 -0.09471194 -0.03509012
v -0.00302043 -0.09508487 -0.03514405
v 0.00131667 -0.08719932 -0.03631640
v 0.00084400 -0.11596090 -0.02008496
v -0.00291399 -0.11608140 -0.01918177
v -0.00280431 -0.11114850 -0.02575537
v 0.00089547 -0.11153750 -0.02551301
v 0.00089185 -0.10541011 -0.03038803
v -0.00018341 -0.12052450 -0.00970044
v 0.00040823 -0.11776081 -0.01660072
v -0.00561328 -0.12203701 0.00216781
v 0.00027974 -0.12173401 0.00165972
v 0.00452590 -0.12047001 0.00981597
v -0.01795000 -0.08001471 0.02960915
v -0.01795000 -0.05399346 -0.01762239
v 0.00452590 -0.12047001 0.00981597
v 0.00089204 -0.11589690 0.01989990
v 0.00089551 -0.11101330 0.02603726
v 0.00089551 -0.11101330 0.02603726
v 0.00086638 -0.10579710 0.03037327
v -0.00291402 -0.10468220 0.03058113
v -0.00006253 -0.10242881 0.03186951
v -0.00002589 -0.09510508 0.03504848
v -0.00002589 -0.09510508 0.03504848
v 0.00086866 -0.08763308 0.03641644
v -0.00290859 -0.08682886 0.03607700
v 0.00090227 -0.06559990 0.03040001
v 0.00089463 -0.05945513 0.02550840
v -0.01095000 -0.08001471 0.02960915
v -0.01795000 -0.08001471 0.02960915
v -0.01095000 -0.07851133 0.02542071
v 0.00089463 -0.05945513 0.02550840
v 0.00089789 -0.05508489 0.02037289
v -0.00291463 -0.05491788 0.01918025
v -0.00556586 -0.05273817 0.01636972
v -0.00006265 -0.05363114 0.01692976
v -0.00006015 -0.05036537 0.00939042
v -0.00006015 -0.05036537 0.00939042
v -0.00949943 -0.06595568 -0.03056189
v -0.00960540 -0.05961083 -0.02572025
v -0.01795000 -0.07851133 0.02542071
v -0.01795812 -0.07887120 0.01636478
v -0.01095373 -0.07892379 0.01615918
v -0.01795000 -0.07816437 0.02098418
v -0.00944243 -0.12209391 -0.00236041
v -0.00947538 -0.12077901 -0.00919898
v -0.01095000 -0.07851133 0.02542071
v -0.01795000 -0.07851133 0.02542071
v -0.01095000 -0.07816437 0.02098418
v -0.01795000 -0.09634726 0.03157110
v -0.00949263 -0.11837111 0.01626040
v -0.00906543 -0.11774131 0.01667676
v -0.01795000 -0.07816437 0.02098418
v -0.00945433 -0.05498797 0.02033210
v -0.01095000 -0.07816437 0.02098418
v -0.01795000 -0.09781984 0.03051361
v -0.00988582 -0.05024616 0.00977241
v -0.00974081 -0.04927458 0.00167417
v -0.01795000 -0.08797618 0.03300355
v -0.01795000 -0.09203039 0.03520893
v -0.01095000 -0.08797618 0.03300355
v -0.00960540 -0.05961083 -0.02572025
v -0.00956557 -0.05499152 -0.02037374
v -0.00851312 -0.05487509 -0.01898654
v -0.01095136 -0.09211760 0.03524890
v -0.01794307 -0.05261097 0.00363449
v -0.00859674 -0.11613750 -0.01894877
v -0.00953530 -0.11597690 -0.02048183
v -0.00843860 -0.11114981 -0.02571240
v -0.01795000 -0.08490847 0.02993025
v -0.01795000 -0.08797618 0.03300355
v -0.01095000 -0.08490847 0.02993025
v -0.00949263 -0.11837111 0.01626040
v -0.00842615 -0.12059740 0.00937173
v -0.00906543 -0.11774131 0.01667676
v -0.00955067 -0.10573391 0.03050058
v -0.00849158 -0.11157570 0.02525360
v -0.00859761 -0.10443420 0.03064640
v -0.01095000 -0.08797618 0.03300355
v -0.01795000 -0.09590152 0.03440333
v -0.00945134 -0.08785273 0.03659013
v -0.00839550 -0.09502408 0.03505593
v -0.00847022 -0.08660705 0.03601649
v -0.00847499 -0.12151630 -0.00111848
v -0.00944243 -0.12209391 -0.00236041
v -0.00947538 -0.12077901 -0.00919898
v -0.01795000 -0.08283181 0.02611666
v -0.01795000 -0.08490847 0.02993025
v -0.01095000 -0.08283181 0.02611666
v -0.01063733 -0.05079660 -0.01051179
v -0.01075777 -0.04922703 -0.00288931
v -0.00809722 -0.04941856 -0.00126066
v -0.01095000 -0.08490847 0.02993025
v -0.01795000 -0.09703818 -0.01900047
v -0.01795000 -0.09762124 -0.02341218
v -0.01795000 -0.09605935 -0.02405869
v -0.01795000 -0.05286830 0.00602696
v -0.02361327 -0.07174366 0.00135084
v -0.01084049 -0.10926301 -0.02738254
v -0.01082414 -0.10614261 -0.02995898
v -0.00809246 -0.10462641 -0.03062066
v -0.01083168 -0.12176761 0.00289532
v -0.00809054 -0.12158060 0.00125242
v -0.01095548 -0.08242727 0.01717235
v -0.01795318 -0.08241925 0.01737722
v -0.01795000 -0.08191471 0.02187226
v -0.01071361 -0.12023941 0.01047791
v -0.00949263 -0.11837111 0.01626040
v -0.01083445 -0.10112220 0.03285386
v -0.00809292 -0.10245481 0.03187449
v -0.01063698 -0.09374665 0.03530926
v -0.00945134 -0.08785273 0.03659013
v -0.01083430 -0.06485920 0.02995660
v -0.00809142 -0.06637381 0.03062050
v -0.01095000 -0.08191471 0.02187226
v -0.01795000 -0.09563241 -0.01966538
v -0.01063904 -0.05904483 0.02479746
v -0.00839779 -0.05989453 0.02578253
v -0.00945433 -0.05498797 0.02033210
v -0.01070545 -0.05263536 0.01553850
v -0.00802095 -0.05362423 0.01696991
v -0.00988582 -0.05024616 0.00977241
v -0.01795000 -0.08191471 0.02187226
v -0.01795000 -0.08283181 0.02611666
v -0.01095000 -0.08191471 0.02187226
v -0.01095000 -0.08283181 0.02611666
v -0.01795134 -0.09538202 -0.01462119
v -0.01795000 -0.08106025 0.03279718
v -0.01794971 -0.08462050 0.03584480
v -0.01095000 -0.08106025 0.03279718
v -0.01094989 -0.08458136 0.03581284
v -0.01795000 -0.07869855 0.02915322
v -0.01795000 -0.08106025 0.03279718
v -0.01095000 -0.07869855 0.02915322
v -0.01438606 -0.06802903 -0.00352557
v -0.01094698 -0.06889122 -0.00513521
v -0.01095025 -0.06713335 -0.00310277
v -0.01094698 -0.06889122 -0.00513521
v -0.01438606 -0.06802903 -0.00352557
v -0.01395000 -0.06862683 -0.00591796
v -0.01094698 -0.06889122 -0.00513521
v -0.01395000 -0.06862683 -0.00591796
v -0.01434123 -0.06759223 -0.00739133
v 0.01097760 -0.09989931 -0.03285877
v 0.00500593 -0.10023571 -0.03290278
v 0.00500535 -0.08927218 -0.03575736
v 0.00500593 -0.10023571 -0.03290278
v 0.00476736 -0.09464727 -0.03508782
v 0.00500535 -0.08927218 -0.03575736
v -0.01095000 -0.08106025 0.03279718
v -0.01795000 -0.05271165 0.01517288
v 0.01098874 -0.08156186 -0.03566179
v 0.00500810 -0.07085093 -0.03284788
v 0.01097492 -0.07092472 -0.03288833
v 0.01099147 -0.06424080 -0.02888966
v 0.00501278 -0.06433385 -0.02914420
v 0.00496868 -0.05630979 -0.02112805
v 0.01099323 -0.05643532 -0.02118753
v 0.00501278 -0.06433385 -0.02914420
v 0.00500000 -0.06181626 -0.02724502
v 0.00496868 -0.05630979 -0.02112805
v 0.01097437 -0.05264963 -0.01441029
v 0.00497540 -0.04963134 -0.00359404
v 0.01097849 -0.04973209 -0.00382208
v 0.00500706 -0.05259617 -0.01473309
v 0.00471452 -0.05033057 -0.00912010
v 0.00497540 -0.04963134 -0.00359404
v -0.01795000 -0.07746016 0.02499120
v -0.01795000 -0.07869855 0.02915322
v -0.01095000 -0.07746016 0.02499120
v 0.00501278 -0.05264928 0.01463727
v 0.01099100 -0.05261625 0.01457436
v 0.01098625 -0.04984457 0.00395347
v 0.00494384 -0.04953590 0.00367564
v 0.00500776 -0.06437070 0.02909135
v 0.01098430 -0.06428129 0.02899885
v 0.01099010 -0.05654283 0.02122265
v 0.00500469 -0.08173137 0.03575466
v 0.01098427 -0.08157096 0.03570337
v 0.01097889 -0.07107338 0.03286849
v 0.00499333 -0.07078762 0.03289317
v -0.01095000 -0.07869855 0.02915322
v 0.00500000 -0.09807603 0.03330471
v 0.01097632 -0.09999820 0.03287353
v 0.01098189 -0.08941115 0.03569160
v 0.00495557 -0.08921669 0.03594327
v 0.00497901 -0.10047600 0.03306005
v 0.00500000 -0.09807603 0.03330471
v 0.00495557 -0.08921669 0.03594327
v 0.00497649 -0.10666581 0.02913334
v 0.00500996 -0.11458551 0.02114376
v 0.01098281 -0.10676381 0.02888319
v 0.00497233 -0.12136991 0.00358006
v 0.01097477 -0.12127840 0.00382805
v 0.01099395 -0.11834250 0.01440884
v 0.00499236 -0.11839441 0.01471753
v -0.01095373 -0.07892379 0.01615918
v -0.01795812 -0.07887120 0.01636478
v -0.01795000 -0.07744556 0.02064888
v 0.00452590 -0.12047001 0.00981597
v 0.00497233 -0.12136991 0.00358006
v 0.00499236 -0.11839441 0.01471753
v -0.01094920 -0.12127370 0.00100201
v -0.01795010 -0.12110521 0.00125043
v -0.01795000 -0.12104901 0.00031774
v 0.01099129 -0.12114220 -0.00397341
v 0.00499437 -0.12137271 -0.00370308
v 0.00500000 -0.11880471 -0.01257603
v 0.00499437 -0.12137271 -0.00370308
v 0.00497822 -0.11855520 -0.01499164
v 0.00500000 -0.11880471 -0.01257603
v 0.01098243 -0.11445910 -0.02122308
v 0.00501498 -0.11465410 -0.02115857
v 0.00501667 -0.10665610 -0.02907687
v -0.01094999 -0.05076757 -0.00306593
v -0.01795031 -0.05024436 -0.00265520
v -0.01095499 -0.04983668 -0.00093236
v 0.01098514 -0.10672071 -0.02899211
v -0.01095001 -0.07282808 0.01483624
v -0.01794436 -0.07292965 0.01469613
v -0.01795000 -0.07084500 0.01870327
v -0.01794843 -0.07195394 0.03241459
v -0.01094985 -0.07195942 0.03235669
v -0.01095000 -0.07015396 0.02625150
v -0.01795000 -0.07015396 0.02625150
v -0.01095000 -0.07084500 0.01870327
v -0.01795000 -0.07084500 0.01870327
v -0.01795000 -0.07002917 0.02243432
v -0.01095000 -0.07744556 0.02064888
v -0.01795000 -0.07002917 0.02243432
v -0.01795000 -0.07015396 0.02625150
v -0.01095000 -0.07002917 0.02243432
v -0.01095000 -0.07002917 0.02243432
v -0.01791692 -0.07684478 0.01561861
v -0.01095060 -0.07687500 0.01647062
v -0.01795000 -0.07588932 0.02137363
v -0.01795000 -0.07607223 0.02551713
v -0.01795000 -0.07588932 0.02137363
v -0.01095000 -0.07588932 0.02137363
v -0.01095000 -0.07607223 0.02551713
v -0.01434123 -0.06759223 -0.00739133
v -0.01401165 -0.06432672 -0.00805235
v -0.01095000 -0.06318349 -0.00815812
v -0.01095002 -0.06754262 -0.00742032
v -0.01434123 -0.06759223 -0.00739133
v -0.01095000 -0.06318349 -0.00815812
v -0.01095000 -0.06318349 -0.00815812
v -0.01640624 -0.06425850 -0.00814136
v -0.01644224 -0.05938465 -0.00777942
v -0.01095000 -0.05938294 -0.00778105
v -0.01644224 -0.05938465 -0.00777942
v -0.01646322 -0.05610157 -0.00664594
v -0.01095000 -0.05579115 -0.00648280
v -0.01095000 -0.05579115 -0.00648280
v -0.01646322 -0.05610157 -0.00664594
v -0.01795031 -0.05024436 -0.00265520
v -0.01795000 -0.07744556 0.02064888
v -0.01795000 -0.07746016 0.02499120
v -0.01095000 -0.07744556 0.02064888
v -0.01094999 -0.05076757 -0.00306593
v -0.01438606 -0.06802903 -0.00352557
v -0.01095025 -0.06713335 -0.00310277
v -0.01440095 -0.06436119 -0.00297776
v -0.01440095 -0.06436119 -0.00297776
v -0.01095025 -0.06713335 -0.00310277
v -0.01095000 -0.06220260 -0.00253549
v -0.01643572 -0.06412616 -0.00307929
v -0.01095000 -0.06220260 -0.00253549
v -0.01641579 -0.05885798 -0.00130125
v -0.01095000 -0.05831842 -0.00108112
v -0.01094991 -0.08703129 -0.01945114
v -0.01794492 -0.08703144 -0.01927750
v -0.01795000 -0.08636267 -0.02374526
v -0.01095000 -0.08636267 -0.02374526
v -0.01095000 -0.08636267 -0.02374526
v -0.01795000 -0.08482962 -0.02724328
v -0.01095000 -0.08482962 -0.02724328
v -0.01095000 -0.08482962 -0.02724328
v -0.01795000 -0.08482962 -0.02724328
v -0.01795000 -0.08248497 -0.03025809
v -0.01095000 -0.08248497 -0.03025809
v -0.01095000 -0.07746016 0.02499120
v -0.01095000 -0.08248497 -0.03025809
v -0.01795057 -0.07745494 -0.03414864
v -0.01095000 -0.07760091 -0.03402695
v -0.01792919 -0.08331533 -0.01773181
v -0.01095060 -0.08279634 -0.01839519
v -0.01795000 -0.08071210 -0.02294065
v -0.01095000 -0.08071210 -0.02294065
v -0.01795000 -0.07812864 -0.02618530
v -0.01095000 -0.08071210 -0.02294065
v -0.01095000 -0.07812864 -0.02618530
v -0.01794845 -0.11551060 -0.01825774
v -0.01094953 -0.11547251 -0.01821487
v -0.01095000 -0.11334550 -0.01221772
v -0.01795000 -0.11334550 -0.01221772
v -0.01795000 -0.11120270 -0.00905622
v -0.01795000 -0.11334550 -0.01221772
v -0.01095000 -0.11120270 -0.00905622
v -0.01795000 -0.11120270 -0.00905622
v -0.01095000 -0.11120270 -0.00905622
v -0.01095000 -0.10834971 -0.00651726
v -0.01795000 -0.10834971 -0.00651726
v -0.01794524 -0.10430690 -0.00450049
v -0.01795000 -0.10834971 -0.00651726
v -0.01095001 -0.10447230 -0.00455439
v -0.01795000 -0.10812581 -0.01510229
v -0.01795000 -0.10583831 -0.01164262
v -0.01095000 -0.10583831 -0.01164262
v -0.01095000 -0.10812581 -0.01510229
v -0.01075777 -0.04922703 -0.00288931
v -0.01095029 -0.12135781 -0.00427935
v -0.01795000 -0.12134751 -0.00426227
v -0.01095000 -0.11887790 -0.00056035
v -0.01095000 -0.10583831 -0.01164262
v -0.01795000 -0.10583831 -0.01164262
v -0.01095060 -0.10215890 -0.00825533
v -0.01797184 -0.09670411 0.01360437
v -0.01790787 -0.09282817 0.01631089
v -0.01096515 -0.09269597 0.01628634
v -0.01095269 -0.09679103 0.01361680
v -0.01492914 -0.08759485 0.00004245
v -0.01486640 -0.08622542 0.00193708
v -0.01493848 -0.08434896 0.00166708
v -0.01494313 -0.08594333 -0.00208031
v -0.01490803 -0.08343246 -0.00058998
v -0.01795000 -0.11887790 -0.00056035
v -0.01795000 -0.09522600 -0.02839332
v -0.01795031 -0.05024436 -0.00265520
v -0.01251943 -0.08786438 0.00035982
v -0.01492914 -0.08759485 0.00004245
v -0.01192759 -0.08652591 -0.00192060
v -0.01192759 -0.08652591 -0.00192060
v -0.01492914 -0.08759485 0.00004245
v -0.01494313 -0.08594333 -0.00208031
v -0.01486640 -0.08622542 0.00193708
v -0.01492914 -0.08759485 0.00004245
v -0.01251943 -0.08786438 0.00035982
v -0.01090660 -0.05451904 -0.01787593
v -0.01192759 -0.08652591 -0.00192060
v -0.01494313 -0.08594333 -0.00208031
v -0.01201394 -0.08387429 -0.00143469
v -0.01095000 -0.11887790 -0.00056035
v -0.01795000 -0.11887790 -0.00056035
v -0.01095000 -0.11552031 0.00236025
v -0.01201394 -0.08387429 -0.00143469
v -0.01494313 -0.08594333 -0.00208031
v -0.01490803 -0.08343246 -0.00058998
v -0.00650886 -0.05486161 -0.01897262
v -0.00956557 -0.05499152 -0.02037374
v -0.01062584 -0.05487080 -0.01870195
v -0.01493848 -0.08434896 0.00166708
v -0.01193748 -0.08365342 0.00098520
v -0.01490803 -0.08343246 -0.00058998
v -0.01490803 -0.08343246 -0.00058998
v -0.01193748 -0.08365342 0.00098520
v -0.01201394 -0.08387429 -0.00143469
v -0.01795000 -0.11552031 0.00236025
v -0.01795000 -0.09702151 -0.02782166
v -0.01795000 -0.10091681 -0.02575071
v -0.01095000 -0.10091681 -0.02575071
v -0.01095000 -0.10083071 -0.02133754
v -0.01795000 -0.10083071 -0.02133754
v -0.01095000 -0.10091681 -0.02575071
v -0.01795000 -0.09975091 -0.03000796
v -0.01095000 -0.09975091 -0.03000796
v -0.01795000 -0.10083071 -0.02133754
v -0.01095000 -0.10083071 -0.02133754
v -0.01095000 -0.09949965 -0.01712900
v -0.01795000 -0.09949965 -0.01712900
v -0.01095000 -0.09975091 -0.03000796
v -0.01795000 -0.09730626 -0.03394747
v -0.01095052 -0.09727266 -0.03399472
v -0.01795000 -0.09949965 -0.01712900
v -0.01095000 -0.09949965 -0.01712900
v -0.01095322 -0.09668065 -0.01323458
v -0.01797610 -0.09678367 -0.01339919
v -0.01795000 -0.09563241 -0.01966538
v -0.01795000 -0.09605935 -0.02405869
v -0.01095000 -0.09563241 -0.01966538
v -0.01095000 -0.09605935 -0.02405869
v -0.01795000 -0.09605935 -0.02405869
v -0.01795000 -0.09522600 -0.02839332
v -0.01095000 -0.09522600 -0.02839332
v -0.01095000 -0.11552031 0.00236025
v -0.01795000 -0.11552031 0.00236025
v -0.01095000 -0.11151201 0.00429321
v -0.01796450 -0.09375687 -0.01546654
v -0.01795000 -0.09563241 -0.01966538
v -0.01095321 -0.09367057 -0.01523824
v -0.01095000 -0.09522600 -0.02839332
v -0.01795000 -0.09522600 -0.02839332
v -0.01795000 -0.09320047 -0.03231514
v -0.01095000 -0.09320047 -0.03231514
v -0.01095000 -0.09320047 -0.03231514
v -0.01795000 -0.08999067 -0.03565985
v -0.01095055 -0.08994939 -0.03569781
v -0.01795000 -0.09994954 -0.02194922
v -0.01095000 -0.09994954 -0.02194922
v -0.01795000 -0.09982731 -0.02641277
v -0.01095000 -0.09982731 -0.02641277
v -0.01095000 -0.09994954 -0.02194922
v -0.01795000 -0.09994954 -0.02194922
v -0.01095000 -0.09890143 -0.01760874
v -0.01795000 -0.09982731 -0.02641277
v -0.01095000 -0.09982731 -0.02641277
v -0.01795000 -0.09854323 -0.03068938
v -0.01095000 -0.09854323 -0.03068938
v -0.01095000 -0.09890143 -0.01760874
v -0.01795000 -0.09890143 -0.01760874
v -0.01095322 -0.09668065 -0.01323458
v -0.01795000 -0.09854323 -0.03068938
v -0.01095000 -0.09854323 -0.03068938
v -0.01795000 -0.09616523 -0.03451719
v -0.01095052 -0.09618548 -0.03448650
v -0.01795000 -0.11151201 0.00429321
v -0.01795000 -0.09504609 0.02798822
v -0.01795000 -0.05306743 -0.00663266
v -0.01095000 -0.10589950 -0.02163082
v -0.01795000 -0.10576571 -0.02592609
v -0.01095000 -0.10576571 -0.02592609
v -0.01795000 -0.10589950 -0.02163082
v -0.01095000 -0.10589950 -0.02163082
v -0.01095000 -0.10484460 -0.01746498
v -0.01795000 -0.10484460 -0.01746498
v -0.01095000 -0.10576571 -0.02592609
v -0.01795010 -0.10438550 -0.03020977
v -0.01094919 -0.10425461 -0.03047997
v 0.00239011 -0.06794752 -0.03166071
v -0.01795000 -0.10484460 -0.01746498
v -0.01095000 -0.10484460 -0.01746498
v -0.01095000 -0.10268251 -0.01375112
v -0.01795000 -0.10268251 -0.01375112
v -0.01797739 -0.09932670 -0.01076307
v -0.01795000 -0.10268251 -0.01375112
v -0.01095131 -0.09919426 -0.01062796
v -0.01795000 -0.10928770 -0.02715429
v -0.01095595 -0.11003541 -0.02228138
v -0.01084049 -0.10926301 -0.02738254
v -0.01095322 -0.07964197 -0.01627026
v -0.01810755 -0.07984864 -0.01590231
v -0.01795000 -0.07766568 -0.02068855
v -0.01095000 -0.07766568 -0.02068855
v -0.01095000 -0.11151201 0.00429321
v -0.01795000 -0.11151201 0.00429321
v -0.01095000 -0.10713601 0.00510200
v -0.01095000 -0.07766568 -0.02068855
v -0.01795000 -0.07468650 -0.02394553
v -0.01095000 -0.07468650 -0.02394553
v -0.01095000 -0.07468650 -0.02394553
v -0.01795000 -0.07468650 -0.02394553
v -0.01795000 -0.07090763 -0.02622666
v -0.01095000 -0.07090763 -0.02622666
v -0.01095000 -0.07090763 -0.02622666
v -0.01795000 -0.06663781 -0.02734561
v -0.01095000 -0.06663781 -0.02734561
v -0.01095000 -0.06663781 -0.02734561
v -0.01795000 -0.06663781 -0.02734561
v -0.01795000 -0.06200397 -0.02719828
v -0.01095054 -0.06194701 -0.02719287
v -0.01095000 -0.09132232 -0.02134229
v -0.01795000 -0.09082651 -0.02572836
v -0.01095000 -0.09082651 -0.02572836
v -0.01795000 -0.09132232 -0.02134229
v -0.01095000 -0.09132232 -0.02134229
v -0.01095402 -0.09032370 -0.01660186
v -0.01802545 -0.09028766 -0.01638287
v -0.01095000 -0.09082651 -0.02572836
v -0.01795000 -0.08911017 -0.02979500
v -0.01095000 -0.08911017 -0.02979500
v -0.01095000 -0.08911017 -0.02979500
v -0.01795000 -0.08911017 -0.02979500
v -0.01795000 -0.08631350 -0.03320999
v -0.01095000 -0.08631350 -0.03320999
v -0.01795000 -0.10713601 0.00510200
v -0.01795000 -0.09713334 0.02758324
v -0.01095000 -0.08631350 -0.03320999
v -0.01795000 -0.08247837 -0.03581429
v -0.01095065 -0.08243235 -0.03584157
v -0.01795000 -0.09507027 -0.02447380
v -0.01795000 -0.09494751 -0.02001026
v -0.01095000 -0.09494751 -0.02001026
v -0.01095000 -0.09507027 -0.02447380
v -0.01795000 -0.09402269 -0.02881440
v -0.01095000 -0.09507027 -0.02447380
v -0.01095000 -0.09402269 -0.02881440
v -0.01795000 -0.09494751 -0.02001026
v -0.01796450 -0.09375687 -0.01546654
v -0.01095321 -0.09367057 -0.01523824
v -0.01095000 -0.09494751 -0.02001026
v -0.01795000 -0.09187752 -0.03273058
v -0.01095000 -0.09402269 -0.02881440
v -0.01095000 -0.09187752 -0.03273058
v -0.01795000 -0.09187752 -0.03273058
v -0.01095000 -0.09187752 -0.03273058
v -0.01795000 -0.08875406 -0.03598200
v -0.01094988 -0.08877124 -0.03596498
v -0.01095000 -0.09058069 -0.02153723
v -0.01795000 -0.09058069 -0.02153723
v -0.01095402 -0.09032370 -0.01660186
v -0.01795000 -0.09058069 -0.02153723
v -0.01095000 -0.09058069 -0.02153723
v -0.01795000 -0.08977276 -0.02592876
v -0.01095000 -0.08977276 -0.02592876
v -0.01095000 -0.10713601 0.00510200
v -0.01795000 -0.10713601 0.00510200
v -0.01095480 -0.10225621 0.00485074
v -0.01795000 -0.08784562 -0.02995671
v -0.01095000 -0.08977276 -0.02592876
v -0.01095000 -0.08784562 -0.02995671
v -0.01795000 -0.08784562 -0.02995671
v -0.01095000 -0.08784562 -0.02995671
v -0.01795000 -0.08493309 -0.03334130
v -0.01095000 -0.08493309 -0.03334130
v -0.01794999 -0.08120201 -0.03587216
v -0.01095000 -0.08493309 -0.03334130
v -0.01095039 -0.08120674 -0.03586868
v -0.01795000 -0.12049470 0.00819387
v -0.01095056 -0.12053570 0.00815776
v -0.01095000 -0.11683320 0.01103614
v -0.01795000 -0.11683320 0.01103614
v -0.01795000 -0.11272111 0.01264063
v -0.01795000 -0.11683320 0.01103614
v -0.01095000 -0.11272111 0.01264063
v -0.01795000 -0.11272111 0.01264063
v -0.01095000 -0.11272111 0.01264063
v -0.01095000 -0.10832310 0.01301631
v -0.01795000 -0.10832310 0.01301631
v -0.01795000 -0.10399850 0.01213248
v -0.01795000 -0.10832310 0.01301631
v -0.01095000 -0.10399850 0.01213248
v -0.01795000 -0.10399850 0.01213248
v -0.01095000 -0.10399850 0.01213248
v -0.01095668 -0.09983124 0.00973622
v -0.01812292 -0.09946733 0.00955525
v -0.01795112 -0.10245820 0.00488001
v -0.01795000 -0.09478795 0.02467364
v -0.01795000 -0.05268700 0.02855797
v -0.01095021 -0.11868480 0.01422686
v -0.01795000 -0.11867611 0.01423231
v -0.01095000 -0.11510781 0.01602397
v -0.01795000 -0.11510781 0.01602397
v -0.01795000 -0.11121940 0.01693084
v -0.01095000 -0.11121940 0.01693084
v -0.01095000 -0.11510781 0.01602397
v -0.01095000 -0.11121940 0.01693084
v -0.01795000 -0.11121940 0.01693084
v -0.01095000 -0.10722670 0.01690256
v -0.01795000 -0.10722670 0.01690256
v -0.01795000 -0.10335161 0.01594071
v -0.01095000 -0.10335161 0.01594071
v -0.01095000 -0.10722670 0.01690256
v -0.01095000 -0.10335161 0.01594071
v -0.01795000 -0.10335161 0.01594071
v -0.01095099 -0.09872388 0.01356447
v -0.01795000 -0.11862771 -0.01394093
v -0.01095055 -0.11863991 -0.01399565
v -0.01095000 -0.11733600 -0.00948877
v -0.01795000 -0.11733600 -0.00948877
v -0.01795000 -0.11495231 -0.00577370
v -0.01795000 -0.11733600 -0.00948877
v -0.01095000 -0.11495231 -0.00577370
v -0.01795000 -0.11495231 -0.00577370
v -0.01095000 -0.11495231 -0.00577370
v -0.01095000 -0.11161510 -0.00288469
v -0.01795000 -0.11161510 -0.00288469
v -0.01795000 -0.11806391 -0.00591242
v -0.01795000 -0.11983351 -0.01017494
v -0.01095000 -0.11806391 -0.00591242
v -0.01795000 -0.10759691 -0.00105778
v -0.01795000 -0.11161510 -0.00288469
v -0.01095000 -0.10759691 -0.00105778
v -0.01795000 -0.10759691 -0.00105778
v -0.01095000 -0.10759691 -0.00105778
v -0.01095533 -0.10281681 -0.00054690
v -0.01796637 -0.10299460 -0.00057876
v -0.01095031 -0.12071161 -0.00799468
v -0.01795000 -0.12072581 -0.00802306
v -0.01095000 -0.11859941 -0.00404892
v -0.01795000 -0.11859941 -0.00404892
v -0.01795000 -0.11553781 -0.00079858
v -0.01095000 -0.11553781 -0.00079858
v -0.01095000 -0.11859941 -0.00404892
v -0.01095000 -0.11553781 -0.00079858
v -0.01795000 -0.11553781 -0.00079858
v -0.01095000 -0.11173330 0.00153905
v -0.01795000 -0.11173330 0.00153905
v -0.01795000 -0.10745031 0.00280160
v -0.01095000 -0.10745031 0.00280160
v -0.01095000 -0.11173330 0.00153905
v -0.01095000 -0.10745031 0.00280160
v -0.01795000 -0.10745031 0.00280160
v -0.01095538 -0.10255230 0.00306544
v -0.01795000 -0.11828840 -0.01517290
v -0.01795000 -0.11703431 -0.01084219
v -0.01095000 -0.11703431 -0.01084219
v -0.01094988 -0.11828221 -0.01514951
v -0.01095142 -0.11986271 -0.01026133
v -0.01795000 -0.09588752 0.02358333
v -0.01095000 -0.11703431 -0.01084219
v -0.01795000 -0.11703431 -0.01084219
v -0.01095000 -0.11471531 -0.00702633
v -0.01795000 -0.11471531 -0.00702633
v -0.01795000 -0.11148011 -0.00394880
v -0.01095000 -0.11148011 -0.00394880
v -0.01095000 -0.11471531 -0.00702633
v -0.01095000 -0.11148011 -0.00394880
v -0.01795000 -0.11148011 -0.00394880
v -0.01095000 -0.10755311 -0.00182336
v -0.01795000 -0.10755311 -0.00182336
v -0.01796637 -0.10299460 -0.00057876
v -0.01095533 -0.10281681 -0.00054690
v -0.01095000 -0.10755311 -0.00182336
v -0.01795000 -0.11808551 0.00458752
v -0.01795010 -0.12110521 0.00125043
v -0.01095000 -0.11808551 0.00458752
v -0.01795000 -0.11808551 0.00458752
v -0.01095000 -0.11808551 0.00458752
v -0.01095000 -0.11443261 0.00685109
v -0.01795000 -0.11443261 0.00685109
v -0.01795000 -0.11029741 0.00802041
v -0.01795000 -0.11443261 0.00685109
v -0.01095000 -0.11029741 0.00802041
v -0.01795000 -0.11029741 0.00802041
v -0.01095000 -0.11029741 0.00802041
v -0.01095000 -0.10600010 0.00800493
v -0.01795000 -0.10600010 0.00800493
v -0.01795000 -0.11532811 -0.00254027
v -0.01795000 -0.11806391 -0.00591242
v -0.01095000 -0.11532811 -0.00254027
v -0.01797352 -0.10172900 0.00659072
v -0.01795000 -0.10600010 0.00800493
v -0.01095423 -0.10155230 0.00654570
v -0.01795000 -0.12094610 0.00699634
v -0.01795000 -0.11738470 0.00976387
v -0.01095000 -0.11738470 0.00976387
v -0.01095013 -0.12093490 0.00700530
v -0.01095000 -0.11738470 0.00976387
v -0.01795000 -0.11738470 0.00976387
v -0.01095000 -0.11326571 0.01148793
v -0.01795000 -0.11326571 0.01148793
v -0.01795000 -0.10883941 0.01207605
v -0.01095000 -0.10883941 0.01207605
v -0.01095000 -0.11326571 0.01148793
v -0.01095000 -0.10883941 0.01207605
v -0.01795000 -0.10883941 0.01207605
v -0.01095000 -0.10441311 0.01148739
v -0.01795000 -0.10441311 0.01148739
v -0.01812292 -0.09946733 0.00955525
v -0.01095668 -0.09983124 0.00973622
v -0.01095000 -0.10441311 0.01148739
v -0.01795000 -0.11861310 -0.00266235
v -0.01795000 -0.12080240 -0.00674901
v -0.01095000 -0.11861310 -0.00266235
v -0.01795000 -0.11861310 -0.00266235
v -0.01095000 -0.11861310 -0.00266235
v -0.01095000 -0.11550921 0.00047596
v -0.01795000 -0.11550921 0.00047596
v -0.01095000 -0.11806391 -0.00591242
v -0.01795000 -0.11164421 0.00260798
v -0.01795000 -0.11550921 0.00047596
v -0.01095000 -0.11164421 0.00260798
v -0.01795000 -0.11164421 0.00260798
v -0.01095000 -0.11164421 0.00260798
v -0.01095000 -0.10733400 0.00355955
v -0.01795000 -0.10733400 0.00355955
v -0.01813646 -0.10207210 0.00305691
v -0.01795000 -0.10733400 0.00355955
v -0.01095538 -0.10255230 0.00306544
v -0.01795000 -0.08852164 0.03581430
v -0.01095065 -0.08856778 0.03584164
v -0.01095000 -0.08468651 0.03320999
v -0.01795000 -0.08468651 0.03320999
v -0.01795000 -0.08188984 0.02979500
v -0.01795000 -0.08468651 0.03320999
v -0.01095000 -0.08188984 0.02979500
v -0.01795000 -0.08188984 0.02979500
v -0.01095000 -0.08188984 0.02979500
v -0.01095000 -0.08017350 0.02572836
v -0.01795000 -0.08017350 0.02572836
v -0.01795000 -0.08017350 0.02572836
v -0.01095000 -0.08017350 0.02572836
v -0.01095000 -0.07967768 0.02134229
v -0.01795000 -0.07967768 0.02134229
v -0.01095622 -0.08067633 0.01660179
v -0.01795000 -0.07967768 0.02134229
v -0.01095000 -0.07967768 0.02134229
v -0.01795000 -0.11175251 -0.00007636
v -0.01795000 -0.11532811 -0.00254027
v -0.01095000 -0.11175251 -0.00007636
v -0.01095000 -0.08221624 0.03595034
v -0.01795000 -0.08221624 0.03595034
v -0.01095595 -0.07874594 0.03244538
v -0.01095190 -0.07180571 0.01062800
v -0.01795000 -0.06831749 0.01375112
v -0.01095000 -0.06831749 0.01375112
v -0.01095000 -0.06831749 0.01375112
v -0.01795000 -0.06831749 0.01375112
v -0.01795000 -0.06615544 0.01746498
v -0.01095000 -0.06615544 0.01746498
v -0.01795000 -0.06523436 0.02592609
v -0.01795010 -0.06661454 0.03020977
v -0.01095000 -0.06523436 0.02592609
v -0.01095000 -0.06615544 0.01746498
v -0.01795000 -0.06615544 0.01746498
v -0.01795000 -0.06510048 0.02163082
v -0.01795000 -0.06523436 0.02592609
v -0.01095000 -0.06523436 0.02592609
v -0.01095000 -0.06510048 0.02163082
v -0.01095000 -0.06510048 0.02163082
v -0.01796704 -0.06972438 0.00766234
v -0.01095609 -0.06993290 0.00752554
v -0.01795000 -0.06609508 0.01063554
v -0.01095000 -0.06609508 0.01063554
v -0.01095000 -0.11532811 -0.00254027
v -0.01795000 -0.06337215 0.01417445
v -0.01095000 -0.06609508 0.01063554
v -0.01095000 -0.06337215 0.01417445
v -0.01795000 -0.06337215 0.01417445
v -0.01095000 -0.06337215 0.01417445
v -0.01795000 -0.06166832 0.01830182
v -0.01095000 -0.06166832 0.01830182
v -0.01795000 -0.06110193 0.02273098
v -0.01095000 -0.06166832 0.01830182
v -0.01095000 -0.06110193 0.02273098
v -0.01795000 -0.06171793 0.02719907
v -0.01795000 -0.06110193 0.02273098
v -0.01095000 -0.06110193 0.02273098
v -0.01095013 -0.06171580 0.02718484
v -0.01795000 -0.10417711 0.02732349
v -0.01795001 -0.10927260 0.02717579
v -0.01095000 -0.10417711 0.02732349
v -0.01795000 -0.10417711 0.02732349
v -0.01095000 -0.10417711 0.02732349
v -0.01095000 -0.09975074 0.02607747
v -0.01795000 -0.09975074 0.02607747
v -0.01795000 -0.09588752 0.02358333
v -0.01795000 -0.09975074 0.02607747
v -0.01095000 -0.09588752 0.02358333
v -0.01795000 -0.09588752 0.02358333
v -0.01095000 -0.09588752 0.02358333
v -0.01095000 -0.09262439 0.01964079
v -0.01794602 -0.09253152 0.01949561
v -0.01795000 -0.10762720 0.00127938
v -0.01795000 -0.11175251 -0.00007636
v -0.01095000 -0.10762720 0.00127938
v -0.01795000 -0.09160902 0.03265341
v -0.01795000 -0.09590152 0.03440333
v -0.01095000 -0.09160902 0.03265341
v -0.01795000 -0.09160902 0.03265341
v -0.01095000 -0.09160902 0.03265341
v -0.01095000 -0.08816346 0.02989451
v -0.01795000 -0.08816346 0.02989451
v -0.01795000 -0.08563913 0.02627358
v -0.01795000 -0.08816346 0.02989451
v -0.01095000 -0.08563913 0.02627358
v -0.01795000 -0.08563913 0.02627358
v -0.01095000 -0.08563913 0.02627358
v -0.01095000 -0.08424224 0.02208644
v -0.01795000 -0.08424224 0.02208644
v -0.01808956 -0.08421222 0.01690627
v -0.01795000 -0.08424224 0.02208644
v -0.01095563 -0.08423391 0.01724671
v -0.01794999 -0.08979798 0.03587214
v -0.01795000 -0.08606691 0.03334130
v -0.01095000 -0.08606691 0.03334130
v -0.01095040 -0.08979251 0.03586819
v -0.01095000 -0.08606691 0.03334130
v -0.01795000 -0.08606691 0.03334130
v -0.01095000 -0.08315441 0.02995671
v -0.01795000 -0.08315441 0.02995671
v -0.01795000 -0.08122725 0.02592876
v -0.01095000 -0.08122725 0.02592876
v -0.01095000 -0.08315441 0.02995671
v -0.01095000 -0.11175251 -0.00007636
v -0.01795000 -0.08041932 0.02153723
v -0.01095622 -0.08067633 0.01660179
v -0.01095000 -0.08041932 0.02153723
v -0.01795000 -0.08122725 0.02592876
v -0.01795000 -0.08041932 0.02153723
v -0.01095000 -0.08041932 0.02153723
v -0.01095000 -0.08122725 0.02592876
v -0.01795000 -0.09781984 0.03051361
v -0.01795010 -0.10221971 0.03146019
v -0.01095000 -0.09781984 0.03051361
v -0.01795000 -0.09781984 0.03051361
v -0.01095000 -0.09781984 0.03051361
v -0.01095000 -0.09403309 0.02848191
v -0.01795000 -0.09403309 0.02848191
v -0.01795000 -0.09095283 0.02548539
v -0.01795000 -0.09403309 0.02848191
v -0.01095000 -0.09095283 0.02548539
v -0.01795000 -0.09095283 0.02548539
v -0.01095000 -0.09095283 0.02548539
v -0.01095000 -0.08881758 0.02175606
v -0.01795000 -0.08881758 0.02175606
v -0.01797048 -0.08791346 0.01737712
v -0.01795000 -0.08881758 0.02175606
v -0.01095580 -0.08785100 0.01714282
v -0.01795000 -0.09716324 0.03419506
v -0.01795000 -0.09298658 0.03249485
v -0.01095000 -0.09298658 0.03249485
v -0.01095022 -0.09714589 0.03418791
v -0.01795259 -0.10310460 0.00124743
v -0.01795000 -0.10762720 0.00127938
v -0.01095605 -0.10289940 0.00126091
v -0.01095000 -0.09298658 0.03249485
v -0.01795000 -0.09298658 0.03249485
v -0.01095000 -0.08943402 0.02978975
v -0.01795000 -0.08943402 0.02978975
v -0.01795000 -0.08671151 0.02625050
v -0.01095000 -0.08671151 0.02625050
v -0.01095000 -0.08943402 0.02978975
v -0.01095000 -0.08671151 0.02625050
v -0.01795000 -0.08671151 0.02625050
v -0.01095000 -0.08500819 0.02212293
v -0.01795000 -0.08500819 0.02212293
v -0.01808956 -0.08421222 0.01690627
v -0.01095563 -0.08423391 0.01724671
v -0.01095000 -0.08500819 0.02212293
v -0.01095247 -0.07116880 -0.00973621
v -0.01795000 -0.06700148 -0.01213248
v -0.01095000 -0.06700148 -0.01213248
v -0.01095000 -0.06700148 -0.01213248
v -0.01795000 -0.06700148 -0.01213248
v -0.01795000 -0.06267686 -0.01301631
v -0.01095000 -0.06267686 -0.01301631
v -0.01095000 -0.06267686 -0.01301631
v -0.01795000 -0.05827886 -0.01264063
v -0.01095000 -0.05827886 -0.01264063
v -0.01095000 -0.05827886 -0.01264063
v -0.01795000 -0.05827886 -0.01264063
v -0.01795000 -0.05416680 -0.01103614
v -0.01095000 -0.05416680 -0.01103614
v -0.01095000 -0.10762720 0.00127938
v -0.01796450 -0.09375687 -0.01546654
v -0.01095000 -0.05416680 -0.01103614
v -0.01795000 -0.05050529 -0.00819386
v -0.01095056 -0.05046426 -0.00815775
v -0.01797413 -0.07335675 -0.01261969
v -0.01095104 -0.07350627 -0.01250304
v -0.01795000 -0.06938855 -0.01516861
v -0.01095000 -0.06938855 -0.01516861
v -0.01795000 -0.06518141 -0.01666469
v -0.01095000 -0.06938855 -0.01516861
v -0.01095000 -0.06518141 -0.01666469
v -0.01795000 -0.06518141 -0.01666469
v -0.01095000 -0.06518141 -0.01666469
v -0.01795000 -0.06072954 -0.01700970
v -0.01095000 -0.06072954 -0.01700970
v -0.01795000 -0.05634212 -0.01617969
v -0.01095000 -0.06072954 -0.01700970
v -0.01095000 -0.05634212 -0.01617969
v -0.01795000 -0.05634212 -0.01617969
v -0.01095000 -0.05634212 -0.01617969
v -0.01794999 -0.05228482 -0.01421392
v -0.01095040 -0.05229098 -0.01421668
v -0.01795000 -0.06658690 -0.01148739
v -0.01095247 -0.07116880 -0.00973621
v -0.01095000 -0.06658690 -0.01148739
v -0.01795000 -0.06658690 -0.01148739
v -0.01095000 -0.06658690 -0.01148739
v -0.01795000 -0.06216063 -0.01207605
v -0.01095000 -0.06216063 -0.01207605
v -0.01083168 -0.12176761 0.00289532
v -0.01795000 -0.12145031 0.00328399
v -0.01095000 -0.11826501 0.00639155
v -0.01795000 -0.05773431 -0.01148793
v -0.01095000 -0.06216063 -0.01207605
v -0.01095000 -0.05773431 -0.01148793
v -0.01795000 -0.05773431 -0.01148793
v -0.01095000 -0.05773431 -0.01148793
v -0.01795000 -0.05361535 -0.00976387
v -0.01095000 -0.05361535 -0.00976387
v -0.01795000 -0.05005388 -0.00699634
v -0.01095000 -0.05361535 -0.00976387
v -0.01095013 -0.05006513 -0.00700529
v -0.01095318 -0.07638742 -0.01469650
v -0.01810961 -0.07662065 -0.01441946
v -0.01795000 -0.07353548 -0.01860761
v -0.01095000 -0.07353548 -0.01860761
v -0.01095000 -0.07353548 -0.01860761
v -0.01795000 -0.06994423 -0.02117400
v -0.01095000 -0.06994423 -0.02117400
v -0.01095000 -0.06994423 -0.02117400
v -0.01795000 -0.06994423 -0.02117400
v -0.01795000 -0.06577367 -0.02261962
v -0.01095000 -0.06577367 -0.02261962
v -0.01095000 -0.06577367 -0.02261962
v -0.01795000 -0.06136450 -0.02282637
v -0.01095000 -0.06136450 -0.02282637
v -0.01095000 -0.06136450 -0.02282637
v -0.01795000 -0.06136450 -0.02282637
v -0.01795000 -0.05686299 -0.02171895
v -0.01095055 -0.05680948 -0.02170219
v -0.01795000 -0.11826501 0.00639155
v -0.01795000 -0.07695109 -0.02041034
v -0.01095322 -0.07964197 -0.01627026
v -0.01095000 -0.07695109 -0.02041034
v -0.01795000 -0.07695109 -0.02041034
v -0.01095000 -0.07695109 -0.02041034
v -0.01795000 -0.07371619 -0.02348826
v -0.01095000 -0.07371619 -0.02348826
v -0.01795000 -0.06978953 -0.02561420
v -0.01095000 -0.07371619 -0.02348826
v -0.01095000 -0.06978953 -0.02561420
v -0.01795000 -0.06978953 -0.02561420
v -0.01095000 -0.06978953 -0.02561420
v -0.01795000 -0.06544384 -0.02664046
v -0.01095000 -0.06544384 -0.02664046
v -0.01795000 -0.06093893 -0.02649492
v -0.01095000 -0.06544384 -0.02664046
v -0.01095031 -0.06097061 -0.02649679
v -0.01095104 -0.07350627 -0.01250304
v -0.01797413 -0.07335675 -0.01261969
v -0.01795000 -0.06992820 -0.01571342
v -0.01095000 -0.06992820 -0.01571342
v -0.01095000 -0.06992820 -0.01571342
v -0.01795000 -0.06588185 -0.01747707
v -0.01095000 -0.06588185 -0.01747707
v -0.01095000 -0.06588185 -0.01747707
v -0.01795000 -0.06588185 -0.01747707
v -0.01795000 -0.06150185 -0.01802399
v -0.01095000 -0.06150185 -0.01802399
v -0.01095000 -0.11826501 0.00639155
v -0.01795000 -0.11826501 0.00639155
v -0.01095000 -0.11437360 0.00855025
v -0.01095000 -0.06150185 -0.01802399
v -0.01795000 -0.05714604 -0.01730950
v -0.01095000 -0.05714604 -0.01730950
v -0.01095000 -0.05714604 -0.01730950
v -0.01795000 -0.05714604 -0.01730950
v -0.01795000 -0.05297308 -0.01529033
v -0.01095065 -0.05292634 -0.01526404
v -0.01795000 -0.07289437 -0.01818691
v -0.01095318 -0.07638742 -0.01469650
v -0.01095000 -0.07289437 -0.01818691
v -0.01795000 -0.07289437 -0.01818691
v -0.01095000 -0.07289437 -0.01818691
v -0.01795000 -0.06909021 -0.02052500
v -0.01095000 -0.06909021 -0.02052500
v -0.01795000 -0.06480735 -0.02178807
v -0.01095000 -0.06909021 -0.02052500
v -0.01095000 -0.06480735 -0.02178807
v -0.01795000 -0.06480735 -0.02178807
v -0.01095000 -0.06480735 -0.02178807
v -0.01795000 -0.06034325 -0.02188839
v -0.01095000 -0.06034325 -0.02188839
v -0.01795000 -0.05596569 -0.02080910
v -0.01095000 -0.06034325 -0.02188839
v -0.01094988 -0.05598902 -0.02081547
v -0.01095567 -0.06867553 0.00413524
v -0.01796587 -0.06850698 0.00420385
v -0.01795000 -0.06410588 0.00562887
v -0.01095000 -0.06410588 0.00562887
v -0.01795000 -0.11437360 0.00855025
v -0.01095000 -0.06410588 0.00562887
v -0.01795000 -0.06055533 0.00825129
v -0.01095000 -0.06055533 0.00825129
v -0.01095000 -0.06055533 0.00825129
v -0.01795000 -0.06055533 0.00825129
v -0.01795000 -0.05789168 0.01177101
v -0.01095000 -0.05789168 0.01177101
v -0.01095000 -0.05789168 0.01177101
v -0.01795000 -0.05633256 0.01590049
v -0.01095000 -0.05633256 0.01590049
v -0.01095000 -0.05633256 0.01590049
v -0.01795000 -0.05633256 0.01590049
v -0.01795000 -0.05599472 0.02052395
v -0.01095065 -0.05599411 0.02057758
v -0.01795000 -0.06344686 0.00182336
v -0.01095508 -0.06818315 0.00054691
v -0.01095000 -0.06344686 0.00182336
v -0.01795000 -0.06344686 0.00182336
v -0.01095000 -0.06344686 0.00182336
v -0.01795000 -0.05951993 0.00394880
v -0.01095000 -0.05951993 0.00394880
v -0.01795000 -0.05628465 0.00702633
v -0.01095000 -0.05951993 0.00394880
v -0.01095000 -0.05628465 0.00702633
v -0.01795000 -0.05628465 0.00702633
v -0.01095000 -0.05628465 0.00702633
v -0.01795000 -0.05396572 0.01084219
v -0.01095000 -0.05396572 0.01084219
v -0.01095000 -0.11437360 0.00855025
v -0.01795000 -0.11437360 0.00855025
v -0.01095000 -0.11005091 0.00960759
v -0.01795000 -0.05271165 0.01517288
v -0.01095000 -0.05396572 0.01084219
v -0.01070545 -0.05263536 0.01553850
v -0.01095609 -0.06993290 0.00752554
v -0.01796704 -0.06972438 0.00766234
v -0.01795000 -0.06574370 0.00995395
v -0.01095000 -0.06574370 0.00995395
v -0.01095000 -0.06574370 0.00995395
v -0.01795000 -0.06281597 0.01325726
v -0.01095000 -0.06281597 0.01325726
v -0.01095000 -0.06281597 0.01325726
v -0.01795000 -0.06281597 0.01325726
v -0.01795000 -0.06094232 0.01725388
v -0.01095000 -0.06094232 0.01725388
v -0.01795000 -0.06090655 0.02620940
v -0.01095056 -0.06091732 0.02626298
v -0.01095000 -0.06027582 0.02161728
v -0.01795000 -0.06027582 0.02161728
v -0.01095000 -0.06094232 0.01725388
v -0.01795000 -0.06027582 0.02161728
v -0.01095000 -0.06027582 0.02161728
v -0.01795000 -0.06430787 0.00636862
v -0.01095567 -0.06867553 0.00413524
v -0.01095000 -0.06430787 0.00636862
v -0.01795000 -0.06430787 0.00636862
v -0.01095000 -0.06430787 0.00636862
v -0.01795000 -0.06090867 0.00926407
v -0.01095000 -0.06090867 0.00926407
v -0.01795000 -0.11005091 0.00960759
v -0.01795000 -0.05838393 0.01294700
v -0.01095000 -0.06090867 0.00926407
v -0.01095000 -0.05838393 0.01294700
v -0.01795000 -0.05838393 0.01294700
v -0.01095000 -0.05838393 0.01294700
v -0.01795000 -0.05690904 0.01716161
v -0.01095000 -0.05690904 0.01716161
v -0.01794999 -0.05658279 0.02165822
v -0.01095000 -0.05690904 0.01716161
v -0.01095040 -0.05658349 0.02165151
v -0.01095508 -0.06818315 0.00054691
v -0.01796801 -0.06799910 0.00057965
v -0.01795000 -0.06340307 0.00105778
v -0.01095000 -0.06340307 0.00105778
v -0.01095000 -0.06340307 0.00105778
v -0.01795000 -0.05938489 0.00288469
v -0.01095000 -0.05938489 0.00288469
v -0.01095000 -0.05938489 0.00288469
v -0.01795000 -0.05938489 0.00288469
v -0.01795000 -0.05604766 0.00577370
v -0.01095000 -0.05604766 0.00577370
v -0.01095000 -0.05604766 0.00577370
v -0.01795000 -0.05366403 0.00948877
v -0.01095000 -0.05366403 0.00948877
v -0.01095000 -0.05366403 0.00948877
v -0.01795000 -0.05366403 0.00948877
v -0.01795000 -0.05237233 0.01394093
v -0.01095055 -0.05236008 0.01399567
v -0.01095000 -0.11005091 0.00960759
v -0.01795000 -0.11005091 0.00960759
v -0.01095000 -0.10560241 0.00948889
v -0.01794307 -0.05261097 0.00363449
v -0.01095364 -0.05252688 0.00364193
v -0.01794919 -0.05023610 0.00808707
v -0.01065478 -0.05028804 0.00797873
v -0.01095000 -0.07760091 -0.03402695
v -0.01795057 -0.07745494 -0.03414864
v -0.01022863 -0.07452845 -0.03443370
v -0.01795000 -0.10560241 0.00948889
v -0.01795000 -0.09494751 -0.02001026
v -0.01795000 -0.09355446 -0.02064888
v -0.00809142 -0.06637381 0.03062050
v -0.00750098 -0.06529499 0.03058786
v -0.00839779 -0.05989453 0.02578253
v -0.00743870 -0.05498535 0.02036042
v -0.00847027 -0.05486053 0.01895972
v -0.01095000 -0.10560241 0.00948889
v -0.01795000 -0.10560241 0.00948889
v -0.01095227 -0.10088260 0.00822901
v 0.00501498 -0.11465410 -0.02115857
v 0.00500000 -0.11274501 -0.02368373
v 0.00501667 -0.10665610 -0.02907687
v -0.00659804 -0.11613540 -0.01895099
v -0.00748774 -0.11601600 -0.02034785
v -0.00652006 -0.11123281 -0.02565042
v -0.00639405 -0.06654525 0.03063463
v -0.00557777 -0.06535945 0.03055494
v -0.00647574 -0.05975682 0.02563984
v -0.01795153 -0.10107271 0.00829908
v -0.01795000 -0.09353985 -0.02499120
v -0.00543429 -0.05498534 0.02036253
v -0.00648369 -0.05485948 0.01896358
v 0.00499437 -0.12137271 -0.00370308
v 0.00497233 -0.12136991 0.00358006
v 0.00197422 -0.12174300 -0.00414825
v 0.00499437 -0.12137271 -0.00370308
v 0.00197422 -0.12174300 -0.00414825
v 0.00497822 -0.11855520 -0.01499164
v -0.01795000 -0.11858160 0.00098720
v -0.01795000 -0.12119871 -0.00281426
v -0.01095000 -0.11858160 0.00098720
v 0.00452590 -0.12047001 0.00981597
v 0.00499236 -0.11839441 0.01471753
v 0.00128563 -0.11794501 0.01647102
v 0.00497822 -0.11855520 -0.01499164
v 0.00084400 -0.11596090 -0.02008496
v 0.00501498 -0.11465410 -0.02115857
v 0.00128563 -0.11794501 0.01647102
v 0.00499236 -0.11839441 0.01471753
v 0.00500996 -0.11458551 0.02114376
v 0.00128563 -0.11794501 0.01647102
v 0.00500996 -0.11458551 0.02114376
v 0.00278264 -0.11412630 0.02233956
v -0.01095160 -0.12124531 -0.00289282
v -0.01795000 -0.09507027 -0.02447380
v 0.00084400 -0.11596090 -0.02008496
v 0.00264558 -0.11262751 -0.02421775
v 0.00500000 -0.11274501 -0.02368373
v 0.00501498 -0.11465410 -0.02115857
v 0.00084400 -0.11596090 -0.02008496
v 0.00500000 -0.11274501 -0.02368373
v 0.00278264 -0.11412630 0.02233956
v 0.00500996 -0.11458551 0.02114376
v 0.00491840 -0.10909820 0.02731377
v 0.00500000 -0.11274501 -0.02368373
v 0.00264558 -0.11262751 -0.02421775
v 0.00278366 -0.10784571 -0.02861939
v 0.00501667 -0.10665610 -0.02907687
v 0.00264959 -0.10973340 0.02711918
v 0.00491840 -0.10909820 0.02731377
v 0.00251605 -0.10355761 0.03143883
v 0.00251605 -0.10355761 0.03143883
v 0.00497649 -0.10666581 0.02913334
v 0.00497901 -0.10047600 0.03306005
v 0.00501667 -0.10665610 -0.02907687
v 0.00278366 -0.10784571 -0.02861939
v 0.00140192 -0.10180640 -0.03255141
v -0.01795000 -0.11520450 0.00371685
v -0.01795000 -0.11858160 0.00098720
v -0.01095000 -0.11520450 0.00371685
v 0.00500593 -0.10023571 -0.03290278
v 0.00140192 -0.10180640 -0.03255141
v 0.00476736 -0.09464727 -0.03508782
v -0.01095000 -0.11858160 0.00098720
v -0.01794954 -0.04892155 -0.02381881
v 0.00500535 -0.08927218 -0.03575736
v 0.00476736 -0.09464727 -0.03508782
v 0.00131667 -0.08719932 -0.03631640
v 0.00112843 -0.08391375 0.03627906
v 0.00495557 -0.08921669 0.03594327
v 0.00500469 -0.08173137 0.03575466
v 0.00500535 -0.08927218 -0.03575736
v 0.00131667 -0.08719932 -0.03631640
v 0.00495327 -0.08183818 -0.03597170
v 0.00112843 -0.08391375 0.03627906
v 0.00500469 -0.08173137 0.03575466
v 0.00458271 -0.07616217 0.03505975
v -0.01795000 -0.11119471 0.00538351
v -0.01795000 -0.11520450 0.00371685
v -0.01095000 -0.11119471 0.00538351
v 0.00458271 -0.07616217 0.03505975
v 0.00499333 -0.07078762 0.03289317
v 0.00127658 -0.06899356 0.03241530
v 0.00500810 -0.07085093 -0.03284788
v 0.00467935 -0.07342920 -0.03411956
v 0.00239011 -0.06794752 -0.03166071
v 0.00500810 -0.07085093 -0.03284788
v 0.00239011 -0.06794752 -0.03166071
v 0.00501278 -0.06433385 -0.02914420
v -0.01095000 -0.11520450 0.00371685
v -0.01795000 -0.09348600 0.03520560
v 0.00127658 -0.06899356 0.03241530
v 0.00499333 -0.07078762 0.03289317
v 0.00500776 -0.06437070 0.02909135
v 0.00127658 -0.06899356 0.03241530
v 0.00500776 -0.06437070 0.02909135
v 0.00279448 -0.06335048 0.02876272
v 0.00239011 -0.06794752 -0.03166071
v 0.00150294 -0.06093091 -0.02685021
v 0.00500000 -0.06181626 -0.02724502
v 0.00501278 -0.06433385 -0.02914420
v 0.00239011 -0.06794752 -0.03166071
v 0.00500000 -0.06181626 -0.02724502
v 0.00279448 -0.06335048 0.02876272
v 0.00500776 -0.06437070 0.02909135
v 0.00480000 -0.05825497 0.02368373
v 0.00500000 -0.06181626 -0.02724502
v 0.00150294 -0.06093091 -0.02685021
v 0.00496868 -0.05630979 -0.02112805
v 0.00261092 -0.05864508 0.02453955
v 0.00480000 -0.05825497 0.02368373
v 0.00277337 -0.05427551 0.01837408
v 0.00480000 -0.05825497 0.02368373
v 0.00501836 -0.05634691 0.02116309
v 0.00277337 -0.05427551 0.01837408
v -0.01795000 -0.10687771 0.00585192
v -0.01795000 -0.11119471 0.00538351
v -0.01095000 -0.10687771 0.00585192
v 0.00277337 -0.05427551 0.01837408
v 0.00501836 -0.05634691 0.02116309
v 0.00501278 -0.05264928 0.01463727
v 0.00277337 -0.05427551 0.01837408
v 0.00501278 -0.05264928 0.01463727
v 0.00468656 -0.05138154 0.01207927
v 0.00500706 -0.05259617 -0.01473309
v 0.00188080 -0.05307363 -0.01643143
v 0.00471452 -0.05033057 -0.00912010
v -0.01095000 -0.11119471 0.00538351
v -0.01795112 -0.10245820 0.00488001
v -0.01795000 -0.10687771 0.00585192
v -0.01095480 -0.10225621 0.00485074
v -0.01095000 -0.10687771 0.00585192
v -0.01078667 -0.11648270 -0.01778957
v -0.01795000 -0.11651471 -0.01847427
v -0.01795000 -0.11576430 -0.01408791
v -0.01898029 -0.06234092 -0.02611137
v -0.01078667 -0.11648270 -0.01778957
v -0.01795000 -0.11576430 -0.01408791
v -0.01095000 -0.11576430 -0.01408791
v -0.00451077 -0.05982703 0.02569106
v -0.00344979 -0.05495457 0.02034531
v -0.00448509 -0.05485225 0.01895508
v 0.00497233 -0.12136991 0.00358006
v 0.00027974 -0.12173401 0.00165972
v 0.00197422 -0.12174300 -0.00414825
v -0.01095000 -0.11576430 -0.01408791
v -0.01795000 -0.11576430 -0.01408791
v -0.01095000 -0.11388491 -0.01005417
v -0.01795000 -0.09320047 -0.03231514
v -0.01795000 -0.11388491 -0.01005417
v 0.00140192 -0.10180640 -0.03255141
v -0.00028347 -0.09471194 -0.03509012
v 0.00476736 -0.09464727 -0.03508782
v 0.00476736 -0.09464727 -0.03508782
v -0.01095000 -0.11388491 -0.01005417
v -0.01795000 -0.11388491 -0.01005417
v -0.01095000 -0.11100931 -0.00665798
v -0.01795000 -0.09528141 -0.03191741
v 0.00090142 -0.05517276 -0.01999111
v 0.00496868 -0.05630979 -0.02112805
v 0.00090142 -0.05517276 -0.01999111
v 0.00188080 -0.05307363 -0.01643143
v -0.01795000 -0.11100931 -0.00665798
v 0.00497540 -0.04963134 -0.00359404
v 0.00028924 -0.04926620 -0.00166642
v 0.00494384 -0.04953590 0.00367564
v 0.00497540 -0.04963134 -0.00359404
v -0.01095000 -0.11100931 -0.00665798
v -0.01795000 -0.11100931 -0.00665798
v -0.01095000 -0.10734060 -0.00413925
v -0.01795000 -0.09298658 0.03249485
v -0.01795000 -0.10734060 -0.00413925
v -0.01095000 -0.10734060 -0.00413925
v -0.01795000 -0.10734060 -0.00413925
v -0.01095922 -0.10278131 -0.00238417
v -0.01795000 -0.09478389 0.03176752
v -0.03745000 -0.08235875 0.01364304
v -0.02361423 -0.08250909 0.01348645
v -0.01795252 -0.10297751 -0.00243952
v -0.01094993 -0.11968471 -0.01164174
v -0.01795000 -0.11967801 -0.01162224
v -0.01095000 -0.11803200 -0.00748776
v -0.00018341 -0.12052450 -0.00970044
v -0.00018341 -0.12052450 -0.00970044
v 0.00040823 -0.11776081 -0.01660072
v 0.00084400 -0.11596090 -0.02008496
v -0.01795000 -0.11803200 -0.00748776
v 0.00086638 -0.10579710 0.03037327
v 0.00089204 -0.11589690 0.01989990
v 0.00264959 -0.10973340 0.02711918
v 0.00084400 -0.11596090 -0.02008496
v 0.00089185 -0.10541011 -0.03038803
v 0.00086638 -0.10579710 0.03037327
v 0.00264959 -0.10973340 0.02711918
v 0.00251605 -0.10355761 0.03143883
v 0.00040877 -0.10180841 0.03275364
v 0.00086638 -0.10579710 0.03037327
v 0.00251605 -0.10355761 0.03143883
v 0.00278366 -0.10784571 -0.02861939
v 0.00089185 -0.10541011 -0.03038803
v 0.00140192 -0.10180640 -0.03255141
v -0.01095000 -0.11803200 -0.00748776
v -0.01795000 -0.11803200 -0.00748776
v -0.01095000 -0.11535501 -0.00393291
v -0.01795000 -0.09253206 0.02928037
v -0.00002589 -0.09510508 0.03504848
v 0.00251605 -0.10355761 0.03143883
v 0.00497901 -0.10047600 0.03306005
v 0.00086866 -0.08763308 0.03641644
v -0.00002589 -0.09510508 0.03504848
v 0.00495557 -0.08921669 0.03594327
v 0.00086866 -0.08763308 0.03641644
v 0.00495557 -0.08921669 0.03594327
v 0.00112843 -0.08391375 0.03627906
v 0.00131667 -0.08719932 -0.03631640
v 0.00098330 -0.08335067 -0.03632160
v 0.00495327 -0.08183818 -0.03597170
v -0.01795000 -0.11535501 -0.00393291
v 0.00495327 -0.08183818 -0.03597170
v 0.00098330 -0.08335067 -0.03632160
v -0.00009844 -0.07611864 -0.03512785
v 0.00467935 -0.07342920 -0.03411956
v 0.00239011 -0.06794752 -0.03166071
v 0.00088464 -0.06789447 -0.03091353
v 0.00150294 -0.06093091 -0.02685021
v -0.01095000 -0.11535501 -0.00393291
v -0.01795000 -0.11535501 -0.00393291
v -0.01095000 -0.11183620 -0.00120880
v -0.01795000 -0.09403309 0.02848191
v 0.00089789 -0.05508489 0.02037289
v 0.00090227 -0.06559990 0.03040001
v 0.00261092 -0.05864508 0.02453955
v 0.00089789 -0.05508489 0.02037289
v 0.00261092 -0.05864508 0.02453955
v 0.00038583 -0.05280271 0.01630880
v 0.00038583 -0.05280271 0.01630880
v 0.00261092 -0.05864508 0.02453955
v 0.00277337 -0.05427551 0.01837408
v -0.00006015 -0.05036537 0.00939042
v 0.00277337 -0.05427551 0.01837408
v 0.00468656 -0.05138154 0.01207927
v -0.01795000 -0.11183620 -0.00120880
v 0.00098441 -0.04917948 0.00215640
v -0.00006015 -0.05036537 0.00939042
v 0.00494384 -0.04953590 0.00367564
v 0.00494384 -0.04953590 0.00367564
v 0.00028924 -0.04926620 -0.00166642
v 0.00098441 -0.04917948 0.00215640
v -0.00291399 -0.11608140 -0.01918177
v -0.00348550 -0.11606110 -0.02023970
v -0.00280431 -0.11114850 -0.02575537
v -0.01095000 -0.11183620 -0.00120880
v -0.01795000 -0.11183620 -0.00120880
v -0.01095000 -0.10772400 0.00049213
v -0.01795402 -0.09212671 -0.01635833
v -0.01897482 -0.06001101 -0.02763667
v -0.01795000 -0.10772400 0.00049213
v 0.00503002 -0.11889321 -0.02045984
v 0.00501498 -0.11465410 -0.02115857
v 0.01098243 -0.11445910 -0.02122308
v 0.01090983 -0.11988421 -0.01863931
v 0.00502556 -0.11986500 -0.01856814
v 0.00503002 -0.11889321 -0.02045984
v 0.01099155 -0.11879161 -0.02045369
v -0.01095000 -0.10772400 0.00049213
v -0.01795000 -0.10772400 0.00049213
v -0.01095605 -0.10289940 0.00126091
v -0.01795000 -0.09230146 -0.02915322
v 0.00497822 -0.11855520 -0.01499164
v 0.01090983 -0.11988421 -0.01863931
v 0.01098946 -0.11838581 -0.01457522
v -0.01795259 -0.10310460 0.00124743
v 0.00503002 -0.11889321 -0.02045984
v 0.00497822 -0.11855520 -0.01499164
v 0.00501498 -0.11465410 -0.02115857
v 0.01092098 -0.12474721 -0.00089208
v 0.00499437 -0.12137271 -0.00370308
v 0.01099129 -0.12114220 -0.00397341
v 0.01092098 -0.12474721 -0.00089208
v 0.00502880 -0.12471380 0.00076572
v 0.00500935 -0.12425911 -0.00136714
v 0.00502880 -0.12471380 0.00076572
v 0.01092098 -0.12474721 -0.00089208
v 0.01078294 -0.12418361 0.00143985
v -0.01795000 -0.11612311 -0.01255364
v -0.01794972 -0.11698231 -0.01716075
v -0.01095000 -0.11612311 -0.01255364
v -0.01795000 -0.09402269 -0.02881440
v -0.01094993 -0.11697471 -0.01711841
v 0.00500935 -0.12425911 -0.00136714
v 0.00502880 -0.12471380 0.00076572
v 0.00497233 -0.12136991 0.00358006
v 0.00499437 -0.12137271 -0.00370308
v 0.00511136 -0.11991781 0.01869399
v 0.00499236 -0.11839441 0.01471753
v 0.01099395 -0.11834250 0.01440884
v 0.01098913 -0.11985950 0.01860873
v -0.01795000 -0.11414821 -0.00868638
v -0.01795000 -0.11612311 -0.01255364
v -0.01095000 -0.11414821 -0.00868638
v 0.00511136 -0.11991781 0.01869399
v 0.01098913 -0.11985950 0.01860873
v 0.01097359 -0.11883021 0.02045493
v 0.00501290 -0.11876591 0.02047387
v 0.01097359 -0.11883021 0.02045493
v 0.00500996 -0.11458551 0.02114376
v 0.01097986 -0.11456840 0.02118786
v 0.00511136 -0.11991781 0.01869399
v 0.00501290 -0.11876591 0.02047387
v 0.00499236 -0.11839441 0.01471753
v -0.01095000 -0.11612311 -0.01255364
v 0.00500996 -0.11458551 0.02114376
v 0.00497649 -0.10666581 0.02913334
v 0.01098281 -0.10676381 0.02888319
v 0.01095702 -0.10589911 0.03355512
v -0.01795000 -0.11116291 -0.00553289
v -0.01795000 -0.11414821 -0.00868638
v -0.01095000 -0.11116291 -0.00553289
v -0.01795000 -0.05237233 0.01394093
v -0.01795000 -0.05366403 0.00948877
v -0.01795000 -0.05132202 0.01162224
v 0.00505951 -0.10400991 0.03434664
v 0.00502502 -0.10591800 0.03335744
v 0.01095702 -0.10589911 0.03355512
v 0.00505951 -0.10400991 0.03434664
v 0.01095702 -0.10589911 0.03355512
v 0.01082018 -0.10370160 0.03420898
v 0.00505951 -0.10400991 0.03434664
v 0.01082018 -0.10370160 0.03420898
v 0.00497901 -0.10047600 0.03306005
v 0.01097632 -0.09999820 0.03287353
v 0.00500000 -0.09807603 0.03330471
v 0.00497901 -0.10047600 0.03306005
v 0.01097632 -0.09999820 0.03287353
v -0.01095000 -0.11414821 -0.00868638
v 0.00497649 -0.10666581 0.02913334
v 0.00502502 -0.10591800 0.03335744
v 0.00497901 -0.10047600 0.03306005
v 0.00505951 -0.10400991 0.03434664
v 0.00502854 -0.08651899 0.03915092
v 0.01098189 -0.08941115 0.03569160
v 0.01098530 -0.08656858 0.03905915
v -0.01795000 -0.10740970 -0.00334909
v -0.01795000 -0.11116291 -0.00553289
v -0.01095000 -0.10740970 -0.00334909
v 0.00505019 -0.08439483 0.03904523
v 0.00502854 -0.08651899 0.03915092
v 0.01097789 -0.08444970 0.03909164
v 0.01098530 -0.08656858 0.03905915
v 0.00500469 -0.08173137 0.03575466
v 0.01097789 -0.08444970 0.03909164
v 0.01098427 -0.08157096 0.03570337
v -0.01095000 -0.11116291 -0.00553289
v 0.00502854 -0.08651899 0.03915092
v 0.00505019 -0.08439483 0.03904523
v 0.00500469 -0.08173137 0.03575466
v 0.00499333 -0.07078762 0.03289317
v 0.01097889 -0.07107338 0.03286849
v 0.01086770 -0.06664518 0.03444697
v -0.01795252 -0.10297751 -0.00243952
v -0.01795000 -0.10740970 -0.00334909
v -0.01095922 -0.10278131 -0.00238417
v 0.00501238 -0.06501832 0.03321158
v 0.01086770 -0.06664518 0.03444697
v 0.01094143 -0.06495515 0.03285683
v 0.00501238 -0.06501832 0.03321158
v 0.01094143 -0.06495515 0.03285683
v 0.00500776 -0.06437070 0.02909135
v -0.01095000 -0.10740970 -0.00334909
v 0.00501836 -0.05634691 0.02116309
v 0.01099010 -0.05654283 0.02122265
v 0.00503473 -0.05210251 0.02045691
v 0.01095413 -0.05220893 0.02045816
v -0.01071361 -0.12023941 0.01047791
v -0.01795000 -0.11998201 0.01068672
v -0.01095000 -0.11622011 0.01306410
v 0.00503473 -0.05210251 0.02045691
v 0.01095413 -0.05220893 0.02045816
v 0.01097893 -0.05112132 0.01863790
v 0.01099100 -0.05261625 0.01457436
v 0.00501278 -0.05264928 0.01463727
v 0.01097893 -0.05112132 0.01863790
v 0.00502403 -0.05113580 0.01857247
v -0.01795000 -0.11622011 0.01306410
v 0.00501278 -0.05264928 0.01463727
v 0.00503473 -0.05210251 0.02045691
v 0.00502403 -0.05113580 0.01857247
v 0.00494384 -0.04953590 0.00367564
v 0.01098625 -0.04984457 0.00395347
v 0.01094880 -0.04672029 0.00137735
v -0.01095000 -0.11622011 0.01306410
v -0.01795000 -0.11622011 0.01306410
v -0.01095000 -0.11196490 0.01436655
v 0.00502867 -0.04628592 -0.00076658
v 0.00500917 -0.04674088 0.00136738
v 0.01093620 -0.04618212 -0.00081958
v 0.01097849 -0.04973209 -0.00382208
v 0.00497540 -0.04963134 -0.00359404
v 0.01093620 -0.04618212 -0.00081958
v -0.01795000 -0.11196490 0.01436655
v 0.00497540 -0.04963134 -0.00359404
v 0.00494384 -0.04953590 0.00367564
v 0.00500917 -0.04674088 0.00136738
v 0.00502867 -0.04628592 -0.00076658
v 0.00507751 -0.05108244 -0.01868983
v 0.01097437 -0.05264963 -0.01441029
v 0.01097950 -0.05113807 -0.01860029
v -0.01095000 -0.11196490 0.01436655
v -0.01795000 -0.11196490 0.01436655
v -0.01095000 -0.10751690 0.01450206
v 0.01098605 -0.05216944 -0.02045273
v 0.00501537 -0.05223494 -0.02047408
v 0.00507751 -0.05108244 -0.01868983
v 0.01097950 -0.05113807 -0.01860029
v 0.00496868 -0.05630979 -0.02112805
v 0.00501537 -0.05223494 -0.02047408
v 0.01098605 -0.05216944 -0.02045273
v 0.00501537 -0.05223494 -0.02047408
v 0.00496868 -0.05630979 -0.02112805
v 0.00500706 -0.05259617 -0.01473309
v -0.01795000 -0.10751690 0.01450206
v 0.00507751 -0.05108244 -0.01868983
v 0.01091055 -0.06510705 -0.03356065
v 0.00501278 -0.06433385 -0.02914420
v 0.01099147 -0.06424080 -0.02888966
v -0.01095000 -0.10751690 0.01450206
v -0.01795000 -0.10751690 0.01450206
v -0.01095000 -0.10319030 0.01346107
v -0.01795000 -0.05296800 0.00748776
v 0.01091055 -0.06510705 -0.03356065
v 0.00505869 -0.06698240 -0.03434484
v 0.00502002 -0.06508589 -0.03335989
v 0.01097492 -0.07092472 -0.03288833
v 0.00500810 -0.07085093 -0.03284788
v 0.01083513 -0.06730889 -0.03420709
v 0.00505869 -0.06698240 -0.03434484
v -0.01795000 -0.10319030 0.01346107
v 0.00505869 -0.06698240 -0.03434484
v 0.00500810 -0.07085093 -0.03284788
v 0.00502002 -0.06508589 -0.03335989
v 0.00501278 -0.06433385 -0.02914420
v 0.01099138 -0.08443264 -0.03905794
v 0.00502639 -0.08447934 -0.03914934
v 0.01098874 -0.08156186 -0.03566179
v 0.00495327 -0.08183818 -0.03597170
v -0.01095000 -0.10319030 0.01346107
v -0.01795000 -0.10319030 0.01346107
v -0.01095253 -0.09883552 0.01124740
v 0.01090875 -0.08654731 -0.03909742
v 0.00502639 -0.08447934 -0.03914934
v 0.01099138 -0.08443264 -0.03905794
v 0.01098359 -0.08935469 -0.03575025
v 0.00500535 -0.08927218 -0.03575736
v 0.01090875 -0.08654731 -0.03909742
v 0.00504972 -0.08660451 -0.03904547
v -0.01795343 -0.09900943 0.01135710
v 0.00504972 -0.08660451 -0.03904547
v 0.00500535 -0.08927218 -0.03575736
v 0.00502639 -0.08447934 -0.03914934
v 0.00495327 -0.08183818 -0.03597170
v 0.01091451 -0.10585480 -0.03357100
v 0.00501394 -0.10597761 -0.03321671
v 0.00504911 -0.10417311 -0.03436182
v -0.01795000 -0.11765340 0.00784368
v -0.01795000 -0.12100371 0.00466941
v -0.01095000 -0.11765340 0.00784368
v 0.01091451 -0.10585480 -0.03357100
v 0.00504911 -0.10417311 -0.03436182
v 0.01079967 -0.10358880 -0.03423202
v 0.01098514 -0.10672071 -0.02899211
v 0.00501667 -0.10665610 -0.02907687
v 0.01091451 -0.10585480 -0.03357100
v -0.01095136 -0.12106861 0.00459883
v 0.00504911 -0.10417311 -0.03436182
v 0.00501394 -0.10597761 -0.03321671
v 0.00500593 -0.10023571 -0.03290278
v 0.00501667 -0.10665610 -0.02907687
v -0.01095085 -0.07667962 0.00785644
v -0.01293437 -0.07667695 0.00944628
v -0.01287326 -0.07623529 0.00736208
v -0.01293437 -0.07667695 0.00944628
v -0.01095085 -0.07667962 0.00785644
v -0.01094065 -0.07548494 0.00964297
v -0.01095085 -0.07667962 0.00785644
v -0.01287326 -0.07623529 0.00736208
v -0.01095000 -0.07474862 0.00765784
v -0.01795000 -0.11378261 0.00981154
v -0.01795000 -0.11765340 0.00784368
v -0.01095000 -0.11378261 0.00981154
v -0.01795000 -0.09189956 0.02128834
v -0.01296289 -0.07459868 0.00866127
v -0.01293437 -0.07667695 0.00944628
v -0.01094065 -0.07548494 0.00964297
v -0.01095000 -0.07474862 0.00765784
v -0.01287326 -0.07623529 0.00736208
v -0.01296289 -0.07459868 0.00866127
v -0.01095000 -0.07474862 0.00765784
v -0.01296289 -0.07459868 0.00866127
v -0.01094065 -0.07548494 0.00964297
v -0.01095000 -0.11765340 0.00784368
v -0.01287326 -0.07623529 0.00736208
v -0.01293437 -0.07667695 0.00944628
v -0.01296289 -0.07459868 0.00866127
v -0.01096515 -0.09269597 0.01628634
v -0.01790787 -0.09282817 0.01631089
v -0.01794602 -0.09253152 0.01949561
v -0.01095000 -0.09262439 0.01964079
v -0.01795000 -0.10951391 0.01060809
v -0.01795000 -0.11378261 0.00981154
v -0.01095000 -0.10951391 0.01060809
v -0.01794602 -0.09253152 0.01949561
v -0.01795024 -0.05116624 0.01017980
v -0.01095099 -0.09872388 0.01356447
v -0.01795029 -0.09869848 0.01357746
v -0.01797184 -0.09670411 0.01360437
v -0.01095060 -0.07687500 0.01647062
v -0.01791692 -0.07684478 0.01561861
v -0.01094764 -0.07549688 0.01419971
v -0.01094764 -0.07549688 0.01419971
v -0.01791692 -0.07684478 0.01561861
v -0.01792808 -0.07483793 0.01419690
v -0.01095000 -0.11378261 0.00981154
v -0.01094764 -0.07549688 0.01419971
v -0.01792808 -0.07483793 0.01419690
v -0.01794436 -0.07292965 0.01469613
v -0.01095001 -0.07282808 0.01483624
v -0.01794492 -0.08703144 -0.01927750
v -0.01094991 -0.08703129 -0.01945114
v -0.01094802 -0.08524507 -0.01736628
v -0.01792919 -0.08331533 -0.01773181
v -0.01792301 -0.08577785 -0.01775100
v -0.01094802 -0.08524507 -0.01736628
v -0.01795000 -0.10519381 0.01016871
v -0.01795000 -0.10951391 0.01060809
v -0.01095000 -0.10519381 0.01016871
v -0.01795000 -0.09188008 0.02512614
v -0.01792919 -0.08331533 -0.01773181
v -0.01094802 -0.08524507 -0.01736628
v -0.01095060 -0.08279634 -0.01839519
v -0.01095060 -0.10215890 -0.00825533
v -0.01792235 -0.10168510 -0.00755245
v -0.01094138 -0.10193821 -0.00560859
v -0.01792016 -0.10246621 -0.00522285
v -0.01794524 -0.10430690 -0.00450049
v -0.01094138 -0.10193821 -0.00560859
v -0.01095001 -0.10447230 -0.00455439
v -0.01095000 -0.10951391 0.01060809
v -0.01795153 -0.10107271 0.00829908
v -0.01795000 -0.10519381 0.01016871
v -0.01095227 -0.10088260 0.00822901
v -0.01795000 -0.09368509 0.02494401
v -0.01095000 -0.10519381 0.01016871
v -0.01795644 -0.08858052 -0.01738038
v -0.01095298 -0.08857277 -0.01717287
v -0.01795000 -0.08831248 -0.02205079
v -0.01795000 -0.09283564 -0.02098418
v -0.01795000 -0.09132232 -0.02134229
v -0.01095000 -0.08831248 -0.02205079
v -0.01795000 -0.08831248 -0.02205079
v -0.01095000 -0.08831248 -0.02205079
v -0.01795000 -0.08705072 -0.02631824
v -0.01095000 -0.08705072 -0.02631824
v -0.01795000 -0.08705072 -0.02631824
v -0.01095000 -0.08705072 -0.02631824
v -0.01795000 -0.08470935 -0.03010257
v -0.01095000 -0.08470935 -0.03010257
v -0.01795000 -0.08470935 -0.03010257
v -0.01095000 -0.08470935 -0.03010257
v -0.01795000 -0.08145378 -0.03313646
v -0.01795000 -0.09248870 -0.02542071
v -0.01795000 -0.09082651 -0.02572836
v -0.01095000 -0.08145378 -0.03313646
v -0.01795000 -0.08145378 -0.03313646
v -0.01095000 -0.08145378 -0.03313646
v -0.01795000 -0.07751400 -0.03520560
v -0.01095000 -0.07751400 -0.03520560
v -0.01795000 -0.09283564 -0.02098418
v -0.01095000 -0.09283564 -0.02098418
v -0.01795000 -0.09248870 -0.02542071
v -0.01802545 -0.09028766 -0.01638287
v -0.01095000 -0.09248870 -0.02542071
v -0.01095000 -0.09283564 -0.02098418
v -0.01795000 -0.09283564 -0.02098418
v -0.01095285 -0.09207593 -0.01615820
v -0.01795402 -0.09212671 -0.01635833
v -0.01795000 -0.06171793 0.02719907
v -0.01095013 -0.06171580 0.02718484
v -0.01095056 -0.06091732 0.02626298
v -0.01795000 -0.06090655 0.02620940
v -0.01795000 -0.09248870 -0.02542071
v -0.01095000 -0.09248870 -0.02542071
v -0.01795000 -0.09098529 -0.02960915
v -0.01794919 -0.05023610 0.00808707
v -0.01794999 -0.05658279 0.02165822
v -0.01095040 -0.05658349 0.02165151
v -0.01095065 -0.05599411 0.02057758
v -0.01795000 -0.05599472 0.02052395
v -0.01795000 -0.05271165 0.01517288
v -0.01070545 -0.05263536 0.01553850
v -0.01095055 -0.05236008 0.01399567
v -0.01795000 -0.05237233 0.01394093
v -0.01095056 -0.05046426 -0.00815775
v -0.01795000 -0.05005388 -0.00699634
v -0.01095013 -0.05006513 -0.00700529
v -0.01095000 -0.09098529 -0.02960915
v -0.01095065 -0.05292634 -0.01526404
v -0.01794999 -0.05228482 -0.01421392
v -0.01095040 -0.05229098 -0.01421668
v -0.01095055 -0.05680948 -0.02170219
v -0.01795000 -0.05596569 -0.02080910
v -0.01094988 -0.05598902 -0.02081547
v -0.01095054 -0.06194701 -0.02719287
v -0.01795000 -0.06093893 -0.02649492
v -0.01095031 -0.06097061 -0.02649679
v -0.01095065 -0.08243235 -0.03584157
v -0.01795000 -0.08247837 -0.03581429
v -0.01794999 -0.08120201 -0.03587216
v -0.01095039 -0.08120674 -0.03586868
v -0.01795000 -0.09098529 -0.02960915
v -0.01095000 -0.09098529 -0.02960915
v -0.01795000 -0.08843165 -0.03325361
v -0.01095055 -0.08994939 -0.03569781
v -0.01795000 -0.08999067 -0.03565985
v -0.01795000 -0.08875406 -0.03598200
v -0.01094988 -0.08877124 -0.03596498
v -0.01095052 -0.09727266 -0.03399472
v -0.01795000 -0.09730626 -0.03394747
v -0.01795000 -0.09616523 -0.03451719
v -0.01095052 -0.09618548 -0.03448650
v -0.01095055 -0.11863991 -0.01399565
v -0.01795000 -0.11828840 -0.01517290
v -0.01094988 -0.11828221 -0.01514951
v -0.01095054 -0.12082621 -0.00680104
v -0.01795000 -0.12080240 -0.00674901
v -0.01795000 -0.12072581 -0.00802306
v -0.01095031 -0.12071161 -0.00799468
v -0.01095000 -0.08843165 -0.03325361
v -0.01795000 -0.12094610 0.00699634
v -0.01095013 -0.12093490 0.00700530
v -0.01095056 -0.12053570 0.00815776
v -0.01795000 -0.12049470 0.00819387
v -0.01795000 -0.09716324 0.03419506
v -0.01095022 -0.09714589 0.03418791
v -0.01095056 -0.09595404 0.03442103
v -0.01795000 -0.09590152 0.03440333
v -0.01794999 -0.08979798 0.03587214
v -0.01095040 -0.08979251 0.03586819
v -0.01095065 -0.08856778 0.03584164
v -0.01795000 -0.08852164 0.03581430
v -0.01795000 -0.08843165 -0.03325361
v -0.01095000 -0.08843165 -0.03325361
v -0.01094072 -0.08561412 -0.03569705
v -0.01794980 -0.07859526 0.03215194
v -0.01795000 -0.07607223 0.02551713
v -0.01095000 -0.07607223 0.02551713
v -0.01095595 -0.07874594 0.03244538
v -0.01794843 -0.07195394 0.03241459
v -0.01095152 -0.07426229 0.03431796
v -0.01094985 -0.07195942 0.03235669
v -0.01795000 -0.07812864 -0.02618530
v -0.01095000 -0.07812864 -0.02618530
v -0.01794984 -0.07269152 -0.02978009
v -0.01095000 -0.07265343 -0.02979061
v -0.01794978 -0.10998450 -0.02195293
v -0.01795000 -0.10812581 -0.01510229
v -0.01095000 -0.10812581 -0.01510229
v -0.01095595 -0.11003541 -0.02228138
v -0.01094953 -0.11547251 -0.01821487
v -0.01794845 -0.11551060 -0.01825774
v -0.01095690 -0.11477311 -0.02113223
v -0.01795000 -0.08843165 -0.03325361
v -0.01094072 -0.08561412 -0.03569705
v -0.01795000 -0.08500818 -0.03609666
v -0.01795644 -0.08858052 -0.01738038
v -0.01795000 -0.08908529 -0.02187226
v -0.01095298 -0.08857277 -0.01717287
v -0.01095000 -0.08908529 -0.02187226
v -0.02359364 -0.08684674 0.01375641
v -0.02361327 -0.07174366 0.00135084
v -0.01095000 -0.08908529 -0.02187226
v -0.01795000 -0.08908529 -0.02187226
v -0.01795000 -0.08816819 -0.02611666
v -0.01644645 -0.06239605 -0.00413553
v -0.01643572 -0.06412616 -0.00307929
v -0.01644858 -0.06000480 -0.00382731
v -0.01641579 -0.05885798 -0.00130125
v -0.01644443 -0.06205699 -0.00654759
v -0.01645319 -0.05873594 -0.00626977
v -0.01644224 -0.05938465 -0.00777942
v -0.01646322 -0.05610157 -0.00664594
v -0.01095000 -0.08816819 -0.02611666
v -0.01438606 -0.06802903 -0.00352557
v -0.01440095 -0.06436119 -0.00297776
v -0.01449799 -0.06204154 -0.00678150
v -0.01434123 -0.06759223 -0.00739133
v -0.01445866 -0.06244493 -0.00402467
v -0.01095000 -0.08816819 -0.02611666
v -0.01795000 -0.08816819 -0.02611666
v -0.01795000 -0.08609153 -0.02993025
v -0.01640624 -0.06425850 -0.00814136
v -0.01449799 -0.06204154 -0.00678150
v -0.01644443 -0.06205699 -0.00654759
v -0.01643572 -0.06412616 -0.00307929
v -0.01644645 -0.06239605 -0.00413553
v -0.01445866 -0.06244493 -0.00402467
v -0.01644645 -0.06239605 -0.00413553
v -0.01644443 -0.06205699 -0.00654759
v -0.01449799 -0.06204154 -0.00678150
v -0.01644858 -0.06000480 -0.00382731
v -0.01795071 -0.05999455 -0.00303239
v -0.01794821 -0.05888044 -0.00610448
v -0.01645319 -0.05873594 -0.00626977
v -0.01095000 -0.08609153 -0.02993025
v -0.01813920 -0.08941835 0.01629322
v -0.01795000 -0.04999632 -0.00466940
v -0.01645319 -0.05873594 -0.00626977
v -0.01794821 -0.05888044 -0.00610448
v -0.01794538 -0.05644035 -0.00682103
v -0.01646322 -0.05610157 -0.00664594
v -0.01795071 -0.05999455 -0.00303239
v -0.01641579 -0.05885798 -0.00130125
v -0.01794771 -0.05752176 -0.00063315
v -0.00953530 -0.11597690 -0.02048183
v -0.01000000 -0.11289120 -0.02351457
v -0.01095000 -0.08609153 -0.02993025
v -0.01795000 -0.08609153 -0.02993025
v -0.01795000 -0.08302383 -0.03300355
v -0.00945433 -0.05498797 0.02033210
v -0.00839779 -0.05989453 0.02578253
v -0.00847027 -0.05486053 0.01895972
v 0.01079967 -0.10358880 -0.03423202
v 0.00504911 -0.10417311 -0.03436182
v 0.00500593 -0.10023571 -0.03290278
v -0.01095000 -0.08302383 -0.03300355
v -0.01095000 -0.08302383 -0.03300355
v -0.01795000 -0.08302383 -0.03300355
v -0.01795000 -0.07896962 -0.03520893
v 0.01091055 -0.06510705 -0.03356065
v 0.00502002 -0.06508589 -0.03335989
v 0.00501278 -0.06433385 -0.02914420
v -0.01095136 -0.07888240 -0.03524890
v -0.01795205 -0.08124726 -0.01712598
v -0.01095238 -0.08132244 -0.01693760
v -0.01795000 -0.07910046 -0.02128834
v 0.00497540 -0.04963134 -0.00359404
v 0.00502867 -0.04628592 -0.00076658
v 0.01093620 -0.04618212 -0.00081958
v -0.01095000 -0.07910046 -0.02128834
v -0.01790787 -0.09282817 0.01631089
v 0.00500917 -0.04674088 0.00136738
v 0.00494384 -0.04953590 0.00367564
v 0.01094880 -0.04672029 0.00137735
v -0.01795000 -0.07910046 -0.02128834
v -0.01095000 -0.07910046 -0.02128834
v -0.01795000 -0.07621206 -0.02467364
v 0.00497649 -0.10666581 0.02913334
v 0.01095702 -0.10589911 0.03355512
v 0.00502502 -0.10591800 0.03335744
v -0.01095000 -0.07621206 -0.02467364
v -0.01795000 -0.08993975 -0.03279718
v -0.01795000 -0.07621206 -0.02467364
v -0.01095000 -0.07621206 -0.02467364
v -0.01795000 -0.07253389 -0.02717848
v 0.00502880 -0.12471380 0.00076572
v 0.01078294 -0.12418361 0.00143985
v 0.00497233 -0.12136991 0.00358006
v -0.01095000 -0.07253389 -0.02717848
v -0.01795000 -0.09187752 -0.03273058
v 0.01092098 -0.12474721 -0.00089208
v 0.00500935 -0.12425911 -0.00136714
v 0.00499437 -0.12137271 -0.00370308
v -0.01795071 -0.05999455 -0.00303239
v -0.01644858 -0.06000480 -0.00382731
v -0.01641579 -0.05885798 -0.00130125
v -0.01795000 -0.07253389 -0.02717848
v -0.01095000 -0.07253389 -0.02717848
v -0.01795000 -0.06832579 -0.02862592
v -0.01445866 -0.06244493 -0.00402467
v -0.01440095 -0.06436119 -0.00297776
v -0.01643572 -0.06412616 -0.00307929
v -0.01445866 -0.06244493 -0.00402467
v -0.01640624 -0.06425850 -0.00814136
v -0.01401165 -0.06432672 -0.00805235
v -0.01449799 -0.06204154 -0.00678150
v 0.00499333 -0.07078762 0.03289317
v 0.01086770 -0.06664518 0.03444697
v 0.00505180 -0.06682531 0.03436312
v -0.01095000 -0.06832579 -0.02862592
v -0.01794994 -0.04996301 0.00035486
v -0.01794757 -0.04941963 0.00142341
v -0.01640624 -0.06425850 -0.00814136
v -0.01795000 -0.06832579 -0.02862592
v -0.01095000 -0.06832579 -0.02862592
v -0.01795000 -0.06388501 -0.02891372
v -0.01095029 -0.06386507 -0.02891409
v -0.01095285 -0.07789222 -0.01569890
v -0.01795108 -0.07777964 -0.01586728
v -0.01795000 -0.07554436 -0.01980242
v -0.01795001 -0.11452260 -0.02164097
v -0.01795057 -0.07745494 -0.03414864
v -0.01794993 -0.07428221 -0.03434543
v -0.01022863 -0.07452845 -0.03443370
v -0.01794771 -0.05752176 -0.00063315
v -0.01095000 -0.05831842 -0.00108112
v -0.01095364 -0.05252688 0.00364193
v -0.01795000 -0.07431106 0.03432550
v -0.01095000 -0.07554436 -0.01980242
v -0.01795000 -0.11862771 -0.01394093
v -0.01095000 -0.07554436 -0.01980242
v -0.01795000 -0.07554436 -0.01980242
v -0.01795000 -0.07230764 -0.02269715
v -0.01795000 -0.06200397 -0.02719828
v -0.01795000 -0.05686299 -0.02171895
v -0.01795000 -0.05297308 -0.01529033
v -0.01795000 -0.05050529 -0.00819386
v -0.01095000 -0.07230764 -0.02269715
v -0.01095000 -0.07230764 -0.02269715
v -0.01795000 -0.07230764 -0.02269715
v -0.01795000 -0.06838600 -0.02456177
v -0.01095000 -0.06838600 -0.02456177
v -0.01095000 -0.06838600 -0.02456177
v -0.01795000 -0.06838600 -0.02456177
v -0.01795000 -0.06409774 -0.02524498
v -0.01095000 -0.06409774 -0.02524498
v -0.01095000 -0.06409774 -0.02524498
v -0.01795000 -0.06409774 -0.02524498
v -0.01795000 -0.05952151 -0.02464616
v -0.01095142 -0.05943205 -0.02462833
v -0.01795000 -0.09160902 0.03265341
v -0.01795000 -0.08954622 0.03313646
v -0.01795000 -0.04954967 -0.00328399
v -0.01095238 -0.08132244 -0.01693760
v -0.01795205 -0.08124726 -0.01712598
v -0.01795000 -0.07987909 -0.02143958
v -0.01095000 -0.07987909 -0.02143958
v -0.01095000 -0.07987909 -0.02143958
v -0.01795000 -0.07987909 -0.02143958
v -0.01795000 -0.07731491 -0.02494401
v -0.01095000 -0.07731491 -0.02494401
v -0.01795000 -0.08952972 0.02156371
v -0.02449218 -0.09335315 -0.04314536
v -0.02448369 -0.09878326 -0.04181844
v -0.01902674 -0.09360325 -0.04301534
v -0.01907137 -0.04399055 0.01373614
v -0.02449762 -0.04291880 0.01082971
v -0.01972673 -0.04224544 0.00742713
v -0.01792235 -0.10168510 -0.00755245
v -0.01792016 -0.10246621 -0.00522285
v -0.01094138 -0.10193821 -0.00560859
v -0.01095000 -0.07731491 -0.02494401
v -0.01795000 -0.07731491 -0.02494401
v -0.01795000 -0.07386666 -0.02758324
v 0.00500776 -0.06437070 0.02909135
v 0.00501836 -0.05634691 0.02116309
v 0.00480000 -0.05825497 0.02368373
v -0.01792301 -0.08577785 -0.01775100
v -0.01095000 -0.07386666 -0.02758324
v -0.01095269 -0.09679103 0.01361680
v -0.01795000 -0.09112094 0.02143958
v -0.01251943 -0.08786438 0.00035982
v -0.01251937 -0.09107412 -0.00047081
v -0.01253858 -0.08528569 0.00218948
v -0.01095000 -0.07386666 -0.02758324
v -0.01795000 -0.07386666 -0.02758324
v -0.01795000 -0.06981415 -0.02914309
v -0.01253837 -0.09602365 0.00516813
v -0.01252660 -0.08428685 0.00549906
v -0.01253327 -0.08925801 0.01123889
v -0.01095000 -0.06981415 -0.02914309
v -0.01795000 -0.08945507 0.02606553
v 0.00501394 -0.10597761 -0.03321671
v -0.01253837 -0.09602365 0.00516813
v -0.01095831 -0.09704754 0.00685573
v -0.01253327 -0.08925801 0.01123889
v -0.01096544 -0.09072999 0.01239343
v -0.01095000 -0.06981415 -0.02914309
v -0.01795000 -0.06981415 -0.02914309
v -0.01795000 -0.06521344 -0.02950881
v 0.01079967 -0.10358880 -0.03423202
v 0.00500593 -0.10023571 -0.03290278
v 0.01097760 -0.09989931 -0.03285877
v 0.00504972 -0.08660451 -0.03904547
v -0.01095160 -0.06512207 -0.02950997
v -0.01795000 -0.09095283 0.02548539
v -0.01095000 -0.10741781 -0.02517955
v -0.01795000 -0.10741781 -0.02517955
v -0.01095000 -0.10734150 -0.02073013
v 0.01083513 -0.06730889 -0.03420709
v 0.00505869 -0.06698240 -0.03434484
v 0.01091055 -0.06510705 -0.03356065
v -0.01794771 -0.05752176 -0.00063315
v -0.01095364 -0.05252688 0.00364193
v -0.01794307 -0.05261097 0.00363449
v 0.01099323 -0.05643532 -0.02118753
v -0.01795000 -0.10734150 -0.02073013
v -0.01795000 -0.08943402 0.02978975
v -0.01794953 -0.04659111 0.01978015
v 0.00500706 -0.05259617 -0.01473309
v -0.01795000 -0.10741781 -0.02517955
v -0.01095000 -0.10741781 -0.02517955
v -0.01795000 -0.10631920 -0.02949189
v 0.01094880 -0.04672029 0.00137735
v -0.01082414 -0.10614261 -0.02995898
v 0.00501836 -0.05634691 0.02116309
v -0.01795000 -0.09114425 0.02939919
v 0.00502403 -0.05113580 0.01857247
v 0.00499333 -0.07078762 0.03289317
v 0.00501238 -0.06501832 0.03321158
v 0.00500776 -0.06437070 0.02909135
v -0.01095000 -0.10734150 -0.02073013
v -0.01795000 -0.10734150 -0.02073013
v -0.01095000 -0.10609591 -0.01645794
v 0.00505180 -0.06682531 0.03436312
v 0.01098430 -0.06428129 0.02899885
v 0.00501238 -0.06501832 0.03321158
v 0.00505180 -0.06682531 0.03436312
v 0.01086770 -0.06664518 0.03444697
v -0.01795000 -0.10609591 -0.01645794
v 0.00495557 -0.08921669 0.03594327
v 0.00505019 -0.08439483 0.03904523
v -0.01095000 -0.10609591 -0.01645794
v -0.01795000 -0.10609591 -0.01645794
v -0.01095000 -0.10376880 -0.01266478
v 0.00495557 -0.08921669 0.03594327
v -0.01795000 -0.10376880 -0.01266478
v -0.01795000 -0.09098529 -0.02960915
v -0.01795000 -0.08911017 -0.02979500
v -0.01401165 -0.06432672 -0.00805235
v -0.01434123 -0.06759223 -0.00739133
v -0.01449799 -0.06204154 -0.00678150
v -0.01395000 -0.06862683 -0.00591796
v -0.01438606 -0.06802903 -0.00352557
v -0.01434123 -0.06759223 -0.00739133
v -0.01095000 -0.10376880 -0.01266478
v -0.01795000 -0.10376880 -0.01266478
v -0.01095609 -0.10031881 -0.00920794
v 0.00501290 -0.11876591 0.02047387
v -0.01795752 -0.10048111 -0.00934258
v -0.01936863 -0.09870936 -0.04177250
v -0.01253858 -0.08528569 0.00218948
v -0.01252660 -0.08428685 0.00549906
v -0.01099289 -0.08420008 0.00267101
v 0.00497233 -0.12136991 0.00358006
v 0.01078294 -0.12418361 0.00143985
v 0.01097477 -0.12127840 0.00382805
v -0.01795000 -0.10300960 -0.01956050
v -0.01795000 -0.10357110 -0.02386639
v -0.01095000 -0.10300960 -0.01956050
v -0.01099289 -0.08420008 0.00267101
v -0.01252660 -0.08428685 0.00549906
v -0.01098341 -0.08271471 0.00584269
v 0.00502556 -0.11986500 -0.01856814
v 0.01098946 -0.11838581 -0.01457522
v 0.00500000 -0.11880471 -0.01257603
v 0.00497822 -0.11855520 -0.01499164
v 0.00502556 -0.11986500 -0.01856814
v -0.01252660 -0.08428685 0.00549906
v -0.01253327 -0.08925801 0.01123889
v -0.01098341 -0.08271471 0.00584269
v -0.01095000 -0.10357110 -0.02386639
v -0.01795000 -0.09058069 -0.02153723
v -0.01795000 -0.08908529 -0.02187226
v 0.01099155 -0.11879161 -0.02045369
v -0.01095000 -0.10357110 -0.02386639
v -0.01795000 -0.10357110 -0.02386639
v -0.01795000 -0.10289570 -0.02815589
v 0.00468656 -0.05138154 0.01207927
v 0.00038583 -0.05280271 0.01630880
v 0.00277337 -0.05427551 0.01837408
v -0.00006015 -0.05036537 0.00939042
v -0.01095000 -0.10289570 -0.02815589
v 0.00090227 -0.06559990 0.03040001
v 0.00127658 -0.06899356 0.03241530
v 0.00279448 -0.06335048 0.02876272
v 0.00467935 -0.07342920 -0.03411956
v -0.00009844 -0.07611864 -0.03512785
v 0.00239011 -0.06794752 -0.03166071
v -0.01795000 -0.10125680 -0.01558765
v -0.01795000 -0.10300960 -0.01956050
v -0.01095000 -0.10125680 -0.01558765
v 0.00497901 -0.10047600 0.03306005
v 0.00040877 -0.10180841 0.03275364
v 0.00251605 -0.10355761 0.03143883
v -0.00002589 -0.09510508 0.03504848
v -0.01095000 -0.10300960 -0.01956050
v 0.00089204 -0.11589690 0.01989990
v 0.00128563 -0.11794501 0.01647102
v 0.00278264 -0.11412630 0.02233956
v 0.00497822 -0.11855520 -0.01499164
v -0.00018341 -0.12052450 -0.00970044
v 0.00084400 -0.11596090 -0.02008496
v -0.01096403 -0.09170359 -0.00192468
v -0.01253837 -0.09602365 0.00516813
v -0.01251937 -0.09107412 -0.00047081
v -0.01095000 -0.10289570 -0.02815589
v -0.01795000 -0.10289570 -0.02815589
v -0.01795000 -0.10091211 -0.03232308
v -0.01095160 -0.10086751 -0.03240258
v -0.01251937 -0.09107412 -0.00047081
v -0.01251943 -0.08786438 0.00035982
v -0.01115246 -0.08834835 -0.00075847
v -0.01795220 -0.09820668 -0.01224792
v -0.01795000 -0.10125680 -0.01558765
v -0.01095133 -0.09807959 -0.01208665
v 0.00084400 -0.11596090 -0.02008496
v 0.00089547 -0.11153750 -0.02551301
v 0.00089185 -0.10541011 -0.03038803
v -0.01095000 -0.10125680 -0.01558765
v -0.01095371 -0.08559928 -0.00318099
v -0.01115246 -0.08834835 -0.00075847
v -0.01192759 -0.08652591 -0.00192060
v -0.01795000 -0.10813830 -0.01958766
v -0.01795000 -0.10836950 -0.02392385
v -0.01095000 -0.10813830 -0.01958766
v -0.01115246 -0.08834835 -0.00075847
v -0.01251943 -0.08786438 0.00035982
v -0.01192759 -0.08652591 -0.00192060
v -0.01902024 -0.06661996 0.03887937
v -0.01967285 -0.06475801 0.03863457
v -0.01957931 -0.06024933 0.03586547
v 0.00497233 -0.12136991 0.00358006
v -0.01898223 -0.05397841 0.03057373
v -0.01902024 -0.06661996 0.03887937
v -0.01957931 -0.06024933 0.03586547
v -0.01095000 -0.10836950 -0.02392385
v -0.00461125 -0.11614950 -0.01893170
v -0.00548421 -0.11601410 -0.02034756
v -0.00452360 -0.11117241 -0.02569737
v -0.01096403 -0.09170359 -0.00192468
v -0.01251937 -0.09107412 -0.00047081
v -0.01115246 -0.08834835 -0.00075847
v -0.01095000 -0.10836950 -0.02392385
v -0.01795000 -0.10836950 -0.02392385
v -0.01795000 -0.10729571 -0.02841240
v -0.01095137 -0.10726700 -0.02850395
v -0.01192759 -0.08652591 -0.00192060
v -0.01201394 -0.08387429 -0.00143469
v -0.01095371 -0.08559928 -0.00318099
v -0.01795000 -0.10669381 -0.01549260
v -0.01795000 -0.10813830 -0.01958766
v -0.01095000 -0.10669381 -0.01549260
v 0.00496868 -0.05630979 -0.02112805
v 0.00188080 -0.05307363 -0.01643143
v 0.00500706 -0.05259617 -0.01473309
v -0.01193748 -0.08365342 0.00098520
v -0.01099289 -0.08420008 0.00267101
v -0.01095629 -0.08222744 -0.00053983
v -0.01095000 -0.10813830 -0.01958766
v -0.01795000 -0.08816819 -0.02611666
v -0.01972702 -0.04365268 -0.01317838
v -0.01964015 -0.04214410 -0.00702689
v -0.02449390 -0.04206184 -0.00602264
v -0.02367705 -0.08400657 -0.01372868
v -0.01095371 -0.08559928 -0.00318099
v -0.01201394 -0.08387429 -0.00143469
v -0.01095629 -0.08222744 -0.00053983
v -0.01795000 -0.10415330 -0.01197101
v -0.01795000 -0.10669381 -0.01549260
v -0.01095000 -0.10415330 -0.01197101
v -0.01201394 -0.08387429 -0.00143469
v -0.01193748 -0.08365342 0.00098520
v -0.01095629 -0.08222744 -0.00053983
v 0.00501667 -0.10665610 -0.02907687
v 0.00140192 -0.10180640 -0.03255141
v 0.00500593 -0.10023571 -0.03290278
v -0.01095000 -0.10669381 -0.01549260
v 0.00491840 -0.10909820 0.02731377
v 0.00497649 -0.10666581 0.02913334
v 0.00251605 -0.10355761 0.03143883
v -0.01096564 -0.09718776 0.00420081
v -0.01795752 -0.10048111 -0.00934258
v -0.01795000 -0.10415330 -0.01197101
v -0.01095609 -0.10031881 -0.00920794
v -0.01253858 -0.08528569 0.00218948
v -0.01099289 -0.08420008 0.00267101
v -0.01193748 -0.08365342 0.00098520
v -0.01095000 -0.10415330 -0.01197101
v -0.01797048 -0.08791346 0.01737712
v -0.01095000 -0.09762124 -0.02341218
v -0.01795000 -0.09762124 -0.02341218
v -0.01095000 -0.09703818 -0.01900047
v -0.01795000 -0.05604766 0.00577370
v -0.01795000 -0.06340307 0.00105778
v -0.01795000 -0.09703818 -0.01900047
v -0.01795000 -0.05690904 0.01716161
v -0.01795000 -0.06090867 0.00926407
v -0.01796587 -0.06850698 0.00420385
v -0.01795000 -0.06094232 0.01725388
v -0.01795000 -0.06574370 0.00995395
v -0.01795000 -0.05396572 0.01084219
v -0.01096564 -0.09718776 0.00420081
v -0.01095831 -0.09704754 0.00685573
v -0.01253837 -0.09602365 0.00516813
v -0.01795000 -0.05951993 0.00394880
v -0.01795000 -0.09762124 -0.02341218
v -0.01095000 -0.09762124 -0.02341218
v -0.01795000 -0.09702151 -0.02782166
v -0.01796801 -0.06799910 0.00057965
v -0.01795000 -0.05789168 0.01177101
v -0.01795000 -0.06410588 0.00562887
v -0.01795000 -0.06034325 -0.02188839
v -0.01795000 -0.06909021 -0.02052500
v -0.01810961 -0.07662065 -0.01441946
v -0.01095000 -0.09702151 -0.02782166
v -0.01795000 -0.06150185 -0.01802399
v -0.01795000 -0.06992820 -0.01571342
v -0.01795000 -0.06544384 -0.02664046
v -0.01795000 -0.07371619 -0.02348826
v -0.01810755 -0.07984864 -0.01590231
v -0.01795000 -0.06577367 -0.02261962
v -0.01795000 -0.07353548 -0.01860761
v -0.01095000 -0.09703818 -0.01900047
v -0.01795000 -0.09703818 -0.01900047
v -0.01095286 -0.09529168 -0.01443781
v -0.01795000 -0.05361535 -0.00976387
v -0.01795000 -0.06216063 -0.01207605
v -0.01817636 -0.07156269 -0.00953214
v -0.01253327 -0.08925801 0.01123889
v -0.01095615 -0.08804651 0.01213730
v -0.01098341 -0.08271471 0.00584269
v -0.01795000 -0.06072954 -0.01700970
v -0.01795000 -0.06938855 -0.01516861
v -0.01795000 -0.05416680 -0.01103614
v -0.01795000 -0.06267686 -0.01301631
v -0.01795134 -0.09538202 -0.01462119
v -0.01817636 -0.07156269 -0.00953214
v -0.01795000 -0.08500819 0.02212293
v -0.01795000 -0.08943402 0.02978975
v -0.01095000 -0.08881758 0.02175606
v -0.01095000 -0.09403309 0.02848191
v -0.01253327 -0.08925801 0.01123889
v -0.01096544 -0.09072999 0.01239343
v -0.01095615 -0.08804651 0.01213730
v -0.01094918 -0.10251910 0.03148196
v -0.01795000 -0.09702151 -0.02782166
v -0.01095000 -0.09702151 -0.02782166
v -0.01795000 -0.09528141 -0.03191741
v -0.01802704 -0.08071263 0.01638150
v -0.01795000 -0.08315441 0.02995671
v -0.01095000 -0.08424224 0.02208644
v -0.01095000 -0.08816346 0.02989451
v -0.01095056 -0.09595404 0.03442103
v -0.01095000 -0.09975074 0.02607747
v -0.01095408 -0.10931621 0.02716200
v -0.01095000 -0.09528141 -0.03191741
v -0.01795000 -0.06166832 0.01830182
v -0.01795000 -0.06609508 0.01063554
v -0.01795000 -0.06510048 0.02163082
v -0.01094919 -0.06674538 0.03047997
v 0.00028924 -0.04926620 -0.00166642
v 0.00099298 -0.05007041 0.00002385
v 0.00098441 -0.04917948 0.00215640
v -0.01095499 -0.04983668 -0.00093236
v -0.01794994 -0.04996301 0.00035486
v 0.00099298 -0.05007041 0.00002385
v -0.01797766 -0.07167302 0.01076335
v 0.00099298 -0.05007041 0.00002385
v -0.01794994 -0.04996301 0.00035486
v -0.00974081 -0.04927458 0.00167417
v -0.01794980 -0.07859526 0.03215194
v -0.01794757 -0.04941963 0.00142341
v -0.01802704 -0.08071263 0.01638150
v -0.01795000 -0.09528141 -0.03191741
v -0.01095000 -0.09528141 -0.03191741
v -0.01795000 -0.09252385 -0.03541011
v -0.01095000 -0.08468651 0.03320999
v -0.01095000 -0.10733400 0.00355955
v -0.01095000 -0.11550921 0.00047596
v -0.01896146 -0.04683468 0.01875967
v -0.01898223 -0.05397841 0.03057373
v -0.01953029 -0.04662700 0.02022431
v -0.01095054 -0.12082621 -0.00680104
v -0.01795000 -0.10441311 0.01148739
v -0.01090790 -0.05452750 0.01789982
v 0.00098683 -0.05481507 0.01766052
v -0.01094993 -0.05402530 0.01711841
v -0.01795000 -0.11326571 0.01148793
v -0.01898223 -0.05397841 0.03057373
v -0.01980745 -0.04923294 0.02471383
v -0.01953029 -0.04662700 0.02022431
v -0.01094993 -0.09251033 -0.03542572
v -0.01095000 -0.10600010 0.00800493
v -0.01095000 -0.11443261 0.00685109
v 0.00099842 -0.06776715 0.03065702
v 0.00127658 -0.06899356 0.03241530
v 0.00090227 -0.06559990 0.03040001
v -0.01094920 -0.12127370 0.00100201
v -0.01795000 -0.10755311 -0.00182336
v -0.01795000 -0.06745035 0.03062743
v -0.01095790 -0.06757611 0.03067117
v 0.00099842 -0.06776715 0.03065702
v -0.01795000 -0.11471531 -0.00702633
v -0.01795000 -0.06745035 0.03062743
v 0.00099842 -0.06776715 0.03065702
v -0.01094919 -0.06674538 0.03047997
v -0.01813646 -0.10207210 0.00305691
v 0.00100079 -0.08556832 0.03542090
v 0.00086866 -0.08763308 0.03641644
v 0.00112843 -0.08391375 0.03627906
v -0.01795000 -0.11173330 0.00153905
v -0.01095000 -0.09355446 -0.02064888
v -0.01795000 -0.09355446 -0.02064888
v -0.01795000 -0.09353985 -0.02499120
v -0.01795000 -0.11859941 -0.00404892
v -0.01095000 -0.11161510 -0.00288469
v -0.01090679 -0.08551266 0.03576928
v 0.00100079 -0.08556832 0.03542090
v -0.01094989 -0.08458136 0.03581284
v -0.01095000 -0.11733600 -0.00948877
v -0.01094989 -0.08458136 0.03581284
v 0.00100079 -0.08556832 0.03542090
v 0.00112843 -0.08391375 0.03627906
v -0.01795029 -0.09869848 0.01357746
v 0.00099548 -0.10318171 0.03068590
v 0.00086638 -0.10579710 0.03037327
v 0.00040877 -0.10180841 0.03275364
v -0.01795000 -0.10722670 0.01690256
v -0.01795000 -0.11510781 0.01602397
v -0.01095000 -0.09353985 -0.02499120
v -0.01095000 -0.10832310 0.01301631
v -0.01898204 -0.09920028 0.04153962
v -0.02449915 -0.09863672 0.04193495
v -0.01969702 -0.09023829 0.04374017
v -0.01095000 -0.11683320 0.01103614
v -0.01795000 -0.08493309 -0.03334130
v -0.01795000 -0.10299930 0.03094518
v -0.01095815 -0.10310120 0.03085820
v 0.00099548 -0.10318171 0.03068590
v -0.01795000 -0.08977276 -0.02592876
v -0.01795000 -0.10299930 0.03094518
v 0.00099548 -0.10318171 0.03068590
v -0.01094918 -0.10251910 0.03148196
v -0.01802545 -0.09028766 -0.01638287
v -0.01795000 -0.09402269 -0.02881440
v 0.00128563 -0.11794501 0.01647102
v 0.00089204 -0.11589690 0.01989990
v 0.00098679 -0.11617161 0.01768666
v -0.01795000 -0.11736890 0.01694744
v 0.00098679 -0.11617161 0.01768666
v -0.01795018 -0.11615040 0.01781216
v -0.01795000 -0.09507027 -0.02447380
v -0.01795000 -0.08631350 -0.03320999
v -0.01795402 -0.09212671 -0.01635833
v -0.01795000 -0.09355446 -0.02064888
v -0.01095285 -0.09207593 -0.01615820
v -0.01795000 -0.09082651 -0.02572836
v 0.00197422 -0.12174300 -0.00414825
v 0.00027974 -0.12173401 0.00165972
v 0.00098423 -0.12095491 0.00012338
v -0.01795000 -0.09132232 -0.02134229
v -0.01795000 -0.07090763 -0.02622666
v -0.01795000 -0.07766568 -0.02068855
v -0.01094920 -0.12127370 0.00100201
v -0.01795000 -0.12104901 0.00031774
v 0.00098423 -0.12095491 0.00012338
v -0.01794978 -0.10998450 -0.02195293
v 0.00098423 -0.12095491 0.00012338
v -0.01795000 -0.12104901 0.00031774
v -0.01092893 -0.12118921 -0.00007024
v -0.01095000 -0.10268251 -0.01375112
v -0.01095000 -0.09355446 -0.02064888
v -0.01795000 -0.08733361 0.02215368
v -0.01795000 -0.10576571 -0.02592609
v -0.01795000 -0.10589950 -0.02163082
v 0.00084400 -0.11596090 -0.02008496
v 0.00040823 -0.11776081 -0.01660072
v 0.00099622 -0.11618181 -0.01767931
v -0.01797610 -0.09678367 -0.01339919
v -0.01795000 -0.09890143 -0.01760874
v -0.01094993 -0.11697471 -0.01711841
v -0.01078667 -0.11648270 -0.01778957
v 0.00099622 -0.11618181 -0.01767931
v -0.01795000 -0.09320047 -0.03231514
v -0.01095000 -0.09563241 -0.01966538
v -0.01095000 -0.09605935 -0.02405869
v -0.01095000 -0.09353985 -0.02499120
v -0.01795000 -0.09353985 -0.02499120
v -0.01795000 -0.09230146 -0.02915322
v 0.00089185 -0.10541011 -0.03038803
v 0.00099185 -0.10333240 -0.03064339
v 0.00140192 -0.10180640 -0.03255141
v -0.01795000 -0.09975091 -0.03000796
v -0.01094919 -0.10425461 -0.03047997
v -0.01795000 -0.10354970 -0.03062743
v 0.00099185 -0.10333240 -0.03064339
v -0.01795000 -0.10091681 -0.02575071
v 0.00099185 -0.10333240 -0.03064339
v -0.01795000 -0.10354970 -0.03062743
v -0.01092920 -0.10328560 -0.03094062
v -0.01493848 -0.08434896 0.00166708
v -0.01253858 -0.08528569 0.00218948
v -0.01193748 -0.08365342 0.00098520
v 0.00131667 -0.08719932 -0.03631640
v 0.00100079 -0.08543164 -0.03542090
v 0.00098330 -0.08335067 -0.03632160
v -0.01095000 -0.09230146 -0.02915322
v -0.01795000 -0.08881758 0.02175606
v -0.01493848 -0.08434896 0.00166708
v -0.01486640 -0.08622542 0.00193708
v -0.01253858 -0.08528569 0.00218948
v 0.00131667 -0.08719932 -0.03631640
v -0.01094991 -0.08641851 -0.03581272
v 0.00100079 -0.08543164 -0.03542090
v -0.01486640 -0.08622542 0.00193708
v -0.01251943 -0.08786438 0.00035982
v -0.01253858 -0.08528569 0.00218948
v -0.01094991 -0.08641851 -0.03581272
v -0.01094072 -0.08561412 -0.03569705
v 0.00100079 -0.08543164 -0.03542090
v -0.01795002 -0.06869400 -0.03196342
v -0.01795000 -0.06802996 -0.03093781
v 0.00088464 -0.06789447 -0.03091353
v -0.00898728 -0.06864131 -0.03197035
v -0.01795002 -0.06869400 -0.03196342
v 0.00088464 -0.06789447 -0.03091353
v -0.01095000 -0.09230146 -0.02915322
v -0.01795000 -0.09230146 -0.02915322
v -0.01795000 -0.08993975 -0.03279718
v 0.00088464 -0.06789447 -0.03091353
v -0.01795000 -0.06802996 -0.03093781
v -0.01092192 -0.06760636 -0.03087169
v -0.01792235 -0.10168510 -0.00755245
v -0.01095000 -0.10834971 -0.00651726
v -0.01095000 -0.11334550 -0.01221772
v 0.00090142 -0.05517276 -0.01999111
v 0.00099553 -0.05483010 -0.01770505
v 0.00188080 -0.05307363 -0.01643143
v -0.01795000 -0.08071210 -0.02294065
v -0.01062584 -0.05487080 -0.01870195
v -0.01090660 -0.05451904 -0.01787593
v 0.00099553 -0.05483010 -0.01770505
v -0.01795000 -0.08248497 -0.03025809
v -0.01095000 -0.08993975 -0.03279718
v -0.01795000 -0.08636267 -0.02374526
v -0.01794771 -0.05752176 -0.00063315
v -0.01641579 -0.05885798 -0.00130125
v -0.01095000 -0.05831842 -0.00108112
v -0.01643572 -0.06412616 -0.00307929
v -0.01440095 -0.06436119 -0.00297776
v -0.01095000 -0.06220260 -0.00253549
v -0.01794538 -0.05644035 -0.00682103
v -0.01095000 -0.05938294 -0.00778105
v -0.01401165 -0.06432672 -0.00805235
v -0.01640624 -0.06425850 -0.00814136
v -0.01095000 -0.06318349 -0.00815812
v -0.01095000 -0.07588932 0.02137363
v -0.01095000 -0.08993975 -0.03279718
v -0.01795000 -0.08993975 -0.03279718
v -0.01794972 -0.08637951 -0.03584480
v -0.01095000 -0.07015396 0.02625150
v -0.01090790 -0.05452750 0.01789982
v -0.00945433 -0.05498797 0.02033210
v -0.00847027 -0.05486053 0.01895972
v 0.00098683 -0.05481507 0.01766052
v -0.01090790 -0.05452750 0.01789982
v -0.00847027 -0.05486053 0.01895972
v -0.01095000 -0.07084500 0.01870327
v -0.00648369 -0.05485948 0.01896358
v -0.00743870 -0.05498535 0.02036042
v -0.00648369 -0.05485948 0.01896358
v 0.01098946 -0.11838581 -0.01457522
v -0.00543429 -0.05498534 0.02036253
v -0.00448509 -0.05485225 0.01895508
v -0.00448509 -0.05485225 0.01895508
v -0.00291463 -0.05491788 0.01918025
v 0.00491840 -0.10909820 0.02731377
v 0.00500996 -0.11458551 0.02114376
v 0.00497649 -0.10666581 0.02913334
v -0.00344979 -0.05495457 0.02034531
v -0.00291463 -0.05491788 0.01918025
v -0.01094991 -0.08641851 -0.03581272
v 0.01097986 -0.11456840 0.02118786
v -0.01795000 -0.04436157 -0.01413790
v 0.00089789 -0.05508489 0.02037289
v 0.00458271 -0.07616217 0.03505975
v 0.00500469 -0.08173137 0.03575466
v 0.00499333 -0.07078762 0.03289317
v 0.00038583 -0.05280271 0.01630880
v 0.00501836 -0.05634691 0.02116309
v -0.01070545 -0.05263536 0.01553850
v -0.01094993 -0.05402530 0.01711841
v -0.00802095 -0.05362423 0.01696991
v 0.00098683 -0.05481507 0.01766052
v 0.00468656 -0.05138154 0.01207927
v 0.00501278 -0.05264928 0.01463727
v 0.00494384 -0.04953590 0.00367564
v -0.00650789 -0.05374977 0.01704455
v -0.00556586 -0.05273817 0.01636972
v 0.00500706 -0.05259617 -0.01473309
v -0.01095000 -0.10255420 -0.02481823
v -0.01795000 -0.10255420 -0.02481823
v -0.01095000 -0.10222400 -0.02038042
v -0.00006265 -0.05363114 0.01692976
v 0.00038583 -0.05280271 0.01630880
v 0.00495327 -0.08183818 -0.03597170
v 0.00467935 -0.07342920 -0.03411956
v 0.00500810 -0.07085093 -0.03284788
v -0.00802095 -0.05362423 0.01696991
v -0.00650789 -0.05374977 0.01704455
v -0.00756309 -0.05260331 0.01624080
v 0.00495327 -0.08183818 -0.03597170
v 0.01098359 -0.08935469 -0.03575025
v -0.01095002 -0.06754262 -0.00742032
v -0.01960438 -0.06970182 0.03609619
v -0.02451182 -0.06721865 0.03830847
v -0.01902024 -0.06661996 0.03887937
v -0.01795000 -0.10222400 -0.02038042
v -0.01895079 -0.07045732 0.03277154
v -0.01960438 -0.06970182 0.03609619
v -0.01902024 -0.06661996 0.03887937
v -0.01795000 -0.10255420 -0.02481823
v -0.01095000 -0.10255420 -0.02481823
v -0.01795000 -0.10170370 -0.02918628
v -0.01095000 -0.10170370 -0.02918628
v -0.00958263 -0.06909398 0.03256656
v 0.00127658 -0.06899356 0.03241530
v 0.00099842 -0.06776715 0.03065702
v -0.01095790 -0.06757611 0.03067117
v -0.01095000 -0.10222400 -0.02038042
v -0.01795000 -0.10222400 -0.02038042
v -0.01095000 -0.10073651 -0.01618633
v -0.01063904 -0.05904483 0.02479746
v -0.01083430 -0.06485920 0.02995660
v -0.01094919 -0.06674538 0.03047997
v -0.00809142 -0.06637381 0.03062050
v 0.00099842 -0.06776715 0.03065702
v -0.00639405 -0.06654525 0.03063463
v -0.01063698 -0.09374665 0.03530926
v -0.00557777 -0.06535945 0.03055494
v -0.01071361 -0.12023941 0.01047791
v 0.00090227 -0.06559990 0.03040001
v -0.01795000 -0.10073651 -0.01618633
v -0.00953530 -0.11597690 -0.02048183
v -0.01084049 -0.10926301 -0.02738254
v -0.00809142 -0.06637381 0.03062050
v -0.00639405 -0.06654525 0.03063463
v -0.00750098 -0.06529499 0.03058786
v -0.00952100 -0.05287466 -0.01637034
v -0.01063733 -0.05079660 -0.01051179
v -0.01795000 -0.10170370 -0.02918628
v -0.01095000 -0.10170370 -0.02918628
v -0.01795000 -0.09973253 -0.03317598
v -0.01095030 -0.09972230 -0.03319445
v -0.01969702 -0.09023829 0.04374017
v -0.02449915 -0.09863672 0.04193495
v -0.02449658 -0.08938305 0.04368272
v -0.01090679 -0.08551266 0.03576928
v -0.00945134 -0.08785273 0.03659013
v -0.00847022 -0.08660705 0.03601649
v -0.00743865 -0.08787514 0.03660616
v -0.00648301 -0.08660859 0.03601767
v -0.00543520 -0.08787703 0.03660713
v -0.00448414 -0.08659669 0.03601973
v -0.00847494 -0.10254001 -0.03174698
v -0.00944524 -0.10175351 -0.03287068
v -0.00947082 -0.09520116 -0.03514256
v -0.00345284 -0.08784720 0.03662602
v -0.00290859 -0.08682886 0.03607700
v -0.01095000 -0.10073651 -0.01618633
v -0.01795000 -0.10073651 -0.01618633
v -0.01095133 -0.09807959 -0.01208665
v -0.00290859 -0.08682886 0.03607700
v 0.00086866 -0.08763308 0.03641644
v 0.00100079 -0.08556832 0.03542090
v -0.00648301 -0.08660859 0.03601767
v -0.00448414 -0.08659669 0.03601973
v -0.01090679 -0.08551266 0.03576928
v -0.00847022 -0.08660705 0.03601649
v -0.01795220 -0.09820668 -0.01224792
v -0.00945134 -0.08785273 0.03659013
v -0.01095815 -0.10310120 0.03085820
v -0.00955067 -0.10573391 0.03050058
v -0.00859761 -0.10443420 0.03064640
v -0.00748772 -0.10584791 0.03051597
v -0.00659805 -0.10445060 0.03063574
v -0.00548420 -0.10584761 0.03051405
v -0.00461124 -0.10443120 0.03064993
v -0.00348552 -0.10573951 0.03056122
v -0.00291402 -0.10468220 0.03058113
v -0.01095000 -0.09856012 -0.02277351
v -0.01795000 -0.09856012 -0.02277351
v -0.01795000 -0.09821412 -0.02710204
v -0.00291402 -0.10468220 0.03058113
v 0.00086638 -0.10579710 0.03037327
v 0.00099548 -0.10318171 0.03068590
v -0.00659805 -0.10445060 0.03063574
v -0.00461124 -0.10443120 0.03064993
v -0.00944524 -0.10175351 -0.03287068
v -0.00947082 -0.09520116 -0.03514256
v -0.01095815 -0.10310120 0.03085820
v -0.00859761 -0.10443420 0.03064640
v -0.01095000 -0.09821412 -0.02710204
v -0.00956557 -0.05499152 -0.02037374
v -0.01094989 -0.08458136 0.03581284
v 0.00112843 -0.08391375 0.03627906
v -0.00918196 -0.08385820 0.03631645
v -0.00952100 -0.05287466 -0.01637034
v -0.00280396 -0.05985184 0.02575576
v -0.01795000 -0.09767157 -0.01852304
v -0.01795000 -0.09856012 -0.02277351
v -0.01095000 -0.09767157 -0.01852304
v -0.00278318 -0.09510338 0.03505664
v -0.00280388 -0.11125580 0.02564819
v -0.00144988 -0.12211081 -0.00224769
v -0.00248373 -0.12053760 -0.00979531
v -0.00018341 -0.12052450 -0.00970044
v 0.00089547 -0.11153750 -0.02551301
v -0.00143290 -0.10174421 -0.03289246
v -0.00302043 -0.09508487 -0.03514405
v -0.00028347 -0.09471194 -0.03509012
v -0.01095000 -0.09856012 -0.02277351
v -0.00009844 -0.07611864 -0.03512785
v 0.00079771 -0.06561476 -0.03046345
v -0.00383275 -0.05969063 -0.02559592
v 0.00150294 -0.06093091 -0.02685021
v -0.01083445 -0.10112220 0.03285386
v -0.01094918 -0.10251910 0.03148196
v -0.00809292 -0.10245481 0.03187449
v 0.00099548 -0.10318171 0.03068590
v -0.00650793 -0.10254670 0.03174929
v -0.00556572 -0.10185981 0.03276558
v -0.01972702 -0.04365268 -0.01317838
v -0.01896966 -0.04471003 -0.01398826
v -0.01964015 -0.04214410 -0.00702689
v -0.01095000 -0.09821412 -0.02710204
v -0.01795000 -0.09821412 -0.02710204
v -0.01795000 -0.09666166 -0.03115740
v -0.00006253 -0.10242881 0.03186951
v 0.00040877 -0.10180841 0.03275364
v -0.00809292 -0.10245481 0.03187449
v -0.00650793 -0.10254670 0.03174929
v -0.00756043 -0.10173440 0.03290887
v -0.01900620 -0.04162159 0.00052614
v -0.00906543 -0.11774131 0.01667676
v 0.00452590 -0.12047001 0.00981597
v 0.00128563 -0.11794501 0.01647102
v -0.01095000 -0.09666166 -0.03115740
v -0.01795134 -0.09538202 -0.01462119
v -0.01795000 -0.09767157 -0.01852304
v -0.01095286 -0.09529168 -0.01443781
v -0.00699002 -0.11610611 0.01940716
v -0.01795000 -0.11613601 0.01909568
v -0.01795018 -0.11615040 0.01781216
v 0.00098679 -0.11617161 0.01768666
v -0.00557748 -0.11605101 0.02014687
v -0.01095000 -0.09767157 -0.01852304
v -0.00006253 -0.10242881 0.03186951
v -0.00002589 -0.09510508 0.03504848
v 0.00089204 -0.11589690 0.01989990
v -0.01907137 -0.04399055 0.01373614
v -0.01972673 -0.04224544 0.00742713
v -0.01900620 -0.04162159 0.00052614
v -0.01095000 -0.09666166 -0.03115740
v -0.01795000 -0.09666166 -0.03115740
v -0.01795000 -0.09385498 -0.03482110
v -0.01095142 -0.09379480 -0.03488965
v -0.00906543 -0.11774131 0.01667676
v 0.00128563 -0.11794501 0.01647102
v 0.00098679 -0.11617161 0.01768666
v -0.01795000 -0.11532001 0.01435734
v -0.01795000 -0.11925701 0.01194900
v -0.01095000 -0.11532001 0.01435734
v -0.01795000 -0.11736890 0.01694744
v -0.01095137 -0.11933520 0.01189347
v -0.01092893 -0.12118921 -0.00007024
v -0.00944243 -0.12209391 -0.00236041
v -0.00847499 -0.12151630 -0.00111848
v -0.00743675 -0.12210641 -0.00237652
v -0.00648383 -0.12151700 -0.00111854
v -0.00544069 -0.12211151 -0.00223896
v -0.00447726 -0.12151620 -0.00112016
v -0.00344622 -0.12211020 -0.00224795
v -0.00247576 -0.12151581 -0.00111913
v -0.00144988 -0.12211081 -0.00224769
v -0.00100000 -0.12157940 -0.00121932
v -0.00100000 -0.12157940 -0.00121932
v 0.00197422 -0.12174300 -0.00414825
v 0.00098423 -0.12095491 0.00012338
v -0.01795000 -0.11112461 0.01547740
v -0.01795000 -0.11532001 0.01435734
v -0.01095000 -0.11112461 0.01547740
v -0.00247576 -0.12151581 -0.00111913
v -0.00648383 -0.12151700 -0.00111854
v -0.00447726 -0.12151620 -0.00112016
v -0.01092893 -0.12118921 -0.00007024
v -0.00847499 -0.12151630 -0.00111848
v -0.01095000 -0.11532001 0.01435734
v -0.00756051 -0.12211631 0.00239456
v -0.00809054 -0.12158060 0.00125242
v -0.00650866 -0.12151890 0.00112521
v -0.01795000 -0.10678360 0.01536906
v -0.01795000 -0.11112461 0.01547740
v -0.01095000 -0.10678360 0.01536906
v -0.00809054 -0.12158060 0.00125242
v -0.01083168 -0.12176761 0.00289532
v -0.01094920 -0.12127370 0.00100201
v -0.00650866 -0.12151890 0.00112521
v 0.00098423 -0.12095491 0.00012338
v -0.00561328 -0.12203701 0.00216781
v 0.00027974 -0.12173401 0.00165972
v -0.01095000 -0.11112461 0.01547740
v -0.00859674 -0.11613750 -0.01894877
v -0.01078667 -0.11648270 -0.01778957
v -0.00953530 -0.11597690 -0.02048183
v -0.00659804 -0.11613540 -0.01895099
v -0.00748774 -0.11601600 -0.02034785
v -0.00461125 -0.11614950 -0.01893170
v -0.00548421 -0.11601410 -0.02034756
v -0.00291399 -0.11608140 -0.01918177
v -0.00348550 -0.11606110 -0.02023970
v -0.00291399 -0.11608140 -0.01918177
v 0.00084400 -0.11596090 -0.02008496
v 0.00099622 -0.11618181 -0.01767931
v -0.00659804 -0.11613540 -0.01895099
v -0.00461125 -0.11614950 -0.01893170
v -0.01795000 -0.10264930 0.01404108
v -0.01795000 -0.10678360 0.01536906
v -0.01095000 -0.10264930 0.01404108
v -0.01078667 -0.11648270 -0.01778957
v -0.00859674 -0.11613750 -0.01894877
v -0.00144988 -0.12211081 -0.00224769
v -0.00247576 -0.12151581 -0.00111913
v -0.00248373 -0.12053760 -0.00979531
v -0.01095000 -0.10678360 0.01536906
v -0.01795343 -0.09900943 0.01135710
v -0.01795000 -0.10264930 0.01404108
v -0.01095253 -0.09883552 0.01124740
v -0.01095000 -0.10264930 0.01404108
v -0.00457010 -0.11793670 -0.01662356
v -0.01094993 -0.11697471 -0.01711841
v 0.00099622 -0.11618181 -0.01767931
v 0.00040823 -0.11776081 -0.01660072
v -0.00344979 -0.05495457 0.02034531
v -0.00280396 -0.05985184 0.02575576
v -0.00291463 -0.05491788 0.01918025
v 0.00099185 -0.10333240 -0.03064339
v -0.01092920 -0.10328560 -0.03094062
v -0.00847494 -0.10254001 -0.03174698
v -0.00648460 -0.10254061 -0.03174953
v -0.00448586 -0.10254030 -0.03174999
v -0.00185652 -0.10264161 -0.03174267
v 0.00140192 -0.10180640 -0.03255141
v -0.00847494 -0.10254001 -0.03174698
v -0.01092920 -0.10328560 -0.03094062
v -0.00944524 -0.10175351 -0.03287068
v -0.00648460 -0.10254061 -0.03174953
v -0.00743666 -0.10174491 -0.03289099
v -0.00448586 -0.10254030 -0.03174999
v -0.00543338 -0.10174431 -0.03289226
v -0.00185652 -0.10264161 -0.03174267
v -0.00343295 -0.10174421 -0.03289243
v -0.00247576 -0.12151581 -0.00111913
v -0.00344622 -0.12211020 -0.00224795
v -0.00248373 -0.12053760 -0.00979531
v -0.00344622 -0.12211020 -0.00224795
v -0.00348550 -0.11606110 -0.02023970
v -0.00809246 -0.10462641 -0.03062066
v -0.01082414 -0.10614261 -0.02995898
v -0.01094919 -0.10425461 -0.03047997
v -0.00754372 -0.10558001 -0.03056814
v 0.00099185 -0.10333240 -0.03064339
v 0.00089185 -0.10541011 -0.03038803
v 0.00100079 -0.08543164 -0.03542090
v -0.01094072 -0.08561412 -0.03569705
v -0.00859615 -0.08363768 -0.03635084
v 0.00089463 -0.05945513 0.02550840
v 0.00090227 -0.06559990 0.03040001
v 0.00089789 -0.05508489 0.02037289
v 0.00098330 -0.08335067 -0.03632160
v -0.00302043 -0.09508487 -0.03514405
v -0.02449218 -0.09335315 -0.04314536
v -0.01902674 -0.09360325 -0.04301534
v -0.01972814 -0.08571117 -0.04397028
v -0.02450024 -0.04369655 -0.01327680
v -0.01972702 -0.04365268 -0.01317838
v -0.02449390 -0.04206184 -0.00602264
v -0.02351505 -0.08002391 -0.01269549
v -0.02350590 -0.07278679 0.00545023
v -0.00743870 -0.05498535 0.02036042
v -0.04103281 -0.08672583 -0.02865253
v -0.04325323 -0.08062635 -0.02995958
v -0.04092665 -0.08048871 -0.02989408
v -0.04103281 -0.08672583 -0.02865253
v -0.04092665 -0.08048871 -0.02989408
v -0.03924879 -0.08033368 -0.02860917
v -0.04172109 -0.08532437 -0.02073026
v -0.03837299 -0.07931808 -0.02356516
v -0.04172369 -0.07904748 -0.02165422
v -0.04382232 -0.07916098 -0.02191475
v -0.04172109 -0.08532437 -0.02073026
v -0.04172369 -0.07904748 -0.02165422
v -0.04567372 -0.08045350 -0.02852794
v -0.04325323 -0.08062635 -0.02995958
v -0.04468455 -0.07936606 -0.02931001
v -0.04325323 -0.08062635 -0.02995958
v -0.04103281 -0.08672583 -0.02865253
v -0.04121672 -0.07945608 -0.02981883
v -0.04468455 -0.07936606 -0.02931001
v -0.04103281 -0.08672583 -0.02865253
v -0.03924879 -0.08033368 -0.02860917
v -0.03902602 -0.07921868 -0.02842937
v -0.04121672 -0.07945608 -0.02981883
v -0.03924879 -0.08033368 -0.02860917
v -0.03837299 -0.07931808 -0.02356516
v -0.03902602 -0.07921868 -0.02842937
v -0.04200686 -0.08591394 -0.02789833
v -0.04436307 -0.08578619 -0.02717137
v -0.04223869 -0.07934700 -0.02911580
v -0.04436307 -0.08578619 -0.02717137
v -0.04549897 -0.08546296 -0.02533182
v -0.04436307 -0.07918728 -0.02833091
v -0.04436307 -0.07918728 -0.02833091
v -0.04200686 -0.08591394 -0.02789833
v -0.04223869 -0.07934700 -0.02911580
v -0.04013912 -0.07911844 -0.02793910
v -0.04013912 -0.08571734 -0.02677956
v -0.04556158 -0.07885064 -0.02625840
v -0.04013912 -0.08571734 -0.02677956
v -0.04013912 -0.07911844 -0.02793910
v -0.03933841 -0.07877455 -0.02584259
v -0.03940103 -0.08530955 -0.02445889
v -0.04549897 -0.08546296 -0.02533182
v -0.04476088 -0.08505516 -0.02301115
v -0.04556158 -0.07885064 -0.02625840
v -0.04476088 -0.08505516 -0.02301115
v -0.04282346 -0.08483822 -0.02184794
v -0.04476088 -0.07845626 -0.02417070
v -0.04476088 -0.07845626 -0.02417070
v -0.03940103 -0.08530955 -0.02445889
v -0.03933841 -0.07877455 -0.02584259
v -0.04053693 -0.07838742 -0.02377888
v -0.04053693 -0.08498632 -0.02261935
v -0.04258392 -0.07825493 -0.02302321
v -0.04282346 -0.08483822 -0.02184794
v -0.04053693 -0.08498632 -0.02261935
v -0.04258392 -0.07825493 -0.02302321
v -0.04053693 -0.07838742 -0.02377888
v -0.04468455 -0.07936606 -0.02931001
v -0.04223869 -0.07934700 -0.02911580
v -0.04436307 -0.07918728 -0.02833091
v -0.04121672 -0.07945608 -0.02981883
v -0.03902602 -0.07921868 -0.02842937
v -0.04013912 -0.07911844 -0.02793910
v -0.04663925 -0.07883686 -0.02671479
v -0.04556158 -0.07885064 -0.02625840
v -0.03933841 -0.07877455 -0.02584259
v -0.03837299 -0.07931808 -0.02356516
v -0.04476088 -0.07845626 -0.02417070
v -0.04423685 -0.07813337 -0.02232542
v -0.04087893 -0.07800386 -0.02229826
v -0.04258392 -0.07825493 -0.02302321
v -0.04325323 -0.08062635 -0.02995958
v -0.04054151 -0.08052571 -0.03119648
v -0.04092665 -0.08048871 -0.02989408
v -0.04567372 -0.08045350 -0.02852794
v -0.04810544 -0.07941054 -0.02497484
v -0.04661944 -0.07964312 -0.02432768
v -0.04436307 -0.08578619 -0.02717137
v -0.04200686 -0.08591394 -0.02789833
v -0.03940103 -0.08530955 -0.02445889
v -0.04549897 -0.08546296 -0.02533182
v -0.04013912 -0.08571734 -0.02677956
v -0.04476088 -0.08505516 -0.02301115
v -0.04282346 -0.08483822 -0.02184794
v -0.04053693 -0.08498632 -0.02261935
v -0.04607518 -0.08026918 -0.03023381
v -0.04054151 -0.08052571 -0.03119648
v -0.04567372 -0.08045350 -0.02852794
v -0.04054151 -0.08052571 -0.03119648
v -0.03685097 -0.07971263 -0.02691687
v -0.03924879 -0.08033368 -0.02860917
v -0.04092665 -0.08048871 -0.02989408
v -0.04054151 -0.08052571 -0.03119648
v -0.03924879 -0.08033368 -0.02860917
v -0.04607518 -0.08026918 -0.03023381
v -0.04567372 -0.08045350 -0.02852794
v -0.04810544 -0.07941054 -0.02497484
v -0.03924879 -0.08033368 -0.02860917
v -0.03685097 -0.07971263 -0.02691687
v -0.03837299 -0.07931808 -0.02356516
v -0.03837299 -0.07931808 -0.02356516
v -0.03685097 -0.07971263 -0.02691687
v -0.03880270 -0.07880819 -0.02155220
v -0.04172369 -0.07904748 -0.02165422
v -0.03837299 -0.07931808 -0.02356516
v -0.03880270 -0.07880819 -0.02155220
v -0.04382232 -0.07916098 -0.02191475
v -0.04172369 -0.07904748 -0.02165422
v -0.03880270 -0.07880819 -0.02155220
v -0.04382232 -0.07916098 -0.02191475
v -0.03880270 -0.07880819 -0.02155220
v -0.04441991 -0.07859423 -0.02068177
v -0.04661944 -0.07964312 -0.02432768
v -0.04382232 -0.07916098 -0.02191475
v -0.04441991 -0.07859423 -0.02068177
v -0.04810544 -0.07941054 -0.02497484
v -0.04661944 -0.07964312 -0.02432768
v -0.04441991 -0.07859423 -0.02068177
v -0.04810544 -0.07941054 -0.02497484
v -0.04441991 -0.07859423 -0.02068177
v -0.04480654 -0.07693103 -0.02080276
v -0.04837131 -0.07774997 -0.02540722
v -0.03880270 -0.07880819 -0.02155220
v -0.03866846 -0.07716488 -0.02162618
v -0.04480654 -0.07693103 -0.02080276
v -0.04441991 -0.07859423 -0.02068177
v -0.03880270 -0.07880819 -0.02155220
v -0.03685097 -0.07971263 -0.02691687
v -0.03681450 -0.07813029 -0.02707743
v -0.03866846 -0.07716488 -0.02162618
v -0.03685097 -0.07971263 -0.02691687
v -0.04054151 -0.08052571 -0.03119648
v -0.04042424 -0.07887310 -0.03146814
v -0.03681450 -0.07813029 -0.02707743
v -0.04054151 -0.08052571 -0.03119648
v -0.04607518 -0.08026918 -0.03023381
v -0.04614176 -0.07868042 -0.03091945
v -0.04042424 -0.07887310 -0.03146814
v -0.04607518 -0.08026918 -0.03023381
v -0.04810544 -0.07941054 -0.02497484
v -0.04614176 -0.07868042 -0.03091945
v -0.04837131 -0.07774997 -0.02540722
v -0.04661944 -0.07964312 -0.02432768
v -0.04567372 -0.08045350 -0.02852794
v -0.04663925 -0.07883686 -0.02671479
v -0.04661944 -0.07964312 -0.02432768
v -0.04663925 -0.07883686 -0.02671479
v -0.04423685 -0.07813337 -0.02232542
v -0.04382232 -0.07916098 -0.02191475
v -0.04661944 -0.07964312 -0.02432768
v -0.04423685 -0.07813337 -0.02232542
v -0.04172109 -0.08532437 -0.02073026
v -0.04382232 -0.07916098 -0.02191475
v -0.04423685 -0.07813337 -0.02232542
v -0.03837299 -0.07931808 -0.02356516
v -0.04172109 -0.08532437 -0.02073026
v -0.04087893 -0.07800386 -0.02229826
v -0.04087893 -0.07800386 -0.02229826
v -0.04567372 -0.08045350 -0.02852794
v -0.04468455 -0.07936606 -0.02931001
v -0.04663925 -0.07883686 -0.02671479
v -0.04053693 -0.07838742 -0.02377888
v -0.04541135 -0.07404577 -0.02426890
v -0.04302423 -0.07383197 -0.02287735
v -0.04541128 -0.07013890 -0.02496790
v -0.03998434 -0.07394549 -0.02380504
v -0.03880532 -0.07422191 -0.02537811
v -0.03895596 -0.07013161 -0.02535950
v -0.04272411 -0.06988945 -0.02350602
v -0.04302423 -0.07383197 -0.02287735
v -0.03998434 -0.07394549 -0.02380504
v -0.04272411 -0.06988945 -0.02350602
v -0.03895596 -0.07013161 -0.02535950
v -0.04189773 -0.07518452 -0.03073988
v -0.04491566 -0.07500254 -0.02982062
v -0.04217859 -0.07129066 -0.03148534
v -0.04594557 -0.07088749 -0.02965672
v -0.04491566 -0.07500254 -0.02982062
v -0.04609563 -0.07475489 -0.02824580
v -0.04594557 -0.07088749 -0.02965672
v -0.03948889 -0.07491989 -0.02935028
v -0.04189773 -0.07518452 -0.03073988
v -0.03948886 -0.07103293 -0.03002373
v -0.04217859 -0.07129066 -0.03148534
v -0.03880532 -0.07422191 -0.02537811
v -0.03948889 -0.07491989 -0.02935028
v -0.03948886 -0.07103293 -0.03002373
v -0.03895596 -0.07013161 -0.02535950
v -0.04609563 -0.07475489 -0.02824580
v -0.04541135 -0.07404577 -0.02426890
v -0.04541128 -0.07013890 -0.02496790
v -0.04594557 -0.07088749 -0.02965672
v -0.04217859 -0.07129066 -0.03148534
v -0.04594557 -0.07088749 -0.02965672
v -0.04541128 -0.07013890 -0.02496790
v -0.03948886 -0.07103293 -0.03002373
v -0.03895596 -0.07013161 -0.02535950
v -0.04272411 -0.06988945 -0.02350602
v -0.04375962 -0.07112524 0.03117972
v -0.04070209 -0.07127063 0.03110216
v -0.04540958 -0.07106144 0.03004867
v -0.03881007 -0.07075177 0.02894700
v -0.03948667 -0.07014957 0.02499500
v -0.04594215 -0.07024121 0.02538841
v -0.04221512 -0.06989228 0.02351723
v -0.03880532 -0.07475951 0.02826026
v -0.03948889 -0.07405684 0.02428893
v -0.03948667 -0.07014957 0.02499500
v -0.03881007 -0.07075177 0.02894700
v -0.04609467 -0.07425193 0.02539142
v -0.04504824 -0.07507608 0.02997077
v -0.04540958 -0.07106144 0.03004867
v -0.04594215 -0.07024121 0.02538841
v -0.03948889 -0.07405684 0.02428893
v -0.04192279 -0.07382647 0.02288850
v -0.03948667 -0.07014957 0.02499500
v -0.04491566 -0.07397364 0.02381868
v -0.04609467 -0.07425193 0.02539142
v -0.04594215 -0.07024121 0.02538841
v -0.04221512 -0.06989228 0.02351723
v -0.04192279 -0.07382647 0.02288850
v -0.04491566 -0.07397364 0.02381868
v -0.04221512 -0.06989228 0.02351723
v -0.04594215 -0.07024121 0.02538841
v -0.04504824 -0.07507608 0.02997077
v -0.04099215 -0.07514807 0.03052864
v -0.04375962 -0.07112524 0.03117972
v -0.04070209 -0.07127063 0.03110216
v -0.04099215 -0.07514807 0.03052864
v -0.03880532 -0.07475951 0.02826026
v -0.04070209 -0.07127063 0.03110216
v -0.04504824 -0.07507608 0.02997077
v -0.04375962 -0.07112524 0.03117972
v -0.04540958 -0.07106144 0.03004867
v -0.03881007 -0.07075177 0.02894700
v -0.04476088 -0.07915147 0.02794662
v -0.04256727 -0.07926847 0.02926593
v -0.04544981 -0.07929567 0.02872615
v -0.03871174 -0.07914191 0.02791444
v -0.04053693 -0.07922078 0.02833835
v -0.03933846 -0.07888089 0.02626632
v -0.04556153 -0.07880706 0.02585018
v -0.04618656 -0.07848420 0.02420431
v -0.03945015 -0.07835193 0.02339751
v -0.04013912 -0.07848484 0.02417901
v -0.04436307 -0.07841552 0.02378728
v -0.04223866 -0.07829780 0.02299500
v -0.04280463 -0.07809759 0.02196662
v -0.04654216 -0.08626027 0.02534984
v -0.04638752 -0.07894243 0.02675502
v -0.04544981 -0.07929567 0.02872615
v -0.04573748 -0.08037114 0.02855765
v -0.03835768 -0.08605294 0.02417908
v -0.03851241 -0.07869738 0.02537014
v -0.03945015 -0.07835193 0.02339751
v -0.03916076 -0.07939563 0.02319305
v -0.04654216 -0.08626027 0.02534984
v -0.04685851 -0.07982235 0.02557229
v -0.04618656 -0.07848420 0.02420431
v -0.04638752 -0.07894243 0.02675502
v -0.04685851 -0.07982235 0.02557229
v -0.04339907 -0.07914155 0.02140900
v -0.04618656 -0.07848420 0.02420431
v -0.04339907 -0.07914155 0.02140900
v -0.03916076 -0.07939563 0.02319305
v -0.03945015 -0.07835193 0.02339751
v -0.04280463 -0.07809759 0.02196662
v -0.04618656 -0.07848420 0.02420431
v -0.04339907 -0.07914155 0.02140900
v -0.04280463 -0.07809759 0.02196662
v -0.04810452 -0.07977381 0.02686584
v -0.04848813 -0.07796235 0.02694451
v -0.04599670 -0.07705263 0.02145955
v -0.04607564 -0.07878135 0.02162958
v -0.04054167 -0.07869564 0.02063496
v -0.04607564 -0.07878135 0.02162958
v -0.04599670 -0.07705263 0.02145955
v -0.04035783 -0.07706626 0.02101659
v -0.03681450 -0.07785097 0.02532666
v -0.03685097 -0.07939281 0.02493638
v -0.04035783 -0.07706626 0.02101659
v -0.04054167 -0.07869564 0.02063496
v -0.03868173 -0.07880854 0.03078987
v -0.03880257 -0.08037778 0.03028654
v -0.03681450 -0.07785097 0.02532666
v -0.03685097 -0.07939281 0.02493638
v -0.04442004 -0.08047425 0.03117832
v -0.03880257 -0.08037778 0.03028654
v -0.04470713 -0.07885717 0.03161448
v -0.03868173 -0.07880854 0.03078987
v -0.04810452 -0.07977381 0.02686584
v -0.04442004 -0.08047425 0.03117832
v -0.04470713 -0.07885717 0.03161448
v -0.04848813 -0.07796235 0.02694451
v -0.04442004 -0.08047425 0.03117832
v -0.04160842 -0.08061615 0.03032086
v -0.03880257 -0.08037778 0.03028654
v -0.04160842 -0.08061615 0.03032086
v -0.04442004 -0.08047425 0.03117832
v -0.04573748 -0.08037114 0.02855765
v -0.04573748 -0.08037114 0.02855765
v -0.04442004 -0.08047425 0.03117832
v -0.04810452 -0.07977381 0.02686584
v -0.03880257 -0.08037778 0.03028654
v -0.04160842 -0.08061615 0.03032086
v -0.03805360 -0.07999981 0.02613669
v -0.04573748 -0.08037114 0.02855765
v -0.04810452 -0.07977381 0.02686584
v -0.04685851 -0.07982235 0.02557229
v -0.03880257 -0.08037778 0.03028654
v -0.03805360 -0.07999981 0.02613669
v -0.03685097 -0.07939281 0.02493638
v -0.03805360 -0.07999981 0.02613669
v -0.03916076 -0.07939563 0.02319305
v -0.03685097 -0.07939281 0.02493638
v -0.04339907 -0.07914155 0.02140900
v -0.04810452 -0.07977381 0.02686584
v -0.04607564 -0.07878135 0.02162958
v -0.03685097 -0.07939281 0.02493638
v -0.03916076 -0.07939563 0.02319305
v -0.04054167 -0.07869564 0.02063496
v -0.03916076 -0.07939563 0.02319305
v -0.04339907 -0.07914155 0.02140900
v -0.04054167 -0.07869564 0.02063496
v -0.04054167 -0.07869564 0.02063496
v -0.04339907 -0.07914155 0.02140900
v -0.04607564 -0.07878135 0.02162958
v -0.04476088 -0.08574900 0.02677928
v -0.04549897 -0.08533847 0.02445910
v -0.04289313 -0.08594690 0.02789782
v -0.03940103 -0.08549289 0.02533185
v -0.04053693 -0.08581830 0.02717101
v -0.04013912 -0.08508236 0.02301166
v -0.04436307 -0.08501305 0.02261994
v -0.04200685 -0.08488446 0.02189314
v -0.04685851 -0.07982235 0.02557229
v -0.04810452 -0.07977381 0.02686584
v -0.04339907 -0.07914155 0.02140900
v -0.04638752 -0.07894243 0.02675502
v -0.03851241 -0.07869738 0.02537014
v -0.04289313 -0.08594690 0.02789782
v -0.04053693 -0.08581830 0.02717101
v -0.04256727 -0.07926847 0.02926593
v -0.04053693 -0.08581830 0.02717101
v -0.03940103 -0.08549289 0.02533185
v -0.04053693 -0.07922078 0.02833835
v -0.04053693 -0.07922078 0.02833835
v -0.04289313 -0.08594690 0.02789782
v -0.04256727 -0.07926847 0.02926593
v -0.04476088 -0.07915147 0.02794662
v -0.04476088 -0.08574900 0.02677928
v -0.03933846 -0.07888089 0.02626632
v -0.04476088 -0.08574900 0.02677928
v -0.04476088 -0.07915147 0.02794662
v -0.04556153 -0.07880706 0.02585018
v -0.04549897 -0.08533847 0.02445910
v -0.03940103 -0.08549289 0.02533185
v -0.04013912 -0.08508236 0.02301166
v -0.03933846 -0.07888089 0.02626632
v -0.04013912 -0.08508236 0.02301166
v -0.04200685 -0.08488446 0.02189314
v -0.04013912 -0.07848484 0.02417901
v -0.04013912 -0.07848484 0.02417901
v -0.04549897 -0.08533847 0.02445910
v -0.04556153 -0.07880706 0.02585018
v -0.04436307 -0.07841552 0.02378728
v -0.04436307 -0.08501305 0.02261994
v -0.04223866 -0.07829780 0.02299500
v -0.04436307 -0.08501305 0.02261994
v -0.04436307 -0.07841552 0.02378728
v -0.04223866 -0.07829780 0.02299500
v -0.04200685 -0.08488446 0.02189314
v -0.04160842 -0.08061615 0.03032086
v -0.04256727 -0.07926847 0.02926593
v -0.03871174 -0.07914191 0.02791444
v -0.04160842 -0.08061615 0.03032086
v -0.04573748 -0.08037114 0.02855765
v -0.04544981 -0.07929567 0.02872615
v -0.04256727 -0.07926847 0.02926593
v -0.03805360 -0.07999981 0.02613669
v -0.04160842 -0.08061615 0.03032086
v -0.03871174 -0.07914191 0.02791444
v -0.03835768 -0.08605294 0.02417908
v -0.03805360 -0.07999981 0.02613669
v -0.03871174 -0.07914191 0.02791444
v -0.03851241 -0.07869738 0.02537014
v -0.04654216 -0.08626027 0.02534984
v -0.04573748 -0.08037114 0.02855765
v -0.04685851 -0.07982235 0.02557229
v -0.03835768 -0.08605294 0.02417908
v -0.03916076 -0.07939563 0.02319305
v -0.03805360 -0.07999981 0.02613669
v 0.02798318 -0.09672838 0.01765069
v 0.02799551 -0.10505031 0.00892827
v 0.02799987 -0.08706592 0.02083350
v 0.02750972 -0.09204197 0.01997026
v 0.02799831 -0.10632421 -0.00313440
v 0.02799867 -0.10381480 -0.01009386
v 0.02799894 -0.09853470 -0.01653956
v 0.02799902 -0.09194107 -0.01989529
v 0.02799908 -0.08367997 -0.02097963
v 0.02799903 -0.07657606 -0.01891224
v 0.02799893 -0.06981372 -0.01404951
v 0.02801253 -0.07869379 0.01981012
v 0.02798764 -0.07049421 0.01491620
v 0.02799874 -0.06606732 -0.00771375
v 0.02799788 -0.06608403 0.00777588
v 0.02799841 -0.06434925 0.00031265
v 0.02750430 -0.10656070 -0.00236596
v 0.02799831 -0.10632421 -0.00313440
v 0.02799551 -0.10505031 0.00892827
v 0.02749625 -0.10519250 0.00776324
v 0.02799831 -0.10632421 -0.00313440
v 0.02750430 -0.10656070 -0.00236596
v 0.02750000 -0.10389650 -0.01012771
v 0.02799867 -0.10381480 -0.01009386
v 0.02799867 -0.10381480 -0.01009386
v 0.02750000 -0.10389650 -0.01012771
v 0.02750357 -0.09923347 -0.01614144
v 0.02799894 -0.09853470 -0.01653956
v 0.02749933 -0.09899456 0.01621175
v 0.02749625 -0.10519250 0.00776324
v 0.02799551 -0.10505031 0.00892827
v 0.02749933 -0.09899456 0.01621175
v 0.02799551 -0.10505031 0.00892827
v 0.02798318 -0.09672838 0.01765069
v 0.02799894 -0.09853470 -0.01653956
v 0.02750357 -0.09923347 -0.01614144
v 0.02750000 -0.09197755 -0.01997603
v 0.02799902 -0.09194107 -0.01989529
v 0.02749933 -0.09899456 0.01621175
v 0.02798318 -0.09672838 0.01765069
v 0.02750972 -0.09204197 0.01997026
v 0.02799902 -0.09194107 -0.01989529
v 0.02750000 -0.09197755 -0.01997603
v 0.02750431 -0.08446184 -0.02116769
v 0.02799908 -0.08367997 -0.02097963
v 0.02749921 -0.08394465 0.02115844
v 0.02750972 -0.09204197 0.01997026
v 0.02799987 -0.08706592 0.02083350
v 0.02749921 -0.08394465 0.02115844
v 0.02799987 -0.08706592 0.02083350
v 0.02801253 -0.07869379 0.01981012
v 0.02799908 -0.08367997 -0.02097963
v 0.02750431 -0.08446184 -0.02116769
v 0.02750000 -0.07654741 -0.01899608
v 0.02799903 -0.07657606 -0.01891224
v 0.02750000 -0.07656987 0.01900666
v 0.02749921 -0.08394465 0.02115844
v 0.02801253 -0.07869379 0.01981012
v 0.02799903 -0.07657606 -0.01891224
v 0.02750000 -0.07654741 -0.01899608
v 0.02750364 -0.07025360 -0.01472065
v 0.02799893 -0.06981372 -0.01404951
v 0.02750004 -0.06978051 0.01415032
v 0.02750000 -0.07656987 0.01900666
v 0.02798764 -0.07049421 0.01491620
v 0.02801253 -0.07869379 0.01981012
v 0.02799893 -0.06981372 -0.01404951
v 0.02750364 -0.07025360 -0.01472065
v 0.02750000 -0.06597013 -0.00771908
v 0.02799874 -0.06606732 -0.00771375
v 0.02750000 -0.06597927 0.00774216
v 0.02750004 -0.06978051 0.01415032
v 0.02799788 -0.06608403 0.00777588
v 0.02798764 -0.07049421 0.01491620
v 0.02799874 -0.06606732 -0.00771375
v 0.02750000 -0.06597013 -0.00771908
v 0.02750489 -0.06428337 -0.00031531
v 0.02799841 -0.06434925 0.00031265
v 0.02750489 -0.06428337 -0.00031531
v 0.02750000 -0.06597927 0.00774216
v 0.02799841 -0.06434925 0.00031265
v 0.02799788 -0.06608403 0.00777588
v 0.02749592 -0.11731691 0.00322987
v 0.02749592 -0.11729320 -0.00345581
v 0.02750430 -0.10656070 -0.00236596
v 0.02749592 -0.11587990 -0.00999047
v 0.02749625 -0.10519250 0.00776324
v 0.02749439 -0.11595011 0.00977504
v 0.02749592 -0.11325251 0.01589171
v 0.02749593 -0.11313891 -0.01608849
v 0.02750000 -0.10389650 -0.01012771
v 0.02749593 -0.10934191 0.02131452
v 0.02749591 -0.10918950 -0.02148395
v 0.02750357 -0.09923347 -0.01614144
v 0.02749933 -0.09899456 0.01621175
v 0.02749592 -0.10438940 0.02580577
v 0.02749325 -0.10423350 -0.02591769
v 0.02749659 -0.09845627 -0.02924326
v 0.02749592 -0.09861130 0.02916918
v 0.02749592 -0.09203795 -0.03130499
v 0.02750000 -0.09197755 -0.01997603
v 0.02749443 -0.09225960 0.03125802
v 0.02750431 -0.08446184 -0.02116769
v 0.02749921 -0.08394465 0.02115844
v 0.02749603 -0.08561368 0.03198021
v 0.02749592 -0.08538640 -0.03198022
v 0.02749593 -0.07873983 -0.03125775
v 0.02749581 -0.07896202 0.03130499
v 0.02750000 -0.07654741 -0.01899608
v 0.02749592 -0.07238868 -0.02916917
v 0.02749593 -0.07259626 0.02926159
v 0.02750000 -0.07656987 0.01900666
v 0.02750364 -0.07025360 -0.01472065
v 0.02749439 -0.06661103 -0.02580626
v 0.02749592 -0.06679441 0.02593931
v 0.02750004 -0.06978051 0.01415032
v 0.02749592 -0.06165806 -0.02131453
v 0.02749592 -0.06181008 0.02148336
v 0.02750000 -0.06597013 -0.00771908
v 0.02749592 -0.05774752 -0.01589173
v 0.02749443 -0.05786069 0.01608803
v 0.02750489 -0.06428337 -0.00031531
v 0.02749592 -0.05504990 -0.00977440
v 0.02749594 -0.05512012 0.00999051
v 0.02750000 -0.06597927 0.00774216
v 0.02749593 -0.05368310 -0.00322986
v 0.02749594 -0.05370685 0.00345583
v 0.02454045 -0.11710731 0.00539586
v 0.02453972 -0.11720031 -0.00541703
v 0.02749592 -0.11731691 0.00322987
v 0.02749592 -0.11729320 -0.00345581
v 0.02749592 -0.11729320 -0.00345581
v 0.02453972 -0.11720031 -0.00541703
v 0.02452617 -0.11568911 -0.01092814
v 0.02749592 -0.11587990 -0.00999047
v 0.02448732 -0.11572240 0.01082239
v 0.02454045 -0.11710731 0.00539586
v 0.02749439 -0.11595011 0.00977504
v 0.02749592 -0.11731691 0.00322987
v 0.02749592 -0.11587990 -0.00999047
v 0.02452617 -0.11568911 -0.01092814
v 0.02451672 -0.11326610 -0.01607187
v 0.02749593 -0.11313891 -0.01608849
v 0.02451639 -0.11330201 0.01600894
v 0.02448732 -0.11572240 0.01082239
v 0.02749592 -0.11325251 0.01589171
v 0.02749439 -0.11595011 0.00977504
v 0.02749593 -0.11313891 -0.01608849
v 0.02451672 -0.11326610 -0.01607187
v 0.02452089 -0.11000371 -0.02068353
v 0.02749591 -0.10918950 -0.02148395
v 0.02452654 -0.11005900 0.02068033
v 0.02451639 -0.11330201 0.01600894
v 0.02749593 -0.10934191 0.02131452
v 0.02749592 -0.11325251 0.01589171
v 0.02749591 -0.10918950 -0.02148395
v 0.02452089 -0.11000371 -0.02068353
v 0.02454549 -0.10598340 -0.02467084
v 0.02749325 -0.10423350 -0.02591769
v 0.02453155 -0.10604091 0.02474538
v 0.02452654 -0.11005900 0.02068033
v 0.02749592 -0.10438940 0.02580577
v 0.02749593 -0.10934191 0.02131452
v 0.02749325 -0.10423350 -0.02591769
v 0.02454549 -0.10598340 -0.02467084
v 0.02452998 -0.09666346 -0.03016251
v 0.02749659 -0.09845627 -0.02924326
v 0.02454511 -0.09663237 0.03007019
v 0.02453155 -0.10604091 0.02474538
v 0.02749592 -0.09861130 0.02916918
v 0.02749592 -0.10438940 0.02580577
v 0.02749659 -0.09845627 -0.02924326
v 0.02452998 -0.09666346 -0.03016251
v 0.02452673 -0.09112735 -0.03160852
v 0.02749592 -0.09203795 -0.03130499
v 0.02448674 -0.09123976 0.03158467
v 0.02454511 -0.09663237 0.03007019
v 0.02749443 -0.09225960 0.03125802
v 0.02749592 -0.09861130 0.02916918
v 0.02451681 -0.08553659 0.03208197
v 0.02448674 -0.09123976 0.03158467
v 0.02749603 -0.08561368 0.03198021
v 0.02749443 -0.09225960 0.03125802
v 0.02749592 -0.09203795 -0.03130499
v 0.02452673 -0.09112735 -0.03160852
v 0.02451680 -0.08546344 -0.03208197
v 0.02749592 -0.08538640 -0.03198022
v 0.02749592 -0.08538640 -0.03198022
v 0.02451680 -0.08546344 -0.03208197
v 0.02448672 -0.07976024 -0.03158466
v 0.02749593 -0.07873983 -0.03125775
v 0.02452678 -0.07987278 0.03160847
v 0.02451681 -0.08553659 0.03208197
v 0.02749581 -0.07896202 0.03130499
v 0.02749603 -0.08561368 0.03198021
v 0.02749593 -0.07873983 -0.03125775
v 0.02448672 -0.07976024 -0.03158466
v 0.02454511 -0.07436751 -0.03007025
v 0.02749592 -0.07238868 -0.02916917
v 0.02453059 -0.07433779 0.03016236
v 0.02452678 -0.07987278 0.03160847
v 0.02749593 -0.07259626 0.02926159
v 0.02749581 -0.07896202 0.03130499
v 0.02749592 -0.07238868 -0.02916917
v 0.02454511 -0.07436751 -0.03007025
v 0.02453487 -0.06495376 -0.02473330
v 0.02749439 -0.06661103 -0.02580626
v 0.02454452 -0.06501660 0.02467066
v 0.02453059 -0.07433779 0.03016236
v 0.02749592 -0.06679441 0.02593931
v 0.02749593 -0.07259626 0.02926159
v 0.02749439 -0.06661103 -0.02580626
v 0.02453487 -0.06495376 -0.02473330
v 0.02452650 -0.06094104 -0.02068035
v 0.02749592 -0.06165806 -0.02131453
v 0.02451608 -0.06099609 0.02068318
v 0.02454452 -0.06501660 0.02467066
v 0.02749592 -0.06181008 0.02148336
v 0.02749592 -0.06679441 0.02593931
v 0.02749592 -0.06165806 -0.02131453
v 0.02452650 -0.06094104 -0.02068035
v 0.02451638 -0.05769797 -0.01600893
v 0.02749592 -0.05774752 -0.01589173
v 0.02451688 -0.05773394 0.01607196
v 0.02451608 -0.06099609 0.02068318
v 0.02749443 -0.05786069 0.01608803
v 0.02749592 -0.06181008 0.02148336
v 0.02749592 -0.05774752 -0.01589173
v 0.02451638 -0.05769797 -0.01600893
v 0.02448707 -0.05527743 -0.01082212
v 0.02749592 -0.05504990 -0.00977440
v 0.02452628 -0.05531092 0.01092821
v 0.02451688 -0.05773394 0.01607196
v 0.02749594 -0.05512012 0.00999051
v 0.02749443 -0.05786069 0.01608803
v 0.02749592 -0.05504990 -0.00977440
v 0.02448707 -0.05527743 -0.01082212
v 0.02454501 -0.05389255 -0.00539579
v 0.02749593 -0.05368310 -0.00322986
v 0.02454501 -0.05389255 -0.00539579
v 0.02453141 -0.05379933 0.00541624
v 0.02749593 -0.05368310 -0.00322986
v 0.02749594 -0.05370685 0.00345583
v 0.02453141 -0.05379933 0.00541624
v 0.02452628 -0.05531092 0.01092821
v 0.02749594 -0.05370685 0.00345583
v 0.02749594 -0.05512012 0.00999051
v 0.02453972 -0.11720031 -0.00541703
v 0.02454045 -0.11710731 0.00539586
v 0.02449505 -0.11764431 -0.00002102
v 0.02454549 -0.10598340 -0.02467084
v 0.02449845 -0.10154531 -0.02786482
v 0.02452998 -0.09666346 -0.03016251
v 0.02449857 -0.10160660 0.02782938
v 0.02453155 -0.10604091 0.02474538
v 0.02454511 -0.09663237 0.03007019
v 0.02454511 -0.07436751 -0.03007025
v 0.02449907 -0.06939277 -0.02782807
v 0.02453487 -0.06495376 -0.02473330
v 0.02449845 -0.06945470 0.02786483
v 0.02453059 -0.07433779 0.03016236
v 0.02454452 -0.06501660 0.02467066
v 0.02454501 -0.05389255 -0.00539579
v 0.02449836 -0.05334564 0.00003566
v 0.02453141 -0.05379933 0.00541624
v 0.02448072 -0.11316871 0.01286612
v 0.02448732 -0.11572240 0.01082239
v 0.02451639 -0.11330201 0.01600894
v 0.02454045 -0.11710731 0.00539586
v 0.02448912 -0.11505391 0.00780778
v 0.02449505 -0.11764431 -0.00002102
v 0.02448053 -0.11589631 0.00264259
v 0.02453972 -0.11720031 -0.00541703
v 0.02448210 -0.11589130 -0.00268608
v 0.02452617 -0.11568911 -0.01092814
v 0.02447694 -0.11495981 -0.00793076
v 0.02451672 -0.11326610 -0.01607187
v 0.02448159 -0.11314181 -0.01291904
v 0.02452089 -0.11000371 -0.02068353
v 0.02448061 -0.11047680 -0.01752863
v 0.02447447 -0.10706440 -0.02158186
v 0.02454549 -0.10598340 -0.02467084
v 0.02448134 -0.10298401 -0.02500297
v 0.02449845 -0.10154531 -0.02786482
v 0.02452998 -0.09666346 -0.03016251
v 0.02448247 -0.09836357 -0.02766520
v 0.02447688 -0.09336258 -0.02947832
v 0.02452673 -0.09112735 -0.03160852
v 0.02448177 -0.08813240 -0.03039816
v 0.02451680 -0.08546344 -0.03208197
v 0.02448061 -0.08280835 -0.03039483
v 0.02448672 -0.07976024 -0.03158466
v 0.02448912 -0.07748536 -0.02949833
v 0.02454511 -0.07436751 -0.03007025
v 0.02448161 -0.07258783 -0.02764294
v 0.02449907 -0.06939277 -0.02782807
v 0.02453487 -0.06495376 -0.02473330
v 0.02448298 -0.06797570 -0.02497727
v 0.02447699 -0.06390213 -0.02154800
v 0.02452650 -0.06094104 -0.02068035
v 0.02448164 -0.06049044 -0.01747881
v 0.02451638 -0.05769797 -0.01600893
v 0.02448073 -0.05783126 -0.01286613
v 0.02448707 -0.05527743 -0.01082212
v 0.02448912 -0.05594610 -0.00780777
v 0.02454501 -0.05389255 -0.00539579
v 0.02448151 -0.05510434 -0.00263910
v 0.02449836 -0.05334564 0.00003566
v 0.02448272 -0.05510863 0.00269092
v 0.02453141 -0.05379933 0.00541624
v 0.02447693 -0.05604020 0.00793075
v 0.02452628 -0.05531092 0.01092821
v 0.02448160 -0.05785815 0.01291903
v 0.02451688 -0.05773394 0.01607196
v 0.02448060 -0.06052319 0.01752862
v 0.02451608 -0.06099609 0.02068318
v 0.02448177 -0.06393569 0.02158193
v 0.02454452 -0.06501660 0.02467066
v 0.02448134 -0.06801606 0.02500297
v 0.02449845 -0.06945470 0.02786483
v 0.02448247 -0.07263646 0.02766520
v 0.02453059 -0.07433779 0.03016236
v 0.02447689 -0.07763743 0.02947832
v 0.02452678 -0.07987278 0.03160847
v 0.02448177 -0.08286761 0.03039816
v 0.02451681 -0.08553659 0.03208197
v 0.02448061 -0.08819168 0.03039483
v 0.02448674 -0.09123976 0.03158467
v 0.02448912 -0.09351465 0.02949832
v 0.02454511 -0.09663237 0.03007019
v 0.02448157 -0.09841208 0.02764293
v 0.02449857 -0.10160660 0.02782938
v 0.02448164 -0.11050960 0.01747881
v 0.02452654 -0.11005900 0.02068033
v 0.02448272 -0.10302650 0.02497418
v 0.02453155 -0.10604091 0.02474538
v 0.02447687 -0.10709761 0.02154816
v -0.04644395 -0.13098850 -0.00279150
v -0.04154711 -0.13095151 -0.00574157
v -0.03653210 -0.13098421 -0.00295047
v -0.04136130 -0.13095191 0.00568172
v -0.04634104 -0.13098470 0.00291458
v -0.03647391 -0.13099131 0.00276709
v -0.04553396 -0.12241231 -0.00133678
v -0.04603643 -0.12135501 0.00071210
v -0.04463303 -0.12098681 -0.00279741
v -0.04234035 -0.12273611 -0.00427614
v -0.04553396 -0.12241231 -0.00133678
v -0.04463303 -0.12098681 -0.00279741
v -0.04234035 -0.12273611 -0.00427614
v -0.04463303 -0.12098681 -0.00279741
v -0.04149170 -0.12099760 -0.00417077
v -0.03831124 -0.12275421 -0.00303226
v -0.04234035 -0.12273611 -0.00427614
v -0.03851556 -0.12100701 -0.00318975
v -0.04149170 -0.12099760 -0.00417077
v -0.03714391 -0.12285031 -0.00027772
v -0.03831124 -0.12275421 -0.00303226
v -0.03727218 -0.12103331 0.00084936
v -0.03851556 -0.12100701 -0.00318975
v -0.04463303 -0.12098681 -0.00279741
v -0.04603643 -0.12135501 0.00071210
v -0.04359208 -0.12101040 0.00362026
v -0.04149170 -0.12099760 -0.00417077
v -0.03851556 -0.12100701 -0.00318975
v -0.04028762 -0.12104631 0.00429197
v -0.03727218 -0.12103331 0.00084936
v -0.03653210 -0.13098421 -0.00295047
v -0.04154711 -0.13095151 -0.00574157
v -0.04149109 -0.12848600 -0.00587131
v -0.03652038 -0.12850521 -0.00293608
v -0.04154711 -0.13095151 -0.00574157
v -0.04644395 -0.13098850 -0.00279150
v -0.04667902 -0.12842861 -0.00291146
v -0.04149109 -0.12848600 -0.00587131
v -0.04644395 -0.13098850 -0.00279150
v -0.04634104 -0.13098470 0.00291458
v -0.04642953 -0.12843081 0.00330568
v -0.04667902 -0.12842861 -0.00291146
v -0.04634104 -0.13098470 0.00291458
v -0.04136130 -0.13095191 0.00568172
v -0.04138152 -0.12848241 0.00584960
v -0.04642953 -0.12843081 0.00330568
v -0.04136130 -0.13095191 0.00568172
v -0.03647391 -0.13099131 0.00276709
v -0.03651867 -0.12853310 0.00277701
v -0.04138152 -0.12848241 0.00584960
v -0.03647391 -0.13099131 0.00276709
v -0.03653210 -0.13098421 -0.00295047
v -0.03652038 -0.12850521 -0.00293608
v -0.03651867 -0.12853310 0.00277701
f 1 2 3
f 4 5 6
f 7 8 9
f 10 11 12
f 13 14 15
f 16 10 12
f 17 18 19
f 20 21 22
f 23 24 25
f 26 27 28
f 29 30 31
f 32 33 34
f 35 36 37
f 38 39 40
f 41 42 43
f 44 45 46
f 47 48 49
f 50 51 52
f 53 54 55
f 56 57 58
f 59 60 61
f 62 63 64
f 65 66 67
f 29 68 30
f 69 32 70
f 71 72 73
f 74 75 76
f 77 78 79
f 80 81 82
f 83 84 85
f 86 87 88
f 89 44 46
f 90 91 92
f 93 94 95
f 96 97 98
f 99 100 101
f 102 103 104
f 105 106 107
f 108 109 110
f 111 112 113
f 114 115 116
f 117 118 119
f 120 121 122
f 123 124 125
f 126 127 128
f 129 130 131
f 132 133 66
f 134 135 136
f 137 10 16
f 138 139 140
f 141 142 143
f 144 145 146
f 147 148 149
f 150 151 152
f 153 154 155
f 156 157 158
f 159 160 161
f 162 163 164
f 165 166 167
f 168 169 170
f 171 172 173
f 174 175 176
f 177 178 179
f 180 47 49
f 181 182 183
f 184 185 186
f 187 188 189
f 190 191 192
f 193 194 195
f 196 197 198
f 199 200 201
f 202 203 204
f 205 206 207
f 208 209 210
f 211 212 213
f 214 215 216
f 217 218 219
f 220 221 222
f 223 224 225
f 226 227 228
f 229 230 231
f 232 233 234
f 235 236 237
f 238 239 240
f 241 242 243
f 65 132 66
f 244 245 246
f 247 248 249
f 250 251 252
f 253 137 16
f 31 30 254
f 255 138 140
f 256 257 258
f 259 260 70
f 261 262 142
f 263 264 265
f 266 267 268
f 269 270 271
f 272 273 274
f 275 150 152
f 276 277 278
f 80 279 81
f 280 281 282
f 283 284 285
f 286 287 288
f 289 290 291
f 292 293 294
f 295 296 297
f 298 299 300
f 301 302 303
f 304 305 306
f 307 308 309
f 310 311 312
f 170 171 313
f 87 314 88
f 315 316 317
f 318 319 320
f 321 322 323
f 324 325 326
f 327 326 328
f 329 330 331
f 332 333 334
f 335 336 337
f 338 339 340
f 341 342 343
f 344 345 346
f 347 348 349
f 350 351 352
f 353 354 355
f 356 357 358
f 359 360 361
f 362 99 101
f 363 364 365
f 366 367 368
f 369 370 371
f 372 373 374
f 375 376 377
f 378 379 380
f 381 382 383
f 384 385 386
f 387 388 389
f 390 391 392
f 393 394 395
f 396 397 398
f 399 400 401
f 402 403 404
f 405 406 407
f 408 409 410
f 411 111 113
f 412 114 413
f 414 415 416
f 417 418 419
f 420 421 422
f 423 424 425
f 426 427 428
f 429 430 431
f 432 433 434
f 435 436 437
f 438 439 440
f 133 132 441
f 134 442 135
f 136 443 444
f 444 445 446
f 447 448 449
f 450 451 452
f 453 452 454
f 455 456 457
f 457 68 29
f 254 30 458
f 459 460 461
f 139 462 463
f 464 465 70
f 32 259 70
f 71 73 466
f 71 466 467
f 468 469 470
f 471 472 473
f 474 475 476
f 477 478 479
f 480 481 482
f 77 79 483
f 279 484 81
f 485 486 487
f 488 489 490
f 491 492 493
f 494 495 496
f 497 498 499
f 500 36 35
f 501 502 503
f 504 505 506
f 507 508 509
f 510 511 512
f 513 514 515
f 516 517 518
f 519 520 521
f 522 523 524
f 525 526 527
f 528 529 530
f 531 532 533
f 534 535 536
f 537 538 539
f 540 541 542
f 543 544 545
f 546 547 548
f 549 550 551
f 552 553 554
f 168 555 556
f 556 557 558
f 557 172 558
f 559 560 561
f 562 563 564
f 565 566 567
f 568 323 569
f 570 571 572
f 572 571 573
f 574 575 576
f 576 577 578
f 579 580 581
f 582 583 584
f 585 586 587
f 588 589 590
f 591 592 593
f 594 595 596
f 597 598 599
f 600 601 602
f 603 604 605
f 606 607 608
f 609 610 611
f 612 613 614
f 615 616 617
f 618 619 620
f 621 622 623
f 624 625 626
f 15 14 627
f 628 629 630
f 631 632 633
f 634 635 636
f 637 638 639
f 640 641 642
f 643 644 645
f 646 647 648
f 649 650 651
f 652 653 654
f 655 656 657
f 658 659 660
f 661 662 663
f 664 665 666
f 667 668 669
f 670 671 672
f 673 674 675
f 106 676 677
f 678 679 680
f 681 682 683
f 684 685 686
f 687 688 689
f 690 691 692
f 693 694 695
f 696 697 698
f 699 700 701
f 702 703 704
f 705 706 707
f 708 709 710
f 711 712 713
f 714 715 716
f 717 718 719
f 720 721 722
f 723 724 725
f 726 727 728
f 729 730 731
f 218 732 219
f 733 734 735
f 736 737 738
f 739 740 741
f 742 743 744
f 745 746 747
f 748 749 750
f 751 752 753
f 754 755 756
f 757 758 759
f 760 761 762
f 763 764 765
f 766 767 768
f 769 770 771
f 772 773 774
f 775 776 777
f 778 779 780
f 781 782 783
f 784 785 786
f 787 788 789
f 790 791 792
f 793 794 795
f 796 797 798
f 799 800 801
f 802 803 804
f 805 806 807
f 808 809 810
f 811 812 813
f 814 815 816
f 817 818 819
f 820 821 822
f 823 824 242
f 824 825 242
f 826 827 242
f 828 242 241
f 243 242 829
f 242 830 831
f 832 833 834
f 835 836 837
f 838 839 840
f 841 842 843
f 132 844 441
f 441 844 845
f 67 66 846
f 847 245 244
f 848 246 849
f 848 849 850
f 850 849 851
f 446 445 852
f 448 247 449
f 853 854 855
f 856 855 451
f 449 247 249
f 249 248 857
f 857 248 251
f 857 251 250
f 858 859 253
f 457 456 68
f 12 11 860
f 140 139 463
f 462 861 463
f 862 863 864
f 865 866 867
f 868 869 870
f 871 872 873
f 874 875 876
f 877 878 879
f 880 465 881
f 881 465 464
f 877 879 69
f 882 883 884
f 877 69 885
f 883 464 70
f 884 883 70
f 260 884 70
f 69 70 71
f 885 69 71
f 886 71 262
f 262 71 467
f 72 887 888
f 141 261 142
f 889 890 891
f 892 893 894
f 895 896 897
f 898 899 900
f 901 902 903
f 904 905 906
f 907 908 909
f 910 277 276
f 911 77 483
f 79 80 483
f 483 80 912
f 913 914 915
f 916 80 282
f 915 914 917
f 912 80 916
f 918 912 916
f 276 916 917
f 80 280 282
f 919 920 921
f 922 923 924
f 925 926 927
f 928 929 930
f 931 287 286
f 932 933 934
f 935 936 937
f 938 939 940
f 941 942 943
f 944 945 946
f 947 948 949
f 950 951 952
f 953 954 955
f 954 956 955
f 957 958 959
f 960 961 962
f 963 520 519
f 964 965 966
f 967 968 969
f 970 971 972
f 973 974 975
f 976 977 978
f 979 980 981
f 982 983 984
f 985 986 987
f 988 989 990
f 531 991 532
f 992 993 994
f 995 996 997
f 998 999 1000
f 1001 304 306
f 1002 1003 1004
f 1005 1006 1007
f 1008 1009 1010
f 168 556 169
f 169 556 558
f 558 172 171
f 171 173 313
f 168 170 313
f 1011 86 88
f 88 314 1012
f 1013 1014 1015
f 1016 1017 1018
f 1019 1020 1021
f 1022 1023 1024
f 1025 1026 1027
f 1028 1029 1030
f 322 1031 323
f 1031 1032 324
f 328 569 327
f 326 325 328
f 570 575 571
f 571 575 574
f 572 573 89
f 89 573 1033
f 89 1033 44
f 1034 1035 1036
f 1037 1038 1039
f 1040 1041 1042
f 1043 1044 1045
f 1046 1047 1048
f 1049 1050 1051
f 1052 1053 1054
f 1055 1056 1057
f 1058 1059 1060
f 1061 1062 1063
f 1064 1065 1066
f 1067 1068 1069
f 1070 1071 1072
f 1073 1074 1075
f 1076 1077 1078
f 1079 1080 1081
f 1082 1083 1084
f 1085 1086 1087
f 598 1088 599
f 1089 1090 1091
f 1092 1093 1094
f 1095 1096 1097
f 1098 1099 1100
f 1101 1102 1103
f 1104 1105 1106
f 1107 1108 1109
f 1110 1111 1112
f 1113 1114 1115
f 1116 1117 1118
f 1119 615 617
f 1120 1121 1122
f 1123 1124 1125
f 1126 1127 1128
f 1129 1130 1131
f 1132 1133 1134
f 1135 1136 1137
f 1138 1139 1140
f 1141 1142 1143
f 1144 1145 1146
f 1147 1148 1149
f 1150 1151 1152
f 1153 1154 1155
f 1156 1157 1158
f 1159 1160 1161
f 1162 1163 1164
f 1165 1166 1167
f 1168 1169 1170
f 1171 1172 1173
f 1174 1175 1176
f 1177 1178 1179
f 1180 1181 1182
f 1183 1184 1185
f 1186 1187 1188
f 656 1189 657
f 1190 1191 1192
f 1193 1194 1195
f 1196 1197 1198
f 1199 1200 1201
f 1202 1203 1204
f 1205 1206 1207
f 1208 1209 1210
f 1211 1212 1213
f 1214 1215 1216
f 1217 1218 1219
f 1220 1221 1222
f 1223 1224 1225
f 1226 1227 1228
f 1229 1230 1231
f 1232 1233 1234
f 1235 1236 1237
f 1238 1239 1240
f 1241 1242 1243
f 1244 1245 1246
f 1247 1248 1249
f 1250 1251 1252
f 1253 1254 1255
f 1256 1257 1258
f 1259 1260 205
f 106 207 676
f 1261 107 1262
f 1263 1264 1265
f 1266 1267 1268
f 1269 1270 1271
f 1272 1273 1274
f 1275 684 686
f 1276 1277 1278
f 1279 1280 1281
f 1282 1283 1284
f 1285 1286 1287
f 1288 1289 1290
f 1291 1292 1293
f 1294 1295 1296
f 1297 1298 1299
f 1300 1301 1302
f 1303 1304 1305
f 1306 1307 1308
f 1309 1310 1311
f 1312 1313 1314
f 1315 1316 1317
f 705 1318 706
f 1319 1320 1321
f 1322 1323 1324
f 1325 1326 1327
f 1328 1329 1330
f 1331 1332 1333
f 1334 1335 1336
f 1337 1338 1339
f 1340 1341 1342
f 1343 1344 1345
f 1346 1347 1348
f 1349 720 722
f 1350 1351 1352
f 1353 1354 1355
f 1356 1357 1358
f 1359 1360 1361
f 1362 1363 1364
f 1365 742 744
f 1366 1367 1368
f 1369 1370 1371
f 1372 1373 1374
f 411 1375 111
f 1376 1377 1378
f 1379 1380 1381
f 1381 1380 1382
f 1383 1384 1385
f 761 116 1386
f 1387 760 1388
f 1389 1390 1391
f 1392 1393 1394
f 1395 1396 1397
f 1398 1399 1400
f 1401 1402 1403
f 1404 1405 1406
f 1407 1408 1409
f 1410 1411 1412
f 1413 1414 1415
f 1416 1417 1418
f 1419 1420 1421
f 1422 1423 1424
f 1425 1426 1427
f 1426 1428 1429
f 1430 773 772
f 1431 1432 1433
f 1434 1435 1436
f 1437 1438 1439
f 1440 1441 1442
f 1443 1444 1445
f 1446 1447 1448
f 1449 1450 1451
f 1452 1453 1454
f 1455 1456 1457
f 1458 1459 1460
f 1461 1462 1463
f 1464 1465 1466
f 1467 1468 1469
f 1470 1471 1472
f 1473 1474 1475
f 1476 1477 1478
f 1479 1480 1481
f 1482 1483 1484
f 1485 1486 1487
f 1488 1489 1490
f 1491 1492 1493
f 1494 430 429
f 1495 817 819
f 1496 1497 1498
f 1499 1500 1501
f 1502 1503 1504
f 1505 1506 1507
f 1508 1509 1510
f 1511 1512 1513
f 1514 1515 1516
f 1517 1518 1519
f 821 1520 822
f 820 822 1521
f 828 823 242
f 825 826 242
f 1522 1523 242
f 827 1522 242
f 1523 1524 242
f 242 1525 830
f 829 242 831
f 1526 1527 1528
f 1528 1527 1529
f 833 1530 834
f 836 1531 837
f 1532 839 838
f 844 1533 845
f 1534 442 134
f 1535 1536 1537
f 244 246 848
f 136 135 443
f 444 443 445
f 850 851 1538
f 1539 1540 1541
f 1542 1543 1544
f 1545 1546 1547
f 853 855 856
f 856 451 450
f 450 452 453
f 1548 1549 1550
f 859 137 253
f 11 1551 860
f 462 461 861
f 461 460 861
f 1552 1553 1554
f 1555 1556 1557
f 1558 1559 1560
f 1561 1562 1563
f 1564 1565 1566
f 1567 1568 1569
f 1570 1571 1572
f 1573 1574 1575
f 1576 1577 1578
f 1579 1580 1581
f 1582 1583 1584
f 1585 1586 1587
f 880 881 1588
f 879 878 33
f 1589 1590 1591
f 1588 882 884
f 32 34 259
f 1592 1593 1594
f 885 71 886
f 261 886 262
f 73 72 1595
f 1595 72 888
f 1596 1597 1598
f 1599 1600 1601
f 1602 1603 1604
f 1605 1606 1607
f 1608 1609 1610
f 1611 1612 1613
f 1614 1615 1616
f 1617 1618 1619
f 1620 1621 1622
f 1623 910 1624
f 1625 1626 1627
f 1624 910 276
f 1628 1624 276
f 276 278 1629
f 276 1629 918
f 80 82 280
f 914 276 917
f 276 918 916
f 1630 1631 1632
f 1633 1634 1635
f 1636 1637 1638
f 1639 1640 1641
f 1642 1643 1644
f 1645 1646 1647
f 1648 1649 1650
f 950 952 1651
f 1652 1653 1654
f 1655 1656 1657
f 1658 513 515
f 1659 1660 1661
f 1662 1663 1664
f 1665 1666 1667
f 1668 1669 1670
f 1671 1672 1673
f 1674 1675 1676
f 1677 1678 1679
f 1680 1681 1682
f 1683 1684 1685
f 1686 1687 1688
f 1689 1690 1691
f 1692 1693 1694
f 1695 1696 1697
f 1698 1699 1700
f 1701 1702 1703
f 1704 1705 1706
f 1707 1708 1709
f 1710 1711 1712
f 1713 1714 1715
f 1716 1717 1718
f 1719 1720 1721
f 1722 1723 1724
f 1725 1726 1727
f 1728 1729 1730
f 1731 1732 1733
f 1734 1735 1736
f 1737 1738 1739
f 1740 1741 1742
f 1743 1744 1745
f 1746 1747 1748
f 1749 1750 1751
f 1752 1753 1754
f 1755 1756 1757
f 1758 1759 1760
f 1761 1762 1763
f 1764 1765 1766
f 1767 1768 1769
f 1770 1771 1772
f 1773 1774 1775
f 1776 1777 1778
f 1777 1779 1778
f 1780 1781 1782
f 1783 13 15
f 1784 1785 1786
f 1787 1788 1789
f 1790 1791 1792
f 1793 1794 1795
f 1796 1797 1798
f 1799 1800 1801
f 1802 1803 1804
f 1805 1806 1807
f 1145 1808 1146
f 1809 1810 1811
f 1812 1813 1814
f 1815 1816 1817
f 1818 1819 1820
f 1821 1822 1823
f 1824 1825 1826
f 1827 1828 1829
f 1830 1831 1832
f 1833 1834 1835
f 1836 1837 1838
f 1839 1840 1841
f 1842 1843 1844
f 1845 1846 1847
f 1848 1849 1850
f 1851 1852 1853
f 1854 1855 1856
f 1857 1858 1859
f 1860 1861 1862
f 1863 1864 1865
f 1866 1867 1868
f 1869 1870 1871
f 1872 1873 1874
f 1875 1876 1877
f 1878 1879 1880
f 1881 1882 1883
f 1884 1885 1886
f 1887 1888 1889
f 1890 1891 1892
f 1893 1894 1895
f 1896 1897 1898
f 1899 1196 1198
f 1900 1901 1902
f 1903 1904 1905
f 1906 1907 1908
f 1909 1910 1911
f 1912 1913 1914
f 1915 1916 1917
f 1918 1919 1920
f 1921 1922 1923
f 1206 1924 1207
f 1925 1926 1927
f 1928 1929 1930
f 1931 1932 1933
f 1934 1935 1936
f 1937 1938 1939
f 1940 1941 1942
f 1943 1944 1945
f 1946 1947 1948
f 1949 1950 1951
f 1952 1953 1954
f 1955 1956 1957
f 1958 1959 1960
f 1961 1962 1963
f 1964 1965 1966
f 1967 1968 1969
f 1970 1971 1972
f 1973 1974 1975
f 1976 1977 1978
f 1979 1980 1981
f 1982 1983 1984
f 1985 1986 1987
f 1988 1989 1990
f 1991 1992 1993
f 1994 1995 1996
f 1997 1998 1999
f 2000 2001 2002
f 2003 2004 2005
f 2006 2007 2008
f 205 2009 206
f 2010 1261 1262
f 107 106 1262
f 2011 2012 2013
f 2014 2015 2016
f 2017 2018 2019
f 2020 2021 2022
f 2023 2024 2025
f 2026 2027 2028
f 2029 2030 2031
f 2032 2033 2034
f 2035 2036 2037
f 2035 2037 2038
f 390 2039 391
f 2040 2041 2042
f 2043 2044 2045
f 2046 2047 2048
f 2049 2050 2051
f 2052 2053 2054
f 2055 2056 2057
f 2058 2059 2060
f 2061 2062 2063
f 2064 2065 2066
f 2067 2068 2069
f 2070 2071 2072
f 2073 2074 2075
f 2076 2077 2078
f 2079 2080 2081
f 2082 2083 2084
f 2085 2086 2087
f 2088 2089 2090
f 2091 2092 2093
f 2094 2095 2096
f 2097 2098 2099
f 2100 2101 2102
f 2103 2104 2105
f 2106 2107 2108
f 2109 2110 2111
f 2112 2113 2114
f 2115 2116 2117
f 2118 2119 2120
f 2121 2122 2123
f 2124 2125 2126
f 2127 2128 2129
f 2130 2131 2132
f 2133 2134 2135
f 2136 2137 2138
f 2139 2140 2141
f 2142 2143 2144
f 2145 2146 2147
f 2148 2149 2150
f 2151 2152 2153
f 2154 2155 2156
f 2157 2158 2159
f 2160 2161 2162
f 720 2163 721
f 2164 2165 726
f 2166 2164 726
f 2167 2168 2169
f 2170 2171 2172
f 2173 2174 2175
f 2176 2177 2178
f 2179 2180 2181
f 2182 2183 2184
f 2185 2186 2187
f 2188 2189 2190
f 746 2191 747
f 747 2191 2192
f 2193 748 2194
f 2194 748 750
f 749 2195 750
f 2196 2197 2198
f 2199 2200 2201
f 411 1262 1375
f 2202 2203 2204
f 2205 2206 2207
f 2208 2209 2210
f 1383 413 1384
f 1385 1384 1387
f 1384 760 1387
f 1388 760 762
f 2211 2212 2213
f 2214 2215 2216
f 2217 2218 2219
f 2220 2221 2222
f 2223 2224 2225
f 2226 2227 2228
f 2229 2230 2231
f 2232 2233 2234
f 2235 2236 2237
f 2238 2239 2240
f 2241 2242 2243
f 2244 2245 2246
f 2247 2248 2249
f 2250 2251 2252
f 2253 2254 2255
f 2256 2257 2258
f 2259 2260 2261
f 2262 2263 2264
f 2265 2266 2267
f 2268 2269 2270
f 2271 2272 2273
f 2274 1419 1421
f 2275 2276 2277
f 2278 1425 2279
f 2278 2279 2280
f 2280 2279 2281
f 1427 1426 1429
f 2282 2283 2284
f 2285 2286 2287
f 2288 2289 2290
f 2291 2292 2293
f 2294 2295 2296
f 2297 2298 2299
f 2300 2301 2302
f 2303 2304 2305
f 2306 2307 2308
f 2309 2310 2311
f 2312 2313 2314
f 2315 2316 2317
f 2318 2319 2320
f 2321 1462 1461
f 2322 2323 2324
f 2325 2326 2327
f 2328 2329 2330
f 2331 2332 2333
f 2334 2335 2336
f 2337 2338 2339
f 2340 2341 2342
f 2343 2344 2345
f 2346 2347 2348
f 2349 2350 2351
f 2352 2353 2354
f 2355 2356 2357
f 2358 2359 2360
f 2361 2362 2363
f 2364 2365 2366
f 2367 2368 2369
f 2370 2371 2372
f 2373 2374 2375
f 2376 2377 2378
f 2379 2380 2381
f 2382 2383 2384
f 2385 2386 2387
f 2388 2389 2390
f 2391 2392 2393
f 2394 1398 1400
f 2395 2396 2397
f 2398 2399 2400
f 2401 2402 2403
f 2404 2405 2406
f 2407 2408 2409
f 2410 2411 2412
f 2413 2414 2415
f 2416 2417 2418
f 770 2419 771
f 2420 2421 2422
f 2423 2424 2425
f 2426 2427 2428
f 2429 2430 2431
f 2432 2433 2434
f 2435 2436 2437
f 2438 2439 2440
f 2441 2442 2443
f 2444 2445 2446
f 2447 2448 2449
f 2450 2451 2452
f 2453 2454 2455
f 2456 2457 2458
f 2459 2460 2461
f 2462 2463 2464
f 2465 2466 2467
f 2468 2469 2470
f 2471 2472 2473
f 2474 2475 2476
f 2477 2478 2479
f 2480 2481 2482
f 2483 2484 2485
f 2486 2487 2488
f 2489 2490 2491
f 2492 2493 2494
f 2495 2496 2497
f 2498 2499 2500
f 2501 2502 2503
f 2504 2505 2506
f 2504 2506 2507
f 2508 2509 2510
f 2511 2512 2513
f 2511 2513 2514
f 2515 2516 2517
f 2518 2519 2520
f 2521 2522 2523
f 2524 2525 2526
f 2527 2528 2529
f 2530 2531 2532
f 2533 2534 2535
f 2536 2537 2538
f 2539 2540 2541
f 2542 2543 2544
f 2545 2546 2547
f 2548 2549 2550
f 2551 2552 2553
f 2554 2555 2556
f 2557 2558 2559
f 2560 1734 1736
f 2561 2562 2563
f 2564 2565 2566
f 1104 1106 2567
f 2568 2569 2570
f 2571 2572 2573
f 2574 2575 2576
f 2577 2578 2579
f 2580 2581 2582
f 2583 2584 2585
f 2586 2587 2588
f 2589 2590 2591
f 2592 2589 2591
f 2593 2594 2595
f 2596 2597 2598
f 2599 2600 2601
f 2602 2603 2604
f 1755 1757 2605
f 2606 2607 2608
f 2609 2610 2611
f 2612 2613 2614
f 2615 2616 2617
f 2617 2616 2618
f 2619 2620 2621
f 2620 2622 2621
f 2623 2624 2625
f 2626 2627 2628
f 2629 2630 2631
f 2632 2633 2634
f 2635 2636 2637
f 2638 2639 2640
f 2641 2642 2643
f 2644 2645 2646
f 2647 2648 2649
f 1133 1776 1778
f 1778 1779 1135
f 1135 1779 1136
f 1135 1137 1781
f 2650 1134 1780
f 621 623 2651
f 2652 2653 2654
f 2655 2656 2657
f 2658 2659 2660
f 2661 2662 2663
f 2664 2665 2666
f 1803 2667 1804
f 2668 2669 2670
f 2671 2672 2673
f 2674 2675 2676
f 2677 2678 2679
f 2680 2681 2682
f 2683 2684 2685
f 2686 2687 2688
f 2689 2690 2691
f 2692 2693 2694
f 2695 2696 2697
f 2698 2699 2700
f 2701 2702 2703
f 2704 2705 2706
f 2707 2708 2709
f 2710 2711 2712
f 2713 2714 2715
f 2716 2717 2718
f 2719 2720 2721
f 2722 2723 2724
f 2725 2726 2727
f 2728 2729 2730
f 2731 2732 2733
f 2734 2735 2736
f 2737 2734 2736
f 2738 2739 2740
f 2741 2742 2743
f 2744 2745 2746
f 2747 2748 2749
f 2750 2751 2752
f 2753 2754 2755
f 2756 2757 2758
f 2759 2760 2761
f 2762 2763 2764
f 101 2765 362
f 2766 2767 2768
f 2769 1836 1838
f 2770 2771 2772
f 2773 2774 2775
f 2776 2777 2778
f 2779 1846 1845
f 2780 2781 2782
f 2783 2784 2785
f 2786 2787 2788
f 2789 2790 2791
f 2792 2793 2794
f 2795 2796 2797
f 2798 2799 2800
f 2801 2802 2803
f 2804 2805 2806
f 2807 2808 2809
f 2810 2811 2812
f 2813 2814 2815
f 2816 366 368
f 2817 2818 2819
f 2820 2821 2822
f 104 103 2823
f 2824 2825 2826
f 2826 2825 2827
f 2828 2829 2830
f 2831 2832 2833
f 2834 2835 2836
f 2837 2838 2839
f 2840 2841 2842
f 2843 2844 2845
f 2840 2842 2846
f 2847 2848 2849
f 2850 2851 2852
f 371 370 2853
f 2854 2855 2856
f 2857 1888 1887
f 2858 2859 2860
f 2861 2862 2863
f 2864 2865 2866
f 2867 2868 2869
f 2868 2870 2869
f 662 2871 663
f 2872 2873 2874
f 2875 2876 2877
f 2878 2879 2880
f 2881 2882 2883
f 2884 2885 2886
f 2887 2888 2889
f 2890 2887 2889
f 1907 2891 1908
f 2892 2893 2894
f 2895 2896 2897
f 2898 2899 2900
f 2899 2901 2900
f 2902 2903 2904
f 2905 2906 2907
f 1922 2908 1923
f 2909 2910 2911
f 2912 2913 2914
f 1928 2915 1929
f 2916 2917 2918
f 2919 2920 2921
f 2922 2923 2924
f 2925 2926 2927
f 2928 2925 2927
f 1936 1935 2929
f 2930 2931 2932
f 2933 2934 2935
f 2936 2937 2938
f 2939 2940 2941
f 2942 2943 2944
f 2945 2946 2947
f 2948 2949 2950
f 2951 2952 2953
f 2954 2955 2956
f 2957 2958 2959
f 2960 2961 2962
f 2963 2964 2965
f 2966 2963 2965
f 2967 2968 2969
f 2970 2971 2972
f 2973 2974 2975
f 2976 2977 2978
f 2979 2980 2981
f 2982 2983 2984
f 2985 2986 2987
f 2988 2989 2990
f 2991 2992 2993
f 2994 2995 2996
f 2997 2998 2999
f 3000 3001 3002
f 3003 3004 3005
f 3006 3007 3008
f 3009 3010 3011
f 3012 3013 3014
f 3015 3016 3017
f 3018 3019 3020
f 1256 1258 3021
f 2006 2008 205
f 1260 2006 205
f 3022 105 107
f 3023 1259 207
f 1259 205 207
f 106 3023 207
f 106 677 1262
f 3024 2010 1262
f 3024 1262 3025
f 3026 3024 3025
f 2015 3027 2016
f 3028 3029 3030
f 678 680 3031
f 3032 3033 3034
f 3035 3036 3037
f 3038 3039 3040
f 3041 3042 3043
f 3044 3045 3046
f 3047 3048 3049
f 3050 3051 3052
f 3053 3054 3055
f 3056 3057 3058
f 3059 3060 3061
f 3062 3063 3064
f 3065 3066 3067
f 3068 3069 3070
f 3071 3072 3073
f 3074 3075 3076
f 3077 3078 3079
f 3080 3081 3082
f 3083 3084 3085
f 3086 3087 3088
f 3089 3090 3091
f 3092 3093 3094
f 3095 3096 3097
f 3098 3099 3100
f 3101 3102 3103
f 3104 3105 3106
f 3107 3108 3109
f 3110 3111 3112
f 3113 3114 3115
f 3116 3117 3118
f 3119 3120 3121
f 3122 3123 3124
f 3125 3126 3127
f 3128 3129 3130
f 3131 3132 3133
f 3134 3135 3136
f 3137 3138 3139
f 3140 3141 3142
f 3143 3144 3145
f 3146 3147 3148
f 3149 3150 3151
f 3152 3153 3154
f 3155 3156 3157
f 3158 3159 3160
f 3161 3162 3163
f 3164 3165 3166
f 3167 3168 3169
f 3170 3171 3172
f 3173 3174 3175
f 3176 3177 3178
f 3179 3180 3181
f 3182 3183 3184
f 3185 3186 3187
f 3188 3189 3190
f 3191 3192 3193
f 3194 3195 3196
f 1322 1324 3197
f 3198 3199 3200
f 3201 3202 3203
f 3204 3205 3206
f 3207 3208 3209
f 3210 3211 3212
f 3213 3214 3215
f 3216 3217 3218
f 3219 3220 3221
f 3220 3222 3221
f 2124 2126 3223
f 3224 3225 3226
f 3227 3228 3229
f 3230 3231 3232
f 3233 3234 3235
f 3236 3237 3238
f 3239 3240 3241
f 3242 3243 3244
f 3245 3246 3247
f 3248 3249 3250
f 3251 3252 3253
f 3254 3255 3256
f 3257 3258 3259
f 3260 3261 3262
f 3263 3264 3265
f 3266 2142 2144
f 2143 3267 2144
f 2144 3267 3268
f 3269 3270 3271
f 3272 3273 3274
f 3275 3276 3277
f 3278 3279 3280
f 3281 3282 3283
f 3284 3285 3286
f 3287 3288 3289
f 3290 3291 3292
f 3293 3294 3295
f 3296 3297 3298
f 3299 3300 3301
f 3302 3303 3304
f 3305 3306 3307
f 3308 3309 3310
f 3311 3312 3313
f 726 2165 727
f 3314 3315 3316
f 3317 3318 3319
f 3320 3321 3322
f 3323 3324 3325
f 3326 3327 3328
f 3329 3330 3331
f 219 732 3332
f 734 3333 735
f 3334 3335 3336
f 735 3333 3337
f 3338 3339 3340
f 3341 3342 3343
f 3344 3345 3346
f 3347 3348 3349
f 1365 744 3350
f 3351 3352 3353
f 3354 3355 3356
f 3357 3358 3359
f 3360 3361 3362
f 3363 3364 3365
f 749 3366 3367
f 3368 2193 2194
f 749 3367 2195
f 3369 3370 3371
f 3372 3373 3374
f 754 3375 755
f 3376 3377 3378
f 3379 3380 3381
f 3382 3383 3384
f 3385 3386 3387
f 3388 3389 3390
f 3391 3392 3393
f 3394 3395 3396
f 3397 3398 3399
f 221 3400 222
f 3401 3402 3403
f 3404 3405 3406
f 3407 3408 3409
f 3410 3411 3412
f 3413 3414 3415
f 3416 3417 3418
f 3419 3420 3421
f 3422 3423 3424
f 3425 3426 3427
f 3428 3429 3430
f 3431 3432 3433
f 3434 3435 3436
f 2271 2273 3437
f 3438 3439 3440
f 3441 3442 3443
f 3444 3445 3446
f 3447 3448 3449
f 3450 3451 3452
f 3453 3454 3455
f 3456 3457 3458
f 2278 3459 1425
f 1425 3459 1426
f 2280 2281 772
f 772 2281 1430
f 1429 1428 773
f 773 1428 774
f 3460 3461 3462
f 3463 3464 3465
f 3466 3467 3468
f 3469 3470 3471
f 3472 3473 3474
f 3475 3476 3477
f 3478 3479 3480
f 3481 3482 3483
f 3484 3485 3486
f 3487 3488 3489
f 3490 3491 3492
f 3493 3494 3495
f 3496 3497 3498
f 3499 3500 3501
f 3502 3503 3504
f 3505 3506 3507
f 3508 3509 3510
f 3511 3512 3513
f 3514 3515 3516
f 3517 3518 3519
f 3520 3521 3522
f 3523 3524 3525
f 3526 3527 3528
f 3529 3530 3531
f 3532 3533 3534
f 3535 3536 3537
f 3538 3539 3540
f 3541 3542 3543
f 3544 3545 3546
f 3547 3548 3549
f 3550 3551 3552
f 3553 3554 3555
f 3556 3557 3558
f 3559 3560 3561
f 3562 3563 3564
f 3565 3566 3567
f 3568 3569 3570
f 3571 3572 3573
f 3574 3575 3576
f 3577 3578 3579
f 3580 3581 3582
f 1466 1465 3583
f 3584 3585 3586
f 3587 3588 3589
f 3590 3591 3592
f 3593 3594 3595
f 3596 3597 3598
f 3599 3600 3601
f 3602 3603 3604
f 3605 3606 3607
f 3608 3609 3610
f 3611 3612 3613
f 3614 3615 3616
f 3617 3618 3619
f 3620 3621 3622
f 3623 3624 3625
f 3626 3627 3628
f 3629 3630 3631
f 3632 3633 3634
f 3635 3636 3637
f 793 795 3638
f 3639 3640 3641
f 3642 3643 3644
f 3645 3646 3647
f 3648 3649 3650
f 3651 3652 3653
f 3654 3655 3656
f 3657 3658 3659
f 3660 3661 3662
f 3663 3664 3665
f 3666 799 801
f 3667 3668 3669
f 3670 3671 3672
f 3673 3674 3675
f 3676 3677 3678
f 3679 3680 3681
f 3682 3683 3684
f 3685 3686 3687
f 3688 3689 3690
f 3691 3692 3693
f 3694 3695 3696
f 3697 3698 3699
f 3700 3701 3702
f 3703 3704 3705
f 3706 3707 3708
f 3709 3710 3711
f 3712 3713 3714
f 3715 3716 3717
f 3718 3719 3720
f 3718 3721 3719
f 3722 3723 3724
f 3725 3722 3724
f 3726 3727 3728
f 3729 3730 3731
f 3732 3729 3731
f 3733 3727 3726
f 3734 3735 3736
f 3734 3737 3735
f 3738 3739 3740
f 3741 3742 3743
f 3744 3741 3743
f 3745 3739 3738
f 3746 3747 3748
f 3749 3750 3751
f 3752 3753 3754
f 3755 3756 3757
f 3755 3758 3756
f 3759 3760 3761
f 3762 3763 3764
f 3765 3766 3767
f 3768 3769 3770
f 3771 3772 3773
f 3774 3775 3776
f 3775 3777 3776
f 3771 3778 3772
f 3779 3780 3781
f 3782 3783 3784
f 3785 3786 3787
f 3788 3789 3790
f 3791 3792 3793
f 3794 3795 3796
f 3797 3798 3799
f 3800 3801 3802
f 3803 3804 3805
f 3806 3807 3808
f 3809 3810 3811
f 3812 3813 3814
f 3815 3816 3817
f 3818 3819 3820
f 3821 3822 3823
f 3821 3824 3822
f 3825 3826 3827
f 3828 3829 3830
f 3831 3832 3833
f 3834 3835 3836
f 3837 3838 3839
f 3840 3837 3839
f 3841 3842 3843
f 3844 3845 3846
f 3847 3848 3849
f 3850 3851 3852
f 3853 3854 3855
f 3856 3857 3858
f 3859 3860 3861
f 3862 3863 3864
f 3865 3866 3867
f 3868 3869 3870
f 3871 3872 3873
f 3874 3875 3876
f 3877 3878 3879
f 3880 3881 3882
f 3883 3884 3885
f 3886 3887 3888
f 3889 3890 3891
f 3892 3893 3894
f 3895 3896 3897
f 3898 3899 3900
f 3901 3902 3903
f 3904 3905 3906
f 3904 3907 3905
f 3908 3909 3910
f 3909 3911 3910
f 3912 3913 3914
f 3915 3913 3912
f 3916 3917 3918
f 3919 3917 3916
f 3920 3921 3922
f 3923 3924 3925
f 3926 3927 3928
f 3929 3930 3931
f 3932 3933 3934
f 3935 3936 3937
f 3932 3938 3933
f 3939 3940 3941
f 3942 3943 3944
f 3945 3946 3947
f 3948 3949 3950
f 3951 3952 3953
f 3954 3955 3956
f 3957 3958 3959
f 3960 3961 3962
f 3963 3964 3965
f 3966 3967 3968
f 3969 3970 3971
f 3972 3973 3974
f 3972 3975 3973
f 3976 3977 3978
f 3979 3980 3981
f 3982 3983 3984
f 3985 3986 3987
f 3988 3989 3990
f 3991 3992 3993
f 3994 3995 3996
f 3997 3998 3999
f 4000 4001 4002
f 4003 4004 4005
f 4006 4007 4008
f 4009 4010 4011
f 4012 4013 4014
f 4015 4016 4017
f 4018 4019 4020
f 4021 4022 4023
f 4024 4025 4026
f 4027 4028 4029
f 4030 4031 4032
f 4033 4034 4035
f 4036 4037 4038
f 4039 4040 4041
f 4042 4043 4044
f 4045 4046 4047
f 4048 4049 4050
f 4051 4052 4053
f 4054 4055 4056
f 4057 4058 4059
f 4060 4061 4062
f 4063 4064 4065
f 4064 4066 4065
f 4067 4063 4065
f 4064 4068 4066
f 4069 4070 4068
f 4064 4069 4068
f 4071 4072 4067
f 4072 4063 4067
f 4073 4072 4071
f 4073 4074 4072
f 4075 4069 4064
f 4074 4075 4072
f 4076 4069 4075
f 4074 4076 4075
f 4077 4078 4079
f 4080 4081 4082
f 4083 4078 4077
f 4080 4084 4081
f 4085 4086 4087
f 4088 4089 4090
f 4091 4092 4093
f 4094 4095 4096
f 4097 4098 4099
f 4100 4101 4102
f 4103 4104 4105
f 4106 4107 4108
f 4107 4109 4108
f 4110 4111 4112
f 4113 4114 4115
f 4116 4117 4118
f 4119 4120 4121
f 4122 4123 4124
f 4125 4126 4127
f 4128 4129 4130
f 4131 4132 4133
f 4134 4135 4136
f 4137 4138 4139
f 4140 4141 4142
f 4143 4144 4145
f 4146 4147 4148
f 4149 4150 4151
f 4152 4153 4154
f 4155 4156 4157
f 4158 4159 4160
f 4161 4162 4163
f 4164 4165 4166
f 4167 4168 4169
f 4170 4171 4172
f 4173 4174 4175
f 4176 4177 4178
f 4179 4180 4181
f 4182 4179 4181
f 4183 4184 4185
f 4186 4187 4188
f 4186 4188 4189
f 4190 4191 4192
f 4193 4194 4195
f 4196 4197 4198
f 4199 4200 4201
f 4202 4203 4204
f 4205 4204 4206
f 4207 4193 4195
f 4208 4200 4209
f 4209 4200 4210
f 4211 4212 4213
f 4214 4196 4198
f 4215 4216 4217
f 4218 4219 4220
f 4220 4219 4221
f 4221 4219 4222
f 4223 4224 4225
f 4226 4227 4228
f 4229 4214 4198
f 4230 4231 4232
f 4233 4234 4235
f 4236 4237 4238
f 4239 4240 4241
f 4242 4243 4244
f 4245 4246 4247
f 4223 4225 4248
f 4249 4250 4251
f 4252 4253 4254
f 4249 4255 4250
f 4256 4257 4258
f 4259 4260 4261
f 4262 4263 4252
f 4264 4265 4266
f 4267 4256 4268
f 4269 4265 4264
f 4270 4271 4272
f 4273 4274 4275
f 4260 4276 4261
f 4277 4229 4198
f 4278 4279 4280
f 4281 4282 4262
f 4283 4267 4284
f 4285 4286 4287
f 4288 4289 4290
f 4291 4292 4293
f 4286 4294 4287
f 4295 4269 4296
f 4297 4298 4299
f 4300 4301 4302
f 4303 4304 4305
f 4306 4307 4281
f 4300 4308 4301
f 4309 4310 4311
f 4312 4313 4314
f 4315 4316 4317
f 4298 4318 4299
f 4319 4277 4198
f 4320 4321 4322
f 4323 4324 4325
f 4326 4327 4316
f 4328 4329 4330
f 4331 4332 4333
f 4334 4324 4323
f 4335 4336 4337
f 4338 4339 4340
f 4341 4342 4343
f 4344 4345 4346
f 4347 4342 4341
f 4348 4349 4350
f 4351 4352 4353
f 4354 4355 4356
f 4274 4357 4275
f 4358 4359 4360
f 4361 4362 4363
f 4364 4319 4198
f 4365 4366 4367
f 4368 4369 4370
f 4371 4372 4373
f 4374 4361 4363
f 4375 4376 4328
f 4377 4374 4363
f 4378 4334 4379
f 4380 4381 4375
f 4382 4383 4384
f 4385 4386 4387
f 4388 4389 4347
f 4390 4391 4392
f 4393 4377 4363
f 4394 4395 4396
f 4376 4378 4348
f 4397 4383 4382
f 4398 4394 4399
f 4400 4401 4368
f 4388 4398 4389
f 4402 4403 4385
f 4261 4276 4404
f 4405 4406 4407
f 4408 4376 4394
f 4409 4410 4411
f 4412 4413 4398
f 4276 4414 4404
f 4415 4416 4417
f 4418 4410 4409
f 4419 4420 4421
f 4420 4422 4423
f 4424 4425 4426
f 4422 4427 4428
f 4429 4430 4431
f 4432 4433 4434
f 4435 4436 4437
f 4419 4438 4439
f 4440 4441 4442
f 4443 4444 4445
f 4446 4447 4448
f 4449 4450 4451
f 4452 4446 4453
f 4454 4455 4456
f 4457 4458 4459
f 4402 4460 4438
f 4461 4462 4463
f 4464 4465 4466
f 4467 4468 4469
f 4470 4457 4459
f 4471 4472 4473
f 4474 4475 4476
f 4477 4478 4479
f 4480 4481 4429
f 4482 4483 4484
f 4485 4486 4487
f 4480 4488 4481
f 4489 4490 4491
f 4194 4492 4493
f 4494 4495 4496
f 4497 4498 4499
f 4497 4499 4500
f 4501 4502 4503
f 4195 4194 4493
f 4504 4505 4506
f 4507 4508 4509
f 4274 4273 4510
f 4511 4512 4513
f 4514 4515 4516
f 4517 4518 4519
f 4461 4500 4462
f 4520 4521 4522
f 4523 4524 4525
f 4526 4527 4528
f 4529 4530 4531
f 4184 4532 4533
f 4534 4535 4536
f 4537 4538 4539
f 4540 4541 4542
f 4543 4544 4545
f 4546 4547 4548
f 4549 4550 4551
f 4552 4553 4554
f 4555 4556 4557
f 4558 4521 4520
f 4559 4560 4561
f 4562 4552 4554
f 4563 4564 4565
f 4566 4567 4568
f 4569 4549 4402
f 4458 4570 4571
f 4572 4573 4574
f 4575 4576 4412
f 4577 4578 4579
f 4459 4458 4571
f 4580 4581 4582
f 4583 4584 4412
f 4585 4586 4587
f 4588 4589 4590
f 4591 4592 4593
f 4570 4404 4594
f 4549 4595 4550
f 4596 4569 4402
f 4571 4570 4594
f 4597 4598 4599
f 4600 4601 4602
f 4603 4604 4605
f 4605 4604 4606
f 4607 4608 4609
f 4610 4611 4612
f 4613 4614 4615
f 4603 4605 4616
f 4617 4618 4569
f 4619 4620 4621
f 4622 4575 4623
f 4624 4625 4626
f 4225 4224 4627
f 4628 4614 4613
f 4629 4630 4631
f 4632 4633 4634
f 4635 4636 4637
f 4638 4639 4640
f 4641 4642 4643
f 4224 4644 4627
f 4628 4645 4614
f 4646 4647 4648
f 4649 4650 4651
f 4652 4507 4509
f 4611 4653 4612
f 4654 4655 4656
f 4657 4658 4659
f 4660 4661 4662
f 4663 4664 4665
f 4666 4667 4668
f 4669 4670 4671
f 4672 4673 4674
f 4675 4676 4677
f 4678 4679 4680
f 4681 4682 4683
f 4318 4684 4685
f 4686 4687 4688
f 4689 4690 4691
f 4692 4693 4694
f 4695 4696 4697
f 4698 4699 4700
f 4701 4702 4703
f 4704 4705 4706
f 4707 4708 4709
f 4710 4711 4712
f 4713 4714 4715
f 4716 4717 4718
f 4719 4720 4721
f 4722 4723 4724
f 4725 4726 4727
f 4728 4729 4730
f 4731 4732 4733
f 4734 4735 4736
f 4223 4248 4737
f 4738 4739 4740
f 4741 4742 4743
f 4744 4745 4746
f 4747 4748 4749
f 4750 4751 4752
f 4753 4754 4755
f 4756 4757 4758
f 4759 4760 4761
f 4762 4763 4764
f 4765 4766 4767
f 4768 4223 4737
f 4769 4770 4771
f 4772 4773 4774
f 4775 4776 4777
f 4778 4779 4780
f 4781 4782 4783
f 4784 4785 4786
f 4787 4788 4789
f 4790 4791 4792
f 4793 4794 4795
f 4796 4797 4798
f 4799 4800 4801
f 4802 4803 4804
f 4805 4806 4807
f 4808 4809 4810
f 4811 4812 4813
f 4814 4815 4816
f 4817 4818 4819
f 4820 4821 4822
f 4823 4824 4825
f 4826 4827 4828
f 4829 4830 4831
f 4832 4833 4834
f 4835 4836 4837
f 4838 4839 4840
f 4841 4842 4843
f 4844 4829 4831
f 4845 4846 4847
f 4848 4849 4850
f 4851 4852 4853
f 4854 4855 4856
f 4857 4858 4859
f 4860 4657 4659
f 4861 4862 4863
f 4864 4865 4866
f 4867 4868 4869
f 4870 4871 4872
f 4873 4874 4875
f 4876 4877 4878
f 4879 4880 4881
f 4882 4883 4884
f 4885 4886 4887
f 4888 4889 4890
f 4891 4892 4893
f 4894 4895 4896
f 4492 4897 4898
f 4899 4900 4901
f 4902 4903 4904
f 4905 4906 4907
f 4908 4909 4910
f 4911 4912 4913
f 4914 4915 4916
f 4493 4492 4898
f 4917 4918 4919
f 4920 4921 4922
f 4923 4924 4925
f 4926 4927 4928
f 4929 4930 4931
f 4932 4933 4934
f 4935 4936 4937
f 4938 4939 4940
f 4941 4942 4943
f 4944 4945 4946
f 4947 4948 4949
f 4950 4951 4952
f 4953 4954 4955
f 4956 4957 4958
f 4959 4960 4961
f 4962 4947 4949
f 4963 4964 4965
f 4966 4967 4968
f 4969 4970 4971
f 4972 4973 4974
f 4975 4976 4977
f 4978 4979 4980
f 4981 4982 4983
f 4984 4985 4986
f 4987 4594 4988
f 4989 4990 4991
f 4992 4993 4994
f 4995 4996 4997
f 4998 4999 5000
f 5001 5002 5003
f 5004 5005 5006
f 5007 5008 5009
f 5010 5011 5012
f 5013 5014 5015
f 5016 5017 5018
f 5019 5020 5021
f 5022 5023 5024
f 5025 5026 5027
f 5028 5029 5030
f 5031 5032 5033
f 5034 5035 5036
f 5037 5038 5039
f 5040 5041 5042
f 5043 5044 5045
f 4987 4988 5046
f 5047 5048 5049
f 5050 5051 5052
f 5053 5054 5055
f 5056 5057 5058
f 5059 5060 5061
f 5062 5063 5064
f 5065 5066 5067
f 4897 4987 5046
f 5068 5069 5070
f 5071 5072 5073
f 5074 5075 5076
f 5077 5078 5079
f 5080 5081 5082
f 5083 5084 5085
f 5086 5087 5088
f 4898 4897 5046
f 5089 5090 5091
f 5092 5093 5094
f 5095 5096 5097
f 5098 5099 5100
f 5101 5102 5103
f 4248 5104 5105
f 4737 4248 5105
f 4627 4644 5106
f 5107 5108 5109
f 5095 5097 5110
f 4644 5111 5106
f 4273 4275 5112
f 5113 5114 5115
f 5116 5117 5118
f 5119 5120 5121
f 5122 5123 5124
f 5125 5126 5127
f 5128 5129 5130
f 5131 5132 5133
f 5134 5135 5136
f 5137 5138 5139
f 5140 5141 5142
f 5143 5144 5145
f 5146 5147 5148
f 5149 5150 5151
f 5152 5153 5154
f 5155 5146 5148
f 5156 5157 5158
f 5159 5160 5161
f 5162 5163 5164
f 5165 5166 5167
f 5168 5169 5170
f 5171 5168 5170
f 5172 5173 5174
f 5175 5176 5177
f 4685 4684 5178
f 5179 5180 5181
f 5182 5183 5184
f 5183 5185 5184
f 4684 5186 5178
f 5187 5188 5189
f 4533 4532 5190
f 5191 5192 5193
f 4532 5194 5190
f 5195 5196 5197
f 5112 4275 5198
f 5199 5200 5201
f 5202 5203 5204
f 5205 5206 5207
f 5208 5209 5210
f 5211 5212 5213
f 5214 5215 5216
f 5217 5218 5219
f 5220 5221 5222
f 5223 4988 5224
f 5225 5226 5227
f 5228 5229 5230
f 5231 5232 5233
f 5234 5235 5236
f 5237 5238 5239
f 5240 5241 5242
f 5243 5244 5245
f 5246 5247 5248
f 5249 5250 5251
f 5252 5253 5254
f 5255 5256 5257
f 5258 5259 5260
f 5261 5262 4799
f 5263 5264 5265
f 5266 5267 5268
f 5269 5270 5271
f 5272 5273 5274
f 5275 5276 5277
f 5278 5279 5280
f 5281 5282 5283
f 5284 5285 5286
f 5287 5288 5289
f 5290 5291 5292
f 5293 5294 5295
f 5296 5297 5298
f 5299 5300 5301
f 5302 5303 5304
f 5305 5306 5307
f 5308 5309 5310
f 5311 5312 5313
f 5314 5315 5316
f 5317 5318 5319
f 5320 5021 5321
f 5322 5323 5324
f 5325 5326 5327
f 5324 5323 5328
f 5329 5330 5331
f 5332 5333 5334
f 5335 5336 5337
f 5338 5339 5340
f 5341 5342 5343
f 5344 5345 5346
f 5347 5348 5349
f 5350 5351 5352
f 5353 5354 5355
f 5356 5357 5358
f 5359 5360 5361
f 5362 5363 5364
f 5365 5366 5367
f 5368 5369 5370
f 5371 5372 5373
f 5374 5375 5376
f 5377 5378 5379
f 5380 5381 5382
f 5383 5384 5385
f 5386 5387 5388
f 4737 5389 4768
f 5390 5391 5392
f 5106 5111 5393
f 5394 4217 5395
f 5396 5397 5398
f 5399 5400 5401
f 5402 5403 5404
f 5111 5405 5393
f 5406 5407 5408
f 5409 5410 5411
f 5412 5413 5414
f 5415 5416 5417
f 5418 5419 5420
f 5421 5422 5423
f 5424 5425 5426
f 5427 5428 5429
f 5430 5431 5432
f 5433 5434 5435
f 5436 5437 5438
f 5439 5440 5441
f 5393 5405 5442
f 5443 5444 5445
f 5446 5447 5448
f 5449 5450 5451
f 5452 5449 5451
f 5453 5454 5455
f 5456 5457 5458
f 5405 5223 5442
f 5459 5460 5461
f 5462 5463 5464
f 5465 5462 5464
f 5223 5224 5442
f 5466 5467 5468
f 5469 5470 5471
f 5472 5473 5474
f 5475 5476 5477
f 5478 5479 5480
f 5481 5482 5483
f 5484 5485 5486
f 5487 5488 5489
f 5490 5491 5492
f 5491 5493 5492
f 5494 5495 5496
f 5497 5498 5499
f 5500 5501 5502
f 5501 5503 5502
f 5504 5505 5506
f 5507 5508 5509
f 5510 5511 5512
f 5513 5514 5515
f 5516 5517 5518
f 5519 5520 5521
f 5522 5523 5524
f 5525 5526 5527
f 5528 5529 5530
f 5531 5532 5533
f 5534 5535 5536
f 5535 5537 5536
f 5538 5539 5540
f 5104 5541 5105
f 5542 5543 5544
f 5545 5546 5547
f 5548 5549 5550
f 5551 5552 5553
f 5155 5554 5555
f 5556 5557 5558
f 5559 5155 5555
f 5560 5561 5562
f 5563 5564 5565
f 5566 5567 5568
f 5569 5570 5571
f 5572 5573 5574
f 5575 5576 5577
f 5186 5578 5178
f 5579 5580 5581
f 5582 5583 5584
f 5580 5585 5581
f 5582 5584 5586
f 5587 5582 5588
f 5582 5586 5588
f 5541 5589 5105
f 5584 5590 5591
f 5590 5592 5593
f 5593 5592 5594
f 5595 5596 5597
f 5596 5598 5597
f 5598 5587 5597
f 5599 5600 5601
f 5587 5588 5597
f 5593 5594 5602
f 5602 5594 5603
f 5604 5605 5606
f 5147 5607 5608
f 5609 5394 5395
f 5610 5611 5612
f 5603 5613 5614
f 5615 5597 5616
f 5148 5147 5608
f 5616 5597 5617
f 5616 5617 5618
f 5599 5601 5619
f 5620 5603 5614
f 5620 5614 5621
f 5616 5618 5622
f 5614 5623 5621
f 5624 5622 5618
f 5621 5623 5625
f 5626 4393 5627
f 5623 5628 5629
f 5624 5618 5630
f 5630 5618 5631
f 5631 5618 5632
f 5618 5633 5632
f 5634 5635 5636
f 5632 5633 5637
f 5638 5639 5640
f 5638 5640 5641
f 4553 5626 5627
f 5642 5643 5644
f 5645 5632 5646
f 4393 4363 5627
f 5638 5641 5647
f 5637 5648 5646
f 5632 5637 5646
f 5647 5641 5649
f 5646 5648 5650
f 5647 5649 5651
f 5652 5653 5654
f 5651 5649 5655
f 5650 5656 5657
f 5658 5651 5659
f 5651 5655 5660
f 5659 5651 5660
f 5650 5657 5661
f 5658 5659 5662
f 5657 5656 5663
f 5664 5658 5665
f 5656 5664 5663
f 5666 5667 5668
f 5658 5662 5665
f 5669 5224 5670
f 5671 5672 5673
f 5609 5395 5674
f 5675 5676 5677
f 5678 5679 5680
f 5681 5682 5683
f 5679 5684 5680
f 5198 4275 5674
f 5685 5686 5687
f 5688 5689 5690
f 5448 5447 5691
f 5692 5693 5694
f 5105 5589 5695
f 5696 5697 5698
f 5692 5694 5699
f 5695 5589 5700
f 5701 5702 5703
f 5589 5669 5700
f 5704 5701 5703
f 5669 5670 5700
f 5559 5705 5706
f 5707 5559 5706
f 5708 5709 5710
f 5178 5578 5711
f 5712 5685 5687
f 5713 5714 5715
f 5716 5717 5718
f 5608 5607 5719
f 5720 5721 5718
f 5554 5722 5723
f 5555 5554 5723
f 5724 5725 5726
f 4275 5609 5674
f 5727 5728 5729
f 5730 5731 5732
f 5733 5688 5690
f 5734 5735 5736
f 4768 5389 5737
f 5688 5738 5739
f 5740 5741 5742
f 5743 5744 5745
f 5746 5747 5748
f 5749 5750 5751
f 5751 5750 5752
f 5753 5754 5755
f 5678 5680 5756
f 5757 5758 5759
f 5760 5761 5762
f 5763 5764 5765
f 5766 5767 5768
f 5769 5770 5771
f 5772 5446 5448
f 5773 5774 5775
f 5776 5777 5778
f 5779 5780 5781
f 5782 5783 5784
f 5785 5786 5787
f 5788 5789 5790
f 5608 5719 5791
f 5789 5792 5790
f 5793 5794 5795
f 5796 5797 5798
f 5799 5707 5800
f 5801 5802 5803
f 5707 5804 5800
f 5805 5678 5756
f 5806 5807 5808
f 5809 5810 5811
f 5812 5813 5814
f 5741 5815 5742
f 5816 5817 5818
f 5819 5820 5821
f 5822 5819 5821
f 5705 5823 5824
f 5706 5705 5824
f 5825 5826 5827
f 5828 5829 5830
f 5831 5832 5833
f 5834 5835 5836
f 5837 5805 5756
f 5838 5825 5827
f 5839 5840 5841
f 5842 5843 5844
f 5845 5799 5846
f 5837 5756 5847
f 5799 5848 5846
f 5849 5850 5851
f 5852 5853 5854
f 5855 5856 5857
f 5858 5859 5860
f 5861 5855 5857
f 5839 5841 5862
f 5863 5864 5865
f 5742 5815 5866
f 5867 5868 5869
f 5870 5871 5872
f 5873 5874 5875
f 4768 5737 5876
f 5837 5847 5877
f 5878 5879 5880
f 5881 5878 5880
f 5737 5882 5876
f 5883 5884 5885
f 5722 5886 5887
f 5723 5722 5887
f 5888 5889 5890
f 5891 5892 5893
f 5894 5895 5896
f 5812 5814 5897
f 5898 5899 5900
f 5901 5902 5903
f 4768 5876 5904
f 5905 5906 5907
f 5908 5909 5910
f 5897 5814 5911
f 5912 5913 5914
f 5915 5816 5818
f 5916 5917 5918
f 5910 5909 5919
f 5920 5921 5922
f 5897 5911 5923
f 5800 5804 5924
f 5925 5926 5927
f 5804 5928 5924
f 5845 5929 5930
f 5931 5845 5930
f 4553 5627 5932
f 5933 5934 5935
f 4554 4553 5932
f 5936 5937 5938
f 5194 4554 5932
f 5939 5940 5941
f 5942 5943 5944
f 5945 5946 5947
f 5190 5194 5932
f 5948 5949 5950
f 5951 5952 5953
f 5954 5955 5956
f 5957 5948 5950
f 5958 5959 5960
f 5578 5190 5932
f 5961 5962 5963
f 5964 5965 5966
f 5967 5912 5914
f 5966 5965 5968
f 5942 5944 5969
f 5970 5971 5972
f 5958 5960 5973
f 5974 5975 5976
f 5977 5978 5979
f 5979 5978 5980
f 5791 5719 5981
f 5982 5983 5984
f 5985 5986 5987
f 5814 5988 5989
f 5990 5991 5992
f 5993 5994 5995
f 5996 5997 5998
f 5982 5984 5999
f 6000 6001 6002
f 6003 6004 6005
f 6006 6007 6008
f 6009 6010 6011
f 6012 6013 6014
f 6015 6016 6017
f 5876 5882 6018
f 6019 6020 6021
f 6022 6023 6024
f 5774 6025 6026
f 6027 6028 6029
f 5744 6030 5745
f 6012 6014 6031
f 6032 6033 6034
f 5989 5988 6035
f 6036 6037 6038
f 6039 6040 6041
f 5923 5911 6042
f 6043 5923 6042
f 6044 6045 6046
f 6047 6048 6049
f 6050 6051 6052
f 6053 6054 6055
f 6043 6042 6056
f 5958 5973 6057
f 6044 6046 6058
f 6059 6060 6061
f 5882 6043 6056
f 6062 6063 6064
f 6065 6066 6067
f 6018 5882 6056
f 5823 6068 6069
f 6070 6071 6072
f 6073 6074 6075
f 5824 5823 6069
f 6076 6077 6078
f 6079 6080 6081
f 6082 6083 6084
f 6085 5931 6086
f 6087 6088 6089
f 5931 6090 6086
f 5745 6030 6091
f 6081 6080 6092
f 5988 6093 6094
f 6095 6096 6097
f 5981 5719 6098
f 5877 5958 6057
f 6099 6100 6101
f 5989 6035 6102
f 6103 6104 6105
f 6106 6107 6108
f 6109 6110 6111
f 6112 6113 6114
f 6115 6116 6117
f 6105 6104 6118
f 6119 6120 6121
f 5846 5848 6122
f 5848 6123 6122
f 6124 6125 6126
f 6127 6128 6129
f 6055 6054 4216
f 6130 6131 6132
f 6133 6134 6135
f 6136 6137 6138
f 6139 6140 6141
f 6142 6143 6144
f 6145 6146 6147
f 6148 6149 6150
f 6026 6025 6151
f 6152 5748 6153
f 5837 5877 6057
f 6138 6137 6154
f 6155 6156 6157
f 6158 6159 6160
f 6161 6162 6163
f 6164 6165 6166
f 6167 6168 6169
f 6170 6171 6172
f 6173 6174 6175
f 6176 6177 6178
f 5906 5837 6057
f 6179 6180 6181
f 6182 6183 6184
f 5904 6185 6186
f 6187 6188 6189
f 5907 5906 6057
f 6190 6191 6192
f 6193 6194 6195
f 6196 6197 6198
f 4768 5904 6186
f 6181 6180 6199
f 6200 4768 6186
f 6201 6202 6203
f 6204 6205 6206
f 6094 6093 6207
f 6085 6208 6209
f 6210 6085 6209
f 5907 6057 6211
f 6212 6102 6213
f 6214 6215 6216
f 6102 6035 6213
f 6217 6218 6219
f 6220 6221 6222
f 6223 6152 6153
f 6224 6225 6226
f 6093 6227 6228
f 6229 6230 6231
f 6232 6233 6234
f 6200 6186 6235
f 6236 6237 6238
f 6239 6240 6241
f 5886 6242 6243
f 6244 6245 6246
f 6247 6248 6249
f 6250 6251 6252
f 5887 5886 6243
f 6253 6254 6255
f 6256 6257 6258
f 6186 6185 6259
f 6260 6261 6262
f 6094 6207 6263
f 6264 6265 6266
f 6228 6227 6267
f 6268 6269 6270
f 6259 6185 6271
f 6272 6273 6274
f 6185 6212 6271
f 6275 6276 6277
f 6212 6213 6271
f 5929 6278 6279
f 6280 6281 6282
f 5930 5929 6279
f 6283 6284 6285
f 6286 6287 6288
f 6289 6290 6291
f 6292 6293 6294
f 6210 6295 6296
f 6297 6298 6299
f 6300 6301 6302
f 6303 6210 6296
f 6088 6304 6089
f 6305 6306 6307
f 6308 6264 6266
f 5924 5928 6309
f 6310 6311 6312
f 6313 6314 6315
f 6316 6317 6318
f 6319 6320 6321
f 5928 6322 6309
f 6323 6324 6325
f 6326 6327 6328
f 5750 6329 6330
f 6331 6332 6333
f 6334 6335 6336
f 6337 6338 6339
f 6227 6340 6341
f 6342 6343 6344
f 6345 6346 6347
f 6348 6349 6350
f 6351 6352 6353
f 6354 6355 6356
f 5981 6098 6357
f 6358 6359 6360
f 6361 6362 6363
f 6364 6365 6366
f 6367 6368 6369
f 6341 6340 6370
f 6371 6372 6373
f 6263 6207 6374
f 6375 6376 6377
f 6378 6379 6380
f 6381 6382 6383
f 6384 6385 6386
f 6387 6263 6374
f 6385 6384 6388
f 6389 6390 6391
f 6388 6384 6392
f 6340 6393 6394
f 6395 6396 6397
f 6378 6380 6398
f 6384 6375 6392
f 6378 6398 6399
f 6400 6401 6402
f 6375 6377 6392
f 6403 6378 6399
f 6200 6235 6404
f 6266 6265 6405
f 6406 6407 6408
f 6409 6384 6410
f 6411 6412 6413
f 6384 6386 6410
f 6394 6393 6414
f 6415 6416 6417
f 6418 6419 6420
f 6376 6375 6421
f 6228 6267 6422
f 6423 6424 6425
f 6421 6375 6426
f 6086 6090 6427
f 6428 6429 6430
f 6431 6432 6433
f 6434 6435 6436
f 6437 6438 6439
f 6090 6440 6427
f 6441 6442 6443
f 6444 6445 6446
f 6409 6410 6447
f 6448 6449 6450
f 6068 6451 6452
f 6409 6447 6453
f 6454 6455 6456
f 6069 6068 6452
f 6457 6458 6459
f 6426 6375 6460
f 6393 6461 6462
f 6330 6329 6463
f 6460 6375 6464
f 6200 6404 6465
f 6466 6467 6468
f 6469 6470 6471
f 6409 6453 6472
f 6470 6473 6471
f 6376 6421 6474
f 6475 6476 6471
f 6122 6123 6477
f 6409 6472 6478
f 6473 6475 6471
f 6123 6479 6477
f 6480 6409 6478
f 6474 6421 6481
f 6462 6461 6482
f 6426 6460 6483
f 6211 6434 6484
f 6485 6486 6487
f 6488 6489 6490
f 6392 6377 6491
f 6387 6374 6492
f 6493 6494 6495
f 6464 6375 6496
f 6497 6498 6499
f 6500 6387 6492
f 6496 6375 6501
f 6434 6436 6484
f 6502 6503 6504
f 6461 6505 6506
f 6375 6507 6501
f 6385 6388 6508
f 6500 6492 6509
f 6392 6491 6510
f 5907 6211 6484
f 6511 6512 6513
f 6508 6388 6514
f 6515 6516 6517
f 6235 6500 6509
f 6518 6519 6520
f 6483 6460 6521
f 6522 6523 6524
f 6464 6496 6525
f 6404 6235 6509
f 6410 6386 6526
f 6386 6527 6526
f 6506 6505 6528
f 6529 6480 6530
f 6531 6532 6533
f 6532 6534 6535
f 6480 6478 6530
f 6505 6536 6537
f 6525 6496 6538
f 6533 6532 6539
f 6532 6535 6539
f 6422 6267 6540
f 6541 6501 6542
f 6543 6544 6545
f 6537 6536 6546
f 6501 6507 6542
f 6542 6507 6547
f 6548 6549 6550
f 5711 5578 5932
f 6529 6530 6551
f 6453 6447 6552
f 6553 6554 6555
f 6556 6326 6328
f 6447 6557 6552
f 5753 5755 6558
f 6054 5907 6484
f 6559 6560 6561
f 6541 6542 6562
f 6563 6564 6565
f 6566 6567 6568
f 6569 6570 6571
f 6572 6573 6574
f 6575 6576 6577
f 6578 6529 6551
f 6098 6579 5932
f 6580 6581 6582
f 6583 6584 6585
f 6483 6521 6586
f 6579 5711 5932
f 6587 5753 6558
f 6474 6481 6588
f 6589 6590 6591
f 6592 6593 6594
f 6588 6481 6595
f 6596 6597 6598
f 6599 6547 6600
f 6601 6602 6603
f 6604 6605 6606
f 6525 6538 6607
f 6608 6609 6610
f 6586 6521 6611
f 6478 6472 6612
f 6613 6614 6615
f 6472 6616 6612
f 6615 6614 6617
f 6600 6547 6618
f 6619 6615 6620
f 6422 6540 6621
f 6607 6538 6622
f 6620 6615 6617
f 6541 6562 6623
f 6341 6370 6624
f 6625 6626 6627
f 6208 6628 6629
f 6630 6631 6632
f 6633 6634 6635
f 6510 6491 6636
f 6436 6435 6637
f 6491 6638 6636
f 6639 6640 6641
f 6514 6642 6643
f 6209 6208 6629
f 6508 6514 6643
f 6644 6645 6646
f 6623 6562 6647
f 6242 6648 6649
f 6599 6600 6650
f 6650 6600 6651
f 6652 6653 6654
f 6243 6242 6649
f 6655 6656 6657
f 6405 6265 6658
f 6526 6527 6659
f 6660 6661 6662
f 6527 6663 6659
f 6624 6370 6664
f 6529 6578 6665
f 6547 6507 6666
f 6618 6547 6666
f 6667 6668 6669
f 6200 6465 6670
f 6671 6672 6673
f 6674 6675 6676
f 6552 6557 6677
f 6678 6679 6680
f 6681 6682 6683
f 6557 6684 6677
f 6685 6200 6670
f 6607 6622 6686
f 6687 6688 6689
f 6586 6611 6690
f 6691 6692 6693
f 6694 6695 6696
f 6611 6697 6690
f 6698 6621 6699
f 6054 6484 6700
f 6686 6622 6701
f 6588 6595 6702
f 6621 6540 6699
f 6595 6703 6702
f 6704 6694 6705
f 6694 6696 6705
f 6623 6647 6706
f 6612 6616 6707
f 6394 6414 6708
f 6709 6710 6711
f 6706 6647 6712
f 6713 6714 6715
f 6707 6616 6716
f 6278 6717 6718
f 6651 6719 6720
f 6721 6722 6723
f 6724 4617 6725
f 6650 6651 6720
f 6723 6722 6726
f 6279 6278 6718
f 6727 6728 6729
f 6636 6638 6730
f 6729 6728 6731
f 6638 6732 6730
f 6295 6733 6734
f 6735 6736 4633
f 6642 6737 6738
f 6643 6642 6738
f 6296 6295 6734
f 6529 6665 6739
f 6740 6741 6725
f 6618 6666 6742
f 6743 6744 6745
f 6746 6747 6748
f 6749 6750 6751
f 6659 6663 6752
f 6309 6322 6753
f 6663 6754 6752
f 6322 6755 6753
f 6756 6757 6758
f 6759 6760 6761
f 6762 6763 4617
f 6761 6760 6764
f 6765 6766 6767
f 6768 6769 6770
f 6670 6465 6771
f 6772 6773 6741
f 6686 6701 6774
f 6465 6698 6771
f 6774 6701 6775
f 6776 6777 6778
f 6779 6780 6741
f 6706 6712 6781
f 6782 6783 6784
f 6698 6699 6771
f 6785 6627 6786
f 6784 6783 6787
f 6788 6757 6756
f 6677 6684 6789
f 6435 6790 6637
f 6791 6792 6793
f 6684 6794 6789
f 6685 6670 6795
f 6796 6797 6798
f 6799 6741 4583
f 6690 6697 6800
f 6801 6802 6803
f 6697 6804 6800
f 6805 6806 6807
f 6624 6664 6808
f 6781 6712 6809
f 6765 6742 6810
f 6708 6414 6811
f 6766 6765 6810
f 6812 6813 6814
f 6719 6815 6816
f 6462 6482 6817
f 6720 6719 6816
f 6818 6819 6820
f 6791 6793 6821
f 6707 6716 6822
f 6823 6824 6825
f 6817 6482 6826
f 6827 6828 6829
f 6830 6831 6832
f 6833 6834 6835
f 6702 6703 6836
f 6831 6837 6832
f 6703 6838 6836
f 6427 6440 6839
f 6840 6841 6779
f 6529 6739 6842
f 6440 6843 6839
f 6844 6845 6846
f 6822 6716 6847
f 6506 6528 6848
f 6849 6850 6851
f 6852 6772 6853
f 6765 6767 6854
f 6855 6765 6854
f 6856 6808 6857
f 6858 6796 6798
f 6859 6860 6861
f 6861 6860 6862
f 6529 6842 6863
f 6864 6865 6866
f 6808 6664 6857
f 6866 6865 6867
f 6730 6732 6868
f 6732 6869 6868
f 6451 6870 6871
f 6872 6873 6833
f 6874 6875 6876
f 6877 6878 6879
f 6855 6854 6880
f 6452 6451 6871
f 6881 6882 6883
f 6884 6885 6852
f 6876 6875 6886
f 6882 6887 6883
f 6658 6265 6888
f 6889 6890 6891
f 6875 6892 6886
f 6827 6893 6828
f 6894 6872 6895
f 6737 6896 6897
f 6898 6899 6900
f 6901 6902 6903
f 6738 6737 6897
f 6900 6899 6904
f 6905 6536 6906
f 6874 6876 6907
f 6265 6908 6888
f 6909 6910 6911
f 6912 6913 6914
f 6886 6892 6915
f 6916 6917 6918
f 6892 6919 6915
f 6912 6920 6913
f 6752 6754 6921
f 6844 6922 6845
f 6754 6923 6921
f 6689 6688 6924
f 6925 6926 6927
f 6928 6929 6930
f 6880 6854 6931
f 6932 6933 6934
f 6933 6935 6934
f 6936 6937 6938
f 6874 6907 6939
f 6303 6940 6906
f 6941 6942 6943
f 6944 6945 6946
f 6822 6847 6947
f 6948 6949 6950
f 6774 6775 6951
f 6952 6953 6954
f 6951 6775 6955
f 6536 6303 6906
f 6956 6957 6958
f 6781 6809 6955
f 6959 6960 6961
f 6962 6963 6964
f 6965 6966 6967
f 6955 6809 6968
f 6969 6970 6971
f 6972 6973 6974
f 6789 6794 6975
f 6848 6528 6976
f 6977 6978 6942
f 6794 6979 6975
f 6980 6981 6982
f 6537 6546 6983
f 6984 6985 6957
f 6986 6981 6980
f 6987 6988 6989
f 6477 6479 6990
f 6986 6980 6991
f 6815 6992 6968
f 6993 6994 6995
f 6996 6997 6998
f 6816 6815 6968
f 6999 7000 7001
f 6479 7002 6990
f 7003 7004 7005
f 7006 7007 6962
f 6999 7001 7008
f 6708 6811 7009
f 7010 7011 7012
f 7013 7014 7015
f 6591 6590 7016
f 7017 7018 7019
f 7020 7021 7022
f 7023 7024 7025
f 7026 7027 7028
f 7029 7030 7031
f 7025 7024 7032
f 7033 7034 7035
f 7036 7037 7038
f 7037 7039 7038
f 7033 7035 7040
f 7041 7042 7043
f 6983 6546 7044
f 7045 7046 7047
f 7046 7048 7047
f 7049 7050 7051
f 7052 7053 7054
f 6944 6946 7055
f 7056 7057 7058
f 7054 7053 7059
f 7049 7051 7060
f 7061 7062 7063
f 6906 6940 7064
f 6908 4216 6888
f 7062 7065 7063
f 7066 7067 7068
f 7069 7070 7071
f 7066 7068 7072
f 7073 5783 5782
f 7074 7075 7076
f 6800 6804 7077
f 6326 7078 6327
f 7079 7074 7076
f 7080 7081 7082
f 7083 7084 5817
f 7085 7086 7087
f 7071 7070 7088
f 6804 6951 7077
f 7086 7089 7087
f 7090 5763 5765
f 7091 7092 7093
f 7094 7095 7096
f 7091 7093 7097
f 7010 7098 7011
f 7099 7100 7101
f 7102 6529 7103
f 7104 7105 7106
f 7104 7106 7107
f 7108 7109 7110
f 7111 7112 7113
f 6529 6863 7103
f 5738 7114 5739
f 7109 7115 7110
f 7116 7117 7118
f 7119 7120 7121
f 7122 7123 7124
f 7125 7122 7124
f 7126 7127 7128
f 6685 6795 7129
f 7126 7128 7130
f 7131 7132 7133
f 7134 7131 7133
f 7135 7136 7137
f 7135 7137 7138
f 7139 7140 7141
f 7142 7143 7144
f 7145 7146 7147
f 7148 7149 7150
f 7151 7145 7147
f 7152 7153 7154
f 7152 7154 7155
f 7156 7157 7158
f 7159 7160 7161
f 7162 7156 7158
f 7163 7164 7165
f 6905 6906 7166
f 7163 7165 7167
f 7168 7169 7170
f 7171 7172 7173
f 7174 7175 7176
f 7177 7178 7179
f 7180 7181 7182
f 7183 7177 7179
f 7184 7185 7186
f 6945 7171 7173
f 7129 6795 7187
f 7188 7189 7190
f 7184 7186 7191
f 7192 7193 7194
f 7195 7192 7194
f 6946 6945 7173
f 7196 7197 7198
f 7190 7189 7199
f 7200 7201 7202
f 6795 6856 7187
f 7202 7201 7203
f 7204 7205 7206
f 6880 6931 7207
f 7208 7209 7210
f 7206 7205 7211
f 6836 6838 7212
f 6856 6857 7187
f 7213 7214 7215
f 7216 7217 7218
f 6838 7077 7212
f 6939 6907 7219
f 7009 6811 7220
f 6842 6739 7221
f 7222 7223 7224
f 6739 7225 7221
f 7226 6888 7227
f 6947 6847 7228
f 6968 6992 7229
f 6628 7230 7231
f 7232 7233 7234
f 6629 6628 7231
f 6888 7235 7227
f 7236 7237 7238
f 7239 7240 7241
f 7242 7243 7244
f 7244 7243 7245
f 7246 7247 7248
f 7102 7103 7249
f 7248 7247 7250
f 7251 7252 7253
f 7253 7252 7254
f 7255 7256 7257
f 7257 7256 7258
f 7259 7260 7261
f 7261 7260 7262
f 7263 7264 7265
f 6944 7055 7266
f 7009 7220 7267
f 7263 7265 7268
f 7269 7270 7271
f 6868 6869 7272
f 7269 7271 7273
f 7274 7275 7276
f 6869 7212 7272
f 7129 7277 6685
f 7274 7276 7278
f 7279 7280 7281
f 7279 7281 7282
f 7283 7284 7285
f 7283 7285 7286
f 7287 7288 7289
f 7289 7288 7290
f 7291 7292 7293
f 6817 6826 7294
f 7293 7292 7295
f 7296 7297 7298
f 6896 7272 7299
f 7298 7297 7300
f 7301 7302 7303
f 6897 6896 7299
f 6733 7304 7305
f 7306 7226 7227
f 7307 7308 7309
f 7310 7010 7012
f 7311 7312 7313
f 7312 7314 7313
f 7303 7302 7315
f 7316 7317 7318
f 7266 7055 7319
f 6734 6733 7305
f 7316 7318 7320
f 7321 7322 7323
f 7321 7323 7324
f 7325 7326 7327
f 6717 7328 7329
f 6675 7330 7331
f 7332 7333 6584
f 7325 7327 7334
f 6675 6674 6692
f 6692 6691 6625
f 7335 6585 7336
f 6675 7337 6676
f 7331 7330 7338
f 7339 7340 7341
f 7103 6863 7342
f 7333 6985 7343
f 7344 7333 7343
f 6692 7345 6693
f 7332 6584 7346
f 7346 6584 7347
f 6625 7348 7349
f 6626 6625 7349
f 6583 6585 7350
f 7350 6585 6978
f 6627 7351 6786
f 7339 7341 7352
f 7337 7353 7354
f 6676 7337 7354
f 7345 7355 7356
f 6693 7345 7356
f 7335 7336 7006
f 7330 7357 6965
f 7338 7330 6965
f 7006 7336 7007
f 7358 7359 7360
f 6718 6717 7329
f 7348 6972 7361
f 7349 7348 7361
f 6965 7357 6966
f 7343 6985 6984
f 7351 7362 7363
f 6786 7351 7363
f 7346 7347 7364
f 6981 7365 6982
f 7364 7347 6953
f 7350 6978 6977
f 7359 7366 7360
f 7356 7355 7367
f 7367 7355 7368
f 7354 7353 7369
f 7361 6972 6974
f 7369 7353 7370
f 6982 7365 6948
f 7362 7371 7372
f 7363 7362 7372
f 7007 6963 6962
f 6948 7365 6949
f 6967 6966 6922
f 6984 6957 6956
f 7373 7374 7375
f 7364 6953 6952
f 6936 7376 6937
f 6977 6942 6941
f 6937 7376 7377
f 7367 7368 7378
f 6973 7379 7380
f 6974 6973 7380
f 7375 7374 7381
f 7378 7368 7382
f 7371 7383 7384
f 7372 7371 7384
f 6950 6949 6885
f 7369 7370 7385
f 7385 7370 7386
f 6967 6922 6844
f 6963 7387 6964
f 7377 7376 7388
f 7376 6901 7388
f 6936 6938 6912
f 7389 7390 7391
f 7173 7172 7392
f 7294 6826 7393
f 7394 7395 7396
f 6956 6958 6840
f 6920 6916 7397
f 6920 7397 6913
f 6840 6958 6841
f 6952 6954 7398
f 6950 6885 6884
f 7397 6916 6918
f 7399 6893 7400
f 7398 6954 7401
f 7391 7390 7402
f 7403 6893 6827
f 7388 6901 6903
f 6941 6943 7404
f 6894 6873 6872
f 7378 7382 6773
f 7379 6773 6772
f 7380 7379 6772
f 7383 6772 6852
f 7384 7383 6852
f 7404 6943 7405
f 7406 7407 7408
f 7409 7410 7411
f 7412 7413 7414
f 6873 6834 6833
f 6773 7382 7415
f 7411 7410 7416
f 7385 7386 7415
f 6895 6872 7417
f 7415 7386 6846
f 6917 7418 7419
f 6918 6917 7419
f 7387 6763 6762
f 6964 7387 6762
f 6884 6852 6853
f 7420 7421 7422
f 7412 7414 7423
f 6753 6755 7424
f 6846 6845 6779
f 7422 7421 7425
f 6779 6841 6780
f 6834 6799 6835
f 7399 7400 7426
f 7398 7401 6780
f 7427 7428 7429
f 6895 7417 7430
f 7431 6813 6812
f 6813 6788 6814
f 6903 6902 7432
f 6902 7433 7432
f 7433 6853 7432
f 6853 6772 7432
f 7434 7435 7436
f 7437 7438 7439
f 6780 7401 6724
f 7404 7405 6724
f 7434 7436 7440
f 7431 6812 7441
f 7431 7441 7442
f 6895 7430 7442
f 7418 7432 6741
f 7419 7418 6741
f 6755 7443 7424
f 6814 6788 6756
f 7432 6772 6741
f 7444 7445 7446
f 7415 6846 6741
f 6773 7415 6741
f 6846 6779 6741
f 7447 7444 7446
f 7448 7449 7450
f 6724 7405 4617
f 6763 7451 4617
f 7452 6746 7453
f 6835 6799 4583
f 6829 6828 6736
f 5665 5662 7454
f 7448 7450 7455
f 7412 7423 7456
f 7452 7453 7457
f 6713 7452 7457
f 4583 6741 6740
f 7458 7459 7460
f 5664 5665 5663
f 7453 6746 6748
f 6741 6780 6725
f 7442 7441 7461
f 7462 7463 7464
f 7465 7466 7467
f 7468 6750 4661
f 7469 5650 5661
f 7400 7470 7471
f 7426 7400 7471
f 4617 7451 4618
f 6757 4583 6758
f 7465 7467 7472
f 7207 6931 7473
f 5648 5656 5650
f 6098 5932 7474
f 6780 6724 6725
f 7475 7476 7477
f 6713 7457 6714
f 7442 7461 6715
f 6751 6750 4645
f 7478 6709 7479
f 6829 6736 6735
f 7480 7475 7477
f 7481 7482 7483
f 7479 6709 6711
f 6747 6758 7484
f 6748 6747 7484
f 7478 7479 7485
f 4635 7478 7485
f 7471 7470 7486
f 7468 4661 4660
f 6715 6714 7487
f 6751 4645 4628
f 7481 7483 7488
f 6710 7484 4576
f 6711 6710 4576
f 7471 7486 7489
f 6604 7490 6605
f 7491 7492 7493
f 7494 6604 6606
f 7495 4661 7496
f 4635 7485 4636
f 4583 6740 4584
f 5625 5639 5638
f 7497 7491 7493
f 7498 7499 7500
f 6735 4633 4632
f 6715 7487 4637
f 7490 4576 4575
f 5625 5629 5639
f 6605 7490 4575
f 7494 6606 7501
f 5625 5623 5629
f 7498 7500 7502
f 7064 6940 7503
f 7504 7505 7506
f 7507 7496 7508
f 7494 7501 7509
f 7489 7486 7510
f 7511 7512 7513
f 6725 4617 4596
f 7495 7496 7514
f 7515 4622 7516
f 4660 4662 7517
f 7489 7510 7518
f 7519 7511 7513
f 5602 5603 5620
f 7520 7521 7522
f 7515 7516 7523
f 7524 7515 7523
f 7516 4622 4623
f 4637 4636 7525
f 4632 4634 4569
f 7526 4632 4569
f 7509 7501 7527
f 7521 7528 7522
f 4596 4617 4569
f 4618 7526 4569
f 7529 5615 5616
f 7514 7496 7530
f 4569 7518 7531
f 7518 7510 7531
f 5595 5597 5615
f 7517 4662 7532
f 4637 7525 7533
f 7524 7523 7534
f 7535 7536 7537
f 7538 7539 7540
f 7509 7527 7533
f 4613 4615 4595
f 4604 4623 4606
f 7541 7542 7543
f 5591 5590 5593
f 7524 7534 7544
f 7517 7532 4558
f 5586 5584 5591
f 7540 7539 7545
f 5590 7546 5592
f 6940 7547 7503
f 7514 7530 4534
f 4584 7548 4412
f 4569 7531 4549
f 7507 7508 7549
f 4603 4616 7550
f 7551 7552 7553
f 7554 7555 7556
f 4576 7484 4412
f 7484 6758 4412
f 7557 7551 7553
f 6758 4583 4412
f 4595 4615 4550
f 7558 4606 7559
f 7556 7555 7560
f 7102 7249 7561
f 7533 7527 7562
f 7563 7508 4485
f 4558 7532 4521
f 4606 4623 4412
f 4623 4575 4412
f 7564 7565 7566
f 7567 7568 7569
f 7570 7558 7571
f 7558 7559 7571
f 7572 7564 7566
f 4402 4549 4551
f 4534 7530 4535
f 7550 4616 7573
f 7549 7508 4498
f 7569 7568 7574
f 7267 7220 7575
f 7544 7534 7576
f 7559 4606 4412
f 7577 7559 4412
f 7534 7578 7576
f 4551 4520 4522
f 7550 7573 4474
f 7549 4498 4497
f 7570 7571 4488
f 7579 7580 7581
f 7582 7583 7584
f 7570 4488 4480
f 7563 4485 7585
f 4551 4522 7586
f 7587 7579 7581
f 4402 4551 7586
f 4517 4536 4518
f 4536 4535 4518
f 7584 7583 7588
f 6939 7219 7473
f 4474 7573 4475
f 7589 7576 7590
f 7576 7578 7590
f 7586 4517 4519
f 7591 7592 7593
f 7586 4519 4460
f 4402 7586 4460
f 7594 7595 7596
f 7597 7598 7599
f 7585 4485 4487
f 7589 7590 4476
f 7600 7594 7596
f 7601 7577 4446
f 7577 4412 4446
f 7602 7603 7604
f 7277 7267 7575
f 4500 4499 4462
f 7601 4446 4452
f 7605 7606 7607
f 4438 4460 4463
f 4460 4461 4463
f 4469 4468 4428
f 4440 4487 4441
f 4487 4486 4441
f 7608 7605 7607
f 4446 4412 4447
f 4429 4481 4430
f 4476 4475 7609
f 7610 7611 7612
f 4402 4438 4419
f 7613 4440 4442
f 4427 4469 4428
f 7614 7615 7616
f 7610 7612 7617
f 4438 7613 4439
f 7613 4442 4439
f 4452 4453 4418
f 7618 7614 7616
f 4447 4412 7619
f 4448 4447 7620
f 7621 7622 7623
f 7624 7625 7626
f 6921 6923 7627
f 6848 6976 7628
f 7306 7227 4274
f 7629 7630 7631
f 4476 7609 4431
f 4418 4453 4410
f 4447 7619 7632
f 7633 4402 4408
f 7634 7633 4408
f 7635 5516 5518
f 7621 7623 7636
f 4413 7634 4408
f 4419 7637 4403
f 4408 4402 7638
f 4431 4430 7639
f 7619 4412 7640
f 4448 7620 7641
f 7642 7643 7644
f 7645 7646 7647
f 6923 7299 7627
f 4422 4428 4423
f 7637 4419 4421
f 4420 4423 4421
f 4402 4419 4403
f 7642 7644 7648
f 7632 7619 4406
f 7619 7640 4400
f 7641 7620 4416
f 7645 7647 7649
f 7640 4412 4398
f 7632 4406 4405
f 4400 7640 4401
f 7650 7651 7652
f 7653 7654 7655
f 7166 6906 7656
f 4413 4408 4394
f 4398 4413 4394
f 7657 7658 7659
f 7640 4398 4388
f 7660 7661 7662
f 4403 4397 4386
f 7653 7655 7663
f 7641 4416 4415
f 4394 4376 4395
f 4403 4386 4385
f 7664 7665 7666
f 7667 7668 7669
f 7638 4402 4385
f 7670 7671 7672
f 7670 7672 7673
f 7667 7669 7674
f 4395 4376 4381
f 4376 7638 4378
f 7675 7676 7677
f 7638 4385 4378
f 7678 7679 7680
f 4386 4397 4382
f 4368 4401 4369
f 4399 4394 4359
f 7681 7682 7683
f 7684 7685 7686
f 4405 4407 7687
f 7684 7686 7688
f 7680 7679 7689
f 7690 7691 7692
f 7693 7662 7694
f 7662 7661 7694
f 5457 7695 5458
f 4376 4348 7696
f 5455 5454 7697
f 7698 7699 7700
f 4386 7701 4387
f 4383 7702 4384
f 4381 4376 4375
f 7703 7704 7705
f 4376 7696 7706
f 7707 7661 4372
f 7703 7705 7708
f 7700 7699 7709
f 7693 7694 7710
f 7702 7693 7710
f 4384 7702 7710
f 7687 4407 7711
f 4396 4395 4345
f 4415 4417 7712
f 7707 4372 4371
f 4409 4411 4351
f 4380 4375 4332
f 7713 4376 7714
f 7715 7716 7717
f 6947 7228 7718
f 7277 7575 7719
f 5423 5422 7720
f 4376 7706 7714
f 7721 7722 7723
f 4347 4389 4342
f 7724 7725 7726
f 7727 7728 7729
f 7717 7716 7730
f 4395 4381 4335
f 4376 7713 4328
f 7731 7732 7733
f 4411 4352 4351
f 7734 7735 7736
f 7102 7561 7737
f 7738 5413 5412
f 4375 4328 7739
f 4378 4385 7740
f 4385 7741 7740
f 4380 4332 4331
f 4335 4381 4336
f 4399 4359 4358
f 4387 7701 7742
f 7701 7743 7742
f 7712 4417 7744
f 4381 4380 7745
f 7746 7747 7748
f 7736 7735 7749
f 4373 4372 7750
f 4348 4378 4379
f 7742 7743 7751
f 7743 4373 7751
f 4373 7750 7751
f 7746 7748 7752
f 7745 4380 7753
f 4370 4369 4366
f 7687 7711 7754
f 4396 4345 4344
f 7755 7756 7757
f 7413 7758 7759
f 7236 7238 7760
f 7761 7762 5762
f 7763 7764 5784
f 7696 4348 4350
f 7740 7741 7765
f 7741 4338 7765
f 7766 7767 4327
f 7706 7696 7768
f 7696 4312 7768
f 7754 7711 4308
f 7712 7744 7769
f 4351 4353 7769
f 7770 7771 7772
f 7757 7756 7773
f 7714 7706 7774
f 7706 4309 7774
f 7765 4338 4340
f 4340 4339 7775
f 4339 7766 7775
f 7766 4327 7775
f 7770 7772 7776
f 7713 7714 7777
f 7714 7778 7777
f 4379 4334 4323
f 4328 7713 4306
f 7713 4307 4306
f 7779 7780 7781
f 7414 7413 7759
f 4370 4366 4365
f 4337 4336 7782
f 4358 4360 4295
f 7739 4328 4330
f 7745 7753 7783
f 7744 7784 7769
f 4315 4326 4316
f 4349 7785 7786
f 4350 4349 7786
f 7787 7788 7789
f 7779 7781 7790
f 4324 7791 4325
f 4295 4360 4269
f 7783 7753 4292
f 7769 7784 4300
f 4325 7791 4317
f 7791 4315 4317
f 7787 7789 7792
f 7754 4308 4300
f 7768 4312 4314
f 4344 4346 7793
f 4341 4343 7794
f 7774 4309 4311
f 7795 7796 7797
f 6915 6919 7798
f 6685 7277 7719
f 7793 4346 7799
f 7785 4303 7800
f 7786 7785 7800
f 7777 7778 7801
f 7778 4283 7801
f 7794 4343 7802
f 4307 4282 4281
f 4337 7782 4270
f 4304 7803 4294
f 7803 4316 4294
f 4304 4294 4305
f 7804 7805 7806
f 7795 7797 7807
f 7800 4303 4305
f 4314 4313 4288
f 4313 4289 4288
f 4329 7808 7809
f 4330 4329 7809
f 4270 7782 4271
f 7810 7811 7812
f 4365 4367 4302
f 7783 4292 4291
f 7813 7814 7815
f 4331 4333 7816
f 4333 7817 7816
f 7818 7819 7820
f 6919 6810 7798
f 4311 4310 4320
f 7821 7822 7823
f 4310 4321 4320
f 4302 4367 7824
f 4289 4285 4290
f 4290 4285 4287
f 7825 7826 7827
f 7793 7799 7828
f 7801 4283 4284
f 4302 7824 7829
f 7794 7802 7829
f 7828 7799 4255
f 7830 7831 7832
f 7818 7820 7833
f 4282 4263 4262
f 7808 7834 7835
f 7809 7808 7835
f 7836 7837 7838
f 4296 4269 4264
f 7839 7840 7841
f 7842 7843 7844
f 4321 7839 7841
f 7829 7802 7845
f 7840 4287 7841
f 7842 7844 7846
f 7847 7848 7849
f 6810 6742 7798
f 7850 7851 7852
f 4322 4321 7841
f 4272 4271 7853
f 4284 4267 4268
f 7854 7855 7856
f 4291 4293 5016
f 5016 4293 5017
f 7857 7858 7859
f 7847 7849 7860
f 7816 7817 6563
f 7817 7861 6563
f 4263 4253 4252
f 7862 7863 7864
f 4268 4256 4258
f 7865 7866 7867
f 6563 7861 6564
f 4264 4266 4249
f 7828 4255 4249
f 7834 4278 7835
f 7868 5252 5254
f 7869 7870 7871
f 6742 6666 7798
f 4253 7872 4254
f 7872 4258 4254
f 7873 7874 7875
f 4272 7853 4251
f 7876 7877 7878
f 4251 7853 7879
f 7880 7881 7882
f 7835 4278 4280
f 4279 4254 4280
f 7883 7884 7885
f 4251 7879 5018
f 7869 7871 7886
f 7887 7888 7889
f 5017 7890 5018
f 6564 7891 6565
f 5018 7890 6565
f 7892 7893 7894
f 7895 7896 7897
f 7294 7393 7898
f 7897 7896 7899
f 7900 7901 7902
f 7902 7901 7903
f 7904 7905 7906
f 7172 6915 7798
f 7628 6976 7907
f 7227 7908 4274
f 7906 7905 7909
f 7910 7911 7912
f 7913 7914 7915
f 7916 7917 7918
f 7919 7920 7921
f 7912 7911 7922
f 7923 7924 7925
f 7926 7927 7928
f 7473 7219 7929
f 6685 7719 7930
f 7931 7932 7933
f 7934 7935 7936
f 7937 7938 7939
f 7928 7927 7940
f 7941 7942 7943
f 6431 7944 6432
f 7945 7946 7947
f 7948 7949 7950
f 7951 7952 7953
f 7954 7955 7956
f 7957 7958 7959
f 7960 7961 7962
f 7963 7964 7965
f 7966 7967 7968
f 7966 7968 7969
f 7951 7953 7970
f 7971 7972 7973
f 7974 7975 7976
f 7977 7978 7979
f 7980 7981 7982
f 7983 7984 7985
f 7986 7987 7988
f 7989 7990 7991
f 6983 7044 7992
f 7993 7994 7995
f 7996 7997 7998
f 7999 8000 8001
f 8002 6389 6391
f 8003 8004 8005
f 8006 8003 8005
f 7989 7991 8007
f 8008 6395 6397
f 8009 8010 8011
f 8012 8013 8014
f 8015 8016 8017
f 8018 8019 8020
f 8021 8022 8023
f 8024 8025 8026
f 8027 8028 8029
f 8030 8031 8032
f 8033 8034 8035
f 6372 8036 6373
f 8037 8038 8039
f 8040 6354 6356
f 8041 8042 8043
f 8044 8045 8046
f 8024 8026 8047
f 8048 8049 8050
f 8051 8052 8053
f 7456 7423 8054
f 8055 8056 8057
f 8058 8059 8060
f 8059 8061 8060
f 8062 8063 8064
f 8048 8050 8065
f 6074 6566 8066
f 8067 8068 8069
f 8070 8071 8072
f 8073 7954 7956
f 8074 8075 8076
f 8067 8069 8077
f 8078 6400 6402
f 8079 8080 8081
f 7266 7319 7929
f 6839 6843 8082
f 8083 8084 8085
f 8080 8086 8081
f 8087 8088 8089
f 8090 8091 8092
f 8093 6261 6260
f 8094 8095 8096
f 8097 8094 8096
f 8098 6251 6250
f 8099 8100 8101
f 8102 8099 8101
f 6254 8103 6255
f 8104 8105 8106
f 6975 6979 8107
f 8108 8109 8110
f 8110 8109 8111
f 6240 8112 6241
f 8113 8114 8115
f 8116 8113 8115
f 6245 8117 6246
f 8118 8119 8120
f 8121 8118 8120
f 6233 8122 6234
f 8123 8124 8125
f 8125 8124 8126
f 8127 6237 6236
f 8105 8128 8106
f 8129 8130 8131
f 8132 8129 8131
f 8133 6346 6345
f 8134 8135 8136
f 8137 8134 8136
f 6230 8138 6231
f 8139 8140 8141
f 8142 8139 8141
f 6215 8143 6216
f 8144 8145 8146
f 8147 8144 8146
f 6218 8148 6219
f 8149 8150 8151
f 8152 8153 5256
f 6979 7627 8107
f 6843 8154 8082
f 8155 8156 8157
f 8158 8159 8160
f 8161 8162 8163
f 8164 8165 8166
f 8150 8167 8151
f 8168 8169 8170
f 8171 8172 8173
f 8174 8175 8176
f 8177 8178 8179
f 8180 8176 8181
f 8182 8183 8184
f 8178 8185 8179
f 8186 8187 8188
f 8188 8189 8190
f 8191 8192 8193
f 8194 8195 8196
f 7992 7044 8197
f 8198 8199 8200
f 8201 8202 8203
f 8204 8205 5025
f 8195 8206 8196
f 8207 8208 8209
f 8210 8211 8212
f 8213 8214 8215
f 8216 8217 8218
f 8219 8220 8221
f 8222 8223 8224
f 8225 8226 8227
f 8228 8229 8230
f 8220 8231 8221
f 8232 8233 8234
f 8235 8236 8237
f 8238 8239 8240
f 8241 8242 8243
f 7718 7228 8107
f 7166 7656 8244
f 8245 8246 8247
f 8248 8249 8250
f 8251 8252 8253
f 8242 8254 8243
f 8255 8256 8257
f 8258 8259 8260
f 8261 8262 8263
f 8264 8265 8266
f 8267 8268 8269
f 8270 8271 8272
f 8273 8274 8275
f 8276 8277 8278
f 8271 8279 8272
f 8280 6126 8281
f 8282 8283 8284
f 8285 8286 8287
f 8288 8289 8290
f 8291 8292 8293
f 8294 8295 8296
f 8297 8298 8299
f 8300 8290 8301
f 8302 8303 8304
f 8305 8306 8307
f 8292 8308 8293
f 8309 8310 8311
f 8312 8313 8314
f 8315 8316 8317
f 7103 7342 8318
f 8319 8320 8321
f 8322 8323 8324
f 8316 8325 8317
f 8326 8327 8328
f 8329 8330 8331
f 8331 8332 8333
f 8334 8335 8336
f 8337 8338 8339
f 8340 8341 8342
f 8343 8344 8345
f 8346 8347 8348
f 6990 7002 8349
f 8339 8350 8351
f 8352 8353 8203
f 8354 8355 8356
f 8341 8357 8342
f 8358 8359 8360
f 6087 6089 8361
f 8362 8363 8364
f 8365 8072 8366
f 8367 8073 7956
f 8368 8369 8370
f 8363 8371 8364
f 8372 8373 8374
f 8375 8376 8377
f 8378 8379 8380
f 7002 8381 8349
f 8382 8383 8384
f 8376 8385 8377
f 8386 8387 8388
f 8389 8390 8391
f 7929 7319 8392
f 8393 8394 8395
f 8396 8397 8398
f 8399 8400 4821
f 8390 8401 8391
f 8402 8218 8403
f 8404 6173 6175
f 8405 8406 8407
f 8408 8409 8410
f 8411 8412 8413
f 8227 8414 8415
f 6162 8416 8417
f 8418 8419 8420
f 8421 8422 8423
f 7221 7225 8424
f 7930 7898 8425
f 8230 8426 8427
f 6165 8428 8429
f 8234 8430 8431
f 8432 8433 8434
f 8422 8435 8423
f 8436 8437 8438
f 7225 8439 8424
f 8440 8441 8442
f 8443 8444 8445
f 8446 8447 8448
f 8449 8450 8451
f 8452 8453 8454
f 8455 8456 8457
f 8437 8458 8438
f 8459 8460 8461
f 8462 8463 8464
f 7898 7393 8425
f 8465 8466 8467
f 8468 8469 8470
f 8471 8472 8473
f 8474 8475 8476
f 8463 8477 8464
f 8478 8479 8480
f 8481 8482 8483
f 8484 8485 8486
f 8487 8488 8489
f 8490 8491 8492
f 8493 8494 8495
f 8488 8496 8489
f 8497 8498 8499
f 8500 8501 8502
f 8503 8504 8505
f 8506 8507 8508
f 7628 7907 8509
f 8504 8510 8505
f 8511 8512 8513
f 8514 8515 8516
f 8517 8518 8519
f 8520 8521 8522
f 8523 8524 8525
f 8347 8526 8527
f 6087 8361 8528
f 8529 6073 8530
f 8524 8531 8525
f 4299 4318 4685
f 8532 8366 8533
f 8534 8535 8536
f 8348 8347 8527
f 8537 8538 8539
f 8535 8540 8536
f 8541 8542 8543
f 8542 8544 8543
f 8545 8546 8547
f 8548 8549 8550
f 7456 8054 8392
f 8551 8552 8553
f 8549 8554 8550
f 8555 8556 8557
f 8558 8559 8560
f 8346 8348 8561
f 8562 8563 8564
f 8559 8565 8560
f 8566 8567 8568
f 7758 8569 8570
f 6685 7930 8571
f 8572 8573 8574
f 8567 8575 8568
f 8576 8404 6175
f 8577 8411 8413
f 8578 8579 8580
f 7759 7758 8570
f 8416 8581 8582
f 8428 8583 8584
f 8585 8586 8587
f 8433 8588 8589
f 8580 8579 8590
f 8591 8592 8593
f 7102 7737 8594
f 8595 8596 8597
f 8598 8599 8600
f 8592 8601 8593
f 8602 8603 8604
f 8605 8606 8607
f 8608 8609 8610
f 8604 8603 8611
f 8612 8613 8614
f 8615 7102 8594
f 7930 8425 8571
f 4611 8616 4653
f 8617 8618 8619
f 8620 8621 8499
f 8618 8622 8619
f 8614 8613 8623
f 8624 8625 8626
f 7718 8107 8627
f 7230 8628 8629
f 8626 8625 8630
f 8631 8632 8633
f 4185 4184 4533
f 8634 8635 8636
f 8633 8632 8637
f 8638 8639 8640
f 7231 7230 8629
f 8640 8639 8641
f 8642 8643 8644
f 8645 8646 8647
f 8648 8649 8650
f 8392 8054 8651
f 8652 8653 8654
f 8655 8656 8657
f 8658 8659 8660
f 8653 8661 8654
f 8509 7907 8662
f 8663 8664 8665
f 8650 8649 8666
f 8595 8667 8668
f 8669 8670 8671
f 8672 8673 8674
f 8669 8671 8675
f 8676 8677 8678
f 8679 8509 8662
f 8680 8681 8682
f 8677 8683 8678
f 8684 8685 8686
f 8684 8686 8687
f 8688 4274 4510
f 8689 8690 8691
f 7304 8692 8693
f 8689 8691 8694
f 8695 8696 8697
f 8698 8699 8700
f 8701 8702 8703
f 8704 8705 8706
f 8699 8707 8700
f 8708 8709 8710
f 8711 8712 8713
f 8346 8561 8651
f 7305 7304 8693
f 6888 4216 4215
f 8714 8715 8716
f 8717 8718 8719
f 8720 8721 8722
f 8723 8724 8725
f 8526 8726 8727
f 8092 8728 8729
f 8730 8731 8732
f 8730 8732 8733
f 8646 8734 8647
f 8735 8736 8737
f 8738 6182 8739
f 8738 8739 8740
f 8741 8742 8743
f 8744 8745 8746
f 8747 8576 6175
f 8747 6175 8748
f 8749 8577 8413
f 8749 8413 8750
f 8751 8752 8753
f 8736 8754 8737
f 8527 8526 8727
f 7328 8755 4197
f 6168 8756 6169
f 8414 8757 8758
f 8581 8759 8760
f 8761 8581 8760
f 8426 8762 8763
f 8583 8764 8765
f 8766 8583 8765
f 8430 8767 8768
f 8769 8770 8771
f 8588 8772 8773
f 8774 8588 8773
f 8775 8776 8777
f 6149 8778 6150
f 8779 4351 8780
f 8770 8781 8771
f 8169 7639 8170
f 8782 8783 8784
f 8785 7330 8786
f 8787 8788 8789
f 7561 7249 8790
f 7329 7328 4197
f 6585 8791 8792
f 8788 8793 8789
f 4294 8794 7841
f 8784 8783 8795
f 7249 8796 8790
f 4258 8797 4280
f 4280 8797 8798
f 8799 8800 8801
f 8802 8803 8804
f 8800 8805 8801
f 8244 7656 8806
f 8807 8808 8809
f 8810 8811 8812
f 8813 8814 8815
f 8816 8817 8818
f 8811 8819 8812
f 8615 8594 8820
f 8821 8822 8823
f 8824 8825 8826
f 8827 8828 8829
f 8646 8830 8831
f 8646 8831 8832
f 8828 8833 8829
f 8834 8835 8836
f 8244 8806 8837
f 4357 6888 4215
f 5784 7764 8838
f 6174 8839 8840
f 6174 8840 8841
f 8842 8843 8222
f 8844 8845 8846
f 8847 6167 8848
f 8849 8850 8228
f 8851 6164 8852
f 8853 8854 8232
f 8844 8846 8855
f 8834 8836 8856
f 8857 8858 8859
f 8860 8861 8862
f 8863 8864 8865
f 8864 8866 8865
f 8651 8561 8867
f 8868 8869 8870
f 8869 8871 8870
f 8872 8873 8874
f 8875 8876 8877
f 8878 8879 8880
f 8881 8882 8883
f 8884 8885 8886
f 8887 8888 8889
f 8873 8890 8874
f 8679 8662 8891
f 8892 8893 8894
f 8895 8896 8897
f 8895 8897 8898
f 8899 8900 8901
f 8902 8903 8904
f 8905 8906 8907
f 8908 8909 8910
f 8911 8912 8913
f 8914 8911 8913
f 8915 8916 8917
f 8918 8919 8920
f 8921 8918 8920
f 8909 8922 8910
f 8923 8924 8925
f 8926 8923 8925
f 8927 8928 8929
f 8930 8931 8932
f 8933 8934 8935
f 8936 8933 8935
f 8937 8938 8939
f 8940 8941 8942
f 8943 8944 8945
f 8946 8947 8948
f 8949 8950 8951
f 8952 8953 8954
f 8955 8956 8957
f 8952 8954 8958
f 8959 8960 8961
f 8962 8963 8964
f 8965 8962 8964
f 8966 8967 8968
f 8937 8939 8969
f 8970 8971 8972
f 8966 8968 8973
f 8974 8975 8976
f 8977 8978 8979
f 8980 8977 8979
f 8981 8982 8983
f 8984 8985 8986
f 8987 8988 8989
f 8990 8991 8992
f 8993 8990 8992
f 8994 8995 8996
f 8997 8998 8999
f 8994 8996 9000
f 9001 9002 9003
f 9004 9005 9006
f 9007 9008 9009
f 9009 9008 9010
f 9011 9012 9013
f 9011 9013 9014
f 9015 9016 9017
f 9018 9019 9020
f 9018 9020 9021
f 8998 9022 8999
f 8834 8856 8867
f 9023 9024 9025
f 9026 9027 9028
f 9028 9027 9029
f 9030 9031 9032
f 9033 9034 9035
f 9036 9033 9035
f 9037 9038 9039
f 9040 9041 9042
f 9043 9040 9042
f 9044 9045 9046
f 9047 9048 9049
f 9050 9047 9049
f 9051 4218 4220
f 9052 9053 9054
f 9055 9056 9057
f 9058 9059 9060
f 9061 9058 9060
f 9062 9063 9064
f 9065 9064 9066
f 9053 9067 9054
f 8836 8835 9068
f 7503 7547 9069
f 9070 9071 9072
f 9073 9074 9075
f 9076 9077 9078
f 4211 9079 4212
f 9080 9081 9082
f 9083 9084 9085
f 9086 9087 9088
f 9089 4200 4208
f 4201 4200 9089
f 9090 9091 4203
f 9092 9093 9094
f 9095 9096 9097
f 9084 9098 9085
f 8835 9099 9068
f 9100 9101 9102
f 9103 9100 9102
f 9104 9105 9106
f 9107 9108 9109
f 9110 9107 9109
f 9111 9112 9113
f 9114 9115 9116
f 9117 9114 9116
f 9118 9119 9120
f 9121 9122 9123
f 9121 9123 9124
f 9125 9126 9127
f 9128 9129 9130
f 9131 9132 9133
f 9131 9133 9134
f 9135 9136 9137
f 9138 9139 9140
f 9140 9139 9141
f 9142 9143 9144
f 9145 9146 9147
f 9147 9146 9148
f 9149 9150 9151
f 9152 9153 9154
f 9154 9153 9155
f 9126 9156 9127
f 8318 7342 9157
f 7547 9158 9069
f 9159 9160 9161
f 9162 9163 9164
f 9165 9162 9164
f 9166 9167 9168
f 9169 4182 4181
f 9170 9171 9172
f 9173 9170 9172
f 9174 9175 9176
f 9177 9178 9179
f 9180 9181 9182
f 9180 9182 9183
f 9184 9185 9186
f 9187 9188 9189
f 9190 9191 9192
f 9190 9192 9193
f 9194 9195 9196
f 9197 9198 9199
f 9197 9199 9200
f 9201 9202 9203
f 9204 9205 9206
f 9207 9204 9206
f 9208 9209 9210
f 9211 9212 9213
f 9211 9213 9214
f 9185 9215 9186
f 7342 9216 9157
f 9217 9218 9219
f 9220 9221 9222
f 9223 9220 9222
f 9224 9225 9226
f 9227 9228 9229
f 9230 9227 9229
f 9231 9232 9233
f 9234 9235 9236
f 9236 9235 9237
f 9238 9239 9240
f 9241 9242 9243
f 9243 9242 9244
f 9245 9246 9247
f 9248 9249 9250
f 9251 9252 9253
f 9253 9252 9254
f 9255 9256 9257
f 9258 9259 9260
f 9261 9258 9260
f 9262 9263 9264
f 9265 9266 9267
f 9268 9265 9267
f 9269 9270 9271
f 9272 9273 9274
f 9275 9272 9274
f 9246 9276 9247
f 8424 8439 9277
f 8679 8891 9278
f 7235 6888 4357
f 9279 9280 9281
f 9282 9283 9284
f 9285 9282 9284
f 9286 9287 9288
f 9289 9290 9291
f 9292 9289 9291
f 9293 9294 9295
f 9296 9297 9298
f 9299 9296 9298
f 9300 9301 9302
f 9303 9304 9305
f 9306 9303 9305
f 9307 9308 9309
f 9310 9311 9312
f 9313 9314 9315
f 9316 9313 9315
f 9317 9318 9319
f 9320 9321 9322
f 9323 9320 9322
f 9324 9325 9326
f 9327 9328 9329
f 9330 9327 9329
f 9331 9332 9333
f 9334 9335 9336
f 9337 9334 9336
f 9308 9338 9309
f 8439 9339 9277
f 9340 9341 9342
f 9343 9344 9345
f 9346 9343 9345
f 9347 9348 9349
f 9350 9351 9352
f 9353 9350 9352
f 9354 9355 9356
f 9357 9358 9359
f 9360 9357 9359
f 9361 9362 9363
f 9364 9365 9366
f 9367 9364 9366
f 9368 9369 9370
f 9371 9372 9373
f 9374 9375 9376
f 9377 9374 9376
f 9378 9379 9380
f 9381 9382 9383
f 9384 9381 9383
f 9385 9386 9387
f 9388 9389 9390
f 9391 9388 9390
f 9392 9393 9394
f 9395 9396 9397
f 9398 9395 9397
f 9369 9399 9370
f 8726 4362 4361
f 8571 8679 9278
f 9400 9401 9402
f 9403 9404 9405
f 9406 9403 9405
f 9407 9408 9409
f 9410 9411 9412
f 9413 9410 9412
f 9414 9415 9416
f 9417 9418 9419
f 9420 9417 9419
f 9421 9422 9423
f 9424 9421 9423
f 9425 9426 9427
f 9428 9429 9430
f 9431 9432 9433
f 9434 9435 9436
f 9437 9438 9439
f 9437 9439 9440
f 9441 9442 9443
f 9444 9445 9446
f 9447 9448 9449
f 9444 9446 9450
f 9451 9452 9453
f 9453 9452 9454
f 9429 9455 9430
f 8727 8726 4361
f 9456 9457 9458
f 9459 9460 9461
f 9461 9460 9462
f 9463 9464 9465
f 9466 9467 9468
f 9469 9466 9468
f 9470 9471 9472
f 9473 9474 9475
f 9476 9473 9475
f 9477 9478 9479
f 9480 9481 9482
f 9483 9480 9482
f 9484 9485 9486
f 9487 9488 9489
f 9490 9491 9492
f 9493 9490 9492
f 9494 9495 9496
f 9497 9498 9499
f 9500 9497 9499
f 9501 9502 9503
f 9504 9505 9506
f 9507 9504 9506
f 9508 9509 9510
f 9511 9512 9513
f 9514 9511 9513
f 9485 9515 9486
f 6685 8571 9278
f 9516 9517 9518
f 9519 9520 9521
f 9522 9519 9521
f 9523 9524 9525
f 9526 9527 9528
f 9529 9526 9528
f 9530 9531 9532
f 9533 9534 9535
f 9536 9533 9535
f 9537 9538 9539
f 9540 9541 9542
f 9543 9540 9542
f 9544 9545 9546
f 9547 9548 9549
f 9550 9551 9552
f 9553 9550 9552
f 9554 9555 9556
f 9557 9558 9559
f 9560 9557 9559
f 9561 9562 9563
f 9564 9565 9566
f 9564 9566 9567
f 9568 9569 9570
f 9571 9572 9573
f 9571 9573 9574
f 9545 9575 9546
f 8867 8856 9576
f 9577 9578 9579
f 9580 9581 9582
f 9582 9581 9583
f 9584 9585 9586
f 9587 9588 9589
f 9589 9588 9590
f 9591 9592 9593
f 9594 9595 9596
f 9596 9595 9597
f 9598 9599 9600
f 9601 9602 9603
f 9603 9602 9604
f 9605 9606 9607
f 9608 9609 9610
f 9611 9612 9613
f 9613 9612 9614
f 9615 9616 9617
f 9618 9619 9620
f 9618 9620 9621
f 9622 9623 9624
f 9625 9626 9627
f 9625 9627 9628
f 9629 9630 9631
f 9632 9633 9634
f 9632 9634 9635
f 9606 9636 9607
f 8082 8154 4214
f 9637 9638 9639
f 9640 9641 9642
f 9642 9641 9643
f 9644 9645 9646
f 9647 9648 9649
f 9649 9648 9650
f 9651 9652 9653
f 9654 9655 9656
f 9654 9656 9657
f 9658 9659 9660
f 9661 9662 9663
f 9661 9663 9664
f 9665 9666 9667
f 9668 9669 9670
f 9671 9672 9673
f 9671 9673 9674
f 9675 9676 9677
f 9678 9679 9680
f 9680 9679 9681
f 9682 9683 9684
f 9685 9686 9687
f 9687 9686 9688
f 9689 9690 9691
f 9692 9693 9694
f 9692 9694 9695
f 9666 9696 9667
f 9697 9698 9699
f 9700 9701 9702
f 9700 9702 9703
f 9704 9705 9706
f 9707 9708 9709
f 9707 9709 9710
f 9711 9712 9713
f 9714 9715 9716
f 9716 9715 9717
f 9718 9719 9720
f 9721 9722 9723
f 9723 9722 9724
f 9725 9726 9727
f 9728 9729 9730
f 9731 9732 9733
f 9731 9733 9734
f 9735 9736 9737
f 9738 9739 9740
f 9738 9740 9741
f 9742 9743 9744
f 9745 9742 9744
f 9746 9747 9748
f 9749 9750 9751
f 9752 9753 9754
f 9754 9753 9755
f 9726 9756 9727
f 8154 4196 4214
f 9757 9758 9759
f 9760 9761 9762
f 9762 9761 9763
f 9764 9765 9766
f 9767 9768 9769
f 9767 9769 9770
f 9771 9772 9773
f 9774 9775 9776
f 9774 9776 9777
f 9778 9779 9780
f 9781 9782 9783
f 9781 9783 9784
f 9785 9786 9787
f 9788 9789 9790
f 9790 9789 9791
f 9792 9793 9794
f 9786 9795 9787
f 9576 9796 9797
f 9798 9799 9800
f 9800 9801 9802
f 9803 9804 9805
f 9806 9807 9808
f 9809 9810 9811
f 9812 9813 9814
f 9804 9815 9805
f 9797 9796 9816
f 9814 9817 9818
f 9819 9820 9821
f 9822 9823 9824
f 9825 9826 9827
f 9828 9829 9830
f 9831 9832 9833
f 9834 9835 9836
f 9837 9838 9839
f 9826 9840 9827
f 9796 9841 9816
f 9842 9843 9844
f 9845 9846 9847
f 9848 9849 9850
f 9851 9852 9853
f 9851 9853 9854
f 9855 9856 9857
f 9858 9859 9860
f 9861 9862 9863
f 9864 9865 9866
f 9867 9868 9869
f 9865 9870 9866
f 6870 6649 9871
f 9872 9873 9874
f 9875 9876 9877
f 9878 9879 9880
f 9881 9882 9883
f 9884 9885 9886
f 9887 9888 9889
f 9890 9891 9892
f 9893 9894 9895
f 9885 9896 9886
f 8615 8820 9897
f 9898 9899 9900
f 9901 9902 9903
f 9904 9905 9906
f 9907 9908 9909
f 9910 9911 9912
f 9913 9914 9915
f 9916 9917 9918
f 9919 9920 9921
f 9922 9923 9924
f 9925 9926 9927
f 9928 9929 9930
f 9931 9932 9933
f 9923 9934 9924
f 4223 8615 9897
f 6649 6648 9871
f 9935 9936 9937
f 9936 9938 9937
f 9939 9940 9941
f 6098 7474 9871
f 9942 7235 4357
f 9943 9944 9945
f 9946 9947 9948
f 9949 9950 9951
f 9952 9953 9954
f 9068 9099 9955
f 9953 9956 9954
f 9957 9958 9959
f 9960 8741 8743
f 9961 9962 9963
f 9099 9964 9955
f 6357 6098 9871
f 9914 9965 9915
f 9966 9967 9968
f 9962 9969 9963
f 8645 8647 9970
f 9971 9972 9973
f 9974 9975 9976
f 8594 7737 9977
f 9975 9978 9976
f 9979 9980 9981
f 7737 9982 9977
f 6648 6357 9871
f 7090 9983 9984
f 9980 9985 9981
f 9986 9987 9988
f 4223 9897 4193
f 9823 9989 9824
f 9990 9991 9992
f 9987 9993 9988
f 9994 9995 9996
f 9852 9997 9998
f 9852 9998 9853
f 9999 10000 10001
f 10002 10003 10004
f 10005 10006 10007
f 10008 10009 10010
f 8790 8796 10011
f 10012 10013 10014
f 10015 10016 10017
f 10018 10019 10020
f 10021 10022 10023
f 10009 10024 10010
f 10025 10026 10027
f 10025 10027 10028
f 10029 10030 10031
f 10032 10033 10034
f 8796 10035 10011
f 10036 10037 10038
f 10039 10040 10041
f 10042 10043 10044
f 10045 10046 10047
f 10033 10048 10034
f 10049 10050 10051
f 10052 10053 10054
f 10055 10056 10057
f 10058 10059 10060
f 9576 9797 10061
f 10062 9942 4357
f 10059 10063 10060
f 10064 10065 10066
f 10067 10068 10069
f 10067 10069 10070
f 10071 10072 10073
f 9816 9841 10074
f 10075 10076 10077
f 10072 10078 10073
f 10079 10080 10081
f 10082 10083 10084
f 10085 10086 10087
f 10088 10089 10090
f 10091 10092 10093
f 9841 10094 10074
f 10092 10095 10093
f 10096 10097 10098
f 10096 10098 10099
f 10100 10101 10102
f 10103 10100 10102
f 10104 10105 10106
f 10107 10108 10109
f 10110 10111 10112
f 10112 10111 10113
f 10114 10115 10116
f 10105 10117 10106
f 10116 10115 10118
f 10119 10120 10121
f 10122 10123 10124
f 4362 8570 4363
f 10125 10126 10127
f 10128 10129 10130
f 10131 10132 10133
f 10134 10135 10136
f 10136 10135 10137
f 10138 10139 10140
f 10123 10141 10124
f 10142 10143 10144
f 10143 10145 10144
f 10146 10147 10148
f 10149 10150 10151
f 8570 8569 4363
f 10152 10153 10154
f 10153 10155 10154
f 10156 10157 10158
f 10150 10159 10151
f 10160 10161 10162
f 10163 10164 10165
f 10166 10167 10168
f 7392 7172 4363
f 10169 10170 10171
f 10172 10173 10174
f 10167 10175 10168
f 10176 10177 10178
f 10178 10177 10179
f 10180 10181 10182
f 7172 7798 4363
f 10183 10184 10185
f 10186 10187 10188
f 10187 10189 10188
f 10181 10190 10182
f 10191 10192 10193
f 10194 10195 10196
f 10197 10198 10199
f 8569 7392 4363
f 7992 8197 10127
f 10200 10201 10202
f 10203 10204 10205
f 10198 10206 10199
f 10207 10208 10209
f 10210 10207 10209
f 10211 10212 10213
f 10214 10215 10216
f 10217 10218 10219
f 10217 10219 10220
f 10221 10222 10223
f 10224 10225 10226
f 10215 10227 10216
f 10224 10226 10228
f 10229 10230 10231
f 10232 10233 10234
f 8197 10235 10127
f 10236 10237 10238
f 10239 10240 10241
f 10240 10242 10241
f 10233 10243 10234
f 10244 10245 10246
f 10246 10245 10247
f 10248 10249 10250
f 10249 10251 10250
f 10252 10253 10254
f 10255 10256 10257
f 10258 10259 10260
f 10259 10261 10260
f 10253 10262 10254
f 10263 10264 10265
f 10265 10264 10266
f 10267 10268 10269
f 10270 10271 10272
f 10126 7992 10127
f 10273 10274 10275
f 10276 10277 10278
f 10271 10279 10272
f 10280 10281 10282
f 10281 10283 10282
f 10284 10285 10286
f 10287 10288 10289
f 10290 10291 10292
f 10293 10294 10295
f 9277 9339 10296
f 10297 10298 10299
f 10300 10301 10302
f 10303 10304 10305
f 10294 10306 10295
f 10307 10308 10309
f 10310 10311 10312
f 10310 10312 10313
f 10314 10315 10316
f 9339 10317 10296
f 8837 8806 10318
f 10319 10320 10321
f 10322 10323 10324
f 10325 10326 10327
f 10315 10328 10316
f 10329 10330 10331
f 10329 10331 10332
f 10333 10334 10335
f 10336 10337 10338
f 10339 10340 10341
f 9157 9216 10342
f 10343 10344 10345
f 10346 10347 10348
f 10349 10350 10351
f 10350 10352 10351
f 10340 10353 10341
f 10354 10355 10356
f 9216 10357 10342
f 10355 10358 10356
f 10359 10360 10361
f 10061 10362 10363
f 10361 10360 10364
f 10365 10366 10367
f 8628 4229 4277
f 10367 10366 10368
f 10369 10370 10371
f 10371 10370 10372
f 10373 10374 10375
f 10362 10376 10377
f 8629 8628 4277
f 10375 10374 10378
f 10379 10380 10381
f 10363 10362 10377
f 10381 10380 10382
f 10383 10384 10385
f 10061 10363 10386
f 10385 10384 10387
f 10388 10389 10390
f 10389 10391 10390
f 10392 10393 10394
f 10395 10392 10394
f 10396 10397 10398
f 10318 8806 10399
f 10400 10401 10402
f 10403 10400 10402
f 10404 10405 10406
f 10407 10404 10406
f 10408 10409 10410
f 10398 10397 10411
f 10412 10413 10414
f 10415 10416 10417
f 10418 10419 10420
f 10421 10422 10423
f 10421 10423 10424
f 10425 10426 10427
f 10428 10429 10430
f 10428 10430 10431
f 10432 10433 10434
f 10432 10434 10435
f 10436 10437 10438
f 10439 10440 10441
f 10439 10441 10442
f 10427 10426 10443
f 10444 10445 10446
f 10447 10444 10446
f 10448 10449 10450
f 10451 10448 10450
f 10452 10453 10454
f 10455 10452 10454
f 10456 10457 10458
f 10459 10460 10461
f 10462 10459 10461
f 10463 10464 10465
f 10466 10467 10468
f 10468 10467 10469
f 10470 10471 10472
f 10473 10470 10472
f 10474 10475 10476
f 10477 10478 10479
f 9955 9964 4377
f 10480 10481 10482
f 10481 10483 10482
f 9964 4374 4377
f 10127 10318 10399
f 10484 7090 9984
f 5779 5781 10485
f 10486 10487 10488
f 10489 10490 10491
f 10491 10490 10492
f 10493 10491 10494
f 10495 10493 10494
f 10495 10494 10496
f 10486 10488 10497
f 10498 10499 10500
f 10501 10498 10500
f 10500 10499 10502
f 10503 10504 10505
f 10506 10507 10508
f 10509 10510 10511
f 10512 10513 10514
f 10515 10516 10517
f 10515 10517 10518
f 10503 10505 10519
f 10296 10317 10520
f 8693 8692 10521
f 10522 10523 10524
f 10522 10524 10525
f 10526 10527 10528
f 10529 6986 10530
f 10529 10530 6936
f 10531 10532 10533
f 10534 10535 10536
f 10537 10538 10539
f 10531 10533 10540
f 10541 10542 10543
f 10544 10545 10546
f 10541 10543 10547
f 10521 8692 4319
f 10548 10549 10550
f 10551 10552 10553
f 10550 10549 10554
f 10317 10555 10520
f 10556 10557 10558
f 10559 10560 10561
f 10562 10563 10564
f 10561 10560 10565
f 10074 10094 10566
f 10567 10568 10569
f 10570 10571 10572
f 10569 10568 10573
f 10094 10574 10566
f 10575 10576 10577
f 10578 10579 10580
f 10581 10582 10583
f 10584 10512 10514
f 10585 10586 10587
f 10588 10589 10590
f 10591 10592 10593
f 10583 10582 10594
f 10595 9069 10596
f 7908 10062 4357
f 10597 10493 10495
f 10493 10489 10491
f 10598 10599 10600
f 10600 10599 10601
f 10602 10603 10604
f 10475 10605 10476
f 10606 10607 10608
f 10609 10610 10611
f 10612 10464 10463
f 10602 10604 10613
f 10436 10614 10437
f 10615 10616 10617
f 10418 10618 10419
f 10415 10619 10416
f 10412 10620 10413
f 10408 10621 10409
f 10615 10617 10622
f 10623 10624 10625
f 10623 10625 10626
f 4223 4193 4207
f 4274 7908 4357
f 10627 10628 10629
f 10627 10629 10630
f 10631 10632 10633
f 10631 10633 10634
f 8820 10635 10636
f 9069 9158 10637
f 10638 10639 10640
f 10638 10640 10641
f 9897 8820 10636
f 10642 10643 10644
f 10642 10644 10645
f 10342 10357 10646
f 6054 6700 4610
f 10647 10648 10649
f 10650 10651 10652
f 10653 10654 10655
f 10656 10657 10658
f 10659 10660 10661
f 10662 10333 10335
f 10656 10658 10663
f 10319 10321 10664
f 10357 10665 10646
f 10666 10667 10668
f 10669 10670 10671
f 10667 10672 10668
f 10668 10672 10673
f 10672 10674 10673
f 10669 10671 10675
f 10011 10035 10676
f 10277 10677 10278
f 10678 10679 10680
f 10679 10681 10680
f 10682 10683 10684
f 10685 10686 10687
f 10255 10688 10256
f 10682 10684 10689
f 10035 10690 10676
f 10691 10692 10693
f 10694 10695 10696
f 10697 10698 10699
f 10700 10221 10223
f 10692 10701 10693
f 9977 9982 10702
f 10125 10127 10703
f 10704 10212 10211
f 10705 10706 10707
f 10201 10708 10202
f 10707 10706 10709
f 10191 10710 10192
f 9982 10711 10702
f 10712 10183 10185
f 10713 10714 10715
f 10716 10717 10718
f 10713 10719 10714
f 10174 10173 10720
f 10721 10722 10723
f 10717 10724 10718
f 8891 10125 10703
f 10725 10160 10162
f 10726 10157 10156
f 10727 10728 10729
f 10730 10147 10146
f 10728 10731 10729
f 10376 10732 10733
f 10734 10735 10736
f 10737 10738 10739
f 10740 10741 10742
f 10743 10107 10109
f 10741 10744 10742
f 10377 10376 10733
f 4216 6054 4217
f 10648 10745 10649
f 10746 10747 10748
f 10749 10750 10751
f 10752 10753 10754
f 10755 10756 10757
f 10079 10758 10080
f 10759 10760 10761
f 10762 10076 10075
f 10763 10764 10765
f 10753 10766 10754
f 10386 10767 10768
f 10769 10064 10066
f 10770 10771 10772
f 10050 10773 10051
f 10774 10775 10776
f 10770 10772 10777
f 4223 4207 4224
f 9278 8891 10703
f 10037 9910 10038
f 10778 10779 10780
f 10781 10782 10783
f 10784 10785 10786
f 10016 10787 10017
f 10788 10789 10790
f 9995 9848 9996
f 10785 10791 10786
f 10386 10768 4239
f 10792 10793 10794
f 10795 10796 10797
f 10798 10799 10800
f 10801 10802 10803
f 10801 10803 10804
f 10127 10399 10703
f 10805 10806 10807
f 10808 10809 10810
f 10811 10812 10813
f 10809 10814 10810
f 10815 10816 10817
f 10818 10819 10820
f 10821 10822 10823
f 10824 10825 10826
f 8752 10827 8753
f 10828 10829 10830
f 10819 10831 10820
f 7424 7443 9871
f 10832 10833 10834
f 10835 10836 10837
f 10838 10839 10840
f 10838 10840 10841
f 10842 10843 10844
f 10845 10846 10847
f 10848 10849 10850
f 10851 10852 10853
f 10846 10854 10847
f 10768 10767 10855
f 10038 9910 9912
f 7443 6871 9871
f 10856 10857 10858
f 5767 10859 5768
f 10860 10861 10862
f 10863 10864 10865
f 10866 10867 10868
f 10869 10870 10871
f 10864 10872 10865
f 10767 4183 10855
f 10873 10874 10875
f 9996 9848 9850
f 10876 10799 10798
f 10877 10878 10879
f 10880 10881 10882
f 10878 10883 10879
f 10646 10665 10884
f 6871 6870 9871
f 10885 10886 10887
f 9778 10888 9779
f 9771 10889 9772
f 10886 10890 10887
f 10665 10520 10884
f 10891 9765 9764
f 10892 9758 9757
f 10893 9750 9749
f 9746 10894 9747
f 9735 10895 9736
f 10896 9729 9728
f 10897 10898 10899
f 10900 9719 9718
f 10901 10902 10903
f 10904 9712 9711
f 9704 10905 9705
f 9697 10906 9698
f 10907 9690 9689
f 10908 9683 9682
f 10909 9676 9675
f 10903 10902 10910
f 9668 10911 9669
f 8381 7424 9871
f 9658 10912 9659
f 10913 9652 9651
f 10914 9645 9644
f 10915 9638 9637
f 9629 10916 9630
f 9622 10917 9623
f 10918 10919 10920
f 10921 9616 9615
f 10922 9609 9608
f 10923 9599 9598
f 10924 10925 10926
f 10927 9592 9591
f 10928 9585 9584
f 9577 10929 9578
f 9568 10930 9569
f 10919 10931 10920
f 9561 10932 9562
f 9555 10933 9556
f 9548 10934 9549
f 9538 10935 9539
f 9531 10936 9532
f 10937 10938 10939
f 9524 10940 9525
f 10941 10942 10943
f 10944 9517 9516
f 9509 10945 9510
f 9502 10946 9503
f 9495 10947 9496
f 9488 10948 9489
f 9478 10949 9479
f 9471 10950 9472
f 10943 10942 10951
f 10952 9464 9463
f 10953 9457 9456
f 10954 9447 9449
f 9442 10955 9443
f 10956 10957 10958
f 10959 10960 10961
f 9434 10962 9435
f 10963 10964 10965
f 9432 10966 9433
f 10964 10967 10965
f 9425 10968 9426
f 10969 10970 10971
f 9415 10972 9416
f 9408 10973 9409
f 9401 10974 9402
f 10975 10976 10977
f 9393 10978 9394
f 9386 10979 9387
f 10980 10981 10982
f 9379 10983 9380
f 10984 10985 10986
f 10971 10970 10987
f 9372 10988 9373
f 9362 10989 9363
f 10990 10991 10992
f 9355 10993 9356
f 9348 10994 9349
f 10995 10996 10997
f 9341 10998 9342
f 10999 11000 11001
f 9332 11002 9333
f 11003 11004 11005
f 9325 11006 9326
f 11007 11008 11009
f 9318 11010 9319
f 9311 11011 9312
f 11012 11013 11014
f 9301 11015 9302
f 11016 11017 11018
f 9294 11019 9295
f 11020 11021 11022
f 9287 11023 9288
f 9280 11024 9281
f 11007 11009 11025
f 9270 11026 9271
f 6054 4610 4217
f 11027 11028 11029
f 9263 11030 9264
f 11031 9256 9255
f 11032 11033 11034
f 11035 9249 9248
f 11036 11037 11038
f 9239 11039 9240
f 11040 9232 9231
f 11041 11042 11043
f 11044 11045 11046
f 11047 9225 9224
f 9217 11048 9218
f 11049 11050 11051
f 9208 11052 9209
f 11053 11054 11055
f 9201 11056 9202
f 9194 11057 9195
f 9187 11058 9188
f 11059 11060 11061
f 11062 9178 9177
f 11063 11064 11065
f 9175 11066 9176
f 11050 11067 11051
f 10676 10690 11068
f 9166 11069 9167
f 9159 11070 9160
f 11071 11072 11073
f 9150 11074 9151
f 9143 11075 9144
f 11076 11077 11078
f 9135 11079 9136
f 9129 11080 9130
f 9119 11081 9120
f 11082 11083 11084
f 11085 11086 11087
f 9111 11088 9112
f 11089 11090 11091
f 9104 11092 9105
f 11093 11094 11095
f 11096 11097 11098
f 11099 11100 11101
f 11082 11084 11102
f 10690 11103 11068
f 11104 11105 11106
f 11107 11108 11109
f 11110 11111 11112
f 11113 11114 11115
f 11116 11117 11118
f 11119 11120 11121
f 11122 11123 11124
f 9065 9062 9064
f 11125 11126 11127
f 9056 11128 9057
f 9045 11129 9046
f 9038 11130 9039
f 11131 11132 11133
f 11134 9031 9030
f 11135 11136 11137
f 9023 11138 9024
f 11122 11124 11139
f 9015 11140 9016
f 11141 11142 11143
f 11144 11145 11146
f 8995 11147 8996
f 8987 8989 11148
f 11149 11150 11151
f 8976 8975 11152
f 11153 11154 11155
f 8971 11156 8972
f 11157 11158 11159
f 11160 11161 11162
f 8959 8961 11163
f 11160 11162 11164
f 11159 11165 11166
f 8946 8948 11167
f 11166 11168 11169
f 11160 11164 11170
f 11160 11170 11171
f 11172 11173 11174
f 11169 11175 11176
f 11153 11155 11177
f 8931 11178 8932
f 8349 8381 11179
f 11160 11171 11180
f 11181 11182 11183
f 11160 11180 11184
f 11185 8915 8917
f 11186 11187 11188
f 11187 11189 11188
f 11190 11191 11192
f 11188 11189 11193
f 11193 11189 11194
f 8902 11195 8903
f 11196 11197 11198
f 11194 11189 11199
f 11199 11189 11200
f 11201 11202 11203
f 11204 11205 11206
f 8892 11207 8893
f 8884 8886 11208
f 8881 8883 11209
f 11210 11211 11212
f 11197 11213 11198
f 11214 11215 11216
f 11217 11218 11219
f 11219 11218 11220
f 8755 8349 11179
f 11221 11222 11223
f 11224 11221 11223
f 11225 11226 11227
f 11228 8853 8232
f 11229 11230 11231
f 11230 11232 11231
f 11231 11232 11233
f 11234 8849 8228
f 11233 11232 11235
f 11236 8842 8222
f 11235 11232 11237
f 11226 11238 11227
f 11239 11240 8217
f 11241 11242 11243
f 11244 11245 8643
f 11246 11247 11248
f 11248 11247 11249
f 10702 10711 4259
f 8381 9871 11179
f 6700 4611 4610
f 11250 11251 11252
f 11253 11254 11255
f 11255 11256 11257
f 11257 11258 11259
f 11260 11261 11262
f 11259 11263 11264
f 11265 11266 11267
f 11268 11269 11270
f 11271 11272 11270
f 11272 11268 11270
f 11273 11274 11270
f 11274 11271 11270
f 11266 11275 11267
f 10711 4260 4259
f 7496 11276 4485
f 11277 11278 11279
f 11279 11280 11281
f 11281 11282 11283
f 11283 11284 11285
f 11286 11287 11288
f 11289 11290 11291
f 11292 11293 11291
f 11293 11289 11291
f 11294 6895 11295
f 11296 11297 11291
f 11297 11292 11291
f 8169 7589 7639
f 11286 11288 11298
f 10566 10574 5626
f 9069 10637 4364
f 11299 8780 7845
f 11300 11301 11302
f 11303 4264 4251
f 8237 8775 8777
f 11304 8430 8768
f 11305 11306 11307
f 11308 8426 8763
f 11309 8414 8758
f 8224 8751 8753
f 11310 11311 11312
f 8744 8746 11313
f 11314 11315 11316
f 11306 11317 11307
f 10574 4393 5626
f 8207 8209 11318
f 11319 11320 11321
f 11322 11323 11324
f 11323 11325 11324
f 11324 11325 11326
f 11326 11325 11327
f 11328 11329 11330
f 11331 11332 11333
f 11327 11325 11334
f 11334 11325 11335
f 11336 11337 11338
f 11329 11339 11330
f 11340 11341 11342
f 11331 11333 11343
f 4240 4239 4297
f 10637 10521 4364
f 11344 11345 11346
f 11347 11348 11349
f 11347 11349 11350
f 11351 11347 11350
f 11345 11352 11346
f 4239 4298 4297
f 11353 11022 11354
f 11355 11351 11350
f 11356 11357 11358
f 11359 11360 11361
f 11359 11361 11362
f 10732 4552 4562
f 10521 4319 4364
f 11363 11364 11365
f 11366 11367 11368
f 11369 11363 11365
f 11367 11370 11368
f 10733 10732 4562
f 11371 11372 11373
f 11373 11374 11375
f 11375 11376 11377
f 11377 11378 11379
f 11379 11380 11381
f 11382 11383 11384
f 11385 11386 11387
f 11388 11382 11384
f 11389 11390 11384
f 11390 11388 11384
f 11391 11392 11384
f 11392 11389 11384
f 11386 11393 11387
f 11068 11103 4414
f 10703 10399 4364
f 11394 11395 11396
f 11397 11398 11399
f 11400 11401 11402
f 11403 11400 11404
f 11400 11402 11404
f 11405 11403 11404
f 11406 11405 11404
f 11398 11407 11399
f 11103 10884 4414
f 11408 11409 11410
f 11411 11408 11412
f 11413 11411 11414
f 11415 11413 11416
f 11417 11418 11419
f 11420 11421 11419
f 11422 11423 11424
f 11421 11417 11419
f 11425 11426 11419
f 11426 11420 11419
f 11427 11428 11429
f 11423 11430 11424
f 10399 10596 4364
f 11431 11432 11433
f 11432 11434 11433
f 11435 11436 11437
f 11438 11435 11437
f 11439 11440 11441
f 11442 11443 11444
f 11442 11444 11445
f 11442 11445 11446
f 11442 11446 11447
f 11442 11447 11448
f 11449 11450 11451
f 11452 11449 11453
f 11454 11452 11455
f 11456 11454 11457
f 10635 4457 4470
f 10596 9069 4364
f 11458 11459 11460
f 8431 8430 11304
f 8427 8426 11308
f 8415 8414 11309
f 10636 10635 4470
f 11461 8410 11311
f 11462 8403 8746
f 11463 11464 11465
f 11466 11463 11467
f 11463 11465 11467
f 11468 11466 11467
f 11469 11470 11471
f 11472 11473 11474
f 11469 11471 11475
f 8755 11179 4198
f 11476 8367 7956
f 10855 4183 4185
f 4197 8755 4198
f 5394 4215 4217
f 11477 11478 11479
f 11480 11481 11482
f 5768 10859 11483
f 11484 5779 10485
f 8858 8432 11485
f 11486 11487 11488
f 11489 11490 11491
f 11492 11493 11494
f 11495 11496 11497
f 11498 11499 11500
f 11501 11502 11503
f 11504 11501 11503
f 11505 11506 11507
f 11508 11505 11507
f 11509 11510 11511
f 11512 11513 11514
f 11515 11516 11517
f 11514 11513 11518
f 11519 11520 11521
f 11522 11519 11521
f 11517 11516 11523
f 11524 11525 11526
f 11527 11524 11526
f 11528 11529 11530
f 11531 11532 11533
f 11530 11529 11534
f 11535 11536 11537
f 11538 11535 11537
f 11533 11532 11539
f 11540 11541 11542
f 11541 11543 11542
f 11544 11545 11546
f 11545 11544 11547
f 11547 11548 11549
f 11544 11546 11550
f 11546 11551 11550
f 11549 11548 11552
f 11548 11553 11552
f 11550 11554 11555
f 11552 11553 11556
f 11554 11557 11555
f 11555 11557 11556
f 11558 11559 11560
f 11559 11558 11561
f 11562 11561 11563
f 11564 11565 11566
f 11567 11564 11566
f 11565 11568 11566
f 11567 11566 11569
f 11569 11566 11570
f 11566 11571 11570
f 11572 11573 11574
f 11575 11576 11577
f 11578 11579 11580
f 11581 11582 11583
f 11584 11585 11586
f 11587 11588 11589
f 11590 11591 11592
f 11593 11594 11595
f 11596 11597 11598
f 11599 11600 11601
f 11602 11603 11604
f 11605 11606 11607
f 11608 11605 11607
f 11609 11610 11611
f 11612 11609 11611
f 11613 11614 11615
f 11613 11615 11616
f 11617 11618 11619
f 11617 11619 11620
f 11621 11622 11623
f 11621 11623 11624
f 11625 11626 11627
f 11627 11626 11628
f 11629 11630 11631
f 11632 11633 11634
f 11635 11636 11637
f 11638 11639 11640
f 11641 11642 11643
f 11638 11640 11644
f 11645 11646 11647
f 11545 11547 11549
f 11550 11551 11554
f 11648 11552 11556
f 11648 11556 11557
f 11649 11650 11651
f 11652 11653 11654
f 11651 11650 11655
f 11656 11657 11658
f 11657 11659 11658
f 11660 11661 11662
f 11662 11661 11663
f 11664 11665 11666
f 11667 11668 11669
f 11668 11670 11669
f 11671 11672 11673
f 11671 11673 11674
f 11675 11676 11677
f 11678 11675 11677
f 11679 11680 11681
f 11682 11679 11681
f 11683 11682 11684
f 11682 11681 11684
f 11685 11686 11687
f 11686 11688 11689
f 11687 11686 11690
f 11690 11686 11691
f 11686 11689 11691
f 11692 11693 11694
f 11695 11692 11694
f 11696 11697 11698
f 11696 11698 11699
f 11700 11701 11702
f 11703 11704 11705
f 11702 11701 11706
f 11707 11708 11709
f 11708 11710 11709
f 11711 11712 11713
f 11712 11714 11713
f 11715 11716 11717
f 11718 11719 11720
f 11717 11716 11721
f 11722 11723 11724
f 11725 11726 11727
f 11722 11724 11728
f 11728 11724 11729
f 11725 11727 11730
f 11730 11727 11731
f 11728 11729 11732
f 11731 11733 11730
f 11733 11732 11734
f 11730 11733 11734
f 11735 11736 11737
f 11738 11735 11737
f 11739 11740 11741
f 11742 11739 11741
f 11743 11744 11745
f 11746 11743 11745
f 11747 11748 11749
f 11750 11751 11752
f 11750 11752 11753
f 11754 11755 11756
f 11757 11758 11759
f 11760 11757 11759
f 11761 11762 11763
f 11761 11763 11764
f 11765 11766 11767
f 11766 11768 11767
f 11769 11770 11771
f 11770 11772 11771
f 11773 11774 11775
f 11775 11774 11776
f 11777 11778 11779
f 11777 11779 11780
f 11781 11782 11783
f 11784 11785 11786
f 11787 11788 11789
f 11790 11791 11792
f 11793 11794 11795
f 11796 11797 11798
f 11799 11800 11801
f 11802 11803 11804
f 11805 11806 11807
f 11808 11809 11810
f 11811 11812 11813
f 11814 11815 11816
f 11817 11818 11816
f 11817 11816 11819
f 11816 11815 11820
f 11819 11816 11821
f 11816 11820 11821
f 11822 11823 11824
f 11725 11723 11726
f 11724 11825 11729
f 11826 11725 11730
f 11732 11729 11734
f 11827 11828 11829
f 11830 11831 11832
f 11829 11828 11833
f 11834 11835 11836
f 11837 11834 11836
f 11832 11831 11838
f 11839 11840 11841
f 11842 11839 11841
f 11843 11844 11845
f 11846 11847 11848
f 11845 11844 11849
f 11850 11851 11852
f 11853 11850 11852
f 11848 11847 11854
f 11855 11856 11857
f 11858 11855 11857
f 11859 11860 11861
f 11862 11863 11864
f 11865 11862 11864
f 11866 11867 11868
f 11869 11870 11871
f 11869 11871 11872
f 11873 11874 11875
f 11876 11877 11878
f 11879 11880 11881
f 11882 11879 11881
f 11880 11883 11881
f 11884 11885 11881
f 11883 11884 11881
f 11886 11887 11881
f 11885 11886 11881
f 11881 11887 11888
f 11881 11888 11889
f 11890 11881 11891
f 11881 11889 11892
f 11891 11881 11893
f 11881 11892 11894
f 11893 11881 11894
f 11895 11896 11897
f 11898 11895 11897
f 11899 11900 11901
f 11899 11901 11902
f 11903 11904 11905
f 11903 11905 11906
f 11907 11908 11909
f 11910 11911 11912
f 11913 11914 11915
f 11913 11915 11916
f 11917 11918 11919
f 11920 11921 11922
f 11920 11922 11923
f 11924 11925 11926
f 11927 11928 11929
f 11930 11931 11932
f 11930 11932 11933
f 11934 11935 11936
f 11937 11938 11939
f 11937 11939 11940
f 11941 11942 11943
f 11942 11944 11943
f 11945 11946 11947
f 11945 11947 11948
f 11949 11950 11951
f 11950 11952 11951
f 11953 11954 11955
f 11953 11955 11956
f 11957 11958 11959
f 11958 11960 11959
f 11961 11962 11963
f 11962 11964 11963
f 11961 11963 11965
f 11966 11961 11965
f 11967 11966 11965
f 11964 11968 11969
f 11963 11964 11969
f 11970 11967 11965
f 11968 11971 11972
f 11969 11968 11972
f 11970 11965 11973
f 11974 11970 11973
f 11975 11976 11972
f 11971 11975 11972
f 11977 11974 11973
f 11976 11978 11979
f 11972 11976 11979
f 11977 11973 11882
f 11980 11977 11882
f 11979 11978 11981
f 11882 11982 11983
f 11980 11882 11983
f 11981 11978 11984
f 11981 11984 11985
f 11983 11982 11986
f 11981 11985 11987
f 11987 11985 11988
f 11986 11982 11989
f 11982 11990 11989
f 11987 11988 11991
f 11991 11988 11992
f 11989 11990 11993
f 11990 11994 11993
f 11991 11992 11995
f 11993 11994 11996
f 11997 11991 11998
f 11991 11995 11998
f 11996 11994 11999
f 12000 11997 12001
f 11997 11998 12001
f 11999 11994 12002
f 11994 12003 12002
f 12000 12001 12004
f 12002 12003 12005
f 12003 12000 12005
f 12000 12004 12005
f 12006 12007 12008
f 12007 12009 12008
f 12010 12011 12012
f 12010 12012 12013
f 12014 12015 12016
f 12015 12017 12016
f 12018 12019 12020
f 12018 12020 12021
f 12022 12023 12024
f 12023 12025 12024
f 12026 12027 12028
f 12026 12028 12029
f 12030 12031 12032
f 12031 12033 12032
f 12034 12035 12036
f 12034 12036 12037
f 12038 12039 12040
f 12039 12041 12040
f 12042 12043 12044
f 12042 12044 12045
f 12046 12047 12048
f 12047 12049 12048
f 12050 12051 12052
f 12050 12052 12053
f 12054 12055 12056
f 12055 12057 12056
f 12058 12059 12060
f 12059 12061 12060
f 12062 12063 12064
f 12062 12064 12065
f 12066 12067 12068
f 12066 12068 12069
f 12070 12071 12072
f 12071 12073 12072
f 12074 12075 12076
f 12074 12076 12077
f 12078 12079 12080
f 12079 12081 12080
f 12082 12083 12084
f 12082 12084 12085
f 12086 12087 12088
f 12087 12089 12088
f 12090 12091 12092
f 12090 12092 12093
f 12094 12095 12096
f 12095 12097 12096
f 12098 12099 12100
f 12098 12100 12101
f 12102 12103 12104
f 12103 12105 12104
f 12106 12107 12108
f 12106 12108 12109
f 12110 12111 12112
f 12111 12113 12112
f 12114 12115 12116
f 12114 12116 12117
f 12118 12119 12120
f 12120 12119 12121
f 12122 12123 12124
f 12123 12125 12124
f 12126 12127 12128
f 12129 12130 12131
f 12132 12133 12134
f 12135 12136 12137
f 12138 12139 12140
f 12141 12142 12143
f 12144 12145 12146
f 12147 12145 12148
f 12149 12147 12150
f 12151 12149 12152
f 12153 12151 12154
f 12155 12153 12156
f 12157 12155 12158
f 12157 12159 12160
f 12160 12161 12162
f 12163 12162 12164
f 12163 12165 12166
f 12166 12167 12168
f 12168 12169 12170
f 12170 12171 12172
f 12172 12173 12174
f 12175 12174 12176
f 12175 12177 12178
f 12178 12179 12180
f 12180 12181 12182
f 12182 12183 12184
f 12184 12185 12186
f 12187 12188 12186
f 12189 12190 12188
f 12191 12192 12190
f 12193 12194 12192
f 12195 12196 12194
f 12197 12198 12196
f 12199 12200 12198
f 12201 12202 12200
f 12203 12204 12202
f 12205 12206 12204
f 12207 12208 12206
f 12209 12210 12208
f 12211 12146 12212
f 12213 12214 12210
f 12215 12212 12214
f 12216 12217 12218
f 12219 12220 12221
f 12220 12216 12221
f 12216 12218 12221
f 12222 12223 12224
f 12225 12226 12227
f 12228 12229 12230
f 12231 12232 12233
f 12232 12234 12233
f 12235 12236 12237
f 12236 12238 12237
f 12239 12240 12241
f 12242 12239 12241
f 12242 12241 12243
f 12241 12244 12245
f 12243 12241 12245
f 12246 12247 12248
f 12246 12248 12249
f 12250 12251 12252
f 12250 12252 12253
f 12254 12255 12256
f 12257 12254 12256
f 12258 12259 12260
f 12261 12258 12260
f 12262 12263 12264
f 12265 12262 12264
f 12266 12267 12268
f 12266 12268 12269

