v 0.000600298 0.028911 -0.00288648
v -0.000721689 0.0287681 -0.00288036
v -0.00170555 0.0293428 -0.00280832
v -0.00144195 0.0290401 -0.00277017
v -0.00188497 0.029787 -0.00288
v -0.00180081 0.031408 -0.00288211
v -0.0010843 0.0320891 -0.00288648
v 0.000700877 0.032136 -0.00284695
v 0.00149246 0.0311529 -0.00282495
v 0.00153577 0.0306087 -0.00294098
v 0.00110242 0.0291824 -0.00285452
v -0.000899574 0.0318988 -0.00302141
v 0.00065592 0.0320616 -0.00298849
v -0.00211074 0.0305613 -0.00287674
v 0.000576501 0.0294815 -0.0031528
v -0.00049018 0.030942 -0.00342122
v -0.000746988 0.0297501 -0.00334742
v -0.000736279 0.0302874 -0.00335643
v 0.00174498 0.0302722 -0.0021
v 0.00173624 0.0307942 -0.0021
v 0.00123269 0.0316796 -0.00279976
v -3.01864e-05 0.0323761 -0.00280127
v -0.00103818 0.0323347 -0.0021
v -0.000536201 0.0324782 -0.0021
v -0.00148591 0.0320661 -0.0021
v -0.00210231 0.0312343 -0.0021
v -0.00207669 0.0297038 -0.0021
v -0.00210993 0.0303642 -0.00281299
v -0.00045379 0.0286239 -0.00280127
v 0.000554184 0.0286653 -0.0021
v 5.22013e-05 0.0285218 -0.0021
v 0.00152094 0.029522 -0.00208593
v -0.00200588 0.0317648 0.000221228
v -0.0008897 0.0324776 0.000242
v 0.000256037 0.0326378 0.000179222
v 0.00146112 0.0315771 0.000242
v 0.00179393 0.0303355 0.000242
v 0.00136486 0.0293092 0.000242
v 0.00100191 0.0289339 0.000242
v 0.000125998 0.0284909 0.000242
v -0.000734426 0.0283574 0.000213043
v -0.00180811 0.0292561 0.000242
v -0.00225674 0.0301484 0.000242011
v 0.00897187 -0.0278603 0.000242
v 0.00936023 -0.0276893 0.000242
v 0.005207 -0.0330583 0.000242
v 0.00494709 -0.033286 0.000242
v 0.00513886 -0.032486 0.000242
v 0.00392685 -0.0291711 0.000242
v -0.00970388 -0.0277831 0.000242
v 0.00525866 -0.032707 0.000242
v -0.000242 -0.00205 0.000242
v -0.00572073 -0.0329773 0.000242
v -0.00989346 -0.0276055 0.000242
v 0.00790501 -0.027283 0.000242
v 0.00383589 -0.0308991 0.000242
v 0.0049544 -0.0275314 0.000242
v 0.000288579 -0.00198015 0.000242
v 0.00661752 -0.0270533 0.000242
v -0.00433147 -0.0292469 0.000242
v -0.00572229 -0.032615 0.000242
v -0.00979595 0.0277269 0.000242
v -0.00939062 0.0278651 0.000242
v -0.00992786 0.0275048 0.000242
v 0.0325494 0.00777275 0.000242
v 0.0287295 0.0174599 0.001042
v 0.0298725 -0.0151264 0.000242
v 0.00120757 0.00144957 0.000242
v 0.000783 0.00177535 0.000242
v 0.00120757 -0.00144957 0.000242
v 0.00153335 -0.001025 0.000242
v 0.023978 -0.0226313 0.000242
v 0.00967712 -0.0263029 0.000699143
v 0.0128849 -0.0232509 0.000242
v 0.0106861 -0.0245764 0.000242
v -0.00461624 -0.0314909 0.000242
v -0.0094271 -0.0278681 0.000242
v 0.0244243 0.0225834 0.000242
v 0.00944411 0.0275043 0.000242
v 0.00875073 0.0278012 0.000242
v -0.003482 0.00444212 0.000242
v 0.0250827 -0.0221802 0.000242
v 0.000783 -0.00177535 0.000242
v -0.00638345 -0.0271777 0.000242
v -0.000772579 -0.00198015 0.000242
v -0.00568748 -0.0274241 0.001202
v 0.0109023 0.0244449 0.000242
v 0.00455524 0.027954 0.000242
v 0.00688137 0.0269452 0.000242
v 0.00933473 0.0277048 0.000242
v 0.00900363 0.0278591 0.000242
v 0.00188178 0.000197916 0.000242
v -0.00551538 -0.033253 0.000242
v -0.001267 -0.00177535 0.000642
v -0.0123077 -0.0238171 0.000242
v -0.0104206 -0.0254581 0.000242
v -0.00852081 -0.0273413 0.000242
v 0.0134959 0.0228805 0.000242
v 0.0139024 -0.02284 0.000242
v -0.00201735 -0.001025 0.000242
v -0.0256974 -0.0220796 0.000242
v -0.0238344 -0.0227 0.000242
v -0.013369 -0.0232509 0.000242
v -0.0145203 -0.0227731 0.000242
v -0.00169157 -0.00144957 0.000242
v -0.00913196 0.0277349 0.000242
v 0.00526198 0.0328607 0.000242
v 0.00520549 0.0325656 0.000242
v -0.0303565 -0.0151264 0.000242
v -0.00758379 0.0269618 0.000242
v -0.0103962 0.0256682 0.000242
v -0.00566409 0.0331158 0.000242
v 0.0051569 0.033133 0.000242
v 0.00381644 0.0295894 0.000242
v -0.00421024 0.00494317 4.2e-05
v -0.0113863 0.0244449 0.000242
v -0.00424272 0.0297934 0.000242
v -0.00486675 0.0317419 0.000242
v 0.00413225 0.0314909 0.000242
v 0.0325494 -0.00777275 0.000242
v 0.00495277 0.0172476 0.000242
v -0.00237689 0.0214531 0.000242
v -0.0129121 0.0234603 0.000242
v -0.0257786 0.0219657 0.000775333
v -0.0247173 0.0225785 0.000242
v -0.00517298 0.0278188 0.000242
v -0.00574267 0.032707 0.000242
v -0.00538664 0.0332958 0.001042
v 0.0332997 -0.00392097 0.001202
v 0.0039374 0.0201858 0.000242
v 0.000151813 0.0037033 0.000242
v -0.0148091 0.0228542 0.000242
v 0.00414944 0.0053147 0.000242
v 7.58723e-05 0.00204094 0.000242
v -0.00509037 0.0186534 0.000242
v 0.00422859 0.0335324 0.000242
v -0.00234464 0.000358502 0.000242
v -0.00451133 0.0201143 0.000242
v 0.00254756 0.0212011 0.000242
v -0.00509053 0.0066719 0.000242
v -0.0315839 0.0127369 0.000953111
v -0.000242 -0.0336848 0.001842
v 0.00483491 -0.0333078 0.001842
v -0.00565858 -0.0325223 0.001842
v -0.00452183 -0.0317498 0.001842
v -0.00441536 -0.0309119 0.001842
v -0.00429404 -0.0298904 0.001842
v -0.00454346 -0.0287593 0.001842
v -0.00514513 -0.027925 0.001842
v -0.00656336 -0.026706 0.00186271
v -0.0075027 -0.027035 0.000842
v -0.00852015 -0.0273411 0.001842
v 0.00864796 -0.0277349 0.001842
v 0.00803503 -0.0273407 0.001842
v 0.00691805 -0.0270342 0.001842
v 0.00475645 -0.0274945 0.001842
v 0.00466113 -0.027925 0.001842
v 0.00384747 -0.0292469 0.001842
v 0.00388613 -0.0314106 0.001842
v 0.00480672 -0.0321822 0.001842
v -0.00991385 0.0275517 0.001842
v -0.00972218 0.027783 0.001842
v -0.00942107 0.0278534 0.001842
v -0.00991501 -0.0275556 0.001842
v -0.00974783 -0.0277584 0.001842
v -0.00959179 -0.0278312 0.001842
v -0.00939903 -0.0278515 0.001842
v -0.00923443 -0.0278011 0.001842
v 0.0254128 -0.0218613 0.001842
v 0.0245758 -0.0224283 0.001842
v 0.0235538 -0.0226116 0.001202
v 0.023978 0.0226313 0.001842
v 0.0248137 0.0223216 0.001842
v 0.0255717 0.0216643 0.001842
v -0.024674 -0.0225862 0.001442
v -0.0258147 -0.0219404 0.001842
v -0.0260557 0.0216643 0.001842
v -0.0246043 0.0226388 0.001842
v -0.0303565 -0.0151264 0.001842
v -0.0330334 -0.00777275 0.001842
v -0.0337837 -0.00392096 0.001042
v -0.0337837 0.00392096 0.000775333
v 0.0325494 0.00777275 0.001842
v 0.033458 -3.963e-13 0.001842
v 0.0298725 -0.0151264 0.001842
v -0.0156545 -0.0227861 0.001842
v 0.0134958 -0.0228805 0.001842
v 0.0124281 0.0234603 0.001842
v 0.00942986 -0.0275517 0.001842
v 0.00931701 -0.0277093 0.001842
v 0.00921989 -0.0277831 0.001842
v 0.00910779 -0.0278312 0.001842
v 0.0089874 -0.0278507 0.001842
v 0.00881639 -0.0278309 0.001842
v 0.00943102 0.0275556 0.001842
v 0.00921072 0.027799 0.001842
v 0.0089874 0.0278507 0.001842
v 0.00886587 0.0278404 0.001842
v 0.00875062 0.0278011 0.001842
v -0.00575604 -0.0328906 0.001842
v -0.00557717 -0.0331913 0.001842
v -0.0046032 -0.0335168 0.000823818
v 0.00520495 -0.0325832 0.001842
v 0.00527614 -0.0328553 0.001842
v 0.00507051 -0.0332172 0.001842
v -0.0049991 0.0319169 0.001842
v -0.00562232 0.0324852 0.001842
v -0.00575557 0.0327329 0.001842
v -0.00569037 0.0330407 0.001842
v -0.00559301 0.0331768 0.001842
v 0.00513886 0.032486 0.001842
v 0.00523572 0.0326464 0.001842
v 0.00525216 0.0329465 0.001842
v 0.00500285 0.0332689 0.001842
v 0.00424117 0.031577 0.001842
v 0.00387313 0.0306164 0.001842
v 0.00390089 0.0290644 0.001842
v 0.00409675 0.028138 0.001842
v 0.00803503 0.0273407 0.001842
v -0.00627652 0.0271529 0.001842
v -0.012566 -0.0235566 0.001842
v -0.0106565 -0.0252879 0.001842
v -0.0101673 -0.0262898 0.001842
v 0.00945947 -0.0260951 0.001842
v 0.0104203 -0.0248993 0.001842
v 0.0100944 0.0252363 0.000980462
v 0.0096833 0.0262898 0.001842
v -0.000241999 0.0336848 0.001842
v -0.0115671 0.0242671 0.001842
v 0.00239995 0.0212991 -0.000558
v -0.00271106 0.0213136 -0.000558
v -0.00439202 0.0202639 -0.000558
v -0.0051016 0.0186384 -0.000558
v -0.00480554 0.00571364 -0.000558
v -0.00192841 0.00391545 -0.000558
v 0.00293436 0.00432646 -0.000558
v 0.00454706 0.00624805 -0.000558
v 0.00432154 0.0196864 -0.000558
v -2.0807e-05 0.00205366 0.001242
v -0.00103303 0.00190972 0.000686444
v -0.00186914 0.00128037 0.000813429
v -0.00229566 0.000221193 0.001242
v -0.00201904 -0.00110699 0.001242
v 0.0012872 -0.00142998 0.001242
v 0.00181166 -0.000221193 0.001242
v 0.00173815 0.000530579 0.001242
v 0.00118798 0.0015292 0.001242
v -0.000171841 -0.00209245 0.001242
v 0.00288293 0.00675833 -0.000558
v 0.00351521 0.0170153 -0.000558
v 0.00119075 0.0197883 -0.000558
v -0.000699627 0.00561117 0.000242
v 0.00254152 0.0192161 -0.000558
v -0.00224611 0.00575452 -0.000558
v -0.00302552 0.00618392 -0.000558
v -0.00260115 0.0195417 -0.000558
v 0.00211715 0.00585829 -0.000558
v -0.00399921 0.00838473 -0.000558
v -0.00336693 0.0186417 -0.000558
v 0.002948 0.0181 0.001842
v -0.00260115 0.00585829 0.001842
v 0.00211715 0.0195417 0.001842
v 0.00282244 0.0187519 0.001842
v -0.00330644 0.00664808 0.001842
v -0.002632 0.0194856 0.001842
v 0.00165253 0.0057201 0.001842
v 0.00254152 0.00618392 0.001842
v 0.00292962 0.00702158 0.001842
v -0.00167475 0.0197883 0.001842
v -0.0031338 0.0190509 0.001842
v -0.00389276 0.0157292 0.001842
v -0.0222296 0.0199931 0.001842
v -0.0289302 0.0160576 0.001842
v -0.0234113 0.0197241 0.001602
v -0.0279396 0.0172528 0.001842
v -0.0125403 -0.0230943 0.001842
v -0.0281224 0.0157354 0.001842
v -0.0259134 0.020493 0.001842
v -0.0242297 0.0221685 0.001871
v -0.0253476 0.0217256 0.001842
v -0.0259904 0.0205565 0.001842
v -0.0260502 0.0206515 0.001842
v -0.0289934 0.0160893 0.001842
v -0.0112521 -0.023892 0.00188067
v -0.0142599 -0.0223563 0.001842
v -0.0154747 -0.0222 0.001842
v -0.0288641 0.0159988 0.001842
v -0.0270665 0.0128217 0.001842
v -0.0260638 0.02083 0.001842
v -0.0147294 0.0223589 0.001842
v -0.0253107 -0.021724 0.0018652
v -0.0293379 0.0159876 0.001842
v -0.0291599 0.0161106 0.001842
v -0.0256727 -0.0213429 0.001842
v -0.0334344 0.000711188 0.001842
v -0.0326529 -0.00719528 0.001842
v -0.0300154 -0.0146897 0.001842
v -0.032315 0.00857693 0.001842
v -0.0261999 0.0119906 0.001842
v -0.0252146 0.0117935 0.001842
v -0.0245331 0.0157286 0.001842
v -0.0240837 0.0153731 0.001842
v -0.0248591 0.0121814 0.001692
v -0.0248128 0.0169367 0.001842
v -0.0245877 0.0164659 0.00186133
v -0.0247284 0.0161853 0.001842
v -0.0237317 0.015014 0.001842
v 0.00433197 0.0327407 0.001842
v 0.00436438 0.0326284 0.001842
v -0.0252247 0.0159324 0.001842
v -0.0246634 0.015877 0.001842
v 0.00433854 0.0324838 0.001842
v -0.0238646 0.0124173 0.001842
v -0.0234522 0.0131019 0.001842
v -0.0242356 0.01714 0.001842
v -0.0241118 0.0166143 0.001842
v -0.0233361 0.0135912 0.001842
v -0.0233457 0.0140939 0.001842
v -0.0234804 0.0145784 0.001842
v -0.023844 0.0168256 0.001692
v 0.00426499 -0.0328439 0.001842
v 0.00436292 -0.0325981 0.001842
v 0.00424838 0.0328507 0.001842
v -0.00945229 0.027351 0.001842
v -0.0207567 0.0190384 0.001842
v -0.0223076 0.0160039 0.001842
v -0.021361 0.0163409 0.001842
v -0.0206949 0.0170933 0.001842
v 0.00410155 0.0329052 0.001842
v -0.00482987 0.0327137 0.001842
v -0.00484351 0.0325332 0.001842
v 0.0237926 -0.0221627 0.00188067
v 0.00330191 -0.0296649 0.001842
v 0.00435436 -0.0325247 0.00186778
v -0.0214691 0.0197471 0.001842
v 0.00361472 0.031489 0.001842
v 0.00885359 0.0270838 0.001842
v 0.0089834 0.0269836 0.001842
v 0.00869959 0.0271179 0.001842
v -0.0047144 0.0276519 0.001842
v -0.00481596 -0.0327407 0.001842
v -0.00484025 -0.0326713 0.001842
v -0.00916446 -0.0271083 0.001842
v 0.00625775 -0.0267123 0.001842
v 0.00427867 -0.032399 0.001842
v -0.0135455 0.0228945 0.001842
v -0.00889851 0.0274425 0.001842
v -0.00430507 0.0288907 0.001842
v -0.00379218 0.0300351 0.001842
v 0.0142454 -0.0223589 0.001842
v -0.00484692 -0.0325981 0.001842
v -0.00477553 -0.0328021 0.001842
v -0.00394737 -0.0288814 0.0018652
v -0.00941096 -0.0270441 0.001842
v -0.00926772 -0.0271055 0.001842
v -0.00830071 -0.0267168 0.001842
v 0.00878372 -0.0271055 0.001842
v 0.00866296 -0.0271054 0.001842
v 0.00749449 -0.0266067 0.001842
v -0.0111701 0.0239556 0.00186133
v 0.00331158 0.0301572 0.001842
v 0.00343513 0.0289923 0.001842
v 0.00466496 0.0272574 0.001842
v -0.00844439 0.0269765 0.001842
v -0.00582517 0.0268275 0.001842
v -0.00420065 0.030818 0.001842
v -0.00461914 0.0320312 0.001842
v -0.00478556 0.0327968 0.00188945
v 0.0247726 0.0217677 0.0018855
v 0.0243646 0.0219752 0.001842
v 0.0224783 0.022448 0.001842
v 0.0149907 0.0222 0.001842
v -0.00483559 -0.0325255 0.001842
v -0.00390491 -0.0310965 0.001842
v -0.0045546 -0.0278366 0.001842
v 0.00654243 0.0265868 0.001842
v -0.00472138 0.0328518 0.001842
v 0.0294257 -0.0149019 0.001842
v -0.00514896 -0.0272574 0.001842
v 0.00894313 -0.0270364 0.001842
v 0.0320629 -0.00765742 0.001842
v 0.0126401 -0.022815 0.001842
v -0.00469693 -0.0328699 0.001842
v -0.0104524 0.025147 0.001842
v -0.00969341 0.0261304 0.00187514
v -0.00458555 0.0329052 0.001842
v 0.0128499 0.0228237 0.001842
v 0.0320629 0.00765742 0.001842
v 0.0294257 0.0149019 0.001842
v 0.0251887 0.0213429 0.001842
v 0.032958 -3.96285e-13 0.001842
v 0.00410154 -0.0329052 0.001842
v -0.00458554 -0.0329052 0.001842
v -0.0103808 -0.0248098 0.00185857
v -0.0096453 -0.0263966 0.001842
v 0.0107103 -0.0241965 0.0018773
v 0.00934354 -0.0257797 0.00188067
v -0.024394 0.014981 0.001242
v -0.0241863 0.0147826 0.00173291
v -0.0238683 0.0142096 0.001602
v -0.0238333 0.0136445 0.001242
v -0.0238914 0.0132668 0.001482
v -0.0242158 0.0127739 0.001692
v -0.0250217 0.0123355 0.001602
v -0.0255875 0.012316 0.001602
v -0.0261124 0.0125281 0.001602
v -0.0264059 0.0127649 0.001422
v -0.0219294 0.0194019 0.001392
v -0.0226986 0.016513 0.001602
v -0.0211328 0.0173357 0.00151892
v -0.0210127 0.0182792 0.001242
v -0.0211266 0.0186388 0.001602
v -0.0209614 0.0179003 0.001642
v -0.0252111 0.0159674 0.001242
v -0.0251734 0.0164617 0.001482
v -0.0278706 0.015002 0.00137057
v -0.021447 0.0191055 0.001602
v -0.021614 0.0167768 0.001602
v -0.0221338 0.0165524 0.001602
v -0.0245473 0.0171055 0.001242
v -0.0263291 0.0194681 0.001242
v -0.0271814 0.0183877 0.001242
v -0.0282249 0.0165026 0.001542
v -0.0282144 0.0161678 0.001242
v -0.0257621 0.0198038 0.001242
v -0.0255339 0.0198743 0.00151473
v -0.0261963 0.019593 0.00167057
v -0.0250519 0.01668 0.001242
v -0.0251039 0.0156333 0.001242
v -0.0249801 0.0154665 0.001602
v -0.0238649 0.0170561 0.001467
v -0.000242 0.0329052 0.0019
v -0.00463279 0.0328966 0.00188343
v 0.00410155 0.0329052 0.0019
v 0.00873374 -0.0271262 0.0019
v 0.00781905 -0.0267172 0.0019
v 0.00605882 -0.0265577 0.0019
v 0.00393578 -0.0279357 0.00188067
v 0.00357254 -0.0305262 0.00189448
v -0.00409517 -0.0305803 0.00195872
v -0.00411502 -0.0291013 0.00194891
v -0.00560224 -0.0269483 0.00188418
v -0.00770319 -0.0268512 0.00196231
v 0.00877047 0.0271185 0.0019
v 0.00898639 0.02697 0.0019
v -0.0246717 0.0158672 0.0019
v -0.0247206 0.0161683 0.0019
v -0.024677 0.0163381 0.0019
v -0.0244533 0.0165645 0.0019
v -0.0243379 0.0166124 0.0018652
v -0.0240902 0.0166028 0.0019
v -0.0293588 0.0159515 0.0019
v -0.0292749 0.0160545 0.0019
v -0.029133 0.016105 0.0019
v -0.0290622 0.0161055 0.0019
v -0.0289351 0.0160669 0.0019
v -0.0288345 0.0159548 0.0019
v -0.0214253 0.0197546 0.0019
v -0.0258586 0.0204712 0.00186133
v -0.0259616 0.0205261 0.0019
v -0.0260311 0.0206142 0.0019
v -0.0260573 0.0206798 0.0019
v -0.0260657 0.0208382 0.0019
v -0.0266801 0.0122977 0.00189209
v -0.0256297 0.0118138 0.0019
v -0.02463 0.0119141 0.0019
v -0.0234547 0.0129046 0.0019
v -0.0235076 0.0147659 0.0019
v -0.0237218 0.0164111 0.0019
v -0.0222912 0.0159242 0.00189033
v -0.0209213 0.0167447 0.0019
v -0.0205042 0.0176945 0.00187514
v -0.0205569 0.0185964 0.00187514
v -0.00485212 0.0325883 0.0019
v -0.00468289 0.0320792 0.00193917
v 0.00435723 0.0325128 0.0019
v 0.00429674 0.0328222 0.0019
v 0.00915881 -0.0271821 0.00193407
v 0.00422049 -0.0328756 0.0019
v 0.00435113 -0.032696 0.00187323
v 0.00416733 -0.0321054 0.00193045
v -0.00480694 -0.0324578 0.0019
v -0.00485534 -0.0326469 0.0019
v -0.00469396 -0.0328795 0.0019
v -0.00906845 -0.02706 0.0019
v -0.00929754 -0.0271006 0.0019
v -0.0094001 -0.0270457 0.0019
v -0.00947039 -0.02697 0.0019
v -0.00983013 -0.0257752 0.0019
v -0.0142075 -0.0223232 0.0019
v -0.0238344 -0.0222 0.0019
v -0.0243538 -0.0221431 0.0019
v -0.0246948 -0.0220884 0.001871
v -0.0300154 -0.0146897 0.0019
v -0.0326529 -0.00719528 0.0019
v -0.0333641 -3.20623e-13 0.0019
v -0.0334344 0.000711188 0.0019
v -0.032315 0.00857693 0.0019
v -0.000242 -0.0329052 0.0019
v 0.0102325 0.0243559 0.001871
v 0.0121915 0.02334 0.0018913
v 0.0140738 0.0222788 0.0019
v 0.0233504 0.0222 0.0019
v 0.0238698 0.0221431 0.0019
v 0.0294257 0.0149019 0.0019
v 0.0320629 0.00765742 0.0019
v 0.032958 -3.96285e-13 0.0019
v 0.0320629 -0.00765742 0.0019
v 0.0294257 -0.0149019 0.0019
v 0.0251887 -0.0213429 0.0019
v 0.0247726 -0.0217677 0.0018565
v 0.0243646 -0.0219752 0.0019
v 0.0149907 -0.0222 0.0019
v 0.0125065 -0.0230353 0.0019
v 0.00354065 0.0313059 0.0019
v 0.00357243 0.029724 0.00194515
v 0.00363173 0.0285409 0.0019
v 0.00431672 0.0278825 0.00194318
v 0.00555326 0.0271716 0.00191426
v 0.00642536 0.0269777 0.00192674
v 0.00700445 0.0265588 0.0019
v -0.00945229 0.027351 0.0019
v -0.00862442 0.0272729 0.00194567
v -0.00790642 0.0269849 0.00194318
v -0.00529645 0.0274242 0.00195888
v -0.00420722 0.0283591 0.001871
v -0.00405022 0.0294695 0.00194247
v -0.0254436 0.0215895 0.0019
v -0.0246544 0.0220692 0.0019
v -0.0154747 0.0222 0.0019
v -0.0140208 0.0224171 0.0019
v -0.012082 0.023371 0.0019
v -0.0102394 0.0250123 0.0019
v -0.0137325 -0.0232525 0.0019
v -0.0248146 -0.0229065 0.00100588
v -0.0260955 -0.0221347 0.00105556
v -0.0110853 -0.025202 0.0019
v -0.0328518 -0.0117587 0.000720023
v -0.00854148 -0.027466 0.00189998
v -0.00537576 -0.0321567 0.00189808
v -0.00914436 -0.0278808 0.0019001
v -0.0102403 -0.028887 0.0019
v -0.00732256 -0.0271201 0.0018807
v -0.00595525 -0.032543 0.0019
v -0.0104647 -0.026278 0.0019
v -0.0339608 -3.20624e-13 0.0019
v -0.0051907 -0.0319484 0.0019
v -0.00663335 -0.0327828 0.0019
v -0.00752323 -0.0328447 0.00188432
v -0.00810161 -0.0330803 0.00130625
v -0.00985399 -0.0288 0.00190042
v -0.00568309 -0.0276141 0.0019
v -0.00855109 -0.0325327 0.00189729
v -0.00920871 -0.032344 0.00137957
v -0.00637072 -0.0272903 0.00190017
v -0.00512157 -0.0276912 0.00194129
v -0.000242 -0.034 0.0019
v -0.0100248 -0.0310284 0.00191561
v -0.0101105 -0.0294562 0.00181256
v -0.00409162 -0.0294751 0.00194867
v -0.00454987 -0.0318956 0.0019395
v -0.027442 0.0204 0.0019
v -0.0103388 0.026784 0.0019
v -0.0244064 0.0229717 0.000876923
v -0.0117875 0.024437 0.000855
v -0.0105378 0.0263519 0.000527778
v -0.0307399 0.0159883 0.000450582
v -0.00863896 0.0275054 0.00186076
v -0.00969498 0.0283962 0.00189998
v -0.00981578 0.0313257 0.00190032
v -0.00907307 0.0321806 0.00190014
v -0.00885996 0.0325496 0.00191522
v -0.00540827 0.0278183 0.0019
v -0.0101676 0.0298436 0.00190703
v -0.00808784 0.032763 0.00187669
v -0.000242 0.034 0.0019
v -0.0067309 0.0328261 0.00189937
v -0.00526351 0.0321209 0.00189777
v -0.00472285 0.0285766 0.00189938
v -0.00740097 0.0268016 0.00193644
v 0.0238148 0.0229745 0.0019
v 0.0252619 0.0224264 0.0019
v 0.00953462 0.0258961 0.0018913
v 0.00552427 0.0325691 0.0019
v 0.0301406 0.015261 0.0019
v 0.00799173 0.0274309 0.0019
v 0.00475174 0.0320387 0.00189987
v 0.00718883 0.0328146 0.00189888
v 0.00981 0.0269548 0.0019
v 0.0328413 0.00784194 0.0019
v 0.00620758 0.0327949 0.0019
v 0.00776538 0.0328077 0.00192328
v 0.00871529 0.0322532 0.00191798
v 0.0087732 0.0279436 0.00189373
v 0.0340422 -0.000711137 0.000446442
v 0.00906302 0.0318442 0.00191828
v 0.0095998 0.0297839 0.0019
v 0.00968044 0.0292489 0.00191858
v 0.00951428 0.0311322 0.00191629
v 0.0122438 -0.0239123 0.0019
v 0.0258015 -0.0218571 0.0019
v 0.0247203 -0.0227379 0.0019
v 0.00906744 -0.0282033 0.00187382
v 0.0301406 -0.015261 0.0019
v 0.0328413 -0.00784194 0.0019
v 0.00552089 -0.0325732 0.0018993
v 0.00481798 -0.0320878 0.0019
v 0.00787199 -0.0273557 0.00190006
v 0.00967483 -0.0304464 0.00191226
v 0.00611244 -0.0327698 0.00189987
v 0.0092446 -0.0316311 0.00191588
v 0.00780464 -0.03338 0.000475
v 0.00373067 -0.0307184 0.00195653
v 0.0052522 -0.0275823 0.00190008
v 0.00869874 -0.0321963 0.00191819
v 0.00818316 -0.0325914 0.00190968
v 0.00676536 -0.0328761 0.00185127
v 0.00375781 -0.0292393 0.00193863
v 0.00466896 -0.0280508 0.00189627
v 0.00610742 -0.0272001 0.00188881
v -0.0268605 0.02124 0.00095
v -0.034679 0.00587378 7.43217e-05
v -0.0134825 -0.0234886 4.0598e-17
v -0.0107019 -0.0261977 3.03702e-17
v -0.00679397 0.0337371 0.000584615
v -0.00995398 0.0314865 0.0011875
v -0.0146451 0.0230557 0.000894118
v -0.0154646 -0.0231755 1.48444e-10
v -0.0253825 0.0226933 0.00095
v 0.0248039 0.0227044 3.42108e-17
v 0.0138557 0.0232463 2.10049e-17
v 0.025497 -0.0225915 -8.54596e-05
v 0.0101312 0.0253428 3.46526e-17
v 0.0144895 -0.0230275 2.60852e-17
v 0.0115095 -0.0240403 0.000211111
v 0.0097557 -0.0288418 2.93308e-17
v 0.00940322 0.0317046 1.64245e-17
v 0.00758713 0.0330949 0.00110833
v 0.0310767 -0.0152279 -8.34956e-05
v -0.0249907 0.0247487 2.03692e-17
v -0.00909683 0.034146 6.28779e-05
v -0.0188983 0.0262882 1.44353e-17
v -0.0186236 0.025625 1.47235e-17
v -0.0138604 0.028375 1.41837e-17
v -0.0142975 0.0289445 1.39139e-17
v -0.0181865 0.0289445 1.34821e-17
v -0.0186236 0.028375 1.36549e-17
v -0.014867 0.0246184 1.55317e-17
v -0.0142975 0.0250555 1.54251e-17
v -0.0155302 0.0243437 1.55648e-17
v -0.0181865 0.0250555 1.49933e-17
v -0.0169538 0.0296563 1.33424e-17
v -0.017617 0.0293816 1.33755e-17
v -0.016242 0.02975 1.3385e-17
v -0.014867 0.0293816 1.36808e-17
v -0.0155302 0.0296563 1.35004e-17
v -0.0135857 0.0262882 1.50251e-17
v -0.013492 0.027 1.47589e-17
v -0.0138604 0.025625 1.52523e-17
v -0.0169538 0.0243437 1.54068e-17
v -0.016242 0.02425 1.55222e-17
v -0.0135857 0.0277118 1.44719e-17
v -0.017617 0.0246184 1.52264e-17
v -0.0188983 0.0277118 1.38821e-17
v -0.018992 0.027 1.41483e-17
v 0.00881667 0.0338074 1.73781e-17
v 0.0184143 0.0262882 1.84198e-17
v 0.0138135 0.0289445 1.74666e-17
v 0.0314138 0.01476 -9.77612e-05
v 0.0133764 0.028375 1.75129e-17
v 0.015758 0.02425 1.84643e-17
v 0.0164698 0.0243437 1.85277e-17
v 0.014383 0.0246184 1.82503e-17
v 0.0150462 0.0243437 1.83697e-17
v 0.0164698 0.0296563 1.7643e-17
v 0.0181396 0.025625 1.84997e-17
v 0.0138135 0.0250555 1.81143e-17
v 0.0133764 0.025625 1.79709e-17
v 0.014383 0.0293816 1.74571e-17
v 0.017133 0.0293816 1.77624e-17
v 0.018508 0.027 1.83116e-17
v 0.0177025 0.0250555 1.8546e-17
v 0.017133 0.0246184 1.85556e-17
v 0.0131017 0.0262882 1.78299e-17
v 0.013008 0.027 1.7701e-17
v 0.0150462 0.0296563 1.74849e-17
v 0.015758 0.02975 1.75484e-17
v 0.0181396 0.028375 1.80417e-17
v 0.0177025 0.0289445 1.78984e-17
v 0.0184143 0.0277118 1.81827e-17
v 0.0131017 0.0277118 1.75929e-17
v 0.0245067 -0.0247487 6.27169e-17
v 0.0184143 -0.0262882 2.71755e-17
v 0.0181396 -0.025625 2.70346e-17
v 0.0184143 -0.0277118 2.74126e-17
v 0.018508 -0.027 2.73044e-17
v 0.0177025 -0.0289445 2.75388e-17
v 0.015758 -0.02975 2.74571e-17
v 0.0164698 -0.0296563 2.75205e-17
v 0.017133 -0.0293816 2.75484e-17
v 0.0133764 -0.028375 2.69637e-17
v 0.013008 -0.027 2.66938e-17
v 0.0131017 -0.0277118 2.68228e-17
v 0.0133764 -0.025625 2.65057e-17
v 0.0138135 -0.0250555 2.64594e-17
v 0.014383 -0.0246184 2.64499e-17
v 0.0181396 -0.028375 2.74925e-17
v 0.0150462 -0.0243437 2.64777e-17
v 0.0164698 -0.0243437 2.66358e-17
v 0.015758 -0.02425 2.65412e-17
v 0.017133 -0.0246184 2.67552e-17
v 0.0177025 -0.0250555 2.68912e-17
v -0.000461971 -0.0353255 0.000162045
v 0.0131017 -0.0262882 2.65857e-17
v 0.014383 -0.0293816 2.72431e-17
v 0.0150462 -0.0296563 2.73625e-17
v 0.0138135 -0.0289445 2.71071e-17
v -0.0253853 -0.0247465 6.89019e-05
v -0.0188983 -0.0262882 3.67527e-17
v -0.0340494 -0.00905867 4.45341e-17
v -0.0186236 -0.025625 3.65255e-17
v -0.0169538 -0.0243437 3.6213e-17
v -0.017617 -0.0246184 3.62461e-17
v -0.00930067 -0.0338074 6.5708e-17
v -0.0142975 -0.0289445 3.82957e-17
v -0.0181865 -0.0250555 3.63527e-17
v -0.014867 -0.0246184 3.65514e-17
v -0.0155302 -0.0243437 3.6371e-17
v -0.0142975 -0.0250555 3.67845e-17
v -0.0138604 -0.025625 3.70543e-17
v -0.0138604 -0.028375 3.81229e-17
v -0.0186236 -0.028375 3.75941e-17
v -0.016242 -0.02425 3.62556e-17
v -0.013492 -0.027 3.76295e-17
v -0.0135857 -0.0262882 3.73425e-17
v -0.0135857 -0.0277118 3.78957e-17
v -0.0169538 -0.0296563 3.82774e-17
v -0.0188983 -0.0277118 3.73059e-17
v -0.017617 -0.0293816 3.8097e-17
v -0.0181865 -0.0289445 3.78639e-17
v -0.0155302 -0.0296563 3.84354e-17
v -0.014867 -0.0293816 3.84023e-17
v -0.016242 -0.02975 3.83928e-17
v -0.018992 -0.027 3.70189e-17
v -0.0188983 0.0277118 0.0184
v -0.018992 0.027 0.0184
v -0.0186236 0.028375 0.0184
v -0.0181865 0.0289445 0.0184
v -0.017617 0.0293816 0.0184
v -0.0169538 0.0296563 0.0184
v -0.016242 0.02975 0.0184
v -0.0155302 0.0296563 0.0184
v -0.014867 0.0293816 0.0184
v -0.0142975 0.0289445 0.0184
v -0.0138604 0.028375 0.0184
v -0.0135857 0.0277118 0.0184
v -0.013492 0.027 0.0184
v -0.0135857 0.0262882 0.0184
v -0.0138604 0.025625 0.0184
v -0.0142975 0.0250555 0.0184
v -0.014867 0.0246184 0.0184
v -0.0155302 0.0243437 0.0184
v -0.016242 0.02425 0.0184
v -0.0169538 0.0243437 0.0184
v -0.017617 0.0246184 0.0184
v -0.0181865 0.0250555 0.0184
v -0.0186236 0.025625 0.0184
v -0.0188983 0.0262882 0.0184
v -0.0188983 -0.0262882 0.0184
v -0.018992 -0.027 0.0184
v -0.0186236 -0.025625 0.0184
v -0.0181865 -0.0250555 0.0184
v -0.017617 -0.0246184 0.0184
v -0.0169538 -0.0243437 0.0184
v -0.016242 -0.02425 0.0184
v -0.0155302 -0.0243437 0.0184
v -0.014867 -0.0246184 0.0184
v -0.0142975 -0.0250555 0.0184
v -0.0138604 -0.025625 0.0184
v -0.0135857 -0.0262882 0.0184
v -0.013492 -0.027 0.0184
v -0.0135857 -0.0277118 0.0184
v -0.0138604 -0.028375 0.0184
v -0.0142975 -0.0289445 0.0184
v -0.014867 -0.0293816 0.0184
v -0.0155302 -0.0296563 0.0184
v -0.016242 -0.02975 0.0184
v -0.0169538 -0.0296563 0.0184
v -0.017617 -0.0293816 0.0184
v -0.0181865 -0.0289445 0.0184
v -0.0186236 -0.028375 0.0184
v -0.0188983 -0.0277118 0.0184
v 0.0184143 0.0262882 0.0184
v 0.018508 0.027 0.0184
v 0.0181396 0.025625 0.0184
v 0.0177025 0.0250555 0.0184
v 0.017133 0.0246184 0.0184
v 0.0164698 0.0243437 0.0184
v 0.015758 0.02425 0.0184
v 0.0150462 0.0243437 0.0184
v 0.014383 0.0246184 0.0184
v 0.0138135 0.0250555 0.0184
v 0.0133764 0.025625 0.0184
v 0.0131017 0.0262882 0.0184
v 0.013008 0.027 0.0184
v 0.0131017 0.0277118 0.0184
v 0.0133764 0.028375 0.0184
v 0.0138135 0.0289445 0.0184
v 0.014383 0.0293816 0.0184
v 0.0150462 0.0296563 0.0184
v 0.015758 0.02975 0.0184
v 0.0164698 0.0296563 0.0184
v 0.017133 0.0293816 0.0184
v 0.0177025 0.0289445 0.0184
v 0.0181396 0.028375 0.0184
v 0.0184143 0.0277118 0.0184
v 0.0184143 -0.0277118 0.0184
v 0.018508 -0.027 0.0184
v 0.0181396 -0.028375 0.0184
v 0.0177025 -0.0289445 0.0184
v 0.017133 -0.0293816 0.0184
v 0.0164698 -0.0296563 0.0184
v 0.015758 -0.02975 0.0184
v 0.0150462 -0.0296563 0.0184
v 0.014383 -0.0293816 0.0184
v 0.0138135 -0.0289445 0.0184
v 0.0133764 -0.028375 0.0184
v 0.0131017 -0.0277118 0.0184
v 0.013008 -0.027 0.0184
v 0.0131017 -0.0262882 0.0184
v 0.0133764 -0.025625 0.0184
v 0.0138135 -0.0250555 0.0184
v 0.014383 -0.0246184 0.0184
v 0.0150462 -0.0243437 0.0184
v 0.015758 -0.02425 0.0184
v 0.0164698 -0.0243437 0.0184
v 0.017133 -0.0246184 0.0184
v 0.0177025 -0.0250555 0.0184
v 0.0181396 -0.025625 0.0184
v 0.0184143 -0.0262882 0.0184
v -0.0176729 0.0306966 0.000111708
v -0.0210112 0.029922 0.00273983
v -0.0331737 0.0148444 0.00270282
v -0.0354063 -0.00761794 0.00265535
v -0.0181106 -0.0304439 0.000111708
v 0.0171889 -0.0306966 0.000111708
v 0.0249006 0.0247525 7.6202e-05
v 0.0176266 0.0304439 0.000111708
v -0.0257912 -0.0272524 0.00283214
v -0.000242 0.0359306 0.00178449
v 0.0198322 0.0313031 0.00275121
v 0.0363462 0.0017659 0.00300927
v 0.0354133 -0.00708201 0.00243244
v 0.00676064 -0.0351142 0.00113814
v -0.0149479 0.0221704 0.0184
v -0.013742 0.0226699 0.0184
v -0.0127065 0.0234645 0.0184
v -0.0119119 0.0245 0.0184
v -0.0114124 0.0257059 0.0184
v -0.0113523 0.0284662 0.0184001
v -0.0143119 0.0318298 0.0184
v -0.0194379 0.0310665 0.0184004
v -0.016242 0.022 0.0184
v -0.0212014 0.0249801 0.0184003
v -0.0175361 0.0221704 0.0184
v -0.0121968 -0.0302598 0.0184001
v -0.011242 -0.027 0.0184
v -0.0127065 -0.0234645 0.0184
v -0.013742 -0.0226699 0.0184
v -0.0114124 -0.0257059 0.0184
v -0.0119119 -0.0245 0.0184
v -0.0149479 -0.0221704 0.0184
v -0.016242 -0.022 0.0184
v -0.0175361 -0.0221704 0.0184
v -0.018742 -0.0226699 0.0184
v -0.0206253 -0.02437 0.0184001
v -0.0166423 -0.0321168 0.0183997
v -0.020893 -0.029548 0.0183999
v 0.0207225 -0.0249838 0.0184004
v 0.0170521 -0.0221704 0.0184
v 0.015758 -0.022 0.0184
v 0.0109284 -0.0282941 0.0184
v 0.0118799 -0.0302253 0.0184001
v 0.0144639 -0.0221704 0.0184
v 0.0122225 -0.0234645 0.0184
v 0.0114279 -0.0245 0.0184
v 0.0109284 -0.0257059 0.0184
v 0.010758 -0.027 0.0184
v 0.013258 -0.0226699 0.0184
v 0.013258 -0.0313301 0.0184
v 0.0189855 -0.0309991 0.0184009
v 0.0152435 -0.0320114 0.0184002
v 0.012946 0.0313146 0.018401
v 0.0211414 0.0262008 0.0184001
v 0.0178027 0.0317613 0.0184006
v 0.0109284 0.0282941 0.0184
v 0.0114279 0.0245 0.0184
v 0.0122225 0.0234645 0.0184
v 0.010758 0.027 0.0184
v 0.0109284 0.0257059 0.0184
v 0.013258 0.0226699 0.0184
v 0.015758 0.022 0.0184
v 0.0170521 0.0221704 0.0184
v 0.0144639 0.0221704 0.0184
v 0.018258 0.0226699 0.0184
v 0.0206902 0.0259268 0.0360136
v 0.0204219 0.0290642 0.0344772
v 0.0189641 0.0308572 0.0336369
v 0.0180562 0.0314371 0.0336962
v 0.0169361 0.0318506 0.0341446
v 0.0161181 0.0319806 0.0346659
v 0.0145927 0.0318696 0.035932
v 0.0133816 0.0313379 0.0372146
v 0.0119661 0.0303276 0.0389495
v 0.0110181 0.0286898 0.0407226
v 0.010758 0.0270106 0.0426381
v 0.010758 0.0269939 0.0426444
v 0.011049 0.0253196 0.0407491
v 0.0113887 0.0245691 0.039891
v 0.0116437 0.0242342 0.0394974
v 0.0114365 0.0245063 0.0398172
v 0.012619 0.0231105 0.0381612
v 0.0123429 0.023333 0.0384261
v 0.0132736 0.0226947 0.037623
v 0.0143885 0.0221877 0.0369128
v 0.0135853 0.0224967 0.0373667
v 0.0139338 0.0223464 0.037152
v 0.0154664 0.0220196 0.0365253
v 0.0153274 0.0220186 0.0365548
v 0.0169403 0.0221368 0.0363018
v 0.0162611 0.0220254 0.0363567
v 0.0157578 0.0220217 0.0364635
v 0.017108 0.0221857 0.0363
v 0.019827 0.0238592 0.0363506
v 0.0109795 -0.0255472 0.0410086
v 0.010786 -0.0263372 0.0418253
v 0.010758 -0.00979215 0.04265
v 0.010758 0.00192889 0.04265
v 0.010758 0.0187742 0.04265
v 0.0114802 -0.0245264 0.039836
v 0.0116302 -0.0242205 0.0394846
v 0.0118736 -0.0238313 0.0390181
v 0.0130429 -0.0228014 0.0377717
v 0.0133984 -0.0225918 0.0374962
v 0.0132601 -0.0226734 0.0376034
v 0.0139476 -0.0223733 0.0371757
v 0.0147727 -0.022098 0.036745
v 0.0144521 -0.022174 0.0368821
v 0.0161815 -0.022018 0.0363679
v 0.0170512 -0.0221754 0.0363042
v 0.015758 -0.0220006 0.0364457
v 0.015744 -0.022 0.0364482
v 0.017108 -0.0221857 0.0363
v 0.0112887 0.0306158 0.0401093
v 0.0110905 0.0307508 0.0407324
v 0.01089 0.030882 0.0413642
v 0.0108886 0.0308823 0.0413686
v 0.0107242 0.0315394 0.0429485
v 0.0149343 0.0349601 0.00324763
v 0.0148237 0.0343235 0.0318541
v 0.0198685 0.0315283 0.031772
v 0.00754705 0.0365694 0.0379944
v 0.00708901 0.0367888 0.0367728
v 0.00907849 0.0357157 0.0387299
v 0.00797348 0.0364011 0.0383033
v 0.00792145 0.0364485 0.0381675
v 0.0111218 0.0320242 0.0400793
v 0.0134096 0.0326546 0.0364099
v 0.0137233 0.0333226 0.0354251
v 0.0104324 0.035863 0.0347598
v 0.012666 0.0317265 0.0377541
v 0.0184881 0.0313688 0.0334055
v 0.0147344 0.0338114 0.0336071
v 0.0153149 0.0331959 0.0339577
v 0.0111647 0.0349362 0.0363948
v 0.0131065 0.0347549 0.0338762
v 0.0120601 0.0331977 0.0375664
v 0.0113974 0.0329204 0.038899
v 0.0101367 0.0347592 0.0388289
v 0.0327405 -0.0178439 0.02995
v 0.0259288 -0.0265153 0.0324221
v 0.0361258 -0.00908524 0.02995
v 0.0361258 0.00908524 0.02995
v 0.0300527 0.0225505 0.0312631
v 0.0348035 0.0135171 0.0317738
v 0.0226798 -0.021093 0.0363
v 0.0296008 0.0124185 0.0362573
v 0.0226798 0.021093 0.0363
v 0.0195459 -0.0235273 0.0363556
v 0.0206774 -0.0259959 0.0359118
v 0.020758 -0.027 0.0355167
v 0.020247 -0.0305931 0.0328024
v 0.0206601 -0.0311307 0.0299619
v 0.0200174 -0.0315436 0.0308694
v 0.0249544 -0.0226466 0.035795
v 0.0340217 0.0119168 0.034099
v 0.0268856 0.0227661 0.0350734
v 0.0366536 -0.00189061 0.0334553
v 0.0326653 0.00304135 0.0362341
v 0.0350192 -0.0126225 0.031867
v 0.0321874 -0.0175447 0.0327052
v 0.0330761 -0.0133429 0.0345016
v 0.0307998 -0.0114954 0.036166
v 0.0110476 -0.0286793 0.0407919
v 0.0115922 -0.0298184 0.0394976
v 0.0124338 -0.0306627 0.0383463
v 0.0136609 -0.0315569 0.0368659
v 0.0157696 -0.0320325 0.034892
v 0.0177769 -0.0315789 0.0337613
v 0.0185846 -0.03113 0.0336235
v 0.0203234 -0.0293861 0.0342821
v 0.0100373 -0.0347065 0.0392325
v 0.00559196 -0.0371266 0.0395445
v 0.00694927 -0.0367914 0.0373845
v 0.00918778 -0.036281 0.0343418
v 0.0111969 -0.0320857 0.0398732
v 0.00908468 -0.0357064 0.0387444
v 0.00974646 -0.0359716 0.0362336
v 0.0145824 -0.0345865 0.0302195
v 0.00792127 -0.0364487 0.0381675
v 0.0117777 -0.0304153 0.0392664
v 0.011436 -0.030882 0.0397514
v 0.012808 -0.0349755 0.0335646
v 0.0169045 -0.0323399 0.0335703
v 0.0201634 -0.0311676 0.0317426
v 0.0140361 -0.0331215 0.0353752
v 0.0142338 -0.0334928 0.0347178
v 0.0123659 -0.0318609 0.0380871
v 0.0111256 -0.033595 0.0388099
v 0.0128225 -0.0325363 0.0371562
v 0.010974 -0.0346391 0.0373649
v 0.012326 -0.0340168 0.0363307
v 0.0108239 -0.0310877 0.0419987
v 0.010695 -0.0321988 0.0424553
v 0.0111248 -0.0306573 0.0405471
v 0.0253573 -0.00500735 0.0363
v 0.0272484 0.00438783 0.0363
v 0.027144 -0.00428601 0.0363
v 0.026597 -0.00779745 0.0363
v 0.0281005 -0.00698065 0.0363
v 0.0252712 0.00679318 0.0363
v 0.0283702 0.00649044 0.0363
v 0.0253732 0.00484284 0.0363
v 0.0282448 0.00520681 0.0363
v 0.0251458 -0.00649044 0.0363
v 0.026919 0.00779745 0.0363
v 0.0284587 -0.00573013 0.0363345
v 0.0280794 -0.00709608 0.0268
v 0.0267015 -0.00768417 0.0268
v 0.0250635 -0.0066207 0.0268
v 0.025607 -0.00476918 0.0268
v 0.0268145 -0.00431583 0.0268
v 0.0279888 -0.00484904 0.0268
v 0.0284109 -0.00582197 0.0268
v 0.026758 -0.006 0.0268
v 0.0277961 0.00452385 0.0268
v 0.025867 0.0045697 0.0268
v 0.0249801 0.00630972 0.0268
v 0.0263766 0.0076414 0.0268
v 0.0282341 0.00703813 0.0268
v 0.026758 0.006 0.0268
v 0.00921095 0.0353749 0.0418409
v 0.0102867 0.0337818 0.0424077
v 0.00539465 0.0377799 0.0431225
v 0.00606634 0.0369921 0.0385321
v 0.00705051 0.0367992 0.0400283
v 0.0103298 0.0339111 0.0401708
v 0.0109327 0.0327771 0.0398582
v 0.0104496 0.0331999 0.041617
v 0.010249 0.0337831 0.0411905
v 0.0107186 0.032123 0.0418193
v 0.01083 0.0319404 0.0412046
v 0.00856025 0.0359374 0.0407306
v 0.00946302 0.0350241 0.0405212
v 0.00928021 0.0353516 0.0398346
v 0.00986378 0.0387768 0.0519575
v 0.00883164 0.0393473 0.0502213
v 0.00522236 0.0387795 0.045283
v 0.010558 0.0362799 0.050845
v 0.0102908 0.0351966 0.0469314
v 0.0106257 0.0360498 0.0514074
v 0.010758 0.0346584 0.0511312
v 0.010758 0.0319562 0.0448207
v 0.010758 0.0327695 0.0475135
v 0.00797709 0.0395302 0.0491089
v 0.00654574 0.0400741 0.0486047
v 0.00447076 0.0405358 0.0486054
v 0.00676202 0.0384473 0.0458128
v 0.00914766 0.0358437 0.0438578
v 0.00739145 0.0370259 0.0425937
v 0.00623348 0.03922 0.0469608
v 0.00987889 0.0357506 0.0462868
v 0.00921094 -0.0353749 0.0418409
v 0.0101526 -0.0339231 0.0419195
v 0.00721169 -0.0369587 0.041731
v 0.00447982 -0.0376002 0.0414497
v 0.00668622 -0.0368918 0.0397118
v 0.0108128 -0.0316956 0.0415637
v 0.0110013 -0.0317922 0.040604
v 0.0100949 -0.0343395 0.0401139
v 0.00863854 -0.0358361 0.0402531
v 0.00860554 -0.035938 0.0394544
v 0.0107439 -0.0332181 0.0398828
v 0.010717 -0.0325652 0.0411842
v 0.00803103 -0.0363536 0.0384266
v 0.00864078 -0.0359215 0.0411729
v 0.0051717 -0.0394572 0.0468337
v 0.0061258 -0.0402135 0.0486579
v 0.0105476 -0.0365551 0.0513081
v 0.0106257 -0.0360492 0.0514064
v 0.0100199 -0.0376271 0.0503659
v 0.010758 -0.0342146 0.0502418
v 0.0107312 -0.0333846 0.0470127
v 0.00797726 -0.0395302 0.0491091
v 0.00661987 -0.040046 0.0486176
v 0.00601828 -0.0387496 0.045962
v 0.00446597 -0.0388104 0.0451582
v 0.00522851 -0.0386798 0.0450881
v 0.00446817 -0.0403819 0.048274
v 0.00708694 -0.0383391 0.0460132
v 0.0101356 -0.0353737 0.0464344
v 0.00855922 -0.0364345 0.0437262
v 0.00025471 0.0374967 0.0031
v 0.00025471 0.0374967 0.037571
v 0.00358566 0.0373041 0.0031
v 0.0251247 0.0280011 0.00309907
v 0.032854 0.0176324 0.0031
v 0.0361404 0.00908705 0.0031
v 0.0366324 0.00189457 0.0042015
v 0.0366344 0.00161175 0.00369761
v 0.0365025 0.00124049 0.00659872
v 0.036746 -0.000833526 0.00691899
v 0.0366876 -0.00188067 0.00583959
v 0.0366451 -0.00145325 0.00643143
v 0.0361404 -0.00908705 0.0031
v 0.0366292 -0.00203571 0.0051472
v 0.0368018 -0.00149022 0.00357009
v 0.0363406 -0.00091058 0.00313678
v 0.0365972 -0.00199476 0.00452221
v 0.032854 -0.0176324 0.0031
v 0.0251362 -0.0265539 0.00294407
v 0.0125112 -0.0352648 0.0031
v 0.00358566 -0.0373041 0.0031
v 0.00025471 -0.0374967 0.037571
v 0.00025471 -0.0374967 0.0031
v 0.036668 0.00192525 0.00577242
v 0.0369614 0.000496188 0.00695609
v 0.0363404 -2.92007e-05 0.00668584
v 0.0363233 0.0004211 0.00663568
v 0.0365047 -0.00103961 0.00659933
v 0.036258 -0.00100483 0.0063087
v 0.036258 -0.00163565 0.00478405
v 0.036258 -0.00164985 0.00500006
v 0.036258 0.00063097 0.00652471
v 0.036258 -0.00157139 0.00552782
v 0.0363076 -0.00162294 0.00443562
v 0.0363406 -0.000867898 0.00355446
v 0.03641 -0.000608645 0.00341696
v 0.036258 0.000491655 0.00341359
v 0.036258 -0.000214575 0.00336409
v 0.036258 -0.00130928 0.006004
v 0.0363056 0.00120568 0.00382721
v 0.036258 0.0015248 0.00436924
v 0.036258 0.00163594 0.00521608
v 0.0364345 0.00162893 0.00548128
v 0.036258 0.00130878 0.00600504
v 0.036258 0.00100408 0.00630949
v 0.0364998 0.0018705 0.00466039
v 0.0369092 0.00148683 0.00479979
v 0.0366399 0.0015248 0.00436924
v 0.03664 0.00100512 0.00369143
v 0.03664 0.000632177 0.00347591
v 0.0368174 8.97619e-05 0.00343999
v 0.0368713 -0.000220654 0.0034884
v 0.0366461 -0.00119221 0.00384159
v 0.0366402 -0.00152401 0.00436803
v 0.0366401 -0.00163583 0.0052147
v 0.0366408 -0.00142911 0.00585004
v 0.0368157 -0.000992648 0.00621478
v 0.0367882 -0.000374065 0.00653545
v 0.0368684 0.00094441 0.00619816
v 0.0366399 0.00135643 0.00594457
v 0.0369077 0.00147372 0.00508582
v 0.0368627 0.000504052 0.00645225
v 0.0368642 -0.000893559 0.00626989
v 0.0370203 -0.00122354 0.00536331
v 0.0370225 -0.00116611 0.00438397
v 0.0369523 0.00103673 0.0039939
v 0.03702 -0.00100786 0.00577273
v -0.000242 -0.037 0.0031
v -0.0280789 0.0251268 0.0031
v -0.000242 0.037 0.0031
v -0.0366243 -0.00908705 0.0031
v -0.037742 -4.42534e-13 0.0031
v -0.0366243 0.00908705 0.0031
v -0.033338 0.0176324 0.0031
v -0.0280789 -0.0251268 0.0031
v -0.033338 -0.0176324 0.0031
v -0.000853159 0.0375756 0.0031
v -0.000242 -0.037 0.0431601
v -0.000138383 -0.0371812 0.0444589
v 0.00445804 -0.0375003 0.0409749
v 0.000258024 -0.0375 0.0379396
v 0.004458 -0.0405324 0.0616143
v 0.00445766 -0.0405071 0.0616624
v 0.0044824 -0.0416282 0.0594368
v 0.00448122 -0.0422559 0.0570862
v 0.00447283 -0.0423413 0.0564751
v 0.004458 -0.042443 0.0549943
v 0.00497344 -0.0423489 0.0540493
v 0.0044602 -0.0420935 0.052392
v 0.00446603 -0.0419672 0.0518668
v 0.00446036 -0.0417958 0.0511376
v 0.00446192 -0.0412741 0.0500864
v 0.00836716 -0.0390119 0.0613877
v 0.00886995 -0.0386046 0.0610927
v 0.00726091 -0.040673 0.0601446
v 0.00582101 -0.0400049 0.0621069
v 0.00969835 -0.0377777 0.0604938
v 0.0102894 -0.0368516 0.0598231
v 0.0105988 -0.0361354 0.0593044
v 0.0106329 -0.0358899 0.0591266
v 0.00937263 -0.0381975 0.0607979
v 0.00569989 -0.0407661 0.0609999
v 0.010758 -0.0353024 0.0522607
v 0.0107579 -0.0360356 0.054028
v 0.0107577 -0.0358352 0.0569844
v 0.00897606 -0.0393967 0.0505629
v 0.0105433 -0.0377589 0.0566102
v 0.00938636 -0.0389068 0.0597109
v 0.0106671 -0.0371496 0.0552967
v 0.00716349 -0.0407458 0.0500722
v 0.00451348 -0.0416738 0.0594509
v 0.00984288 -0.0385268 0.0590038
v 0.00939108 -0.0397639 0.0576254
v 0.0098766 -0.0384286 0.0513335
v 0.00960775 -0.039826 0.0542783
v 0.0101562 -0.0387158 0.0534267
v 0.00764412 -0.0414494 0.0525172
v 0.0081511 -0.0411257 0.0537641
v 0.00800005 -0.0407355 0.0586394
v 0.0069626 -0.0418128 0.0571304
v 0.00684325 -0.0420326 0.0553947
v 0.00647936 -0.0420265 0.0536412
v 0.000258 -0.0364149 0.0466016
v 0.004458 -0.0359366 0.0481298
v -0.000242 0.037 0.0431601
v 0.000249475 0.0375987 0.0402995
v 0.00447286 0.0388625 0.0454416
v 0.00446364 0.0376053 0.0413945
v 0.00445436 0.0374904 0.0409778
v 0.0044581 0.0417725 0.059057
v 0.00456526 0.0412244 0.0601641
v 0.00447545 0.042344 0.0567434
v 0.0046479 0.0417929 0.0589685
v 0.00447441 0.0424075 0.0548205
v 0.00479961 0.0423404 0.0564942
v 0.00446003 0.0423885 0.0538112
v 0.00500355 0.0418609 0.051839
v 0.00445801 0.0417518 0.0510591
v 0.00506152 0.0411812 0.0500102
v 0.00836716 0.0390119 0.0613877
v 0.00788195 0.0392588 0.0615665
v 0.00582101 0.0400049 0.0621069
v 0.00716316 0.0396246 0.0618314
v 0.0101292 0.0372224 0.0600917
v 0.00971078 0.0377617 0.0604822
v 0.0105988 0.0361354 0.0593044
v 0.0102943 0.03684 0.0598147
v 0.00937263 0.0381975 0.0607979
v 0.00889225 0.0385866 0.0610796
v 0.0106908 0.0369533 0.0560347
v 0.0107579 0.035418 0.0578208
v 0.010758 0.0360671 0.0547144
v 0.0107578 0.0360201 0.0561911
v 0.010758 0.035831 0.0534502
v 0.010758 0.0353163 0.0522748
v 0.010758 0.0358517 0.0535607
v 0.00447462 0.0409472 0.0610125
v 0.0105923 0.0372848 0.0528822
v 0.00914366 0.0394095 0.0509877
v 0.00996455 0.0392633 0.0535577
v 0.00982777 0.0393876 0.0553391
v 0.00862637 0.0409998 0.0560878
v 0.00940179 0.0389048 0.0596746
v 0.00578541 0.0416534 0.0589296
v 0.00809751 0.0403433 0.0597125
v 0.00988125 0.0392278 0.0572209
v 0.00693474 0.0412998 0.0588102
v 0.00808799 0.0410883 0.0570223
v 0.00596277 0.0422346 0.055409
v 0.00699656 0.0411034 0.0505632
v 0.0069849 0.0416875 0.0524038
v 0.00710065 0.0418477 0.0537694
v 0.00584935 0.0422114 0.0567912
v 0.004458 0.035736 0.0483347
v -0.000248619 -0.0347597 0.048628
v -0.000745985 -0.0374072 0.04455
v -0.00476204 -0.0356235 0.0490929
v -0.000763736 -0.0375223 0.00310044
v 0.004458 -0.0359015 0.0495983
v 0.004458 -0.0379049 0.0526139
v 0.004458 -0.0355044 0.0606523
v 0.004458 -0.0376993 0.057492
v 0.004458 -0.0327948 0.0620765
v 0.004458 -0.0298788 0.0624366
v -0.004942 -0.0382538 0.0571348
v -0.004942 -0.0302705 0.0628167
v -0.000242 -0.0293523 0.0623146
v -0.000263977 -0.0292924 0.0732892
v 0.000256775 -0.0289606 0.0768265
v 0.000258 -0.0271299 0.0801555
v 0.0044638 -0.0287489 0.0777596
v 0.000494407 -0.0246793 0.0837908
v 0.00593592 -0.0225931 0.0857866
v 0.00735283 -0.0270995 0.0795159
v 0.00889813 -0.0229851 0.0827076
v 0.00933041 -0.0225288 0.0823771
v 0.0100882 -0.0215662 0.08168
v 0.00990726 -0.02192 0.0819362
v 0.0105416 -0.0206796 0.0810378
v 0.0105724 -0.0204901 0.0809006
v 0.00581754 -0.0243411 0.0836897
v -0.000436989 -0.0288783 0.0765514
v -0.000299908 -0.027039 0.0796862
v -0.000242 -0.0240865 0.0835052
v 0.000469333 -0.0195916 0.088366
v 0.00231274 -0.0155429 0.0902122
v -0.000133894 -0.020928 0.0872863
v -0.000112533 -0.017005 0.0892932
v -0.000242 -0.0155 0.0891521
v -0.000628465 -0.0156983 0.0899656
v -0.0049671 -0.0282443 0.0786792
v -0.000957573 -0.0222682 0.0864952
v 0.00989456 -0.0155 0.0863872
v 0.00757709 -0.0155 0.0887811
v 0.0101102 -0.0155 0.086
v -0.0102824 -0.0154994 0.0865926
v -0.0089874 -0.0155 0.0881285
v -0.00631282 -0.0155036 0.0895566
v -0.0104086 -0.015709 0.0870786
v -0.0105942 -0.0155 0.086
v 0.0106012 -0.0123429 0.0848408
v 0.010758 -0.0141909 0.0834309
v 0.0107583 -0.0155315 0.083096
v 0.010758 -0.0123429 0.08365
v 0.0107579 -0.0236659 0.0751582
v 0.0105416 -0.0123429 0.0852935
v 0.0103072 -0.0123429 0.086
v 0.0106596 -0.0188996 0.0823817
v 0.00564063 -0.017265 0.0890807
v 0.00850306 -0.0154969 0.0882305
v 0.00809326 -0.0207106 0.0862604
v 0.0100174 -0.0177393 0.0856025
v 0.009527 -0.0205167 0.0844486
v 0.0106012 0.0123429 0.0848408
v 0.0105416 0.0123429 0.0852935
v 0.0103072 0.0123429 0.086
v 0.010758 0.00474203 0.08365
v 0.010758 0.00786266 0.08365
v 0.010758 0.00192889 0.08365
v 0.010758 -0.00471727 0.08365
v 0.010758 -0.00791911 0.08365
v 0.010758 -0.0123413 0.08365
v 0.010758 0.0123429 0.08365
v -0.00495197 -0.0409819 0.0609233
v -0.00497203 -0.038844 0.0453397
v -0.00495946 -0.0423441 0.0567427
v -0.00523053 -0.0417734 0.0589873
v -0.00502241 -0.0424081 0.0562915
v -0.00494248 -0.0423769 0.0537806
v -0.00549718 -0.0417974 0.051584
v -0.00494687 -0.0416642 0.0507855
v -0.0050027 -0.0377346 0.0419823
v -0.00231928 -0.0376617 0.039423
v -0.00885116 -0.0390119 0.0613877
v -0.00833291 -0.0392756 0.0615787
v -0.0066098 -0.0402135 0.0486579
v -0.00630501 -0.0400049 0.0621069
v -0.00764716 -0.0396246 0.0618314
v -0.0106132 -0.0372224 0.0600917
v -0.0102413 -0.038462 0.0593572
v -0.0110828 -0.0361354 0.0593044
v -0.0107734 -0.0368516 0.0598231
v -0.0102313 -0.0235383 0.0806931
v -0.00942854 -0.0393267 0.0599076
v -0.0106316 -0.0357031 0.0470095
v -0.0096271 -0.0396604 0.0514756
v -0.0111169 -0.0358899 0.0591266
v -0.011242 -0.0360671 0.0547144
v -0.0112426 -0.0359534 0.0565657
v -0.011242 -0.0353163 0.0522748
v -0.011242 -0.0351475 0.0520032
v -0.0111149 -0.0360155 0.0514321
v -0.011242 -0.035831 0.0534502
v -0.011242 -0.0358517 0.0535607
v -0.00622133 -0.0416633 0.058933
v -0.00660146 -0.041279 0.0504339
v -0.0110893 -0.0376424 0.0540785
v -0.0101053 -0.0397477 0.0543344
v -0.0103021 -0.0395015 0.0565363
v -0.00839539 -0.0405972 0.0594777
v -0.00734838 -0.0418534 0.0572174
v -0.00731486 -0.0419178 0.0529922
v -0.00815333 -0.0414724 0.0536941
v -0.00737727 -0.0420063 0.0553146
v -0.00671904 -0.021278 0.08699
v -0.00630154 -0.0243411 0.0836897
v -0.0076302 -0.0239489 0.0834056
v -0.008067 -0.0238024 0.0832995
v -0.00967982 -0.0233467 0.0816647
v -0.00939945 -0.022736 0.0830198
v -0.0105889 -0.0233467 0.0793353
v -0.0106132 -0.0233297 0.0792739
v -0.0109803 -0.0228971 0.07825
v -0.0110828 -0.0226703 0.0778963
v -0.0112057 -0.022182 0.077318
v -0.0112471 -0.0220367 0.0771545
v -0.0110852 -0.0123429 0.0848408
v -0.011242 -0.0124007 0.0836431
v -0.011242 -0.0123429 0.08365
v -0.0110256 -0.0123429 0.0852935
v -0.0111192 -0.0151413 0.0845612
v -0.0102981 -0.0190553 0.0850701
v -0.00955228 -0.0212791 0.0844062
v -0.011149 -0.0162654 0.0841639
v -0.0107912 -0.0123429 0.086
v -0.00882292 -0.0155956 0.088437
v -0.00942568 -0.0229516 0.0826968
v -0.00973983 -0.0352817 0.0416815
v -0.0106029 -0.0340238 0.0421225
v -0.00728609 -0.0370694 0.0415044
v -0.00860957 -0.0363538 0.0416808
v -0.0111447 -0.0325796 0.0427876
v -0.011242 -0.0342091 0.0502418
v -0.011242 -0.0328177 0.0476303
v -0.011242 -0.0327805 0.0475102
v -0.011242 -0.0317129 0.0440653
v -0.011242 -0.031947 0.0448207
v -0.0096842 -0.0366223 0.045928
v -0.011075 -0.0345224 0.0477445
v -0.00828119 -0.0401574 0.0499198
v -0.00829391 -0.0377869 0.0455289
v -0.00629852 -0.0383032 0.0445865
v -0.011242 -0.02125 0.0766029
v -0.00828315 -0.019989 0.0765132
v -0.011242 -0.0195222 0.0759697
v -0.00955033 -0.0178227 0.0761063
v -0.0094295 -0.0153346 0.077688
v -0.008342 -0.0145235 0.07946
v -0.008342 -0.0146533 0.0816647
v -0.00834252 -0.0222605 0.077233
v -0.008342 -0.0233467 0.0793353
v -0.008342 -0.0235 0.0805
v -0.00848157 -0.0227756 0.0834449
v -0.00834092 -0.0191794 0.0851188
v -0.00963049 -0.0148847 0.0829769
v -0.00885916 -0.0361841 0.038348
v -0.0099337 -0.0350005 0.0412361
v -0.00918091 -0.0358523 0.0395246
v -0.00793611 -0.0366689 0.0380198
v -0.0096078 -0.0353668 0.0406854
v -0.00886812 -0.0360219 0.0402433
v -0.00718277 -0.0369713 0.0402567
v -0.00834191 -0.0293238 0.042446
v -0.00999914 -0.027801 0.041001
v -0.00834231 -0.0269144 0.0385534
v -0.0112337 -0.0269081 0.0376459
v -0.0113858 -0.0281886 0.0353412
v -0.00834257 -0.0284729 0.0348514
v -0.0121207 -0.0299515 0.0341162
v -0.0145388 -0.0337655 0.0344943
v -0.0139876 -0.0314644 0.0339
v -0.00834178 -0.0331586 0.0341627
v -0.00828524 -0.0355335 0.0365151
v -0.0104048 -0.0356984 0.0365824
v -0.00834282 -0.0359947 0.0389737
v -0.00914033 -0.0359992 0.0386793
v -0.00826706 -0.0347874 0.0411904
v -0.00940818 -0.0317732 0.0431777
v -0.012985 -0.0352355 0.0320002
v -0.0180465 -0.0331937 0.0298688
v -0.0192195 -0.0310547 0.0335896
v -0.0167046 -0.0321524 0.0340203
v -0.0210808 -0.0307766 0.0321327
v -0.00982463 -0.0361842 0.035826
v -0.0132807 -0.0349371 0.0338386
v -0.0107912 0.0123429 0.086
v -0.0110828 0.0123429 0.085063
v -0.011242 -0.00358631 0.08365
v -0.011242 0.0123413 0.08365
v -0.0111075 0.0123429 0.0848441
v -0.011242 0.0123429 0.08365
v -0.008342 -0.0303168 0.0348122
v -0.0082591 -0.0311499 0.0341777
v -0.00834918 -0.0279697 0.0398938
v -0.00834463 -0.0276953 0.0383322
v -0.00835442 -0.0277548 0.0376882
v -0.00834184 -0.0283286 0.0362646
v -0.00838724 -0.0286893 0.0410181
v -0.00834454 -0.0336755 0.0415154
v -0.0083466 -0.031981 0.0421936
v -0.00838306 -0.0344116 0.0409054
v -0.00834206 -0.0329815 0.0348387
v -0.00834053 -0.0353044 0.0378643
v -0.00827811 -0.0350902 0.0405835
v -0.008342 -0.0178168 0.0769122
v -0.008342 -0.0226705 0.0814835
v -0.00834184 -0.017038 0.0772606
v -0.00837892 -0.0192754 0.0766327
v -0.00834205 -0.0171142 0.0837947
v -0.00834217 -0.0153175 0.081452
v -0.00834205 -0.0208858 0.0772053
v -0.00834108 -0.0227646 0.0798251
v -0.00837187 -0.0223821 0.0823153
v -0.00844432 -0.0166331 0.0835491
v -0.00835743 -0.015474 0.0820336
v -0.00834633 -0.0152238 0.080076
v -0.008342 -0.0155222 0.0790513
v -0.008342 -0.021687 0.077813
v -0.0083828 -0.0221156 0.078185
v -0.00836961 -0.0219173 0.082983
v -0.008342 -0.0209 0.0837909
v -0.00834198 -0.0180255 0.0841735
v -0.00834712 -0.0213218 0.0834986
v -0.0211986 -0.0259994 0.0360253
v -0.0209058 -0.0290639 0.0344774
v -0.011287 -0.0260877 0.0417053
v -0.0114635 -0.0255472 0.0410086
v -0.0119642 -0.0245264 0.039836
v -0.0123312 -0.023854 0.0390543
v -0.0121142 -0.0242205 0.0394846
v -0.0135269 -0.0228014 0.0377717
v -0.0131332 -0.0231416 0.0381895
v -0.0150495 -0.0221373 0.0368264
v -0.0138824 -0.0225918 0.0374962
v -0.0144316 -0.0223733 0.0371757
v -0.016228 -0.022 0.0364482
v -0.0159533 -0.0220277 0.0365322
v -0.0166655 -0.022018 0.0363679
v -0.016242 -0.0220006 0.0364457
v -0.0175352 -0.0221754 0.0363042
v -0.017592 -0.0221857 0.0363
v -0.0203112 -0.0238594 0.0363506
v -0.0115197 0.0255643 0.0410245
v -0.011242 0.0132678 0.04265
v -0.0112567 0.0264086 0.0419641
v -0.011242 0.00791911 0.04265
v -0.011242 -0.00193233 0.04265
v -0.011242 -0.0187742 0.04265
v -0.011832 0.0246437 0.039977
v -0.0131015 0.0231093 0.0381602
v -0.0131019 0.0231091 0.0381599
v -0.0121206 0.0241722 0.0394208
v -0.0137516 0.0226888 0.0376176
v -0.0135269 0.0228014 0.0377717
v -0.0158737 0.0220136 0.0365369
v -0.0159489 0.0220107 0.0365181
v -0.0147083 0.0222259 0.0369728
v -0.0171586 0.0220847 0.0363148
v -0.016228 0.022 0.0364482
v -0.0162419 0.0220013 0.0364462
v -0.0175768 0.0221808 0.0363001
v -0.0211451 0.0311306 0.0299555
v -0.0294805 0.0238012 0.0319036
v -0.0258487 -0.0272996 0.0315799
v -0.025091 0.0273824 0.0327164
v -0.0305093 0.0113696 0.0362692
v -0.0304617 0.007556 0.0363
v -0.0288745 0.00554179 0.0363574
v -0.0304617 -0.007556 0.0363
v -0.0233493 -0.0208896 0.0363
v -0.0200301 0.0235275 0.0363557
v -0.0211624 0.0259993 0.0359108
v -0.0355174 -0.013419 0.0304427
v -0.0212805 0.0276039 0.0354131
v -0.025408 0.0260859 0.0338642
v -0.0251037 0.0220036 0.0359949
v -0.0266065 -0.0254525 0.0335306
v -0.0289339 -0.015836 0.0361828
v -0.035905 -0.00984265 0.0338488
v -0.0345105 -0.00736981 0.0355252
v -0.0375669 0.00477816 0.0311652
v -0.0349873 0.0125245 0.0331416
v -0.0344173 0.0100869 0.0350918
v -0.011256 0.0275511 0.0361048
v -0.0117203 0.029188 0.0345034
v -0.0140034 0.0316796 0.0338535
v -0.0178987 0.0317712 0.0338891
v -0.0201274 0.0302025 0.0338693
v -0.00808698 0.0366351 0.0371378
v -0.00693823 0.0368843 0.0369819
v -0.0157835 0.0330594 0.0341637
v -0.00947826 0.03597 0.037719
v -0.0115058 0.0352334 0.0359103
v -0.0149854 0.033832 0.0337916
v -0.0172582 0.0335894 0.0293416
v -0.014091 0.0347376 0.0329656
v -0.011087 0.035847 0.0344069
v -0.00827516 0.0294179 0.0346161
v -0.00826421 0.0286589 0.0353022
v -0.00966517 0.0269429 0.0377784
v -0.011242 0.027969 0.0412443
v -0.00830159 0.0288769 0.0415452
v -0.011242 0.02925 0.0422971
v -0.00941445 0.0308237 0.0429515
v -0.0111503 0.0324843 0.0427972
v -0.0082951 0.0332532 0.042479
v -0.0107319 0.0338163 0.0422839
v -0.00994514 0.0350023 0.0412359
v -0.00960795 0.0353772 0.0406392
v -0.00834512 0.0360399 0.0397122
v -0.00919022 0.0360037 0.0384957
v -0.00913117 0.0359134 0.0392981
v -0.00829183 0.0348577 0.0355164
v -0.00827206 0.0327667 0.0341438
v -0.00650121 0.0374444 0.04205
v -0.00686372 0.0369741 0.0392201
v -0.00973771 0.0353289 0.0418777
v -0.00964499 0.0353742 0.0416032
v -0.00770773 0.0367284 0.0389842
v -0.00926253 0.0357507 0.0399281
v -0.00716775 0.0370679 0.0411428
v -0.00859059 0.0363117 0.0414359
v -0.0104967 0.0375904 0.0503075
v -0.00558458 0.0406776 0.0490558
v -0.00495346 0.0389243 0.0454565
v -0.00987928 0.0391975 0.0511975
v -0.0112262 0.0331029 0.0467964
v -0.011242 0.0342091 0.0502418
v -0.0057125 0.03868 0.0450881
v -0.00661863 0.0391868 0.0467496
v -0.0109034 0.0351011 0.0474263
v -0.0096842 0.0366223 0.045928
v -0.00834187 0.0352962 0.0385181
v -0.00834204 0.0352026 0.0375576
v -0.00835792 0.0343334 0.0358102
v -0.00834649 0.0277029 0.0384098
v -0.00834184 0.0277047 0.0382751
v -0.008342 0.0277988 0.0392611
v -0.00834661 0.0292287 0.0414391
v -0.008342 0.0340963 0.0411748
v -0.00834495 0.034996 0.0400247
v -0.00834606 0.030025 0.0419036
v -0.00834495 0.028004 0.0367753
v -0.00829348 0.027446 0.0394864
v -0.027403 -0.00779745 0.0363
v -0.0257552 -0.00679318 0.0363
v -0.026351 0.0045697 0.0363
v -0.0274978 -0.0043573 0.0363
v -0.0285333 0.00719131 0.0363
v -0.0278383 0.00439009 0.0363
v -0.0268607 0.0076414 0.0363
v -0.0258572 -0.00484284 0.0363
v -0.0254641 0.00630972 0.0363
v -0.0290559 -0.00559551 0.0363
v -0.0287625 -0.0053277 0.0287
v -0.0271632 -0.00414324 0.0287
v -0.0254641 -0.00630972 0.0287
v -0.0268607 -0.0076414 0.0287
v -0.0287181 -0.00703813 0.0287
v -0.027242 -0.006 0.0287
v -0.0286723 0.00689099 0.0287
v -0.0269323 0.00777787 0.0287
v -0.0256006 0.00638135 0.0287
v -0.0262039 0.00452385 0.0287
v -0.0287182 0.00496187 0.0287
v -0.027242 0.006 0.0287
v -0.000242 0.0365502 0.0453386
v -0.000242 0.0362065 0.0464634
v -0.000242 0.0347051 0.0486096
v -0.000276367 0.0371753 0.0446029
v -0.004942 0.0374584 0.0439732
v -0.00384928 0.037951 0.0428055
v -0.00494212 0.0417867 0.0511265
v -0.00499478 0.0412446 0.0602985
v -0.00494114 0.0417881 0.0589902
v -0.00497432 0.042294 0.0570376
v -0.00587633 0.042271 0.0551059
v -0.00722028 0.0419829 0.0533254
v -0.004942 0.0420856 0.0521723
v -0.00496728 0.0421859 0.0525395
v -0.00937627 0.0385866 0.0610796
v -0.00750805 0.0404763 0.0607511
v -0.0106132 0.0372224 0.0600917
v -0.0101948 0.0377616 0.0604822
v -0.0107784 0.03684 0.0598147
v -0.0110828 0.0361354 0.0593044
v -0.0111177 0.0358841 0.0591224
v -0.00985663 0.0381975 0.0607979
v -0.00494948 0.02893 0.0783667
v -0.0111777 0.0373112 0.0555519
v -0.011242 0.0361027 0.0556259
v -0.011242 0.0355042 0.05762
v -0.00885116 0.0390119 0.0613877
v -0.00716112 0.0412677 0.059606
v -0.0110697 0.0372562 0.057629
v -0.00944809 0.0393715 0.0597752
v -0.00908208 0.04104 0.0554209
v -0.0100525 0.0394285 0.0580752
v -0.00962756 0.0394126 0.0509958
v -0.00854749 0.0384459 0.0473372
v -0.00859928 0.0405129 0.0508275
v -0.0103893 0.0392138 0.053293
v -0.00766962 0.0413582 0.0520066
v -0.00747845 0.0418 0.0571228
v -0.004942 0.0359657 0.0488192
v -0.004942 0.0370649 0.0592597
v -0.00457443 0.030493 0.0625188
v 0.004458 0.0367221 0.0597296
v 0.004458 0.0381028 0.0540074
v 0.004458 0.036666 0.0503794
v -9.86095e-05 0.0293879 0.0623172
v 0.004458 0.0300745 0.0625715
v 0.00447053 0.0286525 0.0777942
v 0.00664246 0.0223681 0.0857237
v 0.00581754 0.0243411 0.0836897
v 0.0071462 0.0239489 0.0834056
v 0.007583 0.0238024 0.0832995
v 0.00833477 0.0233352 0.0829611
v 0.00889813 0.0229851 0.0827076
v 0.00933041 0.0225288 0.0823771
v 0.00990726 0.02192 0.0819362
v 0.0100882 0.0215662 0.08168
v 0.0105416 0.0206796 0.0810378
v 0.0105724 0.0204901 0.0809006
v 0.010758 0.0193485 0.0800738
v 0.000430054 0.0250849 0.0832415
v -0.000289968 0.0279655 0.0791616
v -0.000349404 0.029073 0.0760856
v -0.00508284 0.0273481 0.080106
v -0.011247 0.0220348 0.0771531
v -0.0112057 0.022182 0.077318
v -0.0110828 0.0226703 0.0778963
v -0.0109803 0.0228971 0.07825
v -0.0106132 0.0233297 0.0792739
v -0.0105877 0.0233384 0.0793365
v -0.0101145 0.0235 0.0805
v -0.00969853 0.0233168 0.0816566
v -0.00985663 0.0234516 0.0811582
v -0.00946978 0.0150166 0.0782002
v -0.00930867 0.0177492 0.0760761
v -0.011242 0.0194596 0.0760078
v -0.011242 0.02125 0.0766029
v -0.0112779 0.0147058 0.0822779
v -0.008342 0.014492 0.0809856
v -0.00834277 0.016128 0.0841955
v -0.011001 0.0168838 0.0845105
v -0.0102604 0.0191957 0.085035
v -0.0082736 0.02004 0.0847166
v -0.00947182 0.0214481 0.0844283
v -0.00834239 0.0217183 0.0841252
v -0.00944093 0.0229343 0.0827413
v -0.00834234 0.0234283 0.0817981
v -0.008342 0.0233467 0.0793353
v -0.00834209 0.0226258 0.0777632
v -0.000242 0.0267249 0.0798622
v -0.000878643 0.0211399 0.0875035
v -0.00165013 0.0155476 0.0902762
v -0.011242 0.0143654 0.0834102
v -0.0106136 0.015201 0.086
v -0.0105942 0.0155 0.086
v -0.0092101 0.0155633 0.088104
v -0.0100586 0.0154999 0.0869382
v -0.00698106 0.0205058 0.0873382
v -0.00779113 0.0154958 0.0890024
v -0.0106132 0.0175284 0.0851582
v -0.00835315 0.0219837 0.0852055
v 0.004408 0.0219987 0.0864612
v 0.010758 0.0187742 0.0806968
v 0.010758 0.0123898 0.0836444
v 0.0106892 0.0146167 0.0844501
v 0.004408 0.0158501 0.0895842
v 0.000348895 0.0154979 0.0897428
v 0.00620799 0.0155004 0.0894373
v 0.00804538 0.0154984 0.0885037
v 0.0101102 0.0155 0.086
v 0.00955803 0.0154994 0.0870222
v 0.00885405 0.0183904 0.0870748
v 0.010529 0.0191582 0.0832743
v 0.00889813 0.0183172 0.0867034
v 0.00545354 0.0173603 0.0890144
v 0.0105351 0.0167904 0.0846271
v 0.00129174 0.0198911 0.0885109
v -0.000467248 0.0154969 0.089589
v -0.000242 0.0186904 0.0880368
v -0.000242 0.0216679 0.0861038
v -0.000242 0.0240865 0.0835052
v 0.000408329 0.0224495 0.0862566
v -0.00835744 0.0216163 0.0777132
v -0.008342 0.0201832 0.0769122
v -0.008342 0.0209 0.0772091
v -0.00831331 0.0205762 0.0764158
v -0.0083421 0.0174203 0.0770025
v -0.00836063 0.015479 0.0789952
v -0.00837187 0.0156179 0.0823153
v -0.00836122 0.0218626 0.0830733
v -0.00834764 0.0224396 0.0821799
v -0.00834189 0.0227973 0.0804941
v -0.00834205 0.0226726 0.0795407
v -0.00836405 0.0223127 0.0785425
v -0.00834486 0.0193704 0.0766777
v -0.008342 0.016313 0.077813
v -0.008342 0.0157091 0.0786
v -0.00834101 0.0152265 0.0800065
v -0.008342 0.0153295 0.0814835
v -0.00836961 0.0160827 0.082983
v -0.00834713 0.0166782 0.0834986
v -0.008342 0.0180165 0.0841705
v -0.0105423 -0.0177389 0.0819843
v -0.010542 -0.0179711 0.0821564
v -0.0105411 -0.0187958 0.082462
v -0.0105088 -0.0181119 0.0824075
v -0.0105421 -0.020057 0.0821389
v -0.0105423 -0.0199959 0.0821753
v -0.0105425 -0.0201022 0.0820992
v -0.010542 -0.0202039 0.082036
v -0.0105427 -0.0206375 0.0815502
v -0.010542 -0.0207717 0.0812813
v -0.0105442 -0.020933 0.080573
v -0.010542 -0.0208993 0.0809419
v -0.010542 -0.020949 0.0805206
v -0.0105423 -0.0208298 0.079813
v -0.0105414 -0.020408 0.0791352
v -0.010542 -0.0200932 0.0788852
v -0.0105414 -0.0193806 0.0785785
v -0.010542 -0.0188173 0.0785655
v -0.0105402 -0.0177546 0.0789638
v -0.0105424 -0.0171487 0.0798946
v -0.010542 -0.0170507 0.0804434
v -0.010542 -0.0170511 0.0805648
v -0.010542 -0.0170595 0.0806921
v -0.0105422 -0.0171717 0.0812057
v -0.00887536 -0.0225282 0.0811993
v -0.00860903 -0.0153148 0.0802098
v -0.0101455 -0.021467 0.0812468
v -0.0101526 -0.0169748 0.0820322
v -0.0102918 -0.0166541 0.0808113
v -0.00972219 -0.0162128 0.0792766
v -0.0105289 -0.0182638 0.07859
v -0.00966252 -0.0180476 0.0774682
v -0.0095031 -0.0189774 0.0772678
v -0.010478 -0.0206617 0.0791586
v -0.0105325 -0.0198318 0.0823575
v -0.00903458 -0.0156105 0.0796626
v -0.00836131 -0.0159538 0.0781735
v -0.00837678 -0.0163034 0.0777934
v -0.00860903 -0.0167084 0.0775994
v -0.00912479 -0.0183334 0.0838645
v -0.00836239 -0.0193917 0.0843207
v -0.00835279 -0.0201939 0.0841017
v -0.00937264 -0.0222796 0.0802567
v -0.00860903 -0.0225875 0.0796084
v -0.0103864 -0.0203216 0.0784099
v -0.010103 -0.0206623 0.0825125
v -0.00929102 -0.0209103 0.0832649
v -0.0099191 -0.0217017 0.0796355
v -0.00994798 -0.0192457 0.0832957
v -0.00976452 -0.0170672 0.0782509
v -0.00949597 -0.0158278 0.0811184
v -0.010542 -0.0178137 0.0791515
v -0.010142 -0.0178557 0.0795948
v -0.0105992 -0.0177261 0.079753
v -0.010542 -0.0175247 0.0801269
v -0.010542 -0.017919 0.0788819
v -0.010542 -0.0170592 0.0804683
v -0.0105437 -0.0178653 0.078938
v -0.010542 -0.0171633 0.0802901
v -0.009742 -0.0178324 0.0792829
v -0.009742 -0.0177851 0.0798333
v -0.009742 -0.0176112 0.0800528
v -0.009742 -0.0174675 0.0801547
v -0.009742 -0.0172275 0.0802522
v -0.00974199 -0.0170976 0.0803685
v -0.009742 -0.0170487 0.0805633
v -0.009742 -0.0170918 0.0807237
v -0.010542 -0.0170581 0.0806262
v -0.010542 -0.0171002 0.0807329
v -0.009742 -0.0171768 0.0808197
v -0.010542 -0.0172144 0.0808516
v -0.010542 -0.0183227 0.0788421
v -0.009742 -0.0183284 0.0788411
v -0.010542 -0.018169 0.0787929
v -0.009742 -0.0181626 0.0787867
v -0.010542 -0.018073 0.0788004
v -0.00974201 -0.0178929 0.0788902
v -0.0105419 -0.017986 0.0788343
v -0.009742 -0.0178115 0.0790809
v -0.010542 -0.0195747 0.0787984
v -0.010542 -0.0197483 0.0787383
v -0.010542 -0.0198609 0.0787549
v -0.009742 -0.0195603 0.0788
v -0.009742 -0.0193667 0.0789724
v -0.00991978 -0.0191558 0.0790794
v -0.0102753 -0.0188396 0.0791158
v -0.009742 -0.0186233 0.0790522
v -0.010542 -0.0200842 0.0792081
v -0.009742 -0.0200592 0.0794224
v -0.010542 -0.0200758 0.0789404
v -0.009742 -0.0201001 0.0790386
v -0.0105421 -0.0199543 0.0787995
v -0.009742 -0.0200158 0.0788486
v -0.009742 -0.0197965 0.0787342
v -0.009742 -0.0196347 0.0787612
v -0.010222 -0.017769 0.0811626
v -0.0101991 -0.0175967 0.0810006
v -0.00997057 -0.0179346 0.0816535
v -0.0105421 -0.0180454 0.0822001
v -0.010542 -0.0178992 0.0819114
v -0.010542 -0.0179242 0.0820596
v -0.009742 -0.0173621 0.0809026
v -0.010062 -0.0178998 0.0813924
v -0.009742 -0.0178999 0.0819614
v -0.009742 -0.0179842 0.0821511
v -0.009742 -0.0181196 0.0822376
v -0.010542 -0.0181383 0.0822448
v -0.0105439 -0.0182044 0.0822646
v -0.00974199 -0.0182804 0.0822677
v -0.010542 -0.0184117 0.0822222
v -0.009742 -0.0184397 0.0822
v -0.010542 -0.0201169 0.0796725
v -0.0105633 -0.0207214 0.0801897
v -0.0105427 -0.0209436 0.0803769
v -0.010542 -0.0208998 0.0802671
v -0.010542 -0.0207856 0.0801484
v -0.009742 -0.0205055 0.0800532
v -0.009742 -0.0202355 0.0798631
v -0.010542 -0.0208034 0.080731
v -0.0101864 -0.0204663 0.0808777
v -0.009742 -0.0206959 0.0807791
v -0.009742 -0.0208157 0.080722
v -0.009742 -0.0208939 0.0806338
v -0.009742 -0.020944 0.0805153
v -0.010542 -0.0209416 0.0805184
v -0.010542 -0.0209498 0.0804622
v -0.009742 -0.020945 0.0803936
v -0.00974199 -0.0208844 0.080233
v -0.009742 -0.0207528 0.0801355
v -0.009742 -0.0189583 0.0818974
v -0.009742 -0.0186333 0.0820276
v -0.009742 -0.0199143 0.0822011
v -0.009742 -0.019831 0.0822071
v -0.009742 -0.0200646 0.0821312
v -0.009742 -0.0199938 0.0821754
v -0.009742 -0.0201953 0.08187
v -0.00974199 -0.0201478 0.0820407
v -0.009742 -0.0194658 0.0819992
v -0.009742 -0.0197156 0.0821834
v -0.0100087 -0.0201396 0.08158
v -0.009742 -0.0201693 0.0812516
v -0.010542 -0.0195767 0.0820849
v -0.010542 -0.0197488 0.0821928
v -0.010542 -0.0198913 0.0822103
v -0.010542 -0.0201928 0.0819309
v -0.010542 -0.0201443 0.0814052
v -0.010542 -0.0202299 0.0811386
v -0.010542 -0.0203888 0.0809472
v -0.0101991 -0.0187319 0.0819656
v -0.010242 -0.0190741 0.081886
v -0.010142 -0.0193071 0.0819263
v -0.0105423 0.0202611 0.0819843
v -0.010542 0.0200289 0.0821564
v -0.0105411 0.0192042 0.082462
v -0.0105088 0.0198881 0.0824075
v -0.0105421 0.017943 0.0821389
v -0.0105423 0.0180041 0.0821753
v -0.0105325 0.0181682 0.0823575
v -0.0105425 0.0178978 0.0820992
v -0.010542 0.0177961 0.082036
v -0.0105421 0.0172865 0.081432
v -0.0105419 0.0171107 0.080956
v -0.0105442 0.017067 0.080573
v -0.010542 0.017051 0.0805206
v -0.0105414 0.017592 0.0791352
v -0.0105422 0.0171844 0.0797667
v -0.010542 0.0179068 0.0788852
v -0.0105414 0.0186194 0.0785785
v -0.0104911 0.018553 0.0783231
v -0.010542 0.0191827 0.0785655
v -0.0105369 0.0202243 0.0789412
v -0.0105424 0.0205679 0.079338
v -0.0105424 0.0208513 0.0798946
v -0.010542 0.0209493 0.0804434
v -0.010542 0.0209489 0.0805648
v -0.010542 0.0209405 0.0806921
v -0.0105422 0.0208283 0.0812057
v -0.00877957 0.0153529 0.0803008
v -0.00860903 0.0226852 0.0802098
v -0.00993816 0.0167255 0.0821209
v -0.010016 0.0162473 0.0804562
v -0.00961571 0.0217273 0.0789303
v -0.0104425 0.0207601 0.0816809
v -0.010029 0.0217365 0.0805275
v -0.0105289 0.0197362 0.07859
v -0.0100452 0.0195981 0.0778509
v -0.010478 0.0173383 0.0791586
v -0.0105369 0.0177255 0.082026
v -0.0104425 0.0190019 0.0826195
v -0.00987246 0.0211315 0.0823765
v -0.00896897 0.0199853 0.0770748
v -0.00903458 0.0223895 0.0796626
v -0.00860903 0.0212916 0.0775994
v -0.00838253 0.0209184 0.0838455
v -0.00844033 0.0192387 0.0843527
v -0.00834898 0.0175709 0.0840215
v -0.00917311 0.0175235 0.0835625
v -0.00912479 0.0165752 0.0780741
v -0.00914169 0.0177942 0.0772518
v -0.00903459 0.0156105 0.0813374
v -0.00935616 0.016872 0.0830316
v -0.00960319 0.0161627 0.0792853
v -0.00976753 0.0188891 0.0834792
v -0.00976452 0.0209328 0.0782509
v -0.00960319 0.022086 0.0804523
v -0.00925557 0.0222748 0.0813964
v -0.010542 0.0201863 0.0791515
v -0.010222 0.0202374 0.0798712
v -0.010542 0.0204753 0.0801269
v -0.010542 0.0209408 0.0804683
v -0.0105437 0.0201347 0.078938
v -0.010542 0.0208367 0.0802901
v -0.009742 0.0201676 0.0792829
v -0.009942 0.0201523 0.0796548
v -0.009742 0.0203888 0.0800528
v -0.009742 0.0206622 0.0802079
v -0.00974199 0.0209024 0.0803685
v -0.009742 0.0209513 0.0805633
v -0.00974199 0.0208907 0.0807607
v -0.010542 0.0209419 0.0806262
v -0.010542 0.0208998 0.0807329
v -0.010542 0.0207856 0.0808516
v -0.009742 0.0207523 0.0808648
v -0.010062 0.0196062 0.0788918
v -0.010342 0.0196968 0.0788259
v -0.010542 0.019831 0.0787929
v -0.00974199 0.0198374 0.0787867
v -0.010542 0.019927 0.0788004
v -0.00974201 0.0201071 0.0788902
v -0.0105418 0.0200523 0.0788556
v -0.009742 0.0201885 0.0790809
v -0.010142 0.018673 0.0790033
v -0.010242 0.0194159 0.079032
v -0.010542 0.0183573 0.0787516
v -0.010542 0.0181665 0.0787461
v -0.0100087 0.0188715 0.079086
v -0.0100976 0.0191349 0.079115
v -0.010542 0.0179158 0.0792081
v -0.009742 0.0178991 0.0790889
v -0.010542 0.0179337 0.0789123
v -0.009742 0.0179083 0.0790051
v -0.009742 0.017959 0.0788865
v -0.009742 0.0180805 0.0787776
v -0.010542 0.0180642 0.0787891
v -0.009742 0.0182459 0.0787363
v -0.009742 0.0184162 0.0787819
v -0.010542 0.0200647 0.0814989
v -0.0105421 0.0199546 0.0822001
v -0.010542 0.0200758 0.0820596
v -0.009942 0.0203742 0.0810102
v -0.010062 0.0201648 0.0812251
v -0.010042 0.0200782 0.0817479
v -0.009742 0.0201001 0.0819614
v -0.009742 0.020041 0.0821135
v -0.009742 0.019954 0.0821983
v -0.009742 0.0198804 0.0822376
v -0.010542 0.0198617 0.0822448
v -0.0105439 0.0197956 0.0822646
v -0.00974199 0.0197196 0.0822677
v -0.010542 0.0195883 0.0822222
v -0.009742 0.0195603 0.0822
v -0.010142 0.0178998 0.0796076
v -0.0102753 0.0174947 0.0800532
v -0.0105427 0.0170564 0.0803769
v -0.010542 0.0171437 0.0801976
v -0.0101864 0.0177136 0.0799067
v -0.009742 0.0179347 0.0793454
v -0.010542 0.0171966 0.080731
v -0.0100277 0.0174681 0.0808457
v -0.009742 0.017195 0.0807323
v -0.009742 0.0171061 0.0806338
v -0.00974201 0.017056 0.0805153
v -0.010542 0.0170584 0.0805184
v -0.010542 0.0170502 0.0804622
v -0.009742 0.017055 0.0803936
v -0.009742 0.0170778 0.0803133
v -0.009742 0.0171498 0.0802018
v -0.009742 0.0172477 0.0801352
v -0.00991978 0.0178397 0.0813183
v -0.009742 0.0178166 0.0819532
v -0.00974201 0.0178999 0.0821016
v -0.009742 0.0178079 0.0818352
v -0.009742 0.0182426 0.0822019
v -0.00974201 0.0180412 0.0821912
v -0.009742 0.0189699 0.0818855
v -0.009742 0.0185964 0.0819561
v -0.009742 0.0193078 0.0819848
v -0.010542 0.0185336 0.0819995
v -0.010542 0.0182983 0.0821773
v -0.010542 0.0181087 0.0822103
v -0.010542 0.0178209 0.0819678
v -0.010542 0.0178079 0.0818349
v -0.00996018 0.0178664 0.0815211
v -0.0102753 0.0177626 0.0811288
v -0.010142 0.0176112 0.0809472
v -0.010542 0.019109 0.0818855
v -0.010542 0.0186929 0.0819263
v -0.0105423 0.0327611 0.0398843
v -0.010542 0.0325289 0.0400565
v -0.0105419 0.0320767 0.0402603
v -0.0105444 0.0324696 0.0401914
v -0.0105421 0.0324543 0.0401004
v -0.010542 0.0316393 0.040345
v -0.0105447 0.030336 0.0399194
v -0.010542 0.0301478 0.039805
v -0.010542 0.0298857 0.0394933
v -0.010542 0.029555 0.0385393
v -0.010542 0.0295685 0.0381319
v -0.0105414 0.0295501 0.0383404
v -0.0105423 0.0296702 0.037713
v -0.0105413 0.0300917 0.0370354
v -0.010543 0.0304679 0.0367558
v -0.0105411 0.0312958 0.036438
v -0.010542 0.030814 0.0365746
v -0.0105096 0.0305828 0.036502
v -0.0105419 0.0325072 0.0367302
v -0.010542 0.0324201 0.0366807
v -0.010542 0.0320496 0.0365368
v -0.0105438 0.032628 0.0368246
v -0.0105421 0.0332278 0.0374948
v -0.0105418 0.0334321 0.0380651
v -0.010542 0.033449 0.0383794
v -0.0105422 0.0333283 0.0391057
v -0.00912479 0.0290752 0.0359741
v -0.00936851 0.0310001 0.0417589
v -0.00884714 0.0350491 0.0377221
v -0.010056 0.0342005 0.038443
v -0.0104425 0.0332601 0.0395809
v -0.0104718 0.0332094 0.037014
v -0.0105369 0.0327745 0.036874
v -0.0103996 0.0319794 0.0361429
v -0.00954498 0.0315388 0.0352018
v -0.010478 0.0298383 0.0370586
v -0.0105104 0.0294848 0.0389918
v -0.010517 0.0297493 0.0395617
v -0.0105289 0.0307637 0.04031
v -0.0105395 0.0316109 0.0403864
v -0.00987246 0.0336315 0.0402765
v -0.00916246 0.0303013 0.0351679
v -0.00860903 0.0327552 0.034923
v -0.00837718 0.0330983 0.0349096
v -0.00919238 0.0344884 0.0368046
v -0.0087959 0.0338867 0.0356786
v -0.00860903 0.0350875 0.0392916
v -0.00840115 0.0330347 0.0421335
v -0.00917311 0.0300235 0.0414625
v -0.00860903 0.0279125 0.0375084
v -0.0100815 0.0297164 0.0403463
v -0.0091397 0.0282383 0.0395243
v -0.00969431 0.0284656 0.0378042
v -0.00960319 0.0332567 0.0358623
v -0.00960319 0.034586 0.0383523
v -0.00936737 0.034698 0.0392665
v -0.0105616 0.0297765 0.0380909
v -0.010542 0.0304261 0.0374887
v -0.010542 0.0303972 0.036959
v -0.010542 0.0304916 0.0367474
v -0.0105418 0.0305942 0.0366708
v -0.010542 0.0297144 0.0380484
v -0.010542 0.0295844 0.0381909
v -0.009742 0.0299938 0.0379538
v -0.009742 0.0302019 0.0378175
v -0.009742 0.0303621 0.0375878
v -0.009742 0.0304183 0.0374209
v -0.009742 0.0304347 0.0372454
v -0.009742 0.0303991 0.0369889
v -0.010542 0.0297269 0.0386474
v -0.0103134 0.0299681 0.0387457
v -0.010542 0.0295918 0.0385296
v -0.009742 0.029695 0.0386323
v -0.009742 0.0295821 0.0384948
v -0.009742 0.0295486 0.0383352
v -0.00974199 0.0296156 0.038133
v -0.009742 0.0297477 0.0380352
v -0.009742 0.0304349 0.0368182
v -0.00974201 0.03066 0.0366373
v -0.010542 0.0307701 0.0366331
v -0.010542 0.0309393 0.0366998
v -0.009742 0.0309162 0.0366819
v -0.009742 0.0303245 0.0396538
v -0.009742 0.0303604 0.0394813
v -0.010142 0.0303753 0.0393475
v -0.0100087 0.0301723 0.0388998
v -0.010542 0.0303139 0.039109
v -0.010542 0.0303079 0.0397357
v -0.0105423 0.0304002 0.0400017
v -0.010542 0.0308277 0.0400592
v -0.0102753 0.0310335 0.0398995
v -0.009742 0.030766 0.0400989
v -0.010542 0.0307184 0.0401033
v -0.0105422 0.0305335 0.0400913
v -0.00974201 0.0304983 0.040078
v -0.009742 0.0303772 0.0399713
v -0.009742 0.030335 0.0398992
v -0.009742 0.0303047 0.03977
v -0.00991978 0.0318655 0.039927
v -0.010142 0.0317118 0.0398436
v -0.0100976 0.031454 0.0397844
v -0.010222 0.0311929 0.0398263
v -0.010542 0.0321427 0.0401484
v -0.010542 0.0323143 0.0401568
v -0.010542 0.0325676 0.0395301
v -0.009742 0.0326009 0.0398111
v -0.009742 0.0325917 0.0398949
v -0.010542 0.0325758 0.0399596
v -0.009742 0.032541 0.0400135
v -0.009742 0.032454 0.0400983
v -0.00974201 0.0323378 0.0401539
v -0.009742 0.0322159 0.0401585
v -0.009742 0.0320888 0.0401202
v -0.009742 0.0330062 0.0388462
v -0.010542 0.033261 0.0387531
v -0.00997057 0.0328082 0.0389753
v -0.010142 0.0326788 0.0391338
v -0.00997057 0.0326035 0.0392935
v -0.009742 0.0325653 0.0395546
v -0.0105423 0.0334461 0.0385048
v -0.010542 0.0334197 0.0386024
v -0.010042 0.0331959 0.0381209
v -0.010542 0.0333034 0.038169
v -0.009742 0.0332731 0.0381526
v -0.010542 0.0333939 0.0382662
v -0.00974199 0.0334024 0.0382685
v -0.009742 0.0334516 0.0384611
v -0.010542 0.0334345 0.0383507
v -0.010542 0.0334498 0.0384374
v -0.009742 0.0334082 0.0386237
v -0.009742 0.0332799 0.0387535
v -0.009742 0.0326311 0.036828
v -0.009742 0.0323831 0.0366826
v -0.0103134 0.0321968 0.0367259
v -0.010042 0.0321062 0.0367918
v -0.009742 0.032696 0.0370354
v -0.009742 0.0326396 0.0373187
v -0.0100753 0.0326378 0.0374958
v -0.009742 0.0318767 0.0369522
v -0.0100329 0.0327669 0.0378243
v -0.0100087 0.031173 0.0369033
v -0.010542 0.032381 0.0366898
v -0.0105422 0.0325771 0.0367783
v -0.010542 0.0326973 0.0370294
v -0.010242 0.0329792 0.0380262
v -0.0103134 0.0313984 0.0369942
v -0.010062 0.0316344 0.0370085
v -0.010542 0.0319056 0.0369389
v -0.0105412 -0.0299352 0.0396084
v -0.010542 -0.0303527 0.0399762
v -0.0105411 -0.0312958 0.040362
v -0.0105088 -0.0306119 0.0403076
v -0.010542 -0.0325305 0.0400554
v -0.010542 -0.0324201 0.0401193
v -0.010542 -0.0320496 0.0402632
v -0.010542 -0.0327038 0.0399361
v -0.0105421 -0.0332135 0.039332
v -0.0105419 -0.0333893 0.038856
v -0.0105442 -0.033433 0.038473
v -0.010542 -0.033449 0.0384206
v -0.010542 -0.0334489 0.0383352
v -0.0105423 -0.0333298 0.037713
v -0.0105414 -0.032908 0.0370352
v -0.010542 -0.0331623 0.0374007
v -0.010542 -0.0325932 0.0367852
v -0.0105414 -0.0318808 0.0364786
v -0.0105111 -0.0324216 0.0364969
v -0.010542 -0.0304695 0.0367446
v -0.010542 -0.0306481 0.0366459
v -0.0105327 -0.0307471 0.0364976
v -0.0105426 -0.0304002 0.0367938
v -0.0105421 -0.0301155 0.0370287
v -0.010542 -0.0296932 0.0376665
v -0.010542 -0.0295515 0.0384804
v -0.010542 -0.0295595 0.0385921
v -0.010542 -0.0295527 0.0383805
v -0.010542 -0.029612 0.0389083
v -0.0101095 -0.0340718 0.0387554
v -0.0105162 -0.0296906 0.0373517
v -0.00996276 -0.0287469 0.039134
v -0.0105395 -0.0295319 0.0382422
v -0.0105138 -0.029496 0.0377152
v -0.0100452 -0.0309019 0.0357509
v -0.00942659 -0.0316214 0.0351108
v -0.010478 -0.0331617 0.0370586
v -0.0105369 -0.0327745 0.039926
v -0.0105076 -0.0322645 0.0403335
v -0.00860903 -0.0302448 0.034923
v -0.00837319 -0.0299463 0.0348813
v -0.00917751 -0.0283839 0.0370119
v -0.00912479 -0.0287646 0.0363307
v -0.00837679 -0.0288035 0.0356934
v -0.00860903 -0.0292084 0.0354993
v -0.00917311 -0.0281338 0.0388771
v -0.00835476 -0.029915 0.0419424
v -0.0091588 -0.0314211 0.0418457
v -0.00834723 -0.0326694 0.0420084
v -0.00937263 -0.0347796 0.0381566
v -0.00878822 -0.0348674 0.0370294
v -0.00923689 -0.0335258 0.0356832
v -0.00993816 -0.0337745 0.0400209
v -0.00914409 -0.0347552 0.0395336
v -0.00929102 -0.0334104 0.0411649
v -0.0099191 -0.0342017 0.0375355
v -0.00994795 -0.0317457 0.0411958
v -0.00995118 -0.0297277 0.036228
v -0.00980208 -0.0289984 0.0399738
v -0.010542 -0.0326459 0.0376557
v -0.010142 -0.0330062 0.0379538
v -0.0105427 -0.0334436 0.0382769
v -0.010142 -0.0325653 0.0372454
v -0.010542 -0.0333998 0.0381671
v -0.010542 -0.0324867 0.0367278
v -0.0105418 -0.032398 0.0366665
v -0.010542 -0.0325758 0.0368404
v -0.010542 -0.0332856 0.0380484
v -0.009742 -0.032856 0.0378616
v -0.009742 -0.0326848 0.0376812
v -0.009742 -0.0325817 0.0374209
v -0.009742 -0.0325897 0.0370709
v -0.010542 -0.0333034 0.038631
v -0.0101056 -0.0330319 0.0387457
v -0.009742 -0.0331959 0.0386791
v -0.009742 -0.0333157 0.038622
v -0.009742 -0.0334179 0.0384948
v -0.009742 -0.0334517 0.0383374
v -0.010542 -0.0334459 0.0383979
v -0.009742 -0.0334044 0.0381712
v -0.009742 -0.0333232 0.0380803
v -0.009742 -0.0332523 0.0380352
v -0.0101864 -0.032603 0.0369539
v -0.009742 -0.0325629 0.0368268
v -0.009742 -0.0324855 0.0367239
v -0.009742 -0.0323804 0.0366624
v -0.00974199 -0.0321677 0.0366364
v -0.010542 -0.0322482 0.0366383
v -0.010542 -0.0321022 0.0366728
v -0.00988318 -0.0326336 0.0394211
v -0.010062 -0.0326603 0.0392183
v -0.010142 -0.0327374 0.0390288
v -0.010142 -0.0328888 0.0388472
v -0.010542 -0.0326921 0.0397349
v -0.0105421 -0.0325703 0.0400272
v -0.010542 -0.0326652 0.0399155
v -0.010542 -0.0320767 0.0399849
v -0.009742 -0.0321062 0.0400082
v -0.010542 -0.0323128 0.0401115
v -0.00974199 -0.0322959 0.0401152
v -0.00974201 -0.0325678 0.0400375
v -0.010542 -0.0324748 0.0400842
v -0.009742 -0.0326989 0.0398004
v -0.010542 -0.0312203 0.0398696
v -0.009742 -0.0314338 0.0397885
v -0.010542 -0.0315619 0.0397844
v -0.010142 -0.0318071 0.0398263
v -0.009742 -0.0319673 0.0398999
v -0.010542 -0.0309117 0.0401222
v -0.010542 -0.0306383 0.0401448
v -0.0105439 -0.0307044 0.0401646
v -0.010542 -0.0303972 0.039841
v -0.009742 -0.0304103 0.0397291
v -0.009742 -0.0303999 0.0398614
v -0.0105435 -0.0304677 0.0400321
v -0.009742 -0.0304842 0.0400511
v -0.0105421 -0.0305454 0.0401001
v -0.009742 -0.0306196 0.0401376
v -0.00974199 -0.0307804 0.0401677
v -0.009742 -0.0310297 0.0400197
v -0.010542 -0.0297144 0.0387516
v -0.009742 -0.0299938 0.0388462
v -0.010142 -0.0300967 0.0389006
v -0.010222 -0.030269 0.0390626
v -0.009742 -0.0303941 0.0392775
v -0.0102753 -0.0304356 0.0394079
v -0.010542 -0.0295803 0.0386024
v -0.010542 -0.0298041 0.0381209
v -0.009742 -0.0299979 0.0380313
v -0.010542 -0.0296633 0.0381901
v -0.009742 -0.0295976 0.0382685
v -0.009742 -0.0295487 0.0384633
v -0.010542 -0.0295592 0.0383683
v -0.00974199 -0.0295918 0.0386237
v -0.009742 -0.0296768 0.0387197
v -0.009742 -0.0297477 0.0387648
v -0.00974201 -0.0304983 0.036722
v -0.009742 -0.0303496 0.0368651
v -0.009742 -0.0307426 0.0366981
v -0.009742 -0.0303079 0.0370648
v -0.009742 -0.0303115 0.0369809
v -0.00991978 -0.0303178 0.0376713
v -0.00997057 -0.0318655 0.036873
v -0.009742 -0.0310964 0.0369439
v -0.009742 -0.0315662 0.0370115
v -0.010542 -0.0310336 0.0369005
v -0.010542 -0.0307634 0.0367044
v -0.010542 -0.030557 0.0367034
v -0.010542 -0.030419 0.0367819
v -0.010542 -0.030335 0.0369008
v -0.010542 -0.0303027 0.0370294
v -0.009842 -0.0303664 0.0373789
v -0.010542 -0.0301739 0.0379257
v -0.010542 -0.0317118 0.0369564
v -0.010542 -0.0314381 0.0370156
v -0.010542 -0.0311929 0.0369737
v 0.00536124 -0.0299048 0.00025
v 0.00536556 -0.030126 0.0002491
v 0.00535894 -0.0300513 0.00025
v 0.0054745 -0.0306784 0.000257048
v 0.0056327 -0.0308472 0.000249844
v 0.00597717 -0.031162 0.00025
v 0.00588713 -0.031278 0.000297012
v 0.00742282 -0.0312321 0.00025
v 0.00693433 -0.0313881 0.000249645
v 0.00778357 -0.030953 0.00025
v 0.00752173 -0.0311734 0.000249979
v 0.00757795 -0.0311348 0.00025
v 0.00748099 -0.0311978 0.00024994
v 0.00815698 -0.0299773 0.000249787
v 0.00815045 -0.0298741 0.0002491
v 0.00815706 -0.0299487 0.00025
v 0.00802726 -0.0293658 0.000250359
v 0.0076169 -0.0288908 0.000250008
v 0.00707283 -0.0286282 0.000249571
v 0.00614207 -0.0287428 0.00025
v 0.00670696 -0.0286086 0.00025
v 0.00602802 -0.0288055 0.000250127
v 0.0076634 -0.0325509 0.00152927
v 0.00614678 -0.0287051 0.000253891
v 0.00669055 -0.0285896 0.000251457
v 0.00576422 -0.0289121 0.000259706
v 0.00790185 -0.0287602 0.00036506
v 0.00896274 -0.029916 0.000813717
v 0.00808714 -0.0305383 0.000251362
v 0.0080766 -0.0313913 0.000589804
v 0.00543254 -0.0294699 0.000252062
v 0.0096345 -0.0291985 0.00183207
v 0.00855103 -0.0278847 0.00170974
v 0.00799885 -0.027912 0.00110409
v 0.00763342 -0.0274336 0.00156655
v 0.00667888 -0.0271317 0.00181509
v 0.00543548 -0.0276477 0.00149476
v 0.00847704 -0.0320221 0.00145724
v 0.00894357 -0.0310746 0.00106771
v 0.00748588 -0.0315551 0.000368504
v 0.00657105 -0.0320682 0.000712582
v 0.00666701 -0.0314083 0.000248644
v 0.00589923 -0.032336 0.00117204
v 0.00694494 -0.0279318 0.000712581
v 0.00585717 -0.0279717 0.000854576
v 0.00493444 -0.031856 0.00129954
v 0.00464569 -0.0306202 0.000794831
v 0.00442089 -0.0300546 0.000969015
v 0.00457239 -0.0289254 0.00106775
v 0.00695519 -0.0289442 0.00025
v 0.00664099 -0.0290089 0.00025
v 0.0071761 -0.0287621 0.00025
v 0.00737334 -0.0287453 0.000249902
v 0.00729081 -0.0287333 0.00025
v 0.00611945 -0.0287744 0.000250001
v 0.00626764 -0.0288114 0.00025
v 0.00701746 -0.0289024 0.00105
v 0.00680209 -0.029003 0.00105
v 0.00648399 -0.0289615 0.00105
v 0.0063188 -0.0288469 0.00105
v 0.00621002 -0.02878 0.00105
v 0.00606542 -0.028788 0.00105
v 0.0059896 -0.0288315 0.00105
v 0.00597968 -0.0288385 0.000249493
v 0.00591183 -0.0289271 0.00105
v 0.00592743 -0.0289052 0.00025
v 0.00753703 -0.0290431 0.00105
v 0.00754221 -0.028981 0.00025
v 0.00754055 -0.0289154 0.00105
v 0.00743748 -0.0287725 0.00105
v 0.00750015 -0.0288342 0.000250001
v 0.00742509 -0.0287691 0.000250115
v 0.00726407 -0.0287308 0.00105
v 0.00715602 -0.0287781 0.00105
v 0.0080391 -0.0297432 0.00025
v 0.00755781 -0.0294031 0.00025
v 0.00813281 -0.0298451 0.000250001
v 0.00779049 -0.0296548 0.00105
v 0.00767353 -0.0295775 0.00065
v 0.00752036 -0.0292434 0.00105
v 0.00781163 -0.0302675 0.000827778
v 0.00805334 -0.0301614 0.00025
v 0.00805447 -0.0301623 0.00105
v 0.00814145 -0.0300551 0.000250002
v 0.00813742 -0.0300593 0.00105
v 0.00815634 -0.0299787 0.00105
v 0.00815414 -0.0299188 0.00105
v 0.0081247 -0.029831 0.00105
v 0.00803496 -0.0297418 0.00105
v 0.00590296 -0.0290348 0.00025
v 0.0059286 -0.029396 0.00085
v 0.0058734 -0.0295446 0.00025
v 0.00565732 -0.0297556 0.000742308
v 0.00541793 -0.0298792 0.00025
v 0.0054844 -0.0298268 0.00025
v 0.00536452 -0.0299821 0.000249999
v 0.00591672 -0.0291291 0.00105
v 0.00580355 -0.0296445 0.000783333
v 0.00543772 -0.0298511 0.00105
v 0.00537193 -0.0299626 0.00105
v 0.00535966 -0.0300213 0.00105
v 0.00536186 -0.0300812 0.00105
v 0.00539131 -0.030169 0.00105
v 0.00538319 -0.0301549 0.000250001
v 0.00544982 -0.0302341 0.00105
v 0.00550082 -0.0302662 0.00105
v 0.00771693 -0.0303521 0.00025
v 0.00762906 -0.030484 0.000821429
v 0.00757062 -0.0307186 0.00025
v 0.00754853 -0.0311482 0.00025
v 0.00757493 -0.0311222 0.000248588
v 0.00761913 -0.0309915 0.00025
v 0.00757886 -0.0307728 0.00105
v 0.00758177 -0.030647 0.00105
v 0.00717598 -0.0311365 0.00025
v 0.00729976 -0.0312135 0.00025
v 0.00740199 -0.0312257 0.000250002
v 0.00730598 -0.03122 0.00105
v 0.00741866 -0.0312191 0.00105
v 0.00747561 -0.0312003 0.00105
v 0.0075264 -0.0311685 0.00105
v 0.00756804 -0.0311254 0.00105
v 0.00762041 -0.0310089 0.00105
v 0.00665767 -0.0310166 0.00105
v 0.00633952 -0.0312365 0.00105
v 0.00618843 -0.0312642 0.00105
v 0.00607753 -0.0312267 0.00105
v 0.00624839 -0.0312643 0.00105
v 0.00649915 -0.0310973 0.00105
v 0.00681468 -0.0309949 0.000694444
v 0.00705137 -0.0310444 0.00105
v 0.00587253 -0.0304603 0.00105
v 0.0056777 -0.0303241 0.00105
v 0.00596888 -0.0310689 0.00105
v 0.0059712 -0.0310164 0.00025
v 0.0059995 -0.0307787 0.000605556
v 0.00598332 -0.0311001 0.00025
v 0.00605737 -0.0312103 0.000249979
v 0.00614371 -0.0312548 0.00025
v 0.00616028 -0.0312623 0.000249672
v 0.00630087 -0.0312569 0.00025
v 0.00654195 -0.0310631 0.00025
v 0.00698204 -0.0310233 0.00025
v 0.0054946 -0.0302579 0.00025
v 0.00578577 -0.0303899 0.00025
v 0.00598385 -0.0307057 0.00025
v 0.00592131 -0.0305384 0.00025
v -0.00862441 0.0297842 0.000249787
v -0.00863757 0.0302972 0.000250134
v -0.00860208 0.0296926 0.000249557
v -0.00853207 0.0294523 0.000249716
v -0.00861625 0.0297326 0.000249981
v -0.0078048 0.0287181 0.00025
v -0.00813262 0.0289142 0.000249796
v -0.00708681 0.0285801 0.000249414
v -0.00757162 0.028599 0.000258578
v -0.00641324 0.0288717 0.00025
v -0.00633985 0.0289285 0.000250262
v -0.00623413 0.0290283 0.00025
v -0.00610675 0.0290611 0.000259732
v -0.00585419 0.0301699 0.000249199
v -0.00595107 0.0294758 0.00025
v -0.00606462 0.0308494 0.000257048
v -0.00624462 0.0309946 0.000249844
v -0.00662931 0.0312588 0.00025
v -0.00711984 0.0314022 0.000249601
v -0.00805698 0.0311273 0.000249131
v -0.00813955 0.0310753 0.000250271
v -0.008171 0.0310452 0.000249769
v -0.00838971 0.0309211 0.000260671
v -0.00802636 0.031198 0.000253891
v -0.00750377 0.0313875 0.000251457
v -0.00629718 0.0318226 0.000647676
v -0.0058254 0.030251 0.000270459
v -0.00585413 0.0296421 0.000253437
v -0.00645732 0.0288062 0.000255252
v -0.00847641 0.0286145 0.000517542
v -0.0086586 0.029749 0.000270459
v -0.00874504 0.0304871 0.000351525
v -0.00511484 0.0308433 0.000890863
v -0.00415604 0.0305445 0.00197189
v -0.00599448 0.032343 0.00144819
v -0.0066155 0.0324733 0.00124764
v -0.00728185 0.0325658 0.00132253
v -0.00887702 0.0321469 0.00149479
v -0.00539654 0.0282469 0.00129016
v -0.00472162 0.0289103 0.00153269
v -0.00655795 0.0275239 0.00126418
v -0.00657199 0.02795 0.000721573
v -0.00699102 0.0285834 0.000270459
v -0.00792997 0.027798 0.000970838
v -0.00515 0.0292452 0.00084471
v -0.00726402 0.0323724 0.000973991
v -0.00841458 0.0318843 0.000854583
v -0.00900899 0.0282518 0.00117202
v -0.0094843 0.02925 0.000965693
v -0.00959078 0.0304151 0.00103228
v -0.00946055 0.0313719 0.00133274
v -0.00771325 0.0310029 0.000229578
v -0.00713677 0.0311229 0.00025
v -0.00699903 0.0312838 0.00025
v -0.00807363 0.0311136 0.00025
v -0.00789196 0.0311094 0.00025
v -0.00680601 0.0313277 0.000249902
v -0.00688942 0.0313282 0.00025
v -0.00717427 0.0310866 0.00105
v -0.00735312 0.0309929 0.00065
v -0.00765695 0.0309906 0.00105
v -0.00788803 0.0311107 0.00105
v -0.00804394 0.0311308 0.00105
v -0.00822277 0.0309772 0.00105
v -0.00821594 0.0309694 0.00025
v -0.00822502 0.0308277 0.00105
v -0.00660214 0.0309283 0.00025
v -0.00660309 0.0310295 0.00105
v -0.00661121 0.0311678 0.00025
v -0.00664593 0.0312325 0.00105
v -0.00676364 0.0313177 0.00105
v -0.00671557 0.0312957 0.000249942
v -0.00688547 0.0313301 0.00105
v -0.00696773 0.0313003 0.00105
v -0.00701672 0.0312652 0.00105
v -0.00637079 0.0305419 0.000783333
v -0.00648777 0.0306489 0.00025
v -0.00657284 0.0308059 0.00073
v -0.00586598 0.0302585 0.000250003
v -0.00587631 0.0302988 0.000249042
v -0.00596976 0.0304124 0.00025
v -0.00621762 0.0304707 0.000516667
v -0.00651587 0.0306929 0.00105
v -0.00595668 0.0300045 0.00025
v -0.00611818 0.02991 0.00025
v -0.00587268 0.030102 0.000250002
v -0.00591386 0.0300465 0.00105
v -0.00588237 0.0300975 0.00105
v -0.00586407 0.0301546 0.00105
v -0.0058617 0.0302445 0.00105
v -0.00591179 0.0303563 0.00105
v -0.00597873 0.0304126 0.00105
v -0.0060337 0.0304375 0.00105
v -0.00827451 0.0301766 0.00025
v -0.0081473 0.0305269 0.00065
v -0.00822226 0.0308377 0.00025
v -0.00836582 0.03009 0.00025
v -0.00861978 0.0298633 0.000250002
v -0.00854721 0.0299807 0.00025
v -0.00816189 0.0306526 0.00105
v -0.00817675 0.0303394 0.000694444
v -0.00832012 0.0301203 0.00105
v -0.00857848 0.0299502 0.00105
v -0.00862496 0.0298131 0.00105
v -0.00861351 0.0297266 0.00105
v -0.00851424 0.0295876 0.00025
v -0.00855921 0.0296224 0.00105001
v -0.0084503 0.0295625 0.00105
v -0.0062436 0.0297838 0.00025
v -0.00635097 0.0294562 0.00025
v -0.00625894 0.029172 0.00025
v -0.00626075 0.0290361 0.000250001
v -0.00627904 0.0292284 0.00105
v -0.00633487 0.0293981 0.00105
v -0.00629419 0.029707 0.00105
v -0.00603097 0.0299614 0.00105
v -0.00659543 0.0288891 0.00025
v -0.00675793 0.0289817 0.000742308
v -0.00657276 0.0288778 0.00105
v -0.00649032 0.0288663 0.00025
v -0.00641368 0.0288818 0.00105
v -0.00638595 0.0288983 0.00025
v -0.00629723 0.028973 0.00105
v -0.00626158 0.029053 0.00105
v -0.00625314 0.0291479 0.00105
v -0.00774519 0.028691 0.00105
v -0.00783738 0.0287738 0.00105
v -0.00763133 0.0286692 0.00105
v -0.00750729 0.0286995 0.00105
v -0.00826638 0.0295293 0.000516667
v -0.00805533 0.0294217 0.00105
v -0.00787521 0.0288495 0.00105
v -0.0078852 0.0291264 0.00105
v -0.00788186 0.0290717 0.00025
v -0.00787791 0.02886 0.00025
v -0.00781254 0.0287385 0.000250002
v -0.00772989 0.0286877 0.000250098
v -0.00767694 0.0286723 0.00025
v -0.00765947 0.0286672 0.000249672
v -0.00752099 0.028692 0.00025
v -0.00734647 0.0288776 0.000836667
v -0.0072457 0.0289525 0.00065
v -0.00706852 0.0290208 0.000759091
v -0.00687866 0.0290175 0.00065
v -0.00799623 0.0293511 0.00025
v -0.008151 0.0294795 0.00025
v -0.00791116 0.0291941 0.00025
v -0.00862382 -0.0302132 0.000249199
v -0.00840099 -0.0308712 0.000253393
v -0.00860566 -0.0303162 0.000249934
v -0.00833169 -0.0309155 0.000250394
v -0.00776442 -0.0312989 0.00025
v -0.00752763 -0.0314106 0.000258578
v -0.00637835 -0.0311019 0.00025
v -0.0068334 -0.0313383 0.000249645
v -0.00602081 -0.0306897 0.000249769
v -0.00584926 -0.0298576 0.00025
v -0.00593531 -0.0304836 0.00025
v -0.00589095 -0.0296403 0.0002491
v -0.00587178 -0.0297128 0.00025
v -0.00609176 -0.0291142 0.000257048
v -0.00627622 -0.0289747 0.000249844
v -0.00708135 -0.0286018 0.000250012
v -0.00814838 -0.0289326 0.000249987
v -0.00765062 -0.0286617 0.000249645
v -0.00862857 -0.0296789 0.000250832
v -0.00817586 -0.028957 0.00025
v -0.00792279 -0.0327646 0.00189331
v -0.00833057 -0.0289611 0.000272646
v -0.00661993 -0.0286321 0.000267676
v -0.00584304 -0.0303149 0.000253909
v -0.00570706 -0.0311482 0.000589804
v -0.00796659 -0.0313307 0.000280935
v -0.00865006 -0.0302952 0.000270459
v -0.00875954 -0.0295602 0.000351525
v -0.00536133 -0.0284789 0.00104469
v -0.00506963 -0.0295446 0.000829248
v -0.00583263 -0.0276118 0.00170974
v -0.00652562 -0.0274517 0.00141703
v -0.00819306 -0.027281 0.00182578
v -0.00853692 -0.0276829 0.00147151
v -0.00968808 -0.0286817 0.00167012
v -0.00872535 -0.0321377 0.00129957
v -0.00520568 -0.0317022 0.00145725
v -0.00490611 -0.0306894 0.00106775
v -0.00609056 -0.0323407 0.00138185
v -0.00626155 -0.0314096 0.000368504
v -0.00689164 -0.0325125 0.00126702
v -0.0073324 -0.032149 0.000755363
v -0.00709348 -0.0314034 0.000248644
v -0.00662325 -0.0277776 0.000970838
v -0.00745979 -0.0280092 0.000636611
v -0.00766223 -0.0279954 0.000703214
v -0.00819797 -0.0281077 0.000771151
v -0.0087012 -0.0282132 0.000970838
v -0.00945974 -0.0308197 0.000965661
v -0.00934817 -0.0283054 0.00142535
v -0.00704641 -0.0287255 0.00025
v -0.00808431 -0.028901 0.000248606
v -0.00814802 -0.0289352 0.00025
v -0.00684651 -0.0286595 0.000249868
v -0.00693113 -0.0286614 0.00025
v -0.00792633 -0.0289114 0.00025
v -0.0072083 -0.0289119 0.00105
v -0.00738561 -0.0290066 0.00105
v -0.00744411 -0.0290359 0.000836667
v -0.00763458 -0.029036 0.000803846
v -0.00786993 -0.0289378 0.00105
v -0.00798846 -0.0288903 0.00105
v -0.00809935 -0.0289103 0.00105
v -0.00815232 -0.0289383 0.00105
v -0.00819698 -0.0289783 0.00105
v -0.00825746 -0.0290857 0.00105
v -0.00820558 -0.0289869 0.000249493
v -0.00824579 -0.0290615 0.00025
v -0.00825043 -0.0292035 0.00105
v -0.006627 -0.029097 0.00025
v -0.00663831 -0.0288657 0.00105
v -0.00664206 -0.0288407 0.00025
v -0.00668527 -0.0287558 0.00025
v -0.00668478 -0.0287494 0.00105
v -0.00680657 -0.0286674 0.00105
v -0.0067336 -0.0287064 0.00025
v -0.0067925 -0.0286741 0.000250132
v -0.00695792 -0.0286634 0.00105
v -0.0070564 -0.0287284 0.00105
v -0.00604044 -0.0295321 0.00025
v -0.00647175 -0.0293748 0.00025
v -0.00591319 -0.0296148 0.000250001
v -0.0062321 -0.0294978 0.00105
v -0.00639614 -0.0294273 0.00105
v -0.00660055 -0.0291921 0.00105
v -0.00615829 -0.0300854 0.000783333
v -0.00595784 -0.0299557 0.00105
v -0.0059171 -0.0299209 0.00025
v -0.00588037 -0.0298573 0.00105
v -0.00586556 -0.029782 0.000249999
v -0.00586742 -0.0297425 0.00105
v -0.00587972 -0.0296838 0.00105
v -0.00592359 -0.0296023 0.00105
v -0.00602712 -0.0295295 0.00105
v -0.00824798 -0.0291934 0.00025
v -0.00827952 -0.0298558 0.00025
v -0.00819089 -0.0297008 0.00025
v -0.00816335 -0.0295016 0.00025
v -0.00836808 -0.0299452 0.00025
v -0.00860746 -0.0301448 0.000250002
v -0.00852655 -0.0300447 0.00025
v -0.00818185 -0.0293765 0.00105
v -0.00816204 -0.0296134 0.00105
v -0.00834988 -0.0299254 0.00105
v -0.00856804 -0.030088 0.00105
v -0.00861002 -0.0301706 0.00105
v -0.00861382 -0.0302892 0.00105
v -0.00857824 -0.0303702 0.00105
v -0.00857542 -0.0303797 0.00024906
v -0.00851349 -0.0304401 0.00105
v -0.00843602 -0.0304751 0.00105
v -0.00630414 -0.0302878 0.00025
v -0.00626537 -0.0307171 0.00025
v -0.00628495 -0.0310218 0.000249683
v -0.00622813 -0.030911 0.00025
v -0.00631612 -0.03058 0.00105
v -0.00630025 -0.030321 0.00105
v -0.00653797 -0.0310992 0.00025
v -0.00677414 -0.0309812 0.000605556
v -0.00661407 -0.0310622 0.00105
v -0.00652741 -0.0311018 0.00105
v -0.00639979 -0.031099 0.000250001
v -0.00644282 -0.0311043 0.00105
v -0.00638465 -0.0310897 0.00105
v -0.00633168 -0.0310617 0.00105
v -0.00632681 -0.0310583 0.00024994
v -0.00628702 -0.0310217 0.00105
v -0.00621714 -0.0308847 0.00105
v -0.00758952 -0.0313423 0.00105
v -0.0076493 -0.0313379 0.00105
v -0.00775707 -0.0312874 0.00105
v -0.00782982 -0.0312013 0.00105
v -0.00770627 -0.0313192 0.00105
v -0.00785257 -0.0309476 0.000764286
v -0.0074453 -0.0312894 0.00105
v -0.00753041 -0.0313323 0.00105
v -0.00739047 -0.031225 0.00105
v -0.00701786 -0.030971 0.000783333
v -0.00709839 -0.0309934 0.00105
v -0.0082519 -0.0305022 0.00105
v -0.00790605 -0.0307723 0.00075
v -0.00784554 -0.0311348 0.00025
v -0.00780956 -0.0312362 0.00025
v -0.00770657 -0.0313204 0.000250075
v -0.00763451 -0.0313408 0.00025
v -0.00761759 -0.0313452 0.000249672
v -0.00747995 -0.0313161 0.00025
v -0.00731141 -0.0311252 0.000694444
v -0.00721293 -0.0310471 0.00065
v -0.0068481 -0.0309706 0.00025
v -0.00797556 -0.0306722 0.00025
v -0.00809583 -0.0305689 0.00085
v -0.00844358 -0.0304679 0.00025
v 0.00536261 0.0298865 0.00025
v 0.00536385 0.0302147 0.000250179
v 0.00538981 0.0297058 0.000249831
v 0.00542767 0.0295639 0.00025
v 0.00549597 0.029394 0.00025
v 0.0057071 0.0290749 0.000249992
v 0.00620875 0.0287122 0.00025
v 0.0060059 0.028815 0.000250017
v 0.00692766 0.0285804 0.000249555
v 0.00644987 0.0285883 0.000260149
v 0.00815339 0.0301135 0.00025
v 0.00815236 0.0297869 0.000250169
v 0.00811401 0.0303482 0.00025
v 0.00804443 0.0305575 0.000249764
v 0.00812941 0.0302817 0.00024996
v 0.00781608 0.0309169 0.000249996
v 0.00722185 0.0313209 0.00025
v 0.00686489 0.0314035 0.000249579
v 0.00596199 0.0311517 0.00025
v 0.00649808 0.0313679 0.00025
v 0.00585802 0.0310723 0.000250109
v 0.00897499 0.0288863 0.00117558
v 0.00912284 0.0299628 0.000968653
v 0.00861885 0.0312884 0.000859741
v 0.00595807 0.0311882 0.000253903
v 0.00647995 0.031385 0.000251796
v 0.00561515 0.030929 0.000258647
v 0.00748038 0.0312938 0.00026045
v 0.00817344 0.0302491 0.000269666
v 0.00826626 0.0295032 0.000356411
v 0.00788534 0.0290452 0.000260361
v 0.00753033 0.0288045 0.000252139
v 0.00553595 0.0285769 0.000532276
v 0.00537076 0.0297236 0.000253649
v 0.00524692 0.0304631 0.000351797
v 0.00831715 0.0320728 0.00130008
v 0.00766992 0.032505 0.0014639
v 0.00705753 0.0326452 0.00148566
v 0.00638799 0.0323649 0.00103287
v 0.00565775 0.0323756 0.00139789
v 0.00454461 0.0316758 0.001717
v 0.00556213 0.0276077 0.00148389
v 0.00895476 0.028296 0.001726
v 0.00746538 0.0275008 0.00131107
v 0.0079444 0.0280946 0.000882192
v 0.0069507 0.0279789 0.000663198
v 0.00647228 0.0273388 0.00151212
v 0.00611073 0.0277611 0.000998835
v 0.00721965 0.0320314 0.000702568
v 0.00527193 0.032077 0.00120698
v 0.00502546 0.0282087 0.00118245
v 0.00452527 0.0292065 0.000971084
v 0.00388717 0.0305668 0.00180401
v 0.00449213 0.0310473 0.00118927
v 0.00642769 0.0309557 0.00025
v 0.00698742 0.0312863 0.00025
v 0.00594434 0.0311171 0.000250001
v 0.00717996 0.0313322 0.000249902
v 0.00608076 0.0311129 0.00025
v 0.00709656 0.0313318 0.00025
v 0.00691483 0.0312007 0.00105
v 0.00675304 0.0310434 0.000605556
v 0.00651069 0.0309728 0.00105
v 0.00638432 0.0309786 0.00105
v 0.00626266 0.0310133 0.00105
v 0.00615224 0.031075 0.00105
v 0.00603472 0.031125 0.00105
v 0.00589292 0.0310956 0.00105
v 0.00582441 0.0310413 0.00105
v 0.00577411 0.0309635 0.00105
v 0.00581564 0.0310329 0.000249493
v 0.00577389 0.0309591 0.00025
v 0.0057597 0.0308772 0.00105
v 0.0073861 0.0310621 0.00105
v 0.007382 0.0311242 0.00025
v 0.0073706 0.0311889 0.00105
v 0.00724626 0.0313149 0.00105
v 0.0072566 0.0313059 0.00025
v 0.00731412 0.0312688 0.000248543
v 0.00706973 0.0313304 0.00105
v 0.00746018 0.0307092 0.00025
v 0.00766146 0.0305301 0.00073
v 0.00796902 0.0304429 0.00025
v 0.00809142 0.0303611 0.000250002
v 0.0077781 0.0304811 0.00105
v 0.00743785 0.0307304 0.00105
v 0.0080432 0.0300181 0.00025
v 0.0078827 0.0299218 0.00025
v 0.00810114 0.0300797 0.00025
v 0.00810676 0.0300891 0.00105
v 0.00813903 0.0301915 0.000249702
v 0.00813422 0.0301691 0.00105
v 0.00813574 0.030258 0.00105
v 0.00807116 0.0303914 0.00105001
v 0.00796162 0.0304502 0.00105
v 0.00572369 0.0301657 0.00025
v 0.00576896 0.0308273 0.00025
v 0.00581552 0.0303188 0.00025
v 0.00584719 0.0305174 0.00025
v 0.0056333 0.0300782 0.00025
v 0.00537702 0.0297707 0.000249986
v 0.00541343 0.0299302 0.00025
v 0.00579658 0.0307362 0.00105
v 0.00584617 0.0304056 0.00105
v 0.00567867 0.0301089 0.00105
v 0.0054728 0.0299819 0.00105
v 0.00540924 0.0299109 0.00105
v 0.00537665 0.0297986 0.00105
v 0.00538945 0.0297121 0.00105
v 0.00539095 0.029707 0.00025
v 0.0054738 0.0295828 0.00025
v 0.00543162 0.0296297 0.00105
v 0.00549915 0.0295741 0.00105
v 0.00555438 0.0295498 0.00105
v 0.00767705 0.0296264 0.00025
v 0.00779231 0.0298343 0.00025
v 0.00775698 0.0291475 0.00025
v 0.00769368 0.0289586 0.000249682
v 0.00774211 0.0290409 0.00025
v 0.00772904 0.0292386 0.00105
v 0.00767438 0.0293917 0.000605556
v 0.00769289 0.0296596 0.00105
v 0.0078641 0.0299024 0.00105
v 0.00741625 0.028896 0.00025
v 0.00725242 0.028987 0.000814706
v 0.00744959 0.0288836 0.00105
v 0.0075216 0.0288743 0.00025
v 0.00757126 0.0288842 0.00105
v 0.00764026 0.0289151 0.000249825
v 0.00767197 0.0289373 0.00105
v 0.00774189 0.0290365 0.00105
v 0.00775579 0.0291583 0.00105
v 0.00626647 0.0286907 0.00105
v 0.00621634 0.0287236 0.00105
v 0.00617558 0.0287676 0.00105
v 0.00638272 0.0286652 0.00105
v 0.00632304 0.0286709 0.00105
v 0.00650643 0.0286968 0.00105
v 0.00613284 0.0288527 0.00105
v 0.0061166 0.0291385 0.00105
v 0.00594541 0.0294166 0.000904546
v 0.0061297 0.0289649 0.00025
v 0.00616492 0.0287759 0.00025
v 0.00626614 0.0286895 0.000250072
v 0.00633772 0.0286676 0.00025
v 0.00635445 0.0286629 0.000249674
v 0.00649282 0.0286891 0.00025
v 0.00666537 0.0288766 0.000803846
v 0.00676535 0.0289525 0.00065
v 0.0069418 0.0290227 0.000759091
v 0.00713168 0.0290214 0.000783333
v 0.00605582 0.0292908 0.00025
v 0.00573865 0.0295186 0.000516667
v 0.007758 -0.01545 0.086
v -0.010242 -0.01345 0.086
v -0.0101663 -0.014091 0.0860022
v -0.008242 -0.01545 0.086
v -0.0100466 0.0145508 0.086
v -0.008242 0.01545 0.086
v -0.0100797 -0.0147033 0.0860286
v 0.007758 0.01545 0.086
v -0.00875964 0.0153819 0.086
v 0.0099099 -0.0145461 0.0860408
v 0.009758 0.01345 0.086
v 0.00950733 0.0147569 0.0860268
v 0.00841373 -0.0153838 0.0879246
v -0.008242 -0.01545 0.088
v -0.000241994 0.0158078 0.0880003
v 0.00862577 0.0152519 0.088
v 0.00970837 0.0138869 0.0880831
v 0.009758 0.01345 0.088
v 0.009758 -0.01345 0.088
v -0.00875964 -0.0153819 0.088
v -0.009242 -0.0151821 0.088
v -0.00965622 -0.0148642 0.088
v -0.00997405 -0.01445 0.088
v -0.010242 -0.01345 0.088
v -0.00868704 0.0153999 0.088
v -0.00929858 0.015157 0.0879425
v -0.00981586 0.0146694 0.088214
v -0.0100439 0.0143178 0.088
v -0.010242 0.01345 0.088
v -0.010242 -1.98133e-13 0.088
v -0.008242 -0.0148642 0.0894142
v -0.008242 -0.0151821 0.089
v -0.008242 -0.0153819 0.0885176
v -0.00849373 -0.0138551 0.0899556
v -0.00883171 -0.0142144 0.089763
v -0.00927929 -0.014958 0.0888857
v -0.00968031 -0.014673 0.0887248
v -0.00998213 -0.014315 0.0885188
v -0.0101748 -0.0138971 0.0882772
v -0.00878937 -0.0151494 0.0889897
v -0.00931113 -0.0139792 0.089632
v -0.00980324 -0.0137687 0.0892625
v -0.00997685 -0.0138235 0.0889315
v -0.0101742 -0.0135911 0.0885064
v -0.0101673 0.01345 0.0885153
v -0.0101919 0.0135386 0.0884378
v -0.0099884 0.0140022 0.088883
v -0.00979468 0.0134197 0.0892651
v -0.00936335 0.0136791 0.0896482
v -0.008242 0.0153916 0.0884439
v -0.008242 0.0153819 0.0885176
v -0.008242 0.015239 0.0888624
v -0.008242 0.0151821 0.089
v -0.008242 0.0150004 0.0892368
v -0.008242 0.0143136 0.0897925
v -0.00862563 0.013722 0.0899556
v -0.0101927 0.0138802 0.0881272
v -0.0100439 0.0142882 0.0882246
v -0.00868704 0.0139547 0.0898834
v -0.00910977 0.0139164 0.0897405
v -0.00863862 0.0146703 0.089555
v -0.0093503 0.014831 0.0889816
v -0.00906149 0.0151665 0.0887727
v -0.00955244 0.0143484 0.0893144
v -0.00968874 0.0147741 0.0884811
v -0.0101467 0.0137785 0.0885552
v -0.0100462 0.0141467 0.0885218
v 0.007758 -0.0150137 0.089247
v 0.007758 -0.0152519 0.0888678
v 0.007758 -0.0153999 0.088445
v 0.00756007 -0.0142172 0.0898585
v -0.00357372 -0.0133963 0.0900101
v 0.0034599 -0.0137981 0.0899695
v -0.00412699 -0.0139676 0.0899319
v 0.00364299 -0.0139676 0.0899319
v -0.004617 -0.0143146 0.0898035
v 0.004133 -0.0143146 0.0898035
v -0.00493323 -0.0144456 0.0897246
v 0.00444923 -0.0144456 0.0897246
v -0.00651575 -0.0147618 0.0895132
v 0.007758 -0.0148553 0.0894053
v -0.00540084 -0.0146393 0.089608
v 0.00491684 -0.0146393 0.089608
v 0.00659793 -0.0146397 0.0896071
v 0.00572991 -0.014767 0.0895061
v -0.00774345 -0.0143865 0.0897871
v -0.00540084 -0.00836074 0.09
v -0.00674594 -0.00826437 0.09
v -0.00424705 -0.00890013 0.0886154
v -0.00342742 -0.009875 0.088
v -0.00290855 -0.0109316 0.09
v -0.00298619 -0.0111493 0.088
v -0.007867 -0.00868542 0.088
v -0.00613077 -0.0081827 0.088
v -0.00819821 -0.00888041 0.0900067
v -0.00897637 -0.00971508 0.0898747
v -0.00932186 -0.0101355 0.0879999
v -0.00951682 -0.0112284 0.0895459
v -0.00938126 -0.0123412 0.088
v -0.0091083 -0.0130772 0.0898182
v -0.00885832 -0.0134784 0.0880001
v -0.00749266 -0.0145309 0.088
v -0.00495253 -0.0146375 0.0879998
v -0.00342742 -0.013125 0.088
v 0.008758 -0.01345 0.0897321
v 0.00968985 -0.01345 0.0885176
v 0.00816768 -0.0136934 0.0899541
v 0.00809042 -0.0145705 0.0896329
v 0.0084184 -0.0150396 0.0890752
v 0.00847901 -0.0152454 0.0886387
v 0.00829164 -0.0141139 0.0898185
v 0.00892539 -0.0140034 0.0895617
v 0.00960748 -0.0137112 0.0887543
v 0.00917221 -0.0137647 0.0893788
v 0.00960723 -0.0139189 0.0886497
v 0.00920961 -0.0147649 0.0885159
v 0.00950219 -0.0143851 0.088366
v 0.00969128 -0.0139401 0.0881891
v 0.00898718 -0.0144576 0.0892413
v 0.00254924 -0.0106402 0.0888333
v 0.00261874 -0.0123412 0.09
v 0.00294342 -0.009875 0.09
v 0.007758 -0.00788539 0.09
v 0.00564677 -0.0081827 0.09
v -0.00841443 -0.00787151 0.0899963
v -0.00875964 -0.00763106 0.0899319
v -0.00915814 -0.00707369 0.0897825
v -0.00978858 -0.00512221 0.0892594
v -0.010239 -0.000828221 0.088109
v -0.010242 -0.000278898 0.0880122
v 0.00975796 -0.000278898 0.0880122
v 0.009758 -1.98135e-13 0.088
v 0.00974485 -0.000828577 0.088109
v 0.00917221 -0.0056992 0.0894142
v 0.00881062 -0.0126457 0.0897057
v 0.00906138 -0.0118961 0.0895955
v 0.00893474 -0.0107577 0.0896151
v 0.00845264 -0.00966824 0.0898878
v 0.00859337 -0.00724831 0.0898293
v 0.00766792 -0.00883947 0.0900106
v 0.00796893 -0.00784928 0.0899903
v 0.00668377 -0.00831716 0.0879999
v 0.00285507 -0.0130524 0.0889251
v 0.002508 -0.0115 0.088
v 0.0034599 -0.0092019 0.088
v 0.00409702 -0.0086231 0.0886154
v 0.00378703 -0.0141234 0.0880001
v 0.00525799 -0.0147369 0.0880002
v 0.00738547 -0.014416 0.0879996
v 0.00894582 -0.0123995 0.0880003
v 0.00868858 -0.00991265 0.0879995
v -0.010242 0.000278898 0.0880122
v 0.00975796 0.000278898 0.0880122
v 0.00975502 0.000828221 0.088109
v -0.009242 0.01275 0.089732
v -0.010239 0.000828225 0.088109
v -0.00986485 0.0039555 0.088947
v -0.00965622 0.0056992 0.0894142
v -0.00943146 0.0121592 0.0896072
v -0.00946003 0.0108906 0.0895887
v -0.00893664 0.00966824 0.0898878
v -0.00907737 0.00724831 0.0898293
v -0.00815192 0.00883947 0.0900106
v -0.00841384 0.00787338 0.0899968
v 0.00859019 0.0072485 0.0898294
v 0.00788881 0.00786941 0.0899957
v 0.0080823 0.00779076 0.0899746
v 0.007758 0.00788539 0.09
v 0.00917221 0.0056992 0.0894142
v 0.00958994 0.00220799 0.0884787
v 0.00252237 0.0109961 0.09
v 0.00349096 0.00907566 0.09
v -0.00540084 0.00836074 0.09
v -0.00414774 0.00899408 0.089
v -0.00300894 0.0107489 0.09
v 0.00276754 0.012893 0.0900138
v -0.00353648 0.0133241 0.0900081
v 0.00586923 0.0081827 0.09
v -0.00659267 0.00824419 0.09
v 0.00791728 0.00902153 0.0900008
v 0.007758 0.015239 0.0888624
v 0.007758 0.0153819 0.0885176
v 0.007758 0.0150004 0.0892368
v 0.007758 0.0151821 0.089
v -0.00798647 0.014262 0.089844
v -0.00698304 0.0146716 0.0895841
v 0.00346727 0.0137914 0.0899615
v -0.00404512 0.013895 0.0899499
v -0.00462253 0.0143178 0.0898019
v -0.00461741 0.014314 0.0898032
v 0.00356112 0.013895 0.0899499
v 0.004133 0.0143146 0.0898035
v 0.00414029 0.0143176 0.0898017
v 0.00491684 0.0146393 0.089608
v -0.00540084 0.0146393 0.089608
v -0.00565735 0.014697 0.0895637
v 0.00575547 0.01475 0.0895199
v 0.00632899 0.0147251 0.0895833
v 0.00811514 0.0150038 0.0892494
v -0.006242 0.01475 0.0895199
v 0.00517335 0.014697 0.0895637
v 0.00659916 0.0146393 0.089608
v 0.00741648 0.0143012 0.0898199
v 0.00848763 0.0132825 0.0898736
v 0.00862616 0.0134571 0.0898005
v 0.00857258 0.009875 0.0898266
v 0.00889726 0.0106588 0.0896438
v 0.00889802 0.0123392 0.0896419
v 0.00902505 0.011472 0.0895485
v 0.00920996 0.0134228 0.0893875
v 0.00947693 0.00514308 0.089182
v 0.00799841 0.0138636 0.0899521
v 0.00816464 0.0153759 0.0883793
v 0.00860182 0.014576 0.0895383
v 0.00956178 0.0143023 0.0881595
v 0.00932542 0.0146758 0.0882269
v 0.00900803 0.0149907 0.0882829
v 0.00862577 0.0151905 0.0884664
v 0.00885104 0.0140838 0.0895834
v 0.00956564 0.0136937 0.0888365
v 0.00901799 0.0146871 0.0889608
v 0.00937351 0.0141855 0.0889894
v 0.00956218 0.0141343 0.088538
v 0.00970948 0.0137084 0.0883801
v 0.00659916 0.00836074 0.088
v 0.00525405 0.00826437 0.088
v 0.004133 0.00868542 0.088
v 0.00311372 0.0095684 0.088
v 0.00250219 0.0111493 0.088
v 0.00283368 0.0123568 0.0879628
v 0.007383 0.0143146 0.088
v 0.00572933 0.0148107 0.0880027
v 0.004133 0.0143146 0.088
v 0.00316292 0.0134858 0.0880001
v 0.00772024 0.00887173 0.0880001
v 0.00893937 0.0105904 0.088
v 0.00867693 0.0131177 0.0879995
v -0.00310274 0.0123412 0.08925
v -0.002992 0.0115 0.088
v -0.00324705 0.0101758 0.088
v -0.00506061 0.00844589 0.088
v -0.00716777 0.00831716 0.0879999
v -0.0035981 0.013433 0.0880001
v -0.004617 0.0143146 0.088
v -0.00574143 0.0147363 0.0880002
v -0.0078859 0.0144035 0.0879997
v -0.00942982 0.0123995 0.0880003
v -0.00917258 0.00991265 0.0879995
v -0.00747648 0.0140667 0.0880045
v -0.00680474 0.0143267 0.0880295
v -0.00801511 0.0137384 0.0880651
v -0.00549284 0.0142471 0.0880001
v -0.00713303 0.0142121 0.0880295
v -0.00422583 0.0135245 0.0880037
v -0.005011 0.00893427 0.0880032
v -0.00845299 0.0133465 0.0879999
v -0.00550437 0.00874711 0.088
v -0.00444115 0.00928985 0.088003
v -0.00482583 0.0139713 0.0879999
v -0.0082393 0.00945864 0.088002
v -0.00655049 0.00864812 0.087999
v -0.0034051 0.0109059 0.0880157
v -0.0085833 0.0098202 0.0880076
v -0.007667 0.00903183 0.088
v -0.00845299 -0.0096535 0.0879999
v -0.004817 -0.00903183 0.088
v -0.00747648 -0.00893329 0.0880045
v -0.0042447 -0.00945864 0.088002
v -0.00549284 -0.0087529 0.0880001
v -0.00680474 -0.00867326 0.0880295
v -0.00801512 -0.00926158 0.0880651
v -0.007667 -0.0139682 0.088
v -0.0085833 -0.0131798 0.0880076
v -0.0082393 -0.0135414 0.088002
v -0.00655048 -0.0143519 0.087999
v -0.00902619 -0.0107652 0.088038
v -0.009092 -0.0115 0.088
v -0.00519348 -0.0141532 0.0880034
v -0.00444116 -0.0137102 0.088003
v -0.00387655 -0.00985258 0.0880031
v -0.00340509 -0.0120941 0.0880157
v 0.00354701 -0.0096535 0.0879999
v 0.007183 -0.00903183 0.088
v 0.00429852 -0.00901581 0.0880986
v 0.00486696 -0.00878793 0.0880295
v 0.0077553 -0.00945864 0.088002
v 0.00649563 -0.00874711 0.088
v 0.00415015 -0.0138279 0.088
v 0.00576828 -0.00862104 0.0880219
v 0.00511684 -0.0086963 0.0880198
v 0.00398488 -0.00926158 0.0880651
v 0.004333 -0.0139682 0.088
v 0.0034167 -0.0131798 0.0880076
v 0.00544952 -0.0143519 0.087999
v 0.00297382 -0.0107652 0.088038
v 0.00680652 -0.0141532 0.0880034
v 0.00755884 -0.0137102 0.088003
v 0.00859491 -0.0120941 0.0880157
v 0.00519526 0.0143267 0.0880295
v 0.00452352 0.0140667 0.0880045
v 0.00777417 0.0135245 0.0880037
v 0.00650716 0.0142471 0.0880001
v 0.00398489 0.0137384 0.0880651
v 0.00486697 0.0142121 0.0880295
v 0.00717417 0.0139713 0.0879999
v 0.00680652 0.00884676 0.0880034
v 0.00755885 0.00928985 0.088003
v 0.00354701 0.0133465 0.0879999
v 0.00410641 0.00915512 0.0880451
v 0.00544951 0.00864812 0.087999
v 0.00859491 0.0109059 0.0880157
v 0.0034167 0.00982021 0.0880076
v 0.00434183 0.00902873 0.0879999
v 0.00292109 0.0120941 0.0880157
v 0.00436567 0.0113537 0.08965
v 0.004361 0.0115916 0.08965
v 0.00444492 0.0121148 0.0896466
v 0.004358 0.0115 0.08965
v 0.00447437 0.0121065 0.0896496
v 0.00504151 0.0127028 0.0896499
v 0.0049802 0.0126641 0.08965
v 0.00476805 0.0124899 0.08965
v 0.00539312 0.0128594 0.0896504
v 0.00632743 0.012779 0.08965
v 0.005758 0.0128923 0.08965
v 0.00647793 0.0127008 0.08965
v 0.0065358 0.0126641 0.08965
v 0.00672249 0.0125204 0.08965
v 0.00715687 0.0115287 0.0896502
v 0.00715033 0.0113537 0.08965
v 0.00706325 0.0109483 0.0896496
v 0.0065809 0.0103674 0.08965
v 0.00682896 0.0105884 0.0896499
v 0.00585289 0.0100748 0.0896506
v 0.00632696 0.010178 0.0896414
v 0.0051388 0.0102444 0.08965
v 0.00502505 0.0103081 0.0896505
v 0.00480395 0.0103775 0.0896403
v 0.00722544 0.0138219 0.0883004
v 0.00519362 0.0101876 0.0896448
v 0.00765571 0.0111289 0.0893185
v 0.00706652 0.0120867 0.0896486
v 0.00702472 0.0129387 0.0893102
v 0.00645289 0.0130647 0.0895379
v 0.00577372 0.0129119 0.0896485
v 0.00492402 0.0134039 0.0892013
v 0.00477581 0.0126537 0.0896191
v 0.00431934 0.0115 0.0896295
v 0.00445286 0.0109217 0.0896479
v 0.00865092 0.0116847 0.0880281
v 0.0081897 0.00996558 0.0880074
v 0.00739513 0.00941054 0.0884518
v 0.00304732 0.0105331 0.088015
v 0.00286507 0.0113155 0.0880281
v 0.00601291 0.0143816 0.0880252
v 0.00640474 0.0140272 0.0885181
v 0.0055164 0.0089425 0.0886358
v 0.00545591 0.00936453 0.0891784
v 0.005758 0.0100613 0.0896295
v 0.00654999 0.00896656 0.0884285
v 0.00732766 0.00999806 0.0891678
v 0.00364254 0.0111114 0.0892547
v 0.0039546 0.0129387 0.0889292
v 0.005758 0.0135482 0.0891968
v 0.0075614 0.0100613 0.0889292
v 0.00847484 0.0125241 0.0881042
v 0.00805009 0.0132782 0.0880777
v 0.00545848 0.0125874 0.08965
v 0.0058386 0.0124947 0.08965
v 0.00640154 0.0127385 0.0896506
v 0.00529479 0.0127217 0.08965
v 0.00509709 0.0127313 0.0896501
v 0.0062461 0.0127343 0.08965
v 0.0060569 0.0125871 0.08965
v 0.00517911 0.0127463 0.08965
v 0.00538195 0.012651 0.08885
v 0.00561232 0.0125156 0.08905
v 0.00593199 0.0125168 0.08885
v 0.00615463 0.0126684 0.08885
v 0.00620086 0.0127066 0.08885
v 0.0062889 0.0127431 0.08885
v 0.00637353 0.0127425 0.08885
v 0.00643113 0.0127258 0.08885
v 0.00650917 0.0126755 0.08885
v 0.00655795 0.0126153 0.08965
v 0.00658153 0.0124868 0.08965
v 0.00657159 0.0124277 0.08965
v 0.00658285 0.0125398 0.08885
v 0.00494441 0.0124277 0.08885
v 0.00493696 0.0124895 0.08965
v 0.00493622 0.0125551 0.08885
v 0.00501107 0.0126791 0.08885
v 0.00497273 0.0126362 0.08965
v 0.00508487 0.0127258 0.08885
v 0.00520574 0.0127498 0.08885
v 0.00449207 0.0117201 0.08965
v 0.00466655 0.0117843 0.08965
v 0.00477213 0.011854 0.08965
v 0.00475652 0.0118273 0.08885
v 0.00485887 0.0119461 0.08965
v 0.00495015 0.0121252 0.08965
v 0.00496445 0.0121591 0.08885
v 0.00436159 0.0115443 0.08965
v 0.00444212 0.0116859 0.08965
v 0.00438924 0.0116218 0.08965
v 0.00449191 0.01128 0.08965
v 0.00446834 0.0112903 0.08885
v 0.0044065 0.011346 0.08965
v 0.00438409 0.0113863 0.08885
v 0.00435982 0.01147 0.08885
v 0.00436526 0.0114405 0.08965
v 0.00435982 0.01147 0.08965
v 0.00435982 0.01153 0.08885
v 0.00437423 0.0115882 0.08885
v 0.00444505 0.0116944 0.08885
v 0.00654993 0.0123031 0.08965
v 0.00655749 0.0121768 0.08965
v 0.00654216 0.0122037 0.08885
v 0.00662531 0.0119875 0.08965
v 0.00668768 0.0119037 0.08885
v 0.00633847 0.0108695 0.08885
v 0.00680771 0.0118029 0.08965
v 0.0071386 0.0116056 0.08965
v 0.00704656 0.0117087 0.08965
v 0.00702393 0.0117201 0.08885
v 0.00711994 0.0116397 0.08885
v 0.00715618 0.01153 0.08885
v 0.00715618 0.01147 0.08885
v 0.007158 0.0114853 0.08965
v 0.00713757 0.0113956 0.08965
v 0.00714177 0.0114118 0.08885
v 0.00707388 0.0113141 0.08965
v 0.0070244 0.0112802 0.08965
v 0.00696822 0.0112593 0.08965
v 0.00706646 0.0113006 0.08885
v 0.00496602 0.0106976 0.08885
v 0.00494928 0.0105978 0.08965
v 0.00495015 0.0108748 0.08885
v 0.00494356 0.0108967 0.08965
v 0.00482832 0.0110963 0.08885
v 0.00481262 0.011113 0.08965
v 0.00466655 0.0112157 0.08925
v 0.00496811 0.0103755 0.08965
v 0.00493903 0.0104534 0.08965
v 0.00531514 0.0102934 0.08965
v 0.00536137 0.0103316 0.08965
v 0.00521561 0.0102526 0.08965
v 0.00530508 0.0102927 0.08885
v 0.00516955 0.0102533 0.08885
v 0.00508487 0.0102742 0.08885
v 0.00510789 0.0102655 0.08965
v 0.0050566 0.0102876 0.0896497
v 0.00500689 0.0103239 0.08885
v 0.00493315 0.0104602 0.08885
v 0.00564275 0.010493 0.08885
v 0.00620054 0.0102935 0.08885
v 0.00655261 0.0107244 0.08885
v 0.00656908 0.0104187 0.08885
v 0.00637353 0.0102575 0.08885
v 0.00627825 0.0102591 0.08885
v 0.00643113 0.0102742 0.08885
v 0.00650509 0.0103208 0.08885
v 0.00669825 0.011128 0.08885
v 0.00658285 0.0104602 0.08965
v 0.00654998 0.0106976 0.08965
v 0.00650252 0.0103162 0.08965
v 0.00641788 0.0102685 0.08965
v 0.00640158 0.0102605 0.0896503
v 0.0062889 0.0102569 0.08965
v 0.00620036 0.0102936 0.08965
v 0.00605752 0.0104126 0.08965
v 0.00586444 0.0104937 0.0891409
v 0.00562047 0.0104878 0.08965
v 0.00545848 0.0104126 0.08965
v 0.00684945 0.0112157 0.08965
v 0.00668768 0.0110963 0.08965
v 0.00656585 0.0108748 0.08965
v 0.00436567 -0.0116463 0.08965
v 0.00436188 -0.0114252 0.0896509
v 0.00435798 -0.0115145 0.08965
v 0.00445049 -0.0108691 0.089643
v 0.0046024 -0.0106946 0.0896502
v 0.00505764 -0.0102867 0.0896498
v 0.0049351 -0.0103674 0.08965
v 0.00518857 -0.010221 0.08965
v 0.00551647 -0.0101172 0.0896504
v 0.00674795 -0.0105101 0.08965
v 0.00647794 -0.0102992 0.08965
v 0.0065358 -0.0103359 0.08965
v 0.00715687 -0.0114713 0.0896502
v 0.00712385 -0.0118143 0.0896503
v 0.007158 -0.0115 0.08965
v 0.0065358 -0.0126641 0.08965
v 0.00671595 -0.0125257 0.08965
v 0.00590434 -0.0128923 0.08965
v 0.00631092 -0.012818 0.0896468
v 0.00619062 -0.0128315 0.08965
v 0.00518857 -0.012779 0.08965
v 0.00547905 -0.0128733 0.0896505
v 0.00502505 -0.0126919 0.0896505
v 0.00460203 -0.012312 0.0896499
v 0.00410641 -0.0138449 0.0880451
v 0.00683821 -0.00906444 0.0884915
v 0.00717262 -0.012085 0.0896314
v 0.005758 -0.0129387 0.0896295
v 0.00478379 -0.0129729 0.0894426
v 0.00726614 -0.0129869 0.089161
v 0.00756008 -0.0115442 0.0893908
v 0.00706662 -0.0109132 0.0896485
v 0.00702472 -0.0100613 0.0893102
v 0.00630602 -0.0101856 0.0896484
v 0.00561139 -0.0099637 0.0896117
v 0.0045097 -0.00987013 0.0892523
v 0.00431934 -0.0115 0.0896295
v 0.00444977 -0.0121101 0.0896426
v 0.00865092 -0.0113154 0.0880281
v 0.00818967 -0.0130345 0.0880074
v 0.0030473 -0.0124668 0.088015
v 0.00286844 -0.0116889 0.0880155
v 0.00333873 -0.00993728 0.0880131
v 0.0055164 -0.0140575 0.0886358
v 0.00545591 -0.0136355 0.0891784
v 0.00654999 -0.0140334 0.0884285
v 0.00723818 -0.0135889 0.0886423
v 0.00364254 -0.0118886 0.0892547
v 0.00521061 -0.00945181 0.0891289
v 0.00658388 -0.00944008 0.0890454
v 0.00847482 -0.0104759 0.0881042
v 0.00805009 -0.00972178 0.0880777
v 0.00529479 -0.0102783 0.08965
v 0.00564676 -0.0105084 0.08965
v 0.00602052 -0.0104395 0.08965
v 0.00640155 -0.0102615 0.0896506
v 0.0062461 -0.0102657 0.08965
v 0.00515859 -0.0102531 0.08965
v 0.00545848 -0.0104126 0.08885
v 0.00562047 -0.0104878 0.08885
v 0.00587325 -0.010493 0.08885
v 0.00605752 -0.0104126 0.08885
v 0.00620036 -0.0102936 0.08885
v 0.006318 -0.0102507 0.08885
v 0.00643113 -0.0102742 0.08885
v 0.00648305 -0.0103041 0.08885
v 0.00652624 -0.0103457 0.08885
v 0.00650591 -0.0103236 0.08965
v 0.00653324 -0.0103486 0.0896514
v 0.00658221 -0.0104776 0.08965
v 0.00657249 -0.010429 0.08885
v 0.00655001 -0.0106981 0.08965
v 0.00658155 -0.0105135 0.08885
v 0.00493447 -0.0105132 0.08965
v 0.00497146 -0.0107496 0.0892944
v 0.00493443 -0.0105137 0.08885
v 0.00495502 -0.0103861 0.08965
v 0.00495606 -0.0103904 0.08885
v 0.00503295 -0.0103041 0.08885
v 0.00514437 -0.0102519 0.08885
v 0.00529812 -0.0102811 0.08885
v 0.00466655 -0.0112157 0.08885
v 0.004486 -0.0112886 0.08965
v 0.00485625 -0.0110724 0.08885
v 0.00477213 -0.011146 0.08965
v 0.00490213 -0.0109926 0.08965
v 0.00495851 -0.0108232 0.08965
v 0.00437843 -0.0113956 0.08965
v 0.00449191 -0.01172 0.08965
v 0.00446834 -0.0117097 0.08885
v 0.0044065 -0.011654 0.08965
v 0.00436865 -0.011585 0.08885
v 0.00436526 -0.0115595 0.08965
v 0.00435982 -0.01147 0.08885
v 0.00438603 -0.0113812 0.08885
v 0.00444212 -0.0113141 0.08885
v 0.00449191 -0.01128 0.08885
v 0.00655027 -0.0108717 0.08885
v 0.00657244 -0.0108967 0.08965
v 0.00674387 -0.011146 0.08885
v 0.00675067 -0.0111634 0.08965
v 0.0071386 -0.0113944 0.08965
v 0.00704357 -0.0112888 0.08965
v 0.00703 -0.0112886 0.08885
v 0.00713191 -0.0113863 0.08885
v 0.00715618 -0.01147 0.08885
v 0.00715618 -0.01153 0.08885
v 0.00715628 -0.0115336 0.0896502
v 0.00713254 -0.011615 0.08885
v 0.00713518 -0.0116084 0.08965
v 0.00707388 -0.0116859 0.08885
v 0.00702409 -0.01172 0.08885
v 0.00493155 -0.012512 0.08965
v 0.00496502 -0.0122855 0.08885
v 0.00490213 -0.0120074 0.08885
v 0.00496445 -0.0121591 0.08965
v 0.00480561 -0.0118816 0.0894214
v 0.00466655 -0.0117843 0.08917
v 0.00496811 -0.0126245 0.08965
v 0.00538195 -0.012651 0.08965
v 0.00531564 -0.0127064 0.08885
v 0.00519486 -0.0127523 0.08965
v 0.00526108 -0.0127326 0.08885
v 0.00520238 -0.0127447 0.08885
v 0.00514248 -0.0127425 0.08885
v 0.00508487 -0.0127258 0.08885
v 0.00505902 -0.0127139 0.0896497
v 0.00498396 -0.0126555 0.08885
v 0.00493903 -0.0125466 0.08885
v 0.00654346 -0.012633 0.08885
v 0.00658221 -0.0125224 0.08885
v 0.00643349 -0.0127309 0.08885
v 0.00657159 -0.0124277 0.08885
v 0.00623955 -0.0127329 0.08885
v 0.00605752 -0.0125874 0.08885
v 0.00675067 -0.0118366 0.08885
v 0.00552223 -0.0125478 0.08885
v 0.0058386 -0.0124947 0.08885
v 0.00658304 -0.0125116 0.08965
v 0.00654997 -0.0123025 0.08925
v 0.00653979 -0.0126428 0.08965
v 0.00646712 -0.0127072 0.0896499
v 0.00641728 -0.0127317 0.08965
v 0.00627803 -0.0127461 0.08965
v 0.00601288 -0.0125544 0.08965
v 0.0056774 -0.0124947 0.08965
v 0.00703 -0.0117114 0.08965
v 0.00674387 -0.011854 0.08965
v 0.00661073 -0.0120156 0.0894214
v 0.00655749 -0.0121768 0.08917
v -0.00763433 -0.0116463 0.08965
v -0.00752096 -0.0120694 0.08965
v -0.007639 -0.0114084 0.08965
v -0.007642 -0.0115 0.08965
v -0.00755085 -0.0109001 0.0896484
v -0.006942 -0.0102876 0.08965
v -0.00702298 -0.0103557 0.0896515
v -0.00696758 -0.0103039 0.0896502
v -0.00706763 -0.0103698 0.0896537
v -0.005798 -0.0101644 0.0896499
v -0.00551646 -0.0103028 0.08965
v -0.0052447 -0.0105052 0.0896502
v -0.00484967 -0.0113537 0.08965
v -0.0049113 -0.011032 0.0896498
v -0.00483904 -0.0115029 0.0896519
v -0.00487259 -0.0117911 0.08965
v -0.0050864 -0.0123054 0.0896502
v -0.00546161 -0.0126536 0.0896508
v -0.00622788 -0.0129165 0.0896504
v -0.00570624 -0.0127934 0.08965
v -0.00675912 -0.0127474 0.0896534
v -0.0068612 -0.0127556 0.08965
v -0.00818747 -0.0133337 0.0886419
v -0.00477456 -0.00917809 0.0883004
v -0.00484698 -0.0122418 0.0895485
v -0.00719605 -0.0126225 0.0896403
v -0.00680228 -0.0128166 0.0896435
v -0.00567311 -0.0128136 0.0896463
v -0.00484698 -0.0107582 0.0895485
v -0.00689518 -0.0100613 0.0895485
v -0.00636328 -0.0100913 0.0896505
v -0.00750872 -0.0100613 0.0893102
v -0.00768066 -0.0115 0.0896295
v -0.00755023 -0.0121101 0.0896426
v -0.00334308 -0.0123729 0.0879712
v -0.00460486 -0.0135895 0.0884518
v -0.00895271 -0.0124668 0.088015
v -0.00913492 -0.0116847 0.0880281
v -0.00866126 -0.00993726 0.0880131
v -0.00598708 -0.00861839 0.0880252
v -0.00559526 -0.00897281 0.0885181
v -0.0064836 -0.0140575 0.0886358
v -0.00654409 -0.0136355 0.0891784
v -0.006242 -0.0129387 0.0896295
v -0.00545001 -0.0140334 0.0884285
v -0.00482412 -0.0132041 0.0890841
v -0.00825862 -0.010742 0.0891793
v -0.00720876 -0.00885884 0.0882899
v -0.00585292 -0.00961302 0.0893329
v -0.00521591 -0.0096665 0.089194
v -0.00425595 -0.0122418 0.0891289
v -0.00334468 -0.0114047 0.0881792
v -0.00400165 -0.0106815 0.0888677
v -0.0044386 -0.0100613 0.0889292
v -0.006242 -0.0105056 0.08917
v -0.00557536 -0.0102707 0.0896502
v -0.00647777 -0.0104522 0.08965
v -0.00690466 -0.0102694 0.0896501
v -0.00668436 -0.0102936 0.08965
v -0.00688558 -0.0102605 0.0896503
v -0.00569961 -0.0102526 0.08965
v -0.0067729 -0.0102569 0.08965
v -0.00595827 -0.0104205 0.08965
v -0.00642838 -0.0104692 0.08885
v -0.00600623 -0.0104522 0.08885
v -0.00584537 -0.0103316 0.08885
v -0.00571182 -0.0102503 0.08885
v -0.00551379 -0.0102996 0.08885
v -0.00543661 -0.0104003 0.08965
v -0.00543328 -0.0105978 0.08965
v -0.00541715 -0.0104602 0.08885
v -0.00703398 -0.0106976 0.08965
v -0.00706621 -0.0104776 0.08885
v -0.00702746 -0.010367 0.08885
v -0.00696705 -0.0103041 0.08885
v -0.00691513 -0.0102742 0.08885
v -0.00685753 -0.0102575 0.08885
v -0.00676225 -0.0102591 0.08885
v -0.00661804 -0.010349 0.08885
v -0.00753166 -0.0112903 0.08965
v -0.00728645 -0.0111929 0.08885
v -0.00715637 -0.0111005 0.08965
v -0.00710932 -0.0110125 0.08885
v -0.00702773 -0.010752 0.08885
v -0.00704149 -0.0108232 0.08965
v -0.00763841 -0.0114557 0.08965
v -0.00761076 -0.0113782 0.08965
v -0.00728512 -0.011806 0.08925
v -0.00750793 -0.0117201 0.08885
v -0.00755495 -0.0116944 0.08965
v -0.00758398 -0.0116618 0.08885
v -0.00762577 -0.0115882 0.08885
v -0.00763389 -0.011569 0.08965
v -0.00764368 -0.0115011 0.08885
v -0.00760489 -0.011358 0.08885
v -0.00750809 -0.01128 0.08885
v -0.00545481 -0.0107424 0.08885
v -0.00538313 -0.0110259 0.08965
v -0.00538613 -0.0109926 0.08885
v -0.00525613 -0.011146 0.08885
v -0.00515055 -0.0112157 0.08885
v -0.00503178 -0.0112593 0.08885
v -0.00486443 -0.0113896 0.08965
v -0.00497451 -0.0112837 0.08965
v -0.00491733 -0.0113159 0.08885
v -0.00484722 -0.0114426 0.08885
v -0.00484382 -0.01153 0.08885
v -0.00484597 -0.0115577 0.0896509
v -0.00491732 -0.0116841 0.08965
v -0.00489928 -0.0116734 0.08885
v -0.00706845 -0.012512 0.08965
v -0.00703021 -0.012251 0.08885
v -0.00703393 -0.0123031 0.08965
v -0.00710087 -0.0119741 0.08965
v -0.00709787 -0.0120074 0.08885
v -0.00695462 -0.0127052 0.08965
v -0.00701707 -0.0126508 0.0896509
v -0.00654067 -0.012587 0.0890605
v -0.00674489 -0.0127393 0.08885
v -0.00685753 -0.0127425 0.08885
v -0.00691513 -0.0127258 0.08885
v -0.00687872 -0.0127398 0.08965
v -0.00696705 -0.0126959 0.08885
v -0.00703086 -0.0126288 0.08885
v -0.00706097 -0.0125466 0.08885
v -0.00706555 -0.0124865 0.08885
v -0.00544006 -0.0126096 0.08885
v -0.0055402 -0.0127133 0.08885
v -0.00541843 -0.0124863 0.08885
v -0.00565433 -0.0127479 0.08885
v -0.00611608 -0.0125116 0.0891167
v -0.00534287 -0.0119461 0.08885
v -0.00578213 -0.0127189 0.08885
v -0.00545242 -0.0122281 0.08885
v -0.00540612 -0.0120556 0.08885
v -0.00542096 -0.0124895 0.08965
v -0.00547901 -0.0126618 0.08965
v -0.00553003 -0.0127055 0.0896499
v -0.00557934 -0.0127306 0.0896501
v -0.00572197 -0.0127461 0.08965
v -0.00597166 -0.0125662 0.0891167
v -0.00626217 -0.0124963 0.0893071
v -0.00642838 -0.0125308 0.08917
v -0.00515133 -0.0117848 0.0890853
v -0.00525613 -0.011854 0.08925
v -0.00542085 -0.0120672 0.08965
v -0.007639 0.0114084 0.08965
v -0.00760784 0.0111857 0.0896503
v -0.00753709 0.0108905 0.0896484
v -0.00775947 0.0115799 0.0896184
v -0.00760785 0.0118143 0.0896503
v -0.007642 0.0115 0.08965
v -0.00695849 0.0127028 0.0896499
v -0.00706837 0.0126314 0.08965
v -0.0066069 0.0128594 0.0896504
v -0.00567257 0.012779 0.08965
v -0.00555629 0.0127205 0.0896499
v -0.00484584 0.0115748 0.0896508
v -0.0049113 0.011968 0.0896498
v -0.00493449 0.0108691 0.089643
v -0.0050864 0.0106946 0.0896502
v -0.0054191 0.0103674 0.08965
v -0.00600043 0.0101173 0.0896504
v -0.0055683 0.0102744 0.08965
v -0.0066069 0.0101406 0.0896504
v -0.00695182 0.0102932 0.08965
v -0.00699257 0.0103213 0.0896503
v -0.0072006 0.0104747 0.08965
v -0.00818747 0.0096663 0.0886419
v -0.00477456 0.0138219 0.0883004
v -0.00750872 0.0100613 0.0893102
v -0.00567589 0.0101828 0.0896461
v -0.00482868 0.011495 0.0896486
v -0.00484698 0.0122418 0.0895485
v -0.00528876 0.0126236 0.0896403
v -0.00554711 0.0130647 0.0895379
v -0.0062247 0.0129097 0.0896489
v -0.00707598 0.0134039 0.0892013
v -0.00717765 0.0126827 0.0896269
v -0.00866123 0.0130628 0.0880131
v -0.00916599 0.0117643 0.0880103
v -0.00877544 0.0115 0.0886282
v -0.00598709 0.0143816 0.0880252
v -0.00559526 0.0140272 0.0885181
v -0.00334908 0.0116846 0.0880281
v -0.00381029 0.00996559 0.0880074
v -0.00460486 0.00941054 0.0884518
v -0.00895269 0.0105332 0.088015
v -0.00688874 0.00897281 0.0885181
v -0.00705357 0.00958407 0.0891985
v -0.00582016 0.00895789 0.0885958
v -0.00598472 0.00959564 0.0893263
v -0.00498005 0.00976344 0.0891424
v -0.00765662 0.012085 0.0896314
v -0.0080454 0.0129387 0.0889292
v -0.006242 0.0135482 0.0891968
v -0.00422538 0.010742 0.0891793
v -0.00352517 0.0125241 0.0881042
v -0.00394991 0.0132782 0.0880777
v -0.00647777 0.0125478 0.08965
v -0.00605562 0.0125308 0.08917
v -0.00668436 0.0127064 0.08965
v -0.00622183 0.0124963 0.0893071
v -0.0059431 0.0125871 0.08965
v -0.0056174 0.0127416 0.08965
v -0.00673891 0.0127326 0.08965
v -0.00690291 0.0127313 0.0896501
v -0.0057539 0.0127343 0.08965
v -0.00682089 0.0127463 0.08965
v -0.00661805 0.012651 0.08885
v -0.00637952 0.0125122 0.08885
v -0.00594351 0.0125869 0.08885
v -0.00579914 0.0127066 0.08885
v -0.00568199 0.0127493 0.08885
v -0.00556887 0.0127258 0.08885
v -0.00551695 0.0126959 0.08885
v -0.00550677 0.0126892 0.0896505
v -0.00545211 0.0126245 0.08965
v -0.00542303 0.0125466 0.08965
v -0.00543573 0.0126032 0.08885
v -0.00543328 0.0124022 0.08965
v -0.00541845 0.0124865 0.08885
v -0.00706555 0.0124865 0.08965
v -0.00703401 0.0123019 0.08885
v -0.00705649 0.012571 0.08965
v -0.00706378 0.0125551 0.08885
v -0.00698893 0.0126791 0.08885
v -0.00700603 0.0126604 0.08965
v -0.00691513 0.0127258 0.08885
v -0.00679426 0.0127498 0.08885
v -0.00745222 0.0117407 0.08965
v -0.00755046 0.0116994 0.08885
v -0.00733345 0.0117843 0.08965
v -0.00722787 0.011854 0.08965
v -0.00714113 0.0119461 0.08965
v -0.00718225 0.011872 0.08885
v -0.00704149 0.0121768 0.08885
v -0.00702981 0.0121914 0.08965
v -0.00763936 0.0115377 0.08965
v -0.00761918 0.0116084 0.08965
v -0.00753954 0.0117026 0.08965
v -0.00750809 0.01128 0.08965
v -0.0075935 0.011346 0.08965
v -0.00755593 0.0113028 0.08885
v -0.00762577 0.0114118 0.08885
v -0.00764018 0.01147 0.08885
v -0.00763835 0.0114551 0.08965
v -0.00763556 0.0115628 0.08885
v -0.00545419 0.0121914 0.08885
v -0.00542756 0.0121033 0.08965
v -0.00529662 0.011887 0.08965
v -0.00525243 0.0118322 0.08885
v -0.00515112 0.0117847 0.08965
v -0.00487589 0.0116385 0.08965
v -0.00497561 0.0117198 0.08965
v -0.00497561 0.0117198 0.08885
v -0.00488006 0.0116397 0.08885
v -0.00484382 0.01153 0.08885
v -0.00484382 0.01147 0.08885
v -0.00484239 0.0114703 0.08965
v -0.00485823 0.0114118 0.08885
v -0.00490281 0.0113273 0.08965
v -0.00520139 0.0111935 0.08965
v -0.00492906 0.0113056 0.08885
v -0.00705559 0.0105723 0.08965
v -0.00703393 0.0106969 0.08965
v -0.00702919 0.0107424 0.08885
v -0.00707788 0.0109444 0.08885
v -0.00705644 0.0108967 0.08965
v -0.00716673 0.011089 0.0891167
v -0.00733345 0.0112157 0.08885
v -0.00728645 0.0111929 0.08965
v -0.00698547 0.0103194 0.08965
v -0.00706378 0.0104449 0.08965
v -0.00675337 0.0102545 0.08965
v -0.00668436 0.0102936 0.08885
v -0.006802 0.0102507 0.08885
v -0.00691513 0.0102742 0.08885
v -0.0069078 0.0102704 0.0896502
v -0.00699317 0.0103245 0.08885
v -0.00706685 0.0104602 0.08885
v -0.00579946 0.0102935 0.08885
v -0.00551695 0.0103041 0.08885
v -0.00547376 0.0103457 0.08885
v -0.00562647 0.0102575 0.08885
v -0.00556887 0.0102742 0.08885
v -0.00572175 0.0102591 0.08885
v -0.00541555 0.010488 0.08885
v -0.00544183 0.0103964 0.08885
v -0.00598576 0.0104419 0.08885
v -0.00635324 0.0105084 0.08885
v -0.00524052 0.0111727 0.08885
v -0.00542756 0.0108967 0.08885
v -0.00545007 0.0106969 0.08885
v -0.0054151 0.0104665 0.08965
v -0.00549761 0.010316 0.0896501
v -0.00564259 0.0102531 0.08965
v -0.00576867 0.010275 0.08965
v -0.00603494 0.0104769 0.08965
v -0.00645932 0.0104691 0.08965
v -0.00544973 0.0108717 0.08965
v -0.011242 0.0137889 0.049992
v -0.011242 0.0138203 0.0500825
v -0.0112247 0.0138078 0.0449248
v -0.011242 0.0138319 0.0448929
v -0.011242 0.0137541 0.0478063
v -0.011242 0.0137541 0.0470558
v -0.011242 0.0137624 0.0453909
v -0.011242 0.0126653 0.0500809
v -0.011242 0.0137541 0.0468399
v -0.0112397 0.0126593 0.0448863
v -0.011242 0.0127306 0.0470558
v -0.011242 0.0127306 0.0478132
v -0.011242 0.0127232 0.0495184
v -0.011242 0.0138428 0.0448379
v -0.011242 0.0127304 0.0484695
v -0.011242 0.0126349 0.0501606
v -0.011242 0.00953671 0.0478063
v -0.011242 0.00856067 0.0456909
v -0.011242 0.00813708 0.0457632
v -0.011242 0.00804229 0.0458001
v -0.011242 0.00953392 0.0491982
v -0.011242 0.0105534 0.0478063
v -0.011242 0.0120002 0.0458001
v -0.011242 0.0118296 0.0457067
v -0.011242 0.00949884 0.0500022
v -0.011242 0.00945991 0.0501074
v -0.011242 0.00953671 0.0456909
v -0.011242 0.0106041 0.0500881
v -0.011242 0.0120477 0.0458001
v -0.011242 0.010648 0.0501184
v -0.011242 0.0105534 0.0456909
v -0.011242 0.00944122 0.0501606
v -0.011242 0.0106559 0.0501606
v -0.011242 0.0106559 0.0501196
v -0.011242 0.0120477 0.0448379
v -0.011242 0.00804229 0.0448379
v -0.011242 0.00720072 0.0615087
v -0.0119296 0.00725825 0.0600066
v -0.0117875 0.012855 0.0558257
v -0.0112353 -0.00996232 0.0448552
v -0.011242 -0.0117344 0.0449074
v -0.011242 -0.0117427 0.050112
v -0.011242 -0.0117611 0.0448802
v -0.011242 -0.0117099 0.0500272
v -0.011242 -0.011674 0.0470556
v -0.011242 -0.011674 0.0478063
v -0.011242 -0.0116789 0.0494423
v -0.011242 -0.0116749 0.048917
v -0.011242 -0.00912179 0.0501332
v -0.011242 -0.00928063 0.0477013
v -0.011242 -0.00787546 0.0501399
v -0.011242 -0.0086552 0.0470142
v -0.0112287 -0.0106288 0.0501178
v -0.011242 -0.00832341 0.0495805
v -0.011242 -0.00904665 0.0451878
v -0.011242 -0.0117559 0.0501606
v -0.011242 -0.0106231 0.0501606
v -0.011242 -0.00890347 0.0501606
v -0.011242 -0.0112577 0.0448311
v -0.0112277 -0.00911124 0.0501408
v -0.011242 -0.0106777 0.0500436
v -0.011242 -0.0105205 0.048052
v -0.011242 -0.0156341 0.0509262
v -0.011242 -0.015335 0.0522236
v -0.011242 -0.0173735 0.0502418
v -0.011242 -0.0158352 0.0505576
v -0.011242 -0.0153108 0.0525651
v -0.011242 -0.0156222 0.052763
v -0.011242 -0.0178195 0.0531441
v -0.0112256 -0.0154862 0.0527243
v -0.011242 -0.00507506 0.0502492
v -0.011242 -0.00784543 0.0475197
v -0.011232 -0.00742842 0.0490727
v -0.011242 -0.00726591 0.0457693
v -0.01123 -0.00782679 0.047891
v -0.011242 -0.00610646 0.0449549
v -0.011242 -0.00500665 0.0447697
v -0.011242 -0.00376317 0.0450012
v -0.011236 -0.00373429 0.0499615
v -0.0112334 -0.0024184 0.0465486
v -0.011242 0.00500494 0.0502492
v -0.011242 0.00295992 0.0493765
v -0.011242 0.00101879 0.049861
v -0.011242 -0.00154169 0.0500528
v -0.011242 0.00163782 0.0483353
v -0.011242 0.00126759 0.0454971
v -0.011242 0.00130604 0.0476926
v -0.011242 0.00145736 0.0463017
v -0.011242 -0.00114369 0.0501606
v -0.011242 -0.00158948 0.0501232
v -0.0112342 0.00240855 0.0463041
v -0.011242 -0.000570624 0.0501742
v -0.011242 0.00386494 0.0500152
v -0.011242 0.00036772 0.0500975
v -0.011242 -0.00152566 0.0499868
v -0.01123 0.00344617 0.045234
v -0.011242 0.00365335 0.0451149
v -0.011242 0.00036315 0.0448976
v -0.011242 -0.00149258 0.0460963
v -0.011242 -0.00155397 0.0449148
v -0.011242 -0.00149337 0.0490211
v -0.011242 -0.00077017 0.0448259
v -0.011242 -0.000393249 0.0448242
v -0.011242 -0.00111649 0.0448378
v -0.0112287 0.00110255 0.0452653
v -0.011242 0.00463345 0.0448207
v -0.011242 0.00434081 0.0448547
v -0.011242 -0.00158006 0.0448563
v -0.011242 -0.00149185 0.0470556
v -0.011242 -0.00149185 0.0478062
v -0.011242 0.00471727 0.044811
v -0.011242 0.00532541 0.0447704
v -0.011242 0.00779609 0.0474678
v -0.011242 0.00771717 0.0467855
v -0.011242 0.0067643 0.0453145
v -0.01123 0.00751261 0.0461645
v -0.011242 0.0192698 0.0499787
v -0.011242 0.0192012 0.04947
v -0.0112383 0.016947 0.0502749
v -0.011242 0.0184869 0.0504824
v -0.011242 0.0192186 0.0508464
v -0.011242 0.0192698 0.0508682
v -0.0112309 0.0156575 0.0497537
v -0.011242 0.015129 0.0457716
v -0.011227 0.0146766 0.046615
v -0.011232 0.0146005 0.0484102
v -0.011242 0.0162922 0.0449571
v -0.0112391 0.017672 0.0447594
v -0.011242 -0.0135183 0.0481204
v -0.011242 -0.0132405 0.0500304
v -0.011242 -0.0183647 0.0469378
v -0.011242 -0.016555 0.0471495
v -0.011242 -0.0173851 0.0472996
v -0.011242 -0.0182091 0.0491065
v -0.011242 -0.0187742 0.0468906
v -0.011242 -0.0187742 0.0500268
v -0.011242 -0.0180753 0.0483399
v -0.011242 -0.0179107 0.0501584
v -0.011242 -0.0138949 0.0502328
v -0.011242 -0.0157262 0.0499733
v -0.011242 -0.0138986 0.0468426
v -0.011242 -0.0178385 0.0474728
v -0.0112308 -0.0180217 0.0495941
v -0.0112287 -0.013855 0.0468703
v -0.011242 -0.0141246 0.0467512
v -0.011242 -0.0142294 0.0461716
v -0.011242 -0.0143697 0.0448207
v -0.011242 -0.0141082 0.0459099
v -0.011242 -0.0182254 0.0494132
v -0.011242 -0.0185676 0.0469351
v -0.0115753 -0.00733364 0.0627419
v -0.011242 0.0197185 0.0510272
v -0.011242 0.0196804 0.051039
v -0.011242 0.0199507 0.0502418
v -0.011242 0.0203353 0.0503572
v -0.011242 0.0194797 0.0500716
v -0.011242 0.0200351 0.0467898
v -0.011242 0.0201144 0.0474762
v -0.0112389 0.0198833 0.0485945
v -0.01123 0.0198305 0.0461679
v -0.011242 -0.0180636 0.043435
v -0.011242 -0.0165967 0.0436997
v -0.011242 -0.0146193 0.0441221
v -0.0112325 -0.0183701 0.0434389
v -0.011242 -0.0186099 0.0437764
v -0.011242 -0.0188086 0.0448207
v -0.0112363 -0.0188466 0.0468637
v -0.011242 -0.0192922 0.0499478
v -0.011242 -0.0195455 0.0499558
v -0.011242 -0.0189209 0.0468172
v -0.011242 -0.0189927 0.0467542
v -0.011242 -0.0198201 0.0502418
v -0.011242 -0.0197069 0.0500396
v -0.011242 -0.0190485 0.046676
v -0.011242 -0.0191063 0.0464905
v -0.011242 -0.020222 0.0522748
v -0.011242 -0.0198353 0.0502786
v -0.011242 -0.0187742 0.0533075
v -0.011242 -0.0203391 0.0529812
v -0.011242 -0.0201815 0.053376
v -0.011242 -0.0203241 0.0528073
v -0.011992 -0.016183 0.0657111
v -0.011842 -0.0176948 0.0638613
v -0.011692 -0.0154109 0.0563879
v -0.011242 -0.0123898 0.06689
v -0.0115154 -0.0136792 0.0668722
v -0.011242 0.0127887 0.0669193
v -0.011242 0.0127 0.06692
v -0.011242 0.0141943 0.0667111
v -0.011242 -0.00474207 0.0502105
v -0.011242 0.0123413 0.0502418
v -0.011242 0.0192698 0.0547144
v -0.011242 0.0122518 0.0537995
v -0.011242 0.0185332 0.0449955
v -0.011242 0.0192698 0.0522748
v -0.011242 -0.00630234 0.04265
v -0.011242 -0.0187742 0.0547144
v -0.011242 -0.0135183 0.0547144
v -0.011242 0.00471727 0.0440653
v -0.011242 -0.0135183 0.0502418
v -0.011242 -0.0135183 0.0448207
v -0.011242 -0.0123898 0.0502418
v -0.011242 -0.012954 0.044443
v -0.011242 0.0141943 0.0448207
v -0.011242 0.0138567 0.0501394
v -0.011242 0.00791911 0.0448207
v -0.011242 0.00791911 0.0502418
v -0.011242 -0.00193233 0.0448207
v -0.011242 -0.00193233 0.0502418
v -0.011242 0.00551773 0.0529863
v -0.011242 -0.00786266 0.0448207
v -0.011242 -0.00786266 0.0502418
v -0.011242 -0.00786266 0.0522748
v -0.011242 -0.00673171 0.0541045
v -0.011242 0.0123413 0.0448207
v -0.011222 -0.0117494 0.0448938
v -0.0112347 -0.0117094 0.0449654
v -0.011222 -0.0116842 0.0452908
v -0.011222 -0.011674 0.0470556
v -0.011222 -0.0117559 0.0448513
v -0.011222 -0.0112577 0.0448311
v -0.01123 -0.0106162 0.0448173
v -0.011222 -0.0101682 0.0448361
v -0.011222 -0.00929992 0.0450698
v -0.011222 -0.00884411 0.0454778
v -0.0112264 -0.00860477 0.0460945
v -0.011222 -0.00866134 0.0469109
v -0.011222 -0.0089904 0.0474616
v -0.0112275 -0.00955763 0.0478585
v -0.011222 -0.00955883 0.0478611
v -0.011222 -0.00788205 0.0501219
v -0.011222 -0.00811898 0.0498542
v -0.011222 -0.00787989 0.0501606
v -0.011222 -0.00890347 0.0501606
v -0.011222 -0.0105205 0.048052
v -0.011226 -0.0107054 0.048052
v -0.011222 -0.0106605 0.0500581
v -0.011222 -0.0106922 0.0497571
v -0.011222 -0.0106231 0.0501606
v -0.011222 -0.0116749 0.048917
v -0.011222 -0.011674 0.0478063
v -0.011222 -0.0116789 0.0494423
v -0.011222 -0.0117165 0.0500618
v -0.011222 -0.011737 0.0501033
v -0.011222 -0.0117618 0.0501348
v -0.011222 -0.0197968 0.0501796
v -0.011222 -0.0196728 0.0500184
v -0.01123 -0.0194906 0.0499397
v -0.011222 -0.0192922 0.0499478
v -0.011222 -0.0198524 0.0503457
v -0.011222 -0.0178195 0.0531441
v -0.011222 -0.0157539 0.0506453
v -0.011222 -0.0202597 0.0532349
v -0.011222 -0.0201618 0.0533282
v -0.011222 -0.0203241 0.0528073
v -0.0112264 -0.0198158 0.0534703
v -0.011222 -0.0203214 0.0531003
v -0.011222 -0.0203391 0.0529812
v -0.011222 -0.0153112 0.0524179
v -0.011222 -0.015341 0.0525814
v -0.011222 -0.015335 0.0522236
v -0.0112287 -0.0164451 0.0503882
v -0.011222 -0.0196033 0.0534494
v -0.011222 -0.015331 0.0522413
v -0.011222 -0.0179107 0.0501584
v -0.011222 -0.0166235 0.0503582
v -0.011222 -0.0023139 0.0478953
v -0.01123 -0.00239848 0.0483023
v -0.0112294 -0.00252101 0.0484306
v -0.011222 -0.0043736 0.0501678
v -0.011222 -0.00507506 0.0502492
v -0.011222 -0.00228406 0.0474719
v -0.011222 -0.00554386 0.0502118
v -0.0112282 -0.00648179 0.0499413
v -0.011227 -0.00771438 0.046621
v -0.011222 -0.00716052 0.0456889
v -0.011222 -0.00669631 0.0452636
v -0.011222 -0.0057391 0.0448547
v -0.011222 -0.00473158 0.0447651
v -0.011222 -0.00360804 0.0451125
v -0.011227 -0.00280394 0.0458155
v -0.0112345 -0.0022839 0.047467
v -0.011222 0.0015582 0.0492703
v -0.0112349 0.00167269 0.0490237
v -0.011222 0.00118073 0.0497239
v -0.011222 0.000691219 0.0500217
v -0.011222 -0.000570624 0.0501742
v -0.011222 -0.00119998 0.0501588
v -0.011222 -0.0015806 0.0501401
v -0.011222 -0.00149337 0.0490211
v -0.011222 -0.00149185 0.0478062
v -0.011222 -0.00152566 0.0499868
v -0.011222 -0.00156878 0.050096
v -0.011222 -0.00149185 0.0470556
v -0.011222 -0.00149258 0.0460963
v -0.011222 -0.00152266 0.0450207
v -0.0112221 -0.00157487 0.0448766
v -0.011222 -0.00103137 0.0448329
v -0.011222 -0.000393249 0.0448242
v -0.011222 8.70264e-05 0.0448549
v -0.011222 0.00060135 0.0449702
v -0.0112253 0.0014609 0.0460635
v -0.011222 0.0013901 0.0466379
v -0.0112393 0.00118379 0.0470629
v -0.011222 0.00100681 0.0471875
v -0.011226 0.000616972 0.0473737
v -0.011222 0.00123453 0.0476635
v -0.011222 0.00158909 0.0481551
v -0.011222 0.00776614 0.047895
v -0.01123 0.00749443 0.0488746
v -0.0112353 0.00634556 0.0499615
v -0.011222 0.00570625 0.0501678
v -0.011222 0.00481163 0.0502501
v -0.011222 0.00779594 0.0474719
v -0.011232 0.00413947 0.0501223
v -0.0112256 0.00293383 0.0494001
v -0.011236 0.00242184 0.0485402
v -0.011234 0.00219781 0.0475301
v -0.011222 0.00434081 0.0448547
v -0.011222 0.00507335 0.0447697
v -0.01123 0.00617184 0.0449537
v -0.011222 0.00710224 0.0456212
v -0.011222 0.00779594 0.047465
v -0.011222 0.00953671 0.0456909
v -0.011222 0.00953671 0.0478063
v -0.011222 0.0105534 0.0478063
v -0.011222 0.0105662 0.0497076
v -0.011222 0.00953392 0.0491982
v -0.011222 0.0105534 0.0456909
v -0.011222 0.00949305 0.0500364
v -0.011222 0.010594 0.0500236
v -0.011222 0.0120477 0.0448379
v -0.011222 0.00946828 0.0500934
v -0.011222 0.0115361 0.0456909
v -0.011222 0.0106559 0.0501606
v -0.011222 0.0119184 0.0457431
v -0.011222 0.00943505 0.0501362
v -0.011222 0.0106337 0.0501149
v -0.011222 0.00804229 0.0448379
v -0.011222 0.0120477 0.0458001
v -0.011222 0.00810304 0.0457678
v -0.011222 0.0138412 0.0501142
v -0.011222 0.013803 0.0500382
v -0.011222 0.0137661 0.049677
v -0.011222 0.0137541 0.0478063
v -0.011222 0.0127306 0.0470558
v -0.011222 0.0127306 0.0478132
v -0.011222 0.0127304 0.0484695
v -0.011222 0.0137541 0.0470558
v -0.011222 0.0127186 0.0452798
v -0.011222 0.0137541 0.0468399
v -0.011222 0.0126713 0.0500724
v -0.011222 0.0126852 0.0449547
v -0.011222 0.0138428 0.0448379
v -0.011222 0.0126576 0.0449012
v -0.011222 0.0126349 0.0501606
v -0.011222 0.0138496 0.0501606
v -0.011222 0.0126349 0.0448379
v -0.011222 0.0200884 0.047891
v -0.011222 0.019443 0.0492417
v -0.0112295 0.018801 0.0497585
v -0.011222 0.018804 0.0497725
v -0.011222 0.0194797 0.0500716
v -0.011222 0.0200663 0.0502836
v -0.011222 0.0203053 0.0503379
v -0.011222 0.0203396 0.0503653
v -0.011222 0.0197185 0.0510272
v -0.011222 0.0196808 0.0510396
v -0.011222 0.0192186 0.0508464
v -0.011222 0.0187631 0.0506246
v -0.011222 0.0183334 0.0503952
v -0.0112234 0.0178971 0.0502417
v -0.011222 0.015245 0.0456786
v -0.011222 0.015702 0.0452654
v -0.011222 0.0168937 0.0447984
v -0.011222 0.0188461 0.0451378
v -0.0112345 0.019262 0.0454624
v -0.011222 0.0201142 0.0474719
v -0.011228 -0.0141741 0.0467446
v -0.011222 -0.0143545 0.0467619
v -0.011222 -0.0132252 0.0499185
v -0.011226 -0.0131599 0.049663
v -0.011222 -0.018186 0.0494575
v -0.011222 -0.0157262 0.0499733
v -0.011222 -0.01779 0.0474283
v -0.011222 -0.018237 0.0492936
v -0.011222 -0.0179668 0.0477971
v -0.011222 -0.0135164 0.0479385
v -0.011222 -0.0135456 0.0501936
v -0.011222 -0.016555 0.0471495
v -0.011222 -0.0178598 0.0496328
v -0.011222 -0.0180753 0.0483399
v -0.011222 -0.018568 0.0436673
v -0.011222 -0.0184439 0.043507
v -0.011222 -0.0186225 0.0438347
v -0.011222 -0.0188011 0.0468808
v -0.011222 -0.0144717 0.044408
v -0.011222 -0.0146582 0.0441111
v -0.011222 -0.0165967 0.0436997
v -0.011222 -0.0190873 0.0462975
v -0.011222 -0.0190771 0.0466487
v -0.011222 -0.0142655 0.0461817
v -0.011222 -0.0141099 0.04599
v -0.011222 -0.0141523 0.0456998
v -0.011222 -0.0144377 0.04624
v -0.011222 -0.0185494 0.0469447
v -0.011222 -0.0152346 0.04395
v -0.011617 0.0147778 0.0561963
v -0.011842 0.0174692 0.0585629
v -0.0117875 0.0182588 0.0613303
v -0.011842 0.0178278 0.0634477
v -0.0115949 0.0162034 0.0658324
v -0.0122419 0.0129872 0.0670006
v -0.0117039 0.0102801 0.0664743
v -0.011642 0.0077987 0.0640612
v -0.011842 0.00901944 0.0572836
v -0.011842 0.0106383 0.0562901
v -0.011742 -0.00935024 0.0569485
v -0.0118045 -0.00729463 0.059916
v -0.011842 -0.00834968 0.0648451
v -0.011704 -0.0104612 0.0665349
v -0.0118302 -0.0182226 0.0603012
v -0.0115753 -0.011909 0.05594
v -0.012242 -0.0111397 0.061384
v -0.012242 -0.0118012 0.0601795
v -0.012242 -0.0128047 0.0629163
v -0.012242 -0.0124139 0.0628925
v -0.012242 -0.0118959 0.0626997
v -0.012242 -0.0114565 0.0622589
v -0.012242 -0.0127565 0.0599097
v -0.012242 -0.0133575 0.0600718
v -0.012242 -0.013684 0.0602879
v -0.012242 -0.0139435 0.0605811
v -0.012242 -0.0141963 0.0613153
v -0.012242 -0.014191 0.0616229
v -0.012242 -0.0141182 0.0609316
v -0.012242 -0.0139797 0.0622241
v -0.012242 -0.0135389 0.0626635
v -0.012242 -0.0131884 0.0628382
v -0.01561 -0.0141783 0.0617049
v -0.0156109 -0.0140557 0.0620764
v -0.0156109 -0.0138396 0.0624049
v -0.015611 -0.0135459 0.0626663
v -0.015611 -0.0131945 0.0628427
v -0.0156109 -0.0128094 0.0629222
v -0.0156109 -0.0124169 0.0628994
v -0.0156109 -0.0120436 0.0627757
v -0.0156109 -0.0117151 0.0625596
v -0.0156109 -0.0114537 0.0622659
v -0.0156109 -0.0112773 0.0619145
v -0.0156109 -0.0111978 0.0615294
v -0.015567 -0.0112275 0.0611339
v -0.0156093 -0.0112587 0.0609317
v -0.0155862 -0.0115658 0.0604361
v -0.0156109 -0.0118541 0.0601737
v -0.0156109 -0.0122055 0.0599973
v -0.0156109 -0.0125906 0.0599178
v -0.0156109 -0.0129831 0.0599406
v -0.0156109 -0.0133564 0.0600643
v -0.0156109 -0.0136849 0.0602804
v -0.0156109 -0.0139463 0.0605741
v -0.0156109 -0.0141227 0.0609255
v -0.0156109 -0.0142023 0.0613122
v -0.0156669 -0.0110894 0.0613597
v -0.015667 -0.0111872 0.061941
v -0.0156669 -0.0115185 0.0625162
v -0.015667 -0.0119987 0.0628581
v -0.0156669 -0.0126397 0.0630305
v -0.015667 -0.013221 0.0629328
v -0.0156669 -0.0137962 0.0626015
v -0.015667 -0.0141381 0.0621213
v -0.0156669 -0.0143106 0.0614803
v -0.015667 -0.0142128 0.060899
v -0.015667 -0.0140264 0.0605252
v -0.0156669 -0.0135575 0.0600554
v -0.015667 -0.0130052 0.0598494
v -0.0156669 -0.0123414 0.0598487
v -0.0156637 -0.0118288 0.0601154
v -0.0156377 -0.0111988 0.0611283
v -0.015659 -0.0111633 0.0617507
v -0.015659 -0.0115345 0.0624748
v -0.015659 -0.012218 0.0629162
v -0.015659 -0.0130307 0.0629568
v -0.015659 -0.0137548 0.0625855
v -0.015659 -0.0141962 0.061902
v -0.015659 -0.0142367 0.0610893
v -0.015659 -0.0138655 0.0603652
v -0.015659 -0.013182 0.0599238
v -0.015659 -0.0123693 0.0598833
v -0.0156394 -0.0115483 0.060416
v -0.0156394 -0.0113277 0.0607483
v -0.015665 -0.0113615 0.0605601
v -0.0156626 -0.0111662 0.0610963
v -0.0156743 -0.0155169 0.0615307
v -0.015667 -0.010535 0.0596887
v -0.0156671 -0.00989006 0.0613424
v -0.015667 -0.0103184 0.062795
v -0.0156758 -0.010768 0.0634697
v -0.015667 -0.0151695 0.0600779
v -0.0156758 -0.0140356 0.0589401
v -0.0156834 -0.0129007 0.0586129
v -0.0156756 -0.0115533 0.0588523
v -0.0156834 -0.0117797 0.0640795
v -0.015667 -0.0133572 0.0641527
v -0.017367 -0.0100617 0.0621281
v -0.017367 -0.0134081 0.0640583
v -0.017367 -0.0146323 0.0633508
v -0.0156756 -0.0149769 0.0630703
v -0.017367 -0.0153388 0.0621259
v -0.0174681 -0.0154289 0.061214
v -0.017367 -0.0150651 0.0600532
v -0.017367 -0.0146308 0.0594877
v -0.017367 -0.0103338 0.0600552
v -0.017367 -0.0100612 0.0607141
v -0.0176617 -0.014952 0.06253
v -0.0176555 -0.0146093 0.0631065
v -0.0176617 -0.0140953 0.0635073
v -0.0176555 -0.0135103 0.0638352
v -0.0176555 -0.0121941 0.0639168
v -0.0176627 -0.0115896 0.0636678
v -0.0176555 -0.0110135 0.0633294
v -0.0176617 -0.0106127 0.0628153
v -0.0176555 -0.0102848 0.0622303
v -0.0176407 -0.0102764 0.0604629
v -0.0176617 -0.010448 0.06031
v -0.0176555 -0.0107907 0.0597335
v -0.0176617 -0.0113047 0.0593327
v -0.0176572 -0.0118926 0.0590075
v -0.0176617 -0.0125353 0.0589147
v -0.0176583 -0.0142691 0.0594087
v -0.0176617 -0.0147873 0.0600247
v -0.0176555 -0.0151152 0.0606097
v -0.0176407 -0.0151236 0.0623771
v -0.0174221 -0.0153957 0.0619421
v -0.017499 -0.0152794 0.0605216
v -0.0175842 -0.0149142 0.0599343
v -0.017499 -0.0144846 0.0593523
v -0.0176073 -0.0138578 0.0590544
v -0.0176555 -0.0132059 0.0589232
v -0.017425 -0.0149743 0.0598819
v -0.0176073 -0.0125199 0.0587924
v -0.0175547 -0.0135298 0.0588417
v -0.017425 -0.0139005 0.0589509
v -0.0174212 -0.0132201 0.0587236
v -0.0176073 -0.0112302 0.0592345
v -0.0175547 -0.0121295 0.0587722
v -0.017425 -0.0125051 0.0586814
v -0.0174212 -0.0118022 0.0588248
v -0.0175547 -0.010882 0.0594122
v -0.017425 -0.0111619 0.0591457
v -0.0174212 -0.0106249 0.0596214
v -0.0176073 -0.0100724 0.0616001
v -0.017535 -0.0101328 0.0604765
v -0.017517 -0.0102644 0.0602323
v -0.0174235 -0.0100026 0.0609046
v -0.0176073 -0.0105145 0.0628898
v -0.0175547 -0.0100522 0.0619905
v -0.0174082 -0.00995187 0.0615682
v -0.017425 -0.0101052 0.062317
v -0.0176073 -0.0115422 0.0637856
v -0.0175547 -0.0106922 0.063238
v -0.0174212 -0.0104256 0.0629589
v -0.017425 -0.0109013 0.0634943
v -0.0176073 -0.0128801 0.0640476
v -0.0175547 -0.0118702 0.0639983
v -0.0174212 -0.0114998 0.0638899
v -0.017425 -0.0121794 0.0641157
v -0.0176073 -0.0141698 0.0636055
v -0.0175547 -0.0132705 0.0640678
v -0.0174212 -0.0128956 0.0641591
v -0.017425 -0.013597 0.0640148
v -0.0175547 -0.014518 0.0634278
v -0.0174212 -0.0142389 0.0636944
v -0.017425 -0.0147743 0.0632187
v -0.0176073 -0.0153276 0.0612399
v -0.017535 -0.0152672 0.0623635
v -0.017517 -0.0151356 0.0626077
v -0.012242 0.0130882 0.0628689
v -0.012242 0.0116393 0.0624807
v -0.012242 0.0123118 0.0628689
v -0.012242 0.0141489 0.0618082
v -0.012242 0.0137607 0.0624807
v -0.012242 0.0112511 0.0618082
v -0.012242 0.0141489 0.0610318
v -0.012242 0.0116393 0.0603593
v -0.012242 0.0137607 0.0603593
v -0.012242 0.0130882 0.0599711
v -0.012242 0.0112511 0.0610318
v -0.012242 0.0123118 0.0599711
v -0.015606 0.0142052 0.0614194
v -0.012281 0.013848 0.0622412
v -0.015606 0.0141535 0.0618114
v -0.015606 0.0140027 0.0621743
v -0.012281 0.0132827 0.0627061
v -0.015606 0.0137631 0.0624857
v -0.015606 0.013451 0.0627245
v -0.0122811 0.0125642 0.0628245
v -0.015606 0.0130878 0.0628744
v -0.015606 0.0126982 0.0629253
v -0.0155852 0.0123106 0.0628701
v -0.012281 0.0118722 0.0625654
v -0.015606 0.0119457 0.0627226
v -0.0122811 0.0114151 0.0620039
v -0.015606 0.0116343 0.0624831
v -0.015606 0.0113955 0.0621711
v -0.0122714 0.0112954 0.0612812
v -0.015606 0.0112455 0.0618078
v -0.015606 0.0111947 0.0614181
v -0.012281 0.0115523 0.060598
v -0.015606 0.0112465 0.0610286
v -0.015606 0.0113973 0.0606657
v -0.0122812 0.0121142 0.0601367
v -0.015606 0.0116369 0.0603543
v -0.015606 0.0119489 0.0601155
v -0.0122811 0.0128364 0.0600154
v -0.015606 0.0123122 0.0599655
v -0.015606 0.0127018 0.0599147
v -0.012281 0.0135218 0.0602721
v -0.015606 0.0130914 0.0599665
v -0.015606 0.0134542 0.0601173
v -0.012281 0.0139849 0.0608358
v -0.015606 0.0137657 0.0603569
v -0.015606 0.0140045 0.060669
v -0.012282 0.0140977 0.0615053
v -0.015606 0.0141544 0.0610322
v -0.0156659 0.0122926 0.0629504
v -0.015667 0.0119009 0.0600338
v -0.015667 0.0143 0.061421
v -0.015667 0.0131131 0.0629658
v -0.015667 0.012699 0.06302
v -0.0156104 0.0123083 0.0628782
v -0.0156626 0.0119241 0.0627764
v -0.0156626 0.0115995 0.0625294
v -0.0156626 0.0113499 0.0622067
v -0.0156626 0.0111923 0.0618305
v -0.0156626 0.0111374 0.0614263
v -0.0156626 0.011189 0.0610216
v -0.0156626 0.0113436 0.0606441
v -0.0156626 0.0115906 0.0603195
v -0.0156587 0.0119193 0.0600739
v -0.0156626 0.0122895 0.0599123
v -0.0156587 0.0126961 0.0598639
v -0.0156626 0.0130984 0.059909
v -0.0156626 0.0134759 0.0600636
v -0.0156626 0.0138005 0.0603106
v -0.0156626 0.0140501 0.0606333
v -0.015663 0.0142084 0.061009
v -0.0156587 0.0142561 0.0614169
v -0.0156626 0.014211 0.0618184
v -0.0156626 0.0140564 0.0621959
v -0.0156626 0.0138094 0.0625205
v -0.0156626 0.0134867 0.0627701
v -0.0156523 0.0131004 0.0629138
v -0.0156466 0.0123032 0.0629046
v -0.0156645 0.0131074 0.0629442
v -0.0156586 0.0127031 0.0629761
v -0.015667 0.01199 0.0587632
v -0.0157212 0.0127479 0.0586886
v -0.015667 0.014333 0.0636585
v -0.015667 0.0138221 0.0588865
v -0.015667 0.01545 0.0614213
v -0.0156854 0.015392 0.062273
v -0.015667 0.0151214 0.0600237
v -0.0156768 0.011268 0.0589915
v -0.0156824 0.0107314 0.0593604
v -0.0156824 0.0102654 0.0599401
v -0.0156824 0.00996531 0.0606207
v -0.0156824 0.00985162 0.0613557
v -0.0156824 0.00993202 0.0620951
v -0.0156841 0.0104527 0.0631957
v -0.0156824 0.0112202 0.0638546
v -0.0156841 0.0123665 0.0642647
v -0.0175213 0.0131996 0.0641154
v -0.0156948 0.0144816 0.0636918
v -0.0174251 0.0150777 0.0627929
v -0.0174165 0.0154352 0.0610303
v -0.0173805 0.0148993 0.0597326
v -0.0173805 0.0137609 0.0588591
v -0.017665 0.0130433 0.0589179
v -0.0176648 0.0111737 0.0594068
v -0.0176648 0.0101972 0.0610757
v -0.0176651 0.010688 0.0629465
v -0.0176635 0.0126377 0.063988
v -0.0176634 0.0126377 0.063929
v -0.0176671 0.013067 0.0638628
v -0.0176636 0.0148452 0.0627247
v -0.0176687 0.0152333 0.0615818
v -0.0176648 0.0152066 0.0611048
v -0.0176643 0.014898 0.0602117
v -0.0176648 0.0142496 0.0594247
v -0.0176543 0.0135771 0.0638262
v -0.0176554 0.0143047 0.0634298
v -0.0176687 0.0115734 0.0591452
v -0.0176341 0.0102787 0.0604473
v -0.0176687 0.0104252 0.0625465
v -0.0176687 0.0118881 0.0638251
v -0.017626 0.0150909 0.0625062
v -0.0176341 0.014753 0.0598094
v -0.0176073 0.0126979 0.0587862
v -0.0176099 0.0116974 0.058965
v -0.0175647 0.0105385 0.0597791
v -0.0175755 0.00991854 0.0612015
v -0.0176073 0.0100662 0.0614221
v -0.0176099 0.010245 0.0624226
v -0.0175647 0.0110591 0.0635816
v -0.0176099 0.011673 0.0638648
v -0.0175755 0.0154432 0.0609112
v -0.0176073 0.0152435 0.0607363
v -0.0176073 0.0140151 0.059138
v -0.0175998 0.0129909 0.0587623
v -0.0174829 0.0119945 0.0587834
v -0.0175312 0.0100253 0.0607648
v -0.0175124 0.0101884 0.0625137
v -0.0175124 0.0105571 0.0631265
v -0.0175125 0.0116974 0.0639693
v -0.0175125 0.0123914 0.0641419
v -0.0175853 0.0138057 0.0638674
v -0.0175853 0.0148813 0.0629866
v -0.0175383 0.0148369 0.0597256
v -0.0175125 0.0143282 0.0592171
v -0.0175088 0.013661 0.0588571
v -0.0174331 0.0123952 0.0586712
v -0.0174818 0.0110649 0.059208
v -0.0175124 0.0137937 0.0639316
v -0.0175613 0.0144772 0.0634647
v -0.0175192 0.0153987 0.061851
v -0.0174576 0.0154349 0.0610551
v -0.0112308 0.0157905 0.0465758
v -0.0112264 0.0189818 0.048045
v -0.0112297 0.0172354 0.0456766
v -0.0112364 0.0156016 0.0478715
v -0.011232 0.018666 0.0463178
v -0.011227 0.0181113 0.04586
v -0.01123 0.0165207 0.0458655
v -0.011222 0.0190215 0.0471329
v -0.01123 0.0189266 0.0467889
v -0.01123 0.0169316 0.0492833
v -0.011232 0.0187449 0.0486062
v -0.0112295 0.0162325 0.0489763
v -0.0112311 0.0174864 0.0493351
v -0.011222 0.0184666 0.0489054
v -0.0112353 0.0190509 0.0476008
v -0.011242 0.0176941 0.0457133
v -0.011242 0.0176547 0.0493078
v -0.01123 0.0181459 0.0491318
v -0.011222 -0.00334858 0.0474924
v -0.011222 -0.003403 0.0470257
v -0.011222 -0.00516901 0.045679
v -0.0112357 -0.00672857 0.0480337
v -0.01123 -0.00347122 0.0467906
v -0.0112256 -0.004178 0.0459118
v -0.01123 -0.00587782 0.0458752
v -0.0112343 -0.00490511 0.0493169
v -0.0112353 -0.0037219 0.046334
v -0.011232 -0.0063925 0.0486879
v -0.0112282 -0.00569816 0.0492158
v -0.01123 -0.00334845 0.0474942
v -0.011242 -0.00482275 0.0456906
v -0.011242 -0.00335741 0.0477171
v -0.0112306 -0.00669088 0.0467277
v -0.0112308 -0.00353697 0.0484446
v -0.011222 0.00673142 0.0474924
v -0.011222 0.006677 0.0470258
v -0.011222 0.00491069 0.0456791
v -0.01123 0.00401712 0.0459649
v -0.011232 0.00629575 0.0487541
v -0.0112345 0.00338729 0.0482097
v -0.01123 0.00660879 0.0467907
v -0.01123 0.00573478 0.0458387
v -0.011232 0.00557454 0.0492851
v -0.011222 0.00400304 0.0489895
v -0.01123 0.00673154 0.0474942
v -0.01123 0.0062577 0.0462071
v -0.011242 0.00538256 0.0457195
v -0.011242 0.00503241 0.0456909
v -0.011242 0.00672259 0.0477171
v -0.0112308 0.00334468 0.0469428
v -0.01123 0.00661124 0.0482454
v -0.0112334 0.00419318 0.0491632
v -0.017667 -0.0118285 0.0606625
v -0.0177815 -0.0114228 0.0617067
v -0.017714 -0.012953 0.060277
v -0.0178006 -0.0134145 0.0625255
v -0.017787 -0.0139732 0.0611313
v -0.017667 -0.0124797 0.0625535
v -0.016167 -0.0124797 0.0625535
v -0.016167 -0.0135715 0.0621775
v -0.0161608 -0.0136608 0.0617572
v -0.016167 -0.0137918 0.061044
v -0.0161608 -0.0134724 0.0607565
v -0.016167 -0.0129203 0.0602865
v -0.0161608 -0.0125116 0.0604194
v -0.016167 -0.0118285 0.0606625
v -0.0161608 -0.0117392 0.0610828
v -0.016167 -0.0116082 0.061796
v -0.0161683 -0.0122336 0.0623369
v -0.0161625 -0.0130271 0.0623698
v -0.0156852 -0.0126636 0.0614381
v -0.017667 0.0123887 0.0625789
v -0.017667 0.0115848 0.0611204
v -0.017667 0.0138152 0.0617196
v -0.0178145 0.0127753 0.0601625
v -0.016167 0.0115848 0.0611204
v -0.016167 0.0124019 0.0603045
v -0.0161608 0.0128187 0.0604087
v -0.016167 0.013517 0.060604
v -0.0161608 0.0136351 0.0610172
v -0.016167 0.0138152 0.0617196
v -0.0161608 0.0135164 0.0620284
v -0.016167 0.0129981 0.0625356
v -0.0161608 0.0125813 0.0624313
v -0.016167 0.011883 0.062236
v -0.0161683 0.0116715 0.0614366
v -0.0161625 0.0119901 0.0607092
v -0.0156852 0.0126677 0.0614447
v -0.011222 -0.00965089 0.0469075
v -0.011222 -0.010705 0.0456839
v -0.011222 -0.0103011 0.0473019
v -0.011222 -0.00968929 0.0460041
v -0.011222 -0.010705 0.0473086
v -0.011242 -0.00960876 0.0462825
v -0.0112353 -0.0098912 0.0457795
v -0.01123 -0.0104321 0.0456704
v -0.011242 -0.010705 0.0456839
v -0.011242 -0.00963192 0.0467616
v -0.011242 -0.0100366 0.0472328
v -0.011242 -0.0107032 0.047314
v -0.011222 0.000459888 0.0463264
v -0.011222 0.000408717 0.0466437
v -0.011222 -0.000536413 0.045677
v -0.011222 -4.17945e-05 0.0456775
v -0.011222 0.000539304 0.0489646
v -0.011222 7.64565e-05 0.0469375
v -0.011222 0.000536927 0.0481842
v -0.011222 0.000637353 0.0484726
v -0.011222 0.000270223 0.0479332
v -0.011222 1.79677e-05 0.0492856
v -0.011222 0.000381411 0.0459473
v -0.011222 -0.000521984 0.0470266
v -0.011222 -0.000193435 0.0478198
v -0.011222 -0.000536413 0.0478334
v -0.011222 -0.000532313 0.0492873
v -0.011242 0.000476221 0.0480927
v -0.011242 0.000119562 0.0478723
v -0.011242 -0.000533377 0.0492829
v -0.011242 0.000564066 0.0489239
v -0.011242 -0.000484859 0.0493072
v -0.011242 -0.000530781 0.0478197
v -0.011242 -0.000536413 0.0492461
v -0.011242 0.000117038 0.0492524
v -0.011242 0.000635377 0.0484488
v -0.011242 0.000306535 0.0458663
v -0.011242 -0.000437911 0.0456215
v -0.011242 0.000474806 0.0465006
v -0.011242 -2.02897e-05 0.0469921
v -0.011242 -0.000536413 0.0470081
v 0.010758 -0.0138144 0.0500768
v 0.010746 -0.0137841 0.0450294
v 0.0107466 -0.0138282 0.044897
v 0.010758 -0.0126354 0.0448633
v 0.0107463 -0.012664 0.0500814
v 0.010758 -0.0137541 0.0478063
v 0.010758 -0.0137541 0.0470558
v 0.010758 -0.0137624 0.0453909
v 0.010758 -0.0137541 0.0468399
v 0.010758 -0.0127306 0.0470558
v 0.010758 -0.0127306 0.0478132
v 0.010758 -0.0126956 0.0499707
v 0.010758 -0.0127294 0.0489112
v 0.0107461 -0.0138498 0.0501389
v 0.010758 -0.0138428 0.0448379
v 0.010748 -0.0126349 0.0501605
v 0.010758 -0.00953671 0.0478063
v 0.0107424 -0.00826169 0.0457128
v 0.010758 -0.00953392 0.0491982
v 0.010758 -0.0105534 0.0478063
v 0.010758 -0.0120002 0.0458001
v 0.010758 -0.00949884 0.0500022
v 0.010746 -0.010607 0.0500747
v 0.010748 -0.00948022 0.0500781
v 0.010743 -0.00943694 0.0501317
v 0.010758 -0.00953671 0.0456909
v 0.0107527 -0.00807696 0.0458047
v 0.010758 -0.0120477 0.0458001
v 0.010758 -0.010648 0.0501184
v 0.010758 -0.0106308 0.0501105
v 0.010758 -0.0105534 0.0456909
v 0.010758 -0.00944122 0.0501606
v 0.010758 -0.0106559 0.0501606
v 0.0107435 -0.0106522 0.0501217
v 0.010758 -0.0120477 0.0448379
v 0.010758 -0.00804229 0.0448379
v 0.011133 -0.00777708 0.0638693
v 0.010758 -0.0123413 0.0668612
v 0.0112192 -0.00715346 0.0617738
v 0.011133 -0.00811736 0.0583813
v 0.0107513 0.00996232 0.0448552
v 0.010758 0.0112577 0.0448311
v 0.010758 0.011704 0.0449919
v 0.0107442 0.0117248 0.0449203
v 0.010746 0.0117601 0.0501295
v 0.010758 0.0117611 0.0448802
v 0.010758 0.0117431 0.0448995
v 0.0107469 0.0117218 0.0500776
v 0.010758 0.0117099 0.0500272
v 0.010758 0.011674 0.0470556
v 0.010758 0.011674 0.0478063
v 0.010758 0.0116789 0.0494423
v 0.010758 0.0116749 0.048917
v 0.010758 0.00912179 0.0501332
v 0.010746 0.0106425 0.0501023
v 0.010758 0.00916275 0.0476083
v 0.010758 0.0093658 0.0477508
v 0.01075 0.0106857 0.0499617
v 0.0107455 0.00956017 0.0478495
v 0.010758 0.00832341 0.0495805
v 0.0107523 0.00794353 0.0500639
v 0.010758 0.00924663 0.045076
v 0.010758 0.0117559 0.0501606
v 0.010758 0.0106231 0.0501606
v 0.010758 0.00890347 0.0501606
v 0.0107437 0.00910222 0.0475727
v 0.010758 0.00878068 0.0455853
v 0.010746 0.00901009 0.0501546
v 0.010758 0.00787989 0.0501606
v 0.0107447 0.0107055 0.048052
v 0.010758 0.0105205 0.048052
v 0.010758 0.0156341 0.0509262
v 0.010758 0.015335 0.0522236
v 0.010758 0.0173735 0.0502418
v 0.010748 0.0156832 0.0507832
v 0.010748 0.0164206 0.0503942
v 0.010758 0.0156222 0.052763
v 0.010758 0.0178195 0.0531441
v 0.0107491 0.0153154 0.0525031
v 0.010746 0.0154306 0.0526979
v 0.0107469 0.0153136 0.0523527
v 0.0107513 0.00582082 0.0501689
v 0.0107542 0.00457259 0.0502086
v 0.010758 0.00784543 0.0475197
v 0.0107494 0.00719674 0.0493294
v 0.010758 0.00726591 0.0457693
v 0.010758 0.00776783 0.0468509
v 0.010743 0.00673438 0.0497497
v 0.010746 0.00782679 0.047891
v 0.010746 0.00765815 0.0485401
v 0.010758 0.00610646 0.0449549
v 0.010758 0.00500665 0.0447697
v 0.010758 0.00406685 0.0449127
v 0.0107416 0.00336238 0.0452521
v 0.010752 0.00373429 0.0499615
v 0.010746 0.00331021 0.046017
v 0.0107545 -0.00559572 0.0502396
v 0.010758 -0.00295992 0.0493765
v 0.0107488 -0.00158472 0.0481276
v 0.0107494 -0.000891663 0.0499208
v 0.010758 -0.00101795 0.0451963
v 0.010753 -0.00225317 0.047891
v 0.010758 -0.00087405 0.047266
v 0.0107491 -0.00109507 0.047117
v 0.010758 0.00114369 0.0501606
v 0.010748 0.0015615 0.0449096
v 0.010758 0.00152717 0.0499956
v 0.010746 0.00157227 0.0500969
v 0.0107523 0.00155146 0.0500764
v 0.010758 0.000570624 0.0501742
v 0.010758 -0.00386494 0.0500152
v 0.010758 -0.000367728 0.0500975
v 0.010746 -0.00344617 0.045234
v 0.010758 -0.00365335 0.0451149
v 0.0107437 0.000810784 0.0448264
v 0.010758 0.000393249 0.0448242
v 0.010758 0.00149185 0.0470556
v 0.010758 0.00149185 0.0478062
v 0.010758 0.00149519 0.0492768
v 0.010758 -0.00463345 0.0448207
v 0.010758 -0.00434081 0.0448547
v 0.010758 0.0015737 0.0448567
v 0.010758 -0.00556231 0.0448084
v 0.010758 -0.00471727 0.044811
v 0.0107505 -0.00779609 0.047467
v 0.010758 -0.00621132 0.0449949
v 0.0107494 -0.00766161 0.0465487
v 0.010746 -0.00733428 0.0459056
v 0.010758 -0.0188014 0.0497631
v 0.010758 -0.0192698 0.0499787
v 0.010758 -0.0179647 0.0501809
v 0.010758 -0.0176713 0.0502356
v 0.010758 -0.0185505 0.0505151
v 0.010758 -0.0192186 0.0508464
v 0.010758 -0.0192698 0.0508682
v 0.01075 -0.0161262 0.0500988
v 0.010748 -0.0147677 0.0487177
v 0.010755 -0.0170449 0.044709
v 0.0107488 -0.0186197 0.0450031
v 0.010758 0.0135183 0.0481204
v 0.010758 0.0133512 0.0500971
v 0.010758 0.0131581 0.0496773
v 0.010758 0.0144992 0.0443288
v 0.010758 0.0146269 0.0441594
v 0.010758 0.0183647 0.0469378
v 0.010758 0.016555 0.0471495
v 0.010758 0.0173851 0.0472996
v 0.010758 0.0182325 0.049252
v 0.010758 0.0182091 0.0491065
v 0.010758 0.0187742 0.0468906
v 0.010758 0.0187742 0.0500268
v 0.010758 0.0180753 0.0483399
v 0.010758 0.0179107 0.0501584
v 0.010758 0.0138949 0.0502328
v 0.010758 0.0157262 0.0499733
v 0.0107536 0.0141159 0.0458589
v 0.0107447 0.013855 0.0468703
v 0.010758 0.0141246 0.0467512
v 0.0107424 0.01415 0.0460915
v 0.010758 0.0142625 0.0461875
v 0.010758 0.0143697 0.0448207
v 0.010758 0.0182129 0.0494131
v 0.010758 0.0138986 0.0468426
v 0.010758 0.0177362 0.0474113
v 0.010758 0.0180636 0.043435
v 0.010758 0.0165967 0.0436997
v 0.010758 0.0148488 0.0440453
v 0.0107416 0.018241 0.0434228
v 0.010758 0.0183168 0.0434439
v 0.0111866 0.00735452 0.0629072
v 0.0111328 0.0181908 0.0620193
v 0.010758 0.0140376 0.0560851
v 0.010758 0.0123898 0.0668733
v 0.011258 0.00957062 0.066157
v 0.0107555 -0.020353 0.0504299
v 0.010758 -0.0196737 0.0510375
v 0.010758 -0.0199507 0.0502418
v 0.0107513 -0.0203084 0.0503435
v 0.0107489 -0.0194104 0.0492606
v 0.010758 -0.0194797 0.0500716
v 0.010758 -0.0200351 0.0467898
v 0.0107494 -0.0201069 0.0477639
v 0.0107505 -0.0199358 0.0484511
v 0.010746 -0.0196501 0.0489459
v 0.010746 -0.0198305 0.0461679
v 0.010758 0.0188086 0.0448207
v 0.010758 0.0192922 0.0499478
v 0.010758 0.0195455 0.0499558
v 0.010758 0.0189209 0.0468172
v 0.010758 0.0189927 0.0467542
v 0.0107487 0.0198131 0.0502144
v 0.010758 0.0190485 0.046676
v 0.0107466 0.0195889 0.0499705
v 0.0107494 0.0197128 0.0500511
v 0.010758 0.020222 0.0522748
v 0.010758 0.0187742 0.0533075
v 0.010758 0.0203391 0.0529812
v 0.010758 0.0203241 0.0528073
v 0.010758 -0.00305573 0.0523764
v 0.010758 -0.00791911 0.0547144
v 0.010758 0.0135183 0.0522748
v 0.010758 0.00474203 0.0440653
v 0.010758 0.0187742 0.0547144
v 0.0107581 0.0317281 0.0440567
v 0.010758 -0.0192698 0.044443
v 0.010758 -0.0192698 0.0522748
v 0.010758 0.0135183 0.0547144
v 0.010758 0.0123898 0.0534946
v 0.010758 0.0135183 0.0502418
v 0.010758 0.0135183 0.0448207
v 0.010758 0.0135183 0.04265
v 0.010758 0.0123898 0.0502418
v 0.010758 0.0123898 0.0448207
v 0.010758 -0.0141909 0.0448207
v 0.010758 -0.0141909 0.0502418
v 0.010758 -0.00791911 0.0502418
v 0.010758 -0.00791911 0.0448207
v 0.010758 -0.00471727 0.0440653
v 0.010758 0.00192889 0.0440653
v 0.010758 0.00192889 0.0502418
v 0.010758 0.00192889 0.0448207
v 0.010758 0.00786266 0.0448207
v 0.010758 0.00786266 0.0502418
v 0.010758 0.00786266 0.0534946
v 0.010758 0.0101262 0.0440653
v 0.010758 -0.0167303 0.0541045
v 0.010758 0.00403874 0.0534946
v 0.010758 -0.0123413 0.0502418
v 0.010758 -0.0123413 0.0448207
v 0.010758 -0.0101302 0.0440653
v 0.010738 0.0190873 0.0462975
v 0.010738 0.0186225 0.0438347
v 0.0107503 0.0184972 0.0435454
v 0.010738 0.0188011 0.0468808
v 0.010738 0.0145714 0.0441785
v 0.010738 0.0165967 0.0436997
v 0.0107466 0.0190964 0.0466103
v 0.0107518 0.0186115 0.043785
v 0.010738 0.0189209 0.0468172
v 0.010738 0.0141523 0.0456998
v 0.010738 0.0144377 0.04624
v 0.0107523 0.0187867 0.0468873
v 0.0107466 0.0184993 0.0469442
v 0.0107513 0.0150774 0.0439811
v 0.010738 0.0152346 0.04395
v 0.010738 0.016555 0.0471495
v 0.010738 0.0143545 0.0467619
v 0.0107447 0.017824 0.0474491
v 0.010744 0.0141741 0.0467446
v 0.010738 0.0131677 0.0498123
v 0.0107494 0.0181492 0.0495127
v 0.010738 0.0157262 0.0499733
v 0.010748 0.0179699 0.0496087
v 0.010738 0.013774 0.047068
v 0.010738 0.0182377 0.0494246
v 0.010738 0.0179668 0.0477971
v 0.010738 0.0131897 0.0494728
v 0.010738 0.0135456 0.0501936
v 0.010738 0.0178598 0.0496328
v 0.010738 0.0180753 0.0483399
v 0.010738 -0.0201144 0.047475
v 0.0107505 -0.019262 0.0454624
v 0.010738 -0.0168937 0.0447984
v 0.0107451 -0.0145534 0.0469675
v 0.010746 -0.0157652 0.0452354
v 0.010738 -0.0172159 0.0502678
v 0.010738 -0.0179647 0.0501809
v 0.010738 -0.0183332 0.0503951
v 0.010738 -0.0187631 0.0506246
v 0.010738 -0.0196789 0.0510391
v 0.010738 -0.0192186 0.0508464
v 0.010746 -0.0197127 0.051031
v 0.010738 -0.0200664 0.0502835
v 0.010738 -0.0194797 0.0500716
v 0.010738 -0.018804 0.0497725
v 0.0107455 -0.0188274 0.0497562
v 0.010738 -0.0137541 0.0478063
v 0.010738 -0.0137541 0.0470558
v 0.010738 -0.0127306 0.0470558
v 0.010738 -0.0127306 0.0478132
v 0.010738 -0.0137652 0.0496529
v 0.010738 -0.0127195 0.0453028
v 0.010738 -0.0137541 0.0468399
v 0.010738 -0.0127294 0.0489112
v 0.010743 -0.0137923 0.0500016
v 0.010738 -0.0138428 0.0448379
v 0.010743 -0.0126737 0.0449205
v 0.010738 -0.0126418 0.0448379
v 0.0107447 -0.00952788 0.0456643
v 0.010738 -0.00953671 0.0478063
v 0.010738 -0.0105534 0.0478063
v 0.010738 -0.0105662 0.0497076
v 0.010738 -0.00953392 0.0491982
v 0.010738 -0.0105534 0.0456909
v 0.010748 -0.0105834 0.0499644
v 0.010738 -0.0120477 0.0448379
v 0.010738 -0.00946828 0.0500934
v 0.010738 -0.0115361 0.0456909
v 0.010738 -0.0106559 0.0501606
v 0.010748 -0.0118747 0.0457224
v 0.010738 -0.00804229 0.0448379
v 0.010738 -0.0120477 0.0458001
v 0.010738 -0.00804229 0.0458001
v 0.010738 -0.007784 0.0477952
v 0.010746 -0.00539578 0.0447748
v 0.0107416 -0.00671739 0.045252
v 0.010738 -0.00507335 0.0447697
v 0.01075 -0.00249682 0.046273
v 0.010746 -0.00300238 0.0455948
v 0.010738 -0.00434081 0.0448547
v 0.010746 -0.00453564 0.0502117
v 0.010748 -0.00413947 0.0501223
v 0.010743 -0.00316308 0.049584
v 0.0107488 -0.00245832 0.0486409
v 0.010746 -0.00759874 0.0485918
v 0.010746 -0.0068812 0.0495904
v 0.010738 -0.00570625 0.0501678
v 0.010746 -0.00167484 0.048657
v 0.0107467 -0.000798745 0.0473939
v 0.010748 -0.0013528 0.0477916
v 0.0107394 -0.000615683 0.0473734
v 0.010748 -0.00140835 0.0466264
v 0.010753 -0.00143747 0.0458841
v 0.010738 -0.00120116 0.0453219
v 0.0107505 -0.000391453 0.044907
v 0.010738 6.28236e-05 0.0448342
v 0.010743 0.00157335 0.0448717
v 0.0107547 0.00157369 0.0448991
v 0.0107523 0.00152272 0.045017
v 0.010738 0.00150208 0.0453044
v 0.010738 0.00149185 0.0470556
v 0.010738 0.00149185 0.0478062
v 0.010738 0.00149519 0.0492768
v 0.010738 0.00152717 0.0499956
v 0.010748 0.00157373 0.0501404
v 0.0107413 0.00123283 0.0501575
v 0.010738 0.000570624 0.0501742
v 0.010738 -0.000552317 0.0500574
v 0.0107475 -0.00152543 0.0493754
v 0.010738 0.00228406 0.0474719
v 0.010748 0.002346 0.0467349
v 0.010738 0.00473158 0.0447651
v 0.010738 0.0077055 0.0465749
v 0.010738 0.00689486 0.0453938
v 0.010738 0.0057391 0.0448547
v 0.010738 0.00525118 0.0502554
v 0.010748 0.00230277 0.0478278
v 0.010746 0.00258559 0.0488747
v 0.010738 0.0198524 0.0503457
v 0.010738 0.0203241 0.0528073
v 0.010738 0.0178195 0.0531441
v 0.010748 0.0202357 0.0532666
v 0.010748 0.0201284 0.0533506
v 0.010746 0.0158738 0.0505738
v 0.010747 0.0198381 0.0534599
v 0.0107491 0.020327 0.0530949
v 0.010738 0.015335 0.0522236
v 0.0107513 0.0194415 0.0499383
v 0.010738 0.0196033 0.0534494
v 0.010738 0.0192922 0.0499478
v 0.0107513 0.0164813 0.0503818
v 0.010738 0.0179107 0.0501584
v 0.010746 0.0196088 0.0534502
v 0.010738 0.0166235 0.0503582
v 0.010738 0.011674 0.0478063
v 0.010738 0.011674 0.0470556
v 0.010738 0.0116749 0.048917
v 0.010738 0.0116789 0.0494423
v 0.010738 0.011737 0.0501033
v 0.010738 0.0106231 0.0501606
v 0.0107513 0.0106232 0.0501199
v 0.010738 0.0106605 0.0500581
v 0.010738 0.0106341 0.0480361
v 0.010738 0.00912179 0.0501332
v 0.010738 0.00890347 0.0501606
v 0.010738 0.00787989 0.0501606
v 0.010754 0.00787989 0.0501196
v 0.010738 0.00811899 0.0498542
v 0.010738 0.00955883 0.0478611
v 0.0107467 0.0086542 0.0469552
v 0.0107424 0.00860477 0.0460945
v 0.010738 0.00929992 0.0450698
v 0.010738 0.00884411 0.0454778
v 0.010738 0.0101682 0.0448361
v 0.010746 0.0106162 0.0448173
v 0.010738 0.0112577 0.0448311
v 0.010738 0.0117559 0.0448513
v 0.010738 0.0117557 0.0448919
v 0.010738 0.0116842 0.0452908
v 0.0112579 0.0122737 0.0559157
v 0.0113034 0.0152545 0.056459
v 0.011358 0.0170199 0.0579931
v 0.011358 0.0179714 0.0596883
v 0.0113582 0.0178926 0.0633182
v 0.011358 0.0166941 0.0652872
v 0.011258 0.0148921 0.0664797
v 0.0112195 0.0132432 0.0669024
v 0.011258 0.00748561 0.0593581
v 0.011358 0.00984291 0.0566508
v 0.011358 -0.00753773 0.0594537
v 0.011358 -0.00846 0.0649681
v 0.011358 -0.0102587 0.0664148
v 0.0111109 -0.0130559 0.06696
v 0.011358 -0.0162998 0.0657898
v 0.0113205 -0.018324 0.0617687
v 0.011358 -0.0169233 0.0576898
v 0.011258 -0.0151152 0.0564787
v 0.0112199 -0.0132437 0.0559249
v 0.0110683 -0.0102799 0.0563119
v 0.011758 -0.0123244 0.0599582
v 0.011758 -0.0140394 0.0607183
v 0.011758 -0.0113735 0.0605947
v 0.011758 -0.0141963 0.0613153
v 0.011758 -0.013684 0.0602879
v 0.011758 -0.0131596 0.0599801
v 0.011758 -0.0127 0.05992
v 0.011758 -0.011322 0.0621561
v 0.011758 -0.0122491 0.0628633
v 0.011758 -0.0128047 0.0629163
v 0.011774 -0.014061 0.0619024
v 0.011758 -0.0134017 0.0627594
v 0.011758 -0.0138321 0.062404
v 0.0150853 -0.0138551 0.0623917
v 0.0151163 -0.0141536 0.0618068
v 0.0150853 -0.0128297 0.0629238
v 0.0150853 -0.0118358 0.0601825
v 0.0150732 -0.0127017 0.0599213
v 0.0150853 -0.0136717 0.0602649
v 0.0150853 -0.0142038 0.0612903
v 0.0151816 -0.014281 0.0614157
v 0.015183 -0.0113144 0.06062
v 0.015183 -0.0115686 0.0602886
v 0.015183 -0.0119 0.0600344
v 0.0151816 -0.0122867 0.059894
v 0.015183 -0.0140856 0.06062
v 0.015183 -0.0142455 0.0610059
v 0.0151164 -0.0141172 0.0609058
v 0.0151089 -0.0142034 0.06142
v 0.0151208 -0.0140051 0.0606677
v 0.0151208 -0.0137659 0.0603556
v 0.0151164 -0.0133386 0.0600543
v 0.0150923 -0.0124683 0.0599275
v 0.0151089 -0.0119483 0.060118
v 0.0151164 -0.0115461 0.0604497
v 0.0151164 -0.0113343 0.0607815
v 0.0151164 -0.0112156 0.0611567
v 0.0151164 -0.011198 0.0615499
v 0.0151164 -0.0112828 0.0619342
v 0.0151164 -0.0114642 0.0622835
v 0.0151164 -0.0117297 0.0625739
v 0.0151164 -0.0120614 0.0627857
v 0.0151207 -0.0123091 0.0628748
v 0.0151207 -0.012699 0.0629264
v 0.0151164 -0.0132142 0.0628372
v 0.0151208 -0.0134523 0.0627251
v 0.0151453 -0.0137708 0.0624933
v 0.0151208 -0.014004 0.0621741
v 0.0151445 -0.012306 0.0599519
v 0.0151208 -0.0130909 0.0599652
v 0.0151599 -0.0141254 0.0620229
v 0.0151631 -0.0134705 0.062752
v 0.0151599 -0.0128906 0.0629559
v 0.0151631 -0.012303 0.0629066
v 0.0151769 -0.0119293 0.0627722
v 0.0151769 -0.0116056 0.0625267
v 0.0151769 -0.0113565 0.0622057
v 0.0151769 -0.0111989 0.0618312
v 0.0151769 -0.0111436 0.0614287
v 0.0151769 -0.0111944 0.0610256
v 0.0151631 -0.0113668 0.0606517
v 0.0151657 -0.0119266 0.060092
v 0.0151631 -0.013097 0.0599334
v 0.0151599 -0.0136513 0.0601992
v 0.0151631 -0.014032 0.0606495
v 0.0151445 -0.0142201 0.0614194
v 0.0151696 -0.0122988 0.0599228
v 0.0151554 -0.0126978 0.0598921
v 0.0151696 -0.01425 0.06142
v 0.0151816 -0.0142282 0.061825
v 0.0151816 -0.0140713 0.0622068
v 0.0151813 -0.0136469 0.0627002
v 0.0151816 -0.0131133 0.062946
v 0.0151813 -0.0124643 0.0629947
v 0.0151796 -0.0113368 0.0606329
v 0.0151716 -0.0116012 0.060328
v 0.0151813 -0.0129357 0.0598453
v 0.0151816 -0.0134868 0.0600487
v 0.015181 -0.0139752 0.0604688
v 0.0151716 -0.0141951 0.0610144
v 0.015183 -0.0118826 0.064107
v 0.015183 -0.0102221 0.062742
v 0.015183 -0.0100131 0.0606026
v 0.015183 -0.011378 0.0589421
v 0.015183 -0.0135174 0.0587331
v 0.015183 -0.014022 0.063898
v 0.015183 -0.0151779 0.060098
v 0.015183 -0.0153869 0.0622374
v 0.0170372 -0.0102265 0.0626018
v 0.0168965 -0.0110138 0.0636202
v 0.016883 -0.0119882 0.0640763
v 0.0168966 -0.0130635 0.0641681
v 0.016883 -0.014075 0.0638016
v 0.0169296 -0.0151331 0.0628214
v 0.0168965 -0.0154481 0.0610565
v 0.016883 -0.0150816 0.060045
v 0.0168965 -0.0143862 0.0592198
v 0.016883 -0.0134118 0.0587637
v 0.0168966 -0.0123365 0.0586719
v 0.016883 -0.011325 0.0590384
v 0.0168965 -0.0104998 0.0597338
v 0.016883 -0.0100437 0.0607082
v 0.0171803 -0.0102646 0.0620198
v 0.0171847 -0.0107954 0.0630982
v 0.0171808 -0.0111517 0.0634163
v 0.0171808 -0.0130168 0.0639264
v 0.017181 -0.0146962 0.062967
v 0.017181 -0.0152055 0.0611024
v 0.0171808 -0.0142483 0.0594237
v 0.0171803 -0.0133983 0.059011
v 0.0171808 -0.0123832 0.0589136
v 0.017181 -0.0107038 0.0598729
v 0.0171796 -0.0102898 0.0607166
v 0.0171742 -0.0101563 0.0614191
v 0.017142 -0.0102419 0.0623441
v 0.0171501 -0.0123888 0.0640108
v 0.0171847 -0.0143782 0.0633246
v 0.0171847 -0.0152334 0.0615801
v 0.0171847 -0.0146046 0.0597418
v 0.0171501 -0.0130112 0.0588292
v 0.0171847 -0.0110218 0.0595154
v 0.0170915 -0.0111215 0.0637206
v 0.0171233 -0.0113864 0.0637028
v 0.0171233 -0.0133853 0.063963
v 0.0171259 -0.0143052 0.0635308
v 0.0170808 -0.0152133 0.0624439
v 0.0171259 -0.0153276 0.0617775
v 0.0170807 -0.0152012 0.0603669
v 0.0171259 -0.0148108 0.0598148
v 0.0170807 -0.0137239 0.0589067
v 0.0170915 -0.0121894 0.0586771
v 0.0171233 -0.0120147 0.058877
v 0.0171259 -0.0110948 0.0593092
v 0.0171233 -0.0104172 0.0601064
v 0.0171259 -0.0100724 0.0610625
v 0.0170472 -0.0107965 0.06341
v 0.0170543 -0.0123889 0.0641293
v 0.0170284 -0.0131081 0.0641288
v 0.0170472 -0.0141296 0.0637737
v 0.0170284 -0.014904 0.0630468
v 0.0170472 -0.0154531 0.0613588
v 0.0170472 -0.0146035 0.05943
v 0.0170472 -0.0126388 0.0586669
v 0.0170472 -0.01071 0.0595165
v 0.0170248 -0.0101365 0.0604606
v 0.0170284 -0.00999122 0.0618281
v 0.0169491 -0.0099514 0.0617265
v 0.0117685 0.0141849 0.0616828
v 0.011758 0.0118085 0.0626404
v 0.0117666 0.0111997 0.0617462
v 0.011758 0.0115811 0.0603737
v 0.011758 0.0132643 0.0598795
v 0.0151219 0.0141063 0.0619876
v 0.0117772 0.0131163 0.0628146
v 0.0150766 0.012089 0.0628019
v 0.0151146 0.011639 0.062485
v 0.0150767 0.0111977 0.0615818
v 0.0151219 0.0117659 0.0602253
v 0.0150767 0.0129325 0.059927
v 0.0150766 0.0139201 0.0605287
v 0.015183 0.0115686 0.0625514
v 0.015183 0.0119 0.0628056
v 0.015183 0.0127 0.06302
v 0.015183 0.0131141 0.0629655
v 0.015183 0.0138314 0.0625514
v 0.0151816 0.014226 0.0618333
v 0.015183 0.0142455 0.0610059
v 0.0151816 0.0138209 0.0603051
v 0.0151816 0.0134942 0.060053
v 0.015183 0.0131141 0.0598745
v 0.0151816 0.0127043 0.059839
v 0.0151816 0.0122949 0.0598918
v 0.015183 0.0119 0.0600344
v 0.0151816 0.0115851 0.0602991
v 0.015183 0.0111545 0.0610059
v 0.0150699 0.0113272 0.0620341
v 0.0151165 0.0120951 0.0628107
v 0.0151022 0.0127014 0.0629215
v 0.0151089 0.0134517 0.062722
v 0.0151253 0.0139037 0.062351
v 0.0150699 0.0135819 0.0602018
v 0.0151253 0.012123 0.0600118
v 0.0151445 0.0112316 0.0618129
v 0.0151267 0.0132711 0.0628295
v 0.015133 0.0137701 0.0624901
v 0.0151146 0.0142033 0.0614172
v 0.0151172 0.0141005 0.0608353
v 0.0151165 0.0129243 0.0599202
v 0.0151146 0.0113966 0.0606708
v 0.0151172 0.0111948 0.0612261
v 0.0151631 0.0116111 0.0625072
v 0.0151377 0.0124819 0.0629315
v 0.0151554 0.0141752 0.0618176
v 0.0151631 0.0141866 0.061023
v 0.0151445 0.0137753 0.0603456
v 0.0151716 0.0131056 0.0599249
v 0.0151445 0.0127006 0.0598999
v 0.0151716 0.0119296 0.060076
v 0.0151554 0.0116212 0.0603381
v 0.0151631 0.011214 0.0610205
v 0.0151696 0.0112028 0.0618212
v 0.0151554 0.0113757 0.062182
v 0.0151797 0.0122869 0.0629333
v 0.0151631 0.0126987 0.0629587
v 0.0151797 0.013478 0.0627822
v 0.0151631 0.0137872 0.0625089
v 0.0151696 0.013796 0.060324
v 0.0151554 0.0134658 0.0600979
v 0.0151696 0.0127 0.05987
v 0.0151554 0.0123067 0.0599436
v 0.0151816 0.0111718 0.061825
v 0.015181 0.0114511 0.0624055
v 0.0151716 0.0119213 0.0627592
v 0.0151796 0.0127 0.0629941
v 0.0151716 0.0130963 0.0629176
v 0.0151796 0.0138131 0.0625331
v 0.0151716 0.0140392 0.0621988
v 0.0151769 0.0142564 0.0614287
v 0.0151796 0.0142205 0.0610126
v 0.0151716 0.014044 0.0606496
v 0.0151769 0.0113565 0.0606343
v 0.0151796 0.0111795 0.0610126
v 0.0151716 0.0111509 0.0614152
v 0.0152104 0.0142421 0.0637002
v 0.0151848 0.0124921 0.0642015
v 0.015184 0.0152002 0.062587
v 0.0152104 0.0154459 0.0612249
v 0.015183 0.0150825 0.0600465
v 0.0151841 0.0111174 0.0591599
v 0.0151843 0.0101996 0.0602536
v 0.0151847 0.014272 0.0591158
v 0.015183 0.0113235 0.0638007
v 0.015184 0.0124605 0.0586712
v 0.01522 0.00995989 0.0613741
v 0.0151861 0.0102755 0.0627806
v 0.0168832 0.0134123 0.0587639
v 0.0168873 0.0124171 0.0586648
v 0.0168832 0.0113255 0.0590382
v 0.0168862 0.0101731 0.0602857
v 0.016883 0.00995023 0.0614183
v 0.016883 0.0100437 0.0621318
v 0.0168873 0.0104552 0.0630423
v 0.0168832 0.0113245 0.0638012
v 0.0168832 0.0126994 0.0641699
v 0.0168865 0.0143206 0.0636661
v 0.0168832 0.0150812 0.0627955
v 0.0168868 0.0154553 0.061138
v 0.0169707 0.0152632 0.0604106
v 0.0168832 0.0146449 0.0594759
v 0.0168832 0.0140755 0.0590388
v 0.0171777 0.0151224 0.0620801
v 0.0171715 0.014896 0.0627113
v 0.0171777 0.0144678 0.0632028
v 0.0171732 0.0139528 0.0636341
v 0.0171777 0.0133396 0.0638479
v 0.0171715 0.0126797 0.0639674
v 0.0171777 0.0120399 0.0638424
v 0.0171732 0.0114089 0.063612
v 0.0171777 0.0109172 0.0631878
v 0.0171715 0.0104837 0.0626761
v 0.0171567 0.0101384 0.0609428
v 0.0171777 0.0102776 0.0607599
v 0.0171715 0.010504 0.0601287
v 0.0171567 0.0118325 0.058963
v 0.0171777 0.0120604 0.0589921
v 0.0171732 0.0139911 0.059228
v 0.0171777 0.0144828 0.0596522
v 0.0171715 0.0149163 0.0601639
v 0.0171777 0.0151279 0.0607804
v 0.0171732 0.0152439 0.0614421
v 0.0169606 0.0154398 0.06142
v 0.017033 0.0150515 0.0600565
v 0.0170698 0.0146065 0.0595059
v 0.0170674 0.0140464 0.0590915
v 0.0171623 0.0133926 0.0589301
v 0.0171715 0.0127203 0.0588726
v 0.0170674 0.0127018 0.0587302
v 0.0169917 0.0136887 0.0588513
v 0.0170674 0.0113567 0.0590897
v 0.0169918 0.0122715 0.0587012
v 0.0169448 0.0110121 0.059243
v 0.0170674 0.0103715 0.0600736
v 0.0170698 0.0107859 0.0595134
v 0.0170674 0.0100102 0.0614182
v 0.0169917 0.0101315 0.0604306
v 0.0169041 0.00995181 0.0615928
v 0.0171233 0.010835 0.0632797
v 0.0170674 0.0103697 0.0627633
v 0.0170698 0.0100919 0.0621244
v 0.0169606 0.0103273 0.0627899
v 0.0171233 0.0120147 0.063963
v 0.0170599 0.0109947 0.0635406
v 0.0169474 0.0116614 0.0639708
v 0.0170599 0.0122824 0.064109
v 0.0169465 0.0130748 0.0641487
v 0.0171233 0.0145597 0.063285
v 0.0170674 0.0140434 0.0637503
v 0.0170698 0.0134041 0.0640282
v 0.0169606 0.0140699 0.0637927
v 0.0170599 0.0148204 0.0631255
v 0.0169442 0.0152504 0.0624616
v 0.0171233 0.015245 0.060742
v 0.0170674 0.0153898 0.0614218
v 0.0170698 0.0153109 0.062114
v 0.010748 -0.0190283 0.0478818
v 0.010738 -0.0190497 0.0474924
v 0.010738 -0.0189952 0.047025
v 0.0107471 -0.0157218 0.0467771
v 0.010746 -0.0185054 0.0489558
v 0.010738 -0.01567 0.0480187
v 0.010746 -0.0152889 0.046119
v 0.010746 -0.0188201 0.0465148
v 0.0107469 -0.0175839 0.0456934
v 0.0107442 -0.016589 0.0458231
v 0.010746 -0.0157373 0.0482354
v 0.0107463 -0.0160884 0.048812
v 0.0107424 -0.0175639 0.0493184
v 0.010746 -0.018183 0.0458919
v 0.010758 -0.0173369 0.045684
v 0.010746 -0.0156029 0.0473935
v 0.010758 -0.0156036 0.047506
v 0.010758 -0.0190497 0.0474924
v 0.0107494 -0.0168033 0.049266
v 0.010752 -0.00671022 0.0478795
v 0.010738 -0.00673142 0.0474924
v 0.010746 -0.0067098 0.0471711
v 0.0107517 -0.00335138 0.0480337
v 0.010746 -0.0063184 0.0487768
v 0.010746 -0.0037079 0.0462452
v 0.010746 -0.0036617 0.048651
v 0.010748 -0.0054538 0.0492843
v 0.010746 -0.00650223 0.0465165
v 0.0107494 -0.00454472 0.0457415
v 0.0107467 -0.0029116 0.0475106
v 0.0107464 -0.00563099 0.0457478
v 0.0107474 -0.00435363 0.0492239
v 0.010743 0.00334846 0.0474939
v 0.010738 0.003403 0.0470257
v 0.0107442 0.00680658 0.0473993
v 0.010748 0.00510254 0.0493156
v 0.010746 0.00577591 0.049194
v 0.010746 0.00637206 0.0462452
v 0.010746 0.0065485 0.048491
v 0.010748 0.00378424 0.0487541
v 0.010746 0.00347122 0.0467906
v 0.010746 0.00383623 0.0462104
v 0.010748 0.00438521 0.0492228
v 0.0107424 0.00457994 0.0456726
v 0.010748 0.00568444 0.0458013
v 0.010758 0.0067809 0.047506
v 0.010758 0.00482275 0.0456906
v 0.010758 0.00335741 0.0477171
v 0.010746 0.00346876 0.0482454
v 0.017183 -0.0117 0.0608427
v 0.017183 -0.0133 0.0603808
v 0.0173221 -0.0117846 0.0623587
v 0.017183 -0.0137 0.0619974
v 0.017183 -0.0127 0.0625747
v 0.015683 -0.0137 0.0619974
v 0.015683 -0.0127 0.0625747
v 0.0156768 -0.0137074 0.0612723
v 0.015683 -0.0137 0.0608427
v 0.0156768 -0.0130758 0.0604737
v 0.0156907 -0.0126839 0.0602811
v 0.0156768 -0.0116926 0.0615677
v 0.015683 -0.0117 0.0619974
v 0.0156785 -0.0121977 0.06229
v 0.0156973 -0.0117345 0.0608706
v 0.0156843 -0.0129829 0.062409
v 0.0152012 -0.0127322 0.0614447
v 0.017183 0.0139 0.06142
v 0.017183 0.0127 0.0602653
v 0.017303 0.0116469 0.0606485
v 0.017183 0.0127 0.0625747
v 0.017303 0.0115052 0.0619463
v 0.015683 0.0117 0.0619974
v 0.015683 0.0127 0.0625747
v 0.0156768 0.0116926 0.0612723
v 0.015683 0.0117 0.0608427
v 0.0156785 0.0121977 0.06055
v 0.0156952 0.0127374 0.0602981
v 0.015683 0.0137 0.0608427
v 0.0156768 0.0137074 0.0615677
v 0.015683 0.0137 0.0619974
v 0.0156785 0.0132023 0.06229
v 0.0156829 0.0134998 0.0608063
v 0.0156843 0.0124171 0.062409
v 0.0152012 0.0126678 0.0614447
v 0.010746 0.00990207 0.0471361
v 0.0107513 0.0096524 0.0467974
v 0.0107486 0.00958872 0.046441
v 0.010748 0.0102365 0.0472813
v 0.010746 0.0104321 0.0456704
v 0.010738 0.010705 0.0473086
v 0.010738 0.010705 0.0456839
v 0.010738 0.00968929 0.0460041
v 0.010738 0.010336 0.0473012
v 0.010758 0.010705 0.0456839
v 0.010758 0.00977358 0.0459093
v 0.010748 0.0101139 0.0457088
v 0.010746 0.0105071 0.0473147
v 0.010758 0.010705 0.0473086
v 0.010738 -0.000468801 0.046373
v 0.010738 -0.000634441 0.0484009
v 0.010738 -0.000323427 0.0479716
v 0.010738 0.000536413 0.0470081
v 0.010738 0.000536413 0.0492461
v 0.0107423 -0.000124749 0.0492625
v 0.010738 -0.000389705 0.0460048
v 0.0107424 -0.000498118 0.048996
v 0.010738 0.000247604 0.0470128
v 0.0107471 -0.000363906 0.0459335
v 0.010738 0.000531208 0.049288
v 0.010738 0.000536413 0.045677
v 0.0107474 -0.000304504 0.0468063
v 0.0107533 0.000532674 0.0456621
v 0.010758 0.000437232 0.0470537
v 0.0107494 -5.236e-05 0.0457064
v 0.010758 -0.000460535 0.0463447
v 0.0107513 -0.000170146 0.0478829
v 0.0107407 0.000527707 0.0478205
v 0.010758 -0.000637359 0.0485524
v 0.0107505 -0.000563053 0.0482158
v 0.010758 0.00053194 0.0492841
v 0.010758 0.00052937 0.0492871
v 0.010758 0.000536413 0.0478334
v 0.010758 0.000524971 0.0492902
v 0.010758 0.000535489 0.049276
v 0.01075 -0.000593058 0.0488383
v 0.010758 -2.99845e-05 0.0492714
v 0.010758 0.000446989 0.0493138
v -0.0366244 0.00908679 0.0103145
v -0.0368371 0.00818843 0.0115227
v -0.036864 0.00806395 0.0112995
v -0.0368732 0.00802537 0.0109276
v -0.0368132 0.00829494 0.0102218
v -0.0368581 0.00809456 0.0104805
v -0.0367663 0.00849762 0.0101327
v -0.0366845 0.00884375 0.0101588
v -0.0366243 0.00908705 0.0103147
v -0.036625 0.00908455 0.0115571
v -0.0366885 0.00882883 0.0116939
v -0.0367978 0.00835924 0.0116717
v -0.0366243 0.00908705 0.0115556
v -0.0330841 -0.0181009 0.00533176
v -0.0330841 -0.0181009 0.00646412
v -0.033338 -0.0176324 0.00646412
v -0.0312542 -0.021083 0.0082101
v -0.0312579 -0.0210776 0.00829966
v -0.0312738 -0.0210543 0.00837407
v -0.0313068 -0.0210057 0.00841418
v -0.0323905 -0.019306 0.00842
v -0.0324016 -0.0192875 0.00841628
v -0.0324271 -0.0192449 0.00838
v -0.0324158 -0.0192642 0.00840642
v -0.0329899 -0.0182724 0.00842225
v -0.0330695 -0.0181273 0.00838706
v -0.0328377 -0.0185411 0.00836752
v -0.0324159 -0.0192325 0.00837083
v -0.0328374 -0.0185415 0.00836666
v -0.0324432 -0.0192181 0.00825169
v -0.0324366 -0.0192292 0.00833561
v -0.0328363 -0.0185435 0.00836251
v -0.0324416 -0.0192148 0.00819814
v -0.0328274 -0.0185321 0.00837138
v -0.0324318 -0.0192369 0.00806504
v -0.0322876 -0.0194763 0.00644887
v -0.0324072 -0.0192786 0.00801485
v -0.0319512 -0.0200194 0.0072916
v -0.0318753 -0.0201391 0.00743723
v -0.0322567 -0.0195266 0.00653347
v -0.0320679 -0.0198334 0.00705008
v -0.031569 -0.0206123 0.00800824
v -0.0328498 -0.0185201 0.0083904
v -0.0329136 -0.0184071 0.00492067
v -0.0328714 -0.0184816 0.00494252
v -0.0323455 -0.0193809 0.00614249
v -0.032837 -0.0185424 0.00502536
v -0.0328326 -0.01855 0.00833395
v -0.0328334 -0.0185486 0.00834403
v -0.0323659 -0.0193473 0.00573168
v -0.0323283 -0.0194089 0.00538332
v -0.032122 -0.0197492 0.00496033
v -0.0316485 -0.0204933 0.00488368
v -0.0313135 -0.0209964 0.00517351
v -0.033338 -0.0176324 0.00492
v -0.033338 -0.0176324 0.00687588
v -0.0330816 -0.0181057 0.00836015
v -0.0330841 -0.0181009 0.00687588
v -0.0312773 -0.021049 0.00539203
v -0.0313013 -0.0210133 0.00556532
v -0.0313286 -0.0209731 0.00558912
v -0.0313155 -0.0209926 0.00558518
v -0.0313165 -0.0209911 0.00790529
v -0.0320958 -0.0197885 0.0058529
v -0.031293 -0.0210258 0.00796357
v -0.0312743 -0.0210534 0.00800996
v -0.0320905 -0.0197971 0.00600819
v -0.0320192 -0.0199138 0.00647254
v -0.0320105 -0.0199253 0.0054379
v -0.0319524 -0.0200175 0.00536116
v -0.0312698 -0.0210601 0.0080263
v -0.0312696 -0.0210604 0.00802716
v -0.0316772 -0.0204469 0.00529834
v -0.0312583 -0.021077 0.00808784
v -0.0312613 -0.0210726 0.00807165
v -0.0318568 -0.0201648 0.00528635
v -0.0320793 -0.0198159 0.00563475
v -0.0312571 -0.0210787 0.00812228
v -0.031346 -0.0209475 0.00558243
v -0.0316104 -0.0205508 0.00532396
v -0.0368136 -0.0082934 0.00622164
v -0.036847 -0.00814108 0.00635811
v -0.0368655 -0.00805285 0.00691301
v -0.0367832 -0.00842572 0.00617334
v -0.0367842 -0.00842113 0.00692814
v -0.0367164 -0.00871659 0.00615876
v -0.0366413 -0.00901765 0.00623888
v -0.0366049 -0.00916313 0.00630712
v -0.0367052 -0.00875742 0.00695532
v -0.0332925 0.0177197 0.00804789
v -0.0331576 0.0179655 0.00830094
v -0.0319316 0.0200504 0.00833947
v -0.0319318 0.0200501 0.00833716
v -0.0326479 0.0188708 0.00844381
v -0.0327208 0.018745 0.00846286
v -0.0327282 0.0187323 0.00846479
v -0.0319302 0.0200527 0.0083568
v -0.032941 0.0183446 0.0084593
v -0.0319267 0.0200581 0.0083742
v -0.0318743 0.0201413 0.00842179
v -0.0317045 0.020405 0.00839851
v -0.0311762 0.0211972 0.00627673
v -0.0316817 0.0204401 0.00833716
v -0.0316855 0.0204343 0.00836774
v -0.0316718 0.0204413 0.00673248
v -0.031517 0.0206911 0.00635859
v -0.0316016 0.0205628 0.00653266
v -0.0314409 0.0208067 0.00623933
v -0.0312602 0.0210738 0.00623712
v -0.0324495 0.0192071 0.00833991
v -0.0323606 0.0193558 0.00824993
v -0.0311639 0.0212153 0.00627267
v -0.0311517 0.021233 0.00625507
v -0.0311308 0.0212626 0.00607125
v -0.0311496 0.0212361 0.00587916
v -0.0312112 0.0211466 0.00581881
v -0.0314143 0.0208456 0.0058091
v -0.0315114 0.0206922 0.00589068
v -0.0315932 0.0205754 0.00602365
v -0.0316803 0.0204452 0.00613615
v -0.0317153 0.0203884 0.00588303
v -0.0318149 0.0202341 0.00583842
v -0.0319136 0.0200789 0.00586859
v -0.0325751 0.0189953 0.00589823
v -0.0323404 0.019389 0.00817154
v -0.0319318 0.0200501 0.00592931
v -0.0323434 0.0193842 0.00795418
v -0.0323636 0.0193507 0.007909
v -0.0323545 0.0193659 0.00791801
v -0.0322858 0.0194794 0.00708069
v -0.0322938 0.0194663 0.00660734
v -0.0319285 0.0200552 0.0058973
v -0.0323773 0.0193279 0.00625365
v -0.0324547 0.0192005 0.00605364
v -0.0322886 0.0194748 0.00710899
v -0.0323652 0.0193481 0.0079085
v -0.0322902 0.0194721 0.00712534
v -0.0323752 0.0193315 0.00790529
v -0.0327758 0.018653 0.00578632
v -0.0331296 0.0180257 0.00592073
v -0.0323831 0.0193183 0.00790791
v -0.0323644 0.0193494 0.00723516
v -0.0323731 0.019335 0.00723618
v -0.0323983 0.019293 0.00791792
v -0.0325948 0.0189619 0.00806353
v -0.0328861 0.0184613 0.00810905
v -0.0330897 0.0180883 0.00784798
v -0.0331629 0.0179506 0.00725272
v -0.0323477 0.019377 0.00723066
v -0.0323053 0.0194473 0.00718225
v -0.0366286 0.00907009 0.0171656
v -0.0366384 0.00903047 0.0166138
v -0.0367842 0.00842272 0.0167503
v -0.0367185 0.00870175 0.0173188
v -0.0366869 0.00883281 0.0173042
v -0.0367502 0.00856671 0.017295
v -0.0367796 0.00844111 0.0172089
v -0.036799 0.00835568 0.0170202
v -0.0366618 0.00893581 0.016571
v -0.0366502 0.00898298 0.0172402
v -0.0366587 0.00894844 0.0165738
v -0.0366556 0.00896092 0.0172553
v -0.0370278 0.00728367 0.0177762
v -0.0372203 0.0062335 0.01742
v -0.0371684 0.00653602 0.0171444
v -0.0371433 0.00667469 0.0173493
v -0.037092 0.00695386 0.0174406
v -0.0370461 0.00719298 0.017387
v -0.0370136 0.00735381 0.0172666
v -0.0371684 0.00653289 0.0168332
v -0.0370044 0.0074009 0.0177762
v -0.0366726 0.00889139 0.0148318
v -0.0366495 0.00898638 0.014772
v -0.036967 0.00758443 0.0164533
v -0.0367228 0.00868353 0.0164498
v -0.0366437 0.00900918 0.0148924
v -0.0366412 0.00901942 0.014904
v -0.0366372 0.00903534 0.0149105
v -0.0367124 0.00872654 0.0164454
v -0.0366344 0.00904684 0.0149144
v -0.0367448 0.00856052 0.0164865
v -0.0368082 0.00831741 0.0166993
v -0.0366212 0.00909942 0.0165169
v -0.036649 0.00898878 0.0164615
v -0.0366815 0.00885519 0.0164377
v -0.0366666 0.008916 0.0164482
v -0.0366322 0.00905537 0.014915
v -0.0366911 0.00881556 0.0164363
v -0.0369322 0.00775132 0.0173589
v -0.0369218 0.00780037 0.0174232
v -0.0369094 0.00785839 0.0174371
v -0.0368906 0.00794527 0.0173897
v -0.0368974 0.00791395 0.0174225
v -0.0366817 0.00878451 0.0174375
v -0.0366966 0.00879223 0.0174296
v -0.0366497 0.00898481 0.0173879
v -0.036743 0.0085981 0.0174269
v -0.0368865 0.00796451 0.0173267
v -0.0368877 0.00795848 0.0173652
v -0.0368018 0.00834446 0.0172858
v -0.0368146 0.00828923 0.0172015
v -0.0367445 0.00859183 0.0174251
v -0.0367816 0.00843268 0.0173691
v -0.0368177 0.00827474 0.0171621
v -0.0368216 0.00825712 0.0170895
v -0.0368116 0.00824069 0.0169949
v -0.0368871 0.00796153 0.017299
v -0.0368906 0.00794556 0.0172623
v -0.0369034 0.00788557 0.0172175
v -0.0369205 0.00780635 0.017227
v -0.0369307 0.00775819 0.0172781
v -0.0371972 0.00636878 0.0164533
v -0.0368097 0.00830929 0.0148909
v -0.0366821 0.00885274 0.014865
v -0.0367361 0.00863052 0.0149618
v -0.0370269 0.00728869 0.0164775
v -0.0369894 0.00746702 0.0164532
v -0.037075 0.00703786 0.0164347
v -0.0371026 0.00681821 0.0164951
v -0.0371354 0.00671604 0.0165603
v -0.0368321 0.00821074 0.0148085
v -0.0369815 0.00743888 0.0166354
v -0.0377161 0.00139457 0.01742
v -0.0376147 0.00308667 0.01742
v -0.0376561 0.00254153 0.0174187
v -0.0376349 0.00285007 0.0171472
v -0.0376326 0.00286269 0.0166974
v -0.0376293 0.00290243 0.0168588
v -0.0376033 0.00320564 0.0174201
v -0.037568 0.00360528 0.0174394
v -0.0374507 0.00466527 0.0174234
v -0.0375231 0.00404562 0.0172235
v -0.0375407 0.00388718 0.0173723
v -0.0374624 0.00457112 0.0173898
v -0.037518 0.00409277 0.0171573
v -0.0375182 0.00409061 0.0171604
v -0.0374571 0.00461361 0.017405
v -0.0374795 0.00442996 0.0172769
v -0.0374672 0.00452958 0.017364
v -0.0374359 0.00478087 0.0174359
v -0.037317 0.00562983 0.01742
v -0.0373995 0.00506494 0.0173781
v -0.0373271 0.00556273 0.016572
v -0.0373622 0.00532654 0.0170771
v -0.0373626 0.00532069 0.0167155
v -0.0372991 0.00574636 0.016572
v -0.0374906 0.00433405 0.016985
v -0.0374873 0.00436463 0.017165
v -0.0377128 0.00147937 0.016861
v -0.0377109 0.00152357 0.0167225
v -0.0377083 0.00158846 0.0166272
v -0.0377057 0.00164992 0.0165811
v -0.0377014 0.00174728 0.0165535
v -0.0376975 0.00182613 0.0165738
v -0.0376926 0.00188415 0.0169937
v -0.0377138 0.00145309 0.017009
v -0.0376922 0.00193107 0.017209
v -0.0376819 0.0021221 0.0173986
v -0.0375836 0.00324047 0.0172685
v -0.037591 0.00336638 0.0173849
v -0.03724 0.00611561 0.01742
v -0.0372989 0.00574796 0.01742
v -0.0372806 0.00586444 0.016572
v -0.0372478 0.006068 0.016572
v -0.0375842 0.00343635 0.0148727
v -0.0376705 0.00215998 0.0148802
v -0.0376727 0.00227804 0.0148103
v -0.0376717 0.00229642 0.0146993
v -0.0375842 0.00343635 0.0134967
v -0.0376727 0.00227806 0.0146376
v -0.0370543 0.00714899 0.00651559
v -0.0370006 0.00742622 0.00527739
v -0.0368483 0.0081528 0.00552092
v -0.0368317 0.00821242 0.00651559
v -0.0370706 0.00706213 0.00531276
v -0.037094 0.0069403 0.00532989
v -0.0371357 0.00671627 0.00542535
v -0.0370585 0.007127 0.00651819
v -0.0370602 0.0071184 0.00652103
v -0.0371416 0.00668338 0.00544931
v -0.0371707 0.00652097 0.00556761
v -0.0370605 0.00711671 0.00652199
v -0.0370621 0.00710841 0.00652674
v -0.0371708 0.0065203 0.0055681
v -0.037063 0.00710379 0.00652999
v -0.0371913 0.00640253 0.00570229
v -0.0371988 0.00635974 0.00575103
v -0.0372108 0.00628938 0.0058755
v -0.0372115 0.00622588 0.0059894
v -0.0372279 0.00618773 0.00612213
v -0.0370681 0.00707667 0.00656408
v -0.0370715 0.00705934 0.00673518
v -0.0368201 0.00826392 0.00558259
v -0.0368239 0.00824692 0.00651963
v -0.0368142 0.00829009 0.00558912
v -0.0372354 0.00614425 0.00711762
v -0.0372228 0.00621849 0.00735044
v -0.0370678 0.00707895 0.00682812
v -0.0371958 0.00637691 0.00763452
v -0.0370652 0.00709251 0.00685123
v -0.0370633 0.00710246 0.00686156
v -0.0370627 0.00710511 0.00686431
v -0.0371947 0.00638358 0.00764156
v -0.0371716 0.00651539 0.0077807
v -0.0370619 0.00710942 0.00686733
v -0.0370618 0.00710988 0.00686766
v -0.0371666 0.0065442 0.00781111
v -0.037148 0.00655276 0.00782034
v -0.0371123 0.00676918 0.00795602
v -0.0370598 0.00712031 0.00687243
v -0.0371118 0.00684529 0.00797934
v -0.0370878 0.00697384 0.00802606
v -0.0370555 0.00714261 0.00687587
v -0.0369921 0.00747129 0.00807053
v -0.0369074 0.00786758 0.00687588
v -0.0369074 0.00786758 0.00790208
v -0.0376157 0.00307207 0.0111223
v -0.0376083 0.00316374 0.0112008
v -0.0376039 0.00321624 0.0112891
v -0.037602 0.00323321 0.0113881
v -0.0376071 0.00317608 0.0115827
v -0.0376242 0.00298197 0.011705
v -0.037651 0.00260407 0.0116783
v -0.0376417 0.00274082 0.010951
v -0.0376112 0.00312923 0.0101546
v -0.037591 0.00327387 0.0102283
v -0.0376222 0.00299569 0.0101266
v -0.0375917 0.00335443 0.01027
v -0.0375928 0.00334138 0.0102647
v -0.0375914 0.00335722 0.0102711
v -0.0376345 0.00283486 0.0101403
v -0.0376395 0.00277114 0.0101701
v -0.0375905 0.00336724 0.0102729
v -0.0369219 0.00779911 0.0133148
v -0.0370783 0.00702385 0.0146388
v -0.0371018 0.00690151 0.0145361
v -0.0371215 0.00679319 0.0143539
v -0.0371344 0.00672669 0.0139966
v -0.0371255 0.00677151 0.0135675
v -0.0371052 0.00688309 0.0133457
v -0.0370857 0.00698592 0.0132345
v -0.0370051 0.00740092 0.0131314
v -0.0370461 0.00719296 0.0131282
v -0.036975 0.00754611 0.0131628
v -0.0369176 0.0078197 0.013329
v -0.0370202 0.00732214 0.0147141
v -0.0370517 0.00716253 0.0146965
v -0.0369145 0.00783433 0.0133318
v -0.0369171 0.00782226 0.0133295
v -0.0369335 0.00774482 0.0145874
v -0.0369399 0.0077142 0.0146043
v -0.0369192 0.00781252 0.0145466
v -0.03696 0.00756068 0.0146771
v -0.0371845 0.00644228 0.0161884
v -0.0371887 0.00641805 0.0162244
v -0.0371829 0.00645165 0.0161516
v -0.0369113 0.00784916 0.0147818
v -0.0371936 0.00638959 0.0160543
v -0.0371869 0.00642838 0.0160821
v -0.0369054 0.00787706 0.014728
v -0.0369075 0.00786719 0.0147593
v -0.0368451 0.00815287 0.0147244
v -0.0369061 0.00787353 0.0132915
v -0.0368254 0.00824023 0.0135245
v -0.0369043 0.00788221 0.0146537
v -0.0369052 0.00787771 0.0145844
v -0.0368399 0.00817556 0.0135944
v -0.0368369 0.00818911 0.0142758
v -0.0368409 0.00817139 0.0137174
v -0.0368363 0.00819183 0.0137624
v -0.0368205 0.00821683 0.0137729
v -0.0368346 0.00819946 0.0142639
v -0.03682 0.00826465 0.0141992
v -0.0368324 0.00820923 0.0137714
v -0.0368465 0.00814615 0.014349
v -0.0368502 0.00812936 0.0143954
v -0.0369072 0.0078687 0.0145508
v -0.0369068 0.00787056 0.0132993
v -0.0369128 0.00784241 0.0145376
v -0.0369095 0.00785758 0.0145405
v -0.0369077 0.00786613 0.013311
v -0.0367779 0.0084485 0.0134506
v -0.0369135 0.007839 0.0147906
v -0.0371958 0.0063771 0.0160499
v -0.0372695 0.00593433 0.0160632
v -0.0372058 0.00631858 0.0160487
v -0.0372156 0.00626119 0.0160954
v -0.0373893 0.00513109 0.0118724
v -0.0374286 0.0048381 0.00968291
v -0.0374873 0.00436281 0.0134546
v -0.037389 0.00513308 0.0118809
v -0.0374286 0.00483794 0.0096803
v -0.0373893 0.00513091 0.0118708
v -0.0374287 0.0048369 0.00967038
v -0.0374287 0.0048371 0.00967228
v -0.0373868 0.00514922 0.0119014
v -0.0373884 0.00513794 0.0118919
v -0.0373525 0.00539053 0.0119069
v -0.0374029 0.00503424 0.0134394
v -0.0374382 0.00475809 0.0134258
v -0.0374647 0.00455221 0.0135378
v -0.0374818 0.00441052 0.0136729
v -0.0374827 0.00440233 0.0134798
v -0.0373848 0.00516375 0.0119075
v -0.0374847 0.00438535 0.0134632
v -0.0374835 0.00439516 0.0134708
v -0.0374849 0.00438357 0.0134622
v -0.0373861 0.00515448 0.0119036
v -0.0373867 0.0051498 0.0119017
v -0.0374851 0.00438152 0.0134611
v -0.0374862 0.00437258 0.013458
v -0.0373707 0.00526636 0.0119269
v -0.0366243 0.00908704 0.0118141
v -0.0366295 0.00906646 0.0135209
v -0.0366555 0.00896497 0.01346
v -0.0367288 0.00865877 0.0134191
v -0.0369057 0.00787562 0.0132725
v -0.0369036 0.00788178 0.0131791
v -0.0369129 0.00784203 0.0130791
v -0.0369075 0.00786725 0.013113
v -0.037178 0.00647949 0.0135818
v -0.0373521 0.00539369 0.0119055
v -0.0373495 0.00541169 0.0118965
v -0.037206 0.00631772 0.0118989
v -0.0373481 0.00542046 0.0118815
v -0.0373484 0.00541908 0.0102137
v -0.037348 0.005422 0.0106691
v -0.0373483 0.00541969 0.0102138
v -0.037231 0.00616944 0.0117169
v -0.0373219 0.00559757 0.0105845
v -0.0372166 0.00625408 0.0118541
v -0.0369157 0.00775265 0.013009
v -0.0369184 0.00781602 0.0130566
v -0.0367168 0.00870849 0.0119413
v -0.0367132 0.00872369 0.0119403
v -0.0368136 0.00828009 0.0119204
v -0.0366559 0.00896112 0.0118799
v -0.0369554 0.00764608 0.0129527
v -0.0369968 0.00743874 0.0128993
v -0.0370273 0.00721225 0.0128914
v -0.037082 0.00700445 0.0129443
v -0.0370541 0.00714715 0.0129068
v -0.0371985 0.00636124 0.0119142
v -0.0371626 0.00656661 0.0119124
v -0.0371719 0.00651438 0.011921
v -0.0370998 0.00691039 0.0129884
v -0.0371566 0.00659998 0.0118975
v -0.037141 0.00668678 0.013165
v -0.0371215 0.00679122 0.0130669
v -0.0371655 0.00655018 0.0133723
v -0.0371851 0.00643853 0.0139462
v -0.0371795 0.00647092 0.013658
v -0.0366243 0.00908705 0.0135363
v -0.0372882 0.00581628 0.0160632
v -0.0375097 0.00416784 0.0148727
v -0.0375632 0.00365713 0.0149127
v -0.0375658 0.00363064 0.014916
v -0.0375609 0.00368104 0.0149041
v -0.037559 0.00369985 0.0148727
v -0.0375594 0.00369581 0.0148896
v -0.0374287 0.00483703 0.00968826
v -0.0374961 0.00428748 0.0134494
v -0.037488 0.00435761 0.0134543
v -0.0374292 0.00483359 0.00970408
v -0.0375043 0.00421542 0.0134533
v -0.0375616 0.00367441 0.0134623
v -0.037509 0.00417366 0.0134748
v -0.0375083 0.00418047 0.013467
v -0.037559 0.00369985 0.0134967
v -0.0375095 0.00416947 0.0134834
v -0.0375592 0.00369796 0.0134867
v -0.0375614 0.00367635 0.0134634
v -0.0375599 0.00369079 0.0134729
v -0.037568 0.00360851 0.0149187
v -0.0375643 0.00364606 0.0123148
v -0.0377387 0.000498812 0.0127745
v -0.0377381 0.00054272 0.0127729
v -0.0375645 0.00364505 0.0123027
v -0.0375641 0.00364808 0.0123223
v -0.0375634 0.00365526 0.0123332
v -0.0375815 0.00346632 0.0129066
v -0.0375627 0.00366219 0.0123399
v -0.037562 0.00367002 0.0123443
v -0.0375806 0.00347584 0.012904
v -0.0375762 0.00352221 0.0128919
v -0.037586 0.00341721 0.0129571
v -0.0375869 0.00340706 0.013039
v -0.0376742 0.0022537 0.0142435
v -0.0377186 0.00134501 0.0142516
v -0.0377088 0.00157717 0.0147011
v -0.037691 0.00195324 0.0147244
v -0.0376869 0.0020263 0.0147143
v -0.0377012 0.00175154 0.0147436
v -0.0377124 0.00149038 0.0146494
v -0.0377155 0.00140958 0.0145477
v -0.0376761 0.00222117 0.014638
v -0.037672 0.00228912 0.0142383
v -0.0376685 0.00234723 0.0141721
v -0.0376694 0.00233212 0.0142082
v -0.03756 0.00369004 0.0131569
v -0.0375646 0.00364299 0.0134537
v -0.0375719 0.00356721 0.0134494
v -0.0375613 0.00367676 0.0131655
v -0.0375759 0.00352581 0.0134506
v -0.0375819 0.00346098 0.0134612
v -0.0376693 0.00233441 0.0139007
v -0.0376739 0.00225904 0.0146251
v -0.0375839 0.00344011 0.0134787
v -0.0376678 0.00235541 0.0140957
v -0.037562 0.0036699 0.0131687
v -0.0376546 0.00229177 0.0137517
v -0.0376735 0.00226384 0.0136971
v -0.0375413 0.00387474 0.0123396
v -0.0375568 0.00372225 0.0131106
v -0.037559 0.00370012 0.0129259
v -0.0375571 0.00371844 0.0129533
v -0.0375437 0.00385137 0.012351
v -0.0375602 0.00368795 0.0129148
v -0.0375617 0.00367298 0.0129076
v -0.0375455 0.00383374 0.0123541
v -0.0375628 0.00366173 0.0129027
v -0.0375431 0.0038573 0.0123488
v -0.0375276 0.00388528 0.0123283
v -0.0375396 0.00389094 0.0123214
v -0.0374293 0.00483257 0.00970723
v -0.0375678 0.00361059 0.0128926
v -0.0375489 0.00380047 0.01236
v -0.0375582 0.00370799 0.0123573
v -0.0376765 0.00221456 0.0136306
v -0.0375629 0.00366038 0.0131713
v -0.0375661 0.00362752 0.0131805
v -0.0375662 0.00362734 0.0131805
v -0.037742 -5.88629e-12 0.0164811
v -0.0377256 0.000115097 0.0149274
v -0.0377416 0.000186306 0.0149024
v -0.0377392 0.000455388 0.0149027
v -0.0377394 0.000442085 0.0146976
v -0.0377404 0.000412902 0.0147634
v -0.0377385 0.000503932 0.0149181
v -0.0375851 0.00342629 0.013136
v -0.0377362 0.00066137 0.0127934
v -0.0377113 0.00151623 0.0134507
v -0.0377091 0.00157076 0.0134365
v -0.0377361 0.000667929 0.0127994
v -0.0377361 0.000662969 0.0127949
v -0.0377361 0.000667735 0.0127993
v -0.0377115 0.00151225 0.0134524
v -0.0377364 0.000650181 0.0127869
v -0.0377366 0.000638835 0.012783
v -0.0377369 0.000619844 0.012781
v -0.0375868 0.00340774 0.013046
v -0.0377367 0.000633187 0.0127824
v -0.0375863 0.00341426 0.0131082
v -0.0375717 0.00342724 0.0131395
v -0.037724 0.00116185 0.0137385
v -0.0377359 0.000674712 0.0128127
v -0.0377359 0.000676434 0.0128221
v -0.0377236 0.00117499 0.01372
v -0.037736 0.000673547 0.012809
v -0.037736 0.000669757 0.0128018
v -0.037736 0.000670808 0.0128038
v -0.0377188 0.00131973 0.0135542
v -0.0377213 0.00125639 0.0136069
v -0.0377259 0.00108941 0.0139159
v -0.0377363 0.000651675 0.0149104
v -0.0377271 0.00105868 0.0141916
v -0.0377359 0.000676434 0.0148722
v -0.037736 0.000672167 0.014892
v -0.0377019 0.0017333 0.01342
v -0.0376877 0.00202397 0.0134682
v -0.0375759 0.00352535 0.0131827
v -0.0377065 0.00162907 0.0134306
v -0.0375782 0.00350077 0.0131776
v -0.0375828 0.00345235 0.0131645
v -0.0375741 0.00354532 0.0131851
v -0.0377419 -3.73202e-11 0.0149432
v -0.0369183 0.00781648 0.0145442
v -0.036913 0.00784157 0.0133308
v -0.0369077 0.00786594 0.0133115
v -0.0369101 0.00785479 0.0133257
v -0.0369135 0.00783888 0.0145381
v -0.0369155 0.00782973 0.0145406
v -0.0368224 0.00825362 0.00824039
v -0.0366416 0.0090158 0.0099921
v -0.0367476 0.00857768 0.00987143
v -0.0369263 0.00777881 0.0105818
v -0.0369137 0.00783615 0.0104059
v -0.0369182 0.00781723 0.0104618
v -0.0368703 0.00803812 0.0100937
v -0.0369281 0.00777029 0.010658
v -0.0371492 0.00664125 0.011806
v -0.036935 0.0077373 0.010959
v -0.0369227 0.00779593 0.0113739
v -0.0369302 0.00775445 0.0111887
v -0.0371503 0.00663531 0.0118465
v -0.0369153 0.0078306 0.0114564
v -0.0371506 0.00663387 0.00994856
v -0.0371496 0.00663936 0.00995782
v -0.0371516 0.00662829 0.00994305
v -0.0368365 0.00818908 0.00826356
v -0.0369275 0.00777306 0.00841294
v -0.0369889 0.00747772 0.00846199
v -0.037153 0.00662055 0.00993754
v -0.037155 0.00660879 0.00993219
v -0.0370293 0.00727605 0.00847147
v -0.0370934 0.00694168 0.0084382
v -0.0371567 0.00659955 0.00992887
v -0.0368927 0.00793624 0.0116578
v -0.0366243 0.00908705 0.0100407
v -0.0368091 0.00831249 0.0081989
v -0.0367995 0.00835422 0.00814368
v -0.036796 0.00837007 0.00803236
v -0.0367974 0.00836352 0.00663007
v -0.0368228 0.00825208 0.00652023
v -0.0368082 0.0083166 0.00655094
v -0.0368122 0.0082989 0.00558815
v -0.0368086 0.00831477 0.00558426
v -0.0368029 0.00833968 0.00556454
v -0.0367949 0.00837645 0.00542459
v -0.0368049 0.00833121 0.00521213
v -0.0368543 0.00810316 0.00504926
v -0.0370424 0.00723068 0.0048494
v -0.037228 0.00619354 0.00520221
v -0.0373022 0.00568287 0.00603277
v -0.0375753 0.00354691 0.00605198
v -0.0373231 0.00558939 0.00670217
v -0.0376326 0.00289484 0.00578636
v -0.037667 0.00236731 0.00585356
v -0.0377217 0.0012328 0.00587844
v -0.0376862 0.00204386 0.00602642
v -0.0376969 0.00183766 0.00625249
v -0.0377247 0.00114 0.00584132
v -0.037732 0.00086437 0.0058602
v -0.0377327 0.000828572 0.00587515
v -0.0377348 0.000737522 0.00602449
v -0.0377413 3.4589e-09 0.00765333
v -0.0377253 0.000102517 0.00794833
v -0.0377214 0.00124352 0.00589672
v -0.0377003 0.00176617 0.00638243
v -0.0377025 0.00171963 0.00646703
v -0.0377081 0.00159511 0.0071453
v -0.0376995 0.00163828 0.00672041
v -0.0375995 0.00326633 0.010903
v -0.0375772 0.00333566 0.0109567
v -0.0375894 0.00337957 0.0109938
v -0.0376423 0.0027294 0.0106046
v -0.0376489 0.00263868 0.0104106
v -0.0376455 0.00268919 0.0102339
v -0.0377046 0.00167509 0.00772584
v -0.0377215 0.00124114 0.00598071
v -0.037722 0.00122595 0.00603617
v -0.0377212 0.00124793 0.00592368
v -0.0377399 0.00039326 0.00832349
v -0.0376994 0.00180297 0.00801819
v -0.0376591 0.00249203 0.0100538
v -0.0377395 0.000430711 0.0127894
v -0.0376544 0.00256201 0.0119088
v -0.0377393 0.000448934 0.012783
v -0.037739 0.000477053 0.0127782
v -0.0376701 0.0023205 0.0117824
v -0.0376712 0.00230218 0.0117499
v -0.0377394 0.000440483 0.012786
v -0.0376699 0.00232384 0.0117876
v -0.0376669 0.00236818 0.011827
v -0.0376392 0.00277283 0.0119509
v -0.0376214 0.00300543 0.0119362
v -0.0375916 0.00335489 0.0117724
v -0.0375639 0.00365033 0.0122847
v -0.0376014 0.00324842 0.0118529
v -0.0375949 0.0033179 0.0118022
v -0.0375637 0.00365229 0.0122798
v -0.0375842 0.00343693 0.0116741
v -0.0374607 0.00458501 0.00968838
v -0.0375892 0.00338142 0.0102689
v -0.0375864 0.00341242 0.0110303
v -0.0375766 0.00348081 0.0111334
v -0.0375898 0.00337475 0.0102716
v -0.03759 0.00337299 0.010272
v -0.0375895 0.00337833 0.0102702
v -0.0375769 0.00351486 0.0112489
v -0.037589 0.00338367 0.0102675
v -0.037576 0.00352618 0.0114763
v -0.0375881 0.00339435 0.0102558
v -0.0373352 0.00550833 0.00994091
v -0.0371882 0.00642115 0.00992355
v -0.0371745 0.00649919 0.00992
v -0.0371897 0.00641215 0.00992474
v -0.0371995 0.00635553 0.00995433
v -0.0371978 0.00636528 0.00994157
v -0.0373275 0.00555994 0.00997866
v -0.0371867 0.00635142 0.0099587
v -0.0372001 0.00635227 0.00996445
v -0.0371994 0.0063561 0.011551
v -0.0372002 0.00635159 0.0110464
v -0.0371997 0.00635507 0.011551
v -0.0373207 0.00560527 0.0100394
v -0.0373307 0.00553888 0.00995958
v -0.0373306 0.00544839 0.00992275
v -0.0374311 0.00481881 0.00964518
v -0.0371601 0.0065802 0.00992716
v -0.0373806 0.00519384 0.00993154
v -0.0373686 0.00528164 0.0099085
v -0.0374306 0.00482269 0.00964834
v -0.0373821 0.00518278 0.009938
v -0.0374301 0.00482677 0.00965166
v -0.0373886 0.00513586 0.00999334
v -0.0373867 0.00515007 0.00996177
v -0.0375554 0.00373651 0.00820064
v -0.0374331 0.00480373 0.00963778
v -0.0374316 0.00481525 0.00964344
v -0.0375881 0.00339347 0.0100466
v -0.0374552 0.00462866 0.00963616
v -0.0374548 0.00463261 0.00963467
v -0.037587 0.00340678 0.0100875
v -0.0374582 0.00460505 0.00965031
v -0.037559 0.00369996 0.00825365
v -0.0374357 0.00478322 0.00963266
v -0.03756 0.00368963 0.00826128
v -0.0375974 0.00328975 0.00996867
v -0.0375906 0.00336596 0.0100117
v -0.0376019 0.00323816 0.00994943
v -0.0375701 0.00358628 0.00831388
v -0.0375933 0.00334103 0.00840993
v -0.0375642 0.00364711 0.00828292
v -0.0374537 0.00464071 0.00963326
v -0.0375595 0.00369519 0.00825718
v -0.0375567 0.00372293 0.00822815
v -0.0376183 0.00304628 0.00989759
v -0.0376807 0.00217298 0.00834231
v -0.0376243 0.00284396 0.00847324
v -0.0376525 0.00257946 0.00844065
v -0.0376484 0.00266185 0.00993308
v -0.0376657 0.00229308 0.0116275
v -0.0373893 0.00513091 0.010034
v -0.0374293 0.00483263 0.0096595
v -0.0374299 0.00482809 0.00965328
v -0.0373888 0.00513474 0.0100025
v -0.0377211 0.00125182 0.0104634
v -0.0376568 0.00252564 0.0108111
v -0.0376503 0.00262031 0.0108825
v -0.0376542 0.00256417 0.0108402
v -0.0376467 0.00267067 0.0109112
v -0.0376688 0.00234416 0.0115372
v -0.0376714 0.00230024 0.0115781
v -0.0377195 0.00128799 0.0112128
v -0.0377256 0.00111006 0.0107027
v -0.0377319 0.000869375 0.0108722
v -0.0377325 0.000912268 0.0108664
v -0.0376701 0.00232085 0.0115428
v -0.0376699 0.00232414 0.0115409
v -0.0377228 0.00119929 0.0105896
v -0.0376704 0.00231558 0.0115473
v -0.0376703 0.00231714 0.0115459
v -0.0376706 0.00231218 0.0115512
v -0.037723 0.0011939 0.0105965
v -0.0377247 0.00113935 0.0106656
v -0.0376707 0.00231201 0.0115514
v -0.0377224 0.00121175 0.0105672
v -0.037671 0.00230593 0.0115619
v -0.037742 -1.26714e-12 0.0134206
v -0.03774 -1.10062e-05 0.0115959
v -0.0377419 1.29408e-05 0.0116594
v -0.0377404 0.000348041 0.0119152
v -0.0377416 0.000141416 0.0118285
v -0.037733 0.000811572 0.0119305
v -0.0377397 0.000418175 0.0128001
v -0.0377392 0.000436389 0.0119259
v -0.0377367 0.000631404 0.0119494
v -0.0377353 0.000710858 0.0119471
v -0.0377397 0.000413493 0.0128092
v -0.0377403 0.000350205 0.0135786
v -0.0377397 0.000411756 0.0136305
v -0.0377415 0.000161374 0.0134484
v -0.037742 2.65271e-05 0.0134217
v -0.0377211 0.00125292 0.0116829
v -0.0377396 0.000420366 0.0127974
v -0.0377396 0.000427084 0.0127916
v -0.0377272 0.00109386 0.01185
v -0.0377211 0.00125208 0.011684
v -0.0377227 0.00120375 0.0117473
v -0.0377396 0.000419874 0.012798
v -0.0377187 0.00132184 0.0114475
v -0.0377194 0.00130271 0.0115665
v -0.0377027 0.00131863 0.011305
v -0.037721 0.00125353 0.0104489
v -0.0376682 0.00235088 0.0103919
v -0.0376678 0.00235746 0.0105065
v -0.0376652 0.00239097 0.0106371
v -0.0377406 0.00032419 0.00839669
v -0.0377361 0.000666785 0.00989059
v -0.0377331 0.000809305 0.00990397
v -0.0377413 0.000215963 0.00841524
v -0.0377398 0.000400145 0.00992718
v -0.0377412 0.00024296 0.00841424
v -0.0377419 8.68565e-05 0.00842
v -0.0377419 5.27043e-11 0.00841321
v -0.0377383 0.000521602 0.00990317
v -0.0377409 0.000286769 0.00840478
v -0.0377229 0.000422883 0.0099192
v -0.037741 0.000258854 0.00998163
v -0.0377229 0.00119711 0.0101106
v -0.0376635 0.00242479 0.010139
v -0.0376604 0.00247285 0.0100781
v -0.0377212 0.00124772 0.0102257
v -0.0376563 0.00238943 0.0102045
v -0.0376674 0.00236412 0.010308
v -0.0377127 0.00126344 0.0103284
v -0.0377252 0.00112219 0.0100245
v -0.037728 0.00102452 0.00996291
v -0.0377319 0.000870242 0.0099097
v -0.0377305 0.000923873 0.00992819
v -0.0377406 0.000329907 0.00839389
v -0.0377404 0.000345002 0.00838649
v -0.0377402 0.000369787 0.00836846
v -0.0377418 0.000136574 0.0110864
v -0.0377419 3.34786e-05 0.0104575
v -0.0377425 0.00011674 0.0106823
v -0.0377419 0.000404933 0.0108959
v -0.037742 4.4499e-05 0.0111951
v -0.037742 2.94118e-05 0.0103943
v -0.0377422 6.77333e-05 0.0101779
v -0.037742 2.23721e-05 0.0112332
v -0.0377298 3.78313e-05 0.011209
v -0.037742 2.16108e-09 0.011293
v -0.0373225 0.00559427 0.00685598
v -0.0375439 0.00384934 0.00686691
v -0.0375434 0.00385433 0.007009
v -0.0375437 0.00385095 0.00708069
v -0.037315 0.00564295 0.00716966
v -0.037312 0.00566273 0.00729539
v -0.0375589 0.00370135 0.007909
v -0.0375462 0.00382634 0.00663309
v -0.0372875 0.00582097 0.00769112
v -0.0375543 0.00374763 0.00814398
v -0.0373016 0.00572996 0.00746351
v -0.0375546 0.00374369 0.00796277
v -0.0375571 0.00371902 0.00791802
v -0.0372611 0.00598236 0.00792591
v -0.0371875 0.0064293 0.00828929
v -0.0375443 0.00384559 0.00710899
v -0.0375592 0.00369834 0.0079085
v -0.0375446 0.00384249 0.00712534
v -0.0375611 0.00367904 0.00790529
v -0.0377213 0.00124661 0.00591484
v -0.0377077 0.00160273 0.00734433
v -0.0377064 0.00163268 0.00750224
v -0.0372173 0.00625097 0.0164533
v -0.0375626 0.00366373 0.00790791
v -0.037559 0.00369979 0.00723516
v -0.0375607 0.00368305 0.00723618
v -0.0375655 0.00363421 0.00791797
v -0.0376009 0.00325097 0.00806353
v -0.0376494 0.00267381 0.00810905
v -0.0376732 0.00224956 0.00784798
v -0.0376803 0.00209377 0.00725272
v -0.0375558 0.00373194 0.00723066
v -0.0375476 0.00381356 0.00718225
v -0.0366514 0.00897887 0.014063
v -0.0366953 0.0087983 0.0136444
v -0.0366799 0.00886177 0.013675
v -0.0366662 0.00891775 0.0137301
v -0.0366577 0.00895236 0.0138024
v -0.0367383 0.00861745 0.0136286
v -0.0367091 0.00873907 0.0136324
v -0.0367243 0.00864278 0.0140752
v -0.0367734 0.00846869 0.013657
v -0.0367501 0.00852619 0.0140906
v -0.0367863 0.00836372 0.0141405
v -0.0368271 0.00823279 0.0137713
v -0.0369663 0.00758801 0.0149074
v -0.0369361 0.00773221 0.014852
v -0.037588 0.00339528 0.0160632
v -0.0373248 0.00557793 0.0164533
v -0.0373896 0.00512912 0.0164875
v -0.0374374 0.00476705 0.0164394
v -0.0374708 0.00449322 0.0165954
v -0.0374821 0.00440718 0.0167158
v -0.0374876 0.0043605 0.016824
v -0.0375101 0.00416007 0.0167849
v -0.0375223 0.00405329 0.0165679
v -0.0375478 0.0038154 0.0164432
v -0.0375117 0.0041506 0.0170229
v -0.0375714 0.003574 0.0164513
v -0.0375925 0.00333592 0.0165802
v -0.0372455 0.00608212 0.0164533
v -0.0376958 0.00186118 0.014945
v -0.0372966 0.00576261 0.0164533
v -0.037278 0.00588068 0.0164533
v -0.0372176 0.0062495 0.0161677
v -0.0372107 0.00629017 0.0162324
v -0.0371986 0.00636079 0.0162508
v -0.0377203 0.00127515 0.01742
v -0.0376935 0.00192433 0.016757
v -0.0377107 0.00153174 0.0164533
v -0.0377054 0.00167042 0.0164543
v -0.0377107 0.00152467 0.0165543
v -0.0376959 0.0018714 0.0164435
v -0.0376749 0.00224138 0.0164707
v -0.0376578 0.00251945 0.0164366
v -0.0375986 0.00327621 0.0160632
v -0.0376405 0.00275753 0.0165419
v -0.0376836 0.00209277 0.0165578
v -0.0376183 0.00281857 0.0166159
v -0.0377154 0.0014123 0.0164533
v -0.0377264 0.00108028 0.0144292
v -0.0377236 0.00116767 0.0146694
v -0.037584 0.00343837 0.0148846
v -0.0375841 0.00343803 0.0148826
v -0.0376961 0.00185416 0.0149453
v -0.0377006 0.00176176 0.0149494
v -0.0375842 0.00343644 0.0148732
v -0.0377149 0.00140774 0.0148936
v -0.037583 0.00344965 0.0149011
v -0.0375836 0.00344263 0.0148942
v -0.0375097 0.00416794 0.0148732
v -0.0375802 0.00347884 0.0149155
v -0.0375092 0.00417183 0.0148913
v -0.0375059 0.00420122 0.0149126
v -0.037375 0.00523378 0.01492
v -0.0373676 0.00528598 0.0149173
v -0.0373564 0.00536389 0.0148722
v -0.0371774 0.00644804 0.0141921
v -0.0373595 0.00534593 0.0137928
v -0.0373756 0.00523145 0.0135513
v -0.0371611 0.00657475 0.0145583
v -0.0373595 0.00534228 0.014906
v -0.0373571 0.0053593 0.0148912
v -0.0371688 0.00653164 0.0144564
v -0.0371318 0.0067406 0.0147768
v -0.0374829 0.00440008 0.014911
v -0.0374796 0.0044282 0.0148864
v -0.0374801 0.00442411 0.014894
v -0.0370384 0.00720344 0.0149621
v -0.0373931 0.0051033 0.0148846
v -0.0374793 0.0044308 0.0148731
v -0.0374796 0.00442879 0.0148834
v -0.0373933 0.00510178 0.0148731
v -0.0373948 0.00508981 0.0138939
v -0.0374034 0.00502692 0.0137529
v -0.0374095 0.00498233 0.0137086
v -0.0373932 0.00510251 0.0148813
v -0.0373933 0.00510207 0.0148764
v -0.0374793 0.0044308 0.0139182
v -0.0373932 0.00510295 0.0148831
v -0.0374533 0.00464741 0.0137007
v -0.037431 0.00482045 0.0136531
v -0.0374167 0.00492937 0.0136761
v -0.0373928 0.00510577 0.01489
v -0.0373856 0.00515751 0.0149149
v -0.037391 0.0051202 0.014905
v -0.0377365 0.000641709 0.0170427
v -0.0377298 0.000955716 0.0172173
v -0.0377311 0.000901991 0.0172228
v -0.0377368 0.000626977 0.0170756
v -0.0377324 0.000847217 0.0172714
v -0.03774 0.000388884 0.0173582
v -0.037741 0.000185524 0.0174406
v -0.0377327 0.000834216 0.0173283
v -0.0377324 0.000848843 0.0173851
v -0.0377311 0.000902279 0.0174298
v -0.0377293 0.000977096 0.0174345
v -0.0377276 0.00104087 0.0173843
v -0.0377272 0.00105469 0.017306
v -0.0377283 0.00101265 0.017238
v -0.0377363 0.000651677 0.0169877
v -0.0377359 0.000666003 0.0168673
v -0.0377371 0.00060882 0.0166368
v -0.0377406 0.000326884 0.0164492
v -0.0377394 0.000437758 0.0164884
v -0.0377416 0.000159816 0.0164368
v -0.037742 -4.1574e-05 0.0174174
v -0.0362028 0.01063 0.01742
v -0.0361591 0.0107814 0.0167322
v -0.0361237 0.0108974 0.0166078
v -0.0361391 0.0108465 0.0166436
v -0.0360879 0.0110142 0.016553
v -0.0360389 0.0111729 0.0165781
v -0.0360142 0.0112515 0.0166714
v -0.0358348 0.011807 0.01742
v -0.0360258 0.0112155 0.01742
v -0.0359605 0.0114218 0.016708
v -0.0359244 0.011532 0.0166032
v -0.0359818 0.0113541 0.0169531
v -0.0358791 0.0116721 0.016549
v -0.0358323 0.0118149 0.0165862
v -0.0358075 0.0118887 0.0166954
v -0.0357969 0.0119204 0.01742
v -0.0360758 0.0110539 0.00833716
v -0.0365216 0.00948898 0.00841596
v -0.036498 0.00957878 0.00839851
v -0.0364873 0.0096192 0.00833716
v -0.0364891 0.00961253 0.00836773
v -0.0364763 0.00962284 0.00673201
v -0.036409 0.00990906 0.00635859
v -0.0364494 0.00976076 0.00653265
v -0.0363625 0.0100783 0.006227
v -0.0363193 0.0102297 0.00620652
v -0.036608 0.00909736 0.0103244
v -0.0366152 0.0091235 0.0103318
v -0.0366195 0.00910654 0.0103284
v -0.0357989 0.0119144 0.0165146
v -0.0344966 0.0152602 0.0149054
v -0.0345013 0.0152495 0.0149105
v -0.035803 0.0119024 0.0165029
v -0.0344958 0.015262 0.0149045
v -0.0345026 0.0152468 0.0149118
v -0.0358134 0.0118712 0.0164825
v -0.0360816 0.011035 0.0164398
v -0.036068 0.0110792 0.0164363
v -0.0358503 0.0117601 0.0164331
v -0.035892 0.011633 0.0164449
v -0.036156 0.0107905 0.0164533
v -0.0344945 0.015265 0.0149023
v -0.035773 0.0119917 0.016886
v -0.035769 0.0120036 0.0167086
v -0.0357788 0.0119744 0.0165873
v -0.0360559 0.0111181 0.0164386
v -0.0359188 0.0115506 0.0164751
v -0.0358969 0.0116179 0.0164505
v -0.0361458 0.0108251 0.0165199
v -0.0359497 0.0114544 0.0165418
v -0.0359775 0.0113677 0.0166409
v -0.0359792 0.0113613 0.016649
v -0.036006 0.0112775 0.0165052
v -0.0364703 0.00968315 0.0148727
v -0.0365937 0.00920889 0.0149071
v -0.0364703 0.00968315 0.0134967
v -0.0366033 0.00917109 0.00833947
v -0.0366033 0.00917074 0.00833716
v -0.0366017 0.00917726 0.00836919
v -0.0360749 0.011057 0.00835823
v -0.0360749 0.0110567 0.00835651
v -0.0365464 0.00939359 0.00842
v -0.0365928 0.00921246 0.00839974
v -0.036074 0.0110597 0.00836615
v -0.0360683 0.0110781 0.00838983
v -0.0356755 0.0122767 0.00931189
v -0.0359925 0.0113218 0.00842957
v -0.0359447 0.0114701 0.0083878
v -0.0356755 0.0122767 0.00593011
v -0.0337992 0.0167381 0.00819675
v -0.0334039 0.0175081 0.0103013
v -0.0334556 0.0174111 0.0100894
v -0.0335768 0.0171788 0.00990782
v -0.0344217 0.0154273 0.00933743
v -0.0337898 0.016758 0.00992441
v -0.0338635 0.0166085 0.0100207
v -0.0338789 0.0165623 0.0100641
v -0.0341276 0.0160628 0.0103051
v -0.0341417 0.0160331 0.0102286
v -0.0339647 0.0164056 0.010352
v -0.0340938 0.0161343 0.0108667
v -0.0341076 0.016105 0.0104955
v -0.0344252 0.0154194 0.00935294
v -0.0343275 0.0156343 0.00989833
v -0.0342422 0.0158174 0.00995068
v -0.0344163 0.0154389 0.00989911
v -0.0344467 0.0153717 0.00990592
v -0.0344437 0.0153783 0.00938048
v -0.0344314 0.0154057 0.00936658
v -0.0341667 0.0159795 0.0101188
v -0.0344236 0.0154229 0.00934749
v -0.0345088 0.0152333 0.00995392
v -0.0345743 0.0150845 0.0100819
v -0.0346312 0.0149543 0.010321
v -0.0349307 0.0142458 0.00994578
v -0.0345989 0.0150266 0.0101628
v -0.0346558 0.0148718 0.0108811
v -0.0346497 0.0149116 0.0104831
v -0.034934 0.0142377 0.00993696
v -0.0344196 0.0154319 0.00931189
v -0.0344174 0.0154358 0.00811164
v -0.0342129 0.0158815 0.00845821
v -0.0338811 0.016573 0.00833959
v -0.033992 0.0163447 0.00844472
v -0.0338068 0.0167227 0.00821001
v -0.0338674 0.0166006 0.00831572
v -0.0344211 0.0154285 0.0093305
v -0.0350906 0.01385 0.0127901
v -0.0344888 0.0152776 0.014874
v -0.0344904 0.0152742 0.0148922
v -0.0335565 0.0172162 0.0118898
v -0.034512 0.0152255 0.0136465
v -0.0344874 0.0152631 0.0137621
v -0.0345322 0.0151799 0.0135723
v -0.0345211 0.015205 0.013613
v -0.0336034 0.0171248 0.0119224
v -0.0336219 0.017089 0.0119352
v -0.0345409 0.0151603 0.0135494
v -0.0350917 0.0138473 0.0127888
v -0.0351668 0.0136569 0.012783
v -0.0351145 0.0137898 0.0127704
v -0.0364191 0.0098726 0.0134546
v -0.0346077 0.0150097 0.0134504
v -0.0347116 0.0147681 0.01342
v -0.0350888 0.0138545 0.0127934
v -0.0347418 0.014697 0.0134296
v -0.0348077 0.0145418 0.0134506
v -0.0350857 0.0138623 0.0128018
v -0.0348413 0.0144613 0.0134819
v -0.0350864 0.0138606 0.0127994
v -0.0348164 0.0145208 0.0134588
v -0.0350882 0.013856 0.0127949
v -0.0350865 0.0138605 0.0127993
v -0.0349134 0.014288 0.0135873
v -0.0349 0.0143206 0.0135419
v -0.0350853 0.0138633 0.0128038
v -0.0349151 0.0142837 0.0135996
v -0.0349136 0.0142874 0.0135889
v -0.0350843 0.0138659 0.012809
v -0.0350839 0.0138669 0.0128127
v -0.0349056 0.0142777 0.013606
v -0.0349099 0.0142963 0.0142758
v -0.0349173 0.0142785 0.0137143
v -0.0349089 0.0142988 0.0137624
v -0.0349059 0.0143061 0.0142639
v -0.0348834 0.0143606 0.0142064
v -0.0349021 0.0143153 0.0137714
v -0.034939 0.0142268 0.0144206
v -0.0364105 0.00990418 0.0134708
v -0.0351803 0.0136223 0.0128226
v -0.0351772 0.0136303 0.0127974
v -0.0351738 0.0136388 0.0127898
v -0.0353908 0.0130696 0.01344
v -0.0351787 0.0136264 0.0128031
v -0.03524 0.0134687 0.0134932
v -0.0352689 0.0133928 0.0134533
v -0.0351796 0.013624 0.0128096
v -0.0358467 0.0117709 0.01342
v -0.0358783 0.0116749 0.013425
v -0.0358711 0.0116968 0.0134239
v -0.0362808 0.010366 0.01342
v -0.0362695 0.0104052 0.0134211
v -0.0359954 0.0113113 0.0135467
v -0.0362508 0.0104697 0.0134314
v -0.0362363 0.0105195 0.0134394
v -0.0359654 0.0114041 0.0134944
v -0.0354466 0.0129185 0.0135129
v -0.035415 0.0130038 0.0134631
v -0.0358089 0.0118844 0.0134312
v -0.0357823 0.011964 0.013439
v -0.03549 0.0127996 0.0136366
v -0.0354608 0.0128796 0.0135448
v -0.0363684 0.0100565 0.0135378
v -0.0363213 0.010225 0.0134387
v -0.0360067 0.0112754 0.0135873
v -0.0360019 0.0112906 0.0135635
v -0.0357077 0.0121834 0.0135561
v -0.0355021 0.0127662 0.0136951
v -0.0355394 0.0126587 0.0140283
v -0.0357437 0.0120787 0.0134759
v -0.0351803 0.0136223 0.0136305
v -0.0362035 0.010631 0.01349
v -0.0360081 0.011271 0.0135996
v -0.0361818 0.0107042 0.0135507
v -0.0360095 0.0112665 0.0136234
v -0.0361627 0.0107682 0.0136399
v -0.0360102 0.0112645 0.0136685
v -0.0361741 0.01073 0.0135812
v -0.0360273 0.0112098 0.0144868
v -0.0360071 0.0112741 0.0137424
v -0.0360278 0.0112084 0.0145275
v -0.0361903 0.0106758 0.0135272
v -0.0359948 0.0113131 0.0137729
v -0.0360002 0.0112959 0.0137692
v -0.0362205 0.010573 0.0134578
v -0.0364064 0.00991894 0.0136729
v -0.0364086 0.00991098 0.0134798
v -0.0364135 0.00989303 0.013462
v -0.0333675 0.0175771 0.0109154
v -0.0334099 0.0175012 0.0115611
v -0.033338 0.0176324 0.00785848
v -0.033378 0.0175566 0.0105281
v -0.0333808 0.0175481 0.00759335
v -0.0337345 0.0168595 0.00802125
v -0.0336663 0.0169857 0.00770203
v -0.0333752 0.0175666 0.00657759
v -0.0336415 0.0170506 0.00693045
v -0.0336323 0.017037 0.00680682
v -0.0336391 0.0170553 0.00709706
v -0.0333556 0.0175994 0.00777019
v -0.0336901 0.016955 0.00640252
v -0.033773 0.0167914 0.00608414
v -0.0338789 0.016577 0.00589375
v -0.034301 0.0156919 0.00595493
v -0.0341234 0.0160726 0.00578171
v -0.0343678 0.0155134 0.00612017
v -0.0344281 0.0154142 0.00618998
v -0.034447 0.0153709 0.00588734
v -0.0344715 0.0153149 0.0058531
v -0.0345858 0.0150583 0.0058585
v -0.034606 0.0150123 0.00590167
v -0.0346025 0.0150202 0.00588406
v -0.0359646 0.0114084 0.00488317
v -0.0360123 0.0112574 0.00486768
v -0.0360663 0.0110844 0.0049031
v -0.0360904 0.0110063 0.00508752
v -0.0365921 0.00921533 0.00586497
v -0.0365906 0.00922125 0.00586258
v -0.0360909 0.0110047 0.0051283
v -0.0360854 0.0110229 0.00498229
v -0.0365972 0.00919526 0.00587614
v -0.0366033 0.00917074 0.00592931
v -0.0366015 0.00917802 0.00589349
v -0.0365889 0.00922777 0.014874
v -0.0365897 0.00922476 0.0148905
v -0.0364687 0.0096888 0.0134748
v -0.0364683 0.00969037 0.0134728
v -0.0366146 0.00912584 0.011792
v -0.0366141 0.0091278 0.0117909
v -0.0364682 0.00969094 0.013472
v -0.0366131 0.00913206 0.0117874
v -0.0360577 0.0111125 0.011902
v -0.0364694 0.00968621 0.0134798
v -0.0364698 0.00968494 0.0134836
v -0.0365995 0.00918609 0.013677
v -0.0365917 0.00921727 0.0137869
v -0.0364699 0.00968441 0.0134875
v -0.0365961 0.00917095 0.0136474
v -0.0366176 0.00911378 0.0135592
v -0.0366051 0.00916361 0.0117447
v -0.036604 0.00916802 0.0115793
v -0.0366103 0.0091433 0.0115396
v -0.0366082 0.00915134 0.0115432
v -0.0360628 0.0110961 0.0114494
v -0.0366132 0.00913153 0.0115376
v -0.036611 0.00914048 0.0115391
v -0.03606 0.0111049 0.0118961
v -0.0360624 0.0110972 0.0118824
v -0.036054 0.0111242 0.0119071
v -0.0360184 0.0112382 0.0119286
v -0.0359749 0.0113757 0.0118807
v -0.0359691 0.0113954 0.011475
v -0.0357949 0.0119266 0.01154
v -0.0358992 0.011611 0.0114454
v -0.035893 0.01163 0.0114298
v -0.0358114 0.0118625 0.0111813
v -0.0358857 0.0116524 0.0113291
v -0.0358169 0.0118606 0.011166
v -0.0358187 0.0118552 0.0110712
v -0.0358922 0.0116323 0.0112679
v -0.0358198 0.0118521 0.0109246
v -0.0358977 0.0116157 0.0112494
v -0.035975 0.0113756 0.00996748
v -0.0359759 0.0113726 0.00995916
v -0.0359753 0.0113747 0.00996445
v -0.0359021 0.011602 0.011245
v -0.0359746 0.0113767 0.00997377
v -0.0359746 0.0113767 0.0112435
v -0.0347916 0.0145799 0.0117141
v -0.0349292 0.0142494 0.00995682
v -0.0349291 0.0142497 0.00995863
v -0.0349291 0.0142498 0.00995908
v -0.0349289 0.0142503 0.0099632
v -0.0349289 0.0142503 0.0117141
v -0.034635 0.0149457 0.01154
v -0.0349303 0.0142468 0.00994795
v -0.0349299 0.0142477 0.00995104
v -0.0346649 0.0148767 0.0110712
v -0.0346568 0.0148938 0.0112666
v -0.0359808 0.0113573 0.011902
v -0.0364672 0.00969445 0.0134688
v -0.0364664 0.00969741 0.0134661
v -0.0359843 0.0113463 0.0119069
v -0.0357786 0.0119751 0.0116571
v -0.0359771 0.0113689 0.0118945
v -0.035785 0.0119559 0.0116107
v -0.0357525 0.0120521 0.0117732
v -0.036439 0.00979923 0.0134494
v -0.036461 0.00971759 0.0134562
v -0.0364661 0.00969869 0.0134653
v -0.0357681 0.0120059 0.0117036
v -0.0357192 0.0121487 0.011864
v -0.0355925 0.0125144 0.011966
v -0.0354996 0.012773 0.0118898
v -0.0347923 0.0145782 0.01192
v -0.0343948 0.0154867 0.0119494
v -0.0336951 0.0169451 0.0119494
v -0.0336534 0.017027 0.0119413
v -0.0347837 0.0145987 0.0119149
v -0.0347773 0.0146138 0.0118979
v -0.0347783 0.0146114 0.0119013
v -0.0344451 0.0153754 0.0119416
v -0.0347716 0.0146273 0.0118592
v -0.0347645 0.0146185 0.0118792
v -0.0346152 0.014991 0.0116518
v -0.0347569 0.0146253 0.0118052
v -0.0347717 0.014627 0.0117722
v -0.0347757 0.0146176 0.0117406
v -0.0347823 0.0146019 0.0117203
v -0.0345865 0.0150561 0.0117603
v -0.0345163 0.0152154 0.0118976
v -0.0342679 0.0157635 0.0118898
v -0.0343186 0.0156526 0.0119305
v -0.0354491 0.0128877 0.0118103
v -0.0354227 0.012983 0.0117056
v -0.0352122 0.01354 0.0118184
v -0.0353894 0.0130732 0.0115209
v -0.0353734 0.0131162 0.0113619
v -0.0353589 0.0131547 0.0109105
v -0.0353857 0.0130832 0.0103051
v -0.0353666 0.0131335 0.0105281
v -0.0352092 0.0135478 0.011879
v -0.0352032 0.0135635 0.0119066
v -0.0339621 0.0164049 0.0115141
v -0.0341718 0.0159691 0.0117018
v -0.0341169 0.0160879 0.0114087
v -0.0339897 0.0163509 0.0111516
v -0.0337502 0.016836 0.0119416
v -0.0342204 0.0158656 0.0118201
v -0.0341665 0.0159412 0.0117327
v -0.0339182 0.0164956 0.0117215
v -0.0338397 0.0166558 0.0118881
v -0.0356741 0.0122806 0.00590167
v -0.0356735 0.0122824 0.00589728
v -0.0360531 0.0111273 0.00536506
v -0.0360567 0.0111154 0.00535966
v -0.0360659 0.011086 0.00534627
v -0.036068 0.0110792 0.00534318
v -0.0354434 0.0129266 0.00600483
v -0.0355569 0.0126138 0.00586284
v -0.0355517 0.0126284 0.00587015
v -0.0355463 0.0126433 0.00587958
v -0.0359459 0.0114667 0.00534392
v -0.0355675 0.0125841 0.00585447
v -0.0355412 0.0126576 0.00590216
v -0.0356424 0.0123715 0.00584798
v -0.0359619 0.0114167 0.00536657
v -0.0356726 0.012285 0.00589092
v -0.0356693 0.0122947 0.00587787
v -0.035971 0.0113881 0.00537092
v -0.0360156 0.0112475 0.00538427
v -0.0359421 0.0114784 0.00533596
v -0.0359295 0.0115175 0.00529004
v -0.0359197 0.0115485 0.00510618
v -0.0359321 0.0115097 0.0049464
v -0.0359449 0.0114697 0.00490729
v -0.035941 0.0114818 0.00491713
v -0.0346076 0.0150085 0.00931189
v -0.0355653 0.0125902 0.00939358
v -0.0355995 0.0124939 0.00939794
v -0.0355349 0.0126755 0.00937433
v -0.0355211 0.0127135 0.00931189
v -0.0354125 0.0130083 0.00835912
v -0.0353636 0.0131423 0.00842024
v -0.0355238 0.012706 0.00934561
v -0.0352755 0.0133776 0.0084763
v -0.0351197 0.0137738 0.0084087
v -0.0355211 0.012714 0.00810336
v -0.0349485 0.0141916 0.00806511
v -0.0348698 0.0143892 0.00727696
v -0.0349123 0.0142908 0.00640967
v -0.0348765 0.0143715 0.006806
v -0.0346076 0.0150085 0.00593009
v -0.0349437 0.014214 0.00624605
v -0.0351341 0.0137401 0.00582984
v -0.0350215 0.0140158 0.00596188
v -0.0351668 0.0136562 0.00581877
v -0.0359469 0.0114635 0.00490458
v -0.0359558 0.0114356 0.00489226
v -0.0352594 0.0134174 0.0057941
v -0.0353754 0.0131064 0.0058803
v -0.0359365 0.0114957 0.00833716
v -0.0359388 0.0114889 0.00836696
v -0.0359372 0.0114936 0.00591451
v -0.0359519 0.0114478 0.0058664
v -0.0359429 0.011476 0.00588319
v -0.0363226 0.0102195 0.005795
v -0.0360907 0.0110056 0.00514818
v -0.0360863 0.0110191 0.00526493
v -0.0362809 0.0103655 0.00581395
v -0.0362668 0.0104146 0.00582033
v -0.0360761 0.0110529 0.00531978
v -0.0360749 0.0110569 0.00532465
v -0.0365696 0.0093034 0.00584832
v -0.0363683 0.010057 0.00581878
v -0.0363559 0.0101012 0.00580716
v -0.036576 0.00927868 0.00585025
v -0.0365512 0.00937491 0.00584647
v -0.0363971 0.00995298 0.00586702
v -0.03644 0.00979563 0.005997
v -0.0364114 0.00990051 0.00591036
v -0.0365198 0.00949566 0.00585391
v -0.0365079 0.00954096 0.00586893
v -0.0365201 0.00949459 0.00585384
v -0.0364455 0.00977509 0.00602342
v -0.0364955 0.00958998 0.00625649
v -0.0365002 0.00957032 0.00589916
v -0.0356743 0.0122801 0.0059059
v -0.035972 0.0113679 0.00584738
v -0.0360603 0.0111039 0.00586265
v -0.0360745 0.0110581 0.00590564
v -0.0360725 0.0110645 0.0058922
v -0.0362429 0.0104967 0.00627681
v -0.0362243 0.0105597 0.00595423
v -0.0360758 0.0110539 0.00592955
v -0.0362354 0.0105224 0.00627031
v -0.0362277 0.0105491 0.00623285
v -0.0362291 0.010544 0.00588422
v -0.0362384 0.0105124 0.00585277
v -0.0363545 0.0101064 0.0111804
v -0.0362959 0.0103134 0.0111755
v -0.0363546 0.0101056 0.0110966
v -0.0361035 0.0109638 0.00996779
v -0.0366114 0.00913888 0.0103282
v -0.0365417 0.00941164 0.0110391
v -0.0365442 0.00940211 0.0110426
v -0.0366118 0.00913728 0.0103287
v -0.0365433 0.0094057 0.0110412
v -0.0366134 0.00913069 0.0103308
v -0.0366074 0.00915486 0.0103115
v -0.0363634 0.0100746 0.0110409
v -0.0363611 0.0100825 0.0110453
v -0.0365383 0.00942496 0.0110376
v -0.0366098 0.00914523 0.0103241
v -0.0363685 0.010056 0.0110376
v -0.0363656 0.0100665 0.0110392
v -0.0366082 0.00915127 0.0103168
v -0.0365462 0.00939443 0.0110477
v -0.0365504 0.00937816 0.0110694
v -0.0365524 0.00937023 0.0111397
v -0.0363589 0.0100907 0.0110527
v -0.0359777 0.0113671 0.00995246
v -0.0356723 0.0122861 0.00934999
v -0.0356743 0.0122802 0.00933684
v -0.0356713 0.0122889 0.00935413
v -0.0356722 0.0122862 0.0093502
v -0.0359762 0.0113716 0.0099576
v -0.0359763 0.0113713 0.00995713
v -0.0356703 0.0122916 0.00935703
v -0.0357919 0.0119355 0.010321
v -0.0356683 0.0122974 0.009363
v -0.0359771 0.0113688 0.00995433
v -0.0358016 0.0118856 0.0105037
v -0.0359821 0.0113532 0.0099429
v -0.0360963 0.0109872 0.00994608
v -0.0360579 0.0111124 0.00991192
v -0.0366133 0.00913115 0.0100791
v -0.0360993 0.0109776 0.00995298
v -0.0360969 0.0109852 0.00994751
v -0.0361 0.0109752 0.0099555
v -0.0366042 0.00916746 0.010157
v -0.0366031 0.00917071 0.0102653
v -0.0366068 0.00915713 0.0101146
v -0.0366057 0.00911195 0.0100641
v -0.0350303 0.0140008 0.0099393
v -0.0351207 0.0137563 0.0100949
v -0.0345989 0.0150285 0.009363
v -0.0346052 0.0150142 0.00934539
v -0.0354033 0.0130358 0.0101873
v -0.0352063 0.0135554 0.0102712
v -0.0353971 0.0130524 0.0102286
v -0.0352146 0.0135337 0.0103609
v -0.0354078 0.0129764 0.0100987
v -0.0354418 0.0129324 0.0100379
v -0.035644 0.0123672 0.00990592
v -0.0356573 0.0123291 0.0093813
v -0.0355347 0.0126774 0.00988933
v -0.0352111 0.0135431 0.0117777
v -0.0352079 0.0135511 0.0104532
v -0.0352042 0.0135608 0.0104639
v -0.0352053 0.013558 0.0104616
v -0.0351989 0.0135745 0.0117184
v -0.0351983 0.013576 0.0104684
v -0.0352015 0.0135678 0.0104673
v -0.0351969 0.0135795 0.0104682
v -0.0351946 0.0135854 0.011715
v -0.0351944 0.0135859 0.0117149
v -0.0351955 0.0135833 0.0117154
v -0.0351975 0.0135779 0.0104683
v -0.0351923 0.0135914 0.0117141
v -0.0351976 0.0135778 0.0117173
v -0.0350396 0.0139778 0.0117141
v -0.0351916 0.0135657 0.0117217
v -0.0352059 0.0135564 0.0117352
v -0.0351979 0.0135376 0.0117862
v -0.03519 0.0135974 0.010464
v -0.0350396 0.0139778 0.0102141
v -0.0356898 0.0122355 0.00995138
v -0.0356525 0.0122905 0.00992534
v -0.0357501 0.0120596 0.0100826
v -0.0350226 0.01402 0.00993023
v -0.0349723 0.0141436 0.00991257
v -0.0350264 0.0140104 0.00993476
v -0.0345983 0.0150298 0.00936378
v -0.0345937 0.0150403 0.00937029
v -0.0345438 0.015155 0.00941052
v -0.0363059 0.0102785 0.0113373
v -0.0366141 0.00912802 0.0115381
v -0.0363045 0.0102833 0.0114014
v -0.0363021 0.0102916 0.0114255
v -0.0362949 0.0103171 0.0114463
v -0.0366074 0.00915469 0.0149188
v -0.0366197 0.0091058 0.0115442
v -0.0365511 0.00937555 0.0111988
v -0.0365466 0.00939294 0.0112315
v -0.0365489 0.00938403 0.0112206
v -0.0366164 0.00911895 0.0115406
v -0.0365461 0.00939492 0.0112333
v -0.0365457 0.0093965 0.0112346
v -0.0365423 0.00940945 0.0112419
v -0.0363685 0.010056 0.0112435
v -0.0363623 0.0100785 0.0112387
v -0.0363032 0.0102877 0.01124
v -0.0363567 0.0100985 0.0112172
v -0.0366207 0.00910182 0.0115466
v -0.0359673 0.0113996 0.0141733
v -0.0359508 0.0114514 0.0141431
v -0.0359894 0.0113301 0.0137692
v -0.0359751 0.0113239 0.0142224
v -0.0360253 0.0112163 0.014449
v -0.0360129 0.0112551 0.0143131
v -0.0358109 0.0118788 0.0136444
v -0.0357902 0.0119407 0.013675
v -0.0357717 0.0119953 0.0137302
v -0.0357603 0.0120291 0.0138024
v -0.035752 0.012055 0.0140623
v -0.0358298 0.011821 0.0136324
v -0.0358118 0.0118688 0.0140669
v -0.0358827 0.011632 0.0140853
v -0.0359004 0.011607 0.0136428
v -0.0359654 0.011406 0.0137273
v -0.0359859 0.0113412 0.0137634
v -0.0348635 0.0144084 0.0141733
v -0.0348304 0.0144597 0.0141405
v -0.0346667 0.0148725 0.0136444
v -0.0346408 0.0149324 0.013675
v -0.0346177 0.0149852 0.0137301
v -0.0346035 0.0150179 0.0138024
v -0.034593 0.015043 0.0140623
v -0.0347399 0.0147016 0.0136286
v -0.0346904 0.0148165 0.0136324
v -0.0346678 0.0148637 0.0140668
v -0.0347998 0.014561 0.0136569
v -0.0347672 0.0146134 0.0140907
v -0.0348552 0.0144051 0.0137307
v -0.0366107 0.00914094 0.0167194
v -0.0364702 0.00968324 0.0148732
v -0.0364692 0.00968703 0.0148912
v -0.0361902 0.0106759 0.0164533
v -0.0364616 0.00971558 0.0149126
v -0.0364092 0.00990882 0.014911
v -0.0364017 0.00993611 0.0148864
v -0.0364028 0.00993214 0.014894
v -0.036202 0.0106349 0.0149162
v -0.0361651 0.01076 0.0149184
v -0.0361402 0.0108429 0.0148722
v -0.0361459 0.0108256 0.0137928
v -0.0361619 0.010771 0.0136463
v -0.0361475 0.0108188 0.0149085
v -0.036142 0.0108369 0.0148928
v -0.0360241 0.011219 0.0146405
v -0.036013 0.0112556 0.0147356
v -0.036141 0.0108401 0.0148866
v -0.0360128 0.0112561 0.0147364
v -0.0359792 0.0113623 0.0148708
v -0.0358657 0.0117142 0.0149619
v -0.0357931 0.0119319 0.014865
v -0.035729 0.0121212 0.0149144
v -0.0357322 0.0120677 0.0147533
v -0.035742 0.0120829 0.0148896
v -0.0357378 0.0120953 0.0149048
v -0.0353591 0.0131545 0.014948
v -0.0356855 0.0122477 0.0149182
v -0.035669 0.0122956 0.0148874
v -0.0356708 0.0122903 0.0148978
v -0.0351554 0.013686 0.0149124
v -0.0353092 0.0132845 0.0149417
v -0.0352694 0.0133914 0.0149065
v -0.0351644 0.0136629 0.0149027
v -0.0352244 0.0135085 0.0148337
v -0.0351693 0.0136505 0.0146976
v -0.0351689 0.0136352 0.0147108
v -0.0351686 0.0136521 0.0148853
v -0.0351164 0.0137849 0.0149209
v -0.0350952 0.0138386 0.0149114
v -0.0347232 0.0147408 0.0149387
v -0.0345344 0.015175 0.0149199
v -0.0345353 0.015173 0.01492
v -0.0345609 0.0151151 0.014915
v -0.0345195 0.0152087 0.0149188
v -0.0346867 0.0147958 0.0149281
v -0.0345096 0.0152309 0.0149147
v -0.0346916 0.0148146 0.0149227
v -0.0345643 0.0151073 0.0149144
v -0.0346444 0.0149239 0.014865
v -0.0349378 0.0142286 0.0146039
v -0.0350836 0.0138677 0.0128171
v -0.0349376 0.014229 0.0146091
v -0.0350833 0.0138685 0.0128221
v -0.0350833 0.0138685 0.0148722
v -0.0348028 0.0145534 0.0149396
v -0.0350896 0.0138527 0.0149049
v -0.034928 0.0142523 0.014696
v -0.0349213 0.0142688 0.0147356
v -0.0350873 0.0138583 0.0149002
v -0.0350885 0.0138553 0.0149031
v -0.0350847 0.013865 0.0148909
v -0.0349209 0.0142697 0.0147372
v -0.0348648 0.0144047 0.0148922
v -0.0346285 0.0149603 0.0148318
v -0.0345762 0.0150802 0.0149034
v -0.034581 0.0150693 0.0148873
v -0.0362154 0.0105907 0.0148846
v -0.036401 0.00993863 0.014873
v -0.0362158 0.0105893 0.0148731
v -0.0362191 0.0105776 0.0138938
v -0.0362357 0.010521 0.0137601
v -0.0362497 0.0104736 0.0137086
v -0.0362156 0.01059 0.0148813
v -0.0362158 0.0105895 0.0148764
v -0.0362744 0.0103882 0.0136627
v -0.036325 0.0102112 0.0136751
v -0.0363854 0.00999627 0.0138215
v -0.0363146 0.0102478 0.0136651
v -0.0362155 0.0105904 0.0148831
v -0.0363079 0.0102712 0.0136586
v -0.0362566 0.0104497 0.0136932
v -0.0362136 0.0105968 0.0148959
v -0.0356683 0.0122976 0.014874
v -0.03551 0.0127443 0.0146628
v -0.0355307 0.0126854 0.0144936
v -0.035676 0.0122772 0.0137125
v -0.035488 0.0128046 0.0147628
v -0.0354342 0.0129542 0.0149048
v -0.0365508 0.00938133 0.017145
v -0.0365218 0.00948806 0.0172705
v -0.0364845 0.00962917 0.0173984
v -0.0363744 0.0100351 0.0174186
v -0.0362981 0.0103098 0.0171802
v -0.0362751 0.0103847 0.0168307
v -0.0363112 0.01026 0.0165543
v -0.0363927 0.00996736 0.0164271
v -0.0366169 0.00911636 0.01492
v -0.0364643 0.00970524 0.0164914
v -0.0364437 0.00978184 0.0164611
v -0.0364861 0.00959292 0.0165589
v -0.0365151 0.0095138 0.0166478
v -0.0365266 0.0094698 0.0167156
v -0.0365385 0.00942425 0.016824
v -0.0365826 0.00923842 0.0166515
v -0.0365436 0.00940391 0.0169423
v -0.0365445 0.00940063 0.0170099
v -0.0366161 0.00911996 0.0172018
v -0.0366243 -0.00908705 0.0143001
v -0.0365731 -0.00929034 0.0155276
v -0.0365115 -0.00952775 0.0154013
v -0.0364462 -0.00977307 0.0152204
v -0.0363567 -0.0100988 0.0148387
v -0.0362951 -0.0103163 0.0143043
v -0.0347728 -0.0145935 0.014121
v -0.0348183 -0.0145165 0.0146003
v -0.0349042 -0.0143103 0.015126
v -0.0349774 -0.0141318 0.0154262
v -0.0351033 -0.0138185 0.0157889
v -0.0352452 -0.0134552 0.0160703
v -0.0354 -0.0130455 0.0162735
v -0.0356792 -0.0122659 0.0164098
v -0.0356784 -0.0122684 0.0156285
v -0.0360982 -0.010983 0.0145186
v -0.0361472 -0.0108196 0.0149748
v -0.0361962 -0.0106558 0.015273
v -0.0362612 -0.0104345 0.0155734
v -0.0363279 -0.0102011 0.0158051
v -0.0364143 -0.00989131 0.0160435
v -0.0365247 -0.00947792 0.016255
v -0.0360854 -0.0110228 0.0135241
v -0.0351734 -0.0136401 0.0129124
v -0.0352764 -0.0133735 0.0125682
v -0.0354062 -0.0130287 0.0123045
v -0.0356784 -0.0122684 0.0121118
v -0.0355648 -0.0125927 0.0121388
v -0.0361011 -0.0109715 0.013263
v -0.0360801 -0.0110398 0.0136488
v -0.0351076 -0.0138073 0.0132952
v -0.0351348 -0.0137385 0.0131119
v -0.0350926 -0.013845 0.013435
v -0.0360772 -0.0110495 0.013776
v -0.0350826 -0.0138703 0.0135714
v -0.0350757 -0.0138875 0.0136946
v -0.0360764 -0.011052 0.0139057
v -0.0350616 -0.0138904 0.013941
v -0.0360772 -0.0110495 0.0140355
v -0.0350757 -0.0138875 0.0140559
v -0.0350882 -0.0138562 0.0142664
v -0.0360801 -0.0110398 0.0141627
v -0.0351011 -0.0138237 0.0143994
v -0.0351114 -0.0137977 0.0144808
v -0.0355973 -0.0124625 0.0156179
v -0.0355549 -0.0126198 0.0155913
v -0.0354205 -0.0129901 0.0154581
v -0.035169 -0.0136516 0.0148303
v -0.0352944 -0.0133263 0.0152211
v -0.0356792 -0.0122659 0.0114017
v -0.0361226 -0.010901 0.0130432
v -0.0365782 -0.00926894 0.008337
v -0.0366035 -0.00917026 0.00839116
v -0.0366145 -0.00912597 0.00840631
v -0.0366233 -0.00909122 0.0114527
v -0.0366243 -0.00908705 0.0114519
v -0.0366243 -0.00908704 0.00841963
v -0.0365941 -0.00920729 0.0114807
v -0.0365091 -0.00953745 0.0115893
v -0.036394 -0.00996469 0.0118229
v -0.0363156 -0.0102445 0.0120509
v -0.0362463 -0.0104855 0.0123033
v -0.0361743 -0.0107298 0.0126666
v -0.0361359 -0.0108572 0.0129312
v -0.0365633 -0.0093277 0.00828786
v -0.0343957 -0.0154847 0.00833839
v -0.0343968 -0.0154823 0.00836198
v -0.0344032 -0.0154679 0.00838901
v -0.0344316 -0.0154039 0.0084146
v -0.0347818 -0.0146032 0.0139057
v -0.0349219 -0.0142673 0.012608
v -0.0345505 -0.0151385 0.00840702
v -0.0345349 -0.0151739 0.00841249
v -0.0345569 -0.015124 0.00840477
v -0.034934 -0.0142379 0.0125571
v -0.0349569 -0.0141821 0.0124638
v -0.0345219 -0.0152033 0.00841703
v -0.0348986 -0.0143238 0.0127125
v -0.0348132 -0.0145288 0.0132152
v -0.0345612 -0.0151143 0.00840118
v -0.0351263 -0.0137598 0.0119744
v -0.0350764 -0.0138859 0.0120924
v -0.0350171 -0.0140337 0.0122601
v -0.0345726 -0.0150884 0.00838642
v -0.0353485 -0.0131827 0.0115977
v -0.0352336 -0.0134848 0.0117631
v -0.0345712 -0.0150916 0.00838823
v -0.034563 -0.0151103 0.00839889
v -0.0352523 -0.0134361 0.0117339
v -0.0351677 -0.0136548 0.0118833
v -0.034576 -0.0150807 0.00837992
v -0.0355107 -0.0127427 0.0114513
v -0.0354222 -0.0129849 0.0115199
v -0.0353686 -0.0131291 0.0115761
v -0.0345823 -0.0150662 0.00836268
v -0.0345773 -0.0150776 0.00837622
v -0.0355943 -0.0125085 0.0114144
v -0.0356366 -0.0123885 0.0114043
v -0.0347041 -0.0147857 0.00749353
v -0.0353603 -0.0131513 0.00833716
v -0.0352537 -0.0134326 0.00749353
v -0.0345848 -0.0150606 0.00835001
v -0.0353783 -0.0131032 0.00839875
v -0.0345895 -0.0150498 0.00832591
v -0.0353688 -0.0131287 0.00838088
v -0.0353767 -0.0130765 0.0084067
v -0.0355077 -0.012752 0.00841685
v -0.0357734 -0.0119903 0.00828069
v -0.0355276 -0.0126957 0.00838364
v -0.0357107 -0.0121729 0.00807762
v -0.0358476 -0.0117734 0.00841719
v -0.0361118 -0.0109366 0.00832006
v -0.0360102 -0.0112697 0.00847073
v -0.0362327 -0.0105319 0.00840971
v -0.0362817 -0.0103638 0.00842131
v -0.0361994 -0.0106421 0.00808352
v -0.0362114 -0.0106044 0.00836508
v -0.0362172 -0.010585 0.00839149
v -0.0356441 -0.0123669 0.007359
v -0.0351043 -0.0138156 0.00499747
v -0.0351064 -0.0138102 0.00500979
v -0.0356416 -0.012374 0.0071646
v -0.0351076 -0.0138072 0.00501651
v -0.0356346 -0.0123459 0.00755628
v -0.0355323 -0.0126825 0.00833991
v -0.0363157 -0.0102441 0.00839526
v -0.0363208 -0.0102261 0.00471313
v -0.0363186 -0.0102336 0.00470436
v -0.036311 -0.0102605 0.00468526
v -0.0365479 -0.00938766 0.00601412
v -0.0365368 -0.00943052 0.00605516
v -0.0363239 -0.0102149 0.0047487
v -0.036321 -0.0102251 0.00471483
v -0.0363228 -0.0102189 0.00472677
v -0.036541 -0.00941456 0.00603898
v -0.0365208 -0.00943915 0.00607242
v -0.0365282 -0.00946381 0.00611995
v -0.0363239 -0.0102149 0.00833636
v -0.0365303 -0.00945572 0.00635407
v -0.0365065 -0.00954646 0.00752993
v -0.036549 -0.00938347 0.00641265
v -0.0365413 -0.00941347 0.00640673
v -0.0365002 -0.00957107 0.00784488
v -0.0363223 -0.0102206 0.00836839
v -0.0365216 -0.00948909 0.00809104
v -0.0362283 -0.0105483 0.00466473
v -0.0361963 -0.0106554 0.0047237
v -0.0361991 -0.010646 0.00470428
v -0.036195 -0.0106598 0.0047495
v -0.036163 -0.0107671 0.00605688
v -0.03607 -0.0110726 0.00585588
v -0.035083 -0.0138691 0.00494486
v -0.0359726 -0.0113912 0.00578656
v -0.0358559 -0.0117432 0.00586223
v -0.0350843 -0.013866 0.00494638
v -0.035853 -0.0117518 0.00586658
v -0.0350923 -0.0138453 0.00495832
v -0.0357996 -0.0119119 0.0059566
v -0.0357576 -0.0120372 0.00606514
v -0.0350246 -0.0140132 0.00491247
v -0.036195 -0.0106598 0.00616334
v -0.0357094 -0.0121784 0.0062594
v -0.0351019 -0.0138217 0.00498592
v -0.0357338 -0.0121068 0.00616097
v -0.0356644 -0.0123139 0.00657545
v -0.0366234 -0.00909104 0.00704036
v -0.0365571 -0.00935207 0.00640634
v -0.0365853 -0.00919539 0.00708979
v -0.0365335 -0.0094438 0.00729526
v -0.0365118 -0.00952613 0.00747601
v -0.0348814 -0.0143652 0.00497739
v -0.0348952 -0.014332 0.00494512
v -0.0336365 -0.0170603 0.00687588
v -0.0336502 -0.0170336 0.00686812
v -0.0336646 -0.0170053 0.00683242
v -0.0343957 -0.0154846 0.00833272
v -0.0344007 -0.0154736 0.00827212
v -0.0336599 -0.0170146 0.00684588
v -0.0344053 -0.0154634 0.00823824
v -0.0336723 -0.0169899 0.00679341
v -0.0336768 -0.0169808 0.00657517
v -0.0336669 -0.0170008 0.00650844
v -0.0336907 -0.0169539 0.00531029
v -0.0336807 -0.0169736 0.00532579
v -0.0336641 -0.0170063 0.00649858
v -0.0336365 -0.0170603 0.00646412
v -0.033652 -0.01703 0.00647196
v -0.0336729 -0.016989 0.00533103
v -0.033338 -0.0176324 0.00533176
v -0.0348739 -0.0143833 0.00501329
v -0.0337116 -0.0169128 0.005208
v -0.0336982 -0.016939 0.00496502
v -0.0348806 -0.0143671 0.00498123
v -0.0336869 -0.0169613 0.00493587
v -0.0336781 -0.0169788 0.00492424
v -0.0377409 -0.000170253 0.0165867
v -0.037739 -0.000470722 0.0177762
v -0.0374421 -0.00473294 0.0177762
v -0.0374449 -0.00471117 0.0172696
v -0.0374642 -0.00455279 0.0174012
v -0.0375101 -0.00416928 0.0174167
v -0.0375395 -0.00389196 0.0171609
v -0.0375307 -0.00397562 0.0172822
v -0.0375676 -0.00361188 0.0170981
v -0.0375764 -0.00352024 0.0172669
v -0.0375444 -0.00384558 0.0170248
v -0.0375656 -0.00363535 0.0168794
v -0.0375662 -0.00362508 0.0170462
v -0.0375966 -0.00330084 0.0174116
v -0.03764 -0.00274171 0.0174202
v -0.0376197 -0.00302181 0.0174353
v -0.0376412 -0.00274957 0.0172683
v -0.0376754 -0.00223412 0.01742
v -0.0376649 -0.0024034 0.016572
v -0.0376609 -0.00217382 0.0165126
v -0.0376823 -0.0021156 0.01742
v -0.0377033 -0.00170263 0.0173679
v -0.0377054 -0.00165645 0.0174231
v -0.0377033 -0.00170321 0.017284
v -0.0377082 -0.00159081 0.0174372
v -0.0377106 -0.00153236 0.0174172
v -0.0377124 -0.00148845 0.0173493
v -0.0376915 -0.00194624 0.016572
v -0.0377118 -0.00150341 0.0172679
v -0.0377091 -0.00156967 0.0172174
v -0.0376823 -0.0021156 0.016572
v -0.0377056 -0.00165107 0.0172272
v -0.0377377 -0.000570928 0.0164533
v -0.0377415 -0.000203734 0.0164533
v -0.0377329 -0.000827639 0.01742
v -0.0377353 -0.000708146 0.01742
v -0.0376915 -0.00194624 0.0164533
v -0.0376823 -0.0021156 0.0160632
v -0.0374421 -0.00473294 0.0172448
v -0.0377404 -0.000351226 0.0177762
v -0.0377415 -0.000158451 0.0173674
v -0.037741 -0.000274387 0.0172342
v -0.0366528 -0.00897373 0.0163959
v -0.0367428 -0.00859906 0.01642
v -0.037427 -0.00485069 0.0177762
v -0.0374434 -0.00472272 0.0130399
v -0.0366794 -0.00886388 0.0143001
v -0.0366243 -0.00908705 0.0155993
v -0.0374434 -0.00472272 0.0148708
v -0.0377372 -0.000598362 0.00592969
v -0.0377367 -0.000631431 0.00587987
v -0.0377353 -0.000711844 0.00584887
v -0.0377091 -0.00157047 0.00496796
v -0.0377279 -0.00103025 0.00585926
v -0.0377078 -0.00160345 0.00491876
v -0.0377005 -0.00175946 0.00486432
v -0.0376871 -0.00202593 0.00490312
v -0.0376837 -0.00209021 0.00498225
v -0.0376827 -0.0021075 0.00508752
v -0.0375631 -0.00365834 0.0051807
v -0.0375714 -0.00357338 0.00517735
v -0.0376826 -0.00210918 0.0051283
v -0.0375539 -0.00375172 0.00519677
v -0.0375487 -0.00380228 0.00526421
v -0.0375496 -0.00379337 0.0052278
v -0.0375102 -0.00413313 0.00584712
v -0.0375487 -0.00380228 0.00584647
v -0.037511 -0.00415584 0.00585256
v -0.0375065 -0.00419607 0.00590589
v -0.0375087 -0.00417703 0.00586678
v -0.0373201 -0.00556684 0.00579224
v -0.0372758 -0.00588364 0.00585305
v -0.0373702 -0.00526777 0.00582984
v -0.0375042 -0.0042095 0.00597284
v -0.0371757 -0.00640438 0.00624683
v -0.0371901 -0.00640992 0.00590193
v -0.037186 -0.006434 0.00587168
v -0.0371649 -0.00651489 0.0058494
v -0.0371286 -0.00675425 0.00585856
v -0.0371212 -0.0067951 0.00588407
v -0.0367497 -0.00857032 0.00579558
v -0.0366833 -0.00885283 0.00581741
v -0.0371189 -0.00680763 0.00931189
v -0.0366726 -0.00888665 0.00846637
v -0.0368156 -0.00828367 0.00832824
v -0.0367641 -0.00847747 0.00842901
v -0.0368526 -0.00803081 0.00813216
v -0.0368689 -0.00804611 0.00816796
v -0.0368804 -0.00799225 0.00838521
v -0.0369092 -0.00786128 0.00842778
v -0.0369532 -0.00765101 0.0083984
v -0.0369597 -0.00762 0.008367
v -0.0369446 -0.00769232 0.00623765
v -0.0371196 -0.00680431 0.00590305
v -0.0369605 -0.00761577 0.00670699
v -0.036958 -0.00762885 0.00648783
v -0.0369271 -0.00772964 0.00615877
v -0.0368847 -0.00798406 0.00589931
v -0.0377265 -0.00107752 0.00592368
v -0.0377267 -0.0010701 0.0058903
v -0.0374491 -0.00467789 0.00641139
v -0.0374503 -0.00460573 0.00669596
v -0.0375053 -0.00420713 0.00609197
v -0.0374384 -0.00476154 0.00624605
v -0.0375056 -0.00420378 0.00612266
v -0.0375086 -0.0041775 0.00618343
v -0.0374208 -0.00486798 0.00608062
v -0.0373935 -0.00510014 0.00589371
v -0.0375763 -0.003521 0.0148786
v -0.0376335 -0.00285019 0.0148708
v -0.0376335 -0.00285019 0.0131369
v -0.0376333 -0.0028534 0.0131369
v -0.0376337 -0.00284763 0.0148837
v -0.0376344 -0.00283846 0.0148976
v -0.0376754 -0.00223412 0.0160632
v -0.0376528 -0.00258527 0.0149057
v -0.0376408 -0.00275169 0.0149276
v -0.0376545 -0.00255953 0.0148849
v -0.0377378 -0.000562335 0.0160499
v -0.037738 -0.000549817 0.0160543
v -0.0377358 -0.00068395 0.0161075
v -0.0376369 -0.00257361 0.0149015
v -0.0376538 -0.0025705 0.0148987
v -0.037737 -0.000613299 0.0160465
v -0.0376545 -0.00255992 0.0148857
v -0.0376543 -0.00256323 0.014892
v -0.0377359 -0.000676105 0.0160941
v -0.0377357 -0.000690441 0.0161286
v -0.0376993 -0.00178869 0.0149396
v -0.0376546 -0.00255855 0.0148798
v -0.0376547 -0.00255684 0.0148708
v -0.0376809 -0.00213949 0.0146091
v -0.0376547 -0.00255789 0.013022
v -0.0376547 -0.00255684 0.0130399
v -0.0376809 -0.00214011 0.0146039
v -0.0376543 -0.00256348 0.0129946
v -0.0376545 -0.0025599 0.0130119
v -0.0376542 -0.00256426 0.0129908
v -0.0376836 -0.00209373 0.0147464
v -0.0376923 -0.00192626 0.0149018
v -0.037697 -0.00165304 0.01495
v -0.0377137 -0.00145233 0.014903
v -0.0377215 -0.00124084 0.0147463
v -0.037722 -0.00122543 0.0148925
v -0.0377227 -0.00120329 0.0149107
v -0.0377385 -0.000510187 0.0162107
v -0.0377388 -0.000488472 0.0161705
v -0.0377383 -0.000528275 0.0160674
v -0.0377387 -0.000499188 0.0160985
v -0.0377272 -0.00105264 0.0149182
v -0.0377381 -0.000537927 0.0160615
v -0.0377282 -0.00101694 0.0149045
v -0.0377419 -8.9033e-05 0.014948
v -0.0377261 -2.82958e-05 0.0149505
v -0.0377286 -0.001002 0.0148874
v -0.0377285 -0.00100598 0.0148954
v -0.0377356 -0.00069043 0.0164533
v -0.0371993 -0.00635657 0.00933743
v -0.0374691 -0.00448836 0.00992175
v -0.0367428 -0.00859906 0.0114017
v -0.0367428 -0.00859906 0.0121524
v -0.0374323 -0.0048092 0.0117593
v -0.0371972 -0.00636944 0.00935768
v -0.03744 -0.00474965 0.0102993
v -0.0374392 -0.00475522 0.0100712
v -0.0374351 -0.00478713 0.010186
v -0.0374393 -0.00475501 0.010296
v -0.0374382 -0.00476341 0.0102877
v -0.0371991 -0.00635788 0.0093402
v -0.0374397 -0.00475229 0.0102977
v -0.0371985 -0.0063616 0.00934803
v -0.0371985 -0.00636157 0.00934795
v -0.0374419 -0.00473503 0.0103024
v -0.0374346 -0.00479149 0.0116831
v -0.0374407 -0.00474441 0.0103011
v -0.0374408 -0.00474294 0.0103013
v -0.0374328 -0.00480544 0.0117336
v -0.0374403 -0.00474734 0.0116259
v -0.0372437 -0.00609011 0.00833207
v -0.0372747 -0.00590091 0.00842024
v -0.0372002 -0.00635159 0.00931189
v -0.0372994 -0.00574702 0.00846224
v -0.037343 -0.00545453 0.00845956
v -0.0373827 -0.00517622 0.00838048
v -0.0375032 -0.00422483 0.00989136
v -0.0374154 -0.00493914 0.00821345
v -0.0376158 -0.00306914 0.0101242
v -0.0376075 -0.00317297 0.010321
v -0.0375578 -0.00371279 0.0101319
v -0.0376037 -0.00321797 0.0104779
v -0.0376 -0.00326058 0.0109246
v -0.0375409 -0.00387942 0.00996339
v -0.0375198 -0.00407554 0.00990823
v -0.0372002 -0.00635159 0.00810072
v -0.0374626 -0.0045695 0.00709704
v -0.0374573 -0.00461974 0.00761441
v -0.0374619 -0.0045748 0.00693045
v -0.0375111 -0.0041549 0.00619957
v -0.0376244 -0.00296745 0.0100207
v -0.0376264 -0.00294123 0.0100042
v -0.0376176 -0.00305133 0.00846946
v -0.0376363 -0.00281256 0.00844232
v -0.0375844 -0.00333127 0.00844429
v -0.0374288 -0.0048356 0.00808304
v -0.0374368 -0.00477426 0.00800231
v -0.0376453 -0.00269063 0.00839433
v -0.037687 -0.0020294 0.0083903
v -0.0376494 -0.00263393 0.008316
v -0.0376484 -0.00264809 0.00835419
v -0.0374418 -0.00473551 0.00791817
v -0.0375487 -0.00380228 0.0076399
v -0.0375487 -0.00380228 0.00620677
v -0.0375524 -0.00375779 0.00806306
v -0.0375741 -0.00355136 0.0083548
v -0.0376502 -0.00262286 0.00819562
v -0.0376857 -0.00205489 0.0083565
v -0.0376857 -0.00205457 0.00835823
v -0.0376497 -0.00262891 0.00826141
v -0.0376495 -0.00263287 0.00830446
v -0.0376855 -0.00205779 0.00833716
v -0.0376493 -0.00263269 0.00809663
v -0.0376861 -0.0020474 0.00837484
v -0.0376869 -0.00203276 0.00838778
v -0.0376486 -0.00264516 0.00805804
v -0.0375929 -0.00334115 0.00759245
v -0.0376908 -0.00195833 0.0103051
v -0.0376785 -0.00194356 0.0103385
v -0.0377133 -0.00146711 0.0103037
v -0.0377139 -0.00144954 0.0102661
v -0.0377416 -0.000166132 0.00838686
v -0.0376941 -0.00189428 0.0106508
v -0.0377134 -0.00146454 0.0104368
v -0.0376944 -0.00188831 0.0107041
v -0.0376859 -0.00204072 0.0101263
v -0.0377078 -0.00160018 0.00836114
v -0.0376719 -0.0022914 0.00993239
v -0.0377057 -0.001648 0.0084019
v -0.0376965 -0.00185356 0.00842343
v -0.0377073 -0.00161 0.00837803
v -0.0376756 -0.00223109 0.00995974
v -0.0377078 -0.00160168 0.00836396
v -0.0376632 -0.00243032 0.00989833
v -0.0376518 -0.00236192 0.0099083
v -0.0376884 -0.0020027 0.00840121
v -0.0376948 -0.00188156 0.0109154
v -0.0377136 -0.00145834 0.0104531
v -0.0376927 -0.00192316 0.0113619
v -0.0377148 -0.00142811 0.0117158
v -0.037692 -0.00193671 0.0114089
v -0.0376902 -0.00196901 0.0115209
v -0.0377139 -0.00145269 0.0117352
v -0.0376847 -0.00207154 0.0117158
v -0.0377133 -0.00146694 0.0117777
v -0.0376934 -0.00190794 0.0111986
v -0.0377141 -0.00144633 0.0104654
v -0.0377287 -0.000999882 0.0117141
v -0.0376629 -0.00218943 0.0118339
v -0.0377151 -0.00141979 0.0104681
v -0.0377287 -0.000999882 0.0102141
v -0.0376378 -0.0027533 0.00990847
v -0.0374884 -0.00435367 0.0112215
v -0.0374437 -0.00472037 0.0102994
v -0.0375229 -0.00404732 0.0102005
v -0.0374485 -0.00468247 0.010277
v -0.037509 -0.00417457 0.0101363
v -0.0374761 -0.00445732 0.0101549
v -0.0374994 -0.00425714 0.0101242
v -0.0375186 -0.00408704 0.0101702
v -0.0374456 -0.00470553 0.0102917
v -0.0375255 -0.00402404 0.0102189
v -0.0375328 -0.0039565 0.0103122
v -0.0375326 -0.00396561 0.0107104
v -0.0376438 -0.0027127 0.00620677
v -0.0376456 -0.00268697 0.00620149
v -0.0376836 -0.00209129 0.00526338
v -0.0376475 -0.00266146 0.00618621
v -0.0376505 -0.00262084 0.00608716
v -0.0376471 -0.00266633 0.005861
v -0.0376487 -0.00264443 0.00588635
v -0.0376834 -0.00209632 0.00523671
v -0.0376467 -0.00267192 0.00585684
v -0.0376827 -0.00210811 0.00515213
v -0.0376828 -0.0021058 0.00518638
v -0.0376468 -0.00267066 0.00585777
v -0.037684 -0.00208543 0.0052775
v -0.0376896 -0.00198108 0.00536506
v -0.0376863 -0.00204378 0.00533673
v -0.0376855 -0.00205777 0.00592954
v -0.0377081 -0.00159511 0.00833716
v -0.0377079 -0.00159886 0.00835488
v -0.0377414 -0.000220357 0.00832349
v -0.0377269 -0.0010669 0.00598617
v -0.0377081 -0.00159511 0.00592931
v -0.0377415 -0.000197692 0.00836313
v -0.0377079 -0.00159897 0.00590986
v -0.0377101 -0.00154537 0.00516424
v -0.0377092 -0.00156751 0.00497495
v -0.0377099 -0.00154898 0.00503147
v -0.0377059 -0.00164538 0.0058664
v -0.0377072 -0.00161579 0.0058832
v -0.0377067 -0.00162556 0.00534392
v -0.0376982 -0.00181234 0.00538155
v -0.037698 -0.00172797 0.00584732
v -0.0377044 -0.0016799 0.00536704
v -0.0376883 -0.0020055 0.00586266
v -0.0376861 -0.00204635 0.00589182
v -0.0376857 -0.00205341 0.00590564
v -0.0376858 -0.00205184 0.0059023
v -0.0377077 -0.00160306 0.00532791
v -0.0377101 -0.00154727 0.00517675
v -0.0377098 -0.00155354 0.005218
v -0.0377093 -0.00156441 0.00526879
v -0.0376957 -0.001864 0.00538314
v -0.0375929 -0.00334115 0.00620677
v -0.0376456 -0.00268695 0.00584987
v -0.0375929 -0.00334115 0.00584647
v -0.0375929 -0.00334115 0.00526421
v -0.0375928 -0.00334202 0.00525928
v -0.037592 -0.00335042 0.00522993
v -0.0375878 -0.00339764 0.00519479
v -0.0377418 -0.000116468 0.00840411
v -0.0377354 -0.000705841 0.0099632
v -0.0377353 -0.000706725 0.009957
v -0.0377354 -0.000705841 0.0117141
v -0.037735 -0.000722145 0.00993573
v -0.0377352 -0.000712195 0.00994308
v -0.0377417 -0.000150697 0.00839222
v -0.037735 -0.000725824 0.00993433
v -0.0377347 -0.000741231 0.00992851
v -0.037742 -1.57695e-05 0.0113352
v -0.0377318 -0.000102201 0.00840731
v -0.0377416 -0.000179595 0.01344
v -0.037742 -1.22405e-05 0.0134202
v -0.0377406 -0.000319066 0.0119068
v -0.0377406 -0.000322144 0.0119097
v -0.0377405 -0.000332416 0.0119158
v -0.0376491 -0.00263736 0.0129251
v -0.0377391 -0.000467258 0.0136366
v -0.0377401 -0.000330043 0.0134991
v -0.0377407 -0.000307511 0.0118908
v -0.0377386 -0.000502777 0.0136951
v -0.0377378 -0.000545881 0.0137756
v -0.037737 -0.000619291 0.0140757
v -0.0377287 -0.000999882 0.014874
v -0.0377383 -0.000526045 0.0146628
v -0.0377369 -0.000588452 0.0144936
v -0.0377286 -0.00100132 0.0148831
v -0.0377284 -0.00101073 0.0137869
v -0.037726 -0.00108628 0.0135897
v -0.0376508 -0.00261363 0.0129336
v -0.0376501 -0.00262297 0.0129303
v -0.0376526 -0.00258753 0.0129531
v -0.0376943 -0.00188837 0.0134819
v -0.0376856 -0.00205581 0.0135597
v -0.0376881 -0.00201008 0.0135261
v -0.0377054 -0.00165664 0.013425
v -0.0377165 -0.00135976 0.0134254
v -0.0376516 -0.00260242 0.0129401
v -0.0376979 -0.00181498 0.0134554
v -0.037653 -0.00258139 0.0129603
v -0.0376854 -0.00205871 0.0135629
v -0.0376531 -0.00257992 0.0129621
v -0.037739 -0.000461896 0.0147628
v -0.0377415 -0.000302884 0.0149048
v -0.03773 -1.89764e-05 0.0115474
v -0.0377409 -0.000293356 0.0118277
v -0.0377408 -0.000298108 0.0117707
v -0.0377406 -0.000321158 0.011724
v -0.037742 -2.94118e-05 0.0114531
v -0.037742 -1.87409e-05 0.0113609
v -0.037742 -2.79145e-05 0.0114926
v -0.0377407 -0.000311085 0.0117348
v -0.0377405 -0.000333198 0.0117169
v -0.0376847 -0.00207281 0.013581
v -0.0376463 -0.00267788 0.01292
v -0.0376271 -0.00293355 0.0129288
v -0.03763 -0.00289609 0.0129214
v -0.0375073 -0.00418885 0.0130818
v -0.0376242 -0.00296994 0.0129438
v -0.0377405 -0.000333318 0.0119161
v -0.0377405 -0.000337937 0.0119177
v -0.0376202 -0.00301961 0.0129811
v -0.0376156 -0.00307604 0.0130864
v -0.0374914 -0.00432887 0.0129295
v -0.037502 -0.00423478 0.0129893
v -0.0366794 -0.00886388 0.0135216
v -0.0375648 -0.00364138 0.0145229
v -0.0375655 -0.00363354 0.0145229
v -0.0374518 -0.00465515 0.0129268
v -0.0374448 -0.00471232 0.0129774
v -0.0377342 -0.000765706 0.00992649
v -0.0377305 -0.000933904 0.0099217
v -0.0377149 -0.00142613 0.0102458
v -0.0376846 -0.00207358 0.013748
v -0.0376541 -0.00256663 0.0129849
v -0.0376806 -0.00214436 0.0144868
v -0.0376843 -0.00207955 0.0137327
v -0.0376836 -0.00209245 0.0136759
v -0.0376537 -0.00257135 0.0129768
v -0.0376846 -0.00207363 0.0137478
v -0.0376848 -0.00207126 0.0137519
v -0.0376867 -0.00203622 0.0137729
v -0.0376856 -0.00205537 0.0137688
v -0.03769 -0.00197428 0.0141893
v -0.0376915 -0.00194563 0.0141733
v -0.0376876 -0.00201842 0.0137692
v -0.0376943 -0.00189132 0.0141431
v -0.037681 -0.00213758 0.014449
v -0.0376831 -0.0020969 0.0143131
v -0.0377212 -0.0012564 0.014063
v -0.0377143 -0.00144208 0.0136444
v -0.0377167 -0.00137683 0.013675
v -0.0377187 -0.00131922 0.0137302
v -0.03772 -0.00128363 0.0138024
v -0.0377115 -0.00150286 0.0136324
v -0.0377 -0.00159961 0.0140752
v -0.0377065 -0.00162784 0.0136286
v -0.037699 -0.00181246 0.0136657
v -0.037693 -0.00172077 0.014091
v -0.0376883 -0.00200683 0.0137634
v -0.0376467 -0.00267347 0.00803453
v -0.0376245 -0.00296595 0.00811873
v -0.0376099 -0.0031446 0.00808653
v -0.037603 -0.00322484 0.00803474
v -0.0375981 -0.00327771 0.00795928
v -0.0375945 -0.00332348 0.00781076
v -0.0377357 -0.000686281 0.0161875
v -0.0377363 -0.000655889 0.0162263
v -0.037737 -0.000612111 0.0162499
v -0.0377381 -0.000542533 0.0162396
v -0.0376649 -0.0024034 0.0164533
v -0.0375519 -0.00377142 0.014892
v -0.0375533 -0.00375728 0.0149036
v -0.0375657 -0.00363219 0.0149258
v -0.0376754 -0.00223412 0.0164533
v -0.037575 -0.00353487 0.0148987
v -0.0375518 -0.00377175 0.0148917
v -0.0376474 -0.00266288 0.0164533
v -0.0376271 -0.00293351 0.016474
v -0.0376394 -0.00276201 0.0165909
v -0.0376117 -0.00312748 0.0164248
v -0.0375831 -0.00344591 0.0165399
v -0.0375154 -0.00411617 0.016489
v -0.0375006 -0.00425124 0.0164419
v -0.0374491 -0.00467972 0.0165337
v -0.0374698 -0.00450787 0.0164539
v -0.0375684 -0.00360405 0.0167616
v -0.0375353 -0.00392749 0.01664
v -0.0375438 -0.00385059 0.0168276
v -0.0374436 -0.00472126 0.0148816
v -0.0374438 -0.00471944 0.014886
v -0.0367428 -0.00859906 0.0156693
v -0.0367184 -0.0087017 0.0156656
v -0.0366649 -0.00892392 0.0156415
v -0.0374444 -0.00471508 0.0148942
v -0.0374451 -0.00470933 0.0148995
v -0.037427 -0.00485069 0.0164533
v -0.0374462 -0.00470105 0.014904
v -0.0374452 -0.00470893 0.0148998
v -0.0374472 -0.00469278 0.0149072
v -0.037466 -0.0045433 0.0149218
v -0.0374774 -0.00444688 0.0149012
v -0.0374793 -0.0044308 0.0148708
v -0.0374789 -0.00443391 0.0148862
v -0.0374793 -0.0044308 0.0131369
v -0.037551 -0.00378033 0.0148786
v -0.0375413 -0.00377689 0.0148834
v -0.0374795 -0.00442889 0.0131369
v -0.0366206 -0.00908606 0.013522
v -0.0366724 -0.0088935 0.0121724
v -0.037434 -0.0047962 0.0118835
v -0.0374328 -0.00480495 0.0118604
v -0.0374346 -0.00479175 0.0118915
v -0.0377404 -0.000350638 0.01192
v -0.0376631 -0.00243099 0.0119352
v -0.0376585 -0.00250044 0.0119413
v -0.0374384 -0.00476293 0.0119149
v -0.0375676 -0.0036125 0.01192
v -0.0376523 -0.00259214 0.0119494
v -0.0375688 -0.00359938 0.0119182
v -0.0377404 -0.00034174 0.0119184
v -0.0375713 -0.00357352 0.0118996
v -0.0375705 -0.00358219 0.0119098
v -0.0377153 -0.00141373 0.01192
v -0.0376721 -0.00228829 0.0118898
v -0.0376568 -0.00239398 0.011925
v -0.0377132 -0.0014705 0.0118298
v -0.0377137 -0.00145657 0.0118924
v -0.0377146 -0.00143253 0.0119159
v -0.0375693 -0.00359485 0.0116881
v -0.0375095 -0.00416921 0.0113584
v -0.0376067 -0.00318234 0.01154
v -0.0376012 -0.00324642 0.0112267
v -0.0375462 -0.00375951 0.0108615
v -0.0375657 -0.00362774 0.0104432
v -0.0376437 -0.00271404 0.0119416
v -0.0375718 -0.00356884 0.01189
v -0.037611 -0.00313129 0.0116571
v -0.0375722 -0.0035647 0.0118807
v -0.0375733 -0.00355295 0.0118275
v -0.0375723 -0.0035638 0.0117215
v -0.0376163 -0.00306447 0.0117568
v -0.0376281 -0.00291474 0.0118881
v -0.0374723 -0.00448917 0.0116847
v -0.036587 -0.00923575 0.0122713
v -0.0371212 -0.006795 0.00935413
v -0.0371197 -0.00680292 0.00934111
v -0.0371229 -0.00678618 0.009363
v -0.0371218 -0.00679212 0.00935703
v -0.0367128 -0.00872535 0.0114043
v -0.037127 -0.0067637 0.00937634
v -0.0371811 -0.00646394 0.00940196
v -0.0362939 -0.0103206 0.0135069
v -0.0363723 -0.0100429 0.0128966
v -0.036443 -0.00978482 0.0126166
v -0.0365008 -0.00956842 0.0124448
v -0.037742 -4.4252e-13 0.0203355
v -0.0366243 0.00908705 0.0203355
v -0.0164329 0.0341727 0.00316666
v -0.033338 0.0176324 0.0203355
v -0.0366243 -0.00908705 0.0203355
v -0.033338 -0.0176324 0.0203355
v -0.0280789 -0.0251268 0.0203355
v -0.0127137 -0.0353021 0.00310523
v -0.00701674 -0.0362637 0.0029468
v -0.0362449 0.0104902 0.0137238
v -0.0363969 0.00995402 0.00630738
v -0.0359786 0.0113647 0.0168902
v -0.0361751 0.010724 0.0169425
v -0.0376088 0.00315782 0.0101985
v -0.0376063 0.00318708 0.0101977
v -0.0376033 0.00322505 0.0114589
v -0.0367361 0.00862877 0.0173113
v -0.0280789 0.0251268 0.0203355
v -0.0312858 0.0210369 0.00622263
v -0.0339655 0.0163587 0.0113747
v -0.033904 0.0164808 0.0117088
v -0.0338795 0.0165307 0.0117741
v -0.0338591 0.0165723 0.0118231
v -0.0338485 0.0165937 0.0118381
v -0.0338128 0.016666 0.0118884
v -0.0337439 0.0168041 0.0119393
v -0.033681 0.0169289 0.00989214
v -0.0337504 0.0167909 0.0099155
v -0.0337962 0.0167007 0.00994935
v -0.0339079 0.0164722 0.0101788
v -0.0339695 0.0163555 0.0105894
v -0.0333948 0.0174826 0.0102515
v -0.0334351 0.0174059 0.0101011
v -0.0334818 0.0173164 0.0100007
v -0.033572 0.0171431 0.00990733
v -0.0336083 0.0170718 0.0119347
v -0.0335821 0.0171344 0.0119177
v -0.0335078 0.017285 0.0118432
v -0.0334297 0.0174157 0.0116958
v -0.0333389 0.0175852 0.011013
v -0.0346464 0.0148761 0.0112335
v -0.0345883 0.0150016 0.0116943
v -0.0345428 0.0151065 0.011822
v -0.0344821 0.0152433 0.0119097
v -0.0343666 0.0155009 0.0119533
v -0.034462 0.0152902 0.00992605
v -0.0345597 0.0150687 0.0100823
v -0.0346268 0.0149202 0.0104031
v -0.034095 0.0161003 0.0105066
v -0.0341178 0.0160366 0.0102515
v -0.0341548 0.0159583 0.0101011
v -0.0341911 0.0158812 0.0100132
v -0.0342379 0.0157806 0.00994503
v -0.034337 0.0155731 0.00988797
v -0.0342881 0.0156727 0.0119212
v -0.0342411 0.0157841 0.011873
v -0.0340909 0.0160966 0.0113778
v -0.0351732 0.0135855 0.01192
v -0.0347739 0.0145704 0.01192
v -0.0351797 0.0135687 0.0117177
v -0.0351909 0.0135811 0.0119187
v -0.0351853 0.0135542 0.0117302
v -0.035182 0.0135626 0.0119114
v -0.0351809 0.0135655 0.0119138
v -0.0351875 0.0135485 0.0117395
v -0.035188 0.0135472 0.0118945
v -0.0351975 0.0135355 0.0118456
v -0.0351905 0.0135407 0.0117571
v -0.0351843 0.0135569 0.0119067
v -0.0351857 0.0135531 0.0117314
v -0.0351764 0.0135771 0.0117152
v -0.035021 0.0139703 0.0117141
v -0.0351737 0.0135842 0.0117141
v -0.035021 0.0139703 0.0102141
v -0.0349306 0.0141932 0.00992375
v -0.0349107 0.0142418 0.00995869
v -0.0349122 0.0142384 0.00994524
v -0.0349104 0.0142427 0.0117141
v -0.0349104 0.0142427 0.0099632
v -0.0347633 0.0145956 0.0117226
v -0.034768 0.0145845 0.0117161
v -0.0347598 0.0146038 0.0119014
v -0.0347616 0.0145997 0.011726
v -0.0347589 0.0146059 0.0117343
v -0.0347577 0.0146089 0.011892
v -0.0347584 0.0146071 0.011736
v -0.0347554 0.0146144 0.0117534
v -0.0347599 0.0146037 0.0119016
v -0.0347655 0.0145903 0.0119151
v -0.0351599 0.0136196 0.0104489
v -0.0351791 0.0135703 0.0104688
v -0.0351846 0.0135561 0.0104654
v -0.0351875 0.0135484 0.0104592
v -0.0351943 0.0135307 0.0104179
v -0.0351881 0.013547 0.0102716
v -0.0349971 0.01403 0.00992332
v -0.0351885 0.0135458 0.0104559
v -0.0349172 0.0142261 0.00993456
v -0.0357973 0.0118855 0.0113728
v -0.0357475 0.0120051 0.0117284
v -0.0357089 0.012118 0.0118381
v -0.0356828 0.0121943 0.0118884
v -0.0356424 0.0123106 0.0119305
v -0.0355833 0.0124796 0.0119494
v -0.0357128 0.0121067 0.0100358
v -0.0357551 0.0119814 0.0101961
v -0.035797 0.0118503 0.0107311
v -0.035351 0.0131188 0.0104928
v -0.0353737 0.013058 0.0102515
v -0.0354332 0.0128968 0.0100132
v -0.0354713 0.0127925 0.00994503
v -0.0355485 0.0125795 0.00988819
v -0.0355664 0.0125274 0.0119468
v -0.0355142 0.0126742 0.0119238
v -0.0354674 0.0128033 0.0118695
v -0.0354324 0.0128992 0.0117952
v -0.0354035 0.0129778 0.0117018
v -0.035352 0.01312 0.0113778
v -0.0359556 0.0113706 0.0114494
v -0.0358835 0.0115945 0.0114486
v -0.0359556 0.0113706 0.0118717
v -0.0359596 0.0113582 0.0118983
v -0.0359572 0.0113656 0.0118899
v -0.0359569 0.0113666 0.0118883
v -0.0359561 0.011369 0.0118822
v -0.035956 0.0113692 0.0118806
v -0.036043 0.0110922 0.0118861
v -0.0360381 0.011108 0.0119032
v -0.0359882 0.0112675 0.0119261
v -0.0360437 0.0110901 0.0114494
v -0.0362681 0.0103379 0.0114494
v -0.0362791 0.0102993 0.0114399
v -0.0362725 0.0103226 0.0114477
v -0.0362857 0.0102762 0.0114013
v -0.0362842 0.0102821 0.0112344
v -0.0360843 0.010958 0.00996779
v -0.0360368 0.0111121 0.00992206
v -0.0360741 0.0109916 0.0099371
v -0.0359564 0.0113681 0.0099625
v -0.0359575 0.0113645 0.00995619
v -0.0359619 0.0113506 0.00994394
v -0.0360069 0.0112081 0.00991894
v -0.0359556 0.0113706 0.00997377
v -0.0359553 0.0113791 0.0112298
v -0.0358822 0.0115985 0.0112455
v -0.0358769 0.0116147 0.0112534
v -0.0358703 0.0116349 0.011287
v -0.0358785 0.0116098 0.0114427
v -0.0358733 0.0116259 0.0114252
v -0.0358697 0.0116368 0.0113959
v -0.0358681 0.0116419 0.0113449
v -0.0365189 0.00941993 0.0112435
v -0.0363493 0.0100506 0.0112435
v -0.0365255 0.00939476 0.0110442
v -0.0365215 0.00940998 0.0112425
v -0.036525 0.00939645 0.0112385
v -0.0365301 0.00937689 0.0110645
v -0.0365297 0.00937835 0.0112185
v -0.0365285 0.00938286 0.0112259
v -0.0365311 0.00937289 0.0110745
v -0.0365302 0.00937645 0.0112154
v -0.0365317 0.0093706 0.0111984
v -0.036533 0.00936545 0.0111137
v -0.0365306 0.00937468 0.0110684
v -0.0365277 0.00938622 0.0110507
v -0.0363493 0.0100506 0.0110376
v -0.0365227 0.00940525 0.0110392
v -0.0363457 0.0100635 0.0110393
v -0.0363428 0.0100739 0.011043
v -0.036339 0.0100874 0.0110562
v -0.0363341 0.0101046 0.0111335
v -0.0363371 0.0100942 0.0112135
v -0.0363419 0.0100771 0.0112365
v -0.0363462 0.0100615 0.011242
v -0.0363383 0.0100898 0.011081
v -0.0369086 0.00776501 0.0113348
v -0.0368726 0.00793399 0.0116566
v -0.0368483 0.00804521 0.0117747
v -0.0368034 0.00824843 0.0118941
v -0.0367321 0.00855704 0.0119494
v -0.0365901 0.00914137 0.0100979
v -0.0365857 0.00915929 0.0101375
v -0.0365842 0.00916477 0.0102582
v -0.0365875 0.00915196 0.0103071
v -0.0365894 0.00914416 0.01032
v -0.0365922 0.00913328 0.0103286
v -0.0366053 0.00908088 0.0103161
v -0.0366045 0.00908406 0.0103185
v -0.0365998 0.00910258 0.0103285
v -0.0366345 0.00896305 0.0102319
v -0.0366726 0.00881107 0.00990579
v -0.0366042 0.00908543 0.0100421
v -0.0366693 0.00882028 0.0101602
v -0.0367116 0.00864397 0.0101246
v -0.0367501 0.0084793 0.00990328
v -0.0367653 0.00841427 0.00991139
v -0.036819 0.0081794 0.00999998
v -0.0367679 0.00840532 0.0101577
v -0.036865 0.0079703 0.0101714
v -0.0368132 0.0082025 0.0103111
v -0.0368363 0.00809967 0.010485
v -0.0369075 0.00777967 0.0105416
v -0.0368518 0.00802878 0.0107443
v -0.0368503 0.00803652 0.0111181
v -0.0368438 0.00806698 0.011292
v -0.0368185 0.00818003 0.0115243
v -0.0367818 0.00834254 0.011654
v -0.036703 0.00868033 0.0119437
v -0.0366536 0.00888496 0.0119043
v -0.0367129 0.00863466 0.0117313
v -0.0365964 0.00911581 0.0118004
v -0.0366016 0.00909566 0.0115464
v -0.0365935 0.00912806 0.0115369
v -0.0365886 0.00914753 0.0115446
v -0.0366317 0.00897449 0.0116198
v -0.0365859 0.00915806 0.0115631
v -0.0365843 0.00916464 0.0117282
v -0.0365898 0.00914258 0.0115412
v -0.0365955 0.00912021 0.0103317
v -0.0371418 0.0065695 0.0119131
v -0.0373282 0.00541921 0.0102137
v -0.037309 0.00554942 0.00996857
v -0.0372977 0.00562353 0.0100758
v -0.0373159 0.00550253 0.0103966
v -0.0373021 0.00559458 0.0105845
v -0.0372074 0.00619043 0.0117591
v -0.03722 0.00616799 0.0111617
v -0.0371799 0.00635137 0.011551
v -0.0371797 0.00635271 0.011551
v -0.0371303 0.00663368 0.0118391
v -0.0371399 0.00662277 0.0118687
v -0.037176 0.00637448 0.0119173
v -0.0371926 0.00627736 0.0118772
v -0.0371302 0.00663433 0.0118338
v -0.0373286 0.00541619 0.0102137
v -0.037359 0.00520356 0.00992524
v -0.0373174 0.00549261 0.00993553
v -0.0373649 0.00516121 0.00995035
v -0.0373267 0.0054976 0.00993682
v -0.0373683 0.00513706 0.00997797
v -0.0373695 0.00512818 0.010034
v -0.0373282 0.00541911 0.0106691
v -0.0373282 0.00541921 0.0118708
v -0.0373285 0.00541714 0.011882
v -0.0373291 0.00541258 0.0118914
v -0.0373577 0.00521487 0.0119246
v -0.0373315 0.00539628 0.0119045
v -0.0373679 0.00513996 0.0118968
v -0.0373669 0.00514715 0.0119015
v -0.0373692 0.00513031 0.0118829
v -0.0371296 0.00663771 0.011806
v -0.0371805 0.0063482 0.0110464
v -0.0371805 0.0063482 0.00996917
v -0.0371789 0.00635731 0.00994592
v -0.0371722 0.00639601 0.00992654
v -0.037138 0.00659047 0.00992423
v -0.0371296 0.00663771 0.00996917
v -0.0371305 0.00663238 0.00995039
v -0.0375442 0.00364637 0.0123237
v -0.0375434 0.00365483 0.0123347
v -0.0375409 0.00368013 0.0123511
v -0.0375326 0.00376303 0.0123611
v -0.0375445 0.00364331 0.0123
v -0.0375235 0.00385172 0.0123511
v -0.0375187 0.00389848 0.0122987
v -0.0374408 0.00458256 0.00968838
v -0.0374464 0.00459167 0.00966905
v -0.0374359 0.00462222 0.00963733
v -0.0374398 0.00470717 0.00962423
v -0.0374186 0.00475969 0.0096273
v -0.0374106 0.00482175 0.00964911
v -0.0374089 0.00483464 0.00966931
v -0.0374089 0.00483433 0.00969285
v -0.0374135 0.00479924 0.00963701
v -0.0374389 0.0045983 0.00965633
v -0.0376514 0.00229816 0.0117356
v -0.0376501 0.00231963 0.0117839
v -0.0376485 0.00234627 0.0118097
v -0.0376443 0.00241207 0.0118494
v -0.037622 0.00273505 0.0119563
v -0.0375669 0.00340545 0.0101862
v -0.0375672 0.00340245 0.0100917
v -0.0375681 0.00339273 0.0102539
v -0.0375693 0.00337949 0.0102695
v -0.0375706 0.00336545 0.0102729
v -0.0375723 0.00334542 0.0102676
v -0.0375677 0.0033975 0.0100652
v -0.0375687 0.0033864 0.0100346
v -0.037584 0.00322 0.00993479
v -0.0375939 0.0030963 0.0101452
v -0.0376508 0.0023092 0.0115536
v -0.0376511 0.0023041 0.0115631
v -0.0376503 0.00231542 0.0115462
v -0.0376498 0.00232538 0.0115398
v -0.0376501 0.00232021 0.0115425
v -0.0376488 0.00236531 0.0115513
v -0.0376258 0.00268337 0.0116934
v -0.0376227 0.00272396 0.011705
v -0.0375918 0.00311929 0.0119073
v -0.0376055 0.00295361 0.0117052
v -0.037578 0.00328216 0.0118288
v -0.037595 0.00308303 0.0116557
v -0.0375691 0.00341495 0.0117021
v -0.0375883 0.00316204 0.01159
v -0.037558 0.00350246 0.0115237
v -0.037584 0.00321428 0.0114945
v -0.0375558 0.00352415 0.0113137
v -0.0375825 0.00323135 0.0113926
v -0.0375843 0.00321165 0.0112817
v -0.037561 0.00346998 0.0111194
v -0.0376057 0.00295033 0.00989059
v -0.0376181 0.00278919 0.0099054
v -0.0376365 0.00253275 0.0100068
v -0.0376136 0.00284978 0.0101305
v -0.0376226 0.00272775 0.0101972
v -0.0376263 0.0026788 0.0102523
v -0.0376477 0.0023569 0.0103215
v -0.0376283 0.00264819 0.0103355
v -0.0376286 0.0026444 0.0104271
v -0.0376477 0.0023663 0.0105655
v -0.0376433 0.00242705 0.0106971
v -0.0376266 0.00267292 0.0105186
v -0.0376371 0.0025214 0.0108081
v -0.0376221 0.00273313 0.0106012
v -0.0376262 0.00269349 0.0109188
v -0.037569 0.00338595 0.0110056
v -0.0375906 0.00313542 0.0111703
v -0.0376113 0.00288016 0.0107019
v -0.0377219 -2.6106e-05 0.0113821
v -0.0377218 3.3938e-05 0.0117026
v -0.0377217 0.000150905 0.0118244
v -0.0377211 0.000260748 0.0118857
v -0.0377199 0.000402661 0.0119293
v -0.0377126 0.000841334 0.0119389
v -0.0377215 0.000188667 0.0110421
v -0.0377271 9.21707e-05 0.0111348
v -0.037722 2.26273e-05 0.0112326
v -0.0377222 2.92647e-05 0.0104307
v -0.037722 4.49757e-05 0.010509
v -0.0377219 7.11184e-05 0.0105867
v -0.0377218 0.000128119 0.0106775
v -0.0377213 0.000230508 0.0107794
v -0.0377212 0.000249259 0.00999104
v -0.0377218 0.000166893 0.0100531
v -0.037722 5.81172e-05 0.0102158
v -0.0377168 0.000622794 0.00988956
v -0.0377102 0.00124255 0.0102071
v -0.037703 0.00119149 0.0101003
v -0.0377056 0.00110868 0.010016
v -0.0377086 0.00100281 0.0099528
v -0.0377122 0.000857796 0.00990713
v -0.0377028 0.00120349 0.0105815
v -0.0377012 0.00124883 0.0104719
v -0.0377074 0.00106752 0.0107453
v -0.0377019 0.00122762 0.0111327
v -0.0377054 0.00111826 0.0110239
v -0.037706 0.00109099 0.0118458
v -0.0377026 0.00120509 0.0117489
v -0.0377006 0.00126547 0.0116592
v -0.0376993 0.00130553 0.0115539
v -0.0376954 -0.00141297 0.01192
v -0.0377205 -0.000335919 0.0119177
v -0.0376946 -0.00143424 0.0117196
v -0.0376947 -0.00142996 0.0119156
v -0.0376949 -0.00142493 0.0119179
v -0.0376941 -0.00144653 0.0117302
v -0.0376944 -0.00143748 0.0119114
v -0.0376945 -0.00143484 0.0119135
v -0.0376938 -0.00145258 0.0117395
v -0.0376935 -0.0014613 0.0118765
v -0.0376938 -0.00145402 0.0118945
v -0.0376932 -0.0014692 0.0118374
v -0.0376934 -0.00146347 0.0117634
v -0.0376942 -0.00144363 0.0119067
v -0.037694 -0.0014477 0.0117314
v -0.0376944 -0.00143861 0.0117222
v -0.0377087 -0.000999348 0.0117141
v -0.0376949 -0.00142462 0.0117155
v -0.0377087 -0.000999348 0.0102141
v -0.0377148 -0.000737169 0.00992729
v -0.0377152 -0.000714174 0.00994108
v -0.0377153 -0.000708934 0.00994791
v -0.0377154 -0.000705464 0.0117141
v -0.0377154 -0.000705471 0.00996329
v -0.0377204 -0.000348614 0.0117141
v -0.0377206 -0.000318105 0.0117268
v -0.0377205 -0.000330596 0.0117181
v -0.0377206 -0.000319585 0.0117251
v -0.0377207 -0.000314258 0.0119014
v -0.0377207 -0.000306946 0.011744
v -0.0377207 -0.000310679 0.011736
v -0.0377207 -0.000308714 0.011892
v -0.0377208 -0.000302092 0.0117552
v -0.0377208 -0.000293893 0.0118001
v -0.0377208 -0.000299181 0.0118706
v -0.0377207 -0.000317572 0.0119056
v -0.0376967 -0.00137636 0.0104489
v -0.0376949 -0.00142351 0.0104679
v -0.0376944 -0.0014373 0.0104677
v -0.0376941 -0.00144466 0.0104653
v -0.0376938 -0.00145266 0.0104593
v -0.037693 -0.00147165 0.0104179
v -0.0377093 -0.000974554 0.0099393
v -0.0376938 -0.0014542 0.0102716
v -0.0377104 -0.000935017 0.00992332
v -0.0376937 -0.00145545 0.0104559
v -0.0375837 -0.00324896 0.0112336
v -0.0375943 -0.00315114 0.0116136
v -0.037602 -0.00299615 0.0118226
v -0.037595 -0.00308245 0.0117318
v -0.0376103 -0.00289214 0.0118884
v -0.0376269 -0.00267731 0.0119541
v -0.0376208 -0.0027529 0.0099155
v -0.03761 -0.00289716 0.00996755
v -0.0375964 -0.00310419 0.010175
v -0.0375864 -0.00322788 0.010536
v -0.0376738 -0.00190038 0.0106512
v -0.0376663 -0.00204178 0.010136
v -0.0376652 -0.0020622 0.0101018
v -0.0376674 -0.00216504 0.01
v -0.0376468 -0.00237784 0.0119212
v -0.0376672 -0.00201916 0.0116338
v -0.0376717 -0.00194017 0.0114078
v -0.0376728 -0.0018877 0.0111265
v -0.0374237 -0.00471929 0.01192
v -0.0375477 -0.00361056 0.01192
v -0.0374525 -0.00448681 0.0116847
v -0.0374127 -0.00480589 0.0117282
v -0.0374212 -0.00474664 0.0116327
v -0.037517 -0.00397169 0.0111502
v -0.0374969 -0.00410087 0.0109146
v -0.0375427 -0.00367393 0.0106864
v -0.0375101 -0.00398479 0.0107295
v -0.0375445 -0.00364428 0.0103205
v -0.0375153 -0.0039297 0.0104671
v -0.0375132 -0.0039528 0.0103273
v -0.0375357 -0.00373905 0.0100862
v -0.0375098 -0.00398269 0.0102728
v -0.0375064 -0.00401403 0.010227
v -0.0375094 -0.00399054 0.00991874
v -0.0375001 -0.00407135 0.0101793
v -0.0374906 -0.00415972 0.0101399
v -0.037483 -0.00422587 0.00989059
v -0.0374494 -0.00451224 0.00994089
v -0.0374686 -0.00435254 0.0101233
v -0.0374217 -0.00473439 0.0100528
v -0.0374382 -0.00460375 0.0102287
v -0.0374172 -0.00477015 0.0101045
v -0.0374248 -0.00471037 0.0102963
v -0.037422 -0.00473248 0.0103023
v -0.0374202 -0.00474681 0.0102996
v -0.0374186 -0.00475965 0.0102894
v -0.0374155 -0.00478396 0.0102035
v -0.0375475 -0.0036124 0.0116847
v -0.0375494 -0.00359232 0.0116889
v -0.0374179 -0.00476496 0.0119129
v -0.0374137 -0.00479815 0.0118781
v -0.0375518 -0.0035676 0.011712
v -0.0375538 -0.00354712 0.0118328
v -0.0375512 -0.00357389 0.0119026
v -0.0375496 -0.00359083 0.0119164
v -0.0313251 -0.0209426 0.00842
v -0.0323862 -0.0192745 0.00841694
v -0.0315523 -0.0206014 0.00800824
v -0.0312378 -0.0210724 0.00811359
v -0.0312539 -0.0210479 0.00802673
v -0.0312725 -0.0210202 0.00796515
v -0.0316829 -0.0204015 0.00719757
v -0.0318584 -0.0201283 0.00743723
v -0.0320868 -0.019765 0.00696938
v -0.0320956 -0.0197508 0.00694497
v -0.0322647 -0.0194757 0.00647245
v -0.0319966 -0.0199155 0.00647398
v -0.0323324 -0.019377 0.00615759
v -0.0323473 -0.0193391 0.00577731
v -0.03233 -0.0193671 0.00550965
v -0.0320847 -0.0197655 0.00581712
v -0.0320772 -0.0197267 0.00543675
v -0.0322461 -0.0195062 0.00520119
v -0.0320032 -0.0198992 0.00546054
v -0.0321484 -0.0196682 0.00503257
v -0.0319812 -0.0199344 0.0054179
v -0.032044 -0.0198336 0.00494597
v -0.0319613 -0.0199659 0.00489567
v -0.0318014 -0.0202176 0.00486879
v -0.0316464 -0.0203995 0.00520567
v -0.0315814 -0.0205569 0.004926
v -0.0318512 -0.0201393 0.00529084
v -0.0314454 -0.0207629 0.00501313
v -0.0315015 -0.0206786 0.00539578
v -0.0312754 -0.0210162 0.00524084
v -0.0312859 -0.0210008 0.00520303
v -0.0313311 -0.0209339 0.00512897
v -0.0313434 -0.0209154 0.00556916
v -0.0313213 -0.0209482 0.00558778
v -0.0312913 -0.0209927 0.00557645
v -0.0313003 -0.0209794 0.00558602
v -0.0312825 -0.0210056 0.00555789
v -0.0312629 -0.0210346 0.00543303
v -0.0323887 -0.0192701 0.00801507
v -0.0324098 -0.019235 0.00805333
v -0.032401 -0.0192497 0.00803204
v -0.0324183 -0.0192205 0.0080838
v -0.032429 -0.0192038 0.00826355
v -0.0324032 -0.0192459 0.00839775
v -0.0323717 -0.0192985 0.00800824
v -0.0312873 -0.0209985 0.00841196
v -0.0312491 -0.0210551 0.00835375
v -0.0312861 -0.0210003 0.00556684
v -0.0336508 -0.0169882 0.00533176
v -0.0330666 -0.0180913 0.00533176
v -0.0328696 -0.0184442 0.00493151
v -0.0336494 -0.0169911 0.00492
v -0.0329012 -0.0183883 0.00492
v -0.0336725 -0.0169455 0.00494312
v -0.0336653 -0.0169598 0.00492883
v -0.0336702 -0.0169501 0.00531391
v -0.0336786 -0.0169336 0.00496006
v -0.0336874 -0.0169161 0.00522795
v -0.0336892 -0.0169127 0.00502918
v -0.0336824 -0.016926 0.00528043
v -0.0336674 -0.0169555 0.0053196
v -0.0336614 -0.0169675 0.00532742
v -0.0328152 -0.0185401 0.00510819
v -0.0330666 -0.0180913 0.00646412
v -0.0328328 -0.0185092 0.00497806
v -0.0330666 -0.0180913 0.00687588
v -0.0336187 -0.0170512 0.00646412
v -0.0336306 -0.017028 0.00646902
v -0.0336377 -0.0170141 0.00647831
v -0.0336507 -0.0169884 0.00651104
v -0.0336596 -0.0169719 0.00677753
v -0.0336187 -0.0170512 0.00687588
v -0.0336317 -0.0170259 0.00686882
v -0.0330623 -0.018099 0.00836536
v -0.0330632 -0.0180975 0.00836117
v -0.0330666 -0.0180913 0.00833314
v -0.0330647 -0.0180948 0.008354
v -0.0330569 -0.0181089 0.00837985
v -0.0330209 -0.0181744 0.00841144
v -0.0328349 -0.0185061 0.00839401
v -0.0328164 -0.018538 0.00834959
v -0.0328192 -0.0185331 0.00503838
v -0.035347 -0.0131296 0.00836795
v -0.0353549 -0.0131086 0.00839162
v -0.0354029 -0.0129786 0.00842015
v -0.035235 -0.0134255 0.00749353
v -0.0346857 -0.0147777 0.00749353
v -0.0345712 -0.0150418 0.00832591
v -0.0345454 -0.0151006 0.00840012
v -0.0345591 -0.0150695 0.00837619
v -0.0345643 -0.0150575 0.0083621
v -0.0343768 -0.0154781 0.00832503
v -0.0343804 -0.0154699 0.00837226
v -0.0343841 -0.0154618 0.008384
v -0.0343955 -0.0154368 0.00840344
v -0.0343854 -0.0154589 0.00838765
v -0.0344891 -0.0152284 0.00842142
v -0.0348555 -0.0143756 0.00501329
v -0.0349296 -0.0141958 0.00492213
v -0.0348814 -0.014313 0.00494059
v -0.034864 -0.014355 0.00497382
v -0.0350816 -0.0138186 0.00497739
v -0.0350535 -0.0138897 0.00493117
v -0.0355053 -0.0126984 0.00824066
v -0.035511 -0.0126826 0.00837462
v -0.0355201 -0.0126867 0.00829671
v -0.0354964 -0.0127232 0.0084083
v -0.0361915 -0.010601 0.00836059
v -0.0361986 -0.0105769 0.00839305
v -0.0362464 -0.0104135 0.00842626
v -0.0361909 -0.0106032 0.00803075
v -0.0359734 -0.0113144 0.0084649
v -0.0360621 -0.0110304 0.00837961
v -0.036196 -0.0106048 0.0080322
v -0.0359389 -0.011423 0.00847147
v -0.035699 -0.0121469 0.00810887
v -0.0358002 -0.0118475 0.00837341
v -0.0358591 -0.0116692 0.00844346
v -0.0359569 -0.0113663 0.005795
v -0.0358818 -0.0115998 0.00581963
v -0.0358191 -0.0117908 0.00588781
v -0.0357622 -0.011961 0.00600192
v -0.0356897 -0.0121726 0.00625878
v -0.035635 -0.0123326 0.00673842
v -0.0356319 -0.0123411 0.00684125
v -0.0361391 -0.0107771 0.00604111
v -0.0360926 -0.0109306 0.00592924
v -0.0360875 -0.0109849 0.00589256
v -0.0360228 -0.0111573 0.00582155
v -0.0361758 -0.0106541 0.00616334
v -0.0361758 -0.0106541 0.0047495
v -0.0361853 -0.010622 0.00469076
v -0.0361794 -0.0106421 0.0047084
v -0.0363035 -0.0102136 0.0047248
v -0.0362902 -0.0102605 0.00468408
v -0.0362456 -0.0104159 0.00465447
v -0.0363047 -0.0102094 0.00833636
v -0.0362974 -0.0102352 0.00839327
v -0.036304 -0.0102119 0.00835459
v -0.0368588 -0.00799735 0.00837102
v -0.0368594 -0.00799458 0.00837506
v -0.0368604 -0.00799025 0.00838125
v -0.0368638 -0.00797471 0.00839434
v -0.0368746 -0.00792468 0.00841145
v -0.0368998 -0.00780757 0.00842
v -0.0367389 -0.00853107 0.00844597
v -0.0368126 -0.00820524 0.00826435
v -0.0364845 -0.00955148 0.00786078
v -0.0364961 -0.00950866 0.00803998
v -0.0365306 -0.00941577 0.00820391
v -0.0365497 -0.00930098 0.00831132
v -0.0366213 -0.00901735 0.0084487
v -0.0364808 -0.00956522 0.0077666
v -0.0367942 -0.0083531 0.00692552
v -0.036671 -0.00881517 0.00696832
v -0.0365339 -0.00936295 0.00721004
v -0.0364993 -0.00949525 0.00740004
v -0.0364862 -0.00954511 0.00754548
v -0.0367868 -0.00832592 0.00619736
v -0.036815 -0.00819525 0.00629411
v -0.0368291 -0.00813175 0.0063798
v -0.0368417 -0.00807532 0.00657089
v -0.0368461 -0.00805653 0.00692641
v -0.0365446 -0.00933672 0.00640138
v -0.0366293 -0.00899045 0.00621901
v -0.0367214 -0.00860334 0.00615602
v -0.0365199 -0.00943265 0.00638531
v -0.0365186 -0.00942113 0.00639637
v -0.0365264 -0.00939123 0.00641348
v -0.0365096 -0.00945566 0.00633264
v -0.0366159 -0.00903836 0.00586522
v -0.0365933 -0.00912781 0.00589894
v -0.0365768 -0.0092529 0.00594155
v -0.036533 -0.00936561 0.00600206
v -0.0365199 -0.00941609 0.00604465
v -0.0365121 -0.00944636 0.00609068
v -0.0365079 -0.00946265 0.0061429
v -0.0369405 -0.00761383 0.00660432
v -0.0369343 -0.00764364 0.0063845
v -0.0368959 -0.00782743 0.00602258
v -0.0368586 -0.00799785 0.0059092
v -0.0368395 -0.0080855 0.00586644
v -0.0367938 -0.00828935 0.00581416
v -0.0367307 -0.00857589 0.00579489
v -0.0369409 -0.00761171 0.00833958
v -0.0369192 -0.00771587 0.00841555
v -0.036935 -0.00764033 0.0083949
v -0.03694 -0.00761634 0.00836661
v -0.0371805 -0.0063482 0.00810072
v -0.0372047 -0.00620562 0.00823257
v -0.0372401 -0.00599106 0.00838312
v -0.0372663 -0.00582705 0.00844665
v -0.0372743 -0.00577529 0.00845284
v -0.0373364 -0.00536253 0.00845266
v -0.0371805 -0.0063482 0.00931189
v -0.0371787 -0.00635836 0.0093478
v -0.0371796 -0.0063534 0.00933858
v -0.0371763 -0.00637244 0.0093641
v -0.037103 -0.0067838 0.00936384
v -0.0371495 -0.00652762 0.00941643
v -0.0370997 -0.00680139 0.00933407
v -0.0370992 -0.006804 0.00593011
v -0.0371099 -0.00674561 0.00585721
v -0.0371005 -0.00679726 0.00589245
v -0.0371033 -0.00678187 0.00587637
v -0.0371704 -0.00640661 0.00590333
v -0.0371692 -0.00641329 0.00589042
v -0.0371666 -0.00642845 0.00587415
v -0.0371617 -0.00645638 0.00586223
v -0.0372764 -0.00576443 0.00581943
v -0.0372417 -0.00597734 0.00590174
v -0.0373095 -0.00554507 0.005795
v -0.0374447 -0.00456954 0.00696426
v -0.0374225 -0.00472294 0.00629263
v -0.0373914 -0.00496627 0.00598591
v -0.037372 -0.00511058 0.00588983
v -0.0373468 -0.0052898 0.00582356
v -0.037398 -0.0049149 0.00819639
v -0.0374268 -0.0046941 0.00784436
v -0.0374381 -0.00460421 0.00753254
v -0.0377199 0.000393051 0.00832349
v -0.037702 0.00122535 0.00603619
v -0.0377219 9.16234e-05 0.00791736
v -0.0377073 -0.00104951 0.00603622
v -0.0377064 -0.00107852 0.00591309
v -0.0377073 -0.00104984 0.00586997
v -0.0377119 -0.000876845 0.00583918
v -0.0377164 -0.000649103 0.00586795
v -0.0377172 -0.000597197 0.00593172
v -0.0377169 -0.000617297 0.0058951
v -0.0377268 -0.000126835 0.00840119
v -0.0377215 -0.000197033 0.00836492
v -0.037722 0.000122115 0.00840739
v -0.0377136 0.000791683 0.00593172
v -0.0377201 0.00037483 0.00836089
v -0.0377134 0.000803307 0.00590098
v -0.0377129 0.000827988 0.00587775
v -0.037702 0.00122311 0.00587234
v -0.0377122 0.000856921 0.00586231
v -0.0377112 0.000897277 0.00585517
v -0.0377031 0.00118966 0.00585737
v -0.0377045 0.00114649 0.0058487
v -0.0377103 0.000937648 0.00584923
v -0.0377024 0.00121092 0.00586478
v -0.0377017 0.00123327 0.00588067
v -0.0377012 0.00124911 0.00591393
v -0.0377206 0.000324405 0.00840058
v -0.0376657 -0.00205434 0.00835592
v -0.0376664 -0.00204012 0.00838174
v -0.0376679 -0.00201308 0.00839722
v -0.0376686 -0.00200044 0.00840077
v -0.0376757 -0.00187168 0.0084257
v -0.037687 -0.00162035 0.00838688
v -0.0376658 -0.00205202 0.0059038
v -0.0376666 -0.00203728 0.0058828
v -0.0376703 -0.00196837 0.00585137
v -0.0376876 -0.0016056 0.00589506
v -0.0376866 -0.00162754 0.0058743
v -0.0376879 -0.00159759 0.00835497
v -0.0376879 -0.00159766 0.0059129
v -0.0376881 -0.00159426 0.00833716
v -0.0376881 -0.00159426 0.00592931
v -0.0376878 -0.00160077 0.00590293
v -0.0376877 -0.00160336 0.00837101
v -0.0376655 -0.00205669 0.00592931
v -0.0376864 -0.00163364 0.00839446
v -0.0376868 -0.00162312 0.00838914
v -0.0376856 -0.00165176 0.00840233
v -0.0376629 -0.00210397 0.00521353
v -0.0376638 -0.00208727 0.0052698
v -0.0376647 -0.00207161 0.00530052
v -0.0376664 -0.00204121 0.00533927
v -0.0376803 -0.00177681 0.00539117
v -0.0376662 -0.00204376 0.00491864
v -0.0376645 -0.00207557 0.00496062
v -0.0376642 -0.00207917 0.00496671
v -0.0376632 -0.00209844 0.00502263
v -0.0376628 -0.00210493 0.00507489
v -0.0376895 -0.00155684 0.00499952
v -0.0376901 -0.00154569 0.00508232
v -0.0376887 -0.00158013 0.00495012
v -0.0376874 -0.00161071 0.00491156
v -0.0376756 -0.00187585 0.00486088
v -0.0376871 -0.00161767 0.00533971
v -0.0376881 -0.00159265 0.00531665
v -0.0376889 -0.00157537 0.00529115
v -0.0376894 -0.00156259 0.00526017
v -0.0376889 -0.00157366 0.00528862
v -0.0376896 -0.00155696 0.0052457
v -0.0376902 -0.00154318 0.00516467
v -0.037539 -0.00369936 0.00816896
v -0.037546 -0.00362655 0.00827369
v -0.0375578 -0.00350617 0.00837571
v -0.0375791 -0.00327039 0.00845621
v -0.0376029 -0.00306891 0.00847302
v -0.0375309 -0.00378134 0.00793792
v -0.0375288 -0.00380025 0.00620677
v -0.0375729 -0.00333937 0.00759245
v -0.0375747 -0.00331943 0.00782009
v -0.0375779 -0.00328323 0.00794226
v -0.0375812 -0.00324712 0.00800496
v -0.037585 -0.00320199 0.00805194
v -0.0375955 -0.00307859 0.0081114
v -0.0376249 -0.00269488 0.00840308
v -0.037624 -0.00270881 0.00804
v -0.0376227 -0.00272667 0.00804523
v -0.0376245 -0.0027014 0.00803783
v -0.0376258 -0.00268379 0.00803556
v -0.0376272 -0.00266393 0.00803944
v -0.0376269 -0.00266856 0.00803776
v -0.0376274 -0.00266102 0.0080405
v -0.0376133 -0.0028527 0.00809049
v -0.0376279 -0.00265372 0.00804559
v -0.0376301 -0.00262472 0.0081036
v -0.0376294 -0.00263552 0.00833204
v -0.0375288 -0.00380025 0.00584647
v -0.0375 -0.00414658 0.00620339
v -0.0374895 -0.00416823 0.00618904
v -0.0374883 -0.00417879 0.00587492
v -0.0374873 -0.00418767 0.00615984
v -0.0374888 -0.00417438 0.00618281
v -0.0374859 -0.00420075 0.00612721
v -0.0374849 -0.00420944 0.00602823
v -0.0374864 -0.00419644 0.00591707
v -0.037487 -0.00419061 0.005897
v -0.0374887 -0.00417553 0.00586967
v -0.0374909 -0.00415517 0.00585214
v -0.0375729 -0.00333937 0.00620677
v -0.0375729 -0.00333937 0.00584647
v -0.0375288 -0.00380025 0.00526421
v -0.0375296 -0.0037927 0.00523002
v -0.0375313 -0.00377553 0.00521275
v -0.0375672 -0.00340237 0.0051954
v -0.0375316 -0.00377316 0.00521071
v -0.0375449 -0.00363947 0.00516788
v -0.0375695 -0.00337709 0.00520509
v -0.0375722 -0.00334705 0.00523308
v -0.0375729 -0.00333937 0.00526421
v -0.0376238 -0.00271126 0.00620677
v -0.0376238 -0.00271126 0.00584647
v -0.037626 -0.00268042 0.00585159
v -0.0376279 -0.00265393 0.00617723
v -0.0376283 -0.00264898 0.00588097
v -0.0376273 -0.00266259 0.0058629
v -0.0376292 -0.00263529 0.0061378
v -0.037629 -0.00263914 0.00590103
v -0.0376287 -0.00264247 0.00589133
v -0.0376297 -0.00262891 0.00610481
v -0.0376296 -0.00263076 0.0059254
v -0.0376302 -0.00262129 0.00602444
v -0.0376296 -0.00263081 0.00612434
v -0.0376288 -0.00264158 0.00615661
v -0.0376266 -0.00267239 0.00619675
v -0.0376293 -0.00263455 0.00591735
v -0.0331408 0.017956 0.00723618
v -0.0323341 0.0193613 0.00723203
v -0.0329754 0.0182558 0.0080134
v -0.0330355 0.0181477 0.00792239
v -0.0331141 0.0180063 0.00770422
v -0.0327577 0.0186401 0.00813071
v -0.0324063 0.0192407 0.00793483
v -0.0323224 0.0193803 0.00800162
v -0.0323303 0.0193672 0.00793884
v -0.0323345 0.0193603 0.00792465
v -0.0323526 0.0193303 0.00790242
v -0.0323269 0.0193729 0.007954
v -0.0326705 0.0187946 0.00845635
v -0.0323567 0.0193239 0.0082728
v -0.0323345 0.0193603 0.00822493
v -0.0323285 0.0193703 0.00820188
v -0.0323269 0.0193729 0.00818808
v -0.032323 0.0193793 0.0081547
v -0.0323216 0.0193818 0.00812671
v -0.0333854 0.0175035 0.00723299
v -0.033314 0.0176352 0.00789852
v -0.0333633 0.0175422 0.00759322
v -0.0332574 0.0177409 0.0080879
v -0.0331792 0.0178858 0.00824531
v -0.0330827 0.018063 0.00836029
v -0.0329532 0.0182957 0.00844312
v -0.0328046 0.0185591 0.00847156
v -0.0328949 0.0183993 0.00580113
v -0.0331212 0.017992 0.00595046
v -0.0332828 0.0176943 0.00628626
v -0.0333673 0.0175348 0.00675344
v -0.0322816 0.0194481 0.00666201
v -0.0323439 0.0193436 0.00627373
v -0.0324533 0.019162 0.00603075
v -0.0326125 0.0188915 0.00584423
v -0.0322883 0.0194369 0.00718383
v -0.0322656 0.0194736 0.0070587
v -0.0344014 0.0154236 0.00810072
v -0.0343416 0.0155554 0.00823257
v -0.0342507 0.0157529 0.00838312
v -0.0341806 0.0159035 0.00844665
v -0.0341583 0.0159508 0.00845284
v -0.0340313 0.0162184 0.00846484
v -0.0344172 0.0153885 0.00937385
v -0.0344171 0.015413 0.00935545
v -0.0344056 0.0154143 0.0093478
v -0.0344028 0.0154204 0.0093345
v -0.0345867 0.0150064 0.00934643
v -0.0345747 0.0150338 0.00937221
v -0.0345196 0.0151601 0.00940423
v -0.0345893 0.0150005 0.00931189
v -0.0345893 0.0150005 0.00593011
v -0.0345114 0.0151785 0.00584016
v -0.0345713 0.0150417 0.00586331
v -0.0345865 0.0150068 0.00589245
v -0.0345803 0.0150211 0.00587637
v -0.0344255 0.0153701 0.0059047
v -0.0344285 0.0153634 0.00589042
v -0.0344348 0.0153494 0.00587415
v -0.0344464 0.0153235 0.00586223
v -0.0344245 0.0153723 0.00624456
v -0.0341059 0.016062 0.00580163
v -0.0342255 0.0158045 0.00587786
v -0.0337285 0.0168327 0.00613579
v -0.0338546 0.0165813 0.00590878
v -0.0338671 0.0165563 0.00588983
v -0.0339757 0.0163325 0.00580868
v -0.0338202 0.0166525 0.00829072
v -0.0336383 0.0170129 0.00753254
v -0.0355023 0.0127067 0.00810072
v -0.0354531 0.0128427 0.00823257
v -0.0353779 0.0130468 0.00838312
v -0.0353194 0.0132032 0.00844699
v -0.0351955 0.013528 0.00846484
v -0.035507 0.0126938 0.00935322
v -0.0355298 0.0126299 0.00939166
v -0.035655 0.0122745 0.00934018
v -0.0356533 0.0122797 0.0093502
v -0.0356451 0.0123033 0.00937397
v -0.0356566 0.0122702 0.00931189
v -0.0356566 0.0122702 0.00593011
v -0.0356419 0.0123127 0.00586331
v -0.0356543 0.0122767 0.00589245
v -0.0356492 0.0122915 0.00587637
v -0.0355222 0.0126514 0.00590469
v -0.0355247 0.0126446 0.00589042
v -0.0355298 0.0126301 0.00587415
v -0.0355394 0.0126034 0.00586223
v -0.0355928 0.0124537 0.00584016
v -0.0352944 0.0132699 0.00581543
v -0.035368 0.0130732 0.00590139
v -0.0355234 0.0126546 0.00624661
v -0.0352182 0.0134689 0.005795
v -0.034855 0.0143767 0.00681318
v -0.0349416 0.014164 0.00613578
v -0.0350576 0.0138789 0.00589121
v -0.0351248 0.013709 0.00582351
v -0.0350728 0.0138407 0.00836668
v -0.0349795 0.0140725 0.00818139
v -0.0349153 0.0142306 0.0079176
v -0.0349004 0.0142668 0.00784648
v -0.0348657 0.0143509 0.007532
v -0.0348623 0.0143591 0.00742785
v -0.0360561 0.0110498 0.00835359
v -0.0360537 0.0110578 0.00837386
v -0.0360483 0.0110752 0.00839083
v -0.03604 0.0111018 0.00840077
v -0.0360021 0.0112251 0.0084257
v -0.0359255 0.0114647 0.00838688
v -0.0360553 0.0110525 0.00590381
v -0.0360509 0.0110666 0.00588279
v -0.0360305 0.0111325 0.00585137
v -0.035921 0.0114788 0.00589506
v -0.0359277 0.0114579 0.00587429
v -0.0359185 0.0114864 0.00835497
v -0.0359185 0.0114863 0.0059129
v -0.0359175 0.0114896 0.00833716
v -0.0359175 0.0114896 0.00592931
v -0.0359195 0.0114834 0.00590293
v -0.0359193 0.0114841 0.00836336
v -0.0359227 0.0114734 0.0083794
v -0.0360567 0.011048 0.00592931
v -0.0359295 0.011452 0.00839446
v -0.0359263 0.0114621 0.00838914
v -0.0359351 0.0114348 0.00840233
v -0.0360706 0.0110027 0.00521353
v -0.0360657 0.0110187 0.0052698
v -0.0360611 0.0110337 0.00530052
v -0.0360522 0.0110629 0.00533928
v -0.0359736 0.0113156 0.00539117
v -0.0360498 0.0110704 0.00491209
v -0.0360572 0.0110465 0.00493511
v -0.0360623 0.0110299 0.00496062
v -0.036066 0.0110177 0.00499159
v -0.0360628 0.0110283 0.00496315
v -0.036069 0.011008 0.00502263
v -0.0360709 0.0110018 0.00507489
v -0.0359059 0.0115252 0.00499952
v -0.0359026 0.0115358 0.00508232
v -0.0359131 0.011503 0.00495012
v -0.0359225 0.0114739 0.00491156
v -0.0360034 0.011221 0.00486088
v -0.0359215 0.0114772 0.00533316
v -0.0359117 0.0115076 0.00529115
v -0.0359105 0.011511 0.00528497
v -0.035906 0.0115251 0.0052457
v -0.0359018 0.0115382 0.00516468
v -0.0362202 0.0105033 0.00627697
v -0.0363098 0.0101904 0.00619984
v -0.0365806 0.00917926 0.00588599
v -0.0365666 0.00923405 0.00585427
v -0.0365007 0.00948968 0.00585371
v -0.0364871 0.00954175 0.00587312
v -0.036584 0.00916585 0.00592931
v -0.0364808 0.00956571 0.00590039
v -0.036584 0.00916585 0.00833716
v -0.0364774 0.00957863 0.006265
v -0.0362176 0.0105123 0.00585716
v -0.0362074 0.0105473 0.00590084
v -0.0362077 0.0105464 0.0062273
v -0.0362616 0.01036 0.00581387
v -0.0362138 0.0105253 0.00626229
v -0.0363243 0.0101415 0.00579938
v -0.0363732 0.00997473 0.00585003
v -0.0364081 0.00983645 0.00595221
v -0.0363752 0.00995754 0.00629102
v -0.036468 0.00961407 0.00675364
v -0.0364738 0.00959187 0.00838463
v -0.0364689 0.00961032 0.0083611
v -0.0364719 0.00959904 0.00837838
v -0.0365701 0.00922047 0.00840077
v -0.0365163 0.00943204 0.00843092
v -0.0365777 0.00919065 0.00838923
v -0.0365828 0.00917037 0.00836386
v -0.0364749 0.00958807 0.00838784
v -0.0362479 0.0104084 0.00582014
v -0.036583 0.00916973 0.00590437
v -0.0369429 0.00761022 0.00529525
v -0.0367966 0.00827628 0.00558966
v -0.0367886 0.0083124 0.00558301
v -0.0367806 0.00834826 0.00525748
v -0.0367765 0.00836602 0.00535936
v -0.0367776 0.00836046 0.00531567
v -0.0367846 0.00832993 0.0055697
v -0.0367795 0.00835218 0.005529
v -0.0367863 0.00832274 0.00521516
v -0.0367912 0.00830081 0.00558673
v -0.0367905 0.00830389 0.00519004
v -0.0368307 0.00812511 0.00506541
v -0.03682 0.0081727 0.00509549
v -0.036802 0.00825317 0.005147
v -0.036862 0.00798099 0.00501044
v -0.0369031 0.00779182 0.00493828
v -0.037015 0.00724765 0.00486681
v -0.0370674 0.00697434 0.00531883
v -0.0371235 0.00667384 0.00495981
v -0.0371326 0.00662682 0.00548076
v -0.0371993 0.00623535 0.00520781
v -0.0371509 0.00651812 0.00556814
v -0.0372597 0.00588265 0.00558944
v -0.037181 0.00634523 0.00576769
v -0.0372281 0.00613058 0.00630114
v -0.0373053 0.00562433 0.00635875
v -0.0373048 0.00558802 0.00675981
v -0.0372343 0.00609313 0.006634
v -0.0372112 0.0062285 0.00737651
v -0.0372169 0.00613181 0.00707504
v -0.0372902 0.00567344 0.00735826
v -0.0372317 0.0060379 0.00799435
v -0.037176 0.00637638 0.00763882
v -0.0372639 0.00584138 0.00771136
v -0.0371356 0.00662847 0.0083821
v -0.0370093 0.00727402 0.00847138
v -0.037035 0.00714363 0.00805717
v -0.0369778 0.00747004 0.00846167
v -0.0367986 0.00826732 0.00823608
v -0.0368878 0.00786338 0.00790208
v -0.0369321 0.00765144 0.00800476
v -0.0368878 0.00786338 0.00687588
v -0.0367765 0.00836561 0.00670378
v -0.0367801 0.00834993 0.00659841
v -0.0367765 0.00836561 0.00803236
v -0.0367801 0.00834966 0.00814273
v -0.0367982 0.00826985 0.00652544
v -0.0368122 0.00820804 0.00651559
v -0.0370358 0.00713886 0.00687588
v -0.0370399 0.00711773 0.00687283
v -0.0370417 0.00710858 0.00686911
v -0.0370437 0.0070984 0.00686182
v -0.0370436 0.00709867 0.00686212
v -0.0370425 0.00710467 0.00652677
v -0.0370457 0.00708787 0.0068501
v -0.03705 0.00706549 0.00660967
v -0.0370481 0.00707541 0.00682804
v -0.0370517 0.00705678 0.00669734
v -0.0370505 0.00706277 0.00678119
v -0.0370474 0.00707921 0.00655312
v -0.0370452 0.00709026 0.00685275
v -0.0370409 0.00711298 0.00652214
v -0.0370422 0.00710585 0.00652576
v -0.0370385 0.00712557 0.0065174
v -0.0376627 0.00210806 0.00723618
v -0.0375367 0.0037236 0.00723203
v -0.0376419 0.00244989 0.0080134
v -0.0376529 0.00227187 0.00786648
v -0.0376619 0.00213916 0.0075785
v -0.03761 0.0028904 0.00813071
v -0.0375502 0.00358373 0.00793482
v -0.0375344 0.00374574 0.00800162
v -0.0375359 0.00373058 0.00793884
v -0.0375367 0.00372251 0.00792465
v -0.0375402 0.00368762 0.00790242
v -0.0375352 0.00373711 0.007954
v -0.0375975 0.00306724 0.00845636
v -0.037541 0.00368015 0.0082728
v -0.0375367 0.00372245 0.00822493
v -0.0375355 0.00373407 0.00820188
v -0.0375352 0.00373715 0.00818808
v -0.0375345 0.00374458 0.0081547
v -0.0375342 0.00374744 0.00812671
v -0.0376868 0.00158628 0.00706727
v -0.0376863 0.0016746 0.00773789
v -0.03768 0.00177277 0.00794429
v -0.0376757 0.00186376 0.0080879
v -0.037667 0.00202911 0.00824623
v -0.0376537 0.00230833 0.008399
v -0.0376448 0.00241666 0.0058352
v -0.0376651 0.00206562 0.00601424
v -0.0376789 0.00180934 0.00628757
v -0.0375252 0.00384004 0.00673359
v -0.037538 0.00370337 0.00627373
v -0.0375706 0.00336459 0.00593558
v -0.0376041 0.00297313 0.00580553
v -0.0375277 0.00381148 0.00718383
v -0.0375239 0.00384882 0.00708865
v -0.0364091 0.00983341 0.017437
v -0.0363674 0.00998726 0.0174187
v -0.0363208 0.0101524 0.0173385
v -0.0362953 0.0102425 0.017257
v -0.0362863 0.0102773 0.0172134
v -0.0362619 0.0103594 0.0170316
v -0.0362571 0.0103754 0.0168226
v -0.0365233 0.00940311 0.0170894
v -0.0365165 0.00942935 0.0171777
v -0.0365017 0.0094858 0.0172716
v -0.0364759 0.00958388 0.0173651
v -0.0364407 0.0097163 0.0174235
v -0.0364071 0.00983985 0.0164416
v -0.0364843 0.00955315 0.0165959
v -0.036521 0.00941329 0.0168035
v -0.0363691 0.00997924 0.0164381
v -0.036326 0.0101338 0.0164793
v -0.0363395 0.0100857 0.0164598
v -0.0363024 0.0102176 0.0165326
v -0.0362794 0.0102984 0.0166215
v -0.0362706 0.0103291 0.0166759
v -0.0366457 0.00891763 0.0165674
v -0.036622 0.00901351 0.0166067
v -0.0366078 0.00907075 0.0166502
v -0.0365927 0.00913103 0.0167246
v -0.0365993 0.00910422 0.0165168
v -0.0366391 0.00894438 0.0164511
v -0.036679 0.00878022 0.0164328
v -0.0366767 0.00882113 0.0165542
v -0.0367479 0.00848945 0.0165315
v -0.0367219 0.00863424 0.0165829
v -0.0367746 0.00837377 0.0166331
v -0.0367569 0.00847698 0.0166806
v -0.0367906 0.00830369 0.0167326
v -0.0367878 0.00831584 0.0167153
v -0.0368004 0.00826055 0.01684
v -0.036777 0.00836335 0.0168845
v -0.0368184 0.00824679 0.0170484
v -0.0367976 0.00827325 0.017172
v -0.0367606 0.00843462 0.017205
v -0.036774 0.00837696 0.0171089
v -0.0367758 0.00836909 0.0173205
v -0.036759 0.00844167 0.0172134
v -0.0367486 0.00851445 0.0172724
v -0.0367352 0.00854375 0.0174147
v -0.0367103 0.0086499 0.0173165
v -0.0366648 0.00883926 0.017301
v -0.0366418 0.00893334 0.0174013
v -0.0366191 0.00902506 0.0173573
v -0.0366334 0.00898815 0.0172371
v -0.036592 0.00912152 0.0172091
v -0.0368818 0.00789176 0.0174294
v -0.0368774 0.00791199 0.0174188
v -0.0368731 0.00793197 0.0174007
v -0.0368695 0.00794823 0.0173794
v -0.0368677 0.00795658 0.0173529
v -0.0368674 0.0079584 0.0173017
v -0.0368865 0.00786944 0.0174353
v -0.0369127 0.00774666 0.0173517
v -0.0369094 0.00776223 0.017387
v -0.0369039 0.00778841 0.017416
v -0.0368951 0.00782962 0.0174355
v -0.0368955 0.00782793 0.0172184
v -0.0369028 0.0077931 0.0172346
v -0.0369101 0.00775871 0.0172698
v -0.0369123 0.00774848 0.0173006
v -0.0368707 0.00794284 0.0172664
v -0.0368794 0.00790281 0.0172266
v -0.0369941 0.00735096 0.0172634
v -0.0370082 0.00727979 0.0177762
v -0.0370651 0.00698703 0.0174375
v -0.0370613 0.00700651 0.0174352
v -0.0370402 0.0071162 0.0174139
v -0.0370299 0.00716898 0.0173892
v -0.0370169 0.00723584 0.0173578
v -0.037013 0.00725532 0.0173418
v -0.0371399 0.00658118 0.017082
v -0.0371349 0.00660281 0.0171226
v -0.0371369 0.00659701 0.0172671
v -0.0371033 0.00678155 0.0174101
v -0.0370779 0.0069049 0.0165139
v -0.0371276 0.00664882 0.0166312
v -0.0371347 0.0066092 0.0166834
v -0.0371455 0.0065484 0.0167952
v -0.0371494 0.00652658 0.0168864
v -0.0369812 0.00741502 0.0166053
v -0.0370013 0.00731416 0.0165015
v -0.037045 0.00709046 0.0164309
v -0.0369474 0.00758044 0.0164533
v -0.0369848 0.0073969 0.0177762
v -0.0371775 0.00636542 0.0164533
v -0.0372006 0.00623014 0.01742
v -0.0372202 0.00611231 0.01742
v -0.0371976 0.00624767 0.0164533
v -0.0371749 0.00638026 0.0162443
v -0.0371685 0.00641749 0.0162205
v -0.0371644 0.00644126 0.0161835
v -0.0371634 0.00644646 0.0161429
v -0.0371976 0.0062476 0.0161645
v -0.0371967 0.00625304 0.0161857
v -0.0371951 0.00626266 0.0162046
v -0.0371922 0.00627977 0.016224
v -0.0371898 0.00629349 0.0162355
v -0.0371825 0.00633642 0.0162499
v -0.0371905 0.00628973 0.0160639
v -0.0371936 0.00627137 0.0160804
v -0.037196 0.00625719 0.0161008
v -0.0371979 0.00624619 0.0161367
v -0.037165 0.00643745 0.0161037
v -0.0371708 0.00640435 0.0160635
v -0.0371819 0.00633984 0.0160441
v -0.0372559 0.00589182 0.0160632
v -0.0372729 0.00578499 0.0164829
v -0.0372608 0.00586134 0.016572
v -0.0372972 0.00562679 0.01742
v -0.0372791 0.00574486 0.01742
v -0.0372265 0.00607417 0.0164928
v -0.0373066 0.00556483 0.0165324
v -0.0373953 0.00494166 0.0174187
v -0.0373718 0.00511167 0.0173385
v -0.0373557 0.00523193 0.0172268
v -0.0373418 0.00532474 0.0170316
v -0.0373391 0.00534286 0.0168474
v -0.0374708 0.00433253 0.0170023
v -0.0374697 0.00434248 0.0170924
v -0.0374665 0.00436857 0.0171777
v -0.0374597 0.00442652 0.0172716
v -0.0374457 0.00454247 0.0173766
v -0.0374234 0.00472403 0.0174363
v -0.0374425 0.00456905 0.0165372
v -0.0374674 0.0043611 0.0168044
v -0.0374098 0.00482552 0.0164331
v -0.0373812 0.00504294 0.0164598
v -0.0373625 0.0051788 0.0165327
v -0.0373744 0.00509244 0.0164793
v -0.0373523 0.00525114 0.0166044
v -0.0373448 0.00530407 0.0166974
v -0.0377095 0.000969243 0.0174351
v -0.0377085 0.00100482 0.0174188
v -0.0377076 0.00103997 0.0173836
v -0.0377073 0.00105042 0.0173529
v -0.0377073 0.00105228 0.0173018
v -0.0377127 0.0008358 0.0173517
v -0.0377123 0.000851709 0.017387
v -0.0377114 0.00089267 0.0174269
v -0.0377111 0.000903948 0.0172241
v -0.0377116 0.000883267 0.0172346
v -0.0377121 0.000862834 0.0172527
v -0.0377124 0.000846209 0.0172741
v -0.0377126 0.000837657 0.0173006
v -0.0377105 0.000926779 0.0172181
v -0.0377077 0.00103637 0.0172664
v -0.0377084 0.00100963 0.0172375
v -0.0377095 0.000967485 0.0172179
v -0.0376902 0.00152643 0.0166751
v -0.0376907 0.00153092 0.0164533
v -0.0376954 0.00141158 0.0164533
v -0.0377003 0.00127443 0.01742
v -0.0376764 0.00185468 0.0164397
v -0.0376775 0.0018255 0.0165722
v -0.0376847 0.00167181 0.016455
v -0.0376836 0.00169786 0.0165582
v -0.0376881 0.00159344 0.016496
v -0.0376882 0.00159183 0.0166234
v -0.0376915 0.0015108 0.0167478
v -0.0376972 0.00138694 0.0174172
v -0.0376302 0.00262239 0.0173696
v -0.0376188 0.00278856 0.0172268
v -0.037611 0.002882 0.0170316
v -0.0376096 0.00289863 0.0168226
v -0.0376742 0.00189265 0.0170894
v -0.0376728 0.00191973 0.0171777
v -0.0376657 0.00205377 0.0173496
v -0.0376495 0.00231888 0.0174469
v -0.0376619 0.00212135 0.0165372
v -0.0376727 0.00193207 0.0167419
v -0.0376462 0.00237943 0.0164331
v -0.0376278 0.00265565 0.0164781
v -0.0375748 0.00331855 0.0166011
v -0.0375681 0.00339347 0.0160632
v -0.0375386 0.00370329 0.0164363
v -0.0375511 0.00357677 0.0164512
v -0.0375585 0.00349642 0.016482
v -0.0375644 0.00343314 0.0165102
v -0.0375665 0.00341005 0.0165285
v -0.0374907 0.00415763 0.0167953
v -0.0374952 0.00411706 0.0166682
v -0.0375008 0.00406565 0.0165956
v -0.0375061 0.00401719 0.0165447
v -0.0375209 0.00387598 0.0164592
v -0.0375297 0.00377002 0.0173589
v -0.0375171 0.0039182 0.017345
v -0.0375026 0.00405557 0.0171005
v -0.037503 0.00407153 0.0170646
v -0.0374905 0.00415948 0.0169725
v -0.0375651 0.00342866 0.0174084
v -0.0375463 0.00362363 0.0174396
v -0.0375948 0.00308498 0.01742
v -0.0375787 0.00327452 0.0160632
v -0.0376896 -0.00155798 0.0174321
v -0.0376915 -0.00151263 0.0173961
v -0.0376922 -0.00149368 0.0173633
v -0.0376925 -0.001488 0.0173267
v -0.0376834 -0.00170046 0.0173678
v -0.0376838 -0.00169168 0.017385
v -0.0376855 -0.00165312 0.0174255
v -0.037685 -0.00166464 0.0172355
v -0.0376836 -0.00169695 0.0172783
v -0.037683 -0.00170918 0.0173216
v -0.0376924 -0.00148953 0.0173102
v -0.0376922 -0.00149515 0.0172872
v -0.0376919 -0.00150067 0.0172761
v -0.0376912 -0.0015197 0.0172482
v -0.0376887 -0.00157948 0.0172154
v -0.0377182 -0.000535764 0.0162375
v -0.0377187 -0.000499229 0.0161947
v -0.0377187 -0.000495376 0.016185
v -0.0377188 -0.000488133 0.0161584
v -0.0377156 -0.000691632 0.016148
v -0.0377157 -0.000687883 0.016177
v -0.0377159 -0.000674996 0.0162052
v -0.0377169 -0.000622051 0.0162482
v -0.0377172 -0.00060335 0.0160466
v -0.0377167 -0.0006292 0.0160535
v -0.0377164 -0.00064718 0.0160637
v -0.0377294 -0.000664342 0.0160778
v -0.0377158 -0.000680364 0.0161008
v -0.0377157 -0.000687616 0.0161193
v -0.0377188 -0.000489668 0.0161325
v -0.0377187 -0.000497502 0.0161037
v -0.0377185 -0.000508338 0.0160882
v -0.0377183 -0.000525323 0.0160694
v -0.0377179 -0.000554817 0.0160517
v -0.0377153 -0.000707805 0.01742
v -0.0377177 -0.000570587 0.0164533
v -0.0377129 -0.000827234 0.01742
v -0.0377157 -0.000690025 0.0164533
v -0.0377216 -0.000163793 0.0164533
v -0.0377221 7.36484e-05 0.0164525
v -0.03773 -1.39801e-05 0.0164883
v -0.0377219 -6.86007e-05 0.0165141
v -0.0377216 -0.000185776 0.016608
v -0.0377169 0.000599734 0.0167799
v -0.037717 0.000612626 0.0166622
v -0.0377176 0.000572227 0.0166037
v -0.0377184 0.000516313 0.0165437
v -0.0377195 0.000428307 0.016485
v -0.0377213 0.000260688 0.016436
v -0.0377216 0.000176851 0.0174315
v -0.0377208 0.000294935 0.0174036
v -0.0377198 0.000405609 0.0173476
v -0.0377299 0.00049849 0.0172728
v -0.0377275 0.000569242 0.0171909
v -0.0377207 0.000562673 0.0170832
v -0.0377164 0.000668283 0.0169254
v -0.0377218 -0.000113596 0.0173883
v -0.037722 2.45447e-06 0.017429
v -0.0377209 -0.00025351 0.0172764
v -0.0377204 -0.000351059 0.0177762
v -0.037719 -0.000470521 0.0177762
v -0.0377209 -0.00028322 0.0164533
v -0.0376136 -0.00284847 0.0148731
v -0.0376137 -0.00284715 0.0148791
v -0.0376141 -0.00284195 0.0148915
v -0.0376156 -0.00282397 0.014906
v -0.0376283 -0.00264876 0.014919
v -0.0376136 -0.00284867 0.0131369
v -0.0376292 -0.00263575 0.0129251
v -0.0376328 -0.00258358 0.0129527
v -0.0376348 -0.00255547 0.0148708
v -0.0376347 -0.00255733 0.0130143
v -0.0376346 -0.00255867 0.0148856
v -0.0376346 -0.00255737 0.0148823
v -0.0376343 -0.00256196 0.014892
v -0.0374597 -0.0044266 0.0131369
v -0.0375449 -0.00363938 0.0145229
v -0.0374823 -0.00423204 0.0129878
v -0.0375311 -0.00377832 0.0148786
v -0.0376133 -0.00285188 0.0131369
v -0.0376063 -0.00294299 0.0129291
v -0.0376263 -0.00267644 0.01292
v -0.0375456 -0.0036316 0.0145229
v -0.0375556 -0.00352787 0.0148927
v -0.037553 -0.00355516 0.0149115
v -0.037532 -0.00376938 0.014892
v -0.0375348 -0.00374155 0.014913
v -0.0375564 -0.00351912 0.0148786
v -0.0375957 -0.0030744 0.0130864
v -0.0376 -0.00302292 0.012989
v -0.0374595 -0.00442844 0.0131369
v -0.0374399 -0.00458979 0.0129163
v -0.0374663 -0.00437047 0.0129247
v -0.0374725 -0.00431875 0.0129339
v -0.0374325 -0.00464905 0.0129283
v -0.0374592 -0.00443087 0.0148845
v -0.0374584 -0.00443691 0.0148945
v -0.0374273 -0.00469061 0.014906
v -0.0374496 -0.00451037 0.0149234
v -0.0374265 -0.00469689 0.0129605
v -0.0374263 -0.00469853 0.014904
v -0.0374253 -0.00470681 0.0148995
v -0.0374259 -0.00470152 0.0149025
v -0.0374253 -0.00470666 0.0148996
v -0.0374262 -0.00469932 0.0149038
v -0.0374246 -0.004712 0.0129891
v -0.0374243 -0.00471449 0.0148913
v -0.0374236 -0.0047202 0.0130399
v -0.0374236 -0.0047202 0.0148708
v -0.0374241 -0.00471638 0.0130068
v -0.0374238 -0.00471874 0.0148813
v -0.0374242 -0.00471539 0.0129982
v -0.0374248 -0.00471082 0.0148958
v -0.0374253 -0.00470696 0.0129758
v -0.0374289 -0.00467848 0.012942
v -0.0374595 -0.00442844 0.0148708
v -0.0374251 -0.00470857 0.0129811
v -0.0374258 -0.00470267 0.0149017
v -0.0377019 -0.00122593 0.0148896
v -0.0377025 -0.00121047 0.0149068
v -0.0377054 -0.00111521 0.0149201
v -0.0376902 -0.00154434 0.0149348
v -0.0376922 -0.00149418 0.0149165
v -0.037703 -0.00123888 0.0147564
v -0.037672 -0.00214476 0.014555
v -0.0376614 -0.00213035 0.0146477
v -0.0376633 -0.00209844 0.0147307
v -0.037667 -0.00203169 0.0148215
v -0.0376714 -0.00194648 0.0148855
v -0.0376789 -0.00179694 0.0149376
v -0.0376806 -0.00188449 0.0141404
v -0.03767 -0.00202126 0.0142242
v -0.0376635 -0.0020927 0.0143201
v -0.0376629 -0.00210384 0.014337
v -0.0376609 -0.00213917 0.0144413
v -0.037695 -0.00143165 0.0136458
v -0.0376979 -0.00134438 0.0137007
v -0.037699 -0.00131197 0.0137406
v -0.0377 -0.00128505 0.0137987
v -0.0377013 -0.00124955 0.0141514
v -0.0376684 -0.0020046 0.0137641
v -0.0376722 -0.00193056 0.0137231
v -0.0376845 -0.0016818 0.0136277
v -0.0376669 -0.00203133 0.0137731
v -0.0376663 -0.002043 0.0137717
v -0.0376659 -0.00204953 0.01377
v -0.0376656 -0.00205615 0.0137662
v -0.037665 -0.00206541 0.0137586
v -0.0376647 -0.00207208 0.0137476
v -0.0376642 -0.0020808 0.013727
v -0.0376808 -0.00175865 0.0134412
v -0.0376682 -0.00200755 0.0135248
v -0.0376656 -0.00205587 0.0135608
v -0.0376655 -0.00205765 0.0135628
v -0.0376648 -0.00207017 0.0135791
v -0.0376645 -0.00207516 0.013589
v -0.037664 -0.00208391 0.013616
v -0.0376897 -0.00155479 0.01342
v -0.0377087 -0.000999348 0.0139411
v -0.0377076 -0.00103799 0.0136859
v -0.0377053 -0.00111805 0.0135584
v -0.0377024 -0.00121831 0.0134846
v -0.0376962 -0.00138936 0.0134317
v -0.0377086 -0.00100177 0.0138728
v -0.0377075 -0.00104107 0.0149143
v -0.0377083 -0.00101267 0.0149023
v -0.0377085 -0.00100418 0.0148931
v -0.0377087 -0.00100038 0.0148836
v -0.0377194 0.000443941 0.0148878
v -0.0377192 0.000456737 0.0149035
v -0.037719 0.000473337 0.0149102
v -0.0377181 0.000544687 0.0149216
v -0.0377194 0.00044185 0.0146976
v -0.037721 0.000263049 0.0148523
v -0.0377171 -0.000616618 0.0142535
v -0.0377178 -0.000557076 0.0145732
v -0.0377173 -0.000591891 0.0144642
v -0.0377185 -0.000514972 0.0146859
v -0.0377193 -0.000454558 0.0147691
v -0.0377205 -0.000332366 0.014874
v -0.0377198 -0.000401308 0.0148271
v -0.0377217 -0.000249942 0.014918
v -0.0377216 -0.000168399 0.0149365
v -0.0377203 -0.000329146 0.0135
v -0.0377182 -0.00054071 0.0137501
v -0.0377216 -0.000167929 0.0134371
v -0.0377242 0.000294524 0.0135257
v -0.0377216 0.000207771 0.0134737
v -0.0377218 4.67772e-05 0.0134217
v -0.0377197 0.000411537 0.0136305
v -0.0377197 0.000411537 0.0128226
v -0.0377193 0.000450592 0.0127797
v -0.0377196 0.000419762 0.0127978
v -0.0377196 0.000419624 0.012798
v -0.0377197 0.000414011 0.0128071
v -0.0377159 0.000676073 0.0128221
v -0.0377161 0.000667398 0.0127992
v -0.0377164 0.000648648 0.0127849
v -0.037716 0.000672461 0.0128063
v -0.0377159 0.000676073 0.0148722
v -0.0377164 0.000648735 0.0149104
v -0.0377161 0.000662311 0.0149026
v -0.037716 0.000671795 0.0148922
v -0.0376976 0.00135193 0.0142435
v -0.0376522 0.00228765 0.0142387
v -0.0376955 0.0015875 0.014707
v -0.0376911 0.0015218 0.0146691
v -0.0376936 0.00145669 0.0146141
v -0.0376962 0.00138948 0.014498
v -0.0376973 0.00136194 0.0143865
v -0.0376776 0.00181956 0.0147519
v -0.0376521 0.00228786 0.0146687
v -0.0376524 0.00228321 0.0146496
v -0.0376528 0.00227714 0.0146381
v -0.0376533 0.00226797 0.0146302
v -0.0376547 0.002246 0.0146249
v -0.0376761 0.00185291 0.0149422
v -0.0376578 0.00219317 0.0148623
v -0.0376528 0.00227659 0.0148077
v -0.0376523 0.00228538 0.0147891
v -0.0376519 0.00229139 0.0147235
v -0.0376537 0.00226338 0.0148252
v -0.0377039 0.00116195 0.0146637
v -0.0377001 0.00128111 0.0147999
v -0.0376976 0.00135744 0.0148569
v -0.0376872 0.00162074 0.0149427
v -0.0377066 0.0010747 0.014402
v -0.0376836 0.00169164 0.0134183
v -0.0376914 0.0015125 0.0134561
v -0.0376941 0.00144592 0.0134765
v -0.0376954 0.00141118 0.0134971
v -0.0377091 0.00135833 0.0135228
v -0.0377016 0.00125115 0.0136148
v -0.0377046 0.0011398 0.0137798
v -0.0377077 0.0010573 0.0140554
v -0.0376593 0.00216612 0.0135745
v -0.0376676 0.00201888 0.0134725
v -0.0376482 0.00235082 0.0141204
v -0.0376504 0.00231619 0.0142211
v -0.037649 0.0023388 0.0141966
v -0.0375643 0.00343452 0.0148727
v -0.0375643 0.00343461 0.0148732
v -0.0375638 0.0034398 0.0148921
v -0.0375629 0.00344943 0.0149025
v -0.0375541 0.00354467 0.0149255
v -0.0375641 0.00343659 0.0148848
v -0.0375395 0.00369371 0.0148893
v -0.0375393 0.00369602 0.0148822
v -0.0375391 0.00369788 0.0148727
v -0.0375642 0.00343607 0.0134866
v -0.0375641 0.00343652 0.0134843
v -0.0375643 0.00343452 0.0134967
v -0.0375636 0.00344266 0.0134732
v -0.0375603 0.00347764 0.0134538
v -0.0375506 0.00366287 0.0134587
v -0.0375408 0.00368144 0.0134674
v -0.0375396 0.00369333 0.0134789
v -0.0375391 0.00369788 0.0134967
v -0.037543 0.00365831 0.0149111
v -0.0375408 0.00368046 0.0149034
v -0.0375658 0.00341779 0.0131224
v -0.037563 0.00344868 0.0131624
v -0.0375544 0.00354087 0.0131874
v -0.0375619 0.0034611 0.0129075
v -0.0375784 0.00344157 0.0129211
v -0.0375644 0.00343367 0.0129288
v -0.0375654 0.00342311 0.012944
v -0.0375658 0.00341778 0.0129576
v -0.0375662 0.00341338 0.0129688
v -0.0375664 0.00341115 0.0129803
v -0.0375672 0.00340326 0.0130717
v -0.0375652 0.00342498 0.0129414
v -0.0375371 0.00371719 0.012961
v -0.037538 0.00370943 0.012944
v -0.0375395 0.00369463 0.0129212
v -0.0375482 0.00360496 0.0128873
v -0.0375462 0.00362551 0.0131802
v -0.0375493 0.00369715 0.01315
v -0.037539 0.00369873 0.0131465
v -0.037538 0.00370928 0.0131313
v -0.0375375 0.00371461 0.0131177
v -0.037537 0.00371896 0.0131066
v -0.0375363 0.00372931 0.0130366
v -0.0375382 0.00370741 0.0131339
v -0.0375417 0.00367181 0.0131675
v -0.0373734 0.00510021 0.0148851
v -0.0373715 0.00511419 0.0149022
v -0.0373684 0.00513605 0.0149105
v -0.0373625 0.00517815 0.0149186
v -0.0374625 0.0044029 0.0136787
v -0.0374898 0.00416562 0.0134967
v -0.0374896 0.00416708 0.0134852
v -0.0374888 0.00417409 0.0134707
v -0.0374846 0.00421137 0.0134527
v -0.0374668 0.00436636 0.0134554
v -0.0374633 0.00439636 0.0134738
v -0.0374626 0.00440234 0.0134902
v -0.0373735 0.00509906 0.014073
v -0.0373366 0.00536103 0.0148722
v -0.0373373 0.00535665 0.014891
v -0.0373387 0.00534625 0.0149011
v -0.0373395 0.00534057 0.0149049
v -0.0373461 0.00529499 0.0149164
v -0.0373438 0.00531086 0.0149147
v -0.0373393 0.00534227 0.0138077
v -0.0373748 0.0050897 0.0139275
v -0.0373366 0.00536103 0.0140285
v -0.0373444 0.0053072 0.0136876
v -0.0373503 0.00526473 0.0136073
v -0.0373609 0.00518981 0.0135252
v -0.037381 0.00504507 0.0137841
v -0.0373793 0.00505665 0.0134519
v -0.0373678 0.0051419 0.0134897
v -0.037401 0.00489268 0.0134152
v -0.0373921 0.00496188 0.0136934
v -0.0374024 0.00488386 0.0136634
v -0.0374117 0.0048131 0.0136552
v -0.0374228 0.00472633 0.0134459
v -0.0374277 0.0046875 0.0134572
v -0.0374428 0.00456605 0.013526
v -0.0374595 0.00442844 0.0139182
v -0.037432 0.00465632 0.0136926
v -0.03746 0.00442401 0.014891
v -0.0374597 0.00442662 0.0148834
v -0.0374595 0.00442844 0.0148731
v -0.0374624 0.00440381 0.0149064
v -0.0374613 0.00441308 0.0149016
v -0.0374898 0.00416571 0.0148732
v -0.037466 0.00437365 0.0149164
v -0.0374856 0.00420277 0.0149123
v -0.0374884 0.00417797 0.0149004
v -0.0374892 0.0041709 0.0148921
v -0.0374896 0.00416769 0.0148848
v -0.0374898 0.00416562 0.0148727
v -0.0371602 0.00646445 0.014269
v -0.0371324 0.00662354 0.0146516
v -0.0370687 0.00696811 0.0149068
v -0.0369956 0.00734307 0.0149498
v -0.0369199 0.0077123 0.0132561
v -0.036889 0.00785794 0.0131022
v -0.0368882 0.00786176 0.0133109
v -0.0368836 0.00788241 0.0132423
v -0.0368888 0.00785869 0.0133164
v -0.0368912 0.00784761 0.0133275
v -0.0369031 0.00779208 0.0133161
v -0.0368969 0.00782105 0.0133322
v -0.0369538 0.00755081 0.0131686
v -0.0369555 0.00754188 0.0129239
v -0.0370034 0.0073033 0.0131188
v -0.0370879 0.00688653 0.0129991
v -0.0370518 0.00705605 0.0131892
v -0.0371046 0.00677488 0.0130748
v -0.0371383 0.00658794 0.0132799
v -0.037088 0.00686344 0.0133609
v -0.0371605 0.00646333 0.0136384
v -0.0371134 0.0067236 0.0137848
v -0.0371057 0.00677039 0.014292
v -0.0370967 0.00681752 0.0144031
v -0.0370869 0.00687061 0.0144994
v -0.0370658 0.00698494 0.0146187
v -0.0370325 0.00715701 0.0146952
v -0.0370035 0.0073225 0.0147144
v -0.0369281 0.00767552 0.0148759
v -0.0369175 0.0077237 0.0145962
v -0.0368996 0.00780862 0.0145456
v -0.0368935 0.00783696 0.0145375
v -0.0368896 0.00785502 0.0145414
v -0.0368873 0.00786589 0.0145537
v -0.0368834 0.007884 0.0146591
v -0.0368901 0.00785276 0.0147758
v -0.0345623 0.0150621 0.0148896
v -0.0345561 0.0150763 0.0149068
v -0.0345426 0.015107 0.0149155
v -0.034517 0.0151652 0.01492
v -0.0347375 0.014673 0.0149513
v -0.0346482 0.0148849 0.0148829
v -0.0345689 0.015051 0.0147564
v -0.0349176 0.0142251 0.0146321
v -0.0349044 0.0142574 0.0147279
v -0.0348795 0.0143179 0.0148194
v -0.0348457 0.014399 0.0148855
v -0.0347879 0.0145371 0.0149376
v -0.0349215 0.0142155 0.0145275
v -0.0348604 0.0143637 0.0141976
v -0.0348987 0.0142703 0.0142995
v -0.0349172 0.0142259 0.0144224
v -0.0347043 0.0147344 0.0136259
v -0.0346564 0.0148468 0.0136388
v -0.0346238 0.0149211 0.0136734
v -0.0346069 0.01496 0.013708
v -0.0345903 0.0149978 0.0137643
v -0.0345719 0.0150406 0.0141514
v -0.0348904 0.0143294 0.0137729
v -0.0348681 0.0143452 0.0137642
v -0.0347858 0.0145433 0.0136566
v -0.0348828 0.0143097 0.0137717
v -0.0348853 0.0143037 0.01377
v -0.0348878 0.0142975 0.0137662
v -0.0348899 0.0142924 0.0137621
v -0.0348955 0.0142789 0.0137424
v -0.0348017 0.0145042 0.0134592
v -0.0348783 0.0143206 0.0135385
v -0.0348884 0.0142961 0.0135628
v -0.0348931 0.0142846 0.0135791
v -0.0348951 0.0142799 0.013589
v -0.0348994 0.0142695 0.0136442
v -0.0344706 0.0152694 0.0139411
v -0.0344818 0.0152445 0.0137265
v -0.0344956 0.0152133 0.0136378
v -0.0345367 0.0151213 0.0135136
v -0.0346639 0.0148281 0.0134149
v -0.0344706 0.0152694 0.014874
v -0.0344875 0.0152313 0.0149143
v -0.034476 0.0152572 0.0149023
v -0.0344725 0.015265 0.0148931
v -0.0344712 0.015268 0.0148854
v -0.0374223 -0.00473041 0.0164533
v -0.0374223 -0.00473041 0.0166321
v -0.037465 -0.00438164 0.0164378
v -0.0374695 -0.00434287 0.0164363
v -0.0374516 -0.00449485 0.0164555
v -0.0374385 -0.00460099 0.0165097
v -0.0374336 -0.00464031 0.0165356
v -0.0375245 -0.00384659 0.0168203
v -0.0375118 -0.00396391 0.0166017
v -0.0374989 -0.00409027 0.0165588
v -0.0374848 -0.00420983 0.0164527
v -0.0375047 -0.00402972 0.0173433
v -0.0375224 -0.00386361 0.0171125
v -0.0374308 -0.00466551 0.0173134
v -0.0374599 -0.00441288 0.0174458
v -0.0374223 -0.00473041 0.0172448
v -0.0374223 -0.00473041 0.0177762
v -0.0374071 -0.0048481 0.0177762
v -0.0374071 -0.0048481 0.0164533
v -0.03764 -0.00262262 0.0174211
v -0.0376217 -0.00274035 0.0172528
v -0.0375942 -0.00309532 0.0174376
v -0.03761 -0.00289629 0.0173869
v -0.0375496 -0.00359081 0.01715
v -0.0375644 -0.0034317 0.0173481
v -0.0375791 -0.00325949 0.0173723
v -0.0375452 -0.00363579 0.0169775
v -0.0375665 -0.00341104 0.016521
v -0.037563 -0.00344809 0.0165523
v -0.0375566 -0.00351666 0.0166137
v -0.0375647 -0.00358398 0.0167098
v -0.0375531 -0.00355684 0.0168037
v -0.0375464 -0.00362428 0.0168394
v -0.0376214 -0.00274375 0.0166213
v -0.037612 -0.00286956 0.0165098
v -0.0376052 -0.00295744 0.0164634
v -0.0375856 -0.00319251 0.0164329
v -0.0376139 -0.00284469 0.0165241
v -0.0376244 -0.00270089 0.0164533
v -0.0376576 -0.00219344 0.0160632
v -0.0376599 -0.00215395 0.01742
v -0.0376449 -0.00240212 0.0165324
v -0.0376715 -0.0019452 0.0164928
v -0.0351506 0.0136434 0.0148759
v -0.0351494 0.0136463 0.0148893
v -0.0351461 0.0136547 0.0149015
v -0.0351196 0.0137224 0.0149262
v -0.0351506 0.0136432 0.0146976
v -0.0352945 0.0132692 0.0149419
v -0.035326 0.0131856 0.0149494
v -0.0352439 0.013411 0.0148939
v -0.0355212 0.0126545 0.014332
v -0.0355018 0.0127081 0.0145732
v -0.0354875 0.0127477 0.0146859
v -0.035467 0.0128045 0.0147691
v -0.035425 0.0129192 0.014874
v -0.0354487 0.0128545 0.0148271
v -0.0354152 0.012946 0.0148934
v -0.0353825 0.0130345 0.0149302
v -0.0353681 0.013073 0.0149365
v -0.0354237 0.0129222 0.0135
v -0.0354944 0.0127543 0.0137011
v -0.0355123 0.0126786 0.0139219
v -0.0353243 0.0132226 0.0134158
v -0.0352016 0.0135124 0.0135307
v -0.0352312 0.0134352 0.0134778
v -0.0352832 0.0132988 0.0134232
v -0.0351617 0.013615 0.0136305
v -0.0351617 0.013615 0.0128226
v -0.0351579 0.0136248 0.0127954
v -0.0351587 0.0136225 0.012798
v -0.0351607 0.0136173 0.0128071
v -0.0351442 0.0136593 0.0127781
v -0.0350647 0.0138611 0.0128221
v -0.0350679 0.0138531 0.0127992
v -0.0350749 0.0138357 0.0127849
v -0.035066 0.0138579 0.0128065
v -0.0350647 0.0138611 0.0148722
v -0.0350707 0.0138459 0.0149054
v -0.0350659 0.0138581 0.0148893
v -0.0357231 0.0120767 0.0148896
v -0.0357181 0.0120913 0.0149068
v -0.0356703 0.0122307 0.0149201
v -0.0358245 0.0117746 0.0149348
v -0.0358086 0.0118222 0.0149166
v -0.0360074 0.0112067 0.0145772
v -0.036004 0.0112175 0.0146522
v -0.0360016 0.0112249 0.0146713
v -0.0359935 0.0112509 0.0147377
v -0.0359748 0.0113104 0.0148215
v -0.0359488 0.0113917 0.0148855
v -0.0358957 0.0115572 0.0149436
v -0.035937 0.0114526 0.0141406
v -0.0359931 0.0112521 0.0143201
v -0.0359964 0.0112415 0.014337
v -0.036007 0.0112077 0.0144414
v -0.0357343 0.0120435 0.0141551
v -0.0358144 0.0118039 0.0136261
v -0.035772 0.0119318 0.0136737
v -0.0357684 0.0119425 0.013683
v -0.0357527 0.0119893 0.01373
v -0.0357421 0.0120206 0.0137987
v -0.0357372 0.0120351 0.0138688
v -0.0359665 0.0113363 0.0137641
v -0.0359015 0.0115404 0.0136567
v -0.0359746 0.0113107 0.0137731
v -0.0359797 0.0112947 0.0137707
v -0.0359821 0.011287 0.0137662
v -0.0359838 0.0112817 0.0137621
v -0.0359881 0.0112678 0.0137424
v -0.0359142 0.0114998 0.0134594
v -0.0359745 0.011311 0.0135385
v -0.0359825 0.0112856 0.0135628
v -0.0359863 0.0112737 0.0135791
v -0.0359878 0.0112689 0.013589
v -0.035994 0.0112683 0.0135941
v -0.0359912 0.0112581 0.0136442
v -0.0358341 0.0117461 0.0134214
v -0.0356494 0.012291 0.0139411
v -0.0356649 0.0122462 0.0136734
v -0.0356705 0.01223 0.0136323
v -0.0356752 0.0122164 0.0136128
v -0.0356888 0.012177 0.0135567
v -0.0357433 0.0120196 0.0134497
v -0.0356535 0.0122812 0.0137878
v -0.0356494 0.012291 0.014874
v -0.0356521 0.012283 0.0148989
v -0.0356499 0.0122896 0.0148854
v -0.0356515 0.012291 0.0148798
v -0.0361963 0.0105847 0.0148851
v -0.0361924 0.0105983 0.0149022
v -0.0361861 0.0106194 0.0149105
v -0.0361661 0.0106869 0.0149215
v -0.0363885 0.00990853 0.0136787
v -0.0364509 0.00967798 0.0134967
v -0.0364506 0.00967941 0.0134851
v -0.0364495 0.00968342 0.0134747
v -0.0364441 0.00970361 0.013459
v -0.0364063 0.00984384 0.0134443
v -0.0363903 0.00990218 0.0134738
v -0.0363887 0.00990799 0.0134902
v -0.0361967 0.0105836 0.014073
v -0.0361229 0.0108312 0.0148923
v -0.0361216 0.0108353 0.0148842
v -0.0361314 0.0108262 0.0149004
v -0.0361254 0.0108229 0.0149011
v -0.0361272 0.0108166 0.0149053
v -0.036137 0.0107842 0.0149154
v -0.0361265 0.010819 0.0138077
v -0.0361993 0.0105746 0.0139275
v -0.0361211 0.0108371 0.0140285
v -0.0361368 0.0107851 0.0136876
v -0.0361549 0.0107455 0.0136064
v -0.0361707 0.0106715 0.0135252
v -0.0362291 0.0104729 0.0137131
v -0.0362121 0.0105313 0.0137841
v -0.0361886 0.0106111 0.0134791
v -0.0362256 0.0104849 0.0134323
v -0.0362477 0.0104088 0.0136724
v -0.0362691 0.0103338 0.0134189
v -0.0362771 0.0103066 0.0136552
v -0.0362861 0.0102588 0.0136062
v -0.0363348 0.0101019 0.0134973
v -0.0363817 0.00993333 0.0139182
v -0.0363381 0.0100938 0.0137435
v -0.0363829 0.00992904 0.014891
v -0.0363822 0.00993157 0.0148834
v -0.0363817 0.00993333 0.0148731
v -0.0363883 0.00990942 0.0149064
v -0.0363858 0.00991843 0.0149016
v -0.0364509 0.00967808 0.0148732
v -0.0363963 0.00988013 0.0149164
v -0.0364413 0.0097141 0.0149123
v -0.0364477 0.00968999 0.0149004
v -0.0364496 0.00968312 0.0148921
v -0.0364504 0.00968 0.0148848
v -0.0364509 0.00967798 0.0148727
v -0.0366249 0.00900212 0.0148868
v -0.0366222 0.00901268 0.0149026
v -0.0366143 0.00904483 0.014915
v -0.0365886 0.00914754 0.0149202
v -0.0366999 0.00869336 0.0149348
v -0.0366881 0.0087422 0.0149165
v -0.0366283 0.00899012 0.0147596
v -0.0367279 0.00857501 0.0149494
v -0.0368467 0.00811055 0.0145624
v -0.0368312 0.00812299 0.0146522
v -0.0368248 0.00815171 0.0147278
v -0.036809 0.00822288 0.0148281
v -0.0367859 0.00832401 0.0148976
v -0.0367577 0.00844719 0.0149376
v -0.0368122 0.00820717 0.0142402
v -0.0368409 0.00811939 0.0144236
v -0.0367088 0.00865589 0.0136259
v -0.0366808 0.00877472 0.0136388
v -0.0366613 0.00885356 0.0136734
v -0.0366513 0.00889473 0.013708
v -0.0366413 0.00893483 0.0137644
v -0.0366304 0.00898006 0.0141514
v -0.0368082 0.00822575 0.013771
v -0.036804 0.00824445 0.0137642
v -0.0367976 0.00827283 0.0137482
v -0.0367566 0.00845362 0.0136566
v -0.0368124 0.00820697 0.0137717
v -0.0368139 0.00820059 0.01377
v -0.0368153 0.00819412 0.0137662
v -0.0368178 0.00818289 0.0137563
v -0.0368207 0.00816996 0.0137267
v -0.0367658 0.0084119 0.0134594
v -0.0368098 0.00821855 0.0135385
v -0.0368156 0.00819265 0.0135628
v -0.0368184 0.00818042 0.0135791
v -0.0368195 0.00817554 0.013589
v -0.0368214 0.00816699 0.013616
v -0.0365695 0.00922285 0.0139411
v -0.0365763 0.00919641 0.0137265
v -0.0365853 0.00916046 0.013633
v -0.0366092 0.00906513 0.0135139
v -0.0366832 0.00876212 0.0134164
v -0.0365701 0.0092205 0.0138728
v -0.036575 0.0092011 0.0149076
v -0.0365712 0.00921615 0.014896
v -0.0365701 0.00922049 0.0148882
v -0.0365695 0.00922281 0.014875
v -0.0362824 -0.0102877 0.0134502
v -0.0362775 -0.0103049 0.0135241
v -0.0367233 -0.00859448 0.0114017
v -0.0366637 -0.00884405 0.0114125
v -0.036596 -0.00911824 0.0114595
v -0.0367207 -0.00860944 0.0121393
v -0.0365253 -0.00939582 0.0115384
v -0.0366011 -0.00909761 0.0122259
v -0.0365623 -0.00925101 0.012282
v -0.0365534 -0.00928609 0.0122975
v -0.036472 -0.00959868 0.0116231
v -0.0364178 -0.00980161 0.011726
v -0.0365311 -0.00937279 0.0123372
v -0.0365108 -0.00945156 0.0123793
v -0.0364947 -0.00951263 0.0124171
v -0.0363489 -0.0100521 0.0118933
v -0.0364711 -0.00960215 0.0124741
v -0.036432 -0.00974857 0.0125902
v -0.0364507 -0.00967897 0.0125337
v -0.0362964 -0.0102388 0.0120507
v -0.0362842 -0.0102816 0.0120926
v -0.0362716 -0.0103252 0.0121354
v -0.0362487 -0.0104051 0.0122211
v -0.0362267 -0.0104816 0.0123107
v -0.036205 -0.0105555 0.0124056
v -0.0363862 -0.00991731 0.0127508
v -0.0361847 -0.0106244 0.0125054
v -0.0361657 -0.0106882 0.012608
v -0.0361159 -0.010855 0.0129211
v -0.036157 -0.0107174 0.0126602
v -0.0363277 -0.0101278 0.0130509
v -0.0362977 -0.0102342 0.0132806
v -0.0362887 -0.0102657 0.0133791
v -0.0360774 -0.0109807 0.01333
v -0.0360604 -0.0110361 0.0141601
v -0.0360579 -0.0110441 0.0137216
v -0.0366599 -0.00885916 0.0135216
v -0.0362775 -0.0103049 0.0143001
v -0.0360816 -0.0109669 0.014544
v -0.036111 -0.0108703 0.0148371
v -0.0361314 -0.0108028 0.0149949
v -0.036295 -0.0102432 0.0145281
v -0.0361483 -0.0107466 0.015102
v -0.036166 -0.0106875 0.0152098
v -0.0362038 -0.0105588 0.0154039
v -0.0361845 -0.0106248 0.0153104
v -0.0362257 -0.0104841 0.0155027
v -0.0362483 -0.0104063 0.015594
v -0.0363538 -0.0100343 0.0149225
v -0.0362604 -0.0103648 0.0156387
v -0.0362843 -0.0102811 0.0157259
v -0.0364112 -0.00982533 0.0151624
v -0.0363092 -0.0101936 0.0158054
v -0.0363505 -0.0100468 0.0159287
v -0.0364459 -0.00969716 0.015276
v -0.0364783 -0.00957545 0.0153655
v -0.0364866 -0.00954337 0.0153868
v -0.0364268 -0.00976876 0.0161116
v -0.0364948 -0.00951203 0.0154075
v -0.0365281 -0.00938437 0.0154785
v -0.0365452 -0.00931809 0.0155089
v -0.0364863 -0.00954458 0.0162215
v -0.0365297 -0.00937918 0.0162877
v -0.0365623 -0.00925116 0.0155396
v -0.0365971 -0.00911338 0.0155904
v -0.036615 -0.00904189 0.0156108
v -0.0366039 -0.0090864 0.0163691
v -0.0367219 -0.00860271 0.016434
v -0.0366626 -0.00884916 0.0156537
v -0.0367233 -0.00859448 0.0156693
v -0.0366599 -0.00885916 0.0143001
v -0.0366623 -0.00893397 0.0114238
v -0.0356603 -0.0122593 0.0114017
v -0.0356594 -0.0122627 0.012108
v -0.0355556 -0.0125584 0.0114176
v -0.0354716 -0.0127916 0.0114667
v -0.0353823 -0.0130354 0.0115395
v -0.0354507 -0.0128489 0.0114806
v -0.035524 -0.012647 0.0121558
v -0.0354577 -0.0128301 0.0122188
v -0.0352913 -0.0132776 0.0116484
v -0.0354052 -0.012973 0.0122834
v -0.0352805 -0.0133484 0.0116834
v -0.035215 -0.0134775 0.011763
v -0.035353 -0.0131134 0.012366
v -0.0351771 -0.0135749 0.0118311
v -0.0350861 -0.0138075 0.0120235
v -0.0351421 -0.0136649 0.011898
v -0.0352905 -0.0132794 0.0124914
v -0.0352585 -0.0133642 0.0125704
v -0.035042 -0.013918 0.0121346
v -0.0350126 -0.0139916 0.0122189
v -0.0349829 -0.0140651 0.0123107
v -0.0349548 -0.0141342 0.0124059
v -0.0352067 -0.0134987 0.0127186
v -0.0349275 -0.0142009 0.0125062
v -0.0349155 -0.0142303 0.0125571
v -0.0348856 -0.0143028 0.012686
v -0.0348416 -0.014409 0.0129109
v -0.0351258 -0.0137063 0.0130444
v -0.0348068 -0.0144923 0.0131602
v -0.0347875 -0.0145383 0.0133477
v -0.0347699 -0.0145895 0.0136738
v -0.0350626 -0.0138661 0.0135496
v -0.0347892 -0.0145341 0.0144992
v -0.0350683 -0.0138521 0.0142488
v -0.0348498 -0.0144063 0.0149122
v -0.0350877 -0.0138029 0.0144466
v -0.0348802 -0.014316 0.0150995
v -0.035132 -0.0136906 0.0147308
v -0.0349272 -0.0142018 0.0153054
v -0.0349823 -0.0140665 0.015499
v -0.0350268 -0.0139558 0.0156349
v -0.0352056 -0.0135018 0.0150237
v -0.0351028 -0.0137652 0.0158283
v -0.0352586 -0.0133636 0.0151755
v -0.0352802 -0.0133072 0.0152264
v -0.0351784 -0.013572 0.0159826
v -0.0353176 -0.0132081 0.0153103
v -0.0352222 -0.0134588 0.0160607
v -0.035353 -0.0131138 0.0153766
v -0.0352913 -0.0132777 0.0161632
v -0.0353343 -0.013164 0.0162192
v -0.0354243 -0.0129217 0.0154847
v -0.0354392 -0.012881 0.0163241
v -0.0354855 -0.0127533 0.0155497
v -0.0355621 -0.012573 0.0163938
v -0.0356595 -0.0122622 0.0156306
v -0.0356603 -0.0122594 0.0164098
v -0.0355431 -0.0126226 0.0114297
v -0.0355355 -0.0126151 0.0155888
v -0.0361481 0.0107465 0.0164533
v -0.0362099 0.0105387 0.01742
v -0.0359826 0.0112854 0.01742
v -0.0360163 0.0111784 0.0174194
v -0.0360016 0.0112582 0.0167597
v -0.0359942 0.0112485 0.0166958
v -0.0359661 0.0113377 0.0166061
v -0.0359629 0.0113477 0.016632
v -0.0359982 0.0112358 0.0166568
v -0.0359867 0.0112725 0.0165106
v -0.0359772 0.0113025 0.0165448
v -0.0360012 0.0112264 0.0164778
v -0.0360115 0.0111935 0.0164632
v -0.0360285 0.0111725 0.0164515
v -0.0360163 0.0111783 0.0165854
v -0.0360544 0.0110557 0.0164365
v -0.0360567 0.0110482 0.0165521
v -0.0361016 0.0109026 0.0164783
v -0.0361004 0.0109054 0.0165972
v -0.0361273 0.0108163 0.0165478
v -0.0361393 0.0107744 0.0166974
v -0.0361465 0.0107523 0.0167912
v -0.035778 0.011914 0.01742
v -0.0357497 0.011998 0.0167543
v -0.0357951 0.0118629 0.016953
v -0.0357544 0.0119843 0.0166289
v -0.0357892 0.0118807 0.0167102
v -0.0357946 0.0118645 0.0166573
v -0.0357963 0.0118591 0.0166489
v -0.0357729 0.0119292 0.016536
v -0.0358027 0.0118401 0.0166198
v -0.0357906 0.0118764 0.0164875
v -0.0358324 0.0117503 0.0164358
v -0.0358196 0.0117893 0.016577
v -0.0358398 0.011728 0.0165584
v -0.0358579 0.0116731 0.0165551
v -0.035878 0.0116128 0.0164492
v -0.0359116 0.0115076 0.0164948
v -0.035951 0.0113859 0.0166606
v -0.0359059 0.0115264 0.0165997
v -0.0359527 0.0113793 0.0167962
v -0.0358158 0.0118007 0.01742
v -0.0312812 0.0210079 0.00621729
v -0.0311523 0.0211968 0.00627697
v -0.0319075 0.0200511 0.00588599
v -0.0318772 0.0200989 0.00585427
v -0.0317348 0.0203212 0.00585371
v -0.0317142 0.0203653 0.00586862
v -0.0319149 0.0200394 0.00592931
v -0.0316922 0.0203872 0.00590039
v -0.0319149 0.0200394 0.00833716
v -0.0316849 0.0203984 0.00626499
v -0.031147 0.0212046 0.00585715
v -0.0311264 0.0212346 0.00590084
v -0.031127 0.0212338 0.0062273
v -0.0312363 0.0210736 0.00581387
v -0.0311393 0.0212157 0.00626229
v -0.031364 0.0208856 0.00579938
v -0.0313637 0.0208938 0.00620757
v -0.0314196 0.0208016 0.0058235
v -0.0314687 0.0207278 0.00585938
v -0.0315387 0.0206219 0.00595213
v -0.0314697 0.0207266 0.00629102
v -0.0316649 0.0204292 0.00675364
v -0.0316774 0.0204099 0.00838463
v -0.031667 0.0204259 0.0083611
v -0.0316734 0.0204161 0.00837838
v -0.0318847 0.020087 0.00840077
v -0.0317676 0.0202713 0.00843092
v -0.0319012 0.0200611 0.00838923
v -0.0319124 0.0200434 0.00836392
v -0.0316796 0.0204066 0.00838784
v -0.0312082 0.0211152 0.00582014
v -0.0319128 0.0200428 0.00590437
v -0.0325055 0.0190741 0.00692735
v -0.0325171 0.0190543 0.006654
v -0.0325398 0.0190155 0.00650281
v -0.0326516 0.0188246 0.00624047
v -0.0326007 0.0189134 0.00631535
v -0.032672 0.0187891 0.00621686
v -0.0328494 0.0184812 0.0061458
v -0.0329639 0.0182765 0.00622675
v -0.033047 0.0181279 0.00635707
v -0.0331489 0.0179414 0.00689594
v -0.0323248 0.0193763 0.00816715
v -0.0323285 0.0193703 0.00794821
v -0.0331584 0.0179656 0.00692735
v -0.0331228 0.0180332 0.00652684
v -0.0329648 0.0183169 0.00620074
v -0.0325227 0.0190842 0.00692735
v -0.0326493 0.0188678 0.00626108
v -0.0325495 0.0190371 0.00651025
v -0.0327714 0.0186587 0.00615769
v -0.0375683 0.00339061 0.00692735
v -0.0375726 0.00334271 0.00654609
v -0.0375998 0.00302051 0.0061952
v -0.0376091 0.00290634 0.00617108
v -0.0376282 0.0026486 0.00616002
v -0.0376439 0.00242049 0.00625801
v -0.037659 0.00220894 0.00649525
v -0.0376628 0.00209853 0.00692084
v -0.0375348 0.00374111 0.00816715
v -0.0375355 0.00373417 0.00794821
v -0.0376826 0.00210918 0.00692735
v -0.0376814 0.00212977 0.00675258
v -0.037671 0.00229762 0.00635576
v -0.0376544 0.00256117 0.00618555
v -0.0376409 0.00275077 0.00615469
v -0.0375882 0.00339241 0.00692735
v -0.0376272 0.00293196 0.00617132
v -0.0376227 0.00298831 0.00618625
v -0.0376129 0.00310967 0.00624122
v -0.0375952 0.00317633 0.00629121
v -0.0375899 0.00324013 0.00636196
v -0.0375959 0.0033071 0.00646504
v -0.0375909 0.00336968 0.00664133
v -0.0376639 0.00208604 0.0140671
v -0.0376486 0.00228813 0.0140284
v -0.0376651 0.0020671 0.013888
v -0.037668 0.00201158 0.0137585
v -0.037672 0.00193566 0.0136822
v -0.0376795 0.00178224 0.0136245
v -0.0376892 0.0015686 0.0136624
v -0.0376923 0.00148985 0.0137173
v -0.0376974 0.00133821 0.0140134
v -0.0377176 0.00135265 0.0140671
v -0.0377171 0.00136633 0.013953
v -0.037715 0.0014305 0.0137874
v -0.0377102 0.00154427 0.0136743
v -0.037699 0.00163031 0.0136385
v -0.0377039 0.00168983 0.0136282
v -0.0376839 0.00208716 0.0140671
v -0.0376983 0.00180654 0.0136298
v -0.0376898 0.00197151 0.013703
v -0.0376826 0.0020699 0.0138814
v -0.0360437 0.0110901 0.0112435
v -0.0362191 0.0105069 0.0112435
v -0.0360437 0.0110901 0.0101502
v -0.0360445 0.0110875 0.0101502
v -0.0359569 0.0113666 0.0118879
v -0.0362383 0.0105126 0.0112435
v -0.0360636 0.0110934 0.0101502
v -0.0360628 0.0110961 0.0112435
v -0.0360628 0.0110961 0.0101502
v -0.035191 -0.0135394 0.00713324
v -0.0347315 -0.0146706 0.00713324
v -0.0349648 -0.0141095 0.00538323
v -0.0349639 -0.0141117 0.00538324
v -0.0355131 -0.0126768 0.0083329
v -0.0347499 -0.0146783 0.00713324
v -0.0349824 -0.0141192 0.00538324
v -0.0352097 -0.0135467 0.00713324
v -0.0349834 -0.0141169 0.00538324
v -0.0369828 0.00740573 0.0169151
v -0.0369856 0.00739318 0.0167914
v -0.0369979 0.00733108 0.0166664
v -0.0370263 0.00718731 0.0165714
v -0.0370506 0.0070626 0.016555
v -0.0370891 0.00685844 0.0166045
v -0.0371217 0.00668228 0.0167628
v -0.0371376 0.00658156 0.0170503
v -0.037125 0.00666268 0.0171411
v -0.0371168 0.00670811 0.0172098
v -0.0371082 0.00675552 0.0172524
v -0.0370956 0.00682363 0.0172909
v -0.0370587 0.00702163 0.017323
v -0.0370038 0.00729998 0.0171861
v -0.0370702 0.00706718 0.0165549
v -0.037046 0.00719001 0.0165719
v -0.0370283 0.00728107 0.0166189
v -0.0370121 0.00736219 0.0167064
v -0.0370049 0.0073978 0.016791
v -0.0371509 0.00663228 0.0169819
v -0.0371453 0.00666344 0.016813
v -0.0371273 0.00676107 0.0166781
v -0.0371002 0.00690763 0.0165811
v -0.0370662 0.00708785 0.0173151
v -0.03711 0.00685387 0.017302
v -0.0371272 0.00676161 0.0172553
v -0.0371421 0.00668065 0.0171687
v -0.037148 0.006648 0.0170949
v -0.0370037 0.00740457 0.0169317
v -0.0370174 0.00733339 0.0171484
v -0.0375548 0.00353751 0.0173119
v -0.0375275 0.00381392 0.0172699
v -0.0375195 0.00389243 0.0172164
v -0.0375016 0.00404094 0.0171253
v -0.0375041 0.00403808 0.0169693
v -0.037504 0.0040381 0.0167795
v -0.0375147 0.00393478 0.0166271
v -0.0375512 0.00357655 0.0165584
v -0.0375751 0.00331929 0.0167524
v -0.0375798 0.00326264 0.0170176
v -0.0375726 0.00333675 0.0172127
v -0.0375635 0.00357874 0.0173198
v -0.0375702 0.00346569 0.0172928
v -0.0375922 0.00334507 0.0172173
v -0.0375233 0.00404626 0.0167975
v -0.0375235 0.00404216 0.0169425
v -0.0375247 0.00403094 0.017015
v -0.0375293 0.00398883 0.0171071
v -0.0375347 0.00393713 0.017177
v -0.0375437 0.00385084 0.0172492
v -0.0375549 0.00374122 0.0173014
v -0.0375563 0.00372783 0.0165538
v -0.0375515 0.00377475 0.0165607
v -0.0375337 0.00385667 0.0165816
v -0.0375315 0.00396693 0.0166583
v -0.0376001 0.00326141 0.0170258
v -0.0375968 0.00329582 0.0168186
v -0.0375859 0.00341838 0.0166477
v -0.0375701 0.00358594 0.0165689
v -0.037722 -3.02884e-05 0.017296
v -0.037722 -1.89183e-05 0.0172988
v -0.037722 4.42711e-05 0.0173139
v -0.0377217 0.000174853 0.0173151
v -0.0377203 0.000372647 0.0172379
v -0.0377192 0.000463682 0.0171397
v -0.0377185 0.000534638 0.0169762
v -0.0377181 0.000546781 0.0168842
v -0.0377185 0.000509232 0.0167252
v -0.0377193 0.00043276 0.0166268
v -0.0377206 0.000329332 0.0165746
v -0.037722 0.000157282 0.0165531
v -0.0377217 -9.82177e-05 0.0166535
v -0.0377214 -0.000246316 0.0169222
v -0.037721 -0.000162077 0.0172188
v -0.0377415 0.000193097 0.0173121
v -0.0377422 1.61401e-05 0.0173102
v -0.0377419 -8.5162e-05 0.0172711
v -0.0377416 -0.000164221 0.0172055
v -0.0377414 -0.000222155 0.0171069
v -0.037738 0.000545686 0.0168597
v -0.037738 0.000536277 0.0169758
v -0.0377386 0.000505396 0.0170725
v -0.0377394 0.000451484 0.0171573
v -0.0377405 0.000342473 0.017254
v -0.0377413 0.000258189 0.016555
v -0.03774 0.000389016 0.0165997
v -0.037739 0.00046799 0.0166636
v -0.0377384 0.000527748 0.0167649
v -0.0377413 -0.000241121 0.0169956
v -0.0377414 -0.000215344 0.016839
v -0.0377417 -0.000146498 0.0167133
v -0.0377418 -3.45283e-05 0.0166156
v -0.0377419 8.12722e-05 0.0165689
v -0.0377414 -0.000220172 0.0168595
v -0.037422 -0.00473 0.0168784
v -0.0374339 -0.00463654 0.016679
v -0.0374644 -0.00438684 0.0173156
v -0.0374696 -0.00434208 0.0173182
v -0.0374852 -0.00420961 0.0172969
v -0.0374986 -0.004087 0.0172223
v -0.0375093 -0.00401671 0.017142
v -0.0375117 -0.0039649 0.0170159
v -0.0375126 -0.00395591 0.0169353
v -0.0375109 -0.00397247 0.0168266
v -0.0375104 -0.00394055 0.016718
v -0.0375024 -0.00405268 0.0166834
v -0.0374894 -0.00416935 0.0165959
v -0.0374883 -0.00417885 0.0165911
v -0.0374684 -0.0043521 0.0165511
v -0.0374477 -0.00452619 0.0165974
v -0.0374239 -0.00471775 0.017042
v -0.0374327 -0.00468649 0.0171229
v -0.037464 -0.00439028 0.0173148
v -0.0374446 -0.0045507 0.0172667
v -0.0374803 -0.0044236 0.0173126
v -0.0374572 -0.00461221 0.0172257
v -0.0374459 -0.00470345 0.0170904
v -0.0375313 -0.0039703 0.0170508
v -0.0375047 -0.00421354 0.017299
v -0.0375072 -0.00418915 0.0165835
v -0.0375245 -0.00403176 0.016704
v -0.0375314 -0.00396815 0.0168521
v -0.0374413 -0.00473795 0.0169415
v -0.0374506 -0.00466856 0.01671
v -0.0374737 -0.00447896 0.0165723
v -0.0374896 -0.00434497 0.016555
v -0.0375183 -0.00409037 0.017224
v -0.0376217 -0.00274086 0.0169211
v -0.0376201 -0.00276641 0.0167886
v -0.0376119 -0.00286884 0.0166491
v -0.0376003 -0.00302127 0.0165657
v -0.0375857 -0.00319437 0.0165594
v -0.0375739 -0.00332888 0.0166088
v -0.0375629 -0.00344904 0.0167171
v -0.0375558 -0.00352203 0.0169791
v -0.0375649 -0.00343051 0.0171759
v -0.0375739 -0.00332857 0.0172637
v -0.0375998 -0.00302377 0.0173045
v -0.0375849 -0.00321762 0.0173408
v -0.0376071 -0.00293249 0.0172677
v -0.0376106 -0.00288817 0.0172374
v -0.0376194 -0.00277142 0.0171125
v -0.0376127 -0.00311051 0.0173184
v -0.0376035 -0.00322226 0.0173091
v -0.0375909 -0.00336117 0.017245
v -0.0375823 -0.00345711 0.0171437
v -0.0375773 -0.00350726 0.0170291
v -0.0376419 -0.002739 0.0169394
v -0.0376401 -0.00275938 0.0170632
v -0.0376355 -0.00282221 0.0171787
v -0.0376306 -0.00288525 0.0172358
v -0.0376219 -0.00300063 0.0172981
v -0.0376061 -0.00319 0.0165592
v -0.0376251 -0.00295482 0.0165929
v -0.0376346 -0.00283504 0.0166838
v -0.0376396 -0.00277142 0.0167823
v -0.0375765 -0.00351826 0.0169017
v -0.0375825 -0.00345178 0.0167108
v -0.0375951 -0.00331299 0.0165991
v -0.0376172 -0.00305946 0.0165595
v -0.0338298 0.0166315 0.0113044
v -0.0337893 0.0167137 0.0116231
v -0.0336948 0.0169116 0.0117454
v -0.033591 0.0171058 0.0117056
v -0.033515 0.0172619 0.0114534
v -0.0334866 0.0173073 0.0109345
v -0.0335026 0.0172767 0.0105509
v -0.0335086 0.0172651 0.0104161
v -0.0335404 0.0172036 0.0102383
v -0.0335874 0.0171121 0.0101367
v -0.033635 0.0170399 0.0101062
v -0.0337049 0.0168819 0.0101005
v -0.0337413 0.016809 0.0101376
v -0.0337776 0.0167364 0.0101983
v -0.0338242 0.0166428 0.0104128
v -0.0338637 0.0166093 0.0110893
v -0.0338457 0.0166266 0.0104555
v -0.0337728 0.016791 0.0101509
v -0.033709 0.0169171 0.0100984
v -0.0336908 0.0169538 0.0117459
v -0.0337514 0.0168099 0.0117078
v -0.0338018 0.0167326 0.0116305
v -0.033836 0.0166611 0.011474
v -0.0335042 0.0173169 0.0109375
v -0.0335051 0.0173151 0.0110322
v -0.0335187 0.017289 0.0113255
v -0.033521 0.0172845 0.0113674
v -0.0335522 0.0171968 0.0116045
v -0.0335836 0.0171634 0.0116565
v -0.0335952 0.017141 0.0116787
v -0.0336226 0.0170876 0.0117151
v -0.0336409 0.0170515 0.0117298
v -0.033631 0.0170712 0.0101125
v -0.033594 0.0171432 0.0101503
v -0.0335572 0.0172148 0.0102438
v -0.0335272 0.0172711 0.0103873
v -0.0345361 0.0151357 0.010735
v -0.0344944 0.0152162 0.0115438
v -0.0344764 0.0152563 0.0116221
v -0.0344581 0.0152973 0.0116721
v -0.0344099 0.0154046 0.0117322
v -0.0343683 0.0154967 0.0117446
v -0.0342977 0.0156518 0.0117056
v -0.0342461 0.0157644 0.0115667
v -0.0342315 0.0157943 0.0114762
v -0.0342132 0.0158336 0.0113211
v -0.0342026 0.0158568 0.0109491
v -0.0342336 0.0157894 0.010315
v -0.0342828 0.0156837 0.0101521
v -0.0343319 0.0155765 0.0101046
v -0.0343814 0.0154677 0.0100966
v -0.0344286 0.0153633 0.0101274
v -0.0344523 0.0153103 0.0101649
v -0.0344743 0.015261 0.0102236
v -0.0345029 0.0151972 0.0103556
v -0.0345487 0.0151425 0.0108921
v -0.0345278 0.0151901 0.0104101
v -0.0344987 0.0152549 0.0102413
v -0.0344573 0.0153481 0.0101405
v -0.0344235 0.0154228 0.0101063
v -0.0344047 0.0154647 0.0117454
v -0.0344491 0.0153662 0.0117143
v -0.0344638 0.015315 0.0116855
v -0.0345053 0.0152405 0.0115834
v -0.0345258 0.0151767 0.0114065
v -0.0342197 0.0158671 0.0109646
v -0.0342421 0.015818 0.0114448
v -0.0342751 0.0157475 0.0116092
v -0.0342974 0.0156996 0.0116665
v -0.0343302 0.0156287 0.0117197
v -0.0343848 0.0155087 0.010097
v -0.0343293 0.0156305 0.0101169
v -0.0342697 0.0157595 0.0102297
v -0.0342349 0.0158339 0.0104611
v -0.0357012 0.0121595 0.0114002
v -0.0356668 0.0122409 0.0116089
v -0.0356351 0.0123319 0.0117075
v -0.0355552 0.012559 0.0117445
v -0.0354891 0.0127444 0.0116254
v -0.0354517 0.0128462 0.0113318
v -0.0354427 0.0128715 0.0109491
v -0.0354677 0.0128017 0.010315
v -0.0355076 0.0126922 0.0101521
v -0.0355423 0.0125951 0.0101089
v -0.0355478 0.0125796 0.0101039
v -0.0355873 0.0124684 0.0100966
v -0.0356252 0.0123603 0.0101274
v -0.0356556 0.0122727 0.0101922
v -0.0357163 0.0121275 0.0108953
v -0.035713 0.0121471 0.0105568
v -0.035695 0.0121899 0.0103626
v -0.0356778 0.0122684 0.0102086
v -0.0356324 0.0124007 0.0101068
v -0.0356047 0.0124797 0.0117459
v -0.0356446 0.0123658 0.0117173
v -0.0356689 0.0122959 0.0116705
v -0.0356867 0.0122442 0.011605
v -0.0356945 0.0122216 0.011556
v -0.0357126 0.0121682 0.011412
v -0.0354606 0.0128803 0.0109646
v -0.0354726 0.0128467 0.0113575
v -0.0354942 0.0127884 0.0115542
v -0.0355234 0.0127069 0.0116677
v -0.035548 0.0126388 0.0117143
v -0.0355622 0.0125988 0.0117298
v -0.0355649 0.0125913 0.0101075
v -0.0355482 0.0126381 0.0101184
v -0.0355176 0.0127235 0.0101779
v -0.0354916 0.012794 0.0102852
v -0.0354729 0.012846 0.0104611
v -0.0376073 -0.00293045 0.0113044
v -0.0376108 -0.00288127 0.0115466
v -0.0376193 -0.00277156 0.0116879
v -0.0376338 -0.0025708 0.0117446
v -0.0376452 -0.00240078 0.0117056
v -0.0376534 -0.00227716 0.0115667
v -0.0376586 -0.00218256 0.0112451
v -0.0376569 -0.0022087 0.0105509
v -0.0376561 -0.00222177 0.0104161
v -0.0376519 -0.00229089 0.0102383
v -0.0376454 -0.00239359 0.0101367
v -0.0376396 -0.00248325 0.0101046
v -0.0376283 -0.00265139 0.0101005
v -0.0376222 -0.00273269 0.0101376
v -0.0376161 -0.00281355 0.0101982
v -0.0376098 -0.00290216 0.0103682
v -0.0376244 -0.00296748 0.0109058
v -0.0376199 -0.00296178 0.0106717
v -0.0376257 -0.00293503 0.0104695
v -0.0376336 -0.00284554 0.0102413
v -0.0376414 -0.00274388 0.0101405
v -0.0376473 -0.00266201 0.0101063
v -0.037654 -0.00256784 0.0100965
v -0.0376552 -0.00255042 0.0117433
v -0.0376507 -0.00261514 0.0117415
v -0.0376353 -0.00267455 0.0117312
v -0.0376341 -0.00272679 0.0117127
v -0.0376379 -0.00279329 0.011671
v -0.0376345 -0.00283779 0.0116168
v -0.0376275 -0.00291282 0.0114796
v -0.0376789 -0.00217405 0.0109608
v -0.0376753 -0.00222807 0.0114448
v -0.0376709 -0.00230579 0.0116092
v -0.0376655 -0.00239224 0.0116946
v -0.0376604 -0.00247111 0.0117295
v -0.0376624 -0.00244379 0.0101132
v -0.037668 -0.00235621 0.0101637
v -0.0376716 -0.00229659 0.0102325
v -0.0376751 -0.00222622 0.0103872
v -0.0364956 0.00950991 0.017059
v -0.0364925 0.00952096 0.0172184
v -0.0364735 0.00959324 0.017214
v -0.036443 0.00970806 0.017296
v -0.0363941 0.00988876 0.0173198
v -0.0363166 0.0101673 0.0171684
v -0.0363007 0.0102232 0.0170726
v -0.0362945 0.0102451 0.0167739
v -0.0363038 0.0102126 0.0167019
v -0.0363232 0.010144 0.0166226
v -0.036365 0.00999509 0.0165544
v -0.0364124 0.00982101 0.0165701
v -0.0364528 0.0096707 0.0166382
v -0.0364751 0.00958708 0.0167348
v -0.0364834 0.00955562 0.0167823
v -0.0364911 0.00952686 0.0168556
v -0.0364294 0.0098344 0.0173188
v -0.0364466 0.00977151 0.017311
v -0.0364644 0.00970443 0.0172897
v -0.0364752 0.00966473 0.0172695
v -0.0364938 0.00959516 0.0172118
v -0.0365029 0.00956022 0.0171586
v -0.0365128 0.00952267 0.0170763
v -0.0363207 0.0102254 0.0170868
v -0.0363445 0.0101379 0.0172033
v -0.0363507 0.0100589 0.017264
v -0.0363896 0.00997984 0.0173012
v -0.0363909 0.0099762 0.0165549
v -0.036354 0.0101082 0.0165961
v -0.0363328 0.0101838 0.0166548
v -0.036316 0.0102426 0.0167482
v -0.0363119 0.0102573 0.0168081
v -0.0362959 0.0102668 0.0169026
v -0.0365092 0.0095367 0.0168265
v -0.0364778 0.00965514 0.0166606
v -0.0364345 0.00981588 0.0165717
v -0.0363406 0.0101561 0.0171875
v -0.0374568 0.00444954 0.0170329
v -0.0374553 0.00446259 0.0172184
v -0.0374604 0.00453402 0.0172099
v -0.0374391 0.00459671 0.0172641
v -0.0374356 0.00462409 0.0172773
v -0.0374278 0.00468659 0.017304
v -0.0374083 0.00484042 0.0173198
v -0.0373852 0.00501288 0.0172647
v -0.037374 0.00509572 0.017202
v -0.0373658 0.00515457 0.0171237
v -0.0373619 0.00518509 0.0170713
v -0.0373556 0.00522804 0.016909
v -0.0373604 0.00519438 0.0167381
v -0.0373866 0.00500371 0.0165672
v -0.0374135 0.00479884 0.0165665
v -0.0374171 0.00477081 0.0165701
v -0.037434 0.00463784 0.0166258
v -0.0374579 0.00444486 0.0167014
v -0.0374643 0.00453645 0.0167257
v -0.0374543 0.0044742 0.0168363
v -0.0374164 0.00492814 0.0173148
v -0.0374548 0.00463209 0.0172885
v -0.0374639 0.00448767 0.0171424
v -0.0374751 0.00446473 0.0170803
v -0.0373752 0.00523235 0.0169495
v -0.0373862 0.00512674 0.0171728
v -0.0374127 0.00495961 0.0165569
v -0.0373977 0.00507024 0.0166003
v -0.037377 0.00513671 0.0166526
v -0.0373794 0.00520161 0.0167482
v -0.0374766 0.00445348 0.0169707
v -0.0374743 0.00447184 0.0168564
v -0.0374721 0.00449115 0.0168041
v -0.0374616 0.00457726 0.0166789
v -0.0374445 0.00471408 0.0165837
v -0.0376682 0.00200941 0.0170772
v -0.0376678 0.00201427 0.0172184
v -0.0376637 0.00208893 0.017214
v -0.0376614 0.002187 0.0172875
v -0.0376501 0.00232052 0.0173184
v -0.0376383 0.00250211 0.0172965
v -0.0376368 0.00264299 0.0172076
v -0.0376281 0.00265138 0.017202
v -0.0376256 0.00268601 0.0171638
v -0.0376238 0.00271063 0.0171237
v -0.0376215 0.00274087 0.0170725
v -0.0376187 0.00278464 0.0169089
v -0.0376199 0.00276349 0.0167739
v -0.037622 0.00273624 0.0167127
v -0.0376249 0.00269564 0.0166594
v -0.0376254 0.00268925 0.016651
v -0.0376264 0.00267519 0.0166381
v -0.0376305 0.00261714 0.0165975
v -0.0376318 0.0025984 0.0165894
v -0.0376387 0.00250216 0.0165587
v -0.0376481 0.00235254 0.0165665
v -0.0376499 0.00232434 0.0165701
v -0.037658 0.00219055 0.0166258
v -0.0376628 0.00210562 0.0167011
v -0.0376659 0.00205325 0.0167802
v -0.0376676 0.00202037 0.0168556
v -0.0376682 0.00200752 0.0169406
v -0.0376735 0.00226094 0.0173143
v -0.0376816 0.00212744 0.0172452
v -0.0376842 0.00208177 0.0172058
v -0.037688 0.00201188 0.0170763
v -0.0376383 0.00278749 0.0169128
v -0.0376435 0.00271569 0.0171298
v -0.0376533 0.00257707 0.0172622
v -0.037661 0.00246418 0.0173053
v -0.0376646 0.0024091 0.0165546
v -0.0376553 0.00254457 0.0165667
v -0.0376475 0.00265909 0.0166213
v -0.0376405 0.00275669 0.0167483
v -0.0376873 0.00202634 0.0168266
v -0.0376816 0.00212829 0.0166789
v -0.0376765 0.00221597 0.0166124
v -0.0376436 0.00271518 0.0166788
v -0.0365968 -0.00911619 0.0076605
v -0.0366039 -0.00908573 0.00787549
v -0.036627 -0.00899391 0.00800661
v -0.0366533 -0.00888636 0.00807431
v -0.0366756 -0.00879434 0.00810118
v -0.036702 -0.00868505 0.0081105
v -0.0367395 -0.00852545 0.0080903
v -0.0368441 -0.00806446 0.00723618
v -0.0367465 -0.00848664 0.00715409
v -0.0366464 -0.00891338 0.00732924
v -0.0366096 -0.00906336 0.00747488
v -0.0366157 -0.00912159 0.00768807
v -0.0366322 -0.00905494 0.00744497
v -0.0366796 -0.00886002 0.00730405
v -0.0367159 -0.00871214 0.00726025
v -0.0367795 -0.0084431 0.00723707
v -0.0368637 -0.00806876 0.00723618
v -0.0368376 -0.00811556 0.00783339
v -0.0368637 -0.00806876 0.00775008
v -0.0367967 -0.00835983 0.00801861
v -0.0367153 -0.0087182 0.00812619
v -0.0366446 -0.00900576 0.00800322
v -0.0366216 -0.00909724 0.00786055
v -0.036618 -0.00911235 0.00760901
v -0.0376748 -0.00188187 0.0144672
v -0.0376757 -0.001865 0.0146028
v -0.0376774 -0.00182798 0.0146642
v -0.0376815 -0.00174479 0.0147252
v -0.0376893 -0.00156189 0.0147426
v -0.0376945 -0.00143271 0.0146877
v -0.0377009 -0.00126755 0.014549
v -0.0376809 -0.00175908 0.0142979
v -0.0376779 -0.00181851 0.0143445
v -0.0376772 -0.00183187 0.0143574
v -0.0376947 -0.00188288 0.0145162
v -0.0376959 -0.00185631 0.0143885
v -0.0377008 -0.00176161 0.0142963
v -0.0376981 -0.00159079 0.0142517
v -0.0377114 -0.00151582 0.0142439
v -0.0377207 -0.00126447 0.0142435
v -0.0377211 -0.00126896 0.0145575
v -0.0377116 -0.00150768 0.0147266
v -0.0377067 -0.00162551 0.0147435
v -0.0377035 -0.00170015 0.0147366
v -0.0377003 -0.00176774 0.0147124
v -0.0377013 -0.00174314 0.0147224
v -0.0376991 -0.00179335 0.0146966
v -0.0376966 -0.00184378 0.014646
v -0.0376953 -0.0018701 0.01459
v -0.0348212 0.0144581 0.0144864
v -0.0348171 0.0144676 0.0145789
v -0.0348077 0.0145003 0.014653
v -0.0347873 0.0145546 0.0147053
v -0.0347492 0.0146288 0.0147367
v -0.0346959 0.0147537 0.0147426
v -0.0346448 0.0148724 0.0146877
v -0.0345793 0.0150241 0.014549
v -0.0346819 0.0147935 0.0141728
v -0.0347794 0.0145579 0.0143049
v -0.0348096 0.0144854 0.0143873
v -0.0348383 0.0144687 0.0145385
v -0.0348337 0.0144794 0.0144117
v -0.0347957 0.0145708 0.0142999
v -0.0346405 0.0149331 0.0146465
v -0.0346925 0.0148121 0.0147266
v -0.0347607 0.014653 0.0147404
v -0.0347918 0.0145793 0.0147161
v -0.0348195 0.0145136 0.0146608
v -0.0348331 0.0144812 0.0145989
v -0.0345966 0.0150338 0.0145483
v -0.034599 0.0150283 0.0142305
v -0.0359292 0.0114534 0.0144672
v -0.0359196 0.0114832 0.0146394
v -0.0358985 0.0115482 0.0147034
v -0.0358869 0.0115842 0.0147228
v -0.0358723 0.011629 0.0147367
v -0.0358386 0.011732 0.0147437
v -0.0357367 0.0120373 0.014549
v -0.0358381 0.0117333 0.0142498
v -0.0358915 0.0115704 0.0142979
v -0.035914 0.0115004 0.0143586
v -0.0359455 0.011468 0.014587
v -0.0359465 0.0114648 0.0144564
v -0.0359362 0.0114967 0.014369
v -0.0358986 0.0116141 0.014276
v -0.035814 0.0118309 0.0147141
v -0.035832 0.0118152 0.0147244
v -0.0358545 0.0117474 0.0147401
v -0.0358687 0.0117045 0.0147435
v -0.0358918 0.0116335 0.0147366
v -0.0359072 0.0115859 0.0147202
v -0.0359266 0.0115262 0.0146821
v -0.0358134 0.011871 0.0146939
v -0.0357553 0.0120455 0.0145497
v -0.0357548 0.0120437 0.0142368
v -0.0357914 0.0118892 0.0146824
v -0.0367758 0.00836868 0.0144518
v -0.0367737 0.00837809 0.0145967
v -0.0367395 0.00852618 0.014733
v -0.0367038 0.00867624 0.0147426
v -0.0366738 0.00880186 0.0146877
v -0.036635 0.00896265 0.014549
v -0.0367493 0.00848417 0.0142979
v -0.0367625 0.00842615 0.0143445
v -0.0367656 0.00841313 0.0143574
v -0.0367961 0.00836953 0.0145286
v -0.0367931 0.00838208 0.0144197
v -0.0367758 0.00845776 0.0143145
v -0.0367318 0.00861194 0.0142556
v -0.0366535 0.00896744 0.0142368
v -0.0366547 0.00896674 0.0145575
v -0.0367046 0.00875906 0.0147139
v -0.0367275 0.00866364 0.0147401
v -0.036755 0.00854703 0.0147366
v -0.0367686 0.00848809 0.0147161
v -0.0367631 0.0084386 0.0146872
v -0.0367848 0.00841867 0.0146608
v -0.0367914 0.00838997 0.014614
v -0.0367383 0.0086189 0.0147435
v -0.0358008 -0.0118458 0.00753574
v -0.0358226 -0.0117804 0.0077637
v -0.0358478 -0.0117036 0.0079077
v -0.035887 -0.0116382 0.00799624
v -0.035897 -0.0115531 0.00805558
v -0.0359523 -0.0113806 0.00811198
v -0.0360367 -0.0111136 0.00807184
v -0.0361071 -0.0108829 0.00788473
v -0.0361737 -0.0106614 0.00764272
v -0.0361758 -0.0106541 0.00663944
v -0.0360571 -0.0110478 0.00622061
v -0.0359628 -0.0113491 0.00615334
v -0.0359076 -0.0115201 0.00620461
v -0.0358739 -0.01164 0.0062957
v -0.0358208 -0.0117861 0.00654149
v -0.0357976 -0.0118731 0.00689355
v -0.0362979 -0.0102334 0.00469897
v -0.0361772 -0.0106494 0.00472207
v -0.0363031 -0.0102152 0.00836749
v -0.0358055 -0.011886 0.00727093
v -0.0358348 -0.0118065 0.00657446
v -0.0358648 -0.0117139 0.00637876
v -0.0359415 -0.0114798 0.00618118
v -0.036195 -0.0106598 0.00761336
v -0.0361913 -0.0106733 0.00658821
v -0.036048 -0.0111443 0.00807852
v -0.0361272 -0.0108888 0.00789723
v -0.0358414 -0.0117864 0.00777162
v -0.0359954 -0.0113123 0.00615568
v -0.0360663 -0.011087 0.00620894
v -0.0359631 -0.0114147 0.00811049
v -0.0372998 -0.00561229 0.00810907
v -0.0373383 -0.00537335 0.00800501
v -0.0373464 -0.0052923 0.00791727
v -0.0373506 -0.00526311 0.00788442
v -0.0373705 -0.00512145 0.00755138
v -0.0373765 -0.00507704 0.00714553
v -0.0373614 -0.00519237 0.00644866
v -0.0373371 -0.00535719 0.00625356
v -0.0373163 -0.00550041 0.00617486
v -0.0372828 -0.00571992 0.00615534
v -0.0372486 -0.00593846 0.00623835
v -0.0372216 -0.00610276 0.00637128
v -0.0371968 -0.00632072 0.00658616
v -0.0371805 -0.0063482 0.00762462
v -0.03723 -0.00605389 0.00795399
v -0.0372647 -0.00584079 0.0080861
v -0.0371037 -0.00677965 0.0058747
v -0.0372002 -0.00635159 0.00665552
v -0.0372701 -0.00593044 0.00623213
v -0.0372002 -0.00635159 0.00762462
v -0.0372489 -0.00606041 0.00793837
v -0.0373299 -0.00554445 0.00616597
v -0.0373036 -0.00571702 0.00615024
v -0.0373471 -0.0054281 0.00804188
v -0.0373595 -0.00534254 0.00626898
v -0.0373494 -0.00541053 0.00621394
v -0.0373734 -0.0052429 0.00638243
v -0.0373905 -0.00512719 0.00666514
v -0.037397 -0.00507965 0.00729168
v -0.0373766 -0.00522844 0.00784768
v -0.0373245 -0.00551134 0.00808419
v -0.0372891 -0.0058064 0.00810634
v -0.0372563 -0.00601599 0.00798623
v -0.0340881 0.0161002 0.00810907
v -0.0340213 0.0162392 0.00806125
v -0.0339784 0.0163279 0.00799436
v -0.0339476 0.0163914 0.00791727
v -0.0339348 0.016418 0.00788443
v -0.0338609 0.016569 0.00745713
v -0.0338695 0.0165511 0.0067135
v -0.0339 0.0164892 0.00649167
v -0.0339692 0.0163471 0.00627029
v -0.0339952 0.0162934 0.00622152
v -0.0340495 0.0161804 0.0061698
v -0.0340987 0.0160771 0.00615355
v -0.0341806 0.0159041 0.00618477
v -0.0342858 0.0156762 0.00634325
v -0.0343904 0.0154379 0.00767792
v -0.0341959 0.0158723 0.00808108
v -0.0345794 0.015023 0.00587488
v -0.0343339 0.0156184 0.00640578
v -0.0341896 0.0159332 0.00617041
v -0.0339866 0.0163571 0.00626898
v -0.0340375 0.0162516 0.00618412
v -0.0339449 0.0164148 0.00634487
v -0.0338759 0.0165819 0.00670804
v -0.0338969 0.0165399 0.00760671
v -0.0339542 0.0164241 0.00789212
v -0.0340547 0.0162171 0.0080883
v -0.0342327 0.015845 0.00807011
v -0.0344761 0.0152992 0.00709988
v -0.0342606 0.0157796 0.00626705
v -0.0352429 0.0134057 0.00810907
v -0.0351871 0.0135495 0.00806126
v -0.0351514 0.0136412 0.00799444
v -0.0351148 0.0137345 0.00788443
v -0.035053 0.0138909 0.00745712
v -0.0350602 0.0138723 0.00671349
v -0.0350858 0.0138082 0.00649165
v -0.0351436 0.0136611 0.00627029
v -0.0351653 0.0136055 0.00622152
v -0.0352129 0.0134828 0.00616786
v -0.0352871 0.0132884 0.00615952
v -0.0354463 0.0129117 0.00640025
v -0.0354151 0.0129338 0.00627048
v -0.0355023 0.0127067 0.00665552
v -0.0354925 0.0127218 0.00767792
v -0.0353325 0.0131701 0.00808108
v -0.0355032 0.0127043 0.00933002
v -0.0356485 0.0122934 0.00587482
v -0.035331 0.0132313 0.00617041
v -0.0351617 0.0136697 0.00626898
v -0.0352042 0.0135606 0.00618413
v -0.0351082 0.0137854 0.00641485
v -0.0350623 0.0139166 0.0070028
v -0.0351051 0.0138168 0.0077768
v -0.0352188 0.0135248 0.0080883
v -0.0353671 0.01314 0.00807011
v -0.0355831 0.0125928 0.00726922
v -0.0353898 0.0130726 0.006267
v -0.0377249 -0.000327924 0.0142284
v -0.0377229 -0.000231901 0.0146149
v -0.0377221 8.32695e-07 0.0147492
v -0.0377216 0.0001783 0.0146956
v -0.0377193 0.000403417 0.0144853
v -0.0377209 0.000401878 0.0138677
v -0.0377217 0.000165685 0.013664
v -0.0377219 9.33004e-05 0.0136348
v -0.0377222 -4.62885e-05 0.0136291
v -0.0377218 -0.000120755 0.013664
v -0.0377217 -0.00015605 0.0136875
v -0.0377214 -0.000213772 0.0137495
v -0.037721 -0.000290427 0.0139087
v -0.0377408 -0.000298316 0.013942
v -0.0377415 -0.000230546 0.0137716
v -0.0377416 -0.000158137 0.0136885
v -0.037742 -7.56556e-05 0.0136406
v -0.0377409 -0.000268451 0.0145382
v -0.0377407 -0.000308998 0.0143771
v -0.0377421 2.71782e-05 0.0136241
v -0.0377417 0.000145243 0.0136535
v -0.037736 -0.000140788 0.0147037
v -0.037741 0.00027401 0.0146189
v -0.0377419 -0.000101862 0.0147221
v -0.0377415 0.000189548 0.0146877
v -0.0377418 0.000112449 0.0147274
v -0.0377421 -1.12647e-05 0.0147458
v -0.0377409 0.000247176 0.0137192
v -0.0377414 0.000492433 0.0142366
v -0.0354248 0.0129197 0.0141957
v -0.0354009 0.012985 0.0145471
v -0.0353666 0.0130779 0.0146895
v -0.0353153 0.0132144 0.0147461
v -0.0352566 0.0133689 0.0147149
v -0.0351641 0.0136073 0.0144853
v -0.0351662 0.0136064 0.0138677
v -0.0352629 0.0133525 0.0136442
v -0.0353255 0.0131875 0.0136291
v -0.0353515 0.0131177 0.013664
v -0.0353638 0.0130846 0.0136875
v -0.0354341 0.0129518 0.0139649
v -0.0354143 0.012994 0.013824
v -0.0353896 0.0130296 0.0137532
v -0.0353837 0.0130883 0.01369
v -0.0353573 0.0131595 0.0136428
v -0.0352301 0.0134938 0.0146189
v -0.0352696 0.0133905 0.0147049
v -0.0353169 0.0132666 0.0147441
v -0.0353445 0.0131933 0.014739
v -0.035377 0.0131061 0.0147033
v -0.0354054 0.0130293 0.0146212
v -0.0354407 0.0129346 0.0141737
v -0.0354294 0.0129638 0.0144706
v -0.0353064 0.0132942 0.0136244
v -0.0352492 0.0134437 0.0136957
v -0.0351543 0.0136987 0.0142365
v -0.0377206 0.000323275 0.0103704
v -0.0377204 0.000338666 0.0104819
v -0.0377194 0.000429509 0.0106136
v -0.0377144 0.000667936 0.0108568
v -0.0377123 0.000852359 0.010659
v -0.0377103 0.000936064 0.01057
v -0.0377092 0.000978268 0.0104949
v -0.0377087 0.000998786 0.010405
v -0.0377089 0.000990695 0.0103022
v -0.0377094 0.000971023 0.0102487
v -0.0377106 0.000921239 0.0101804
v -0.0377124 0.000848324 0.0101319
v -0.0377167 0.000621272 0.0100911
v -0.0377198 0.000421471 0.0101586
v -0.0377203 0.000359984 0.0102311
v -0.0377205 0.000336263 0.0102851
v -0.0377212 0.000264483 0.0114996
v -0.0377206 0.000327659 0.0116269
v -0.0377193 0.000449207 0.011719
v -0.037715 0.000727033 0.0117395
v -0.0377123 0.00085167 0.0117093
v -0.03771 0.000943959 0.0116552
v -0.0377082 0.00101451 0.0115399
v -0.0377078 0.00102987 0.0114079
v -0.0377093 0.000974644 0.0112481
v -0.0377197 0.000655976 0.0109939
v -0.0377197 0.000403868 0.011148
v -0.0377209 0.00028776 0.011296
v -0.0377411 0.000262707 0.0114173
v -0.0377409 0.000285477 0.0113061
v -0.0377406 0.000328825 0.0112311
v -0.0377342 0.000775494 0.0117415
v -0.0377388 0.000464428 0.0117202
v -0.0377401 0.000382949 0.0116773
v -0.0377405 0.00033092 0.0116314
v -0.037741 0.000282074 0.0115465
v -0.0377279 0.00102929 0.0114352
v -0.0377286 0.00100311 0.0115835
v -0.0377308 0.000916982 0.0116736
v -0.037738 0.000582381 0.0109861
v -0.0377327 0.000831104 0.0111181
v -0.03773 0.000949499 0.0112188
v -0.0377287 0.00100423 0.0113036
v -0.037728 0.00102589 0.0113899
v -0.0377404 0.000317781 0.0104107
v -0.0377401 0.000376655 0.0101982
v -0.0377391 0.000468514 0.0101329
v -0.0377385 0.000510974 0.0101175
v -0.0377373 0.000581882 0.0100997
v -0.037736 0.000685326 0.0107912
v -0.0377401 0.000393362 0.0105731
v -0.0377399 0.000372385 0.0105406
v -0.0377286 0.000996756 0.0103252
v -0.0377289 0.000993675 0.0104453
v -0.0377299 0.000944737 0.0105593
v -0.0377342 0.000766258 0.010105
v -0.0377319 0.000875777 0.0101452
v -0.0377305 0.000928828 0.0101879
v -0.0377295 0.000968074 0.0102404
f 4182 3991 4175
f 4758 4755 4156
f 4755 4155 4156
f 4183 4177 4182
f 4177 3991 4182
f 4176 4181 4175
f 4175 4181 4182
f 4172 4171 4169
f 4170 4168 4173
f 4168 4167 4173
f 4158 4154 4755
f 4154 4155 4755
f 4157 4179 4174
f 4179 4178 4174
f 4174 4178 4176
f 4178 4180 4176
f 4176 4180 4181
f 4169 4170 4172
f 4172 4170 3998
f 4170 4173 3998
f 4163 4757 4164
f 4156 4157 4758
f 4157 4174 4758
f 4758 4174 4756
f 4174 4173 4756
f 4173 4167 4756
f 4167 4754 4756
f 4163 4162 4757
f 4757 4162 4760
f 4162 3978 4760
f 3978 4161 4760
f 4760 4161 4761
f 4161 4160 4761
f 4761 4160 4755
f 4160 4159 4755
f 4755 4159 4158
f 4757 4754 4164
f 4164 4754 4165
f 4165 4754 4166
f 4166 4754 4167
f 4193 4194 4188
f 4194 4201 4188
f 4188 4201 4184
f 4200 4204 4189
f 4204 4203 4189
f 4189 4203 4201
f 4203 4187 4201
f 4201 4187 4184
f 4187 4186 4184
f 4198 4197 4008
f 4197 4202 4008
f 4008 4202 4189
f 4202 4199 4189
f 4189 4199 4190
f 4193 4196 4194
f 4185 4184 4186
f 4190 4200 4189
f 4196 4195 4194
f 4195 4191 4194
f 4194 4191 4192
f 4209 4694 4211
f 4211 4694 4212
f 4694 4693 4212
f 4212 4693 4011
f 4693 4687 4011
f 4011 4687 4013
f 4687 4698 4013
f 4013 4698 4213
f 4213 4698 4214
f 4214 4698 4215
f 4698 4690 4215
f 4215 4690 4216
f 4690 4686 4216
f 4216 4686 4217
f 4686 4689 4217
f 4217 4689 4218
f 4218 4689 4219
f 4689 4692 4219
f 4692 4688 4219
f 4219 4688 4018
f 4688 4685 4018
f 4018 4685 4220
f 4685 4684 4220
f 4220 4684 4210
f 4684 4695 4210
f 4210 4695 4205
f 4695 4699 4205
f 4205 4699 4206
f 4206 4699 4207
f 4017 4207 4208
f 4207 4691 4208
f 4208 4691 4209
f 4209 4691 4694
f 4228 4230 4780
f 4236 4235 4768
f 4225 4224 4775
f 4230 4231 4226
f 4779 4229 4780
f 4229 4228 4780
f 4235 4234 4768
f 4234 4233 4768
f 4768 4233 4777
f 4233 4232 4777
f 4775 4224 4770
f 4224 4223 4770
f 4770 4223 4221
f 4775 4780 4225
f 4225 4780 4226
f 4226 4780 4230
f 4226 4231 4227
f 4043 4239 4776
f 4776 4239 4769
f 4239 4238 4769
f 4243 4767 4244
f 4778 4774 4244
f 4244 4774 4245
f 4774 4772 4245
f 4232 4229 4777
f 4229 4779 4777
f 4779 4778 4777
f 4777 4778 4771
f 4778 4244 4771
f 4244 4767 4771
f 4221 4222 4770
f 4770 4222 4773
f 4222 4246 4773
f 4773 4246 4772
f 4246 4245 4772
f 4238 4237 4769
f 4237 4236 4769
f 4769 4236 4768
f 4240 4767 4241
f 4241 4767 4242
f 4767 4243 4242
f 4043 4776 4240
f 4776 4766 4240
f 4240 4766 4767
f 4251 4717 4253
f 4717 4709 4253
f 4253 4709 4254
f 4709 4705 4254
f 4254 4705 4255
f 4255 4705 4256
f 4705 4715 4256
f 4256 4715 4029
f 4715 4703 4029
f 4029 4703 4034
f 4034 4703 4257
f 4703 4702 4257
f 4257 4702 4258
f 4258 4702 4259
f 4702 4707 4259
f 4707 4711 4259
f 4259 4711 4260
f 4260 4711 4054
f 4711 4706 4054
f 4706 4701 4054
f 4054 4701 4261
f 4701 4700 4261
f 4261 4700 4252
f 4700 4710 4252
f 4252 4710 4247
f 4710 4716 4247
f 4247 4716 4248
f 4716 4704 4248
f 4704 4708 4248
f 4248 4708 4249
f 4249 4708 4250
f 4250 4708 4251
f 4251 4708 4717
f 4262 4270 4279
f 4270 4277 4279
f 4278 4270 4274
f 4275 4273 4271
f 4272 4274 4270
f 4268 4271 4276
f 4273 4276 4271
f 4276 4269 4268
f 4268 4269 4265
f 4272 4270 4267
f 4270 4262 4267
f 4267 4262 4264
f 4262 4263 4264
f 4264 4263 4265
f 4263 4266 4265
f 4265 4266 4268
f 4296 3948 4292
f 3948 4293 4292
f 4280 4281 4294
f 4294 4281 4290
f 4295 4280 4294
f 4292 4293 3941
f 4293 4291 3941
f 4291 4288 3941
f 3941 4288 4289
f 4288 4284 4289
f 4289 4284 4287
f 4284 4283 4287
f 4284 4285 4283
f 4285 4286 4283
f 4283 4286 4282
f 4286 4290 4282
f 4282 4290 4281
f 4304 4303 4305
f 4303 4302 4305
f 4310 4309 4300
f 4309 4308 4300
f 4300 4308 4301
f 4308 4307 4301
f 4301 4307 4302
f 4307 4306 4302
f 4302 4306 4305
f 4676 4679 4299
f 4299 4679 4300
f 4679 4683 4300
f 4300 4683 4310
f 4683 4678 4310
f 4678 4675 4310
f 4675 4677 4310
f 4310 4677 4057
f 4057 4677 4061
f 4298 4097 4667
f 4097 4297 4667
f 4667 4297 4680
f 4680 4297 4673
f 4297 4316 4673
f 4316 4098 4673
f 4673 4098 4674
f 4674 4098 4670
f 4098 4315 4670
f 4315 4314 4670
f 4670 4314 4671
f 4314 4066 4671
f 4671 4066 4668
f 4066 4313 4668
f 4676 4299 4667
f 4299 4298 4667
f 4668 4313 4672
f 4313 4312 4672
f 4672 4312 4666
f 4312 4311 4666
f 4311 4063 4666
f 4666 4063 4669
f 4063 4064 4669
f 4669 4064 4677
f 4064 4061 4677
f 4329 4322 4324
f 4317 4318 4326
f 4324 4322 4330
f 4327 4318 4322
f 4318 4328 4322
f 4322 4328 4323
f 4329 4324 4081
f 4318 4327 4326
f 4326 4327 4320
f 4323 4325 4322
f 4322 4325 4330
f 4081 4324 4321
f 4327 4319 4320
f 4326 4082 4317
f 4341 4342 4343
f 4336 4345 4334
f 4345 4337 4334
f 4334 4337 4105
f 4342 4344 4343
f 4340 4341 4343
f 4331 4333 4102
f 4102 4333 4337
f 4333 4338 4337
f 4337 4338 4339
f 4337 4339 4105
f 4344 4342 4334
f 4342 4335 4334
f 4334 4335 4336
f 4332 4331 4102
f 10379 10377 8020
f 8020 10377 8019
f 10377 10376 8019
f 8019 10376 6682
f 6682 10376 8018
f 10376 10375 8018
f 10375 10374 8018
f 10374 8017 8018
f 8017 10374 8016
f 8016 10374 8024
f 10374 10373 8024
f 10373 10372 8024
f 8024 10372 8023
f 10372 10371 8023
f 8023 10371 8022
f 8022 10371 8021
f 10371 10370 8021
f 8021 10370 8029
f 10370 10369 8029
f 10369 10368 8029
f 10368 10367 8029
f 8029 10367 8028
f 10367 10390 8028
f 10390 10366 8028
f 8028 10366 8027
f 8027 10366 8026
f 8026 10366 8025
f 10366 10365 8025
f 8025 10365 8015
f 10365 10383 8015
f 8015 10383 8014
f 10383 10364 8014
f 8020 8009 10379
f 10379 8009 10363
f 10363 8009 10385
f 10385 8009 10364
f 8009 8010 10364
f 8010 8011 10364
f 8011 8012 10364
f 8012 8013 10364
f 10364 8013 8014
f 6702 10399 8037
f 10399 10417 8037
f 8037 10417 8036
f 10417 10416 8036
f 10416 10415 8036
f 8036 10415 8035
f 10415 10414 8035
f 10414 10413 8035
f 8035 10413 8043
f 10413 10412 8043
f 10412 10411 8043
f 8043 10411 8042
f 8042 10411 8041
f 8041 10411 8040
f 10411 10410 8040
f 8040 10410 8039
f 8039 10410 8038
f 10410 10409 8038
f 8038 10409 8046
f 10409 10408 8046
f 10408 10407 8046
f 10407 10406 8046
f 8046 10406 6945
f 10406 10405 6945
f 6945 10405 8045
f 8045 10405 8044
f 8044 10405 8034
f 10405 10404 8034
f 10404 10403 8034
f 8034 10403 8033
f 10403 10425 8033
f 10425 10402 8033
f 6702 8030 10399
f 10399 8030 10427
f 10427 8030 10400
f 8030 8031 10400
f 10400 8031 10401
f 10401 8031 10402
f 8031 8032 10402
f 10402 8032 8033
f 8085 7081 8063
f 7081 8084 8063
f 8084 8083 8063
f 8086 8082 8081
f 8081 8080 8086
f 8086 8080 8079
f 8083 8086 8063
f 8063 8086 8079
f 8069 8048 8078
f 8078 8077 8069
f 8077 8071 8069
f 8069 8071 8072
f 6919 6921 8076
f 6919 8076 8074
f 8076 8075 8074
f 8075 8073 8074
f 8074 8073 8071
f 8073 8072 8071
f 8069 8070 8048
f 8048 8070 8067
f 8087 8065 8066
f 8087 8064 8061
f 8061 8064 8063
f 8063 8064 8085
f 8061 8062 8047
f 8047 8048 8061
f 8048 8067 8061
f 8061 8067 8087
f 8067 8068 8087
f 8087 8068 8065
f 8062 8060 8047
f 8047 8060 8049
f 8047 8049 8050
f 8054 8052 8059
f 8052 8051 8059
f 8056 8057 7110
f 8055 8054 8056
f 8054 8057 8056
f 8055 8058 8054
f 8054 8058 8052
f 7108 8051 8053
f 8051 8052 8053
f 7108 8053 8049
f 8053 8050 8049
f 8094 10450 7114
f 10450 10449 7114
f 10449 10448 7114
f 7114 10448 8101
f 10448 10447 8101
f 10447 10446 8101
f 10446 10445 8101
f 8101 10445 8100
f 8100 10445 8099
f 8099 10445 7088
f 10445 10444 7088
f 7088 10444 8098
f 8098 10444 8097
f 10444 10443 8097
f 8097 10443 8107
f 10443 10442 8107
f 10442 10441 8107
f 8107 10441 8106
f 8106 10441 8105
f 8105 10441 6929
f 6929 10441 8104
f 8104 10441 8103
f 10441 10440 8103
f 8103 10440 8102
f 8102 10440 8093
f 8093 10440 8092
f 10440 10439 8092
f 8092 10439 8091
f 8094 8095 10450
f 10450 8095 10453
f 10453 8095 10452
f 8095 7068 10452
f 7068 8096 10452
f 10452 8096 10451
f 10451 8096 10437
f 8096 6871 10437
f 6871 8088 10437
f 8088 8089 10437
f 10437 8089 10438
f 10438 8089 10439
f 8089 8090 10439
f 10439 8090 8091
f 8127 8125 10188
f 10188 8125 10186
f 8125 8124 10186
f 10186 8124 8123
f 8131 8126 10187
f 10187 8126 10188
f 8126 8127 10188
f 8128 10185 8132
f 10185 8133 8132
f 8128 8129 10185
f 10185 8129 8130
f 10185 8130 10187
f 10187 8130 8131
f 10186 8123 10185
f 8123 8121 10185
f 10185 8121 8122
f 8119 8116 8108
f 8108 8116 8117
f 8108 8117 8118
f 8118 8111 8108
f 8108 8111 8112
f 8112 8113 10189
f 8113 8114 10189
f 8114 8115 10189
f 10189 8115 8112
f 8115 8110 8112
f 8112 8110 8108
f 8122 8120 10185
f 8120 8119 10185
f 10185 8119 8133
f 8119 8108 8133
f 8108 8109 8133
f 8109 8137 8133
f 8137 8138 8133
f 8133 8138 8139
f 8139 8140 8133
f 8133 8140 8134
f 8140 8135 8134
f 8140 8136 8135
f 8161 8160 8164
f 8162 8161 8158
f 8161 8164 8158
f 8164 8159 8158
f 8164 8160 8159
f 8142 8163 8158
f 8158 8163 8162
f 8142 8158 8157
f 8157 8155 8142
f 8142 8155 8141
f 8155 8156 8141
f 8141 8156 8143
f 8151 8149 8152
f 8146 8153 8147
f 8153 8149 8147
f 8147 8149 8150
f 8149 8151 8150
f 8154 8146 8148
f 8146 8147 8148
f 8154 8148 8143
f 8148 8145 8143
f 8145 8144 8143
f 8143 8144 8141
f 8200 8206 8204
f 8204 8206 8205
f 8205 8203 8207
f 8207 8202 8205
f 8202 8201 8205
f 8204 8205 8201
f 8204 8199 8200
f 8200 8199 8198
f 8198 8199 8197
f 8197 8199 8169
f 8169 8199 8168
f 8199 8196 8168
f 8168 8196 8167
f 8196 8195 8167
f 8167 8195 8166
f 8166 8195 8165
f 8195 8194 8165
f 8194 8193 8165
f 8193 8192 8165
f 8165 8192 8191
f 8192 8190 8191
f 8191 8190 8188
f 8190 8189 8188
f 8188 8189 8186
f 8189 8187 8186
f 8186 8187 8185
f 8185 8187 8184
f 8184 8187 8180
f 8187 8183 8180
f 8183 8182 8180
f 8180 8182 8179
f 8170 7079 8179
f 7079 8181 8179
f 8179 8181 8180
f 6632 8178 8208
f 8177 6632 8176
f 6632 8208 8176
f 8176 8208 8179
f 8179 8208 8175
f 8175 8174 8179
f 8174 8173 8179
f 8173 8172 8179
f 8179 8172 8171
f 8171 8170 8179
f 8246 8247 8240
f 8247 8245 8240
f 8245 8244 8240
f 8244 8243 8240
f 8243 6325 8240
f 8239 8237 8230
f 8237 8238 8230
f 8238 8235 8230
f 8235 8236 8230
f 8230 8236 8234
f 8234 8233 8230
f 8224 8229 8231
f 8229 8230 8231
f 8231 8230 8232
f 8230 8233 8232
f 8211 8228 8210
f 8228 8226 8210
f 8210 8226 8224
f 8226 6332 8224
f 6332 8225 8224
f 8225 8227 8224
f 8224 8227 8229
f 8217 8222 8221
f 8221 8209 8217
f 8217 8209 8220
f 6325 8242 8240
f 8242 8241 8240
f 8240 8241 8223
f 8241 8218 8223
f 8223 8218 8219
f 8218 8217 8219
f 8219 8217 8220
f 8215 8222 8217
f 8217 8216 8215
f 8215 8216 8214
f 8216 8212 8214
f 8214 8212 8213
f 8213 8212 8210
f 8210 8212 8211
f 8252 8253 6157
f 8263 8261 8260
f 8262 8261 8259
f 8261 8263 8259
f 8262 8259 8254
f 8254 8259 8258
f 8257 8254 8258
f 6157 8254 8252
f 8252 8254 8255
f 8254 8257 8255
f 8255 8257 8256
f 8257 8264 8256
f 8252 8248 8249
f 8250 8251 8249
f 8249 8251 8252
f 8251 8253 8252
f 8314 8316 6278
f 6278 8316 8315
f 8315 8316 8299
f 8316 8298 8299
f 6278 8317 8314
f 8317 8313 8314
f 8314 8313 8312
f 8312 8313 8310
f 8313 8311 8310
f 8310 8311 8309
f 8309 8311 8308
f 8302 6439 8305
f 8305 6439 8307
f 6439 8306 8307
f 8307 8306 8308
f 8306 8309 8308
f 8305 8304 8302
f 8304 8303 8302
f 8303 8301 8302
f 8301 8303 8300
f 8269 8288 8289
f 8289 8288 8291
f 8288 8290 8291
f 8291 8290 8293
f 8290 8292 8293
f 8293 8292 8295
f 8292 8294 8295
f 8295 8294 8297
f 8294 8296 8297
f 8297 8296 8298
f 8296 6310 8298
f 8298 6310 8299
f 8289 8287 8269
f 8287 8286 8269
f 8286 8285 8269
f 8269 8285 8268
f 8268 8285 8283
f 8283 8284 8268
f 8268 8284 8282
f 8282 8280 8281
f 8281 6367 8282
f 8282 6367 8265
f 8265 8266 8282
f 8266 8267 8282
f 8282 8267 8268
f 8300 8303 8278
f 8303 8279 8278
f 8279 5960 8278
f 8275 8277 5960
f 5960 8277 8278
f 8277 8275 8276
f 8276 8275 8271
f 8271 8275 8273
f 8273 8275 8274
f 8271 8273 8272
f 8272 8270 8271
f 8326 10950 6457
f 6457 10950 8325
f 8325 10950 8324
f 10950 10949 8324
f 8345 10926 10948
f 10926 8324 10948
f 10948 8324 10949
f 10948 10947 8345
f 8345 10947 8344
f 8344 10947 6418
f 10947 10946 6418
f 6418 10946 8349
f 10946 10945 8349
f 8349 10945 8348
f 8348 10945 8347
f 10945 10944 8347
f 8347 10944 8346
f 8346 10944 8323
f 10942 8323 10943
f 8323 10944 10943
f 10942 10941 8323
f 8323 10941 8322
f 8322 10941 8321
f 8321 10941 8320
f 10941 10940 8320
f 8320 10940 8319
f 10939 8319 10940
f 8326 8318 10950
f 10950 8318 10939
f 8318 7838 10939
f 7838 6395 10939
f 10939 6395 8319
f 10923 10938 8334
f 10938 10937 8334
f 8334 10937 8333
f 10937 10936 8333
f 8333 10936 8332
f 8332 10936 6433
f 10936 10935 6433
f 6433 10935 8335
f 8335 10935 8340
f 10935 10934 8340
f 8340 10934 8339
f 10934 10933 8339
f 8339 10933 8338
f 8338 10933 8337
f 10933 10932 8337
f 10931 8336 10932
f 8336 8337 10932
f 8336 10931 6441
f 10931 10930 6441
f 6441 10930 8342
f 10930 10929 8342
f 8342 10929 8341
f 10929 10928 8341
f 8341 10928 8343
f 10928 10927 8343
f 8343 10927 10926
f 10926 10925 8331
f 8331 10925 8330
f 10925 10924 8330
f 10924 8329 8330
f 8334 8327 10923
f 10923 8327 10924
f 8327 8328 10924
f 10924 8328 8329
f 8394 8392 8368
f 8392 8393 8368
f 8393 8391 8368
f 8395 8390 8389
f 8395 8389 8388
f 8395 8388 8387
f 8395 8387 8386
f 8391 8395 8368
f 8368 8395 8386
f 8351 8385 8375
f 8385 8378 8375
f 8375 8378 8380
f 8382 8384 8383
f 8381 8384 8382
f 8382 8379 8381
f 8381 8379 8378
f 8379 8380 8378
f 8366 8372 8373
f 8371 8370 8373
f 8373 8370 8369
f 8373 8369 8366
f 8366 8369 8368
f 8368 8369 8394
f 8366 8367 8350
f 8376 8374 8377
f 8374 8372 8377
f 8377 8372 8375
f 8372 8366 8375
f 8375 8366 8351
f 8366 8350 8351
f 8367 8352 8350
f 8350 8352 8354
f 8358 8356 8364
f 8356 8355 8364
f 8362 8361 8359
f 8360 8358 8359
f 8358 8362 8359
f 8360 8363 8358
f 8358 8363 8356
f 8365 8355 8353
f 8353 8355 8357
f 8355 8356 8357
f 8365 8353 8352
f 8353 8354 8352
f 10490 10488 8405
f 8405 10488 8404
f 10488 10487 8404
f 8404 10487 8403
f 10487 10486 8403
f 10486 10485 8403
f 10485 8402 8403
f 8402 10485 7733
f 7733 10485 7716
f 10485 10484 7716
f 10484 10483 7716
f 7716 10483 8409
f 10483 10482 8409
f 8409 10482 8408
f 8408 10482 8407
f 8407 10482 7700
f 10482 10481 7700
f 10481 10480 7700
f 7700 10480 8406
f 10480 10479 8406
f 8406 10479 8413
f 8413 10479 8412
f 8412 10479 8411
f 10479 10478 8411
f 8411 10478 7730
f 10478 10477 7730
f 7730 10477 8410
f 8410 10477 7959
f 7959 10477 8401
f 10477 10476 8401
f 10476 10498 8401
f 10498 10499 8401
f 10499 10475 8401
f 8401 10475 8400
f 8405 8396 10490
f 10490 8396 10473
f 10473 8396 10474
f 8396 8397 10474
f 8397 8399 10474
f 8399 8398 10474
f 10474 8398 10475
f 10475 8398 8400
f 8415 8450 8414
f 8450 8449 8414
f 8449 8448 8414
f 8414 8448 8447
f 8446 8445 8416
f 8414 8447 8444
f 8416 8445 8443
f 8445 8414 8443
f 8443 8414 8444
f 8442 8441 8436
f 8439 8441 8440
f 8439 8438 8441
f 8438 8436 8441
f 8435 8437 8436
f 8436 8437 8442
f 8436 8434 8435
f 8435 8434 8433
f 8433 8434 7632
f 7632 8434 8432
f 8432 8434 8429
f 8434 8431 8429
f 8431 8430 8429
f 8430 8428 8429
f 8429 8428 8426
f 8428 8427 8426
f 8426 8427 8425
f 8426 8425 8423
f 8425 8424 8423
f 8423 8424 8421
f 8424 8422 8421
f 8421 8422 7967
f 8422 8420 7967
f 7967 8420 8419
f 8420 8418 8419
f 8419 8418 8416
f 8416 8418 8417
f 8416 8417 8446
f 8453 8454 8495
f 8495 8454 8497
f 8497 8496 8495
f 8496 8451 8495
f 8451 8452 8495
f 8493 8492 5662
f 8494 5662 8490
f 8490 5662 8492
f 8494 8490 8452
f 8490 8491 8452
f 8491 8489 8452
f 8452 8489 8495
f 8488 8487 8483
f 8498 8485 8486
f 8498 8486 8484
f 8487 8498 8483
f 8498 8484 8483
f 8482 8481 8479
f 8481 8480 8479
f 8479 8480 8483
f 8483 8480 8488
f 8482 8479 8478
f 8478 8479 8476
f 8479 8475 8476
f 8475 8477 8474
f 8474 8477 8473
f 8473 8477 8472
f 8472 8477 8470
f 8477 8471 8470
f 8470 8471 8468
f 8471 8469 8468
f 8469 8467 8468
f 8467 8466 8465
f 8465 8466 8464
f 8464 8466 8463
f 8463 8466 8461
f 8466 8462 8461
f 8461 8462 8460
f 8460 8462 8459
f 8462 8457 8459
f 8459 8457 8458
f 8458 8457 8453
f 8457 8456 8453
f 8456 8455 8453
f 8453 8455 8454
f 8516 8531 5668
f 5668 8530 8516
f 8530 8529 8516
f 8529 8528 8516
f 8516 8528 8526
f 8528 8524 8525
f 8525 8527 8528
f 8528 8527 8526
f 8514 8516 8522
f 8522 8523 8514
f 8514 8523 8521
f 8521 8520 8514
f 8520 8519 8514
f 8514 8519 8517
f 8519 8518 8517
f 8515 8532 8514
f 8532 8513 8514
f 8514 8513 8516
f 8513 8531 8516
f 8500 8499 8504
f 8499 8512 8504
f 8512 8511 8504
f 8511 8506 8504
f 8504 8506 8507
f 8509 8507 8508
f 8507 8510 8508
f 8510 8507 8506
f 8504 8505 8500
f 8505 8502 8500
f 8502 8503 8500
f 8500 8503 8501
f 8500 8501 8514
f 8514 8501 8515
f 10195 10197 8548
f 8553 8549 10196
f 10196 8549 10197
f 8549 8550 10197
f 8550 8551 10197
f 10197 8551 8548
f 10194 8554 10196
f 8554 8552 10196
f 10196 8552 8553
f 8542 8543 8537
f 8545 8547 8540
f 8540 8547 8539
f 8541 8544 8540
f 8544 8546 8540
f 8540 8546 8545
f 8543 8544 8537
f 8537 8544 8538
f 8544 8541 8538
f 8548 8542 10195
f 8542 8537 10195
f 10195 8537 10194
f 8537 8536 10194
f 10194 8536 8554
f 8536 8533 8554
f 8557 8555 10198
f 8535 8557 8556
f 8557 10198 8556
f 8554 8533 8534
f 8554 8534 7384
f 8554 7384 8556
f 7384 8535 8556
f 8587 8584 10762
f 10762 8585 8587
f 8585 8586 8587
f 8586 8582 8587
f 10763 8581 8580
f 8570 8571 10758
f 10758 8571 10759
f 8571 8572 10759
f 8572 8573 10759
f 10759 8573 10760
f 10758 10757 8570
f 8570 10757 8569
f 8569 10757 8579
f 10756 8578 10757
f 8578 8579 10757
f 10755 8580 10756
f 8580 8576 10756
f 8576 8577 10756
f 10756 8577 8578
f 10755 10754 8561
f 10754 10753 8561
f 8561 10753 8564
f 10753 10752 8564
f 8564 10752 8563
f 8563 10752 8562
f 10752 10751 8562
f 8562 10751 8565
f 8565 10751 8568
f 10751 10750 8568
f 8568 10750 8567
f 10747 8566 10748
f 10748 8566 10749
f 10749 8566 10750
f 8566 8567 10750
f 10760 8573 10761
f 8573 8574 10761
f 8574 8575 10761
f 8575 7402 10761
f 10761 7402 10746
f 10746 7402 10747
f 10747 7402 8566
f 10755 8561 8580
f 8561 8587 8580
f 8580 8587 10763
f 8587 8582 10763
f 10763 8582 8583
f 8561 8558 8587
f 8558 8559 8587
f 8587 8559 8589
f 8559 8560 8589
f 8560 8588 10764
f 8560 10764 8589
f 8623 8624 8615
f 8618 8625 7414
f 8626 8627 8620
f 8620 8617 8626
f 7414 8626 8618
f 8618 8626 8617
f 8625 8618 8624
f 8618 8619 8624
f 8624 8619 8614
f 8614 8615 8624
f 8621 8622 8615
f 8622 8623 8615
f 8621 8615 8634
f 8615 8616 8634
f 8616 8609 8634
f 8634 8609 8633
f 8633 8609 8632
f 8632 8609 8631
f 8609 8630 8631
f 8609 8610 8630
f 8610 8611 8630
f 8630 8611 7570
f 7570 8611 8629
f 8611 8612 8629
f 8606 8607 10637
f 10637 8607 10627
f 10627 8607 8608
f 10637 10636 8606
f 8606 10636 7446
f 7446 10636 8605
f 10636 10635 8605
f 10635 10634 8604
f 8604 10634 8613
f 10634 8628 8613
f 8628 8629 8613
f 8613 8629 8612
f 8597 7560 10644
f 10632 8596 10633
f 8596 7559 10633
f 10633 7559 10644
f 10644 7559 8597
f 8596 10632 8602
f 10632 10631 8602
f 10631 10630 8602
f 10630 10629 8602
f 8602 10629 8601
f 8601 10629 8600
f 10629 10628 8600
f 8599 8600 10628
f 8608 8603 10627
f 8603 8598 10627
f 10627 8598 10628
f 8598 8599 10628
f 8635 8628 7560
f 7560 8628 10644
f 8628 10634 10644
f 7560 8590 8635
f 8635 8590 8591
f 8592 8593 8594
f 8592 8594 8595
f 8637 8591 8636
f 8591 8592 8636
f 8592 8595 8636
f 8637 8638 8591
f 8591 8638 8635
f 10790 8651 8639
f 8639 8651 8649
f 8649 8650 8639
f 8639 8650 8648
f 8645 8639 8647
f 8648 8646 8639
f 8639 8646 8647
f 10792 10791 8639
f 8639 10791 10790
f 10789 10788 7548
f 10788 10787 7548
f 7548 10787 8661
f 10787 10786 8661
f 8661 10786 8660
f 8660 10786 7544
f 7544 10786 8662
f 10786 10785 8662
f 8662 10785 8667
f 10785 10784 8667
f 8667 10784 8666
f 8664 7580 10783
f 7580 8665 10783
f 10783 8665 10784
f 10784 8665 8666
f 8669 8670 10781
f 10781 8670 10782
f 8670 8663 10782
f 10782 8663 10783
f 8663 7575 10783
f 7575 8664 10783
f 10780 8668 10781
f 8668 8669 10781
f 10777 8644 10807
f 10807 8644 10778
f 8644 8668 10778
f 10778 8668 10779
f 8668 10780 10779
f 8640 10777 8639
f 10777 10792 8639
f 8640 8641 10777
f 10777 8641 8642
f 8642 8643 10777
f 10777 8643 8644
f 10790 10789 8651
f 10789 7548 8651
f 8651 7548 8652
f 7548 8656 8652
f 8652 8656 8657
f 8658 8659 8655
f 8655 8659 10793
f 7551 8653 8659
f 8659 8653 10793
f 8658 8655 8657
f 8655 8654 8657
f 8657 8654 8652
f 10047 10046 10045
f 10046 7323 10045
f 10045 7323 10043
f 7323 10049 10043
f 10049 10044 10043
f 10044 10042 10043
f 10043 10042 10041
f 10041 10042 10040
f 10040 10042 10038
f 10042 10039 10038
f 10038 10039 10036
f 10039 10037 10036
f 10036 10037 10033
f 10037 10035 10033
f 10035 10034 10033
f 10034 10032 10033
f 10033 10032 10031
f 10031 10032 10030
f 10030 10032 10029
f 10032 10028 10029
f 10029 10028 10027
f 10027 10028 10025
f 10028 10026 10025
f 10025 10026 10023
f 10026 10024 10023
f 10023 10024 7285
f 10024 7316 7285
f 7285 7316 10021
f 7316 10022 10021
f 10021 10022 10020
f 10020 10022 10019
f 10019 10022 10017
f 10022 10018 10017
f 10017 10018 10016
f 10014 10015 10018
f 10018 10015 10016
f 10013 10012 10018
f 10018 10012 10014
f 10013 10011 10012
f 10013 10010 10011
f 10007 10005 10008
f 10008 10005 10013
f 10005 10009 10013
f 10013 10009 10010
f 10004 10006 10007
f 10007 10006 10005
f 10003 10002 10007
f 10002 10004 10007
f 10000 9999 10003
f 9999 10001 10003
f 10003 10001 10002
f 9997 9995 9998
f 9998 9995 10000
f 10000 9995 9999
f 9994 9996 9997
f 9997 9996 9995
f 9991 9993 9992
f 9992 9993 9997
f 9997 9993 9994
f 10088 10052 10090
f 10088 10089 10087
f 10085 10086 10089
f 10089 10086 10087
f 10081 10082 10083
f 10083 10082 10084
f 10084 10082 10085
f 10085 10082 10086
f 10076 10075 10077
f 10077 10075 10078
f 10078 10075 10080
f 10075 10079 10080
f 10080 10079 10083
f 10083 10079 10081
f 10091 10072 10074
f 10072 10073 10074
f 10074 10073 10076
f 10076 10073 10075
f 10051 6606 8002
f 10069 10070 10067
f 10070 10068 10067
f 10068 10066 10067
f 10059 10061 10064
f 10061 10062 10064
f 10062 10063 10064
f 10064 10063 10066
f 10063 10065 10066
f 10066 10065 10067
f 10058 10056 10064
f 10056 10060 10064
f 10064 10060 10059
f 10056 10058 10057
f 10057 10058 10088
f 10058 10055 10088
f 10052 10088 10053
f 10053 10088 10054
f 10088 10055 10054
f 10050 10051 10070
f 10070 10051 10071
f 10051 8002 10071
f 10120 10119 10114
f 10117 10118 10121
f 10119 10117 10114
f 10117 10121 10114
f 10116 10115 10114
f 10115 10113 10114
f 10114 10113 10101
f 10113 5739 10101
f 5739 10112 10101
f 10101 10112 10111
f 10111 10112 10110
f 10112 10108 10110
f 10107 10109 10108
f 10108 10109 10110
f 10105 10107 10092
f 10092 10107 10108
f 10105 10092 10093
f 10093 10106 10105
f 10104 10103 10122
f 10122 10103 10102
f 10106 10104 10105
f 10104 10122 10105
f 10120 10114 10100
f 10114 10101 10100
f 10100 10101 10098
f 10098 10101 10099
f 10098 10099 10123
f 10099 10097 10123
f 10095 10123 10096
f 10095 10094 10123
f 10097 10096 10123
f 4950 5034 5035
f 5038 5039 5028
f 5039 5030 5028
f 5028 5030 5033
f 5036 5037 5034
f 5034 5037 5035
f 5035 4953 4950
f 5032 5026 4962
f 4962 5026 5030
f 5026 5025 5030
f 5030 5025 5031
f 5030 5031 5033
f 5036 5034 5028
f 5034 5029 5028
f 5028 5029 5038
f 4962 5027 5032
f 5031 5025 4980
f 5025 5026 4980
f 4980 5026 5032
f 5037 5036 4944
f 5028 5033 5036
f 5036 5033 4983
f 5033 5031 4983
f 4983 5031 4984
f 4984 5031 4986
f 5037 4939 5035
f 4939 4954 5035
f 4953 5035 4954
f 4937 5029 4955
f 5029 5034 4955
f 4955 5034 4950
f 4938 5029 4937
f 4938 4961 5029
f 4961 5038 5029
f 5038 4960 5039
f 5039 4960 5030
f 4960 4959 5030
f 5030 4959 4962
f 4963 5027 4962
f 5053 5046 5049
f 5043 5041 5048
f 5049 5046 5054
f 5052 5041 5046
f 5041 5040 5046
f 5046 5040 5042
f 5053 5049 5047
f 5048 5041 5051
f 5041 5052 5051
f 5051 5052 5044
f 5042 5050 5046
f 5046 5050 5054
f 5048 4951 5043
f 5041 5043 4940
f 5041 4940 5040
f 4940 4941 5040
f 5040 4941 5042
f 5042 4941 4958
f 5050 5042 4946
f 5050 4946 5054
f 4946 4943 5054
f 5054 4943 5049
f 5049 4943 4942
f 4942 4956 5049
f 5049 4956 5045
f 5049 5045 5047
f 5053 5047 4949
f 5053 4949 5046
f 4949 4948 5046
f 5046 4948 5052
f 5052 4948 4935
f 5052 4935 5044
f 4935 4936 5044
f 5044 4936 5051
f 4951 5048 4934
f 5048 5051 4934
f 4934 5051 4936
f 4957 4952 4951
f 4951 4952 5043
f 5517 5522 5516
f 5518 5524 5513
f 5513 5524 5523
f 5508 5509 5525
f 5515 5525 5510
f 5510 5525 5509
f 4969 4972 5066
f 4972 5067 5066
f 5069 5063 5068
f 5063 5065 5068
f 5068 5065 5067
f 5065 5064 5067
f 5070 4973 5512
f 5067 5064 5066
f 5519 4930 5526
f 4930 5060 5526
f 5526 5060 5520
f 5520 5060 5061
f 5512 5520 5070
f 5520 5061 5070
f 5070 5061 5069
f 5061 5062 5069
f 5069 5062 5063
f 5057 5059 5517
f 5059 5514 5517
f 5514 5058 5511
f 5511 5058 5523
f 5523 5058 5513
f 5058 4931 5513
f 5513 4931 5518
f 5518 4931 5519
f 4931 4930 5519
f 4973 4978 5512
f 4978 4977 5512
f 5512 4977 5508
f 4977 4976 5508
f 4976 5055 5508
f 5508 5055 5509
f 5509 5055 5510
f 5055 4979 5510
f 5510 4979 5515
f 4979 5056 5515
f 5056 4933 5515
f 5515 4933 5521
f 4933 4932 5521
f 5521 4932 5516
f 4932 5057 5516
f 5057 5517 5516
f 5055 4976 4975
f 5055 4975 4979
f 5057 4932 5059
f 4926 5060 4930
f 4925 5061 4926
f 5061 5060 4926
f 4927 5063 5062
f 5061 4925 5062
f 4925 4927 5062
f 4970 5064 4929
f 5064 5065 4929
f 4929 5065 4928
f 5065 5063 4928
f 4928 5063 4927
f 5066 5064 4970
f 4974 5068 4971
f 5068 5067 4971
f 4971 5067 4972
f 4923 5069 4924
f 5069 5068 4924
f 4924 5068 4974
f 5070 5069 4923
f 5080 5082 5081
f 4808 5079 4810
f 5079 4799 4810
f 5080 5081 4797
f 5075 4799 5079
f 4797 5081 4796
f 5081 5076 4796
f 4796 5076 5077
f 5076 5073 5077
f 5077 5073 5072
f 5072 5073 5071
f 5073 5074 5071
f 5071 5074 5075
f 5074 5078 5075
f 5075 5078 4799
f 5072 5071 4801
f 5071 4800 4801
f 4796 5077 4802
f 4802 5077 4803
f 5077 5072 4803
f 4803 5072 4801
f 5080 4797 4809
f 4798 5082 4809
f 5082 5080 4809
f 5082 4798 5081
f 4804 5073 5076
f 4804 5076 5081
f 5073 4804 5074
f 4804 4805 5074
f 4799 5078 4806
f 4806 5078 4807
f 5078 5074 4807
f 4807 5074 4805
f 4800 5071 5075
f 4800 5075 5079
f 5079 4808 4795
f 5083 5090 4812
f 5090 5095 4812
f 5096 5090 5094
f 5097 4821 5095
f 5095 4821 4812
f 4819 5093 5091
f 5092 5094 5090
f 4818 5091 4817
f 5093 4828 5091
f 5091 4828 4817
f 4817 5089 4818
f 4818 5089 5086
f 5092 5090 5088
f 5090 5083 5088
f 5088 5083 5085
f 5083 5084 5085
f 5085 5084 5086
f 5084 5087 5086
f 5086 5087 4818
f 5083 4820 5084
f 4820 4811 5084
f 4819 5091 4818
f 4818 5087 4816
f 4816 5087 4813
f 5087 5084 4813
f 4813 5084 4811
f 4827 5093 4826
f 5093 4819 4826
f 5093 4827 4828
f 4814 5085 5086
f 4814 5086 5089
f 4817 4828 4824
f 4824 4828 4823
f 5088 5085 4825
f 5085 4814 4825
f 5094 5092 4825
f 5092 5088 4825
f 4822 5096 4815
f 5096 5094 4815
f 5090 5096 4829
f 5096 4822 4829
f 4830 5095 4829
f 5095 5090 4829
f 5095 4830 5097
f 4830 4821 5097
f 5527 5528 5529
f 4891 5539 5105
f 5105 5539 5106
f 5106 5539 5107
f 5539 5533 5107
f 5107 5533 5108
f 5533 5530 5108
f 5108 5530 4896
f 5530 5537 4896
f 5537 5532 5102
f 5102 5532 5103
f 5103 5532 4907
f 5532 5536 4907
f 4907 5536 5104
f 5104 5536 5101
f 5536 5538 5101
f 5101 5538 5099
f 5099 5538 5100
f 5538 5535 5100
f 5100 5535 4922
f 4922 5535 4921
f 5535 5529 4921
f 4921 5529 4919
f 5529 5528 4919
f 4919 5528 5098
f 5528 5527 5098
f 5098 5527 5109
f 5527 5531 5109
f 5109 5531 5110
f 5531 5534 5110
f 5110 5534 5111
f 5111 5534 4891
f 4891 5534 5539
f 4917 5099 4920
f 5099 5100 4920
f 4914 5104 4918
f 5104 5101 4918
f 4918 5101 5099
f 4914 4915 5104
f 4915 4908 5104
f 5104 4908 4907
f 5106 5107 4905
f 5107 5108 4892
f 5111 4891 5110
f 5109 4919 5098
f 4853 4851 4860
f 4851 4850 4860
f 4853 5173 4854
f 5173 5172 4854
f 4854 5172 4855
f 5170 4863 5171
f 4863 5170 4859
f 5170 5169 4859
f 5168 4848 4862
f 4862 4859 5169
f 4848 5168 4865
f 5168 5167 4865
f 4865 5167 4864
f 5166 4849 4852
f 5164 4858 5165
f 4858 5164 4857
f 5164 4839 4857
f 4839 5163 4842
f 4842 5162 4843
f 4843 5162 4846
f 5162 5161 4846
f 4846 5161 4847
f 5161 5159 4847
f 4847 5159 4845
f 5160 4844 5159
f 4844 4845 5159
f 5163 4849 5166
f 4839 5164 5163
f 5164 5165 5163
f 5163 5165 4849
f 4852 4842 5166
f 5166 4842 5163
f 5597 5167 5604
f 5604 5167 5600
f 5169 5170 5171
f 5598 5181 4838
f 5181 5182 4838
f 4838 5183 5598
f 5598 5183 5597
f 5183 5160 5597
f 5597 5160 5167
f 5160 4864 5167
f 5177 5176 5599
f 5599 5176 5603
f 5176 4835 5603
f 4835 5178 5603
f 5603 5178 5596
f 5178 5179 5596
f 5596 5179 5598
f 5179 5180 5598
f 5598 5180 5181
f 5177 5599 5175
f 5592 5595 4853
f 5595 5600 4853
f 4853 5600 5173
f 5600 5167 5173
f 5173 5167 5172
f 5160 5159 4864
f 5159 5161 4864
f 4864 5161 4852
f 5161 5162 4852
f 4852 5162 4842
f 5171 4855 5169
f 4855 5172 5169
f 5169 5172 4862
f 4862 5172 5168
f 5172 5167 5168
f 5599 5594 5175
f 5175 5594 5174
f 5594 5593 5174
f 5593 5592 5174
f 5174 5592 4860
f 5592 4853 4860
f 5603 5602 5599
f 5602 5594 5599
f 5604 5600 5595
f 5605 5597 5604
f 5605 5601 5597
f 5601 5598 5597
f 5601 5596 5598
f 4987 5152 4982
f 5152 5154 4981
f 4981 5154 4945
f 5154 5156 4945
f 5155 4868 5158
f 5158 4868 5156
f 4868 4947 5156
f 5156 4947 4945
f 4869 5151 4866
f 5151 4867 4866
f 4875 4867 5151
f 4872 4871 5145
f 4871 4874 5145
f 4872 5145 4990
f 5145 5153 4990
f 4990 5153 5157
f 5144 4992 4991
f 5144 4991 5150
f 4992 5144 4989
f 5144 5143 4989
f 4989 5143 4985
f 5144 5157 5143
f 5157 5153 5143
f 5143 5153 4985
f 5155 5158 5145
f 5158 5156 5145
f 5145 5156 5153
f 5156 5154 5153
f 5153 5154 4985
f 5154 5152 4985
f 4985 5152 4987
f 4873 4875 4874
f 4874 4875 5145
f 4875 5151 5145
f 5145 5151 4869
f 5144 5150 5149
f 5144 5149 5157
f 4988 4985 4987
f 5148 4870 5145
f 5145 4870 5155
f 5150 5146 5149
f 5149 5146 5147
f 4869 5148 5145
f 4877 5140 4876
f 5134 5141 5135
f 5140 5544 4876
f 4876 5544 4882
f 5544 5546 4882
f 4882 5546 4879
f 4879 5546 4884
f 5546 5542 4884
f 4884 5542 4883
f 4883 5542 5137
f 5542 5545 5137
f 5137 5545 5138
f 5545 5552 5138
f 5138 5552 5139
f 5552 5551 5139
f 5139 5551 5136
f 5136 5551 4888
f 5551 5549 4888
f 5549 4890 4888
f 4890 5548 5135
f 5548 5541 5135
f 5541 5540 5135
f 5135 5540 5134
f 5134 5540 5141
f 5540 5556 5141
f 5141 5556 5142
f 5556 5547 5142
f 5547 5550 5142
f 5142 5550 4889
f 4889 5550 4877
f 4877 5550 5140
f 5550 5543 5140
f 5140 5543 5544
f 5548 5540 5541
f 5540 5555 5556
f 5546 5553 5542
f 5552 5554 5551
f 4894 5132 4906
f 5132 5131 4906
f 4906 5131 4904
f 5130 4899 5131
f 4899 4904 5131
f 4903 5128 4901
f 5128 5127 4901
f 4901 5127 4913
f 5127 5126 4913
f 4913 5126 4912
f 5125 4911 5126
f 4911 4912 5126
f 4911 5125 5124
f 4911 5124 5123
f 5120 4910 4909
f 5119 4910 5120
f 5117 4895 5118
f 4895 5119 5118
f 5115 4897 4898
f 5117 5118 5606
f 5619 4909 5617
f 5617 4909 5121
f 5121 5122 4900
f 5121 5123 5617
f 5123 5124 5617
f 5617 5124 5609
f 5124 5125 5609
f 5127 5128 5616
f 5613 5133 5632
f 5131 5132 5611
f 5128 4903 5130
f 5623 5115 5624
f 5624 5115 5618
f 5115 5606 5618
f 5606 5118 5612
f 5132 4894 5611
f 5611 4894 5613
f 4894 5133 5613
f 5611 5616 5131
f 5131 5616 5130
f 5130 5616 5128
f 5129 5130 4902
f 5130 4903 4902
f 5624 5126 5610
f 5126 5127 5610
f 5610 5127 5616
f 5612 5118 5615
f 5615 5118 5621
f 5118 5119 5621
f 5119 5120 5621
f 5621 5120 5619
f 5619 5120 4909
f 5618 5614 5624
f 5614 5609 5624
f 5624 5609 5126
f 5609 5125 5126
f 5623 5608 5115
f 5115 5608 5113
f 5608 5626 5113
f 5626 5607 5113
f 5115 4898 5606
f 5606 4898 5116
f 5133 5112 5632
f 5632 5112 5607
f 5112 4893 5607
f 4893 5114 5607
f 5607 5114 5113
f 5606 5116 5117
f 5623 5626 5608
f 5626 5625 5607
f 5607 5625 5632
f 5633 5634 5611
f 5616 5611 5634
f 5634 5630 5616
f 5630 5628 5616
f 5628 5627 5616
f 5627 5631 5616
f 5616 5631 5610
f 5631 5629 5610
f 5629 5624 5610
f 5612 5615 5606
f 5615 5622 5606
f 5622 5618 5606
f 5618 5620 5614
f 5620 5609 5614
f 5620 5619 5609
f 5619 5617 5609
f 9988 9987 9986
f 9986 9987 9985
f 9982 9981 9983
f 9983 9981 9984
f 9984 9981 9987
f 9981 9985 9987
f 9973 9972 9974
f 9974 9972 9975
f 9975 9972 9977
f 9972 9976 9977
f 9977 9976 9978
f 9978 9976 9979
f 9979 9976 9982
f 9976 9980 9982
f 9982 9980 9981
f 9970 9969 9973
f 9969 9971 9973
f 9973 9971 9972
f 9967 9966 9970
f 9966 9968 9970
f 9970 9968 9969
f 9967 9965 9966
f 9967 9963 9965
f 9962 9964 9967
f 9967 9964 9963
f 9956 9957 9960
f 9957 9958 9960
f 9958 9959 9960
f 9959 9961 9960
f 9960 9961 9967
f 9967 9961 9962
f 9989 9955 9956
f 9955 9920 9956
f 9954 9953 9920
f 9920 9953 9956
f 9956 9953 9957
f 9949 9947 9950
f 9950 9947 9951
f 9951 9947 9919
f 9947 9952 9919
f 9919 9952 9920
f 9920 9952 9954
f 9946 9948 9949
f 9949 9948 9947
f 9944 9945 9949
f 9949 9945 9946
f 9944 9943 9945
f 9944 9942 9943
f 9940 9941 9944
f 9944 9941 9942
f 9931 9930 9932
f 9932 9930 9933
f 9933 9930 9935
f 9930 9934 9935
f 9935 9934 9937
f 9937 9934 9936
f 9936 9934 9944
f 9934 9938 9944
f 9938 9939 9944
f 9944 9939 9940
f 9926 9925 9927
f 9927 9925 9928
f 9928 9925 9931
f 9925 9929 9931
f 9931 9929 9930
f 9921 9922 9924
f 9922 9923 9924
f 9924 9923 9926
f 9926 9923 9925
f 9902 9907 9908
f 9902 9901 9907
f 9906 9907 9900
f 9900 9907 9901
f 9906 9900 9905
f 9900 9899 9905
f 9904 9905 9898
f 9898 9905 9899
f 9898 6005 9904
f 9904 6005 9894
f 9894 9895 9904
f 9904 9895 9896
f 9896 9897 9904
f 9897 9903 9904
f 9903 9897 9913
f 9913 9897 9888
f 9888 9889 9913
f 9889 9890 9913
f 9913 9890 9912
f 9890 9891 9912
f 9891 9892 9912
f 9912 9892 9911
f 9911 9892 6853
f 6853 9892 9910
f 9910 9892 9914
f 9892 9893 9914
f 9914 9893 9909
f 9887 10723 9886
f 10723 10731 9886
f 10731 10730 9886
f 10730 10729 9886
f 9886 10729 6502
f 6502 10729 6501
f 9893 10728 9878
f 9878 10728 10727
f 9876 9877 10726
f 10726 9877 10727
f 9877 9878 10727
f 9876 10726 9879
f 9879 10726 9885
f 10726 10725 9885
f 10742 9885 10725
f 9883 9884 10742
f 10742 9884 9885
f 10724 9882 10742
f 9882 9883 10742
f 9887 9880 10723
f 10723 9880 10724
f 9880 9881 10724
f 10724 9881 9882
f 9878 9872 9918
f 10729 10735 6501
f 6501 10735 6499
f 10735 9893 6499
f 9893 9878 9909
f 9878 9918 9909
f 9918 9872 9873
f 9873 9874 9918
f 9874 9875 9918
f 9918 9875 9915
f 9915 9916 9918
f 9916 9917 9918
f 9869 9868 9870
f 9870 9868 9867
f 9867 9866 9870
f 9870 9866 9865
f 9828 9863 9864
f 9861 9862 9858
f 9864 9860 9828
f 9860 9861 9828
f 9861 9858 9828
f 9828 9858 9859
f 9828 9859 9857
f 9859 9856 9857
f 9856 9855 9854
f 9849 9851 9853
f 9851 9852 9853
f 9852 9854 9853
f 9854 9855 9853
f 9850 9847 9849
f 9847 9848 9849
f 9848 9851 9849
f 9847 9850 9846
f 9846 9850 9843
f 9836 9843 9844
f 9843 9850 9844
f 9824 9825 9840
f 9842 9841 9827
f 9827 9841 9826
f 9825 9826 9840
f 9840 9826 9841
f 9839 9836 9840
f 9836 9824 9840
f 9839 9837 9836
f 9836 9837 9838
f 9838 9845 9836
f 9836 9845 9843
f 9828 9835 9834
f 9828 9834 9833
f 9833 9832 9828
f 9832 9831 9828
f 9831 9830 9828
f 9866 9863 9865
f 9865 9863 9871
f 9863 9828 9871
f 9871 9828 9829
f 9828 9830 9829
f 9811 9809 9810
f 9811 9804 9809
f 9808 9809 9802
f 9802 9809 9803
f 9809 9804 9803
f 9808 9802 9807
f 9802 9801 9807
f 9806 9807 9801
f 9801 9800 9806
f 9800 9798 9806
f 9798 9799 9806
f 9799 9805 9806
f 9805 9799 9812
f 9812 9799 9792
f 9812 9792 9818
f 9792 9793 9818
f 9793 9794 9818
f 9794 9795 9818
f 9818 9795 9817
f 9817 9795 9816
f 9816 9795 9815
f 9815 9795 9814
f 9814 9795 9819
f 9795 9796 9819
f 9790 10698 9789
f 9789 10698 9788
f 9788 10698 7144
f 10698 10707 7144
f 10707 10706 7144
f 7144 10706 9787
f 9787 10706 7154
f 10706 10705 7154
f 7154 10705 7153
f 10705 9791 7153
f 9813 9819 9791
f 9791 9819 9797
f 9819 9796 9797
f 7194 10704 10722
f 9778 9779 10703
f 10703 9779 10712
f 10712 9779 10722
f 9779 7194 10722
f 9778 10703 9786
f 10703 10702 9786
f 10700 9786 10701
f 9786 10702 10701
f 9784 9785 10699
f 10699 9785 10700
f 10700 9785 9786
f 9782 9783 10699
f 10699 9783 9784
f 9790 9780 10698
f 10698 9780 10699
f 9780 9781 10699
f 10699 9781 9782
f 9820 9813 7194
f 7194 9813 10704
f 9813 9791 10704
f 7194 9775 9820
f 9775 9776 9820
f 9820 9776 9777
f 9820 9777 9823
f 9777 9821 9823
f 9821 9822 9823
f 9771 9772 9768
f 9771 9769 9772
f 9769 9770 9772
f 9772 9770 9767
f 9766 9772 9764
f 9772 9767 9764
f 9764 9765 9766
f 10908 10909 9755
f 10909 10906 9755
f 10906 10905 9755
f 10905 10904 9755
f 9755 10904 9758
f 9758 10904 9761
f 10904 10903 9761
f 9762 9759 10902
f 10902 9759 10903
f 9759 9760 10903
f 9760 9761 10903
f 9742 10901 7207
f 10901 10900 7207
f 7207 10900 9745
f 10899 9743 10900
f 10900 9743 9745
f 9743 10899 9744
f 9744 10899 9754
f 9754 10899 9753
f 10899 10898 9753
f 9753 10898 9752
f 9748 9749 10897
f 10897 9749 10898
f 9749 9751 10898
f 9751 9750 10898
f 10898 9750 9752
f 9755 9756 10908
f 9756 9757 10908
f 10908 9757 10896
f 9757 9746 10896
f 10896 9746 10897
f 9746 9747 10897
f 10897 9747 9748
f 9766 9763 9772
f 9763 9762 9772
f 9772 9762 9742
f 9762 10902 9742
f 9742 10902 10901
f 9738 9739 9742
f 9742 9739 9740
f 9742 9740 9741
f 9741 9773 9742
f 9773 9774 9742
f 9742 9774 9772
f 9715 7488 9714
f 9715 10344 9717
f 10344 10343 9717
f 10343 10342 9717
f 10342 10340 9717
f 10340 10341 9717
f 9717 10341 9716
f 9720 10339 9719
f 10339 10338 9719
f 9719 10338 9718
f 10338 10337 9718
f 9718 10337 9721
f 9721 10337 9727
f 9727 10337 9726
f 9726 10336 9725
f 9724 9725 10336
f 9730 9731 10333
f 10333 9731 10334
f 10334 9731 10335
f 9731 9722 10335
f 10335 9722 10336
f 9722 9723 10336
f 10336 9723 9724
f 9728 9732 10332
f 10332 9732 10333
f 9732 9729 10333
f 10333 9729 9730
f 10332 10331 9728
f 10331 10330 9728
f 10344 9715 10330
f 9715 9714 10330
f 10330 9714 9728
f 9714 9733 9728
f 9696 9695 9713
f 10316 9710 10315
f 9710 10299 10315
f 10316 10314 9710
f 10314 10313 9710
f 9710 10313 10297
f 9701 9696 10298
f 10311 9699 10312
f 10312 9699 10298
f 9699 9700 10298
f 10298 9700 9701
f 10306 9702 10307
f 10307 9703 10308
f 10308 9703 9704
f 10309 9704 10310
f 9704 9705 10310
f 10310 9705 10311
f 9705 9698 10311
f 9698 9697 10311
f 10311 9697 9699
f 10306 10305 9702
f 10305 10304 9702
f 9702 10304 9707
f 10304 10303 9707
f 9707 10303 9706
f 10303 10302 9706
f 10302 10301 9706
f 9706 10301 9709
f 10301 10300 9709
f 9710 9708 10299
f 9708 9709 10299
f 10299 9709 10300
f 10297 10298 9696
f 9696 9713 10297
f 10297 9713 9710
f 9713 9712 9710
f 9710 9712 9711
f 9684 9683 6746
f 9684 9678 9683
f 9682 9683 9676
f 9676 9683 9677
f 9683 9678 9677
f 9682 9676 9681
f 9676 9675 9681
f 9680 9681 9674
f 9674 9681 9675
f 9674 9671 9680
f 9671 9672 9680
f 9680 9672 7170
f 7170 9673 9680
f 9673 9679 9680
f 9679 9673 9689
f 9689 9673 9665
f 9665 9666 9689
f 9666 9667 9689
f 9689 9667 9688
f 9667 9668 9688
f 9668 9669 9688
f 9688 9669 9687
f 9687 9669 9686
f 9686 9669 6718
f 9664 10676 9663
f 10676 10686 9663
f 9663 10686 9662
f 10686 10685 9662
f 9662 10685 7159
f 7159 10685 7169
f 10685 10684 7169
f 10684 9670 7167
f 9685 6718 9670
f 6718 9669 9670
f 9655 10683 10682
f 9653 7216 10681
f 7216 9654 10681
f 10681 9654 10682
f 9654 9655 10682
f 9653 10681 9660
f 10681 10680 9660
f 9660 10680 10679
f 9658 9659 10678
f 10678 9659 10679
f 10679 9659 9660
f 10677 9657 10678
f 9657 9658 10678
f 9664 9661 10676
f 9661 9656 10676
f 10676 9656 10677
f 10677 9656 9657
f 9690 9685 9655
f 9655 9685 10683
f 9685 9670 10683
f 9655 9649 9690
f 9649 9650 9690
f 9690 9650 9651
f 9651 9652 9690
f 9691 9692 9652
f 9652 9692 9693
f 9693 9694 9652
f 9652 9694 9690
f 9648 9647 9642
f 9647 9646 9642
f 9645 9644 9643
f 9645 9643 9646
f 9646 9643 9642
f 9648 9642 9641
f 9642 5987 9641
f 9641 5987 9616
f 5987 9640 9616
f 9616 9640 9615
f 9640 9639 9615
f 9639 9638 9615
f 9615 9638 9614
f 9638 9637 9614
f 9637 9636 9614
f 9636 9635 9614
f 9614 9635 9613
f 9635 9634 9613
f 9613 9634 6556
f 6556 9634 9633
f 9633 9634 9631
f 9634 9632 9631
f 9631 9632 9630
f 9630 9632 9628
f 9632 9629 9628
f 9628 9629 6074
f 9629 9627 6074
f 6074 9627 9626
f 9626 9627 6066
f 9627 9625 6066
f 9617 9618 9625
f 9618 6066 9625
f 9623 9624 9617
f 9617 9624 9622
f 9617 9622 9621
f 9621 9619 9617
f 9617 9619 9620
f 9620 9618 9617
f 9610 9609 9611
f 9611 9609 9608
f 9608 9607 9611
f 9611 9607 9606
f 9568 9604 9605
f 9602 9603 9599
f 9605 9601 9568
f 9601 9602 9568
f 9602 9599 9568
f 9568 9599 9600
f 9568 9600 9598
f 9598 9600 9597
f 9597 9600 9596
f 9596 9600 9592
f 9600 9595 9592
f 9591 9590 9593
f 9590 9592 9593
f 9593 9592 9594
f 9592 9595 9594
f 9589 9587 9593
f 9587 9588 9593
f 9588 9591 9593
f 9587 9589 9586
f 9586 9589 9583
f 9576 9583 9584
f 9583 9589 9584
f 9564 9565 9579
f 9567 9581 9566
f 9581 9582 9566
f 9582 9580 9566
f 9565 9566 9579
f 9579 9566 9580
f 9578 9576 9579
f 9576 9564 9579
f 9578 9577 9576
f 9577 9585 9576
f 9576 9585 9583
f 9568 9575 9574
f 9568 9574 9573
f 9573 9572 9568
f 9568 9572 9571
f 9571 9570 9568
f 9607 9604 9606
f 9606 9604 9612
f 9604 9568 9612
f 9612 9568 9569
f 9568 9570 9569
f 9547 9548 9539
f 9548 9549 9539
f 9547 9539 9546
f 9539 6188 9546
f 6188 9540 9546
f 9540 9541 9546
f 9541 9555 9546
f 9555 9563 9546
f 9546 9563 9556
f 9552 9560 9551
f 9560 9561 9551
f 9553 9559 9552
f 9559 9560 9552
f 9559 9553 9554
f 9554 9542 9559
f 9559 9542 9543
f 9556 9557 9546
f 9546 9557 9545
f 9557 9562 9545
f 9545 9562 9550
f 9562 9558 9550
f 9550 9558 9544
f 9558 9559 9544
f 9544 9559 9543
f 9530 9519 9537
f 9519 9520 9537
f 9537 9520 9523
f 9521 9522 9524
f 9522 9523 9524
f 9524 9523 9520
f 9537 9538 9530
f 9527 9536 9535
f 9527 9535 9534
f 9527 9534 9533
f 9527 9533 9532
f 9532 9531 9527
f 9527 9531 9529
f 9525 9526 9530
f 9530 9526 9528
f 9526 9527 9528
f 9528 9527 9529
f 9538 9525 9530
f 9497 9498 9492
f 9498 9499 9492
f 9492 9499 9491
f 9491 9499 9490
f 9500 9497 9493
f 9493 9497 9492
f 9500 9493 9496
f 9493 9494 9496
f 9496 9494 5900
f 9494 9489 5900
f 5900 9489 9495
f 9495 9489 9504
f 9489 9484 9504
f 9504 9484 9503
f 9484 9485 9503
f 9485 9486 9503
f 9503 9486 9502
f 9502 9486 9501
f 9486 9487 9501
f 9501 9487 9505
f 9482 9505 9488
f 9505 9487 9488
f 9513 10174 9512
f 9512 10174 9511
f 10174 10173 9511
f 9511 10173 9510
f 9510 10173 9509
f 9509 10173 9508
f 10173 10172 9508
f 9508 10172 9507
f 9507 10172 9506
f 10172 10179 9506
f 10179 10171 9506
f 9518 9516 10167
f 9506 10171 9515
f 10171 10170 9515
f 9515 10170 9514
f 10170 10169 9514
f 9514 10169 6145
f 10169 10184 6145
f 10184 10168 6145
f 6145 10168 10167
f 9513 9505 10174
f 9505 9482 10174
f 10174 9482 10166
f 9482 9483 10166
f 10166 9483 10167
f 9483 9517 10167
f 10167 9517 9518
f 9477 9478 9474
f 9477 9475 9478
f 9475 9476 9478
f 9478 9476 9470
f 9470 9471 9478
f 9471 9472 9478
f 9472 9473 9478
f 10878 10877 9462
f 10877 10876 9462
f 10876 10875 9462
f 9462 10875 9464
f 9464 10875 9467
f 10875 10874 9467
f 9468 9465 10872
f 10872 9465 10873
f 10873 9465 10874
f 9465 9466 10874
f 10874 9466 9467
f 9451 10871 9452
f 10871 10870 9452
f 9452 10870 6168
f 10870 10869 6168
f 7627 6168 10869
f 7627 10869 9461
f 9461 10869 9460
f 10869 10888 9460
f 10888 10868 9460
f 9456 9457 10868
f 9457 9459 10868
f 9459 9458 10868
f 10868 9458 9460
f 9462 9463 10878
f 10878 9463 10879
f 10879 9463 10867
f 9463 9453 10867
f 9453 9455 10867
f 10867 9455 10868
f 9455 9454 10868
f 10868 9454 9456
f 9473 9469 9478
f 9469 9468 9478
f 9478 9468 9451
f 9468 10872 9451
f 9451 10872 10871
f 9447 9448 9480
f 9448 9449 9480
f 9480 9449 9479
f 9450 9479 9449
f 9447 9480 9451
f 9480 9481 9451
f 9451 9481 9478
f 9428 9434 9435
f 9428 9427 9434
f 9427 9426 9434
f 9433 9434 9425
f 9425 9434 9426
f 9433 9425 9432
f 9425 9424 9432
f 9431 9432 9423
f 9423 9432 9424
f 9431 9423 9430
f 9423 9422 9430
f 9422 9419 9430
f 9419 9420 9430
f 9429 9430 9421
f 9421 9430 9420
f 9429 9421 9436
f 9436 9421 9441
f 9421 9414 9441
f 9441 9414 9440
f 9414 9415 9440
f 9440 9415 9439
f 9415 9416 9439
f 9439 9416 9438
f 9416 9417 9438
f 9438 9417 9442
f 9413 10651 9412
f 9412 10651 9411
f 9411 10651 9410
f 10651 10660 9410
f 10660 10659 9410
f 10659 10658 9410
f 9410 10658 9409
f 9409 10658 7892
f 10658 10664 7892
f 7892 10664 7889
f 10664 9418 7889
f 9437 9442 9418
f 9442 9417 9418
f 9402 10657 10656
f 9400 9401 10655
f 10655 9401 10656
f 9401 9402 10656
f 9400 10655 7614
f 7614 10655 9408
f 10655 10654 9408
f 9406 9407 10653
f 10653 9407 10654
f 10654 9407 9408
f 10652 9405 10653
f 10653 9405 9406
f 9413 9403 10651
f 9403 9404 10651
f 10651 9404 10652
f 10652 9404 9405
f 9446 9437 9402
f 9402 9437 10657
f 9437 9418 10657
f 9402 9397 9446
f 9397 9398 9446
f 9446 9398 9399
f 9399 9443 9446
f 9443 9444 9446
f 9446 9444 9445
f 9390 9388 9384
f 9388 9395 9384
f 9388 9386 9395
f 9386 9387 9395
f 9395 9387 9389
f 9389 9385 9395
f 9395 9385 9391
f 9381 9383 9379
f 9382 9396 9380
f 9396 9378 9380
f 9380 9378 9391
f 9378 9392 9391
f 9391 9392 9395
f 9395 9392 9384
f 9393 9378 9376
f 9376 9378 9379
f 9378 9396 9379
f 9379 9396 9381
f 9396 9382 9381
f 9393 9376 9373
f 9376 9377 9373
f 9377 9375 9373
f 9375 9374 9373
f 9372 9371 9354
f 9354 9371 9369
f 9371 9370 9369
f 9374 9394 9373
f 9373 9394 9370
f 9394 9369 9370
f 9361 9366 9367
f 9366 9358 9367
f 9367 9358 9368
f 7940 9364 9361
f 9364 9365 9361
f 9365 9363 9361
f 9361 9363 9362
f 9361 9362 9366
f 9347 9360 9346
f 9346 9360 9358
f 9360 9359 9358
f 9358 9359 9368
f 7940 9361 9357
f 9361 9355 9357
f 9357 9355 9354
f 9355 9356 9354
f 9354 9356 9372
f 9346 9341 9343
f 9341 9342 9343
f 9343 9344 9346
f 9346 9344 9345
f 9345 7595 9346
f 9346 7595 9353
f 9353 9351 9346
f 9351 9352 9346
f 9352 9349 9346
f 9349 9350 9346
f 9346 9350 9348
f 9348 9347 9346
f 9339 9338 9337
f 9337 10276 10275
f 9337 10275 9339
f 10275 10274 9321
f 10273 9318 10274
f 9318 9319 10274
f 9319 9320 10274
f 10274 9320 9321
f 10273 9327 9318
f 10273 10272 9327
f 9327 10272 9326
f 10272 10271 9326
f 9326 10271 9325
f 9325 10271 9324
f 9324 10271 9323
f 10271 10270 9323
f 9323 10270 9322
f 9322 10269 9334
f 10269 10268 9334
f 9334 10268 9333
f 9333 10267 9332
f 10267 10266 9332
f 9332 10266 9331
f 9331 10266 9330
f 9330 10266 9329
f 9329 10266 9328
f 10266 10265 9328
f 9328 10265 9336
f 10276 9337 10262
f 10265 10264 9336
f 10264 10263 9336
f 10263 10262 9336
f 9336 10262 9335
f 10262 9337 9335
f 9317 9340 9321
f 9340 9339 9321
f 9321 9339 10275
f 9316 9315 9314
f 9315 9313 9314
f 9300 9307 9299
f 9307 9298 9299
f 9307 9300 9306
f 9300 9301 9306
f 9301 9294 9306
f 9295 9296 9310
f 9309 9297 9308
f 9297 9309 9296
f 9296 9309 9310
f 9310 9311 9295
f 9311 9312 9295
f 9312 9302 9295
f 9295 9302 9303
f 9303 9304 9295
f 9306 9294 9305
f 9294 9295 9305
f 9295 9304 9305
f 9285 9279 9292
f 9292 9279 9280
f 9291 9281 9290
f 9290 9281 9289
f 9281 9282 9289
f 9281 9291 9280
f 9291 9292 9280
f 9285 9292 9284
f 9292 9293 9284
f 9293 9286 9284
f 9286 9287 9284
f 9287 9288 9284
f 9284 9288 9283
f 9277 5863 5893
f 5893 10243 10242
f 5893 10242 9277
f 9264 9258 10240
f 10240 9258 10241
f 9261 9262 10240
f 9262 9263 10240
f 10240 9263 9264
f 9269 9260 10240
f 10240 9260 9261
f 10240 10256 9269
f 10256 10239 9269
f 9269 10239 9268
f 9268 10239 9267
f 9267 10239 9266
f 10239 10238 9266
f 9266 10238 9265
f 9265 10238 9274
f 10238 10237 9274
f 9274 10237 9273
f 10236 10235 9271
f 10235 10234 9271
f 9271 10234 9270
f 9270 10244 9276
f 10243 5893 10245
f 10244 10233 9276
f 9276 10233 9275
f 10233 10245 9275
f 10245 5893 9275
f 9259 9278 9258
f 9278 9277 9258
f 9258 9277 10241
f 9277 10242 10241
f 10609 10608 9255
f 10608 10607 9255
f 10607 10606 9255
f 9255 10606 9254
f 9254 10606 9256
f 10603 9256 10604
f 10604 9256 10605
f 9256 10606 10605
f 9256 10603 9257
f 10603 10602 9257
f 10602 10601 9257
f 10601 10600 9257
f 9257 10600 6537
f 10597 6537 10598
f 10598 6537 10599
f 6537 10600 10599
f 10595 9249 10596
f 10596 9249 10597
f 9249 6537 10597
f 9249 10595 9248
f 10595 10594 9248
f 9248 10594 9247
f 10594 10593 9247
f 10593 10592 9247
f 10592 10591 9247
f 9247 10591 9246
f 10591 10590 9246
f 10590 10589 9246
f 9246 10589 9253
f 10589 10588 9253
f 10588 10587 9253
f 9253 10587 9252
f 10586 9252 10587
f 10609 9255 10610
f 10610 9255 10584
f 9255 5889 10584
f 5889 9250 10584
f 9250 9251 10584
f 10584 9251 10585
f 10585 9252 10586
f 9240 9242 9241
f 9241 9242 9243
f 9242 9234 9243
f 9239 9238 9241
f 9241 9238 9240
f 9235 9236 9234
f 9236 9237 9234
f 9234 9237 9244
f 9237 9245 9244
f 9224 9228 9223
f 9228 9229 9223
f 9229 9222 9223
f 9228 9224 9227
f 9224 9217 9227
f 9217 9218 9227
f 9218 9219 9232
f 9232 9219 9231
f 9219 9220 9231
f 9220 9221 9231
f 9232 9233 9218
f 9233 9230 9218
f 9230 9225 9218
f 9225 9226 9218
f 9218 9226 9227
f 9210 10568 10566
f 10568 10567 10566
f 10566 10565 9209
f 9209 10565 9211
f 10562 9211 10563
f 10563 9211 10564
f 9211 10565 10564
f 9211 10562 9212
f 9212 10562 9214
f 9214 10562 9213
f 9213 10562 9215
f 10562 10577 9215
f 10561 9215 10577
f 10560 9202 10561
f 9202 9216 10561
f 10561 9216 9215
f 9202 10560 9201
f 10560 10559 9201
f 9201 10559 9200
f 10559 10558 9200
f 10558 10574 9200
f 10574 10557 9200
f 9200 10557 9199
f 10557 10556 9199
f 9199 10556 9198
f 10556 10555 9198
f 9198 10555 9208
f 10555 10554 9208
f 9208 10554 9207
f 10554 10553 9207
f 10551 9207 10552
f 9207 10553 10552
f 10568 9210 10549
f 9210 9203 10549
f 9203 9204 10549
f 9204 9205 10549
f 10549 9205 10571
f 10571 9205 10550
f 10550 9206 10551
f 9206 9207 10551
f 9195 9193 9194
f 9193 9192 9194
f 9192 9193 9196
f 9180 9181 9186
f 9179 9187 9178
f 9187 9179 9186
f 9179 9180 9186
f 9181 9182 9186
f 9186 9182 9183
f 9183 9174 9186
f 9174 9175 9186
f 9176 9177 9188
f 9176 9188 9189
f 9176 9189 9175
f 9175 9189 9190
f 9190 9184 9175
f 9186 9175 9185
f 9175 9184 9185
f 9173 9172 9170
f 9172 9171 9170
f 9148 9149 9169
f 9169 9168 5856
f 9168 5851 5856
f 9155 9148 10216
f 9151 9152 10215
f 9152 9153 10215
f 10215 9153 10216
f 9153 9154 10216
f 10216 9154 9155
f 10214 9159 10215
f 9159 9150 10215
f 10215 9150 9151
f 10214 10213 9159
f 10213 10212 9159
f 9159 10212 9158
f 10212 10211 9158
f 9158 10211 9157
f 9164 10210 9163
f 10210 10209 9163
f 9163 10209 9162
f 9162 10209 9161
f 9161 10209 5853
f 10209 10208 5853
f 5853 10208 9160
f 9160 10207 9167
f 10207 10206 9167
f 9167 10206 9166
f 10206 10205 9166
f 9166 10205 9165
f 9165 10205 5856
f 5856 10205 10204
f 10204 10203 5856
f 5856 10203 9169
f 9169 10203 9148
f 9148 10203 10216
f 9147 9134 9146
f 9134 9135 9146
f 9135 9136 9146
f 9134 9147 9133
f 9147 9142 9133
f 9142 9143 9133
f 9143 9144 9140
f 9140 9144 9139
f 9144 9145 9139
f 9145 9138 9139
f 9140 9141 9143
f 9141 9137 9143
f 9137 9131 9143
f 9131 9132 9143
f 9143 9132 9133
f 9128 9130 9129
f 9128 9129 9127
f 9127 9129 5828
f 9129 9126 5828
f 9126 9125 5828
f 5828 9125 9124
f 9125 9123 9124
f 9124 9123 9121
f 9123 9122 9121
f 9122 9119 9121
f 9119 9120 9121
f 9121 9120 9118
f 9118 9120 9117
f 9117 9120 5840
f 9120 9116 5840
f 5840 9116 9115
f 9115 9116 9113
f 9113 9116 9114
f 9116 9111 9114
f 9116 9112 9111
f 9108 9107 9110
f 9107 5815 9110
f 5815 9109 9110
f 9110 9109 9112
f 9112 9109 9111
f 9108 9101 9107
f 9107 9101 9106
f 9103 9105 9102
f 9102 9105 9101
f 9101 9105 9106
f 9103 9104 9105
f 9105 9104 7275
f 10527 10526 9094
f 10526 10525 9094
f 10525 10524 9094
f 9094 10524 9093
f 9093 10524 7271
f 7271 10524 9092
f 10522 9092 10523
f 9092 10524 10523
f 9092 10522 9095
f 9095 10522 9097
f 9097 10522 9096
f 9096 10522 9098
f 10522 10521 9098
f 9098 10521 9099
f 10520 9099 10521
f 10544 9086 10519
f 10519 9086 10520
f 9086 9100 10520
f 10520 9100 9099
f 9086 10544 9085
f 10544 10518 9085
f 9085 10518 9084
f 10518 10517 9084
f 9084 10517 9083
f 9083 10517 9082
f 10517 10536 9082
f 10536 10537 9082
f 9082 10537 9081
f 10537 10516 9081
f 9081 10516 9080
f 10516 9091 9080
f 10516 10515 9091
f 9091 10515 9090
f 10514 9090 10515
f 10527 9094 10512
f 9094 9087 10512
f 9087 9088 10512
f 10512 9088 10513
f 10513 9089 10514
f 9089 9090 10514
f 9046 10143 10150
f 9063 10151 9062
f 10151 10152 9062
f 9062 10152 9054
f 9063 9064 10151
f 9064 9053 10151
f 9053 9057 10151
f 10151 9057 10152
f 10152 9057 9054
f 9062 9054 9061
f 9061 9054 9060
f 9054 9055 9060
f 9059 9060 9055
f 9059 9055 9058
f 9055 9056 9058
f 9056 9052 9058
f 9052 9051 9058
f 9058 9051 6364
f 6364 9051 9070
f 9051 9048 9070
f 9070 9048 9069
f 9048 9049 9069
f 9069 9049 9068
f 9068 9049 9067
f 9067 9049 9066
f 9049 9050 9066
f 9066 9050 9065
f 9050 9046 9065
f 9046 10150 9065
f 9065 10150 6276
f 6276 10150 9073
f 10150 10149 9073
f 9073 10149 9072
f 10149 10148 9072
f 9072 10148 9071
f 10148 10147 9071
f 9071 10147 9077
f 10147 10146 9077
f 9076 9077 10145
f 9077 10146 10145
f 10145 10162 9076
f 10162 10163 9076
f 9076 10163 9075
f 10163 10144 9075
f 10143 9078 10144
f 10144 9078 9079
f 10144 9079 9074
f 9075 10144 9074
f 9046 9047 10143
f 10143 9047 9078
f 9033 9029 9045
f 9045 9043 9033
f 9033 9043 9042
f 9035 9041 9038
f 9041 9037 9038
f 9037 9039 9038
f 9038 9039 9040
f 9043 9044 9042
f 9044 9035 9042
f 9042 9035 9036
f 9035 9038 9036
f 9033 9034 9029
f 9029 9034 9032
f 9032 9031 9029
f 9027 9026 9021
f 9021 9026 9024
f 9024 9025 9021
f 9021 9025 9028
f 9031 9030 9029
f 9030 9023 9029
f 9029 9023 9028
f 9023 9021 9028
f 9021 9020 9027
f 9019 9020 9022
f 9022 9020 9021
f 9019 9022 9017
f 9022 9018 9017
f 9017 9018 9016
f 9018 5943 9016
f 5943 5942 9016
f 9014 9013 5942
f 5942 9013 9016
f 9009 9008 9011
f 9008 9012 9011
f 9011 9012 9010
f 9010 9012 9014
f 9012 9015 9014
f 9014 9015 9013
f 8982 8998 8999
f 8998 9000 8999
f 8999 9000 9001
f 9000 9002 9001
f 9001 9002 9003
f 9003 9002 9005
f 9002 9004 9005
f 9005 9004 5923
f 5923 9004 9006
f 9004 6258 9006
f 9006 6258 9009
f 6258 9007 9009
f 9007 9008 9009
f 8998 8982 8997
f 8995 8994 8982
f 8994 8993 8982
f 8993 8996 8982
f 8982 8996 8997
f 8995 8982 8992
f 8982 8983 8992
f 8992 8983 8990
f 8988 8989 8984
f 8989 8986 8984
f 8986 8987 8984
f 8987 8985 8984
f 8983 8991 8990
f 8991 8984 8990
f 8990 8984 8985
f 8978 8977 8972
f 8975 8976 8979
f 8977 8975 8972
f 8975 8979 8972
f 8974 8973 8972
f 8973 8971 8972
f 8972 8971 8961
f 8971 6627 8961
f 6627 8970 8961
f 8961 8970 8969
f 8969 8970 8968
f 8970 8953 8968
f 8967 8968 8953
f 8965 8967 8953
f 8965 8953 8952
f 8952 8966 8965
f 8964 8963 8980
f 8980 8963 8962
f 8966 8964 8965
f 8964 8980 8965
f 8978 8972 8960
f 8972 8961 8960
f 8960 8961 8958
f 8958 8961 8959
f 8958 8959 8981
f 8959 8957 8981
f 8955 8981 8956
f 8955 8954 8981
f 8957 8956 8981
f 8931 8932 8940
f 8940 8941 8931
f 8931 8941 8930
f 8940 8932 8938
f 8932 8933 8938
f 8933 8934 8938
f 8938 8934 8947
f 8942 8944 8951
f 8951 8944 8950
f 8942 8951 8943
f 8950 8944 8949
f 8944 8945 8949
f 8945 8946 8949
f 8949 8946 8935
f 8938 8947 8939
f 8947 8948 8939
f 8939 8948 8937
f 8948 8949 8937
f 8937 8949 8936
f 8949 8935 8936
f 8927 8908 8909
f 8909 8910 8927
f 8927 8910 8911
f 8912 8929 8911
f 8911 8929 8927
f 8908 8927 8926
f 8927 8928 8926
f 8926 8928 8913
f 8913 8925 8917
f 8917 8924 8919
f 8922 8920 8921
f 8920 8919 8921
f 8920 8923 8919
f 8919 8923 8917
f 8917 8918 8913
f 8925 8924 8917
f 8918 7024 8913
f 8913 7024 8916
f 8913 8916 8915
f 8915 8914 8913
f 8913 8914 8926
f 10853 8884 8874
f 8884 8881 8874
f 8881 8882 8874
f 8882 8883 8874
f 8883 8880 8874
f 8880 8879 8874
f 8874 8879 10855
f 10854 10853 8874
f 10852 10850 8896
f 10850 10851 8896
f 8895 10851 8894
f 10851 10849 8894
f 10849 10848 8894
f 8894 10848 8897
f 8897 10848 8901
f 10848 10847 8901
f 8901 10847 8900
f 10845 8899 10860
f 10860 8899 10846
f 10846 8899 10847
f 8899 8900 10847
f 8905 8906 10843
f 8906 8907 10843
f 8907 8898 10843
f 10843 8898 10844
f 10844 8898 10845
f 10845 8898 8899
f 10842 8903 10843
f 8903 8904 10843
f 10843 8904 8905
f 10839 8878 10840
f 8878 8902 10840
f 10840 8902 10841
f 8902 8903 10841
f 8903 10842 10841
f 8875 10839 8874
f 10839 10854 8874
f 8875 8876 10839
f 10839 8876 8877
f 10839 8877 8878
f 10853 10852 8884
f 10852 8896 8884
f 8884 8896 8885
f 8896 8889 8885
f 8885 8889 8890
f 8891 8892 8888
f 8888 8892 10856
f 8892 8893 10856
f 10856 8893 8886
f 8891 8888 8890
f 8888 8887 8890
f 8890 8887 8885
f 10824 8855 8842
f 8855 8852 8842
f 8852 8853 8842
f 8853 8854 8842
f 8842 8854 8848
f 8848 8849 8842
f 8849 8850 8842
f 8842 8850 8851
f 10825 10824 8842
f 10837 10823 8865
f 8865 10823 6821
f 6821 10823 8867
f 10823 10822 8867
f 10822 10821 8867
f 8867 10821 8866
f 8866 10821 8871
f 10821 10820 8871
f 10820 10819 8871
f 8871 10819 8870
f 10817 8868 10831
f 10831 8868 10818
f 10818 8868 10819
f 8868 8869 10819
f 10819 8869 8870
f 6810 8873 10815
f 8873 6813 10815
f 10815 6813 10816
f 10816 6813 10817
f 10817 6813 8868
f 10814 8872 10815
f 8872 6809 10815
f 10815 6809 6810
f 10810 8847 10811
f 8847 8872 10811
f 10811 8872 10812
f 10812 8872 10813
f 8872 10814 10813
f 8843 10810 8842
f 10810 10825 8842
f 8843 8844 10810
f 10810 8844 8845
f 8845 8846 10810
f 10810 8846 8847
f 10824 10837 8855
f 10837 8865 8855
f 8855 8865 8856
f 8865 8861 8856
f 8856 8861 8862
f 8863 8864 8860
f 8860 8864 10826
f 8864 8857 10826
f 10826 8857 8858
f 8863 8860 8862
f 8860 8859 8862
f 8862 8859 8856
f 8805 10124 10133
f 8822 10134 8821
f 10134 10135 8821
f 8821 10135 8813
f 8822 8823 10134
f 8823 8812 10134
f 8812 8816 10134
f 10134 8816 10135
f 10135 8816 8813
f 8821 8813 8820
f 8820 8813 8819
f 8813 8814 8819
f 8818 8819 8814
f 8818 8814 8817
f 8814 8815 8817
f 8815 8811 8817
f 8811 8810 8817
f 8817 8810 8831
f 8831 8810 8830
f 8830 8810 8829
f 8810 8807 8829
f 8829 8807 8828
f 8807 8808 8828
f 8808 8809 8828
f 8828 8809 8827
f 8827 8809 8825
f 8825 8809 8826
f 8826 8809 8824
f 8809 8805 8824
f 8805 10133 8824
f 10133 8835 8824
f 8835 10133 8834
f 10133 10132 8834
f 8834 10132 8833
f 10132 10131 8833
f 10131 10130 8833
f 8833 10130 8832
f 8832 10130 8839
f 10129 8839 10130
f 10129 10127 8839
f 10127 10128 8839
f 8839 10128 8838
f 8838 10128 8837
f 10128 10126 8837
f 10124 8840 10125
f 10125 8840 8841
f 10126 10125 8837
f 8837 10125 8836
f 10125 8841 8836
f 8805 8806 10124
f 10124 8806 8840
f 8780 8766 8778
f 8792 8802 8793
f 8793 8802 8795
f 8804 8795 8798
f 8795 8801 8798
f 8804 8798 8799
f 8799 8798 8800
f 8799 8796 8804
f 8804 8796 8795
f 8796 8797 8795
f 8795 8797 8793
f 8793 8794 8792
f 8803 8792 8794
f 8803 8794 8789
f 8794 8791 8789
f 8787 8786 8782
f 8783 8785 8784
f 8786 8783 8782
f 8782 8783 8784
f 8781 8779 8782
f 8779 8788 8782
f 8782 8788 8787
f 8781 8780 8779
f 8780 8778 8779
f 8779 8778 8790
f 8778 8789 8790
f 8790 8789 8791
f 7539 8777 8768
f 8773 8775 8774
f 8773 8772 8775
f 8772 8770 8775
f 8775 8770 8769
f 8770 8771 8769
f 8777 8776 8768
f 8776 8769 8768
f 8768 8769 8771
f 7539 8768 8766
f 8768 8767 8766
f 8748 8778 8747
f 8778 8766 8747
f 8747 8766 8767
f 8754 8765 8762
f 8765 8764 8762
f 8764 8763 8762
f 8761 8759 8763
f 8759 8760 8763
f 8763 8760 8758
f 8758 8757 8763
f 8757 8755 8763
f 8755 8756 8763
f 8763 8756 8762
f 8762 8753 8754
f 8754 8753 8745
f 8745 8753 8744
f 8744 8753 7676
f 7676 8753 8743
f 8753 8752 8743
f 8752 8751 8743
f 8751 8742 8743
f 8747 8746 8748
f 8748 8746 8749
f 8749 8746 8750
f 8750 8746 8751
f 8746 8741 8751
f 8751 8741 8742
f 8720 8721 8727
f 8727 8728 8720
f 8720 8728 8719
f 8727 8721 8726
f 8721 8722 8726
f 8722 8723 8726
f 8726 8723 8734
f 8729 8731 8740
f 8740 8731 8739
f 8729 8740 8730
f 8739 8731 8737
f 8731 8732 8737
f 8732 8733 8737
f 8737 8733 8724
f 8737 8724 8738
f 8724 8725 8738
f 8738 8725 8736
f 8725 8726 8736
f 8736 8726 8735
f 8726 8734 8735
f 8698 8699 8716
f 8699 8700 8716
f 8716 8700 8701
f 8702 8718 8701
f 8701 8718 8716
f 8698 8716 8715
f 8716 8717 8715
f 8715 8717 8703
f 8703 8714 8707
f 8707 8714 8709
f 8712 8710 8711
f 8710 8709 8711
f 8710 8713 8709
f 8709 8713 8707
f 8707 8708 8703
f 8708 7776 8703
f 8703 7776 8706
f 8703 8706 8705
f 8705 8704 8703
f 8703 8704 8715
f 8674 8682 8673
f 8683 8697 6271
f 8696 8695 8687
f 8690 8688 8694
f 8694 8691 8690
f 8690 8691 8693
f 8691 8692 8693
f 8695 8688 8687
f 8688 8689 8687
f 8690 8689 8688
f 8686 8672 8687
f 8672 8696 8687
f 8697 8685 6271
f 8686 8684 8672
f 8672 8684 8671
f 8684 6271 8671
f 8671 6271 8685
f 8682 8681 8673
f 8681 7804 8673
f 8673 7804 8683
f 8673 8679 8678
f 8679 8680 8678
f 8678 8677 8673
f 8677 8676 8673
f 8676 8675 8673
f 8673 8675 8674
f 1368 1370 1307
f 1307 1370 1371
f 1368 1307 1366
f 1299 1373 1367
f 1371 1373 1307
f 1307 1373 1299
f 1299 1367 1374
f 1333 1366 1308
f 1366 1307 1308
f 1675 1707 1627
f 1707 1673 1627
f 1709 1708 1691
f 1691 1708 1676
f 1676 1708 1677
f 1682 1707 1681
f 1707 1675 1681
f 1673 1674 1627
f 1682 1678 1707
f 1707 1678 1708
f 1708 1678 1677
f 665 746 642
f 746 768 642
f 642 768 643
f 768 767 643
f 643 767 651
f 767 766 651
f 651 766 663
f 766 765 663
f 663 765 660
f 765 764 660
f 660 764 661
f 764 763 661
f 661 763 650
f 763 762 650
f 650 762 648
f 762 761 648
f 648 761 649
f 761 760 649
f 649 760 659
f 760 759 659
f 659 759 657
f 759 758 657
f 657 758 658
f 758 757 658
f 658 757 662
f 757 756 662
f 662 756 644
f 756 755 644
f 644 755 645
f 755 754 645
f 645 754 655
f 754 753 655
f 655 753 656
f 753 752 656
f 656 752 654
f 752 751 654
f 654 751 652
f 751 750 652
f 652 750 653
f 750 749 653
f 653 749 646
f 749 748 646
f 646 748 647
f 748 747 647
f 647 747 664
f 747 745 664
f 664 745 665
f 745 746 665
f 744 770 738
f 770 792 738
f 738 792 732
f 792 791 732
f 732 791 740
f 791 790 740
f 740 790 739
f 790 789 739
f 739 789 737
f 789 788 737
f 737 788 743
f 788 787 743
f 743 787 741
f 787 786 741
f 741 786 742
f 786 785 742
f 742 785 725
f 785 784 725
f 725 784 731
f 784 783 731
f 731 783 736
f 783 782 736
f 736 782 734
f 782 781 734
f 734 781 735
f 781 780 735
f 735 780 730
f 780 779 730
f 730 779 729
f 779 778 729
f 729 778 727
f 778 777 727
f 727 777 728
f 777 776 728
f 728 776 733
f 776 775 733
f 733 775 722
f 775 774 722
f 722 774 723
f 774 773 723
f 723 773 726
f 773 772 726
f 726 772 721
f 772 771 721
f 721 771 719
f 771 769 719
f 719 769 744
f 769 770 744
f 1753 1739 1754
f 1744 1793 1732
f 1793 1756 1732
f 1732 1756 1733
f 1733 1756 1734
f 1734 1756 1735
f 1735 1756 1736
f 1756 1755 1736
f 1736 1755 1737
f 1755 1754 1737
f 1737 1754 1738
f 1739 1740 1754
f 1754 1740 1738
f 1752 1751 1754
f 1754 1751 1753
f 1750 1751 1752
f 1747 1749 1750
f 1750 1749 1751
f 1747 1748 1749
f 1747 1745 1748
f 1744 1743 1793
f 1793 1743 1742
f 1741 1745 1746
f 1746 1745 1747
f 1656 1647 1661
f 1661 1647 1660
f 1660 1647 1659
f 1647 1648 1659
f 1648 1654 1659
f 1659 1654 1658
f 1654 1650 1658
f 1650 1656 1658
f 1658 1656 1657
f 1657 1656 1661
f 1570 1652 1667
f 1667 1652 1666
f 1652 1649 1666
f 1649 1655 1666
f 1666 1655 1665
f 1665 1655 1664
f 1655 1653 1664
f 1653 1651 1664
f 1664 1651 1663
f 1663 1651 1667
f 1651 1570 1667
f 1456 1426 1457
f 1456 1424 1426
f 1455 1425 1456
f 1456 1425 1424
f 1455 1429 1412
f 1454 1385 1455
f 1385 1411 1455
f 1455 1411 1429
f 1453 1385 1454
f 1452 1414 1453
f 1414 1413 1453
f 1453 1413 1385
f 1416 1415 1452
f 1452 1415 1414
f 1418 1417 1452
f 1452 1417 1416
f 1451 1457 1450
f 1457 1449 1450
f 1448 1447 1446
f 1446 1447 1452
f 1447 1445 1452
f 1452 1445 1418
f 1054 1047 1053
f 1047 1038 1053
f 1053 1038 1052
f 1052 1038 1051
f 1038 1036 1051
f 1051 1036 1050
f 1036 1045 1050
f 1045 1039 1050
f 1050 1039 1049
f 1049 1039 1048
f 1039 1040 1048
f 1040 1047 1048
f 1048 1047 1054
f 1042 1046 1060
f 1060 1046 1059
f 1059 1046 1058
f 1046 1041 1058
f 1041 1043 1058
f 1058 1043 1057
f 1057 1043 1056
f 1043 1037 1056
f 1037 1044 1056
f 1056 1044 1060
f 1044 1042 1060
f 681 794 690
f 794 816 690
f 690 816 688
f 816 815 688
f 688 815 689
f 815 814 689
f 689 814 680
f 814 813 680
f 680 813 675
f 813 812 675
f 675 812 687
f 812 811 687
f 687 811 686
f 811 810 686
f 686 810 679
f 810 809 679
f 679 809 668
f 809 808 668
f 668 808 670
f 808 807 670
f 670 807 691
f 807 806 691
f 691 806 685
f 806 805 685
f 685 805 684
f 805 804 684
f 684 804 678
f 804 803 678
f 678 803 677
f 803 802 677
f 677 802 673
f 802 801 673
f 673 801 674
f 801 800 674
f 674 800 671
f 800 799 671
f 671 799 672
f 799 798 672
f 672 798 683
f 798 797 683
f 683 797 682
f 797 796 682
f 682 796 676
f 796 795 676
f 676 795 667
f 795 793 667
f 667 793 681
f 793 794 681
f 916 917 899
f 894 905 934
f 934 905 933
f 933 905 930
f 905 903 930
f 903 902 930
f 930 902 931
f 925 929 904
f 929 928 904
f 904 928 902
f 928 932 902
f 902 932 931
f 926 927 901
f 927 925 901
f 901 925 904
f 923 922 901
f 922 924 901
f 901 924 926
f 897 920 898
f 920 923 898
f 898 923 901
f 918 919 900
f 900 919 897
f 919 921 897
f 897 921 920
f 899 917 900
f 900 917 918
f 893 915 896
f 896 915 899
f 899 915 916
f 893 914 915
f 893 913 914
f 893 912 913
f 895 910 911
f 895 911 893
f 893 911 912
f 895 909 910
f 908 909 895
f 894 907 895
f 895 907 908
f 894 906 907
f 934 906 894
f 696 818 693
f 818 840 693
f 693 840 694
f 840 839 694
f 694 839 712
f 839 838 712
f 712 838 711
f 838 837 711
f 711 837 709
f 837 836 709
f 709 836 710
f 836 835 710
f 710 835 708
f 835 834 708
f 708 834 706
f 834 833 706
f 706 833 705
f 833 832 705
f 705 832 704
f 832 831 704
f 704 831 714
f 831 830 714
f 714 830 702
f 830 829 702
f 702 829 703
f 829 828 703
f 703 828 701
f 828 827 701
f 701 827 717
f 827 826 717
f 717 826 715
f 826 825 715
f 715 825 716
f 825 824 716
f 716 824 698
f 824 823 698
f 698 823 699
f 823 822 699
f 699 822 700
f 822 821 700
f 700 821 697
f 821 820 697
f 697 820 707
f 820 819 707
f 707 819 695
f 819 817 695
f 695 817 696
f 817 818 696
f 879 989 880
f 879 990 989
f 891 1011 879
f 1011 991 879
f 879 991 990
f 891 1010 1011
f 1010 891 1009
f 892 1008 891
f 1008 1009 891
f 890 1007 892
f 892 1007 1008
f 883 1006 890
f 890 1006 1007
f 1006 883 1005
f 883 882 1005
f 882 1004 1005
f 887 936 888
f 888 936 882
f 882 936 1004
f 942 941 886
f 941 940 886
f 886 940 887
f 940 935 887
f 887 935 936
f 889 945 885
f 945 943 885
f 943 942 885
f 885 942 886
f 884 948 889
f 948 946 889
f 946 944 889
f 889 944 945
f 881 951 884
f 951 952 884
f 952 947 884
f 884 947 948
f 989 953 880
f 953 950 880
f 880 950 881
f 950 949 881
f 881 949 951
f 3975 4353 3976
f 4351 4352 4126
f 4126 4125 4351
f 4125 4127 4351
f 4127 4350 4351
f 4124 4123 4359
f 992 1025 981
f 990 991 995
f 991 1011 995
f 995 1011 981
f 986 989 995
f 989 990 995
f 988 906 934
f 997 907 906
f 997 984 961
f 985 984 996
f 984 997 996
f 997 906 987
f 906 988 987
f 996 997 999
f 999 997 987
f 983 985 998
f 985 996 998
f 998 996 999
f 982 998 1000
f 1000 998 1002
f 998 999 1003
f 1001 1000 1002
f 1002 998 1003
f 999 1047 1003
f 980 1000 981
f 1000 1001 981
f 1001 1002 981
f 981 1002 995
f 1002 1003 995
f 995 1003 986
f 5191 4967 4968
f 5184 4966 5185
f 5196 4832 5197
f 876 875 1544
f 873 1540 874
f 1540 1542 874
f 874 1542 875
f 1542 1543 875
f 875 1543 1544
f 1535 1539 872
f 1539 1538 872
f 872 1538 873
f 1538 1541 873
f 873 1541 1540
f 869 1533 1536
f 1536 1537 869
f 1537 1535 869
f 869 1535 872
f 869 868 1533
f 1533 868 1534
f 871 1530 1532
f 1532 1531 871
f 871 1531 868
f 868 1531 1534
f 870 1528 871
f 1528 1529 871
f 871 1529 1530
f 867 1468 870
f 1468 1528 870
f 1471 1469 866
f 866 1469 867
f 867 1469 1468
f 1473 1471 866
f 1473 866 1484
f 866 877 1484
f 878 1483 877
f 877 1483 1484
f 878 1527 1483
f 876 1526 878
f 878 1526 1527
f 1544 1526 876
f 862 1589 1590
f 862 861 1589
f 1589 861 1588
f 861 860 1588
f 1588 860 1587
f 860 1586 1587
f 859 1602 860
f 860 1602 1586
f 1551 859 1554
f 859 858 1554
f 1551 1545 859
f 1545 1547 859
f 859 1547 1602
f 1553 1552 857
f 1552 1554 857
f 857 1554 858
f 1559 1555 856
f 856 1555 857
f 1555 1556 857
f 857 1556 1553
f 1558 1557 855
f 1557 1559 855
f 855 1559 856
f 863 865 1563
f 1563 1560 863
f 1560 1562 863
f 863 1562 855
f 1562 1561 855
f 855 1561 1558
f 864 1573 865
f 1573 1563 865
f 864 1574 1573
f 864 1576 1574
f 1590 1576 862
f 862 1576 864
f 1480 1431 1434
f 1479 1506 1459
f 1459 1431 1479
f 1479 1431 1480
f 1506 1462 1459
f 1478 1460 1477
f 1477 1460 1506
f 1506 1460 1462
f 1478 1477 1476
f 1477 1475 1476
f 1474 1472 1475
f 1475 1472 1476
f 1470 1471 1495
f 1471 1473 1495
f 1495 1473 1474
f 1473 1484 1474
f 1474 1484 1472
f 1469 1471 1470
f 1470 1467 1468
f 1468 1469 1470
f 1480 1466 1465
f 1466 1468 1467
f 1615 1595 1616
f 1616 1595 1593
f 1612 1594 1615
f 1594 1595 1615
f 1614 1613 1612
f 1613 1594 1612
f 1622 1614 1612
f 1610 1611 1612
f 1612 1611 1622
f 1608 1609 1612
f 1609 1610 1612
f 1606 1607 1608
f 1608 1607 1609
f 1602 1603 1646
f 1646 1603 1604
f 1604 1603 1606
f 1603 1605 1606
f 1587 1586 1601
f 1601 1586 1602
f 1601 1600 1587
f 1589 1588 1593
f 1593 1588 1616
f 1616 1588 1600
f 1600 1588 1587
f 1577 1576 1590
f 1578 1574 1576
f 1568 1573 1578
f 1573 1574 1578
f 1572 1526 1544
f 1579 1527 1526
f 1579 1566 1485
f 1572 1580 1526
f 1526 1580 1579
f 1580 1582 1579
f 1582 1581 1579
f 1581 1575 1579
f 1579 1575 1566
f 1582 1580 1571
f 1575 1581 1583
f 1582 1571 1570
f 1583 1581 1584
f 1581 1582 1584
f 1584 1582 1585
f 1585 1582 1568
f 1568 1582 1569
f 1582 1570 1569
f 1584 1565 1583
f 1565 1584 1567
f 1567 1584 1577
f 1584 1585 1577
f 1577 1585 1576
f 1576 1585 1578
f 1585 1568 1578
f 933 930 953
f 953 930 931
f 928 952 951
f 928 951 932
f 951 949 932
f 932 949 931
f 949 950 931
f 931 950 953
f 948 947 929
f 929 947 928
f 947 952 928
f 948 929 946
f 929 925 946
f 925 927 946
f 946 927 944
f 927 926 944
f 944 926 945
f 945 926 943
f 926 924 943
f 943 924 922
f 922 942 943
f 942 922 941
f 922 923 941
f 919 935 940
f 923 920 941
f 941 920 940
f 920 921 940
f 940 921 919
f 5005 918 939
f 939 918 917
f 5005 938 918
f 938 935 918
f 935 919 918
f 938 937 935
f 937 936 935
f 1004 1035 1005
f 1035 1022 1005
f 1035 1004 1098
f 1004 936 1098
f 1098 936 1033
f 1033 936 1034
f 1022 1021 1005
f 4143 3954 4129
f 1745 1741 4127
f 4127 1741 4350
f 1741 1742 4350
f 1742 1743 4350
f 4347 4348 4130
f 4130 4348 1743
f 4348 4349 1743
f 1743 4349 4350
f 1490 4358 4359
f 1490 4359 1421
f 4359 4123 1421
f 1421 4123 1420
f 4123 4124 1420
f 1448 1449 4124
f 4135 4122 4136
f 1420 4124 1457
f 4124 1449 1457
f 1420 1457 1423
f 1457 1426 1423
f 1448 4124 1447
f 4124 4120 1447
f 1447 4120 4121
f 4121 4360 1447
f 1447 4360 4135
f 4135 4360 4122
f 1390 1445 4135
f 1445 1447 4135
f 1390 1391 1445
f 1391 1418 1445
f 1390 4118 1396
f 4118 4117 1396
f 1396 4117 1395
f 4117 1392 1395
f 4116 4194 4135
f 4135 4194 4118
f 4135 4118 1390
f 4114 4115 1435
f 4117 4119 1392
f 4119 4114 1392
f 1392 4114 1393
f 4114 1435 1393
f 4115 4110 1435
f 1435 4110 1436
f 4112 4113 1439
f 1436 4110 1437
f 4110 4111 1437
f 1437 4111 1439
f 4108 4107 4186
f 1439 4111 4112
f 4111 4107 4112
f 4112 4107 4109
f 4107 4108 4109
f 4074 4073 4106
f 4073 4105 4106
f 4106 4105 4186
f 4186 4105 4108
f 4113 4104 1439
f 4104 4103 1439
f 1439 4103 1438
f 1438 4103 1528
f 4103 1550 1528
f 1468 1466 1528
f 1466 1480 1528
f 1528 1480 1438
f 1550 4103 4102
f 1550 4101 4141
f 4102 4099 1550
f 4099 4100 1550
f 1550 4100 4101
f 1629 1606 1547
f 1606 1605 1547
f 1547 1605 1603
f 1603 1602 1547
f 1547 4132 1629
f 4132 4315 1629
f 1629 4315 4098
f 4097 1630 1629
f 4098 4095 1629
f 4095 4096 1629
f 1629 4096 4097
f 4055 4094 4097
f 4097 4094 1630
f 4094 4092 1630
f 1630 4092 4093
f 1630 4093 1692
f 4093 4090 1692
f 1692 4090 4133
f 4090 4091 4133
f 4130 1743 1693
f 1743 1744 1693
f 1732 1694 1744
f 1694 1693 1744
f 4357 4089 4152
f 4152 4089 1490
f 4089 4358 1490
f 4361 4356 4152
f 4068 4077 4138
f 4079 4084 4083
f 4079 4082 4139
f 4078 4081 4076
f 4076 4081 4074
f 4074 4081 4087
f 4075 4080 4073
f 4073 4080 4088
f 4088 4080 4069
f 4139 4086 4079
f 4079 4086 4084
f 4074 4087 4073
f 4087 4072 4073
f 4073 4072 4075
f 4080 4071 4069
f 4071 4070 4069
f 4069 4070 4084
f 4070 4317 4084
f 4317 4083 4084
f 4141 4101 4139
f 4101 4085 4139
f 4139 4085 4086
f 4141 4067 4140
f 4067 4320 4140
f 4140 4320 4068
f 1547 1546 4132
f 1546 4066 4132
f 4066 4142 4065
f 4142 4062 4065
f 4061 4064 4143
f 4143 4064 4142
f 4064 4063 4142
f 4142 4063 4062
f 4091 4060 4133
f 4133 4060 4059
f 4059 4058 4133
f 4310 4057 4058
f 4058 4057 4133
f 4299 4055 4056
f 4055 4097 4056
f 4054 4144 4053
f 4144 4259 4053
f 4248 4145 4051
f 4054 4052 4144
f 4144 4052 4051
f 4248 4249 4145
f 4137 4049 4050
f 4050 4259 4137
f 4259 1548 4137
f 4137 1548 1549
f 1549 4044 4137
f 4137 4044 4049
f 4048 4047 4146
f 4047 4037 4146
f 4253 4031 4147
f 4147 4028 4146
f 4043 4024 4035
f 4035 4024 4034
f 4046 4042 4146
f 4042 4040 4146
f 4146 4040 4041
f 4048 4146 4039
f 4146 4028 4039
f 4039 4028 4033
f 4037 4038 4146
f 4029 4024 4240
f 4146 4038 4046
f 4031 4032 4030
f 4031 4030 4147
f 4030 4027 4147
f 4147 4027 4028
f 4240 4026 4029
f 4026 4242 4029
f 4029 4242 4256
f 4244 4025 4242
f 4242 4025 4256
f 4024 4029 4034
f 4031 4254 4032
f 4254 4020 4032
f 4032 4020 4021
f 4025 4023 4256
f 4256 4023 4255
f 4023 4222 4255
f 4033 4028 4022
f 4255 4222 4020
f 4222 4021 4020
f 4016 4219 4146
f 4146 4219 4018
f 4207 4017 4147
f 4018 4220 4146
f 4146 4220 4147
f 4220 4206 4147
f 4147 4206 4207
f 4015 4016 4134
f 4134 4016 1549
f 4016 4146 1549
f 1549 4146 4044
f 4146 4041 4044
f 4044 4041 4045
f 4041 4036 4045
f 4045 4036 4035
f 4035 4036 4043
f 4015 4149 4014
f 4151 4009 4150
f 4009 4212 4150
f 4149 4012 4014
f 4212 4011 4150
f 4011 4013 4150
f 4013 4010 4150
f 4150 4010 4149
f 4010 4213 4149
f 4149 4213 4012
f 4002 4005 4136
f 4005 4008 4136
f 4008 4006 4136
f 4136 4006 4135
f 4006 4007 4135
f 4135 4007 4116
f 4078 4076 4077
f 4076 4003 4077
f 4077 4003 4138
f 4003 4200 4138
f 4138 4200 4004
f 4004 4001 4138
f 4138 4001 4002
f 4000 4174 3987
f 4174 3999 3987
f 4149 3989 4150
f 4150 3989 3996
f 3991 3995 3987
f 3995 3998 3987
f 3990 3988 3989
f 3978 3993 4149
f 3993 4164 4149
f 4164 3990 4149
f 4149 3990 3989
f 4167 3992 3988
f 3992 3989 3988
f 3999 3991 3987
f 3982 3985 4140
f 3985 3986 4140
f 3986 3984 4140
f 4140 3984 4141
f 3984 3983 4141
f 4141 3983 4155
f 4155 3981 4141
f 3995 3994 4140
f 3994 3980 4140
f 4140 3980 3982
f 4155 3979 3981
f 3981 3997 4141
f 4141 3997 4134
f 3997 4160 4134
f 4160 3978 4134
f 3978 4149 4134
f 4149 4015 4134
f 4131 4346 4130
f 4130 4346 4347
f 3976 4354 4148
f 4148 4354 4355
f 1490 1491 4353
f 4353 3975 1490
f 1490 3975 4148
f 3975 3976 4148
f 4352 4353 1491
f 1745 4127 1760
f 4127 4125 1760
f 1760 4125 1493
f 4125 4126 1493
f 1493 4126 1491
f 4126 4352 1491
f 4356 4357 4152
f 4152 4009 4151
f 4148 4131 4019
f 4131 4145 4019
f 4019 4145 4249
f 1693 1692 4130
f 1692 4133 4130
f 4130 4133 4131
f 4133 4057 4131
f 4131 4057 4143
f 4143 4057 4061
f 4122 4361 4136
f 4136 4361 4002
f 4361 4152 4002
f 4002 4152 4138
f 4152 4140 4138
f 4138 4140 4068
f 4152 4151 4140
f 4151 4150 4140
f 4140 4150 3995
f 4150 3996 3995
f 3995 3996 3998
f 4152 4128 4009
f 4128 4147 4017
f 1490 4148 4152
f 4152 4148 4128
f 4128 4148 4147
f 4147 4148 4253
f 4148 4019 4253
f 3958 3974 4144
f 3974 3973 4144
f 4144 3973 4153
f 3973 3967 4153
f 3971 3970 4145
f 3972 3971 4129
f 3971 4145 4129
f 4129 4145 4131
f 4131 4148 3977
f 4148 4355 3977
f 3966 3968 3961
f 3961 3968 3967
f 3960 3962 3969
f 3955 3965 3956
f 3970 3964 4145
f 3964 3963 4145
f 4145 3963 3959
f 3966 3961 3960
f 3961 3962 3960
f 4051 4145 4144
f 4144 4145 3958
f 4145 3959 3958
f 3958 3959 3957
f 3959 3955 3957
f 3956 3957 3955
f 3953 3950 4129
f 4143 4129 4131
f 4131 3977 4346
f 3968 3972 3967
f 3972 4129 3967
f 3967 4129 4153
f 4129 3950 4153
f 3950 3949 4153
f 3949 3948 4153
f 3954 3946 4129
f 3946 3951 4129
f 4129 3951 3953
f 3948 3952 4153
f 4153 3952 4142
f 3952 3942 4142
f 3942 3941 4142
f 3941 3945 4142
f 4142 3945 3947
f 3940 4143 3939
f 3939 4143 3943
f 4143 4142 3943
f 3943 4142 3944
f 4142 3947 3944
f 4082 4067 4139
f 4067 4141 4139
f 4141 4134 1550
f 4066 1546 4142
f 4142 1546 4153
f 1546 1548 4153
f 4153 1548 4144
f 1548 4259 4144
f 538 622 546
f 567 621 562
f 535 534 628
f 1308 1309 1310
f 554 624 558
f 558 624 542
f 557 612 550
f 1671 1670 1707
f 576 625 638
f 574 566 626
f 626 625 572
f 563 566 574
f 542 624 545
f 545 624 537
f 537 624 534
f 624 623 534
f 628 534 623
f 725 724 742
f 724 741 742
f 740 739 845
f 739 737 845
f 845 737 724
f 737 743 724
f 724 743 741
f 624 734 735
f 740 845 732
f 845 718 732
f 732 718 738
f 735 730 624
f 624 730 623
f 730 729 623
f 729 727 623
f 623 727 628
f 727 728 628
f 734 624 736
f 736 624 731
f 731 624 725
f 725 624 724
f 624 554 724
f 728 733 628
f 733 722 628
f 722 723 628
f 628 723 535
f 718 536 535
f 723 726 535
f 726 721 535
f 721 719 535
f 535 719 718
f 719 744 718
f 718 744 738
f 622 538 720
f 538 536 718
f 854 717 715
f 632 711 634
f 711 709 634
f 709 710 634
f 710 708 634
f 708 706 634
f 554 550 724
f 724 550 713
f 550 612 713
f 713 612 854
f 705 635 706
f 706 635 634
f 702 635 714
f 714 635 704
f 704 635 705
f 703 636 702
f 702 636 635
f 717 854 701
f 854 612 701
f 701 612 703
f 703 612 636
f 715 716 854
f 716 698 854
f 854 698 846
f 698 699 846
f 707 692 697
f 692 846 697
f 697 846 700
f 846 699 700
f 707 695 692
f 695 696 692
f 692 696 693
f 693 694 632
f 694 712 632
f 632 712 711
f 693 632 692
f 689 848 688
f 848 847 688
f 688 847 690
f 633 685 684
f 686 679 666
f 679 668 666
f 673 633 677
f 677 633 678
f 678 633 684
f 689 680 848
f 680 675 848
f 848 675 666
f 675 687 666
f 666 687 686
f 683 630 672
f 630 631 672
f 672 631 671
f 671 631 674
f 674 631 673
f 673 631 633
f 669 630 847
f 685 633 691
f 691 633 670
f 633 637 670
f 670 637 668
f 668 637 666
f 683 682 630
f 682 676 630
f 676 667 630
f 630 667 847
f 667 681 847
f 847 681 690
f 645 655 641
f 651 663 564
f 663 660 564
f 564 660 627
f 644 566 662
f 662 566 658
f 658 566 657
f 566 565 657
f 657 565 659
f 659 565 649
f 652 841 654
f 841 641 654
f 654 641 656
f 641 655 656
f 660 661 627
f 661 650 627
f 650 648 627
f 649 565 648
f 565 627 648
f 652 653 841
f 653 646 841
f 841 646 640
f 646 647 640
f 640 647 664
f 625 626 641
f 641 626 645
f 645 626 644
f 626 566 644
f 564 629 640
f 664 665 640
f 665 642 640
f 640 642 564
f 642 643 564
f 564 643 651
f 637 638 666
f 666 638 850
f 638 625 850
f 850 625 641
f 629 621 640
f 640 621 567
f 1542 1540 1560
f 1558 1561 1541
f 1541 1561 1540
f 1561 1562 1540
f 1540 1562 1560
f 1542 1560 1543
f 1560 1563 1543
f 1559 1557 1537
f 1537 1557 1535
f 1541 1538 1558
f 1538 1539 1558
f 1558 1539 1557
f 1539 1535 1557
f 1536 1555 1537
f 1555 1559 1537
f 1533 1553 1536
f 1553 1556 1536
f 1536 1556 1555
f 1554 1552 1532
f 1532 1552 1531
f 1533 1534 1553
f 1553 1534 1552
f 1534 1531 1552
f 1551 1554 1532
f 1550 4134 1529
f 1529 4134 1549
f 1532 1530 1551
f 1530 1529 1551
f 1551 1529 1545
f 1529 1549 1545
f 1549 1548 1545
f 1545 1548 1546
f 1546 1547 1545
f 1529 1528 1550
f 1472 1484 1485
f 1484 1483 1485
f 1483 1527 1485
f 1485 1527 1579
f 1476 1472 1487
f 1478 1476 1458
f 1476 1486 1458
f 1476 1487 1486
f 1487 1472 1485
f 1566 1482 1485
f 1482 1481 1487
f 1487 1481 1486
f 1485 1482 1487
f 1595 1594 1599
f 1594 1613 1621
f 1593 1595 1596
f 1577 1590 1567
f 1590 1589 1567
f 1567 1589 1596
f 1589 1593 1596
f 1567 1598 1565
f 1598 1597 1565
f 1565 1597 1564
f 1591 1599 1594
f 1567 1596 1598
f 1598 1596 1599
f 1596 1595 1599
f 1461 1460 1478
f 1463 1462 1460
f 1430 1459 1462
f 1387 1431 1459
f 1374 1464 1375
f 1461 1458 1486
f 1461 1478 1458
f 1374 1432 1464
f 1432 1433 1464
f 1464 1433 1463
f 1463 1433 1462
f 1463 1460 1464
f 1460 1461 1464
f 1609 1619 1610
f 1610 1620 1611
f 1622 1621 1614
f 1621 1613 1614
f 1591 1594 1621
f 1592 1591 1621
f 1610 1619 1620
f 1622 1611 1620
f 1620 1624 1622
f 1622 1624 1621
f 1624 1623 1621
f 1621 1623 1618
f 1626 1675 1627
f 1621 1618 1592
f 1592 1618 1674
f 1618 1623 1674
f 1623 1617 1674
f 1631 1627 1617
f 1627 1674 1617
f 1675 1682 1681
f 1680 1679 1682
f 1682 1679 1678
f 1678 1676 1677
f 1732 1733 1689
f 1689 1733 1688
f 1733 1734 1688
f 1688 1734 1687
f 1734 1735 1687
f 1687 1735 1685
f 1735 1736 1685
f 1685 1736 1686
f 1736 1737 1686
f 1686 1737 1690
f 1691 1684 1731
f 1731 1684 1768
f 1684 1695 1768
f 1768 1695 1753
f 1753 1695 1739
f 1695 1683 1739
f 1739 1683 1740
f 1683 1690 1740
f 1740 1690 1738
f 1690 1737 1738
f 1684 1691 1696
f 1688 1687 1697
f 1690 1683 1698
f 1692 1693 1697
f 1697 1693 1694
f 1696 1691 1676
f 1688 1697 1689
f 1697 1694 1689
f 1689 1694 1732
f 1685 1686 1700
f 1698 1700 1690
f 1700 1686 1690
f 1626 1632 1675
f 1704 1633 1692
f 1632 1703 1705
f 1705 1703 1680
f 1703 1704 1680
f 1680 1704 1699
f 1704 1692 1699
f 1699 1692 1700
f 1692 1697 1700
f 1697 1687 1700
f 1700 1687 1685
f 1676 1678 1696
f 1696 1678 1706
f 1706 1678 1679
f 1706 1679 1699
f 1699 1679 1680
f 1628 1701 1702
f 1702 1701 1703
f 1701 1628 1703
f 1703 1628 1704
f 1628 1625 1704
f 1704 1625 1633
f 1683 1695 1698
f 1695 1684 1698
f 1698 1684 1700
f 1684 1696 1700
f 1696 1706 1700
f 1700 1706 1699
f 1705 1680 1632
f 1680 1682 1632
f 1632 1682 1675
f 1491 1490 1419
f 1419 1490 1421
f 1427 1488 1422
f 1488 1489 1422
f 1422 1489 1419
f 1489 1492 1419
f 1419 1492 1491
f 1492 1493 1491
f 1334 1332 1407
f 1751 1749 1763
f 1761 1762 1767
f 1762 1764 1767
f 1767 1764 1749
f 1749 1764 1763
f 1488 1761 1489
f 1761 1748 1489
f 1489 1748 1492
f 1767 1748 1761
f 1767 1749 1748
f 1493 1492 1760
f 1492 1748 1760
f 1748 1745 1760
f 1751 1768 1753
f 1768 1765 1731
f 1731 1765 1729
f 1765 1758 1729
f 1765 1768 1763
f 1763 1768 1751
f 1758 1765 1759
f 1759 1765 1766
f 1765 1763 1766
f 1342 3017 1423
f 1341 1428 1339
f 1455 1412 1429
f 1424 1341 1338
f 1341 1424 1425
f 1423 1426 1342
f 1342 1426 1338
f 1338 1426 1424
f 3017 1427 1423
f 1427 1422 1423
f 1423 1422 1419
f 1423 1419 1420
f 1420 1419 1421
f 1425 1455 1341
f 1455 1407 1341
f 1341 1407 1428
f 1428 1407 1340
f 1407 1332 1340
f 1429 1410 1455
f 1455 1410 1407
f 1410 1409 1407
f 1407 1408 1334
f 1334 1408 1333
f 1371 1372 1373
f 1372 1398 1373
f 1370 1404 1371
f 1366 1369 1368
f 1369 1370 1368
f 1390 1396 1399
f 1396 1395 1399
f 1392 1393 1394
f 1406 1404 1370
f 1398 1372 1404
f 1404 1372 1371
f 1441 1399 1394
f 1399 1395 1394
f 1394 1395 1392
f 1387 1388 1400
f 1399 1391 1390
f 1441 1387 1399
f 1387 1400 1399
f 1386 1385 1382
f 1380 1377 1402
f 1379 1380 1402
f 1379 1402 1366
f 1402 1401 1403
f 1400 1401 1399
f 1401 1383 1399
f 1383 1389 1399
f 1399 1389 1391
f 1389 1418 1391
f 1373 1398 1378
f 1403 1370 1397
f 1397 1370 1369
f 1442 1398 1404
f 1405 1404 1406
f 1406 1370 1403
f 1377 1376 1402
f 1376 1386 1402
f 1386 1382 1402
f 1402 1382 1401
f 1382 1381 1401
f 1381 1384 1401
f 1401 1384 1383
f 1442 1404 1388
f 1388 1404 1400
f 1404 1405 1400
f 1400 1405 1401
f 1405 1406 1401
f 1401 1406 1403
f 1403 1397 1402
f 1402 1397 1366
f 1397 1369 1366
f 1325 1334 1333
f 1464 1461 1375
f 1367 1444 1374
f 5798 5895 7990
f 1583 7991 7990
f 1199 1592 1674
f 1592 1597 1599
f 1599 1597 1598
f 1591 1592 1599
f 1597 7992 1564
f 1564 7992 1565
f 7991 1583 7993
f 7993 1583 1565
f 7994 1575 1583
f 7994 7995 1575
f 7995 7996 1575
f 1575 7996 1566
f 7996 849 1566
f 7997 1482 849
f 849 1482 1566
f 1375 1461 7998
f 1461 1486 7998
f 7998 1486 7997
f 1486 1481 7997
f 7997 1481 1482
f 1375 7998 1300
f 7978 7989 7942
f 7989 7988 7942
f 7988 7987 7942
f 7987 7986 7942
f 7476 7518 7994
f 7985 7984 7633
f 7983 7979 9990
f 7984 7981 7633
f 7633 7981 7983
f 7981 7982 7983
f 7983 7982 7979
f 9990 7979 7334
f 7979 7980 7334
f 7335 7980 7556
f 7964 7977 7963
f 7969 7976 7972
f 7972 7976 7975
f 7963 7974 7965
f 7965 7974 8397
f 8397 7974 7971
f 7971 7974 7973
f 7975 7971 7972
f 7971 7973 7972
f 7966 7664 7967
f 7664 7968 7967
f 7966 7967 7965
f 7965 7967 7963
f 7967 8419 7963
f 7963 8419 7964
f 7958 7962 7961
f 7961 7960 7958
f 7958 7960 7730
f 7959 7948 7957
f 7948 7947 7957
f 7962 7958 7957
f 7958 7959 7957
f 7972 7970 7969
f 7970 7955 7969
f 7969 7955 7952
f 7955 7956 7952
f 7854 7954 7859
f 7954 7947 7859
f 7956 7953 7952
f 7953 7951 7859
f 7951 7950 7859
f 7948 7949 7947
f 7949 7952 7947
f 7947 7952 7859
f 7952 7953 7859
f 7950 7946 7859
f 7946 7944 7859
f 7859 7944 7942
f 7944 7945 7942
f 7945 7634 7942
f 7634 7943 7942
f 7942 7943 7978
f 7941 7938 7939
f 7938 7936 7939
f 7939 7936 7940
f 7940 7936 7910
f 7936 7937 7910
f 7935 7934 7918
f 7918 7934 7930
f 7934 7933 7930
f 7933 7931 7930
f 7930 7931 7932
f 7929 7928 7925
f 7929 7925 7932
f 7924 7927 7926
f 7926 7925 7924
f 7924 7925 7928
f 7927 7924 7521
f 7924 7923 7521
f 9725 7921 7920
f 7921 7485 7920
f 7919 7910 7918
f 7918 7910 7935
f 7910 7937 7935
f 7919 7917 7910
f 9725 7916 7921
f 7917 7916 7915
f 7915 7916 9725
f 7917 7915 7910
f 7915 7914 7910
f 7910 7914 7912
f 7910 7912 7911
f 7911 7912 7913
f 7582 7909 7588
f 7588 7909 7908
f 7908 7909 7904
f 7909 7907 7904
f 7904 7907 7906
f 7904 7906 7905
f 7903 7902 7630
f 7902 7901 7630
f 7898 7897 7899
f 7899 7897 7896
f 7896 7895 7899
f 7899 7895 7698
f 7895 7894 7698
f 7892 7889 7891
f 7891 7889 7890
f 7889 7883 7888
f 7888 7890 7889
f 7887 7886 7883
f 7883 7886 7885
f 7885 7884 7883
f 7883 7884 7888
f 7881 7882 7875
f 7882 9410 7875
f 9410 7877 7875
f 7875 7877 7879
f 7877 7878 7879
f 7878 7880 7879
f 7879 7880 7893
f 7880 9409 7893
f 9409 7892 7893
f 7893 7892 7891
f 7881 7875 7869
f 7875 7876 7869
f 7872 7868 7867
f 7867 7873 7872
f 7873 7870 7872
f 7872 7870 7835
f 7870 7871 7835
f 7876 7874 7869
f 7874 7867 7869
f 7869 7867 7611
f 7867 7868 7611
f 7702 7866 7703
f 7866 7865 7703
f 7859 7520 7863
f 7859 7863 7862
f 7860 7861 7856
f 7860 7856 7851
f 7858 7851 7854
f 7859 7862 7854
f 7862 7857 7854
f 7854 7857 7858
f 7856 7855 7851
f 7851 7855 7852
f 7853 7854 7849
f 7854 7851 7849
f 7849 7851 7852
f 7853 7849 7809
f 7849 7850 7809
f 7850 7848 7809
f 7809 7848 7810
f 7803 7797 7846
f 7803 7846 7841
f 6395 7845 7840
f 6395 7840 7839
f 6395 7838 7845
f 7838 7844 7845
f 7844 7842 7845
f 7845 7842 7841
f 7842 7843 7841
f 7841 7843 7803
f 7837 7836 7628
f 7871 7847 7835
f 7826 7832 7831
f 7831 7832 7829
f 7830 7823 7829
f 7823 7831 7829
f 7847 7834 7835
f 7835 7834 7833
f 7834 7827 7833
f 7833 7827 7825
f 7827 7828 7825
f 7831 7825 7826
f 7826 7825 7828
f 7810 7824 7811
f 7824 7823 7811
f 7823 7830 7811
f 7830 7822 7811
f 7836 7818 7628
f 7628 7818 7820
f 7820 7818 7817
f 7818 7819 7817
f 7817 7819 7821
f 7819 7816 7821
f 7816 7815 7821
f 7822 7821 7811
f 7811 7821 7814
f 7821 7815 7814
f 7811 7812 7810
f 7810 7812 7809
f 7813 7807 6394
f 6394 7807 7806
f 7808 7805 7807
f 7805 7806 7807
f 7812 7805 7809
f 7809 7805 7808
f 7794 8681 7798
f 8681 7800 7798
f 7798 7800 7801
f 7865 7864 7703
f 7864 7802 7703
f 7703 7802 7800
f 7802 7801 7800
f 7798 7799 7794
f 7794 7799 7796
f 7793 7792 7535
f 7792 7791 7535
f 7791 7790 7535
f 7535 7790 7789
f 7789 7788 7535
f 7746 7787 7698
f 7786 7759 7780
f 7780 7759 7761
f 7784 7785 7772
f 7772 7785 7782
f 7782 7774 7772
f 7772 7774 7776
f 7786 7780 7775
f 7780 7781 7775
f 7775 7781 7779
f 7779 7778 7775
f 7778 7776 7775
f 7775 7776 7777
f 7777 7776 7774
f 7773 7769 7772
f 7769 7783 7772
f 7772 7783 7784
f 7572 7771 7769
f 7769 7773 7572
f 7765 7572 7766
f 7773 7768 7572
f 7703 7767 7762
f 7572 7768 7766
f 7767 7764 7762
f 7762 7764 7766
f 7764 7765 7766
f 7698 7693 7761
f 7761 7759 7698
f 7759 7760 7698
f 7760 7758 7698
f 7788 7754 7535
f 7535 7754 7755
f 7755 7754 7756
f 7754 7757 7756
f 7756 7757 7753
f 7757 7751 7753
f 7753 7751 7748
f 7751 7752 7748
f 7752 7750 7748
f 7758 7748 7698
f 7698 7748 7749
f 7748 7750 7749
f 7749 7747 7698
f 7698 7747 7746
f 7745 7744 7742
f 7744 7743 7742
f 7743 7736 7742
f 7742 7736 7737
f 7740 7739 7738
f 7738 7739 7741
f 7741 7739 7736
f 7736 7739 7737
f 7745 7742 7734
f 7742 7735 7734
f 7673 7733 7680
f 7732 7731 7729
f 7730 7960 7725
f 7729 7731 7720
f 7731 7728 7720
f 7720 7728 7727
f 7727 7728 7718
f 7960 7726 7725
f 7726 7724 7725
f 7725 7724 7723
f 7723 7724 7722
f 7722 7724 7720
f 7724 7721 7720
f 7720 7721 7729
f 7728 7719 7718
f 7718 7719 7706
f 7711 7717 7709
f 7709 7717 7716
f 7733 7715 7680
f 7680 7715 7717
f 7716 7717 7715
f 8409 7708 7713
f 7708 7714 7713
f 7713 7714 7709
f 7714 7712 7709
f 7709 7712 7710
f 7709 7710 7711
f 8409 7703 7708
f 7708 7703 7763
f 7703 7762 7763
f 8409 7707 7703
f 7706 7719 7704
f 7719 7705 7704
f 7704 7705 7700
f 7705 7701 7700
f 7700 7701 7699
f 7703 7707 7702
f 7707 7699 7702
f 7702 7699 7701
f 7698 7894 7693
f 7894 7697 7693
f 7693 7697 7694
f 7693 7694 7688
f 7695 7690 7681
f 7681 7690 7692
f 7692 7690 7691
f 7690 7689 7691
f 7691 7689 7688
f 7688 7689 7693
f 7678 7687 7686
f 7684 7685 8767
f 7678 7686 7683
f 7686 7669 7683
f 7682 7680 7681
f 7680 7696 7681
f 7681 7696 7695
f 7680 7682 7673
f 7682 7679 7673
f 7672 7678 7677
f 7672 7677 7660
f 7677 7659 7660
f 7679 7675 7673
f 8745 7672 7674
f 7672 7673 7674
f 7674 7673 7675
f 8745 7676 7672
f 7672 7676 7678
f 7678 7676 7687
f 7575 7670 7671
f 7671 7670 8767
f 7670 7668 8767
f 8767 7668 7669
f 7686 7684 7669
f 7684 8767 7669
f 7666 7665 7659
f 8405 7662 7664
f 7664 7662 7968
f 8405 7663 7662
f 7663 7661 7662
f 7660 7665 8404
f 8404 7665 7661
f 7665 7662 7661
f 7665 7660 7659
f 7666 7659 7658
f 7659 7657 7658
f 7657 7632 7658
f 7657 7656 7632
f 7631 7655 7653
f 7652 7654 7653
f 7653 7654 7631
f 7654 7652 7667
f 7637 7635 7648
f 7648 7635 7649
f 7635 7650 7649
f 7649 7650 7646
f 7650 7647 7646
f 7734 7735 7651
f 7735 7646 7651
f 7651 7646 7647
f 7631 7642 7640
f 7642 7643 7640
f 7640 7641 7631
f 7641 7639 7631
f 7639 7638 7631
f 7642 7645 7643
f 7645 7644 7643
f 7643 7644 7637
f 7644 7636 7637
f 7637 7636 7635
f 7945 7635 7634
f 7634 7635 7633
f 7635 7636 7633
f 7633 7636 7985
f 7631 7638 7632
f 7656 7655 7632
f 7655 7631 7632
f 7837 7628 7626
f 7628 7629 7626
f 6210 7627 7621
f 7627 7626 7621
f 7626 7629 7621
f 7629 7625 7621
f 7621 7625 7624
f 7624 7625 7593
f 7625 7623 7593
f 7621 7622 6210
f 6210 7622 7620
f 6210 7620 7506
f 7620 7619 7506
f 7506 7619 7630
f 7630 7619 7903
f 7623 7618 7593
f 7618 7617 7615
f 7615 7617 7616
f 7618 7615 7593
f 7615 7614 7593
f 7593 7614 7602
f 7613 7612 7604
f 7608 9403 7611
f 7611 9403 7869
f 7612 7605 7604
f 7604 7605 7607
f 7605 7606 7607
f 7611 7609 7608
f 7609 7610 7608
f 7608 7610 7605
f 7610 7606 7605
f 7900 7601 7511
f 7599 7594 7598
f 7594 7600 7598
f 7598 7600 7591
f 7600 9305 7591
f 7591 9305 7597
f 7594 7599 7596
f 7596 7595 7594
f 7595 7589 7594
f 7594 7589 7601
f 7613 7604 7602
f 7604 7603 7602
f 7602 7603 7593
f 7603 7591 7593
f 7593 7591 7592
f 7597 7592 7591
f 7601 7589 7511
f 7511 7589 7588
f 7589 7590 7588
f 7590 7587 7588
f 7588 7587 7582
f 7582 7587 7586
f 7586 7583 7582
f 7583 7584 7582
f 7582 7584 7585
f 7581 7580 7547
f 7547 7580 7576
f 7574 7579 7577
f 7579 7578 7577
f 7577 7578 7580
f 7580 7578 7576
f 7579 7574 7671
f 7574 7575 7671
f 7573 7526 7572
f 7526 7770 7572
f 7572 7770 7771
f 7571 7570 7567
f 7566 7569 7567
f 7565 7556 7568
f 7556 7567 7568
f 7568 7567 7569
f 7570 7566 7567
f 7565 7564 7556
f 7564 7563 7556
f 7563 7562 7558
f 7558 7562 7561
f 7563 7558 7556
f 7558 7559 7556
f 7556 7559 7557
f 7556 7557 7335
f 7555 8634 1193
f 8634 7554 1193
f 1193 7554 7567
f 7567 7554 7571
f 7567 7553 1193
f 1193 7553 7552
f 7552 7551 1193
f 7551 7550 1193
f 1193 7550 7545
f 7550 7549 7545
f 7545 7549 7548
f 7547 7542 7546
f 7546 7542 7544
f 7581 7547 7546
f 7545 7544 1193
f 7543 1193 7542
f 1193 7544 7542
f 7543 7541 1193
f 7539 7540 7537
f 7538 1193 7537
f 1193 7541 7537
f 7537 7541 7539
f 7538 7536 1193
f 1193 7536 7533
f 7793 7535 7534
f 7535 7532 7534
f 7534 7532 7533
f 7533 7532 1193
f 7532 7531 1193
f 7531 7530 1193
f 1193 7530 1194
f 7530 7529 1194
f 7529 7528 1194
f 7573 7527 7526
f 1194 7528 7526
f 7526 7527 1194
f 1194 7527 7525
f 7525 7524 1194
f 1194 7524 7523
f 1194 7523 6270
f 7923 7522 7521
f 7521 7522 7519
f 7932 7925 7930
f 7930 7925 7518
f 7925 7517 7518
f 7518 7517 7994
f 7517 7516 7994
f 7513 7514 7515
f 7475 7990 7513
f 7990 6605 7513
f 7513 6605 7514
f 7511 7493 7510
f 7901 7900 7630
f 7900 7511 7630
f 7630 7511 7508
f 7511 7510 7508
f 7508 7510 7501
f 7494 7497 7504
f 7504 7497 7505
f 7504 7505 7501
f 7505 7503 7501
f 7501 7503 7502
f 7502 7475 7501
f 7501 7475 7508
f 7502 7500 7475
f 7475 7500 7499
f 7499 7498 7475
f 7496 7495 7494
f 7494 7495 7497
f 7491 7475 7494
f 7475 7498 7494
f 7494 7498 7496
f 9714 7488 7476
f 7491 7493 7492
f 7488 7490 7489
f 7488 7489 7476
f 7489 7487 7476
f 7921 7922 7485
f 7922 7484 7485
f 7485 7484 7486
f 7480 7483 7484
f 7483 7482 7484
f 7484 7482 7486
f 7483 7480 7487
f 7487 7480 7481
f 7481 7479 7487
f 7487 7479 7476
f 7476 7479 7478
f 7478 7477 7476
f 7476 7477 7512
f 7905 7910 7904
f 7910 7911 7904
f 7904 7911 7492
f 7911 9714 7492
f 7492 9714 7491
f 9714 7476 7491
f 7491 7476 7475
f 7476 7994 7475
f 7475 7994 7990
f 7994 1583 7990
f 7474 6210 7507
f 6210 7506 7507
f 7507 7506 7475
f 7506 7509 7475
f 7475 7509 7508
f 7472 7470 7468
f 7473 7472 7449
f 7449 7472 7471
f 7472 7468 7471
f 7470 7469 7468
f 7468 7469 7457
f 7457 7469 7461
f 7463 7460 7462
f 7462 7460 7461
f 7464 7466 5650
f 7465 7462 7464
f 7462 7466 7464
f 7465 7463 7462
f 7461 7460 7457
f 7460 7459 7457
f 7459 7458 7457
f 7457 7458 7453
f 7453 7455 7457
f 7455 7453 7454
f 7453 7456 7454
f 7454 7456 7344
f 7456 7452 7344
f 7452 7451 7344
f 7344 7451 5690
f 7473 7449 1198
f 7449 7450 1198
f 7447 7446 7419
f 7419 7446 7445
f 7446 7444 7445
f 5723 5722 7444
f 5722 8614 7444
f 7444 8614 7445
f 7435 7442 7437
f 7443 7440 7441
f 7442 7435 7440
f 7440 7435 7441
f 1198 7450 7438
f 7437 7436 7435
f 7438 7430 7425
f 7436 7434 7435
f 7435 7434 7433
f 7434 7432 7433
f 7433 7432 7430
f 7432 7431 7430
f 7430 7431 7425
f 7425 7431 7429
f 8578 7427 7429
f 7429 7427 7425
f 8578 7428 7427
f 7427 7428 7439
f 7426 1198 7425
f 1198 7438 7425
f 1198 7426 1193
f 7426 7424 1193
f 7423 7421 7416
f 8600 7423 7422
f 7423 7416 7422
f 7420 7418 7419
f 7418 7448 7419
f 7419 7448 7447
f 7416 7421 7418
f 7418 7420 7416
f 7416 7420 8617
f 8617 7417 7416
f 7416 7417 7410
f 7417 7415 7410
f 7411 7409 7413
f 7411 7412 7409
f 7415 7414 7410
f 7414 7409 7410
f 7410 7409 7412
f 7413 7408 7411
f 7411 7408 7405
f 7408 8623 7405
f 7424 7407 1193
f 1193 7407 7406
f 1193 7406 7405
f 7405 8623 1193
f 1193 8623 7555
f 8600 7422 7343
f 7422 7404 7343
f 7403 7388 8556
f 8556 7388 7402
f 7402 7397 8556
f 8556 7397 7401
f 7443 7441 7400
f 7441 7398 7400
f 7400 7398 7397
f 7398 7399 7397
f 7397 7399 7401
f 7396 7395 7390
f 7390 7395 7394
f 7328 7404 7393
f 7393 7392 7328
f 7328 7392 7390
f 7390 7392 7396
f 7390 7391 7328
f 7391 7389 7328
f 7328 7389 7386
f 7388 7403 7386
f 7403 7387 7386
f 7386 7387 7328
f 7328 7387 7385
f 7328 7385 7384
f 7328 7384 7381
f 7383 7378 7377
f 7377 7378 7379
f 7370 7375 7369
f 7377 7382 7383
f 7383 7382 7381
f 7382 7380 7381
f 7381 7380 7328
f 7380 7373 7328
f 7328 7373 7376
f 7369 7375 7374
f 7376 7373 7375
f 7373 7374 7375
f 7362 7372 7369
f 7372 7371 7369
f 7369 7371 7370
f 7368 7364 7358
f 7358 7364 7366
f 7366 7364 7365
f 7364 7367 7365
f 7365 7367 7362
f 7367 10001 7362
f 10001 7363 7362
f 7362 7363 7372
f 7352 7354 7361
f 7361 7360 7352
f 7360 7359 7352
f 7352 7359 7358
f 7359 7368 7358
f 7355 7357 7356
f 7355 7356 7349
f 7354 7352 7353
f 7352 7350 7353
f 7353 7350 7349
f 7350 7351 7349
f 7349 7351 7355
f 7995 7348 7347
f 7347 7348 7355
f 7348 10021 7355
f 7355 10021 7357
f 7995 7347 7346
f 7995 7346 5690
f 5690 7346 7345
f 5690 7345 7344
f 7341 7340 7331
f 7331 7340 7339
f 7339 7338 7331
f 7331 7338 7337
f 7337 7336 7331
f 7336 7333 7331
f 7331 7333 7332
f 7333 7334 7332
f 7332 7334 7335
f 7334 7980 7335
f 7305 7307 7329
f 7404 7328 7343
f 7343 7328 7330
f 7328 7305 7330
f 7305 7329 7330
f 7330 7329 7331
f 7329 7342 7331
f 7331 7342 7341
f 7326 7327 7320
f 7327 7325 7320
f 7320 7325 7324
f 7319 7321 7317
f 7317 7321 7320
f 7321 7322 7320
f 7320 7322 7326
f 7316 7318 7315
f 7315 7318 7317
f 7318 7319 7317
f 7316 7315 7314
f 7315 7312 7314
f 7314 7312 7313
f 7308 7311 7312
f 7311 7313 7312
f 7309 7308 7310
f 7308 7301 7310
f 7308 7309 7311
f 7307 7305 7301
f 7305 7306 7301
f 7306 7304 7301
f 7301 7304 7303
f 7303 7302 7301
f 7301 7302 7310
f 7516 7300 7994
f 7994 7300 7299
f 7994 7299 7292
f 7292 7299 7298
f 7298 7297 7292
f 7292 7297 7296
f 7296 7295 7292
f 7292 7295 7293
f 7295 7294 7293
f 7324 7323 7320
f 7320 7323 7294
f 7323 7293 7294
f 7995 7994 10045
f 7994 7292 10045
f 7995 10045 7291
f 7291 7290 7995
f 7290 7289 7995
f 7995 7289 7288
f 7288 7287 7995
f 7995 7287 10025
f 10025 7286 7995
f 7995 7286 7285
f 7995 7285 7348
f 7284 7283 7279
f 7279 7283 7282
f 7282 7281 7279
f 7279 7281 7280
f 7280 7521 7279
f 7279 7521 7520
f 7521 7519 7520
f 7520 7519 7863
f 7278 7260 5785
f 7260 7277 5785
f 7273 7275 7274
f 7275 7276 7274
f 7275 7273 5817
f 5817 7273 7272
f 7268 7271 7269
f 7267 7127 7270
f 7127 7268 7270
f 7270 7268 7269
f 7267 7266 7127
f 7127 7266 7174
f 7266 7265 7174
f 7174 7265 6606
f 7265 7264 6606
f 7263 7262 7991
f 7261 7260 5830
f 7199 7259 7258
f 7199 7258 7255
f 7256 7254 7255
f 7254 9823 7255
f 7255 9823 7199
f 7254 7256 7257
f 7256 6784 7257
f 7179 7253 7177
f 7239 7238 7248
f 7246 7251 7244
f 7244 7251 7250
f 7251 7249 7250
f 7250 7249 7238
f 7249 7247 7238
f 7238 7247 7248
f 7245 7243 7244
f 7243 7252 7244
f 7244 7252 7246
f 7245 7240 7243
f 7240 7999 7243
f 7240 7242 7999
f 7240 7241 7242
f 7253 7238 7177
f 7177 7238 7239
f 7236 7237 7220
f 7220 7237 7235
f 7237 9655 7235
f 7210 9653 7226
f 7210 7226 7227
f 7234 7233 7231
f 7231 7233 7229
f 7229 7228 7225
f 7225 7232 7229
f 7232 7230 7229
f 7229 7230 7231
f 7234 7231 7226
f 7231 7227 7226
f 7228 7223 7225
f 7225 7223 7224
f 9654 7219 7220
f 7220 7219 7236
f 9654 7218 7219
f 7219 7218 7214
f 7215 6646 7217
f 6646 6640 7217
f 7212 7211 7215
f 7211 9653 7215
f 7215 9653 6646
f 7218 7216 7214
f 7216 7211 7214
f 7214 7211 7213
f 7211 7212 7213
f 9653 7210 6646
f 7210 7209 6646
f 7204 7208 7205
f 7208 7207 7205
f 7205 9745 7204
f 7204 9745 7203
f 7202 7201 7203
f 7203 7201 7204
f 7209 7201 6646
f 6646 7201 7202
f 7259 7199 7197
f 7199 7200 7197
f 6646 7202 7197
f 6646 7197 7198
f 7197 7200 7198
f 7192 7196 7195
f 7195 7194 7192
f 7198 7193 6646
f 7196 7192 7193
f 7192 7191 7193
f 7193 7191 6646
f 7191 7190 7185
f 7190 7189 7185
f 7189 7187 7185
f 7185 7187 7188
f 7188 7187 7181
f 7187 7186 7181
f 7191 7185 6646
f 7185 9839 6646
f 6646 9839 7184
f 6796 7182 7186
f 7182 7181 7186
f 7184 7180 6646
f 6646 7180 7179
f 7178 6646 7177
f 6646 7179 7177
f 7178 7176 6646
f 6646 7176 7174
f 7176 7175 7174
f 7174 7175 7127
f 7175 7173 7127
f 7276 7275 7277
f 7275 7171 7277
f 7277 7171 5785
f 7169 10684 7168
f 7168 10684 7165
f 7167 7166 10684
f 10684 7166 7165
f 7164 7163 7167
f 7163 7162 7167
f 7167 7162 7161
f 7161 7160 7167
f 7167 7160 7166
f 6751 7158 9671
f 7158 7159 9671
f 9671 7159 7170
f 7159 7169 7170
f 7169 7168 7170
f 7142 9787 7157
f 7154 7156 9787
f 7156 7157 9787
f 7156 7154 7155
f 7153 7152 7154
f 7152 7155 7154
f 7151 7150 7153
f 7150 7149 7153
f 7153 7149 7148
f 7148 7147 7153
f 7153 7147 7152
f 6798 7146 7144
f 7144 7141 6798
f 6798 7141 7143
f 7141 7142 7143
f 7142 7157 7143
f 7138 7139 7122
f 7139 7137 7122
f 7122 7137 7136
f 7135 7134 7123
f 7123 7134 7132
f 7134 7133 7132
f 7133 7130 7132
f 7132 7130 7128
f 7130 7131 7128
f 7131 7129 7128
f 5647 7140 7055
f 7140 7128 7055
f 7055 7128 7129
f 6859 7126 6860
f 7126 7125 6860
f 6860 7125 7124
f 7124 7122 6860
f 6860 7122 7123
f 7122 7136 7123
f 7123 7136 7135
f 7121 7120 7116
f 7120 7119 7116
f 7116 7119 7118
f 7119 7082 7118
f 7118 7082 7080
f 7121 7116 6693
f 7116 7117 6693
f 7066 7115 7113
f 7113 7114 7066
f 7066 7114 7090
f 7107 7112 7111
f 7110 7093 6935
f 7093 7109 7095
f 7095 7109 7108
f 7107 7111 7105
f 7105 7111 7100
f 7098 7103 7104
f 7103 7101 7104
f 7104 7101 7100
f 7101 7102 7100
f 7100 7102 7105
f 7099 7097 7098
f 7097 7106 7098
f 7098 7106 7103
f 7108 7097 7095
f 7095 7097 7099
f 7095 7096 7093
f 7093 7096 6935
f 6935 7096 7094
f 7090 7092 7091
f 7091 7092 6975
f 7090 7091 7066
f 7092 7089 6975
f 6935 7094 7087
f 6935 7087 7086
f 7086 7087 7084
f 7087 7085 7084
f 7089 7088 7085
f 7088 7084 7085
f 7082 7083 7080
f 7081 6975 7085
f 6975 7089 7085
f 7083 6975 7080
f 7080 6975 7081
f 7073 7072 7078
f 7073 7078 7076
f 7077 7038 7076
f 7038 7075 7076
f 7076 7075 7073
f 6243 7079 7070
f 7079 7072 7070
f 7070 7072 7074
f 7072 7073 7074
f 7070 7071 6243
f 6243 7071 6671
f 7071 7069 6671
f 7069 7057 6671
f 6879 7068 7065
f 7115 7066 7065
f 7066 7064 7065
f 7065 7064 6879
f 7064 7060 6879
f 6879 7060 7062
f 7060 7061 7062
f 7062 7061 7063
f 7061 7058 7063
f 7063 7058 7067
f 7067 7058 7057
f 7058 7059 7057
f 7057 7059 6671
f 7038 7077 7047
f 7047 7056 7038
f 7055 7054 6633
f 7054 7053 6633
f 7048 7050 7049
f 7049 7050 7052
f 7050 7051 7052
f 7052 7051 7045
f 7051 7046 7045
f 7077 7045 7047
f 7047 7045 7046
f 7053 7041 6633
f 6633 7041 7044
f 7049 7039 7048
f 7048 7039 7040
f 7044 7041 7042
f 7041 7043 7042
f 7042 7043 7039
f 7043 7040 7039
f 7056 7037 7038
f 7038 7037 7036
f 7036 7037 7138
f 7037 7035 7138
f 7138 7035 7139
f 7006 7034 7026
f 7026 7034 7033
f 7030 7029 7032
f 7030 7032 6622
f 7032 7031 6622
f 7033 7029 7026
f 7026 7029 7030
f 6622 7031 7028
f 7026 7027 7006
f 7025 7024 6953
f 7015 7018 7020
f 7018 7022 7020
f 7020 7022 7021
f 7017 7014 7019
f 7014 7013 7019
f 7017 7018 7014
f 7014 7018 7016
f 7018 7015 7016
f 7012 7009 6834
f 6834 7009 7011
f 7014 8968 7013
f 8968 7010 7013
f 7013 7010 7009
f 7010 7011 7009
f 7008 7006 6953
f 7006 7027 6953
f 6953 7027 7025
f 7008 7007 7006
f 7006 7007 7005
f 7007 7004 7005
f 7005 7004 7002
f 7011 7002 6834
f 6834 7002 7003
f 7002 7004 7003
f 7001 6674 7000
f 6674 7023 7000
f 7000 7023 7024
f 6999 6997 6674
f 7001 6999 6674
f 6954 6996 6971
f 6996 6995 6971
f 6826 6990 6991
f 6991 6989 6826
f 6826 6989 6988
f 6987 6988 6986
f 6989 6986 6988
f 6987 6985 6988
f 6988 6985 6973
f 6985 6984 6973
f 6973 6984 6982
f 6982 6981 6980
f 6980 6981 6979
f 6978 6977 6979
f 6977 6980 6979
f 6978 6983 6977
f 6982 6980 6973
f 6973 6980 6976
f 7083 6973 6975
f 6975 6973 6974
f 6973 6976 6974
f 6971 6972 6954
f 6972 6970 6954
f 6954 6970 6969
f 6969 6968 6954
f 6968 6967 6954
f 6954 6967 6958
f 6962 6965 6963
f 6963 6965 6949
f 6965 6966 6949
f 6964 6958 6963
f 6958 6962 6963
f 6964 6961 6958
f 6958 6961 6959
f 6954 6957 6960
f 6959 6955 6958
f 6958 6955 6954
f 6955 6956 6954
f 6954 6956 6957
f 6954 6960 8896
f 7024 7023 6953
f 7023 6948 6953
f 6953 6948 6952
f 6966 6950 6949
f 6949 6950 6948
f 6950 6951 6948
f 6948 6951 6952
f 6944 6943 6947
f 6947 6946 6944
f 6939 6940 6946
f 6940 6945 6946
f 6946 6945 6944
f 6939 6941 6940
f 8050 6938 6909
f 6938 6937 6909
f 7110 6935 6931
f 6935 6936 6931
f 6931 6936 6934
f 6934 6933 6931
f 6933 6932 6931
f 6931 6932 8056
f 6932 6930 8056
f 8056 6930 6937
f 6930 6929 6937
f 6909 6937 6929
f 6944 8045 6943
f 8045 6927 6943
f 6943 6927 6912
f 6927 6928 6912
f 6926 6925 6918
f 6890 6884 6924
f 6924 6923 6890
f 6890 6923 6920
f 6923 6922 6920
f 6920 6922 6921
f 6925 6920 6918
f 6918 6920 6921
f 6926 6918 6917
f 6918 6919 6917
f 6919 6915 6917
f 6917 6915 6911
f 6915 6916 6911
f 6911 6916 6914
f 6912 6727 6913
f 6727 6722 6913
f 6928 6911 6912
f 6912 6911 6727
f 6914 6910 6911
f 6911 6910 6727
f 6910 8050 6727
f 6727 8050 6908
f 8050 6909 6908
f 6908 6907 6727
f 6899 6897 6906
f 6897 6905 6906
f 6906 6905 6902
f 6905 6904 6902
f 6904 6903 6902
f 6907 6902 6727
f 6727 6902 6903
f 6868 6866 6901
f 6901 6866 6899
f 6866 6900 6899
f 6890 6894 6891
f 6888 6889 6884
f 6888 6884 6887
f 6891 6892 6890
f 6892 6885 6890
f 6890 6885 6884
f 6885 6886 6884
f 6884 6886 6887
f 6883 8133 6882
f 8133 6881 6882
f 6882 6881 6878
f 7068 6879 6876
f 6879 6880 6876
f 6880 6878 6876
f 6876 6878 6877
f 6878 6881 6877
f 6874 6876 6877
f 6877 6875 6874
f 6874 6875 6873
f 6873 6875 6871
f 6875 6872 6871
f 6871 6872 8088
f 8088 6872 6868
f 6872 6870 6868
f 6870 6869 6868
f 6868 6869 6866
f 6869 6867 6866
f 6899 6900 6897
f 6900 6895 6897
f 6897 6895 6896
f 6895 6898 6896
f 6896 6898 6845
f 6898 6865 6845
f 6865 6864 6845
f 6845 6864 6847
f 6857 6862 6863
f 6863 6859 6857
f 6857 6859 6861
f 6859 6860 6861
f 6858 6847 6857
f 6847 6862 6857
f 6847 6858 6856
f 6856 6855 6847
f 6087 6854 6849
f 6849 6854 6853
f 6853 6850 6849
f 6849 6850 6852
f 6852 6850 6661
f 6850 6851 6661
f 6847 6855 6845
f 6845 6855 6846
f 6848 6841 6047
f 6047 6841 6843
f 6841 6842 6843
f 6843 6842 6844
f 6842 6845 6844
f 6844 6845 6846
f 6661 6851 6839
f 6838 1195 6837
f 1195 6243 6837
f 6837 6243 6663
f 6838 6836 1195
f 6836 6832 1195
f 1195 6832 6835
f 6835 6832 6831
f 6832 6833 6831
f 6831 6833 6834
f 6833 7012 6834
f 1195 6835 6830
f 6830 6829 1195
f 1195 6829 6828
f 6995 6992 6971
f 6971 6992 6993
f 6992 6990 6993
f 6993 6990 6994
f 6990 6826 6994
f 6994 6826 6828
f 6826 1195 6828
f 6826 6827 1195
f 1195 6827 6825
f 6825 6824 1195
f 1195 6824 6819
f 6819 6824 6823
f 6823 6822 6819
f 6819 6822 6821
f 6819 6820 1195
f 1195 6820 1196
f 6820 6818 1196
f 1196 6818 6817
f 6816 6813 6811
f 6813 6812 6811
f 6812 6814 6811
f 6811 6814 6808
f 6814 6810 6808
f 6810 6809 6808
f 6676 6806 6809
f 6806 6815 6809
f 6809 6815 6808
f 6676 6807 6806
f 6807 6804 6806
f 6806 6804 7993
f 6804 6805 7993
f 7993 6805 8027
f 7993 8027 6716
f 6725 6727 6803
f 6778 6754 6802
f 6802 6801 6778
f 6780 6770 6800
f 6799 6794 6798
f 6794 7145 6798
f 6798 7145 7146
f 6799 6795 6794
f 6795 6791 6794
f 6794 6791 6796
f 6791 7183 6796
f 6796 7183 7182
f 9847 6790 6793
f 6790 6789 6793
f 6795 6792 6791
f 6791 6792 9847
f 9847 6792 6790
f 6787 6797 6788
f 6797 6789 6788
f 6788 6789 6790
f 6800 6787 6780
f 6780 6787 9810
f 6787 6788 9810
f 6776 6785 6782
f 7257 6784 6782
f 6784 9756 6782
f 9756 6783 6782
f 6782 6783 6776
f 6780 6781 6770
f 6778 6779 6754
f 6777 6775 6776
f 6775 6785 6776
f 6775 6777 6772
f 6773 6763 6772
f 6763 6774 6772
f 6772 6774 6775
f 6771 6767 6768
f 6767 6769 6768
f 6769 6770 6768
f 6768 6770 6781
f 6771 6764 6767
f 6767 6764 6766
f 6764 6756 6766
f 6766 6756 6779
f 6773 6756 6763
f 6763 6756 6765
f 6756 6764 6765
f 9758 6761 6762
f 6761 6755 6762
f 6761 6760 6755
f 6759 6758 6762
f 6758 9758 6762
f 6773 6758 6756
f 6756 6758 6759
f 6779 6756 6754
f 6756 6757 6754
f 6755 6760 6786
f 6803 6754 6725
f 6725 6754 6757
f 7224 7223 7222
f 7223 7221 7222
f 7222 7221 6745
f 7221 6753 6745
f 6745 6753 6747
f 6749 6747 6752
f 6747 6750 6752
f 6751 9671 6750
f 6750 9671 6752
f 6749 6748 6747
f 6747 6748 6745
f 6745 6748 6746
f 6746 6742 6745
f 6745 6742 6744
f 6742 6741 6744
f 6742 6743 6741
f 6743 6739 6741
f 6741 6739 6733
f 6739 6740 6733
f 6730 6737 6732
f 6737 6738 6732
f 6732 6738 6735
f 6740 6734 6733
f 6733 6734 6735
f 6734 6736 6735
f 6735 6736 6732
f 6732 6731 6730
f 6731 6729 6730
f 6730 6729 6713
f 6729 6728 6713
f 6727 6725 6722
f 6725 6726 6722
f 6726 6724 6722
f 6722 6724 6713
f 8026 6721 6717
f 6723 6719 6722
f 6722 6719 6721
f 6719 6720 6721
f 6721 6720 6717
f 8026 6717 6716
f 6717 6718 6716
f 6718 6714 6716
f 6716 6714 7993
f 6714 6715 7993
f 6713 6728 6722
f 6722 6728 6723
f 6675 6710 6679
f 6710 6711 6679
f 6679 6711 6712
f 6711 6708 6712
f 6712 6708 6705
f 6708 6709 6705
f 6709 6707 6705
f 6705 6707 6706
f 6894 6893 6891
f 6891 6893 6700
f 6893 6702 6700
f 6702 6703 6700
f 6701 6704 6699
f 6703 6699 6700
f 6699 6704 6700
f 6701 6698 6704
f 6698 6697 6704
f 6697 6693 6704
f 6693 7117 6704
f 6681 6696 6688
f 6689 6694 8043
f 6694 6691 8043
f 6697 6692 6693
f 6693 6692 6694
f 6692 6691 6694
f 6690 6688 6689
f 6688 8849 6689
f 6689 8849 6694
f 6690 6695 6688
f 6688 6695 6681
f 6939 6942 6941
f 6941 6942 6686
f 6942 8020 6686
f 8020 6685 6686
f 6686 6685 8038
f 6683 6687 6685
f 6685 6687 8038
f 6695 6684 6685
f 6685 6684 6683
f 6685 6682 6695
f 6681 6695 6682
f 6696 6681 6679
f 6681 6680 6679
f 6679 6680 6675
f 6675 6680 6678
f 6678 6677 6675
f 6809 6675 6676
f 6675 6677 6676
f 6997 6998 6674
f 6674 6998 6671
f 6998 6673 6671
f 6671 6673 6672
f 6671 6672 6243
f 6672 6670 6243
f 6243 6670 6669
f 6667 6668 6243
f 6666 6622 6623
f 6243 6669 6667
f 6669 6665 6667
f 6667 6665 6623
f 6665 6666 6623
f 6668 6664 6243
f 6664 6662 6243
f 6243 6662 6663
f 6839 6840 6661
f 6661 6840 6659
f 6840 6660 6659
f 7173 7172 7127
f 7172 6659 7127
f 7127 6659 6660
f 6655 6658 6656
f 6658 6655 10063
f 10063 6655 6652
f 6653 6651 6652
f 6651 10063 6652
f 6639 6635 6650
f 6639 6650 6649
f 6649 6648 6639
f 6648 6621 6639
f 6639 6621 6647
f 6640 6643 6644
f 6644 6643 6645
f 6643 6651 6645
f 6645 6651 6653
f 6654 6642 6646
f 6646 6642 6640
f 6640 6642 6643
f 6639 6636 6635
f 6636 6637 6635
f 6635 6637 6638
f 6637 6640 6638
f 6638 6640 6641
f 6640 6644 6641
f 7055 6633 5647
f 6633 6634 5647
f 6631 8000 6628
f 6631 6630 8000
f 6628 6629 6631
f 6629 6627 6631
f 6627 6625 6631
f 6625 6622 6631
f 6631 6622 7028
f 6625 6626 6622
f 6626 6624 6622
f 6622 6624 6623
f 6613 6620 6617
f 6617 6620 6619
f 6619 6618 6617
f 8001 6618 6616
f 6616 6615 8001
f 6618 8001 6617
f 6617 6614 6613
f 6614 7991 6613
f 6613 7991 6621
f 7991 7993 6621
f 6621 7993 6647
f 7993 6715 6647
f 6612 6611 8002
f 8002 6611 6610
f 6610 6608 8002
f 6608 6609 8002
f 8002 6609 6607
f 7264 7263 6606
f 7263 7991 6606
f 7991 6614 6606
f 6606 6614 8002
f 6614 10054 8002
f 8002 10054 6612
f 6200 6167 6604
f 6604 6602 6200
f 6200 6602 6539
f 6602 6603 6539
f 6539 6603 6601
f 6601 6600 6538
f 6538 6600 6598
f 6599 6585 6598
f 6599 6598 6600
f 6598 6597 6538
f 6538 6597 6526
f 6597 6596 6526
f 6595 6594 7990
f 6593 6592 6590
f 6591 7990 6590
f 7990 6594 6590
f 6590 6594 6593
f 6591 6605 7990
f 9332 6592 6589
f 9332 6589 6588
f 6585 6588 6589
f 6589 6587 6585
f 6585 6587 6586
f 9332 9331 6592
f 6592 9331 6590
f 6585 6586 6598
f 6584 6582 6565
f 6579 6577 6575
f 6577 6569 6575
f 6575 6569 6578
f 6569 6568 6578
f 6575 6580 6579
f 6575 6581 6580
f 6576 6574 6575
f 6574 6581 6575
f 6576 6571 6574
f 6571 6573 6574
f 6571 6572 6573
f 6582 6568 6565
f 6565 6568 6570
f 6568 6569 6570
f 6504 6567 6528
f 6566 6553 6565
f 6553 6583 6565
f 6565 6583 6584
f 6566 6564 6553
f 6555 6561 6562
f 6562 6561 6559
f 6559 6561 6560
f 6563 6559 6560
f 6558 6557 6085
f 6562 6556 6555
f 6555 6556 6557
f 6556 6085 6557
f 6528 6567 6560
f 6560 6567 6563
f 6560 6554 6528
f 6528 6554 6553
f 6553 6564 6528
f 6564 6552 6528
f 6551 6108 6552
f 6552 6108 6528
f 6108 6550 6528
f 6550 6547 6528
f 6528 6547 6538
f 6547 6548 6538
f 6538 6548 6544
f 6548 6541 6544
f 6544 6541 6543
f 6541 6542 6543
f 6543 6542 6520
f 6544 6546 6538
f 6538 6546 6540
f 6601 6538 6539
f 6538 6540 6539
f 6531 6527 6536
f 6534 6533 6535
f 6506 6504 6534
f 6504 6531 6534
f 6532 6533 6531
f 6531 6533 6534
f 6536 6532 6531
f 6530 6529 6528
f 6528 6529 6504
f 6504 6529 6531
f 6519 6525 6524
f 6519 6524 6522
f 6524 6523 6522
f 6522 6523 6019
f 6507 6521 6088
f 5895 6481 5898
f 6481 6519 5898
f 6481 5989 6519
f 6519 5989 6525
f 6518 6517 6506
f 6517 6515 6506
f 6514 6513 6511
f 6511 6513 6512
f 6514 6511 6515
f 6511 6510 6515
f 6515 6510 6506
f 6510 6509 6506
f 6509 6507 6506
f 6507 6088 6506
f 6506 6088 6504
f 6088 6505 6504
f 6501 6499 6500
f 6500 6499 6497
f 6492 6498 6499
f 6499 6498 6497
f 6496 6495 6492
f 6492 6495 6494
f 6494 6493 6492
f 6492 6493 6498
f 6007 6502 6503
f 6502 6501 6503
f 6501 6500 6503
f 6477 6491 6490
f 6489 6488 6484
f 6484 6488 6487
f 6487 6486 6484
f 6484 6486 6485
f 6485 6482 6484
f 6484 6482 6483
f 6482 6477 6483
f 6483 6477 6490
f 6491 6477 6476
f 6477 6475 6476
f 6476 6475 6474
f 6475 6465 6474
f 6474 6465 6462
f 6241 9016 6473
f 6241 6473 6342
f 6473 6472 6342
f 6471 6470 6464
f 6464 6470 6469
f 6469 6470 6467
f 6467 6470 6468
f 6472 6467 6342
f 6342 6467 6468
f 6259 6466 6260
f 6459 6461 6463
f 6461 6462 6463
f 6463 6462 6464
f 6462 6465 6464
f 6464 6465 6471
f 6260 6466 6459
f 6466 6460 6459
f 6460 6461 6459
f 6458 6456 6430
f 7796 7795 7794
f 7795 7797 7794
f 7794 7797 7804
f 7797 7803 7804
f 7804 7803 6430
f 7803 6458 6430
f 6453 6454 6457
f 6454 6456 6457
f 6456 6454 6430
f 6454 6455 6430
f 6453 6450 6454
f 6451 6449 6452
f 6453 8325 6450
f 8325 6449 6450
f 6449 6451 6450
f 6445 6443 6448
f 6423 6444 6446
f 6444 6445 6446
f 6446 6445 6447
f 6445 6448 6447
f 6442 6289 6443
f 6289 6287 6443
f 6443 6287 6448
f 6436 6435 8336
f 6440 6439 6441
f 6441 6439 6438
f 8336 6438 6436
f 6436 6438 6439
f 6442 6435 6289
f 6289 6435 6437
f 6435 6436 6437
f 6455 6434 6430
f 6430 6434 6429
f 6429 6434 6426
f 6434 6427 6426
f 6426 6427 6428
f 6427 6433 6428
f 6433 6431 6428
f 6428 6431 6432
f 6431 6424 6432
f 6432 6424 6423
f 6424 6425 6423
f 6423 6425 6444
f 6422 6421 6372
f 6372 6421 6419
f 6421 6420 6419
f 6419 6420 6441
f 6441 6420 6440
f 6418 6416 6378
f 6378 6416 6367
f 6416 6417 6367
f 6410 6409 6413
f 6413 6414 6410
f 6414 6400 6410
f 6410 6400 6415
f 6414 6412 6400
f 6410 6411 6409
f 6409 6411 6290
f 6401 6397 6407
f 6407 9465 6401
f 6401 9465 6404
f 9465 6405 6404
f 6404 6405 6406
f 6401 6404 6402
f 6402 6404 6403
f 6404 6399 6403
f 6412 6399 6400
f 6400 6399 6404
f 6398 6394 6397
f 6394 6408 6397
f 6397 6408 6407
f 6398 6396 6394
f 7839 7813 6395
f 7813 6394 6395
f 6394 6396 6395
f 6380 6378 6393
f 6392 6385 6383
f 6393 6391 6380
f 6380 6391 6390
f 6391 6388 6390
f 6390 6388 6389
f 6388 6386 6389
f 6389 6386 6385
f 6386 6387 6385
f 6385 6387 6383
f 6392 6383 6372
f 6383 6384 6372
f 6382 6379 6380
f 6380 6379 6378
f 6378 6379 6418
f 6384 6377 6374
f 6374 6377 6376
f 6377 5958 6376
f 6374 6375 6384
f 6375 6373 6384
f 6384 6373 6372
f 6372 6373 6422
f 6369 6028 6368
f 6368 6028 6027
f 6363 6289 6366
f 6363 6366 6365
f 6366 6364 6365
f 6357 6364 6362
f 6364 6366 6362
f 6343 6361 6350
f 6352 6347 6360
f 6347 6359 6360
f 6360 6359 6350
f 6359 8258 6350
f 6357 6362 6356
f 6362 6355 6356
f 6356 6355 6353
f 6354 6352 6353
f 6352 6358 6353
f 6353 6358 6356
f 6352 6354 6347
f 8258 6351 6350
f 6350 6351 6343
f 6348 6307 6345
f 6307 8256 6345
f 6345 8256 6349
f 6354 6345 6347
f 6347 6345 6346
f 6345 6349 6346
f 6341 6339 6340
f 6339 6370 6340
f 6340 6370 6371
f 6370 6369 6371
f 6371 6369 6368
f 6341 6338 6339
f 6339 6338 6337
f 6338 6335 6337
f 6337 6335 6333
f 6335 6336 6333
f 6320 6334 6333
f 6334 6241 6333
f 6333 6241 6344
f 6241 6342 6344
f 6344 6342 6343
f 6342 6361 6343
f 6336 6332 6333
f 6333 6332 6320
f 6332 8228 6320
f 6320 8228 6318
f 6326 6330 6328
f 6330 8216 6328
f 6327 6328 6329
f 6328 8216 6329
f 6330 6326 6324
f 6331 6324 6322
f 6322 6324 6325
f 6324 6326 6325
f 6323 6318 6322
f 6318 6331 6322
f 6323 6321 6318
f 6321 6319 6318
f 6318 6319 6320
f 6348 6317 6307
f 6317 6314 6307
f 6307 6314 6316
f 6314 6317 6315
f 6312 5967 6279
f 6309 6311 6279
f 6311 6312 6279
f 6310 6308 6309
f 6308 6313 6309
f 6309 6313 6311
f 6315 6308 6314
f 6314 6308 6310
f 6316 6306 6307
f 6307 6306 6305
f 6303 6112 6304
f 6304 6112 6301
f 6306 8292 6305
f 8292 6301 6305
f 6305 6301 6302
f 6301 6112 6302
f 6303 6300 6112
f 6110 6112 6299
f 6299 6112 6300
f 6291 6298 6292
f 6298 6297 6292
f 6292 6297 6296
f 6297 6294 6296
f 6296 6294 6290
f 6294 6295 6290
f 6299 6291 6110
f 6110 6291 6293
f 6291 6292 6293
f 6417 6409 6367
f 6409 6290 6367
f 6367 6290 6295
f 6289 6363 6287
f 6363 6288 6287
f 6283 6286 6284
f 6288 6283 6287
f 6287 6283 6285
f 6283 6284 6285
f 6282 6281 5967
f 6281 6280 5967
f 5967 6280 6277
f 6277 6278 5967
f 5967 6278 6279
f 6283 6480 6286
f 6480 6479 6286
f 6286 6479 6478
f 6479 6275 6478
f 6478 6275 6272
f 6275 6276 6272
f 6263 6272 6265
f 6265 6272 6273
f 6273 6272 6274
f 6274 6272 6276
f 1194 6270 6269
f 6270 6271 6269
f 1194 6269 6268
f 6268 6267 1194
f 6267 6266 1194
f 1194 6266 6263
f 6265 6264 6263
f 6263 6264 1194
f 6264 6262 1194
f 6262 6261 1194
f 6260 9007 6259
f 6259 9007 6258
f 1194 6261 6258
f 6258 6261 6259
f 1194 6258 6257
f 6257 6256 1194
f 1194 6256 1195
f 1195 6256 6255
f 6255 6254 1195
f 1195 6254 6253
f 6248 1195 6253
f 6253 6252 6248
f 6248 6252 6251
f 6251 6250 6248
f 6248 6250 5928
f 6248 6249 1195
f 1195 6249 6247
f 6247 6246 6243
f 1195 6247 6243
f 6246 6245 6243
f 6243 6245 6244
f 6243 6244 6217
f 6229 6070 6242
f 9016 6241 6240
f 6241 6238 6240
f 6240 6238 6239
f 6233 6236 6237
f 6236 9019 6237
f 9019 6239 6237
f 6237 6239 6238
f 6234 6235 6233
f 6233 6235 6236
f 6233 6231 6234
f 6234 6231 6217
f 6231 6232 6217
f 6242 6230 6229
f 6230 6227 6229
f 6229 6227 6225
f 6227 6228 6225
f 6232 6225 6226
f 6226 6225 6228
f 6220 6222 6232
f 6222 6221 6232
f 6226 6224 6232
f 6224 6220 6232
f 6221 6223 6232
f 6232 6223 6217
f 6217 6223 6219
f 6219 6218 6217
f 6217 6218 6243
f 6211 6213 6214
f 6214 6212 6211
f 6212 5982 6211
f 6211 5982 5986
f 6203 6166 6209
f 6209 6205 6203
f 6203 6205 6206
f 6205 6207 6206
f 6206 6207 6177
f 6207 6208 6177
f 6200 6201 6202
f 6200 6202 6167
f 6167 6202 6199
f 6201 6200 6191
f 6200 6198 6191
f 6191 6198 6189
f 6195 6192 6194
f 6192 6197 6194
f 6195 6193 6192
f 6193 6190 6192
f 6192 6190 6189
f 6190 6191 6189
f 6187 6185 6183
f 6183 6185 6186
f 6187 6183 6174
f 6183 6182 6174
f 6176 6180 6181
f 6180 6178 6181
f 6181 6178 9510
f 6197 6196 6194
f 6194 6196 6178
f 6196 9510 6178
f 6177 6175 6176
f 6175 6179 6176
f 6176 6179 6180
f 6208 6188 6177
f 6188 6174 6177
f 6177 6174 6175
f 6174 6182 6175
f 6199 6173 6167
f 6170 6172 6169
f 6167 6173 6170
f 6167 6170 6169
f 7474 9319 6210
f 9319 6167 6210
f 6210 6167 6168
f 6167 6169 6168
f 6203 6204 6166
f 6204 6163 6166
f 6166 6163 6165
f 6163 6164 6165
f 6119 6160 6162
f 6161 6162 6155
f 6155 6162 6160
f 6100 6098 6159
f 6159 6158 6100
f 6158 6157 6100
f 6149 6147 6156
f 6161 6155 6154
f 6155 6153 6154
f 6154 6153 6151
f 6153 6152 6151
f 6156 6151 6149
f 6149 6151 6152
f 6149 6150 6147
f 6147 6150 6148
f 6148 6100 6147
f 6147 6100 6157
f 6164 6163 6144
f 6163 6146 6144
f 6146 6145 6144
f 6145 6140 6144
f 6144 6140 6137
f 6142 6140 5903
f 6140 6143 5903
f 5903 6143 6132
f 6142 6139 6140
f 6140 6139 6137
f 6137 6139 6138
f 6138 6136 6137
f 6137 6136 6134
f 6136 6135 6134
f 6100 6148 9556
f 9533 6134 6135
f 9556 6134 6100
f 6100 6134 9533
f 6133 6131 6130
f 6123 6129 6126
f 6129 6128 6126
f 6126 6128 6124
f 6127 6125 9484
f 9484 6125 6124
f 6125 6126 6124
f 6131 6122 6130
f 6130 6122 6126
f 6122 6123 6126
f 6186 6185 6184
f 6185 6121 6184
f 6184 6121 6111
f 6121 6120 6111
f 6111 6120 9543
f 6114 9543 6115
f 6119 6162 6118
f 6162 6117 6118
f 6118 6117 6115
f 6117 6116 6115
f 6115 6116 6114
f 6113 6111 6114
f 6111 9543 6114
f 6113 6109 6111
f 6111 6109 6110
f 6109 6112 6110
f 6107 6105 6101
f 6105 6103 6101
f 6101 6103 6104
f 6102 6100 6101
f 6100 6106 6101
f 6101 6106 6107
f 6100 6102 6098
f 6098 6102 6099
f 6099 6096 6098
f 6098 6096 6095
f 6104 6103 6089
f 6103 6093 6089
f 6089 6093 6094
f 6094 6092 6089
f 6089 6092 6090
f 6551 6549 6108
f 6549 6089 6108
f 6108 6089 6091
f 6089 6090 6091
f 6019 6017 6088
f 6017 6505 6088
f 6055 6032 6086
f 6032 6085 6086
f 6055 6084 6058
f 6084 6082 6058
f 6058 6082 6077
f 6082 6083 6077
f 8220 6081 6075
f 6075 6081 6080
f 6081 6078 6080
f 6080 6078 9628
f 9628 6078 6083
f 6078 6079 6083
f 6083 6079 6077
f 8220 6075 6229
f 6075 6076 6229
f 6076 6074 6229
f 6229 6074 6070
f 6074 6073 6070
f 6073 6072 6070
f 6072 6066 6070
f 6070 6066 6068
f 6066 6067 6068
f 6068 6067 6069
f 6067 6053 6069
f 6069 6053 6071
f 6058 6065 6059
f 6065 6063 6059
f 6059 6063 6061
f 6060 6061 6062
f 6062 6061 6064
f 6061 6063 6064
f 6058 6059 6055
f 6055 6059 6057
f 6057 6056 6055
f 6055 6056 6032
f 6071 6053 6047
f 6053 6054 6047
f 6049 6052 6050
f 6047 6054 6049
f 6049 6054 6052
f 6849 6848 6087
f 6848 6047 6087
f 6087 6047 6048
f 6047 6049 6048
f 6032 6046 6040
f 6040 6046 6038
f 6045 6044 6030
f 6030 6044 6043
f 6044 6041 6043
f 6043 6041 6042
f 6041 6039 6042
f 6042 6039 6038
f 6039 6040 6038
f 6037 6036 6035
f 6037 6035 6040
f 6035 6034 6040
f 6040 6034 6032
f 6034 6033 6032
f 6032 6033 6085
f 6033 6558 6085
f 6045 6030 6024
f 6030 6031 6024
f 6028 6029 6027
f 6029 6026 6027
f 6027 6026 6022
f 6031 6025 6024
f 6024 6025 6022
f 6026 6023 6022
f 6022 6023 6024
f 6023 6095 6024
f 6024 6095 6097
f 6095 6096 6097
f 6523 6021 6019
f 6021 6020 6019
f 6019 6020 6017
f 6020 6018 6017
f 6211 6216 6213
f 6216 6215 6213
f 6213 6215 6015
f 6215 6013 6015
f 6015 6013 6012
f 6013 5997 6012
f 6013 6014 5997
f 6009 6002 5997
f 6010 6011 9887
f 6011 6010 6014
f 6010 6009 6014
f 6014 6009 5997
f 6004 6002 6008
f 6002 6006 6008
f 6007 6503 6006
f 6503 6005 6006
f 6006 6005 6008
f 6004 6003 6002
f 6002 6003 5997
f 6003 6001 5997
f 9887 6011 9880
f 6011 6000 9880
f 6000 5999 9880
f 9880 5999 5996
f 5999 5994 5996
f 5997 6001 5998
f 5998 6016 5997
f 5997 6016 6051
f 6016 6050 6051
f 6051 6050 6052
f 5995 5855 5994
f 5855 5996 5994
f 6018 5992 6017
f 6017 5992 5991
f 5992 5993 5991
f 5855 5995 5991
f 5991 5993 5855
f 5993 5990 5855
f 5855 5990 5988
f 6481 5846 5989
f 5987 5985 5979
f 5979 5985 5983
f 5985 5984 5983
f 5983 5984 5982
f 5984 5986 5982
f 5981 5980 5968
f 5968 5980 5979
f 5980 9640 5979
f 5979 9640 5987
f 5968 5978 5974
f 5977 5975 5976
f 5976 5975 5978
f 5978 5975 5974
f 5974 5973 5968
f 5968 5973 5972
f 5972 5971 5968
f 5971 5970 5968
f 5968 5970 5969
f 5968 5969 5981
f 8003 5961 5965
f 5965 5966 5964
f 5964 5966 5967
f 5966 6282 5967
f 5963 5960 8003
f 5965 5964 8003
f 5964 5962 8003
f 8003 5962 5963
f 5961 8003 8004
f 8003 5960 8004
f 5960 5959 8004
f 8004 5959 5961
f 5954 5957 8005
f 5957 5956 8005
f 5956 5955 8005
f 5957 5954 6377
f 5954 5953 6377
f 5953 5952 6377
f 6377 5952 5951
f 6377 5951 5958
f 5950 5949 5948
f 5949 5947 5948
f 5948 5947 5946
f 5946 5947 5945
f 5947 5944 5945
f 5945 5944 5943
f 5943 5944 5942
f 5942 5944 5941
f 5944 5940 5941
f 5941 5940 5938
f 5940 5939 5938
f 5938 5939 5937
f 5939 5936 5937
f 5937 5936 5933
f 5936 5935 5933
f 5935 5934 5933
f 5933 5934 9010
f 9010 5934 5931
f 5934 5932 5931
f 5931 5932 5930
f 5930 5932 9009
f 5932 5926 9009
f 5926 5925 9009
f 9009 5925 9006
f 9006 5925 5924
f 5924 5925 5923
f 5923 5925 5922
f 6250 5929 5928
f 5929 5927 5928
f 5928 5927 5908
f 5927 5907 5908
f 5908 5907 5905
f 5907 5906 5905
f 5922 5925 5921
f 5925 5919 5921
f 5921 5919 5920
f 5920 5919 5918
f 5919 5917 5918
f 5918 5917 5915
f 5917 5916 5915
f 5915 5916 5914
f 5916 5913 5914
f 5914 5913 5911
f 5913 5912 5911
f 5911 5912 5910
f 5910 5912 5909
f 5912 5905 5909
f 5909 5905 5906
f 6133 6130 6132
f 6130 6141 6132
f 6132 6141 5903
f 6141 5904 5903
f 5904 5902 5903
f 5903 5902 5899
f 5902 5901 5899
f 5899 5901 5900
f 6542 6545 6520
f 6545 5899 6520
f 6520 5899 5900
f 5875 7990 5896
f 7990 5895 5896
f 5896 5895 5897
f 5895 5898 5897
f 5894 5893 5863
f 5892 5891 5857
f 6527 6531 5889
f 6531 5888 5889
f 5888 5887 5889
f 5889 5887 5886
f 5886 5885 5889
f 5885 5884 5889
f 5889 5884 5883
f 5891 5889 5857
f 5857 5889 5890
f 5890 5889 5883
f 5863 5858 7990
f 5872 5882 6516
f 6512 6513 5881
f 6513 6516 5881
f 6516 5882 5881
f 5875 5880 5877
f 6509 6508 6507
f 6507 6508 5877
f 5877 6508 5879
f 5879 5878 5877
f 5877 5878 5875
f 5878 5876 5875
f 5875 5876 7990
f 5876 5874 7990
f 7990 5874 5865
f 5873 5872 5869
f 5869 5872 6516
f 5871 5868 5866
f 5873 5869 5868
f 5869 5870 5868
f 5868 5870 5866
f 5871 5866 5865
f 5866 5867 5865
f 5865 5867 7990
f 7990 5867 5864
f 7990 5864 5863
f 5863 5864 5894
f 6535 6537 6534
f 6537 5861 6534
f 6534 5861 5858
f 5858 5861 5862
f 5862 5860 5858
f 5860 5859 5858
f 5858 5859 7990
f 6596 6595 6526
f 6595 7990 6526
f 6526 7990 5857
f 7990 5859 5857
f 5857 5859 5892
f 5850 5856 5851
f 5988 5989 5855
f 5989 5846 5855
f 5855 5846 5847
f 5846 5798 5804
f 5804 5854 5846
f 5854 5853 5846
f 5853 5852 5848
f 5848 5852 5850
f 5853 5848 5846
f 5848 5849 5846
f 5849 5847 5846
f 5845 5844 5808
f 5844 5843 5808
f 5843 5842 5816
f 5816 5842 5840
f 5840 5842 9117
f 5832 5837 5834
f 9117 5842 5839
f 5839 5842 5838
f 5838 5842 5835
f 5842 5841 5835
f 5835 5841 5834
f 5834 5841 5832
f 5833 5831 5832
f 5831 5836 5832
f 5832 5836 5837
f 7991 7262 5830
f 5830 7262 7261
f 5833 5826 5831
f 5831 5826 5828
f 5826 7991 5828
f 5828 7991 5829
f 7991 5830 5829
f 5826 5827 7991
f 7991 5827 5825
f 5824 5823 5805
f 5805 5823 5808
f 5808 5823 5845
f 5814 5822 5819
f 5814 5819 5821
f 5819 5820 5821
f 5821 5820 7268
f 5820 5818 7268
f 7272 7271 5817
f 7271 7268 5817
f 7268 5818 5817
f 5843 5816 5808
f 5816 5815 5808
f 5808 5815 5810
f 5815 5809 5810
f 5822 5814 5813
f 5814 5812 5813
f 5813 5812 5809
f 5812 5811 5809
f 5811 5810 5809
f 5850 5851 5848
f 5851 5808 5848
f 5848 5808 5806
f 5808 5810 5806
f 5806 5810 5807
f 5803 5802 5797
f 5802 5801 5797
f 5798 5800 5799
f 5798 5799 5804
f 5825 5824 7991
f 5824 5805 7991
f 7991 5805 7990
f 5805 5797 7990
f 7990 5797 5798
f 5797 5801 5798
f 5798 5801 5800
f 9129 5785 5786
f 5795 5794 5786
f 5794 9129 5786
f 5796 5794 5793
f 5793 5794 5795
f 9108 5789 5793
f 5793 5789 5796
f 9108 9110 5789
f 5789 9110 9112
f 5787 5792 8006
f 5792 5791 8006
f 5791 9123 8006
f 9123 5790 8006
f 9112 5787 5789
f 5787 5788 5789
f 8006 5788 5787
f 5785 7171 5786
f 5772 5784 5783
f 5782 5781 5777
f 5777 5781 5780
f 5780 5779 5777
f 5777 5779 5778
f 5778 5775 5777
f 5777 5775 5776
f 5775 5772 5776
f 5776 5772 5783
f 1196 6817 6811
f 6811 6817 6816
f 6811 5774 1196
f 5774 5773 1196
f 1196 5773 5758
f 5784 5772 5771
f 5772 5770 5771
f 5771 5770 5769
f 5770 5762 5769
f 5769 5762 5764
f 5768 5767 5766
f 5766 5767 5760
f 5767 5765 5760
f 5765 5764 5760
f 5764 5762 5760
f 5762 5763 5760
f 5727 5760 5761
f 5760 5763 5761
f 5761 5759 5727
f 5768 5766 5758
f 5758 5766 1196
f 5766 5757 1196
f 5757 5756 1196
f 5756 10097 1196
f 1196 10097 5752
f 10097 5755 5752
f 5752 5755 5753
f 5755 5754 5753
f 5752 5751 1196
f 5751 5750 1196
f 1196 5750 1191
f 5750 5749 1191
f 1191 5749 5748
f 5748 5747 8007
f 8007 5747 5746
f 5746 5736 7993
f 7992 8007 1565
f 1565 8007 7993
f 8007 5746 7993
f 5727 5759 5745
f 5745 5744 5727
f 5737 5736 5743
f 10108 5742 8008
f 8008 5742 5740
f 5741 5743 5740
f 5740 5743 8008
f 5737 5743 5739
f 5743 5741 5739
f 5737 5738 5736
f 5736 5738 7993
f 5738 5735 7993
f 5735 5734 7993
f 5734 5733 5730
f 5734 5730 7993
f 5730 5732 7993
f 5733 5731 5730
f 5730 5731 5726
f 5744 5728 5727
f 5727 5728 5726
f 5728 5729 5726
f 5726 5729 5730
f 7993 5732 5725
f 5725 5724 7993
f 7993 5724 6806
f 5722 5723 5721
f 5721 5723 5720
f 5723 10635 5720
f 8604 5718 5719
f 5719 5718 10635
f 10635 5718 5720
f 5717 5716 8604
f 8604 5716 5715
f 8604 5715 5718
f 5707 5714 5708
f 5714 5713 5708
f 5713 5695 5708
f 5708 5695 5712
f 5700 5698 5711
f 5704 5710 5706
f 5710 5707 5706
f 5706 5707 5709
f 5707 5708 5709
f 5700 5711 5703
f 5706 5705 5704
f 5705 5700 5704
f 5704 5700 5703
f 5700 5699 5698
f 5699 5697 5698
f 5698 5697 5701
f 5697 5702 5701
f 5712 5695 5651
f 5695 5696 5651
f 1197 5694 5693
f 7995 5690 5691
f 5691 5690 5692
f 5693 5688 1197
f 5688 5687 1197
f 1197 5687 1198
f 1198 5687 5686
f 5686 5685 1198
f 5685 5684 1198
f 5670 5666 5683
f 5670 5683 8463
f 8463 5683 5680
f 5680 5683 5682
f 5682 5681 5680
f 5684 5680 1198
f 1198 5680 5681
f 5681 5679 1198
f 5678 5689 1198
f 1198 5689 7473
f 1198 5679 5678
f 5671 5674 5675
f 5675 5672 5671
f 5672 5673 5671
f 5671 5673 5676
f 5674 5671 5670
f 5670 5671 5666
f 5671 5669 5666
f 5669 5667 5666
f 5664 5665 5661
f 5667 5664 5666
f 5666 5664 5663
f 5664 5661 5663
f 5677 5668 5657
f 5668 5661 5657
f 5657 5661 5662
f 5661 5665 5662
f 5691 5660 7995
f 5660 5659 7995
f 7995 5659 5657
f 5657 5659 5677
f 5657 5658 7995
f 7995 5658 7996
f 5658 5656 7996
f 7996 5656 5655
f 5655 5654 7996
f 7996 5654 5653
f 5696 5694 5651
f 5694 1197 5651
f 5651 1197 5652
f 7466 7467 5650
f 7467 5648 5650
f 5650 5648 5649
f 5646 5645 5635
f 6634 6632 5647
f 6632 5643 5647
f 5647 5643 5644
f 5643 5635 5644
f 5644 5635 5645
f 5637 5635 5642
f 5642 5641 5637
f 5639 5640 5638
f 5641 5639 5637
f 5637 5639 5638
f 5637 5636 5635
f 5635 5636 5646
f 5748 8007 1191
f 8007 7992 1191
f 1597 1592 7992
f 7992 1592 1199
f 849 7996 1197
f 7996 5653 1197
f 1197 5653 5652
f 7998 849 845
f 845 849 718
f 844 843 622
f 841 842 641
f 842 850 641
f 848 851 847
f 847 851 669
f 851 852 669
f 853 1141 639
f 1141 854 846
f 854 7998 713
f 852 1138 853
f 1300 7998 1190
f 7998 854 1190
f 1192 1123 850
f 1123 1125 850
f 850 1125 851
f 1125 959 851
f 959 1126 851
f 1126 1127 851
f 851 1127 852
f 1127 1128 852
f 7997 849 7998
f 1197 1198 849
f 849 1198 844
f 1198 1193 844
f 1193 1194 844
f 844 1194 843
f 1194 1195 843
f 1195 1196 843
f 843 1196 842
f 1196 1191 842
f 1191 7992 842
f 842 7992 850
f 7992 1199 850
f 850 1199 1192
f 1138 1135 853
f 1135 1140 853
f 853 1140 1141
f 1145 1190 1143
f 1190 854 1143
f 1143 854 1142
f 854 1141 1142
f 1655 1649 1654
f 1563 1654 1543
f 1653 1568 1651
f 1563 1653 1655
f 1563 1655 1654
f 1654 1648 1543
f 1654 1649 1650
f 1649 1652 1650
f 1652 1656 1650
f 1569 1570 1651
f 1569 1651 1568
f 1563 1573 1653
f 1653 1573 1568
f 1572 1647 1580
f 1648 1647 1543
f 1543 1647 1544
f 1647 1572 1544
f 1580 1647 1571
f 1571 1647 1656
f 1570 1571 1652
f 1571 1656 1652
f 1632 1631 1617
f 1630 1692 1629
f 1629 1607 1606
f 1633 1607 1629
f 1633 1609 1607
f 1617 1623 1702
f 1623 1624 1702
f 1617 1702 1632
f 1702 1703 1632
f 1692 1633 1629
f 1626 1627 1632
f 1632 1627 1631
f 1625 1628 1633
f 1633 1628 1634
f 1634 1628 1702
f 1624 1620 1702
f 1702 1620 1634
f 1634 1620 1619
f 1634 1619 1633
f 1633 1619 1609
f 1381 1414 1415
f 1381 1415 1384
f 1415 1416 1384
f 1384 1416 1383
f 1416 1417 1383
f 1383 1417 1389
f 1417 1418 1389
f 1414 1381 1413
f 1381 1382 1413
f 1413 1382 1385
f 1429 1411 1376
f 1385 1386 1411
f 1411 1386 1376
f 1333 1408 1366
f 1366 1408 1379
f 1408 1407 1379
f 1379 1407 1380
f 1407 1409 1380
f 1380 1409 1377
f 1409 1410 1377
f 1377 1410 1376
f 1410 1429 1376
f 1430 1462 1440
f 1438 1480 1434
f 1393 1435 1394
f 1435 1441 1394
f 1435 1436 1441
f 1436 1437 1441
f 1441 1437 1434
f 1437 1439 1434
f 1434 1439 1438
f 1431 1387 1441
f 1441 1434 1431
f 1442 1388 1440
f 1442 1367 1378
f 1378 1367 1373
f 1378 1398 1442
f 1433 1432 1443
f 1432 1374 1443
f 1443 1374 1444
f 1462 1433 1440
f 1433 1443 1440
f 1440 1443 1442
f 1442 1443 1444
f 1444 1367 1442
f 1387 1459 1440
f 1440 1459 1430
f 1388 1387 1440
f 841 640 842
f 640 567 842
f 842 567 843
f 567 622 843
f 622 720 844
f 720 538 844
f 844 538 849
f 538 718 849
f 845 724 7998
f 724 713 7998
f 846 692 1141
f 692 632 1141
f 1141 632 639
f 639 595 853
f 595 669 853
f 853 669 852
f 848 666 851
f 666 850 851
f 1374 1298 1299
f 1298 1297 1299
f 1374 1375 1298
f 1341 1339 1331
f 1342 1338 1331
f 1331 1339 1332
f 1332 1339 1340
f 1342 1331 1337
f 1331 1328 1337
f 1338 1341 1331
f 1339 1428 1340
f 1328 1336 1337
f 1337 1336 1335
f 1336 1352 1335
f 1762 1785 1759
f 1762 1777 1785
f 1777 1778 1785
f 1759 1766 1762
f 1762 1766 1764
f 1766 1763 1764
f 1785 1778 1776
f 1776 1775 1785
f 1775 1774 1785
f 3022 3021 1358
f 1358 3021 1349
f 3021 3020 1349
f 1761 3015 1762
f 3015 3019 1762
f 3019 3016 1762
f 1762 3016 1777
f 3016 3018 1777
f 1777 3018 3022
f 3017 3013 1427
f 3013 3012 1427
f 1427 3012 1488
f 3012 3015 1488
f 1488 3015 1761
f 3020 3011 1337
f 1337 3011 1342
f 3011 3014 1342
f 1342 3014 3017
f 1673 1672 1674
f 1707 1670 1672
f 1707 1672 1673
f 1729 1730 1731
f 1731 1730 1691
f 1691 1730 1709
f 1325 1333 1324
f 1333 1308 1324
f 1324 1308 1310
f 1297 1298 1201
f 1201 1298 1200
f 1200 1298 1375
f 1375 1300 1200
f 1200 1300 1190
f 1330 1331 1332
f 1330 1332 1329
f 1326 1329 1334
f 1329 1332 1334
f 1334 1325 1326
f 1672 1670 1669
f 1672 1247 1674
f 1674 1247 1199
f 1247 1192 1199
f 1758 1787 1788
f 1785 1786 1759
f 1759 1786 1758
f 1786 1787 1758
f 1729 1758 1757
f 1758 1788 1757
f 1730 1713 1709
f 1602 1645 1601
f 1608 2154 1606
f 2154 1644 1606
f 1612 1642 1608
f 1644 1641 1606
f 1606 1641 1604
f 1602 1646 1638
f 1638 1646 1640
f 1638 1639 1602
f 1639 1645 1602
f 1615 1616 1637
f 1637 1616 2150
f 1615 1636 1612
f 1612 1643 1642
f 1636 1635 1612
f 1635 1643 1612
f 1506 1505 1477
f 1506 1479 1503
f 1477 1505 1475
f 1475 1504 1474
f 1465 2301 1480
f 2301 1502 1480
f 1474 1504 1495
f 2303 1480 1502
f 2303 1501 1480
f 1480 1501 1479
f 1470 1499 1467
f 1467 1499 1498
f 1498 1497 1467
f 1497 1496 1467
f 1467 1496 1466
f 1466 1496 1465
f 1496 1500 1465
f 1465 1500 2301
f 1494 1470 1495
f 1494 2295 1470
f 2295 2298 1470
f 1470 2298 1499
f 761 856 760
f 856 857 760
f 760 857 759
f 857 858 759
f 759 858 758
f 858 859 758
f 758 859 757
f 859 860 757
f 757 860 756
f 756 860 755
f 755 860 754
f 860 861 754
f 754 861 753
f 753 861 752
f 752 861 751
f 751 861 750
f 861 862 750
f 750 862 749
f 749 862 748
f 748 862 747
f 747 862 745
f 862 864 745
f 745 864 746
f 746 864 768
f 768 864 767
f 767 864 766
f 766 864 765
f 765 864 764
f 864 865 764
f 764 865 763
f 865 863 763
f 763 863 762
f 863 855 762
f 762 855 761
f 855 856 761
f 782 866 781
f 866 867 781
f 781 867 780
f 867 870 780
f 780 870 779
f 870 871 779
f 779 871 778
f 871 868 778
f 778 868 777
f 868 869 777
f 777 869 776
f 869 872 776
f 776 872 775
f 872 873 775
f 775 873 774
f 873 874 774
f 774 874 773
f 874 875 773
f 773 875 772
f 875 876 772
f 772 876 771
f 771 876 769
f 769 876 770
f 876 878 770
f 770 878 792
f 792 878 791
f 791 878 790
f 790 878 789
f 789 878 788
f 878 877 788
f 788 877 787
f 787 877 786
f 786 877 785
f 877 866 785
f 785 866 784
f 784 866 783
f 783 866 782
f 4785 4787 4783
f 4784 4789 4786
f 4789 4782 4786
f 4785 4788 4787
f 4787 4788 4786
f 4788 4784 4786
f 4781 4782 4789
f 4760 4761 4759
f 4759 4761 4762
f 4765 4764 4762
f 4764 4763 4762
f 4762 4763 4759
f 4698 4687 4696
f 4687 4693 4697
f 4699 4697 4691
f 4697 4695 4687
f 4687 4695 4688
f 4693 4694 4697
f 4697 4694 4691
f 4688 4692 4687
f 4692 4689 4687
f 4689 4696 4687
f 4691 4207 4699
f 4690 4698 4696
f 4794 4793 4791
f 4791 4793 4792
f 4791 4792 4790
f 4715 4705 4713
f 4713 4705 4712
f 4705 4717 4714
f 4716 4714 4708
f 4714 4710 4705
f 4705 4710 4706
f 4714 4717 4708
f 4706 4711 4705
f 4711 4707 4705
f 4707 4712 4705
f 4716 4708 4704
f 4703 4715 4713
f 4667 4680 4669
f 4667 4669 4676
f 4668 4669 4681
f 4669 4680 4674
f 4669 4677 4678
f 4678 4677 4675
f 4674 4670 4669
f 4678 4682 4669
f 4670 4671 4669
f 4671 4681 4669
f 4682 4683 4669
f 4683 4676 4669
f 4672 4666 4668
f 4668 4666 4669
f 10952 10951 10953
f 10951 10958 10953
f 10958 10957 10953
f 10953 10957 10956
f 10962 10953 10955
f 10955 10953 10956
f 10966 10955 10954
f 10966 10960 10959
f 10954 10961 10966
f 10966 10961 10960
f 10966 10965 10955
f 10965 10964 10955
f 10955 10964 10963
f 10963 10962 10955
f 10387 10386 10378
f 10378 10386 10398
f 10378 10385 10387
f 10378 10398 10397
f 10381 10380 10373
f 10380 10396 10373
f 10373 10396 10395
f 10396 10380 10397
f 10380 10379 10397
f 10378 10397 10379
f 10384 10383 10385
f 10383 10365 10385
f 10365 10382 10385
f 10382 10394 10385
f 10394 10393 10385
f 10393 10392 10385
f 10385 10392 10391
f 10391 10390 10385
f 10390 10367 10385
f 10385 10367 10389
f 10389 10388 10385
f 10385 10388 10387
f 10428 10427 10426
f 10427 10428 10418
f 10418 10428 10399
f 10428 10436 10399
f 10399 10436 10419
f 10419 10436 10435
f 10435 10434 10419
f 10422 10421 10433
f 10421 10420 10433
f 10433 10420 10434
f 10420 10419 10434
f 10431 10426 10425
f 10424 10423 10432
f 10425 10424 10431
f 10431 10424 10432
f 10431 10430 10426
f 10430 10429 10426
f 10426 10429 10428
f 10437 10462 10451
f 10451 10462 10452
f 10437 10461 10462
f 10462 10472 10452
f 10452 10472 10471
f 10452 10471 10470
f 10470 10469 10452
f 10455 10454 10468
f 10454 10453 10468
f 10469 10468 10452
f 10452 10468 10453
f 10458 10457 10456
f 10456 10467 10458
f 10458 10467 10459
f 10459 10467 10466
f 10461 10460 10466
f 10466 10460 10459
f 10466 10465 10461
f 10461 10465 10464
f 10464 10463 10461
f 10461 10463 10462
f 10192 10193 10190
f 10193 10191 10190
f 10970 10978 10971
f 10969 10978 10970
f 10969 10968 10978
f 10978 10968 10979
f 10979 10968 10967
f 10974 10979 10967
f 10972 10977 10973
f 10977 10976 10973
f 10973 10976 10975
f 10975 10981 10973
f 10981 10980 10973
f 10979 10974 10980
f 10974 10973 10980
f 10507 10502 10501
f 10499 10498 10500
f 10498 10497 10500
f 10500 10497 10496
f 10496 10507 10500
f 10500 10507 10501
f 10506 10490 10507
f 10490 10489 10507
f 10507 10489 10502
f 10506 10505 10490
f 10505 10504 10490
f 10490 10504 10503
f 10503 10511 10490
f 10511 10510 10490
f 10490 10510 10509
f 10508 10495 10494
f 10494 10493 10508
f 10493 10492 10508
f 10508 10492 10491
f 10508 10491 10509
f 10490 10509 10491
f 10200 10199 10202
f 10199 10201 10202
f 10774 10770 10775
f 10774 10768 10770
f 10768 10759 10770
f 10759 10767 10770
f 10766 10761 10776
f 10776 10761 10765
f 10765 10773 10776
f 10773 10749 10776
f 10766 10776 10771
f 10771 10772 10766
f 10767 10766 10770
f 10770 10766 10769
f 10769 10766 10772
f 10638 10649 10650
f 10649 10648 10650
f 10640 10639 10648
f 10639 10650 10648
f 10642 10641 10648
f 10648 10641 10640
f 10648 10647 10642
f 10647 10646 10642
f 10644 10645 10643
f 10646 10644 10642
f 10644 10643 10642
f 10808 10807 10798
f 10803 10805 10804
f 10806 10805 10801
f 10805 10803 10801
f 10802 10800 10801
f 10800 10778 10801
f 10801 10778 10806
f 10807 10800 10798
f 10798 10800 10802
f 10799 10797 10798
f 10797 10809 10798
f 10798 10809 10808
f 10799 10795 10797
f 10794 10796 10789
f 10796 10797 10789
f 10797 10795 10789
f 10142 10139 10141
f 10141 10140 10142
f 10142 10138 10139
f 10138 10137 10139
f 10139 10137 10136
f 10837 10836 10827
f 10827 10836 10835
f 10835 10834 10827
f 10827 10834 10833
f 10833 10832 10827
f 10827 10832 10831
f 10829 10830 10827
f 10827 10830 10838
f 10830 10828 10838
f 10831 10829 10827
f 10865 10864 10850
f 10850 10864 10863
f 10863 10862 10850
f 10862 10861 10850
f 10861 10860 10850
f 10858 10859 10850
f 10850 10859 10866
f 10859 10857 10866
f 10860 10858 10850
f 10164 10163 10165
f 10163 10162 10165
f 10165 10162 10161
f 10161 10160 10165
f 10160 10159 10165
f 10165 10159 10157
f 10157 10156 10165
f 10165 10156 10158
f 10156 10155 10158
f 10158 10155 10149
f 10149 10154 10158
f 10158 10154 10153
f 10545 10534 10536
f 10531 10530 10532
f 10530 10529 10532
f 10532 10529 10528
f 10528 10538 10532
f 10532 10538 10533
f 10534 10533 10536
f 10536 10533 10537
f 10533 10538 10537
f 10535 10544 10548
f 10543 10548 10544
f 10542 10536 10543
f 10543 10536 10548
f 10542 10541 10536
f 10541 10540 10536
f 10536 10540 10539
f 10539 10547 10536
f 10547 10546 10536
f 10536 10546 10545
f 10217 10226 10232
f 10232 10231 10217
f 10231 10221 10220
f 10220 10219 10231
f 10219 10218 10231
f 10231 10218 10217
f 10226 10217 10225
f 10225 10224 10226
f 10230 10229 10222
f 10229 10228 10222
f 10223 10222 10228
f 10228 10227 10223
f 10223 10227 10226
f 10224 10223 10226
f 10573 10578 10583
f 10583 10577 10576
f 10583 10576 10575
f 10577 10583 10578
f 10573 10583 10574
f 10583 10582 10574
f 10551 10581 10580
f 10579 10572 10551
f 10572 10571 10551
f 10580 10579 10551
f 10570 10567 10551
f 10567 10581 10551
f 10570 10569 10567
f 10569 10574 10567
f 10582 10567 10574
f 10623 10614 10617
f 10614 10613 10617
f 10618 10617 10611
f 10612 10587 10617
f 10617 10587 10611
f 10613 10612 10617
f 10626 10616 10615
f 10626 10615 10622
f 10621 10617 10626
f 10617 10590 10626
f 10626 10590 10616
f 10621 10620 10617
f 10620 10619 10617
f 10617 10619 10625
f 10625 10624 10617
f 10617 10624 10623
f 10258 10246 10250
f 10244 10253 10252
f 10252 10251 10244
f 10245 10244 10251
f 10246 10245 10250
f 10250 10245 10251
f 10258 10250 10259
f 10247 10257 10260
f 10261 10257 10256
f 10254 10261 10255
f 10261 10256 10255
f 10257 10261 10260
f 10249 10248 10260
f 10260 10248 10247
f 10260 10259 10249
f 10250 10249 10259
f 10291 10281 10296
f 10281 10280 10296
f 10296 10280 10279
f 10296 10279 10278
f 10278 10277 10296
f 10277 10286 10296
f 10296 10286 10285
f 10285 10284 10296
f 10284 10283 10296
f 10296 10283 10282
f 10282 10290 10296
f 10296 10290 10289
f 10289 10288 10296
f 10288 10287 10296
f 10295 10294 10296
f 10294 10293 10296
f 10296 10293 10292
f 10287 10295 10296
f 10671 10663 10662
f 10662 10661 10675
f 10675 10674 10662
f 10674 10673 10662
f 10671 10662 10673
f 10671 10672 10663
f 10663 10672 10670
f 10670 10669 10663
f 10669 10668 10663
f 10663 10668 10664
f 10668 10667 10664
f 10666 10665 10667
f 10667 10665 10664
f 10884 10868 10895
f 10895 10868 10888
f 10893 10892 10890
f 10888 10890 10891
f 10890 10892 10891
f 10895 10888 10889
f 10888 10891 10889
f 10895 10894 10884
f 10894 10887 10884
f 10887 10886 10884
f 10884 10886 10883
f 10883 10882 10884
f 10882 10881 10884
f 10884 10881 10880
f 10884 10880 10885
f 10867 10885 10880
f 10183 10182 10178
f 10178 10182 10179
f 10179 10182 10180
f 10178 10184 10183
f 10178 10177 10184
f 10184 10177 10176
f 10184 10176 10181
f 10181 10176 10175
f 10697 10689 10696
f 10689 10688 10696
f 10696 10688 10687
f 10695 10678 10687
f 10678 10694 10687
f 10687 10694 10679
f 10679 10693 10687
f 10687 10693 10692
f 10687 10692 10691
f 10691 10690 10687
f 10687 10690 10696
f 10328 10323 10322
f 10323 10328 10327
f 10323 10327 10324
f 10324 10327 10326
f 10326 10325 10324
f 10324 10325 10319
f 10318 10317 10329
f 10317 10321 10329
f 10319 10314 10329
f 10329 10314 10318
f 10329 10303 10319
f 10303 10320 10319
f 10320 10324 10319
f 10360 10359 10353
f 10359 10349 10353
f 10346 10348 10347
f 10345 10354 10346
f 10346 10354 10348
f 10348 10354 10353
f 10349 10348 10353
f 10352 10351 10362
f 10362 10351 10350
f 10350 10358 10362
f 10358 10357 10362
f 10362 10357 10356
f 10352 10362 10353
f 10362 10355 10353
f 10353 10355 10361
f 10353 10361 10360
f 10922 10921 10908
f 10920 10911 10921
f 10921 10911 10910
f 10908 10921 10909
f 10921 10910 10909
f 10908 10907 10918
f 10918 10919 10908
f 10919 10917 10908
f 10908 10917 10916
f 10916 10915 10908
f 10915 10914 10908
f 10908 10914 10913
f 10913 10912 10908
f 10908 10912 10922
f 10720 10721 10711
f 10720 10711 10722
f 10722 10711 10719
f 10711 10710 10719
f 10708 10718 10709
f 10709 10718 10717
f 10717 10716 10709
f 10716 10715 10709
f 10709 10715 10714
f 10714 10713 10709
f 10710 10709 10719
f 10719 10709 10712
f 10709 10713 10712
f 10734 10733 10745
f 10745 10733 10732
f 10732 10744 10745
f 10744 10743 10745
f 10743 10742 10745
f 10745 10742 10741
f 10741 10740 10745
f 10734 10745 10735
f 10735 10745 10739
f 10739 10738 10735
f 10738 10737 10735
f 10737 10736 10735
f 5204 5203 5206
f 5203 4834 5206
f 4834 5194 5206
f 5194 4833 5206
f 5206 4833 5211
f 4833 4831 5211
f 4831 5195 5211
f 5195 5196 5211
f 5211 5196 5212
f 5196 5197 5212
f 5212 5197 5213
f 5213 5197 5215
f 5197 5198 5215
f 5215 5198 5216
f 5216 5198 5214
f 5198 5199 5214
f 5214 5199 5207
f 5207 5199 5205
f 5199 5200 5205
f 5205 5200 5208
f 5208 5200 5209
f 5200 5201 5209
f 5201 5202 5209
f 5209 5202 5210
f 5210 5202 5204
f 5202 5203 5204
f 5193 5184 5355
f 5184 5185 5355
f 5185 5186 5355
f 5186 5187 5355
f 5355 5187 5351
f 5187 4965 5351
f 4965 5188 5351
f 5188 5189 5351
f 5351 5189 5357
f 5189 5190 5357
f 5190 5191 5357
f 5191 4968 5357
f 5357 4968 5352
f 5352 4968 5353
f 4968 4964 5353
f 4964 5192 5353
f 5353 5192 5354
f 5192 5193 5354
f 5354 5193 5355
f 616 612 617
f 620 614 437
f 437 614 438
f 614 619 438
f 438 619 618
f 617 612 610
f 612 557 610
f 610 557 479
f 607 334 481
f 479 606 610
f 436 608 437
f 608 2446 437
f 437 2446 620
f 480 334 607
f 479 480 606
f 480 607 606
f 608 436 603
f 436 435 603
f 435 478 603
f 478 397 396
f 396 514 600
f 515 476 587
f 599 598 597
f 587 2910 515
f 515 2910 516
f 476 477 587
f 586 594 444
f 598 589 594
f 589 445 594
f 594 445 444
f 592 588 638
f 588 591 638
f 638 591 576
f 576 591 584
f 517 516 518
f 584 587 477
f 586 444 520
f 444 521 520
f 635 514 602
f 514 513 602
f 513 332 602
f 332 512 602
f 512 511 602
f 602 511 601
f 511 510 601
f 601 510 604
f 510 509 604
f 604 509 605
f 509 508 605
f 605 508 595
f 508 507 595
f 595 507 590
f 507 506 590
f 590 506 585
f 506 505 585
f 585 505 582
f 505 369 582
f 582 369 581
f 369 504 581
f 504 503 581
f 581 503 501
f 503 502 501
f 501 500 583
f 589 583 445
f 477 434 584
f 584 434 576
f 434 432 576
f 576 432 433
f 450 461 451
f 461 460 451
f 578 577 368
f 577 433 368
f 572 625 575
f 576 433 577
f 576 577 625
f 625 577 575
f 626 570 574
f 460 459 451
f 459 458 451
f 451 458 469
f 469 458 470
f 457 446 464
f 446 468 464
f 573 579 525
f 525 579 526
f 526 579 527
f 475 578 474
f 626 572 571
f 626 571 570
f 562 621 463
f 522 569 523
f 569 568 523
f 368 474 578
f 458 473 470
f 470 473 472
f 472 471 470
f 446 457 447
f 457 456 447
f 562 463 462
f 464 468 467
f 450 449 461
f 461 449 462
f 449 305 462
f 462 305 562
f 454 453 562
f 456 455 447
f 455 454 447
f 447 454 448
f 454 562 448
f 562 305 448
f 467 466 464
f 466 465 464
f 385 563 522
f 563 574 522
f 522 574 569
f 453 452 562
f 562 452 567
f 452 498 567
f 567 498 622
f 498 546 622
f 531 530 627
f 627 530 564
f 530 279 564
f 279 529 564
f 564 529 629
f 529 528 629
f 629 528 621
f 621 528 463
f 627 565 531
f 531 565 532
f 532 565 360
f 360 565 533
f 565 566 533
f 533 566 385
f 385 566 563
f 551 559 542
f 558 542 559
f 548 544 484
f 441 556 353
f 554 553 550
f 553 2725 550
f 550 2725 549
f 549 548 550
f 550 548 557
f 548 484 557
f 484 499 557
f 557 499 479
f 556 552 442
f 483 484 544
f 488 541 545
f 545 541 542
f 542 541 551
f 150 543 443
f 544 540 483
f 483 540 482
f 482 540 561
f 540 547 561
f 552 555 442
f 442 555 150
f 150 555 543
f 539 485 2737
f 485 443 2737
f 539 486 485
f 498 497 546
f 497 496 546
f 546 496 538
f 496 495 538
f 495 494 538
f 494 291 538
f 538 291 536
f 488 487 541
f 487 486 541
f 541 486 539
f 537 489 545
f 545 489 488
f 291 493 536
f 536 493 535
f 493 492 535
f 492 491 535
f 535 491 534
f 491 490 534
f 490 284 534
f 534 284 537
f 284 394 537
f 537 394 489
f 124 135 141
f 135 140 141
f 35 136 36
f 40 130 139
f 141 140 182
f 182 140 115
f 35 34 136
f 136 34 128
f 43 126 117
f 41 123 42
f 42 123 116
f 67 81 131
f 67 133 120
f 120 133 121
f 40 39 130
f 130 39 120
f 38 65 39
f 65 129 39
f 39 129 120
f 36 136 113
f 125 132 124
f 124 132 135
f 132 123 135
f 135 123 138
f 123 41 138
f 41 122 138
f 139 122 40
f 40 122 41
f 134 240 81
f 240 115 81
f 67 131 133
f 120 121 130
f 107 119 36
f 36 119 37
f 117 118 43
f 43 118 33
f 118 127 33
f 43 42 126
f 42 116 126
f 126 116 110
f 116 111 110
f 240 241 115
f 119 114 37
f 36 113 107
f 127 112 33
f 34 33 128
f 128 33 112
f 111 64 110
f 110 64 106
f 114 88 37
f 37 88 38
f 107 108 119
f 241 137 115
f 115 137 182
f 182 137 181
f 181 137 109
f 137 100 109
f 109 100 101
f 85 151 96
f 96 151 97
f 171 99 70
f 104 102 105
f 105 102 100
f 102 175 100
f 100 175 101
f 38 87 98
f 38 98 65
f 96 95 85
f 85 95 94
f 95 103 94
f 94 103 105
f 103 104 105
f 38 88 87
f 88 89 87
f 87 89 226
f 64 63 106
f 86 84 52
f 52 84 85
f 84 151 85
f 202 56 47
f 56 48 47
f 92 67 71
f 67 82 71
f 226 89 79
f 89 80 79
f 79 80 91
f 98 78 65
f 93 76 202
f 70 99 83
f 99 74 83
f 83 74 58
f 74 75 58
f 73 55 75
f 82 72 71
f 71 72 70
f 72 171 70
f 92 68 67
f 68 69 67
f 67 69 81
f 69 134 81
f 91 90 79
f 78 66 65
f 64 62 63
f 75 55 58
f 55 59 58
f 58 59 52
f 59 57 52
f 97 77 96
f 96 77 54
f 93 53 76
f 76 53 61
f 76 60 202
f 202 60 52
f 52 60 86
f 54 77 50
f 52 57 202
f 57 49 202
f 202 49 56
f 48 51 47
f 47 51 46
f 45 44 73
f 44 55 73
f 232 231 256
f 256 231 251
f 231 230 251
f 251 230 253
f 230 238 253
f 253 238 250
f 250 237 249
f 249 237 257
f 237 236 257
f 257 236 252
f 236 235 252
f 252 235 254
f 254 235 255
f 235 115 255
f 115 234 255
f 255 234 258
f 258 233 259
f 233 232 259
f 259 232 256
f 231 122 230
f 135 138 233
f 233 138 232
f 138 122 232
f 232 122 231
f 258 140 233
f 140 135 233
f 131 81 235
f 235 81 115
f 115 140 234
f 234 140 258
f 250 121 237
f 230 122 139
f 139 130 230
f 230 130 238
f 130 121 238
f 238 121 250
f 5523 5524 5522
f 5508 5524 5512
f 5522 5524 5516
f 5508 5525 5524
f 5524 5525 5515
f 5518 5519 5526
f 5524 5515 5521
f 5518 5526 5524
f 5526 5520 5524
f 5524 5520 5512
f 5521 5516 5524
f 5514 5511 5517
f 5517 5511 5522
f 5522 5511 5523
f 5537 5530 5536
f 5539 5534 5527
f 5536 5530 5538
f 5530 5533 5527
f 5527 5533 5539
f 5531 5527 5534
f 5527 5529 5530
f 5530 5529 5535
f 5530 5535 5538
f 5532 5537 5536
f 5621 5619 5622
f 5620 5618 5619
f 5622 5615 5621
f 5619 5618 5622
f 5542 5553 5554
f 5543 5550 5555
f 5555 5546 5544
f 5556 5555 5550
f 5546 5555 5553
f 5555 5540 5553
f 5553 5540 5548
f 5555 5544 5543
f 5548 4890 5553
f 4890 5549 5553
f 5553 5549 5551
f 5551 5554 5553
f 5556 5550 5547
f 5552 5545 5554
f 5545 5542 5554
f 5601 5605 5604
f 5603 5596 5594
f 5594 5596 5601
f 5604 5595 5601
f 5595 5592 5601
f 5592 5593 5601
f 5593 5594 5601
f 5594 5602 5603
f 5632 5625 5629
f 5629 5625 5624
f 5625 5623 5624
f 5634 5633 5631
f 5633 5611 5631
f 5631 5611 5629
f 5611 5613 5629
f 5629 5613 5632
f 5634 5631 5630
f 5630 5631 5628
f 5631 5627 5628
f 5626 5623 5625
f 4373 4372 4360
f 4372 4374 4360
f 4374 4371 4360
f 4360 4371 4122
f 4371 4370 4122
f 4370 4369 4122
f 4369 4368 4122
f 4122 4368 4361
f 4368 4363 4361
f 4361 4363 4356
f 4356 4363 4357
f 4363 4362 4357
f 4357 4362 4089
f 4089 4362 4358
f 4362 4367 4358
f 4367 4366 4358
f 4358 4366 4359
f 4366 4365 4359
f 4359 4365 4124
f 4365 4364 4124
f 4364 4377 4124
f 4124 4377 4120
f 4377 4376 4120
f 4376 4375 4120
f 4120 4375 4121
f 4375 4373 4121
f 4121 4373 4360
f 4544 3976 4521
f 3976 4353 4521
f 4521 4353 4541
f 4541 4353 4517
f 4353 4352 4517
f 4517 4352 4539
f 4539 4352 4518
f 4352 4351 4518
f 4518 4351 4535
f 4535 4351 4516
f 4516 4351 4532
f 4351 4350 4532
f 4532 4350 4520
f 4520 4350 4529
f 4350 4349 4529
f 4529 4349 4519
f 4349 4348 4519
f 4519 4348 4562
f 4562 4348 4522
f 4348 4347 4522
f 4522 4347 4559
f 4559 4347 4524
f 4347 4346 4524
f 4524 4346 4556
f 4556 4346 4525
f 4346 3977 4525
f 4525 3977 4553
f 4553 3977 4527
f 3977 4355 4527
f 4527 4355 4550
f 4355 4354 4550
f 4550 4354 4523
f 4523 4354 4547
f 4354 3976 4547
f 4547 3976 4526
f 4526 3976 4544
f 839 879 838
f 838 879 837
f 837 879 836
f 879 880 836
f 836 880 835
f 880 881 835
f 835 881 834
f 881 884 834
f 834 884 833
f 884 889 833
f 833 889 832
f 889 885 832
f 832 885 831
f 885 886 831
f 831 886 830
f 886 887 830
f 830 887 829
f 887 888 829
f 829 888 828
f 888 882 828
f 828 882 827
f 882 883 827
f 827 883 826
f 826 883 825
f 883 890 825
f 825 890 824
f 890 892 824
f 824 892 823
f 823 892 822
f 892 891 822
f 822 891 821
f 821 891 820
f 820 891 819
f 819 891 817
f 891 879 817
f 817 879 818
f 818 879 840
f 840 879 839
f 807 893 806
f 893 896 806
f 806 896 805
f 896 899 805
f 805 899 804
f 899 900 804
f 804 900 803
f 900 897 803
f 803 897 802
f 897 898 802
f 802 898 801
f 898 901 801
f 801 901 800
f 901 904 800
f 800 904 799
f 904 902 799
f 799 902 798
f 902 903 798
f 798 903 797
f 903 905 797
f 797 905 796
f 905 894 796
f 796 894 795
f 795 894 793
f 793 894 794
f 794 894 816
f 816 894 815
f 815 894 814
f 894 895 814
f 814 895 813
f 813 895 812
f 812 895 811
f 811 895 810
f 895 893 810
f 810 893 809
f 809 893 808
f 808 893 807
f 852 1159 1138
f 1159 1160 1138
f 1160 1158 1138
f 1158 1157 1138
f 1157 1156 1138
f 1138 1156 1137
f 1137 1156 1139
f 1156 1152 1139
f 1159 852 1162
f 852 1130 1162
f 1130 1129 1162
f 1162 1129 1163
f 1163 1129 1168
f 1168 1146 1164
f 1164 1146 1165
f 1165 1146 1166
f 1166 1146 1167
f 1146 1131 1167
f 1167 1131 1154
f 1154 1131 1149
f 1152 1153 1139
f 1153 1155 1139
f 1139 1155 1136
f 1136 1155 1133
f 1155 1161 1133
f 1161 1151 1133
f 1133 1151 1134
f 1151 1150 1134
f 1150 1148 1132
f 1148 1149 1132
f 1132 1149 1147
f 1149 1131 1147
f 1061 1056 1060
f 1061 1057 1056
f 1061 1058 1057
f 1061 1059 1058
f 1061 1060 1059
f 1055 1048 1054
f 1049 1048 1055
f 1050 1049 1055
f 1051 1050 1055
f 1052 1051 1055
f 1053 1052 1055
f 1054 1053 1055
f 245 244 248
f 247 246 248
f 248 246 245
f 239 247 248
f 241 240 248
f 248 240 239
f 242 241 248
f 248 243 242
f 248 94 243
f 1851 1523 1456
f 1523 1455 1456
f 1524 1850 1456
f 1456 1850 1851
f 1525 1455 1523
f 1525 1522 1455
f 1446 1510 1448
f 1846 1450 1449
f 1846 1519 1450
f 1522 1515 1455
f 1521 1452 1514
f 1452 1453 1514
f 1521 1520 1452
f 1520 1513 1452
f 1452 1513 1446
f 1450 1519 1518
f 1518 1512 1450
f 1450 1512 1451
f 1451 1512 1457
f 1512 1517 1457
f 1517 1516 1457
f 1516 1511 1457
f 1457 1511 1456
f 1511 1524 1456
f 1453 1454 1514
f 1515 1508 1455
f 1455 1508 1454
f 1454 1508 1514
f 1449 1448 1507
f 1507 1448 1510
f 1507 1509 1449
f 1509 1847 1449
f 1449 1847 1846
f 1668 1663 1667
f 1668 1664 1663
f 1668 1665 1664
f 1668 1666 1665
f 1668 1667 1666
f 1662 1660 1659
f 1662 1661 1660
f 1658 1657 1662
f 1662 1657 1661
f 1662 1659 1658
f 1750 1809 1747
f 1747 1809 2005
f 1742 1802 1793
f 1801 1800 1756
f 1756 1800 1755
f 2005 1808 1747
f 1747 1808 1807
f 1807 1796 1747
f 1747 1796 1746
f 1746 1796 1806
f 1806 1805 1746
f 1746 1805 1741
f 1805 1795 1741
f 1795 1804 1741
f 1804 1803 1741
f 1803 1794 1741
f 1741 1794 1742
f 1742 1794 1802
f 1754 1755 1800
f 1800 1799 1754
f 1799 1798 1754
f 1754 1798 1752
f 1798 1797 1752
f 1797 2003 1752
f 1752 2003 1750
f 2003 2004 1750
f 1791 1793 1802
f 1792 1790 1793
f 1793 1790 1756
f 1756 1790 1801
f 5202 5201 5020
f 917 958 4998
f 4997 1274 1275
f 1273 1727 4997
f 4997 1727 1770
f 4997 1275 1273
f 5146 5150 1274
f 1274 5150 1278
f 5150 4991 1278
f 1278 4991 1276
f 4991 1277 1276
f 4990 5157 4997
f 5157 5149 4997
f 4997 5149 1274
f 5149 5147 1274
f 1274 5147 5146
f 4989 4985 1082
f 4991 4992 1277
f 4992 4989 1277
f 1277 4989 1082
f 4985 4988 1083
f 4986 5031 1083
f 1082 4985 1084
f 4985 1083 1084
f 4983 4982 5152
f 4988 4987 1083
f 1083 4987 4986
f 4987 4982 4986
f 4986 4982 4984
f 4982 4983 4984
f 4945 4944 4981
f 4944 5036 4981
f 4981 5036 5152
f 5152 5036 4983
f 5031 4980 1083
f 4980 5032 1083
f 1083 5032 4998
f 4998 939 917
f 1034 936 4999
f 1113 4979 4975
f 4976 4977 1113
f 4978 4973 1112
f 1113 4977 1112
f 1112 4977 4978
f 4975 4976 1113
f 4924 4974 4973
f 4973 4974 1112
f 4974 4971 1112
f 1112 4971 4972
f 4972 4969 1112
f 1112 4969 1225
f 1225 4969 5000
f 4969 5066 5000
f 5000 5066 4970
f 1347 1227 5020
f 1227 1226 5020
f 5201 5200 5020
f 5198 5197 1347
f 1347 5197 1350
f 1350 5197 1345
f 5200 5199 5020
f 5020 5199 1347
f 1347 5199 5198
f 1345 5197 1344
f 1344 5197 1346
f 5197 4832 1346
f 1346 4832 1364
f 1360 4968 1365
f 4968 4967 1365
f 1365 4967 1771
f 4967 1772 1771
f 5189 5188 1770
f 4997 5187 5186
f 4966 5001 5185
f 5001 4997 5185
f 4997 5186 5185
f 4967 5191 1772
f 5191 1783 1772
f 1783 5191 1780
f 5191 5190 1780
f 1780 5190 1770
f 5190 5189 1770
f 5188 4965 1770
f 1770 4965 4997
f 4965 5187 4997
f 5192 4964 5021
f 5021 4964 1359
f 1359 4964 1360
f 1360 4964 4968
f 5184 5193 5018
f 5193 5192 5018
f 939 5027 4963
f 5038 4961 5005
f 4998 5032 939
f 5032 5027 939
f 4963 4962 939
f 4962 4959 939
f 939 4959 5005
f 4959 4960 5005
f 5005 4960 5038
f 4935 4948 5003
f 5045 4956 4945
f 5004 4955 4950
f 4953 4954 4957
f 4957 4954 4952
f 4957 4951 5004
f 5004 4951 4934
f 4949 5047 4947
f 4947 5047 4945
f 5047 5045 4945
f 4946 5042 4944
f 4944 5042 5037
f 5042 4958 5037
f 5037 4958 4939
f 5004 4950 4957
f 4950 4953 4957
f 4956 4942 4945
f 4945 4942 4944
f 4942 4943 4944
f 4944 4943 4946
f 4958 4941 4939
f 4941 4940 4939
f 4939 4940 4954
f 4940 5043 4954
f 5043 4952 4954
f 4938 4937 5005
f 5006 4936 4935
f 4936 5006 4934
f 5006 5007 4934
f 4934 5007 5004
f 4933 5056 4999
f 4999 5056 1113
f 5056 4979 1113
f 1113 1034 4999
f 4933 4999 4932
f 5514 5059 5008
f 5008 5059 4932
f 4930 4931 5009
f 4931 5058 5009
f 5009 5058 5008
f 5008 5058 5514
f 4970 4929 5000
f 5000 4929 4928
f 4928 4927 5000
f 5000 4927 4925
f 4925 4926 5000
f 4923 4924 5070
f 5070 4924 4973
f 4922 5011 5100
f 5011 4920 5100
f 5109 5010 4919
f 4922 4921 5011
f 5011 4921 4919
f 5109 5110 5010
f 5010 5110 4891
f 5099 4917 5012
f 5012 4917 5024
f 5013 4914 5012
f 4914 4918 5012
f 5012 4918 5099
f 5014 5129 4902
f 5106 4905 5014
f 5129 5014 5130
f 5015 4911 5123
f 4908 4895 4907
f 4916 4909 5015
f 5015 4909 4910
f 5112 5133 5108
f 4905 4906 4904
f 4897 5115 5113
f 4911 5015 4912
f 5015 5014 4912
f 4912 5014 4913
f 5014 4902 4913
f 4913 4902 4901
f 4902 4903 4901
f 5121 4900 5123
f 4900 5122 5123
f 5123 5122 5015
f 5015 5122 4916
f 4905 4904 5014
f 4904 4899 5014
f 5014 4899 5130
f 5117 5116 5102
f 5102 5116 5537
f 5116 4898 5537
f 5537 4898 4896
f 4896 4898 4897
f 4897 5113 4896
f 5113 5114 4896
f 4896 5114 4893
f 5117 5102 4895
f 5102 5103 4895
f 4895 5103 4907
f 4905 5107 4906
f 5107 4892 4906
f 4906 4892 4894
f 4896 4893 5108
f 4893 5112 5108
f 5108 5133 4892
f 4892 5133 4894
f 4891 5105 4993
f 4887 4888 5015
f 4888 4890 5015
f 5015 4890 5135
f 5142 4889 5014
f 5135 5141 5015
f 5015 5141 5014
f 5141 5142 5014
f 4886 4887 4996
f 4996 4887 5013
f 4887 5015 5013
f 5013 5015 4914
f 5015 4910 4914
f 4914 4910 4915
f 4910 5119 4915
f 4915 5119 4908
f 4908 5119 4895
f 4886 5016 4885
f 5018 4876 5017
f 5017 4876 4882
f 5016 4880 4885
f 4882 4879 5017
f 5017 4879 4884
f 4884 4883 5017
f 4883 4878 5017
f 5017 4878 5016
f 4878 4881 5016
f 5016 4881 4880
f 4875 4873 4995
f 4995 4873 5001
f 4873 4874 5001
f 4874 4871 5001
f 5001 4871 4997
f 4871 4872 4997
f 4997 4872 4990
f 5155 4870 5003
f 4870 5148 5003
f 5003 5148 4869
f 4949 4947 4948
f 4947 4868 4948
f 4948 4868 5003
f 4868 5155 5003
f 4869 4866 5003
f 5003 4866 4995
f 4866 4867 4995
f 4995 4867 4875
f 4865 4864 4848
f 4864 4852 4848
f 5016 5171 5017
f 5171 4863 5017
f 5017 4863 4859
f 5165 4858 4848
f 4858 4862 4848
f 5007 4840 4836
f 5174 4860 5171
f 4860 4850 5171
f 4835 4856 5016
f 4856 4861 5016
f 4848 4852 4849
f 4861 5175 5016
f 5175 5174 5016
f 5016 5174 5171
f 4853 4854 4851
f 4854 4855 4851
f 4851 4855 4850
f 4850 4855 5171
f 4849 5165 4848
f 4843 4846 5006
f 4846 4847 5006
f 4847 4845 5006
f 5006 4845 5007
f 4845 4844 5007
f 5007 4844 4837
f 4837 4840 5007
f 4858 4857 5006
f 4857 4839 5006
f 4839 4842 5006
f 5006 4842 4843
f 4838 4841 4837
f 4837 4841 4840
f 4836 5179 5019
f 5179 4835 5019
f 4835 5016 5019
f 5019 5016 4996
f 5016 4886 4996
f 4994 4993 4834
f 4834 4993 5194
f 1362 4833 4993
f 4993 4833 5194
f 1363 5196 5195
f 1364 4832 1363
f 4832 5196 1363
f 5195 4831 1363
f 1363 4831 1362
f 4831 4833 1362
f 4834 5203 4994
f 5192 5021 5018
f 5018 5021 4876
f 5021 4877 4876
f 4993 4994 4891
f 4891 4994 5203
f 5010 4891 5203
f 5203 5202 5020
f 5020 1226 5000
f 5000 1226 1225
f 4966 5184 5001
f 5184 5002 5001
f 5001 5002 4995
f 4995 5002 5003
f 5002 5006 5003
f 5003 5006 4935
f 5184 5018 5002
f 5002 5018 5006
f 5018 5017 5006
f 5006 5017 4858
f 5017 4859 4858
f 4858 4859 4862
f 1359 1361 5021
f 5021 4993 4877
f 4993 5014 4877
f 4877 5014 4889
f 1361 1362 5021
f 1362 4993 5021
f 5014 4993 5106
f 4993 5105 5106
f 4926 4930 5000
f 5000 4930 5020
f 4930 5009 5020
f 5020 5009 5022
f 4821 4830 5011
f 4830 4829 5011
f 5011 4829 5023
f 4829 4822 5023
f 4828 4827 5022
f 5020 5022 5203
f 5203 5022 5010
f 5022 4827 5010
f 5010 4827 4826
f 4824 4823 4815
f 4815 4823 4822
f 4814 5094 4825
f 4815 5089 4817
f 4811 4820 5083
f 4817 4824 4815
f 4826 4819 5010
f 4819 4818 5010
f 4818 4816 5010
f 5010 4816 4813
f 5089 4815 4814
f 4815 5094 4814
f 4919 5010 5011
f 5011 5010 4821
f 5010 4813 4821
f 4813 4811 4821
f 5083 4812 4811
f 4812 4821 4811
f 5009 4808 5022
f 4808 4810 5022
f 5022 4810 4799
f 4807 4805 5022
f 4807 5022 4806
f 4823 4828 4822
f 4828 5022 4822
f 4822 5022 5023
f 5022 4805 5023
f 5022 4799 4806
f 4805 4804 5023
f 4804 5081 5023
f 5081 4798 5023
f 4798 4809 5023
f 5023 4809 5008
f 4809 4797 5008
f 4797 4796 5008
f 4796 4802 5008
f 5008 4802 4803
f 5009 4795 4808
f 4803 4801 5008
f 4801 4800 5008
f 5008 4800 5009
f 4800 5079 5009
f 5009 5079 4795
f 4836 5019 5007
f 5019 5005 5007
f 5007 5005 5004
f 5005 4937 5004
f 5004 4937 4955
f 4932 5024 5008
f 5008 5024 5023
f 5023 5024 5011
f 5024 4917 5011
f 5011 4917 4920
f 936 937 4999
f 4999 937 4932
f 4932 937 5024
f 5024 937 5012
f 937 938 5012
f 5012 938 5013
f 5013 938 4996
f 4996 938 5019
f 938 5005 5019
f 5005 4961 4938
f 582 669 585
f 585 669 590
f 590 669 595
f 595 639 605
f 605 639 604
f 604 639 601
f 639 632 601
f 583 633 501
f 501 631 581
f 589 598 633
f 592 638 593
f 638 637 593
f 593 637 596
f 596 637 599
f 599 637 598
f 637 633 598
f 609 2442 636
f 609 636 611
f 636 612 611
f 611 612 615
f 615 612 616
f 600 635 396
f 396 635 478
f 635 636 478
f 478 636 2442
f 589 633 583
f 635 600 514
f 635 602 634
f 631 501 633
f 601 632 602
f 631 630 581
f 581 630 582
f 630 669 582
f 1710 1254 1711
f 1254 1256 1711
f 1711 1256 1258
f 1254 1710 1252
f 1252 1710 1279
f 1258 1260 1711
f 1711 1260 1712
f 1712 1260 1087
f 1296 1712 1249
f 1712 1087 1249
f 1715 1279 1714
f 1714 1279 1710
f 1296 1249 1250
f 1671 1296 1670
f 1713 1730 1714
f 1310 1309 1306
f 1246 1297 1245
f 958 917 957
f 917 916 957
f 957 916 956
f 916 915 956
f 954 955 915
f 915 955 956
f 954 915 914
f 992 1024 1025
f 1011 992 981
f 1011 1010 992
f 1022 1006 1021
f 1021 1006 1005
f 1030 1007 1006
f 1032 1008 1007
f 1008 1024 1009
f 1010 1009 992
f 992 1009 1024
f 993 981 994
f 994 981 1025
f 1019 1023 1018
f 1023 1027 1018
f 1018 1027 1026
f 1026 1027 1008
f 1018 1017 1105
f 1032 1007 1030
f 1028 1006 1022
f 1016 1029 1022
f 1022 1029 1028
f 1028 1029 1030
f 1030 1029 1031
f 1032 1030 1031
f 1030 1006 1028
f 1105 1020 1018
f 1020 1014 1018
f 1018 1014 1015
f 1019 994 1023
f 994 1025 1023
f 1023 1025 1027
f 1025 1024 1027
f 1027 1024 1008
f 1103 1100 1029
f 1100 1012 1029
f 1012 1017 1029
f 1029 1017 1031
f 1017 1018 1031
f 1031 1018 1032
f 1018 1026 1032
f 1026 1008 1032
f 914 967 954
f 909 908 972
f 972 908 961
f 908 907 961
f 961 907 997
f 910 909 973
f 973 909 972
f 973 974 910
f 910 974 911
f 912 911 969
f 968 912 969
f 914 913 971
f 975 976 970
f 970 966 965
f 966 970 962
f 962 970 963
f 969 911 974
f 960 976 973
f 973 976 969
f 969 976 977
f 1068 967 978
f 971 913 968
f 968 913 912
f 965 964 970
f 964 979 970
f 970 979 975
f 975 979 976
f 979 978 976
f 976 978 977
f 973 961 960
f 960 959 976
f 976 959 970
f 972 961 973
f 974 973 969
f 969 977 968
f 968 977 971
f 977 978 971
f 971 978 914
f 1013 1144 1014
f 1144 1013 1203
f 1203 1013 1202
f 1013 1096 1202
f 1118 1117 1096
f 1119 1117 1107
f 1107 1117 1116
f 1212 1210 1211
f 1211 1210 1209
f 1210 1208 1209
f 1314 1313 1323
f 1347 1322 1222
f 1222 1322 1221
f 1322 1321 1221
f 1221 1321 1220
f 1321 1319 1220
f 1220 1319 1234
f 1234 1319 1219
f 1319 1320 1219
f 1219 1320 1223
f 1320 1318 1223
f 1223 1318 1216
f 1318 1317 1216
f 1216 1317 1215
f 1317 1353 1215
f 1215 1353 1316
f 1316 1315 1217
f 1217 1315 1218
f 1315 1323 1218
f 1218 1323 1224
f 1323 1313 1224
f 1224 1313 1205
f 1215 1316 1217
f 1221 1220 1229
f 1223 1216 1230
f 1231 1226 1227
f 1231 1227 1229
f 1225 1226 1110
f 1110 1226 1231
f 1212 1213 1239
f 1242 1208 1243
f 1243 1208 1210
f 1233 1207 1242
f 1242 1207 1208
f 1205 1204 1224
f 1204 1206 1224
f 1224 1206 1233
f 1221 1229 1222
f 1229 1227 1222
f 1222 1227 1347
f 1234 1219 1230
f 1235 1234 1230
f 1230 1219 1223
f 1229 1110 1231
f 1115 1114 1232
f 1238 1109 1229
f 1229 1109 1110
f 1232 1214 1108
f 1108 1214 1119
f 1108 1115 1232
f 1239 1237 1240
f 1238 1229 1237
f 1237 1229 1235
f 1235 1229 1234
f 1229 1220 1234
f 1241 1217 1242
f 1244 1210 1239
f 1239 1210 1212
f 1218 1224 1217
f 1224 1233 1217
f 1217 1233 1242
f 1243 1210 1244
f 1114 1228 1232
f 1232 1228 1239
f 1228 1236 1239
f 1239 1236 1237
f 1236 1111 1237
f 1237 1111 1238
f 1238 1111 1109
f 1216 1215 1230
f 1215 1217 1230
f 1230 1217 1235
f 1217 1241 1235
f 1241 1242 1235
f 1235 1242 1237
f 1242 1243 1237
f 1237 1243 1240
f 1243 1244 1240
f 1240 1244 1239
f 1239 1213 1232
f 1232 1213 1214
f 1364 1363 1356
f 1363 1362 1356
f 1356 1362 1361
f 1361 1359 1356
f 1359 1360 1356
f 1356 1360 1365
f 1346 1364 1343
f 1364 1356 1343
f 1343 1356 1348
f 1356 1357 1348
f 1348 1357 1349
f 1357 1358 1349
f 1769 1789 1784
f 1782 1784 1773
f 1784 1774 1773
f 1329 1314 1315
f 1351 1328 1330
f 1352 1336 1351
f 1336 1328 1351
f 1353 1354 1352
f 3020 1337 1354
f 1337 1335 1354
f 1335 1352 1354
f 1349 3020 1348
f 1348 3020 1343
f 1350 1321 1322
f 1350 1322 1347
f 1346 1343 1344
f 1343 3020 1344
f 1344 3020 1345
f 3020 1354 1345
f 1321 1350 1319
f 1350 1355 1319
f 1319 1355 1320
f 1320 1355 1318
f 1318 1355 1317
f 1317 1355 1353
f 1316 1353 1315
f 1323 1315 1314
f 1327 1329 1351
f 1329 1315 1351
f 1351 1315 1353
f 1353 1355 1354
f 1355 1350 1354
f 1354 1350 1345
f 1330 1327 1351
f 1351 1353 1352
f 1722 1721 1779
f 1724 1723 1780
f 1726 1725 1780
f 1777 3022 1772
f 3022 1358 1772
f 1772 1358 1357
f 1776 1778 1781
f 1782 1775 1779
f 1775 1776 1779
f 1782 1773 1775
f 1775 1773 1774
f 1365 1771 1356
f 1771 1357 1356
f 1357 1771 1772
f 1772 1783 1777
f 1783 1778 1777
f 1780 1770 1726
f 1726 1770 1727
f 1725 1724 1780
f 1780 1781 1783
f 1783 1781 1778
f 1723 1722 1780
f 1722 1779 1780
f 1780 1779 1781
f 1781 1779 1776
f 1721 1720 1779
f 1720 1716 1779
f 1716 1784 1779
f 1779 1784 1782
f 1720 1719 1716
f 1719 1718 1716
f 1784 1716 1769
f 1769 1716 1789
f 1716 1717 1789
f 1789 1717 1728
f 1260 1261 1087
f 1258 1259 1260
f 1259 1293 1260
f 1293 1292 1260
f 1260 1292 1261
f 1257 1256 1254
f 1252 1255 1254
f 1255 1295 1254
f 1254 1295 1257
f 1279 1253 1252
f 1274 1278 1280
f 1278 1276 1280
f 1276 1277 1280
f 1280 1277 1082
f 1273 1275 1272
f 1079 1280 1081
f 1077 1281 1076
f 1281 1282 1076
f 1282 1272 1280
f 1280 1272 1274
f 1272 1275 1274
f 1079 1076 1280
f 1280 1076 1282
f 1283 1282 1284
f 1262 1271 1285
f 1271 1270 1285
f 1270 1267 1285
f 1285 1267 1266
f 1255 1252 1286
f 1286 1252 1253
f 1265 1263 1287
f 1264 1265 1287
f 1264 1287 1279
f 1279 1287 1289
f 1289 1287 1290
f 1287 1288 1290
f 1290 1288 1284
f 1284 1288 1283
f 1283 1288 1282
f 1288 1268 1282
f 1282 1268 1272
f 1292 1086 1261
f 1261 1086 1087
f 1259 1258 1293
f 1293 1258 1294
f 1258 1256 1294
f 1294 1256 1291
f 1291 1256 1257
f 1077 1085 1292
f 1286 1295 1255
f 1085 1086 1292
f 1294 1291 1284
f 1284 1291 1295
f 1291 1257 1295
f 1263 1262 1287
f 1262 1285 1287
f 1287 1285 1288
f 1285 1266 1288
f 1266 1269 1288
f 1288 1269 1268
f 1077 1292 1281
f 1281 1292 1282
f 1292 1293 1282
f 1293 1294 1282
f 1282 1294 1284
f 1284 1295 1290
f 1290 1295 1289
f 1295 1286 1289
f 1289 1286 1279
f 1286 1253 1279
f 1250 1065 1251
f 1251 1065 1248
f 1065 1124 1248
f 1249 1064 1250
f 1078 1064 1249
f 1145 1143 1144
f 1143 1014 1144
f 1018 1143 1019
f 1143 1142 1019
f 1014 1143 1015
f 1143 1018 1015
f 994 1019 1142
f 994 1142 993
f 1142 1141 993
f 993 1141 981
f 981 1141 980
f 1141 1140 980
f 980 1140 1000
f 1135 982 1140
f 982 1000 1140
f 1135 1138 1137
f 1137 1139 1135
f 1139 1136 1135
f 1136 1133 1135
f 1135 1133 982
f 982 1133 1134
f 1134 1150 982
f 1150 1132 982
f 982 1132 998
f 1132 1147 998
f 998 1147 983
f 1147 1131 983
f 983 1131 1146
f 1146 1168 1128
f 1168 1129 1128
f 1129 1130 1128
f 1130 852 1128
f 1146 1128 983
f 983 1128 985
f 1128 1127 985
f 985 1127 984
f 1127 1126 984
f 960 961 959
f 959 961 1126
f 1126 961 984
f 963 970 1125
f 970 959 1125
f 963 1125 1065
f 1125 1123 1065
f 1065 1123 1124
f 987 1046 1042
f 1036 933 1045
f 933 953 1045
f 987 1042 999
f 1042 1044 999
f 1047 1040 1003
f 1040 1039 1003
f 1003 1039 986
f 1039 1045 953
f 988 1046 987
f 999 1038 1047
f 953 989 1039
f 1039 989 986
f 1041 1046 933
f 933 1046 934
f 1046 988 934
f 1036 1043 933
f 933 1043 1041
f 1044 1037 999
f 999 1037 1038
f 1037 1043 1038
f 1038 1043 1036
f 1116 1118 1096
f 1118 1116 1117
f 1120 1095 1122
f 1114 1115 1120
f 1110 1109 1113
f 1113 1109 1121
f 1109 1111 1121
f 1225 1110 1112
f 1112 1110 1113
f 1121 1094 1113
f 1094 1034 1113
f 1115 1108 1116
f 1116 1108 1107
f 1107 1108 1119
f 1115 1116 1120
f 1120 1116 1095
f 1116 1096 1095
f 1111 1236 1121
f 1121 1236 1122
f 1236 1228 1122
f 1122 1228 1120
f 1228 1114 1120
f 1122 1093 1121
f 1121 1093 1094
f 1728 1717 1715
f 1715 1717 1279
f 1279 1717 1264
f 1717 1716 1264
f 1264 1716 1265
f 1716 1718 1265
f 1265 1718 1263
f 1718 1719 1263
f 1263 1719 1262
f 1719 1720 1262
f 1262 1720 1271
f 1720 1721 1271
f 1271 1721 1270
f 1721 1722 1270
f 1270 1722 1267
f 1722 1723 1267
f 1267 1723 1266
f 1723 1724 1266
f 1266 1724 1269
f 1724 1725 1269
f 1269 1725 1268
f 1725 1726 1268
f 1268 1726 1272
f 1726 1727 1272
f 1272 1727 1273
f 1096 1013 1095
f 1095 1013 1097
f 1094 1098 1034
f 1016 1099 1029
f 1099 1103 1029
f 1014 1097 1013
f 1102 1100 1101
f 1101 1100 1106
f 1106 1100 1103
f 1103 1099 1104
f 1099 1035 1104
f 1102 1105 1017
f 1014 1020 1105
f 1097 1106 1095
f 1094 1093 1106
f 1093 1122 1106
f 1122 1095 1106
f 1035 1099 1022
f 1022 1099 1016
f 1034 1098 1033
f 1102 1017 1100
f 1017 1012 1100
f 1035 1098 1104
f 1098 1094 1104
f 1104 1094 1103
f 1094 1106 1103
f 1101 1106 1102
f 1106 1097 1102
f 1102 1097 1105
f 1097 1014 1105
f 1085 1077 1088
f 1089 1090 1077
f 1087 1086 1249
f 1086 1091 1249
f 1091 1086 1088
f 1086 1085 1088
f 958 1083 4998
f 958 1063 1080
f 1083 958 1084
f 1084 958 1082
f 958 1081 1082
f 1082 1081 1280
f 1080 1079 958
f 958 1079 1081
f 1090 1064 1088
f 1088 1064 1078
f 1090 1088 1077
f 1088 1078 1091
f 1091 1078 1249
f 1080 1063 1092
f 1092 1063 1089
f 1063 1062 1089
f 1077 1076 1089
f 1089 1076 1092
f 1076 1080 1092
f 1080 1076 1079
f 1066 1065 1250
f 978 1067 1068
f 967 914 978
f 1062 1063 1070
f 1063 958 1071
f 1072 1070 1071
f 1070 1069 1071
f 1071 1069 1063
f 1069 1070 1063
f 1073 1066 1090
f 1090 1066 1064
f 1066 1250 1064
f 962 963 1065
f 978 979 1067
f 1067 979 1075
f 979 964 1075
f 1075 964 965
f 965 966 962
f 958 957 1071
f 1071 957 1072
f 957 956 1072
f 954 967 955
f 955 967 956
f 1074 1073 1070
f 1070 1073 1062
f 1062 1073 1089
f 1073 1090 1089
f 956 967 1072
f 967 1068 1072
f 1072 1068 1070
f 1068 1067 1070
f 1067 1075 1070
f 1070 1075 1074
f 1074 1075 1073
f 1075 965 1073
f 965 962 1073
f 1073 962 1066
f 962 1065 1066
f 1670 1296 1672
f 1296 1250 1672
f 1672 1250 1248
f 1250 1251 1248
f 1304 1233 1206
f 1209 1302 1211
f 1206 1204 1304
f 1204 1205 1304
f 1304 1205 1303
f 1205 1313 1303
f 1303 1313 1305
f 1313 1306 1305
f 1119 1214 1302
f 1214 1213 1302
f 1213 1212 1302
f 1302 1212 1211
f 1209 1208 1302
f 1302 1208 1304
f 1208 1207 1304
f 1304 1207 1233
f 1119 1302 1117
f 1302 1301 1117
f 1117 1301 1246
f 1117 1246 1096
f 1202 1096 1203
f 1096 1201 1203
f 1201 1096 1246
f 1201 1246 1245
f 1314 1312 1313
f 1312 1311 1313
f 1311 1310 1313
f 1313 1310 1306
f 1728 1715 1729
f 1715 1714 1729
f 1729 1714 1730
f 1670 1672 1669
f 1672 1248 1247
f 1123 1192 1124
f 1192 1247 1124
f 1124 1247 1248
f 1786 1785 1774
f 1774 1784 1786
f 1786 1784 1787
f 1788 1787 1789
f 1787 1784 1789
f 1789 1728 1788
f 1728 1757 1788
f 1757 1728 1729
f 1201 1245 1297
f 1190 1145 1144
f 1190 1144 1200
f 1144 1203 1200
f 1200 1203 1201
f 1314 1329 1326
f 1328 1331 1330
f 1330 1329 1327
f 1326 1325 1314
f 1325 1312 1314
f 1310 1311 1324
f 1311 1312 1324
f 1324 1312 1325
f 4844 5160 5183
f 4844 5183 4837
f 5183 4838 4837
f 4838 5182 4841
f 4841 5182 4840
f 5181 4840 5182
f 4840 5181 4836
f 5181 5180 4836
f 5180 5179 4836
f 5179 5178 4835
f 5175 4861 5177
f 4861 4856 5177
f 5177 4856 5176
f 5176 4856 4835
f 5139 5136 4886
f 4886 4885 5139
f 5139 4885 5138
f 4885 4880 5138
f 5138 4880 5137
f 4880 4881 5137
f 4881 4878 5137
f 5137 4878 4883
f 5136 4888 4887
f 4886 5136 4887
f 5121 4916 5122
f 4909 4916 5121
f 1170 1169 1188
f 1162 1188 1171
f 1171 1188 1172
f 1172 1188 1173
f 1187 1175 1174
f 1175 1157 1174
f 1174 1157 1158
f 1175 1187 1176
f 1176 1187 1156
f 1186 1177 1187
f 1177 1156 1187
f 1189 1178 1186
f 1178 1177 1186
f 1178 1189 1179
f 1180 1184 1148
f 1165 1182 1183
f 1183 1182 1181
f 1186 1187 1189
f 1185 1179 1189
f 1184 1180 1189
f 1189 1180 1185
f 1183 1181 1189
f 1189 1181 1184
f 1169 1183 1189
f 1189 1188 1169
f 1174 1173 1189
f 1189 1173 1188
f 1189 1187 1174
f 1167 1181 1166
f 1181 1182 1166
f 1149 1184 1154
f 1154 1184 1167
f 1184 1181 1167
f 1148 1184 1149
f 1150 1180 1148
f 1151 1185 1150
f 1185 1180 1150
f 1161 1179 1151
f 1151 1179 1185
f 1155 1178 1161
f 1161 1178 1179
f 1152 1156 1153
f 1156 1177 1153
f 1153 1177 1155
f 1155 1177 1178
f 1175 1176 1156
f 1157 1175 1156
f 1158 1160 1174
f 1174 1160 1173
f 1160 1159 1173
f 1173 1159 1172
f 1172 1159 1171
f 1159 1162 1171
f 1163 1170 1162
f 1162 1170 1188
f 1168 1164 1165
f 1165 1183 1168
f 1183 1169 1168
f 1168 1169 1163
f 1163 1169 1170
f 1166 1182 1165
f 1712 1296 1671
f 1671 1707 1712
f 1712 1707 1711
f 1707 1708 1711
f 1711 1708 1710
f 1708 1709 1710
f 1710 1709 1714
f 1709 1713 1714
f 1297 1246 1301
f 1297 1301 1299
f 1301 1302 1299
f 1299 1302 1307
f 1302 1304 1307
f 1304 1303 1307
f 1307 1303 1308
f 1303 1305 1308
f 1305 1306 1308
f 1306 1309 1308
f 1957 1956 1929
f 1929 1956 1950
f 1956 1955 1950
f 1955 1949 1950
f 1911 1880 1879
f 1879 1880 1876
f 1880 1878 1876
f 1878 1877 1876
f 1876 1877 1875
f 1877 1831 1875
f 1831 1866 1875
f 1875 1866 1874
f 1866 1868 1874
f 1874 1868 1873
f 1868 1864 1873
f 1869 1861 1888
f 1888 1861 1886
f 1861 1867 1886
f 1867 1865 1886
f 1865 1887 1886
f 1887 1885 1886
f 1886 1885 1884
f 1885 1883 1884
f 1883 1881 1884
f 1884 1881 1882
f 1830 1831 1838
f 1831 1832 1838
f 1832 1833 1838
f 1838 1833 1837
f 1829 1830 1838
f 1838 1839 1829
f 1839 1863 1829
f 1840 1887 1828
f 1841 1826 1827
f 1841 1842 1826
f 1842 1854 1826
f 1843 1825 1854
f 1854 1825 1901
f 1935 1923 1857
f 1935 1857 1822
f 1923 1823 1857
f 1857 1823 1843
f 1823 1922 1843
f 1843 1922 1824
f 1819 1821 1836
f 1821 1820 1836
f 1814 1816 1855
f 1816 1817 1855
f 1858 1812 1844
f 1813 1837 1810
f 1810 1811 1813
f 1811 1908 1813
f 1837 1833 1810
f 1509 1507 1841
f 1835 1518 1845
f 1518 1519 1845
f 1519 1846 1845
f 1845 1846 1839
f 1847 1509 1848
f 1512 1518 1860
f 1511 1516 1524
f 1516 1849 1524
f 1849 1850 1524
f 1508 1834 1514
f 1834 1852 1514
f 1853 1521 1514
f 1520 1521 1513
f 1521 1854 1513
f 1513 1854 1446
f 1854 1510 1446
f 1834 1515 1836
f 1836 1818 1819
f 1515 1522 1836
f 1522 1855 1836
f 1836 1855 1818
f 1855 1817 1818
f 1508 1515 1834
f 1834 1836 1852
f 1852 1836 1857
f 1857 1836 1822
f 1836 1820 1822
f 1522 1856 1855
f 1856 1844 1855
f 1855 1844 1814
f 1844 1815 1814
f 1522 1525 1856
f 1856 1858 1844
f 1858 1813 1812
f 1812 1813 1917
f 1514 1852 1853
f 1853 1852 1521
f 1852 1857 1521
f 1857 1843 1521
f 1521 1843 1854
f 1854 1842 1510
f 1827 1840 1841
f 1863 1839 1828
f 1839 1859 1828
f 1828 1859 1840
f 1859 1841 1840
f 1841 1507 1842
f 1842 1507 1510
f 1838 1860 1839
f 1837 1860 1838
f 1525 1523 1856
f 1523 1851 1856
f 1856 1851 1858
f 1851 1850 1858
f 1850 1849 1858
f 1858 1849 1813
f 1849 1516 1813
f 1813 1516 1837
f 1837 1516 1860
f 1516 1517 1860
f 1860 1517 1512
f 1518 1835 1860
f 1835 1845 1860
f 1860 1845 1839
f 1839 1846 1859
f 1846 1847 1859
f 1847 1848 1859
f 1859 1848 1841
f 1848 1509 1841
f 1866 1831 1830
f 1867 1861 1828
f 1829 1868 1830
f 1868 1866 1830
f 1887 1865 1828
f 1828 1865 1867
f 1863 1864 1829
f 1829 1864 1868
f 1828 1861 1863
f 1863 1861 1862
f 1854 1901 1891
f 1891 1890 1854
f 1854 1890 1826
f 1890 1889 1826
f 1885 1887 1840
f 1827 1881 1840
f 1881 1883 1840
f 1840 1883 1885
f 1895 1881 1827
f 1826 1889 1827
f 1889 1894 1827
f 1827 1894 1895
f 1832 1831 1877
f 1832 1878 1833
f 1832 1877 1878
f 1912 1907 1833
f 1907 1909 1833
f 1833 1909 1810
f 1909 1910 1810
f 1810 1910 1811
f 1811 1910 1908
f 1878 1880 1833
f 1833 1880 1906
f 1906 1905 1833
f 1905 1912 1833
f 1925 1823 1924
f 1823 1923 1924
f 1825 1843 1899
f 1843 1824 1899
f 1899 1824 1897
f 1899 1901 1825
f 1925 1922 1823
f 1922 1921 1824
f 1921 1897 1824
f 1813 1908 1916
f 1917 1919 1812
f 1812 1919 1958
f 1813 1916 1917
f 1960 1951 1844
f 1951 1952 1844
f 1952 1953 1844
f 1844 1953 1815
f 1958 1959 1812
f 1812 1959 1844
f 1844 1959 1960
f 1821 1819 1929
f 1816 1954 1817
f 1817 1954 1818
f 1929 1928 1821
f 1821 1928 1820
f 1820 1934 1822
f 1822 1934 1935
f 1956 1957 1818
f 1818 1957 1819
f 1957 1929 1819
f 1954 1949 1818
f 1949 1955 1818
f 1818 1955 1956
f 1897 1921 1898
f 1898 1921 1927
f 1921 1922 1927
f 1927 1922 1926
f 1922 1925 1926
f 1892 1889 1904
f 1904 1889 1903
f 1889 1890 1903
f 1890 1891 1903
f 1891 1901 1903
f 1903 1901 1902
f 1901 1899 1902
f 1902 1899 1900
f 1899 1897 1900
f 1900 1897 1898
f 1882 1881 1896
f 1881 1895 1896
f 1894 1889 1893
f 1893 1889 1892
f 1873 1864 1872
f 1872 1864 1871
f 1864 1863 1871
f 1871 1863 1870
f 1863 1862 1870
f 1862 1861 1869
f 1906 1880 1911
f 1920 1919 1918
f 1919 1917 1918
f 1917 1916 1918
f 1918 1916 1915
f 1914 1915 1908
f 1908 1915 1916
f 1908 1910 1914
f 1914 1910 1913
f 1910 1909 1913
f 1913 1909 1907
f 1951 1960 1947
f 1959 1958 1939
f 1958 1919 1940
f 1940 1919 1920
f 1949 1954 1945
f 1945 1954 1946
f 1954 1816 1946
f 1816 1814 1946
f 1946 1814 1943
f 1815 1944 1814
f 1944 1943 1814
f 1815 1953 1944
f 1944 1953 1941
f 1941 1953 1942
f 1942 1953 1948
f 1953 1952 1948
f 1952 1951 1948
f 1948 1951 1947
f 1926 1925 1938
f 1938 1925 1937
f 1925 1924 1937
f 1924 1923 1937
f 1937 1923 1936
f 1933 1936 1935
f 1935 1936 1923
f 1935 1934 1933
f 1934 1820 1933
f 1933 1820 1932
f 1932 1820 1931
f 1820 1928 1931
f 1931 1928 1930
f 1928 1929 1930
f 1929 1950 1926
f 1926 1950 1947
f 1862 1869 1896
f 1896 1869 1882
f 1950 1949 1947
f 1947 1949 1948
f 1893 1892 1898
f 1882 1869 1884
f 1912 1905 1896
f 1905 1906 1896
f 1906 1911 1896
f 1932 1931 1926
f 1872 1911 1873
f 1873 1911 1879
f 1872 1871 1911
f 1871 1870 1911
f 1911 1870 1896
f 1896 1870 1862
f 1947 1894 1893
f 1898 1927 1893
f 1893 1927 1947
f 1947 1927 1926
f 1931 1930 1926
f 1930 1929 1926
f 1946 1943 1945
f 1945 1943 1949
f 1943 1944 1949
f 1949 1944 1941
f 1941 1942 1949
f 1942 1948 1949
f 1879 1876 1873
f 1892 1904 1898
f 1904 1903 1898
f 1869 1888 1884
f 1884 1888 1886
f 1874 1876 1875
f 1876 1874 1873
f 1947 1960 1894
f 1960 1959 1894
f 1894 1959 1895
f 1959 1939 1895
f 1895 1939 1896
f 1939 1958 1896
f 1896 1958 1912
f 1958 1940 1912
f 1912 1940 1907
f 1940 1920 1907
f 1903 1902 1898
f 1898 1902 1900
f 1932 1926 1933
f 1926 1938 1933
f 1933 1938 1937
f 1937 1936 1933
f 1907 1920 1913
f 1913 1920 1918
f 1915 1914 1918
f 1918 1914 1913
f 2102 2101 2091
f 2032 2031 2028
f 2031 2030 2028
f 2030 2029 2028
f 2028 2029 2027
f 2029 1984 2027
f 1984 2019 2027
f 2027 2019 2026
f 2019 2021 2026
f 2026 2021 2025
f 2021 2018 2025
f 2022 2016 2040
f 2040 2016 2038
f 2016 2020 2038
f 2020 2039 2038
f 2039 2037 2038
f 2038 2037 2036
f 2037 2035 2036
f 2035 2034 2036
f 1799 1800 1988
f 1983 1984 1993
f 1984 1985 1993
f 1985 1986 1993
f 1993 1986 1992
f 1982 1983 1993
f 1993 1991 1982
f 1991 1981 1982
f 1981 1980 2020
f 1994 2039 1980
f 1995 1977 1979
f 1995 1978 1977
f 1996 1976 1978
f 1978 1976 2053
f 2083 2073 1990
f 2083 1990 1973
f 2073 1975 1990
f 1990 1975 1996
f 1996 1975 1974
f 1971 1972 1990
f 1965 1968 1997
f 1968 1969 1997
f 1998 1963 1967
f 1964 1999 1961
f 1961 1962 1964
f 1962 2057 1964
f 1992 1986 1961
f 1792 1793 2000
f 2000 1793 1791
f 1988 1800 2001
f 1800 1801 2001
f 1991 1801 1790
f 2005 1809 2004
f 2004 1809 1750
f 1806 1987 1805
f 1804 1795 1803
f 1795 2007 1803
f 1803 2007 1794
f 2007 2008 1794
f 1794 2008 1802
f 2009 1796 1990
f 1796 1989 1990
f 1990 1989 1971
f 1989 1970 1971
f 1796 1807 1989
f 1989 1997 1970
f 1806 1796 2009
f 1990 1972 1973
f 1807 2010 1989
f 1989 2010 1997
f 2010 1967 1997
f 1997 1967 1965
f 1967 1966 1965
f 1806 2009 1987
f 2009 1990 1987
f 1987 1990 2011
f 2011 1990 1996
f 1807 1808 2010
f 1808 2006 2010
f 2010 2006 1967
f 2006 2012 1967
f 1967 2012 1998
f 1998 2012 1963
f 2012 1964 1963
f 1963 1964 2067
f 1805 1987 1795
f 1987 2011 1795
f 1795 2011 2007
f 2011 1996 2007
f 2007 1996 2008
f 1996 1978 2008
f 1979 1994 1995
f 1995 2000 1978
f 1978 2000 2008
f 2000 1802 2008
f 1991 2013 1981
f 1981 2013 1980
f 1980 2013 1994
f 2013 2000 1994
f 1994 2000 1995
f 2000 1791 1802
f 1961 1999 1992
f 1992 1999 1993
f 1999 2015 1993
f 1993 2015 2014
f 1808 2005 2006
f 2006 2005 2012
f 2005 2004 2012
f 2012 2004 1964
f 2004 2003 1964
f 1964 2003 1999
f 2003 1797 1999
f 1999 1797 2015
f 1797 1798 2015
f 2015 1798 1799
f 1799 1988 2015
f 1988 2001 2015
f 2015 2001 2014
f 2014 2001 1993
f 2001 1801 1993
f 1993 1801 1991
f 1991 1790 2013
f 1790 2002 2013
f 2013 2002 2000
f 2002 1790 2000
f 2000 1790 1792
f 2019 1984 1983
f 2023 2017 1981
f 1982 2021 1983
f 2020 2016 1981
f 1980 2039 2020
f 1982 1981 2017
f 2021 2019 1983
f 1981 2016 2023
f 2017 2018 1982
f 1982 2018 2021
f 1994 2035 2037
f 2035 1994 2034
f 1994 1979 2034
f 2034 1979 2033
f 1978 2053 2044
f 2044 2043 1978
f 1978 2043 1977
f 2037 2039 1994
f 2046 2042 1979
f 1979 2042 2033
f 2043 2041 1977
f 1977 2041 1979
f 2041 2045 1979
f 1979 2045 2046
f 1985 1984 2029
f 1985 2030 1986
f 2030 2031 1986
f 1985 2029 2030
f 2031 2059 1986
f 1986 2059 2060
f 2056 1986 2060
f 2056 2061 1986
f 1986 2061 1961
f 2061 2058 1961
f 1961 2058 1962
f 1962 2058 2057
f 2073 2074 1975
f 1975 2074 2072
f 1976 1996 2049
f 1996 1974 2049
f 2049 1974 2047
f 2049 2053 1976
f 2075 1975 2072
f 2075 2071 1975
f 1975 2071 1974
f 2071 2047 1974
f 2098 2099 1967
f 1967 2099 1966
f 2057 2066 1964
f 2066 2067 1964
f 2067 2069 1963
f 1963 2069 2105
f 2106 2097 1967
f 2097 2098 1967
f 1963 2105 1967
f 1967 2105 2106
f 1970 1997 2101
f 1968 2100 1969
f 1969 2100 1997
f 1997 2100 2101
f 2078 2077 1971
f 1971 2077 1972
f 1972 2082 1973
f 1973 2082 2083
f 2101 2102 1970
f 2102 2088 1970
f 1970 2088 2103
f 2103 2104 1970
f 1970 2104 1971
f 2104 2078 1971
f 2048 2047 2076
f 2047 2071 2076
f 2041 2043 2055
f 2055 2043 2054
f 2043 2044 2054
f 2054 2044 2052
f 2044 2053 2052
f 2053 2049 2052
f 2052 2049 2051
f 2051 2049 2050
f 2050 2049 2048
f 2049 2047 2048
f 2025 2018 2024
f 2018 2017 2024
f 2023 2016 2022
f 2061 2056 2060
f 2059 2031 2032
f 2070 2069 2068
f 2069 2067 2068
f 2067 2066 2068
f 2068 2066 2065
f 2064 2065 2057
f 2057 2065 2066
f 2064 2057 2063
f 2057 2058 2063
f 2063 2058 2062
f 2058 2061 2062
f 2097 2106 2095
f 2106 2105 2095
f 2095 2105 2094
f 2094 2105 2096
f 2105 2069 2096
f 2096 2069 2070
f 2091 2101 2089
f 2101 2100 2089
f 2089 2100 2090
f 2100 1968 2090
f 1968 1965 2090
f 1966 2093 1965
f 2093 2090 1965
f 1966 2099 2093
f 2093 2099 2092
f 2099 2098 2092
f 2092 2098 2095
f 2098 2097 2095
f 2072 2074 2087
f 2087 2074 2086
f 2086 2074 2085
f 2074 2073 2085
f 2085 2073 2084
f 2081 2084 2083
f 2083 2084 2073
f 2083 2082 2081
f 2082 1972 2081
f 2081 1972 2080
f 2080 1972 2079
f 1972 2077 2079
f 2077 2078 2079
f 2094 2096 2061
f 2092 2095 2091
f 2055 2071 2078
f 2071 2075 2078
f 2096 2070 2061
f 2070 2062 2061
f 2103 2088 2045
f 2063 2062 2068
f 2048 2076 2055
f 2055 2076 2071
f 2059 2032 2025
f 2091 2090 2093
f 2093 2092 2091
f 2095 2094 2091
f 2094 2061 2091
f 2091 2061 2102
f 2061 2060 2102
f 2091 2089 2090
f 2017 2102 2024
f 2102 2060 2024
f 2024 2060 2025
f 2060 2059 2025
f 2102 2017 2088
f 2017 2023 2088
f 2062 2070 2068
f 2051 2050 2055
f 2050 2048 2055
f 2065 2064 2068
f 2064 2063 2068
f 2103 2045 2104
f 2045 2041 2104
f 2104 2041 2078
f 2078 2041 2055
f 2054 2052 2055
f 2055 2052 2051
f 2075 2072 2078
f 2072 2087 2078
f 2078 2087 2079
f 2079 2087 2086
f 2086 2085 2079
f 2085 2084 2079
f 2079 2084 2081
f 2027 2026 2028
f 2032 2028 2025
f 2028 2026 2025
f 2081 2080 2079
f 2038 2022 2040
f 2038 2036 2022
f 2036 2034 2022
f 2034 2033 2022
f 2033 2042 2022
f 2022 2042 2023
f 2042 2046 2023
f 2023 2046 2088
f 2088 2046 2045
f 4743 4752 4753
f 4752 4751 4753
f 4749 4747 4753
f 4747 4745 4753
f 4753 4745 4743
f 4622 4629 4623
f 4623 4629 4630
f 4637 4638 4617
f 4617 4638 4631
f 4631 4639 4618
f 4639 4632 4618
f 4618 4632 4740
f 4740 4632 4619
f 4632 4641 4619
f 4641 4642 4619
f 4619 4642 4633
f 4633 4643 4620
f 4643 4644 4620
f 4620 4644 4634
f 4621 4629 4622
f 4630 4635 4624
f 4624 4635 4625
f 4625 4646 4626
f 4646 4636 4626
f 4626 4636 4627
f 4627 4636 4628
f 4636 4647 4628
f 4647 4648 4628
f 4628 4648 4617
f 4648 4637 4617
f 4638 4639 4631
f 4639 4640 4632
f 4640 4641 4632
f 4642 4643 4633
f 4644 4621 4634
f 4621 4655 4629
f 4655 4663 4629
f 4629 4663 4630
f 4663 4656 4630
f 4656 4635 4630
f 4635 4645 4625
f 4645 4646 4625
f 4646 4657 4636
f 4657 4647 4636
f 4648 4649 4637
f 4637 4649 4638
f 4649 4661 4638
f 4661 4639 4638
f 4639 4650 4640
f 4640 4651 4641
f 4641 4651 4642
f 4651 4652 4642
f 4652 4643 4642
f 4643 4653 4644
f 4653 4654 4644
f 4654 4611 4644
f 4644 4611 4621
f 4611 4662 4621
f 4621 4662 4655
f 4656 4664 4635
f 4635 4664 4645
f 4645 4657 4646
f 4658 4659 4657
f 4657 4659 4647
f 4647 4659 4648
f 4659 4660 4648
f 4660 4649 4648
f 4662 4663 4655
f 4663 4613 4656
f 4613 4664 4656
f 4664 4665 4645
f 4660 4602 4649
f 4649 4602 4661
f 4602 4603 4661
f 4603 4604 4661
f 4661 4604 4639
f 4604 4605 4639
f 4639 4605 4650
f 4605 4606 4650
f 4606 4607 4650
f 4650 4607 4640
f 4607 4608 4640
f 4640 4608 4651
f 4651 4608 4652
f 4608 4609 4652
f 4652 4609 4643
f 4609 4610 4643
f 4643 4610 4653
f 4653 4610 4654
f 4610 4611 4654
f 4611 4612 4662
f 4662 4612 4663
f 4612 4613 4663
f 4613 4600 4664
f 4600 4614 4664
f 4664 4614 4665
f 4614 4615 4665
f 4665 4615 4645
f 4645 4615 4657
f 4615 4616 4657
f 4657 4616 4658
f 4658 4616 4659
f 4616 4660 4659
f 4537 4538 4539
f 4537 4535 4536
f 4536 4535 4534
f 4534 4532 4533
f 4533 4532 4531
f 4531 4529 4530
f 4530 4529 4528
f 4528 4562 4563
f 4563 4562 4561
f 4561 4559 4560
f 4560 4559 4558
f 4558 4556 4557
f 4557 4556 4555
f 4555 4553 4554
f 4554 4553 4552
f 4552 4550 4551
f 4551 4550 4549
f 4549 4547 4548
f 4548 4547 4546
f 4546 4544 4545
f 4545 4544 4543
f 4543 4541 4542
f 4542 4541 4540
f 4540 4539 4538
f 4537 4569 4538
f 4538 4569 4540
f 4537 4592 4569
f 4569 4592 4540
f 4540 4570 4542
f 4570 4571 4542
f 4542 4571 4543
f 4571 4572 4543
f 4543 4572 4545
f 4572 4573 4545
f 4545 4573 4546
f 4573 4574 4546
f 4546 4574 4548
f 4574 4575 4548
f 4548 4575 4549
f 4575 4576 4549
f 4549 4576 4551
f 4576 4577 4551
f 4551 4577 4552
f 4577 4578 4552
f 4552 4578 4554
f 4578 4579 4554
f 4554 4579 4555
f 4579 4580 4555
f 4555 4580 4557
f 4580 4581 4557
f 4557 4581 4558
f 4581 4582 4558
f 4558 4582 4560
f 4582 4583 4560
f 4560 4583 4561
f 4583 4584 4561
f 4561 4584 4563
f 4584 4585 4563
f 4563 4585 4528
f 4585 4586 4528
f 4528 4586 4530
f 4586 4587 4530
f 4530 4587 4531
f 4587 4588 4531
f 4531 4588 4533
f 4588 4589 4533
f 4533 4589 4534
f 4589 4590 4534
f 4534 4590 4536
f 4590 4591 4536
f 4536 4591 4537
f 4591 4594 4537
f 4537 4594 4592
f 4592 4570 4540
f 4590 4593 4591
f 4591 4593 4594
f 4594 4564 4592
f 4592 4564 4570
f 4579 4596 4580
f 4580 4596 4581
f 4585 4566 4586
f 4586 4566 4587
f 4590 4567 4593
f 4593 4567 4594
f 4567 4568 4594
f 4594 4568 4564
f 4577 4565 4578
f 4578 4565 4579
f 4559 4561 4522
f 4522 4561 4562
f 4556 4558 4524
f 4524 4558 4559
f 4553 4555 4525
f 4525 4555 4556
f 4550 4552 4527
f 4527 4552 4553
f 4547 4549 4523
f 4523 4549 4550
f 4544 4546 4526
f 4526 4546 4547
f 4541 4543 4521
f 4521 4543 4544
f 4539 4540 4517
f 4517 4540 4541
f 4535 4537 4518
f 4518 4537 4539
f 4532 4534 4516
f 4516 4534 4535
f 4529 4531 4520
f 4520 4531 4532
f 4562 4528 4519
f 4519 4528 4529
f 4599 4601 4614
f 4614 4601 4615
f 4601 4598 4615
f 4615 4598 4616
f 4598 4596 4616
f 4616 4596 4660
f 4596 4595 4660
f 4595 4602 4660
f 4610 4597 4611
f 4611 4597 4612
f 4612 4600 4613
f 4600 4599 4614
f 4726 4735 4736
f 4735 4734 4736
f 4732 4730 4736
f 4730 4728 4736
f 4736 4728 4726
f 4474 4468 4475
f 4475 4468 4476
f 4476 4468 4477
f 4475 4478 4474
f 4474 4478 4473
f 4478 4449 4473
f 4466 4479 4467
f 4467 4479 4477
f 4479 4480 4477
f 4477 4480 4476
f 4476 4480 4475
f 4475 4450 4478
f 4480 4481 4475
f 4481 4438 4475
f 4464 4483 4465
f 4465 4483 4466
f 4483 4484 4466
f 4466 4484 4479
f 4479 4484 4480
f 4484 4482 4480
f 4480 4482 4481
f 4484 4485 4482
f 4485 4439 4482
f 4719 4462 4463
f 4463 4462 4464
f 4462 4487 4464
f 4464 4487 4483
f 4483 4487 4484
f 4487 4486 4484
f 4484 4486 4485
f 4487 4488 4486
f 4488 4440 4486
f 4461 4490 4719
f 4719 4490 4462
f 4490 4491 4462
f 4491 4492 4462
f 4462 4492 4487
f 4492 4489 4487
f 4487 4489 4488
f 4492 4491 4489
f 4491 4451 4489
f 4459 4494 4460
f 4460 4494 4461
f 4494 4495 4461
f 4461 4495 4490
f 4490 4495 4491
f 4495 4493 4491
f 4493 4452 4491
f 4495 4496 4493
f 4457 4498 4458
f 4458 4498 4459
f 4498 4499 4459
f 4459 4499 4494
f 4494 4499 4495
f 4499 4497 4495
f 4495 4497 4496
f 4497 4443 4496
f 4499 4500 4497
f 4456 4502 4721
f 4721 4502 4457
f 4502 4503 4457
f 4457 4503 4498
f 4498 4503 4499
f 4503 4501 4499
f 4499 4501 4500
f 4501 4436 4500
f 4503 4504 4501
f 4454 4506 4455
f 4455 4506 4456
f 4506 4507 4456
f 4456 4507 4502
f 4502 4507 4503
f 4507 4505 4503
f 4503 4505 4504
f 4505 4441 4504
f 4507 4508 4505
f 4722 4471 4453
f 4453 4471 4454
f 4471 4510 4454
f 4454 4510 4506
f 4506 4510 4507
f 4510 4509 4507
f 4507 4509 4508
f 4509 4444 4508
f 4510 4511 4509
f 4470 4513 4722
f 4722 4513 4471
f 4513 4514 4471
f 4514 4515 4471
f 4471 4515 4510
f 4515 4512 4510
f 4510 4512 4511
f 4512 4445 4511
f 4515 4514 4512
f 4514 4446 4512
f 4432 4472 4448
f 4720 4468 4469
f 4468 4474 4469
f 4469 4474 4470
f 4474 4473 4470
f 4470 4473 4513
f 4473 4448 4513
f 4513 4448 4514
f 4448 4472 4514
f 4472 4447 4514
f 4390 4391 4389
f 4393 4428 4392
f 4392 4428 4391
f 4428 4429 4391
f 4429 4417 4391
f 4391 4417 4389
f 4389 4418 4388
f 4388 4418 4387
f 4418 4419 4387
f 4387 4419 4386
f 4386 4419 4385
f 4419 4420 4385
f 4385 4420 4384
f 4384 4420 4383
f 4420 4421 4383
f 4383 4421 4382
f 4382 4421 4381
f 4421 4422 4381
f 4381 4422 4380
f 4380 4422 4379
f 4422 4423 4379
f 4379 4423 4378
f 4378 4423 4401
f 4423 4424 4401
f 4401 4424 4400
f 4400 4424 4399
f 4424 4425 4399
f 4399 4425 4398
f 4398 4425 4397
f 4425 4426 4397
f 4397 4426 4396
f 4396 4426 4395
f 4426 4427 4395
f 4395 4427 4394
f 4394 4427 4393
f 4427 4416 4393
f 4393 4416 4428
f 4429 4431 4417
f 4417 4431 4389
f 4431 4418 4389
f 4416 4430 4428
f 4428 4430 4429
f 4429 4430 4431
f 4402 4403 4418
f 4418 4403 4419
f 4403 4404 4419
f 4419 4404 4420
f 4404 4405 4420
f 4405 4406 4420
f 4420 4406 4421
f 4406 4407 4421
f 4421 4407 4422
f 4407 4408 4422
f 4422 4408 4423
f 4408 4409 4423
f 4409 4410 4423
f 4423 4410 4424
f 4410 4411 4424
f 4424 4411 4425
f 4411 4412 4425
f 4412 4413 4425
f 4425 4413 4426
f 4413 4414 4426
f 4426 4414 4427
f 4414 4415 4427
f 4427 4415 4416
f 4431 4402 4418
f 4373 4375 4378
f 4378 4375 4379
f 4379 4375 4380
f 4375 4376 4380
f 4380 4376 4381
f 4376 4377 4381
f 4381 4377 4382
f 4377 4364 4382
f 4382 4364 4383
f 4364 4365 4383
f 4383 4365 4384
f 4365 4366 4384
f 4384 4366 4385
f 4385 4366 4386
f 4366 4367 4386
f 4386 4367 4387
f 4367 4362 4387
f 4387 4362 4388
f 4388 4362 4389
f 4389 4362 4390
f 4390 4362 4391
f 4362 4363 4391
f 4391 4363 4392
f 4392 4363 4393
f 4393 4363 4394
f 4363 4368 4394
f 4394 4368 4395
f 4395 4368 4396
f 4368 4369 4396
f 4396 4369 4397
f 4369 4370 4397
f 4397 4370 4398
f 4370 4371 4398
f 4398 4371 4399
f 4371 4374 4399
f 4399 4374 4400
f 4374 4372 4400
f 4400 4372 4401
f 4372 4373 4401
f 4401 4373 4378
f 4433 4491 4434
f 4491 4452 4434
f 4434 4452 4493
f 4489 4451 4433
f 4433 4451 4491
f 4440 4488 4433
f 4488 4489 4433
f 4439 4485 4440
f 4485 4486 4440
f 4438 4482 4439
f 4481 4482 4438
f 4437 4475 4438
f 4478 4450 4437
f 4437 4450 4475
f 4473 4449 4437
f 4437 4449 4478
f 4432 4448 4437
f 4437 4448 4473
f 4446 4514 4432
f 4514 4447 4432
f 4432 4447 4472
f 4442 4511 4446
f 4511 4445 4446
f 4446 4445 4512
f 4509 4511 4442
f 4508 4444 4442
f 4442 4444 4509
f 4441 4505 4442
f 4505 4508 4442
f 4436 4504 4441
f 4501 4504 4436
f 4435 4500 4436
f 4434 4497 4435
f 4497 4500 4435
f 4493 4496 4434
f 4496 4443 4434
f 4434 4443 4497
f 2131 2235 2136
f 2235 2226 2136
f 2226 2132 2136
f 2136 2132 2137
f 2130 2136 2129
f 2129 2136 2138
f 2126 2125 2140
f 2140 2125 2139
f 2125 2249 2139
f 2139 2249 2128
f 2140 2122 2127
f 2140 2141 2122
f 2141 2124 2122
f 2122 2124 2123
f 2142 2121 2124
f 2124 2121 2167
f 2118 2117 2159
f 2117 2119 2159
f 2159 2119 2142
f 2119 2163 2142
f 2142 2163 2120
f 2200 2195 2157
f 2195 2113 2157
f 2109 2112 2146
f 2107 2110 2147
f 2107 2108 2110
f 2110 2108 2111
f 2137 2132 2107
f 2141 1616 1600
f 2149 2150 1616
f 1635 1636 2135
f 1636 1615 2135
f 2135 1615 2151
f 1615 1637 2151
f 2154 1642 1643
f 2154 1608 1642
f 2134 1644 2154
f 1638 2159 1639
f 1600 1601 2148
f 2148 1601 2133
f 2133 1601 1645
f 2158 2144 2143
f 2158 1646 2144
f 1646 2157 2144
f 2144 2157 2115
f 2115 2157 2114
f 2157 2113 2114
f 1640 1646 2158
f 2158 2143 2159
f 2159 2143 2118
f 2143 2116 2118
f 1646 1604 2157
f 1604 2145 2157
f 2157 2145 2200
f 1640 2158 1638
f 1638 2158 2159
f 1641 2155 1604
f 1604 2155 2145
f 2155 2134 2145
f 2145 2134 2146
f 2146 2134 2109
f 2134 2110 2109
f 1645 1639 2156
f 1639 2159 2156
f 2156 2159 1645
f 1645 2159 2133
f 2159 2142 2133
f 2133 2142 2148
f 2142 2124 2148
f 2124 2141 2148
f 2141 1600 2148
f 2138 2160 2139
f 2139 2160 2140
f 2160 2150 2140
f 2150 2149 2140
f 2140 2149 2141
f 2149 1616 2141
f 2130 2131 2136
f 2107 2147 2137
f 2137 2147 2136
f 2147 2162 2136
f 2136 2162 2161
f 1641 1644 2155
f 1644 2134 2155
f 2134 2154 2110
f 2110 2154 2147
f 2147 2154 2162
f 2154 1643 2162
f 1643 2153 2162
f 2162 2153 1635
f 2153 1643 1635
f 1635 2135 2162
f 2162 2135 2161
f 2161 2135 2136
f 2135 2151 2136
f 2136 2151 2138
f 2151 1637 2138
f 1637 2152 2138
f 2138 2152 2160
f 2160 2152 2150
f 2152 1637 2150
f 2242 2250 2238
f 2250 2128 2238
f 2128 2249 2238
f 2239 2238 2125
f 2125 2238 2249
f 2125 2248 2239
f 2248 2240 2239
f 2237 2221 2236
f 2221 2227 2236
f 2236 2227 2233
f 2235 2233 2226
f 2233 2227 2226
f 2235 2234 2233
f 2233 2234 2232
f 2234 2231 2232
f 2231 2229 2232
f 2232 2229 2230
f 2230 2229 2228
f 2192 2193 2191
f 2190 2191 2189
f 2282 2280 2286
f 2280 2281 2286
f 2281 2283 2286
f 2288 2285 2279
f 2278 2312 2277
f 2275 2274 2276
f 2276 2274 2312
f 2274 2277 2312
f 2289 2272 2276
f 2289 2290 2272
f 2290 2273 2272
f 2291 2271 2273
f 2273 2271 2320
f 2267 2316 2310
f 2267 2310 2266
f 2316 2268 2310
f 2310 2268 2291
f 2268 2270 2291
f 2291 2270 2269
f 2264 2265 2284
f 2259 2349 2292
f 2349 2262 2292
f 2293 2311 2261
f 2311 2257 2261
f 2258 2313 2256
f 2256 2369 2258
f 2369 2371 2258
f 2283 2255 2286
f 2295 1494 2294
f 1498 1499 2296
f 2296 1499 2297
f 2297 1499 2298
f 2298 2295 2299
f 2301 2302 1502
f 2303 1502 2302
f 1506 2304 1505
f 1505 2305 1475
f 2305 2306 1475
f 1475 2306 1504
f 2306 2290 1504
f 2308 2307 2284
f 2284 2307 2264
f 2307 2263 2264
f 1506 1503 2308
f 2308 1503 2307
f 2307 2292 2263
f 2308 2284 2304
f 2304 2284 2310
f 2310 2284 2266
f 2284 2265 2266
f 1479 2309 1503
f 1503 2309 2307
f 2307 2309 2292
f 2309 2293 2292
f 2292 2293 2259
f 2293 2260 2259
f 1506 2308 2304
f 1479 1501 2309
f 2309 2311 2293
f 2311 2258 2257
f 2257 2258 2365
f 1505 2304 2305
f 2304 2310 2305
f 2305 2310 2306
f 2310 2291 2306
f 2291 2273 2306
f 2306 2273 2290
f 2290 1495 1504
f 2285 2312 2278
f 2312 2295 2276
f 2276 2295 2289
f 2295 2294 2289
f 2289 2294 2290
f 2294 1494 2290
f 2290 1494 1495
f 2282 2286 2287
f 2287 2286 2288
f 2255 2256 2286
f 2256 2313 2286
f 2313 2300 2286
f 1501 2303 2309
f 2309 2303 2311
f 2303 2302 2311
f 2311 2302 2258
f 2302 2301 2258
f 2258 2301 2313
f 2301 1500 2313
f 1500 1496 2313
f 2313 1496 2300
f 2300 1496 1497
f 1497 1498 2300
f 2300 1498 2286
f 1498 2296 2286
f 2286 2296 2288
f 2288 2296 2285
f 2296 2297 2285
f 2285 2297 2312
f 2297 2298 2312
f 2298 2299 2312
f 2312 2299 2295
f 2394 2405 2395
f 2395 2405 2392
f 2405 2404 2392
f 2404 2277 2392
f 2277 2403 2392
f 2392 2403 2391
f 2403 2274 2391
f 2274 2402 2391
f 2391 2402 2393
f 2402 2401 2393
f 2393 2401 2398
f 2401 2400 2398
f 2390 2375 2389
f 2389 2375 2388
f 2375 2381 2388
f 2388 2381 2386
f 2381 2280 2386
f 2280 2387 2386
f 2386 2387 2385
f 2387 2384 2385
f 2385 2384 2383
f 2384 2382 2383
f 2344 2348 2357
f 13 9 10
f 8 21 13
f 12 7 13
f 7 22 13
f 13 22 8
f 17 3 5
f 2 4 17
f 17 4 3
f 15 1 17
f 1 29 17
f 17 29 2
f 10 16 13
f 13 16 12
f 12 16 7
f 16 6 7
f 11 15 10
f 10 15 16
f 15 17 16
f 17 18 16
f 18 14 16
f 16 14 6
f 11 1 15
f 18 17 14
f 14 17 28
f 17 5 28
f 30 1 11
f 29 1 31
f 31 1 30
f 4 2 41
f 41 2 29
f 28 5 27
f 27 5 3
f 25 6 33
f 33 6 26
f 6 14 26
f 23 7 25
f 25 7 6
f 22 7 24
f 24 7 23
f 35 8 22
f 9 13 21
f 11 10 32
f 32 10 19
f 19 10 20
f 10 9 20
f 43 33 14
f 14 33 26
f 33 34 25
f 25 34 23
f 23 34 24
f 24 34 22
f 34 35 22
f 35 36 8
f 8 36 21
f 21 36 9
f 36 37 9
f 9 37 20
f 20 37 19
f 19 37 32
f 37 38 32
f 38 39 32
f 32 39 11
f 39 40 11
f 11 40 30
f 30 40 31
f 31 40 29
f 40 41 29
f 41 42 4
f 4 42 3
f 42 43 3
f 3 43 27
f 27 43 28
f 28 43 14
f 2525 2553 2541
f 2553 2540 2541
f 2540 2552 2534
f 2534 2552 2539
f 2507 2500 2475
f 2500 2476 2475
f 2476 2474 2475
f 2475 2474 2473
f 2474 2432 2473
f 2473 2432 2472
f 2432 2465 2472
f 2472 2465 2471
f 2465 2466 2471
f 2471 2466 2470
f 2484 2462 2483
f 2462 2464 2483
f 2464 2463 2483
f 2483 2463 2480
f 2463 2482 2480
f 2482 2481 2480
f 2480 2481 2479
f 2481 2478 2479
f 2479 2478 2477
f 2430 2432 2434
f 2434 2432 2436
f 2436 2432 2474
f 2437 2429 2435
f 2429 2431 2435
f 2428 2482 2437
f 2482 2463 2437
f 2437 2463 2429
f 2437 2427 2428
f 2427 2437 2425
f 2437 2438 2425
f 2425 2438 2426
f 2439 2424 2438
f 2438 2424 2426
f 2423 2421 2440
f 2421 2422 2440
f 2422 2521 2440
f 2521 2420 2440
f 2440 2420 2439
f 2417 2550 2452
f 2414 2415 2417
f 2417 2415 2416
f 2457 2412 2414
f 2441 2411 2457
f 2411 2413 2457
f 2457 2413 2412
f 603 478 2442
f 608 603 2443
f 2443 2444 608
f 2445 2446 608
f 619 2459 618
f 2458 618 2459
f 2456 613 2457
f 2457 613 2458
f 613 439 2458
f 2458 439 618
f 606 607 2456
f 607 481 2456
f 2456 481 613
f 616 2433 615
f 2433 2448 615
f 615 2448 611
f 2448 2449 611
f 2442 609 2438
f 2438 609 2449
f 609 611 2449
f 2440 2450 2423
f 2450 2418 2423
f 616 617 2433
f 2433 617 2450
f 617 2451 2450
f 2451 2452 2450
f 2450 2452 2419
f 2451 2417 2452
f 610 2453 617
f 617 2453 2451
f 2451 2453 2417
f 2417 2416 2548
f 2433 2450 2448
f 2448 2450 2449
f 2450 2440 2449
f 2440 2439 2449
f 2449 2439 2438
f 2438 2437 2442
f 2442 2437 603
f 2443 603 2444
f 603 2437 2444
f 2444 2437 2454
f 2437 2435 2454
f 2435 2434 2454
f 2454 2434 2455
f 2434 2436 2455
f 2459 619 2447
f 2447 619 614
f 608 2444 2445
f 2444 2454 2445
f 2445 2454 2446
f 2454 2455 2446
f 2446 2455 620
f 620 2455 2447
f 610 606 2453
f 606 2456 2453
f 2453 2456 2417
f 2417 2456 2414
f 2456 2457 2414
f 2457 2458 2441
f 2458 2459 2441
f 2441 2459 2436
f 2436 2459 2455
f 2459 2447 2455
f 2447 614 620
f 2623 2653 2621
f 2653 2622 2621
f 2622 2579 2621
f 2579 2578 2621
f 2621 2578 2620
f 2578 2612 2620
f 2612 2577 2620
f 2577 2613 2620
f 2620 2613 2619
f 2632 2611 2631
f 2631 2611 2630
f 2611 2615 2630
f 2615 2614 2630
f 2630 2614 2628
f 2614 2629 2628
f 2628 2629 2627
f 2629 2626 2627
f 2627 2626 2625
f 2626 2624 2625
f 2577 2578 2581
f 2581 2578 2580
f 2580 2578 2579
f 2583 2576 2582
f 2576 2609 2582
f 2573 2574 2583
f 2574 2575 2583
f 2575 2629 2583
f 2629 2614 2583
f 2583 2614 2576
f 2584 2637 2573
f 2585 2571 2584
f 2571 2636 2584
f 2584 2636 2637
f 2568 2569 2570
f 2570 2572 2585
f 2566 2696 2565
f 2587 2564 2563
f 2562 2560 2588
f 2560 2561 2588
f 2588 2561 2587
f 2587 2561 2564
f 2580 2559 2589
f 2589 2559 2588
f 2559 2558 2588
f 2588 2558 2562
f 578 475 2590
f 475 2591 2590
f 578 2592 577
f 2593 2603 577
f 2603 2594 577
f 2594 575 577
f 572 2595 571
f 2608 2607 570
f 2606 574 2607
f 574 570 2607
f 2605 569 2606
f 2606 569 574
f 568 569 2605
f 525 2596 573
f 573 2596 579
f 2591 527 2597
f 2597 527 579
f 2599 2586 2570
f 2570 2586 2568
f 2586 2567 2568
f 2599 2600 2586
f 2586 2600 2565
f 2599 2566 2600
f 2600 2566 2565
f 580 524 2598
f 524 523 2598
f 2598 523 2599
f 523 2601 2599
f 2599 2601 2566
f 2601 2587 2566
f 2566 2587 2694
f 2587 2563 2694
f 579 2596 2597
f 2596 2602 2597
f 2597 2602 2591
f 2602 2590 2591
f 2590 2583 578
f 580 2598 525
f 525 2598 2596
f 2598 2599 2596
f 2596 2599 2602
f 2599 2570 2602
f 2570 2585 2602
f 2602 2585 2590
f 2585 2584 2590
f 2584 2573 2590
f 2590 2573 2583
f 578 2583 2592
f 2592 2583 2593
f 2593 2583 2603
f 2583 2582 2603
f 2582 2581 2603
f 2603 2581 2604
f 2581 2580 2604
f 2595 2608 571
f 2608 570 571
f 577 2592 2593
f 2594 2603 575
f 2603 2604 575
f 575 2604 2595
f 523 568 2601
f 2601 568 2587
f 568 2605 2587
f 2605 2606 2587
f 2587 2606 2588
f 2588 2606 2589
f 2606 2607 2589
f 2589 2607 2580
f 2607 2608 2580
f 2580 2608 2604
f 2608 2595 2604
f 2595 572 575
f 2854 2842 2823
f 2842 2853 2843
f 2773 2799 2770
f 2799 2772 2770
f 2772 2771 2770
f 2770 2771 2769
f 2757 2768 2724
f 2768 2769 2724
f 2724 2769 2771
f 2757 2756 2768
f 2768 2756 2767
f 2767 2756 2766
f 2756 2760 2766
f 2766 2760 2765
f 2783 2755 2782
f 2755 2759 2782
f 2779 2782 2758
f 2758 2782 2759
f 2758 2781 2779
f 2781 2780 2779
f 2779 2780 2778
f 2780 2777 2778
f 2777 2776 2778
f 2778 2776 2775
f 2776 2774 2775
f 2756 2721 2726
f 2721 2724 2726
f 2726 2724 2771
f 2727 2720 2749
f 2720 2722 2749
f 2749 2722 2726
f 2726 2722 2756
f 2718 2719 2727
f 2781 2758 2727
f 2727 2758 2720
f 2734 2716 2718
f 2728 2714 2734
f 2714 2717 2734
f 2734 2717 2716
f 2818 2729 2830
f 2818 2713 2729
f 2729 2713 2728
f 2713 2715 2728
f 2710 2850 2747
f 2706 2708 2730
f 2706 2731 2813
f 2726 2723 2732
f 2723 2705 2732
f 2732 2705 2731
f 2705 2707 2731
f 2731 2707 2813
f 552 556 2733
f 2733 556 2734
f 555 552 2735
f 2735 2736 555
f 555 2736 543
f 543 2737 443
f 2737 2738 539
f 539 2754 541
f 541 2739 551
f 2739 559 551
f 2740 558 2753
f 2753 558 559
f 553 554 2740
f 2740 554 558
f 540 2741 547
f 547 2741 561
f 2741 2742 561
f 561 2742 440
f 556 441 2734
f 441 560 2734
f 2734 560 2742
f 2742 560 440
f 544 548 2743
f 2729 2744 2830
f 2744 2711 2830
f 548 2745 2743
f 2743 2745 2744
f 2745 2746 2744
f 2746 2747 2744
f 2744 2747 2712
f 2746 2710 2747
f 548 549 2745
f 2745 549 2746
f 2746 2730 2710
f 2710 2730 2848
f 2730 2709 2848
f 544 2743 540
f 540 2743 2741
f 2743 2744 2741
f 2741 2744 2742
f 2744 2729 2742
f 2729 2728 2742
f 2742 2728 2734
f 2734 2718 2733
f 2718 2727 2733
f 552 2733 2735
f 2735 2733 2736
f 2733 2727 2736
f 2736 2727 2748
f 2748 2727 2749
f 2749 2726 2750
f 2750 2726 2751
f 2751 2726 2752
f 2725 553 2740
f 559 2739 2754
f 2754 2739 541
f 2748 2749 2736
f 2736 2749 543
f 2749 2750 543
f 543 2750 2737
f 2750 2751 2737
f 2751 2752 2737
f 2737 2752 2738
f 549 2725 2746
f 2725 2740 2746
f 2746 2740 2730
f 2730 2740 2706
f 2740 2753 2706
f 2706 2753 2731
f 2731 2753 2732
f 2753 559 2732
f 2732 559 2726
f 559 2754 2726
f 2726 2754 2752
f 2752 2754 2738
f 2738 2754 539
f 2960 2954 2930
f 2930 2954 2927
f 2954 2929 2927
f 2929 2928 2927
f 2927 2928 2926
f 2928 2878 2926
f 2926 2878 2925
f 2878 2914 2925
f 2925 2914 2924
f 2914 2916 2924
f 2924 2916 2923
f 2918 2913 2937
f 2913 2917 2937
f 2917 2915 2937
f 2937 2915 2934
f 2915 2874 2934
f 2874 2935 2934
f 2935 2936 2934
f 2934 2936 2933
f 2936 2932 2933
f 2933 2932 2931
f 598 2879 2880
f 2876 2878 2882
f 2882 2878 2884
f 2884 2878 2928
f 2906 2875 2883
f 2875 2877 2883
f 2881 2873 2885
f 2885 2874 2906
f 2874 2915 2906
f 2906 2915 2875
f 2872 2870 2886
f 2870 2871 2886
f 2886 2871 2881
f 2881 2871 2873
f 2869 2868 2887
f 2887 2868 2886
f 2868 2948 2886
f 2886 2948 2872
f 2975 2888 2986
f 2888 2869 2887
f 2867 3003 2866
f 2863 2865 2890
f 2890 2865 2864
f 2860 2861 2891
f 2891 2861 2890
f 2861 2862 2890
f 2890 2862 2863
f 2884 2859 2892
f 2859 2858 2892
f 2892 2858 2891
f 2858 2958 2891
f 599 2880 2881
f 593 596 2893
f 2893 596 2881
f 596 599 2881
f 592 593 2893
f 2893 2894 592
f 592 2894 588
f 2894 2895 588
f 2895 2896 588
f 588 2896 591
f 2896 2897 591
f 591 2897 584
f 2909 516 2910
f 2911 2910 2898
f 2910 587 2898
f 2908 516 2909
f 519 518 2899
f 2899 518 2908
f 2908 518 516
f 2879 598 2900
f 599 597 2880
f 597 598 2880
f 586 520 2901
f 2902 2889 2888
f 2888 2889 2986
f 2901 2903 2902
f 2902 2903 2889
f 2889 2903 2866
f 2903 2867 2866
f 520 2904 2901
f 2901 2904 2903
f 2904 2905 2903
f 2903 2905 2867
f 2905 2890 2867
f 2867 2890 3001
f 2890 2864 3001
f 598 594 2900
f 2900 594 2879
f 586 2901 594
f 2901 2902 594
f 594 2902 2879
f 2902 2888 2879
f 2879 2888 2880
f 2888 2887 2880
f 2887 2886 2880
f 2880 2886 2881
f 2881 2885 2893
f 2893 2885 2894
f 2894 2885 2906
f 2906 2883 2896
f 2883 2882 2896
f 2896 2882 2907
f 2882 2884 2907
f 2911 2898 2907
f 2907 2898 587
f 2894 2906 2895
f 2895 2906 2896
f 2896 2907 2897
f 520 519 2904
f 2904 519 2905
f 519 2899 2905
f 2905 2899 2890
f 2899 2908 2890
f 2908 2909 2890
f 2890 2909 2891
f 2891 2909 2892
f 2909 2910 2892
f 2892 2910 2884
f 2910 2911 2884
f 2884 2911 2907
f 2897 2907 584
f 2907 587 584
f 5434 5431 5451
f 5451 5452 5434
f 5434 5452 5453
f 5430 5450 5431
f 5431 5450 5451
f 5449 5504 5429
f 5429 5504 5430
f 5430 5504 5450
f 5427 5448 5429
f 5429 5448 5449
f 5447 5498 5428
f 5428 5498 5427
f 5427 5498 5448
f 5428 5435 5446
f 5446 5496 5428
f 5428 5496 5447
f 5438 5445 5435
f 5435 5445 5446
f 5443 5489 5437
f 5437 5489 5438
f 5489 5444 5438
f 5438 5444 5445
f 5433 5442 5437
f 5437 5442 5443
f 5441 5484 5432
f 5432 5484 5433
f 5433 5484 5442
f 5436 5440 5432
f 5432 5440 5441
f 5453 5439 5434
f 5434 5439 5436
f 5436 5439 5440
f 5389 5351 5356
f 5351 5357 5356
f 5356 5357 5383
f 5381 5357 5358
f 5357 5352 5358
f 5358 5352 5359
f 5352 5353 5359
f 5359 5353 5379
f 5379 5353 5360
f 5353 5354 5392
f 5392 5354 5361
f 5354 5355 5361
f 5361 5355 5385
f 5385 5355 5362
f 5362 5355 5384
f 5384 5355 5363
f 5355 5351 5363
f 5359 5380 5358
f 5358 5380 5381
f 5381 5387 5357
f 5387 5382 5357
f 5357 5382 5383
f 5389 5390 5351
f 5351 5390 5363
f 5390 5384 5363
f 5384 5391 5362
f 5362 5391 5385
f 5392 5393 5353
f 5353 5393 5360
f 5393 5379 5360
f 5386 5405 5379
f 5379 5405 5359
f 5380 5395 5381
f 5381 5395 5387
f 5382 5387 5383
f 5387 5388 5383
f 5383 5396 5356
f 5356 5396 5389
f 5390 5398 5384
f 5398 5411 5384
f 5384 5411 5391
f 5391 5400 5385
f 5400 5413 5385
f 5385 5402 5361
f 5361 5402 5392
f 5393 5386 5379
f 5405 5394 5359
f 5359 5394 5380
f 5394 5416 5380
f 5380 5416 5395
f 5395 5407 5387
f 5407 5418 5387
f 5387 5409 5388
f 5388 5409 5383
f 5409 5420 5383
f 5383 5420 5396
f 5396 5421 5389
f 5389 5421 5390
f 5421 5397 5390
f 5397 5423 5390
f 5390 5423 5398
f 5411 5399 5391
f 5391 5399 5400
f 5413 5401 5385
f 5385 5401 5402
f 5402 5424 5392
f 5392 5424 5393
f 5424 5403 5393
f 5403 5426 5393
f 5393 5426 5386
f 5386 5404 5405
f 5416 5406 5395
f 5395 5406 5407
f 5418 5408 5387
f 5387 5408 5409
f 5423 5410 5398
f 5398 5410 5411
f 5399 5412 5400
f 5400 5412 5413
f 5426 5404 5386
f 5404 5414 5405
f 5414 5415 5405
f 5405 5415 5394
f 5394 5415 5416
f 5406 5417 5407
f 5407 5417 5418
f 5408 5419 5409
f 5409 5419 5420
f 5420 5369 5396
f 5396 5369 5421
f 5421 5422 5397
f 5397 5422 5423
f 5423 5371 5410
f 5410 5371 5411
f 5371 5372 5411
f 5411 5372 5399
f 5399 5374 5412
f 5412 5374 5413
f 5374 5375 5413
f 5413 5375 5401
f 5401 5377 5402
f 5402 5377 5424
f 5424 5425 5403
f 5403 5425 5426
f 5426 5414 5404
f 5415 5364 5416
f 5364 5365 5416
f 5416 5365 5406
f 5406 5366 5417
f 5417 5366 5418
f 5366 5367 5418
f 5418 5367 5408
f 5408 5368 5419
f 5419 5368 5420
f 5368 5427 5420
f 5420 5427 5369
f 5421 5370 5422
f 5422 5370 5423
f 5370 5430 5423
f 5423 5430 5371
f 5372 5373 5399
f 5399 5373 5374
f 5375 5376 5401
f 5401 5376 5377
f 5424 5378 5425
f 5425 5378 5426
f 5378 5437 5426
f 5426 5437 5414
f 5476 5469 5477
f 5477 5469 5478
f 5476 5452 5475
f 5475 5452 5451
f 5576 5467 5468
f 5468 5467 5479
f 5467 5480 5479
f 5479 5480 5478
f 5480 5481 5478
f 5478 5481 5477
f 5477 5481 5476
f 5481 5453 5476
f 5476 5453 5452
f 5481 5439 5453
f 5466 5486 5576
f 5576 5486 5467
f 5486 5482 5467
f 5482 5483 5467
f 5467 5483 5480
f 5480 5483 5481
f 5483 5440 5481
f 5481 5440 5439
f 5578 5464 5465
f 5465 5464 5466
f 5464 5485 5466
f 5466 5485 5486
f 5486 5484 5482
f 5482 5484 5483
f 5484 5441 5483
f 5483 5441 5440
f 5463 5492 5578
f 5578 5492 5464
f 5492 5487 5464
f 5487 5488 5464
f 5464 5488 5485
f 5485 5488 5486
f 5488 5442 5486
f 5486 5442 5484
f 5461 5490 5462
f 5462 5490 5463
f 5490 5491 5463
f 5463 5491 5492
f 5492 5489 5487
f 5487 5489 5488
f 5489 5443 5488
f 5488 5443 5442
f 5492 5444 5489
f 5459 5494 5460
f 5460 5494 5461
f 5494 5495 5461
f 5461 5495 5490
f 5490 5495 5491
f 5495 5493 5491
f 5491 5493 5492
f 5493 5445 5492
f 5492 5445 5444
f 5495 5445 5493
f 5457 5501 5458
f 5458 5501 5459
f 5501 5497 5459
f 5459 5497 5494
f 5494 5497 5495
f 5497 5496 5495
f 5496 5446 5495
f 5495 5446 5445
f 5455 5499 5456
f 5456 5499 5457
f 5499 5500 5457
f 5457 5500 5501
f 5501 5498 5497
f 5498 5447 5497
f 5497 5447 5496
f 5473 5507 5454
f 5454 5507 5455
f 5507 5503 5455
f 5455 5503 5499
f 5499 5503 5500
f 5503 5502 5500
f 5500 5502 5501
f 5502 5448 5501
f 5501 5448 5498
f 5503 5448 5502
f 5471 5505 5472
f 5472 5505 5473
f 5505 5506 5473
f 5473 5506 5507
f 5507 5504 5503
f 5504 5449 5503
f 5503 5449 5448
f 5451 5450 5474
f 5469 5476 5470
f 5470 5476 5471
f 5476 5475 5471
f 5471 5475 5505
f 5475 5451 5505
f 5505 5451 5506
f 5451 5474 5506
f 5506 5474 5507
f 5474 5450 5507
f 5507 5450 5504
f 5586 5588 5591
f 5588 5590 5591
f 5581 5583 5591
f 5583 5584 5591
f 5591 5589 5586
f 5584 5589 5591
f 5350 5285 5292
f 5292 5285 5293
f 5285 5284 5293
f 5293 5284 5294
f 5294 5284 5295
f 5284 5289 5295
f 5295 5289 5296
f 5296 5289 5297
f 5289 5291 5297
f 5297 5291 5298
f 5291 5290 5298
f 5298 5290 5299
f 5299 5290 5300
f 5290 5288 5300
f 5300 5288 5301
f 5301 5288 5302
f 5288 5287 5302
f 5302 5287 5303
f 5303 5287 5304
f 5287 5286 5304
f 5304 5286 5305
f 5305 5286 5350
f 5286 5285 5350
f 5214 5207 5223
f 5205 5223 5207
f 5205 5231 5223
f 5208 5222 5205
f 5205 5222 5231
f 5209 5222 5208
f 5209 5235 5222
f 5236 5221 5204
f 5204 5221 5210
f 5210 5221 5209
f 5209 5221 5235
f 5206 5220 5204
f 5204 5220 5236
f 5206 5238 5220
f 5206 5239 5238
f 5211 5240 5206
f 5206 5240 5239
f 5211 5241 5240
f 5211 5242 5241
f 5211 5243 5242
f 5212 5244 5211
f 5211 5244 5243
f 5212 5245 5244
f 5213 5219 5212
f 5212 5219 5245
f 5215 5219 5213
f 5215 5248 5219
f 5216 5217 5215
f 5215 5217 5248
f 5214 5217 5216
f 5214 5218 5217
f 5231 5232 5223
f 5231 5222 5233
f 5233 5222 5234
f 5234 5222 5235
f 5235 5221 5253
f 5253 5221 5236
f 5236 5220 5237
f 5237 5220 5238
f 5245 5219 5246
f 5246 5219 5247
f 5247 5219 5248
f 5248 5217 5249
f 5249 5217 5250
f 5250 5217 5251
f 5217 5218 5251
f 5214 5223 5218
f 5218 5223 5232
f 5238 5265 5237
f 5237 5265 5236
f 5265 5252 5236
f 5252 5271 5236
f 5236 5271 5253
f 5231 5269 5232
f 5232 5269 5218
f 5218 5254 5251
f 5251 5254 5250
f 5250 5255 5249
f 5249 5255 5248
f 5255 5256 5248
f 5248 5256 5247
f 5247 5256 5246
f 5256 5257 5246
f 5246 5257 5245
f 5257 5258 5245
f 5245 5258 5244
f 5258 5259 5244
f 5244 5259 5243
f 5259 5260 5243
f 5243 5260 5242
f 5260 5261 5242
f 5242 5261 5241
f 5261 5262 5241
f 5241 5262 5240
f 5262 5263 5240
f 5240 5263 5239
f 5263 5264 5239
f 5239 5264 5238
f 5264 5279 5238
f 5238 5279 5265
f 5271 5266 5253
f 5253 5266 5235
f 5266 5267 5235
f 5235 5267 5234
f 5234 5267 5233
f 5267 5268 5233
f 5233 5268 5231
f 5268 5283 5231
f 5231 5283 5269
f 5269 5254 5218
f 5265 5270 5252
f 5252 5270 5271
f 5283 5272 5269
f 5269 5272 5254
f 5273 5274 5254
f 5254 5274 5250
f 5274 5275 5250
f 5250 5275 5255
f 5255 5275 5256
f 5275 5276 5256
f 5276 5277 5256
f 5256 5277 5257
f 5257 5277 5258
f 5263 5278 5264
f 5264 5278 5279
f 5265 5228 5270
f 5270 5228 5271
f 5228 5280 5271
f 5271 5280 5266
f 5266 5280 5267
f 5280 5281 5267
f 5281 5282 5267
f 5267 5282 5268
f 5268 5282 5283
f 5283 5224 5272
f 5272 5224 5254
f 5224 5273 5254
f 5263 5225 5278
f 5278 5225 5279
f 5225 5226 5279
f 5279 5226 5265
f 5226 5227 5265
f 5265 5227 5228
f 5282 5229 5283
f 5229 5230 5283
f 5283 5230 5224
f 5317 5318 5306
f 5306 5318 5307
f 5307 5326 5308
f 5326 5319 5308
f 5308 5319 5559
f 5559 5319 5309
f 5319 5327 5309
f 5327 5328 5309
f 5309 5328 5320
f 5320 5329 5310
f 5329 5330 5310
f 5310 5330 5321
f 5321 5331 5311
f 5331 5332 5311
f 5311 5332 5322
f 5322 5333 5312
f 5333 5323 5312
f 5312 5323 5313
f 5313 5323 5314
f 5323 5335 5314
f 5335 5336 5314
f 5314 5336 5324
f 5324 5337 5315
f 5337 5338 5315
f 5315 5338 5316
f 5338 5317 5316
f 5318 5325 5307
f 5325 5326 5307
f 5326 5340 5319
f 5340 5327 5319
f 5328 5329 5320
f 5330 5331 5321
f 5332 5333 5322
f 5333 5334 5323
f 5334 5335 5323
f 5336 5337 5324
f 5338 5318 5317
f 5338 5292 5318
f 5292 5339 5318
f 5318 5339 5325
f 5325 5340 5326
f 5341 5342 5340
f 5340 5342 5327
f 5327 5342 5328
f 5342 5343 5328
f 5343 5329 5328
f 5329 5344 5330
f 5344 5331 5330
f 5331 5345 5332
f 5345 5333 5332
f 5333 5346 5334
f 5334 5347 5335
f 5335 5347 5336
f 5347 5348 5336
f 5336 5348 5337
f 5337 5348 5338
f 5348 5349 5338
f 5349 5292 5338
f 5348 5350 5349
f 5350 5292 5349
f 5292 5293 5339
f 5293 5294 5339
f 5339 5294 5325
f 5294 5295 5325
f 5325 5295 5340
f 5340 5295 5341
f 5295 5296 5341
f 5341 5296 5342
f 5296 5297 5342
f 5342 5297 5343
f 5343 5297 5329
f 5297 5298 5329
f 5329 5298 5344
f 5298 5299 5344
f 5344 5299 5331
f 5299 5300 5331
f 5331 5300 5345
f 5300 5301 5345
f 5345 5301 5333
f 5301 5302 5333
f 5333 5302 5346
f 5302 5303 5346
f 5346 5303 5334
f 5303 5304 5334
f 5334 5304 5347
f 5304 5305 5347
f 5347 5305 5348
f 5305 5350 5348
f 5568 5570 5573
f 5570 5572 5573
f 5564 5566 5573
f 5566 5567 5573
f 5573 5571 5568
f 5567 5571 5573
f 5570 5568 5569
f 5572 5570 5563
f 5564 5573 5562
f 5562 5573 5572
f 5563 5561 5572
f 5561 5560 5572
f 5572 5560 5562
f 5562 5560 5564
f 5560 5558 5564
f 5564 5558 5565
f 5565 5558 5566
f 5566 5558 5567
f 5558 5557 5567
f 5567 5557 5571
f 5571 5557 5568
f 5557 5559 5568
f 5568 5559 5569
f 5569 5559 5570
f 5559 5561 5570
f 5570 5561 5563
f 5259 5285 5260
f 5260 5285 5261
f 5261 5285 5262
f 5285 5286 5262
f 5262 5286 5263
f 5263 5286 5225
f 5225 5286 5226
f 5286 5287 5226
f 5226 5287 5227
f 5227 5287 5228
f 5228 5287 5280
f 5287 5288 5280
f 5280 5288 5281
f 5281 5288 5282
f 5288 5290 5282
f 5282 5290 5229
f 5229 5290 5230
f 5230 5290 5224
f 5290 5291 5224
f 5224 5291 5273
f 5273 5291 5274
f 5274 5291 5275
f 5291 5289 5275
f 5275 5289 5276
f 5276 5289 5277
f 5289 5284 5277
f 5277 5284 5258
f 5258 5284 5259
f 5284 5285 5259
f 5322 5312 5558
f 5560 5321 5311
f 5559 5309 5561
f 5560 5311 5558
f 5558 5311 5322
f 5309 5320 5561
f 5320 5310 5561
f 5561 5310 5560
f 5560 5310 5321
f 5316 5317 5557
f 5317 5306 5557
f 5557 5306 5559
f 5306 5307 5559
f 5559 5307 5308
f 5312 5313 5558
f 5313 5314 5558
f 5314 5324 5558
f 5324 5315 5558
f 5558 5315 5557
f 5557 5315 5316
f 5588 5586 5587
f 5590 5588 5580
f 5581 5591 5579
f 5579 5591 5590
f 5583 5581 5582
f 5580 5577 5590
f 5577 5578 5590
f 5590 5578 5579
f 5579 5578 5581
f 5578 5576 5581
f 5581 5576 5582
f 5582 5576 5583
f 5576 5575 5583
f 5583 5575 5584
f 5575 5574 5584
f 5584 5574 5585
f 5585 5574 5586
f 5586 5574 5587
f 5587 5574 5588
f 5574 5577 5588
f 5588 5577 5580
f 5433 5437 5378
f 5437 5438 5414
f 5414 5438 5415
f 5415 5438 5364
f 5364 5438 5365
f 5438 5435 5365
f 5365 5435 5406
f 5435 5428 5406
f 5406 5428 5366
f 5366 5428 5367
f 5367 5428 5408
f 5428 5427 5408
f 5408 5427 5368
f 5427 5429 5369
f 5369 5429 5421
f 5429 5430 5421
f 5421 5430 5370
f 5430 5431 5371
f 5431 5434 5371
f 5371 5434 5372
f 5372 5434 5373
f 5373 5434 5374
f 5434 5436 5374
f 5374 5436 5375
f 5375 5436 5376
f 5436 5432 5376
f 5376 5432 5377
f 5377 5432 5424
f 5432 5433 5424
f 5424 5433 5378
f 5578 5465 5576
f 5576 5465 5466
f 5459 5460 5577
f 5460 5461 5577
f 5577 5461 5578
f 5461 5462 5578
f 5578 5462 5463
f 5455 5456 5574
f 5456 5457 5574
f 5574 5457 5577
f 5457 5458 5577
f 5577 5458 5459
f 5471 5472 5574
f 5472 5473 5574
f 5473 5454 5574
f 5574 5454 5455
f 5576 5468 5575
f 5575 5468 5479
f 5479 5478 5575
f 5478 5469 5575
f 5575 5469 5574
f 5469 5470 5574
f 5574 5470 5471
f 2883 2916 2882
f 2882 2916 2876
f 2916 2914 2876
f 2914 2878 2876
f 2915 2917 2875
f 2917 2913 2875
f 2877 2912 2883
f 2912 2916 2883
f 2913 2919 2875
f 2875 2919 2877
f 2877 2919 2912
f 2873 2871 2940
f 2873 2932 2885
f 2870 2941 2871
f 2941 2940 2871
f 2873 2940 2939
f 2885 2932 2936
f 2872 2941 2870
f 2936 2935 2885
f 2885 2935 2874
f 2939 2938 2873
f 2873 2938 2932
f 2957 2959 2859
f 2859 2959 2858
f 2928 2929 2884
f 2929 2954 2884
f 2959 2958 2858
f 2884 2954 2859
f 2954 2956 2859
f 2859 2956 2955
f 2955 2953 2859
f 2953 2957 2859
f 2975 2976 2888
f 2976 2974 2888
f 2945 2944 2869
f 2944 2946 2869
f 2869 2946 2868
f 2868 2946 2948
f 2974 2978 2888
f 2888 2978 2869
f 2869 2978 2972
f 2972 2973 2869
f 2869 2973 2945
f 2862 2861 2968
f 2865 3000 2864
f 2864 3000 3001
f 2891 2958 2967
f 2861 2860 2968
f 2862 2968 2863
f 2891 2967 2860
f 2968 3010 2863
f 2863 3010 2998
f 2998 3009 2863
f 3009 2999 2863
f 2863 2999 2865
f 2865 2999 3000
f 3004 2866 3003
f 2866 2984 2889
f 2889 2984 2986
f 2867 3001 3002
f 2867 3002 3003
f 3005 3006 2866
f 3004 3005 2866
f 3006 3007 2866
f 2866 3007 3008
f 3008 2982 2866
f 2982 2981 2866
f 2866 2981 2984
f 2945 2973 2980
f 2973 2972 2980
f 2980 2972 2979
f 2979 2972 2978
f 2952 2940 2951
f 2940 2941 2951
f 2941 2872 2951
f 2951 2872 2950
f 2872 2948 2950
f 2950 2948 2949
f 2949 2948 2947
f 2948 2946 2947
f 2947 2946 2980
f 2946 2944 2980
f 2944 2945 2980
f 2931 2932 2943
f 2932 2938 2943
f 2938 2939 2943
f 2939 2940 2942
f 2942 2940 2952
f 2923 2916 2912
f 2923 2912 2922
f 2922 2912 2921
f 2921 2912 2920
f 2920 2912 2919
f 2919 2913 2918
f 2957 2953 2962
f 2953 2955 2962
f 2962 2955 2961
f 2955 2956 2961
f 2956 2954 2961
f 2961 2954 2960
f 3010 2968 2971
f 2971 2968 2970
f 2970 2968 2969
f 2967 2966 2860
f 2966 2969 2860
f 2860 2969 2968
f 2967 2958 2966
f 2966 2958 2965
f 2958 2959 2965
f 2965 2959 2964
f 2964 2959 2963
f 2963 2959 2962
f 2959 2957 2962
f 2996 2999 2997
f 2999 3009 2997
f 2997 3009 2998
f 3005 3004 2995
f 2995 3004 2993
f 2994 2993 3002
f 3002 2993 3003
f 2993 3004 3003
f 2990 2994 3001
f 3001 2994 3002
f 2990 3001 2991
f 3001 3000 2991
f 2991 3000 2992
f 2992 3000 2996
f 3000 2999 2996
f 2977 2978 2989
f 2978 2974 2989
f 2989 2974 2988
f 2974 2976 2988
f 2976 2975 2988
f 2988 2975 2987
f 2975 2986 2987
f 2987 2986 2985
f 2986 2984 2985
f 2985 2984 2983
f 2984 2981 2983
f 2983 2981 2982
f 2961 2960 2922
f 2922 2960 2923
f 3006 3005 2920
f 2979 2978 2982
f 2962 2961 2971
f 2971 2961 2922
f 2996 2997 3005
f 2969 2962 2970
f 2985 2983 2989
f 2927 2926 2924
f 2978 2977 2982
f 2977 2989 2982
f 2982 2989 2983
f 2982 3008 2939
f 2997 2998 3005
f 3005 2998 2920
f 2920 2998 2921
f 2962 2971 2970
f 2969 2966 2962
f 2966 2965 2962
f 2965 2964 2962
f 2962 2964 2963
f 2980 2979 2952
f 2979 2982 2952
f 2952 2982 2942
f 2982 2939 2942
f 2919 2918 3007
f 3007 2918 3008
f 2918 2943 3008
f 3008 2943 2939
f 3005 2995 2996
f 2943 2918 2931
f 2926 2925 2924
f 2987 2985 2989
f 2921 2998 2922
f 2998 3010 2922
f 2922 3010 2971
f 2919 3007 2920
f 2920 3007 3006
f 2923 2960 2924
f 2960 2930 2924
f 2924 2930 2927
f 2952 2949 2947
f 2947 2980 2952
f 2987 2989 2988
f 2951 2950 2952
f 2952 2950 2949
f 2993 2994 2995
f 2995 2994 2990
f 2918 2937 2931
f 2937 2934 2931
f 2990 2991 2995
f 2991 2992 2995
f 2995 2992 2996
f 2934 2933 2931
f 2759 2720 2758
f 2722 2760 2756
f 2759 2755 2720
f 2720 2755 2722
f 2724 2721 2757
f 2721 2756 2757
f 2722 2755 2763
f 2763 2764 2722
f 2764 2760 2722
f 2719 2776 2727
f 2776 2777 2727
f 2727 2777 2780
f 2716 2786 2718
f 2786 2784 2718
f 2718 2784 2719
f 2780 2781 2727
f 2785 2774 2719
f 2719 2774 2776
f 2784 2785 2719
f 2803 2805 2723
f 2771 2772 2726
f 2772 2799 2726
f 2726 2799 2723
f 2802 2801 2723
f 2805 2804 2723
f 2723 2804 2705
f 2801 2800 2723
f 2800 2803 2723
f 2723 2799 2802
f 2818 2819 2713
f 2714 2794 2717
f 2728 2792 2714
f 2714 2792 2794
f 2816 2790 2715
f 2715 2790 2728
f 2728 2790 2792
f 2819 2817 2713
f 2713 2817 2715
f 2715 2817 2816
f 2706 2813 2708
f 2708 2847 2730
f 2730 2847 2709
f 2709 2847 2848
f 2838 2846 2708
f 2708 2846 2847
f 2813 2857 2708
f 2857 2856 2708
f 2708 2856 2855
f 2855 2845 2708
f 2845 2838 2708
f 2851 2747 2850
f 2747 2851 2712
f 2851 2852 2712
f 2712 2822 2744
f 2822 2826 2744
f 2744 2826 2711
f 2710 2848 2849
f 2822 2712 2823
f 2710 2849 2850
f 2826 2830 2711
f 2852 2853 2712
f 2712 2853 2842
f 2842 2854 2712
f 2712 2854 2823
f 2790 2816 2821
f 2821 2816 2820
f 2816 2817 2820
f 2798 2784 2797
f 2784 2786 2797
f 2797 2786 2796
f 2786 2716 2796
f 2716 2717 2796
f 2796 2717 2795
f 2717 2794 2795
f 2795 2794 2793
f 2794 2792 2793
f 2793 2792 2791
f 2792 2790 2791
f 2775 2774 2789
f 2774 2785 2789
f 2789 2785 2788
f 2785 2784 2788
f 2788 2784 2787
f 2787 2784 2798
f 2765 2760 2764
f 2762 2763 2761
f 2763 2755 2761
f 2761 2755 2783
f 2803 2800 2808
f 2800 2801 2808
f 2808 2801 2807
f 2801 2802 2807
f 2802 2799 2807
f 2807 2799 2806
f 2806 2799 2773
f 2815 2857 2814
f 2857 2813 2814
f 2814 2813 2812
f 2811 2812 2707
f 2707 2812 2813
f 2707 2705 2811
f 2705 2804 2811
f 2811 2804 2810
f 2810 2804 2809
f 2809 2804 2808
f 2804 2805 2808
f 2805 2803 2808
f 2845 2855 2856
f 2856 2857 2844
f 2844 2857 2815
f 2841 2852 2839
f 2852 2851 2839
f 2839 2851 2840
f 2840 2851 2833
f 2834 2833 2849
f 2849 2833 2850
f 2833 2851 2850
f 2837 2834 2848
f 2848 2834 2849
f 2837 2848 2835
f 2848 2847 2835
f 2835 2847 2836
f 2847 2846 2836
f 2836 2846 2838
f 2820 2817 2832
f 2817 2819 2832
f 2819 2818 2832
f 2832 2818 2831
f 2830 2829 2818
f 2829 2831 2818
f 2830 2826 2829
f 2829 2826 2828
f 2828 2826 2827
f 2827 2826 2825
f 2826 2822 2825
f 2825 2822 2824
f 2822 2823 2824
f 2844 2815 2764
f 2788 2790 2789
f 2807 2806 2764
f 2806 2773 2764
f 2764 2773 2765
f 2788 2787 2790
f 2787 2798 2790
f 2790 2798 2791
f 2853 2852 2763
f 2767 2766 2773
f 2789 2783 2775
f 2775 2783 2782
f 2808 2807 2815
f 2815 2807 2764
f 2773 2766 2765
f 2789 2790 2783
f 2783 2790 2761
f 2761 2790 2821
f 2821 2842 2761
f 2842 2762 2761
f 2821 2820 2842
f 2842 2820 2823
f 2778 2775 2782
f 2782 2779 2778
f 2773 2770 2769
f 2769 2768 2773
f 2773 2768 2767
f 2844 2764 2856
f 2764 2763 2856
f 2856 2763 2845
f 2762 2842 2763
f 2842 2843 2763
f 2763 2843 2853
f 2791 2798 2797
f 2796 2795 2793
f 2797 2796 2791
f 2791 2796 2793
f 2811 2814 2812
f 2811 2810 2814
f 2815 2814 2808
f 2808 2814 2809
f 2814 2810 2809
f 2823 2820 2824
f 2824 2820 2825
f 2763 2852 2845
f 2845 2852 2838
f 2852 2841 2838
f 2838 2841 2839
f 2832 2827 2820
f 2827 2825 2820
f 2831 2829 2832
f 2829 2828 2832
f 2832 2828 2827
f 2835 2836 2837
f 2839 2840 2838
f 2840 2833 2838
f 2838 2833 2836
f 2833 2834 2836
f 2836 2834 2837
f 2614 2615 2576
f 2615 2611 2576
f 2582 2613 2581
f 2581 2613 2577
f 2612 2578 2577
f 2609 2576 2617
f 2617 2576 2610
f 2576 2611 2610
f 2609 2613 2582
f 2574 2626 2575
f 2575 2626 2629
f 2637 2638 2573
f 2573 2638 2574
f 2574 2638 2639
f 2634 2635 2574
f 2635 2624 2574
f 2574 2624 2626
f 2639 2633 2574
f 2633 2634 2574
f 2579 2622 2580
f 2622 2653 2580
f 2580 2653 2559
f 2654 2656 2559
f 2656 2655 2559
f 2559 2655 2558
f 2658 2651 2559
f 2651 2654 2559
f 2653 2652 2559
f 2652 2658 2559
f 2642 2641 2585
f 2641 2643 2585
f 2585 2643 2571
f 2669 2569 2568
f 2569 2669 2570
f 2669 2668 2570
f 2668 2667 2570
f 2570 2667 2572
f 2667 2666 2572
f 2572 2666 2585
f 2666 2642 2585
f 2564 2561 2663
f 2560 2663 2561
f 2691 2692 2564
f 2692 2693 2564
f 2564 2693 2563
f 2693 2694 2563
f 2663 2687 2564
f 2564 2687 2703
f 2703 2702 2564
f 2702 2704 2564
f 2564 2704 2691
f 2566 2694 2695
f 2697 2565 2696
f 2565 2677 2586
f 2586 2677 2567
f 2567 2677 2679
f 2698 2699 2565
f 2568 2567 2679
f 2566 2695 2696
f 2697 2698 2565
f 2699 2700 2565
f 2565 2700 2701
f 2701 2675 2565
f 2675 2674 2565
f 2565 2674 2677
f 2642 2666 2673
f 2673 2666 2672
f 2666 2667 2672
f 2672 2667 2671
f 2671 2667 2670
f 2639 2638 2650
f 2650 2638 2649
f 2649 2638 2648
f 2638 2637 2648
f 2648 2637 2647
f 2637 2636 2647
f 2636 2571 2647
f 2571 2643 2647
f 2647 2643 2646
f 2646 2643 2645
f 2645 2643 2644
f 2644 2643 2673
f 2643 2641 2673
f 2641 2642 2673
f 2624 2635 2625
f 2635 2634 2640
f 2640 2634 2633
f 2619 2613 2618
f 2613 2609 2618
f 2618 2609 2617
f 2617 2610 2616
f 2610 2611 2616
f 2616 2611 2632
f 2654 2651 2659
f 2651 2658 2659
f 2652 2653 2657
f 2657 2653 2623
f 2687 2663 2665
f 2665 2663 2664
f 2663 2560 2664
f 2560 2562 2664
f 2664 2562 2662
f 2662 2562 2661
f 2562 2558 2661
f 2558 2655 2661
f 2661 2655 2660
f 2655 2656 2660
f 2660 2656 2659
f 2656 2654 2659
f 2691 2704 2690
f 2704 2702 2690
f 2690 2702 2688
f 2702 2703 2688
f 2703 2687 2688
f 2698 2697 2686
f 2686 2697 2685
f 2697 2696 2685
f 2696 2695 2685
f 2685 2695 2683
f 2695 2694 2683
f 2694 2693 2683
f 2683 2693 2684
f 2684 2693 2689
f 2693 2692 2689
f 2689 2692 2690
f 2692 2691 2690
f 2670 2667 2682
f 2667 2668 2682
f 2668 2669 2682
f 2682 2669 2681
f 2681 2669 2680
f 2669 2568 2680
f 2680 2568 2678
f 2568 2679 2678
f 2679 2677 2678
f 2678 2677 2676
f 2677 2674 2676
f 2674 2675 2676
f 2689 2690 2698
f 2690 2688 2698
f 2675 2650 2672
f 2640 2633 2700
f 2700 2633 2701
f 2688 2659 2698
f 2698 2659 2699
f 2659 2700 2699
f 2700 2659 2640
f 2686 2685 2689
f 2650 2673 2672
f 2678 2676 2670
f 2618 2617 2657
f 2701 2633 2675
f 2633 2639 2675
f 2675 2639 2650
f 2672 2671 2675
f 2675 2671 2676
f 2671 2670 2676
f 2659 2658 2640
f 2640 2658 2635
f 2658 2652 2635
f 2635 2652 2625
f 2652 2657 2625
f 2657 2617 2625
f 2625 2617 2616
f 2698 2686 2689
f 2685 2683 2689
f 2689 2683 2684
f 2650 2649 2673
f 2649 2648 2673
f 2648 2647 2673
f 2673 2647 2646
f 2646 2645 2673
f 2645 2644 2673
f 2682 2681 2678
f 2661 2660 2665
f 2616 2632 2625
f 2625 2632 2631
f 2631 2630 2625
f 2625 2630 2628
f 2688 2687 2659
f 2687 2665 2659
f 2659 2665 2660
f 2670 2682 2678
f 2680 2678 2681
f 2618 2657 2619
f 2657 2623 2619
f 2628 2627 2625
f 2665 2664 2661
f 2661 2664 2662
f 2623 2621 2619
f 2621 2620 2619
f 2435 2466 2434
f 2434 2466 2430
f 2466 2465 2430
f 2465 2432 2430
f 2462 2429 2464
f 2429 2463 2464
f 2431 2461 2435
f 2461 2466 2435
f 2462 2460 2429
f 2429 2460 2431
f 2431 2460 2461
f 2427 2478 2428
f 2478 2481 2428
f 2481 2482 2428
f 2425 2487 2427
f 2487 2485 2427
f 2486 2478 2427
f 2485 2489 2427
f 2489 2486 2427
f 2411 2506 2413
f 2474 2476 2436
f 2476 2500 2436
f 2505 2504 2441
f 2441 2504 2411
f 2411 2504 2506
f 2501 2502 2441
f 2436 2500 2441
f 2441 2500 2501
f 2502 2508 2441
f 2508 2503 2441
f 2441 2503 2505
f 2521 2522 2420
f 2522 2519 2420
f 2492 2494 2439
f 2439 2494 2424
f 2421 2520 2422
f 2422 2520 2521
f 2420 2519 2439
f 2519 2518 2439
f 2439 2518 2517
f 2517 2491 2439
f 2491 2492 2439
f 2545 2547 2415
f 2415 2547 2416
f 2416 2547 2548
f 2412 2514 2414
f 2514 2554 2414
f 2414 2554 2415
f 2557 2556 2415
f 2556 2546 2415
f 2415 2546 2545
f 2554 2555 2415
f 2415 2555 2557
f 2552 2419 2551
f 2419 2452 2551
f 2525 2526 2419
f 2419 2526 2450
f 2526 2527 2450
f 2450 2527 2418
f 2551 2452 2550
f 2423 2418 2527
f 2417 2548 2549
f 2417 2549 2550
f 2419 2552 2540
f 2540 2553 2419
f 2419 2553 2525
f 2491 2517 2518
f 2518 2519 2524
f 2524 2519 2523
f 2499 2485 2498
f 2485 2487 2498
f 2498 2487 2497
f 2487 2425 2497
f 2425 2426 2497
f 2497 2426 2496
f 2426 2424 2496
f 2424 2494 2496
f 2496 2494 2495
f 2495 2494 2493
f 2494 2492 2493
f 2492 2491 2493
f 2477 2478 2490
f 2478 2486 2490
f 2490 2486 2489
f 2489 2485 2488
f 2488 2485 2499
f 2470 2466 2469
f 2466 2461 2469
f 2469 2461 2468
f 2461 2460 2468
f 2468 2460 2467
f 2460 2462 2467
f 2467 2462 2484
f 2508 2502 2501
f 2501 2500 2507
f 2516 2554 2515
f 2515 2554 2513
f 2554 2514 2513
f 2513 2514 2512
f 2514 2412 2512
f 2412 2413 2512
f 2512 2413 2511
f 2413 2506 2511
f 2511 2506 2510
f 2510 2506 2509
f 2506 2504 2509
f 2504 2505 2509
f 2505 2503 2509
f 2556 2557 2546
f 2546 2557 2542
f 2557 2555 2542
f 2555 2554 2542
f 2542 2554 2543
f 2543 2554 2516
f 2539 2552 2535
f 2552 2551 2535
f 2535 2551 2538
f 2538 2551 2536
f 2551 2550 2536
f 2550 2549 2536
f 2536 2549 2537
f 2549 2548 2537
f 2537 2548 2544
f 2548 2547 2544
f 2547 2545 2544
f 2545 2546 2544
f 2523 2519 2533
f 2519 2522 2533
f 2522 2521 2533
f 2533 2521 2532
f 2521 2520 2532
f 2520 2421 2532
f 2532 2421 2531
f 2531 2421 2530
f 2421 2423 2530
f 2423 2527 2530
f 2530 2527 2529
f 2529 2527 2528
f 2527 2526 2528
f 2526 2525 2528
f 2528 2525 2541
f 2542 2543 2503
f 2503 2543 2509
f 2477 2490 2484
f 2544 2546 2539
f 2491 2488 2493
f 2488 2499 2493
f 2468 2491 2469
f 2491 2518 2469
f 2546 2542 2539
f 2542 2503 2539
f 2539 2535 2544
f 2543 2516 2509
f 2509 2516 2515
f 2490 2489 2484
f 2484 2489 2491
f 2491 2489 2488
f 2468 2467 2491
f 2491 2467 2484
f 2518 2524 2540
f 2518 2540 2469
f 2540 2534 2469
f 2534 2508 2501
f 2515 2513 2509
f 2536 2537 2538
f 2538 2537 2535
f 2537 2544 2535
f 2513 2512 2509
f 2512 2511 2509
f 2511 2510 2509
f 2470 2469 2507
f 2507 2469 2501
f 2469 2534 2501
f 2539 2503 2534
f 2503 2508 2534
f 2495 2493 2499
f 2477 2484 2479
f 2479 2484 2483
f 2483 2480 2479
f 2499 2498 2495
f 2498 2497 2495
f 2495 2497 2496
f 2528 2541 2523
f 2523 2541 2524
f 2524 2541 2540
f 2507 2475 2470
f 2475 2473 2470
f 2470 2473 2472
f 2472 2471 2470
f 2528 2523 2529
f 2523 2533 2529
f 2532 2531 2533
f 2531 2530 2533
f 2533 2530 2529
f 2205 2209 2219
f 2219 2209 2218
f 2218 2209 2217
f 2209 2210 2217
f 2216 2217 2111
f 2111 2217 2110
f 2217 2210 2110
f 2216 2111 2215
f 2111 2214 2215
f 2215 2214 2213
f 2213 2214 2212
f 2214 2211 2212
f 2212 2211 2225
f 2225 2211 2224
f 2222 2221 2220
f 2220 2221 2237
f 2244 2250 2243
f 2243 2250 2242
f 2241 2254 2245
f 2254 2253 2245
f 2247 2187 2188
f 2187 2186 2188
f 2188 2186 2185
f 2186 2167 2185
f 2167 2166 2185
f 2185 2166 2184
f 2166 2121 2184
f 2121 2165 2184
f 2184 2165 2175
f 2169 2117 2118
f 2117 2169 2119
f 2169 2168 2119
f 2121 2142 2165
f 2165 2142 2120
f 2166 2167 2121
f 2163 2164 2120
f 2164 2165 2120
f 2168 2163 2119
f 2118 2116 2178
f 2114 2113 2115
f 2176 2178 2143
f 2143 2178 2116
f 2193 2144 2115
f 2193 2192 2144
f 2192 2177 2144
f 2144 2177 2143
f 2143 2177 2176
f 2113 2194 2115
f 2194 2191 2115
f 2115 2191 2193
f 2209 2205 2112
f 2197 2196 2146
f 2146 2196 2145
f 2196 2199 2145
f 2145 2199 2200
f 2210 2209 2110
f 2110 2209 2109
f 2209 2112 2109
f 2197 2146 2208
f 2208 2146 2207
f 2205 2206 2112
f 2112 2206 2146
f 2206 2207 2146
f 2226 2227 2132
f 2132 2211 2107
f 2211 2214 2107
f 2107 2214 2108
f 2108 2214 2111
f 2227 2221 2132
f 2221 2222 2132
f 2222 2223 2132
f 2223 2224 2132
f 2132 2224 2211
f 2138 2139 2250
f 2130 2129 2228
f 2128 2250 2139
f 2228 2229 2130
f 2229 2231 2130
f 2231 2234 2130
f 2130 2234 2131
f 2131 2234 2235
f 2246 2251 2129
f 2129 2251 2228
f 2250 2244 2138
f 2138 2244 2129
f 2129 2244 2246
f 2127 2240 2140
f 2240 2248 2140
f 2140 2248 2126
f 2254 2241 2127
f 2241 2240 2127
f 2248 2125 2126
f 2247 2252 2122
f 2122 2252 2127
f 2252 2253 2127
f 2127 2253 2254
f 2167 2186 2124
f 2124 2186 2123
f 2123 2186 2122
f 2186 2187 2122
f 2187 2247 2122
f 4460 4461 4719
f 4477 4468 4720
f 4720 4469 4722
f 4722 4469 4470
f 4721 4454 4455
f 4455 4456 4721
f 4721 4457 4723
f 4457 4458 4723
f 4723 4458 4719
f 4458 4459 4719
f 4719 4459 4460
f 4722 4453 4721
f 4721 4453 4454
f 4464 4465 4718
f 4465 4466 4718
f 4718 4466 4720
f 4466 4467 4720
f 4720 4467 4477
f 4719 4463 4718
f 4718 4463 4464
f 4410 4432 4411
f 4432 4437 4411
f 4411 4437 4412
f 4412 4437 4413
f 4437 4438 4413
f 4413 4438 4414
f 4414 4438 4415
f 4438 4439 4415
f 4439 4440 4415
f 4415 4440 4416
f 4416 4440 4430
f 4440 4433 4430
f 4430 4433 4431
f 4431 4433 4402
f 4433 4434 4402
f 4402 4434 4403
f 4403 4434 4404
f 4434 4435 4404
f 4435 4436 4404
f 4404 4436 4405
f 4405 4436 4406
f 4436 4441 4406
f 4441 4442 4406
f 4406 4442 4407
f 4407 4442 4408
f 4442 4446 4408
f 4408 4446 4409
f 4409 4446 4410
f 4446 4432 4410
f 4725 4721 4735
f 4721 4723 4735
f 4735 4723 4724
f 4727 4722 4726
f 4722 4721 4726
f 4726 4721 4725
f 4729 4720 4728
f 4720 4722 4728
f 4728 4722 4727
f 4731 4718 4730
f 4718 4720 4730
f 4730 4720 4729
f 4733 4719 4732
f 4719 4718 4732
f 4732 4718 4731
f 4724 4723 4734
f 4723 4719 4734
f 4734 4719 4733
f 4726 4728 4727
f 4728 4730 4729
f 4730 4732 4731
f 4732 4736 4733
f 4733 4736 4734
f 4734 4735 4724
f 4735 4726 4725
f 4625 4626 4739
f 4617 4631 4740
f 4631 4618 4740
f 4617 4740 4628
f 4626 4627 4739
f 4739 4627 4740
f 4627 4628 4740
f 4623 4630 4737
f 4737 4630 4739
f 4630 4624 4739
f 4739 4624 4625
f 4740 4619 4738
f 4738 4619 4633
f 4634 4737 4620
f 4737 4738 4620
f 4738 4633 4620
f 4634 4621 4737
f 4621 4622 4737
f 4622 4623 4737
f 4585 4584 4601
f 4584 4583 4601
f 4601 4583 4598
f 4583 4582 4598
f 4582 4581 4598
f 4598 4581 4596
f 4601 4599 4585
f 4585 4599 4566
f 4566 4599 4587
f 4599 4600 4587
f 4587 4600 4588
f 4600 4612 4588
f 4588 4612 4589
f 4612 4597 4589
f 4589 4597 4590
f 4590 4597 4567
f 4597 4610 4567
f 4567 4610 4568
f 4568 4610 4564
f 4610 4609 4564
f 4564 4609 4570
f 4609 4608 4570
f 4570 4608 4571
f 4571 4608 4572
f 4608 4607 4572
f 4572 4607 4573
f 4607 4606 4573
f 4573 4606 4574
f 4606 4605 4574
f 4574 4605 4575
f 4605 4604 4575
f 4575 4604 4576
f 4604 4603 4576
f 4576 4603 4577
f 4603 4602 4577
f 4577 4602 4565
f 4565 4602 4579
f 4602 4595 4579
f 4579 4595 4596
f 4742 4740 4752
f 4740 4738 4752
f 4752 4738 4741
f 4744 4740 4743
f 4743 4740 4742
f 4746 4739 4745
f 4739 4740 4745
f 4745 4740 4744
f 4748 4737 4747
f 4737 4739 4747
f 4747 4739 4746
f 4750 4737 4749
f 4749 4737 4748
f 4741 4738 4751
f 4738 4737 4751
f 4751 4737 4750
f 4743 4745 4744
f 4745 4747 4746
f 4747 4749 4748
f 4749 4753 4750
f 4750 4753 4751
f 4751 4752 4741
f 4752 4743 4742
f 3450 3448 3409
f 3409 3448 3458
f 3458 3448 3446
f 3431 3473 3435
f 3473 3445 3435
f 3467 3466 3470
f 3470 3469 3467
f 3469 3471 3467
f 3467 3471 3472
f 3472 3468 3467
f 3412 3386 3399
f 3417 3452 3409
f 3409 3452 3450
f 3467 3473 3466
f 3473 3431 3466
f 3446 3464 3463
f 3463 3460 3446
f 3460 3459 3446
f 3459 3458 3446
f 3435 3445 3441
f 3412 3409 3386
f 3409 3458 3386
f 3386 3458 3387
f 3458 3465 3387
f 3482 3428 3388
f 3436 3435 3437
f 3437 3435 3438
f 3435 3441 3438
f 3482 3388 3465
f 3388 3387 3465
f 3431 3430 3482
f 3482 3430 3428
f 3420 3425 3423
f 3423 3425 3424
f 3420 3419 3425
f 3425 3419 3417
f 3409 3425 3417
f 3392 3391 3428
f 3386 3405 3404
f 3404 3402 3386
f 3386 3402 3401
f 3398 3394 3428
f 3394 3393 3428
f 3428 3393 3392
f 3391 3390 3428
f 3390 3389 3428
f 3428 3389 3388
f 3386 3401 3399
f 3428 3397 3398
f 3397 3396 3398
f 3396 3395 3398
f 3398 3395 3394
f 3395 3336 3394
f 3394 3336 3393
f 3336 3380 3393
f 3393 3380 3392
f 3392 3380 3391
f 3380 3383 3391
f 3391 3383 3390
f 3390 3383 3389
f 3383 3384 3389
f 3389 3384 3388
f 3384 3379 3388
f 3388 3379 3387
f 3387 3378 3386
f 3378 3381 3386
f 3386 3381 3405
f 3381 3385 3405
f 3385 3382 3405
f 3405 3382 3404
f 3402 3404 3330
f 3330 3404 3382
f 3330 3403 3402
f 3402 3403 3401
f 3403 3400 3401
f 3401 3400 3399
f 3399 3400 3412
f 3400 3411 3412
f 3411 3410 3412
f 3412 3410 3409
f 3410 3408 3409
f 3408 3407 3409
f 3407 3406 3409
f 3733 3717 3732
f 3717 3724 3732
f 3724 3723 3732
f 3732 3723 3731
f 3723 3641 3731
f 3641 3730 3731
f 3731 3730 3729
f 3729 3730 3728
f 3730 3727 3728
f 3728 3727 3726
f 3727 3725 3726
f 3763 3748 3762
f 3762 3748 3761
f 3748 3754 3761
f 3761 3754 3760
f 3759 3758 3753
f 3758 3760 3753
f 3760 3754 3753
f 3758 3759 3757
f 3757 3759 3756
f 3759 3658 3756
f 3756 3658 3755
f 3778 3777 3770
f 3770 3777 3767
f 3777 3776 3767
f 3767 3776 3765
f 3776 3775 3765
f 3775 3774 3765
f 3765 3774 3764
f 3774 3655 3764
f 3655 3773 3764
f 3764 3773 3766
f 3766 3773 3771
f 3773 3783 3771
f 3771 3783 3772
f 3772 3783 3769
f 3783 3782 3769
f 3781 3746 3747
f 3746 3745 3747
f 3747 3745 3744
f 3745 3652 3744
f 3744 3652 3743
f 3652 3740 3743
f 3743 3740 3742
f 3740 3741 3742
f 3742 3741 3739
f 3699 3668 3697
f 3699 3696 3668
f 3647 3698 3693
f 3696 3694 3668
f 3668 3700 3647
f 3647 3700 3698
f 3694 3692 3668
f 3668 3692 3700
f 3640 3641 3723
f 3640 3724 3642
f 3640 3723 3724
f 3642 3719 3646
f 3719 3722 3646
f 3646 3722 3709
f 3724 3717 3642
f 3642 3717 3719
f 3740 3650 3741
f 3650 3651 3741
f 3740 3652 3650
f 3649 3648 3706
f 3706 3707 3649
f 3649 3707 3651
f 3651 3707 3735
f 3735 3741 3651
f 3754 3748 3663
f 3639 3727 3671
f 3671 3727 3638
f 3638 3727 3730
f 3638 3730 3641
f 3751 3725 3639
f 3639 3725 3727
f 3663 3748 3639
f 3748 3750 3639
f 3639 3750 3751
f 3656 3657 3777
f 3657 3665 3777
f 3777 3665 3776
f 3768 3779 3656
f 3755 3658 3656
f 3658 3759 3659
f 3768 3656 3778
f 3753 3664 3759
f 3664 3659 3759
f 3777 3778 3656
f 3779 3780 3656
f 3656 3780 3755
f 3654 3653 3746
f 3653 3745 3746
f 3654 3773 3655
f 3774 3775 3655
f 3783 3773 3654
f 3746 3781 3654
f 3781 3782 3654
f 3654 3782 3783
f 3753 3754 3663
f 3753 3663 3664
f 3656 3658 3664
f 3664 3658 3659
f 3775 3776 3665
f 3662 3654 3683
f 3683 3654 3655
f 3652 3745 3662
f 3745 3653 3662
f 3662 3653 3654
f 3651 3650 3666
f 3666 3650 3652
f 3687 3649 3666
f 3649 3651 3666
f 3647 3693 3686
f 3686 3693 3687
f 3693 3648 3687
f 3687 3648 3649
f 3697 3668 3667
f 3668 3647 3686
f 3644 3645 3669
f 3645 3643 3669
f 3669 3643 3667
f 3643 3695 3667
f 3667 3695 3697
f 3642 3646 3669
f 3669 3646 3644
f 3642 3670 3640
f 3663 3639 3671
f 3671 3638 3670
f 3638 3641 3670
f 3670 3641 3640
f 3276 3661 3278
f 3689 3290 3690
f 3673 3289 3672
f 3282 3660 3284
f 3286 3287 3675
f 3677 3678 3279
f 3680 3664 3663
f 3680 3681 3664
f 3664 3681 3656
f 3680 3665 3681
f 3681 3665 3656
f 3665 3657 3656
f 3285 3288 3679
f 3288 3682 3679
f 3679 3682 3680
f 3682 3683 3680
f 3680 3683 3665
f 3665 3683 3775
f 3683 3655 3775
f 3284 3660 3283
f 3283 3660 3674
f 3674 3660 3675
f 3660 3684 3675
f 3675 3684 3286
f 3286 3684 3676
f 3282 3285 3660
f 3285 3679 3660
f 3679 3680 3660
f 3680 3663 3660
f 3663 3671 3660
f 3660 3671 3684
f 3671 3670 3684
f 3670 3642 3684
f 3642 3669 3684
f 3275 3676 3281
f 3676 3684 3281
f 3684 3669 3281
f 3281 3669 3685
f 3669 3667 3685
f 3667 3668 3685
f 3685 3668 3686
f 3288 3289 3673
f 3673 3672 3683
f 3683 3672 3688
f 3672 3291 3688
f 3688 3291 3689
f 3690 3290 3691
f 3691 3290 3661
f 3290 3278 3661
f 3281 3685 3277
f 3685 3686 3280
f 3280 3686 3677
f 3686 3687 3677
f 3677 3687 3678
f 3682 3288 3683
f 3288 3673 3683
f 3683 3688 3662
f 3662 3688 3652
f 3688 3689 3652
f 3652 3689 3666
f 3689 3690 3666
f 3666 3690 3687
f 3690 3691 3687
f 3691 3661 3687
f 3687 3661 3678
f 3678 3661 3279
f 3661 3276 3279
f 3930 3929 3927
f 3927 3929 3889
f 3901 3894 3929
f 3889 3929 3893
f 3929 3894 3893
f 3908 3847 3873
f 3873 3847 3874
f 3847 3861 3874
f 3907 3905 3848
f 3848 3905 3904
f 3889 3928 3927
f 3901 3898 3894
f 3898 3896 3894
f 3894 3896 3895
f 3886 3859 3849
f 3849 3859 3850
f 3859 3851 3850
f 3908 3873 3869
f 3907 3848 3908
f 3848 3847 3908
f 3919 3925 3927
f 3925 3931 3927
f 3927 3931 3930
f 3857 3853 3859
f 3853 3852 3859
f 3859 3852 3851
f 3928 3889 3904
f 3928 3904 3913
f 3913 3904 3918
f 3924 3922 3919
f 3922 3923 3919
f 3919 3923 3920
f 3920 3921 3919
f 3921 3926 3919
f 3919 3926 3925
f 3866 3864 3867
f 3864 3863 3867
f 3867 3863 3847
f 3847 3863 3861
f 3848 3904 3840
f 3904 3889 3840
f 3840 3889 3838
f 3838 3889 3849
f 3889 3886 3849
f 3869 3881 3908
f 3881 3869 3882
f 3869 3885 3882
f 3882 3885 3883
f 3913 3918 3917
f 3917 3915 3913
f 3915 3914 3913
f 3859 3858 3857
f 3858 3856 3857
f 3856 3855 3857
f 3855 3854 3857
f 3857 3854 3853
f 3854 3794 3853
f 3853 3794 3852
f 3794 3842 3852
f 3852 3842 3851
f 3842 3845 3851
f 3851 3845 3850
f 3850 3845 3849
f 3845 3841 3849
f 3841 3838 3849
f 3840 3837 3848
f 3848 3837 3847
f 3837 3839 3847
f 3847 3839 3867
f 3839 3843 3867
f 3843 3846 3867
f 3846 3844 3867
f 3867 3844 3866
f 3864 3866 3790
f 3790 3866 3844
f 3790 3865 3864
f 3864 3865 3863
f 3865 3862 3863
f 3862 3860 3863
f 3863 3860 3861
f 3861 3860 3875
f 3861 3875 3874
f 3874 3875 3873
f 3875 3872 3873
f 3872 3871 3873
f 3871 3870 3873
f 3870 3868 3873
f 3873 3868 3869
f 3890 3888 3889
f 3888 3887 3889
f 3889 3887 3886
f 3887 3858 3886
f 3886 3858 3859
f 3881 3879 3909
f 3881 3909 3908
f 3908 3909 3907
f 3907 3906 3905
f 3905 3906 3904
f 3906 3903 3904
f 3903 3902 3904
f 3935 3800 3934
f 3800 3809 3934
f 3912 3802 3937
f 3934 3809 3801
f 3912 3916 3802
f 3935 3936 3800
f 3936 3937 3800
f 3800 3937 3802
f 3798 3797 3899
f 3797 3810 3899
f 3810 3897 3899
f 3798 3932 3799
f 3799 3932 3933
f 3938 3932 3798
f 3899 3900 3798
f 3798 3900 3938
f 3916 3803 3808
f 3803 3804 3808
f 3933 3801 3809
f 3797 3798 3830
f 3830 3798 3799
f 3796 3795 3811
f 3811 3795 3810
f 3795 3897 3810
f 3812 3796 3811
f 3793 3794 3813
f 3813 3794 3812
f 3812 3794 3854
f 3815 3792 3814
f 3791 3790 3816
f 3816 3790 3815
f 3790 3844 3815
f 3815 3844 3792
f 3787 3788 3831
f 3804 3805 3808
f 3808 3805 3786
f 3786 3785 3787
f 3785 3784 3787
f 3787 3784 3789
f 3820 3821 3262
f 3824 3268 3823
f 3274 3806 3270
f 3819 3818 3825
f 3808 3827 3916
f 3827 3802 3916
f 3271 3828 3826
f 3826 3828 3827
f 3828 3829 3827
f 3827 3829 3802
f 3829 3800 3802
f 3829 3809 3800
f 3271 3267 3828
f 3828 3830 3829
f 3829 3830 3809
f 3809 3830 3933
f 3830 3799 3933
f 3270 3806 3273
f 3273 3806 3825
f 3825 3806 3819
f 3806 3787 3819
f 3819 3787 3818
f 3787 3831 3818
f 3818 3831 3817
f 3831 3832 3817
f 3274 3271 3806
f 3271 3826 3806
f 3826 3827 3806
f 3827 3808 3806
f 3808 3786 3806
f 3806 3786 3787
f 3831 3816 3832
f 3266 3817 3261
f 3817 3832 3261
f 3832 3816 3261
f 3261 3816 3815
f 3815 3814 3833
f 3814 3813 3833
f 3265 3268 3824
f 3824 3823 3834
f 3823 3272 3834
f 3272 3822 3834
f 3834 3822 3835
f 3836 3264 3807
f 3807 3264 3269
f 3261 3815 3259
f 3259 3815 3263
f 3263 3815 3260
f 3815 3833 3260
f 3260 3833 3820
f 3833 3813 3820
f 3820 3813 3821
f 3267 3265 3828
f 3828 3265 3830
f 3265 3824 3830
f 3824 3834 3830
f 3830 3834 3797
f 3797 3834 3810
f 3810 3834 3811
f 3834 3835 3811
f 3811 3835 3812
f 3835 3836 3812
f 3812 3836 3813
f 3836 3807 3813
f 3813 3807 3821
f 3821 3807 3262
f 3807 3269 3262
f 3804 3911 3805
f 3805 3911 3786
f 3911 3902 3786
f 3785 3880 3784
f 3784 3880 3884
f 3784 3884 3789
f 3803 3910 3804
f 3902 3903 3786
f 3903 3906 3786
f 3906 3907 3786
f 3786 3907 3909
f 3909 3879 3786
f 3786 3879 3785
f 3785 3879 3880
f 3890 3892 3796
f 3892 3891 3796
f 3796 3891 3795
f 3854 3855 3812
f 3855 3856 3812
f 3856 3858 3812
f 3812 3858 3796
f 3796 3858 3887
f 3887 3888 3796
f 3888 3890 3796
f 3875 3860 3831
f 3787 3789 3876
f 3787 3877 3788
f 3877 3878 3788
f 3788 3878 3831
f 3831 3860 3816
f 3860 3862 3816
f 3816 3862 3791
f 3862 3865 3791
f 3865 3790 3791
f 3876 3877 3787
f 3878 3868 3831
f 3868 3870 3831
f 3831 3870 3871
f 3871 3872 3831
f 3872 3875 3831
f 3814 3845 3813
f 3813 3845 3793
f 3793 3845 3842
f 3844 3846 3792
f 3846 3843 3792
f 3843 3839 3792
f 3842 3794 3793
f 3840 3838 3814
f 3838 3841 3814
f 3814 3841 3845
f 3839 3837 3792
f 3792 3837 3814
f 3837 3840 3814
f 3929 3900 3901
f 3900 3899 3901
f 3901 3899 3898
f 3899 3897 3898
f 3898 3897 3896
f 3896 3897 3895
f 3897 3795 3895
f 3795 3891 3895
f 3895 3891 3894
f 3894 3891 3893
f 3891 3892 3893
f 3893 3892 3889
f 3892 3890 3889
f 3925 3932 3938
f 3925 3938 3931
f 3931 3938 3930
f 3930 3938 3929
f 3938 3900 3929
f 3936 3935 3919
f 3919 3935 3924
f 3935 3934 3924
f 3924 3934 3922
f 3922 3934 3923
f 3934 3801 3923
f 3801 3933 3923
f 3923 3933 3920
f 3920 3933 3921
f 3921 3933 3926
f 3933 3932 3926
f 3926 3932 3925
f 3913 3937 3928
f 3937 3936 3928
f 3928 3936 3927
f 3927 3936 3919
f 3904 3902 3918
f 3902 3911 3918
f 3918 3911 3917
f 3911 3804 3917
f 3804 3910 3917
f 3910 3803 3917
f 3917 3803 3915
f 3803 3916 3915
f 3915 3916 3914
f 3916 3912 3914
f 3914 3912 3913
f 3912 3937 3913
f 3868 3878 3869
f 3878 3877 3869
f 3869 3877 3885
f 3877 3876 3885
f 3884 3883 3789
f 3883 3885 3789
f 3789 3885 3876
f 3883 3884 3882
f 3884 3880 3882
f 3882 3880 3881
f 3880 3879 3881
f 3725 3751 3752
f 3752 3751 3749
f 3751 3750 3749
f 3750 3748 3749
f 3749 3748 3763
f 3739 3741 3738
f 3741 3735 3738
f 3738 3735 3737
f 3737 3735 3736
f 3736 3735 3734
f 3735 3707 3734
f 3709 3722 3721
f 3722 3719 3721
f 3721 3719 3720
f 3720 3719 3718
f 3719 3717 3718
f 3718 3717 3733
f 3716 3696 3715
f 3696 3699 3715
f 3715 3699 3714
f 3699 3697 3714
f 3697 3695 3714
f 3714 3695 3713
f 3645 3712 3643
f 3712 3713 3643
f 3643 3713 3695
f 3645 3644 3712
f 3712 3644 3711
f 3711 3644 3710
f 3644 3646 3710
f 3710 3646 3721
f 3646 3709 3721
f 3703 3700 3702
f 3700 3692 3702
f 3692 3694 3701
f 3701 3694 3716
f 3694 3696 3716
f 3734 3707 3708
f 3707 3706 3708
f 3708 3706 3705
f 3706 3648 3705
f 3693 3705 3648
f 3705 3693 3704
f 3693 3698 3704
f 3698 3700 3704
f 3704 3700 3703
f 3702 3734 3703
f 3739 3738 3781
f 3718 3733 3725
f 3725 3733 3726
f 3738 3737 3781
f 3737 3736 3781
f 3781 3736 3702
f 3702 3736 3734
f 3767 3766 3770
f 3768 3778 3702
f 3728 3726 3732
f 3781 3742 3739
f 3734 3708 3703
f 3708 3705 3703
f 3755 3720 3718
f 3771 3772 3778
f 3772 3769 3778
f 3778 3769 3702
f 3769 3782 3702
f 3702 3782 3781
f 3725 3752 3718
f 3718 3752 3755
f 3752 3749 3755
f 3749 3763 3755
f 3755 3763 3756
f 3778 3770 3771
f 3771 3770 3766
f 3705 3704 3703
f 3763 3762 3756
f 3756 3762 3761
f 3761 3760 3756
f 3760 3758 3756
f 3756 3758 3757
f 3742 3781 3743
f 3781 3747 3743
f 3747 3744 3743
f 3716 3721 3701
f 3701 3721 3755
f 3721 3720 3755
f 3726 3733 3732
f 3767 3765 3766
f 3766 3765 3764
f 3702 3692 3768
f 3768 3692 3779
f 3779 3692 3780
f 3692 3701 3780
f 3780 3701 3755
f 3728 3732 3729
f 3732 3731 3729
f 3716 3715 3721
f 3721 3715 3710
f 3715 3714 3710
f 3710 3714 3711
f 3714 3713 3711
f 3713 3712 3711
f 3614 3510 3516
f 3509 3508 3516
f 3514 3504 3517
f 3517 3504 3503
f 3502 3595 3518
f 3595 3501 3518
f 3518 3501 3514
f 3519 3500 3518
f 3518 3500 3502
f 3499 3556 3520
f 3556 3497 3520
f 3520 3497 3519
f 3521 3543 3520
f 3543 3498 3520
f 3520 3498 3499
f 3495 3496 3523
f 3523 3496 3522
f 3491 3492 3523
f 3492 3494 3523
f 3494 3493 3523
f 3523 3493 3495
f 3524 3489 3491
f 3510 3511 3516
f 3516 3511 3525
f 3525 3488 3524
f 3488 3490 3524
f 3524 3490 3489
f 3293 3513 3296
f 3534 3307 3527
f 3302 3512 3298
f 3299 3513 3297
f 3516 3508 3614
f 3532 3515 3516
f 3516 3515 3509
f 3515 3505 3509
f 3532 3506 3515
f 3515 3506 3505
f 3506 3507 3505
f 3304 3306 3531
f 3306 3533 3531
f 3531 3533 3532
f 3533 3534 3532
f 3532 3534 3506
f 3534 3517 3506
f 3506 3517 3629
f 3517 3503 3629
f 3512 3535 3303
f 3303 3535 3528
f 3528 3535 3529
f 3529 3535 3305
f 3305 3535 3530
f 3535 3523 3530
f 3302 3304 3512
f 3304 3531 3512
f 3531 3532 3512
f 3512 3532 3535
f 3532 3516 3535
f 3516 3525 3535
f 3525 3524 3535
f 3524 3491 3535
f 3535 3491 3523
f 3292 3530 3301
f 3530 3523 3301
f 3301 3523 3294
f 3294 3523 3536
f 3523 3522 3536
f 3522 3521 3537
f 3521 3520 3537
f 3306 3307 3534
f 3534 3527 3517
f 3517 3527 3514
f 3527 3308 3514
f 3514 3308 3518
f 3308 3526 3518
f 3518 3526 3538
f 3539 3296 3513
f 3294 3536 3295
f 3295 3536 3300
f 3536 3522 3300
f 3300 3522 3299
f 3522 3537 3299
f 3299 3537 3513
f 3533 3306 3534
f 3518 3538 3519
f 3519 3538 3520
f 3538 3539 3520
f 3520 3539 3537
f 3539 3513 3537
f 3513 3293 3297
f 3595 3597 3501
f 3626 3628 3504
f 3504 3628 3503
f 3597 3634 3501
f 3501 3634 3514
f 3626 3504 3627
f 3504 3514 3627
f 3628 3629 3503
f 3514 3634 3635
f 3635 3636 3514
f 3636 3637 3514
f 3514 3637 3627
f 3630 3506 3629
f 3630 3631 3506
f 3506 3631 3507
f 3507 3631 3505
f 3505 3631 3632
f 3607 3609 3509
f 3509 3609 3508
f 3609 3614 3508
f 3607 3509 3633
f 3509 3505 3633
f 3632 3633 3505
f 3510 3606 3511
f 3606 3600 3511
f 3488 3525 3578
f 3578 3525 3576
f 3525 3511 3576
f 3578 3580 3488
f 3580 3490 3488
f 3600 3603 3511
f 3603 3604 3511
f 3604 3605 3511
f 3511 3605 3576
f 3588 3590 3519
f 3590 3589 3519
f 3519 3589 3500
f 3498 3555 3499
f 3499 3555 3556
f 3556 3557 3497
f 3557 3559 3497
f 3559 3586 3497
f 3497 3586 3519
f 3586 3588 3519
f 3561 3564 3492
f 3492 3564 3494
f 3489 3575 3491
f 3575 3570 3491
f 3491 3570 3492
f 3564 3493 3494
f 3573 3574 3492
f 3574 3562 3492
f 3492 3562 3561
f 3570 3572 3492
f 3572 3573 3492
f 3545 3495 3493
f 3495 3545 3496
f 3545 3540 3496
f 3522 3544 3521
f 3521 3544 3543
f 3541 3542 3496
f 3496 3542 3522
f 3522 3542 3544
f 3540 3541 3496
f 3599 3634 3598
f 3598 3634 3596
f 3634 3597 3596
f 3597 3595 3596
f 3596 3595 3594
f 3500 3593 3502
f 3593 3594 3502
f 3502 3594 3595
f 3500 3589 3593
f 3593 3589 3592
f 3592 3589 3591
f 3589 3590 3591
f 3636 3635 3623
f 3635 3634 3623
f 3623 3634 3599
f 3632 3631 3621
f 3621 3631 3619
f 3631 3630 3619
f 3629 3619 3630
f 3629 3628 3619
f 3619 3628 3617
f 3617 3628 3618
f 3628 3626 3618
f 3618 3626 3620
f 3626 3627 3620
f 3608 3607 3624
f 3607 3633 3624
f 3624 3633 3625
f 3633 3632 3625
f 3625 3632 3622
f 3622 3632 3621
f 3601 3600 3616
f 3616 3600 3615
f 3600 3606 3615
f 3606 3510 3615
f 3510 3614 3615
f 3615 3614 3613
f 3614 3609 3613
f 3613 3609 3612
f 3612 3609 3611
f 3611 3609 3610
f 3610 3609 3608
f 3609 3607 3608
f 3584 3570 3583
f 3583 3570 3582
f 3570 3575 3582
f 3582 3575 3581
f 3575 3489 3581
f 3489 3490 3581
f 3581 3490 3579
f 3490 3580 3579
f 3580 3578 3579
f 3579 3578 3577
f 3578 3576 3577
f 3577 3576 3605
f 3604 3603 3602
f 3602 3603 3601
f 3603 3600 3601
f 3591 3590 3588
f 3591 3588 3587
f 3587 3588 3585
f 3588 3586 3585
f 3586 3559 3585
f 3585 3559 3560
f 3574 3573 3562
f 3562 3573 3571
f 3573 3572 3571
f 3572 3570 3571
f 3571 3570 3569
f 3569 3570 3584
f 3568 3540 3567
f 3540 3545 3567
f 3545 3493 3567
f 3567 3493 3566
f 3493 3564 3566
f 3566 3564 3565
f 3565 3564 3563
f 3564 3561 3563
f 3561 3562 3563
f 3550 3542 3549
f 3549 3542 3548
f 3542 3541 3548
f 3548 3541 3547
f 3547 3541 3546
f 3541 3540 3546
f 3546 3540 3568
f 3559 3557 3560
f 3560 3557 3558
f 3557 3556 3558
f 3558 3556 3554
f 3556 3555 3554
f 3555 3498 3554
f 3554 3498 3553
f 3553 3498 3552
f 3498 3543 3552
f 3552 3543 3551
f 3543 3544 3551
f 3551 3544 3550
f 3544 3542 3550
f 3591 3587 3599
f 3587 3585 3599
f 3599 3585 3549
f 3548 3547 3623
f 3562 3571 3546
f 3571 3569 3577
f 3569 3584 3577
f 3585 3560 3549
f 3549 3560 3550
f 3602 3601 3547
f 3547 3601 3625
f 3625 3601 3624
f 3591 3599 3598
f 3548 3623 3549
f 3549 3623 3599
f 3571 3577 3546
f 3577 3605 3546
f 3546 3605 3547
f 3605 3604 3547
f 3547 3604 3602
f 3568 3563 3546
f 3563 3562 3546
f 3584 3583 3577
f 3577 3583 3582
f 3582 3581 3577
f 3577 3581 3579
f 3598 3596 3591
f 3552 3551 3560
f 3608 3624 3601
f 3627 3637 3625
f 3625 3637 3547
f 3637 3636 3547
f 3547 3636 3623
f 3596 3594 3591
f 3594 3593 3591
f 3591 3593 3592
f 3560 3551 3550
f 3568 3567 3563
f 3558 3554 3560
f 3554 3553 3560
f 3560 3553 3552
f 3567 3566 3563
f 3563 3566 3565
f 3615 3601 3616
f 3615 3613 3601
f 3613 3612 3601
f 3601 3612 3611
f 3611 3610 3601
f 3610 3608 3601
f 3621 3619 3620
f 3620 3619 3618
f 3625 3622 3627
f 3622 3621 3627
f 3627 3621 3620
f 3619 3617 3618
f 3462 3347 3348
f 3345 3478 3344
f 3371 3343 3342
f 3341 3343 3371
f 3341 3371 3340
f 3371 3351 3340
f 3340 3351 3439
f 3352 3339 3351
f 3351 3339 3439
f 3337 3338 3353
f 3353 3338 3352
f 3334 3380 3354
f 3354 3380 3353
f 3380 3336 3353
f 3353 3336 3337
f 3356 3333 3355
f 3333 3335 3355
f 3331 3330 3357
f 3357 3330 3356
f 3330 3382 3356
f 3356 3382 3333
f 3327 3329 3357
f 3329 3332 3357
f 3327 3358 3326
f 3359 3325 3358
f 3325 3328 3358
f 3358 3328 3326
f 3362 3317 3361
f 3365 3366 3312
f 3368 3350 3348
f 3348 3350 3462
f 3350 3346 3462
f 3368 3369 3350
f 3350 3369 3344
f 3368 3345 3369
f 3369 3345 3344
f 3320 3316 3367
f 3316 3370 3367
f 3367 3370 3368
f 3370 3371 3368
f 3368 3371 3345
f 3345 3371 3476
f 3371 3342 3476
f 3319 3372 3322
f 3322 3372 3363
f 3363 3372 3364
f 3364 3372 3324
f 3324 3372 3240
f 3372 3373 3240
f 3323 3320 3319
f 3320 3367 3319
f 3367 3368 3319
f 3319 3368 3372
f 3368 3348 3372
f 3348 3359 3372
f 3359 3358 3372
f 3358 3327 3372
f 3372 3327 3373
f 3327 3357 3373
f 3318 3240 3313
f 3240 3373 3313
f 3373 3357 3313
f 3313 3357 3356
f 3356 3355 3374
f 3355 3354 3374
f 3316 3317 3362
f 3362 3361 3375
f 3375 3361 3351
f 3361 3321 3351
f 3321 3360 3351
f 3351 3360 3376
f 3377 3311 3349
f 3349 3311 3315
f 3313 3356 3310
f 3310 3356 3314
f 3314 3356 3309
f 3356 3374 3309
f 3309 3374 3365
f 3374 3354 3365
f 3365 3354 3366
f 3370 3316 3371
f 3316 3362 3371
f 3362 3375 3371
f 3375 3351 3371
f 3351 3376 3352
f 3352 3376 3353
f 3376 3377 3353
f 3353 3377 3354
f 3377 3349 3354
f 3354 3349 3366
f 3366 3349 3312
f 3349 3315 3312
f 3340 3440 3341
f 3440 3442 3341
f 3442 3443 3341
f 3341 3443 3444
f 3343 3474 3342
f 3342 3474 3476
f 3439 3440 3340
f 3487 3475 3341
f 3341 3475 3343
f 3343 3475 3474
f 3444 3485 3341
f 3485 3486 3341
f 3341 3486 3487
f 3479 3344 3478
f 3345 3476 3477
f 3344 3457 3350
f 3350 3457 3346
f 3346 3457 3461
f 3345 3477 3478
f 3461 3462 3346
f 3481 3482 3344
f 3483 3484 3344
f 3484 3456 3344
f 3456 3455 3344
f 3344 3455 3457
f 3479 3480 3344
f 3344 3480 3481
f 3482 3483 3344
f 3325 3359 3418
f 3418 3359 3416
f 3454 3348 3453
f 3348 3347 3453
f 3418 3421 3325
f 3421 3422 3325
f 3325 3422 3328
f 3454 3447 3348
f 3348 3447 3359
f 3359 3447 3449
f 3449 3451 3359
f 3451 3452 3359
f 3359 3452 3416
f 3337 3395 3338
f 3395 3396 3338
f 3396 3397 3338
f 3434 3433 3352
f 3352 3433 3339
f 3336 3395 3337
f 3429 3432 3352
f 3397 3426 3338
f 3426 3427 3338
f 3338 3427 3352
f 3427 3429 3352
f 3432 3434 3352
f 3326 3415 3327
f 3327 3415 3329
f 3326 3328 3413
f 3326 3413 3415
f 3329 3400 3332
f 3332 3400 3357
f 3400 3403 3357
f 3357 3403 3331
f 3403 3330 3331
f 3329 3411 3400
f 3407 3408 3329
f 3408 3410 3329
f 3329 3410 3411
f 3415 3414 3329
f 3414 3406 3329
f 3329 3406 3407
f 3384 3383 3355
f 3381 3333 3385
f 3333 3382 3385
f 3355 3383 3354
f 3354 3383 3334
f 3334 3383 3380
f 3381 3378 3333
f 3333 3378 3335
f 3378 3387 3335
f 3335 3387 3379
f 3335 3379 3355
f 3379 3384 3355
f 3444 3443 3445
f 3443 3442 3445
f 3442 3440 3445
f 3445 3440 3441
f 3441 3440 3438
f 3339 3437 3439
f 3437 3438 3439
f 3438 3440 3439
f 3339 3433 3437
f 3437 3433 3436
f 3433 3434 3436
f 3436 3434 3435
f 3434 3432 3435
f 3475 3487 3467
f 3467 3487 3473
f 3487 3486 3473
f 3486 3485 3473
f 3485 3444 3473
f 3473 3444 3445
f 3466 3480 3470
f 3480 3479 3470
f 3470 3479 3469
f 3479 3478 3469
f 3478 3477 3469
f 3469 3477 3471
f 3477 3476 3471
f 3471 3476 3472
f 3472 3476 3468
f 3476 3474 3468
f 3468 3474 3467
f 3474 3475 3467
f 3458 3456 3484
f 3484 3483 3458
f 3458 3483 3465
f 3483 3482 3465
f 3482 3481 3431
f 3481 3480 3431
f 3431 3480 3466
f 3446 3447 3464
f 3447 3454 3464
f 3454 3453 3464
f 3464 3453 3463
f 3453 3347 3463
f 3460 3463 3462
f 3463 3347 3462
f 3462 3461 3460
f 3460 3461 3459
f 3461 3457 3459
f 3459 3457 3458
f 3457 3455 3458
f 3455 3456 3458
f 3409 3406 3425
f 3406 3414 3425
f 3414 3415 3425
f 3425 3415 3424
f 3415 3413 3424
f 3424 3413 3423
f 3413 3328 3423
f 3423 3328 3420
f 3328 3422 3420
f 3422 3421 3420
f 3420 3421 3419
f 3421 3418 3419
f 3419 3418 3417
f 3418 3416 3417
f 3417 3416 3452
f 3452 3451 3450
f 3451 3449 3450
f 3450 3449 3448
f 3449 3447 3448
f 3448 3447 3446
f 3435 3432 3431
f 3431 3432 3430
f 3432 3429 3430
f 3430 3429 3428
f 3429 3427 3428
f 3427 3426 3428
f 3426 3397 3428
f 2189 2191 2204
f 2191 2194 2204
f 2194 2113 2204
f 2204 2113 2203
f 2203 2113 2202
f 2113 2195 2202
f 2202 2195 2201
f 2195 2200 2201
f 2201 2200 2198
f 2200 2199 2198
f 2199 2196 2198
f 2196 2197 2198
f 2183 2168 2182
f 2168 2169 2182
f 2182 2169 2181
f 2169 2118 2181
f 2118 2178 2181
f 2181 2178 2180
f 2180 2178 2179
f 2178 2176 2179
f 2176 2177 2179
f 2175 2165 2164
f 2175 2164 2174
f 2174 2164 2173
f 2173 2164 2172
f 2172 2164 2171
f 2164 2163 2171
f 2171 2163 2170
f 2163 2168 2170
f 2170 2168 2183
f 2179 2177 2170
f 2177 2192 2170
f 2170 2192 2191
f 2247 2171 2252
f 2174 2173 2247
f 2173 2172 2247
f 2247 2172 2171
f 2191 2190 2198
f 2174 2247 2175
f 2247 2188 2175
f 2222 2171 2223
f 2223 2171 2224
f 2171 2170 2224
f 2208 2207 2170
f 2170 2207 2224
f 2207 2206 2224
f 2224 2206 2225
f 2206 2205 2225
f 2222 2246 2171
f 2171 2246 2244
f 2191 2198 2170
f 2198 2197 2170
f 2170 2197 2208
f 2252 2171 2253
f 2171 2244 2253
f 2253 2244 2245
f 2175 2188 2184
f 2184 2188 2185
f 2170 2183 2179
f 2190 2189 2198
f 2189 2204 2198
f 2240 2241 2242
f 2202 2198 2203
f 2198 2204 2203
f 2215 2213 2205
f 2181 2180 2182
f 2182 2180 2183
f 2183 2180 2179
f 2202 2201 2198
f 2213 2212 2205
f 2205 2212 2225
f 2219 2218 2205
f 2218 2217 2205
f 2217 2216 2205
f 2216 2215 2205
f 2222 2220 2246
f 2246 2220 2251
f 2220 2237 2251
f 2251 2237 2228
f 2244 2243 2245
f 2245 2243 2241
f 2243 2242 2241
f 2233 2232 2236
f 2237 2236 2228
f 2228 2236 2230
f 2236 2232 2230
f 2242 2239 2240
f 2242 2238 2239
f 2343 2397 2272
f 2320 2342 2273
f 2273 2342 2272
f 2342 2343 2272
f 2400 2401 2276
f 2276 2401 2275
f 2275 2401 2402
f 2275 2402 2274
f 2400 2276 2410
f 2410 2276 2409
f 2397 2408 2272
f 2272 2408 2276
f 2408 2409 2276
f 2387 2280 2282
f 2277 2404 2278
f 2404 2405 2278
f 2288 2384 2287
f 2396 2407 2285
f 2274 2403 2277
f 2384 2387 2287
f 2287 2387 2282
f 2279 2285 2407
f 2279 2407 2288
f 2407 2382 2288
f 2288 2382 2384
f 2278 2405 2285
f 2405 2406 2285
f 2285 2406 2396
f 2281 2381 2283
f 2280 2381 2281
f 2380 2366 2255
f 2255 2366 2256
f 2366 2369 2256
f 2381 2375 2283
f 2283 2375 2255
f 2255 2375 2377
f 2377 2378 2255
f 2378 2380 2255
f 2371 2364 2258
f 2261 2353 2293
f 2293 2353 2260
f 2260 2353 2356
f 2364 2365 2258
f 2365 2363 2257
f 2257 2363 2358
f 2260 2356 2259
f 2361 2351 2261
f 2261 2351 2353
f 2358 2360 2257
f 2257 2360 2261
f 2261 2360 2361
f 2333 2267 2266
f 2263 2292 2348
f 2328 2327 2264
f 2264 2327 2265
f 2265 2333 2266
f 2349 2350 2262
f 2262 2350 2292
f 2292 2350 2348
f 2348 2344 2263
f 2344 2345 2263
f 2263 2345 2346
f 2346 2347 2263
f 2263 2347 2264
f 2347 2328 2264
f 2322 2268 2318
f 2268 2316 2318
f 2271 2291 2321
f 2291 2269 2321
f 2321 2269 2337
f 2321 2319 2271
f 2319 2320 2271
f 2270 2268 2314
f 2314 2268 2315
f 2268 2322 2315
f 2270 2314 2269
f 2314 2317 2269
f 2269 2317 2337
f 2397 2343 2341
f 2343 2342 2341
f 2342 2320 2341
f 2341 2320 2340
f 2340 2320 2339
f 2320 2319 2339
f 2319 2321 2339
f 2339 2321 2338
f 2338 2321 2337
f 2400 2410 2398
f 2410 2409 2398
f 2398 2409 2399
f 2409 2408 2399
f 2408 2397 2399
f 2383 2382 2407
f 2383 2407 2396
f 2406 2405 2394
f 2367 2366 2380
f 2380 2378 2379
f 2377 2375 2376
f 2376 2375 2390
f 2374 2363 2373
f 2363 2365 2373
f 2365 2364 2373
f 2373 2364 2372
f 2370 2372 2371
f 2371 2372 2364
f 2371 2369 2370
f 2370 2369 2368
f 2369 2366 2368
f 2368 2366 2367
f 2352 2351 2362
f 2351 2361 2362
f 2361 2360 2359
f 2360 2358 2359
f 2359 2358 2374
f 2358 2363 2374
f 2348 2350 2357
f 2357 2350 2355
f 2350 2349 2355
f 2356 2355 2259
f 2259 2355 2349
f 2355 2356 2354
f 2356 2353 2354
f 2353 2351 2354
f 2354 2351 2352
f 2336 2322 2335
f 2335 2322 2334
f 2322 2318 2334
f 2318 2316 2334
f 2334 2316 2332
f 2333 2332 2267
f 2267 2332 2316
f 2332 2333 2331
f 2333 2265 2331
f 2331 2265 2330
f 2265 2327 2330
f 2330 2327 2329
f 2327 2328 2329
f 2326 2337 2317
f 2317 2314 2325
f 2325 2314 2324
f 2324 2314 2323
f 2314 2315 2323
f 2315 2322 2336
f 2337 2326 2397
f 2323 2315 2328
f 2315 2336 2328
f 2398 2399 2406
f 2406 2399 2326
f 2326 2399 2397
f 2330 2329 2336
f 2336 2329 2328
f 2376 2396 2377
f 2376 2383 2396
f 2362 2361 2344
f 2361 2359 2344
f 2339 2338 2397
f 2338 2337 2397
f 2326 2317 2406
f 2317 2325 2406
f 2406 2325 2324
f 2379 2378 2344
f 2378 2377 2344
f 2344 2377 2345
f 2377 2396 2345
f 2345 2396 2346
f 2379 2344 2380
f 2380 2344 2367
f 2344 2359 2367
f 2406 2394 2398
f 2341 2340 2397
f 2340 2339 2397
f 2396 2406 2346
f 2346 2406 2347
f 2406 2324 2347
f 2347 2324 2328
f 2328 2324 2323
f 2394 2395 2398
f 2395 2392 2398
f 2398 2392 2393
f 2334 2336 2335
f 2334 2332 2336
f 2332 2331 2336
f 2336 2331 2330
f 2362 2344 2352
f 2344 2357 2352
f 2352 2357 2355
f 2359 2374 2367
f 2367 2374 2368
f 2368 2374 2373
f 2352 2355 2354
f 2392 2391 2393
f 2376 2390 2383
f 2390 2385 2383
f 2368 2373 2372
f 2370 2368 2372
f 2386 2389 2388
f 2386 2385 2389
f 2389 2385 2390
f 239 134 247
f 134 69 247
f 69 68 247
f 68 92 247
f 247 92 246
f 246 92 245
f 245 92 244
f 92 71 244
f 71 70 244
f 70 83 244
f 244 83 248
f 83 58 248
f 58 52 248
f 52 85 248
f 248 85 94
f 94 105 243
f 105 100 243
f 100 137 243
f 243 137 242
f 242 137 241
f 240 134 239
f 47 143 142
f 47 142 202
f 401 402 400
f 411 413 412
f 152 97 151
f 150 151 86
f 151 84 86
f 149 86 148
f 86 60 148
f 148 60 147
f 147 60 146
f 60 76 146
f 146 76 145
f 145 76 144
f 48 56 160
f 160 56 159
f 159 56 439
f 439 56 158
f 56 49 158
f 49 57 158
f 158 57 157
f 157 57 156
f 156 57 344
f 344 57 155
f 57 59 155
f 59 55 155
f 155 55 154
f 154 55 153
f 347 106 63
f 347 63 163
f 163 63 162
f 63 62 162
f 162 62 161
f 62 64 161
f 161 64 384
f 97 152 168
f 97 168 77
f 168 167 77
f 167 166 77
f 166 165 77
f 77 165 50
f 50 165 54
f 165 164 54
f 54 164 96
f 72 82 171
f 171 82 170
f 170 82 169
f 174 66 78
f 174 78 173
f 173 78 172
f 172 78 371
f 176 101 175
f 175 102 186
f 178 132 125
f 125 124 178
f 177 124 141
f 181 109 180
f 180 109 179
f 109 101 179
f 179 101 176
f 169 82 67
f 169 67 185
f 67 120 185
f 185 120 129
f 129 65 184
f 184 65 183
f 65 66 183
f 178 346 132
f 132 346 123
f 103 221 104
f 221 186 104
f 102 104 186
f 171 187 99
f 99 187 74
f 188 387 98
f 387 371 98
f 98 371 78
f 153 55 194
f 55 44 194
f 194 44 193
f 193 44 192
f 44 45 192
f 192 45 191
f 191 45 190
f 190 45 189
f 45 73 189
f 199 198 80
f 80 198 91
f 198 197 91
f 197 196 91
f 91 196 90
f 196 195 90
f 90 195 79
f 202 201 93
f 201 200 93
f 93 200 53
f 53 200 61
f 200 144 61
f 61 144 76
f 143 47 205
f 47 46 205
f 205 46 204
f 46 51 204
f 204 51 203
f 51 48 203
f 203 48 160
f 128 112 210
f 210 112 209
f 209 112 208
f 112 127 208
f 127 118 208
f 208 118 207
f 207 118 206
f 136 214 113
f 214 213 113
f 113 213 107
f 213 212 107
f 107 212 108
f 212 211 108
f 108 211 119
f 199 80 219
f 80 89 219
f 219 89 376
f 376 89 519
f 519 89 218
f 89 88 218
f 218 88 217
f 88 114 217
f 217 114 216
f 114 119 216
f 216 119 215
f 215 119 211
f 206 118 367
f 367 118 366
f 118 117 366
f 366 117 348
f 117 126 348
f 348 126 220
f 126 110 220
f 220 110 364
f 364 110 347
f 110 106 347
f 426 420 274
f 420 426 425
f 423 415 422
f 415 428 422
f 428 420 422
f 422 420 421
f 421 420 427
f 420 425 427
f 418 410 408
f 408 410 417
f 400 399 407
f 399 398 407
f 407 398 416
f 398 430 416
f 416 430 429
f 429 414 416
f 414 415 416
f 416 415 424
f 415 423 424
f 409 419 408
f 408 419 418
f 411 410 413
f 411 412 410
f 412 417 410
f 406 402 407
f 402 401 407
f 407 401 400
f 420 431 274
f 274 431 408
f 431 320 408
f 408 320 409
f 406 405 402
f 402 405 404
f 404 303 402
f 303 403 402
f 425 426 427
f 421 427 422
f 427 275 422
f 422 275 423
f 424 423 416
f 423 277 416
f 399 430 398
f 430 310 429
f 429 310 414
f 414 310 415
f 415 304 428
f 428 304 420
f 304 315 420
f 420 315 431
f 249 268 250
f 268 260 250
f 268 249 267
f 249 257 267
f 267 257 266
f 257 252 266
f 252 254 261
f 254 255 261
f 261 255 264
f 255 258 264
f 264 258 271
f 259 271 258
f 271 259 270
f 259 256 270
f 270 256 265
f 265 256 269
f 256 251 269
f 269 251 262
f 251 253 262
f 262 253 263
f 253 250 263
f 263 250 260
f 164 223 96
f 223 222 96
f 222 221 96
f 96 221 95
f 187 225 75
f 75 225 73
f 225 224 73
f 79 195 226
f 195 227 226
f 87 226 98
f 226 188 98
f 128 228 136
f 228 214 136
f 123 229 116
f 116 229 111
f 229 384 111
f 111 384 64
f 221 103 95
f 237 121 133
f 237 133 236
f 133 131 236
f 236 131 235
f 187 75 74
f 346 229 123
f 354 222 223
f 383 202 393
f 202 142 393
f 393 142 392
f 142 143 392
f 392 143 321
f 197 198 195
f 324 162 161
f 224 380 73
f 73 380 189
f 189 380 190
f 190 380 191
f 150 356 151
f 151 356 152
f 223 164 354
f 383 352 202
f 352 341 202
f 202 341 201
f 342 351 200
f 351 144 200
f 351 373 144
f 373 145 144
f 145 374 146
f 146 374 147
f 147 374 148
f 374 353 148
f 148 353 149
f 353 375 149
f 149 375 86
f 375 379 86
f 379 442 86
f 86 442 150
f 330 368 128
f 128 368 377
f 195 196 197
f 339 195 219
f 219 195 199
f 195 198 199
f 342 200 341
f 200 201 341
f 349 366 348
f 526 348 340
f 340 348 365
f 348 220 365
f 365 220 580
f 580 220 364
f 376 339 219
f 339 337 195
f 337 338 195
f 195 338 227
f 334 322 160
f 156 438 157
f 157 438 158
f 438 333 158
f 158 333 439
f 159 345 160
f 345 334 160
f 154 358 155
f 358 359 155
f 155 359 344
f 358 154 357
f 154 153 357
f 357 153 380
f 153 194 380
f 356 343 152
f 152 343 164
f 343 355 164
f 164 355 354
f 338 583 227
f 227 583 226
f 583 500 226
f 226 500 188
f 500 501 188
f 501 387 188
f 387 372 371
f 172 371 173
f 371 370 173
f 370 369 173
f 173 369 174
f 369 390 174
f 174 390 66
f 390 389 66
f 66 389 183
f 389 388 183
f 183 388 184
f 388 391 184
f 184 391 129
f 391 381 129
f 129 381 185
f 381 378 185
f 185 378 169
f 378 511 169
f 169 511 170
f 170 511 171
f 511 332 171
f 332 350 171
f 171 350 187
f 350 382 187
f 382 396 187
f 187 396 225
f 225 396 224
f 396 397 224
f 367 331 206
f 206 331 207
f 330 208 331
f 331 208 207
f 128 210 330
f 210 209 330
f 330 209 208
f 377 433 128
f 433 386 128
f 128 386 228
f 386 329 228
f 228 329 214
f 329 323 214
f 519 218 363
f 218 217 362
f 362 217 361
f 361 217 336
f 217 216 336
f 216 215 336
f 336 215 312
f 215 211 312
f 194 193 380
f 193 192 380
f 380 192 191
f 167 168 164
f 168 152 164
f 347 163 324
f 324 163 162
f 480 204 322
f 204 203 322
f 322 203 160
f 205 321 143
f 321 205 480
f 205 204 480
f 164 165 167
f 165 166 167
f 323 308 214
f 213 309 212
f 309 213 308
f 213 214 308
f 312 211 309
f 309 211 212
f 177 293 283
f 293 177 292
f 177 141 292
f 177 283 289
f 283 282 289
f 278 427 426
f 292 141 298
f 141 182 298
f 298 182 295
f 182 181 295
f 295 181 296
f 181 180 296
f 296 180 297
f 180 179 297
f 297 179 294
f 179 176 294
f 294 176 291
f 176 175 291
f 291 175 493
f 175 186 493
f 493 186 286
f 286 186 285
f 278 426 459
f 354 395 222
f 395 394 222
f 222 394 221
f 394 284 221
f 284 276 221
f 276 285 221
f 221 285 186
f 277 423 287
f 287 423 273
f 423 275 273
f 427 278 275
f 161 384 324
f 324 384 385
f 384 229 360
f 360 229 346
f 346 178 290
f 290 178 279
f 279 178 280
f 178 124 280
f 124 177 280
f 177 289 280
f 282 283 281
f 283 273 281
f 281 273 278
f 273 275 278
f 426 274 459
f 459 274 272
f 272 274 335
f 274 408 335
f 408 417 335
f 335 417 325
f 417 412 325
f 325 412 473
f 412 413 473
f 473 413 472
f 472 413 328
f 413 410 328
f 328 410 327
f 410 418 327
f 327 418 326
f 418 419 326
f 419 409 326
f 326 409 470
f 470 409 320
f 320 431 316
f 431 315 316
f 316 315 450
f 315 304 450
f 450 304 305
f 304 415 305
f 305 415 306
f 415 310 306
f 306 310 311
f 310 430 311
f 311 430 301
f 430 399 301
f 301 399 302
f 302 399 307
f 307 399 319
f 399 400 319
f 319 400 318
f 318 400 317
f 400 402 317
f 317 402 314
f 314 402 313
f 402 403 313
f 313 403 303
f 303 404 300
f 404 405 300
f 300 405 299
f 405 406 299
f 299 406 464
f 406 407 464
f 464 407 288
f 407 416 288
f 288 416 287
f 416 277 287
f 3983 4157 4156
f 3983 4156 4155
f 4155 4154 3979
f 3979 4154 3981
f 3981 4154 4158
f 4159 3997 4158
f 3997 3981 4158
f 4159 4160 3997
f 4160 4161 3978
f 4164 3993 4163
f 4163 3993 4162
f 4162 3993 3978
f 4166 3988 3990
f 4166 3990 4165
f 4165 3990 4164
f 4167 3988 4166
f 4167 4168 3992
f 4168 4170 3992
f 3992 4170 3989
f 4170 4169 3989
f 3989 4169 4171
f 4172 3996 4171
f 3996 3989 4171
f 3998 3996 4172
f 3998 4173 3987
f 4173 4000 3987
f 4174 4000 4173
f 3999 4174 4176
f 4176 4175 3999
f 4175 3991 3999
f 3995 3991 4177
f 4183 3994 4177
f 3994 3995 4177
f 3980 3994 4183
f 4183 4182 3980
f 4182 4181 3980
f 3980 4181 3982
f 4181 4180 3982
f 3982 4180 3985
f 4180 4178 3985
f 3985 4178 3986
f 4178 4179 3986
f 3986 4179 3984
f 3983 3984 4157
f 3984 4179 4157
f 4760 4759 4757
f 4757 4759 4754
f 4759 4763 4754
f 4763 4764 4754
f 4764 4765 4756
f 4756 4754 4764
f 4758 4756 4765
f 4765 4762 4758
f 4762 4755 4758
f 4762 4761 4755
f 4185 4186 4111
f 4111 4186 4107
f 4186 4187 4106
f 4110 4184 4111
f 4111 4184 4185
f 4110 4115 4184
f 4184 4115 4188
f 4106 4187 4074
f 4187 4203 4074
f 4200 4003 4204
f 4204 4003 4203
f 4003 4076 4203
f 4203 4076 4074
f 4190 4001 4004
f 4190 4004 4200
f 4190 4199 4001
f 4199 4002 4001
f 4198 4008 4005
f 4202 4197 4005
f 4005 4197 4198
f 4005 4002 4202
f 4202 4002 4199
f 4007 4006 4189
f 4006 4008 4189
f 4007 4189 4116
f 4189 4201 4116
f 4116 4201 4194
f 4193 4119 4117
f 4193 4117 4196
f 4117 4118 4196
f 4196 4118 4195
f 4195 4118 4191
f 4191 4118 4192
f 4192 4118 4194
f 4119 4193 4114
f 4193 4188 4114
f 4114 4188 4115
f 4009 4128 4209
f 4209 4128 4208
f 4128 4017 4208
f 4206 4220 4205
f 4205 4220 4210
f 4209 4211 4009
f 4009 4211 4212
f 4216 4217 4015
f 4015 4014 4216
f 4216 4014 4215
f 4014 4012 4215
f 4215 4012 4214
f 4214 4012 4213
f 4213 4010 4013
f 4218 4219 4016
f 4217 4218 4016
f 4015 4217 4016
f 4686 4696 4689
f 4688 4695 4685
f 4685 4695 4684
f 4695 4697 4699
f 4690 4696 4686
f 4224 4021 4223
f 4223 4021 4221
f 4021 4222 4221
f 4225 4030 4032
f 4225 4032 4224
f 4032 4021 4224
f 4226 4027 4225
f 4027 4030 4225
f 4227 4028 4226
f 4028 4027 4226
f 4028 4227 4231
f 4028 4231 4022
f 4231 4230 4022
f 4022 4230 4033
f 4230 4228 4033
f 4033 4228 4039
f 4228 4229 4039
f 4039 4229 4048
f 4047 4048 4232
f 4048 4229 4232
f 4235 4038 4234
f 4038 4037 4234
f 4234 4037 4233
f 4037 4047 4233
f 4233 4047 4232
f 4046 4038 4235
f 4235 4236 4046
f 4046 4236 4042
f 4237 4041 4040
f 4237 4040 4236
f 4040 4042 4236
f 4239 4036 4238
f 4036 4041 4238
f 4238 4041 4237
f 4240 4024 4043
f 4043 4036 4239
f 4244 4242 4243
f 4242 4026 4241
f 4241 4026 4240
f 4222 4023 4246
f 4023 4025 4246
f 4246 4025 4245
f 4245 4025 4244
f 4782 4781 4774
f 4774 4781 4772
f 4781 4789 4772
f 4772 4789 4773
f 4773 4789 4784
f 4773 4784 4770
f 4784 4788 4770
f 4770 4788 4775
f 4788 4785 4775
f 4780 4775 4785
f 4785 4783 4780
f 4783 4787 4780
f 4780 4787 4779
f 4787 4786 4779
f 4778 4779 4786
f 4786 4782 4778
f 4778 4782 4774
f 4791 4790 4769
f 4769 4790 4776
f 4790 4792 4776
f 4776 4792 4766
f 4771 4767 4793
f 4793 4767 4792
f 4767 4766 4792
f 4793 4777 4771
f 4794 4777 4793
f 4777 4794 4768
f 4794 4791 4768
f 4791 4769 4768
f 4251 4019 4250
f 4019 4249 4250
f 4248 4051 4247
f 4247 4051 4252
f 4019 4251 4253
f 4253 4254 4031
f 4020 4254 4255
f 4044 4257 4049
f 4257 4258 4049
f 4049 4258 4050
f 4044 4045 4257
f 4045 4035 4257
f 4257 4035 4034
f 4259 4260 4053
f 4053 4260 4054
f 4054 4261 4052
f 4052 4261 4051
f 4259 4050 4258
f 4051 4261 4252
f 4702 4713 4712
f 4702 4712 4707
f 4706 4710 4701
f 4701 4710 4700
f 4710 4714 4716
f 4709 4717 4705
f 4703 4713 4702
f 3956 4279 3957
f 3958 3957 4279
f 3974 3958 4277
f 3958 4279 4277
f 4270 3973 4277
f 3973 3974 4277
f 3967 3973 4278
f 3973 4270 4278
f 4274 3961 4278
f 3961 3967 4278
f 3961 4274 3962
f 4274 4272 3962
f 4267 3969 4272
f 3969 3962 4272
f 3960 3969 4264
f 3969 4267 4264
f 3960 4264 4265
f 3960 4265 3966
f 4265 4269 3966
f 4269 4276 3966
f 3966 4276 3968
f 3968 4276 3972
f 3971 3972 4273
f 3972 4276 4273
f 4275 3970 4273
f 3970 3971 4273
f 3964 3970 4275
f 4275 4271 3964
f 4271 4268 3964
f 3964 4268 3963
f 4268 4266 3963
f 3963 4266 3959
f 4266 4263 3959
f 3959 4263 3955
f 3965 3955 4262
f 3955 4263 4262
f 4279 3956 4262
f 3956 3965 4262
f 3943 4283 4282
f 3943 4282 3939
f 4282 4281 3939
f 4281 4280 3939
f 3939 4280 3940
f 3940 4280 4143
f 4143 4280 4295
f 4294 3954 4295
f 3954 4143 4295
f 3946 3954 4290
f 3954 4294 4290
f 3946 4290 3951
f 4290 4286 3951
f 3951 4286 3953
f 4286 4285 3953
f 3953 4285 3950
f 3949 3950 4284
f 3950 4285 4284
f 4293 3948 4291
f 4291 3948 4288
f 3948 3949 4288
f 4288 3949 4284
f 4292 3952 4296
f 3952 3948 4296
f 3942 3952 3941
f 3952 4292 3941
f 3941 4289 3945
f 3945 4289 3947
f 4289 4287 3947
f 3947 4287 3944
f 3943 3944 4283
f 3944 4287 4283
f 4097 4096 4297
f 4299 4056 4298
f 4056 4097 4298
f 4299 4300 4055
f 4300 4301 4055
f 4055 4301 4094
f 4094 4301 4092
f 4301 4302 4092
f 4092 4302 4093
f 4302 4303 4093
f 4303 4304 4093
f 4093 4304 4090
f 4304 4305 4090
f 4091 4090 4306
f 4306 4090 4305
f 4091 4306 4060
f 4306 4307 4060
f 4060 4307 4059
f 4307 4308 4059
f 4059 4308 4058
f 4058 4308 4309
f 4310 4058 4309
f 4066 4065 4313
f 4313 4065 4312
f 4065 4062 4312
f 4312 4062 4311
f 4311 4062 4063
f 4316 4096 4095
f 4316 4095 4098
f 4314 4315 4132
f 4066 4314 4132
f 4096 4316 4297
f 4668 4681 4671
f 4674 4680 4673
f 4676 4683 4679
f 4683 4682 4678
f 4079 4083 4082
f 4082 4083 4317
f 4082 4326 4067
f 4067 4326 4320
f 4327 4077 4068
f 4327 4068 4319
f 4319 4068 4320
f 4329 4081 4078
f 4329 4078 4322
f 4078 4077 4322
f 4322 4077 4327
f 4324 4072 4087
f 4324 4087 4321
f 4321 4087 4081
f 4325 4080 4075
f 4325 4075 4330
f 4075 4072 4330
f 4330 4072 4324
f 4323 4071 4080
f 4323 4080 4325
f 4318 4317 4070
f 4318 4070 4328
f 4070 4071 4328
f 4328 4071 4323
f 4332 4102 4331
f 4102 4103 4331
f 4331 4103 4333
f 4336 4101 4345
f 4101 4100 4345
f 4345 4100 4337
f 4100 4099 4337
f 4337 4099 4102
f 4336 4335 4101
f 4101 4335 4085
f 4335 4342 4085
f 4085 4342 4086
f 4343 4084 4340
f 4340 4084 4341
f 4084 4086 4341
f 4341 4086 4342
f 4344 4069 4343
f 4069 4084 4343
f 4338 4113 4339
f 4113 4112 4339
f 4112 4109 4339
f 4109 4108 4339
f 4339 4108 4105
f 4334 4105 4344
f 4105 4073 4344
f 4073 4088 4344
f 4344 4088 4069
f 4103 4104 4333
f 4333 4104 4338
f 4104 4113 4338
f 6912 8015 6943
f 6943 8015 6947
f 8015 8014 6947
f 8014 8013 6947
f 8009 8020 6942
f 6942 6939 8009
f 8009 6939 8010
f 6939 6946 8010
f 8010 6946 8011
f 6946 6947 8011
f 8011 6947 8012
f 8012 6947 8013
f 8020 8019 6685
f 6685 8019 6682
f 6682 8018 6681
f 6681 8018 6680
f 8018 8017 6680
f 8024 6678 8016
f 6678 6680 8016
f 8016 6680 8017
f 8024 8023 6678
f 6678 8023 6677
f 8023 8022 6677
f 8022 8021 6677
f 6677 8021 6676
f 6804 6807 8029
f 8029 6807 8021
f 8021 6807 6676
f 6722 6721 8025
f 6805 6804 8029
f 8029 8028 6805
f 6805 8028 8027
f 6716 8027 8026
f 6721 8026 8025
f 6722 8025 6913
f 6913 8025 6912
f 6912 8025 8015
f 10381 10374 10380
f 10374 10375 10380
f 10375 10376 10380
f 10380 10376 10379
f 10376 10377 10379
f 10379 10363 10378
f 10363 10385 10378
f 10385 10364 10384
f 10384 10364 10383
f 10382 10365 10394
f 10365 10366 10394
f 10390 10391 10366
f 10391 10392 10366
f 10392 10393 10366
f 10366 10393 10394
f 10389 10367 10388
f 10388 10367 10387
f 10367 10368 10387
f 10387 10368 10386
f 10368 10369 10386
f 10386 10369 10398
f 10369 10370 10398
f 10370 10371 10398
f 10398 10371 10397
f 10397 10371 10396
f 10371 10372 10396
f 10396 10372 10395
f 10372 10373 10395
f 10373 10374 10381
f 6911 8034 6917
f 6917 8034 6926
f 8034 8033 6926
f 8033 8032 6926
f 8030 6702 6893
f 6893 6894 8030
f 6894 6890 8030
f 8030 6890 8031
f 6890 6920 8031
f 6920 6925 8031
f 8031 6925 8032
f 6925 6926 8032
f 8037 6703 6702
f 6703 8037 6699
f 6699 8037 6701
f 8037 8036 6701
f 6701 8036 6698
f 6698 8036 6697
f 8036 8035 6697
f 6697 8035 6692
f 8035 6691 6692
f 8043 6691 8035
f 6689 8043 6690
f 8043 8042 6690
f 8042 8041 6690
f 8041 8040 6690
f 6690 8040 6695
f 8040 8039 6695
f 6695 8039 6684
f 6684 8039 6683
f 8038 8046 6686
f 8038 6687 8039
f 6687 6683 8039
f 6941 6686 8046
f 6941 8046 6940
f 8046 6945 6940
f 6945 8045 6944
f 6927 8045 6928
f 8045 8044 6928
f 6928 8044 8034
f 6928 8034 6911
f 10433 10413 10422
f 10413 10414 10422
f 10422 10414 10421
f 10414 10415 10421
f 10421 10415 10420
f 10415 10416 10420
f 10416 10417 10420
f 10420 10417 10419
f 10417 10399 10419
f 10399 10427 10418
f 10427 10400 10426
f 10400 10401 10426
f 10426 10401 10425
f 10401 10402 10425
f 10425 10403 10424
f 10424 10403 10423
f 10403 10404 10423
f 10423 10404 10432
f 10404 10405 10432
f 10430 10431 10405
f 10431 10432 10405
f 10405 10406 10430
f 10430 10406 10429
f 10406 10407 10429
f 10407 10408 10429
f 10429 10408 10428
f 10408 10409 10428
f 10409 10436 10428
f 10409 10410 10436
f 10436 10410 10435
f 10410 10411 10435
f 10435 10411 10434
f 10411 10412 10434
f 10434 10412 10433
f 10412 10413 10433
f 8048 8047 6910
f 8047 8050 6910
f 8058 6938 8052
f 8052 6938 8053
f 6938 8050 8053
f 8056 6937 8055
f 6937 6938 8055
f 8055 6938 8058
f 6931 8056 7110
f 8051 7109 8059
f 8059 7109 8054
f 8054 7109 8057
f 7109 7093 8057
f 8057 7093 7110
f 7108 7109 8051
f 7102 7101 8060
f 7101 7103 8060
f 8060 7103 8049
f 7103 7106 8049
f 7106 7097 8049
f 7097 7108 8049
f 8060 8062 7102
f 7102 8062 7105
f 8062 8061 7105
f 8061 7107 7105
f 7107 8061 7112
f 8061 8063 7112
f 8063 8079 7112
f 8079 7111 7112
f 8079 8080 7111
f 7111 8080 7100
f 7100 8080 7104
f 7104 8080 7098
f 7098 8080 7099
f 8080 8081 7099
f 7099 8081 7095
f 7095 8081 7096
f 8081 8082 7096
f 7096 8082 7094
f 8082 8086 7094
f 8086 8083 7094
f 7087 7094 8083
f 8083 8084 7087
f 7087 8084 7085
f 7085 8084 7081
f 8085 8064 7117
f 7080 7081 8085
f 7117 7116 8085
f 7116 7118 8085
f 8085 7118 7080
f 6704 7117 8064
f 8064 8087 6704
f 8087 8066 6704
f 6704 8066 6700
f 6700 8066 6891
f 6891 8066 6892
f 6892 8066 6885
f 6885 8066 6886
f 8066 8065 6886
f 6886 8065 6887
f 8065 8068 6887
f 6887 8068 6888
f 8067 6889 8068
f 6889 6888 8068
f 8067 8070 6889
f 8070 6884 6889
f 8070 6924 6884
f 8070 8069 6924
f 8069 8072 6924
f 8072 8073 6924
f 6924 8073 6923
f 8073 8075 6923
f 8075 8076 6923
f 6922 6923 8076
f 8076 6921 6922
f 6921 6919 6918
f 6919 8074 6915
f 8074 8071 6915
f 6915 8071 6916
f 8071 8077 6916
f 6916 8077 6914
f 8077 8078 6914
f 8078 8048 6914
f 6914 8048 6910
f 8093 8092 6908
f 6908 8092 6907
f 8092 8091 6907
f 8091 8090 6907
f 6871 8096 6874
f 8096 6876 6874
f 6874 6873 6871
f 8088 6868 8089
f 6868 6901 8089
f 6901 6899 8089
f 6899 6906 8089
f 6906 6902 8089
f 6902 6907 8089
f 8089 6907 8090
f 7068 6876 8096
f 7068 8095 7065
f 7065 8095 7115
f 8095 8094 7115
f 7115 8094 7113
f 8094 7114 7113
f 7114 7092 7090
f 8101 7092 7114
f 8101 8100 7092
f 8100 8099 7092
f 7092 8099 7089
f 8099 7088 7089
f 7088 8098 7084
f 7084 8098 7086
f 7086 8098 6935
f 8097 8107 6934
f 6934 6936 8097
f 8097 6936 8098
f 8098 6936 6935
f 6933 6934 8107
f 6933 8107 6932
f 6932 8107 6930
f 8107 8106 6930
f 6930 8106 6929
f 8106 8105 6929
f 6929 8104 6909
f 6909 8104 6908
f 8104 8103 6908
f 8103 8102 6908
f 6908 8102 8093
f 10448 10449 10455
f 10449 10450 10455
f 10455 10450 10454
f 10454 10450 10453
f 10459 10460 10438
f 10461 10437 10460
f 10460 10437 10438
f 10438 10439 10459
f 10459 10439 10458
f 10458 10439 10457
f 10457 10439 10456
f 10439 10440 10456
f 10456 10440 10467
f 10465 10466 10441
f 10441 10466 10440
f 10440 10466 10467
f 10465 10441 10464
f 10441 10442 10464
f 10464 10442 10463
f 10463 10442 10462
f 10442 10443 10462
f 10443 10472 10462
f 10443 10444 10472
f 10472 10444 10471
f 10471 10444 10470
f 10444 10445 10470
f 10470 10445 10469
f 10445 10446 10469
f 10469 10446 10468
f 10446 10447 10468
f 10447 10448 10468
f 10468 10448 10455
f 8109 8108 6867
f 8110 6866 8108
f 6866 6867 8108
f 6866 8110 8115
f 6900 6866 8113
f 8113 6866 8114
f 8114 6866 8115
f 8113 8112 6900
f 8112 8111 6900
f 6898 6895 8111
f 6895 6900 8111
f 8111 8118 6898
f 6898 8118 6865
f 8118 8117 6865
f 6862 6847 8117
f 6847 6864 8117
f 6864 6865 8117
f 8117 8116 6862
f 6862 8116 6863
f 6859 6863 8119
f 6863 8116 8119
f 8119 8120 6859
f 8120 7126 6859
f 8120 8122 7126
f 8122 8121 7126
f 7126 8121 7125
f 8121 8123 7125
f 7122 7124 8123
f 7124 7125 8123
f 7122 8123 8124
f 8124 7138 7122
f 7036 7138 8124
f 8124 8125 7036
f 8125 7038 7036
f 7038 8125 8127
f 8131 7071 8126
f 8126 7071 8127
f 7071 7070 8127
f 7070 7074 8127
f 7074 7073 8127
f 7073 7075 8127
f 8127 7075 7038
f 8128 8132 6882
f 8131 8130 7071
f 7071 8130 7069
f 7069 8130 7057
f 7057 8130 7067
f 7067 8130 7063
f 8130 8129 7063
f 7063 8129 7062
f 8129 8128 7062
f 7062 8128 6879
f 6879 8128 6880
f 6882 6878 8128
f 6878 6880 8128
f 8133 6883 8132
f 6883 6882 8132
f 8140 6872 8136
f 6872 6875 8136
f 8136 6875 8135
f 6875 6877 8135
f 8135 6877 8134
f 6877 6881 8134
f 8134 6881 8133
f 8140 8139 6872
f 6872 8139 6870
f 8139 8138 6870
f 8138 8137 6870
f 6870 8137 6869
f 8137 8109 6869
f 6869 8109 6867
f 10188 10186 10191
f 10186 10190 10191
f 10186 10185 10190
f 10185 10192 10190
f 10193 10192 10187
f 10192 10185 10187
f 10188 10191 10187
f 10191 10193 10187
f 8142 8141 7136
f 8141 7135 7136
f 8141 8144 7135
f 8144 8145 7135
f 7135 8145 7134
f 7134 8145 7133
f 7133 8145 7130
f 8145 8148 7130
f 7130 8148 7131
f 8148 8147 7131
f 8147 8150 7131
f 8150 8151 7131
f 7131 8151 7129
f 8151 8152 7129
f 7129 8152 7055
f 7055 8152 7054
f 8152 8149 7054
f 8149 8153 7054
f 8153 8146 7054
f 8146 8154 7054
f 7054 8154 7053
f 8154 8143 7053
f 7053 8143 7041
f 8143 8156 7041
f 7041 8156 7043
f 7043 8156 7040
f 7040 8156 7048
f 8156 8155 7048
f 8155 7050 7048
f 7050 8155 8157
f 7050 8157 7051
f 7051 8157 7046
f 8157 8158 7046
f 7046 8158 7047
f 7047 8158 7056
f 8158 8159 7056
f 7056 8159 7037
f 8159 8160 7037
f 7037 8160 7035
f 7035 8160 7139
f 8160 8161 7139
f 8162 7139 8161
f 8162 7137 7139
f 8142 7136 8163
f 7136 7137 8163
f 8163 7137 8162
f 8169 8168 6070
f 8168 8167 6070
f 6070 8167 6242
f 8167 8166 6242
f 8166 8165 6242
f 6242 8165 6230
f 6230 8165 6227
f 6227 8165 6228
f 6228 8165 6226
f 6226 8165 8191
f 6226 8191 6224
f 6224 8191 6220
f 6220 8191 6222
f 6222 8191 6221
f 8191 8188 6221
f 6221 8188 6223
f 6223 8188 8186
f 6223 8186 6219
f 8186 8185 6219
f 8185 8184 6219
f 8184 8180 6219
f 8181 6218 8180
f 6218 6219 8180
f 7078 7072 8170
f 8170 7072 7079
f 7079 6243 8181
f 8181 6243 6218
f 8171 7078 8170
f 7077 7076 8171
f 8171 7076 7078
f 8171 8172 7077
f 8172 8173 7077
f 7077 8173 7045
f 8173 8174 7045
f 7045 8174 7052
f 7052 8174 7049
f 8174 8175 7049
f 7049 8175 7039
f 7039 8175 7042
f 7042 8175 7044
f 6633 7044 8208
f 8175 8208 7044
f 8208 8178 6633
f 8178 6634 6633
f 8178 6632 6634
f 6632 8177 5643
f 5643 8177 5635
f 8177 8176 5635
f 5635 8176 5642
f 8176 8179 5642
f 8179 8182 5642
f 8182 8183 5642
f 8183 5641 5642
f 8189 5639 8187
f 5639 5641 8187
f 8187 5641 8183
f 5638 5640 8192
f 8192 5640 8190
f 8190 5640 8189
f 5640 5639 8189
f 8192 8193 5638
f 8193 5637 5638
f 8193 8194 5637
f 8194 8195 5637
f 5637 8195 5636
f 5636 8195 5646
f 8195 8196 5646
f 8196 8199 5646
f 5646 8199 5645
f 5644 5645 8204
f 8204 5645 8199
f 8204 8201 5644
f 5644 8201 5647
f 5647 8201 7140
f 7140 8201 7128
f 8201 8202 7128
f 6860 7123 8202
f 7123 7132 8202
f 8202 7132 7128
f 8202 6861 6860
f 6861 8202 6857
f 6857 8202 6858
f 8202 8207 6858
f 8207 8203 6858
f 8203 8205 6858
f 6858 8205 6856
f 8205 8206 6856
f 8206 6855 6856
f 6844 6846 8200
f 6846 6855 8200
f 8200 6855 8206
f 6071 6047 8200
f 6047 6843 8200
f 8200 6843 6844
f 6071 8200 8198
f 8169 6070 8197
f 6070 6068 8197
f 6068 6069 8197
f 8197 6069 8198
f 6069 6071 8198
f 8209 8221 6079
f 6079 8221 6077
f 8221 8222 6077
f 6077 8222 6058
f 8222 6065 6058
f 8215 6063 6065
f 8215 6065 8222
f 8215 8214 6063
f 8214 6064 6063
f 8210 6062 8213
f 8213 6062 8214
f 6062 6064 8214
f 8210 8224 6062
f 8224 6060 6062
f 8224 8231 6060
f 8231 6061 6060
f 6059 6061 8232
f 6061 8231 8232
f 6059 8232 8233
f 6057 6059 8234
f 8234 6059 8233
f 8234 8236 6057
f 6057 8236 6056
f 6056 8236 6032
f 6032 8236 6046
f 8236 8235 6046
f 6046 8235 6038
f 6038 8235 6042
f 6042 8235 8238
f 6031 6030 8237
f 8237 6030 8238
f 6030 6043 8238
f 8238 6043 6042
f 8237 8239 6031
f 6031 8239 6025
f 6025 8239 6022
f 6022 8239 6027
f 6368 6027 8230
f 6027 8239 8230
f 6368 8230 8229
f 8227 6341 8229
f 6341 6340 8229
f 6340 6371 8229
f 8229 6371 6368
f 6335 6338 8225
f 6338 6341 8225
f 8225 6341 8227
f 8225 6336 6335
f 8225 6332 6336
f 6332 8226 8228
f 8228 6331 6318
f 8228 8211 6331
f 6331 8211 6324
f 8211 6330 6324
f 8211 8212 6330
f 8212 8216 6330
f 8216 8217 6329
f 8217 8218 6329
f 8218 6327 6329
f 8218 8241 6327
f 8241 6328 6327
f 6326 6328 8242
f 6328 8241 8242
f 8242 6325 6326
f 6325 8243 6322
f 6322 8243 6323
f 8243 8244 6323
f 6323 8244 6321
f 6321 8244 6319
f 8244 8245 6319
f 6319 8245 6320
f 8245 6334 6320
f 6334 8245 6241
f 6241 8245 6238
f 6238 8245 6237
f 8245 8247 6237
f 6237 8247 6233
f 6233 8247 6231
f 6231 8247 6232
f 8247 8246 6232
f 8240 6225 8246
f 6225 6232 8246
f 6225 8240 8223
f 6225 8223 6229
f 8223 8219 6229
f 8219 8220 6229
f 8220 8209 6081
f 6081 8209 6078
f 6078 8209 6079
f 8251 8250 6162
f 6162 8250 6117
f 6117 8250 6116
f 8250 8249 6116
f 8249 8248 6116
f 6116 8248 6114
f 6114 8248 6113
f 6113 8248 6109
f 6109 8248 6112
f 8248 8252 6112
f 6305 6302 8252
f 6302 6112 8252
f 8252 8255 6305
f 8255 6307 6305
f 8257 8258 6359
f 6359 6347 8257
f 6347 6346 8257
f 6346 6349 8257
f 8257 6349 8264
f 8264 6349 8256
f 8256 6307 8255
f 6023 6026 8261
f 8258 8259 6351
f 8259 8263 6351
f 6351 8263 6343
f 6343 8263 6344
f 6344 8263 6333
f 8263 8260 6333
f 6333 8260 6337
f 6337 8260 6339
f 6339 8260 6370
f 6370 8260 6369
f 8260 8261 6369
f 6369 8261 6028
f 6028 8261 6029
f 6029 8261 6026
f 8261 8262 6023
f 6023 8262 6095
f 6095 8262 6098
f 6098 8262 6159
f 8262 8254 6159
f 8254 6158 6159
f 6158 8254 6157
f 6157 8253 6147
f 6147 8253 6156
f 6156 8253 6151
f 6151 8253 6154
f 6154 8253 6161
f 8253 8251 6161
f 6161 8251 6162
f 6299 8269 6291
f 6291 8269 6298
f 8269 8268 6298
f 8268 8267 6298
f 8267 8266 6298
f 8265 6295 8266
f 6295 6294 8266
f 6294 6297 8266
f 8266 6297 6298
f 6367 6295 8265
f 6367 8281 6378
f 6378 8281 6393
f 6393 8281 6391
f 8283 6384 8284
f 6384 6383 8284
f 8284 6383 8282
f 6383 6387 8282
f 6387 6386 8282
f 6386 6388 8282
f 8282 6388 8280
f 6388 6391 8280
f 8280 6391 8281
f 8285 6377 8283
f 8283 6377 6384
f 6377 8285 5957
f 8285 8286 5957
f 8286 8287 5957
f 8289 5956 8287
f 5956 5957 8287
f 5955 5956 8291
f 8291 5956 8289
f 8295 5955 8293
f 8293 5955 8291
f 8297 5954 8295
f 5954 8005 8295
f 8295 8005 5955
f 5954 8297 5953
f 8297 8298 5953
f 5953 8298 5952
f 8298 8316 5952
f 5952 8316 5951
f 8316 8314 5951
f 5951 8314 5958
f 5958 8314 6376
f 6422 6373 8310
f 8310 6373 8312
f 6373 6375 8312
f 8312 6375 8314
f 6375 6374 8314
f 8314 6374 6376
f 8310 8309 6422
f 8306 6420 8309
f 6420 6421 8309
f 6421 6422 8309
f 6439 6440 8306
f 6440 6420 8306
f 6439 8302 6436
f 6436 8302 6437
f 6437 8302 6289
f 8302 6366 6289
f 8302 8301 6366
f 8301 8300 6366
f 6366 8300 6362
f 6362 8300 8278
f 6354 6353 8278
f 6353 6355 8278
f 6355 6362 8278
f 8278 8277 6354
f 6354 8277 6345
f 6345 8277 6348
f 8277 8276 6348
f 8276 8271 6348
f 8271 8270 6348
f 6348 8270 6317
f 8270 8272 6317
f 8272 8273 6317
f 6317 8273 6315
f 6315 8273 6308
f 6308 8273 6313
f 6313 8273 6311
f 6311 8273 6312
f 8273 8274 6312
f 6312 8274 5967
f 5960 5963 8275
f 5963 5962 8275
f 5962 5964 8275
f 8275 5964 8274
f 5964 5967 8274
f 5960 8279 5959
f 5959 8279 5961
f 8279 8303 5961
f 5965 5961 8303
f 5965 8303 5966
f 5966 8303 6282
f 8303 8304 6282
f 8304 8305 6282
f 8305 8307 6282
f 6282 8307 6281
f 8307 8308 6281
f 8308 8311 6281
f 8313 6280 8311
f 6280 6281 8311
f 6278 6277 8317
f 6277 6280 8317
f 8317 6280 8313
f 8299 6310 8315
f 6310 6309 8315
f 6309 6279 8315
f 8315 6279 6278
f 6316 6314 8296
f 8296 6314 6310
f 6306 6316 8292
f 8296 8294 6316
f 8294 8292 6316
f 6300 6303 8288
f 8288 6303 8290
f 6303 6304 8290
f 8290 6304 8292
f 6304 6301 8292
f 6299 6300 8269
f 8269 6300 8288
f 6397 6401 8322
f 6401 6402 8322
f 8322 6402 8323
f 6396 6398 8319
f 8319 6398 8320
f 8320 6398 8321
f 8321 6398 8322
f 8322 6398 6397
f 6396 8319 6395
f 7838 8318 7844
f 7844 8318 7842
f 8326 6458 8318
f 6458 7803 8318
f 7803 7843 8318
f 8318 7843 7842
f 8325 6453 6457
f 6457 6456 8326
f 6456 6458 8326
f 8325 8324 6449
f 6449 8324 6452
f 8324 10926 6452
f 10926 8331 6452
f 8331 6451 6452
f 8331 8330 6451
f 8330 8329 6451
f 8329 8328 6451
f 6451 8328 6450
f 8328 8327 6450
f 6450 8327 6454
f 6455 6454 8327
f 8327 8334 6455
f 8334 8333 6455
f 6424 6431 8335
f 8335 6431 6433
f 6427 6434 6433
f 6433 6434 8332
f 8332 6434 8333
f 6434 6455 8333
f 8335 8340 6424
f 8340 6425 6424
f 6425 8340 6444
f 6444 8340 6445
f 6445 8340 6443
f 8340 8339 6443
f 6443 8339 6442
f 8339 8338 6442
f 8338 8337 6442
f 6442 8337 6435
f 6435 8337 8336
f 6438 8336 6441
f 8342 6419 6441
f 6419 8342 6372
f 6372 8342 6392
f 8342 8341 6392
f 6392 8341 6385
f 6385 8341 6389
f 6389 8341 6390
f 8341 8343 6390
f 6390 8343 6380
f 6380 8343 6382
f 6382 8343 6381
f 8343 10926 6381
f 10926 8345 6381
f 8345 6382 6381
f 8345 8344 6382
f 6382 8344 6379
f 8344 6418 6379
f 6416 6418 6417
f 6418 8349 6417
f 6417 8349 6409
f 8349 8348 6409
f 6409 8348 6413
f 6412 6414 8347
f 6414 6413 8347
f 6413 8348 8347
f 8347 8346 6412
f 6402 6403 8323
f 6403 6399 8323
f 6399 6412 8323
f 8323 6412 8346
f 10949 10962 10948
f 10953 10962 10950
f 10950 10962 10949
f 10939 10951 10950
f 10951 10952 10950
f 10952 10953 10950
f 10951 10939 10958
f 10956 10957 10940
f 10940 10957 10939
f 10957 10958 10939
f 10940 10941 10956
f 10956 10941 10955
f 10955 10941 10954
f 10954 10941 10942
f 10942 10943 10954
f 10961 10954 10944
f 10954 10943 10944
f 10961 10944 10960
f 10944 10945 10960
f 10945 10946 10960
f 10960 10946 10959
f 10959 10946 10966
f 10966 10946 10965
f 10946 10947 10965
f 10963 10964 10948
f 10948 10964 10947
f 10964 10965 10947
f 10962 10963 10948
f 10971 10935 10970
f 10970 10935 10969
f 10935 10936 10969
f 10969 10936 10968
f 10937 10968 10936
f 10937 10938 10968
f 10968 10938 10967
f 10938 10923 10967
f 10923 10924 10967
f 10974 10967 10924
f 10924 10925 10974
f 10974 10925 10973
f 10925 10926 10972
f 10972 10973 10925
f 10972 10926 10927
f 10977 10972 10928
f 10928 10972 10927
f 10928 10929 10977
f 10977 10929 10976
f 10929 10930 10976
f 10976 10930 10975
f 10930 10931 10975
f 10979 10980 10933
f 10980 10981 10933
f 10933 10981 10932
f 10932 10981 10931
f 10931 10981 10975
f 10934 10979 10933
f 10935 10978 10934
f 10978 10979 10934
f 10978 10935 10971
f 8351 8350 7947
f 8350 7957 7947
f 7957 8350 8354
f 8363 7962 8356
f 8356 7962 8357
f 8357 7962 8353
f 8353 7962 8354
f 8354 7962 7957
f 8361 7961 8359
f 8359 7961 8360
f 8360 7961 8363
f 7961 7962 8363
f 8361 7960 7961
f 7960 8361 8362
f 8355 7724 8364
f 8364 7724 8358
f 8358 7724 8362
f 7724 7726 8362
f 7726 7960 8362
f 8352 7721 8365
f 7721 7724 8365
f 8365 7724 8355
f 8367 7721 8352
f 8367 8366 7721
f 8366 7729 7721
f 7729 8366 7732
f 8366 8368 7732
f 8368 8386 7732
f 8386 7731 7732
f 8386 8387 7731
f 8387 8388 7731
f 7731 8388 7728
f 8388 8389 7728
f 8389 8390 7728
f 7728 8390 7719
f 8390 8395 7719
f 8395 8391 7719
f 7705 7719 8391
f 7705 8391 7701
f 8391 8393 7701
f 7701 8393 7702
f 7702 8393 7866
f 8393 8392 7866
f 8392 7865 7866
f 8394 8369 7865
f 7865 8392 8394
f 7801 7802 8369
f 7802 7864 8369
f 8369 7864 7865
f 7801 8369 7798
f 7798 8369 7799
f 8369 8370 7799
f 8370 8371 7799
f 7799 8371 7796
f 8371 8373 7796
f 7796 8373 7795
f 7797 7795 8372
f 7795 8373 8372
f 8372 8374 7797
f 8374 7846 7797
f 8374 8376 7846
f 8376 8377 7846
f 7846 8377 7841
f 7841 8377 7845
f 8377 8375 7845
f 8375 8380 7845
f 8380 8379 7845
f 8382 7840 8379
f 8379 7840 7845
f 8382 8383 7840
f 7839 7840 8383
f 8383 8384 7839
f 7839 8384 7813
f 8384 8381 7813
f 8381 8378 7813
f 8378 8385 7813
f 7813 8385 7807
f 7807 8385 7808
f 8385 8351 7808
f 7808 8351 7809
f 7809 8351 7853
f 7853 8351 7854
f 7854 8351 7954
f 7954 8351 7947
f 7952 8401 7969
f 7969 8401 7976
f 8401 8400 7976
f 8400 8398 7976
f 8396 7664 7966
f 7966 7965 8396
f 8396 7965 8397
f 7971 7975 8397
f 8397 7975 8399
f 8399 7975 8398
f 7975 7976 8398
f 8405 7664 8396
f 7663 8405 7661
f 8405 8404 7661
f 8404 8403 7660
f 7660 8403 7672
f 7672 8403 7673
f 7673 8403 7733
f 8403 8402 7733
f 7733 7716 7715
f 7709 7716 7713
f 7716 8409 7713
f 8409 8408 7707
f 8408 8407 7707
f 8407 7700 7707
f 7707 7700 7699
f 8406 8413 7718
f 7718 7706 8406
f 7706 7704 8406
f 8406 7704 7700
f 8412 7722 7720
f 8412 7720 8413
f 7720 7727 8413
f 7727 7718 8413
f 7722 8412 7723
f 8412 8411 7723
f 7723 8411 7725
f 8411 7730 7725
f 7958 7730 7959
f 7730 8410 7959
f 7948 7959 7949
f 7959 8401 7949
f 7949 8401 7952
f 10495 10485 10494
f 10494 10485 10493
f 10485 10486 10493
f 10486 10487 10493
f 10493 10487 10492
f 10487 10488 10492
f 10492 10488 10491
f 10488 10490 10491
f 10490 10473 10489
f 10473 10502 10489
f 10473 10474 10502
f 10502 10474 10501
f 10501 10474 10500
f 10474 10475 10500
f 10500 10475 10499
f 10498 10476 10497
f 10497 10476 10496
f 10496 10476 10507
f 10476 10477 10507
f 10505 10506 10477
f 10506 10507 10477
f 10477 10478 10505
f 10505 10478 10504
f 10478 10479 10504
f 10504 10479 10503
f 10479 10480 10503
f 10503 10480 10511
f 10480 10481 10511
f 10481 10482 10511
f 10511 10482 10510
f 10510 10482 10509
f 10482 10483 10509
f 10509 10483 10508
f 10483 10484 10508
f 10484 10485 10508
f 10508 10485 10495
f 8415 8414 7951
f 8414 7950 7951
f 7950 8414 8445
f 8446 7946 8445
f 7946 7950 8445
f 7945 7944 8446
f 7944 7946 8446
f 8446 8417 7945
f 7945 8417 7635
f 7635 8417 7650
f 7650 8417 7647
f 8417 8418 7647
f 7647 8418 7651
f 8418 7734 7651
f 8418 8420 7734
f 8420 7745 7734
f 8420 8422 7745
f 8422 8424 7745
f 7745 8424 7744
f 8424 8425 7744
f 8428 7744 8427
f 8427 7744 8425
f 7738 7741 8430
f 8430 7741 8428
f 7741 7736 8428
f 7736 7743 8428
f 8428 7743 7744
f 8430 8431 7738
f 8434 7740 8431
f 7740 7738 8431
f 7740 8434 7739
f 8434 8436 7739
f 7739 8436 7737
f 7737 8436 7742
f 8436 8438 7742
f 7742 8438 7735
f 8438 8439 7735
f 7735 8439 7646
f 7641 7640 8441
f 8441 7640 8440
f 7640 7643 8440
f 7643 7637 8440
f 7637 7648 8440
f 8440 7648 8439
f 7648 7649 8439
f 8439 7649 7646
f 7639 7641 8442
f 8442 7641 8441
f 8442 8437 7639
f 7639 8437 7638
f 8437 8435 7638
f 7638 8435 7632
f 8435 8433 7632
f 7632 8432 7658
f 7658 8432 8429
f 7658 8429 7666
f 7666 8429 7665
f 8429 8426 7665
f 7968 7662 8423
f 8423 7662 8426
f 7662 7665 8426
f 8423 8421 7968
f 7968 8421 7967
f 8419 8416 7964
f 8416 7977 7964
f 8416 8443 7977
f 8443 7963 7977
f 8443 8444 7963
f 8444 8447 7963
f 7963 8447 7974
f 8447 8448 7974
f 7974 8448 7973
f 8448 7972 7973
f 7972 8448 7970
f 7970 8448 7955
f 8448 8449 7955
f 7955 8449 7956
f 8449 8450 7956
f 7956 8450 7953
f 8450 8415 7953
f 7953 8415 7951
f 8452 8451 5655
f 8451 5654 5655
f 5654 8451 8496
f 8497 5653 8496
f 5653 5654 8496
f 5652 5653 8497
f 8497 8454 5652
f 5652 8454 5651
f 8454 5712 5651
f 5712 8454 5708
f 5708 8454 5709
f 5709 8454 5706
f 8454 8455 5706
f 5706 8455 5705
f 5705 8455 5700
f 8455 8456 5700
f 5700 8456 5699
f 5699 8456 5697
f 8456 8457 5697
f 8457 5702 5697
f 8462 5702 8457
f 8466 5702 8462
f 5698 5701 8466
f 8466 5701 5702
f 5711 5698 8466
f 8466 8467 5711
f 5711 8467 5703
f 8467 8469 5703
f 8469 8471 5703
f 5703 8471 5704
f 8471 8477 5704
f 5704 8477 5710
f 8477 8475 5710
f 8475 5707 5710
f 5707 8475 5714
f 8475 8479 5714
f 5714 8479 5713
f 8479 8483 5713
f 8483 8484 5713
f 5713 8484 5695
f 5695 8484 8486
f 5695 8486 5696
f 8486 8485 5696
f 5696 8485 5694
f 5694 8485 8498
f 5693 5694 8488
f 8488 5694 8487
f 8487 5694 8498
f 8488 8480 5693
f 5693 8480 5688
f 8480 8481 5688
f 8481 8482 5688
f 8482 8478 5688
f 5688 8478 5687
f 8478 8476 5687
f 8476 8475 5687
f 8475 8474 5687
f 8465 5685 8467
f 8467 5685 8468
f 5685 5686 8468
f 8468 5686 8470
f 8470 5686 8472
f 8472 5686 8473
f 8473 5686 8474
f 8474 5686 5687
f 8465 8464 5684
f 5685 8465 5684
f 8464 8463 5684
f 5684 8463 5680
f 8463 8461 5670
f 5670 8461 5674
f 8461 8460 5674
f 5674 8460 5675
f 8458 5673 8459
f 5673 5672 8459
f 8459 5672 8460
f 5672 5675 8460
f 8458 8453 5673
f 8453 5676 5673
f 8453 8495 5676
f 8495 5671 5676
f 8495 8489 5671
f 8489 8491 5671
f 8492 5669 8490
f 8490 5669 8491
f 5669 5671 8491
f 8493 5667 8492
f 8492 5667 5669
f 5658 5657 8494
f 8494 5657 5662
f 5662 5665 8493
f 8493 5665 5667
f 5665 5664 5667
f 5655 5656 8452
f 5656 5658 8452
f 8452 5658 8494
f 7466 8499 7467
f 8499 8500 7467
f 7467 8500 5648
f 5649 5648 8514
f 5648 8500 8514
f 5649 8514 5650
f 8514 8517 5650
f 5650 8517 7464
f 7464 8517 8518
f 8518 7465 7464
f 8518 8519 7465
f 8519 8520 7465
f 7465 8520 7463
f 7463 8520 7460
f 7460 8520 7459
f 8521 7459 8520
f 8523 8522 7451
f 7453 7458 8521
f 7458 7459 8521
f 7451 7452 8523
f 8523 7452 8521
f 7452 7456 8521
f 8521 7456 7453
f 7451 8522 5690
f 8522 8516 5690
f 5690 8516 5692
f 5691 5692 8526
f 5692 8516 8526
f 5691 8526 8527
f 8527 8525 5691
f 8525 8524 5691
f 5691 8524 8528
f 5659 5660 8529
f 8529 5660 8528
f 5660 5691 8528
f 5659 8529 8530
f 5677 5659 8530
f 5677 8530 5668
f 5661 5668 5663
f 5663 5668 5666
f 5668 8531 5666
f 5666 8531 5683
f 5683 8531 5682
f 5681 5682 8513
f 5682 8531 8513
f 8513 8532 5681
f 8532 8515 5681
f 5681 8515 5679
f 8515 8501 5679
f 5679 8501 5678
f 8501 8503 5678
f 5678 8503 5689
f 8503 8502 5689
f 5689 8502 7473
f 7473 8502 8505
f 7473 8505 7472
f 7472 8505 7470
f 8505 8504 7470
f 8504 8507 7470
f 8507 8509 7470
f 7470 8509 7469
f 7469 8509 8508
f 8506 7461 8510
f 7461 7469 8510
f 8510 7469 8508
f 8506 8511 7461
f 8511 8512 7461
f 7461 8512 7462
f 7462 8512 7466
f 8512 8499 7466
f 7385 8535 7384
f 7384 8534 7381
f 7381 8534 7383
f 8534 8533 7383
f 7383 8533 7378
f 8533 8536 7378
f 8536 7379 7378
f 8536 8537 7379
f 8537 7377 7379
f 8537 8538 7377
f 8538 7382 7377
f 7382 8538 8541
f 7382 8541 7380
f 7380 8541 7373
f 7373 8541 7374
f 7374 8541 8540
f 7351 7350 8539
f 7350 7352 8539
f 7352 7358 8539
f 7358 7366 8539
f 7366 7365 8539
f 7365 7362 8539
f 8539 7362 8540
f 7362 7369 8540
f 8540 7369 7374
f 8539 8547 7351
f 7351 8547 7355
f 8547 7347 7355
f 7346 7347 8545
f 8545 7347 8547
f 8545 8546 7346
f 8546 8544 7346
f 8544 8543 7346
f 7346 8543 7345
f 8543 8542 7345
f 7345 8542 7344
f 7344 8542 7454
f 7454 8542 7455
f 7455 8542 7457
f 8542 8548 7457
f 8548 7468 7457
f 7471 7468 8548
f 8548 8551 7471
f 7471 8551 7449
f 7449 8551 7450
f 8551 8550 7450
f 8553 7438 8549
f 8549 7438 8550
f 7438 7450 8550
f 7430 7438 8553
f 7441 7435 8552
f 8552 7435 8553
f 7435 7433 8553
f 8553 7433 7430
f 7399 7398 8552
f 7398 7441 8552
f 7399 8552 7401
f 8552 8554 7401
f 8554 8556 7401
f 8556 10198 7403
f 7403 10198 8555
f 7403 8555 7387
f 8555 8557 7387
f 7387 8557 7385
f 8557 8535 7385
f 10197 10195 10200
f 10195 10199 10200
f 10195 10194 10199
f 10194 10201 10199
f 10194 10196 10201
f 10196 10202 10201
f 10197 10200 10196
f 10200 10202 10196
f 7393 8560 7392
f 8560 8559 7392
f 7392 8559 7396
f 8559 8558 7396
f 7396 8558 7395
f 7395 8558 7394
f 8564 7394 8561
f 7394 8558 8561
f 8565 7391 8562
f 8562 7391 8563
f 7391 7390 8563
f 8563 7390 8564
f 7390 7394 8564
f 8565 8568 7391
f 7391 8568 7389
f 8568 8567 7389
f 7389 8567 7386
f 8567 8566 7386
f 7386 8566 7388
f 8566 7402 7388
f 7397 7402 7400
f 7400 7402 8575
f 7431 7432 8570
f 8570 7432 8571
f 7432 7434 8571
f 7434 7436 8571
f 8571 7436 8572
f 7436 7437 8572
f 8572 7437 8573
f 7437 7442 8573
f 7442 7440 8573
f 7440 7443 8573
f 8573 7443 8574
f 8574 7443 8575
f 8575 7443 7400
f 8570 8569 7431
f 8569 8579 7431
f 7431 8579 7429
f 8579 8578 7429
f 8580 7439 8576
f 7439 7428 8576
f 7428 8578 8576
f 8576 8578 8577
f 7427 7439 8581
f 7439 8580 8581
f 8581 10763 7427
f 7427 10763 7425
f 7425 10763 7426
f 7426 10763 8583
f 7424 7426 8582
f 8582 7426 8583
f 8582 8586 7424
f 8585 7407 8586
f 7407 7424 8586
f 8584 7406 10762
f 7406 7407 10762
f 10762 7407 8585
f 7412 7411 8584
f 7411 7405 8584
f 8584 7405 7406
f 7412 8584 7410
f 7416 7410 8587
f 7410 8584 8587
f 8587 8589 7416
f 8589 7422 7416
f 8589 10764 7422
f 10764 8588 7422
f 7422 8588 7404
f 8588 8560 7404
f 7404 8560 7393
f 10759 10768 10758
f 10758 10768 10757
f 10768 10774 10757
f 10759 10760 10767
f 10767 10760 10766
f 10760 10761 10766
f 10765 10761 10746
f 10749 10773 10748
f 10748 10773 10747
f 10747 10773 10746
f 10773 10765 10746
f 10776 10749 10750
f 10750 10751 10776
f 10776 10751 10771
f 10751 10752 10771
f 10771 10752 10772
f 10752 10753 10772
f 10753 10754 10772
f 10772 10754 10769
f 10770 10769 10755
f 10769 10754 10755
f 10757 10774 10756
f 10774 10775 10756
f 10755 10756 10770
f 10770 10756 10775
f 8595 8594 7563
f 8594 8593 7563
f 7563 8593 7562
f 8593 8592 7562
f 8592 8591 7562
f 8591 8590 7562
f 7562 8590 7561
f 8590 7560 7561
f 7559 7558 8597
f 7558 7561 8597
f 8597 7561 7560
f 8602 7557 8596
f 7557 7559 8596
f 7335 7557 8602
f 8600 7343 8601
f 7343 7330 8601
f 8601 7330 8602
f 7330 7331 8602
f 7331 7332 8602
f 8602 7332 7335
f 8600 8599 7423
f 8603 7421 8598
f 8598 7421 8599
f 8599 7421 7423
f 7421 8603 8608
f 8606 7447 8607
f 8607 7447 8608
f 7447 7448 8608
f 7448 7418 8608
f 7418 7421 8608
f 8605 5723 7446
f 5723 7444 7446
f 7446 7447 8606
f 10635 5723 8605
f 10635 8604 5719
f 8613 5717 8604
f 8612 5717 8613
f 8611 5716 8612
f 5716 5717 8612
f 8611 8610 5716
f 8610 5715 5716
f 8610 8609 5715
f 5715 8609 5718
f 8609 8616 5718
f 5718 8616 5720
f 8615 5720 8616
f 5722 5721 8615
f 5721 5720 8615
f 8615 8614 5722
f 7419 7445 8619
f 8619 7445 8614
f 8619 7420 7419
f 8619 8618 7420
f 8617 7420 8618
f 8617 8620 7417
f 8620 8627 7417
f 7417 8627 7415
f 8623 7408 8624
f 8624 7408 8625
f 7408 7413 8625
f 7413 7409 8625
f 8625 7409 7414
f 7414 7415 8626
f 8626 7415 8627
f 8634 7555 8621
f 7555 8623 8621
f 8621 8623 8622
f 8634 8633 7554
f 7554 8633 7571
f 8633 8632 7571
f 8632 8631 7571
f 8631 8630 7571
f 7569 7566 8629
f 8629 7566 7570
f 7570 7571 8630
f 7568 7569 8628
f 8628 7569 8629
f 7565 7568 8635
f 7568 8628 8635
f 7565 8635 8638
f 7564 7565 8637
f 8637 7565 8638
f 8595 7563 8636
f 7563 7564 8636
f 8636 7564 8637
f 10639 10640 10636
f 10636 10640 10635
f 10640 10641 10635
f 10635 10641 10642
f 10636 10637 10639
f 10639 10637 10650
f 10637 10627 10650
f 10650 10627 10638
f 10638 10627 10649
f 10627 10628 10649
f 10649 10628 10648
f 10628 10629 10648
f 10629 10630 10648
f 10648 10630 10647
f 10630 10631 10647
f 10631 10632 10647
f 10644 10646 10633
f 10646 10647 10633
f 10633 10647 10632
f 10643 10645 10634
f 10645 10644 10634
f 10635 10642 10634
f 10642 10643 10634
f 8644 8643 7655
f 8643 8642 7655
f 7655 8642 7653
f 7653 8642 7652
f 8642 8641 7652
f 8641 8640 7652
f 8640 8639 7652
f 7652 8639 7667
f 7654 7667 8645
f 7667 8639 8645
f 7985 8648 8650
f 8645 8647 7654
f 7654 8647 7631
f 7631 8647 7642
f 7642 8647 7645
f 7645 8647 8646
f 7985 7636 8648
f 8648 7636 8646
f 7636 7644 8646
f 8646 7644 7645
f 7985 8650 7984
f 8650 8649 7984
f 7984 8649 7981
f 7981 8649 7982
f 7982 8649 7979
f 7979 8649 7980
f 8649 8651 7980
f 7980 8651 7556
f 7567 7556 8652
f 7556 8651 8652
f 7567 8652 8654
f 10793 7553 8655
f 8655 7553 8654
f 7553 7567 8654
f 8653 7552 10793
f 7552 7553 10793
f 7551 7552 8653
f 7551 8659 7550
f 8659 8658 7550
f 8658 8657 7550
f 7550 8657 7549
f 8657 8656 7549
f 7549 8656 7548
f 7545 7548 8661
f 7544 7545 8660
f 8660 7545 8661
f 8662 8667 7544
f 7544 8667 7546
f 7546 8667 7581
f 8667 8666 7581
f 8666 8665 7581
f 7581 8665 7580
f 7580 8664 7577
f 7577 8664 7574
f 7574 8664 7575
f 7575 8663 7670
f 8663 7668 7670
f 8663 8670 7668
f 8670 7669 7668
f 8670 8669 7669
f 7669 8669 7683
f 7683 8669 7678
f 8669 8668 7678
f 7678 8668 7677
f 7677 8668 7659
f 7659 8668 7657
f 8668 8644 7657
f 7657 8644 7656
f 7656 8644 7655
f 10786 10787 10799
f 10799 10787 10795
f 10787 10788 10795
f 10795 10788 10789
f 7302 10013 10018
f 7302 7303 10013
f 10013 7303 10008
f 10008 7303 10007
f 7303 7304 10007
f 10007 7304 10003
f 10003 7304 10000
f 10000 7304 9998
f 9998 7304 9997
f 7304 7306 9997
f 7306 9992 9997
f 7306 7305 9992
f 9992 7305 9991
f 7305 7328 9991
f 10070 6654 10050
f 6654 6646 10050
f 10070 10069 6654
f 10069 10067 6654
f 10065 6654 10067
f 6643 6642 10065
f 10065 6642 6654
f 6643 10065 6651
f 10065 10063 6651
f 10062 6658 10063
f 10061 6658 10062
f 10061 10059 6658
f 10056 6658 10060
f 10060 6658 10059
f 6657 6656 10056
f 10056 6656 6658
f 10056 10057 6657
f 10057 10088 6657
f 6656 6657 10088
f 6656 10088 6655
f 10088 10087 6655
f 6655 10087 6652
f 6652 10087 6653
f 10087 10086 6653
f 6653 10086 6645
f 10086 6644 6645
f 10086 10082 6644
f 6649 6650 10075
f 10082 10081 6644
f 6644 10081 6641
f 6641 10081 6638
f 6638 10081 6635
f 10081 10079 6635
f 6635 10079 6650
f 10079 10075 6650
f 10075 10073 6649
f 10073 6648 6649
f 10073 10072 6648
f 10072 6621 6648
f 10072 10091 6621
f 10091 6613 6621
f 10091 10074 6613
f 10074 6620 6613
f 10074 10076 6620
f 6619 6620 10080
f 10080 6620 10078
f 10078 6620 10077
f 10077 6620 10076
f 10083 6619 10080
f 10083 10084 6619
f 6619 10084 6618
f 10084 10085 6618
f 10085 10089 6618
f 6618 10089 6616
f 6616 10089 6615
f 10089 10088 6615
f 10088 10090 6615
f 6615 10090 8001
f 8001 10090 6617
f 10090 10052 6617
f 10052 6614 6617
f 10052 10053 6614
f 10053 10054 6614
f 6611 6612 10064
f 10054 10055 6612
f 10055 10058 6612
f 10058 10064 6612
f 10064 10066 6611
f 10066 6610 6611
f 10066 10068 6610
f 6610 10068 6608
f 6608 10068 6609
f 10068 10070 6609
f 6609 10070 6607
f 10070 10071 6607
f 6607 10071 8002
f 6606 10051 7174
f 10051 10050 7174
f 7174 10050 6646
f 10093 5743 5736
f 10093 10092 5743
f 5743 10092 8008
f 8008 10092 10108
f 5739 5741 10112
f 5741 5740 10112
f 5740 5742 10112
f 10112 5742 10108
f 10115 5737 10113
f 5737 5739 10113
f 5737 10115 5738
f 10115 10116 5738
f 5738 10116 5735
f 10116 10114 5735
f 10114 10121 5735
f 10121 10118 5735
f 5735 10118 5734
f 10117 5734 10118
f 10117 10119 5734
f 5734 10119 5733
f 10119 10120 5733
f 5733 10120 5731
f 5731 10120 5726
f 10120 10100 5726
f 5726 10100 5727
f 5760 5727 10098
f 5727 10100 10098
f 5760 10098 10123
f 5757 5766 10094
f 10094 5766 10123
f 10123 5766 5760
f 10095 5757 10094
f 10095 5756 5757
f 5756 10095 10096
f 5754 5755 10099
f 10099 5755 10097
f 10096 10097 5756
f 10101 5754 10099
f 5754 10101 10111
f 5754 10111 5753
f 5753 10111 5752
f 10111 10110 5752
f 10110 10109 5752
f 5752 10109 5751
f 10109 10107 5751
f 5751 10107 5750
f 10107 10105 5750
f 10105 10122 5750
f 10122 10102 5750
f 5750 10102 5749
f 10102 10103 5749
f 5749 10103 5748
f 10103 10104 5748
f 5747 5748 10104
f 5746 5747 10093
f 10093 5747 10106
f 10106 5747 10104
f 5736 5746 10093
f 3247 3222 3241
f 3222 3247 3214
f 3214 3247 3218
f 3246 3219 3247
f 3247 3219 3218
f 3246 3217 3219
f 3245 3190 3246
f 3190 3216 3246
f 3246 3216 3217
f 3201 3244 3243
f 3211 3204 3242
f 3204 3203 3242
f 3242 3203 3243
f 3203 3202 3243
f 3243 3202 3201
f 3208 3207 3242
f 3242 3207 3211
f 3222 3213 3241
f 3241 3213 3242
f 3213 3212 3242
f 3242 3212 3208
f 3201 3197 3244
f 3197 3186 3244
f 3244 3186 3240
f 3240 3186 3239
f 3186 3181 3239
f 3239 3181 3238
f 3181 3182 3238
f 3238 3182 3237
f 3237 3182 3236
f 3182 3188 3236
f 3236 3188 3235
f 3235 3188 3245
f 3188 3190 3245
f 3148 3161 3147
f 3160 3146 3161
f 3146 3147 3161
f 3160 3145 3146
f 3159 3117 3160
f 3117 3145 3160
f 3117 3159 3081
f 3081 3159 3094
f 3158 3095 3159
f 3159 3095 3094
f 3157 3089 3158
f 3089 3093 3158
f 3158 3093 3095
f 3085 3087 3157
f 3157 3087 3089
f 3153 3083 3157
f 3157 3083 3085
f 3148 3150 3161
f 3161 3150 3152
f 3150 3134 3152
f 3152 3134 3156
f 3155 3156 3130
f 3156 3132 3130
f 3154 3130 3153
f 3130 3131 3153
f 3088 3086 3113
f 3113 3086 3084
f 3090 3092 3113
f 3113 3092 3088
f 3112 3090 3113
f 3096 3090 3112
f 3111 3044 3112
f 3044 3096 3112
f 3044 3111 3110
f 3111 3109 3110
f 3107 3108 3109
f 3109 3108 3110
f 3106 3108 3107
f 3103 3105 3107
f 3107 3105 3106
f 3084 3082 3113
f 3113 3082 3114
f 3114 3082 3672
f 3082 3101 3672
f 3672 3101 3102
f 3102 3101 3100
f 3100 3101 3099
f 3099 3097 3104
f 3097 3098 3104
f 3104 3098 3103
f 3098 3105 3103
f 3171 3258 3170
f 3169 3170 3257
f 3257 3170 3258
f 3165 3169 3257
f 3256 3066 3257
f 3066 3165 3257
f 3066 3256 3195
f 3195 3256 3196
f 3206 3210 3255
f 3255 3210 3256
f 3210 3196 3256
f 3254 3199 3255
f 3199 3205 3255
f 3255 3205 3206
f 3253 3198 3254
f 3198 3200 3254
f 3254 3200 3199
f 3253 3187 3198
f 3171 3173 3258
f 3258 3173 3252
f 3173 3189 3252
f 3252 3189 3251
f 3189 3183 3251
f 3183 3184 3251
f 3184 3185 3250
f 3250 3185 3249
f 3249 3185 3248
f 3248 3187 3253
f 3166 3162 3164
f 3162 3163 3164
f 3163 3162 3142
f 3162 3040 3142
f 3142 3040 3141
f 3040 3140 3141
f 3140 3139 3141
f 3141 3139 3143
f 3024 3014 3023
f 3014 3011 3023
f 3156 3134 3097
f 3134 3150 3133
f 3153 3101 3082
f 3099 3101 3132
f 3099 3132 3097
f 3132 3156 3097
f 3105 3098 3135
f 3135 3098 3133
f 3098 3097 3133
f 3133 3097 3134
f 3153 3131 3101
f 3131 3130 3101
f 3101 3130 3132
f 3143 3139 3138
f 3144 3143 3133
f 3138 3135 3143
f 3143 3135 3133
f 3135 3137 3136
f 3144 3133 3149
f 3133 3151 3149
f 3138 3137 3135
f 3166 3164 3180
f 3168 3167 3174
f 3174 3167 3178
f 3166 3180 3167
f 3180 3221 3167
f 3167 3221 3178
f 3168 3174 3172
f 3221 3179 3178
f 3179 3175 3178
f 3178 3175 3176
f 3175 3177 3176
f 3188 3182 3183
f 3174 3189 3173
f 3185 3184 3182
f 3190 3188 3178
f 3187 3248 3186
f 3183 3182 3184
f 3174 3178 3189
f 3189 3178 3183
f 3178 3188 3183
f 3182 3181 3185
f 3185 3181 3248
f 3181 3186 3248
f 3016 3025 3018
f 3039 3015 3040
f 3015 3012 3040
f 3040 3012 3034
f 3029 3020 3142
f 3020 3021 3142
f 3142 3021 3028
f 3140 3040 3034
f 3108 3138 3052
f 3052 3138 3054
f 3054 3138 3034
f 3138 3139 3034
f 3034 3139 3140
f 3138 3108 3137
f 3108 3106 3137
f 3105 3135 3106
f 3135 3136 3106
f 3136 3137 3106
f 3051 3110 3052
f 3052 3110 3108
f 3091 3095 3092
f 3095 3093 3092
f 3092 3093 3088
f 3041 3090 3096
f 3093 3089 3088
f 3089 3087 3088
f 3088 3087 3086
f 3087 3084 3086
f 3083 3153 3082
f 3087 3085 3084
f 3085 3083 3084
f 3084 3083 3082
f 3095 3091 3094
f 3091 3118 3094
f 3094 3118 3081
f 3023 3080 3024
f 3080 3043 3024
f 3080 3120 3043
f 3120 3079 3043
f 3043 3079 3042
f 3092 3090 3091
f 3090 3041 3091
f 3091 3041 3078
f 3041 3042 3078
f 3078 3042 3119
f 3042 3079 3119
f 3145 3117 3115
f 3148 3149 3151
f 3151 3133 3150
f 3148 3151 3150
f 3148 3147 3149
f 3149 3147 3144
f 3144 3147 3146
f 3144 3146 3143
f 3146 3116 3143
f 3029 3142 3141
f 3029 3141 3116
f 3141 3143 3116
f 3146 3145 3115
f 3171 3172 3174
f 3171 3174 3173
f 3171 3170 3172
f 3172 3170 3168
f 3059 3058 3169
f 3167 3168 3058
f 3168 3170 3058
f 3058 3170 3169
f 3058 3057 3167
f 3057 3055 3167
f 3167 3055 3166
f 3056 3039 3162
f 3039 3040 3162
f 3056 3162 3055
f 3162 3166 3055
f 3169 3165 3059
f 3059 3165 3066
f 3212 3213 3209
f 3207 3210 3206
f 3193 3207 3208
f 3209 3208 3212
f 3201 3202 3199
f 3202 3203 3199
f 3199 3203 3205
f 3203 3204 3205
f 3205 3204 3206
f 3204 3211 3206
f 3206 3211 3207
f 3186 3197 3187
f 3187 3197 3198
f 3197 3201 3198
f 3198 3201 3200
f 3201 3199 3200
f 3195 3196 3071
f 3196 3210 3071
f 3071 3210 3064
f 3210 3207 3064
f 3207 3193 3064
f 3064 3193 3063
f 3193 3194 3063
f 3063 3194 3062
f 3194 3191 3062
f 3062 3191 3061
f 3191 3192 3061
f 3061 3192 3060
f 3192 3223 3060
f 3223 3025 3060
f 3180 3164 3028
f 3164 3163 3028
f 3028 3163 3142
f 3028 3221 3180
f 3219 3179 3220
f 3179 3221 3220
f 3220 3221 3230
f 3219 3217 3179
f 3179 3217 3175
f 3175 3217 3216
f 3178 3176 3190
f 3176 3177 3190
f 3177 3175 3190
f 3190 3175 3216
f 3219 3220 3218
f 3220 3215 3218
f 3218 3215 3214
f 3028 3021 3027
f 3021 3022 3027
f 3027 3022 3225
f 3225 3022 3226
f 3226 3022 3227
f 3227 3022 3026
f 3026 3022 3223
f 3022 3018 3223
f 3223 3018 3025
f 3191 3194 3209
f 3193 3208 3209
f 3224 3222 3229
f 3209 3213 3224
f 3224 3213 3222
f 3230 3221 3234
f 3230 3232 3220
f 3232 3229 3220
f 3220 3229 3215
f 3229 3222 3215
f 3215 3222 3214
f 3221 3028 3234
f 3224 3229 3231
f 3231 3229 3232
f 3232 3230 3233
f 3233 3230 3234
f 3194 3193 3209
f 3192 3191 3223
f 3191 3209 3223
f 3223 3209 3228
f 3209 3224 3228
f 3228 3224 3227
f 3224 3231 3227
f 3227 3231 3226
f 3231 3232 3226
f 3226 3232 3225
f 3232 3233 3225
f 3225 3233 3027
f 3233 3234 3027
f 3027 3234 3028
f 3223 3228 3026
f 3228 3227 3026
f 3020 3029 3128
f 3128 3127 3020
f 3127 3126 3020
f 3126 3023 3020
f 3020 3023 3011
f 3091 3078 3119
f 3029 3116 3123
f 3081 3118 3117
f 3118 3121 3117
f 3121 3122 3117
f 3116 3146 3123
f 3123 3146 3124
f 3124 3146 3122
f 3146 3115 3122
f 3122 3115 3117
f 3124 3122 3123
f 3122 3125 3123
f 3123 3125 3029
f 3080 3023 3120
f 3120 3023 3126
f 3079 3120 3119
f 3119 3120 3126
f 3091 3119 3118
f 3118 3119 3129
f 3119 3126 3129
f 3129 3126 3125
f 3126 3127 3125
f 3127 3128 3125
f 3125 3128 3029
f 3121 3118 3122
f 3118 3129 3122
f 3122 3129 3125
f 3034 3012 3013
f 3013 3017 3033
f 3033 3017 3032
f 3032 3017 3031
f 3031 3017 3030
f 3017 3014 3030
f 3030 3014 3024
f 3044 3110 3051
f 3045 3096 3044
f 3043 3042 3050
f 3042 3041 3050
f 3024 3043 3030
f 3043 3050 3030
f 3030 3050 3031
f 3050 3046 3031
f 3031 3046 3032
f 3046 3047 3032
f 3032 3047 3033
f 3047 3048 3033
f 3033 3048 3013
f 3048 3049 3013
f 3013 3049 3034
f 3045 3044 3051
f 3053 3052 3054
f 3041 3096 3050
f 3096 3045 3050
f 3050 3045 3046
f 3045 3051 3046
f 3046 3051 3047
f 3051 3052 3047
f 3047 3052 3048
f 3052 3053 3048
f 3048 3053 3049
f 3053 3054 3049
f 3049 3054 3034
f 3039 3067 3015
f 3067 3038 3015
f 3038 3037 3015
f 3037 3036 3015
f 3015 3036 3019
f 3025 3016 3035
f 3016 3019 3035
f 3019 3036 3035
f 3076 3067 3039
f 3195 3065 3066
f 3065 3071 3066
f 3066 3071 3069
f 3059 3066 3070
f 3065 3195 3071
f 3071 3064 3073
f 3064 3063 3073
f 3063 3062 3073
f 3062 3061 3073
f 3073 3061 3060
f 3073 3060 3035
f 3035 3060 3025
f 3072 3074 3073
f 3073 3074 3071
f 3074 3070 3071
f 3071 3070 3069
f 3070 3066 3069
f 3070 3074 3059
f 3035 3036 3073
f 3073 3036 3075
f 3075 3036 3037
f 3058 3059 3074
f 3074 3072 3057
f 3072 3073 3057
f 3057 3073 3075
f 3058 3074 3057
f 3076 3057 3077
f 3057 3075 3077
f 3075 3037 3077
f 3077 3037 3068
f 3068 3037 3038
f 3076 3039 3056
f 3055 3057 3056
f 3057 3076 3056
f 3076 3077 3067
f 3077 3068 3067
f 3068 3038 3067
f 3252 3274 3270
f 3825 3818 3258
f 3258 3818 3257
f 3252 3270 3258
f 3253 3835 3248
f 3835 3822 3248
f 3248 3822 3249
f 3822 3272 3249
f 3249 3272 3250
f 3272 3823 3250
f 3250 3823 3184
f 3270 3273 3258
f 3273 3825 3258
f 3251 3184 3268
f 3184 3823 3268
f 3251 3267 3252
f 3267 3271 3252
f 3271 3274 3252
f 3818 3817 3257
f 3817 3266 3257
f 3257 3266 3256
f 3254 3269 3253
f 3268 3265 3251
f 3251 3265 3267
f 3269 3264 3253
f 3264 3836 3253
f 3836 3835 3253
f 3256 3260 3255
f 3260 3820 3255
f 3820 3262 3255
f 3266 3261 3256
f 3261 3259 3256
f 3259 3263 3256
f 3256 3263 3260
f 3262 3269 3255
f 3255 3269 3254
f 3111 3674 3109
f 3674 3675 3109
f 3109 3675 3107
f 3675 3287 3107
f 3100 3290 3102
f 3290 3689 3102
f 3689 3291 3102
f 3102 3291 3672
f 3114 3672 3113
f 3113 3289 3288
f 3113 3285 3112
f 3283 3674 3111
f 3104 3677 3279
f 3288 3285 3113
f 3282 3112 3285
f 3287 3286 3107
f 3286 3676 3107
f 3676 3275 3107
f 3103 3281 3277
f 3672 3289 3113
f 3282 3284 3112
f 3112 3284 3111
f 3111 3284 3283
f 3103 3277 3104
f 3099 3290 3100
f 3277 3685 3104
f 3685 3280 3104
f 3280 3677 3104
f 3099 3104 3276
f 3276 3104 3279
f 3107 3275 3103
f 3103 3275 3281
f 3276 3278 3099
f 3099 3278 3290
f 3528 3529 3153
f 3153 3529 3154
f 3154 3529 3130
f 3538 3526 3161
f 3161 3526 3160
f 3526 3308 3160
f 3308 3527 3160
f 3160 3527 3159
f 3159 3307 3306
f 3157 3303 3153
f 3303 3528 3153
f 3159 3306 3158
f 3306 3304 3158
f 3157 3158 3302
f 3302 3158 3304
f 3529 3305 3130
f 3305 3530 3130
f 3530 3292 3130
f 3130 3292 3155
f 3156 3301 3294
f 3527 3307 3159
f 3302 3298 3157
f 3298 3512 3157
f 3157 3512 3303
f 3539 3538 3161
f 3294 3295 3156
f 3295 3300 3156
f 3156 3300 3152
f 3152 3300 3299
f 3293 3152 3297
f 3152 3299 3297
f 3155 3292 3156
f 3156 3292 3301
f 3293 3296 3152
f 3152 3296 3161
f 3161 3296 3539
f 3238 3363 3239
f 3363 3364 3239
f 3364 3324 3239
f 3239 3324 3240
f 3237 3323 3238
f 3246 3361 3245
f 3323 3319 3238
f 3319 3322 3238
f 3322 3363 3238
f 3240 3318 3244
f 3376 3360 3247
f 3247 3360 3246
f 3360 3321 3246
f 3246 3321 3361
f 3245 3361 3317
f 3235 3316 3236
f 3316 3320 3236
f 3320 3323 3236
f 3236 3323 3237
f 3317 3316 3245
f 3245 3316 3235
f 3243 3244 3318
f 3241 3315 3247
f 3315 3311 3247
f 3311 3377 3247
f 3377 3376 3247
f 3318 3313 3243
f 3313 3310 3243
f 3243 3310 3242
f 3310 3314 3242
f 3314 3309 3242
f 3309 3365 3242
f 3365 3312 3242
f 3312 3315 3242
f 3242 3315 3241
f 634 602 632
f 7310 7302 10018
f 7309 7310 10018
f 10018 10022 7309
f 7309 10022 7311
f 7313 7311 10022
f 7314 7313 10022
f 7316 7314 10022
f 7319 7318 10024
f 7318 7316 10024
f 10024 10026 7319
f 10026 7321 7319
f 10026 7322 7321
f 7326 7322 10026
f 7326 10026 10028
f 7326 10028 10032
f 7327 7326 10032
f 10032 10034 7327
f 10035 7327 10034
f 10035 10037 7327
f 10039 7325 10037
f 7325 7327 10037
f 10042 7325 10039
f 10042 10044 7325
f 7325 10044 7324
f 10049 7324 10044
f 7323 7324 10049
f 7293 7323 10046
f 7292 7293 10047
f 7293 10046 10047
f 7292 10047 10045
f 7291 10045 10043
f 10041 7291 10043
f 7290 7291 10040
f 10040 7291 10041
f 10038 7290 10040
f 10036 7290 10038
f 10033 7289 10036
f 7289 7290 10036
f 10031 7289 10033
f 7288 7289 10031
f 10030 7288 10031
f 10029 7288 10030
f 7287 7288 10029
f 10027 7287 10029
f 10025 7287 10027
f 7286 10025 10023
f 7286 10023 7285
f 7348 7285 10021
f 7357 10021 10020
f 7357 10020 10019
f 7357 10019 10017
f 10016 7356 10017
f 7356 7357 10017
f 7349 7356 10016
f 10014 7354 10015
f 7354 7353 10015
f 10015 7353 10016
f 7353 7349 10016
f 10012 7354 10014
f 10011 7361 10012
f 7361 7354 10012
f 10010 7361 10011
f 10009 7360 10010
f 7360 7361 10010
f 10005 7360 10009
f 7359 7360 10005
f 10006 7368 10005
f 7368 7359 10005
f 10004 7368 10006
f 7364 7368 10002
f 10002 7368 10004
f 10001 7367 10002
f 7367 7364 10002
f 9995 7363 9999
f 7363 10001 9999
f 7371 7372 9995
f 7372 7363 9995
f 9996 7370 9995
f 7370 7371 9995
f 9993 7370 9994
f 9994 7370 9996
f 7370 9993 10048
f 9993 7375 10048
f 10048 7375 7370
f 7376 7375 9993
f 7328 7376 9991
f 7376 9993 9991
f 7986 9920 7942
f 9920 9955 7942
f 7942 9955 7859
f 9989 7520 9955
f 7520 7859 9955
f 7520 9989 7279
f 9989 9956 7279
f 7279 9956 7284
f 7284 9956 9960
f 7283 7284 9960
f 7283 9960 9967
f 7282 7283 9967
f 7282 9967 9970
f 9973 7282 9970
f 9974 7282 9973
f 7282 9974 7281
f 9977 7281 9975
f 9975 7281 9974
f 7281 9977 7280
f 9977 9978 7280
f 9979 7280 9978
f 9979 9982 7280
f 9982 9983 7280
f 9984 7927 9983
f 7927 7521 9983
f 7521 7280 9983
f 7927 9984 9987
f 7926 7927 9987
f 7925 7926 9988
f 7926 9987 9988
f 9986 7517 9988
f 7517 7925 9988
f 7516 7517 9986
f 9986 9985 7516
f 9981 7516 9985
f 7300 7516 9981
f 9980 7300 9981
f 9976 7300 9980
f 7299 7300 9976
f 9972 7299 9976
f 7298 7299 9972
f 9969 7298 9971
f 9971 7298 9972
f 7297 7298 9969
f 9966 7297 9968
f 9968 7297 9969
f 9965 7297 9966
f 9963 7297 9965
f 9964 7296 9963
f 7296 7297 9963
f 9962 7296 9964
f 7295 7296 9961
f 9961 7296 9962
f 9961 9959 7295
f 7295 9959 9958
f 7294 7295 9958
f 7294 9958 9957
f 7294 9957 9953
f 7320 7294 9953
f 7317 7320 9953
f 7315 7317 9954
f 7317 9953 9954
f 7312 7315 9954
f 7308 7312 9954
f 7301 7308 9954
f 7307 7301 9952
f 7301 9954 9952
f 7307 9952 9947
f 7329 7307 9947
f 7342 7329 9947
f 7341 7342 9947
f 9946 7341 9948
f 9948 7341 9947
f 9945 7341 9946
f 9943 7340 9945
f 7340 7341 9945
f 9942 7340 9943
f 9941 7340 9942
f 9940 7340 9941
f 9938 7339 9939
f 9939 7339 9940
f 7339 7340 9940
f 9934 7339 9938
f 7338 7339 9934
f 9930 7338 9934
f 7337 7338 9930
f 9925 7337 9929
f 9929 7337 9930
f 9923 7336 9925
f 7336 7337 9925
f 7333 7336 9923
f 9922 9990 9923
f 9990 7334 9923
f 9923 7334 7333
f 7983 9990 9922
f 7633 7983 9921
f 7983 9922 9921
f 9924 7634 9921
f 7634 7633 9921
f 7943 7634 9924
f 7943 9924 9926
f 7943 9926 7978
f 9927 7978 9926
f 9931 7978 9928
f 9928 7978 9927
f 9932 7989 9931
f 7989 7978 9931
f 9933 7989 9932
f 9933 9935 7989
f 9937 7989 9935
f 7989 9937 7988
f 9937 9936 7988
f 9944 7988 9936
f 7987 7988 9944
f 7987 9944 9949
f 7986 7987 9949
f 7986 9949 9950
f 7986 9950 9951
f 7986 9951 9919
f 7986 9919 9920
f 10735 10736 9893
f 10736 10737 9893
f 10737 10728 9893
f 10745 10726 10739
f 10739 10726 10738
f 10726 10727 10738
f 10738 10727 10737
f 10728 10737 10727
f 10723 10724 10732
f 10732 10724 10744
f 10743 10744 10742
f 10742 10744 10724
f 10742 10725 10741
f 10741 10725 10740
f 10725 10745 10740
f 10725 10726 10745
f 10735 10729 10734
f 10730 10734 10729
f 10723 10733 10731
f 10733 10734 10731
f 10731 10734 10730
f 10733 10723 10732
f 9918 6840 6839
f 9918 9917 6840
f 6840 9917 9916
f 9915 6660 9916
f 6660 6840 9916
f 9915 9875 6660
f 6660 9875 7127
f 9875 7268 7127
f 9918 6839 9909
f 6839 6851 9909
f 6048 6049 9912
f 9912 6049 9913
f 9913 6049 6050
f 6854 6087 9912
f 9912 6087 6048
f 6851 6850 6853
f 6853 6854 9911
f 9911 6854 9912
f 6853 9910 6851
f 9910 9914 6851
f 9914 9909 6851
f 9908 6001 6003
f 9908 9907 6001
f 9907 9906 6001
f 9906 9905 6001
f 6001 9905 5998
f 9905 9904 5998
f 9904 9903 5998
f 9913 6050 9903
f 6050 6016 9903
f 9903 6016 5998
f 9908 6003 9902
f 6003 9901 9902
f 6003 6004 9901
f 9900 9901 6004
f 6005 9898 6008
f 9898 9899 6008
f 6008 9899 6004
f 6004 9899 9900
f 6497 6498 9888
f 9888 9897 6497
f 6497 9897 6500
f 6500 9897 6503
f 9897 9896 6503
f 6005 6503 9894
f 9894 6503 9895
f 6503 9896 9895
f 6492 9893 6496
f 9893 9892 6496
f 6495 6496 9892
f 9892 9891 6495
f 6495 9891 6494
f 9891 9890 6494
f 6494 9890 6493
f 9890 9889 6493
f 6493 9889 6498
f 9889 9888 6498
f 6499 9893 6492
f 6010 9887 6009
f 9887 9886 6009
f 6009 9886 6002
f 6002 9886 6006
f 6006 9886 6007
f 6007 9886 6502
f 9879 9885 5849
f 5849 9885 5847
f 9885 9884 5847
f 9884 9883 5847
f 5847 9883 5855
f 5855 9883 5996
f 9883 9882 5996
f 9880 5996 9881
f 9881 5996 9882
f 9877 5849 9878
f 5849 5848 9878
f 5848 5806 9878
f 9878 5806 5807
f 9876 5849 9877
f 9879 5849 9876
f 5807 9872 9878
f 7268 9875 5821
f 9875 9874 5821
f 5821 9874 5814
f 5814 9874 5812
f 5812 9874 5811
f 9874 9873 5811
f 5811 9873 5810
f 9873 9872 5810
f 5810 9872 5807
f 9838 7188 7181
f 9838 9837 7188
f 7188 9837 7185
f 7185 9837 9839
f 9839 9840 7184
f 9840 9841 7184
f 9841 9842 7184
f 9842 9827 7184
f 7184 9827 7180
f 9827 7179 7180
f 9838 7181 9845
f 7181 7182 9845
f 6767 6766 9854
f 6767 9854 6769
f 6769 9854 9852
f 9851 9848 6797
f 6797 9848 6789
f 6797 6787 9851
f 6787 6800 9851
f 9851 6800 9852
f 6800 6770 9852
f 9852 6770 6769
f 6789 9848 6793
f 9848 9847 6793
f 6791 9847 7183
f 7183 9847 7182
f 9847 9846 7182
f 9846 9843 7182
f 9843 9845 7182
f 9828 9857 6801
f 6801 9857 6778
f 6778 9857 6779
f 9857 9856 6779
f 9856 9854 6779
f 6779 9854 6766
f 9828 6801 9835
f 6903 9833 6727
f 6727 9833 6803
f 9833 9834 6803
f 6803 9834 6754
f 6754 9834 6802
f 9834 9835 6802
f 6802 9835 6801
f 6661 9829 9830
f 6845 6842 9831
f 6842 6841 9831
f 6841 6848 9831
f 9831 6848 9830
f 6848 6849 9830
f 6849 6852 9830
f 9830 6852 6661
f 6904 6905 9832
f 6905 6897 9832
f 9832 6897 9831
f 6897 6896 9831
f 9831 6896 6845
f 9832 9833 6904
f 6904 9833 6903
f 6661 6659 9829
f 6659 9871 9829
f 9866 9867 7175
f 9867 9868 7175
f 7175 9868 7173
f 9868 9869 7173
f 9870 7173 9869
f 9870 9865 7173
f 7173 9865 7172
f 9865 9871 7172
f 7172 9871 6659
f 7239 9862 9861
f 9861 9860 7239
f 7239 9860 7177
f 7177 9860 7178
f 9860 9864 7178
f 7178 9864 7176
f 9864 9863 7176
f 9863 9866 7176
f 7176 9866 7175
f 9862 7239 9858
f 7239 7248 9858
f 7246 9855 7251
f 9855 9856 7251
f 7251 9856 7249
f 7249 9856 7247
f 9856 7248 7247
f 9856 9859 7248
f 9859 9858 7248
f 9836 9844 7241
f 9844 9850 7241
f 7241 9850 7242
f 9850 9849 7242
f 7242 9849 7999
f 7999 9849 7243
f 7243 9849 7252
f 9849 9853 7252
f 7252 9853 7246
f 9853 9855 7246
f 7241 7240 9836
f 7240 9824 9836
f 7253 7179 9825
f 9825 7179 9826
f 9826 7179 9827
f 9825 9824 7253
f 7253 9824 7238
f 7238 9824 7250
f 7250 9824 7244
f 7244 9824 7245
f 7245 9824 7240
f 10705 10721 9791
f 10721 10720 9791
f 10720 10704 9791
f 10715 10703 10714
f 10714 10703 10713
f 10703 10712 10713
f 10712 10722 10719
f 10704 10720 10722
f 10698 10699 10708
f 10718 10708 10699
f 10699 10700 10718
f 10700 10717 10718
f 10700 10701 10717
f 10701 10702 10717
f 10717 10702 10716
f 10702 10715 10716
f 10702 10703 10715
f 10721 10705 10711
f 10705 10706 10711
f 10707 10710 10706
f 10710 10711 10706
f 10709 10710 10698
f 10698 10710 10707
f 10709 10698 10708
f 9820 9823 7254
f 9823 9822 7199
f 7199 9822 7200
f 9822 9821 7200
f 7198 7200 9821
f 9821 9777 7198
f 9820 7254 9813
f 7254 7257 9813
f 6774 6763 9818
f 9818 6763 9812
f 6782 6785 9817
f 9817 6785 9818
f 6785 6775 9818
f 9818 6775 6774
f 9814 7257 9815
f 9815 7257 9816
f 9816 7257 9817
f 7257 6782 9817
f 9814 9819 7257
f 9819 9813 7257
f 6792 9811 6790
f 9811 9810 6790
f 6790 9810 6788
f 9810 9809 6780
f 9809 9808 6780
f 6780 9808 6781
f 9808 9807 6781
f 9807 9806 6781
f 6781 9806 6768
f 6768 9806 6771
f 9806 9805 6771
f 9812 6765 6764
f 9812 6764 9805
f 6764 6771 9805
f 6765 9812 6763
f 9811 6792 9804
f 6792 6795 9804
f 6795 6799 9804
f 9804 6799 9803
f 9802 9803 6799
f 6798 9800 6799
f 9800 9801 6799
f 6799 9801 9802
f 7155 7152 9792
f 9792 9799 7155
f 7155 9799 7156
f 9799 9798 7156
f 7156 9798 7157
f 6798 7143 9800
f 9800 7143 9798
f 7143 7157 9798
f 9791 9797 7151
f 7151 9797 7150
f 9797 9796 7150
f 7149 7150 9795
f 9795 7150 9796
f 7149 9795 7148
f 9795 9794 7148
f 9794 9793 7148
f 7148 9793 7147
f 9793 9792 7147
f 7147 9792 7152
f 9791 7151 7153
f 6796 9790 6794
f 6794 9790 7145
f 7145 9790 7146
f 9790 9789 7146
f 9789 9788 7146
f 9788 7144 7146
f 7141 7144 7142
f 7144 9787 7142
f 7187 7189 9783
f 7191 9786 7190
f 9786 9785 7190
f 9785 9784 7190
f 9784 9783 7190
f 7190 9783 7189
f 7187 9783 7186
f 9783 9782 7186
f 9782 9781 7186
f 9781 9780 7186
f 7186 9780 6796
f 6796 9780 9790
f 9779 7191 7194
f 7191 7192 7194
f 9778 7191 9779
f 9786 7191 9778
f 9777 7193 7198
f 9777 9776 7193
f 7193 9776 7196
f 7196 9776 7195
f 9776 9775 7195
f 9775 7194 7195
f 10922 10902 10921
f 10902 10903 10921
f 10921 10903 10920
f 10903 10904 10920
f 10922 10901 10902
f 10899 10900 10914
f 10914 10900 10913
f 10922 10912 10901
f 10901 10912 10900
f 10912 10913 10900
f 10897 10919 10896
f 10919 10918 10896
f 10919 10897 10917
f 10897 10898 10917
f 10917 10898 10916
f 10916 10898 10915
f 10898 10899 10915
f 10915 10899 10914
f 10920 10904 10911
f 10904 10905 10911
f 10911 10905 10910
f 10905 10906 10910
f 10906 10909 10910
f 10908 10896 10907
f 10907 10896 10918
f 9772 9774 7225
f 9774 7232 7225
f 9774 9773 7232
f 7232 9773 7230
f 7230 9773 7231
f 7231 9773 7227
f 7227 9773 7210
f 7210 9773 7209
f 9773 9741 7209
f 9772 7225 9768
f 7225 7224 9768
f 6737 9770 9769
f 9770 6726 9767
f 6737 6730 9770
f 6730 6713 9770
f 6713 6724 9770
f 6724 6726 9770
f 6741 6733 9771
f 6733 6735 9771
f 9771 6735 9769
f 6735 6738 9769
f 9769 6738 6737
f 6741 9771 6744
f 6744 9771 6745
f 6745 9771 7222
f 9771 9768 7222
f 7222 9768 7224
f 9763 9766 6755
f 9766 6762 6755
f 6762 9766 6759
f 9766 9765 6759
f 6759 9765 6756
f 9765 9764 6756
f 6756 9764 6757
f 9764 9767 6757
f 6757 9767 6725
f 6725 9767 6726
f 6755 6786 9763
f 6786 9762 9763
f 9761 9760 6760
f 6760 6761 9761
f 6761 9758 9761
f 9760 9759 6760
f 9762 6786 9759
f 6786 6760 9759
f 9746 9757 6784
f 6784 9757 9756
f 6783 9756 6776
f 6776 9756 6777
f 9756 9755 6777
f 6777 9755 6772
f 6772 9755 6773
f 6773 9755 6758
f 9755 9758 6758
f 9750 7259 9752
f 9752 7259 9753
f 9753 7259 9754
f 9754 7259 9744
f 7259 7197 9744
f 9744 7197 7202
f 6784 7256 9746
f 9746 7256 9747
f 9747 7256 9748
f 7256 7255 9748
f 7255 7258 9748
f 9748 7258 9749
f 7258 7259 9749
f 9749 7259 9751
f 9751 7259 9750
f 7206 9742 7207
f 9744 7202 9743
f 9743 7202 9745
f 7202 7203 9745
f 9745 7205 7207
f 7206 7207 9742
f 7207 9738 9742
f 7209 9741 7201
f 7201 9741 7204
f 9741 9740 7204
f 9740 9739 7204
f 7204 9739 7208
f 9739 9738 7208
f 7208 9738 7207
f 7588 9734 7511
f 7588 7908 9734
f 7908 7493 9734
f 9736 7493 7904
f 7493 7908 7904
f 7904 7492 9736
f 9736 7492 7493
f 7491 9735 7493
f 9735 7491 7494
f 7494 7504 9735
f 7504 7493 9735
f 9737 7493 7501
f 7493 7504 7501
f 7501 7510 9737
f 9737 7510 7493
f 7511 9734 7493
f 10335 10361 10334
f 10361 10355 10334
f 10336 10360 10335
f 10335 10360 10361
f 10337 10359 9726
f 10359 10360 9726
f 9726 10360 10336
f 10330 10331 10350
f 10350 10331 10358
f 10358 10331 10357
f 10331 10332 10357
f 10333 10356 10332
f 10332 10356 10357
f 10333 10362 10356
f 10333 10334 10362
f 10362 10334 10355
f 10345 10341 10354
f 10341 10340 10354
f 10340 10342 10354
f 10343 10353 10342
f 10353 10354 10342
f 10351 10352 10344
f 10344 10352 10343
f 10352 10353 10343
f 10330 10350 10344
f 10350 10351 10344
f 10359 10337 10349
f 10337 10348 10349
f 10337 10338 10348
f 10348 10338 10347
f 10338 10339 10347
f 10347 10339 10346
f 10339 9720 10346
f 10346 9720 10341
f 10346 10341 10345
f 7911 9733 9714
f 7911 7913 9733
f 7913 9728 9733
f 7913 9732 9728
f 9732 7913 9729
f 9729 7913 9730
f 7913 7912 9730
f 7912 7914 9730
f 9730 7914 9731
f 9721 9727 7485
f 9727 9726 7485
f 7485 9726 7920
f 9726 9725 7920
f 7914 7915 9731
f 9731 7915 9722
f 9722 7915 9723
f 9723 7915 9724
f 9724 7915 9725
f 7489 9716 10341
f 7483 7487 9719
f 9719 7487 9720
f 9720 7487 10341
f 7487 7489 10341
f 7485 7486 9721
f 9721 7486 9718
f 7486 7482 9718
f 7482 7483 9718
f 9718 7483 9719
f 7489 7490 9717
f 9717 7490 9715
f 9717 9716 7489
f 7490 7488 9715
f 10328 10311 10327
f 10311 10312 10327
f 10326 10327 10298
f 10298 10327 10312
f 10325 10326 10297
f 10297 10326 10298
f 10320 10305 10324
f 10305 10306 10324
f 10323 10324 10306
f 10306 10307 10323
f 10307 10308 10323
f 9704 10323 10308
f 10328 10322 10311
f 10311 10322 10310
f 10310 10322 10309
f 10309 10322 9704
f 9704 10322 10323
f 10317 10300 10321
f 10300 10301 10321
f 10301 10302 10321
f 10321 10302 10329
f 10302 10303 10329
f 10303 10304 10320
f 10304 10305 10320
f 10297 10313 10325
f 10325 10313 10319
f 10313 10314 10319
f 10314 10316 10318
f 10318 10316 10317
f 10300 10317 10299
f 10299 10317 10315
f 10315 10317 10316
f 7930 9713 7918
f 9713 9695 7918
f 7930 7518 9713
f 7518 9712 9713
f 9711 9712 7476
f 9712 7518 7476
f 7476 7512 9711
f 7512 9710 9711
f 9708 9710 7512
f 7478 7479 9709
f 9709 9708 7478
f 7478 9708 7477
f 9708 7512 7477
f 9702 9707 7484
f 7484 9707 7480
f 9707 9706 7480
f 7480 9706 7481
f 7481 9706 7479
f 9706 9709 7479
f 9698 9705 7917
f 7917 9705 7916
f 9705 9704 7916
f 7916 9704 7921
f 9704 9703 7921
f 9703 10307 7921
f 10307 9702 7921
f 7921 9702 7922
f 7922 9702 7484
f 9699 7919 9700
f 9700 7919 9701
f 7919 7918 9701
f 9701 7918 9696
f 9697 9698 7917
f 9699 9697 7919
f 9697 7917 7919
f 7918 9695 9696
f 10684 10697 9670
f 10697 10696 9670
f 10696 10683 9670
f 10692 10681 10691
f 10681 10682 10691
f 10691 10682 10690
f 10683 10696 10682
f 10696 10690 10682
f 10676 10677 10687
f 10687 10677 10695
f 10679 10694 10678
f 10678 10695 10677
f 10679 10680 10693
f 10693 10680 10692
f 10680 10681 10692
f 10697 10684 10689
f 10684 10685 10689
f 10686 10688 10685
f 10688 10689 10685
f 10686 10676 10688
f 10688 10676 10687
f 9690 9694 6714
f 9694 6715 6714
f 9694 9693 6715
f 6637 6636 9692
f 6636 6639 9692
f 6639 6647 9692
f 6647 6715 9692
f 9692 6715 9693
f 9692 9691 6637
f 6637 9691 6640
f 6640 9691 7217
f 7217 9691 7215
f 9691 7212 7215
f 9691 9652 7212
f 7212 9652 7213
f 9690 6714 9685
f 6714 6718 9685
f 6728 6729 9689
f 6723 6728 9688
f 9688 6728 9689
f 6718 6717 9687
f 6717 6720 9687
f 9687 6720 9688
f 6720 6719 9688
f 9688 6719 6723
f 9687 9686 6718
f 6732 6736 9679
f 6748 9684 6746
f 6742 6746 6743
f 6746 9683 6743
f 6743 9683 6739
f 9683 9682 6739
f 6739 9682 6740
f 9682 9681 6740
f 9681 9680 6740
f 9680 9679 6740
f 6740 9679 6734
f 6734 9679 6736
f 6732 9679 6731
f 9679 9689 6731
f 6731 9689 6729
f 9684 6748 9678
f 6748 6749 9678
f 9678 6749 9677
f 9676 9677 6749
f 9671 9674 6752
f 9674 9675 6752
f 6752 9675 6749
f 6749 9675 9676
f 7165 7166 9665
f 9665 9673 7165
f 7165 9673 7168
f 7168 9673 7170
f 9671 7170 9672
f 7164 9670 7163
f 9670 9669 7163
f 7162 7163 9669
f 9669 9668 7162
f 7162 9668 7161
f 9668 9667 7161
f 7161 9667 7160
f 9667 9666 7160
f 7160 9666 7166
f 9666 9665 7166
f 9670 7164 7167
f 9661 9664 6753
f 9664 9663 6753
f 6753 9663 6747
f 6747 9663 6750
f 6750 9663 6751
f 9663 9662 6751
f 6751 9662 7158
f 7158 9662 7159
f 7229 7233 9657
f 9653 9660 7226
f 7226 9660 7234
f 9660 9659 7234
f 9659 9658 7234
f 7234 9658 7233
f 9658 9657 7233
f 7229 9657 7228
f 9657 9656 7228
f 7228 9656 7223
f 7223 9656 7221
f 7221 9656 6753
f 6753 9656 9661
f 9654 7220 9655
f 7220 7235 9655
f 7216 7218 9654
f 7211 7216 9653
f 9652 9651 7213
f 9651 7214 7213
f 7214 9651 7219
f 9651 9650 7219
f 7219 9650 7236
f 9650 9649 7236
f 7236 9649 7237
f 9649 9655 7237
f 5999 9647 5994
f 5994 9647 5995
f 9647 9648 5995
f 5995 9648 5991
f 5991 9648 6017
f 6017 9648 6505
f 9648 9641 6505
f 9616 6567 9641
f 6567 6504 9641
f 6504 6505 9641
f 9644 6014 6013
f 9644 9645 6014
f 6014 9645 6011
f 9645 9646 6011
f 6011 9646 6000
f 9646 9647 6000
f 6000 9647 5999
f 5986 5984 9642
f 5984 5985 9642
f 9642 5985 5987
f 9642 9643 5986
f 5986 9643 6211
f 6013 6215 9644
f 9644 6215 9643
f 6215 6216 9643
f 9643 6216 6211
f 9634 9635 5972
f 5972 9635 5971
f 9635 9636 5971
f 9636 9637 5971
f 5971 9637 5970
f 9637 9638 5970
f 5970 9638 5969
f 9638 9639 5969
f 5969 9639 5981
f 9639 9640 5981
f 5981 9640 5980
f 9632 5975 9629
f 5975 5977 9629
f 9629 5977 9627
f 5972 5973 9634
f 9634 5973 9632
f 5973 5974 9632
f 5974 5975 9632
f 5968 5979 9624
f 5979 5983 9624
f 9624 5983 5982
f 9624 9623 5968
f 9623 9617 5968
f 9617 9625 5968
f 5968 9625 5978
f 9625 9627 5978
f 5978 9627 5976
f 5976 9627 5977
f 9620 6051 6052
f 6051 9620 5997
f 5997 9620 6012
f 6012 9620 6015
f 9620 9619 6015
f 6015 9619 6213
f 9619 9621 6213
f 6213 9621 6214
f 9621 9622 6214
f 6214 9622 6212
f 5982 6212 9624
f 9622 9624 6212
f 6074 9626 6073
f 6054 6053 9618
f 6053 6067 9618
f 9618 6067 6066
f 6066 6072 9626
f 6072 6073 9626
f 9618 9620 6054
f 6054 9620 6052
f 6085 6556 9633
f 6085 9633 6086
f 6086 9633 6055
f 9633 9631 6055
f 6055 9631 6084
f 6084 9631 6082
f 6082 9631 6083
f 9631 9630 6083
f 6083 9630 9628
f 6080 9628 6075
f 9628 6074 6075
f 6075 6074 6076
f 9616 9615 6567
f 6567 9615 6563
f 9615 9614 6563
f 6563 9614 6559
f 6559 9614 6562
f 9614 9613 6562
f 6562 9613 6556
f 6555 9577 9578
f 9578 6561 6555
f 9578 9579 6561
f 6561 9579 6560
f 9579 9580 6560
f 9580 9582 6560
f 6560 9582 6554
f 9581 9567 6553
f 9582 9581 6554
f 9581 6553 6554
f 9577 6555 9585
f 6555 6557 9585
f 6034 9592 6033
f 9591 9588 6558
f 6558 6033 9591
f 9591 6033 9590
f 9590 6033 9592
f 9588 9587 6558
f 6558 9587 6557
f 9587 9586 6557
f 9586 9583 6557
f 9583 9585 6557
f 9568 9598 6036
f 6036 9598 6035
f 6035 9598 6034
f 9598 9597 6034
f 9597 9596 6034
f 9596 9592 6034
f 9568 6036 9575
f 9572 9573 6096
f 9573 6097 6096
f 6097 9573 6024
f 6024 9573 6045
f 6045 9573 6044
f 6044 9573 6041
f 6041 9573 6039
f 9573 9574 6039
f 6039 9574 6040
f 6040 9574 6037
f 9574 9575 6037
f 6037 9575 6036
f 6104 9569 9570
f 6102 6101 9571
f 6101 6104 9571
f 9571 6104 9570
f 6099 6102 9572
f 9572 6102 9571
f 6099 9572 6096
f 6104 6089 9569
f 6089 9612 9569
f 9607 9608 6552
f 9608 9609 6552
f 6552 9609 6551
f 9609 9610 6551
f 9611 6551 9610
f 9611 9606 6551
f 6551 9606 6549
f 9606 9612 6549
f 6549 9612 6089
f 6569 9603 9602
f 6569 9602 6570
f 9602 9601 6570
f 6570 9601 6565
f 6565 9601 6566
f 9601 9605 6566
f 6566 9605 6564
f 9605 9604 6564
f 9604 9607 6564
f 6564 9607 6552
f 9603 6569 9599
f 6569 6577 9599
f 9595 9600 6580
f 6580 9600 6579
f 9600 9599 6579
f 6579 9599 6577
f 9576 9584 6572
f 9584 9589 6572
f 6572 9589 6573
f 9589 9593 6573
f 6573 9593 6574
f 6574 9593 6581
f 9593 9594 6581
f 6581 9594 6580
f 9594 9595 6580
f 6572 6571 9576
f 6571 9564 9576
f 9565 6584 9566
f 9566 6584 9567
f 6584 6583 9567
f 9567 6583 6553
f 9565 9564 6584
f 6584 9564 6582
f 6582 9564 6568
f 6568 9564 6578
f 6578 9564 6575
f 6575 9564 6576
f 6576 9564 6571
f 9561 9560 6148
f 9560 9559 6148
f 9559 9558 6148
f 9558 9562 6148
f 9562 9557 6148
f 6148 9557 9556
f 9556 9563 6134
f 6134 9563 6137
f 6137 9563 6144
f 6144 9563 6164
f 6164 9563 9555
f 6209 6166 9541
f 9541 6166 9555
f 6166 6165 9555
f 9555 6165 6164
f 6119 9554 6160
f 6160 9554 6155
f 6149 6152 9553
f 9553 6152 9554
f 6152 6153 9554
f 9554 6153 6155
f 9551 6150 9552
f 9552 6150 9553
f 9553 6150 6149
f 9551 9561 6150
f 6150 9561 6148
f 6121 9549 6120
f 9549 9548 6120
f 9548 9547 6120
f 9547 9546 6120
f 9546 9545 6120
f 9545 9550 6120
f 9550 9544 6120
f 6120 9544 9543
f 9543 9542 6115
f 6115 9542 6118
f 6118 9542 6119
f 9542 9554 6119
f 6209 9541 6205
f 6205 9541 6207
f 6207 9541 6208
f 9541 9540 6208
f 9540 6188 6208
f 6188 9539 6174
f 6174 9539 6187
f 9539 9549 6187
f 6187 9549 6185
f 6185 9549 6121
f 6093 9527 9526
f 9525 6094 9526
f 9526 6094 6093
f 9525 9538 6094
f 6094 9538 6092
f 9538 9537 6092
f 6092 9537 6090
f 9537 9523 6090
f 6090 9523 6091
f 6091 9523 6108
f 9523 6550 6108
f 9527 6093 9536
f 6093 6103 9536
f 6136 9532 6135
f 9532 9533 6135
f 6100 9533 6106
f 9533 9534 6106
f 6106 9534 6107
f 9534 9535 6107
f 6107 9535 6105
f 9535 9536 6105
f 6105 9536 6103
f 9530 9528 5903
f 9528 6142 5903
f 9528 9529 6142
f 9529 9531 6142
f 6142 9531 6139
f 9531 9532 6139
f 6136 6138 9532
f 6139 9532 6138
f 5903 5899 9530
f 5899 9519 9530
f 9523 9522 6550
f 6550 9522 6547
f 6547 9522 6548
f 9522 9521 6548
f 6542 6541 9524
f 6541 6548 9524
f 9524 6548 9521
f 9524 9520 6542
f 6542 9520 6545
f 9520 9519 6545
f 6545 9519 5899
f 10184 10181 10166
f 10166 10167 10184
f 10167 10168 10184
f 10184 10169 10183
f 10169 10170 10183
f 10170 10171 10183
f 10183 10171 10182
f 10174 10166 10175
f 10166 10181 10175
f 10182 10171 10180
f 10180 10171 10179
f 10177 10178 10173
f 10173 10178 10172
f 10172 10178 10179
f 10173 10174 10177
f 10177 10174 10176
f 10176 10174 10175
f 9516 9518 6143
f 6143 9518 6132
f 6132 9518 6133
f 6131 6133 9483
f 9483 6133 9517
f 9517 6133 9518
f 6122 6131 9483
f 6204 9515 9514
f 9515 6204 9506
f 9506 6204 6203
f 9516 6143 10167
f 6143 6140 10167
f 10167 6140 6145
f 6145 6146 9514
f 6146 6163 9514
f 6163 6204 9514
f 6200 9513 6198
f 9513 9512 6198
f 6198 9512 6189
f 6189 9512 6192
f 6192 9512 6197
f 9512 9511 6197
f 6197 9511 6196
f 9511 9510 6196
f 9509 9508 9510
f 9510 9508 6181
f 9508 9507 6181
f 6181 9507 6176
f 6176 9507 6177
f 9507 9506 6177
f 6177 9506 6206
f 6206 9506 6203
f 9503 9502 6546
f 9503 6546 9504
f 9504 6546 6544
f 6546 9502 6540
f 9502 9501 6540
f 6540 9501 6539
f 9501 9505 6539
f 9505 9513 6539
f 6539 9513 6200
f 9499 9498 5902
f 5902 9498 5901
f 9498 9497 5901
f 9497 9500 5901
f 5901 9500 5900
f 9500 9496 5900
f 5900 9495 6520
f 6520 9495 6543
f 9495 9504 6543
f 6543 9504 6544
f 9493 6141 9494
f 6141 9493 5904
f 9493 9492 5904
f 5904 9492 5902
f 9492 9491 5902
f 9490 9499 5902
f 9491 9490 5902
f 9494 6126 9489
f 6126 6125 9489
f 9489 6125 6127
f 6130 6126 9494
f 6141 6130 9494
f 6123 9482 9488
f 9486 6129 9487
f 6129 6123 9487
f 9487 6123 9488
f 6124 6128 9484
f 9484 6128 9485
f 9485 6128 9486
f 9486 6128 6129
f 9484 9489 6127
f 9483 9482 6122
f 9482 6123 6122
f 10895 10872 10894
f 10872 10873 10894
f 10873 10887 10894
f 10873 10874 10887
f 10887 10874 10886
f 10874 10875 10886
f 10895 10871 10872
f 10893 10869 10892
f 10869 10870 10892
f 10892 10870 10891
f 10895 10889 10871
f 10871 10889 10870
f 10889 10891 10870
f 10868 10884 10867
f 10884 10885 10867
f 10888 10869 10890
f 10890 10869 10893
f 10886 10875 10883
f 10883 10875 10882
f 10875 10876 10882
f 10876 10877 10882
f 10882 10877 10881
f 10877 10878 10881
f 10878 10879 10881
f 10881 10879 10880
f 10879 10867 10880
f 9478 9481 6201
f 9481 6202 6201
f 6202 9481 6199
f 9481 9480 6199
f 9480 9479 6199
f 9479 9450 6199
f 9450 6173 6199
f 9478 6201 9474
f 6201 6191 9474
f 6179 9476 9475
f 6184 6111 9476
f 9476 6111 9470
f 6183 6186 9476
f 9476 6186 6184
f 6179 6175 9476
f 6175 6182 9476
f 9476 6182 6183
f 6195 6194 9477
f 6194 6178 9477
f 9477 6178 9475
f 6178 6180 9475
f 9475 6180 6179
f 6195 9477 6193
f 6193 9477 6190
f 6190 9477 6191
f 9477 9474 6191
f 9469 9473 6404
f 6404 9473 6400
f 9473 9472 6400
f 6400 9472 6415
f 6415 9472 6410
f 9472 9471 6410
f 6410 9471 6411
f 9471 9470 6411
f 6411 9470 6290
f 6290 9470 6296
f 6296 9470 6292
f 6292 9470 6293
f 6293 9470 6110
f 9470 6111 6110
f 6404 6406 9469
f 6406 9468 9469
f 6394 7806 9467
f 9466 6407 9467
f 6407 6408 9467
f 9467 6408 6394
f 9466 9465 6407
f 9468 6406 9465
f 6406 6405 9465
f 9453 9463 7816
f 7816 9463 7815
f 7815 9463 7814
f 7814 9463 7811
f 7811 9463 7812
f 9463 9462 7812
f 7812 9462 7805
f 9462 9464 7805
f 7805 9464 7806
f 9464 9467 7806
f 9458 7837 9460
f 9460 7837 9461
f 9461 7837 7627
f 7837 7626 7627
f 7816 7819 9453
f 9453 7819 9455
f 9455 7819 9454
f 9454 7819 9456
f 7819 7818 9456
f 7818 7836 9456
f 9456 7836 9457
f 7836 7837 9457
f 9457 7837 9459
f 9459 7837 9458
f 6171 9451 9452
f 6168 6169 9452
f 6169 6172 9452
f 9452 6172 6171
f 7627 6210 6168
f 6171 6172 9451
f 6172 9447 9451
f 9450 9449 6173
f 6173 9449 6170
f 9449 9448 6170
f 9448 9447 6170
f 6170 9447 6172
f 10664 10665 9418
f 10665 10666 9418
f 10666 10667 9418
f 10667 10657 9418
f 10669 10655 10668
f 10655 10656 10668
f 10668 10656 10667
f 10657 10667 10656
f 10661 10651 10675
f 10651 10652 10675
f 10673 10674 10653
f 10653 10674 10652
f 10674 10675 10652
f 10653 10654 10673
f 10672 10671 10654
f 10654 10671 10673
f 10672 10654 10670
f 10654 10669 10670
f 10654 10655 10669
f 10664 10658 10663
f 10659 10663 10658
f 10651 10662 10660
f 10660 10662 10659
f 10659 10662 10663
f 10662 10651 10661
f 9446 7820 7817
f 7820 9446 7628
f 7628 9446 7629
f 9446 9445 7629
f 7623 7625 9444
f 7625 7629 9444
f 9444 7629 9445
f 9444 9443 7623
f 9443 9399 7623
f 9446 7817 9437
f 7817 7821 9437
f 9441 7830 9436
f 9439 7822 9440
f 7822 7830 9440
f 9440 7830 9441
f 7821 7822 9438
f 9438 7822 9439
f 9438 9442 7821
f 9442 9437 7821
f 7871 9435 7847
f 9435 9434 7847
f 9434 9433 7847
f 9433 9432 7847
f 7847 9432 7834
f 9432 9431 7834
f 7834 9431 7827
f 7827 9431 7828
f 9431 9430 7828
f 7828 9430 7826
f 7826 9430 7832
f 9430 9429 7832
f 9429 7830 7829
f 7829 7832 9429
f 7830 9429 9436
f 9435 7871 9428
f 7871 7870 9428
f 7870 9427 9428
f 7870 7873 9427
f 7873 7867 9427
f 9427 7867 9426
f 7867 7874 9426
f 7874 7876 9426
f 9425 9426 7876
f 7875 9422 7876
f 9422 9423 7876
f 9423 9424 7876
f 7876 9424 9425
f 7890 7888 9421
f 7890 9421 7891
f 9421 9420 7891
f 9420 9419 7891
f 7891 9419 7893
f 7875 7879 9422
f 9422 7879 9419
f 7879 7893 9419
f 7883 9418 7887
f 9418 9417 7887
f 7886 7887 9416
f 9416 7887 9417
f 9416 9415 7886
f 7886 9415 7885
f 9415 9414 7885
f 7885 9414 7884
f 7884 9414 7888
f 9414 9421 7888
f 7889 9418 7883
f 9403 9413 7869
f 7869 9413 7881
f 7881 9413 7882
f 9413 9412 7882
f 9412 9411 7882
f 9411 9410 7882
f 7877 9410 7878
f 7878 9410 7880
f 9410 9409 7880
f 7614 9408 7602
f 7602 9408 7613
f 9408 9407 7613
f 9407 9406 7613
f 7613 9406 7612
f 9406 9405 7612
f 7605 7612 9404
f 9404 7612 9405
f 9403 7608 9404
f 9404 7608 7605
f 9401 7615 9402
f 7615 7616 9402
f 7614 7615 9400
f 9400 7615 9401
f 9399 7618 7623
f 9399 9398 7618
f 7618 9398 7617
f 9398 9397 7617
f 9397 7616 7617
f 9397 9402 7616
f 7604 9349 9352
f 7604 9352 7603
f 7603 9352 7591
f 9352 9351 7591
f 7591 9351 7598
f 7598 9351 7599
f 9351 9353 7599
f 9353 7595 7599
f 7599 7595 7596
f 7595 9345 7589
f 7589 9345 7590
f 7604 7607 9349
f 7607 9350 9349
f 9360 9347 7848
f 7848 9347 7810
f 7810 9347 7824
f 7824 9347 7823
f 9347 9348 7823
f 7823 9348 7831
f 7831 9348 7825
f 7825 9348 7833
f 7833 9348 7835
f 7835 9348 7872
f 7872 9348 7868
f 7868 9348 7611
f 9348 9350 7611
f 7611 9350 7609
f 7609 9350 7610
f 9350 7607 7606
f 9350 7606 7610
f 9359 9360 7850
f 9360 7848 7850
f 9368 7855 9367
f 7855 7856 9367
f 7852 7855 9359
f 9359 7855 9368
f 7850 7849 9359
f 7849 7852 9359
f 9361 9367 7861
f 9367 7856 7861
f 9355 9361 7860
f 9361 7861 7860
f 9356 9355 7851
f 9355 7860 7851
f 9370 9371 7857
f 9371 9372 7857
f 7858 7857 9356
f 9356 7857 9372
f 7858 9356 7851
f 9370 7857 7862
f 7519 9386 9388
f 9393 7863 9378
f 9378 7863 9392
f 9392 7863 9384
f 9384 7863 9390
f 9390 7863 9388
f 9388 7863 7519
f 9370 7862 9373
f 9373 7862 9393
f 9393 7862 7863
f 7519 7522 9386
f 7522 9387 9386
f 9376 7933 9377
f 7933 7934 9377
f 9391 7928 9380
f 7928 7929 9380
f 9380 7929 9382
f 7929 7932 9382
f 9382 7932 9381
f 9381 7932 9383
f 7932 7931 9383
f 9383 7931 9379
f 7931 7933 9379
f 9379 7933 9376
f 7923 7924 9389
f 9389 7924 9385
f 7924 7928 9385
f 9385 7928 9391
f 9389 9387 7923
f 7923 9387 7522
f 7937 7936 9374
f 9374 7936 9394
f 9374 9375 7937
f 7937 9375 7935
f 9375 9377 7935
f 7935 9377 7934
f 7936 7938 9394
f 7938 9369 9394
f 9354 9369 7941
f 9369 7938 7941
f 9357 9354 7939
f 9354 7941 7939
f 7906 7907 9365
f 7940 7910 9364
f 7910 7905 9364
f 9364 7905 9365
f 7905 7906 9365
f 9357 7939 7940
f 7582 9366 9362
f 9362 7909 7582
f 9362 9363 7909
f 9363 7907 7909
f 9363 9365 7907
f 9358 9366 7585
f 9366 7582 7585
f 9346 9358 7584
f 9358 7585 7584
f 7584 7583 9346
f 7583 9341 9346
f 7590 9345 9344
f 9343 7587 9344
f 7587 7590 9344
f 9342 7586 9343
f 7586 7587 9343
f 9342 9341 7586
f 7586 9341 7583
f 10292 10293 10275
f 10294 10295 10274
f 10274 10295 10273
f 10273 10295 10287
f 10294 10274 10293
f 10274 10275 10293
f 10292 10275 10296
f 10296 10275 10291
f 10282 10269 10290
f 10269 9322 10290
f 9322 10270 10290
f 10271 10289 10270
f 10289 10290 10270
f 10287 10288 10271
f 10288 10289 10271
f 10271 10272 10287
f 10273 10287 10272
f 10286 10277 10266
f 10266 10277 10265
f 10268 10283 9333
f 10283 10284 9333
f 9333 10284 10267
f 10284 10285 10267
f 10267 10285 10266
f 10266 10285 10286
f 10268 10269 10283
f 10283 10269 10282
f 10262 10263 10278
f 10291 10275 10281
f 10275 10276 10281
f 10280 10281 10276
f 10262 10278 10276
f 10278 10279 10276
f 10279 10280 10276
f 10264 10278 10263
f 10264 10265 10278
f 10278 10265 10277
f 9340 9317 7507
f 9339 9340 7475
f 9340 7507 7475
f 9338 9339 7513
f 9339 7475 7513
f 9337 9338 7515
f 9338 7513 7515
f 7515 7514 9337
f 9337 7514 9335
f 9335 7514 9336
f 7514 6605 9336
f 9336 6605 6591
f 9332 6588 9333
f 9333 6588 9334
f 6588 6585 9334
f 6585 6599 9334
f 6599 6600 9334
f 9336 6591 9328
f 9328 6591 9329
f 9329 6591 9330
f 6591 6590 9330
f 9330 6590 9331
f 9326 9325 6601
f 6601 6603 9326
f 9326 6603 9327
f 6603 6602 9327
f 6602 6604 9327
f 9325 9324 6601
f 9324 9323 6601
f 9323 9322 6601
f 6601 9322 6600
f 9322 9334 6600
f 7474 9321 9320
f 7474 9320 9319
f 9319 9318 6167
f 6167 9318 6604
f 9318 9327 6604
f 9317 9321 7507
f 9321 7474 7507
f 7630 9316 7506
f 9316 9314 7506
f 9315 9316 7508
f 9316 7630 7508
f 9313 9315 7509
f 9315 7508 7509
f 9314 9313 7506
f 9313 7509 7506
f 9302 9312 7597
f 7597 9312 7592
f 7592 9312 7593
f 7593 9312 7624
f 9312 9311 7624
f 7624 9311 7621
f 7621 9311 7622
f 9311 9310 7622
f 9310 9309 7622
f 9309 9308 7622
f 7622 9308 7620
f 9308 9297 7620
f 9298 9307 7601
f 9307 9306 7601
f 7601 9306 7594
f 7594 9306 7600
f 7600 9306 9305
f 9305 9304 7597
f 9304 9303 7597
f 9303 9302 7597
f 9300 7901 9301
f 7901 7902 9301
f 9300 7900 7901
f 9300 9299 7900
f 9299 9298 7900
f 7900 9298 7601
f 9297 9296 7620
f 9296 9295 7620
f 7620 9295 7619
f 9295 9294 7619
f 7619 9294 7903
f 7903 9294 7902
f 9294 9301 7902
f 9293 9292 7503
f 7503 9292 7502
f 9291 7502 9292
f 9291 9290 7502
f 9290 9289 7502
f 7502 9289 7500
f 9289 9282 7500
f 9287 7497 9288
f 9287 9286 7497
f 7497 9286 7505
f 9286 9293 7505
f 9293 7503 7505
f 7498 9279 9285
f 7496 7498 9285
f 9284 7495 9285
f 7495 7496 9285
f 9284 9283 7495
f 9283 9288 7495
f 7495 9288 7497
f 7500 9282 9281
f 9281 9280 7500
f 7500 9280 7499
f 9280 9279 7499
f 7499 9279 7498
f 10260 10261 10240
f 10240 10261 10254
f 10240 10241 10260
f 10258 10259 10241
f 10241 10259 10260
f 10241 10242 10258
f 10239 10257 10238
f 10257 10247 10238
f 10256 10257 10239
f 10240 10254 10256
f 10254 10255 10256
f 10251 10252 10235
f 10235 10252 10234
f 10252 10253 10234
f 10234 10253 9270
f 9270 10253 10244
f 10235 10236 10251
f 10248 10249 10237
f 10237 10249 9273
f 10249 10250 9273
f 9273 10250 9272
f 9272 10250 10236
f 10250 10251 10236
f 10248 10237 10247
f 10237 10238 10247
f 10242 10243 10258
f 10246 10258 10243
f 10245 10246 10243
f 10233 10244 10245
f 6534 9278 6506
f 9278 9259 6506
f 9277 9278 5858
f 9278 6534 5858
f 9277 5858 5863
f 5864 9276 5894
f 9276 9275 5894
f 9275 5893 5894
f 6516 6513 9274
f 9274 9273 6516
f 6516 9273 5869
f 9273 9272 5869
f 5869 9272 5870
f 9272 10236 5870
f 5870 10236 5866
f 5866 10236 5867
f 10236 9271 5867
f 5867 9271 9270
f 5864 5867 9276
f 9276 5867 9270
f 9260 9269 6515
f 6515 9269 6514
f 9269 9268 6514
f 9268 9267 6514
f 9267 9266 6514
f 6514 9266 6513
f 9266 9265 6513
f 9265 9274 6513
f 9261 6517 9262
f 9262 6517 9263
f 6517 6518 9263
f 9263 6518 9264
f 9264 6518 9258
f 9261 9260 6517
f 6517 9260 6515
f 9259 9258 6506
f 9258 6518 6506
f 10619 10603 10604
f 10624 10625 10606
f 10606 10625 10605
f 10625 10619 10605
f 10605 10619 10604
f 10606 10607 10624
f 10624 10607 10623
f 10607 10608 10623
f 10623 10608 10609
f 10609 10610 10623
f 10610 10584 10623
f 10623 10584 10614
f 10596 10622 10595
f 10622 10615 10595
f 10596 10597 10622
f 10622 10597 10626
f 10597 10598 10626
f 10598 10621 10626
f 10598 10599 10621
f 10599 10600 10621
f 10600 10601 10621
f 10601 10602 10621
f 10621 10602 10620
f 10602 10603 10620
f 10620 10603 10619
f 10611 10588 10589
f 10590 10617 10589
f 10617 10618 10589
f 10589 10618 10611
f 10590 10591 10616
f 10615 10616 10594
f 10594 10616 10593
f 10593 10616 10592
f 10592 10616 10591
f 10594 10595 10615
f 10586 10613 10585
f 10585 10613 10584
f 10613 10614 10584
f 10587 10612 10586
f 10612 10613 10586
f 10588 10611 10587
f 5862 5861 9249
f 9249 5861 6537
f 6537 6535 9257
f 6535 6533 9257
f 9257 6533 9256
f 5889 9255 6527
f 6527 9255 6536
f 9255 9254 6536
f 6536 9254 6532
f 9254 9256 6532
f 6532 9256 6533
f 9252 5892 9253
f 9253 5892 5859
f 5892 9252 5891
f 9252 10585 5891
f 10585 9251 5891
f 9251 9250 5891
f 5891 9250 5889
f 5862 9249 5860
f 9249 9248 5860
f 9248 9247 5860
f 5860 9247 5859
f 9247 9246 5859
f 9246 9253 5859
f 6538 9236 6528
f 9236 9235 6528
f 9237 9236 6526
f 9236 6538 6526
f 9245 9237 5857
f 9237 6526 5857
f 9245 5857 5890
f 5886 5887 9241
f 5884 5885 9234
f 9234 5885 9243
f 5885 5886 9243
f 9243 5886 9241
f 9234 9244 5884
f 9245 5890 9244
f 5890 5883 9244
f 5883 5884 9244
f 5888 9239 5887
f 9239 9241 5887
f 9238 9239 6531
f 9239 5888 6531
f 9234 9242 6530
f 6529 6530 9242
f 9242 9240 6529
f 9240 9238 6529
f 6529 9238 6531
f 9235 9234 6528
f 9234 6530 6528
f 6598 6586 9233
f 9233 9232 6598
f 9232 9231 6598
f 9221 6597 9231
f 6597 6598 9231
f 6592 9222 9229
f 9228 6589 9229
f 6589 6592 9229
f 9228 9227 6589
f 9227 9226 6589
f 9225 6587 9226
f 9226 6587 6589
f 9225 9230 6587
f 9230 9233 6587
f 6587 9233 6586
f 6595 9217 9224
f 9224 6594 6595
f 6594 9224 6593
f 9224 9223 6593
f 9222 6593 9223
f 6593 9222 6592
f 6597 9221 9220
f 9219 6596 9220
f 6596 6597 9220
f 9219 9218 6596
f 9217 6595 9218
f 6595 6596 9218
f 10575 10562 10563
f 10582 10583 10565
f 10565 10583 10564
f 10564 10583 10563
f 10563 10583 10575
f 10565 10566 10582
f 10582 10566 10567
f 10567 10568 10581
f 10581 10568 10580
f 10580 10568 10579
f 10568 10549 10579
f 10561 10578 10560
f 10578 10573 10560
f 10578 10561 10577
f 10577 10562 10576
f 10576 10562 10575
f 10574 10569 10556
f 10556 10569 10555
f 10556 10557 10574
f 10559 10573 10558
f 10573 10574 10558
f 10559 10560 10573
f 10579 10549 10572
f 10551 10571 10550
f 10571 10572 10549
f 10554 10570 10553
f 10553 10570 10552
f 10552 10570 10551
f 10555 10569 10554
f 10569 10570 10554
f 5878 5879 9202
f 9202 5879 9216
f 9216 5879 9215
f 5879 6508 9215
f 9215 6508 9213
f 9213 6508 9214
f 9214 6508 9212
f 9212 6508 9211
f 6508 6509 9211
f 9203 9210 5881
f 5881 9210 6512
f 6512 9210 6511
f 6511 9210 6510
f 9210 10566 6510
f 10566 9209 6510
f 6510 9209 6509
f 9209 9211 6509
f 5873 5868 9207
f 5868 5871 9207
f 9207 5871 9208
f 5871 5865 9208
f 5865 5874 9208
f 5873 9207 5872
f 9207 9206 5872
f 9206 10550 5872
f 10550 9205 5872
f 5872 9205 5882
f 9205 9204 5882
f 5882 9204 5881
f 9204 9203 5881
f 9202 9201 5878
f 9201 9200 5878
f 5878 9200 5876
f 9200 9199 5876
f 9199 9198 5876
f 5876 9198 5874
f 9198 9208 5874
f 6088 9191 6019
f 6521 9192 6088
f 9192 9191 6088
f 9197 9192 6507
f 9192 6521 6507
f 9197 6507 5877
f 9192 9197 5880
f 9197 5877 5880
f 5875 9194 5880
f 9194 9192 5880
f 9195 9194 5896
f 9194 5875 5896
f 9195 5896 9193
f 5896 5897 9193
f 9196 9193 5898
f 9193 5897 5898
f 5898 6519 9196
f 9192 9196 6522
f 9196 6519 6522
f 9192 6522 9191
f 6522 6019 9191
f 9190 6018 6020
f 9190 9189 6018
f 6018 9189 5992
f 5992 9189 5993
f 9189 9188 5993
f 5993 9188 5990
f 9188 9177 5990
f 6523 9187 6021
f 9187 9186 6021
f 9186 9185 6021
f 9185 9184 6021
f 6021 9184 6020
f 9184 9190 6020
f 9180 6524 9181
f 9181 6524 9182
f 9182 6524 9183
f 6524 6525 9183
f 9179 6523 9180
f 6523 6524 9180
f 9179 9178 6523
f 9178 9187 6523
f 9177 9176 5990
f 5990 9176 5988
f 5988 9176 5989
f 9176 9175 5989
f 9175 9174 5989
f 5989 9174 6525
f 9174 9183 6525
f 6481 9173 5846
f 9173 9170 5846
f 5895 9172 6481
f 9172 9173 6481
f 9171 9172 5798
f 9172 5895 5798
f 9171 5798 9170
f 5798 5846 9170
f 10215 10216 10226
f 10226 10216 10232
f 10216 10203 10232
f 10232 10203 10231
f 10222 10210 10230
f 10210 9156 10230
f 9156 9157 10230
f 10214 10228 10213
f 10213 10228 10212
f 10228 10229 10212
f 10212 10229 10211
f 10211 10229 9157
f 10229 10230 9157
f 10226 10227 10215
f 10215 10227 10214
f 10227 10228 10214
f 10224 10225 10208
f 10208 10225 9160
f 9160 10225 10207
f 10225 10217 10207
f 10208 10209 10224
f 10222 10223 10209
f 10223 10224 10209
f 10209 10210 10222
f 10231 10203 10221
f 10203 10204 10221
f 10219 10220 10205
f 10205 10220 10204
f 10220 10221 10204
f 10205 10206 10219
f 10217 10218 10206
f 10218 10219 10206
f 10206 10207 10217
f 5805 9169 5797
f 9169 9149 5797
f 9169 5805 9168
f 5805 5808 9168
f 9168 5808 5851
f 5856 5850 9165
f 9165 5850 9166
f 9166 5850 9167
f 5850 5852 9167
f 10210 9164 5804
f 9164 9163 5804
f 5804 9163 9162
f 5804 9162 5854
f 9162 9161 5854
f 9161 5853 5854
f 9167 5852 9160
f 5852 5853 9160
f 5801 9150 9159
f 5800 5801 9159
f 9159 9158 5800
f 5800 9158 5799
f 9158 9157 5799
f 9157 9156 5799
f 9156 10210 5799
f 5799 10210 5804
f 5803 9148 5802
f 9148 9155 5802
f 5802 9155 9154
f 9154 9153 5802
f 9153 9152 5802
f 5802 9152 5801
f 9152 9151 5801
f 9151 9150 5801
f 9149 9148 5797
f 9148 5803 5797
f 5843 9142 9147
f 5843 9147 5842
f 9147 9146 5842
f 5841 5842 9136
f 9136 5842 9146
f 5841 9136 5832
f 5823 9138 9145
f 9144 5845 9145
f 9145 5845 5823
f 5845 9144 5844
f 9144 9143 5844
f 9142 5844 9143
f 9142 5843 5844
f 5824 5825 9141
f 9141 9140 5824
f 9140 9139 5824
f 9138 5823 9139
f 5823 5824 9139
f 5832 9136 9135
f 9134 5833 9135
f 9135 5833 5832
f 5833 9134 5826
f 5826 9134 5827
f 9134 9133 5827
f 9133 9132 5827
f 9131 5827 9132
f 9131 9137 5827
f 5827 9137 5825
f 9137 9141 5825
f 9104 7171 7275
f 5817 5818 9105
f 9105 5818 9106
f 9106 5818 9107
f 5818 5820 9107
f 5820 5819 9107
f 9107 5819 5822
f 7275 5817 9105
f 5840 9115 5816
f 9115 9113 5816
f 5816 9113 9114
f 5815 5816 9109
f 9109 5816 9111
f 9111 5816 9114
f 5822 5813 9107
f 5813 5809 9107
f 9107 5809 5815
f 9121 9118 5835
f 5837 5836 9124
f 5836 5831 9124
f 9124 5831 5828
f 9121 5837 9124
f 5835 5834 9121
f 5834 5837 9121
f 9117 5839 9118
f 5839 5838 9118
f 5838 5835 9118
f 9128 5830 9130
f 5830 7260 9130
f 9128 9127 5830
f 9127 5828 5830
f 5830 5828 5829
f 7260 7278 9130
f 7278 5785 9130
f 5788 9125 9126
f 5794 5796 9129
f 5796 5789 9129
f 9129 5789 9126
f 9126 5789 5788
f 9129 9130 5785
f 9116 9120 5792
f 9123 5791 9122
f 9122 5791 9119
f 9119 5791 9120
f 5791 5792 9120
f 5788 8006 9125
f 8006 5790 9125
f 9125 5790 9123
f 5792 5787 9116
f 9116 5787 9112
f 9104 9103 7171
f 5793 5795 9101
f 9101 5795 9102
f 5795 5786 9102
f 9102 5786 9103
f 9103 5786 7171
f 9108 5793 9101
f 10546 10547 10524
f 10524 10547 10523
f 10523 10547 10522
f 10522 10547 10539
f 10546 10524 10545
f 10524 10525 10545
f 10525 10526 10545
f 10545 10526 10527
f 10527 10512 10545
f 10545 10512 10534
f 10519 10542 10544
f 10542 10543 10544
f 10519 10520 10542
f 10542 10520 10541
f 10520 10521 10541
f 10541 10521 10540
f 10521 10522 10540
f 10540 10522 10539
f 10537 10538 10516
f 10516 10538 10528
f 10536 10517 10548
f 10518 10535 10517
f 10535 10548 10517
f 10518 10544 10535
f 10514 10532 10513
f 10532 10533 10513
f 10513 10533 10512
f 10533 10534 10512
f 10530 10531 10515
f 10515 10531 10514
f 10531 10532 10514
f 10516 10528 10515
f 10528 10529 10515
f 10515 10529 10530
f 9086 7265 9100
f 7265 7266 9100
f 9100 7266 9099
f 9099 7266 9098
f 9098 7266 9096
f 9096 7266 9097
f 7266 7267 9097
f 9097 7267 9095
f 9095 7267 9092
f 7276 7277 9094
f 7276 9094 7274
f 7274 9094 7273
f 7273 9094 7272
f 7272 9094 7271
f 9094 9093 7271
f 7271 9092 7269
f 7269 9092 7270
f 7270 9092 7267
f 7263 9080 9091
f 9090 7262 9091
f 9091 7262 7263
f 9090 9089 7262
f 7262 9089 7261
f 9089 10513 7261
f 7261 10513 7260
f 10513 9088 7260
f 9088 9087 7260
f 7260 9087 7277
f 9087 9094 7277
f 9086 9085 7265
f 7265 9085 7264
f 9085 9084 7264
f 9084 9083 7264
f 7264 9083 7263
f 9083 9082 7263
f 9082 9081 7263
f 9081 9080 7263
f 10158 10143 10165
f 10143 10144 10165
f 10165 10144 10164
f 10144 10163 10164
f 10162 10145 10161
f 10161 10145 10160
f 10160 10145 10159
f 10145 10146 10159
f 10146 10147 10159
f 10159 10147 10157
f 10150 10143 10153
f 10143 10158 10153
f 10157 10147 10156
f 10147 10148 10156
f 10149 10155 10148
f 10148 10155 10156
f 10153 10154 10150
f 10150 10154 10149
f 6461 9079 6462
f 6462 9079 6474
f 6474 9079 6476
f 9079 9078 6476
f 6476 9078 6491
f 6491 9078 6490
f 9078 9047 6490
f 6490 9047 6483
f 6483 9047 6484
f 9079 6461 9074
f 9077 9076 6261
f 6261 9076 6259
f 9076 9075 6259
f 6259 9075 6466
f 9075 9074 6466
f 6466 9074 6460
f 6460 9074 6461
f 6276 6275 9065
f 6265 6273 9073
f 6273 6274 9073
f 9073 6274 6276
f 9071 9077 6261
f 6261 6262 9071
f 9071 6262 9072
f 6262 6264 9072
f 9072 6264 9073
f 9073 6264 6265
f 6363 6365 9070
f 9070 6365 6364
f 9070 9069 6363
f 9069 6288 6363
f 9069 9068 6288
f 9068 9067 6288
f 9067 9066 6288
f 6288 9066 6283
f 6283 9066 6480
f 9066 9065 6480
f 6480 9065 6479
f 6479 9065 6275
f 6470 9064 6468
f 9064 9063 6468
f 9063 9062 6468
f 6468 9062 6342
f 9062 9061 6342
f 6342 9061 6361
f 9061 9060 6361
f 9060 9059 6361
f 6358 6352 9059
f 6352 6360 9059
f 6360 6350 9059
f 6350 6361 9059
f 6364 6357 9058
f 9058 6357 9059
f 6357 6356 9059
f 9059 6356 6358
f 6470 9057 9053
f 9055 6471 9056
f 6471 6465 9056
f 6465 6475 9056
f 9056 6475 6477
f 6470 6471 9055
f 9055 9054 6470
f 9054 9057 6470
f 9053 9064 6470
f 6487 9051 6486
f 9051 9052 6486
f 6486 9052 6485
f 9052 9056 6485
f 6485 9056 6482
f 6482 9056 6477
f 9046 9050 6489
f 6489 9050 6488
f 9050 9049 6488
f 9049 9048 6488
f 6488 9048 6487
f 9048 9051 6487
f 9047 9046 6484
f 9046 6489 6484
f 6253 8986 8989
f 8988 6252 8989
f 6252 6253 8989
f 8988 8984 6252
f 6252 8984 6251
f 8984 8991 6251
f 8991 8983 6251
f 6251 8983 6250
f 6250 8983 5929
f 8998 8997 6256
f 6256 8997 6255
f 8997 8996 6255
f 8996 8993 6255
f 8993 8994 6255
f 8994 8995 6255
f 6255 8995 6254
f 8995 8992 6254
f 8990 6254 8992
f 8990 8985 6254
f 8985 6253 6254
f 8985 8987 6253
f 8987 8986 6253
f 9007 6260 9008
f 6258 9004 6257
f 9004 9002 6257
f 9002 9000 6257
f 6257 9000 6256
f 9000 8998 6256
f 9017 6240 6239
f 6240 9017 9016
f 9016 9013 6473
f 6473 9013 6472
f 9013 9015 6472
f 6472 9015 6467
f 9015 9012 6467
f 6467 9012 6469
f 6469 9012 6464
f 6464 9012 6463
f 9012 9008 6463
f 6463 9008 6459
f 6459 9008 6260
f 6246 9026 6245
f 9026 9027 6245
f 9027 9020 6245
f 6245 9020 6244
f 6244 9020 6217
f 6217 9020 6234
f 6234 9020 6235
f 9020 9019 6235
f 6235 9019 6236
f 9019 9017 6239
f 9026 6246 9024
f 6246 6247 9024
f 5908 9029 9028
f 9025 6249 9028
f 6249 6248 9028
f 6248 5928 9028
f 9028 5928 5908
f 6247 6249 9025
f 9025 9024 6247
f 9045 9029 5905
f 9029 5908 5905
f 5919 5925 9041
f 5926 9039 5925
f 9039 9037 5925
f 9037 9041 5925
f 9041 9035 5919
f 5919 9035 5917
f 9035 9044 5917
f 5917 9044 5916
f 9044 9043 5916
f 5916 9043 5913
f 9043 9045 5913
f 5913 9045 5912
f 5912 9045 5905
f 9030 9031 5947
f 5947 9031 5944
f 5944 9031 5940
f 9031 9032 5940
f 5940 9032 5939
f 9032 9034 5939
f 5939 9034 5936
f 5936 9034 5935
f 9034 9033 5935
f 9033 9042 5935
f 5935 9042 5934
f 9042 9036 5934
f 5934 9036 5932
f 9036 9038 5932
f 5932 9038 5926
f 9040 9039 5926
f 9038 9040 5926
f 9023 9030 5949
f 9030 5947 5949
f 5949 5950 9023
f 5950 9021 9023
f 5948 9018 9022
f 9022 9021 5948
f 5948 9021 5950
f 9009 9011 5930
f 5930 9011 5931
f 9011 9010 5931
f 9010 9014 5933
f 5933 9014 5937
f 9014 5942 5937
f 5937 5942 5938
f 5938 5942 5941
f 5945 5943 5946
f 5943 9018 5946
f 5946 9018 5948
f 8982 8999 5906
f 8999 5909 5906
f 5909 8999 5910
f 5910 8999 5911
f 8999 9001 5911
f 5911 9001 5914
f 5914 9001 5915
f 9001 9003 5915
f 5915 9003 5918
f 9003 9005 5918
f 5918 9005 5920
f 5920 9005 5921
f 5921 9005 5922
f 5922 9005 5923
f 5923 9006 5924
f 8983 5927 5929
f 5927 8983 5907
f 8983 8982 5907
f 5907 8982 5906
f 8964 7032 7029
f 8952 7031 8966
f 8966 7031 8964
f 7031 7032 8964
f 7028 7031 8952
f 8967 8965 7002
f 8965 7005 7002
f 7005 8965 7006
f 8965 8980 7006
f 7006 8980 7034
f 8980 8962 7034
f 7034 8962 7033
f 8962 8963 7033
f 7033 8963 7029
f 8963 8964 7029
f 7021 8961 8969
f 7021 8969 7020
f 7020 8969 7015
f 8969 8968 7015
f 7015 8968 7016
f 7016 8968 7014
f 7010 8968 7011
f 8968 8967 7011
f 7011 8967 7002
f 7013 8955 8956
f 7017 7019 8956
f 8956 7019 7013
f 8959 7022 8957
f 7022 7018 8957
f 8957 7018 8956
f 8956 7018 7017
f 8961 7021 8959
f 7021 7022 8959
f 6837 8958 8981
f 8954 6838 8981
f 8981 6838 6837
f 7012 6833 8955
f 6833 6832 8955
f 6832 6836 8955
f 8955 6836 8954
f 8954 6836 6838
f 7013 7009 8955
f 7009 7012 8955
f 6837 6663 8958
f 6663 8960 8958
f 6667 8976 6668
f 8975 6668 8976
f 8975 8977 6668
f 6668 8977 6664
f 8977 8978 6664
f 6664 8978 6662
f 8978 8960 6662
f 6662 8960 6663
f 6625 8973 6626
f 8973 8974 6626
f 6626 8974 6624
f 8974 8972 6624
f 8972 8979 6624
f 8979 8976 6624
f 6624 8976 6623
f 8976 6667 6623
f 8973 6625 8971
f 6625 6627 8971
f 6631 8953 6630
f 6627 6629 8970
f 6629 6628 8970
f 6628 8000 8970
f 8000 6630 8970
f 8970 6630 8953
f 8952 6631 7028
f 8952 8953 6631
f 6969 8951 6968
f 8951 8950 6968
f 8950 8949 6968
f 8949 8948 6968
f 8948 8947 6968
f 6968 8947 6967
f 6967 8947 6958
f 6958 8947 6962
f 8947 8934 6962
f 6962 8934 6965
f 6965 8934 6966
f 6829 8946 6828
f 8946 8945 6828
f 6828 8945 6994
f 6994 8945 6993
f 6993 8945 6971
f 6971 8945 6972
f 6972 8945 6970
f 8945 8944 6970
f 8944 8942 6970
f 6970 8942 6969
f 8942 8943 6969
f 8943 8951 6969
f 6834 8930 6831
f 8930 8941 6831
f 6831 8941 6835
f 8941 8940 6835
f 8940 8938 6835
f 8938 8939 6835
f 8939 8937 6835
f 8937 8936 6835
f 6835 8936 6830
f 8936 8935 6830
f 8935 8946 6830
f 6830 8946 6829
f 6966 8934 6950
f 8934 8933 6950
f 6950 8933 6951
f 6951 8933 6952
f 6952 8933 6953
f 6953 8933 7008
f 7008 8933 7007
f 7007 8933 7004
f 8933 8932 7004
f 8932 8931 7004
f 8931 8930 7004
f 7004 8930 7003
f 7003 8930 6834
f 6997 8921 8919
f 6997 8919 6998
f 8919 8924 6998
f 8924 8925 6998
f 6998 8925 6673
f 8925 8913 6673
f 8913 8928 6673
f 8928 8927 6673
f 6673 8927 8929
f 8929 6672 6673
f 8929 8912 6672
f 8921 6997 8922
f 6997 6999 8922
f 7024 8918 7000
f 7000 8918 7001
f 8918 8917 7001
f 8917 8923 7001
f 7001 8923 6999
f 8923 8920 6999
f 8920 8922 6999
f 7026 7030 8914
f 8914 7030 8926
f 7025 7027 8915
f 8915 7027 8914
f 8914 7027 7026
f 7025 8915 8916
f 7024 7025 8916
f 7030 6622 8926
f 6622 8908 8926
f 8911 6670 8912
f 6670 6672 8912
f 8911 8910 6670
f 8910 8909 6670
f 6670 8909 6669
f 8909 8908 6669
f 6669 8908 6665
f 6665 8908 6666
f 6666 8908 6622
f 10843 10844 10861
f 10861 10844 10860
f 10844 10845 10860
f 10860 10846 10858
f 10858 10846 10859
f 10846 10847 10859
f 10847 10848 10859
f 10848 10849 10859
f 10859 10849 10857
f 10862 10863 10841
f 10841 10863 10840
f 10840 10863 10839
f 10841 10842 10862
f 10842 10843 10862
f 10843 10861 10862
f 10853 10864 10865
f 10853 10854 10864
f 10854 10839 10864
f 10864 10839 10863
f 10853 10865 10852
f 10849 10851 10857
f 10857 10851 10866
f 10851 10850 10866
f 10850 10852 10865
f 8898 8907 6985
f 8907 8906 6985
f 6985 8906 6984
f 8906 8905 6984
f 8905 8904 6984
f 8904 8903 6984
f 8903 8902 6984
f 6984 8902 6982
f 8902 8878 6982
f 6982 8878 6981
f 8897 8901 6995
f 8901 6992 6995
f 6992 8901 6990
f 6990 8901 6991
f 8901 8900 6991
f 8900 8899 6991
f 6991 8899 6989
f 6989 8899 6986
f 8899 8898 6986
f 6986 8898 6987
f 6987 8898 6985
f 8895 6996 10851
f 6996 6954 10851
f 10851 6954 8896
f 8897 6995 8894
f 6995 6996 8894
f 8894 6996 8895
f 8896 6960 8889
f 6961 8893 6959
f 8893 8892 6959
f 6959 8892 6955
f 8892 8891 6955
f 6955 8891 6956
f 6956 8891 6957
f 8891 8890 6957
f 6957 8890 6960
f 8890 8889 6960
f 6674 8885 8887
f 10856 6964 8888
f 8888 6964 8887
f 6964 6963 8887
f 6963 6949 8887
f 6949 6948 8887
f 6948 7023 8887
f 8887 7023 6674
f 6961 6964 8886
f 8886 6964 10856
f 8886 8893 6961
f 6674 6671 8885
f 6671 8884 8885
f 6975 8880 7091
f 8880 8883 7091
f 7091 8883 7066
f 7066 8883 7064
f 7064 8883 7060
f 8883 8882 7060
f 7060 8882 7061
f 7061 8882 7058
f 8882 8881 7058
f 7058 8881 7059
f 7059 8881 6671
f 6671 8881 8884
f 10855 6980 6977
f 10855 8879 6980
f 8880 6976 8879
f 6976 6980 8879
f 6975 6974 8880
f 6974 6976 8880
f 10855 6977 8874
f 6977 6983 8874
f 8878 8877 6981
f 6981 8877 6979
f 6979 8877 6978
f 8877 8876 6978
f 8876 8875 6978
f 6978 8875 6983
f 8875 8874 6983
f 10815 10816 10832
f 10816 10817 10832
f 10817 10831 10832
f 10831 10818 10829
f 10829 10818 10830
f 10818 10819 10830
f 10819 10820 10830
f 10820 10821 10830
f 10830 10821 10828
f 10834 10835 10812
f 10812 10835 10811
f 10811 10835 10810
f 10812 10813 10834
f 10813 10814 10834
f 10834 10814 10833
f 10814 10815 10833
f 10815 10832 10833
f 10824 10836 10837
f 10824 10825 10836
f 10825 10810 10836
f 10836 10810 10835
f 10821 10822 10828
f 10822 10823 10828
f 10828 10823 10838
f 10838 10823 10827
f 10823 10837 10827
f 6813 8873 6814
f 6814 8873 6810
f 6809 8872 6675
f 6675 8872 6710
f 6710 8872 6711
f 6711 8872 6708
f 6708 8872 6709
f 8872 8847 6709
f 6709 8847 6707
f 6820 8871 6818
f 8871 8870 6818
f 8870 8869 6818
f 8869 8868 6818
f 6818 8868 6817
f 6817 8868 6816
f 8868 6813 6816
f 6813 6814 6812
f 6819 6821 8867
f 6821 6822 8865
f 8871 6820 8866
f 8866 6820 8867
f 8867 6820 6819
f 8865 6822 8861
f 8857 8864 6824
f 8864 8863 6824
f 6824 8863 6823
f 8863 8862 6823
f 8862 8861 6823
f 6823 8861 6822
f 6988 8856 8859
f 10826 6827 8860
f 8860 6827 8859
f 6827 6826 8859
f 6826 6988 8859
f 8858 6825 10826
f 6825 6827 10826
f 6824 6825 8857
f 8858 8857 6825
f 6988 6973 8856
f 6973 8855 8856
f 8854 8853 7121
f 7121 8853 7120
f 7120 8853 7119
f 7119 8853 7082
f 8853 8852 7082
f 7082 8852 7083
f 7083 8852 6973
f 6973 8852 8855
f 8851 6712 6705
f 6712 8851 6679
f 6679 8851 6696
f 6696 8851 8850
f 6694 8849 8848
f 8849 6688 8850
f 6688 6696 8850
f 8854 7121 8848
f 7121 6693 8848
f 6693 6694 8848
f 8851 6705 8842
f 6705 6706 8842
f 8847 8846 6707
f 8846 8845 6707
f 8845 8844 6707
f 8844 8843 6707
f 6707 8843 6706
f 8843 8842 6706
f 10139 10124 10141
f 10124 10125 10141
f 10125 10126 10141
f 10126 10128 10141
f 10141 10128 10140
f 10128 10127 10140
f 10127 10129 10140
f 10140 10129 10142
f 10129 10130 10142
f 10133 10124 10136
f 10124 10139 10136
f 10142 10130 10138
f 10130 10131 10138
f 10137 10138 10132
f 10132 10138 10131
f 10136 10137 10133
f 10133 10137 10132
f 5765 8841 5764
f 5764 8841 5769
f 5769 8841 5771
f 8841 8840 5771
f 5771 8840 5784
f 5784 8840 5783
f 8840 8806 5783
f 5783 8806 5776
f 5776 8806 5777
f 8832 8839 5773
f 5773 8839 5758
f 5758 8839 5768
f 8839 8838 5768
f 8838 8837 5768
f 5768 8837 5767
f 5767 8837 5765
f 8837 8836 5765
f 8836 8841 5765
f 8835 6811 8824
f 8834 6811 8835
f 5773 5774 8832
f 8832 5774 8833
f 8833 5774 8834
f 8834 5774 6811
f 8829 5732 8830
f 8830 5732 8831
f 5732 8829 5725
f 8829 8828 5725
f 8828 5724 5725
f 8828 8827 5724
f 8827 8825 5724
f 5724 8825 6806
f 6806 8825 6815
f 6815 8825 6808
f 8825 8826 6808
f 8826 8824 6808
f 6808 8824 6811
f 8823 8822 5759
f 8822 8821 5759
f 8821 8820 5759
f 5759 8820 5745
f 8820 8819 5745
f 8819 8818 5745
f 8817 8831 5732
f 5732 5730 8817
f 5730 5729 8817
f 5729 5728 8817
f 5728 5744 8817
f 8817 5744 8818
f 8818 5744 5745
f 5761 8816 8812
f 8814 5763 8815
f 5763 5762 8815
f 5762 5770 8815
f 8815 5770 5772
f 5761 5763 8814
f 8814 8813 5761
f 8813 8816 5761
f 8812 8823 5759
f 5759 5761 8812
f 5780 8810 5779
f 8810 8811 5779
f 5779 8811 5778
f 8811 8815 5778
f 5778 8815 5775
f 5775 8815 5772
f 8805 8809 5782
f 5782 8809 5781
f 5781 8809 8808
f 8808 8807 5781
f 5781 8807 5780
f 8807 8810 5780
f 8806 8805 5777
f 8805 5782 5777
f 7682 7681 8765
f 7681 7692 8765
f 7692 7691 8765
f 8765 7691 8764
f 7691 7688 8764
f 7679 7682 8754
f 8754 7682 8765
f 8754 7675 7679
f 8754 8745 7675
f 7675 8745 7674
f 8759 7894 8760
f 8760 7894 8758
f 8759 8761 7894
f 8761 8763 7894
f 8763 7697 7894
f 8763 8764 7697
f 7694 7697 8764
f 8764 7688 7694
f 8762 7895 8753
f 8756 7894 8762
f 7894 7895 8762
f 8758 7894 8757
f 8757 7894 8755
f 7894 8756 8755
f 8749 7899 8748
f 7899 7698 8748
f 8751 7898 8750
f 8750 7898 8749
f 7898 7899 8749
f 7896 7897 8752
f 8752 7897 8751
f 7897 7898 8751
f 8752 8753 7896
f 7896 8753 7895
f 7698 7787 8748
f 7787 8778 8748
f 8789 8778 7746
f 8778 7787 7746
f 8800 8798 7750
f 8792 7749 8802
f 7749 7750 8802
f 8802 7750 8795
f 8795 7750 8801
f 8801 7750 8798
f 7747 7749 8803
f 8803 7749 8792
f 8803 8789 7747
f 7747 8789 7746
f 8790 8791 7788
f 7788 8791 7754
f 8791 8794 7754
f 7754 8794 7757
f 7757 8794 7751
f 7751 8794 7752
f 8794 8793 7752
f 8793 8797 7752
f 8797 8796 7752
f 8796 8799 7752
f 8799 7750 7752
f 8799 8800 7750
f 8779 8790 7789
f 8790 7788 7789
f 7789 7790 8779
f 7790 8788 8779
f 7534 8785 7793
f 8785 8783 7793
f 8783 8786 7793
f 7793 8786 7792
f 8786 8787 7792
f 7792 8787 7791
f 8787 8788 7791
f 7791 8788 7790
f 7538 7537 8781
f 8781 7537 8780
f 8781 8782 7538
f 7538 8782 7536
f 8782 8784 7536
f 8784 8785 7536
f 7536 8785 7533
f 8785 7534 7533
f 7537 7540 8780
f 7540 8766 8780
f 8766 7540 7539
f 8773 8774 7547
f 8774 8775 7547
f 7547 8775 7542
f 7542 8775 7543
f 8775 8769 7543
f 8769 8776 7543
f 8776 8777 7543
f 7543 8777 7541
f 7541 8777 7539
f 8770 7579 8771
f 8771 7579 8768
f 8768 7579 8767
f 7579 7671 8767
f 7578 7579 8770
f 8770 8772 7578
f 8772 7576 7578
f 8772 8773 7576
f 7576 8773 7547
f 8747 8767 7685
f 7685 7684 8747
f 7684 8746 8747
f 8745 8744 7676
f 7676 8743 7687
f 8742 7687 8743
f 7684 7686 8746
f 8746 7686 8741
f 8741 7686 8742
f 8742 7686 7687
f 7771 8740 7769
f 7769 8740 7783
f 7783 8740 7784
f 7784 8740 7785
f 8740 8739 7785
f 8739 8737 7785
f 8737 8738 7785
f 8738 8736 7785
f 7785 8736 7782
f 8736 8735 7782
f 8735 8734 7782
f 7782 8734 7774
f 7774 8734 7777
f 8734 8723 7777
f 7777 8723 7775
f 7775 8723 7786
f 8733 8732 7529
f 7529 8732 7528
f 8732 8731 7528
f 7528 8731 7526
f 8731 8729 7526
f 7526 8729 7770
f 7770 8729 7771
f 8729 8730 7771
f 8730 8740 7771
f 7535 8719 7532
f 8719 8728 7532
f 7532 8728 7531
f 8728 8727 7531
f 8727 8726 7531
f 8726 8725 7531
f 8725 8724 7531
f 7531 8724 7530
f 8724 8733 7530
f 7530 8733 7529
f 7756 7753 8719
f 7786 8723 7759
f 8723 8722 7759
f 7759 8722 7760
f 7760 8722 7758
f 8722 8721 7758
f 8721 8720 7758
f 7758 8720 7748
f 8720 8719 7748
f 7748 8719 7753
f 7756 8719 7755
f 7755 8719 7535
f 7762 8711 8709
f 7762 8709 7763
f 8709 8714 7763
f 7763 8714 7708
f 7708 8714 7714
f 7714 8714 7712
f 8714 8703 7712
f 7712 8703 7710
f 8703 8717 7710
f 8717 8716 7710
f 7710 8716 8718
f 8718 8702 7710
f 7710 8702 7711
f 7762 7766 8711
f 7766 8712 8711
f 7776 8708 7772
f 7772 8708 7773
f 8708 8707 7773
f 8707 8713 7773
f 7773 8713 7768
f 8713 8710 7768
f 8710 8712 7768
f 7768 8712 7766
f 7780 7761 8704
f 8704 7761 8715
f 7778 7779 8705
f 8705 7779 8704
f 7779 7781 8704
f 8704 7781 7780
f 7778 8705 8706
f 7776 7778 8706
f 7761 7693 8715
f 7693 8698 8715
f 8701 7717 8702
f 8702 7717 7711
f 8701 8700 7717
f 7717 8700 7680
f 8700 8699 7680
f 7680 8699 7696
f 7696 8699 7695
f 8699 8698 7695
f 7695 8698 7690
f 7690 8698 7689
f 7689 8698 7693
f 8672 6285 8696
f 6285 6284 8696
f 6284 6286 8696
f 8692 8691 6266
f 8691 8694 6266
f 6266 8694 6263
f 8694 8688 6263
f 8688 8695 6263
f 8695 8696 6263
f 6263 8696 6272
f 6272 8696 6478
f 6478 8696 6286
f 6267 8690 8693
f 8684 8686 6269
f 6269 8686 6268
f 8686 8687 6268
f 6268 8687 8689
f 8690 6267 8689
f 6267 6268 8689
f 8692 6266 8693
f 6266 6267 8693
f 6271 8684 6269
f 8673 8683 6271
f 7523 8679 6270
f 8679 8673 6270
f 6270 8673 6271
f 8677 8678 7525
f 7525 8678 7524
f 8678 8680 7524
f 7524 8680 7523
f 8680 8679 7523
f 7573 7572 8675
f 8675 8676 7573
f 7573 8676 7527
f 8676 8677 7527
f 7527 8677 7525
f 7572 7765 8675
f 8675 7765 8674
f 8682 8674 7764
f 8674 7765 7764
f 6429 8683 6430
f 8683 7804 6430
f 7767 7703 8682
f 8682 7703 8681
f 7703 7800 8681
f 8681 7794 7804
f 7764 7767 8682
f 8671 8685 6287
f 8685 6448 6287
f 6448 8685 8697
f 6448 8697 6447
f 6447 8697 6446
f 6446 8697 6423
f 6423 8697 6432
f 6432 8697 6428
f 6428 8697 6426
f 8697 8683 6426
f 6426 8683 6429
f 8672 8671 6285
f 8671 6287 6285
f 10782 10804 10805
f 10782 10783 10804
f 10804 10783 10803
f 10803 10783 10801
f 10783 10784 10801
f 10801 10784 10802
f 10784 10785 10802
f 10802 10785 10798
f 10798 10785 10799
f 10785 10786 10799
f 10778 10800 10807
f 10807 10808 10777
f 10778 10779 10806
f 10779 10780 10806
f 10780 10781 10806
f 10806 10781 10805
f 10781 10782 10805
f 10790 10791 10796
f 10791 10797 10796
f 10797 10791 10809
f 10809 10791 10808
f 10791 10792 10808
f 10792 10777 10808
f 10796 10794 10790
f 10794 10789 10790
f 583 338 445
f 445 338 444
f 338 337 444
f 337 339 444
f 457 287 456
f 287 273 456
f 273 283 456
f 283 293 456
f 456 293 455
f 455 293 454
f 454 293 453
f 293 292 453
f 453 292 452
f 463 280 289
f 289 282 463
f 463 282 462
f 462 282 461
f 282 281 461
f 461 281 460
f 281 278 460
f 460 278 459
f 367 475 331
f 475 474 331
f 331 474 330
f 474 368 330
f 368 433 377
f 329 434 477
f 329 477 323
f 323 477 308
f 308 477 309
f 477 476 309
f 309 476 312
f 312 476 336
f 358 357 435
f 357 380 435
f 435 380 478
f 380 224 478
f 478 224 397
f 345 481 334
f 334 480 322
f 480 479 321
f 321 479 392
f 393 484 383
f 383 484 352
f 484 483 352
f 352 483 341
f 341 483 342
f 342 483 351
f 351 483 373
f 483 482 373
f 373 482 145
f 482 561 145
f 489 395 488
f 395 354 488
f 488 354 487
f 487 354 486
f 354 355 486
f 355 343 486
f 486 343 485
f 343 356 485
f 260 268 271
f 271 269 260
f 271 270 269
f 270 265 269
f 269 262 260
f 260 262 263
f 267 266 268
f 268 266 271
f 266 252 271
f 271 252 264
f 252 261 264
f 434 329 432
f 329 386 432
f 432 386 433
f 345 159 481
f 481 159 613
f 159 439 613
f 439 333 618
f 618 333 438
f 438 156 437
f 156 344 437
f 344 359 437
f 437 359 436
f 436 359 435
f 359 358 435
f 485 356 443
f 356 150 443
f 442 379 556
f 379 375 556
f 556 375 353
f 441 353 560
f 353 374 560
f 560 374 440
f 440 374 561
f 374 145 561
f 469 316 451
f 451 316 450
f 450 305 449
f 305 306 448
f 448 306 447
f 447 306 446
f 306 311 446
f 311 301 446
f 5566 5564 5565
f 5586 5589 5585
f 5585 5589 5584
f 287 457 288
f 457 464 288
f 302 307 468
f 307 319 468
f 319 318 468
f 468 318 467
f 318 317 467
f 317 314 467
f 314 313 467
f 467 313 466
f 313 303 466
f 303 300 466
f 466 300 465
f 300 299 465
f 465 299 464
f 468 446 302
f 446 301 302
f 316 469 320
f 272 335 458
f 335 325 458
f 458 325 473
f 472 328 471
f 328 327 471
f 471 327 470
f 327 326 470
f 470 320 469
f 458 459 272
f 394 395 489
f 276 284 490
f 286 285 490
f 285 276 490
f 493 286 491
f 286 490 491
f 492 493 491
f 452 292 298
f 452 298 498
f 298 295 498
f 498 295 497
f 497 295 496
f 295 296 496
f 496 296 495
f 296 297 495
f 495 297 494
f 297 294 494
f 494 294 291
f 484 393 499
f 393 392 499
f 499 392 479
f 372 387 502
f 502 387 501
f 371 372 503
f 372 502 503
f 370 371 369
f 369 371 504
f 504 371 503
f 510 511 378
f 510 378 509
f 378 381 509
f 509 381 508
f 381 391 508
f 508 391 507
f 391 388 507
f 507 388 506
f 388 389 506
f 506 389 505
f 389 390 505
f 505 390 369
f 332 511 512
f 350 332 513
f 382 350 514
f 514 350 513
f 396 382 514
f 339 376 444
f 444 376 521
f 521 376 520
f 520 376 519
f 519 363 518
f 363 218 518
f 518 218 517
f 218 362 517
f 517 362 516
f 362 361 516
f 516 361 515
f 361 336 515
f 515 336 476
f 475 367 2591
f 367 366 2591
f 366 349 2591
f 2591 349 527
f 349 348 527
f 527 348 526
f 526 340 525
f 340 365 525
f 525 365 580
f 580 364 524
f 524 364 523
f 364 347 523
f 523 347 522
f 347 324 522
f 280 463 528
f 279 280 529
f 529 280 528
f 290 279 530
f 346 290 531
f 531 290 530
f 360 346 532
f 346 531 532
f 522 324 385
f 385 384 533
f 533 384 360
